run_label,problem,language,expected_szs,result,correct,time_ms,steps,worker_yields,rules_total,active_branches_max,branches_closed,branches_saturated,csp_calls,csp_succeeded,details
gamma_limit_5,AGT/AGT027^1.p,TH0,Theorem,timeout,na,2148,478,20,478,42,0,0,1,0,
gamma_limit_5,AGT/AGT027^2.p,TH0,Theorem,timeout,na,2152,1264,20,1264,132,0,0,0,0,
gamma_limit_5,AGT/AGT028^1.p,TH0,Theorem,timeout,na,2248,776,44,776,71,0,0,1,0,
gamma_limit_5,AGT/AGT028^2.p,TH0,Theorem,timeout,na,2384,4144,22,4144,389,0,0,0,0,
gamma_limit_5,AGT/AGT029^1.p,TH0,Theorem,timeout,na,2240,774,44,774,65,0,0,1,0,
gamma_limit_5,AGT/AGT030^1.p,TH0,Theorem,timeout,na,2282,935,50,935,106,0,0,0,0,
gamma_limit_5,AGT/AGT031^1.p,TH0,Theorem,timeout,na,2726,3332,14,3332,371,0,0,0,0,
gamma_limit_5,AGT/AGT031^2.p,TH0,Theorem,timeout,na,2646,3940,7,3940,282,0,0,0,0,
gamma_limit_5,AGT/AGT032^1.p,TH0,Theorem,timeout,na,2702,3253,18,3253,1175,0,0,4,0,
gamma_limit_5,AGT/AGT032^2.p,TH0,Theorem,timeout,na,2609,3849,7,3849,1832,0,0,2,0,
gamma_limit_5,AGT/AGT033^1.p,TH0,Theorem,timeout,na,2751,3609,14,3609,380,0,0,0,0,
gamma_limit_5,AGT/AGT033^2.p,TH0,Theorem,timeout,na,2358,4055,56,4055,300,0,0,0,0,
gamma_limit_5,AGT/AGT034^1.p,TH0,Theorem,timeout,na,2816,4155,14,4155,370,0,0,0,0,
gamma_limit_5,AGT/AGT034^2.p,TH0,Theorem,timeout,na,2565,3703,7,3703,273,0,0,0,0,
gamma_limit_5,AGT/AGT035^1.p,TH0,Theorem,timeout,na,2928,4868,14,4868,400,0,0,0,0,
gamma_limit_5,AGT/AGT035^2.p,TH0,Theorem,timeout,na,2338,4007,60,4007,977,0,0,4,0,
gamma_limit_5,AGT/AGT036^1.p,TH0,Theorem,timeout,na,2810,4102,14,4102,1559,0,0,2,0,
gamma_limit_5,AGT/AGT037^1.p,TH0,Theorem,timeout,na,2891,4555,14,4556,382,0,0,0,0,
gamma_limit_5,AGT/AGT037^2.p,TH0,Theorem,timeout,na,2310,3710,66,3710,294,0,0,0,0,
gamma_limit_5,AGT/AGT038^1.p,TH0,Theorem,timeout,na,2868,4462,14,4462,375,0,0,0,0,
gamma_limit_5,AGT/AGT039^1.p,TH0,Theorem,timeout,na,2785,3893,14,3893,357,0,0,0,0,
gamma_limit_5,AGT/AGT040^1.p,TH0,Theorem,timeout,na,2891,4535,14,4535,401,0,0,0,0,
gamma_limit_5,AGT/AGT041^1.p,TH0,Theorem,timeout,na,2820,4044,14,4044,311,0,0,0,0,
gamma_limit_5,ALG/ALG001^5.p,TH0,Theorem,timeout,na,2075,1429,47,1429,159,27,0,2,0,
gamma_limit_5,ALG/ALG014^7.p,TH0,Theorem,timeout,na,2881,0,0,0,1,0,0,0,0,
gamma_limit_5,ALG/ALG015^7.p,TH0,Theorem,timeout,na,6852,0,0,0,1,0,0,0,0,
gamma_limit_5,ALG/ALG016^7.p,TH0,Theorem,timeout,na,4115,0,0,0,1,0,0,0,0,
gamma_limit_5,ALG/ALG017^7.p,TH0,Theorem,timeout,na,2903,0,0,0,1,0,0,0,0,
gamma_limit_5,ALG/ALG018^7.p,TH0,Theorem,timeout,na,2155,484,32,484,31,0,0,0,0,
gamma_limit_5,ALG/ALG020^7.p,TH0,Theorem,timeout,na,2386,0,0,0,1,0,0,0,0,
gamma_limit_5,ALG/ALG021^7.p,TH0,Theorem,timeout,na,3237,0,0,0,1,0,0,0,0,
gamma_limit_5,ALG/ALG022^7.p,TH0,Theorem,timeout,na,3246,0,0,0,1,0,0,0,0,
gamma_limit_5,ALG/ALG023^7.p,TH0,Unsatisfiable,no_conjecture,na,897,,,,,,,,,
gamma_limit_5,ALG/ALG247^2.p,TH0,Theorem,thm,yes,432,39,0,39,4,1,0,1,1,
gamma_limit_5,ALG/ALG248^1.p,TH0,Theorem,timeout,na,2364,954,14,954,252,59,0,1,0,
gamma_limit_5,ALG/ALG248^2.p,TH0,CounterSatisfiable,timeout,na,2344,1660,53,1660,211,32,0,1,0,
gamma_limit_5,ALG/ALG248^3.p,TH0,Theorem,timeout,na,2347,2481,132,2481,118,49,0,0,0,
gamma_limit_5,ALG/ALG249^3.p,TH0,Theorem,timeout,na,2342,3713,283,3713,166,56,0,4,0,
gamma_limit_5,ALG/ALG250^3.p,TH0,Theorem,thm,yes,308,41,1,41,5,2,0,1,1,
gamma_limit_5,ALG/ALG251^1.p,TH0,Theorem,timeout,na,2297,591,33,591,89,0,0,1,0,
gamma_limit_5,ALG/ALG251^2.p,TH0,Theorem,timeout,na,2284,1477,116,1477,41,18,0,2,0,
gamma_limit_5,ALG/ALG251^3.p,TH0,Theorem,timeout,na,2351,1660,35,1660,356,57,0,2,0,
gamma_limit_5,ALG/ALG252^1.p,TH0,Theorem,timeout,na,2278,390,19,390,31,0,0,2,0,
gamma_limit_5,ALG/ALG252^2.p,TH0,Theorem,timeout,na,2290,1226,93,1226,53,0,0,2,0,
gamma_limit_5,ALG/ALG253^1.p,TH0,Theorem,timeout,na,2264,134,8,134,7,0,0,1,0,
gamma_limit_5,ALG/ALG253^2.p,TH0,Theorem,timeout,na,2289,1086,58,1086,72,23,0,1,0,
gamma_limit_5,ALG/ALG254^1.p,TH0,Theorem,thm,yes,482,2,0,2,1,1,0,0,0,
gamma_limit_5,ALG/ALG254^2.p,TH0,Theorem,thm,yes,262,2,0,2,1,1,0,0,0,
gamma_limit_5,ALG/ALG255^1.p,TH0,Theorem,thm,yes,559,2,0,2,1,1,0,0,0,
gamma_limit_5,ALG/ALG256^1.p,TH0,Theorem,timeout,na,2260,20,2,20,1,0,0,0,0,
gamma_limit_5,ALG/ALG256^2.p,TH0,Theorem,timeout,na,2374,3512,87,3512,206,123,0,0,0,
gamma_limit_5,ALG/ALG257^1.p,TH0,Theorem,timeout,na,2254,17,1,17,1,0,0,0,0,
gamma_limit_5,ALG/ALG257^2.p,TH0,Theorem,timeout,na,2441,4106,43,4106,411,29,0,0,0,
gamma_limit_5,ALG/ALG258^1.p,TH0,Theorem,timeout,na,2253,17,1,17,1,0,0,0,0,
gamma_limit_5,ALG/ALG258^2.p,TH0,Theorem,timeout,na,2400,5110,349,5110,366,0,0,0,0,
gamma_limit_5,ALG/ALG259^1.p,TH0,Theorem,timeout,na,2257,13,1,13,1,0,0,0,0,
gamma_limit_5,ALG/ALG259^2.p,TH0,Theorem,timeout,na,2322,2106,59,2106,212,3,0,4,0,
gamma_limit_5,ALG/ALG260^1.p,TH0,Theorem,timeout,na,2267,10,1,10,1,0,0,0,0,
gamma_limit_5,ALG/ALG260^2.p,TH0,Theorem,thm,yes,872,378,34,378,4,3,0,2,1,
gamma_limit_5,ALG/ALG261^1.p,TH0,Theorem,timeout,na,2266,11,1,11,1,0,0,0,0,
gamma_limit_5,ALG/ALG261^2.p,TH0,Theorem,timeout,na,2312,2272,169,2272,87,1,0,1,0,
gamma_limit_5,ALG/ALG262^2.p,TH0,Theorem,thm,yes,368,35,0,35,4,1,0,1,1,
gamma_limit_5,ALG/ALG263^1.p,TH0,Theorem,timeout,na,2269,14,1,14,1,0,0,0,0,
gamma_limit_5,ALG/ALG263^3.p,TH0,Theorem,timeout,na,2263,11,1,11,1,0,0,0,0,
gamma_limit_5,ALG/ALG264^1.p,TH0,Theorem,timeout,na,2262,14,1,14,1,0,0,0,0,
gamma_limit_5,ALG/ALG264^3.p,TH0,Theorem,timeout,na,2260,11,1,11,1,0,0,0,0,
gamma_limit_5,ALG/ALG265^2.p,TH0,Theorem,timeout,na,2324,1089,13,1089,219,14,0,0,0,
gamma_limit_5,ALG/ALG266^1.p,TH0,Theorem,timeout,na,2265,7,0,7,1,0,0,0,0,
gamma_limit_5,ALG/ALG266^2.p,TH0,Theorem,timeout,na,2285,334,7,334,52,0,0,1,0,
gamma_limit_5,ALG/ALG267^1.p,TH0,Theorem,timeout,na,2269,5,0,5,1,0,0,0,0,
gamma_limit_5,ALG/ALG267^2.p,TH0,Theorem,thm,yes,289,23,1,23,3,2,0,1,1,
gamma_limit_5,ALG/ALG268^1.p,TH0,Theorem,timeout,na,2265,7,0,7,1,0,0,0,0,
gamma_limit_5,ALG/ALG268^2.p,TH0,Theorem,timeout,na,2285,464,16,464,57,0,0,0,0,
gamma_limit_5,ALG/ALG268^3.p,TH0,Theorem,timeout,na,2354,1842,50,1842,173,78,0,0,0,
gamma_limit_5,ALG/ALG268^4.p,TH0,Theorem,thm,yes,526,43,2,43,4,1,0,1,1,
gamma_limit_5,ALG/ALG268^5.p,TH0,Theorem,timeout,na,2269,9,0,9,1,0,0,0,0,
gamma_limit_5,ALG/ALG268^6.p,TH0,Theorem,timeout,na,2360,1409,14,1409,161,86,0,0,0,
gamma_limit_5,ALG/ALG269^1.p,TH0,Theorem,timeout,na,2265,7,0,7,1,0,0,0,0,
gamma_limit_5,ALG/ALG269^2.p,TH0,Theorem,timeout,na,2282,458,13,458,52,0,0,2,0,
gamma_limit_5,ALG/ALG269^3.p,TH0,Theorem,timeout,na,2290,769,50,769,49,0,0,2,0,
gamma_limit_5,ALG/ALG269^4.p,TH0,CounterSatisfiable,timeout,na,2284,821,56,821,42,0,0,2,0,
gamma_limit_5,ALG/ALG270^5.p,TH0,Theorem,timeout,na,2074,1337,65,1337,78,35,0,1,0,
gamma_limit_5,ALG/ALG271^5.p,TH0,Theorem,timeout,na,2155,3474,205,3474,158,24,0,0,0,
gamma_limit_5,ALG/ALG272^5.p,TH0,Theorem,timeout,na,2150,3473,198,3473,157,24,0,0,0,
gamma_limit_5,ALG/ALG273^5.p,TH0,Theorem,timeout,na,2149,3090,195,3090,162,18,0,1,0,
gamma_limit_5,ALG/ALG274^5.p,TH0,Theorem,timeout,na,2147,4303,310,4303,117,39,0,0,0,
gamma_limit_5,ALG/ALG275^5.p,TH0,CounterSatisfiable,timeout,na,2069,5561,471,5561,104,73,0,0,0,
gamma_limit_5,ALG/ALG276^5.p,TH0,Theorem,timeout,na,2147,3607,191,3607,194,36,0,0,0,
gamma_limit_5,ALG/ALG277^5.p,TH0,Theorem,timeout,na,2148,2136,99,2136,187,18,0,2,0,
gamma_limit_5,ALG/ALG278^5.p,TH0,Theorem,timeout,na,2139,2141,107,2141,180,17,0,2,0,
gamma_limit_5,ALG/ALG279^5.p,TH0,Theorem,timeout,na,2147,2055,92,2055,188,15,0,2,0,
gamma_limit_5,ALG/ALG280^5.p,TH0,Theorem,timeout,na,2149,2076,84,2076,201,15,0,2,0,
gamma_limit_5,ALG/ALG281^5.p,TH0,Theorem,timeout,na,2121,2118,106,2118,152,24,0,2,0,
gamma_limit_5,ALG/ALG282^5.p,TH0,Theorem,timeout,na,2105,2459,140,2459,141,4,0,4,0,
gamma_limit_5,ALG/ALG283^5.p,TH0,Theorem,timeout,na,2131,2346,110,2346,175,8,0,4,0,
gamma_limit_5,ALG/ALG284^5.p,TH0,Theorem,timeout,na,2116,1780,79,1780,147,17,0,1,0,
gamma_limit_5,ALG/ALG285^5.p,TH0,Theorem,timeout,na,2122,2677,149,2677,167,10,0,2,0,
gamma_limit_5,ALG/ALG286^5.p,TH0,Theorem,timeout,na,2136,5009,315,5009,166,63,0,0,0,
gamma_limit_5,ALG/ALG287^5.p,TH0,Theorem,timeout,na,2101,4714,283,4714,152,62,0,0,0,
gamma_limit_5,ALG/ALG288^5.p,TH0,Unknown,timeout,na,2085,2477,67,2477,325,21,0,2,0,
gamma_limit_5,ALG/ALG289^5.p,TH0,Unknown,timeout,na,2084,2591,73,2591,323,39,0,2,0,
gamma_limit_5,ALG/ALG290^5.p,TH0,Theorem,timeout,na,2071,2640,92,2640,290,6,0,4,0,
gamma_limit_5,ALG/ALG291^5.p,TH0,Unknown,timeout,na,2071,2137,106,2137,169,1,0,2,0,
gamma_limit_5,ALG/ALG292^5.p,TH0,Theorem,timeout,na,2098,2454,82,2454,277,57,0,1,0,
gamma_limit_5,ALG/ALG293^5.p,TH0,Unknown,timeout,na,2092,2312,69,2312,287,3,0,2,0,
gamma_limit_5,ALG/ALG294^5.p,TH0,Theorem,timeout,na,2054,860,38,860,63,10,0,4,0,
gamma_limit_5,ALG/ALG295^5.p,TH0,Unknown,timeout,na,2075,2091,69,2091,270,35,0,1,0,
gamma_limit_5,ALG/ALG296^5.p,TH0,Unknown,timeout,na,2065,1391,24,1391,194,18,0,4,0,
gamma_limit_5,ALG/ALG297^5.p,TH0,Unknown,timeout,na,2049,1486,88,1486,99,4,0,2,0,
gamma_limit_5,ALG/ALG298^5.p,TH0,Theorem,timeout,na,2099,1906,83,1906,169,19,0,1,0,
gamma_limit_5,ALG/ALG444^1.p,TH0,Satisfiable,no_conjecture,na,257,,,,,,,,,
gamma_limit_5,ANA/ANA046^1.p,TH1,Theorem,parse_timeout,na,0,,,,,,,,,cached: parse exceeded 5000ms
gamma_limit_5,ANA/ANA047^1.p,TH1,Theorem,parse_timeout,na,0,,,,,,,,,cached: parse exceeded 5000ms
gamma_limit_5,ANA/ANA048^1.p,TH1,Theorem,parse_timeout,na,0,,,,,,,,,cached: parse exceeded 5000ms
gamma_limit_5,ANA/ANA049^1.p,TH1,Theorem,parse_timeout,na,0,,,,,,,,,cached: parse exceeded 5000ms
gamma_limit_5,ANA/ANA050^1.p,TH1,Theorem,parse_timeout,na,0,,,,,,,,,cached: parse exceeded 5000ms
gamma_limit_5,ANA/ANA051^1.p,TH1,Theorem,parse_timeout,na,0,,,,,,,,,cached: parse exceeded 5000ms
gamma_limit_5,ANA/ANA052^1.p,TH1,Theorem,parse_timeout,na,0,,,,,,,,,cached: parse exceeded 5000ms
gamma_limit_5,ANA/ANA053^1.p,TH1,Theorem,parse_timeout,na,0,,,,,,,,,cached: parse exceeded 5000ms
gamma_limit_5,ANA/ANA054^1.p,TH1,Theorem,parse_timeout,na,0,,,,,,,,,cached: parse exceeded 5000ms
gamma_limit_5,ANA/ANA055^1.p,TH1,Theorem,parse_timeout,na,0,,,,,,,,,cached: parse exceeded 5000ms
gamma_limit_5,ANA/ANA056^1.p,TH1,Theorem,parse_timeout,na,0,,,,,,,,,cached: parse exceeded 5000ms
gamma_limit_5,ANA/ANA057^1.p,TH1,Theorem,parse_timeout,na,0,,,,,,,,,cached: parse exceeded 5000ms
gamma_limit_5,ANA/ANA058^1.p,TH1,Theorem,parse_timeout,na,0,,,,,,,,,cached: parse exceeded 5000ms
gamma_limit_5,ANA/ANA059^1.p,TH1,Theorem,parse_timeout,na,0,,,,,,,,,cached: parse exceeded 5000ms
gamma_limit_5,ANA/ANA060^1.p,TH1,Theorem,parse_timeout,na,0,,,,,,,,,cached: parse exceeded 5000ms
gamma_limit_5,ANA/ANA061^1.p,TH1,Theorem,parse_timeout,na,0,,,,,,,,,cached: parse exceeded 5000ms
gamma_limit_5,ANA/ANA062^1.p,TH1,Theorem,parse_timeout,na,0,,,,,,,,,cached: parse exceeded 5000ms
gamma_limit_5,ANA/ANA063^1.p,TH1,Theorem,parse_timeout,na,0,,,,,,,,,cached: parse exceeded 5000ms
gamma_limit_5,ANA/ANA064^1.p,TH1,Theorem,parse_timeout,na,0,,,,,,,,,cached: parse exceeded 5000ms
gamma_limit_5,ANA/ANA065^1.p,TH1,Theorem,parse_timeout,na,0,,,,,,,,,cached: parse exceeded 5000ms
gamma_limit_5,ANA/ANA066^1.p,TH1,Theorem,parse_timeout,na,0,,,,,,,,,cached: parse exceeded 5000ms
gamma_limit_5,ANA/ANA067^1.p,TH1,Theorem,parse_timeout,na,0,,,,,,,,,cached: parse exceeded 5000ms
gamma_limit_5,ANA/ANA068^1.p,TH1,Theorem,timeout,na,2254,6162,0,6162,249,313,0,0,0,
gamma_limit_5,ANA/ANA069^1.p,TH1,Theorem,timeout,na,2162,4417,30,4417,258,37,0,0,0,
gamma_limit_5,ANA/ANA070^1.p,TH1,Theorem,timeout,na,2171,4450,55,4450,279,67,0,0,0,
gamma_limit_5,ANA/ANA071^1.p,TH1,Theorem,timeout,na,2174,4464,1,4464,281,60,0,0,0,
gamma_limit_5,ANA/ANA072^1.p,TH1,Theorem,timeout,na,2151,3905,30,3905,284,63,0,0,0,
gamma_limit_5,ANA/ANA073^1.p,TH1,ContradictoryAxioms,timeout,na,2221,6408,19,6408,222,145,0,0,0,
gamma_limit_5,ANA/ANA074^1.p,TH1,Theorem,timeout,na,2110,3531,32,3531,276,61,0,0,0,
gamma_limit_5,ANA/ANA075^1.p,TH1,Theorem,timeout,na,2084,2478,56,2478,205,50,0,2,0,
gamma_limit_5,ANA/ANA076^1.p,TH1,Theorem,timeout,na,2117,3801,58,3801,261,70,0,0,0,
gamma_limit_5,ANA/ANA077^1.p,TH1,Theorem,timeout,na,2093,2796,28,2796,184,114,0,0,0,
gamma_limit_5,ANA/ANA078^1.p,TH1,Theorem,timeout,na,2114,2944,0,2944,263,0,0,0,0,
gamma_limit_5,ANA/ANA079^1.p,TH1,Theorem,timeout,na,2137,3804,99,3804,648,48,0,1,0,
gamma_limit_5,ANA/ANA080^1.p,TH1,Theorem,timeout,na,2181,4634,85,4634,200,60,0,0,0,
gamma_limit_5,ANA/ANA081^1.p,TH1,Theorem,timeout,na,2188,4531,53,4531,255,39,0,0,0,
gamma_limit_5,ANA/ANA082^1.p,TH1,Theorem,timeout,na,2179,4502,26,4502,251,63,0,0,0,
gamma_limit_5,ANA/ANA083^1.p,TH1,Theorem,timeout,na,2172,4315,1,4315,260,73,0,0,0,
gamma_limit_5,ANA/ANA084^1.p,TH1,Theorem,timeout,na,2115,3767,58,3767,268,61,0,0,0,
gamma_limit_5,ANA/ANA085^1.p,TH1,ContradictoryAxioms,timeout,na,2237,6548,46,6548,214,256,0,0,0,
gamma_limit_5,ANA/ANA086^1.p,TH1,Theorem,timeout,na,2106,3392,36,3392,254,44,0,0,0,
gamma_limit_5,ANA/ANA087^1.p,TH1,Theorem,timeout,na,2086,2615,78,2615,206,52,0,2,0,
gamma_limit_5,ANA/ANA088^1.p,TH1,Theorem,timeout,na,2135,4046,53,4046,231,57,0,0,0,
gamma_limit_5,ANA/ANA089^1.p,TH1,Theorem,timeout,na,2124,3481,11,3481,225,93,0,0,0,
gamma_limit_5,ANA/ANA090^1.p,TH1,Theorem,timeout,na,2102,3185,120,3185,229,48,0,2,0,
gamma_limit_5,ANA/ANA091^1.p,TH1,Theorem,timeout,na,2168,4360,63,4360,858,78,0,1,0,
gamma_limit_5,ANA/ANA092^1.p,TH1,Theorem,timeout,na,2171,4632,54,4632,206,57,0,0,0,
gamma_limit_5,ANA/ANA093^1.p,TH1,ContradictoryAxioms,timeout,na,2045,1420,50,1420,145,23,0,1,0,
gamma_limit_5,ANA/ANA094^1.p,TH1,ContradictoryAxioms,timeout,na,2041,1374,51,1374,132,22,0,1,0,
gamma_limit_5,ANA/ANA095^1.p,TH1,Theorem,timeout,na,2053,974,28,974,138,1,0,0,0,
gamma_limit_5,ANA/ANA096^1.p,TH1,Theorem,timeout,na,2087,1474,23,1474,258,44,0,0,0,
gamma_limit_5,ANA/ANA097^1.p,TH1,Theorem,timeout,na,2060,950,36,950,145,6,0,0,0,
gamma_limit_5,ANA/ANA098^1.p,TH1,Theorem,timeout,na,2052,279,18,279,14,4,0,0,0,
gamma_limit_5,ANA/ANA099^1.p,TH1,Theorem,timeout,na,2088,1679,9,1679,283,0,0,0,0,
gamma_limit_5,ANA/ANA100^1.p,TH1,Theorem,timeout,na,2098,1479,88,1479,74,26,0,1,0,
gamma_limit_5,ANA/ANA101^1.p,TH1,Theorem,timeout,na,2118,2789,1,2789,282,0,0,0,0,
gamma_limit_5,ANA/ANA102^1.p,TH1,Theorem,timeout,na,2181,3201,4,3201,301,58,0,0,0,
gamma_limit_5,ANA/ANA103^1.p,TH1,Theorem,timeout,na,2056,501,22,501,56,0,0,1,0,
gamma_limit_5,ANA/ANA104^1.p,TH1,ContradictoryAxioms,timeout,na,2093,491,1,491,79,14,0,0,0,
gamma_limit_5,ANA/ANA105^1.p,TH1,Theorem,timeout,na,2135,2769,1,2769,295,0,0,0,0,
gamma_limit_5,ANA/ANA106^1.p,TH1,Theorem,timeout,na,2115,2503,1,2503,279,0,0,0,0,
gamma_limit_5,ANA/ANA107^1.p,TH1,Theorem,timeout,na,2149,5200,0,5200,256,0,0,0,0,
gamma_limit_5,ANA/ANA108^1.p,TH1,Theorem,timeout,na,2171,4751,54,4751,212,96,0,0,0,
gamma_limit_5,ANA/ANA109^1.p,TH1,Theorem,timeout,na,2302,6358,2,6358,149,304,0,0,0,
gamma_limit_5,ANA/ANA110^1.p,TH1,Theorem,timeout,na,2059,1267,54,1267,146,0,0,0,0,
gamma_limit_5,ANA/ANA111^1.p,TH1,Theorem,timeout,na,2061,1269,54,1269,145,0,0,0,0,
gamma_limit_5,ANA/ANA112^1.p,TH1,Theorem,timeout,na,2151,2851,1,2851,248,237,0,0,0,
gamma_limit_5,ANA/ANA113^1.p,TH1,Theorem,timeout,na,2090,3143,96,3143,215,39,0,0,0,
gamma_limit_5,ANA/ANA114^1.p,TH1,CounterSatisfiable,timeout,na,2055,2085,121,2085,156,0,0,1,0,
gamma_limit_5,ANA/ANA115^1.p,TH1,Theorem,timeout,na,2148,4546,0,4546,247,0,0,0,0,
gamma_limit_5,ANA/ANA116^1.p,TH1,Theorem,timeout,na,2022,55,5,55,1,0,0,0,0,
gamma_limit_5,ANA/ANA117^1.p,TH1,Theorem,timeout,na,2095,800,45,793,48,20,0,1,0,
gamma_limit_5,ANA/ANA118^1.p,TH1,Theorem,timeout,na,2085,1490,0,1490,186,102,0,0,0,
gamma_limit_5,ANA/ANA119^1.p,TH1,Theorem,timeout,na,2127,2872,1,2872,193,87,0,0,0,
gamma_limit_5,ANA/ANA120^1.p,TH1,Theorem,timeout,na,2046,721,33,721,56,0,0,1,0,
gamma_limit_5,ANA/ANA121^1.p,TH1,Theorem,timeout,na,2060,964,46,964,70,0,0,1,0,
gamma_limit_5,ANA/ANA122^1.p,TH1,Theorem,timeout,na,2038,1484,114,1484,39,15,0,0,0,
gamma_limit_5,ANA/ANA123^1.p,TH1,Theorem,thm,yes,6,3,0,3,1,1,0,0,0,
gamma_limit_5,ANA/ANA124^1.p,TH1,Theorem,timeout,na,2027,1513,129,1513,18,15,0,6,0,
gamma_limit_5,ANA/ANA125^1.p,TH0,Theorem,timeout,na,2090,2995,90,2995,388,19,0,3,0,
gamma_limit_5,ANA/ANA126^1.p,TH0,Theorem,timeout,na,2085,3059,75,3059,361,45,0,2,0,
gamma_limit_5,ANA/ANA127^1.p,TH0,Theorem,timeout,na,2077,2876,179,2876,321,15,0,2,0,
gamma_limit_5,ANA/ANA128^1.p,TH1,Theorem,timeout,na,2048,324,14,324,40,4,0,2,0,
gamma_limit_5,ANA/ANA129^1.p,TH0,Theorem,timeout,na,2055,1869,116,1869,139,0,0,2,0,
gamma_limit_5,ANA/ANA130^1.p,TH1,Theorem,timeout,na,2095,1798,98,1798,152,4,0,1,0,
gamma_limit_5,ANA/ANA131^1.p,TH1,Theorem,timeout,na,2026,407,17,407,32,0,0,1,0,
gamma_limit_5,ANA/ANA132^1.p,TH1,Theorem,timeout,na,2051,534,18,534,43,6,0,1,0,
gamma_limit_5,CAT/CAT038^1.p,TH0,Theorem,timeout,na,2053,3073,124,3073,336,29,0,1,0,
gamma_limit_5,CAT/CAT038^2.p,TH0,Theorem,timeout,na,2053,2954,125,2954,301,35,0,1,0,
gamma_limit_5,CAT/CAT039^1.p,unknown,Theorem,parser_error,na,0,,,,,,,,,cached: Syntax Error: expected ' ' or ']' in !> binder  got [{:colon  ":"  1679}  {:atom  "obj"  1681}  {:rbracket  "]"  1684}  {:colon  ":"  1686}  {:lparen  "("  1688}  {:atom  "mor"  1690}  {:app  "@"  169
gamma_limit_5,CAT/CAT040^1.p,unknown,Theorem,parser_error,na,0,,,,,,,,,cached: Syntax Error: expected ' ' or ']' in !> binder  got [{:colon  ":"  1679}  {:atom  "obj"  1681}  {:rbracket  "]"  1684}  {:colon  ":"  1686}  {:lparen  "("  1688}  {:atom  "mor"  1690}  {:app  "@"  169
gamma_limit_5,CAT/CAT041^1.p,unknown,Theorem,parser_error,na,0,,,,,,,,,cached: Syntax Error: expected ' ' or ']' in !> binder  got [{:colon  ":"  1679}  {:atom  "obj"  1681}  {:rbracket  "]"  1684}  {:colon  ":"  1686}  {:lparen  "("  1688}  {:atom  "mor"  1690}  {:app  "@"  169
gamma_limit_5,CAT/CAT042^1.p,unknown,Theorem,parser_error,na,0,,,,,,,,,cached: Syntax Error: expected ' ' or ']' in !> binder  got [{:colon  ":"  1679}  {:atom  "obj"  1681}  {:rbracket  "]"  1684}  {:colon  ":"  1686}  {:lparen  "("  1688}  {:atom  "mor"  1690}  {:app  "@"  169
gamma_limit_5,CAT/CAT043^1.p,unknown,Theorem,parser_error,na,0,,,,,,,,,cached: Syntax Error: expected ' ' or ']' in !> binder  got [{:colon  ":"  1679}  {:atom  "obj"  1681}  {:rbracket  "]"  1684}  {:colon  ":"  1686}  {:lparen  "("  1688}  {:atom  "mor"  1690}  {:app  "@"  169
gamma_limit_5,COL/COL125^1.p,TH0,Unknown,timeout,na,2478,0,0,0,1,0,0,0,0,
gamma_limit_5,COL/COL126^1.p,TH0,Unknown,timeout,na,2490,0,0,0,1,0,0,0,0,
gamma_limit_5,COM/COM024^5.p,TH0,Theorem,timeout,na,2062,1970,75,1970,163,7,0,4,0,
gamma_limit_5,COM/COM152^1.p,TH1,Theorem,timeout,na,3156,50,5,50,1,0,0,0,0,
gamma_limit_5,COM/COM153^1.p,TH1,Theorem,timeout,na,3024,0,0,0,1,0,0,0,0,
gamma_limit_5,COM/COM154^1.p,TH1,Theorem,timeout,na,2342,73,7,73,2,0,0,0,0,
gamma_limit_5,COM/COM155^1.p,TH1,Theorem,timeout,na,2845,0,0,0,1,0,0,0,0,
gamma_limit_5,COM/COM156^1.p,TH1,Theorem,timeout,na,2912,0,0,0,1,0,0,0,0,
gamma_limit_5,COM/COM157^1.p,TH1,Theorem,timeout,na,3109,0,0,0,1,0,0,0,0,
gamma_limit_5,COM/COM158^1.p,TH1,Theorem,timeout,na,2279,199,14,199,8,0,0,0,0,
gamma_limit_5,COM/COM159^1.p,TH1,Theorem,timeout,na,2962,0,0,0,1,0,0,0,0,
gamma_limit_5,COM/COM160^1.p,TH1,Theorem,timeout,na,3025,0,0,0,1,0,0,0,0,
gamma_limit_5,COM/COM161^1.p,TH1,Theorem,timeout,na,2773,0,0,0,1,0,0,0,0,
gamma_limit_5,COM/COM162^1.p,TH1,Theorem,timeout,na,2333,146,14,146,1,0,0,0,0,
gamma_limit_5,COM/COM163^1.p,TH1,Theorem,thm,yes,557,2,0,2,1,1,0,0,0,
gamma_limit_5,COM/COM164^1.p,TH1,Theorem,timeout,na,2423,90,9,90,1,0,0,0,0,
gamma_limit_5,COM/COM165^1.p,TH1,Theorem,timeout,na,2407,71,6,71,2,0,0,0,0,
gamma_limit_5,COM/COM166^1.p,TH1,Theorem,timeout,na,2414,71,6,71,2,0,0,0,0,
gamma_limit_5,COM/COM167^1.p,TH1,Theorem,timeout,na,2531,91,6,91,5,0,0,0,0,
gamma_limit_5,COM/COM168^1.p,TH1,Theorem,timeout,na,2472,158,13,158,6,0,0,0,0,
gamma_limit_5,COM/COM169^1.p,TH1,Theorem,timeout,na,2468,191,10,191,8,0,0,0,0,
gamma_limit_5,COM/COM170^1.p,TH1,Theorem,timeout,na,2527,282,19,282,37,0,0,0,0,
gamma_limit_5,COM/COM171^1.p,TH1,Theorem,timeout,na,2670,79,7,79,1,0,0,0,0,
gamma_limit_5,COM/COM172^1.p,TH1,Theorem,timeout,na,2723,476,41,476,8,0,0,0,0,
gamma_limit_5,COM/COM173^1.p,TH1,Theorem,timeout,na,2764,0,0,0,1,0,0,0,0,
gamma_limit_5,COM/COM174^1.p,TH1,Theorem,timeout,na,2728,219,19,219,4,0,0,0,0,
gamma_limit_5,COM/COM175^1.p,TH1,Theorem,timeout,na,2807,0,0,0,1,0,0,0,0,
gamma_limit_5,COM/COM176^1.p,TH1,Theorem,timeout,na,2505,114,5,114,7,0,0,0,0,
gamma_limit_5,COM/COM177^1.p,TH1,Theorem,timeout,na,2657,419,31,419,36,0,0,0,0,
gamma_limit_5,COM/COM178^1.p,TH1,Theorem,timeout,na,2898,0,0,0,1,0,0,0,0,
gamma_limit_5,COM/COM179^1.p,TH1,Theorem,timeout,na,2649,510,39,510,32,0,0,0,0,
gamma_limit_5,COM/COM180^1.p,TH1,Theorem,timeout,na,2724,0,0,0,1,0,0,0,0,
gamma_limit_5,COM/COM181^1.p,TH1,Theorem,timeout,na,2660,293,22,293,16,0,0,0,0,
gamma_limit_5,COM/COM182^1.p,TH1,Theorem,timeout,na,2783,0,0,0,1,0,0,0,0,
gamma_limit_5,COM/COM183^1.p,TH1,Theorem,timeout,na,2428,265,21,265,18,0,0,0,0,
gamma_limit_5,COM/COM184^1.p,TH1,Theorem,timeout,na,2818,0,0,0,1,0,0,0,0,
gamma_limit_5,COM/COM185^1.p,TH1,Theorem,timeout,na,2812,0,0,0,1,0,0,0,0,
gamma_limit_5,COM/COM186^1.p,TH1,Theorem,timeout,na,2716,0,0,0,1,0,0,0,0,
gamma_limit_5,COM/COM187^1.p,TH1,Theorem,timeout,na,3023,0,0,0,1,0,0,0,0,
gamma_limit_5,COM/COM188^1.p,TH1,Theorem,timeout,na,2708,0,0,0,1,0,0,0,0,
gamma_limit_5,COM/COM189^1.p,TH1,Theorem,timeout,na,2755,0,0,0,1,0,0,0,0,
gamma_limit_5,COM/COM190^1.p,TH1,Theorem,thm,yes,720,1,0,1,1,1,0,0,0,
gamma_limit_5,COM/COM191^1.p,TH1,Theorem,timeout,na,2720,0,0,0,1,0,0,0,0,
gamma_limit_5,COM/COM192^1.p,TH1,Theorem,timeout,na,2910,0,0,0,1,0,0,0,0,
gamma_limit_5,COM/COM193^1.p,TH1,Theorem,timeout,na,2421,103,3,103,9,0,0,0,0,
gamma_limit_5,COM/COM194^1.p,TH1,Theorem,timeout,na,2743,0,0,0,1,0,0,0,0,
gamma_limit_5,COM/COM195^1.p,TH1,Theorem,thm,yes,1036,16,1,16,1,1,0,0,0,
gamma_limit_5,COM/COM196^1.p,TH1,Theorem,timeout,na,2445,130,8,130,8,0,0,0,0,
gamma_limit_5,COM/COM197^1.p,TH1,Theorem,timeout,na,2918,49,4,49,1,0,0,0,0,
gamma_limit_5,COM/COM198^1.p,TH1,Theorem,timeout,na,3060,7,0,7,1,0,0,0,0,
gamma_limit_5,COM/COM199^1.p,TH1,Theorem,timeout,na,3064,15,1,15,1,0,0,0,0,
gamma_limit_5,COM/COM200^1.p,TH1,Theorem,timeout,na,2517,1079,32,1080,132,0,0,0,0,
gamma_limit_5,COM/COM201^1.p,TH1,Theorem,timeout,na,2389,99,9,99,1,0,0,0,0,
gamma_limit_5,COM/COM202^1.p,TH1,Theorem,timeout,na,2810,93,9,93,1,0,0,0,0,
gamma_limit_5,COM/COM203^1.p,TH1,Theorem,timeout,na,2821,139,9,139,16,0,0,0,0,
gamma_limit_5,COM/COM204^1.p,TH1,Theorem,timeout,na,2956,0,0,0,1,0,0,0,0,
gamma_limit_5,COM/COM205^1.p,TH1,Theorem,timeout,na,2745,43,2,43,16,0,0,0,0,
gamma_limit_5,COM/COM206^1.p,TH1,Theorem,timeout,na,2905,44,4,44,1,0,0,0,0,
gamma_limit_5,COM/COM207^1.p,TH1,Theorem,timeout,na,2875,44,4,44,1,0,0,0,0,
gamma_limit_5,COM/COM208^1.p,TH1,Theorem,timeout,na,2860,57,5,57,1,0,0,0,0,
gamma_limit_5,COM/COM209^1.p,TH1,Theorem,timeout,na,2920,43,4,43,1,0,0,0,0,
gamma_limit_5,COM/COM210^1.p,TH1,Theorem,timeout,na,2664,72,7,72,1,0,0,0,0,
gamma_limit_5,COM/COM211^1.p,TH1,Theorem,timeout,na,2881,45,4,45,1,0,0,0,0,
gamma_limit_5,CSR/CSR119^1.p,TH0,Theorem,prover_error,na,2317,,,,,,,,,{{%RuntimeError{message: "ShotTx.Proof.interior_event/2: unhandled trace entry {194177768  {:instantiate  #Stream<[enum: [529015458  529015490]  funs: [#Function<49.48511117/1 in Stream.map/2>]]>  2}  []}"}  [{ShotTx.Proof  :interior_event  2  [file: ~c"lib/shot_tx/proof.ex"  line: 474  error_info: %{module: Exception}]}  {Enum  :"-reduce/3-lists^foldl/2-0-"  3  [file: ~c"lib/enum.ex"  line: 2622]}  {ShotTx.Proof  :linearize  2  [file: ~c"lib/shot_tx/proof.ex"  line: 367]}  {Enum  :"-map/2-fun-0-"  3  [file: ~c"lib/enum.ex"  line: 1733]}  {:maps  :fold_1  4  [file: ~c"maps.erl"  line: 894]}  {Enum  :map  2  [file: ~c"lib/enum.ex"  line: 2634]}  {ShotTx.Proof  :from_refutation  4  [file: ~c"lib/shot_tx/proof.ex"  line: 117]}  {ShotTx.Prover.Manager  :finish_with_timeout  1  [file: ~c"lib/shot_tx/prover/manager.ex"  line: 221]}]}  {GenServer  :call  [{:via  Registry  {ShotTx.Prover.ProcessRegistry  {"#Reference<0.3081163611.1479540737.136384>"  :manager}}}  :start_proof  :infinity]}}
gamma_limit_5,CSR/CSR119^2.p,TH0,Theorem,timeout,na,2111,616,45,616,24,2,0,0,0,
gamma_limit_5,CSR/CSR119^3.p,TH0,Theorem,timeout,na,5334,256,25,256,1,0,0,0,0,
gamma_limit_5,CSR/CSR120^1.p,TH0,Theorem,prover_error,na,2173,,,,,,,,,{{%RuntimeError{message: "ShotTx.Proof.interior_event/2: unhandled trace entry {539192738  {:instantiate  #Stream<[enum: [539161442  539161474]  funs: [#Function<49.48511117/1 in Stream.map/2>  #Function<49.48511117/1 in Stream.map/2>]]>  2}  []}"}  [{ShotTx.Proof  :interior_event  2  [file: ~c"lib/shot_tx/proof.ex"  line: 474  error_info: %{module: Exception}]}  {Enum  :"-reduce/3-lists^foldl/2-0-"  3  [file: ~c"lib/enum.ex"  line: 2622]}  {ShotTx.Proof  :linearize  2  [file: ~c"lib/shot_tx/proof.ex"  line: 367]}  {Enum  :"-map/2-fun-0-"  3  [file: ~c"lib/enum.ex"  line: 1733]}  {:maps  :fold_1  4  [file: ~c"maps.erl"  line: 894]}  {Enum  :map  2  [file: ~c"lib/enum.ex"  line: 2634]}  {ShotTx.Proof  :from_refutation  4  [file: ~c"lib/shot_tx/proof.ex"  line: 117]}  {ShotTx.Prover.Manager  :finish_with_timeout  1  [file: ~c"lib/shot_tx/prover/manager.ex"  line: 221]}]}  {GenServer  :call  [{:via  Registry  {ShotTx.Prover.ProcessRegistry  {"#Reference<0.3081163611.1479802881.198783>"  :manager}}}  :start_proof  :infinity]}}
gamma_limit_5,CSR/CSR120^2.p,TH0,Theorem,timeout,na,2114,585,44,585,24,2,0,0,0,
gamma_limit_5,CSR/CSR120^3.p,TH0,Theorem,timeout,na,5361,252,25,252,1,0,0,0,0,
gamma_limit_5,CSR/CSR121^1.p,TH0,Theorem,timeout,na,2356,7703,0,7645,154,853,0,0,0,
gamma_limit_5,CSR/CSR121^2.p,TH0,Theorem,timeout,na,2139,815,54,815,40,10,0,0,0,
gamma_limit_5,CSR/CSR122^1.p,TH0,Theorem,timeout,na,2063,285,0,225,2,69,0,0,0,
gamma_limit_5,CSR/CSR122^2.p,TH0,Theorem,timeout,na,2082,304,24,304,6,2,0,0,0,
gamma_limit_5,CSR/CSR123^1.p,TH0,Theorem,timeout,na,2014,290,8,280,14,22,0,1,0,
gamma_limit_5,CSR/CSR123^2.p,TH0,Theorem,timeout,na,2096,325,29,325,4,0,0,0,0,
gamma_limit_5,CSR/CSR124^1.p,TH0,Theorem,prover_error,na,67,,,,,,,,,ShotTx.Proof.interior_event/2: unhandled trace entry {260012675  {:instantiate  #Stream<[enum: [259988483  259988515]  funs: [#Function<49.48511117/1 in Stream.map/2>  #Function<49.48511117/1 in Stream.map/2>]]>  2}  []}
gamma_limit_5,CSR/CSR124^2.p,TH0,Theorem,timeout,na,2103,497,33,493,12,15,0,0,0,
gamma_limit_5,CSR/CSR125^1.p,TH0,Theorem,thm,yes,31,54,0,53,3,8,0,1,1,
gamma_limit_5,CSR/CSR125^2.p,TH0,Theorem,timeout,na,2184,639,42,639,40,4,0,0,0,
gamma_limit_5,CSR/CSR126^1.p,TH0,Theorem,timeout,na,2361,8522,0,8419,153,1026,0,0,0,
gamma_limit_5,CSR/CSR126^2.p,TH0,Theorem,timeout,na,2213,1472,87,1454,64,48,0,0,0,
gamma_limit_5,CSR/CSR127^1.p,TH0,Theorem,timeout,na,2297,6674,0,6459,163,864,0,0,0,
gamma_limit_5,CSR/CSR127^2.p,TH0,Theorem,timeout,na,2159,942,52,942,42,25,0,0,0,
gamma_limit_5,CSR/CSR128^1.p,TH0,Theorem,timeout,na,2367,9005,2,8917,166,853,0,0,0,
gamma_limit_5,CSR/CSR128^2.p,TH0,Theorem,timeout,na,2223,1366,81,1366,76,39,0,0,0,
gamma_limit_5,CSR/CSR129^1.p,TH0,Theorem,timeout,na,2119,3490,6,3399,440,0,0,0,0,
gamma_limit_5,CSR/CSR129^2.p,TH0,Theorem,timeout,na,2306,4036,4,4036,445,12,0,0,0,
gamma_limit_5,CSR/CSR130^1.p,TH0,Theorem,timeout,na,2122,3895,5,3895,523,0,0,0,0,
gamma_limit_5,CSR/CSR130^2.p,TH0,Theorem,timeout,na,2150,3432,4,3432,410,28,0,0,0,
gamma_limit_5,CSR/CSR131^1.p,TH0,Theorem,timeout,na,2189,6111,0,6111,513,0,0,0,0,
gamma_limit_5,CSR/CSR131^2.p,TH0,Theorem,timeout,na,2265,5815,4,5815,251,458,0,0,0,
gamma_limit_5,CSR/CSR132^1.p,TH0,Theorem,timeout,na,2134,4413,0,4413,504,0,0,0,0,
gamma_limit_5,CSR/CSR132^2.p,TH0,Theorem,timeout,na,2189,1942,47,1942,123,112,0,0,0,
gamma_limit_5,CSR/CSR133^1.p,TH0,Theorem,timeout,na,2206,6415,0,6415,499,0,0,0,0,
gamma_limit_5,CSR/CSR133^2.p,TH0,Theorem,timeout,na,2255,5799,4,5799,343,382,0,0,0,
gamma_limit_5,CSR/CSR134^1.p,TH0,Theorem,timeout,na,2285,8555,0,8555,511,0,0,0,0,
gamma_limit_5,CSR/CSR134^2.p,TH0,Theorem,timeout,na,2269,6106,4,6106,505,382,0,0,0,
gamma_limit_5,CSR/CSR135^1.p,TH0,Theorem,thm,yes,28,14,0,14,3,0,0,1,1,
gamma_limit_5,CSR/CSR135^2.p,TH0,Theorem,thm,yes,29,14,0,14,3,0,0,1,1,
gamma_limit_5,CSR/CSR136^1.p,TH0,Theorem,timeout,na,2023,1150,35,1150,106,38,0,1,0,
gamma_limit_5,CSR/CSR136^2.p,TH0,Theorem,timeout,na,2027,1214,32,1214,136,32,0,2,0,
gamma_limit_5,CSR/CSR137^1.p,TH0,Theorem,timeout,na,2033,1325,93,1325,55,11,0,1,0,
gamma_limit_5,CSR/CSR137^2.p,TH0,Theorem,timeout,na,2068,790,27,790,105,12,0,1,0,
gamma_limit_5,CSR/CSR138^1.p,TH0,Theorem,timeout,na,2062,1408,72,1408,201,23,0,0,0,
gamma_limit_5,CSR/CSR138^2.p,TH0,Theorem,timeout,na,2139,381,30,381,16,0,0,0,0,
gamma_limit_5,CSR/CSR139^1.p,TH0,Theorem,timeout,na,2073,1884,104,1884,92,126,0,0,0,
gamma_limit_5,CSR/CSR139^2.p,TH0,Theorem,timeout,na,2111,1179,45,1179,247,10,0,0,0,
gamma_limit_5,CSR/CSR140^1.p,TH0,Theorem,thm,yes,44,18,1,18,2,0,0,1,1,
gamma_limit_5,CSR/CSR140^2.p,TH0,Theorem,timeout,na,2076,739,19,739,122,10,0,1,0,
gamma_limit_5,CSR/CSR141^1.p,TH0,Theorem,timeout,na,2370,3963,0,3833,208,525,0,0,0,
gamma_limit_5,CSR/CSR141^2.p,TH0,Theorem,timeout,na,2213,1760,47,1758,249,3,0,0,0,
gamma_limit_5,CSR/CSR141^3.p,TH0,CounterSatisfiable,unk,na,719,172,0,150,3,39,0,0,0,
gamma_limit_5,CSR/CSR142^1.p,TH0,Theorem,timeout,na,2021,457,24,457,38,2,0,2,0,
gamma_limit_5,CSR/CSR142^2.p,TH0,Theorem,timeout,na,2178,475,28,475,37,0,0,0,0,
gamma_limit_5,CSR/CSR142^3.p,TH0,CounterSatisfiable,timeout,na,2005,1402,182,1402,1,0,0,0,0,
gamma_limit_5,CSR/CSR143^1.p,TH0,Theorem,timeout,na,2014,696,45,692,37,11,0,1,0,
gamma_limit_5,CSR/CSR143^2.p,TH0,Theorem,timeout,na,2147,603,53,603,4,2,0,0,0,
gamma_limit_5,CSR/CSR143^3.p,TH0,CounterSatisfiable,timeout,na,2146,7154,243,7150,283,295,0,0,0,
gamma_limit_5,CSR/CSR144^1.p,TH0,Theorem,timeout,na,2044,1586,73,1586,183,11,0,0,0,
gamma_limit_5,CSR/CSR144^2.p,TH0,Theorem,timeout,na,2157,391,38,391,2,0,0,0,0,
gamma_limit_5,CSR/CSR144^3.p,TH0,CounterSatisfiable,timeout,na,2305,9926,0,9926,229,692,0,0,0,
gamma_limit_5,CSR/CSR145^1.p,TH0,Theorem,timeout,na,2036,631,23,631,61,17,0,2,0,
gamma_limit_5,CSR/CSR145^2.p,TH0,Theorem,timeout,na,2158,385,38,385,1,0,0,0,0,
gamma_limit_5,CSR/CSR145^3.p,TH0,CounterSatisfiable,timeout,na,2070,2249,68,2249,510,37,0,2,0,
gamma_limit_5,CSR/CSR146^1.p,TH0,Theorem,timeout,na,2020,507,29,503,36,14,0,1,0,
gamma_limit_5,CSR/CSR146^2.p,TH0,Theorem,timeout,na,2169,300,30,300,1,0,0,0,0,
gamma_limit_5,CSR/CSR146^3.p,TH0,Theorem,timeout,na,2018,398,11,394,50,16,0,1,0,
gamma_limit_5,CSR/CSR148^1.p,TH0,Theorem,timeout,na,2355,8724,35,8664,83,1158,0,0,0,
gamma_limit_5,CSR/CSR148^2.p,TH0,Theorem,timeout,na,2130,562,42,554,20,12,0,0,0,
gamma_limit_5,CSR/CSR148^3.p,TH0,ContradictoryAxioms,timeout,na,5301,256,25,256,1,0,0,0,0,
gamma_limit_5,CSR/CSR149^1.p,TH0,Theorem,timeout,na,2191,3806,5,3476,157,559,0,0,0,
gamma_limit_5,CSR/CSR149^2.p,TH0,Theorem,timeout,na,2123,566,42,558,21,12,0,0,0,
gamma_limit_5,CSR/CSR149^3.p,TH0,ContradictoryAxioms,timeout,na,5373,254,25,254,1,0,0,0,0,
gamma_limit_5,CSR/CSR150^1.p,TH0,Theorem,timeout,na,2089,3498,100,3498,209,29,0,0,0,
gamma_limit_5,CSR/CSR150^2.p,TH0,Theorem,timeout,na,2163,468,32,468,24,0,0,0,0,
gamma_limit_5,CSR/CSR150^3.p,TH0,Theorem,timeout,na,5359,248,24,248,1,0,0,0,0,
gamma_limit_5,CSR/CSR151^1.p,TH0,Theorem,unk,na,56,112,0,100,7,22,0,0,0,
gamma_limit_5,CSR/CSR151^2.p,TH0,Theorem,timeout,na,2112,530,33,530,24,2,0,0,0,
gamma_limit_5,CSR/CSR151^3.p,TH0,Theorem,timeout,na,5364,256,25,256,1,0,0,0,0,
gamma_limit_5,CSR/CSR152^1.p,TH0,Theorem,unk,na,43,117,0,102,11,19,0,0,0,
gamma_limit_5,CSR/CSR152^2.p,TH0,Theorem,timeout,na,2234,1951,86,1917,246,76,0,0,0,
gamma_limit_5,CSR/CSR152^3.p,TH0,ContradictoryAxioms,timeout,na,5327,257,25,257,1,0,0,0,0,
gamma_limit_5,CSR/CSR153^1.p,TH0,Theorem,timeout,na,2060,1479,31,1479,142,101,0,2,0,
gamma_limit_5,CSR/CSR153^2.p,TH0,Theorem,timeout,na,2095,518,34,518,21,0,0,1,0,
gamma_limit_5,CSR/CSR153^3.p,TH0,ContradictoryAxioms,timeout,na,5307,255,25,255,1,0,0,0,0,
gamma_limit_5,DAT/DAT002^1.p,TH0,Theorem,timeout,na,2132,3330,39,3330,287,22,0,0,0,
gamma_limit_5,DAT/DAT056^1.p,TH0,Theorem,timeout,na,2092,4422,366,4422,106,44,0,0,0,
gamma_limit_5,DAT/DAT056^2.p,TH0,Theorem,timeout,na,2059,2775,104,2775,293,0,0,3,0,
gamma_limit_5,DAT/DAT113^1.p,TH1,Theorem,timeout,na,2431,142,12,142,2,0,0,0,0,
gamma_limit_5,DAT/DAT114^1.p,TH1,Theorem,timeout,na,2680,513,45,513,8,0,0,0,0,
gamma_limit_5,DAT/DAT115^1.p,TH1,Theorem,timeout,na,2805,709,61,709,16,0,0,0,0,
gamma_limit_5,DAT/DAT117^1.p,TH1,Theorem,timeout,na,2696,757,66,757,16,0,0,0,0,
gamma_limit_5,DAT/DAT118^1.p,TH1,Theorem,timeout,na,2846,786,58,786,39,0,0,0,0,
gamma_limit_5,DAT/DAT119^1.p,TH1,Theorem,timeout,na,2392,0,0,0,1,0,0,0,0,
gamma_limit_5,DAT/DAT120^1.p,TH1,Theorem,timeout,na,2555,0,0,0,1,0,0,0,0,
gamma_limit_5,DAT/DAT121^1.p,TH1,Theorem,timeout,na,2370,1181,91,1181,26,13,0,0,0,
gamma_limit_5,DAT/DAT122^1.p,TH1,Theorem,timeout,na,2742,0,0,0,1,0,0,0,0,
gamma_limit_5,DAT/DAT123^1.p,TH1,Theorem,timeout,na,2749,1740,16,1740,317,0,0,0,0,
gamma_limit_5,DAT/DAT124^1.p,TH1,Theorem,timeout,na,2686,1740,96,1740,160,0,0,0,0,
gamma_limit_5,DAT/DAT125^1.p,TH1,Theorem,timeout,na,2830,109,9,109,3,0,0,0,0,
gamma_limit_5,DAT/DAT126^1.p,TH1,Theorem,timeout,na,2494,15,1,15,1,0,0,0,0,
gamma_limit_5,DAT/DAT127^1.p,TH1,Theorem,timeout,na,2525,631,20,631,74,0,0,1,0,
gamma_limit_5,DAT/DAT128^1.p,TH1,Theorem,timeout,na,2545,896,50,896,52,0,0,0,0,
gamma_limit_5,DAT/DAT129^1.p,TH1,Theorem,timeout,na,2523,3411,170,3411,245,161,0,1,0,
gamma_limit_5,DAT/DAT130^1.p,TH1,Theorem,timeout,na,2689,0,0,0,1,0,0,0,0,
gamma_limit_5,DAT/DAT131^1.p,TH1,Theorem,timeout,na,2787,0,0,0,1,0,0,0,0,
gamma_limit_5,DAT/DAT132^1.p,TH1,Theorem,timeout,na,2720,0,0,0,1,0,0,0,0,
gamma_limit_5,DAT/DAT133^1.p,TH1,Theorem,timeout,na,2476,132,9,132,6,0,0,0,0,
gamma_limit_5,DAT/DAT134^1.p,TH1,Theorem,timeout,na,2879,0,0,0,1,0,0,0,0,
gamma_limit_5,DAT/DAT135^1.p,TH1,Theorem,timeout,na,2484,566,43,566,43,0,0,0,0,
gamma_limit_5,DAT/DAT136^1.p,TH1,Theorem,timeout,na,2386,1020,67,1020,47,2,0,0,0,
gamma_limit_5,DAT/DAT137^1.p,TH1,Theorem,timeout,na,2473,760,44,760,41,0,0,0,0,
gamma_limit_5,DAT/DAT138^1.p,TH1,Theorem,timeout,na,2743,0,0,0,1,0,0,0,0,
gamma_limit_5,DAT/DAT139^1.p,TH1,Theorem,timeout,na,2018,1274,118,1274,32,0,0,0,0,
gamma_limit_5,DAT/DAT140^1.p,TH1,Theorem,timeout,na,2542,798,59,798,27,0,0,0,0,
gamma_limit_5,DAT/DAT141^1.p,TH1,Theorem,timeout,na,2967,0,0,0,1,0,0,0,0,
gamma_limit_5,DAT/DAT142^1.p,TH1,Theorem,timeout,na,2370,184,15,184,4,1,0,0,0,
gamma_limit_5,DAT/DAT143^1.p,TH1,Theorem,timeout,na,2017,1264,117,1264,32,0,0,0,0,
gamma_limit_5,DAT/DAT144^1.p,TH1,Theorem,timeout,na,2435,20,2,20,1,0,0,0,0,
gamma_limit_5,DAT/DAT145^1.p,TH1,Theorem,timeout,na,3155,0,0,0,1,0,0,0,0,
gamma_limit_5,DAT/DAT146^1.p,TH1,Theorem,timeout,na,2912,0,0,0,1,0,0,0,0,
gamma_limit_5,DAT/DAT147^1.p,TH1,Theorem,timeout,na,2590,263,18,263,13,0,0,0,0,
gamma_limit_5,DAT/DAT148^1.p,TH1,Theorem,timeout,na,3399,0,0,0,1,0,0,0,0,
gamma_limit_5,DAT/DAT149^1.p,TH1,Theorem,timeout,na,2659,0,0,0,1,0,0,0,0,
gamma_limit_5,DAT/DAT150^1.p,TH1,Theorem,timeout,na,2569,121,12,121,1,0,0,0,0,
gamma_limit_5,DAT/DAT151^1.p,TH1,Theorem,timeout,na,2391,193,17,193,4,0,0,0,0,
gamma_limit_5,DAT/DAT152^1.p,TH1,Theorem,timeout,na,2498,898,71,898,31,6,0,0,0,
gamma_limit_5,DAT/DAT153^1.p,TH1,Theorem,timeout,na,2387,390,21,390,21,4,0,0,0,
gamma_limit_5,DAT/DAT154^1.p,TH1,Theorem,timeout,na,2858,0,0,0,1,0,0,0,0,
gamma_limit_5,DAT/DAT155^1.p,TH1,Theorem,timeout,na,3069,0,0,0,1,0,0,0,0,
gamma_limit_5,DAT/DAT156^1.p,TH1,Theorem,timeout,na,3053,0,0,0,1,0,0,0,0,
gamma_limit_5,DAT/DAT157^1.p,TH1,Theorem,timeout,na,2455,459,40,459,10,0,0,0,0,
gamma_limit_5,DAT/DAT158^1.p,TH1,Theorem,timeout,na,2629,799,66,799,32,0,0,0,0,
gamma_limit_5,DAT/DAT159^1.p,TH1,Theorem,thm,yes,571,110,6,110,5,6,0,1,1,
gamma_limit_5,DAT/DAT160^1.p,TH1,Theorem,timeout,na,2329,276,17,276,11,11,0,7,0,
gamma_limit_5,DAT/DAT161^1.p,TH1,Theorem,timeout,na,2566,1862,23,1862,242,7,0,11,0,
gamma_limit_5,DAT/DAT162^1.p,TH1,Theorem,timeout,na,2419,852,66,852,31,2,0,1,0,
gamma_limit_5,DAT/DAT163^1.p,TH1,Theorem,timeout,na,2510,589,31,589,33,8,0,0,0,
gamma_limit_5,DAT/DAT164^1.p,TH1,Theorem,timeout,na,2580,528,39,528,21,0,0,0,0,
gamma_limit_5,DAT/DAT165^1.p,TH1,Theorem,timeout,na,2430,131,12,131,2,0,0,0,0,
gamma_limit_5,DAT/DAT166^1.p,TH1,Theorem,timeout,na,2607,538,45,538,16,4,0,0,0,
gamma_limit_5,DAT/DAT167^1.p,TH1,Theorem,timeout,na,2531,70,5,70,4,0,0,0,0,
gamma_limit_5,DAT/DAT168^1.p,TH1,Theorem,timeout,na,2564,736,57,736,16,8,0,0,0,
gamma_limit_5,DAT/DAT169^1.p,TH1,Theorem,timeout,na,2564,495,40,495,8,4,0,0,0,
gamma_limit_5,DAT/DAT170^1.p,TH1,Theorem,timeout,na,2479,460,41,460,9,2,0,1,0,
gamma_limit_5,DAT/DAT171^1.p,TH1,Theorem,timeout,na,2546,407,28,407,15,2,0,1,0,
gamma_limit_5,DAT/DAT172^1.p,TH1,Theorem,timeout,na,2455,461,33,461,8,10,0,10,0,
gamma_limit_5,DAT/DAT173^1.p,TH1,Theorem,timeout,na,2720,383,34,383,4,0,0,0,0,
gamma_limit_5,DAT/DAT174^1.p,TH1,Theorem,timeout,na,2465,116,3,116,11,0,0,0,0,
gamma_limit_5,DAT/DAT175^1.p,TH1,Theorem,timeout,na,2953,12,1,12,1,0,0,0,0,
gamma_limit_5,DAT/DAT176^1.p,TH1,Theorem,timeout,na,2515,322,23,322,16,0,0,0,0,
gamma_limit_5,DAT/DAT177^1.p,TH1,Theorem,timeout,na,2584,251,23,251,4,0,0,0,0,
gamma_limit_5,DAT/DAT178^1.p,TH1,Theorem,timeout,na,2700,538,28,538,32,0,0,0,0,
gamma_limit_5,DAT/DAT179^1.p,TH1,Theorem,timeout,na,2433,673,51,673,21,0,0,0,0,
gamma_limit_5,DAT/DAT180^1.p,TH1,Theorem,timeout,na,2534,1524,124,1524,40,0,0,0,0,
gamma_limit_5,DAT/DAT181^1.p,TH1,Theorem,timeout,na,2705,572,41,572,22,0,0,0,0,
gamma_limit_5,DAT/DAT182^1.p,TH1,Theorem,timeout,na,2742,1008,49,1008,102,0,0,0,0,
gamma_limit_5,DAT/DAT183^1.p,TH1,Theorem,timeout,na,2714,1343,89,1343,64,0,0,0,0,
gamma_limit_5,DAT/DAT184^1.p,TH1,Theorem,timeout,na,2660,1366,125,1366,32,0,0,0,0,
gamma_limit_5,DAT/DAT185^1.p,TH1,Theorem,timeout,na,2669,1097,98,1097,26,0,0,0,0,
gamma_limit_5,DAT/DAT186^1.p,TH1,Theorem,timeout,na,2787,0,0,0,1,0,0,0,0,
gamma_limit_5,DAT/DAT187^1.p,TH1,Theorem,timeout,na,2766,0,0,0,1,0,0,0,0,
gamma_limit_5,DAT/DAT188^1.p,TH1,Theorem,timeout,na,2760,0,0,0,1,0,0,0,0,
gamma_limit_5,DAT/DAT189^1.p,TH1,Theorem,timeout,na,2729,0,0,0,1,0,0,0,0,
gamma_limit_5,DAT/DAT190^1.p,TH1,Theorem,timeout,na,2905,0,0,0,1,0,0,0,0,
gamma_limit_5,DAT/DAT191^1.p,TH1,Theorem,timeout,na,2606,734,64,734,8,0,0,0,0,
gamma_limit_5,DAT/DAT192^1.p,TH1,Theorem,timeout,na,2615,636,55,636,8,0,0,0,0,
gamma_limit_5,DAT/DAT193^1.p,TH1,Theorem,timeout,na,2727,0,0,0,1,0,0,0,0,
gamma_limit_5,DAT/DAT194^1.p,TH1,Theorem,timeout,na,2676,1059,94,1059,32,0,0,0,0,
gamma_limit_5,DAT/DAT195^1.p,TH1,Theorem,timeout,na,2608,702,53,702,16,0,0,0,0,
gamma_limit_5,DAT/DAT196^1.p,TH1,Theorem,timeout,na,2658,582,45,582,16,0,0,0,0,
gamma_limit_5,DAT/DAT197^1.p,TH1,Theorem,timeout,na,3073,72,7,72,1,0,0,0,0,
gamma_limit_5,DAT/DAT198^1.p,TH1,Theorem,timeout,na,3306,0,0,0,1,0,0,0,0,
gamma_limit_5,DAT/DAT199^1.p,TH1,Theorem,timeout,na,2682,151,14,151,4,0,0,0,0,
gamma_limit_5,DAT/DAT200^1.p,TH1,Theorem,timeout,na,2768,137,12,137,2,0,0,0,0,
gamma_limit_5,DAT/DAT201^1.p,TH1,Theorem,timeout,na,2503,322,27,322,19,0,0,1,0,
gamma_limit_5,DAT/DAT202^1.p,TH1,Theorem,timeout,na,2853,359,32,359,5,0,0,0,0,
gamma_limit_5,DAT/DAT203^1.p,TH1,Theorem,timeout,na,2652,349,22,349,18,0,0,0,0,
gamma_limit_5,DAT/DAT204^1.p,TH1,Theorem,timeout,na,2757,186,18,186,2,0,0,0,0,
gamma_limit_5,DAT/DAT205^1.p,TH1,Theorem,timeout,na,2796,259,23,259,4,0,0,0,0,
gamma_limit_5,DAT/DAT206^1.p,TH1,Theorem,timeout,na,2644,335,23,335,14,0,0,1,0,
gamma_limit_5,DAT/DAT207^1.p,TH1,Theorem,timeout,na,2984,0,0,0,1,0,0,0,0,
gamma_limit_5,DAT/DAT208^1.p,TH1,Theorem,timeout,na,2538,712,48,712,40,0,0,1,0,
gamma_limit_5,DAT/DAT209^1.p,TH1,Theorem,timeout,na,2357,537,34,537,29,0,0,0,0,
gamma_limit_5,DAT/DAT210^1.p,TH1,Theorem,timeout,na,2740,202,18,202,4,0,0,0,0,
gamma_limit_5,DAT/DAT211^1.p,TH1,Theorem,timeout,na,2377,187,16,187,3,1,0,1,0,
gamma_limit_5,DAT/DAT212^1.p,TH1,Theorem,timeout,na,2713,378,35,378,4,0,0,1,0,
gamma_limit_5,DAT/DAT213^1.p,TH1,Theorem,timeout,na,2726,569,49,569,8,0,0,1,0,
gamma_limit_5,DAT/DAT214^1.p,TH1,Theorem,timeout,na,2637,944,36,944,107,40,0,1,0,
gamma_limit_5,DAT/DAT215^1.p,TH1,Theorem,timeout,na,3149,112,11,112,1,0,0,0,0,
gamma_limit_5,DAT/DAT216^1.p,TH1,ContradictoryAxioms,timeout,na,2492,1628,66,1628,185,15,0,2,0,
gamma_limit_5,DAT/DAT217^1.p,TH1,Theorem,timeout,na,2434,1002,76,1002,56,5,0,8,0,
gamma_limit_5,DAT/DAT218^1.p,TH1,Theorem,timeout,na,2319,559,47,559,13,7,0,2,0,
gamma_limit_5,DAT/DAT219^1.p,TH1,Theorem,timeout,na,2852,23,2,23,1,0,0,0,0,
gamma_limit_5,DAT/DAT220^1.p,TH1,Theorem,timeout,na,3217,0,0,0,1,0,0,0,0,
gamma_limit_5,DAT/DAT221^1.p,TH1,Theorem,timeout,na,3628,0,0,0,1,0,0,0,0,
gamma_limit_5,DAT/DAT222^1.p,TH1,Theorem,timeout,na,3056,0,0,0,1,0,0,0,0,
gamma_limit_5,DAT/DAT223^1.p,TH1,Theorem,timeout,na,3874,0,0,0,1,0,0,0,0,
gamma_limit_5,DAT/DAT224^1.p,TH1,Theorem,timeout,na,3184,0,0,0,1,0,0,0,0,
gamma_limit_5,DAT/DAT225^1.p,TH1,Theorem,timeout,na,2844,34,3,34,1,0,0,0,0,
gamma_limit_5,DAT/DAT226^1.p,TH1,Theorem,timeout,na,2493,55,5,55,1,0,0,0,0,
gamma_limit_5,DAT/DAT227^1.p,TH1,Theorem,timeout,na,3345,0,0,0,1,0,0,0,0,
gamma_limit_5,DAT/DAT228^1.p,TH1,Theorem,timeout,na,2525,44,4,44,1,0,0,0,0,
gamma_limit_5,DAT/DAT229^1.p,TH1,Theorem,timeout,na,2949,83,8,83,2,0,0,0,0,
gamma_limit_5,DAT/DAT230^1.p,TH1,Theorem,timeout,na,2914,0,0,0,1,0,0,0,0,
gamma_limit_5,DAT/DAT231^1.p,TH1,Theorem,timeout,na,2828,362,31,362,44,0,0,2,0,
gamma_limit_5,DAT/DAT232^1.p,TH1,Theorem,timeout,na,3029,0,0,0,1,0,0,0,0,
gamma_limit_5,DAT/DAT233^1.p,TH1,Theorem,timeout,na,3731,94,9,94,1,0,0,0,0,
gamma_limit_5,DAT/DAT234^1.p,TH1,Theorem,timeout,na,4147,0,0,0,1,0,0,0,0,
gamma_limit_5,DAT/DAT235^1.p,TH1,Theorem,timeout,na,4040,0,0,0,1,0,0,0,0,
gamma_limit_5,DAT/DAT236^1.p,TH1,Theorem,timeout,na,4300,102,10,102,2,0,0,0,0,
gamma_limit_5,DAT/DAT237^1.p,TH1,Theorem,timeout,na,4472,0,0,0,1,0,0,0,0,
gamma_limit_5,DAT/DAT238^1.p,TH1,Theorem,timeout,na,2409,701,24,701,58,8,0,0,0,
gamma_limit_5,DAT/DAT239^1.p,TH1,Theorem,timeout,na,2494,2943,173,2943,175,42,0,1,0,
gamma_limit_5,DAT/DAT240^1.p,TH1,Theorem,timeout,na,2767,110,11,110,1,0,0,0,0,
gamma_limit_5,DAT/DAT241^1.p,TH1,Theorem,timeout,na,3887,33,3,33,1,0,0,0,0,
gamma_limit_5,DAT/DAT242^1.p,TH1,Theorem,timeout,na,4501,143,14,143,1,0,0,0,0,
gamma_limit_5,DAT/DAT243^1.p,TH1,Theorem,timeout,na,4641,0,0,0,1,0,0,0,0,
gamma_limit_5,DAT/DAT244^1.p,TH1,Theorem,timeout,na,2647,89,8,89,2,0,0,0,0,
gamma_limit_5,DAT/DAT245^1.p,TH1,Theorem,timeout,na,2543,101,9,101,3,0,0,0,0,
gamma_limit_5,DAT/DAT246^1.p,TH1,Theorem,timeout,na,2628,1292,66,1292,140,6,0,0,0,
gamma_limit_5,DAT/DAT247^1.p,TH1,Theorem,timeout,na,2647,77,7,77,1,0,0,0,0,
gamma_limit_5,DAT/DAT248^1.p,TH1,Theorem,timeout,na,2498,137,12,137,3,1,0,4,0,
gamma_limit_5,DAT/DAT249^1.p,TH1,Theorem,timeout,na,2884,0,0,0,1,0,0,0,0,
gamma_limit_5,DAT/DAT250^1.p,TH1,Theorem,timeout,na,2719,186,17,186,4,0,0,0,0,
gamma_limit_5,DAT/DAT251^1.p,TH1,Theorem,timeout,na,2967,0,0,0,1,0,0,0,0,
gamma_limit_5,DAT/DAT252^1.p,TH1,Theorem,timeout,na,2737,275,21,275,8,0,0,0,0,
gamma_limit_5,DAT/DAT253^1.p,TH1,Theorem,timeout,na,2338,578,51,578,8,0,0,1,0,
gamma_limit_5,DAT/DAT254^1.p,TH1,Theorem,timeout,na,3671,48,4,48,1,0,0,0,0,
gamma_limit_5,DAT/DAT255^1.p,TH1,Theorem,timeout,na,3086,52,5,52,1,0,0,0,0,
gamma_limit_5,DAT/DAT256^1.p,TH1,Theorem,timeout,na,3569,0,0,0,1,0,0,0,0,
gamma_limit_5,DAT/DAT257^1.p,TH1,Theorem,timeout,na,3426,8,0,8,1,0,0,0,0,
gamma_limit_5,DAT/DAT258^1.p,TH1,Theorem,timeout,na,3099,57,5,57,1,0,0,0,0,
gamma_limit_5,DAT/DAT259^1.p,TH1,Theorem,timeout,na,2008,369,36,369,1,0,0,0,0,
gamma_limit_5,DAT/DAT260^1.p,TH1,Theorem,timeout,na,2007,369,36,369,1,0,0,0,0,
gamma_limit_5,DAT/DAT261^1.p,TH1,Theorem,timeout,na,2007,370,37,370,1,0,0,0,0,
gamma_limit_5,DAT/DAT262^1.p,TH1,Theorem,timeout,na,2007,367,36,367,1,0,0,0,0,
gamma_limit_5,DAT/DAT263^1.p,TH1,Theorem,timeout,na,2007,367,36,367,1,0,0,0,0,
gamma_limit_5,DAT/DAT264^1.p,TH1,Theorem,timeout,na,2008,366,36,366,1,0,0,0,0,
gamma_limit_5,DAT/DAT265^1.p,TH1,Theorem,timeout,na,2009,368,36,368,1,0,0,0,0,
gamma_limit_5,DAT/DAT266^1.p,TH1,Theorem,timeout,na,2083,1321,71,1321,80,3,0,4,0,
gamma_limit_5,DAT/DAT267^1.p,TH1,Theorem,timeout,na,2008,366,36,366,1,0,0,0,0,
gamma_limit_5,DAT/DAT268^1.p,TH1,Theorem,timeout,na,2009,813,79,813,4,2,0,0,0,
gamma_limit_5,DAT/DAT269^1.p,TH1,Theorem,timeout,na,2014,807,79,807,4,2,0,0,0,
gamma_limit_5,DAT/DAT270^1.p,TH1,Theorem,timeout,na,2014,368,36,368,1,0,0,0,0,
gamma_limit_5,DAT/DAT271^1.p,TH1,Theorem,timeout,na,2010,802,78,802,4,2,0,0,0,
gamma_limit_5,DAT/DAT272^1.p,TH1,Theorem,timeout,na,2039,1352,97,1304,12,81,0,0,0,
gamma_limit_5,DAT/DAT273^1.p,TH1,Theorem,timeout,na,2031,346,7,346,30,19,0,0,0,
gamma_limit_5,DAT/DAT274^1.p,TH1,Theorem,timeout,na,2125,853,2,853,130,1,0,0,0,
gamma_limit_5,DAT/DAT275^1.p,TH1,Theorem,timeout,na,2024,367,36,367,1,0,0,0,0,
gamma_limit_5,DAT/DAT276^1.p,TH1,Theorem,timeout,na,2019,180,18,180,1,0,0,0,0,
gamma_limit_5,DAT/DAT277^1.p,TH1,Theorem,timeout,na,2080,1085,58,1085,64,13,0,1,0,
gamma_limit_5,DAT/DAT278^1.p,TH1,Theorem,timeout,na,2013,369,36,369,1,0,0,0,0,
gamma_limit_5,DAT/DAT279^1.p,TH1,Theorem,timeout,na,2009,369,36,369,1,0,0,0,0,
gamma_limit_5,DAT/DAT280^1.p,TH1,Theorem,timeout,na,2069,943,53,943,61,6,0,2,0,
gamma_limit_5,DAT/DAT281^1.p,TH1,Theorem,timeout,na,2009,367,36,367,1,0,0,0,0,
gamma_limit_5,DAT/DAT282^1.p,TH1,Theorem,timeout,na,2047,875,24,875,100,11,0,1,0,
gamma_limit_5,DAT/DAT283^1.p,TH1,Theorem,timeout,na,2009,363,36,363,1,0,0,0,0,
gamma_limit_5,DAT/DAT284^1.p,TH1,Theorem,timeout,na,2218,4609,131,4609,212,181,0,0,0,
gamma_limit_5,DAT/DAT285^1.p,TH1,Theorem,timeout,na,2068,918,44,918,67,9,0,2,0,
gamma_limit_5,DAT/DAT286^1.p,TH1,Theorem,timeout,na,2055,1717,64,1717,139,16,0,2,0,
gamma_limit_5,DAT/DAT287^1.p,TH1,Theorem,timeout,na,2053,1620,73,1620,122,9,0,2,0,
gamma_limit_5,DAT/DAT288^1.p,TH1,Theorem,timeout,na,2058,1727,53,1727,196,13,0,1,0,
gamma_limit_5,DAT/DAT289^1.p,TH1,Theorem,timeout,na,2056,1544,85,1544,104,0,0,2,0,
gamma_limit_5,DAT/DAT290^1.p,TH1,Theorem,timeout,na,2048,1680,74,1680,136,18,0,1,0,
gamma_limit_5,DAT/DAT291^1.p,TH1,Theorem,timeout,na,2054,1717,98,1717,115,0,0,2,0,
gamma_limit_5,DAT/DAT292^1.p,TH1,Theorem,timeout,na,2069,1481,50,1481,133,15,0,2,0,
gamma_limit_5,DAT/DAT293^1.p,TH1,Theorem,timeout,na,2048,1106,53,1106,82,1,0,2,0,
gamma_limit_5,DAT/DAT294^1.p,TH1,Theorem,timeout,na,2032,796,29,796,68,4,0,2,0,
gamma_limit_5,DAT/DAT295^1.p,TH1,Theorem,timeout,na,2050,760,54,760,37,0,0,3,0,
gamma_limit_5,DAT/DAT296^1.p,TH1,Theorem,timeout,na,2057,780,46,780,48,0,0,2,0,
gamma_limit_5,DAT/DAT297^1.p,TH1,Theorem,timeout,na,2024,464,46,464,1,0,0,0,0,
gamma_limit_5,DAT/DAT298^1.p,TH1,Theorem,timeout,na,2045,1545,77,1545,110,2,0,3,0,
gamma_limit_5,DAT/DAT299^1.p,TH1,Theorem,timeout,na,2061,1246,59,1246,113,0,0,2,0,
gamma_limit_5,DAT/DAT300^1.p,TH1,Theorem,timeout,na,2067,1090,49,1090,113,2,0,3,0,
gamma_limit_5,DAT/DAT301^1.p,TH1,Theorem,timeout,na,2054,1345,76,1345,99,2,0,3,0,
gamma_limit_5,DAT/DAT302^1.p,TH1,Theorem,timeout,na,2066,696,4,696,131,10,0,0,0,
gamma_limit_5,DAT/DAT303^1.p,TH1,Theorem,timeout,na,2071,1607,80,1607,112,9,0,2,0,
gamma_limit_5,DAT/DAT304^1.p,TH1,Theorem,timeout,na,2052,998,47,998,84,0,0,2,0,
gamma_limit_5,DAT/DAT305^1.p,TH1,Theorem,timeout,na,2081,1611,71,1611,136,7,0,1,0,
gamma_limit_5,DAT/DAT306^1.p,TH1,Theorem,timeout,na,2054,1042,29,1042,104,7,0,3,0,
gamma_limit_5,DAT/DAT307^1.p,TH1,Theorem,timeout,na,2133,2237,42,2237,329,63,0,4,0,
gamma_limit_5,DAT/DAT308^1.p,TH1,Theorem,timeout,na,2056,699,44,699,41,0,0,2,0,
gamma_limit_5,DAT/DAT309^1.p,TH1,Theorem,timeout,na,2048,858,48,858,60,0,0,2,0,
gamma_limit_5,DAT/DAT310^1.p,TH1,Theorem,timeout,na,2073,1723,78,1723,136,16,0,1,0,
gamma_limit_5,DAT/DAT311^1.p,TH1,Theorem,timeout,na,2087,1726,26,1726,256,29,0,1,0,
gamma_limit_5,DAT/DAT312^1.p,TH1,Theorem,timeout,na,2037,1612,88,1612,110,5,0,2,0,
gamma_limit_5,DAT/DAT313^1.p,TH1,Theorem,timeout,na,2062,1567,89,1567,114,0,0,2,0,
gamma_limit_5,DAT/DAT314^1.p,TH1,Theorem,timeout,na,2050,1597,80,1597,114,8,0,2,0,
gamma_limit_5,DAT/DAT315^1.p,TH1,Theorem,timeout,na,2047,1008,30,1008,100,21,0,2,0,
gamma_limit_5,DAT/DAT316^1.p,TH1,Theorem,timeout,na,2069,1765,66,1765,165,17,0,1,0,
gamma_limit_5,DAT/DAT317^1.p,TH1,Theorem,timeout,na,2047,1736,88,1736,119,8,0,2,0,
gamma_limit_5,DAT/DAT318^1.p,TH1,Theorem,timeout,na,2058,1571,84,1571,106,0,0,2,0,
gamma_limit_5,DAT/DAT319^1.p,TH1,Theorem,timeout,na,2011,382,38,382,1,0,0,0,0,
gamma_limit_5,DAT/DAT320^1.p,TH1,Theorem,timeout,na,2066,1141,42,1141,158,49,0,0,0,
gamma_limit_5,DAT/DAT321^1.p,TH1,Theorem,timeout,na,2044,305,4,305,40,5,0,0,0,
gamma_limit_5,DAT/DAT322^1.p,TH1,Theorem,timeout,na,2012,367,36,367,1,0,0,0,0,
gamma_limit_5,DAT/DAT323^1.p,TH1,Theorem,timeout,na,2038,267,10,267,39,2,0,0,0,
gamma_limit_5,DAT/DAT324^1.p,TH1,Theorem,timeout,na,2028,1039,47,1039,94,16,0,0,0,
gamma_limit_5,DAT/DAT325^1.p,TH1,Theorem,timeout,na,2048,962,30,962,128,0,0,1,0,
gamma_limit_5,DAT/DAT326^1.p,TH1,Theorem,timeout,na,2065,1046,7,1046,153,74,0,0,0,
gamma_limit_5,DAT/DAT327^1.p,TH1,Theorem,timeout,na,2055,1546,63,1546,142,14,0,1,0,
gamma_limit_5,DAT/DAT328^1.p,TH1,Theorem,timeout,na,2137,1534,6,1534,224,72,0,0,0,
gamma_limit_5,DAT/DAT333^3.p,TH0,Theorem,timeout,na,2147,4095,33,4095,212,177,0,0,0,
gamma_limit_5,DAT/DAT333^6.p,TH0,Theorem,timeout,na,2112,4230,140,4230,84,271,0,0,0,
gamma_limit_5,DAT/DAT334^12.p,TH0,Theorem,timeout,na,2166,5746,181,5746,190,217,0,0,0,
gamma_limit_5,DAT/DAT334^19.p,TH0,Theorem,thm,yes,160,239,1,239,37,32,0,1,1,
gamma_limit_5,DAT/DAT334^21.p,TH0,Theorem,timeout,na,2224,4694,76,4694,195,172,0,0,0,
gamma_limit_5,DAT/DAT334^23.p,TH0,Theorem,timeout,na,2303,6318,35,6318,206,218,0,0,0,
gamma_limit_5,DAT/DAT334^8.p,TH0,Theorem,timeout,na,2152,4623,21,4623,162,252,0,0,0,
gamma_limit_5,DAT/DAT335^12.p,TH0,CounterSatisfiable,timeout,na,2169,4283,18,4283,225,116,0,0,0,
gamma_limit_5,DAT/DAT335^18.p,TH0,CounterSatisfiable,timeout,na,2165,4704,77,4704,213,135,0,0,0,
gamma_limit_5,DAT/DAT335^2.p,TH0,CounterSatisfiable,timeout,na,2142,4098,10,4098,200,314,0,0,0,
gamma_limit_5,DAT/DAT338^1.p,unknown,Theorem,parser_error,na,0,,,,,,,,,cached: Syntax Error: expected ' ' or ']' in !> binder  got [{:colon  ":"  2358}  {:atom  "nat"  2360}  {:rbracket  "]"  2363}  {:colon  ":"  2365}  {:lparen  "("  2367}  {:atom  "elem"  2369}  {:arrow  ">"  
gamma_limit_5,DAT/DAT339^1.p,unknown,Theorem,parser_error,na,0,,,,,,,,,cached: Syntax Error: expected ' ' or ']' in !> binder  got [{:colon  ":"  2370}  {:atom  "nat"  2372}  {:rbracket  "]"  2375}  {:colon  ":"  2377}  {:lparen  "("  2379}  {:atom  "elem"  2381}  {:arrow  ">"  
gamma_limit_5,DAT/DAT340^1.p,unknown,Theorem,parser_error,na,0,,,,,,,,,cached: Syntax Error: expected ' ' or ']' in !> binder  got [{:colon  ":"  2361}  {:atom  "nat"  2363}  {:rbracket  "]"  2366}  {:colon  ":"  2368}  {:lparen  "("  2370}  {:atom  "elem"  2372}  {:arrow  ">"  
gamma_limit_5,DAT/DAT341^1.p,unknown,Theorem,parser_error,na,0,,,,,,,,,cached: Syntax Error: expected ' ' or ']' in !> binder  got [{:colon  ":"  2342}  {:atom  "nat"  2344}  {:rbracket  "]"  2347}  {:colon  ":"  2349}  {:lparen  "("  2351}  {:atom  "elem"  2353}  {:arrow  ">"  
gamma_limit_5,DAT/DAT342^1.p,unknown,Theorem,parser_error,na,0,,,,,,,,,cached: Syntax Error: expected ' ' or ']' in !> binder  got [{:colon  ":"  2413}  {:atom  "nat"  2415}  {:rbracket  "]"  2418}  {:colon  ":"  2420}  {:lparen  "("  2422}  {:var  "A"  2424}  {:arrow  ">"  2426
gamma_limit_5,DAT/DAT343^1.p,unknown,Theorem,parser_error,na,0,,,,,,,,,cached: Syntax Error: expected ' ' or ']' in !> binder  got [{:colon  ":"  2420}  {:atom  "nat"  2422}  {:rbracket  "]"  2425}  {:colon  ":"  2427}  {:lparen  "("  2429}  {:var  "A"  2431}  {:arrow  ">"  2433
gamma_limit_5,DAT/DAT344^1.p,unknown,Theorem,parser_error,na,0,,,,,,,,,cached: Syntax Error: expected ' ' or ']' in !> binder  got [{:colon  ":"  2416}  {:atom  "nat"  2418}  {:rbracket  "]"  2421}  {:colon  ":"  2423}  {:lparen  "("  2425}  {:var  "A"  2427}  {:arrow  ">"  2429
gamma_limit_5,DAT/DAT345^1.p,unknown,Theorem,parser_error,na,0,,,,,,,,,cached: Syntax Error: expected ' ' or ']' in !> binder  got [{:colon  ":"  2397}  {:atom  "nat"  2399}  {:rbracket  "]"  2402}  {:colon  ":"  2404}  {:lparen  "("  2406}  {:var  "A"  2408}  {:arrow  ">"  2410
gamma_limit_5,DAT/DAT346^1.p,unknown,Theorem,parser_error,na,0,,,,,,,,,cached: Syntax Error: expected ' ' or ']' in !> binder  got [{:colon  ":"  1895}  {:atom  "nat"  1897}  {:rbracket  "]"  1900}  {:colon  ":"  1902}  {:lparen  "("  1904}  {:atom  "nat"  1906}  {:arrow  ">"  1
gamma_limit_5,DAT/DAT347^1.p,unknown,Theorem,parser_error,na,0,,,,,,,,,cached: Syntax Error: expected ' ' or ']' in !> binder  got [{:colon  ":"  1949}  {:atom  "nat"  1951}  {:rbracket  "]"  1954}  {:colon  ":"  1956}  {:lparen  "("  1958}  {:atom  "nat"  1960}  {:arrow  ">"  1
gamma_limit_5,DAT/DAT348^1.p,unknown,Theorem,parser_error,na,0,,,,,,,,,cached: Syntax Error: expected ' ' or ']' in !> binder  got [{:colon  ":"  1908}  {:atom  "nat"  1910}  {:rbracket  "]"  1913}  {:colon  ":"  1915}  {:lparen  "("  1917}  {:atom  "nat"  1919}  {:arrow  ">"  1
gamma_limit_5,DAT/DAT349^1.p,unknown,Theorem,parser_error,na,0,,,,,,,,,cached: Syntax Error: expected ' ' or ']' in !> binder  got [{:colon  ":"  2083}  {:atom  "nat"  2085}  {:rbracket  "]"  2088}  {:colon  ":"  2090}  {:lparen  "("  2092}  {:atom  "elem"  2094}  {:arrow  ">"  
gamma_limit_5,DAT/DAT350^1.p,unknown,Theorem,parser_error,na,0,,,,,,,,,cached: Syntax Error: expected ' ' or ']' in !> binder  got [{:colon  ":"  2083}  {:atom  "nat"  2085}  {:rbracket  "]"  2088}  {:colon  ":"  2090}  {:lparen  "("  2092}  {:atom  "elem"  2094}  {:arrow  ">"  
gamma_limit_5,DAT/DAT351^1.p,unknown,Theorem,parser_error,na,0,,,,,,,,,cached: Syntax Error: expected ' ' or ']' in !> binder  got [{:colon  ":"  2082}  {:atom  "nat"  2084}  {:rbracket  "]"  2087}  {:colon  ":"  2089}  {:lparen  "("  2091}  {:atom  "elem"  2093}  {:arrow  ">"  
gamma_limit_5,DAT/DAT352^1.p,unknown,Theorem,parser_error,na,0,,,,,,,,,cached: Syntax Error: expected ' ' or ']' in !> binder  got [{:colon  ":"  2082}  {:atom  "nat"  2084}  {:rbracket  "]"  2087}  {:colon  ":"  2089}  {:lparen  "("  2091}  {:atom  "elem"  2093}  {:arrow  ">"  
gamma_limit_5,DAT/DAT353^1.p,unknown,Theorem,parser_error,na,0,,,,,,,,,cached: Syntax Error: expected ' ' or ']' in !> binder  got [{:colon  ":"  2082}  {:atom  "nat"  2084}  {:rbracket  "]"  2087}  {:colon  ":"  2089}  {:lparen  "("  2091}  {:atom  "elem"  2093}  {:arrow  ">"  
gamma_limit_5,DAT/DAT354^1.p,unknown,Theorem,parser_error,na,0,,,,,,,,,cached: Syntax Error: expected ' ' or ']' in !> binder  got [{:colon  ":"  1886}  {:atom  "nat"  1888}  {:rbracket  "]"  1891}  {:colon  ":"  1893}  {:lparen  "("  1895}  {:atom  "elem"  1897}  {:arrow  ">"  
gamma_limit_5,DAT/DAT355^1.p,unknown,Theorem,parser_error,na,0,,,,,,,,,cached: Syntax Error: expected ' ' or ']' in !> binder  got [{:colon  ":"  1890}  {:atom  "nat"  1892}  {:rbracket  "]"  1895}  {:colon  ":"  1897}  {:lparen  "("  1899}  {:atom  "elem"  1901}  {:arrow  ">"  
gamma_limit_5,DAT/DAT356^1.p,unknown,Theorem,parser_error,na,0,,,,,,,,,cached: Syntax Error: expected ' ' or ']' in !> binder  got [{:colon  ":"  1890}  {:atom  "nat"  1892}  {:rbracket  "]"  1895}  {:colon  ":"  1897}  {:lparen  "("  1899}  {:atom  "elem"  1901}  {:arrow  ">"  
gamma_limit_5,DAT/DAT357^1.p,unknown,Theorem,parser_error,na,0,,,,,,,,,cached: Syntax Error: expected ' ' or ']' in !> binder  got [{:colon  ":"  1890}  {:atom  "nat"  1892}  {:rbracket  "]"  1895}  {:colon  ":"  1897}  {:lparen  "("  1899}  {:atom  "elem"  1901}  {:arrow  ">"  
gamma_limit_5,DAT/DAT358^1.p,unknown,Theorem,parser_error,na,0,,,,,,,,,cached: Syntax Error: expected ' ' or ']' in !> binder  got [{:colon  ":"  1890}  {:atom  "nat"  1892}  {:rbracket  "]"  1895}  {:colon  ":"  1897}  {:lparen  "("  1899}  {:atom  "elem"  1901}  {:arrow  ">"  
gamma_limit_5,DAT/DAT359^1.p,unknown,Theorem,parser_error,na,0,,,,,,,,,cached: Syntax Error: expected ' ' or ']' in !> binder  got [{:colon  ":"  1890}  {:atom  "nat"  1892}  {:rbracket  "]"  1895}  {:colon  ":"  1897}  {:lparen  "("  1899}  {:atom  "elem"  1901}  {:arrow  ">"  
gamma_limit_5,DAT/DAT360^1.p,unknown,Theorem,parser_error,na,0,,,,,,,,,cached: Syntax Error: expected ' ' or ']' in !> binder  got [{:colon  ":"  2325}  {:atom  "nat"  2327}  {:rbracket  "]"  2330}  {:colon  ":"  2332}  {:lparen  "("  2334}  {:atom  "elem"  2336}  {:arrow  ">"  
gamma_limit_5,DAT/DAT361^1.p,unknown,Theorem,parser_error,na,0,,,,,,,,,cached: Syntax Error: expected ' ' or ']' in !> binder  got [{:colon  ":"  2337}  {:atom  "nat"  2339}  {:rbracket  "]"  2342}  {:colon  ":"  2344}  {:lparen  "("  2346}  {:atom  "elem"  2348}  {:arrow  ">"  
gamma_limit_5,DAT/DAT362^1.p,unknown,Theorem,parser_error,na,0,,,,,,,,,cached: Syntax Error: expected ' ' or ']' in !> binder  got [{:colon  ":"  2309}  {:atom  "nat"  2311}  {:rbracket  "]"  2314}  {:colon  ":"  2316}  {:lparen  "("  2318}  {:atom  "elem"  2320}  {:arrow  ">"  
gamma_limit_5,DAT/DAT363^1.p,unknown,Theorem,parser_error,na,0,,,,,,,,,cached: Syntax Error: expected ' ' or ']' in !> binder  got [{:colon  ":"  1923}  {:atom  "nat"  1925}  {:rbracket  "]"  1928}  {:colon  ":"  1930}  {:lparen  "("  1932}  {:var  "A"  1934}  {:arrow  ">"  1936
gamma_limit_5,DAT/DAT364^1.p,unknown,Theorem,parser_error,na,0,,,,,,,,,cached: Syntax Error: expected ' ' or ']' in !> binder  got [{:colon  ":"  1934}  {:atom  "nat"  1936}  {:rbracket  "]"  1939}  {:colon  ":"  1941}  {:lparen  "("  1943}  {:var  "A"  1945}  {:arrow  ">"  1947
gamma_limit_5,DAT/DAT365^1.p,unknown,Theorem,parser_error,na,0,,,,,,,,,cached: Syntax Error: expected ' ' or ']' in !> binder  got [{:colon  ":"  1911}  {:atom  "nat"  1913}  {:rbracket  "]"  1916}  {:colon  ":"  1918}  {:lparen  "("  1920}  {:var  "A"  1922}  {:arrow  ">"  1924
gamma_limit_5,DAT/DAT366^1.p,unknown,Theorem,parser_error,na,0,,,,,,,,,cached: Syntax Error: expected ' ' or ']' in !> binder  got [{:colon  ":"  1934}  {:atom  "nat"  1936}  {:rbracket  "]"  1939}  {:colon  ":"  1941}  {:lparen  "("  1943}  {:var  "A"  1945}  {:arrow  ">"  1947
gamma_limit_5,DAT/DAT367^1.p,unknown,Theorem,parser_error,na,0,,,,,,,,,cached: Syntax Error: expected ' ' or ']' in !> binder  got [{:colon  ":"  1911}  {:atom  "nat"  1913}  {:rbracket  "]"  1916}  {:colon  ":"  1918}  {:lparen  "("  1920}  {:var  "A"  1922}  {:arrow  ">"  1924
gamma_limit_5,DAT/DAT368^1.p,unknown,Theorem,parser_error,na,0,,,,,,,,,cached: Syntax Error: expected ' ' or ']' in !> binder  got [{:colon  ":"  1934}  {:atom  "nat"  1936}  {:rbracket  "]"  1939}  {:colon  ":"  1941}  {:lparen  "("  1943}  {:var  "A"  1945}  {:arrow  ">"  1947
gamma_limit_5,DAT/DAT369^1.p,unknown,Theorem,parser_error,na,0,,,,,,,,,cached: Syntax Error: expected ' ' or ']' in !> binder  got [{:colon  ":"  1911}  {:atom  "nat"  1913}  {:rbracket  "]"  1916}  {:colon  ":"  1918}  {:lparen  "("  1920}  {:var  "A"  1922}  {:arrow  ">"  1924
gamma_limit_5,DAT/DAT370^1.p,unknown,Theorem,parser_error,na,0,,,,,,,,,cached: Syntax Error: expected ' ' or ']' in !> binder  got [{:colon  ":"  1934}  {:atom  "nat"  1936}  {:rbracket  "]"  1939}  {:colon  ":"  1941}  {:lparen  "("  1943}  {:var  "A"  1945}  {:arrow  ">"  1947
gamma_limit_5,DAT/DAT371^1.p,unknown,Theorem,parser_error,na,0,,,,,,,,,cached: Syntax Error: expected ' ' or ']' in !> binder  got [{:colon  ":"  1911}  {:atom  "nat"  1913}  {:rbracket  "]"  1916}  {:colon  ":"  1918}  {:lparen  "("  1920}  {:var  "A"  1922}  {:arrow  ">"  1924
gamma_limit_5,DAT/DAT372^1.p,unknown,Theorem,parser_error,na,0,,,,,,,,,cached: Syntax Error: expected ' ' or ']' in !> binder  got [{:colon  ":"  1939}  {:atom  "nat"  1941}  {:rbracket  "]"  1944}  {:colon  ":"  1946}  {:lparen  "("  1948}  {:var  "A"  1950}  {:arrow  ">"  1952
gamma_limit_5,DAT/DAT373^1.p,unknown,Theorem,parser_error,na,0,,,,,,,,,cached: Syntax Error: expected ' ' or ']' in !> binder  got [{:colon  ":"  1934}  {:atom  "nat"  1936}  {:rbracket  "]"  1939}  {:colon  ":"  1941}  {:lparen  "("  1943}  {:var  "A"  1945}  {:arrow  ">"  1947
gamma_limit_5,DAT/DAT374^1.p,unknown,Theorem,parser_error,na,0,,,,,,,,,cached: Syntax Error: expected ' ' or ']' in !> binder  got [{:colon  ":"  1925}  {:atom  "nat"  1927}  {:rbracket  "]"  1930}  {:colon  ":"  1932}  {:lparen  "("  1934}  {:var  "A"  1936}  {:arrow  ">"  1938
gamma_limit_5,DAT/DAT375^1.p,unknown,Theorem,parser_error,na,0,,,,,,,,,cached: Syntax Error: expected ' ' or ']' in !> binder  got [{:colon  ":"  1923}  {:atom  "nat"  1925}  {:rbracket  "]"  1928}  {:colon  ":"  1930}  {:lparen  "("  1932}  {:var  "A"  1934}  {:arrow  ">"  1936
gamma_limit_5,DAT/DAT376^1.p,unknown,Theorem,parser_error,na,0,,,,,,,,,cached: Syntax Error: expected ' ' or ']' in !> binder  got [{:colon  ":"  1911}  {:atom  "nat"  1913}  {:rbracket  "]"  1916}  {:colon  ":"  1918}  {:lparen  "("  1920}  {:var  "A"  1922}  {:arrow  ">"  1924
gamma_limit_5,DAT/DAT377^1.p,unknown,Theorem,parser_error,na,0,,,,,,,,,cached: Syntax Error: expected ' ' or ']' in !> binder  got [{:colon  ":"  2346}  {:atom  "nat"  2348}  {:rbracket  "]"  2351}  {:colon  ":"  2353}  {:lparen  "("  2355}  {:var  "A"  2357}  {:arrow  ">"  2359
gamma_limit_5,DAT/DAT378^1.p,unknown,Theorem,parser_error,na,0,,,,,,,,,cached: Syntax Error: expected ' ' or ']' in !> binder  got [{:colon  ":"  1932}  {:atom  "nat"  1934}  {:rbracket  "]"  1937}  {:colon  ":"  1939}  {:lparen  "("  1941}  {:var  "A"  1943}  {:arrow  ">"  1945
gamma_limit_5,DAT/DAT379^1.p,unknown,Theorem,parser_error,na,0,,,,,,,,,cached: Syntax Error: expected ' ' or ']' in !> binder  got [{:colon  ":"  2409}  {:atom  "nat"  2411}  {:rbracket  "]"  2414}  {:colon  ":"  2416}  {:lparen  "("  2418}  {:var  "A"  2420}  {:arrow  ">"  2422
gamma_limit_5,DAT/DAT380^1.p,unknown,Theorem,parser_error,na,0,,,,,,,,,cached: Syntax Error: expected ' ' or ']' in !> binder  got [{:colon  ":"  2381}  {:atom  "nat"  2383}  {:rbracket  "]"  2386}  {:colon  ":"  2388}  {:lparen  "("  2390}  {:var  "A"  2392}  {:arrow  ">"  2394
gamma_limit_5,DAT/DAT381^1.p,unknown,Theorem,parser_error,na,0,,,,,,,,,cached: Syntax Error: expected ' ' or ']' in !> binder  got [{:colon  ":"  2020}  {:atom  "nat"  2022}  {:rbracket  "]"  2025}  {:colon  ":"  2027}  {:lparen  "("  2029}  {:atom  "nat"  2031}  {:arrow  ">"  2
gamma_limit_5,DAT/DAT382^1.p,unknown,Theorem,parser_error,na,0,,,,,,,,,cached: Syntax Error: expected ' ' or ']' in !> binder  got [{:colon  ":"  2454}  {:atom  "nat"  2456}  {:rbracket  "]"  2459}  {:colon  ":"  2461}  {:lparen  "("  2463}  {:atom  "elem"  2465}  {:arrow  ">"  
gamma_limit_5,DAT/DAT383^1.p,unknown,Theorem,parser_error,na,0,,,,,,,,,cached: Syntax Error: expected ' ' or ']' in !> binder  got [{:colon  ":"  2462}  {:atom  "nat"  2464}  {:rbracket  "]"  2467}  {:colon  ":"  2469}  {:lparen  "("  2471}  {:atom  "elem"  2473}  {:arrow  ">"  
gamma_limit_5,DAT/DAT384^1.p,unknown,Theorem,parser_error,na,0,,,,,,,,,cached: Syntax Error: expected ' ' or ']' in !> binder  got [{:colon  ":"  2438}  {:atom  "nat"  2440}  {:rbracket  "]"  2443}  {:colon  ":"  2445}  {:lparen  "("  2447}  {:atom  "elem"  2449}  {:arrow  ">"  
gamma_limit_5,DAT/DAT385^1.p,unknown,Theorem,parser_error,na,0,,,,,,,,,cached: Syntax Error: expected ' ' or ']' in !> binder  got [{:colon  ":"  2462}  {:atom  "nat"  2464}  {:rbracket  "]"  2467}  {:colon  ":"  2469}  {:lparen  "("  2471}  {:atom  "elem"  2473}  {:arrow  ">"  
gamma_limit_5,DAT/DAT386^1.p,unknown,Theorem,parser_error,na,0,,,,,,,,,cached: Syntax Error: expected ' ' or ']' in !> binder  got [{:colon  ":"  2462}  {:atom  "nat"  2464}  {:rbracket  "]"  2467}  {:colon  ":"  2469}  {:lparen  "("  2471}  {:atom  "elem"  2473}  {:arrow  ">"  
gamma_limit_5,DAT/DAT387^1.p,unknown,Theorem,parser_error,na,0,,,,,,,,,cached: Syntax Error: expected ' ' or ']' in !> binder  got [{:colon  ":"  2462}  {:atom  "nat"  2464}  {:rbracket  "]"  2467}  {:colon  ":"  2469}  {:lparen  "("  2471}  {:atom  "elem"  2473}  {:arrow  ">"  
gamma_limit_5,DAT/DAT388^1.p,unknown,Theorem,parser_error,na,0,,,,,,,,,cached: Syntax Error: expected ' ' or ']' in !> binder  got [{:colon  ":"  2465}  {:atom  "nat"  2467}  {:rbracket  "]"  2470}  {:colon  ":"  2472}  {:lparen  "("  2474}  {:atom  "elem"  2476}  {:arrow  ">"  
gamma_limit_5,DAT/DAT389^1.p,unknown,Theorem,parser_error,na,0,,,,,,,,,cached: Syntax Error: expected ' ' or ']' in !> binder  got [{:colon  ":"  2465}  {:atom  "nat"  2467}  {:rbracket  "]"  2470}  {:colon  ":"  2472}  {:lparen  "("  2474}  {:atom  "elem"  2476}  {:arrow  ">"  
gamma_limit_5,DAT/DAT390^1.p,unknown,Theorem,parser_error,na,0,,,,,,,,,cached: Syntax Error: expected ' ' or ']' in !> binder  got [{:colon  ":"  2465}  {:atom  "nat"  2467}  {:rbracket  "]"  2470}  {:colon  ":"  2472}  {:lparen  "("  2474}  {:atom  "elem"  2476}  {:arrow  ">"  
gamma_limit_5,DAT/DAT391^1.p,unknown,Theorem,parser_error,na,0,,,,,,,,,cached: Syntax Error: expected ' ' or ']' in !> binder  got [{:colon  ":"  2465}  {:atom  "nat"  2467}  {:rbracket  "]"  2470}  {:colon  ":"  2472}  {:lparen  "("  2474}  {:atom  "elem"  2476}  {:arrow  ">"  
gamma_limit_5,DAT/DAT392^1.p,unknown,Theorem,parser_error,na,0,,,,,,,,,cached: Syntax Error: expected ' ' or ']' in !> binder  got [{:colon  ":"  2465}  {:atom  "nat"  2467}  {:rbracket  "]"  2470}  {:colon  ":"  2472}  {:lparen  "("  2474}  {:atom  "elem"  2476}  {:arrow  ">"  
gamma_limit_5,DAT/DAT393^1.p,unknown,Theorem,parser_error,na,0,,,,,,,,,cached: Syntax Error: expected ' ' or ']' in !> binder  got [{:colon  ":"  2465}  {:atom  "nat"  2467}  {:rbracket  "]"  2470}  {:colon  ":"  2472}  {:lparen  "("  2474}  {:atom  "elem"  2476}  {:arrow  ">"  
gamma_limit_5,DAT/DAT394^1.p,unknown,Theorem,parser_error,na,0,,,,,,,,,cached: Syntax Error: expected ' ' or ']' in !> binder  got [{:colon  ":"  2465}  {:atom  "nat"  2467}  {:rbracket  "]"  2470}  {:colon  ":"  2472}  {:lparen  "("  2474}  {:atom  "elem"  2476}  {:arrow  ">"  
gamma_limit_5,DAT/DAT395^1.p,unknown,Theorem,parser_error,na,0,,,,,,,,,cached: Syntax Error: expected ' ' or ']' in !> binder  got [{:colon  ":"  2462}  {:atom  "nat"  2464}  {:rbracket  "]"  2467}  {:colon  ":"  2469}  {:lparen  "("  2471}  {:atom  "elem"  2473}  {:arrow  ">"  
gamma_limit_5,DAT/DAT396^1.p,unknown,Theorem,parser_error,na,0,,,,,,,,,cached: Syntax Error: expected ' ' or ']' in !> binder  got [{:colon  ":"  2055}  {:atom  "nat"  2057}  {:rbracket  "]"  2060}  {:colon  ":"  2062}  {:lparen  "("  2064}  {:atom  "elem"  2066}  {:arrow  ">"  
gamma_limit_5,DAT/DAT397^1.p,unknown,Theorem,parser_error,na,0,,,,,,,,,cached: Syntax Error: expected ' ' or ']' in !> binder  got [{:colon  ":"  2055}  {:atom  "nat"  2057}  {:rbracket  "]"  2060}  {:colon  ":"  2062}  {:lparen  "("  2064}  {:atom  "elem"  2066}  {:arrow  ">"  
gamma_limit_5,DAT/DAT398^1.p,unknown,Theorem,parser_error,na,0,,,,,,,,,cached: Syntax Error: expected ' ' or ']' in !> binder  got [{:colon  ":"  2055}  {:atom  "nat"  2057}  {:rbracket  "]"  2060}  {:colon  ":"  2062}  {:lparen  "("  2064}  {:atom  "elem"  2066}  {:arrow  ">"  
gamma_limit_5,DAT/DAT399^1.p,unknown,Theorem,parser_error,na,0,,,,,,,,,cached: Syntax Error: expected ' ' or ']' in !> binder  got [{:colon  ":"  2055}  {:atom  "nat"  2057}  {:rbracket  "]"  2060}  {:colon  ":"  2062}  {:lparen  "("  2064}  {:atom  "elem"  2066}  {:arrow  ">"  
gamma_limit_5,DAT/DAT400^1.p,unknown,Theorem,parser_error,na,0,,,,,,,,,cached: Syntax Error: expected ' ' or ']' in !> binder  got [{:colon  ":"  2055}  {:atom  "nat"  2057}  {:rbracket  "]"  2060}  {:colon  ":"  2062}  {:lparen  "("  2064}  {:atom  "elem"  2066}  {:arrow  ">"  
gamma_limit_5,DAT/DAT401^1.p,unknown,Theorem,parser_error,na,0,,,,,,,,,cached: Syntax Error: expected ' ' or ']' in !> binder  got [{:colon  ":"  2041}  {:atom  "nat"  2043}  {:rbracket  "]"  2046}  {:colon  ":"  2048}  {:lparen  "("  2050}  {:atom  "elem"  2052}  {:arrow  ">"  
gamma_limit_5,DAT/DAT402^1.p,unknown,Theorem,parser_error,na,0,,,,,,,,,cached: Syntax Error: expected ' ' or ']' in !> binder  got [{:colon  ":"  2146}  {:atom  "nat"  2148}  {:rbracket  "]"  2151}  {:colon  ":"  2153}  {:lparen  "("  2155}  {:var  "A"  2157}  {:arrow  ">"  2159
gamma_limit_5,DAT/DAT403^1.p,unknown,Theorem,parser_error,na,0,,,,,,,,,cached: Syntax Error: expected ' ' or ']' in !> binder  got [{:colon  ":"  2111}  {:atom  "nat"  2113}  {:rbracket  "]"  2116}  {:colon  ":"  2118}  {:lparen  "("  2120}  {:var  "A"  2122}  {:arrow  ">"  2124
gamma_limit_5,DAT/DAT404^1.p,unknown,Theorem,parser_error,na,0,,,,,,,,,cached: Syntax Error: expected ' ' or ']' in !> binder  got [{:colon  ":"  2146}  {:atom  "nat"  2148}  {:rbracket  "]"  2151}  {:colon  ":"  2153}  {:lparen  "("  2155}  {:var  "A"  2157}  {:arrow  ">"  2159
gamma_limit_5,DAT/DAT405^1.p,unknown,Theorem,parser_error,na,0,,,,,,,,,cached: Syntax Error: expected ' ' or ']' in !> binder  got [{:colon  ":"  2112}  {:atom  "nat"  2114}  {:rbracket  "]"  2117}  {:colon  ":"  2119}  {:lparen  "("  2121}  {:var  "A"  2123}  {:arrow  ">"  2125
gamma_limit_5,DAT/DAT406^1.p,unknown,Theorem,parser_error,na,0,,,,,,,,,cached: Syntax Error: expected ' ' or ']' in !> binder  got [{:colon  ":"  2111}  {:atom  "nat"  2113}  {:rbracket  "]"  2116}  {:colon  ":"  2118}  {:lparen  "("  2120}  {:var  "A"  2122}  {:arrow  ">"  2124
gamma_limit_5,DAT/DAT407^1.p,unknown,Theorem,parser_error,na,0,,,,,,,,,cached: Syntax Error: expected ' ' or ']' in !> binder  got [{:colon  ":"  2146}  {:atom  "nat"  2148}  {:rbracket  "]"  2151}  {:colon  ":"  2153}  {:lparen  "("  2155}  {:var  "A"  2157}  {:arrow  ">"  2159
gamma_limit_5,DAT/DAT408^1.p,unknown,Theorem,parser_error,na,0,,,,,,,,,cached: Syntax Error: expected ' ' or ']' in !> binder  got [{:colon  ":"  2146}  {:atom  "nat"  2148}  {:rbracket  "]"  2151}  {:colon  ":"  2153}  {:lparen  "("  2155}  {:var  "A"  2157}  {:arrow  ">"  2159
gamma_limit_5,DAT/DAT409^1.p,unknown,Theorem,parser_error,na,0,,,,,,,,,cached: Syntax Error: expected ' ' or ']' in !> binder  got [{:colon  ":"  2111}  {:atom  "nat"  2113}  {:rbracket  "]"  2116}  {:colon  ":"  2118}  {:lparen  "("  2120}  {:var  "A"  2122}  {:arrow  ">"  2124
gamma_limit_5,DAT/DAT410^1.p,unknown,Theorem,parser_error,na,0,,,,,,,,,cached: Syntax Error: expected ' ' or ']' in !> binder  got [{:colon  ":"  2147}  {:atom  "nat"  2149}  {:rbracket  "]"  2152}  {:colon  ":"  2154}  {:lparen  "("  2156}  {:var  "A"  2158}  {:arrow  ">"  2160
gamma_limit_5,DAT/DAT411^1.p,unknown,Theorem,parser_error,na,0,,,,,,,,,cached: Syntax Error: expected ' ' or ']' in !> binder  got [{:colon  ":"  2152}  {:atom  "nat"  2154}  {:rbracket  "]"  2157}  {:colon  ":"  2159}  {:lparen  "("  2161}  {:var  "A"  2163}  {:arrow  ">"  2165
gamma_limit_5,DAT/DAT412^1.p,unknown,Theorem,parser_error,na,0,,,,,,,,,cached: Syntax Error: expected ' ' or ']' in !> binder  got [{:colon  ":"  2112}  {:atom  "nat"  2114}  {:rbracket  "]"  2117}  {:colon  ":"  2119}  {:lparen  "("  2121}  {:var  "A"  2123}  {:arrow  ">"  2125
gamma_limit_5,DAT/DAT413^1.p,unknown,Theorem,parser_error,na,0,,,,,,,,,cached: Syntax Error: expected ' ' or ']' in !> binder  got [{:colon  ":"  2134}  {:atom  "nat"  2136}  {:rbracket  "]"  2139}  {:colon  ":"  2141}  {:lparen  "("  2143}  {:var  "A"  2145}  {:arrow  ">"  2147
gamma_limit_5,DAT/DAT414^1.p,unknown,Theorem,parser_error,na,0,,,,,,,,,cached: Syntax Error: expected ' ' or ']' in !> binder  got [{:colon  ":"  2117}  {:atom  "nat"  2119}  {:rbracket  "]"  2122}  {:colon  ":"  2124}  {:lparen  "("  2126}  {:var  "A"  2128}  {:arrow  ">"  2130
gamma_limit_5,DAT/DAT415^1.p,unknown,Theorem,parser_error,na,0,,,,,,,,,cached: Syntax Error: expected ' ' or ']' in !> binder  got [{:colon  ":"  1820}  {:atom  "nat"  1822}  {:rbracket  "]"  1825}  {:colon  ":"  1827}  {:lparen  "("  1829}  {:atom  "nat"  1831}  {:arrow  ">"  1
gamma_limit_5,DAT/DAT416^1.p,unknown,Theorem,parser_error,na,0,,,,,,,,,cached: Syntax Error: expected ' ' or ']' in !> binder  got [{:colon  ":"  1818}  {:atom  "nat"  1820}  {:rbracket  "]"  1823}  {:colon  ":"  1825}  {:lparen  "("  1827}  {:atom  "nat"  1829}  {:arrow  ">"  1
gamma_limit_5,DAT/DAT417^1.p,unknown,Theorem,parser_error,na,0,,,,,,,,,cached: Syntax Error: expected ' ' or ']' in !> binder  got [{:colon  ":"  1824}  {:atom  "nat"  1826}  {:rbracket  "]"  1829}  {:colon  ":"  1831}  {:lparen  "("  1833}  {:atom  "nat"  1835}  {:arrow  ">"  1
gamma_limit_5,DAT/DAT418^1.p,unknown,Theorem,parser_error,na,0,,,,,,,,,cached: Syntax Error: expected ' ' or ']' in !> binder  got [{:colon  ":"  1822}  {:atom  "nat"  1824}  {:rbracket  "]"  1827}  {:colon  ":"  1829}  {:lparen  "("  1831}  {:atom  "nat"  1833}  {:arrow  ">"  1
gamma_limit_5,DAT/DAT419^1.p,unknown,Theorem,parser_error,na,0,,,,,,,,,cached: Syntax Error: expected ' ' or ']' in !> binder  got [{:colon  ":"  2524}  {:atom  "nat"  2526}  {:rbracket  "]"  2529}  {:colon  ":"  2531}  {:lparen  "("  2533}  {:lparen  "("  2535}  {:atom  "tree" 
gamma_limit_5,DAT/DAT420^1.p,unknown,Theorem,parser_error,na,0,,,,,,,,,cached: Syntax Error: expected ' ' or ']' in !> binder  got [{:colon  ":"  2512}  {:atom  "nat"  2514}  {:rbracket  "]"  2517}  {:colon  ":"  2519}  {:lparen  "("  2521}  {:lparen  "("  2523}  {:atom  "tree" 
gamma_limit_5,DAT/DAT421^1.p,unknown,Theorem,parser_error,na,0,,,,,,,,,cached: Syntax Error: expected ' ' or ']' in !> binder  got [{:colon  ":"  2005}  {:atom  "nat"  2007}  {:rbracket  "]"  2010}  {:colon  ":"  2012}  {:lparen  "("  2014}  {:lparen  "("  2016}  {:atom  "tree" 
gamma_limit_5,DAT/DAT422^1.p,unknown,Theorem,parser_error,na,0,,,,,,,,,cached: Syntax Error: expected ' ' or ']' in !> binder  got [{:colon  ":"  2005}  {:atom  "nat"  2007}  {:rbracket  "]"  2010}  {:colon  ":"  2012}  {:lparen  "("  2014}  {:lparen  "("  2016}  {:atom  "tree" 
gamma_limit_5,DAT/DAT423^1.p,unknown,Theorem,parser_error,na,0,,,,,,,,,cached: Syntax Error: expected ' ' or ']' in !> binder  got [{:colon  ":"  2005}  {:atom  "nat"  2007}  {:rbracket  "]"  2010}  {:colon  ":"  2012}  {:lparen  "("  2014}  {:lparen  "("  2016}  {:atom  "tree" 
gamma_limit_5,DAT/DAT424^1.p,unknown,Theorem,parser_error,na,0,,,,,,,,,cached: Syntax Error: expected ' ' or ']' in !> binder  got [{:colon  ":"  2527}  {:atom  "nat"  2529}  {:rbracket  "]"  2532}  {:colon  ":"  2534}  {:lparen  "("  2536}  {:lparen  "("  2538}  {:atom  "tree" 
gamma_limit_5,DAT/DAT425^1.p,unknown,Theorem,parser_error,na,0,,,,,,,,,cached: Syntax Error: expected ' ' or ']' in !> binder  got [{:colon  ":"  2517}  {:atom  "nat"  2519}  {:rbracket  "]"  2522}  {:colon  ":"  2524}  {:lparen  "("  2526}  {:lparen  "("  2528}  {:atom  "tree" 
gamma_limit_5,DAT/DAT426^1.p,unknown,Theorem,parser_error,na,0,,,,,,,,,cached: Syntax Error: expected ' ' or ']' in !> binder  got [{:colon  ":"  2004}  {:atom  "nat"  2006}  {:rbracket  "]"  2009}  {:colon  ":"  2011}  {:lparen  "("  2013}  {:lparen  "("  2015}  {:atom  "tree" 
gamma_limit_5,DAT/DAT427^1.p,unknown,Theorem,parser_error,na,0,,,,,,,,,cached: Syntax Error: expected ' ' or ']' in !> binder  got [{:colon  ":"  1996}  {:atom  "nat"  1998}  {:rbracket  "]"  2001}  {:colon  ":"  2003}  {:lparen  "("  2005}  {:lparen  "("  2007}  {:atom  "tree" 
gamma_limit_5,DAT/DAT428^1.p,unknown,Theorem,parser_error,na,0,,,,,,,,,cached: Syntax Error: expected ' ' or ']' in !> binder  got [{:colon  ":"  1980}  {:atom  "nat"  1982}  {:rbracket  "]"  1985}  {:colon  ":"  1987}  {:lparen  "("  1989}  {:lparen  "("  1991}  {:atom  "tree" 
gamma_limit_5,DAT/DAT429^1.p,unknown,Theorem,parser_error,na,0,,,,,,,,,cached: Syntax Error: expected ' ' or ']' in !> binder  got [{:colon  ":"  1985}  {:atom  "nat"  1987}  {:rbracket  "]"  1990}  {:colon  ":"  1992}  {:lparen  "("  1994}  {:lparen  "("  1996}  {:atom  "tree" 
gamma_limit_5,GEG/GEG002^1.p,TH0,Theorem,timeout,na,2119,5006,175,5006,507,21,0,3,0,
gamma_limit_5,GEG/GEG003^1.p,TH0,Theorem,timeout,na,2143,1269,51,1269,184,8,0,0,0,
gamma_limit_5,GEG/GEG004^1.p,TH0,CounterSatisfiable,timeout,na,2120,1169,16,1169,208,0,0,1,0,
gamma_limit_5,GEG/GEG005^1.p,TH0,Theorem,timeout,na,2172,2207,29,2207,512,32,0,1,0,
gamma_limit_5,GEG/GEG006^1.p,TH0,Theorem,timeout,na,2186,1058,17,1058,242,0,0,1,0,
gamma_limit_5,GEG/GEG007^1.p,TH0,Theorem,timeout,na,2155,1543,14,1543,328,32,0,1,0,
gamma_limit_5,GEG/GEG008^1.p,TH0,Theorem,timeout,na,2137,952,26,952,169,0,0,1,0,
gamma_limit_5,GEG/GEG009^1.p,TH0,Theorem,timeout,na,2126,1352,60,1352,227,0,0,1,0,
gamma_limit_5,GEG/GEG010^1.p,TH0,Theorem,timeout,na,2148,857,20,857,199,0,0,1,0,
gamma_limit_5,GEG/GEG011^1.p,TH0,Theorem,timeout,na,2160,1675,31,1675,337,16,0,1,0,
gamma_limit_5,GEG/GEG012^1.p,TH0,Theorem,timeout,na,2118,1080,39,1080,178,0,0,1,0,
gamma_limit_5,GEG/GEG013^1.p,TH0,Theorem,timeout,na,2241,2233,17,2233,723,0,0,1,0,
gamma_limit_5,GEG/GEG014^1.p,TH0,Theorem,timeout,na,2135,1128,13,1128,281,0,0,1,0,
gamma_limit_5,GEG/GEG015^1.p,TH0,Theorem,timeout,na,2171,1840,14,1840,496,0,0,2,0,
gamma_limit_5,GEG/GEG016^1.p,TH0,Theorem,timeout,na,2141,874,30,874,138,0,0,1,0,
gamma_limit_5,GEG/GEG018^1.p,TH0,Theorem,timeout,na,2070,51,3,51,2,1,0,0,0,
gamma_limit_5,GEG/GEG019^1.p,TH0,Theorem,timeout,na,2292,2806,38,2806,796,0,0,1,0,
gamma_limit_5,GEG/GEG020^1.p,TH0,Theorem,timeout,na,2166,1996,23,1996,408,32,0,1,0,
gamma_limit_5,GEO/GEO356^1.p,TH1,Theorem,parse_timeout,na,0,,,,,,,,,cached: parse exceeded 5000ms
gamma_limit_5,GEO/GEO357^1.p,TH1,Theorem,parse_timeout,na,0,,,,,,,,,cached: parse exceeded 5000ms
gamma_limit_5,GEO/GEO358^1.p,TH1,Theorem,parse_timeout,na,0,,,,,,,,,cached: parse exceeded 5000ms
gamma_limit_5,GEO/GEO359^1.p,TH1,Theorem,parse_timeout,na,0,,,,,,,,,cached: parse exceeded 5000ms
gamma_limit_5,GEO/GEO360^1.p,TH1,Theorem,parse_timeout,na,0,,,,,,,,,cached: parse exceeded 5000ms
gamma_limit_5,GEO/GEO361^1.p,TH1,Theorem,parse_timeout,na,0,,,,,,,,,cached: parse exceeded 5000ms
gamma_limit_5,GEO/GEO362^1.p,TH1,Theorem,parse_timeout,na,0,,,,,,,,,cached: parse exceeded 5000ms
gamma_limit_5,GEO/GEO363^1.p,TH1,Theorem,parse_timeout,na,0,,,,,,,,,cached: parse exceeded 5000ms
gamma_limit_5,GEO/GEO364^1.p,TH1,Theorem,parse_timeout,na,0,,,,,,,,,cached: parse exceeded 5000ms
gamma_limit_5,GEO/GEO365^1.p,TH1,Theorem,parse_timeout,na,0,,,,,,,,,cached: parse exceeded 5000ms
gamma_limit_5,GEO/GEO366^1.p,TH1,Theorem,parse_timeout,na,0,,,,,,,,,cached: parse exceeded 5000ms
gamma_limit_5,GEO/GEO367^1.p,TH1,Theorem,parse_timeout,na,0,,,,,,,,,cached: parse exceeded 5000ms
gamma_limit_5,GEO/GEO368^1.p,TH1,Theorem,parse_timeout,na,0,,,,,,,,,cached: parse exceeded 5000ms
gamma_limit_5,GEO/GEO369^1.p,TH1,Theorem,parse_timeout,na,0,,,,,,,,,cached: parse exceeded 5000ms
gamma_limit_5,GEO/GEO370^1.p,TH1,Theorem,parse_timeout,na,0,,,,,,,,,cached: parse exceeded 5000ms
gamma_limit_5,GEO/GEO371^1.p,TH1,Theorem,parse_timeout,na,0,,,,,,,,,cached: parse exceeded 5000ms
gamma_limit_5,GEO/GEO372^1.p,TH1,Theorem,parse_timeout,na,0,,,,,,,,,cached: parse exceeded 5000ms
gamma_limit_5,GEO/GEO373^1.p,TH1,Theorem,parse_timeout,na,0,,,,,,,,,cached: parse exceeded 5000ms
gamma_limit_5,GEO/GEO374^1.p,TH1,Theorem,parse_timeout,na,0,,,,,,,,,cached: parse exceeded 5000ms
gamma_limit_5,GEO/GEO375^1.p,TH1,Theorem,parse_timeout,na,0,,,,,,,,,cached: parse exceeded 5000ms
gamma_limit_5,GEO/GEO376^1.p,TH1,Theorem,parse_timeout,na,0,,,,,,,,,cached: parse exceeded 5000ms
gamma_limit_5,GEO/GEO377^1.p,TH1,Theorem,parse_timeout,na,0,,,,,,,,,cached: parse exceeded 5000ms
gamma_limit_5,GEO/GEO378^1.p,TH1,Theorem,parse_timeout,na,0,,,,,,,,,cached: parse exceeded 5000ms
gamma_limit_5,GEO/GEO379^1.p,TH1,Theorem,parse_timeout,na,0,,,,,,,,,cached: parse exceeded 5000ms
gamma_limit_5,GEO/GEO380^1.p,TH1,Theorem,parse_timeout,na,0,,,,,,,,,cached: parse exceeded 5000ms
gamma_limit_5,GEO/GEO381^1.p,TH1,Theorem,parse_timeout,na,0,,,,,,,,,cached: parse exceeded 5000ms
gamma_limit_5,GEO/GEO382^1.p,TH1,Theorem,parse_timeout,na,0,,,,,,,,,cached: parse exceeded 5000ms
gamma_limit_5,GEO/GEO383^1.p,TH1,Theorem,parse_timeout,na,0,,,,,,,,,cached: parse exceeded 5000ms
gamma_limit_5,GEO/GEO384^1.p,TH1,Theorem,parse_timeout,na,0,,,,,,,,,cached: parse exceeded 5000ms
gamma_limit_5,GEO/GEO385^1.p,TH1,Theorem,parse_timeout,na,0,,,,,,,,,cached: parse exceeded 5000ms
gamma_limit_5,GEO/GEO386^1.p,TH1,Theorem,parse_timeout,na,0,,,,,,,,,cached: parse exceeded 5000ms
gamma_limit_5,GEO/GEO387^1.p,TH1,Theorem,parse_timeout,na,0,,,,,,,,,cached: parse exceeded 5000ms
gamma_limit_5,GEO/GEO388^1.p,TH1,Theorem,parse_timeout,na,0,,,,,,,,,cached: parse exceeded 5000ms
gamma_limit_5,GEO/GEO389^1.p,TH1,Theorem,parse_timeout,na,0,,,,,,,,,cached: parse exceeded 5000ms
gamma_limit_5,GEO/GEO390^1.p,TH1,Theorem,parse_timeout,na,0,,,,,,,,,cached: parse exceeded 5000ms
gamma_limit_5,GEO/GEO391^1.p,TH1,Theorem,parse_timeout,na,0,,,,,,,,,cached: parse exceeded 5000ms
gamma_limit_5,GEO/GEO392^1.p,TH1,Theorem,parse_timeout,na,0,,,,,,,,,cached: parse exceeded 5000ms
gamma_limit_5,GEO/GEO393^1.p,TH1,Theorem,parse_timeout,na,0,,,,,,,,,cached: parse exceeded 5000ms
gamma_limit_5,GEO/GEO394^1.p,TH1,Theorem,parse_timeout,na,0,,,,,,,,,cached: parse exceeded 5000ms
gamma_limit_5,GEO/GEO395^1.p,TH1,Theorem,parse_timeout,na,0,,,,,,,,,cached: parse exceeded 5000ms
gamma_limit_5,GEO/GEO396^1.p,TH1,Theorem,parse_timeout,na,0,,,,,,,,,cached: parse exceeded 5000ms
gamma_limit_5,GEO/GEO397^1.p,TH1,Theorem,parse_timeout,na,0,,,,,,,,,cached: parse exceeded 5000ms
gamma_limit_5,GEO/GEO398^1.p,TH1,Theorem,parse_timeout,na,0,,,,,,,,,cached: parse exceeded 5000ms
gamma_limit_5,GEO/GEO399^1.p,TH1,Theorem,parse_timeout,na,0,,,,,,,,,cached: parse exceeded 5000ms
gamma_limit_5,GEO/GEO400^1.p,TH1,Theorem,parse_timeout,na,0,,,,,,,,,cached: parse exceeded 5000ms
gamma_limit_5,GEO/GEO401^1.p,TH1,Theorem,parse_timeout,na,0,,,,,,,,,cached: parse exceeded 5000ms
gamma_limit_5,GEO/GEO402^1.p,TH1,Theorem,parse_timeout,na,0,,,,,,,,,cached: parse exceeded 5000ms
gamma_limit_5,GEO/GEO403^1.p,TH1,Theorem,parse_timeout,na,0,,,,,,,,,cached: parse exceeded 5000ms
gamma_limit_5,GEO/GEO404^1.p,TH1,Theorem,parse_timeout,na,0,,,,,,,,,cached: parse exceeded 5000ms
gamma_limit_5,GEO/GEO405^1.p,TH1,Theorem,parse_timeout,na,0,,,,,,,,,cached: parse exceeded 5000ms
gamma_limit_5,GEO/GEO406^1.p,TH1,Theorem,parse_timeout,na,0,,,,,,,,,cached: parse exceeded 5000ms
gamma_limit_5,GEO/GEO407^1.p,TH1,Theorem,parse_timeout,na,0,,,,,,,,,cached: parse exceeded 5000ms
gamma_limit_5,GEO/GEO408^1.p,TH1,Theorem,parse_timeout,na,0,,,,,,,,,cached: parse exceeded 5000ms
gamma_limit_5,GEO/GEO409^1.p,TH1,Theorem,parse_timeout,na,0,,,,,,,,,cached: parse exceeded 5000ms
gamma_limit_5,GEO/GEO410^1.p,TH1,Theorem,parse_timeout,na,0,,,,,,,,,cached: parse exceeded 5000ms
gamma_limit_5,GEO/GEO411^1.p,TH1,Theorem,parse_timeout,na,0,,,,,,,,,cached: parse exceeded 5000ms
gamma_limit_5,GEO/GEO412^1.p,TH1,Theorem,parse_timeout,na,0,,,,,,,,,cached: parse exceeded 5000ms
gamma_limit_5,GEO/GEO413^1.p,TH1,Theorem,parse_timeout,na,0,,,,,,,,,cached: parse exceeded 5000ms
gamma_limit_5,GEO/GEO414^1.p,TH1,Theorem,parse_timeout,na,0,,,,,,,,,cached: parse exceeded 5000ms
gamma_limit_5,GEO/GEO415^1.p,TH1,Theorem,parse_timeout,na,0,,,,,,,,,cached: parse exceeded 5000ms
gamma_limit_5,GEO/GEO416^1.p,TH1,Theorem,parse_timeout,na,0,,,,,,,,,cached: parse exceeded 5000ms
gamma_limit_5,GEO/GEO417^1.p,TH1,Theorem,parse_timeout,na,0,,,,,,,,,cached: parse exceeded 5000ms
gamma_limit_5,GEO/GEO418^1.p,TH1,Theorem,parse_timeout,na,0,,,,,,,,,cached: parse exceeded 5000ms
gamma_limit_5,GEO/GEO419^1.p,TH1,Theorem,parse_timeout,na,0,,,,,,,,,cached: parse exceeded 5000ms
gamma_limit_5,GEO/GEO420^1.p,TH1,Theorem,parse_timeout,na,0,,,,,,,,,cached: parse exceeded 5000ms
gamma_limit_5,GEO/GEO421^1.p,TH1,Theorem,parse_timeout,na,0,,,,,,,,,cached: parse exceeded 5000ms
gamma_limit_5,GEO/GEO422^1.p,TH1,Theorem,parse_timeout,na,0,,,,,,,,,cached: parse exceeded 5000ms
gamma_limit_5,GEO/GEO423^1.p,TH1,Theorem,parse_timeout,na,0,,,,,,,,,cached: parse exceeded 5000ms
gamma_limit_5,GEO/GEO424^1.p,TH1,Theorem,parse_timeout,na,0,,,,,,,,,cached: parse exceeded 5000ms
gamma_limit_5,GEO/GEO425^1.p,TH1,Theorem,parse_timeout,na,0,,,,,,,,,cached: parse exceeded 5000ms
gamma_limit_5,GEO/GEO426^1.p,TH1,Theorem,parse_timeout,na,0,,,,,,,,,cached: parse exceeded 5000ms
gamma_limit_5,GEO/GEO427^1.p,TH1,Theorem,parse_timeout,na,0,,,,,,,,,cached: parse exceeded 5000ms
gamma_limit_5,GEO/GEO428^1.p,TH1,Theorem,parse_timeout,na,0,,,,,,,,,cached: parse exceeded 5000ms
gamma_limit_5,GEO/GEO429^1.p,TH1,Theorem,parse_timeout,na,0,,,,,,,,,cached: parse exceeded 5000ms
gamma_limit_5,GEO/GEO430^1.p,TH1,Theorem,parse_timeout,na,0,,,,,,,,,cached: parse exceeded 5000ms
gamma_limit_5,GEO/GEO431^1.p,TH1,Theorem,parse_timeout,na,0,,,,,,,,,cached: parse exceeded 5000ms
gamma_limit_5,GEO/GEO432^1.p,TH1,Theorem,parse_timeout,na,0,,,,,,,,,cached: parse exceeded 5000ms
gamma_limit_5,GEO/GEO433^1.p,TH1,Theorem,parse_timeout,na,0,,,,,,,,,cached: parse exceeded 5000ms
gamma_limit_5,GEO/GEO434^1.p,TH1,Theorem,parse_timeout,na,0,,,,,,,,,cached: parse exceeded 5000ms
gamma_limit_5,GEO/GEO435^1.p,TH1,Theorem,parse_timeout,na,0,,,,,,,,,cached: parse exceeded 5000ms
gamma_limit_5,GEO/GEO436^1.p,TH1,Theorem,parse_timeout,na,0,,,,,,,,,cached: parse exceeded 5000ms
gamma_limit_5,GEO/GEO437^1.p,TH1,Theorem,parse_timeout,na,0,,,,,,,,,cached: parse exceeded 5000ms
gamma_limit_5,GEO/GEO438^1.p,TH1,Theorem,parse_timeout,na,0,,,,,,,,,cached: parse exceeded 5000ms
gamma_limit_5,GEO/GEO439^1.p,TH1,Theorem,parse_timeout,na,0,,,,,,,,,cached: parse exceeded 5000ms
gamma_limit_5,GRA/GRA027^1.p,TH0,Theorem,timeout,na,2023,0,0,0,1,0,0,0,0,
gamma_limit_5,GRA/GRA028^1.p,TH0,Theorem,timeout,na,2030,66,6,66,1,0,0,0,0,
gamma_limit_5,GRA/GRA029^1.p,TH0,Theorem,timeout,na,2052,0,0,0,1,0,0,0,0,
gamma_limit_5,GRA/GRA029^2.p,TH0,Theorem,timeout,na,2050,0,0,0,1,0,0,0,0,
gamma_limit_5,GRA/GRA030^1.p,TH0,Theorem,timeout,na,2041,0,0,0,1,0,0,0,0,
gamma_limit_5,GRA/GRA031^1.p,TH0,CounterSatisfiable,timeout,na,2076,12,1,12,1,0,0,0,0,
gamma_limit_5,GRA/GRA031^2.p,TH0,Theorem,timeout,na,2077,11,1,11,1,0,0,0,0,
gamma_limit_5,GRA/GRA032^1.p,TH0,Theorem,timeout,na,2097,0,0,0,1,0,0,0,0,
gamma_limit_5,GRA/GRA032^2.p,TH0,Theorem,timeout,na,2094,0,0,0,1,0,0,0,0,
gamma_limit_5,GRA/GRA033^1.p,TH0,CounterSatisfiable,timeout,na,2279,3,0,3,1,0,0,0,0,
gamma_limit_5,GRA/GRA033^2.p,TH0,CounterSatisfiable,timeout,na,2308,3,0,3,1,0,0,0,0,
gamma_limit_5,GRA/GRA034^1.p,TH0,Theorem,timeout,na,2293,0,0,0,1,0,0,0,0,
gamma_limit_5,GRA/GRA034^2.p,TH0,Theorem,timeout,na,2294,0,0,0,1,0,0,0,0,
gamma_limit_5,GRA/GRA035^1.p,TH0,CounterSatisfiable,timeout,na,2410,1,0,1,1,0,0,0,0,
gamma_limit_5,GRA/GRA035^2.p,TH0,CounterSatisfiable,timeout,na,2404,1,0,1,1,0,0,0,0,
gamma_limit_5,GRA/GRA036^1.p,TH0,Theorem,timeout,na,2356,0,0,0,1,0,0,0,0,
gamma_limit_5,GRA/GRA036^2.p,TH0,Theorem,timeout,na,2366,0,0,0,1,0,0,0,0,
gamma_limit_5,GRA/GRA037^1.p,TH0,CounterSatisfiable,timeout,na,2517,1,0,1,1,0,0,0,0,
gamma_limit_5,GRA/GRA037^2.p,TH0,CounterSatisfiable,timeout,na,2506,1,0,1,1,0,0,0,0,
gamma_limit_5,GRA/GRA038^1.p,TH0,CounterSatisfiable,timeout,na,2531,1,0,1,1,0,0,0,0,
gamma_limit_5,GRA/GRA038^2.p,TH0,CounterSatisfiable,timeout,na,2523,1,0,1,1,0,0,0,0,
gamma_limit_5,GRA/GRA039^1.p,TH0,Theorem,timeout,na,2406,0,0,0,1,0,0,0,0,
gamma_limit_5,GRA/GRA039^2.p,TH0,Theorem,timeout,na,2409,0,0,0,1,0,0,0,0,
gamma_limit_5,GRA/GRA040^1.p,TH0,CounterSatisfiable,timeout,na,2599,0,0,0,1,0,0,0,0,
gamma_limit_5,GRA/GRA040^2.p,TH0,CounterSatisfiable,timeout,na,2592,0,0,0,1,0,0,0,0,
gamma_limit_5,GRA/GRA041^1.p,TH0,Theorem,timeout,na,2493,0,0,0,1,0,0,0,0,
gamma_limit_5,GRA/GRA041^2.p,TH0,Theorem,timeout,na,2484,0,0,0,1,0,0,0,0,
gamma_limit_5,GRA/GRA042^1.p,TH0,CounterSatisfiable,timeout,na,2716,0,0,0,1,0,0,0,0,
gamma_limit_5,GRA/GRA042^2.p,TH0,CounterSatisfiable,timeout,na,2721,0,0,0,1,0,0,0,0,
gamma_limit_5,GRA/GRA043^1.p,TH0,Theorem,timeout,na,2594,0,0,0,1,0,0,0,0,
gamma_limit_5,GRA/GRA043^2.p,TH0,Theorem,timeout,na,2580,0,0,0,1,0,0,0,0,
gamma_limit_5,GRA/GRA044^1.p,TH0,Theorem,timeout,na,2520,0,0,0,1,0,0,0,0,
gamma_limit_5,GRA/GRA044^2.p,TH0,Theorem,timeout,na,2515,0,0,0,1,0,0,0,0,
gamma_limit_5,GRA/GRA045^1.p,TH0,CounterSatisfiable,timeout,na,2827,0,0,0,1,0,0,0,0,
gamma_limit_5,GRA/GRA045^2.p,TH0,CounterSatisfiable,timeout,na,2844,0,0,0,1,0,0,0,0,
gamma_limit_5,GRA/GRA046^1.p,TH0,Theorem,timeout,na,2572,0,0,0,1,0,0,0,0,
gamma_limit_5,GRA/GRA046^2.p,TH0,Theorem,timeout,na,2558,0,0,0,1,0,0,0,0,
gamma_limit_5,GRA/GRA047^1.p,TH0,CounterSatisfiable,timeout,na,2901,0,0,0,1,0,0,0,0,
gamma_limit_5,GRA/GRA047^2.p,TH0,CounterSatisfiable,timeout,na,2920,0,0,0,1,0,0,0,0,
gamma_limit_5,GRA/GRA048^1.p,TH0,Theorem,timeout,na,2648,0,0,0,1,0,0,0,0,
gamma_limit_5,GRA/GRA048^2.p,TH0,Theorem,timeout,na,2639,0,0,0,1,0,0,0,0,
gamma_limit_5,GRA/GRA049^1.p,TH0,CounterSatisfiable,timeout,na,3003,0,0,0,1,0,0,0,0,
gamma_limit_5,GRA/GRA049^2.p,TH0,CounterSatisfiable,timeout,na,3006,0,0,0,1,0,0,0,0,
gamma_limit_5,GRA/GRA050^1.p,TH0,Theorem,timeout,na,2755,0,0,0,1,0,0,0,0,
gamma_limit_5,GRA/GRA050^2.p,TH0,Theorem,timeout,na,2761,0,0,0,1,0,0,0,0,
gamma_limit_5,GRA/GRA051^1.p,TH0,CounterSatisfiable,timeout,na,3295,0,0,0,1,0,0,0,0,
gamma_limit_5,GRA/GRA051^2.p,TH0,CounterSatisfiable,timeout,na,3261,0,0,0,1,0,0,0,0,
gamma_limit_5,GRA/GRA052^1.p,TH0,Theorem,timeout,na,2809,0,0,0,1,0,0,0,0,
gamma_limit_5,GRA/GRA052^2.p,TH0,Theorem,timeout,na,2784,0,0,0,1,0,0,0,0,
gamma_limit_5,GRA/GRA053^1.p,TH0,CounterSatisfiable,timeout,na,3332,0,0,0,1,0,0,0,0,
gamma_limit_5,GRA/GRA053^2.p,TH0,CounterSatisfiable,timeout,na,3326,0,0,0,1,0,0,0,0,
gamma_limit_5,GRA/GRA054^1.p,TH0,Theorem,timeout,na,2879,0,0,0,1,0,0,0,0,
gamma_limit_5,GRA/GRA054^2.p,TH0,Theorem,timeout,na,2862,0,0,0,1,0,0,0,0,
gamma_limit_5,GRA/GRA055^1.p,TH0,Theorem,timeout,na,3091,0,0,0,1,0,0,0,0,
gamma_limit_5,GRA/GRA055^2.p,TH0,Theorem,timeout,na,3093,0,0,0,1,0,0,0,0,
gamma_limit_5,GRA/GRA056^1.p,TH0,CounterSatisfiable,timeout,na,3857,0,0,0,1,0,0,0,0,
gamma_limit_5,GRA/GRA056^2.p,TH0,CounterSatisfiable,timeout,na,3852,0,0,0,1,0,0,0,0,
gamma_limit_5,GRA/GRA057^1.p,TH0,Open,timeout,na,3142,0,0,0,1,0,0,0,0,
gamma_limit_5,GRA/GRA057^2.p,TH0,Open,timeout,na,3138,0,0,0,1,0,0,0,0,
gamma_limit_5,GRA/GRA058^1.p,TH0,CounterSatisfiable,timeout,na,3941,0,0,0,1,0,0,0,0,
gamma_limit_5,GRA/GRA058^2.p,TH0,CounterSatisfiable,timeout,na,3953,0,0,0,1,0,0,0,0,
gamma_limit_5,GRA/GRA059^1.p,TH0,CounterSatisfiable,timeout,na,4630,0,0,0,1,0,0,0,0,
gamma_limit_5,GRA/GRA059^2.p,TH0,CounterSatisfiable,timeout,na,4608,0,0,0,1,0,0,0,0,
gamma_limit_5,GRA/GRA060^1.p,TH0,Open,timeout,na,3512,0,0,0,1,0,0,0,0,
gamma_limit_5,GRA/GRA060^2.p,TH0,Open,timeout,na,3546,0,0,0,1,0,0,0,0,
gamma_limit_5,GRA/GRA061^1.p,TH0,CounterSatisfiable,timeout,na,4646,0,0,0,1,0,0,0,0,
gamma_limit_5,GRA/GRA061^2.p,TH0,CounterSatisfiable,timeout,na,4654,0,0,0,1,0,0,0,0,
gamma_limit_5,GRA/GRA062^1.p,TH0,Theorem,timeout,na,3571,0,0,0,1,0,0,0,0,
gamma_limit_5,GRA/GRA062^2.p,TH0,Theorem,timeout,na,3577,0,0,0,1,0,0,0,0,
gamma_limit_5,GRA/GRA063^1.p,TH0,Open,timeout,na,4076,0,0,0,1,0,0,0,0,
gamma_limit_5,GRA/GRA063^2.p,TH0,Theorem,timeout,na,4089,0,0,0,1,0,0,0,0,
gamma_limit_5,GRA/GRA064^1.p,TH0,CounterSatisfiable,timeout,na,5663,0,0,0,1,0,0,0,0,
gamma_limit_5,GRA/GRA064^2.p,TH0,CounterSatisfiable,timeout,na,5697,0,0,0,1,0,0,0,0,
gamma_limit_5,GRA/GRA065^1.p,TH0,Open,timeout,na,4122,0,0,0,1,0,0,0,0,
gamma_limit_5,GRA/GRA065^2.p,TH0,Theorem,timeout,na,4109,0,0,0,1,0,0,0,0,
gamma_limit_5,GRA/GRA066^1.p,TH0,CounterSatisfiable,timeout,na,5704,0,0,0,1,0,0,0,0,
gamma_limit_5,GRA/GRA066^2.p,TH0,CounterSatisfiable,timeout,na,5787,0,0,0,1,0,0,0,0,
gamma_limit_5,GRA/GRA067^1.p,TH0,Open,timeout,na,4849,0,0,0,1,0,0,0,0,
gamma_limit_5,GRA/GRA067^2.p,TH0,Theorem,timeout,na,4829,0,0,0,1,0,0,0,0,
gamma_limit_5,GRA/GRA068^1.p,TH0,CounterSatisfiable,parse_timeout,na,0,,,,,,,,,cached: parse exceeded 5000ms
gamma_limit_5,GRA/GRA068^2.p,TH0,CounterSatisfiable,parse_timeout,na,0,,,,,,,,,cached: parse exceeded 5000ms
gamma_limit_5,GRA/GRA069^1.p,TH0,Open,timeout,na,4825,0,0,0,1,0,0,0,0,
gamma_limit_5,GRA/GRA069^2.p,TH0,Theorem,timeout,na,4853,0,0,0,1,0,0,0,0,
gamma_limit_5,GRA/GRA070^1.p,TH0,CounterSatisfiable,parse_timeout,na,0,,,,,,,,,cached: parse exceeded 5000ms
gamma_limit_5,GRA/GRA070^2.p,TH0,CounterSatisfiable,parse_timeout,na,0,,,,,,,,,cached: parse exceeded 5000ms
gamma_limit_5,GRA/GRA071^1.p,TH0,CounterSatisfiable,parse_timeout,na,0,,,,,,,,,cached: parse exceeded 5000ms
gamma_limit_5,GRA/GRA071^2.p,TH0,CounterSatisfiable,parse_timeout,na,0,,,,,,,,,cached: parse exceeded 5000ms
gamma_limit_5,GRA/GRA072^1.p,TH0,Open,timeout,na,5759,0,0,0,1,0,0,0,0,
gamma_limit_5,GRA/GRA072^2.p,TH0,Theorem,timeout,na,5772,0,0,0,1,0,0,0,0,
gamma_limit_5,GRA/GRA073^1.p,TH0,CounterSatisfiable,parse_timeout,na,0,,,,,,,,,cached: parse exceeded 5000ms
gamma_limit_5,GRA/GRA073^2.p,TH0,CounterSatisfiable,parse_timeout,na,0,,,,,,,,,cached: parse exceeded 5000ms
gamma_limit_5,GRA/GRA074^1.p,TH0,Theorem,timeout,na,5861,0,0,0,1,0,0,0,0,
gamma_limit_5,GRA/GRA074^2.p,TH0,Theorem,timeout,na,5817,0,0,0,1,0,0,0,0,
gamma_limit_5,GRA/GRA081^1.p,TH0,Unsatisfiable,no_conjecture,na,7,,,,,,,,,
gamma_limit_5,GRA/GRA082^1.p,TH0,Unsatisfiable,no_conjecture,na,8,,,,,,,,,
gamma_limit_5,GRA/GRA083^1.p,TH0,Unsatisfiable,no_conjecture,na,10,,,,,,,,,
gamma_limit_5,GRA/GRA084^1.p,TH0,Unsatisfiable,no_conjecture,na,12,,,,,,,,,
gamma_limit_5,GRA/GRA085^1.p,TH0,Unsatisfiable,no_conjecture,na,10,,,,,,,,,
gamma_limit_5,GRA/GRA086^1.p,TH0,Unsatisfiable,no_conjecture,na,9,,,,,,,,,
gamma_limit_5,GRA/GRA087^1.p,TH0,Unsatisfiable,no_conjecture,na,7,,,,,,,,,
gamma_limit_5,GRA/GRA088^1.p,TH0,Unsatisfiable,no_conjecture,na,8,,,,,,,,,
gamma_limit_5,GRA/GRA089^1.p,TH0,Unsatisfiable,no_conjecture,na,9,,,,,,,,,
gamma_limit_5,GRA/GRA090^1.p,TH0,Unsatisfiable,no_conjecture,na,9,,,,,,,,,
gamma_limit_5,GRA/GRA091^1.p,TH0,Unsatisfiable,no_conjecture,na,9,,,,,,,,,
gamma_limit_5,GRA/GRA092^1.p,TH0,Unsatisfiable,no_conjecture,na,10,,,,,,,,,
gamma_limit_5,GRA/GRA093^1.p,TH0,Unsatisfiable,no_conjecture,na,9,,,,,,,,,
gamma_limit_5,GRA/GRA094^1.p,TH0,Unsatisfiable,no_conjecture,na,12,,,,,,,,,
gamma_limit_5,GRA/GRA095^1.p,TH0,Unsatisfiable,no_conjecture,na,11,,,,,,,,,
gamma_limit_5,GRA/GRA096^1.p,TH0,Unsatisfiable,no_conjecture,na,10,,,,,,,,,
gamma_limit_5,GRA/GRA097^1.p,TH0,Unsatisfiable,no_conjecture,na,10,,,,,,,,,
gamma_limit_5,GRA/GRA098^1.p,TH0,Unsatisfiable,no_conjecture,na,10,,,,,,,,,
gamma_limit_5,GRA/GRA099^1.p,TH0,Unsatisfiable,no_conjecture,na,9,,,,,,,,,
gamma_limit_5,GRA/GRA100^1.p,TH0,Unsatisfiable,no_conjecture,na,10,,,,,,,,,
gamma_limit_5,GRA/GRA101^1.p,TH0,Unsatisfiable,no_conjecture,na,11,,,,,,,,,
gamma_limit_5,GRA/GRA102^1.p,TH0,Unsatisfiable,no_conjecture,na,9,,,,,,,,,
gamma_limit_5,GRA/GRA103^1.p,TH0,Unsatisfiable,no_conjecture,na,12,,,,,,,,,
gamma_limit_5,GRA/GRA104^1.p,TH0,Unsatisfiable,no_conjecture,na,11,,,,,,,,,
gamma_limit_5,GRA/GRA105^1.p,TH0,Unsatisfiable,no_conjecture,na,8,,,,,,,,,
gamma_limit_5,GRA/GRA106^1.p,TH0,Unsatisfiable,no_conjecture,na,9,,,,,,,,,
gamma_limit_5,GRA/GRA107^1.p,TH0,Unsatisfiable,no_conjecture,na,9,,,,,,,,,
gamma_limit_5,GRA/GRA108^1.p,TH0,Unsatisfiable,no_conjecture,na,10,,,,,,,,,
gamma_limit_5,GRA/GRA109^1.p,TH0,Unsatisfiable,no_conjecture,na,10,,,,,,,,,
gamma_limit_5,GRA/GRA110^1.p,TH0,Unsatisfiable,no_conjecture,na,10,,,,,,,,,
gamma_limit_5,GRA/GRA111^1.p,TH0,Unsatisfiable,no_conjecture,na,9,,,,,,,,,
gamma_limit_5,GRA/GRA112^1.p,TH0,Unsatisfiable,no_conjecture,na,10,,,,,,,,,
gamma_limit_5,GRA/GRA113^1.p,TH0,Unsatisfiable,no_conjecture,na,9,,,,,,,,,
gamma_limit_5,GRA/GRA114^1.p,TH0,Unsatisfiable,no_conjecture,na,10,,,,,,,,,
gamma_limit_5,GRA/GRA115^1.p,TH0,Unsatisfiable,no_conjecture,na,11,,,,,,,,,
gamma_limit_5,GRA/GRA116^1.p,TH0,Unsatisfiable,no_conjecture,na,10,,,,,,,,,
gamma_limit_5,GRP/GRP001^5.p,TH0,Theorem,timeout,na,2128,2125,98,2125,153,27,0,1,0,
gamma_limit_5,GRP/GRP782^1.p,TH0,Unknown,timeout,na,2649,0,0,0,1,0,0,0,0,
gamma_limit_5,GRP/GRP783^1.p,TH0,Unknown,timeout,na,2657,0,0,0,1,0,0,0,0,
gamma_limit_5,GRP/GRP784^1.p,TH0,Unknown,timeout,na,2661,0,0,0,1,0,0,0,0,
gamma_limit_5,GRP/GRP785^1.p,TH0,Unknown,timeout,na,2636,0,0,0,1,0,0,0,0,
gamma_limit_5,GRP/GRP786^1.p,TH0,Unknown,timeout,na,2676,0,0,0,1,0,0,0,0,
gamma_limit_5,GRP/GRP787^1.p,TH0,Unknown,timeout,na,2646,0,0,0,1,0,0,0,0,
gamma_limit_5,GRP/GRP788^1.p,TH0,Unknown,timeout,na,2629,0,0,0,1,0,0,0,0,
gamma_limit_5,GRP/GRP789^1.p,TH0,Unknown,timeout,na,2653,0,0,0,1,0,0,0,0,
gamma_limit_5,GRP/GRP790^1.p,TH0,Unknown,timeout,na,2648,0,0,0,1,0,0,0,0,
gamma_limit_5,GRP/GRP791^1.p,TH0,Unknown,timeout,na,2648,0,0,0,1,0,0,0,0,
gamma_limit_5,GRP/GRP792^1.p,TH0,Theorem,timeout,na,2690,0,0,0,1,0,0,0,0,
gamma_limit_5,GRP/GRP793^1.p,TH0,Unknown,timeout,na,2654,0,0,0,1,0,0,0,0,
gamma_limit_5,GRP/GRP794^1.p,TH0,Theorem,timeout,na,2650,0,0,0,1,0,0,0,0,
gamma_limit_5,GRP/GRP795^1.p,TH0,Unknown,timeout,na,2618,0,0,0,1,0,0,0,0,
gamma_limit_5,GRP/GRP796^1.p,TH0,Unknown,timeout,na,2640,0,0,0,1,0,0,0,0,
gamma_limit_5,GRP/GRP797^1.p,TH0,Unknown,timeout,na,2612,0,0,0,1,0,0,0,0,
gamma_limit_5,GRP/GRP798^1.p,TH0,Unknown,timeout,na,2636,0,0,0,1,0,0,0,0,
gamma_limit_5,GRP/GRP799^1.p,TH0,Unknown,timeout,na,2644,0,0,0,1,0,0,0,0,
gamma_limit_5,GRP/GRP800^1.p,TH0,Unknown,timeout,na,2654,0,0,0,1,0,0,0,0,
gamma_limit_5,GRP/GRP801^1.p,TH0,Unknown,timeout,na,2640,0,0,0,1,0,0,0,0,
gamma_limit_5,GRP/GRP802^1.p,TH0,Theorem,timeout,na,2675,0,0,0,1,0,0,0,0,
gamma_limit_5,GRP/GRP803^1.p,TH0,Unknown,timeout,na,2667,0,0,0,1,0,0,0,0,
gamma_limit_5,GRP/GRP804^1.p,TH0,Theorem,timeout,na,2645,0,0,0,1,0,0,0,0,
gamma_limit_5,GRP/GRP805^1.p,TH0,Unknown,timeout,na,2617,0,0,0,1,0,0,0,0,
gamma_limit_5,GRP/GRP806^1.p,TH0,Unknown,timeout,na,2697,0,0,0,1,0,0,0,0,
gamma_limit_5,GRP/GRP807^1.p,TH0,Unknown,timeout,na,2661,0,0,0,1,0,0,0,0,
gamma_limit_5,GRP/GRP808^1.p,TH0,Theorem,timeout,na,2648,0,0,0,1,0,0,0,0,
gamma_limit_5,GRP/GRP809^1.p,TH0,Unknown,timeout,na,2653,0,0,0,1,0,0,0,0,
gamma_limit_5,GRP/GRP810^1.p,TH0,Unknown,timeout,na,2627,0,0,0,1,0,0,0,0,
gamma_limit_5,GRP/GRP811^1.p,TH0,Unknown,timeout,na,2633,0,0,0,1,0,0,0,0,
gamma_limit_5,GRP/GRP812^1.p,TH0,Unknown,timeout,na,2656,0,0,0,1,0,0,0,0,
gamma_limit_5,GRP/GRP813^1.p,TH0,Unknown,timeout,na,2643,0,0,0,1,0,0,0,0,
gamma_limit_5,GRP/GRP814^1.p,TH0,Unknown,timeout,na,2641,0,0,0,1,0,0,0,0,
gamma_limit_5,GRP/GRP815^1.p,TH0,Unknown,timeout,na,2646,0,0,0,1,0,0,0,0,
gamma_limit_5,GRP/GRP816^1.p,TH0,Unknown,timeout,na,2663,0,0,0,1,0,0,0,0,
gamma_limit_5,GRP/GRP817^1.p,TH0,Unknown,timeout,na,2672,0,0,0,1,0,0,0,0,
gamma_limit_5,GRP/GRP818^1.p,TH0,Unknown,timeout,na,2691,0,0,0,1,0,0,0,0,
gamma_limit_5,GRP/GRP819^1.p,TH0,Unknown,timeout,na,2657,0,0,0,1,0,0,0,0,
gamma_limit_5,GRP/GRP820^1.p,TH0,Unknown,timeout,na,2656,0,0,0,1,0,0,0,0,
gamma_limit_5,GRP/GRP821^1.p,TH0,Unknown,timeout,na,2644,0,0,0,1,0,0,0,0,
gamma_limit_5,ITP/ITP001^1.p,TH0,Theorem,thm,yes,57,7,0,7,2,2,0,0,0,
gamma_limit_5,ITP/ITP001^2.p,TH0,Theorem,thm,yes,18,1,0,1,1,1,0,0,0,
gamma_limit_5,ITP/ITP001^3.p,TH1,Theorem,thm,yes,10,6,0,6,2,2,0,0,0,
gamma_limit_5,ITP/ITP001^4.p,TH0,Theorem,thm,yes,315,31,0,31,4,4,0,0,0,
gamma_limit_5,ITP/ITP001^5.p,TH0,Theorem,thm,yes,119,1,0,1,1,1,0,0,0,
gamma_limit_5,ITP/ITP001^7.p,TH1,Theorem,thm,yes,331,25,0,25,4,4,0,0,0,
gamma_limit_5,ITP/ITP002^1.p,TH0,Theorem,timeout,na,2161,1307,99,1307,50,0,0,0,0,
gamma_limit_5,ITP/ITP002^2.p,TH0,Theorem,timeout,na,2143,1857,74,1857,170,49,0,0,0,
gamma_limit_5,ITP/ITP002^3.p,TH1,Theorem,timeout,na,2163,2964,25,2963,259,242,0,1,0,
gamma_limit_5,ITP/ITP002^4.p,TH0,Theorem,parse_timeout,na,0,,,,,,,,,cached: parse exceeded 5000ms
gamma_limit_5,ITP/ITP002^5.p,TH0,Theorem,timeout,na,4574,219,20,219,2,0,0,0,0,
gamma_limit_5,ITP/ITP002^7.p,TH1,Theorem,timeout,na,3272,212,11,212,12,8,0,0,0,
gamma_limit_5,ITP/ITP003^1.p,TH0,Theorem,timeout,na,2192,31,3,31,1,0,0,0,0,
gamma_limit_5,ITP/ITP003^2.p,TH0,Theorem,timeout,na,2297,1475,16,1475,289,0,0,1,0,
gamma_limit_5,ITP/ITP003^3.p,TH1,Theorem,timeout,na,2164,3382,234,3382,119,47,0,0,0,
gamma_limit_5,ITP/ITP003^4.p,TH0,Theorem,parse_timeout,na,0,,,,,,,,,cached: parse exceeded 5000ms
gamma_limit_5,ITP/ITP003^5.p,TH0,Theorem,parse_timeout,na,0,,,,,,,,,cached: parse exceeded 5000ms
gamma_limit_5,ITP/ITP003^7.p,TH1,Theorem,timeout,na,4425,68,1,68,15,8,0,0,0,
gamma_limit_5,ITP/ITP004^1.p,TH0,Theorem,timeout,na,2153,760,53,760,48,0,0,0,0,
gamma_limit_5,ITP/ITP004^2.p,TH0,Theorem,timeout,na,2131,1334,29,1334,196,0,0,0,0,
gamma_limit_5,ITP/ITP004^3.p,TH1,Theorem,timeout,na,2107,3676,27,3676,106,354,0,1,0,
gamma_limit_5,ITP/ITP004^4.p,TH0,Theorem,parse_timeout,na,0,,,,,,,,,cached: parse exceeded 5000ms
gamma_limit_5,ITP/ITP004^5.p,TH0,Theorem,parse_timeout,na,0,,,,,,,,,cached: parse exceeded 5000ms
gamma_limit_5,ITP/ITP004^7.p,TH1,Theorem,timeout,na,6216,0,0,0,1,0,0,0,0,
gamma_limit_5,ITP/ITP005^1.p,TH0,Theorem,timeout,na,2178,792,66,792,16,0,0,0,0,
gamma_limit_5,ITP/ITP005^2.p,TH0,Theorem,timeout,na,2197,1582,37,1582,220,36,0,1,0,
gamma_limit_5,ITP/ITP005^3.p,TH1,Theorem,timeout,na,2095,1892,138,1892,90,4,0,1,0,
gamma_limit_5,ITP/ITP005^4.p,TH0,Theorem,parse_timeout,na,0,,,,,,,,,cached: parse exceeded 5000ms
gamma_limit_5,ITP/ITP005^5.p,TH0,Theorem,parse_timeout,na,0,,,,,,,,,cached: parse exceeded 5000ms
gamma_limit_5,ITP/ITP005^7.p,TH1,Theorem,parse_timeout,na,0,,,,,,,,,cached: parse exceeded 5000ms
gamma_limit_5,ITP/ITP006^1.p,TH0,Theorem,timeout,na,2184,707,40,707,46,0,0,0,0,
gamma_limit_5,ITP/ITP006^2.p,TH0,Theorem,timeout,na,2145,590,12,590,98,4,0,1,0,
gamma_limit_5,ITP/ITP006^3.p,TH1,Theorem,timeout,na,2100,884,44,884,72,1,0,1,0,
gamma_limit_5,ITP/ITP006^4.p,TH0,Theorem,parse_timeout,na,0,,,,,,,,,cached: parse exceeded 5000ms
gamma_limit_5,ITP/ITP006^5.p,TH0,Theorem,parse_timeout,na,0,,,,,,,,,cached: parse exceeded 5000ms
gamma_limit_5,ITP/ITP006^7.p,TH1,Theorem,parse_timeout,na,0,,,,,,,,,cached: parse exceeded 5000ms
gamma_limit_5,ITP/ITP007^1.p,TH0,Theorem,timeout,na,2432,223,17,223,4,0,0,0,0,
gamma_limit_5,ITP/ITP007^2.p,TH0,Theorem,timeout,na,2453,1856,19,1856,155,410,0,1,0,
gamma_limit_5,ITP/ITP007^3.p,TH1,Theorem,timeout,na,2196,1837,90,1837,114,13,0,1,0,
gamma_limit_5,ITP/ITP007^4.p,TH0,Theorem,parse_timeout,na,0,,,,,,,,,cached: parse exceeded 5000ms
gamma_limit_5,ITP/ITP007^5.p,TH0,Theorem,parse_timeout,na,0,,,,,,,,,cached: parse exceeded 5000ms
gamma_limit_5,ITP/ITP007^7.p,TH1,Theorem,parse_timeout,na,0,,,,,,,,,cached: parse exceeded 5000ms
gamma_limit_5,ITP/ITP008^1.p,TH0,Theorem,timeout,na,2153,1095,71,1095,47,0,0,0,0,
gamma_limit_5,ITP/ITP008^2.p,TH0,Theorem,timeout,na,2206,1636,84,1636,167,0,0,0,0,
gamma_limit_5,ITP/ITP008^3.p,TH1,Theorem,timeout,na,2049,901,36,901,46,28,0,1,0,
gamma_limit_5,ITP/ITP008^4.p,TH0,Theorem,parse_timeout,na,0,,,,,,,,,cached: parse exceeded 5000ms
gamma_limit_5,ITP/ITP008^5.p,TH0,Theorem,parse_timeout,na,0,,,,,,,,,cached: parse exceeded 5000ms
gamma_limit_5,ITP/ITP008^7.p,TH1,Theorem,parse_timeout,na,0,,,,,,,,,cached: parse exceeded 5000ms
gamma_limit_5,ITP/ITP009^1.p,TH0,Theorem,timeout,na,2210,797,73,797,8,0,0,0,0,
gamma_limit_5,ITP/ITP009^2.p,TH0,Theorem,timeout,na,2149,691,18,691,96,3,0,1,0,
gamma_limit_5,ITP/ITP009^3.p,TH1,Theorem,timeout,na,2072,847,62,847,32,1,0,1,0,
gamma_limit_5,ITP/ITP009^4.p,TH0,Theorem,parse_timeout,na,0,,,,,,,,,cached: parse exceeded 5000ms
gamma_limit_5,ITP/ITP009^5.p,TH0,Theorem,parse_timeout,na,0,,,,,,,,,cached: parse exceeded 5000ms
gamma_limit_5,ITP/ITP009^7.p,TH1,Theorem,parse_timeout,na,0,,,,,,,,,cached: parse exceeded 5000ms
gamma_limit_5,ITP/ITP010^1.p,TH0,Theorem,thm,yes,103,7,0,7,1,1,0,0,0,
gamma_limit_5,ITP/ITP010^2.p,TH0,Theorem,thm,yes,70,15,1,15,1,1,0,0,0,
gamma_limit_5,ITP/ITP010^3.p,TH1,Theorem,thm,yes,28,5,0,5,1,1,0,0,0,
gamma_limit_5,ITP/ITP010^4.p,TH0,Theorem,parse_timeout,na,0,,,,,,,,,cached: parse exceeded 5000ms
gamma_limit_5,ITP/ITP010^5.p,TH0,Theorem,parse_timeout,na,0,,,,,,,,,cached: parse exceeded 5000ms
gamma_limit_5,ITP/ITP010^7.p,TH1,Theorem,parse_timeout,na,0,,,,,,,,,cached: parse exceeded 5000ms
gamma_limit_5,ITP/ITP011^1.p,TH0,Theorem,timeout,na,2207,720,56,720,16,0,0,0,0,
gamma_limit_5,ITP/ITP011^2.p,TH0,Theorem,timeout,na,2156,307,15,307,31,1,0,0,0,
gamma_limit_5,ITP/ITP011^3.p,TH1,Theorem,timeout,na,2091,362,24,362,9,7,0,1,0,
gamma_limit_5,ITP/ITP011^4.p,TH0,Theorem,parse_timeout,na,0,,,,,,,,,cached: parse exceeded 5000ms
gamma_limit_5,ITP/ITP011^5.p,TH0,Theorem,parse_timeout,na,0,,,,,,,,,cached: parse exceeded 5000ms
gamma_limit_5,ITP/ITP011^7.p,TH1,Theorem,parse_timeout,na,0,,,,,,,,,cached: parse exceeded 5000ms
gamma_limit_5,ITP/ITP012^1.p,TH0,Theorem,timeout,na,2219,1530,85,1530,69,63,0,0,0,
gamma_limit_5,ITP/ITP012^2.p,TH0,Theorem,timeout,na,2245,2073,11,2073,227,27,0,0,0,
gamma_limit_5,ITP/ITP012^3.p,TH1,Theorem,timeout,na,2247,3881,148,3881,132,304,0,0,0,
gamma_limit_5,ITP/ITP012^4.p,TH0,Theorem,parse_timeout,na,0,,,,,,,,,cached: parse exceeded 5000ms
gamma_limit_5,ITP/ITP012^5.p,TH0,Theorem,parse_timeout,na,0,,,,,,,,,cached: parse exceeded 5000ms
gamma_limit_5,ITP/ITP012^7.p,TH1,Theorem,parse_timeout,na,0,,,,,,,,,cached: parse exceeded 5000ms
gamma_limit_5,ITP/ITP013^1.p,TH0,Theorem,timeout,na,2143,551,53,551,4,0,0,0,0,
gamma_limit_5,ITP/ITP013^2.p,TH0,Theorem,timeout,na,2212,2262,18,2262,280,148,0,2,0,
gamma_limit_5,ITP/ITP013^3.p,TH1,Theorem,prover_error,na,2125,,,,,,,,,{{%RuntimeError{message: "ShotTx.Proof.interior_event/2: unhandled trace entry {450556135  {:instantiate  #Stream<[enum: [498039717  498039749]  funs: [#Function<49.48511117/1 in Stream.map/2>]]>  2}  []}"}  [{ShotTx.Proof  :interior_event  2  [file: ~c"lib/shot_tx/proof.ex"  line: 474  error_info: %{module: Exception}]}  {Enum  :"-reduce/3-lists^foldl/2-0-"  3  [file: ~c"lib/enum.ex"  line: 2622]}  {ShotTx.Proof  :linearize  2  [file: ~c"lib/shot_tx/proof.ex"  line: 367]}  {Enum  :"-map/2-fun-0-"  3  [file: ~c"lib/enum.ex"  line: 1733]}  {:maps  :fold_1  4  [file: ~c"maps.erl"  line: 894]}  {Enum  :map  2  [file: ~c"lib/enum.ex"  line: 2634]}  {ShotTx.Proof  :from_refutation  4  [file: ~c"lib/shot_tx/proof.ex"  line: 117]}  {ShotTx.Prover.Manager  :finish_with_timeout  1  [file: ~c"lib/shot_tx/prover/manager.ex"  line: 221]}]}  {GenServer  :call  [{:via  Registry  {ShotTx.Prover.ProcessRegistry  {"#Reference<0.3081163611.1479802884.133479>"  :manager}}}  :start_proof  :infinity]}}
gamma_limit_5,ITP/ITP013^4.p,TH0,Theorem,parse_timeout,na,0,,,,,,,,,cached: parse exceeded 5000ms
gamma_limit_5,ITP/ITP013^5.p,TH0,Theorem,parse_timeout,na,0,,,,,,,,,cached: parse exceeded 5000ms
gamma_limit_5,ITP/ITP013^7.p,TH1,Theorem,parse_timeout,na,0,,,,,,,,,cached: parse exceeded 5000ms
gamma_limit_5,ITP/ITP014^1.p,TH0,Theorem,timeout,na,2416,13,1,13,1,0,0,0,0,
gamma_limit_5,ITP/ITP014^2.p,TH0,Theorem,timeout,na,2376,39,3,39,1,0,0,0,0,
gamma_limit_5,ITP/ITP014^3.p,TH1,Theorem,timeout,na,2177,14,1,14,1,0,0,0,0,
gamma_limit_5,ITP/ITP014^4.p,TH0,Theorem,parse_timeout,na,0,,,,,,,,,cached: parse exceeded 5000ms
gamma_limit_5,ITP/ITP014^5.p,TH0,Theorem,parse_timeout,na,0,,,,,,,,,cached: parse exceeded 5000ms
gamma_limit_5,ITP/ITP014^7.p,TH1,Theorem,parse_timeout,na,0,,,,,,,,,cached: parse exceeded 5000ms
gamma_limit_5,ITP/ITP015^1.p,TH0,Theorem,timeout,na,2148,571,55,571,4,0,0,0,0,
gamma_limit_5,ITP/ITP015^2.p,TH0,Theorem,timeout,na,2342,2913,15,2913,199,192,0,0,0,
gamma_limit_5,ITP/ITP015^3.p,TH1,Theorem,timeout,na,2110,2388,121,2388,177,34,0,1,0,
gamma_limit_5,ITP/ITP015^4.p,TH0,Theorem,parse_timeout,na,0,,,,,,,,,cached: parse exceeded 5000ms
gamma_limit_5,ITP/ITP015^5.p,TH0,Theorem,parse_timeout,na,0,,,,,,,,,cached: parse exceeded 5000ms
gamma_limit_5,ITP/ITP015^7.p,TH1,Theorem,parse_timeout,na,0,,,,,,,,,cached: parse exceeded 5000ms
gamma_limit_5,ITP/ITP016^1.p,TH0,Theorem,timeout,na,2262,1475,105,1475,66,0,0,0,0,
gamma_limit_5,ITP/ITP016^2.p,TH0,Theorem,timeout,na,2469,1483,20,1483,510,25,0,1,0,
gamma_limit_5,ITP/ITP016^3.p,TH1,Theorem,timeout,na,2195,2922,162,2922,185,9,0,0,0,
gamma_limit_5,ITP/ITP016^4.p,TH0,Theorem,parse_timeout,na,0,,,,,,,,,cached: parse exceeded 5000ms
gamma_limit_5,ITP/ITP016^5.p,TH0,Theorem,parse_timeout,na,0,,,,,,,,,cached: parse exceeded 5000ms
gamma_limit_5,ITP/ITP016^7.p,TH1,Theorem,parse_timeout,na,0,,,,,,,,,cached: parse exceeded 5000ms
gamma_limit_5,ITP/ITP017^1.p,TH0,Theorem,timeout,na,2387,20,2,20,1,0,0,0,0,
gamma_limit_5,ITP/ITP017^2.p,TH0,Theorem,timeout,na,2353,57,5,57,1,0,0,0,0,
gamma_limit_5,ITP/ITP017^3.p,TH1,Theorem,timeout,na,2166,20,2,20,1,0,0,0,0,
gamma_limit_5,ITP/ITP017^4.p,TH0,Theorem,parse_timeout,na,0,,,,,,,,,cached: parse exceeded 5000ms
gamma_limit_5,ITP/ITP017^5.p,TH0,Theorem,parse_timeout,na,0,,,,,,,,,cached: parse exceeded 5000ms
gamma_limit_5,ITP/ITP017^7.p,TH1,Theorem,parse_timeout,na,0,,,,,,,,,cached: parse exceeded 5000ms
gamma_limit_5,ITP/ITP018^1.p,TH0,Theorem,timeout,na,2189,1408,58,1408,163,43,0,0,0,
gamma_limit_5,ITP/ITP018^2.p,TH0,Theorem,timeout,na,2110,866,39,866,79,16,0,0,0,
gamma_limit_5,ITP/ITP018^3.p,TH1,Theorem,timeout,na,2124,3620,25,3620,97,357,0,1,0,
gamma_limit_5,ITP/ITP018^4.p,TH0,Theorem,parse_timeout,na,0,,,,,,,,,cached: parse exceeded 5000ms
gamma_limit_5,ITP/ITP018^5.p,TH0,Theorem,parse_timeout,na,0,,,,,,,,,cached: parse exceeded 5000ms
gamma_limit_5,ITP/ITP018^7.p,TH1,Theorem,parse_timeout,na,0,,,,,,,,,cached: parse exceeded 5000ms
gamma_limit_5,ITP/ITP019^1.p,TH0,Theorem,timeout,na,2187,1432,41,1432,186,10,0,0,0,
gamma_limit_5,ITP/ITP019^2.p,TH0,Theorem,timeout,na,2240,2540,25,2540,815,0,0,3,0,
gamma_limit_5,ITP/ITP019^3.p,TH1,Theorem,timeout,na,2147,4003,33,4003,177,388,0,1,0,
gamma_limit_5,ITP/ITP019^4.p,TH0,Theorem,parse_timeout,na,0,,,,,,,,,cached: parse exceeded 5000ms
gamma_limit_5,ITP/ITP019^5.p,TH0,Theorem,parse_timeout,na,0,,,,,,,,,cached: parse exceeded 5000ms
gamma_limit_5,ITP/ITP019^7.p,TH1,Theorem,parse_timeout,na,0,,,,,,,,,cached: parse exceeded 5000ms
gamma_limit_5,ITP/ITP020^1.p,TH0,ContradictoryAxioms,timeout,na,2248,437,41,437,4,0,0,0,0,
gamma_limit_5,ITP/ITP020^2.p,TH0,Theorem,timeout,na,2260,1715,13,1715,366,0,0,1,0,
gamma_limit_5,ITP/ITP020^3.p,TH1,Theorem,timeout,na,2055,1011,83,1011,22,1,0,1,0,
gamma_limit_5,ITP/ITP020^4.p,TH0,Theorem,parse_timeout,na,0,,,,,,,,,cached: parse exceeded 5000ms
gamma_limit_5,ITP/ITP020^5.p,TH0,Theorem,parse_timeout,na,0,,,,,,,,,cached: parse exceeded 5000ms
gamma_limit_5,ITP/ITP020^7.p,TH1,Theorem,parse_timeout,na,0,,,,,,,,,cached: parse exceeded 5000ms
gamma_limit_5,ITP/ITP021^1.p,TH0,Theorem,timeout,na,2127,976,92,976,8,0,0,0,0,
gamma_limit_5,ITP/ITP021^2.p,TH0,Theorem,timeout,na,2219,1761,17,1761,239,5,0,0,0,
gamma_limit_5,ITP/ITP021^3.p,TH1,Theorem,timeout,na,2148,3296,198,3296,270,3,0,1,0,
gamma_limit_5,ITP/ITP021^4.p,TH0,Theorem,parse_timeout,na,0,,,,,,,,,cached: parse exceeded 5000ms
gamma_limit_5,ITP/ITP021^5.p,TH0,Theorem,parse_timeout,na,0,,,,,,,,,cached: parse exceeded 5000ms
gamma_limit_5,ITP/ITP021^7.p,TH1,Theorem,parse_timeout,na,0,,,,,,,,,cached: parse exceeded 5000ms
gamma_limit_5,ITP/ITP022^1.p,TH0,Theorem,timeout,na,2315,17,1,17,1,0,0,0,0,
gamma_limit_5,ITP/ITP022^2.p,TH0,Theorem,timeout,na,2287,44,4,44,1,0,0,0,0,
gamma_limit_5,ITP/ITP022^3.p,TH1,Theorem,timeout,na,2139,13,1,13,1,0,0,0,0,
gamma_limit_5,ITP/ITP022^4.p,TH0,Theorem,parse_timeout,na,0,,,,,,,,,cached: parse exceeded 5000ms
gamma_limit_5,ITP/ITP022^5.p,TH0,Theorem,parse_timeout,na,0,,,,,,,,,cached: parse exceeded 5000ms
gamma_limit_5,ITP/ITP022^7.p,TH1,Theorem,parse_timeout,na,0,,,,,,,,,cached: parse exceeded 5000ms
gamma_limit_5,ITP/ITP023^1.p,TH0,Theorem,timeout,na,2225,1187,64,1187,98,13,0,0,0,
gamma_limit_5,ITP/ITP023^2.p,TH0,Theorem,timeout,na,2206,1842,11,1842,364,10,0,1,0,
gamma_limit_5,ITP/ITP023^3.p,TH1,Theorem,timeout,na,2099,1632,77,1632,136,1,0,1,0,
gamma_limit_5,ITP/ITP023^4.p,TH0,Theorem,parse_timeout,na,0,,,,,,,,,cached: parse exceeded 5000ms
gamma_limit_5,ITP/ITP023^5.p,TH0,Theorem,parse_timeout,na,0,,,,,,,,,cached: parse exceeded 5000ms
gamma_limit_5,ITP/ITP023^7.p,TH1,Theorem,parse_timeout,na,0,,,,,,,,,cached: parse exceeded 5000ms
gamma_limit_5,ITP/ITP024^1.p,TH0,Theorem,timeout,na,3392,19,1,19,1,0,0,0,0,
gamma_limit_5,ITP/ITP024^2.p,TH0,Theorem,timeout,na,2507,57,5,57,1,0,0,0,0,
gamma_limit_5,ITP/ITP024^3.p,TH1,Theorem,timeout,na,2241,20,2,20,1,0,0,0,0,
gamma_limit_5,ITP/ITP024^4.p,TH0,Theorem,parse_timeout,na,0,,,,,,,,,cached: parse exceeded 5000ms
gamma_limit_5,ITP/ITP024^5.p,TH0,Theorem,parse_timeout,na,0,,,,,,,,,cached: parse exceeded 5000ms
gamma_limit_5,ITP/ITP024^7.p,TH1,Theorem,parse_timeout,na,0,,,,,,,,,cached: parse exceeded 5000ms
gamma_limit_5,ITP/ITP025^1.p,TH0,Theorem,timeout,na,2467,451,33,451,16,3,0,0,0,
gamma_limit_5,ITP/ITP025^2.p,TH0,Theorem,timeout,na,2365,1004,25,1004,188,0,0,0,0,
gamma_limit_5,ITP/ITP025^3.p,TH1,Theorem,timeout,na,2111,337,22,337,4,16,0,2,0,
gamma_limit_5,ITP/ITP025^4.p,TH0,Theorem,parse_timeout,na,0,,,,,,,,,cached: parse exceeded 5000ms
gamma_limit_5,ITP/ITP025^5.p,TH0,Theorem,parse_timeout,na,0,,,,,,,,,cached: parse exceeded 5000ms
gamma_limit_5,ITP/ITP025^7.p,TH1,Theorem,parse_timeout,na,0,,,,,,,,,cached: parse exceeded 5000ms
gamma_limit_5,ITP/ITP026^1.p,TH0,Theorem,timeout,na,2707,1199,84,1199,50,38,0,6,0,
gamma_limit_5,ITP/ITP026^2.p,TH1,Theorem,timeout,na,3175,537,38,537,16,17,0,6,0,
gamma_limit_5,ITP/ITP027^1.p,TH0,Theorem,timeout,na,3290,257,25,257,1,0,0,0,0,
gamma_limit_5,ITP/ITP027^2.p,TH1,Theorem,timeout,na,4196,71,7,71,1,0,0,0,0,
gamma_limit_5,ITP/ITP028^1.p,TH0,Theorem,timeout,na,2532,556,50,556,5,4,0,0,0,
gamma_limit_5,ITP/ITP028^2.p,TH1,Theorem,timeout,na,2820,8,0,8,1,0,0,0,0,
gamma_limit_5,ITP/ITP029^1.p,TH0,ContradictoryAxioms,timeout,na,2496,249,14,249,15,5,0,0,0,
gamma_limit_5,ITP/ITP029^2.p,TH1,ContradictoryAxioms,timeout,na,2516,70,4,70,5,0,0,0,0,
gamma_limit_5,ITP/ITP030^1.p,TH0,ContradictoryAxioms,thm,na,645,1,0,1,1,1,0,0,0,
gamma_limit_5,ITP/ITP030^2.p,TH1,ContradictoryAxioms,thm,na,827,1,0,1,1,1,0,0,0,
gamma_limit_5,ITP/ITP031^1.p,TH0,Theorem,timeout,na,2466,481,9,481,128,15,0,0,0,
gamma_limit_5,ITP/ITP031^2.p,TH1,Theorem,timeout,na,2482,49,4,49,1,0,0,0,0,
gamma_limit_5,ITP/ITP032^1.p,TH0,Theorem,timeout,na,2482,341,19,341,21,5,0,0,0,
gamma_limit_5,ITP/ITP032^2.p,TH1,Theorem,timeout,na,2509,76,5,76,4,0,0,0,0,
gamma_limit_5,ITP/ITP033^1.p,TH0,Theorem,timeout,na,2614,679,36,679,101,4,0,0,0,
gamma_limit_5,ITP/ITP033^2.p,TH1,Theorem,timeout,na,2537,128,3,128,10,0,0,0,0,
gamma_limit_5,ITP/ITP034^1.p,TH0,Theorem,thm,yes,698,2,0,2,1,1,0,0,0,
gamma_limit_5,ITP/ITP034^2.p,TH1,Theorem,timeout,na,2488,198,10,198,14,0,0,0,0,
gamma_limit_5,ITP/ITP035^1.p,TH0,Theorem,timeout,na,2500,154,1,154,29,0,0,0,0,
gamma_limit_5,ITP/ITP035^2.p,TH1,Theorem,timeout,na,2497,97,8,97,2,0,0,0,0,
gamma_limit_5,ITP/ITP036^1.p,TH0,Theorem,timeout,na,2398,0,0,0,1,0,0,0,0,
gamma_limit_5,ITP/ITP036^2.p,TH1,Theorem,timeout,na,3286,112,11,112,1,0,0,0,0,
gamma_limit_5,ITP/ITP037^1.p,TH0,Theorem,thm,yes,759,9,0,9,1,0,0,1,1,
gamma_limit_5,ITP/ITP037^2.p,TH1,Theorem,timeout,na,3168,0,0,0,1,0,0,0,0,
gamma_limit_5,ITP/ITP038^1.p,TH0,Theorem,timeout,na,2489,205,20,205,1,0,0,0,0,
gamma_limit_5,ITP/ITP038^2.p,TH1,Theorem,timeout,na,3757,41,4,41,1,0,0,0,0,
gamma_limit_5,ITP/ITP039^1.p,TH0,Theorem,thm,yes,1093,1,0,1,1,1,0,0,0,
gamma_limit_5,ITP/ITP039^2.p,TH1,Theorem,thm,yes,3193,1,0,1,1,1,0,0,0,
gamma_limit_5,ITP/ITP040^1.p,TH0,ContradictoryAxioms,timeout,na,2622,13,1,13,1,0,0,0,0,
gamma_limit_5,ITP/ITP040^2.p,TH1,ContradictoryAxioms,timeout,na,3512,86,3,86,32,12,0,0,0,
gamma_limit_5,ITP/ITP041^1.p,TH0,Theorem,thm,yes,869,21,2,21,1,1,0,0,0,
gamma_limit_5,ITP/ITP041^2.p,TH1,Theorem,timeout,na,3038,70,7,70,1,0,0,0,0,
gamma_limit_5,ITP/ITP042^1.p,TH0,Theorem,timeout,na,2362,122,12,122,1,0,0,0,0,
gamma_limit_5,ITP/ITP042^2.p,TH1,Theorem,timeout,na,2716,48,4,48,1,0,0,0,0,
gamma_limit_5,ITP/ITP043^1.p,TH0,Theorem,timeout,na,2574,2932,200,2932,189,23,0,0,0,
gamma_limit_5,ITP/ITP043^2.p,TH1,Theorem,timeout,na,2755,1211,60,1211,122,6,0,0,0,
gamma_limit_5,ITP/ITP044^1.p,TH0,Theorem,timeout,na,2547,3430,37,3430,247,0,0,0,0,
gamma_limit_5,ITP/ITP044^2.p,TH1,Theorem,timeout,na,2539,842,38,842,57,37,0,0,0,
gamma_limit_5,ITP/ITP045^1.p,TH0,Theorem,timeout,na,3463,194,4,194,32,0,0,0,0,
gamma_limit_5,ITP/ITP045^2.p,TH1,Theorem,parse_timeout,na,0,,,,,,,,,cached: parse exceeded 5000ms
gamma_limit_5,ITP/ITP046^1.p,TH0,Theorem,timeout,na,3849,548,2,548,463,2,0,0,0,
gamma_limit_5,ITP/ITP046^2.p,TH1,Theorem,parse_timeout,na,0,,,,,,,,,cached: parse exceeded 5000ms
gamma_limit_5,ITP/ITP047^1.p,TH0,Theorem,timeout,na,3544,511,2,511,347,0,0,0,0,
gamma_limit_5,ITP/ITP047^2.p,TH1,Theorem,parse_timeout,na,0,,,,,,,,,cached: parse exceeded 5000ms
gamma_limit_5,ITP/ITP048^1.p,TH0,Theorem,timeout,na,2384,215,21,215,2,0,0,0,0,
gamma_limit_5,ITP/ITP048^2.p,TH1,Theorem,timeout,na,2568,801,58,801,33,0,0,0,0,
gamma_limit_5,ITP/ITP049^1.p,TH0,Theorem,timeout,na,2595,298,29,298,1,0,0,0,0,
gamma_limit_5,ITP/ITP049^2.p,TH1,Theorem,timeout,na,3019,129,12,129,1,0,0,0,0,
gamma_limit_5,ITP/ITP050^1.p,TH0,Theorem,timeout,na,2437,343,31,343,4,0,0,1,0,
gamma_limit_5,ITP/ITP050^2.p,TH1,Theorem,timeout,na,2697,324,24,324,18,0,0,1,0,
gamma_limit_5,ITP/ITP051^1.p,TH0,ContradictoryAxioms,timeout,na,2398,125,8,125,5,2,0,0,0,
gamma_limit_5,ITP/ITP051^2.p,TH1,ContradictoryAxioms,timeout,na,2645,1621,80,1621,114,6,0,0,0,
gamma_limit_5,ITP/ITP052^1.p,TH0,Theorem,timeout,na,2451,456,34,456,16,6,0,0,0,
gamma_limit_5,ITP/ITP052^2.p,TH1,Theorem,timeout,na,3097,466,19,466,42,6,0,0,0,
gamma_limit_5,ITP/ITP053^1.p,TH0,Theorem,timeout,na,2424,1182,102,1182,32,0,0,1,0,
gamma_limit_5,ITP/ITP053^2.p,TH1,Theorem,timeout,na,2784,131,13,131,1,0,0,0,0,
gamma_limit_5,ITP/ITP054^1.p,TH0,Theorem,timeout,na,2321,662,14,662,61,22,0,1,0,
gamma_limit_5,ITP/ITP054^2.p,TH1,Theorem,timeout,na,2621,959,35,959,94,20,0,2,0,
gamma_limit_5,ITP/ITP055^1.p,TH0,Theorem,timeout,na,2895,3644,141,3644,598,0,0,0,0,
gamma_limit_5,ITP/ITP055^2.p,TH1,Theorem,timeout,na,3276,422,23,422,42,9,0,1,0,
gamma_limit_5,ITP/ITP056^1.p,TH0,Theorem,timeout,na,2330,1899,154,1899,108,0,0,0,0,
gamma_limit_5,ITP/ITP056^2.p,TH1,Theorem,timeout,na,2436,1783,141,1783,58,0,0,0,0,
gamma_limit_5,ITP/ITP057^1.p,TH0,Theorem,parser_error,na,0,,,,,,,,,cached: Failed to parse formula 'fact_200_SilentDecisionValueNotInverting': [byte:61243] Type Error: Cannot unify strict function types of different arities.
gamma_limit_5,ITP/ITP057^2.p,TH1,Theorem,parser_error,na,0,,,,,,,,,cached: Failed to parse formula 'fact_125_SilentDecisionValueNotInverting': [byte:52024] Type Error: Cannot unify strict function types of different arities.
gamma_limit_5,ITP/ITP058^1.p,TH0,Theorem,timeout,na,2927,0,0,0,1,0,0,0,0,
gamma_limit_5,ITP/ITP058^2.p,TH1,Theorem,timeout,na,3501,0,0,0,1,0,0,0,0,
gamma_limit_5,ITP/ITP059^1.p,TH0,Theorem,timeout,na,2309,2036,94,2036,122,166,0,5,0,
gamma_limit_5,ITP/ITP059^2.p,TH1,Theorem,timeout,na,2629,1156,55,1156,65,96,0,3,0,
gamma_limit_5,ITP/ITP060^1.p,TH0,Theorem,timeout,na,2376,1775,64,1775,265,65,0,6,0,
gamma_limit_5,ITP/ITP060^2.p,TH1,Theorem,timeout,na,2698,1143,37,1143,133,13,0,6,0,
gamma_limit_5,ITP/ITP061^1.p,TH0,Theorem,timeout,na,2585,1698,90,1698,439,0,0,1,0,
gamma_limit_5,ITP/ITP061^2.p,TH1,Theorem,timeout,na,3004,1152,35,1152,699,0,0,1,0,
gamma_limit_5,ITP/ITP062^1.p,TH0,Theorem,timeout,na,2517,1243,23,1243,219,4,0,1,0,
gamma_limit_5,ITP/ITP062^2.p,TH1,Theorem,timeout,na,2376,712,49,712,23,6,0,9,0,
gamma_limit_5,ITP/ITP063^1.p,TH0,Theorem,timeout,na,2633,3589,158,3589,795,90,0,6,0,
gamma_limit_5,ITP/ITP063^2.p,TH1,Theorem,timeout,na,2509,3265,235,3265,192,2,0,0,0,
gamma_limit_5,ITP/ITP064^1.p,TH0,Theorem,timeout,na,2419,723,51,723,40,2,0,0,0,
gamma_limit_5,ITP/ITP064^2.p,TH1,Theorem,timeout,na,2585,2816,213,2816,163,0,0,0,0,
gamma_limit_5,ITP/ITP065^1.p,TH0,Theorem,timeout,na,2084,1010,53,1010,65,2,0,2,0,
gamma_limit_5,ITP/ITP065^2.p,TH1,Theorem,timeout,na,3619,151,14,151,2,0,0,0,0,
gamma_limit_5,ITP/ITP066^1.p,TH0,Theorem,timeout,na,2700,0,0,0,1,0,0,0,0,
gamma_limit_5,ITP/ITP066^2.p,TH1,Theorem,timeout,na,3149,61,6,61,1,0,0,0,0,
gamma_limit_5,ITP/ITP067^1.p,TH0,Theorem,timeout,na,2374,1785,149,1785,68,3,0,0,0,
gamma_limit_5,ITP/ITP067^2.p,TH1,Theorem,timeout,na,2817,380,23,380,21,0,0,0,0,
gamma_limit_5,ITP/ITP068^1.p,TH0,Theorem,timeout,na,2562,740,45,740,202,0,0,1,0,
gamma_limit_5,ITP/ITP068^2.p,TH1,Theorem,timeout,na,3245,86,8,86,1,0,0,0,0,
gamma_limit_5,ITP/ITP069^1.p,TH0,Theorem,timeout,na,2427,1236,66,1236,200,75,0,1,0,
gamma_limit_5,ITP/ITP069^2.p,TH1,Theorem,timeout,na,3164,67,6,67,1,0,0,0,0,
gamma_limit_5,ITP/ITP070^1.p,TH0,Theorem,timeout,na,2541,0,0,0,1,0,0,0,0,
gamma_limit_5,ITP/ITP070^2.p,TH1,Theorem,timeout,na,3215,71,7,71,1,0,0,0,0,
gamma_limit_5,ITP/ITP071^1.p,TH0,Theorem,timeout,na,2738,0,0,0,1,0,0,0,0,
gamma_limit_5,ITP/ITP071^2.p,TH1,Theorem,timeout,na,3190,25,2,25,1,0,0,0,0,
gamma_limit_5,ITP/ITP072^1.p,TH0,Theorem,timeout,na,2471,1044,25,1044,113,14,0,0,0,
gamma_limit_5,ITP/ITP072^2.p,TH1,Theorem,timeout,na,2514,158,10,158,8,0,0,0,0,
gamma_limit_5,ITP/ITP073^1.p,TH0,Theorem,timeout,na,2475,217,21,217,1,0,0,0,0,
gamma_limit_5,ITP/ITP073^2.p,TH1,Theorem,timeout,na,2487,102,9,102,2,0,0,0,0,
gamma_limit_5,ITP/ITP074^1.p,TH0,Theorem,timeout,na,2346,1260,92,1260,33,23,0,0,0,
gamma_limit_5,ITP/ITP074^2.p,TH1,Theorem,timeout,na,2393,1432,98,1432,71,13,0,0,0,
gamma_limit_5,ITP/ITP075^1.p,TH0,Theorem,timeout,na,2334,32,3,32,1,0,0,0,0,
gamma_limit_5,ITP/ITP075^2.p,TH1,Theorem,timeout,na,2328,55,5,55,1,0,0,0,0,
gamma_limit_5,ITP/ITP076^1.p,TH0,Theorem,timeout,na,2379,1173,101,1173,18,2,0,0,0,
gamma_limit_5,ITP/ITP076^2.p,TH1,Theorem,timeout,na,2454,648,50,648,32,4,0,0,0,
gamma_limit_5,ITP/ITP077^1.p,TH0,Theorem,timeout,na,2555,67,6,67,1,0,0,0,0,
gamma_limit_5,ITP/ITP077^2.p,TH1,Theorem,timeout,na,2590,204,16,204,6,0,0,0,0,
gamma_limit_5,ITP/ITP078^1.p,TH0,Theorem,timeout,na,2493,713,25,713,104,4,0,0,0,
gamma_limit_5,ITP/ITP078^2.p,TH1,Theorem,timeout,na,2414,125,10,125,3,2,0,0,0,
gamma_limit_5,ITP/ITP079^1.p,TH0,Theorem,timeout,na,2513,230,23,230,1,0,0,0,0,
gamma_limit_5,ITP/ITP079^2.p,TH1,Theorem,timeout,na,2497,400,28,400,53,0,0,1,0,
gamma_limit_5,ITP/ITP080^1.p,TH0,Theorem,timeout,na,3002,1085,82,1085,32,8,0,0,0,
gamma_limit_5,ITP/ITP080^2.p,TH1,Theorem,timeout,na,3218,0,0,0,1,0,0,0,0,
gamma_limit_5,ITP/ITP081^1.p,TH0,Theorem,timeout,na,2855,1233,84,1233,77,0,0,0,0,
gamma_limit_5,ITP/ITP081^2.p,TH1,Theorem,timeout,na,3169,0,0,0,1,0,0,0,0,
gamma_limit_5,ITP/ITP082^1.p,TH0,Theorem,timeout,na,2843,1976,138,1976,112,0,0,0,0,
gamma_limit_5,ITP/ITP082^2.p,TH1,Theorem,timeout,na,3118,0,0,0,1,0,0,0,0,
gamma_limit_5,ITP/ITP083^1.p,TH0,Theorem,timeout,na,2676,140,12,140,2,0,0,0,0,
gamma_limit_5,ITP/ITP083^2.p,TH1,Theorem,timeout,na,3171,0,0,0,1,0,0,0,0,
gamma_limit_5,ITP/ITP084^1.p,TH0,Theorem,timeout,na,2586,0,0,0,1,0,0,0,0,
gamma_limit_5,ITP/ITP084^2.p,TH1,Theorem,timeout,na,2861,0,0,0,1,0,0,0,0,
gamma_limit_5,ITP/ITP085^1.p,TH0,Theorem,timeout,na,2610,0,0,0,1,0,0,0,0,
gamma_limit_5,ITP/ITP085^2.p,TH1,Theorem,timeout,na,2768,0,0,0,1,0,0,0,0,
gamma_limit_5,ITP/ITP086^1.p,TH0,Theorem,timeout,na,2483,365,21,365,19,6,0,0,0,
gamma_limit_5,ITP/ITP086^2.p,TH1,Theorem,timeout,na,2629,99,3,99,10,0,0,0,0,
gamma_limit_5,ITP/ITP087^1.p,TH0,Theorem,timeout,na,2606,613,8,613,58,19,0,0,0,
gamma_limit_5,ITP/ITP087^2.p,TH1,Theorem,timeout,na,2688,130,2,130,9,0,0,0,0,
gamma_limit_5,ITP/ITP088^1.p,TH0,Theorem,timeout,na,2709,552,18,552,229,0,0,0,0,
gamma_limit_5,ITP/ITP088^2.p,TH1,Theorem,timeout,na,2691,127,8,127,5,0,0,0,0,
gamma_limit_5,ITP/ITP089^1.p,TH0,Theorem,timeout,na,2598,509,8,509,51,12,0,0,0,
gamma_limit_5,ITP/ITP089^2.p,TH1,Theorem,timeout,na,2703,120,4,120,10,0,0,0,0,
gamma_limit_5,ITP/ITP090^1.p,TH0,Theorem,timeout,na,2605,227,17,227,19,0,0,0,0,
gamma_limit_5,ITP/ITP090^2.p,TH1,Theorem,timeout,na,2709,206,15,206,7,0,0,0,0,
gamma_limit_5,ITP/ITP091^1.p,TH0,Theorem,timeout,na,2670,499,19,499,191,0,0,0,0,
gamma_limit_5,ITP/ITP091^2.p,TH1,Theorem,timeout,na,2693,106,7,106,5,0,0,0,0,
gamma_limit_5,ITP/ITP092^1.p,TH0,Theorem,timeout,na,2904,528,52,528,2,0,0,0,0,
gamma_limit_5,ITP/ITP092^2.p,TH1,Theorem,timeout,na,3972,38,3,38,1,0,0,0,0,
gamma_limit_5,ITP/ITP093^1.p,TH0,Theorem,timeout,na,2480,207,20,207,1,0,0,0,0,
gamma_limit_5,ITP/ITP093^2.p,TH1,Theorem,timeout,na,2745,120,8,120,7,0,0,0,0,
gamma_limit_5,ITP/ITP094^1.p,TH0,Theorem,timeout,na,2335,497,12,497,83,0,0,0,0,
gamma_limit_5,ITP/ITP094^2.p,TH1,Theorem,timeout,na,2470,2010,49,2010,164,98,0,1,0,
gamma_limit_5,ITP/ITP095^1.p,TH0,Theorem,timeout,na,2491,4327,142,4327,269,132,0,0,0,
gamma_limit_5,ITP/ITP095^2.p,TH1,Theorem,timeout,na,2435,1538,116,1538,95,12,0,3,0,
gamma_limit_5,ITP/ITP096^1.p,TH0,ContradictoryAxioms,timeout,na,2482,4432,89,4432,476,557,0,6,0,
gamma_limit_5,ITP/ITP096^2.p,TH1,ContradictoryAxioms,timeout,na,2542,3244,159,3244,267,128,0,2,0,
gamma_limit_5,ITP/ITP097^1.p,TH0,Theorem,timeout,na,2467,2205,10,2205,507,0,0,0,0,
gamma_limit_5,ITP/ITP097^2.p,TH1,Theorem,timeout,na,2556,3156,127,3156,367,30,0,8,0,
gamma_limit_5,ITP/ITP098^1.p,TH0,Theorem,timeout,na,2692,161,16,161,1,0,0,0,0,
gamma_limit_5,ITP/ITP098^2.p,TH1,Theorem,timeout,na,2581,483,45,483,4,0,0,0,0,
gamma_limit_5,ITP/ITP099^1.p,TH0,Theorem,timeout,na,2333,471,44,471,5,0,0,0,0,
gamma_limit_5,ITP/ITP099^2.p,TH1,Theorem,timeout,na,2474,494,39,494,12,0,0,0,0,
gamma_limit_5,ITP/ITP100^1.p,TH0,Theorem,timeout,na,2733,0,0,0,1,0,0,0,0,
gamma_limit_5,ITP/ITP100^2.p,TH1,Theorem,timeout,na,3049,0,0,0,1,0,0,0,0,
gamma_limit_5,ITP/ITP101^1.p,TH0,Theorem,timeout,na,2358,440,35,440,13,0,0,0,0,
gamma_limit_5,ITP/ITP101^2.p,TH1,Theorem,timeout,na,2561,490,35,490,32,0,0,0,0,
gamma_limit_5,ITP/ITP102^1.p,TH0,Theorem,timeout,na,2297,444,38,444,8,0,0,0,0,
gamma_limit_5,ITP/ITP102^2.p,TH1,Theorem,timeout,na,2689,1615,81,1615,263,16,0,0,0,
gamma_limit_5,ITP/ITP103^1.p,TH0,Theorem,timeout,na,2376,4217,205,4217,293,125,0,2,0,
gamma_limit_5,ITP/ITP103^2.p,TH1,Theorem,timeout,na,2582,3464,145,3464,254,170,0,2,0,
gamma_limit_5,ITP/ITP104^1.p,TH0,Theorem,timeout,na,2504,381,29,381,10,0,0,0,0,
gamma_limit_5,ITP/ITP104^2.p,TH1,Theorem,timeout,na,2542,587,43,587,38,0,0,0,0,
gamma_limit_5,ITP/ITP105^1.p,TH0,Theorem,timeout,na,2306,344,12,344,37,8,0,0,0,
gamma_limit_5,ITP/ITP105^2.p,TH1,Theorem,timeout,na,2354,537,6,537,66,2,0,0,0,
gamma_limit_5,ITP/ITP106^1.p,TH0,Theorem,timeout,na,2449,468,43,468,5,0,0,1,0,
gamma_limit_5,ITP/ITP106^2.p,TH1,Theorem,timeout,na,3505,0,0,0,1,0,0,0,0,
gamma_limit_5,ITP/ITP107^1.p,TH0,Theorem,timeout,na,2830,3040,51,3040,267,138,0,0,0,
gamma_limit_5,ITP/ITP107^2.p,TH1,Theorem,timeout,na,3348,165,15,165,3,2,0,0,0,
gamma_limit_5,ITP/ITP108^1.p,TH0,Theorem,timeout,na,2388,392,23,392,15,3,0,0,0,
gamma_limit_5,ITP/ITP108^2.p,TH1,Theorem,timeout,na,3373,0,0,0,1,0,0,0,0,
gamma_limit_5,ITP/ITP109^1.p,TH0,Theorem,timeout,na,2754,1197,64,1197,321,4,0,0,0,
gamma_limit_5,ITP/ITP109^2.p,TH1,Theorem,timeout,na,2526,106,5,106,5,0,0,0,0,
gamma_limit_5,ITP/ITP110^1.p,TH0,Theorem,timeout,na,2496,2844,161,2844,127,67,0,0,0,
gamma_limit_5,ITP/ITP110^2.p,TH1,Theorem,timeout,na,2439,1341,97,1341,64,17,0,0,0,
gamma_limit_5,ITP/ITP111^1.p,TH0,Theorem,timeout,na,2228,2768,141,2768,155,79,0,1,0,
gamma_limit_5,ITP/ITP111^2.p,TH1,Theorem,timeout,na,2470,2312,100,2312,149,83,0,1,0,
gamma_limit_5,ITP/ITP112^1.p,TH0,Theorem,timeout,na,2729,26,2,26,1,0,0,0,0,
gamma_limit_5,ITP/ITP112^2.p,TH1,Theorem,timeout,na,2581,315,14,315,26,10,0,0,0,
gamma_limit_5,ITP/ITP113^1.p,TH0,Theorem,timeout,na,2409,1441,114,1441,41,12,0,0,0,
gamma_limit_5,ITP/ITP113^2.p,TH1,Theorem,timeout,na,2521,70,7,70,1,0,0,0,0,
gamma_limit_5,ITP/ITP114^1.p,TH0,Theorem,thm,yes,861,4,0,4,1,0,0,1,1,
gamma_limit_5,ITP/ITP114^2.p,TH1,Theorem,thm,yes,360,26,2,26,1,0,0,1,1,
gamma_limit_5,ITP/ITP115^1.p,TH0,Theorem,timeout,na,2394,889,44,889,132,22,0,0,0,
gamma_limit_5,ITP/ITP115^2.p,TH1,Theorem,timeout,na,2647,428,26,428,119,0,0,0,0,
gamma_limit_5,ITP/ITP116^1.p,TH0,Theorem,timeout,na,2644,231,23,231,1,0,0,0,0,
gamma_limit_5,ITP/ITP116^2.p,TH1,Theorem,timeout,na,2714,75,7,75,1,0,0,0,0,
gamma_limit_5,ITP/ITP117^1.p,TH0,Theorem,timeout,na,2518,535,41,535,10,6,0,0,0,
gamma_limit_5,ITP/ITP117^2.p,TH1,Theorem,timeout,na,2682,65,6,65,1,0,0,0,0,
gamma_limit_5,ITP/ITP118^1.p,TH0,Theorem,timeout,na,2361,1166,100,1166,29,0,0,0,0,
gamma_limit_5,ITP/ITP118^2.p,TH1,Theorem,timeout,na,2674,482,17,482,256,1,0,1,0,
gamma_limit_5,ITP/ITP119^1.p,TH0,ContradictoryAxioms,timeout,na,2674,0,0,0,1,0,0,0,0,
gamma_limit_5,ITP/ITP119^2.p,TH1,ContradictoryAxioms,timeout,na,2755,0,0,0,1,0,0,0,0,
gamma_limit_5,ITP/ITP120^1.p,TH0,Theorem,timeout,na,2302,617,47,617,16,0,0,0,0,
gamma_limit_5,ITP/ITP120^2.p,TH1,Theorem,timeout,na,2408,649,43,649,38,0,0,0,0,
gamma_limit_5,ITP/ITP121^1.p,TH0,Theorem,timeout,na,2375,756,54,756,31,5,0,0,0,
gamma_limit_5,ITP/ITP121^2.p,TH1,Theorem,timeout,na,2498,906,49,906,88,7,0,0,0,
gamma_limit_5,ITP/ITP122^1.p,TH0,Theorem,timeout,na,2379,744,48,744,32,5,0,0,0,
gamma_limit_5,ITP/ITP122^2.p,TH1,Theorem,timeout,na,2523,909,49,909,98,6,0,0,0,
gamma_limit_5,ITP/ITP123^1.p,TH0,Theorem,timeout,na,2353,435,30,435,19,0,0,1,0,
gamma_limit_5,ITP/ITP123^2.p,TH1,Theorem,timeout,na,2384,292,26,292,4,0,0,0,0,
gamma_limit_5,ITP/ITP124^1.p,TH0,Theorem,timeout,na,2333,783,59,783,36,5,0,0,0,
gamma_limit_5,ITP/ITP124^2.p,TH1,Theorem,timeout,na,2456,745,30,745,73,8,0,0,0,
gamma_limit_5,ITP/ITP125^1.p,TH0,Theorem,timeout,na,2769,884,38,884,368,0,0,0,0,
gamma_limit_5,ITP/ITP125^2.p,TH1,Theorem,timeout,na,2558,0,0,0,1,0,0,0,0,
gamma_limit_5,ITP/ITP126^1.p,TH0,Theorem,timeout,na,2393,3343,160,3343,308,136,0,1,0,
gamma_limit_5,ITP/ITP126^2.p,TH1,Theorem,timeout,na,2363,403,24,403,16,0,0,0,0,
gamma_limit_5,ITP/ITP127^1.p,TH0,Theorem,timeout,na,2647,97,9,97,1,0,0,0,0,
gamma_limit_5,ITP/ITP127^2.p,TH1,Theorem,timeout,na,2580,87,7,87,2,0,0,0,0,
gamma_limit_5,ITP/ITP128^1.p,TH0,Theorem,timeout,na,4460,0,0,0,1,0,0,0,0,
gamma_limit_5,ITP/ITP128^2.p,TH1,Theorem,timeout,na,3121,0,0,0,1,0,0,0,0,
gamma_limit_5,ITP/ITP129^1.p,TH0,Theorem,timeout,na,2418,3341,225,3341,276,0,0,0,0,
gamma_limit_5,ITP/ITP129^2.p,TH1,Theorem,timeout,na,2533,1378,14,1378,274,0,0,0,0,
gamma_limit_5,ITP/ITP130^1.p,TH0,Theorem,timeout,na,2375,2316,94,2316,239,11,0,0,0,
gamma_limit_5,ITP/ITP130^2.p,TH1,Theorem,timeout,na,2366,1380,56,1380,154,128,0,6,0,
gamma_limit_5,ITP/ITP131^1.p,TH0,ContradictoryAxioms,timeout,na,2278,4284,327,4284,166,45,0,0,0,
gamma_limit_5,ITP/ITP131^2.p,TH1,ContradictoryAxioms,timeout,na,2567,3691,164,3691,304,58,0,5,0,
gamma_limit_5,ITP/ITP132^1.p,TH0,Theorem,timeout,na,2292,613,50,613,15,6,0,6,0,
gamma_limit_5,ITP/ITP132^2.p,TH1,Theorem,timeout,na,2530,1913,113,1913,93,59,0,1,0,
gamma_limit_5,ITP/ITP133^1.p,TH0,Theorem,timeout,na,2287,336,23,336,10,6,0,7,0,
gamma_limit_5,ITP/ITP133^2.p,TH1,Theorem,timeout,na,2582,1582,57,1582,152,25,0,0,0,
gamma_limit_5,ITP/ITP134^1.p,TH0,Theorem,timeout,na,2587,426,31,426,14,12,0,3,0,
gamma_limit_5,ITP/ITP134^2.p,TH1,Theorem,timeout,na,2395,778,50,778,34,19,0,0,0,
gamma_limit_5,ITP/ITP135^1.p,TH0,Theorem,timeout,na,2566,264,10,264,25,0,0,0,0,
gamma_limit_5,ITP/ITP135^2.p,TH1,Theorem,timeout,na,2748,123,11,123,2,0,0,0,0,
gamma_limit_5,ITP/ITP136^1.p,TH0,Theorem,timeout,na,2585,440,9,440,50,0,0,0,0,
gamma_limit_5,ITP/ITP136^2.p,TH1,Theorem,timeout,na,2808,120,11,120,2,0,0,0,0,
gamma_limit_5,ITP/ITP137^1.p,TH0,Theorem,timeout,na,2605,93,9,93,1,0,0,0,0,
gamma_limit_5,ITP/ITP137^2.p,TH1,Theorem,timeout,na,2971,0,0,0,1,0,0,0,0,
gamma_limit_5,ITP/ITP138^1.p,TH0,Theorem,timeout,na,2550,1303,87,1303,36,33,0,0,0,
gamma_limit_5,ITP/ITP138^2.p,TH1,Theorem,timeout,na,2677,562,54,562,4,0,0,0,0,
gamma_limit_5,ITP/ITP139^1.p,TH0,Theorem,timeout,na,2604,349,6,349,42,0,0,0,0,
gamma_limit_5,ITP/ITP139^2.p,TH1,Theorem,timeout,na,2651,1588,137,1588,64,0,0,0,0,
gamma_limit_5,ITP/ITP140^1.p,TH0,Theorem,timeout,na,2579,226,11,226,17,0,0,0,0,
gamma_limit_5,ITP/ITP140^2.p,TH1,Theorem,timeout,na,2944,103,9,103,2,0,0,0,0,
gamma_limit_5,ITP/ITP141^1.p,TH0,Theorem,timeout,na,2515,173,5,173,9,9,0,0,0,
gamma_limit_5,ITP/ITP141^2.p,TH1,Theorem,timeout,na,3001,0,0,0,1,0,0,0,0,
gamma_limit_5,ITP/ITP142^1.p,TH0,Theorem,timeout,na,2943,669,63,669,4,0,0,0,0,
gamma_limit_5,ITP/ITP142^2.p,TH1,Theorem,timeout,na,3662,0,0,0,1,0,0,0,0,
gamma_limit_5,ITP/ITP143^1.p,TH0,Theorem,timeout,na,2891,882,84,882,4,0,0,0,0,
gamma_limit_5,ITP/ITP143^2.p,TH1,Theorem,timeout,na,3544,0,0,0,1,0,0,0,0,
gamma_limit_5,ITP/ITP144^1.p,TH0,Theorem,timeout,na,2155,974,41,974,70,84,0,2,0,
gamma_limit_5,ITP/ITP144^2.p,TH1,Theorem,timeout,na,2568,20,2,20,1,0,0,0,0,
gamma_limit_5,ITP/ITP145^1.p,TH0,Theorem,timeout,na,2887,873,84,873,4,0,0,0,0,
gamma_limit_5,ITP/ITP145^2.p,TH1,Theorem,timeout,na,3591,0,0,0,1,0,0,0,0,
gamma_limit_5,ITP/ITP146^1.p,TH0,Theorem,timeout,na,2418,93,6,93,4,0,0,0,0,
gamma_limit_5,ITP/ITP146^2.p,TH1,Theorem,timeout,na,2474,77,6,77,3,0,0,0,0,
gamma_limit_5,ITP/ITP147^1.p,TH0,Theorem,timeout,na,2397,107,2,107,17,0,0,0,0,
gamma_limit_5,ITP/ITP147^2.p,TH1,Theorem,timeout,na,2421,96,9,96,2,0,0,0,0,
gamma_limit_5,ITP/ITP148^1.p,TH0,Theorem,timeout,na,2763,106,10,106,1,0,0,0,0,
gamma_limit_5,ITP/ITP148^2.p,TH1,Theorem,timeout,na,2646,220,18,220,7,0,0,0,0,
gamma_limit_5,ITP/ITP149^1.p,TH0,Theorem,timeout,na,2393,280,2,280,40,0,0,0,0,
gamma_limit_5,ITP/ITP149^2.p,TH1,Theorem,timeout,na,2415,237,12,237,16,0,0,0,0,
gamma_limit_5,ITP/ITP150^1.p,TH0,Theorem,timeout,na,2418,3401,312,3401,40,0,0,0,0,
gamma_limit_5,ITP/ITP150^2.p,TH1,Theorem,timeout,na,2570,272,14,272,24,1,0,0,0,
gamma_limit_5,ITP/ITP151^1.p,TH0,Theorem,timeout,na,2472,2781,102,2781,343,54,0,5,0,
gamma_limit_5,ITP/ITP151^2.p,TH1,Theorem,timeout,na,2534,3592,197,3592,348,88,0,5,0,
gamma_limit_5,ITP/ITP152^1.p,TH0,Theorem,timeout,na,2583,130,13,130,1,0,0,0,0,
gamma_limit_5,ITP/ITP152^2.p,TH1,Theorem,timeout,na,3069,29,2,29,1,0,0,0,0,
gamma_limit_5,ITP/ITP153^1.p,TH0,Theorem,timeout,na,2511,340,21,340,15,6,0,0,0,
gamma_limit_5,ITP/ITP153^2.p,TH1,Theorem,timeout,na,2779,75,7,75,1,0,0,0,0,
gamma_limit_5,ITP/ITP154^1.p,TH0,Theorem,timeout,na,2540,633,35,633,32,16,0,0,0,
gamma_limit_5,ITP/ITP154^2.p,TH1,Theorem,timeout,na,2897,130,6,130,11,0,0,0,0,
gamma_limit_5,ITP/ITP155^1.p,TH0,Theorem,timeout,na,2559,326,21,326,13,2,0,0,0,
gamma_limit_5,ITP/ITP155^2.p,TH1,Theorem,timeout,na,2831,139,8,139,9,0,0,0,0,
gamma_limit_5,ITP/ITP156^1.p,TH0,Theorem,timeout,na,2461,501,27,501,87,8,0,1,0,
gamma_limit_5,ITP/ITP156^2.p,TH1,Theorem,timeout,na,2563,74,7,74,1,0,0,0,0,
gamma_limit_5,ITP/ITP157^1.p,TH0,Theorem,timeout,na,2562,179,17,179,1,0,0,0,0,
gamma_limit_5,ITP/ITP157^2.p,TH1,Theorem,timeout,na,2874,34,3,34,1,0,0,0,0,
gamma_limit_5,ITP/ITP158^1.p,TH0,Theorem,timeout,na,2749,588,47,588,16,0,0,0,0,
gamma_limit_5,ITP/ITP158^2.p,TH1,Theorem,timeout,na,3344,294,25,294,4,0,0,0,0,
gamma_limit_5,ITP/ITP159^1.p,TH0,Theorem,timeout,na,2534,2258,95,2258,148,75,0,0,0,
gamma_limit_5,ITP/ITP159^2.p,TH1,Theorem,timeout,na,2734,672,55,672,16,0,0,0,0,
gamma_limit_5,ITP/ITP160^1.p,TH0,Theorem,timeout,na,3439,0,0,0,1,0,0,0,0,
gamma_limit_5,ITP/ITP160^2.p,TH1,Theorem,timeout,na,4623,6,0,6,1,0,0,0,0,
gamma_limit_5,ITP/ITP161^1.p,TH0,Theorem,timeout,na,2593,1013,66,1013,60,15,0,0,0,
gamma_limit_5,ITP/ITP161^2.p,TH1,Theorem,timeout,na,2843,122,12,122,1,0,0,0,0,
gamma_limit_5,ITP/ITP162^1.p,TH0,Theorem,timeout,na,2553,449,34,449,30,2,0,0,0,
gamma_limit_5,ITP/ITP162^2.p,TH1,Theorem,timeout,na,2487,206,17,206,5,0,0,0,0,
gamma_limit_5,ITP/ITP163^1.p,TH0,Theorem,timeout,na,2387,320,24,320,17,0,0,0,0,
gamma_limit_5,ITP/ITP163^2.p,TH1,Theorem,timeout,na,2707,95,9,95,1,0,0,0,0,
gamma_limit_5,ITP/ITP164^1.p,TH0,Theorem,timeout,na,2476,433,11,433,51,15,0,0,0,
gamma_limit_5,ITP/ITP164^2.p,TH1,Theorem,timeout,na,2649,765,64,765,16,0,0,0,0,
gamma_limit_5,ITP/ITP165^1.p,TH0,Theorem,timeout,na,2537,479,32,479,62,3,0,0,0,
gamma_limit_5,ITP/ITP165^2.p,TH1,Theorem,timeout,na,2441,212,16,212,10,0,0,0,0,
gamma_limit_5,ITP/ITP166^1.p,TH0,Theorem,timeout,na,2722,0,0,0,1,0,0,0,0,
gamma_limit_5,ITP/ITP166^2.p,TH1,Theorem,timeout,na,3119,11,1,11,1,0,0,0,0,
gamma_limit_5,ITP/ITP167^1.p,TH0,Theorem,timeout,na,3025,0,0,0,1,0,0,0,0,
gamma_limit_5,ITP/ITP167^2.p,TH1,Theorem,timeout,na,3310,3,0,3,1,0,0,0,0,
gamma_limit_5,ITP/ITP168^1.p,TH0,Theorem,timeout,na,2667,28,2,28,1,0,0,0,0,
gamma_limit_5,ITP/ITP168^2.p,TH1,Theorem,timeout,na,2547,144,14,144,1,0,0,0,0,
gamma_limit_5,ITP/ITP169^1.p,TH0,Theorem,timeout,na,2902,2299,143,2299,124,10,0,0,0,
gamma_limit_5,ITP/ITP169^2.p,TH1,Theorem,timeout,na,3113,1205,70,1205,91,28,0,0,0,
gamma_limit_5,ITP/ITP170^1.p,TH0,Theorem,timeout,na,2572,2322,73,2322,216,0,0,0,0,
gamma_limit_5,ITP/ITP170^2.p,TH1,Theorem,timeout,na,2565,679,65,679,4,0,0,0,0,
gamma_limit_5,ITP/ITP171^1.p,TH0,Theorem,timeout,na,3079,57,5,57,1,0,0,0,0,
gamma_limit_5,ITP/ITP171^2.p,TH1,Theorem,parse_timeout,na,0,,,,,,,,,cached: parse exceeded 5000ms
gamma_limit_5,ITP/ITP172^1.p,TH0,Theorem,timeout,na,2676,2798,238,2798,90,0,0,0,0,
gamma_limit_5,ITP/ITP172^2.p,TH1,Theorem,timeout,na,3544,63,6,63,1,0,0,0,0,
gamma_limit_5,ITP/ITP173^1.p,TH0,Theorem,timeout,na,3200,273,25,273,2,0,0,0,0,
gamma_limit_5,ITP/ITP173^2.p,TH1,Theorem,parse_timeout,na,0,,,,,,,,,cached: parse exceeded 5000ms
gamma_limit_5,ITP/ITP174^1.p,TH0,Theorem,timeout,na,3202,236,22,236,2,0,0,0,0,
gamma_limit_5,ITP/ITP174^2.p,TH1,Theorem,parse_timeout,na,0,,,,,,,,,cached: parse exceeded 5000ms
gamma_limit_5,ITP/ITP175^1.p,TH0,Theorem,timeout,na,2554,378,23,378,17,7,0,0,0,
gamma_limit_5,ITP/ITP175^2.p,TH1,Theorem,timeout,na,3136,50,5,50,1,0,0,0,0,
gamma_limit_5,ITP/ITP176^1.p,TH0,Theorem,timeout,na,2630,731,15,731,403,0,0,0,0,
gamma_limit_5,ITP/ITP176^2.p,TH1,Theorem,timeout,na,2868,22,2,22,1,0,0,0,0,
gamma_limit_5,ITP/ITP177^1.p,TH0,Theorem,timeout,na,2644,1684,140,1684,82,14,0,4,0,
gamma_limit_5,ITP/ITP177^2.p,TH1,Theorem,timeout,na,3363,34,3,34,2,0,0,1,0,
gamma_limit_5,ITP/ITP178^1.p,TH0,Theorem,timeout,na,2532,579,45,579,16,0,0,0,0,
gamma_limit_5,ITP/ITP178^2.p,TH1,Theorem,timeout,na,3650,0,0,0,1,0,0,0,0,
gamma_limit_5,ITP/ITP179^1.p,TH0,Theorem,timeout,na,2566,3511,206,3511,212,0,0,0,0,
gamma_limit_5,ITP/ITP179^2.p,TH1,Theorem,timeout,na,3093,26,2,26,1,0,0,0,0,
gamma_limit_5,ITP/ITP180^1.p,TH0,Theorem,timeout,na,2500,585,38,585,34,1,0,0,0,
gamma_limit_5,ITP/ITP180^2.p,TH1,Theorem,timeout,na,3141,54,4,54,2,1,0,0,0,
gamma_limit_5,ITP/ITP181^1.p,TH0,Theorem,timeout,na,2713,509,50,509,2,0,0,1,0,
gamma_limit_5,ITP/ITP181^2.p,TH1,Theorem,timeout,na,2713,57,5,57,1,0,0,0,0,
gamma_limit_5,ITP/ITP182^1.p,TH0,Theorem,timeout,na,2737,1600,131,1600,92,3,0,1,0,
gamma_limit_5,ITP/ITP182^2.p,TH1,Theorem,parser_error,na,0,,,,,,,,,cached: Failed to parse formula 'fact_105_neg__eqvt': [byte:41884] Type Error: Cannot unify strict function types of different arities.
gamma_limit_5,ITP/ITP183^1.p,TH0,Theorem,timeout,na,2647,439,43,439,2,0,0,1,0,
gamma_limit_5,ITP/ITP183^2.p,TH1,Theorem,timeout,na,2708,206,20,206,1,0,0,0,0,
gamma_limit_5,ITP/ITP184^1.p,TH0,Theorem,timeout,na,3035,778,48,778,143,1,0,0,0,
gamma_limit_5,ITP/ITP184^2.p,TH1,Theorem,timeout,na,2787,82,8,82,1,0,0,0,0,
gamma_limit_5,ITP/ITP185^1.p,TH0,Theorem,timeout,na,3316,180,18,180,1,0,0,0,0,
gamma_limit_5,ITP/ITP185^2.p,TH1,Theorem,timeout,na,2632,308,27,308,4,0,0,0,0,
gamma_limit_5,ITP/ITP186^1.p,TH0,Theorem,timeout,na,3471,200,20,200,1,0,0,0,0,
gamma_limit_5,ITP/ITP186^2.p,TH1,Theorem,timeout,na,2699,287,26,287,4,0,0,0,0,
gamma_limit_5,ITP/ITP187^1.p,TH0,Theorem,timeout,na,2841,414,40,414,2,0,0,1,0,
gamma_limit_5,ITP/ITP187^2.p,TH1,Theorem,timeout,na,2780,69,6,69,1,0,0,0,0,
gamma_limit_5,ITP/ITP188^1.p,TH0,Theorem,timeout,na,2914,441,42,441,2,0,0,1,0,
gamma_limit_5,ITP/ITP188^2.p,TH1,Theorem,timeout,na,2793,61,6,61,1,0,0,0,0,
gamma_limit_5,ITP/ITP189^1.p,TH0,Theorem,timeout,na,2680,434,41,434,2,0,0,1,0,
gamma_limit_5,ITP/ITP189^2.p,TH1,Theorem,timeout,na,2742,149,14,149,1,0,0,0,0,
gamma_limit_5,ITP/ITP190^1.p,TH0,Theorem,timeout,na,2656,873,82,873,8,0,0,1,0,
gamma_limit_5,ITP/ITP190^2.p,TH1,Theorem,parser_error,na,0,,,,,,,,,cached: Failed to parse formula 'fact_91_neg__eqvt': [byte:28038] Type Error: Cannot unify strict function types of different arities.
gamma_limit_5,ITP/ITP191^1.p,TH0,ContradictoryAxioms,timeout,na,2763,525,50,525,2,0,0,1,0,
gamma_limit_5,ITP/ITP191^2.p,TH1,ContradictoryAxioms,parser_error,na,0,,,,,,,,,cached: Failed to parse formula 'fact_154_neg__eqvt': [byte:53412] Type Error: Cannot unify strict function types of different arities.
gamma_limit_5,ITP/ITP192^1.p,TH0,Theorem,timeout,na,2842,445,39,445,4,0,0,1,0,
gamma_limit_5,ITP/ITP192^2.p,TH1,Theorem,timeout,na,2777,109,10,109,1,0,0,0,0,
gamma_limit_5,ITP/ITP193^1.p,TH0,Theorem,timeout,na,2483,599,35,599,70,0,0,0,0,
gamma_limit_5,ITP/ITP193^2.p,TH1,Theorem,timeout,na,2471,555,44,555,9,3,0,1,0,
gamma_limit_5,ITP/ITP194^1.p,TH0,Theorem,timeout,na,2421,742,2,742,111,19,0,0,0,
gamma_limit_5,ITP/ITP194^2.p,TH1,Theorem,timeout,na,2471,2656,152,2656,130,54,0,0,0,
gamma_limit_5,ITP/ITP195^1.p,TH0,Theorem,timeout,na,2548,2821,2,2821,500,16,0,0,0,
gamma_limit_5,ITP/ITP195^2.p,TH1,Theorem,timeout,na,2500,2606,147,2606,183,47,0,1,0,
gamma_limit_5,ITP/ITP196^1.p,TH0,Theorem,timeout,na,2742,0,0,0,1,0,0,0,0,
gamma_limit_5,ITP/ITP196^2.p,TH1,Theorem,timeout,na,3214,0,0,0,1,0,0,0,0,
gamma_limit_5,ITP/ITP197^1.p,TH0,Theorem,timeout,na,2502,135,8,135,11,0,0,0,0,
gamma_limit_5,ITP/ITP197^2.p,TH1,Theorem,timeout,na,2534,121,6,121,9,0,0,0,0,
gamma_limit_5,ITP/ITP198^1.p,TH0,Theorem,timeout,na,2972,79,7,79,1,0,0,0,0,
gamma_limit_5,ITP/ITP198^2.p,TH1,Theorem,timeout,na,3003,0,0,0,1,0,0,0,0,
gamma_limit_5,ITP/ITP199^1.p,TH0,Theorem,timeout,na,2471,352,7,352,37,10,0,0,0,
gamma_limit_5,ITP/ITP199^2.p,TH1,Theorem,timeout,na,2607,90,2,90,7,0,0,0,0,
gamma_limit_5,ITP/ITP200^1.p,TH0,Theorem,timeout,na,2657,215,15,215,14,0,0,0,0,
gamma_limit_5,ITP/ITP200^2.p,TH1,Theorem,timeout,na,3057,407,29,407,16,0,0,0,0,
gamma_limit_5,ITP/ITP201^1.p,TH0,Theorem,timeout,na,2408,244,16,244,8,0,0,0,0,
gamma_limit_5,ITP/ITP201^2.p,TH1,Theorem,timeout,na,2859,72,5,72,2,0,0,0,0,
gamma_limit_5,ITP/ITP202^1.p,TH0,Theorem,timeout,na,2840,1,0,1,1,0,0,0,0,
gamma_limit_5,ITP/ITP202^2.p,TH1,Theorem,timeout,na,4320,0,0,0,1,0,0,0,0,
gamma_limit_5,ITP/ITP203^1.p,TH0,Theorem,timeout,na,2763,0,0,0,1,0,0,0,0,
gamma_limit_5,ITP/ITP203^2.p,TH1,Theorem,timeout,na,4350,0,0,0,1,0,0,0,0,
gamma_limit_5,ITP/ITP204^1.p,TH0,Theorem,timeout,na,2587,0,0,0,1,0,0,0,0,
gamma_limit_5,ITP/ITP204^2.p,TH1,Theorem,timeout,na,3165,0,0,0,1,0,0,0,0,
gamma_limit_5,ITP/ITP205^1.p,TH0,Theorem,timeout,na,2452,111,11,111,1,0,0,0,0,
gamma_limit_5,ITP/ITP205^2.p,TH1,Theorem,timeout,na,2983,76,7,76,1,0,0,0,0,
gamma_limit_5,ITP/ITP206^1.p,TH0,Theorem,parse_timeout,na,0,,,,,,,,,cached: parse exceeded 5000ms
gamma_limit_5,ITP/ITP206^2.p,TH1,Theorem,parse_timeout,na,0,,,,,,,,,cached: parse exceeded 5000ms
gamma_limit_5,ITP/ITP206^3.p,TH0,Theorem,parse_timeout,na,0,,,,,,,,,cached: parse exceeded 5000ms
gamma_limit_5,ITP/ITP206^4.p,TH1,Theorem,parse_timeout,na,0,,,,,,,,,cached: parse exceeded 5000ms
gamma_limit_5,ITP/ITP207^1.p,TH0,Theorem,parser_error,na,0,,,,,,,,,cached: Failed to parse formula 'fact_1254_of__bool__not__iff': [byte:596062] Type Error: Cannot unify strict function types of different arities.
gamma_limit_5,ITP/ITP207^2.p,TH1,Theorem,parser_error,na,0,,,,,,,,,cached: Failed to parse formula 'fact_484_of__bool__not__iff': [byte:260957] Type Error: Cannot unify strict function types of different arities.
gamma_limit_5,ITP/ITP207^3.p,TH0,Theorem,parser_error,na,0,,,,,,,,,cached: Failed to parse formula 'fact_1254_of__bool__not__iff': [byte:596062] Type Error: Cannot unify strict function types of different arities.
gamma_limit_5,ITP/ITP207^4.p,TH1,Theorem,parser_error,na,0,,,,,,,,,cached: Failed to parse formula 'fact_484_of__bool__not__iff': [byte:260957] Type Error: Cannot unify strict function types of different arities.
gamma_limit_5,ITP/ITP208^1.p,TH0,Theorem,parse_timeout,na,0,,,,,,,,,cached: parse exceeded 5000ms
gamma_limit_5,ITP/ITP208^2.p,TH1,Theorem,parser_error,na,0,,,,,,,,,cached: Failed to parse formula 'fact_1166_modulo__int__unfold': [byte:432712] Type Error: Cannot unify strict function types of different arities.
gamma_limit_5,ITP/ITP208^3.p,TH0,Theorem,parse_timeout,na,0,,,,,,,,,cached: parse exceeded 5000ms
gamma_limit_5,ITP/ITP208^4.p,TH1,Theorem,parser_error,na,0,,,,,,,,,cached: Failed to parse formula 'fact_1166_modulo__int__unfold': [byte:432712] Type Error: Cannot unify strict function types of different arities.
gamma_limit_5,ITP/ITP209^1.p,TH0,Theorem,timeout,na,2146,3528,6,3528,207,145,0,0,0,
gamma_limit_5,ITP/ITP209^2.p,TH1,Theorem,timeout,na,2051,721,40,721,113,0,0,0,0,
gamma_limit_5,ITP/ITP209^3.p,TH0,Theorem,timeout,na,2153,3562,10,3562,197,159,0,0,0,
gamma_limit_5,ITP/ITP209^4.p,TH1,Theorem,timeout,na,2049,738,41,738,116,0,0,0,0,
gamma_limit_5,ITP/ITP210^1.p,TH0,Theorem,parse_timeout,na,0,,,,,,,,,cached: parse exceeded 5000ms
gamma_limit_5,ITP/ITP210^2.p,TH1,Theorem,parse_timeout,na,0,,,,,,,,,cached: parse exceeded 5000ms
gamma_limit_5,ITP/ITP210^3.p,TH0,Theorem,parse_timeout,na,0,,,,,,,,,cached: parse exceeded 5000ms
gamma_limit_5,ITP/ITP210^4.p,TH1,Theorem,parse_timeout,na,0,,,,,,,,,cached: parse exceeded 5000ms
gamma_limit_5,ITP/ITP211^1.p,TH0,Theorem,parse_timeout,na,0,,,,,,,,,cached: parse exceeded 5000ms
gamma_limit_5,ITP/ITP211^2.p,TH1,Theorem,parse_timeout,na,0,,,,,,,,,cached: parse exceeded 5000ms
gamma_limit_5,ITP/ITP211^3.p,TH0,Theorem,parse_timeout,na,0,,,,,,,,,cached: parse exceeded 5000ms
gamma_limit_5,ITP/ITP211^4.p,TH1,Theorem,parse_timeout,na,0,,,,,,,,,cached: parse exceeded 5000ms
gamma_limit_5,ITP/ITP212^1.p,TH0,Theorem,parse_timeout,na,0,,,,,,,,,cached: parse exceeded 5000ms
gamma_limit_5,ITP/ITP212^2.p,TH1,Theorem,parse_timeout,na,0,,,,,,,,,cached: parse exceeded 5000ms
gamma_limit_5,ITP/ITP212^3.p,TH0,Theorem,parse_timeout,na,0,,,,,,,,,cached: parse exceeded 5000ms
gamma_limit_5,ITP/ITP212^4.p,TH1,Theorem,parse_timeout,na,0,,,,,,,,,cached: parse exceeded 5000ms
gamma_limit_5,ITP/ITP213^1.p,TH0,Theorem,parse_timeout,na,0,,,,,,,,,cached: parse exceeded 5000ms
gamma_limit_5,ITP/ITP213^2.p,TH1,Theorem,parse_timeout,na,0,,,,,,,,,cached: parse exceeded 5000ms
gamma_limit_5,ITP/ITP213^3.p,TH0,Theorem,parse_timeout,na,0,,,,,,,,,cached: parse exceeded 5000ms
gamma_limit_5,ITP/ITP213^4.p,TH1,Theorem,parse_timeout,na,0,,,,,,,,,cached: parse exceeded 5000ms
gamma_limit_5,ITP/ITP214^1.p,TH0,Theorem,parse_timeout,na,0,,,,,,,,,cached: parse exceeded 5000ms
gamma_limit_5,ITP/ITP214^2.p,TH1,Theorem,parse_timeout,na,0,,,,,,,,,cached: parse exceeded 5000ms
gamma_limit_5,ITP/ITP214^3.p,TH0,Theorem,parse_timeout,na,0,,,,,,,,,cached: parse exceeded 5000ms
gamma_limit_5,ITP/ITP214^4.p,TH1,Theorem,parse_timeout,na,0,,,,,,,,,cached: parse exceeded 5000ms
gamma_limit_5,ITP/ITP215^1.p,TH0,Theorem,parse_timeout,na,0,,,,,,,,,cached: parse exceeded 5000ms
gamma_limit_5,ITP/ITP215^2.p,TH1,Theorem,parse_timeout,na,0,,,,,,,,,cached: parse exceeded 5000ms
gamma_limit_5,ITP/ITP215^3.p,TH0,Theorem,parse_timeout,na,0,,,,,,,,,cached: parse exceeded 5000ms
gamma_limit_5,ITP/ITP215^4.p,TH1,Theorem,parse_timeout,na,0,,,,,,,,,cached: parse exceeded 5000ms
gamma_limit_5,ITP/ITP216^1.p,TH0,Theorem,parse_timeout,na,0,,,,,,,,,cached: parse exceeded 5000ms
gamma_limit_5,ITP/ITP216^2.p,TH1,Theorem,parse_timeout,na,0,,,,,,,,,cached: parse exceeded 5000ms
gamma_limit_5,ITP/ITP216^3.p,TH0,Theorem,parse_timeout,na,0,,,,,,,,,cached: parse exceeded 5000ms
gamma_limit_5,ITP/ITP216^4.p,TH1,Theorem,parse_timeout,na,0,,,,,,,,,cached: parse exceeded 5000ms
gamma_limit_5,ITP/ITP217^1.p,TH0,Theorem,parse_timeout,na,0,,,,,,,,,cached: parse exceeded 5000ms
gamma_limit_5,ITP/ITP217^2.p,TH1,Theorem,parse_timeout,na,0,,,,,,,,,cached: parse exceeded 5000ms
gamma_limit_5,ITP/ITP217^3.p,TH0,Theorem,parse_timeout,na,0,,,,,,,,,cached: parse exceeded 5000ms
gamma_limit_5,ITP/ITP217^4.p,TH1,Theorem,parse_timeout,na,0,,,,,,,,,cached: parse exceeded 5000ms
gamma_limit_5,ITP/ITP218^1.p,TH0,Theorem,parse_timeout,na,0,,,,,,,,,cached: parse exceeded 5000ms
gamma_limit_5,ITP/ITP218^2.p,TH1,Theorem,parse_timeout,na,0,,,,,,,,,cached: parse exceeded 5000ms
gamma_limit_5,ITP/ITP218^3.p,TH0,Theorem,parse_timeout,na,0,,,,,,,,,cached: parse exceeded 5000ms
gamma_limit_5,ITP/ITP218^4.p,TH1,Theorem,parse_timeout,na,0,,,,,,,,,cached: parse exceeded 5000ms
gamma_limit_5,ITP/ITP219^1.p,TH0,Theorem,parse_timeout,na,0,,,,,,,,,cached: parse exceeded 5000ms
gamma_limit_5,ITP/ITP219^2.p,TH1,Theorem,parse_timeout,na,0,,,,,,,,,cached: parse exceeded 5000ms
gamma_limit_5,ITP/ITP219^3.p,TH0,Theorem,parse_timeout,na,0,,,,,,,,,cached: parse exceeded 5000ms
gamma_limit_5,ITP/ITP219^4.p,TH1,Theorem,parse_timeout,na,0,,,,,,,,,cached: parse exceeded 5000ms
gamma_limit_5,ITP/ITP220^1.p,TH0,Theorem,parser_error,na,0,,,,,,,,,cached: Failed to parse formula 'fact_1819_of__bool__not__iff': [byte:567961] Type Error: Cannot unify strict function types of different arities.
gamma_limit_5,ITP/ITP220^2.p,TH1,Theorem,parser_error,na,0,,,,,,,,,cached: Failed to parse formula 'fact_672_of__bool__not__iff': [byte:271370] Type Error: Cannot unify strict function types of different arities.
gamma_limit_5,ITP/ITP220^3.p,TH0,Theorem,parser_error,na,0,,,,,,,,,cached: Failed to parse formula 'fact_1819_of__bool__not__iff': [byte:567961] Type Error: Cannot unify strict function types of different arities.
gamma_limit_5,ITP/ITP220^4.p,TH1,Theorem,parser_error,na,0,,,,,,,,,cached: Failed to parse formula 'fact_672_of__bool__not__iff': [byte:271370] Type Error: Cannot unify strict function types of different arities.
gamma_limit_5,ITP/ITP221^1.p,TH0,Theorem,parse_timeout,na,0,,,,,,,,,cached: parse exceeded 5000ms
gamma_limit_5,ITP/ITP221^2.p,TH1,Theorem,parser_error,na,0,,,,,,,,,cached: Failed to parse formula 'fact_1110_of__bool__odd__eq__mod__2': [byte:414489] Type Error: Cannot unify strict function types of different arities.
gamma_limit_5,ITP/ITP221^3.p,TH0,Theorem,parse_timeout,na,0,,,,,,,,,cached: parse exceeded 5000ms
gamma_limit_5,ITP/ITP221^4.p,TH1,Theorem,parser_error,na,0,,,,,,,,,cached: Failed to parse formula 'fact_1110_of__bool__odd__eq__mod__2': [byte:414489] Type Error: Cannot unify strict function types of different arities.
gamma_limit_5,ITP/ITP222^1.p,TH0,Theorem,parse_timeout,na,0,,,,,,,,,cached: parse exceeded 5000ms
gamma_limit_5,ITP/ITP222^2.p,TH1,Theorem,parse_timeout,na,0,,,,,,,,,cached: parse exceeded 5000ms
gamma_limit_5,ITP/ITP222^3.p,TH0,Theorem,parse_timeout,na,0,,,,,,,,,cached: parse exceeded 5000ms
gamma_limit_5,ITP/ITP222^4.p,TH1,Theorem,parse_timeout,na,0,,,,,,,,,cached: parse exceeded 5000ms
gamma_limit_5,ITP/ITP223^1.p,TH0,Theorem,parse_timeout,na,0,,,,,,,,,cached: parse exceeded 5000ms
gamma_limit_5,ITP/ITP223^2.p,TH1,Theorem,parse_timeout,na,0,,,,,,,,,cached: parse exceeded 5000ms
gamma_limit_5,ITP/ITP223^3.p,TH0,Theorem,parse_timeout,na,0,,,,,,,,,cached: parse exceeded 5000ms
gamma_limit_5,ITP/ITP223^4.p,TH1,Theorem,parse_timeout,na,0,,,,,,,,,cached: parse exceeded 5000ms
gamma_limit_5,ITP/ITP224^1.p,TH0,ContradictoryAxioms,parse_timeout,na,0,,,,,,,,,cached: parse exceeded 5000ms
gamma_limit_5,ITP/ITP224^2.p,TH1,ContradictoryAxioms,parser_error,na,0,,,,,,,,,cached: Failed to parse formula 'fact_1485_of__bool__not__iff': [byte:533452] Type Error: Cannot unify strict function types of different arities.
gamma_limit_5,ITP/ITP224^3.p,TH0,ContradictoryAxioms,parse_timeout,na,0,,,,,,,,,cached: parse exceeded 5000ms
gamma_limit_5,ITP/ITP224^4.p,TH1,ContradictoryAxioms,parser_error,na,0,,,,,,,,,cached: Failed to parse formula 'fact_1485_of__bool__not__iff': [byte:533452] Type Error: Cannot unify strict function types of different arities.
gamma_limit_5,ITP/ITP225^1.p,TH0,Theorem,parse_timeout,na,0,,,,,,,,,cached: parse exceeded 5000ms
gamma_limit_5,ITP/ITP225^2.p,TH1,Theorem,parse_timeout,na,0,,,,,,,,,cached: parse exceeded 5000ms
gamma_limit_5,ITP/ITP225^3.p,TH0,Theorem,parse_timeout,na,0,,,,,,,,,cached: parse exceeded 5000ms
gamma_limit_5,ITP/ITP225^4.p,TH1,Theorem,parse_timeout,na,0,,,,,,,,,cached: parse exceeded 5000ms
gamma_limit_5,ITP/ITP226^1.p,TH0,Theorem,parse_timeout,na,0,,,,,,,,,cached: parse exceeded 5000ms
gamma_limit_5,ITP/ITP226^2.p,TH1,Theorem,parse_timeout,na,0,,,,,,,,,cached: parse exceeded 5000ms
gamma_limit_5,ITP/ITP226^3.p,TH0,Theorem,parse_timeout,na,0,,,,,,,,,cached: parse exceeded 5000ms
gamma_limit_5,ITP/ITP226^4.p,TH1,Theorem,parse_timeout,na,0,,,,,,,,,cached: parse exceeded 5000ms
gamma_limit_5,ITP/ITP227^1.p,TH0,Theorem,parse_timeout,na,0,,,,,,,,,cached: parse exceeded 5000ms
gamma_limit_5,ITP/ITP227^2.p,TH1,Theorem,parse_timeout,na,0,,,,,,,,,cached: parse exceeded 5000ms
gamma_limit_5,ITP/ITP227^3.p,TH0,Theorem,parse_timeout,na,0,,,,,,,,,cached: parse exceeded 5000ms
gamma_limit_5,ITP/ITP227^4.p,TH1,Theorem,parse_timeout,na,0,,,,,,,,,cached: parse exceeded 5000ms
gamma_limit_5,ITP/ITP228^1.p,TH0,Theorem,parse_timeout,na,0,,,,,,,,,cached: parse exceeded 5000ms
gamma_limit_5,ITP/ITP228^2.p,TH1,Theorem,parse_timeout,na,0,,,,,,,,,cached: parse exceeded 5000ms
gamma_limit_5,ITP/ITP228^3.p,TH0,Theorem,parse_timeout,na,0,,,,,,,,,cached: parse exceeded 5000ms
gamma_limit_5,ITP/ITP228^4.p,TH1,Theorem,parse_timeout,na,0,,,,,,,,,cached: parse exceeded 5000ms
gamma_limit_5,ITP/ITP229^1.p,TH0,Theorem,parse_timeout,na,0,,,,,,,,,cached: parse exceeded 5000ms
gamma_limit_5,ITP/ITP229^2.p,TH1,Theorem,parse_timeout,na,0,,,,,,,,,cached: parse exceeded 5000ms
gamma_limit_5,ITP/ITP229^3.p,TH0,Theorem,parse_timeout,na,0,,,,,,,,,cached: parse exceeded 5000ms
gamma_limit_5,ITP/ITP229^4.p,TH1,Theorem,parse_timeout,na,0,,,,,,,,,cached: parse exceeded 5000ms
gamma_limit_5,ITP/ITP230^1.p,TH0,Theorem,parse_timeout,na,0,,,,,,,,,cached: parse exceeded 5000ms
gamma_limit_5,ITP/ITP230^2.p,TH1,Theorem,parse_timeout,na,0,,,,,,,,,cached: parse exceeded 5000ms
gamma_limit_5,ITP/ITP230^3.p,TH0,Theorem,parse_timeout,na,0,,,,,,,,,cached: parse exceeded 5000ms
gamma_limit_5,ITP/ITP230^4.p,TH1,Theorem,parse_timeout,na,0,,,,,,,,,cached: parse exceeded 5000ms
gamma_limit_5,ITP/ITP231^1.p,TH0,Theorem,parser_error,na,0,,,,,,,,,cached: Failed to parse formula 'fact_2020_modulo__int__unfold': [byte:753287] Type Error: Cannot unify strict function types of different arities.
gamma_limit_5,ITP/ITP231^2.p,TH1,Theorem,parse_timeout,na,0,,,,,,,,,cached: parse exceeded 5000ms
gamma_limit_5,ITP/ITP231^3.p,TH0,Theorem,parser_error,na,0,,,,,,,,,cached: Failed to parse formula 'fact_2020_modulo__int__unfold': [byte:753287] Type Error: Cannot unify strict function types of different arities.
gamma_limit_5,ITP/ITP231^4.p,TH1,Theorem,parse_timeout,na,0,,,,,,,,,cached: parse exceeded 5000ms
gamma_limit_5,ITP/ITP232^1.p,TH0,Theorem,parse_timeout,na,0,,,,,,,,,cached: parse exceeded 5000ms
gamma_limit_5,ITP/ITP232^2.p,TH1,Theorem,parse_timeout,na,0,,,,,,,,,cached: parse exceeded 5000ms
gamma_limit_5,ITP/ITP232^3.p,TH0,Theorem,parse_timeout,na,0,,,,,,,,,cached: parse exceeded 5000ms
gamma_limit_5,ITP/ITP232^4.p,TH1,Theorem,parse_timeout,na,0,,,,,,,,,cached: parse exceeded 5000ms
gamma_limit_5,ITP/ITP233^1.p,TH0,Theorem,parse_timeout,na,0,,,,,,,,,cached: parse exceeded 5000ms
gamma_limit_5,ITP/ITP233^2.p,TH1,Theorem,parse_timeout,na,0,,,,,,,,,cached: parse exceeded 5000ms
gamma_limit_5,ITP/ITP233^3.p,TH0,Theorem,parse_timeout,na,0,,,,,,,,,cached: parse exceeded 5000ms
gamma_limit_5,ITP/ITP233^4.p,TH1,Theorem,parse_timeout,na,0,,,,,,,,,cached: parse exceeded 5000ms
gamma_limit_5,ITP/ITP234^1.p,TH0,Theorem,parse_timeout,na,0,,,,,,,,,cached: parse exceeded 5000ms
gamma_limit_5,ITP/ITP234^2.p,TH1,Theorem,parse_timeout,na,0,,,,,,,,,cached: parse exceeded 5000ms
gamma_limit_5,ITP/ITP234^3.p,TH0,Theorem,parse_timeout,na,0,,,,,,,,,cached: parse exceeded 5000ms
gamma_limit_5,ITP/ITP234^4.p,TH1,Theorem,parse_timeout,na,0,,,,,,,,,cached: parse exceeded 5000ms
gamma_limit_5,ITP/ITP235^1.p,TH0,Theorem,parse_timeout,na,0,,,,,,,,,cached: parse exceeded 5000ms
gamma_limit_5,ITP/ITP235^2.p,TH1,Theorem,parse_timeout,na,0,,,,,,,,,cached: parse exceeded 5000ms
gamma_limit_5,ITP/ITP235^3.p,TH0,Theorem,parse_timeout,na,0,,,,,,,,,cached: parse exceeded 5000ms
gamma_limit_5,ITP/ITP235^4.p,TH1,Theorem,parse_timeout,na,0,,,,,,,,,cached: parse exceeded 5000ms
gamma_limit_5,ITP/ITP236^1.p,TH0,Theorem,parse_timeout,na,0,,,,,,,,,cached: parse exceeded 5000ms
gamma_limit_5,ITP/ITP236^2.p,TH1,Theorem,parse_timeout,na,0,,,,,,,,,cached: parse exceeded 5000ms
gamma_limit_5,ITP/ITP236^3.p,TH0,Theorem,parse_timeout,na,0,,,,,,,,,cached: parse exceeded 5000ms
gamma_limit_5,ITP/ITP236^4.p,TH1,Theorem,parse_timeout,na,0,,,,,,,,,cached: parse exceeded 5000ms
gamma_limit_5,ITP/ITP237^1.p,TH0,Theorem,parse_timeout,na,0,,,,,,,,,cached: parse exceeded 5000ms
gamma_limit_5,ITP/ITP237^2.p,TH1,Theorem,parse_timeout,na,0,,,,,,,,,cached: parse exceeded 5000ms
gamma_limit_5,ITP/ITP237^3.p,TH0,Theorem,parse_timeout,na,0,,,,,,,,,cached: parse exceeded 5000ms
gamma_limit_5,ITP/ITP237^4.p,TH1,Theorem,parse_timeout,na,0,,,,,,,,,cached: parse exceeded 5000ms
gamma_limit_5,ITP/ITP238^1.p,TH0,Theorem,parse_timeout,na,0,,,,,,,,,cached: parse exceeded 5000ms
gamma_limit_5,ITP/ITP238^2.p,TH1,Theorem,parse_timeout,na,0,,,,,,,,,cached: parse exceeded 5000ms
gamma_limit_5,ITP/ITP238^3.p,TH0,Theorem,parse_timeout,na,0,,,,,,,,,cached: parse exceeded 5000ms
gamma_limit_5,ITP/ITP238^4.p,TH1,Theorem,parse_timeout,na,0,,,,,,,,,cached: parse exceeded 5000ms
gamma_limit_5,ITP/ITP239^1.p,TH0,Theorem,parse_timeout,na,0,,,,,,,,,cached: parse exceeded 5000ms
gamma_limit_5,ITP/ITP239^2.p,TH1,Theorem,parse_timeout,na,0,,,,,,,,,cached: parse exceeded 5000ms
gamma_limit_5,ITP/ITP239^3.p,TH0,Theorem,parse_timeout,na,0,,,,,,,,,cached: parse exceeded 5000ms
gamma_limit_5,ITP/ITP239^4.p,TH1,Theorem,parse_timeout,na,0,,,,,,,,,cached: parse exceeded 5000ms
gamma_limit_5,ITP/ITP240^1.p,TH0,Theorem,parse_timeout,na,0,,,,,,,,,cached: parse exceeded 5000ms
gamma_limit_5,ITP/ITP240^2.p,TH1,Theorem,parse_timeout,na,0,,,,,,,,,cached: parse exceeded 5000ms
gamma_limit_5,ITP/ITP240^3.p,TH0,Theorem,parse_timeout,na,0,,,,,,,,,cached: parse exceeded 5000ms
gamma_limit_5,ITP/ITP240^4.p,TH1,Theorem,parse_timeout,na,0,,,,,,,,,cached: parse exceeded 5000ms
gamma_limit_5,ITP/ITP241^1.p,TH0,Theorem,parse_timeout,na,0,,,,,,,,,cached: parse exceeded 5000ms
gamma_limit_5,ITP/ITP241^2.p,TH1,Theorem,parse_timeout,na,0,,,,,,,,,cached: parse exceeded 5000ms
gamma_limit_5,ITP/ITP241^3.p,TH0,Theorem,parse_timeout,na,0,,,,,,,,,cached: parse exceeded 5000ms
gamma_limit_5,ITP/ITP241^4.p,TH1,Theorem,parse_timeout,na,0,,,,,,,,,cached: parse exceeded 5000ms
gamma_limit_5,ITP/ITP242^1.p,TH0,Theorem,parse_timeout,na,0,,,,,,,,,cached: parse exceeded 5000ms
gamma_limit_5,ITP/ITP242^2.p,TH1,Theorem,parse_timeout,na,0,,,,,,,,,cached: parse exceeded 5000ms
gamma_limit_5,ITP/ITP242^3.p,TH0,Theorem,parse_timeout,na,0,,,,,,,,,cached: parse exceeded 5000ms
gamma_limit_5,ITP/ITP242^4.p,TH1,Theorem,parse_timeout,na,0,,,,,,,,,cached: parse exceeded 5000ms
gamma_limit_5,ITP/ITP243^1.p,TH0,Theorem,parse_timeout,na,0,,,,,,,,,cached: parse exceeded 5000ms
gamma_limit_5,ITP/ITP243^2.p,TH1,Theorem,parse_timeout,na,0,,,,,,,,,cached: parse exceeded 5000ms
gamma_limit_5,ITP/ITP243^3.p,TH0,Theorem,parse_timeout,na,0,,,,,,,,,cached: parse exceeded 5000ms
gamma_limit_5,ITP/ITP243^4.p,TH1,Theorem,parse_timeout,na,0,,,,,,,,,cached: parse exceeded 5000ms
gamma_limit_5,ITP/ITP244^1.p,TH0,Theorem,parse_timeout,na,0,,,,,,,,,cached: parse exceeded 5000ms
gamma_limit_5,ITP/ITP244^2.p,TH1,Theorem,parse_timeout,na,0,,,,,,,,,cached: parse exceeded 5000ms
gamma_limit_5,ITP/ITP244^3.p,TH0,Theorem,parse_timeout,na,0,,,,,,,,,cached: parse exceeded 5000ms
gamma_limit_5,ITP/ITP244^4.p,TH1,Theorem,parse_timeout,na,0,,,,,,,,,cached: parse exceeded 5000ms
gamma_limit_5,ITP/ITP245^1.p,TH0,Theorem,parse_timeout,na,0,,,,,,,,,cached: parse exceeded 5000ms
gamma_limit_5,ITP/ITP245^2.p,TH1,Theorem,parse_timeout,na,0,,,,,,,,,cached: parse exceeded 5000ms
gamma_limit_5,ITP/ITP245^3.p,TH0,Theorem,parse_timeout,na,0,,,,,,,,,cached: parse exceeded 5000ms
gamma_limit_5,ITP/ITP245^4.p,TH1,Theorem,parse_timeout,na,0,,,,,,,,,cached: parse exceeded 5000ms
gamma_limit_5,ITP/ITP246^1.p,TH0,Theorem,parse_timeout,na,0,,,,,,,,,cached: parse exceeded 5000ms
gamma_limit_5,ITP/ITP246^2.p,TH1,Theorem,parse_timeout,na,0,,,,,,,,,cached: parse exceeded 5000ms
gamma_limit_5,ITP/ITP246^3.p,TH0,Theorem,parse_timeout,na,0,,,,,,,,,cached: parse exceeded 5000ms
gamma_limit_5,ITP/ITP246^4.p,TH1,Theorem,parse_timeout,na,0,,,,,,,,,cached: parse exceeded 5000ms
gamma_limit_5,ITP/ITP247^1.p,TH0,Theorem,parse_timeout,na,0,,,,,,,,,cached: parse exceeded 5000ms
gamma_limit_5,ITP/ITP247^2.p,TH1,Theorem,parse_timeout,na,0,,,,,,,,,cached: parse exceeded 5000ms
gamma_limit_5,ITP/ITP247^3.p,TH0,Theorem,parse_timeout,na,0,,,,,,,,,cached: parse exceeded 5000ms
gamma_limit_5,ITP/ITP247^4.p,TH1,Theorem,parse_timeout,na,0,,,,,,,,,cached: parse exceeded 5000ms
gamma_limit_5,ITP/ITP248^1.p,TH0,Theorem,parse_timeout,na,0,,,,,,,,,cached: parse exceeded 5000ms
gamma_limit_5,ITP/ITP248^2.p,TH1,Theorem,parse_timeout,na,0,,,,,,,,,cached: parse exceeded 5000ms
gamma_limit_5,ITP/ITP248^3.p,TH0,Theorem,parse_timeout,na,0,,,,,,,,,cached: parse exceeded 5000ms
gamma_limit_5,ITP/ITP248^4.p,TH1,Theorem,parse_timeout,na,0,,,,,,,,,cached: parse exceeded 5000ms
gamma_limit_5,ITP/ITP249^1.p,TH0,Theorem,parse_timeout,na,0,,,,,,,,,cached: parse exceeded 5000ms
gamma_limit_5,ITP/ITP249^2.p,TH1,Theorem,parse_timeout,na,0,,,,,,,,,cached: parse exceeded 5000ms
gamma_limit_5,ITP/ITP249^3.p,TH0,Theorem,parse_timeout,na,0,,,,,,,,,cached: parse exceeded 5000ms
gamma_limit_5,ITP/ITP249^4.p,TH1,Theorem,parse_timeout,na,0,,,,,,,,,cached: parse exceeded 5000ms
gamma_limit_5,ITP/ITP250^1.p,TH0,Theorem,parse_timeout,na,0,,,,,,,,,cached: parse exceeded 5000ms
gamma_limit_5,ITP/ITP250^2.p,TH1,Theorem,parse_timeout,na,0,,,,,,,,,cached: parse exceeded 5000ms
gamma_limit_5,ITP/ITP250^3.p,TH0,Theorem,parse_timeout,na,0,,,,,,,,,cached: parse exceeded 5000ms
gamma_limit_5,ITP/ITP250^4.p,TH1,Theorem,parse_timeout,na,0,,,,,,,,,cached: parse exceeded 5000ms
gamma_limit_5,ITP/ITP251^1.p,TH0,Theorem,parse_timeout,na,0,,,,,,,,,cached: parse exceeded 5000ms
gamma_limit_5,ITP/ITP251^2.p,TH1,Theorem,parse_timeout,na,0,,,,,,,,,cached: parse exceeded 5000ms
gamma_limit_5,ITP/ITP251^3.p,TH0,Theorem,parse_timeout,na,0,,,,,,,,,cached: parse exceeded 5000ms
gamma_limit_5,ITP/ITP251^4.p,TH1,Theorem,parse_timeout,na,0,,,,,,,,,cached: parse exceeded 5000ms
gamma_limit_5,ITP/ITP252^1.p,TH0,Theorem,parse_timeout,na,0,,,,,,,,,cached: parse exceeded 5000ms
gamma_limit_5,ITP/ITP252^2.p,TH1,Theorem,parse_timeout,na,0,,,,,,,,,cached: parse exceeded 5000ms
gamma_limit_5,ITP/ITP252^3.p,TH0,Theorem,parse_timeout,na,0,,,,,,,,,cached: parse exceeded 5000ms
gamma_limit_5,ITP/ITP252^4.p,TH1,Theorem,parse_timeout,na,0,,,,,,,,,cached: parse exceeded 5000ms
gamma_limit_5,ITP/ITP253^1.p,TH0,Theorem,parse_timeout,na,0,,,,,,,,,cached: parse exceeded 5000ms
gamma_limit_5,ITP/ITP253^2.p,TH1,Theorem,parse_timeout,na,0,,,,,,,,,cached: parse exceeded 5000ms
gamma_limit_5,ITP/ITP253^3.p,TH0,Theorem,parse_timeout,na,0,,,,,,,,,cached: parse exceeded 5000ms
gamma_limit_5,ITP/ITP253^4.p,TH1,Theorem,parse_timeout,na,0,,,,,,,,,cached: parse exceeded 5000ms
gamma_limit_5,ITP/ITP254^1.p,TH0,Theorem,parse_timeout,na,0,,,,,,,,,cached: parse exceeded 5000ms
gamma_limit_5,ITP/ITP254^2.p,TH1,Theorem,parse_timeout,na,0,,,,,,,,,cached: parse exceeded 5000ms
gamma_limit_5,ITP/ITP254^3.p,TH0,Theorem,parse_timeout,na,0,,,,,,,,,cached: parse exceeded 5000ms
gamma_limit_5,ITP/ITP254^4.p,TH1,Theorem,parse_timeout,na,0,,,,,,,,,cached: parse exceeded 5000ms
gamma_limit_5,ITP/ITP255^1.p,TH0,Theorem,parse_timeout,na,0,,,,,,,,,cached: parse exceeded 5000ms
gamma_limit_5,ITP/ITP255^2.p,TH1,Theorem,parse_timeout,na,0,,,,,,,,,cached: parse exceeded 5000ms
gamma_limit_5,ITP/ITP255^3.p,TH0,Theorem,parse_timeout,na,0,,,,,,,,,cached: parse exceeded 5000ms
gamma_limit_5,ITP/ITP255^4.p,TH1,Theorem,parse_timeout,na,0,,,,,,,,,cached: parse exceeded 5000ms
gamma_limit_5,ITP/ITP256^1.p,TH0,Theorem,parse_timeout,na,0,,,,,,,,,cached: parse exceeded 5000ms
gamma_limit_5,ITP/ITP256^2.p,TH1,Theorem,parse_timeout,na,0,,,,,,,,,cached: parse exceeded 5000ms
gamma_limit_5,ITP/ITP256^3.p,TH0,Theorem,parse_timeout,na,0,,,,,,,,,cached: parse exceeded 5000ms
gamma_limit_5,ITP/ITP256^4.p,TH1,Theorem,parse_timeout,na,0,,,,,,,,,cached: parse exceeded 5000ms
gamma_limit_5,ITP/ITP257^1.p,TH0,Theorem,parse_timeout,na,0,,,,,,,,,cached: parse exceeded 5000ms
gamma_limit_5,ITP/ITP257^2.p,TH1,Theorem,parse_timeout,na,0,,,,,,,,,cached: parse exceeded 5000ms
gamma_limit_5,ITP/ITP257^3.p,TH0,Theorem,parse_timeout,na,0,,,,,,,,,cached: parse exceeded 5000ms
gamma_limit_5,ITP/ITP257^4.p,TH1,Theorem,parse_timeout,na,0,,,,,,,,,cached: parse exceeded 5000ms
gamma_limit_5,ITP/ITP258^1.p,TH0,Theorem,parse_timeout,na,0,,,,,,,,,cached: parse exceeded 5000ms
gamma_limit_5,ITP/ITP258^2.p,TH1,Theorem,parse_timeout,na,0,,,,,,,,,cached: parse exceeded 5000ms
gamma_limit_5,ITP/ITP258^3.p,TH0,Theorem,parse_timeout,na,0,,,,,,,,,cached: parse exceeded 5000ms
gamma_limit_5,ITP/ITP258^4.p,TH1,Theorem,parse_timeout,na,0,,,,,,,,,cached: parse exceeded 5000ms
gamma_limit_5,ITP/ITP259^1.p,TH0,Theorem,parse_timeout,na,0,,,,,,,,,cached: parse exceeded 5000ms
gamma_limit_5,ITP/ITP259^2.p,TH1,Theorem,parse_timeout,na,0,,,,,,,,,cached: parse exceeded 5000ms
gamma_limit_5,ITP/ITP259^3.p,TH0,Theorem,parse_timeout,na,0,,,,,,,,,cached: parse exceeded 5000ms
gamma_limit_5,ITP/ITP259^4.p,TH1,Theorem,parse_timeout,na,0,,,,,,,,,cached: parse exceeded 5000ms
gamma_limit_5,ITP/ITP260^1.p,TH0,Theorem,parse_timeout,na,0,,,,,,,,,cached: parse exceeded 5000ms
gamma_limit_5,ITP/ITP260^2.p,TH1,Theorem,parse_timeout,na,0,,,,,,,,,cached: parse exceeded 5000ms
gamma_limit_5,ITP/ITP260^3.p,TH0,Theorem,parse_timeout,na,0,,,,,,,,,cached: parse exceeded 5000ms
gamma_limit_5,ITP/ITP260^4.p,TH1,Theorem,parse_timeout,na,0,,,,,,,,,cached: parse exceeded 5000ms
gamma_limit_5,ITP/ITP261^1.p,TH0,Theorem,parse_timeout,na,0,,,,,,,,,cached: parse exceeded 5000ms
gamma_limit_5,ITP/ITP261^2.p,TH1,Theorem,parse_timeout,na,0,,,,,,,,,cached: parse exceeded 5000ms
gamma_limit_5,ITP/ITP261^3.p,TH0,Theorem,parse_timeout,na,0,,,,,,,,,cached: parse exceeded 5000ms
gamma_limit_5,ITP/ITP261^4.p,TH1,Theorem,parse_timeout,na,0,,,,,,,,,cached: parse exceeded 5000ms
gamma_limit_5,ITP/ITP262^1.p,TH0,Theorem,parse_timeout,na,0,,,,,,,,,cached: parse exceeded 5000ms
gamma_limit_5,ITP/ITP262^2.p,TH1,Theorem,parse_timeout,na,0,,,,,,,,,cached: parse exceeded 5000ms
gamma_limit_5,ITP/ITP262^3.p,TH0,Theorem,parse_timeout,na,0,,,,,,,,,cached: parse exceeded 5000ms
gamma_limit_5,ITP/ITP262^4.p,TH1,Theorem,parse_timeout,na,0,,,,,,,,,cached: parse exceeded 5000ms
gamma_limit_5,ITP/ITP263^1.p,TH0,Theorem,parse_timeout,na,0,,,,,,,,,cached: parse exceeded 5000ms
gamma_limit_5,ITP/ITP263^2.p,TH1,Theorem,parse_timeout,na,0,,,,,,,,,cached: parse exceeded 5000ms
gamma_limit_5,ITP/ITP263^3.p,TH0,Theorem,parse_timeout,na,0,,,,,,,,,cached: parse exceeded 5000ms
gamma_limit_5,ITP/ITP263^4.p,TH1,Theorem,parse_timeout,na,0,,,,,,,,,cached: parse exceeded 5000ms
gamma_limit_5,ITP/ITP264^1.p,TH0,Theorem,parse_timeout,na,0,,,,,,,,,cached: parse exceeded 5000ms
gamma_limit_5,ITP/ITP264^2.p,TH1,Theorem,parse_timeout,na,0,,,,,,,,,cached: parse exceeded 5000ms
gamma_limit_5,ITP/ITP264^3.p,TH0,Theorem,parse_timeout,na,0,,,,,,,,,cached: parse exceeded 5000ms
gamma_limit_5,ITP/ITP264^4.p,TH1,Theorem,parse_timeout,na,0,,,,,,,,,cached: parse exceeded 5000ms
gamma_limit_5,ITP/ITP265^1.p,TH0,Theorem,parse_timeout,na,0,,,,,,,,,cached: parse exceeded 5000ms
gamma_limit_5,ITP/ITP265^2.p,TH1,Theorem,parse_timeout,na,0,,,,,,,,,cached: parse exceeded 5000ms
gamma_limit_5,ITP/ITP265^3.p,TH0,Theorem,parse_timeout,na,0,,,,,,,,,cached: parse exceeded 5000ms
gamma_limit_5,ITP/ITP265^4.p,TH1,Theorem,parse_timeout,na,0,,,,,,,,,cached: parse exceeded 5000ms
gamma_limit_5,ITP/ITP266^1.p,TH0,Theorem,parse_timeout,na,0,,,,,,,,,cached: parse exceeded 5000ms
gamma_limit_5,ITP/ITP266^2.p,TH1,Theorem,parse_timeout,na,0,,,,,,,,,cached: parse exceeded 5000ms
gamma_limit_5,ITP/ITP266^3.p,TH0,Theorem,parse_timeout,na,0,,,,,,,,,cached: parse exceeded 5000ms
gamma_limit_5,ITP/ITP266^4.p,TH1,Theorem,parse_timeout,na,0,,,,,,,,,cached: parse exceeded 5000ms
gamma_limit_5,ITP/ITP267^1.p,TH0,Theorem,parse_timeout,na,0,,,,,,,,,cached: parse exceeded 5000ms
gamma_limit_5,ITP/ITP267^2.p,TH1,Theorem,parse_timeout,na,0,,,,,,,,,cached: parse exceeded 5000ms
gamma_limit_5,ITP/ITP267^3.p,TH0,Theorem,parse_timeout,na,0,,,,,,,,,cached: parse exceeded 5000ms
gamma_limit_5,ITP/ITP267^4.p,TH1,Theorem,parse_timeout,na,0,,,,,,,,,cached: parse exceeded 5000ms
gamma_limit_5,ITP/ITP268^1.p,TH0,Theorem,parse_timeout,na,0,,,,,,,,,cached: parse exceeded 5000ms
gamma_limit_5,ITP/ITP268^2.p,TH1,Theorem,parse_timeout,na,0,,,,,,,,,cached: parse exceeded 5000ms
gamma_limit_5,ITP/ITP268^3.p,TH0,Theorem,parse_timeout,na,0,,,,,,,,,cached: parse exceeded 5000ms
gamma_limit_5,ITP/ITP268^4.p,TH1,Theorem,parse_timeout,na,0,,,,,,,,,cached: parse exceeded 5000ms
gamma_limit_5,ITP/ITP269^1.p,TH0,Theorem,parse_timeout,na,0,,,,,,,,,cached: parse exceeded 5000ms
gamma_limit_5,ITP/ITP269^2.p,TH1,Theorem,parse_timeout,na,0,,,,,,,,,cached: parse exceeded 5000ms
gamma_limit_5,ITP/ITP269^3.p,TH0,Theorem,parse_timeout,na,0,,,,,,,,,cached: parse exceeded 5000ms
gamma_limit_5,ITP/ITP269^4.p,TH1,Theorem,parse_timeout,na,0,,,,,,,,,cached: parse exceeded 5000ms
gamma_limit_5,ITP/ITP270^1.p,TH0,Theorem,parse_timeout,na,0,,,,,,,,,cached: parse exceeded 5000ms
gamma_limit_5,ITP/ITP270^2.p,TH1,Theorem,parse_timeout,na,0,,,,,,,,,cached: parse exceeded 5000ms
gamma_limit_5,ITP/ITP270^3.p,TH0,Theorem,parse_timeout,na,0,,,,,,,,,cached: parse exceeded 5000ms
gamma_limit_5,ITP/ITP270^4.p,TH1,Theorem,parse_timeout,na,0,,,,,,,,,cached: parse exceeded 5000ms
gamma_limit_5,ITP/ITP271^1.p,TH0,Theorem,parse_timeout,na,0,,,,,,,,,cached: parse exceeded 5000ms
gamma_limit_5,ITP/ITP271^2.p,TH1,Theorem,parse_timeout,na,0,,,,,,,,,cached: parse exceeded 5000ms
gamma_limit_5,ITP/ITP271^3.p,TH0,Theorem,parse_timeout,na,0,,,,,,,,,cached: parse exceeded 5000ms
gamma_limit_5,ITP/ITP271^4.p,TH1,Theorem,parse_timeout,na,0,,,,,,,,,cached: parse exceeded 5000ms
gamma_limit_5,ITP/ITP272^1.p,TH0,Theorem,parse_timeout,na,0,,,,,,,,,cached: parse exceeded 5000ms
gamma_limit_5,ITP/ITP272^2.p,TH1,Theorem,parse_timeout,na,0,,,,,,,,,cached: parse exceeded 5000ms
gamma_limit_5,ITP/ITP272^3.p,TH0,Theorem,parse_timeout,na,0,,,,,,,,,cached: parse exceeded 5000ms
gamma_limit_5,ITP/ITP272^4.p,TH1,Theorem,parse_timeout,na,0,,,,,,,,,cached: parse exceeded 5000ms
gamma_limit_5,ITP/ITP273^1.p,TH0,Theorem,parse_timeout,na,0,,,,,,,,,cached: parse exceeded 5000ms
gamma_limit_5,ITP/ITP273^2.p,TH1,Theorem,parse_timeout,na,0,,,,,,,,,cached: parse exceeded 5000ms
gamma_limit_5,ITP/ITP273^3.p,TH0,Theorem,parse_timeout,na,0,,,,,,,,,cached: parse exceeded 5000ms
gamma_limit_5,ITP/ITP273^4.p,TH1,Theorem,parse_timeout,na,0,,,,,,,,,cached: parse exceeded 5000ms
gamma_limit_5,ITP/ITP274^1.p,TH0,Theorem,parse_timeout,na,0,,,,,,,,,cached: parse exceeded 5000ms
gamma_limit_5,ITP/ITP274^2.p,TH1,Theorem,parse_timeout,na,0,,,,,,,,,cached: parse exceeded 5000ms
gamma_limit_5,ITP/ITP274^3.p,TH0,Theorem,parse_timeout,na,0,,,,,,,,,cached: parse exceeded 5000ms
gamma_limit_5,ITP/ITP274^4.p,TH1,Theorem,parse_timeout,na,0,,,,,,,,,cached: parse exceeded 5000ms
gamma_limit_5,ITP/ITP275^1.p,TH0,Theorem,parse_timeout,na,0,,,,,,,,,cached: parse exceeded 5000ms
gamma_limit_5,ITP/ITP275^2.p,TH1,Theorem,parser_error,na,0,,,,,,,,,cached: Failed to parse formula 'fact_1029_of__bool__odd__eq__mod__2': [byte:364945] Type Error: Cannot unify strict function types of different arities.
gamma_limit_5,ITP/ITP275^3.p,TH0,Theorem,parse_timeout,na,0,,,,,,,,,cached: parse exceeded 5000ms
gamma_limit_5,ITP/ITP275^4.p,TH1,Theorem,parser_error,na,0,,,,,,,,,cached: Failed to parse formula 'fact_1029_of__bool__odd__eq__mod__2': [byte:364945] Type Error: Cannot unify strict function types of different arities.
gamma_limit_5,ITP/ITP276^1.p,TH0,ContradictoryAxioms,parse_timeout,na,0,,,,,,,,,cached: parse exceeded 5000ms
gamma_limit_5,ITP/ITP276^2.p,TH1,ContradictoryAxioms,parse_timeout,na,0,,,,,,,,,cached: parse exceeded 5000ms
gamma_limit_5,ITP/ITP276^3.p,TH0,ContradictoryAxioms,parse_timeout,na,0,,,,,,,,,cached: parse exceeded 5000ms
gamma_limit_5,ITP/ITP276^4.p,TH1,ContradictoryAxioms,parse_timeout,na,0,,,,,,,,,cached: parse exceeded 5000ms
gamma_limit_5,ITP/ITP277^1.p,TH0,Theorem,parse_timeout,na,0,,,,,,,,,cached: parse exceeded 5000ms
gamma_limit_5,ITP/ITP277^2.p,TH1,Theorem,parse_timeout,na,0,,,,,,,,,cached: parse exceeded 5000ms
gamma_limit_5,ITP/ITP277^3.p,TH0,Theorem,parse_timeout,na,0,,,,,,,,,cached: parse exceeded 5000ms
gamma_limit_5,ITP/ITP277^4.p,TH1,Theorem,parse_timeout,na,0,,,,,,,,,cached: parse exceeded 5000ms
gamma_limit_5,ITP/ITP278^1.p,TH0,Theorem,parse_timeout,na,0,,,,,,,,,cached: parse exceeded 5000ms
gamma_limit_5,ITP/ITP278^2.p,TH1,Theorem,parse_timeout,na,0,,,,,,,,,cached: parse exceeded 5000ms
gamma_limit_5,ITP/ITP278^3.p,TH0,Theorem,parse_timeout,na,0,,,,,,,,,cached: parse exceeded 5000ms
gamma_limit_5,ITP/ITP278^4.p,TH1,Theorem,parse_timeout,na,0,,,,,,,,,cached: parse exceeded 5000ms
gamma_limit_5,ITP/ITP279^1.p,TH0,Theorem,parse_timeout,na,0,,,,,,,,,cached: parse exceeded 5000ms
gamma_limit_5,ITP/ITP279^2.p,TH1,Theorem,parse_timeout,na,0,,,,,,,,,cached: parse exceeded 5000ms
gamma_limit_5,ITP/ITP279^3.p,TH0,Theorem,parse_timeout,na,0,,,,,,,,,cached: parse exceeded 5000ms
gamma_limit_5,ITP/ITP279^4.p,TH1,Theorem,parse_timeout,na,0,,,,,,,,,cached: parse exceeded 5000ms
gamma_limit_5,ITP/ITP280^1.p,TH0,Theorem,parse_timeout,na,0,,,,,,,,,cached: parse exceeded 5000ms
gamma_limit_5,ITP/ITP280^2.p,TH1,Theorem,parser_error,na,0,,,,,,,,,cached: Failed to parse formula 'fact_1609_of__bool__not__iff': [byte:557970] Type Error: Cannot unify strict function types of different arities.
gamma_limit_5,ITP/ITP280^3.p,TH0,Theorem,parse_timeout,na,0,,,,,,,,,cached: parse exceeded 5000ms
gamma_limit_5,ITP/ITP280^4.p,TH1,Theorem,parser_error,na,0,,,,,,,,,cached: Failed to parse formula 'fact_1609_of__bool__not__iff': [byte:557970] Type Error: Cannot unify strict function types of different arities.
gamma_limit_5,ITP/ITP281^1.p,TH0,Theorem,parse_timeout,na,0,,,,,,,,,cached: parse exceeded 5000ms
gamma_limit_5,ITP/ITP281^2.p,TH1,Theorem,parse_timeout,na,0,,,,,,,,,cached: parse exceeded 5000ms
gamma_limit_5,ITP/ITP281^3.p,TH0,Theorem,parse_timeout,na,0,,,,,,,,,cached: parse exceeded 5000ms
gamma_limit_5,ITP/ITP281^4.p,TH1,Theorem,parse_timeout,na,0,,,,,,,,,cached: parse exceeded 5000ms
gamma_limit_5,ITP/ITP282^1.p,TH0,Theorem,parse_timeout,na,0,,,,,,,,,cached: parse exceeded 5000ms
gamma_limit_5,ITP/ITP282^2.p,TH1,Theorem,parser_error,na,0,,,,,,,,,cached: Failed to parse formula 'fact_923_of__bool__odd__eq__mod__2': [byte:350737] Type Error: Cannot unify strict function types of different arities.
gamma_limit_5,ITP/ITP282^3.p,TH0,Theorem,parse_timeout,na,0,,,,,,,,,cached: parse exceeded 5000ms
gamma_limit_5,ITP/ITP282^4.p,TH1,Theorem,parser_error,na,0,,,,,,,,,cached: Failed to parse formula 'fact_923_of__bool__odd__eq__mod__2': [byte:350737] Type Error: Cannot unify strict function types of different arities.
gamma_limit_5,ITP/ITP283^1.p,TH0,Theorem,parse_timeout,na,0,,,,,,,,,cached: parse exceeded 5000ms
gamma_limit_5,ITP/ITP283^2.p,TH1,Theorem,parse_timeout,na,0,,,,,,,,,cached: parse exceeded 5000ms
gamma_limit_5,ITP/ITP283^3.p,TH0,Theorem,parse_timeout,na,0,,,,,,,,,cached: parse exceeded 5000ms
gamma_limit_5,ITP/ITP283^4.p,TH1,Theorem,parse_timeout,na,0,,,,,,,,,cached: parse exceeded 5000ms
gamma_limit_5,ITP/ITP284^1.p,TH0,Theorem,parse_timeout,na,0,,,,,,,,,cached: parse exceeded 5000ms
gamma_limit_5,ITP/ITP284^2.p,TH1,Theorem,parser_error,na,0,,,,,,,,,cached: Failed to parse formula 'fact_1267_of__bool__odd__eq__mod__2': [byte:465803] Type Error: Cannot unify strict function types of different arities.
gamma_limit_5,ITP/ITP284^3.p,TH0,Theorem,parse_timeout,na,0,,,,,,,,,cached: parse exceeded 5000ms
gamma_limit_5,ITP/ITP284^4.p,TH1,Theorem,parser_error,na,0,,,,,,,,,cached: Failed to parse formula 'fact_1267_of__bool__odd__eq__mod__2': [byte:465803] Type Error: Cannot unify strict function types of different arities.
gamma_limit_5,ITP/ITP285^1.p,TH0,ContradictoryAxioms,parse_timeout,na,0,,,,,,,,,cached: parse exceeded 5000ms
gamma_limit_5,ITP/ITP285^2.p,TH1,Theorem,parse_timeout,na,0,,,,,,,,,cached: parse exceeded 5000ms
gamma_limit_5,ITP/ITP285^3.p,TH0,ContradictoryAxioms,parse_timeout,na,0,,,,,,,,,cached: parse exceeded 5000ms
gamma_limit_5,ITP/ITP285^4.p,TH1,Theorem,parse_timeout,na,0,,,,,,,,,cached: parse exceeded 5000ms
gamma_limit_5,ITP/ITP286^1.p,TH0,Theorem,parse_timeout,na,0,,,,,,,,,cached: parse exceeded 5000ms
gamma_limit_5,ITP/ITP286^2.p,TH1,Theorem,parse_timeout,na,0,,,,,,,,,cached: parse exceeded 5000ms
gamma_limit_5,ITP/ITP286^3.p,TH0,Theorem,parse_timeout,na,0,,,,,,,,,cached: parse exceeded 5000ms
gamma_limit_5,ITP/ITP286^4.p,TH1,Theorem,parse_timeout,na,0,,,,,,,,,cached: parse exceeded 5000ms
gamma_limit_5,ITP/ITP287^1.p,TH0,Theorem,parse_timeout,na,0,,,,,,,,,cached: parse exceeded 5000ms
gamma_limit_5,ITP/ITP287^2.p,TH1,Theorem,parse_timeout,na,0,,,,,,,,,cached: parse exceeded 5000ms
gamma_limit_5,ITP/ITP287^3.p,TH0,Theorem,parse_timeout,na,0,,,,,,,,,cached: parse exceeded 5000ms
gamma_limit_5,ITP/ITP287^4.p,TH1,Theorem,parse_timeout,na,0,,,,,,,,,cached: parse exceeded 5000ms
gamma_limit_5,ITP/ITP288^1.p,TH0,Theorem,parse_timeout,na,0,,,,,,,,,cached: parse exceeded 5000ms
gamma_limit_5,ITP/ITP288^2.p,TH1,Theorem,parse_timeout,na,0,,,,,,,,,cached: parse exceeded 5000ms
gamma_limit_5,ITP/ITP288^3.p,TH0,Theorem,parse_timeout,na,0,,,,,,,,,cached: parse exceeded 5000ms
gamma_limit_5,ITP/ITP288^4.p,TH1,Theorem,parse_timeout,na,0,,,,,,,,,cached: parse exceeded 5000ms
gamma_limit_5,ITP/ITP289^1.p,TH0,Theorem,parse_timeout,na,0,,,,,,,,,cached: parse exceeded 5000ms
gamma_limit_5,ITP/ITP289^2.p,TH1,Theorem,parse_timeout,na,0,,,,,,,,,cached: parse exceeded 5000ms
gamma_limit_5,ITP/ITP289^3.p,TH0,Theorem,parse_timeout,na,0,,,,,,,,,cached: parse exceeded 5000ms
gamma_limit_5,ITP/ITP289^4.p,TH1,Theorem,parse_timeout,na,0,,,,,,,,,cached: parse exceeded 5000ms
gamma_limit_5,ITP/ITP290^1.p,TH0,Theorem,parse_timeout,na,0,,,,,,,,,cached: parse exceeded 5000ms
gamma_limit_5,ITP/ITP290^2.p,TH1,Theorem,parse_timeout,na,0,,,,,,,,,cached: parse exceeded 5000ms
gamma_limit_5,ITP/ITP290^3.p,TH0,Theorem,parse_timeout,na,0,,,,,,,,,cached: parse exceeded 5000ms
gamma_limit_5,ITP/ITP290^4.p,TH1,Theorem,parse_timeout,na,0,,,,,,,,,cached: parse exceeded 5000ms
gamma_limit_5,ITP/ITP291^1.p,TH0,Theorem,parse_timeout,na,0,,,,,,,,,cached: parse exceeded 5000ms
gamma_limit_5,ITP/ITP291^2.p,TH1,Theorem,parse_timeout,na,0,,,,,,,,,cached: parse exceeded 5000ms
gamma_limit_5,ITP/ITP291^3.p,TH0,Theorem,parse_timeout,na,0,,,,,,,,,cached: parse exceeded 5000ms
gamma_limit_5,ITP/ITP291^4.p,TH1,Theorem,parse_timeout,na,0,,,,,,,,,cached: parse exceeded 5000ms
gamma_limit_5,ITP/ITP292^1.p,TH0,Theorem,parse_timeout,na,0,,,,,,,,,cached: parse exceeded 5000ms
gamma_limit_5,ITP/ITP292^2.p,TH1,Theorem,parse_timeout,na,0,,,,,,,,,cached: parse exceeded 5000ms
gamma_limit_5,ITP/ITP292^3.p,TH0,Theorem,parse_timeout,na,0,,,,,,,,,cached: parse exceeded 5000ms
gamma_limit_5,ITP/ITP292^4.p,TH1,Theorem,parse_timeout,na,0,,,,,,,,,cached: parse exceeded 5000ms
gamma_limit_5,ITP/ITP293^1.p,TH0,Theorem,parse_timeout,na,0,,,,,,,,,cached: parse exceeded 5000ms
gamma_limit_5,ITP/ITP293^2.p,TH1,Theorem,parse_timeout,na,0,,,,,,,,,cached: parse exceeded 5000ms
gamma_limit_5,ITP/ITP293^3.p,TH0,Theorem,parse_timeout,na,0,,,,,,,,,cached: parse exceeded 5000ms
gamma_limit_5,ITP/ITP293^4.p,TH1,Theorem,parse_timeout,na,0,,,,,,,,,cached: parse exceeded 5000ms
gamma_limit_5,ITP/ITP294^1.p,TH0,Theorem,parser_error,na,0,,,,,,,,,cached: Failed to parse formula 'fact_2079_Suc__0__xor__eq': [byte:706302] Type Error: Cannot unify strict function types of different arities.
gamma_limit_5,ITP/ITP294^2.p,TH1,Theorem,parse_timeout,na,0,,,,,,,,,cached: parse exceeded 5000ms
gamma_limit_5,ITP/ITP294^3.p,TH0,Theorem,parser_error,na,0,,,,,,,,,cached: Failed to parse formula 'fact_2079_Suc__0__xor__eq': [byte:706302] Type Error: Cannot unify strict function types of different arities.
gamma_limit_5,ITP/ITP294^4.p,TH1,Theorem,parse_timeout,na,0,,,,,,,,,cached: parse exceeded 5000ms
gamma_limit_5,ITP/ITP415^1.p,unknown,Theorem,parser_error,na,0,,,,,,,,,cached: Syntax Error: expected ' ' or ']' in !> binder  got [{:colon  ":"  1957}  {:atom  "nat"  1959}  {:rbracket  "]"  1962}  {:colon  ":"  1964}  {:lparen  "("  1966}  {:atom  "fin"  1968}  {:app  "@"  197
gamma_limit_5,ITP/ITP416^1.p,unknown,Theorem,parser_error,na,0,,,,,,,,,cached: Syntax Error: expected ' ' or ']' in !> binder  got [{:colon  ":"  1958}  {:atom  "nat"  1960}  {:rbracket  "]"  1963}  {:colon  ":"  1965}  {:lparen  "("  1967}  {:atom  "fin"  1969}  {:app  "@"  197
gamma_limit_5,ITP/ITP417^1.p,unknown,Theorem,parser_error,na,0,,,,,,,,,cached: Syntax Error: expected ' ' or ']' in !> binder  got [{:colon  ":"  1964}  {:atom  "nat"  1966}  {:rbracket  "]"  1969}  {:colon  ":"  1971}  {:lparen  "("  1973}  {:atom  "fin"  1975}  {:app  "@"  197
gamma_limit_5,KRS/KRS272^7.p,TH0,Theorem,timeout,na,2122,1100,62,1100,141,0,0,0,0,
gamma_limit_5,KRS/KRS273^7.p,TH0,CounterSatisfiable,timeout,na,2229,2708,60,2708,200,24,0,0,0,
gamma_limit_5,KRS/KRS274^7.p,TH0,CounterSatisfiable,timeout,na,2294,3048,23,3048,211,20,0,0,0,
gamma_limit_5,KRS/KRS275^7.p,TH0,Theorem,timeout,na,2154,2640,70,2640,166,12,0,0,0,
gamma_limit_5,KRS/KRS276^7.p,TH0,Theorem,timeout,na,2272,4749,86,4749,147,217,0,0,0,
gamma_limit_5,KRS/KRS277^7.p,TH0,CounterSatisfiable,timeout,na,2335,4773,82,4773,204,91,0,0,0,
gamma_limit_5,LCL/LCL181^4.p,TH0,CounterSatisfiable,timeout,na,2203,5106,0,5106,199,316,0,0,0,
gamma_limit_5,LCL/LCL230^4.p,TH0,CounterSatisfiable,timeout,na,2201,4689,0,4689,186,257,0,0,0,
gamma_limit_5,LCL/LCL414^7.p,TH0,Theorem,timeout,na,2135,2133,103,2133,165,0,0,0,0,
gamma_limit_5,LCL/LCL449^7.p,TH0,Theorem,timeout,na,2326,58,5,58,1,0,0,0,0,
gamma_limit_5,LCL/LCL450^7.p,TH0,Theorem,timeout,na,2322,45,4,45,1,0,0,0,0,
gamma_limit_5,LCL/LCL452^7.p,TH0,Theorem,timeout,na,2303,44,4,44,1,0,0,0,0,
gamma_limit_5,LCL/LCL454^7.p,TH0,Theorem,timeout,na,2301,58,5,58,1,0,0,0,0,
gamma_limit_5,LCL/LCL456^7.p,TH0,Theorem,timeout,na,2302,46,4,46,1,0,0,0,0,
gamma_limit_5,LCL/LCL460^7.p,TH0,Theorem,timeout,na,2303,41,4,41,1,0,0,0,0,
gamma_limit_5,LCL/LCL462^7.p,TH0,Theorem,timeout,na,2302,57,5,57,1,0,0,0,0,
gamma_limit_5,LCL/LCL464^7.p,TH0,Theorem,timeout,na,2306,53,5,53,1,0,0,0,0,
gamma_limit_5,LCL/LCL466^7.p,TH0,Theorem,timeout,na,2302,48,4,48,1,0,0,0,0,
gamma_limit_5,LCL/LCL467^7.p,TH0,Theorem,timeout,na,2302,47,4,47,1,0,0,0,0,
gamma_limit_5,LCL/LCL579^1.p,TH0,Theorem,thm,yes,23,22,0,22,4,0,0,1,1,
gamma_limit_5,LCL/LCL579^2.p,TH0,Theorem,thm,yes,18,15,0,15,3,0,0,1,1,
gamma_limit_5,LCL/LCL580^1.p,TH0,Theorem,thm,yes,24,4,0,4,1,1,0,0,0,
gamma_limit_5,LCL/LCL581^1.p,TH0,Theorem,thm,yes,24,3,0,3,1,1,0,0,0,
gamma_limit_5,LCL/LCL582^1.p,TH0,CounterSatisfiable,timeout,na,2093,3586,332,3586,512,8,0,0,0,
gamma_limit_5,LCL/LCL583^1.p,TH0,Theorem,thm,yes,24,4,0,4,1,1,0,0,0,
gamma_limit_5,LCL/LCL584^1.p,TH0,Theorem,timeout,na,2205,7391,30,7391,197,496,0,0,0,
gamma_limit_5,LCL/LCL585^1.p,TH0,Theorem,timeout,na,2209,7209,1,7209,202,204,0,0,0,
gamma_limit_5,LCL/LCL586^1.p,TH0,Theorem,thm,yes,79,267,0,267,46,5,0,1,1,
gamma_limit_5,LCL/LCL587^1.p,TH0,Theorem,thm,yes,91,250,0,250,41,5,0,1,1,
gamma_limit_5,LCL/LCL588^1.p,TH0,Theorem,thm,yes,1073,3330,0,3330,481,212,0,1,1,
gamma_limit_5,LCL/LCL589^1.p,TH0,Theorem,thm,yes,42,17,1,17,3,0,0,1,1,
gamma_limit_5,LCL/LCL590^1.p,TH0,Theorem,thm,yes,42,18,1,18,3,0,0,1,1,
gamma_limit_5,LCL/LCL591^1.p,TH0,Theorem,thm,yes,28,13,1,13,1,0,0,1,1,
gamma_limit_5,LCL/LCL592^1.p,TH0,Theorem,thm,yes,65,45,1,45,8,2,0,1,1,
gamma_limit_5,LCL/LCL593^1.p,TH0,CounterSatisfiable,timeout,na,2088,3581,336,3581,512,7,0,0,0,
gamma_limit_5,LCL/LCL594^1.p,TH0,Theorem,thm,yes,117,22,0,22,4,1,0,1,1,
gamma_limit_5,LCL/LCL595^1.p,TH0,Theorem,timeout,na,2068,1123,77,1123,39,24,0,1,0,
gamma_limit_5,LCL/LCL596^1.p,TH0,CounterSatisfiable,timeout,na,2031,244,8,244,32,10,0,4,0,
gamma_limit_5,LCL/LCL597^1.p,TH0,Theorem,thm,yes,50,9,0,9,1,0,0,1,1,
gamma_limit_5,LCL/LCL598^1.p,TH0,CounterSatisfiable,timeout,na,2074,1006,59,1006,64,23,0,2,0,
gamma_limit_5,LCL/LCL599^1.p,TH0,CounterSatisfiable,timeout,na,2126,1498,28,1498,255,21,0,1,0,
gamma_limit_5,LCL/LCL600^1.p,TH0,Theorem,timeout,na,2114,1003,38,1003,160,10,0,1,0,
gamma_limit_5,LCL/LCL601^1.p,TH0,Theorem,timeout,na,2091,1632,109,1632,83,10,0,1,0,
gamma_limit_5,LCL/LCL602^1.p,TH0,Theorem,timeout,na,2085,1015,54,1015,102,6,0,1,0,
gamma_limit_5,LCL/LCL603^1.p,TH0,Theorem,timeout,na,2068,783,69,783,24,1,0,1,0,
gamma_limit_5,LCL/LCL604^1.p,TH0,Theorem,timeout,na,2461,5809,46,5809,1831,167,0,1,0,
gamma_limit_5,LCL/LCL607^1.p,TH0,Theorem,thm,yes,51,39,0,39,7,3,0,1,1,
gamma_limit_5,LCL/LCL608^1.p,TH0,Theorem,thm,yes,30,18,1,18,2,0,0,1,1,
gamma_limit_5,LCL/LCL609^1.p,TH0,Theorem,thm,yes,23,10,1,10,1,0,0,1,1,
gamma_limit_5,LCL/LCL612^1.p,TH0,Theorem,thm,yes,34,17,1,17,2,0,0,1,1,
gamma_limit_5,LCL/LCL613^1.p,TH0,Theorem,thm,yes,51,21,1,21,3,0,0,1,1,
gamma_limit_5,LCL/LCL614^1.p,TH0,Theorem,thm,yes,40,8,0,8,1,1,0,0,0,
gamma_limit_5,LCL/LCL615^1.p,TH0,CounterSatisfiable,timeout,na,2097,3586,336,3586,495,6,0,0,0,
gamma_limit_5,LCL/LCL617^1.p,TH0,CounterSatisfiable,timeout,na,2216,6070,28,6070,227,199,0,0,0,
gamma_limit_5,LCL/LCL618^1.p,TH0,Theorem,timeout,na,2044,743,30,743,86,11,0,5,0,
gamma_limit_5,LCL/LCL619^1.p,TH0,Theorem,timeout,na,2046,1649,139,1649,40,8,0,1,0,
gamma_limit_5,LCL/LCL620^1.p,TH0,Theorem,thm,yes,43,6,0,6,1,1,0,0,0,
gamma_limit_5,LCL/LCL621^1.p,TH0,Theorem,timeout,na,2045,2071,165,2071,69,16,0,1,0,
gamma_limit_5,LCL/LCL623^1.p,TH0,Theorem,thm,yes,29,1,0,1,1,1,0,0,0,
gamma_limit_5,LCL/LCL624^1.p,TH0,Theorem,timeout,na,2287,6230,26,6230,1564,114,0,1,0,
gamma_limit_5,LCL/LCL625^1.p,TH0,Theorem,timeout,na,2094,1733,112,1733,143,0,0,1,0,
gamma_limit_5,LCL/LCL626^1.p,TH0,Theorem,timeout,na,2135,2070,110,2070,208,16,0,5,0,
gamma_limit_5,LCL/LCL629^1.p,TH0,Theorem,timeout,na,2100,1914,59,1914,251,73,0,1,0,
gamma_limit_5,LCL/LCL630^1.p,TH0,CounterSatisfiable,timeout,na,2072,1711,133,1711,84,0,0,3,0,
gamma_limit_5,LCL/LCL631^1.p,TH0,CounterSatisfiable,timeout,na,2115,1816,89,1816,236,0,0,3,0,
gamma_limit_5,LCL/LCL632^1.p,TH0,Theorem,timeout,na,2097,1728,104,1728,162,0,0,3,0,
gamma_limit_5,LCL/LCL633^1.p,TH0,CounterSatisfiable,timeout,na,2066,1351,58,1351,159,8,0,1,0,
gamma_limit_5,LCL/LCL634^1.p,TH0,CounterSatisfiable,timeout,na,2090,1791,35,1791,317,8,0,1,0,
gamma_limit_5,LCL/LCL690^1.p,TH0,Theorem,timeout,na,2080,1085,82,1085,36,9,0,1,0,
gamma_limit_5,LCL/LCL691^1.p,TH0,Theorem,timeout,na,2071,582,42,582,25,6,0,1,0,
gamma_limit_5,LCL/LCL692^1.p,TH0,Theorem,timeout,na,2063,933,70,933,28,14,0,1,0,
gamma_limit_5,LCL/LCL695^1.p,TH0,Satisfiable,no_conjecture,na,28,,,,,,,,,
gamma_limit_5,LCL/LCL696^1.p,TH0,Satisfiable,no_conjecture,na,21,,,,,,,,,
gamma_limit_5,LCL/LCL697^1.p,TH0,Satisfiable,no_conjecture,na,20,,,,,,,,,
gamma_limit_5,LCL/LCL698^1.p,TH0,Satisfiable,no_conjecture,na,41,,,,,,,,,
gamma_limit_5,LCL/LCL699^1.p,TH0,Theorem,thm,yes,64,16,1,16,2,0,0,1,1,
gamma_limit_5,LCL/LCL700^1.p,TH0,Theorem,thm,yes,83,38,1,38,5,2,0,1,1,
gamma_limit_5,LCL/LCL701^1.p,TH0,Theorem,thm,yes,75,27,1,27,4,0,0,1,1,
gamma_limit_5,LCL/LCL702^1.p,TH0,Theorem,timeout,na,2305,5633,22,5633,1477,248,0,4,0,
gamma_limit_5,LCL/LCL703^1.p,TH0,Theorem,timeout,na,2293,5771,57,5771,1551,83,0,2,0,
gamma_limit_5,LCL/LCL704^1.p,TH0,Theorem,timeout,na,2312,5557,2,5557,175,446,0,0,0,
gamma_limit_5,LCL/LCL705^1.p,TH0,Theorem,timeout,na,2375,6408,21,6408,205,171,0,0,0,
gamma_limit_5,LCL/LCL706^1.p,TH0,Theorem,timeout,na,2168,4581,152,4581,540,40,0,1,0,
gamma_limit_5,LCL/LCL707^1.p,TH0,Theorem,timeout,na,2196,3142,58,3142,731,72,0,4,0,
gamma_limit_5,LCL/LCL708^1.p,TH0,Theorem,timeout,na,2211,4467,69,4467,951,49,0,1,0,
gamma_limit_5,LCL/LCL709^1.p,TH0,Theorem,timeout,na,2137,1472,43,1472,184,2,0,1,0,
gamma_limit_5,LCL/LCL710^1.p,TH0,Theorem,timeout,na,2085,1099,49,1099,115,6,0,2,0,
gamma_limit_5,LCL/LCL711^1.p,TH0,Theorem,thm,yes,110,20,0,20,3,0,0,2,1,
gamma_limit_5,LCL/LCL712^1.p,TH0,Theorem,timeout,na,2074,622,29,622,56,0,0,1,0,
gamma_limit_5,LCL/LCL713^1.p,TH0,Theorem,timeout,na,2107,1963,63,1963,201,47,0,1,0,
gamma_limit_5,LCL/LCL714^1.p,TH0,Theorem,timeout,na,2099,1622,51,1622,192,32,0,1,0,
gamma_limit_5,LCL/LCL715^1.p,TH0,Theorem,timeout,na,2076,1156,41,1156,111,7,0,1,0,
gamma_limit_5,LCL/LCL716^1.p,TH0,Theorem,timeout,na,2070,735,37,735,54,8,0,5,0,
gamma_limit_5,LCL/LCL717^1.p,TH0,Theorem,timeout,na,2071,581,35,581,43,0,0,1,0,
gamma_limit_5,LCL/LCL718^1.p,TH0,Theorem,timeout,na,2145,1021,14,1021,166,12,0,1,0,
gamma_limit_5,LCL/LCL719^1.p,TH0,Theorem,thm,yes,69,35,1,35,3,0,0,1,1,
gamma_limit_5,LCL/LCL720^1.p,TH0,Theorem,timeout,na,2228,4685,13,4685,236,194,0,0,0,
gamma_limit_5,LCL/LCL721^1.p,TH0,Theorem,timeout,na,2264,7111,124,7111,209,94,0,0,0,
gamma_limit_5,LCL/LCL722^1.p,TH0,Theorem,timeout,na,2274,7524,80,7524,178,228,0,0,0,
gamma_limit_5,LCL/LCL723^1.p,TH0,Theorem,timeout,na,2287,7522,0,7522,201,0,0,0,0,
gamma_limit_5,LCL/LCL724^1.p,TH0,Theorem,timeout,na,2363,7379,0,7379,190,492,0,0,0,
gamma_limit_5,LCL/LCL725^1.p,TH0,Theorem,timeout,na,2304,5893,3,5893,202,125,0,0,0,
gamma_limit_5,LCL/LCL726^5.p,TH0,Theorem,timeout,na,2023,690,36,690,33,12,0,1,0,
gamma_limit_5,LCL/LCL727^5.p,TH0,Theorem,timeout,na,2036,1070,69,1070,66,10,0,2,0,
gamma_limit_5,LCL/LCL728^5.p,TH0,Theorem,timeout,na,2020,1039,68,1039,31,13,0,1,0,
gamma_limit_5,LCL/LCL729^5.p,TH0,Theorem,timeout,na,2027,939,73,939,38,1,0,1,0,
gamma_limit_5,LCL/LCL730^5.p,TH0,Theorem,timeout,na,2039,739,28,739,36,24,0,1,0,
gamma_limit_5,LCL/LCL731^5.p,TH0,Theorem,timeout,na,2027,1454,99,1454,69,1,0,1,0,
gamma_limit_5,LCL/LCL732^5.p,TH0,Theorem,thm,yes,19,10,0,10,1,1,0,0,0,
gamma_limit_5,LCL/LCL733^5.p,TH0,Theorem,thm,yes,136,16,0,16,2,1,0,1,1,
gamma_limit_5,LCL/LCL734^5.p,TH0,Theorem,timeout,na,2019,528,38,528,21,0,0,1,0,
gamma_limit_5,LCL/LCL735^5.p,TH0,Theorem,timeout,na,2030,455,19,455,30,2,0,1,0,
gamma_limit_5,LCL/LCL736^5.p,TH0,Theorem,timeout,na,2031,439,21,439,22,7,0,1,0,
gamma_limit_5,LCL/LCL738^5.p,TH0,Theorem,timeout,na,2123,2223,25,2223,214,0,0,0,0,
gamma_limit_5,LCL/LCL739^5.p,TH0,Theorem,timeout,na,2026,387,28,387,13,0,0,1,0,
gamma_limit_5,LCL/LCL740^5.p,TH0,Theorem,timeout,na,2028,387,23,387,17,3,0,1,0,
gamma_limit_5,LCL/LCL741^5.p,TH0,Theorem,timeout,na,2024,486,33,486,22,0,0,1,0,
gamma_limit_5,LCL/LCL742^5.p,TH0,Theorem,timeout,na,2074,3213,108,3213,412,10,0,4,0,
gamma_limit_5,LCL/LCL743^5.p,TH0,CounterSatisfiable,timeout,na,2043,2765,140,2765,243,57,0,5,0,
gamma_limit_5,LCL/LCL859^1.p,TH0,Theorem,thm,yes,75,30,1,30,3,0,0,2,1,
gamma_limit_5,LCL/LCL860^1.p,TH0,Theorem,timeout,na,2380,6029,38,6029,1708,217,0,2,0,
gamma_limit_5,LCL/LCL861^1.p,TH0,Theorem,timeout,na,2289,5397,29,5397,1303,283,0,3,0,
gamma_limit_5,LCL/LCL862^1.p,TH0,Theorem,timeout,na,2446,6651,41,6651,2157,120,0,1,0,
gamma_limit_5,LCL/LCL863^1.p,TH0,Theorem,timeout,na,2243,6034,106,6034,1233,105,0,1,0,
gamma_limit_5,LCL/LCL864^1.p,TH0,Theorem,timeout,na,2425,6833,37,6833,1986,89,0,1,0,
gamma_limit_5,LCL/LCL865^1.p,TH0,Theorem,timeout,na,2244,6177,97,6177,1192,199,0,1,0,
gamma_limit_5,LCL/LCL866^1.p,TH0,Theorem,timeout,na,2376,6135,24,6135,2048,44,0,3,0,
gamma_limit_5,LCL/LCL867^1.p,TH0,Theorem,timeout,na,2515,6777,21,6777,2480,14,0,2,0,
gamma_limit_5,LCL/LCL868^1.p,TH0,Theorem,timeout,na,2604,5585,35,5585,2194,50,0,2,0,
gamma_limit_5,LCL/LCL869^1.p,TH0,CounterSatisfiable,timeout,na,2346,5802,103,5802,1643,109,0,3,0,
gamma_limit_5,LCL/LCL872^1.p,TH0,Theorem,timeout,na,2124,1859,10,1859,389,13,0,1,0,
gamma_limit_5,LCL/LCL873^1.p,TH0,Theorem,timeout,na,2194,2010,28,2010,272,0,0,0,0,
gamma_limit_5,LCL/LCL874^1.p,TH0,Theorem,timeout,na,2180,2370,60,2370,467,112,0,5,0,
gamma_limit_5,LCL/LCL877^1.p,TH0,Theorem,timeout,na,2111,1414,22,1414,271,10,0,1,0,
gamma_limit_5,LCL/LCL877^2.p,TH0,Theorem,timeout,na,2168,2729,36,2729,626,62,0,1,0,
gamma_limit_5,LCL/LCL878^1.p,TH0,Theorem,timeout,na,2180,3556,48,3556,672,70,0,1,0,
gamma_limit_5,LCL/LCL879^1.p,TH0,Theorem,timeout,na,2090,744,23,744,113,9,0,1,0,
gamma_limit_5,LCL/LCL880^1.p,TH0,Theorem,timeout,na,2105,1069,12,1069,222,9,0,1,0,
gamma_limit_5,LCL/LCL881^1.p,TH0,Theorem,timeout,na,2156,587,21,587,70,1,0,1,0,
gamma_limit_5,LCL/LCL916^1.p,TH0,Satisfiable,no_conjecture,na,22,,,,,,,,,
gamma_limit_5,LCL/LCL917^1.p,TH0,Satisfiable,no_conjecture,na,38,,,,,,,,,
gamma_limit_5,LCL/LCL918^1.p,TH0,Satisfiable,no_conjecture,na,41,,,,,,,,,
gamma_limit_5,LCL/LCL919^1.p,TH0,Satisfiable,no_conjecture,na,41,,,,,,,,,
gamma_limit_5,LCL/LCL920^1.p,TH0,Satisfiable,no_conjecture,na,42,,,,,,,,,
gamma_limit_5,LCL/LCL921^1.p,TH0,Satisfiable,no_conjecture,na,42,,,,,,,,,
gamma_limit_5,LCL/LCL922^1.p,TH0,Satisfiable,no_conjecture,na,42,,,,,,,,,
gamma_limit_5,LCL/LCL923^1.p,TH0,Satisfiable,no_conjecture,na,42,,,,,,,,,
gamma_limit_5,LCL/LCL924^1.p,TH0,Satisfiable,no_conjecture,na,48,,,,,,,,,
gamma_limit_5,LCL/LCL925^1.p,TH0,Satisfiable,no_conjecture,na,42,,,,,,,,,
gamma_limit_5,LCL/LCL930^1.p,TH0,Satisfiable,no_conjecture,na,19,,,,,,,,,
gamma_limit_5,LCL/LCL931^1.p,TH0,Unknown,timeout,na,2795,0,0,0,1,0,0,0,0,
gamma_limit_5,LCL/LCL932^1.p,TH0,Unknown,timeout,na,2797,0,0,0,1,0,0,0,0,
gamma_limit_5,LCL/LCL933^1.p,TH0,Unknown,timeout,na,2761,0,0,0,1,0,0,0,0,
gamma_limit_5,LCL/LCL934^1.p,TH0,Unknown,timeout,na,2762,0,0,0,1,0,0,0,0,
gamma_limit_5,LCL/LCL935^1.p,TH0,Unknown,timeout,na,2740,0,0,0,1,0,0,0,0,
gamma_limit_5,LCL/LCL936^1.p,TH0,Unknown,timeout,na,2754,0,0,0,1,0,0,0,0,
gamma_limit_5,LCL/LCL937^1.p,TH0,Unknown,timeout,na,2816,0,0,0,1,0,0,0,0,
gamma_limit_5,LCL/LCL938^1.p,TH0,Unknown,timeout,na,2804,0,0,0,1,0,0,0,0,
gamma_limit_5,LCL/LCL939^1.p,TH0,Unknown,timeout,na,2829,0,0,0,1,0,0,0,0,
gamma_limit_5,LCL/LCL940^1.p,TH0,Unknown,timeout,na,2826,0,0,0,1,0,0,0,0,
gamma_limit_5,LCL/LCL941^3.p,TH0,CounterSatisfiable,timeout,na,2848,0,0,0,1,0,0,0,0,
gamma_limit_5,LCL/LCL941^5.p,TH0,Theorem,timeout,na,2836,0,0,0,1,0,0,0,0,
gamma_limit_5,LCL/LCL942^2.p,TH0,Theorem,timeout,na,2843,0,0,0,1,0,0,0,0,
gamma_limit_5,LCL/LCL943^24.p,TH0,Theorem,timeout,na,2113,2548,42,2548,138,58,0,0,0,
gamma_limit_5,LCL/LCL944^8.p,TH0,Theorem,timeout,na,2267,76,7,76,1,0,0,0,0,
gamma_limit_5,LCL/LCL945^9.p,TH0,Theorem,timeout,na,2140,123,9,123,5,0,0,0,0,
gamma_limit_5,LCL/LCL946^10.p,TH0,Theorem,timeout,na,2593,62,6,62,2,0,0,0,0,
gamma_limit_5,LCL/LCL947^10.p,TH0,Theorem,timeout,na,2136,801,55,801,46,0,0,0,0,
gamma_limit_5,LCL/LCL948^10.p,TH0,CounterSatisfiable,timeout,na,2226,560,39,560,30,0,0,0,0,
gamma_limit_5,LCL/LCL949^4.p,TH0,Theorem,timeout,na,2428,173,17,173,1,0,0,0,0,
gamma_limit_5,LCL/LCL950^17.p,TH0,Theorem,timeout,na,2093,1257,46,1257,181,0,0,0,0,
gamma_limit_5,LCL/LCL951^24.p,TH0,Theorem,thm,yes,85,1,0,1,1,1,0,0,0,
gamma_limit_5,LCL/LCL952^12.p,TH0,Theorem,thm,yes,76,1,0,1,1,1,0,0,0,
gamma_limit_5,LCL/LCL953^8.p,TH0,Theorem,thm,yes,32,1,0,1,1,1,0,0,0,
gamma_limit_5,LCL/LCL954^19.p,TH0,Theorem,timeout,na,2867,71,7,71,1,0,0,0,0,
gamma_limit_5,LCL/LCL955^24.p,TH0,Theorem,timeout,na,2888,70,7,70,1,0,0,0,0,
gamma_limit_5,LCL/LCL956^18.p,TH0,Theorem,timeout,na,2226,5682,107,5682,256,178,0,0,0,
gamma_limit_5,LCL/LCL957^6.p,TH0,Theorem,timeout,na,2048,2648,222,2648,71,4,0,1,0,
gamma_limit_5,LCL/LCL958^18.p,TH0,Theorem,timeout,na,2078,2568,170,2568,154,11,0,0,0,
gamma_limit_5,LCL/LCL959^24.p,TH0,Theorem,timeout,na,2169,4122,131,4122,229,9,0,0,0,
gamma_limit_5,LCL/LCL960^12.p,TH0,Theorem,timeout,na,2049,637,6,637,96,7,0,0,0,
gamma_limit_5,LCL/LCL961^1.p,TH0,CounterSatisfiable,timeout,na,2210,5548,7,5548,258,147,0,0,0,
gamma_limit_5,LCL/LCL961^11.p,TH0,Theorem,timeout,na,2222,6059,0,6059,180,346,0,0,0,
gamma_limit_5,LCL/LCL962^16.p,TH0,Theorem,timeout,na,2144,4091,10,4091,204,54,0,0,0,
gamma_limit_5,LCL/LCL963^3.p,TH0,CounterSatisfiable,timeout,na,2262,82,8,82,1,0,0,0,0,
gamma_limit_5,LCL/LCL964^3.p,TH0,CounterSatisfiable,timeout,na,2278,94,9,94,1,0,0,0,0,
gamma_limit_5,LCL/LCL965^15.p,TH0,CounterSatisfiable,timeout,na,2076,882,33,882,129,0,0,0,0,
gamma_limit_5,LCL/LCL966^9.p,TH0,CounterSatisfiable,timeout,na,2116,781,53,781,42,0,0,0,0,
gamma_limit_5,LCL/LCL967^3.p,TH0,CounterSatisfiable,timeout,na,2890,70,7,70,1,0,0,0,0,
gamma_limit_5,LCL/LCL968^3.p,TH0,CounterSatisfiable,timeout,na,2910,63,6,63,1,0,0,0,0,
gamma_limit_5,LCL/LCL969^9.p,TH0,CounterSatisfiable,timeout,na,2155,3520,11,3520,223,65,0,0,0,
gamma_limit_5,LCL/LCL970^15.p,TH0,CounterSatisfiable,timeout,na,2071,2230,136,2230,158,52,0,0,0,
gamma_limit_5,LIN/LIN001^1.p,TH1,Theorem,parse_timeout,na,0,,,,,,,,,cached: parse exceeded 5000ms
gamma_limit_5,LIN/LIN002^1.p,TH1,Theorem,parse_timeout,na,0,,,,,,,,,cached: parse exceeded 5000ms
gamma_limit_5,LIN/LIN003^1.p,TH1,Theorem,parse_timeout,na,0,,,,,,,,,cached: parse exceeded 5000ms
gamma_limit_5,LIN/LIN004^1.p,TH1,Theorem,parse_timeout,na,0,,,,,,,,,cached: parse exceeded 5000ms
gamma_limit_5,LIN/LIN005^1.p,TH1,Theorem,parse_timeout,na,0,,,,,,,,,cached: parse exceeded 5000ms
gamma_limit_5,LIN/LIN006^1.p,TH1,Theorem,parse_timeout,na,0,,,,,,,,,cached: parse exceeded 5000ms
gamma_limit_5,LIN/LIN007^1.p,TH1,Theorem,parse_timeout,na,0,,,,,,,,,cached: parse exceeded 5000ms
gamma_limit_5,LIN/LIN008^1.p,TH1,Theorem,parse_timeout,na,0,,,,,,,,,cached: parse exceeded 5000ms
gamma_limit_5,LIN/LIN009^1.p,TH1,Theorem,parse_timeout,na,0,,,,,,,,,cached: parse exceeded 5000ms
gamma_limit_5,LIN/LIN010^1.p,TH1,Theorem,parse_timeout,na,0,,,,,,,,,cached: parse exceeded 5000ms
gamma_limit_5,LIN/LIN011^1.p,TH1,Theorem,parse_timeout,na,0,,,,,,,,,cached: parse exceeded 5000ms
gamma_limit_5,LIN/LIN012^1.p,TH1,Theorem,parse_timeout,na,0,,,,,,,,,cached: parse exceeded 5000ms
gamma_limit_5,LIN/LIN013^1.p,TH1,Theorem,parse_timeout,na,0,,,,,,,,,cached: parse exceeded 5000ms
gamma_limit_5,LIN/LIN014^1.p,TH1,Theorem,parse_timeout,na,0,,,,,,,,,cached: parse exceeded 5000ms
gamma_limit_5,LIN/LIN015^1.p,TH1,Theorem,parse_timeout,na,0,,,,,,,,,cached: parse exceeded 5000ms
gamma_limit_5,MSC/MSC020^5.p,TH0,Theorem,timeout,na,2019,1215,93,1215,50,0,0,4,0,
gamma_limit_5,MSC/MSC021^5.p,TH0,Theorem,timeout,na,2028,951,71,951,42,0,0,4,0,
gamma_limit_5,MSC/MSC025^1.p,TH0,Theorem,parser_error,na,0,,,,,,,,,cached: Failed to parse formula 'goal': [byte:1641] Type Error: Cannot unify strict function types of different arities.
gamma_limit_5,MSC/MSC025^2.p,TH0,Theorem,parser_error,na,0,,,,,,,,,cached: Failed to parse formula 'goal': [byte:2175] Type Error: Cannot unify strict function types of different arities.
gamma_limit_5,MSC/MSC029^1.p,TH1,Theorem,parse_timeout,na,0,,,,,,,,,cached: parse exceeded 5000ms
gamma_limit_5,MSC/MSC030^1.p,TH1,Theorem,parse_timeout,na,0,,,,,,,,,cached: parse exceeded 5000ms
gamma_limit_5,MSC/MSC031^1.p,TH1,Theorem,parse_timeout,na,0,,,,,,,,,cached: parse exceeded 5000ms
gamma_limit_5,MSC/MSC032^1.p,TH1,Theorem,parse_timeout,na,0,,,,,,,,,cached: parse exceeded 5000ms
gamma_limit_5,MSC/MSC033^1.p,TH1,Theorem,parse_timeout,na,0,,,,,,,,,cached: parse exceeded 5000ms
gamma_limit_5,NLP/NLP001^17.p,TH0,Theorem,timeout,na,2133,589,36,589,55,4,0,0,0,
gamma_limit_5,NLP/NLP001^3.p,TH0,Theorem,timeout,na,2148,590,9,590,73,57,0,0,0,
gamma_limit_5,NLP/NLP001^7.p,TH0,Theorem,timeout,na,2142,156,11,156,6,1,0,0,0,
gamma_limit_5,NLP/NLP002^7.p,TH0,CounterSatisfiable,timeout,na,2228,470,37,470,16,0,0,0,0,
gamma_limit_5,NLP/NLP003^7.p,TH0,CounterSatisfiable,timeout,na,2233,498,37,498,20,0,0,0,0,
gamma_limit_5,NLP/NLP004^12.p,TH0,Theorem,timeout,na,2513,63,5,63,2,0,0,0,0,
gamma_limit_5,NLP/NLP004^13.p,TH0,Theorem,timeout,na,2517,62,5,62,2,0,0,0,0,
gamma_limit_5,NLP/NLP004^7.p,TH0,Theorem,timeout,na,2548,0,0,0,1,0,0,0,0,
gamma_limit_5,NLP/NLP004^8.p,TH0,Theorem,timeout,na,2507,61,5,61,2,0,0,0,0,
gamma_limit_5,NLP/NLP005^7.p,TH0,CounterSatisfiable,timeout,na,2499,0,0,0,1,0,0,0,0,
gamma_limit_5,NLP/NLP006^7.p,TH0,CounterSatisfiable,timeout,na,2663,0,0,0,1,0,0,0,0,
gamma_limit_5,NLP/NLP007^7.p,TH0,Theorem,timeout,na,2707,0,0,0,1,0,0,0,0,
gamma_limit_5,NLP/NLP008^7.p,TH0,CounterSatisfiable,timeout,na,2676,0,0,0,1,0,0,0,0,
gamma_limit_5,NLP/NLP009^7.p,TH0,Theorem,timeout,na,2601,0,0,0,1,0,0,0,0,
gamma_limit_5,NLP/NLP011^7.p,TH0,Theorem,timeout,na,2712,0,0,0,1,0,0,0,0,
gamma_limit_5,NLP/NLP264^7.p,TH0,Theorem,timeout,na,2239,3134,60,3134,241,2,0,0,0,
gamma_limit_5,NLP/NLP265^17.p,TH0,ContradictoryAxioms,timeout,na,2188,3195,4,3195,282,11,0,0,0,
gamma_limit_5,NLP/NLP265^18.p,TH0,Theorem,timeout,na,2060,3916,320,3916,87,0,0,0,0,
gamma_limit_5,NLP/NLP266^12.p,TH0,CounterSatisfiable,timeout,na,2081,1079,31,1079,153,1,0,0,0,
gamma_limit_5,NLP/NLP266^23.p,TH0,Theorem,timeout,na,2114,1378,18,1378,270,0,0,0,0,
gamma_limit_5,NLP/NLP266^3.p,TH0,CounterSatisfiable,timeout,na,2129,2511,56,2511,248,8,0,0,0,
gamma_limit_5,NLP/NLP266^4.p,TH0,Theorem,timeout,na,2130,2577,61,2577,232,0,0,0,0,
gamma_limit_5,NLP/NLP267^1.p,TH0,Theorem,timeout,na,2124,2921,1,2921,196,109,0,0,0,
gamma_limit_5,NLP/NLP267^17.p,TH0,Theorem,timeout,na,2115,2566,3,2566,159,116,0,0,0,
gamma_limit_5,NLP/NLP267^18.p,TH0,Theorem,timeout,na,2110,3193,145,3193,104,40,0,0,0,
gamma_limit_5,NLP/NLP267^2.p,TH0,Theorem,timeout,na,2121,3065,1,3065,144,308,0,0,0,
gamma_limit_5,NLP/NLP267^3.p,TH0,Theorem,timeout,na,2107,3209,51,3209,185,129,0,0,0,
gamma_limit_5,NLP/NLP267^4.p,TH0,Theorem,timeout,na,2132,2930,1,2930,177,56,0,0,0,
gamma_limit_5,NLP/NLP267^5.p,TH0,Theorem,timeout,na,2141,2901,16,2901,181,116,0,0,0,
gamma_limit_5,NUM/NUM016^5.p,TH0,Theorem,timeout,na,2370,7470,17,7470,1962,648,0,1,0,
gamma_limit_5,NUM/NUM020^1.p,TH0,Theorem,timeout,na,2021,37,2,37,2,0,0,0,0,
gamma_limit_5,NUM/NUM021^1.p,TH0,Theorem,timeout,na,2048,1397,116,1397,37,0,0,0,0,
gamma_limit_5,NUM/NUM415^1.p,TH0,Theorem,thm,yes,104,13,0,13,2,2,0,0,0,
gamma_limit_5,NUM/NUM416^1.p,TH0,Theorem,timeout,na,2024,7,0,7,2,0,0,0,0,
gamma_limit_5,NUM/NUM417^1.p,TH0,Theorem,timeout,na,2027,7,0,7,2,0,0,0,0,
gamma_limit_5,NUM/NUM418^1.p,TH0,Theorem,timeout,na,2024,37,2,37,2,0,0,0,0,
gamma_limit_5,NUM/NUM419^1.p,TH0,Theorem,timeout,na,2024,37,2,37,2,0,0,0,0,
gamma_limit_5,NUM/NUM635^1.p,TH0,Theorem,timeout,na,2044,2883,116,2883,244,30,0,4,0,
gamma_limit_5,NUM/NUM635^2.p,TH0,Theorem,timeout,na,2068,3147,78,3147,421,6,0,1,0,
gamma_limit_5,NUM/NUM635^4.p,TH0,Theorem,timeout,na,2214,188,18,188,1,0,0,0,0,
gamma_limit_5,NUM/NUM636^1.p,TH0,Theorem,timeout,na,2063,2578,115,2578,257,8,0,2,0,
gamma_limit_5,NUM/NUM636^2.p,TH0,Theorem,timeout,na,2049,2938,171,2938,184,10,0,2,0,
gamma_limit_5,NUM/NUM636^3.p,TH0,Theorem,timeout,na,2051,2936,167,2936,208,0,0,2,0,
gamma_limit_5,NUM/NUM636^4.p,TH0,Theorem,timeout,na,2215,186,18,186,1,0,0,0,0,
gamma_limit_5,NUM/NUM637^1.p,TH0,Theorem,timeout,na,2042,2847,215,2847,115,0,0,2,0,
gamma_limit_5,NUM/NUM637^2.p,TH0,Theorem,timeout,na,2040,2757,174,2757,168,0,0,1,0,
gamma_limit_5,NUM/NUM637^4.p,TH0,Theorem,timeout,na,2219,150,15,150,1,0,0,0,0,
gamma_limit_5,NUM/NUM638^1.p,TH0,Theorem,timeout,na,2067,2505,39,2505,255,42,0,0,0,
gamma_limit_5,NUM/NUM638^4.p,TH0,Theorem,timeout,na,2220,99,8,99,2,0,0,0,0,
gamma_limit_5,NUM/NUM639^1.p,TH0,Theorem,timeout,na,2043,1976,82,1976,200,14,0,2,0,
gamma_limit_5,NUM/NUM639^4.p,TH0,Theorem,timeout,na,2232,14,1,14,1,0,0,0,0,
gamma_limit_5,NUM/NUM640^1.p,TH0,Theorem,timeout,na,2048,1594,62,1594,153,29,0,1,0,
gamma_limit_5,NUM/NUM640^4.p,TH0,Theorem,timeout,na,2230,12,1,12,1,0,0,0,0,
gamma_limit_5,NUM/NUM641^1.p,TH0,Theorem,timeout,na,2044,1953,75,1953,199,16,0,2,0,
gamma_limit_5,NUM/NUM641^4.p,TH0,Theorem,timeout,na,2235,13,1,13,1,0,0,0,0,
gamma_limit_5,NUM/NUM642^1.p,TH0,Theorem,timeout,na,2048,1630,66,1630,148,25,0,1,0,
gamma_limit_5,NUM/NUM642^4.p,TH0,Theorem,timeout,na,2234,12,1,12,1,0,0,0,0,
gamma_limit_5,NUM/NUM643^1.p,TH0,Theorem,timeout,na,2053,2582,197,2582,112,0,0,1,0,
gamma_limit_5,NUM/NUM643^4.p,TH0,Theorem,timeout,na,2239,0,0,0,1,0,0,0,0,
gamma_limit_5,NUM/NUM644^1.p,TH0,Theorem,timeout,na,2064,2338,159,2338,130,0,0,1,0,
gamma_limit_5,NUM/NUM644^4.p,TH0,Theorem,timeout,na,2237,12,1,12,1,0,0,0,0,
gamma_limit_5,NUM/NUM645^1.p,TH0,Theorem,timeout,na,2054,3162,220,3162,149,8,0,2,0,
gamma_limit_5,NUM/NUM645^4.p,TH0,Theorem,timeout,na,2240,12,1,12,1,0,0,0,0,
gamma_limit_5,NUM/NUM646^1.p,TH0,Theorem,timeout,na,2052,2872,201,2872,147,8,0,2,0,
gamma_limit_5,NUM/NUM646^4.p,TH0,Theorem,timeout,na,2242,12,1,12,1,0,0,0,0,
gamma_limit_5,NUM/NUM647^1.p,TH0,Theorem,timeout,na,2156,4439,0,4439,472,0,0,0,0,
gamma_limit_5,NUM/NUM647^4.p,TH0,Theorem,timeout,na,2240,12,1,12,1,0,0,0,0,
gamma_limit_5,NUM/NUM648^1.p,TH0,Theorem,timeout,na,2171,4537,0,4537,477,0,0,0,0,
gamma_limit_5,NUM/NUM648^4.p,TH0,Theorem,timeout,na,2240,12,1,12,1,0,0,0,0,
gamma_limit_5,NUM/NUM649^1.p,TH0,Theorem,timeout,na,2075,2891,201,2891,187,3,0,1,0,
gamma_limit_5,NUM/NUM649^4.p,TH0,Theorem,timeout,na,2252,12,1,12,1,0,0,0,0,
gamma_limit_5,NUM/NUM650^1.p,TH0,Theorem,timeout,na,2077,2305,127,2305,201,0,0,1,0,
gamma_limit_5,NUM/NUM650^4.p,TH0,Theorem,timeout,na,2256,12,1,12,1,0,0,0,0,
gamma_limit_5,NUM/NUM651^1.p,TH0,Theorem,timeout,na,2071,2607,89,2607,271,16,0,2,0,
gamma_limit_5,NUM/NUM651^4.p,TH0,Theorem,timeout,na,2256,12,1,12,1,0,0,0,0,
gamma_limit_5,NUM/NUM652^1.p,TH0,Theorem,timeout,na,2119,3935,44,3935,181,251,0,0,0,
gamma_limit_5,NUM/NUM652^4.p,TH0,Theorem,timeout,na,2261,11,1,11,1,0,0,0,0,
gamma_limit_5,NUM/NUM653^1.p,TH0,Theorem,timeout,na,2100,4138,81,4138,203,225,0,0,0,
gamma_limit_5,NUM/NUM653^4.p,TH0,Theorem,timeout,na,2264,12,1,12,1,0,0,0,0,
gamma_limit_5,NUM/NUM654^1.p,TH0,Theorem,timeout,na,2247,6274,0,6274,302,141,0,0,0,
gamma_limit_5,NUM/NUM654^4.p,TH0,Theorem,timeout,na,2261,11,1,11,1,0,0,0,0,
gamma_limit_5,NUM/NUM655^1.p,TH0,Theorem,thm,yes,1400,4010,0,4010,1393,173,0,1,1,
gamma_limit_5,NUM/NUM655^4.p,TH0,Theorem,timeout,na,2263,11,1,11,1,0,0,0,0,
gamma_limit_5,NUM/NUM656^1.p,TH0,Theorem,timeout,na,2140,4679,0,4679,209,367,0,0,0,
gamma_limit_5,NUM/NUM656^4.p,TH0,Theorem,timeout,na,2263,11,1,11,1,0,0,0,0,
gamma_limit_5,NUM/NUM657^1.p,TH0,Theorem,timeout,na,2133,4459,0,4459,192,353,0,0,0,
gamma_limit_5,NUM/NUM657^4.p,TH0,Theorem,timeout,na,2269,11,1,11,1,0,0,0,0,
gamma_limit_5,NUM/NUM658^1.p,TH0,Theorem,thm,yes,1537,4132,0,4132,1451,194,0,1,1,
gamma_limit_5,NUM/NUM658^4.p,TH0,Theorem,timeout,na,2274,10,1,10,1,0,0,0,0,
gamma_limit_5,NUM/NUM659^1.p,TH0,Theorem,thm,yes,1126,3225,0,3225,1224,95,0,1,1,
gamma_limit_5,NUM/NUM659^4.p,TH0,Theorem,timeout,na,2272,7,0,7,1,0,0,0,0,
gamma_limit_5,NUM/NUM660^1.p,TH0,Theorem,timeout,na,2187,7605,0,7605,217,159,0,0,0,
gamma_limit_5,NUM/NUM660^4.p,TH0,Theorem,timeout,na,2258,12,1,12,1,0,0,0,0,
gamma_limit_5,NUM/NUM662^1.p,TH0,Theorem,timeout,na,2055,2587,95,2587,225,38,0,3,0,
gamma_limit_5,NUM/NUM662^4.p,TH0,Theorem,timeout,na,2275,12,1,12,1,0,0,0,0,
gamma_limit_5,NUM/NUM663^1.p,TH0,Theorem,thm,yes,21,19,0,19,3,1,0,2,1,
gamma_limit_5,NUM/NUM663^4.p,TH0,Theorem,timeout,na,2279,5,0,5,1,0,0,0,0,
gamma_limit_5,NUM/NUM664^1.p,TH0,Theorem,thm,yes,26,27,0,27,4,1,0,3,1,
gamma_limit_5,NUM/NUM664^4.p,TH0,Theorem,timeout,na,2283,7,0,7,1,0,0,0,0,
gamma_limit_5,NUM/NUM665^1.p,TH0,Theorem,timeout,na,2177,5237,0,5237,251,83,0,0,0,
gamma_limit_5,NUM/NUM665^4.p,TH0,Theorem,timeout,na,2273,7,0,7,1,0,0,0,0,
gamma_limit_5,NUM/NUM666^1.p,TH0,Theorem,timeout,na,2161,4906,0,4906,255,31,0,0,0,
gamma_limit_5,NUM/NUM666^4.p,TH0,Theorem,timeout,na,2275,0,0,0,1,0,0,0,0,
gamma_limit_5,NUM/NUM667^1.p,TH0,Theorem,timeout,na,2139,3833,82,3833,220,81,0,0,0,
gamma_limit_5,NUM/NUM667^4.p,TH0,Theorem,timeout,na,2278,12,1,12,1,0,0,0,0,
gamma_limit_5,NUM/NUM668^1.p,TH0,Theorem,thm,yes,18,17,0,17,2,0,0,1,1,
gamma_limit_5,NUM/NUM668^4.p,TH0,Theorem,timeout,na,2284,0,0,0,1,0,0,0,0,
gamma_limit_5,NUM/NUM669^1.p,TH0,Theorem,timeout,na,2049,2063,145,2063,90,1,0,1,0,
gamma_limit_5,NUM/NUM669^4.p,TH0,Theorem,timeout,na,2285,12,1,12,1,0,0,0,0,
gamma_limit_5,NUM/NUM670^1.p,TH0,Theorem,timeout,na,2055,2233,61,2233,230,3,0,4,0,
gamma_limit_5,NUM/NUM670^4.p,TH0,Theorem,timeout,na,2287,0,0,0,1,0,0,0,0,
gamma_limit_5,NUM/NUM671^1.p,TH0,Theorem,thm,yes,6,3,0,3,1,1,0,0,0,
gamma_limit_5,NUM/NUM671^4.p,TH0,Theorem,timeout,na,2289,12,1,12,1,0,0,0,0,
gamma_limit_5,NUM/NUM672^1.p,TH0,Theorem,timeout,na,2137,5391,129,5391,1091,53,0,3,0,
gamma_limit_5,NUM/NUM672^4.p,TH0,Theorem,timeout,na,2289,0,0,0,1,0,0,0,0,
gamma_limit_5,NUM/NUM673^1.p,TH0,Theorem,timeout,na,2247,4984,38,4984,1415,40,0,4,0,
gamma_limit_5,NUM/NUM673^4.p,TH0,Theorem,timeout,na,2286,0,0,0,1,0,0,0,0,
gamma_limit_5,NUM/NUM674^1.p,TH0,Theorem,thm,yes,5,3,0,3,1,1,0,0,0,
gamma_limit_5,NUM/NUM674^4.p,TH0,Theorem,timeout,na,2295,12,1,12,1,0,0,0,0,
gamma_limit_5,NUM/NUM676^1.p,TH0,Theorem,thm,yes,15,9,0,9,2,0,0,1,1,
gamma_limit_5,NUM/NUM676^4.p,TH0,Theorem,timeout,na,2301,0,0,0,1,0,0,0,0,
gamma_limit_5,NUM/NUM677^1.p,TH0,Theorem,timeout,na,2079,2714,65,2714,172,17,0,0,0,
gamma_limit_5,NUM/NUM677^4.p,TH0,Theorem,timeout,na,2301,0,0,0,1,0,0,0,0,
gamma_limit_5,NUM/NUM680^1.p,TH0,Theorem,timeout,na,2091,2400,42,2400,540,63,0,1,0,
gamma_limit_5,NUM/NUM680^4.p,TH0,Theorem,timeout,na,2315,0,0,0,1,0,0,0,0,
gamma_limit_5,NUM/NUM681^1.p,TH0,Theorem,timeout,na,2121,3631,40,3631,270,57,0,0,0,
gamma_limit_5,NUM/NUM681^4.p,TH0,Theorem,timeout,na,2316,12,1,12,1,0,0,0,0,
gamma_limit_5,NUM/NUM682^1.p,TH0,Theorem,timeout,na,2107,3225,57,3225,186,100,0,0,0,
gamma_limit_5,NUM/NUM682^4.p,TH0,Theorem,timeout,na,2317,0,0,0,1,0,0,0,0,
gamma_limit_5,NUM/NUM683^1.p,TH0,Theorem,timeout,na,2226,5170,108,5170,1229,32,0,4,0,
gamma_limit_5,NUM/NUM683^4.p,TH0,Theorem,timeout,na,2316,0,0,0,1,0,0,0,0,
gamma_limit_5,NUM/NUM684^1.p,TH0,Theorem,timeout,na,2078,3303,68,3303,202,134,0,0,0,
gamma_limit_5,NUM/NUM684^4.p,TH0,Theorem,timeout,na,2322,6,0,6,1,0,0,0,0,
gamma_limit_5,NUM/NUM686^1.p,TH0,Theorem,timeout,na,2040,2490,190,2490,113,0,0,0,0,
gamma_limit_5,NUM/NUM686^4.p,TH0,Theorem,timeout,na,2327,0,0,0,1,0,0,0,0,
gamma_limit_5,NUM/NUM687^1.p,TH0,Theorem,timeout,na,2174,3287,44,3287,980,36,0,1,0,
gamma_limit_5,NUM/NUM687^4.p,TH0,Theorem,timeout,na,2330,0,0,0,1,0,0,0,0,
gamma_limit_5,NUM/NUM688^1.p,TH0,Theorem,timeout,na,2107,3042,109,3042,616,40,0,1,0,
gamma_limit_5,NUM/NUM688^4.p,TH0,Theorem,timeout,na,2332,0,0,0,1,0,0,0,0,
gamma_limit_5,NUM/NUM689^1.p,TH0,Theorem,timeout,na,2064,2804,71,2804,260,23,0,0,0,
gamma_limit_5,NUM/NUM689^4.p,TH0,Theorem,timeout,na,2337,0,0,0,1,0,0,0,0,
gamma_limit_5,NUM/NUM690^1.p,TH0,Theorem,timeout,na,2051,2425,127,2425,222,15,0,0,0,
gamma_limit_5,NUM/NUM690^4.p,TH0,Theorem,timeout,na,2339,0,0,0,1,0,0,0,0,
gamma_limit_5,NUM/NUM691^1.p,TH0,Theorem,timeout,na,2104,2293,75,2293,208,18,0,0,0,
gamma_limit_5,NUM/NUM691^4.p,TH0,Theorem,timeout,na,2344,0,0,0,1,0,0,0,0,
gamma_limit_5,NUM/NUM692^1.p,TH0,Theorem,timeout,na,2162,4784,84,4784,1160,26,0,2,0,
gamma_limit_5,NUM/NUM692^4.p,TH0,Theorem,timeout,na,2344,0,0,0,1,0,0,0,0,
gamma_limit_5,NUM/NUM693^1.p,TH0,Theorem,timeout,na,2034,2660,192,2660,110,8,0,0,0,
gamma_limit_5,NUM/NUM693^4.p,TH0,Theorem,timeout,na,2347,12,1,12,1,0,0,0,0,
gamma_limit_5,NUM/NUM694^1.p,TH0,Theorem,thm,yes,8,8,0,8,2,0,0,1,1,
gamma_limit_5,NUM/NUM694^4.p,TH0,Theorem,timeout,na,2346,12,1,12,1,0,0,0,0,
gamma_limit_5,NUM/NUM695^1.p,TH0,Theorem,timeout,na,2036,2572,181,2572,121,11,0,0,0,
gamma_limit_5,NUM/NUM695^4.p,TH0,Theorem,timeout,na,2350,12,1,12,1,0,0,0,0,
gamma_limit_5,NUM/NUM696^1.p,TH0,Theorem,timeout,na,2052,2682,144,2682,184,16,0,2,0,
gamma_limit_5,NUM/NUM696^4.p,TH0,Theorem,timeout,na,2353,0,0,0,1,0,0,0,0,
gamma_limit_5,NUM/NUM697^1.p,TH0,Theorem,timeout,na,2176,6431,0,6431,195,152,0,0,0,
gamma_limit_5,NUM/NUM697^4.p,TH0,Theorem,timeout,na,2348,0,0,0,1,0,0,0,0,
gamma_limit_5,NUM/NUM698^1.p,TH0,Theorem,thm,yes,1801,4898,0,4898,1225,38,0,1,1,
gamma_limit_5,NUM/NUM698^4.p,TH0,Theorem,timeout,na,2349,0,0,0,1,0,0,0,0,
gamma_limit_5,NUM/NUM699^1.p,TH0,Theorem,timeout,na,2178,6546,0,6546,223,153,0,0,0,
gamma_limit_5,NUM/NUM699^4.p,TH0,Theorem,timeout,na,2346,0,0,0,1,0,0,0,0,
gamma_limit_5,NUM/NUM700^1.p,TH0,Theorem,thm,yes,22,43,0,43,7,0,0,1,1,
gamma_limit_5,NUM/NUM700^4.p,TH0,Theorem,timeout,na,2354,0,0,0,1,0,0,0,0,
gamma_limit_5,NUM/NUM701^1.p,TH0,Theorem,timeout,na,2169,6098,0,6098,195,157,0,0,0,
gamma_limit_5,NUM/NUM701^4.p,TH0,ContradictoryAxioms,timeout,na,2353,0,0,0,1,0,0,0,0,
gamma_limit_5,NUM/NUM702^1.p,TH0,Theorem,timeout,na,2174,6049,0,6049,188,39,0,0,0,
gamma_limit_5,NUM/NUM702^4.p,TH0,Theorem,timeout,na,2352,0,0,0,1,0,0,0,0,
gamma_limit_5,NUM/NUM703^1.p,TH0,Theorem,timeout,na,2164,6120,0,6120,198,182,0,0,0,
gamma_limit_5,NUM/NUM703^4.p,TH0,Theorem,timeout,na,2354,0,0,0,1,0,0,0,0,
gamma_limit_5,NUM/NUM704^1.p,TH0,Theorem,timeout,na,2045,3375,280,3375,98,0,0,1,0,
gamma_limit_5,NUM/NUM704^4.p,TH0,Theorem,timeout,na,2362,10,1,10,1,0,0,0,0,
gamma_limit_5,NUM/NUM705^1.p,TH0,Theorem,timeout,na,2126,3638,4,3638,235,27,0,0,0,
gamma_limit_5,NUM/NUM705^4.p,TH0,Theorem,timeout,na,2363,11,1,11,1,0,0,0,0,
gamma_limit_5,NUM/NUM706^1.p,TH0,Theorem,timeout,na,2052,2057,40,2057,283,15,0,2,0,
gamma_limit_5,NUM/NUM706^4.p,TH0,Theorem,timeout,na,2377,11,1,11,1,0,0,0,0,
gamma_limit_5,NUM/NUM707^1.p,TH0,Theorem,timeout,na,2049,1517,58,1517,146,25,0,1,0,
gamma_limit_5,NUM/NUM707^4.p,TH0,ContradictoryAxioms,timeout,na,2380,0,0,0,1,0,0,0,0,
gamma_limit_5,NUM/NUM708^1.p,TH0,Theorem,timeout,na,2051,2185,86,2185,214,11,0,2,0,
gamma_limit_5,NUM/NUM708^4.p,TH0,Theorem,timeout,na,2380,0,0,0,1,0,0,0,0,
gamma_limit_5,NUM/NUM709^1.p,TH0,Theorem,timeout,na,2042,1614,76,1614,123,13,0,1,0,
gamma_limit_5,NUM/NUM709^4.p,TH0,ContradictoryAxioms,timeout,na,2377,0,0,0,1,0,0,0,0,
gamma_limit_5,NUM/NUM710^1.p,TH0,Theorem,timeout,na,2040,2585,205,2585,80,0,0,1,0,
gamma_limit_5,NUM/NUM710^4.p,TH0,Theorem,timeout,na,2377,0,0,0,1,0,0,0,0,
gamma_limit_5,NUM/NUM711^1.p,TH0,Theorem,timeout,na,2063,2300,140,2300,163,0,0,1,0,
gamma_limit_5,NUM/NUM711^4.p,TH0,Theorem,timeout,na,2384,0,0,0,1,0,0,0,0,
gamma_limit_5,NUM/NUM712^1.p,TH0,Theorem,timeout,na,2051,2628,190,2628,112,0,0,1,0,
gamma_limit_5,NUM/NUM712^4.p,TH0,Theorem,timeout,na,2387,0,0,0,1,0,0,0,0,
gamma_limit_5,NUM/NUM713^1.p,TH0,Theorem,timeout,na,2056,2483,101,2483,213,3,0,4,0,
gamma_limit_5,NUM/NUM713^4.p,TH0,Theorem,timeout,na,2385,0,0,0,1,0,0,0,0,
gamma_limit_5,NUM/NUM721^1.p,TH0,Theorem,timeout,na,2037,2011,146,2011,99,5,0,0,0,
gamma_limit_5,NUM/NUM721^4.p,TH0,Theorem,timeout,na,2426,0,0,0,1,0,0,0,0,
gamma_limit_5,NUM/NUM726^1.p,TH0,Theorem,thm,yes,8,3,0,3,1,1,0,0,0,
gamma_limit_5,NUM/NUM726^4.p,TH0,Theorem,timeout,na,2475,0,0,0,1,0,0,0,0,
gamma_limit_5,NUM/NUM727^1.p,TH0,Theorem,timeout,na,2097,3482,84,3482,197,135,0,0,0,
gamma_limit_5,NUM/NUM727^4.p,TH0,Theorem,timeout,na,2466,0,0,0,1,0,0,0,0,
gamma_limit_5,NUM/NUM728^1.p,TH0,Theorem,thm,yes,12,9,0,9,2,0,0,1,1,
gamma_limit_5,NUM/NUM728^4.p,TH0,Theorem,timeout,na,2468,0,0,0,1,0,0,0,0,
gamma_limit_5,NUM/NUM729^1.p,TH0,Theorem,thm,yes,14,10,0,10,2,0,0,1,1,
gamma_limit_5,NUM/NUM729^4.p,TH0,Theorem,timeout,na,2479,0,0,0,1,0,0,0,0,
gamma_limit_5,NUM/NUM730^1.p,TH0,Theorem,timeout,na,2247,5032,0,4735,284,634,0,0,0,
gamma_limit_5,NUM/NUM730^4.p,TH0,Theorem,timeout,na,2494,0,0,0,1,0,0,0,0,
gamma_limit_5,NUM/NUM736^1.p,TH0,Theorem,thm,yes,11,9,0,9,2,0,0,1,1,
gamma_limit_5,NUM/NUM736^4.p,TH0,Theorem,timeout,na,2508,0,0,0,1,0,0,0,0,
gamma_limit_5,NUM/NUM737^1.p,TH0,Theorem,timeout,na,2085,2321,55,2321,385,13,0,1,0,
gamma_limit_5,NUM/NUM737^4.p,TH0,Theorem,timeout,na,2502,0,0,0,1,0,0,0,0,
gamma_limit_5,NUM/NUM738^1.p,TH0,Theorem,timeout,na,2154,4701,15,4701,1172,49,0,3,0,
gamma_limit_5,NUM/NUM738^4.p,TH0,Theorem,timeout,na,2504,0,0,0,1,0,0,0,0,
gamma_limit_5,NUM/NUM739^1.p,TH0,Theorem,timeout,na,2291,5812,64,5812,1911,15,0,1,0,
gamma_limit_5,NUM/NUM739^4.p,TH0,Theorem,timeout,na,2500,0,0,0,1,0,0,0,0,
gamma_limit_5,NUM/NUM740^1.p,TH0,Theorem,thm,yes,17,38,0,38,8,0,0,1,1,
gamma_limit_5,NUM/NUM740^4.p,TH0,Theorem,timeout,na,2547,0,0,0,1,0,0,0,0,
gamma_limit_5,NUM/NUM741^1.p,TH0,Theorem,timeout,na,2182,3352,99,3352,631,92,0,2,0,
gamma_limit_5,NUM/NUM741^4.p,TH0,Theorem,timeout,na,2510,0,0,0,1,0,0,0,0,
gamma_limit_5,NUM/NUM742^1.p,TH0,Theorem,timeout,na,2163,4334,68,4334,1129,23,0,1,0,
gamma_limit_5,NUM/NUM742^4.p,TH0,Theorem,timeout,na,2537,0,0,0,1,0,0,0,0,
gamma_limit_5,NUM/NUM743^1.p,TH0,Theorem,timeout,na,2198,4676,49,4676,1474,32,0,2,0,
gamma_limit_5,NUM/NUM743^4.p,TH0,Theorem,timeout,na,2514,0,0,0,1,0,0,0,0,
gamma_limit_5,NUM/NUM746^1.p,TH0,Theorem,timeout,na,2177,4403,28,4403,1205,74,0,1,0,
gamma_limit_5,NUM/NUM746^4.p,TH0,Theorem,timeout,na,2551,0,0,0,1,0,0,0,0,
gamma_limit_5,NUM/NUM747^1.p,TH0,Theorem,thm,yes,16,12,0,12,2,0,0,1,1,
gamma_limit_5,NUM/NUM747^4.p,TH0,Theorem,timeout,na,2575,0,0,0,1,0,0,0,0,
gamma_limit_5,NUM/NUM748^1.p,TH0,Theorem,timeout,na,2049,2249,158,2249,88,2,0,2,0,
gamma_limit_5,NUM/NUM748^4.p,TH0,Theorem,timeout,na,2561,0,0,0,1,0,0,0,0,
gamma_limit_5,NUM/NUM749^1.p,TH0,Theorem,thm,yes,10,11,0,11,2,0,0,1,1,
gamma_limit_5,NUM/NUM749^4.p,TH0,Theorem,timeout,na,2578,0,0,0,1,0,0,0,0,
gamma_limit_5,NUM/NUM750^1.p,TH0,Theorem,thm,yes,36,28,0,28,4,0,0,3,1,
gamma_limit_5,NUM/NUM750^4.p,TH0,Theorem,timeout,na,2588,0,0,0,1,0,0,0,0,
gamma_limit_5,NUM/NUM751^1.p,TH0,Theorem,timeout,na,2260,3923,49,3923,1326,8,0,4,0,
gamma_limit_5,NUM/NUM751^4.p,TH0,Theorem,timeout,na,2547,0,0,0,1,0,0,0,0,
gamma_limit_5,NUM/NUM752^1.p,TH0,Theorem,thm,yes,26,19,0,19,3,0,0,2,1,
gamma_limit_5,NUM/NUM752^4.p,TH0,Theorem,timeout,na,2596,0,0,0,1,0,0,0,0,
gamma_limit_5,NUM/NUM753^1.p,TH0,Theorem,timeout,na,2271,4187,54,4187,1289,17,0,3,0,
gamma_limit_5,NUM/NUM753^4.p,TH0,Theorem,timeout,na,2579,0,0,0,1,0,0,0,0,
gamma_limit_5,NUM/NUM754^1.p,TH0,Theorem,timeout,na,2304,4230,52,4230,1586,40,0,4,0,
gamma_limit_5,NUM/NUM754^4.p,TH0,Theorem,timeout,na,2578,0,0,0,1,0,0,0,0,
gamma_limit_5,NUM/NUM755^1.p,TH0,Theorem,timeout,na,2141,4201,37,4201,874,111,0,1,0,
gamma_limit_5,NUM/NUM755^4.p,TH0,Theorem,timeout,na,2587,0,0,0,1,0,0,0,0,
gamma_limit_5,NUM/NUM756^1.p,TH0,Theorem,timeout,na,2185,5092,20,5092,1182,191,0,3,0,
gamma_limit_5,NUM/NUM756^4.p,TH0,Theorem,timeout,na,2589,0,0,0,1,0,0,0,0,
gamma_limit_5,NUM/NUM757^1.p,TH0,Theorem,timeout,na,2147,4357,35,4357,980,80,0,1,0,
gamma_limit_5,NUM/NUM757^4.p,TH0,Theorem,timeout,na,2627,0,0,0,1,0,0,0,0,
gamma_limit_5,NUM/NUM758^1.p,TH0,Theorem,timeout,na,2277,3992,46,3992,1452,8,0,4,0,
gamma_limit_5,NUM/NUM758^4.p,TH0,Theorem,timeout,na,2605,0,0,0,1,0,0,0,0,
gamma_limit_5,NUM/NUM759^1.p,TH0,Theorem,timeout,na,2357,4739,92,4739,1473,0,0,3,0,
gamma_limit_5,NUM/NUM759^4.p,TH0,Theorem,timeout,na,2595,0,0,0,1,0,0,0,0,
gamma_limit_5,NUM/NUM760^1.p,TH0,Theorem,timeout,na,2348,6321,19,6321,2131,1,0,3,0,
gamma_limit_5,NUM/NUM760^4.p,TH0,Theorem,timeout,na,2602,0,0,0,1,0,0,0,0,
gamma_limit_5,NUM/NUM761^1.p,TH0,Theorem,timeout,na,2149,3561,101,3561,838,18,0,1,0,
gamma_limit_5,NUM/NUM761^4.p,TH0,Theorem,timeout,na,2584,0,0,0,1,0,0,0,0,
gamma_limit_5,NUM/NUM762^1.p,TH0,Theorem,timeout,na,2278,4215,69,4215,1360,0,0,2,0,
gamma_limit_5,NUM/NUM762^4.p,TH0,Theorem,timeout,na,2581,0,0,0,1,0,0,0,0,
gamma_limit_5,NUM/NUM765^1.p,TH0,Theorem,timeout,na,2167,3302,46,3302,961,44,0,1,0,
gamma_limit_5,NUM/NUM765^4.p,TH0,Theorem,timeout,na,2620,0,0,0,1,0,0,0,0,
gamma_limit_5,NUM/NUM766^1.p,TH0,Theorem,timeout,na,2049,1291,47,1291,149,12,0,1,0,
gamma_limit_5,NUM/NUM766^4.p,TH0,Theorem,timeout,na,2603,0,0,0,1,0,0,0,0,
gamma_limit_5,NUM/NUM767^1.p,TH0,Theorem,timeout,na,2426,6417,17,6417,2400,0,0,3,0,
gamma_limit_5,NUM/NUM767^4.p,TH0,Theorem,timeout,na,2628,0,0,0,1,0,0,0,0,
gamma_limit_5,NUM/NUM768^1.p,TH0,Theorem,timeout,na,2097,2125,89,2125,346,14,0,2,0,
gamma_limit_5,NUM/NUM768^4.p,TH0,Theorem,timeout,na,2637,0,0,0,1,0,0,0,0,
gamma_limit_5,NUM/NUM769^1.p,TH0,Theorem,thm,yes,18,28,0,28,4,0,0,1,1,
gamma_limit_5,NUM/NUM769^4.p,TH0,Theorem,timeout,na,2607,0,0,0,1,0,0,0,0,
gamma_limit_5,NUM/NUM770^1.p,TH0,Theorem,timeout,na,2144,3994,63,3994,1066,34,0,1,0,
gamma_limit_5,NUM/NUM770^4.p,TH0,Theorem,timeout,na,2599,0,0,0,1,0,0,0,0,
gamma_limit_5,NUM/NUM771^1.p,TH0,Theorem,timeout,na,2039,2293,166,2293,89,2,0,2,0,
gamma_limit_5,NUM/NUM771^4.p,TH0,Theorem,timeout,na,2651,0,0,0,1,0,0,0,0,
gamma_limit_5,NUM/NUM781^1.p,TH0,Theorem,thm,yes,4,3,0,3,1,1,0,0,0,
gamma_limit_5,NUM/NUM781^2.p,TH0,Theorem,thm,yes,24,18,1,18,1,1,0,0,0,
gamma_limit_5,NUM/NUM781^3.p,TH0,Theorem,thm,yes,19,16,1,16,1,1,0,0,0,
gamma_limit_5,NUM/NUM781^4.p,TH0,Theorem,timeout,na,2731,0,0,0,1,0,0,0,0,
gamma_limit_5,NUM/NUM782^1.p,TH0,Theorem,thm,yes,5,3,0,3,1,1,0,0,0,
gamma_limit_5,NUM/NUM782^4.p,TH0,Theorem,timeout,na,2682,0,0,0,1,0,0,0,0,
gamma_limit_5,NUM/NUM783^1.p,TH0,Theorem,timeout,na,2321,7666,0,7430,149,939,0,0,0,
gamma_limit_5,NUM/NUM783^4.p,TH0,Theorem,timeout,na,2680,0,0,0,1,0,0,0,0,
gamma_limit_5,NUM/NUM784^1.p,TH0,Theorem,thm,yes,47,64,0,64,8,3,0,1,1,
gamma_limit_5,NUM/NUM784^4.p,TH0,Theorem,timeout,na,2704,0,0,0,1,0,0,0,0,
gamma_limit_5,NUM/NUM785^1.p,TH0,Theorem,thm,yes,46,60,0,60,8,2,0,1,1,
gamma_limit_5,NUM/NUM785^4.p,TH0,Theorem,timeout,na,2709,0,0,0,1,0,0,0,0,
gamma_limit_5,NUM/NUM786^1.p,TH0,Theorem,thm,yes,13,16,0,16,3,0,0,1,1,
gamma_limit_5,NUM/NUM786^4.p,TH0,Theorem,timeout,na,2714,0,0,0,1,0,0,0,0,
gamma_limit_5,NUM/NUM787^1.p,TH0,Theorem,thm,yes,16,18,0,18,3,0,0,1,1,
gamma_limit_5,NUM/NUM787^4.p,TH0,Theorem,timeout,na,2703,0,0,0,1,0,0,0,0,
gamma_limit_5,NUM/NUM788^1.p,TH0,Theorem,thm,yes,30,37,0,37,5,2,0,1,1,
gamma_limit_5,NUM/NUM788^4.p,TH0,Theorem,timeout,na,2704,0,0,0,1,0,0,0,0,
gamma_limit_5,NUM/NUM789^1.p,TH0,Theorem,thm,yes,52,67,0,67,8,4,0,1,1,
gamma_limit_5,NUM/NUM789^4.p,TH0,Theorem,timeout,na,2714,0,0,0,1,0,0,0,0,
gamma_limit_5,NUM/NUM790^1.p,TH0,Theorem,thm,yes,15,17,0,17,3,0,0,1,1,
gamma_limit_5,NUM/NUM790^4.p,TH0,Theorem,timeout,na,2712,0,0,0,1,0,0,0,0,
gamma_limit_5,NUM/NUM791^1.p,TH0,Theorem,thm,yes,14,18,0,18,3,0,0,1,1,
gamma_limit_5,NUM/NUM791^4.p,TH0,Theorem,timeout,na,2712,0,0,0,1,0,0,0,0,
gamma_limit_5,NUM/NUM792^1.p,TH0,Theorem,timeout,na,2176,5981,3,5981,1525,34,0,3,0,
gamma_limit_5,NUM/NUM792^4.p,TH0,Theorem,timeout,na,2711,0,0,0,1,0,0,0,0,
gamma_limit_5,NUM/NUM793^1.p,TH0,Theorem,timeout,na,2179,6261,2,6261,1535,47,0,1,0,
gamma_limit_5,NUM/NUM793^4.p,TH0,Theorem,timeout,na,2735,0,0,0,1,0,0,0,0,
gamma_limit_5,NUM/NUM795^1.p,TH0,Theorem,timeout,na,2163,5572,8,5572,1324,43,0,2,0,
gamma_limit_5,NUM/NUM795^4.p,TH0,Theorem,timeout,na,2769,0,0,0,1,0,0,0,0,
gamma_limit_5,NUM/NUM796^1.p,TH0,Theorem,timeout,na,2172,5274,43,5274,1386,38,0,3,0,
gamma_limit_5,NUM/NUM796^4.p,TH0,Theorem,timeout,na,2784,0,0,0,1,0,0,0,0,
gamma_limit_5,NUM/NUM797^1.p,TH0,Theorem,timeout,na,2052,2915,143,2915,235,3,0,1,0,
gamma_limit_5,NUM/NUM797^4.p,TH0,Theorem,timeout,na,2224,14,1,14,1,0,0,0,0,
gamma_limit_5,NUM/NUM798^1.p,TH0,Theorem,timeout,na,2024,37,2,37,2,0,0,0,0,
gamma_limit_5,NUM/NUM799^1.p,TH0,Theorem,timeout,na,2029,37,2,37,2,0,0,0,0,
gamma_limit_5,NUM/NUM800^1.p,TH0,Theorem,timeout,na,2048,1434,120,1434,38,0,0,0,0,
gamma_limit_5,NUM/NUM801^1.p,TH0,Theorem,timeout,na,2029,147,13,147,2,0,0,0,0,
gamma_limit_5,NUM/NUM802^5.p,TH0,Theorem,timeout,na,2115,4016,28,4016,611,50,0,2,0,
gamma_limit_5,NUM/NUM803^5.p,TH0,CounterSatisfiable,csa,yes,10,7,0,7,2,0,1,0,0,C[19ZR3H] (c_star C[1E9WLQ] c0)  ¬(C[19ZR3H] c0)
gamma_limit_5,NUM/NUM804^5.p,TH0,CounterSatisfiable,csa,yes,9,7,0,7,2,0,1,0,0,C[20IOUN] (c_plus C[22RFP4] c0)  ¬(C[20IOUN] C[22RFP4])
gamma_limit_5,NUM/NUM805^5.p,TH0,CounterSatisfiable,csa,yes,13,8,0,8,2,0,1,0,0,C[1AA33S] (c_plus C[1231R5] (cS C[267Q92]))  ¬(C[1AA33S] (cS (c_plus C[1231R5] C[267Q92])))
gamma_limit_5,NUM/NUM806^5.p,TH0,CounterSatisfiable,csa,yes,13,9,0,9,2,0,1,0,0,C[KWNPP] (c_star C[16OT6E] (cS C[1HX191]))  ¬(C[KWNPP] (c_plus (c_star C[16OT6E] C[1HX191]) C[16OT6E]))
gamma_limit_5,NUM/NUM807^5.p,TH0,CounterSatisfiable,timeout,na,2054,2975,142,2975,143,33,0,0,0,
gamma_limit_5,NUM/NUM808^5.p,TH0,Theorem,timeout,na,2069,2157,59,2157,359,12,0,5,0,
gamma_limit_5,NUM/NUM809^5.p,TH0,Theorem,timeout,na,2064,2512,143,2512,205,0,0,2,0,
gamma_limit_5,NUM/NUM810^5.p,TH0,Theorem,timeout,na,2051,2140,119,2140,173,0,0,2,0,
gamma_limit_5,NUM/NUM811^5.p,TH0,Theorem,timeout,na,2057,2365,149,2365,168,0,0,2,0,
gamma_limit_5,NUM/NUM812^5.p,TH0,Theorem,timeout,na,2047,2851,156,2851,197,0,0,2,0,
gamma_limit_5,NUM/NUM813^5.p,TH0,Theorem,timeout,na,2068,2482,61,2482,229,98,0,5,0,
gamma_limit_5,NUM/NUM814^5.p,TH0,Theorem,timeout,na,2054,2784,157,2784,207,0,0,2,0,
gamma_limit_5,NUM/NUM815^5.p,TH0,Theorem,timeout,na,2053,2755,167,2755,174,0,0,2,0,
gamma_limit_5,NUM/NUM816^5.p,TH0,Theorem,timeout,na,2039,2596,163,2596,166,1,0,1,0,
gamma_limit_5,NUM/NUM817^5.p,TH0,Theorem,timeout,na,2045,2860,165,2860,196,2,0,1,0,
gamma_limit_5,NUM/NUM818^5.p,TH0,CounterSatisfiable,timeout,na,2032,595,15,595,102,3,0,1,0,
gamma_limit_5,NUM/NUM819^5.p,TH0,Unknown,timeout,na,2092,2021,70,2021,281,36,0,5,0,
gamma_limit_5,NUM/NUM821^5.p,TH0,Unknown,timeout,na,2050,2467,140,2467,129,54,0,5,0,
gamma_limit_5,NUM/NUM822^5.p,TH0,Unknown,timeout,na,2110,3166,19,3166,534,174,0,2,0,
gamma_limit_5,NUM/NUM823^5.p,TH0,Unknown,timeout,na,2053,2539,107,2539,251,62,0,4,0,
gamma_limit_5,NUM/NUM824^5.p,TH0,Theorem,timeout,na,2020,794,46,794,47,17,0,4,0,
gamma_limit_5,NUM/NUM825^5.p,TH0,Theorem,timeout,na,2022,1150,84,1150,54,14,0,1,0,
gamma_limit_5,NUM/NUM826^5.p,TH0,Theorem,timeout,na,2035,572,36,572,36,1,0,2,0,
gamma_limit_5,NUM/NUM827^5.p,TH0,Theorem,timeout,na,2097,3436,79,3436,291,38,0,0,0,
gamma_limit_5,NUM/NUM828^5.p,TH0,Theorem,timeout,na,2096,3436,77,3436,295,40,0,0,0,
gamma_limit_5,NUM/NUM829^5.p,TH0,Theorem,timeout,na,2098,3443,78,3443,275,36,0,0,0,
gamma_limit_5,NUM/NUM830^5.p,TH0,Theorem,timeout,na,2059,931,25,931,118,9,0,3,0,
gamma_limit_5,NUM/NUM831^5.p,TH0,Unknown,timeout,na,2048,1896,94,1896,163,0,0,1,0,
gamma_limit_5,NUM/NUM832^5.p,TH0,Theorem,timeout,na,2039,1942,89,1942,149,0,0,1,0,
gamma_limit_5,NUM/NUM833^5.p,TH0,Unknown,timeout,na,2045,1343,46,1343,139,0,0,1,0,
gamma_limit_5,NUM/NUM834^5.p,TH0,Unknown,timeout,na,2029,396,17,396,34,0,0,1,0,
gamma_limit_5,NUM/NUM863^1.p,TH0,Theorem,timeout,na,2143,1931,2,1931,281,0,0,0,0,
gamma_limit_5,NUM/NUM923^1.p,TH0,Theorem,timeout,na,2158,2141,161,2141,82,0,0,1,0,
gamma_limit_5,NUM/NUM923^2.p,TH1,Theorem,parser_error,na,0,,,,,,,,,cached: Failed to parse formula 'fact_81_split__paired__Ex': [byte:26352] Type Error: Cannot unify strict function types of different arities.
gamma_limit_5,NUM/NUM923^3.p,TH1,Theorem,parser_error,na,0,,,,,,,,,cached: Failed to parse formula 'fact_125_split__paired__Ex': [byte:41018] Type Error: Cannot unify strict function types of different arities.
gamma_limit_5,NUM/NUM923^4.p,TH1,Theorem,parser_error,na,0,,,,,,,,,cached: Failed to parse formula 'fact_158_split__paired__All': [byte:93412] Type Error: Cannot unify strict function types of different arities.
gamma_limit_5,NUM/NUM924^1.p,TH0,ContradictoryAxioms,timeout,na,2816,4886,16,4886,498,0,0,0,0,
gamma_limit_5,NUM/NUM924^2.p,TH0,Theorem,timeout,na,2691,624,62,624,1,0,0,0,0,
gamma_limit_5,NUM/NUM924^3.p,TH0,ContradictoryAxioms,timeout,na,3355,579,57,579,1,0,0,0,0,
gamma_limit_5,NUM/NUM924^4.p,TH1,Theorem,parser_error,na,0,,,,,,,,,cached: Failed to parse formula 'fact_2709_ex__nat': [byte:738104] Type Error: Cannot unify strict function types of different arities.
gamma_limit_5,NUM/NUM925^1.p,TH0,Theorem,timeout,na,2720,6033,15,6033,1467,0,0,1,0,
gamma_limit_5,NUM/NUM925^2.p,TH0,Theorem,timeout,na,2589,756,75,756,1,0,0,0,0,
gamma_limit_5,NUM/NUM925^3.p,TH0,Theorem,timeout,na,3259,556,55,556,1,0,0,0,0,
gamma_limit_5,NUM/NUM925^4.p,TH1,Theorem,parser_error,na,0,,,,,,,,,cached: Failed to parse formula 'fact_2744_ex__nat': [byte:691477] Type Error: Cannot unify strict function types of different arities.
gamma_limit_5,NUM/NUM926^1.p,TH0,Theorem,timeout,na,2222,1388,75,1388,139,2,0,1,0,
gamma_limit_5,NUM/NUM926^2.p,TH0,Theorem,timeout,na,2702,625,62,625,1,0,0,0,0,
gamma_limit_5,NUM/NUM926^3.p,TH0,Theorem,timeout,na,3359,578,57,578,1,0,0,0,0,
gamma_limit_5,NUM/NUM926^4.p,TH1,Theorem,parser_error,na,0,,,,,,,,,cached: Failed to parse formula 'fact_2727_ex__nat': [byte:747317] Type Error: Cannot unify strict function types of different arities.
gamma_limit_5,NUN/NUN021^1.p,TH0,Satisfiable,no_conjecture,na,16,,,,,,,,,
gamma_limit_5,NUN/NUN022^1.p,TH0,Satisfiable,timeout,na,2005,1073,126,1073,1,0,0,0,0,
gamma_limit_5,NUN/NUN023^1.p,TH0,Theorem,timeout,na,2079,2971,129,2971,310,33,0,1,0,
gamma_limit_5,NUN/NUN023^2.p,TH0,Theorem,timeout,na,2075,2934,140,2934,283,35,0,1,0,
gamma_limit_5,NUN/NUN024^1.p,TH0,Theorem,timeout,na,2093,3079,102,3079,173,46,0,0,0,
gamma_limit_5,NUN/NUN024^2.p,TH0,Theorem,timeout,na,2080,3170,139,3170,170,35,0,0,0,
gamma_limit_5,NUN/NUN025^1.p,TH0,Theorem,timeout,na,2083,3199,141,3199,145,38,0,0,0,
gamma_limit_5,NUN/NUN025^2.p,TH0,Theorem,timeout,na,2091,3038,116,3038,323,45,0,1,0,
gamma_limit_5,NUN/NUN025^3.p,TH0,Theorem,timeout,na,2079,3125,122,3125,168,36,0,0,0,
gamma_limit_5,NUN/NUN026^1.p,TH1,Theorem,parse_timeout,na,0,,,,,,,,,cached: parse exceeded 5000ms
gamma_limit_5,NUN/NUN027^1.p,TH1,Theorem,parse_timeout,na,0,,,,,,,,,cached: parse exceeded 5000ms
gamma_limit_5,NUN/NUN028^1.p,TH1,Theorem,parse_timeout,na,0,,,,,,,,,cached: parse exceeded 5000ms
gamma_limit_5,NUN/NUN029^1.p,TH1,Theorem,parse_timeout,na,0,,,,,,,,,cached: parse exceeded 5000ms
gamma_limit_5,NUN/NUN030^1.p,TH1,Theorem,parse_timeout,na,0,,,,,,,,,cached: parse exceeded 5000ms
gamma_limit_5,NUN/NUN031^1.p,TH1,Theorem,parse_timeout,na,0,,,,,,,,,cached: parse exceeded 5000ms
gamma_limit_5,NUN/NUN032^1.p,TH1,Theorem,parse_timeout,na,0,,,,,,,,,cached: parse exceeded 5000ms
gamma_limit_5,NUN/NUN033^1.p,TH1,Theorem,parse_timeout,na,0,,,,,,,,,cached: parse exceeded 5000ms
gamma_limit_5,NUN/NUN034^1.p,TH1,Theorem,parse_timeout,na,0,,,,,,,,,cached: parse exceeded 5000ms
gamma_limit_5,NUN/NUN035^1.p,TH1,Theorem,parse_timeout,na,0,,,,,,,,,cached: parse exceeded 5000ms
gamma_limit_5,NUN/NUN036^1.p,TH1,Theorem,parse_timeout,na,0,,,,,,,,,cached: parse exceeded 5000ms
gamma_limit_5,NUN/NUN037^1.p,TH1,Theorem,parse_timeout,na,0,,,,,,,,,cached: parse exceeded 5000ms
gamma_limit_5,NUN/NUN038^1.p,TH1,Theorem,parse_timeout,na,0,,,,,,,,,cached: parse exceeded 5000ms
gamma_limit_5,NUN/NUN039^1.p,TH1,Theorem,parse_timeout,na,0,,,,,,,,,cached: parse exceeded 5000ms
gamma_limit_5,NUN/NUN040^1.p,TH1,Theorem,parse_timeout,na,0,,,,,,,,,cached: parse exceeded 5000ms
gamma_limit_5,NUN/NUN041^1.p,TH1,Theorem,parse_timeout,na,0,,,,,,,,,cached: parse exceeded 5000ms
gamma_limit_5,NUN/NUN042^1.p,TH1,Theorem,parse_timeout,na,0,,,,,,,,,cached: parse exceeded 5000ms
gamma_limit_5,NUN/NUN043^1.p,TH1,Theorem,parse_timeout,na,0,,,,,,,,,cached: parse exceeded 5000ms
gamma_limit_5,NUN/NUN044^1.p,TH1,Theorem,parse_timeout,na,0,,,,,,,,,cached: parse exceeded 5000ms
gamma_limit_5,NUN/NUN045^1.p,TH1,Theorem,parse_timeout,na,0,,,,,,,,,cached: parse exceeded 5000ms
gamma_limit_5,NUN/NUN046^1.p,TH1,ContradictoryAxioms,timeout,na,2060,3503,304,3503,96,16,0,0,0,
gamma_limit_5,NUN/NUN047^1.p,TH1,ContradictoryAxioms,timeout,na,2103,1621,36,1621,198,53,0,1,0,
gamma_limit_5,NUN/NUN048^1.p,TH1,Theorem,timeout,na,2158,4447,36,4447,197,84,0,0,0,
gamma_limit_5,NUN/NUN049^1.p,TH1,Theorem,timeout,na,2051,1135,46,1135,127,0,0,0,0,
gamma_limit_5,NUN/NUN050^1.p,TH1,Theorem,timeout,na,2058,1132,46,1132,127,0,0,0,0,
gamma_limit_5,NUN/NUN051^1.p,TH1,Theorem,timeout,na,2079,2493,83,2493,213,41,0,0,0,
gamma_limit_5,NUN/NUN052^1.p,TH1,CounterSatisfiable,timeout,na,2067,2184,120,2184,182,2,0,1,0,
gamma_limit_5,NUN/NUN053^4.p,TH0,Satisfiable,no_conjecture,na,1794,,,,,,,,,
gamma_limit_5,NUN/NUN093^1.p,TH0,Unknown,timeout,na,3572,0,0,0,1,0,0,0,0,
gamma_limit_5,NUN/NUN094^1.p,TH0,Unknown,timeout,na,3602,0,0,0,1,0,0,0,0,
gamma_limit_5,NUN/NUN095^1.p,TH0,Unknown,timeout,na,3522,0,0,0,1,0,0,0,0,
gamma_limit_5,NUN/NUN096^1.p,TH0,Unknown,timeout,na,3540,0,0,0,1,0,0,0,0,
gamma_limit_5,NUN/NUN097^1.p,TH0,Unknown,timeout,na,2872,0,0,0,1,0,0,0,0,
gamma_limit_5,NUN/NUN098^1.p,TH0,Unknown,timeout,na,2871,0,0,0,1,0,0,0,0,
gamma_limit_5,NUN/NUN099^1.p,TH0,Unknown,timeout,na,3296,0,0,0,1,0,0,0,0,
gamma_limit_5,NUN/NUN100^1.p,TH0,Unknown,timeout,na,3303,0,0,0,1,0,0,0,0,
gamma_limit_5,NUN/NUN101^1.p,TH0,Unknown,timeout,na,3184,0,0,0,1,0,0,0,0,
gamma_limit_5,NUN/NUN102^1.p,TH0,Unknown,timeout,na,3184,0,0,0,1,0,0,0,0,
gamma_limit_5,NUN/NUN103^1.p,TH0,Unknown,timeout,na,2830,0,0,0,1,0,0,0,0,
gamma_limit_5,NUN/NUN104^1.p,TH0,Unknown,timeout,na,2837,0,0,0,1,0,0,0,0,
gamma_limit_5,NUN/NUN105^1.p,TH0,Unknown,timeout,na,3240,0,0,0,1,0,0,0,0,
gamma_limit_5,NUN/NUN106^1.p,TH0,Unknown,timeout,na,3230,0,0,0,1,0,0,0,0,
gamma_limit_5,NUN/NUN107^1.p,TH0,Unknown,timeout,na,3243,0,0,0,1,0,0,0,0,
gamma_limit_5,NUN/NUN108^1.p,TH0,Unknown,timeout,na,3239,0,0,0,1,0,0,0,0,
gamma_limit_5,NUN/NUN109^1.p,TH0,Unknown,timeout,na,2570,0,0,0,1,0,0,0,0,
gamma_limit_5,NUN/NUN110^1.p,TH0,Unknown,timeout,na,2583,0,0,0,1,0,0,0,0,
gamma_limit_5,NUN/NUN111^1.p,TH0,Unknown,timeout,na,3526,0,0,0,1,0,0,0,0,
gamma_limit_5,NUN/NUN112^1.p,TH0,Unknown,timeout,na,3522,0,0,0,1,0,0,0,0,
gamma_limit_5,NUN/NUN113^1.p,TH0,Unknown,timeout,na,3151,0,0,0,1,0,0,0,0,
gamma_limit_5,NUN/NUN114^1.p,TH0,Unknown,timeout,na,3148,0,0,0,1,0,0,0,0,
gamma_limit_5,NUN/NUN115^1.p,TH0,Unknown,timeout,na,3986,0,0,0,1,0,0,0,0,
gamma_limit_5,NUN/NUN116^1.p,TH0,Unknown,timeout,na,3985,0,0,0,1,0,0,0,0,
gamma_limit_5,NUN/NUN117^1.p,TH0,Unknown,timeout,na,3611,0,0,0,1,0,0,0,0,
gamma_limit_5,NUN/NUN118^1.p,TH0,Unknown,timeout,na,3652,0,0,0,1,0,0,0,0,
gamma_limit_5,NUN/NUN119^1.p,TH0,Unknown,timeout,na,3327,0,0,0,1,0,0,0,0,
gamma_limit_5,NUN/NUN120^1.p,TH0,Unknown,timeout,na,3310,0,0,0,1,0,0,0,0,
gamma_limit_5,NUN/NUN121^1.p,TH0,Unknown,timeout,na,3217,0,0,0,1,0,0,0,0,
gamma_limit_5,NUN/NUN122^1.p,TH0,Unknown,timeout,na,3223,0,0,0,1,0,0,0,0,
gamma_limit_5,NUN/NUN123^1.p,TH0,Unknown,timeout,na,4237,0,0,0,1,0,0,0,0,
gamma_limit_5,NUN/NUN124^1.p,TH0,Unknown,timeout,na,4240,0,0,0,1,0,0,0,0,
gamma_limit_5,NUN/NUN125^1.p,TH0,Unknown,timeout,na,2956,0,0,0,1,0,0,0,0,
gamma_limit_5,NUN/NUN126^1.p,TH0,Unknown,timeout,na,2950,0,0,0,1,0,0,0,0,
gamma_limit_5,NUN/NUN127^1.p,TH0,Unknown,timeout,na,3361,0,0,0,1,0,0,0,0,
gamma_limit_5,NUN/NUN128^1.p,TH0,Unknown,timeout,na,3324,0,0,0,1,0,0,0,0,
gamma_limit_5,NUN/NUN129^1.p,TH0,Unknown,timeout,na,3472,0,0,0,1,0,0,0,0,
gamma_limit_5,NUN/NUN130^1.p,TH0,Unknown,timeout,na,3495,0,0,0,1,0,0,0,0,
gamma_limit_5,NUN/NUN131^1.p,TH0,Unknown,timeout,na,3685,0,0,0,1,0,0,0,0,
gamma_limit_5,NUN/NUN132^1.p,TH0,Unknown,timeout,na,3661,0,0,0,1,0,0,0,0,
gamma_limit_5,PHI/PHI001^1.p,TH0,Satisfiable,no_conjecture,na,41,,,,,,,,,
gamma_limit_5,PHI/PHI002^1.p,TH0,Theorem,timeout,na,2061,232,5,232,29,0,0,1,0,
gamma_limit_5,PHI/PHI002^2.p,TH0,Theorem,timeout,na,2059,465,16,465,56,5,0,1,0,
gamma_limit_5,PHI/PHI002^8.p,unknown,Theorem,parser_error,na,0,,,,,,,,,cached: Lexer failed to parse entire string. Unparsed: {$box} @ ( ! [X: $i] : ( ( Phi @ X ) => ( Psi @ X ) ) ) ) ) => ( positive @ Psi ) ) ). %----T1: Positive properties are possibly exemplified. thf(t1 conj
gamma_limit_5,PHI/PHI003^1.p,TH0,Theorem,timeout,na,2067,412,15,412,46,4,0,1,0,
gamma_limit_5,PHI/PHI003^2.p,TH0,Theorem,timeout,na,2065,573,22,573,58,2,0,1,0,
gamma_limit_5,PHI/PHI003^6.p,unknown,Theorem,parser_error,na,0,,,,,,,,,cached: Lexer failed to parse entire string. Unparsed: {$possible} @ ( ? [X: entity] : ( god_like @ X ) ) ) ). %------------------------------------------------------------------------------ 
gamma_limit_5,PHI/PHI003^7.p,unknown,CounterSatisfiable,parser_error,na,0,,,,,,,,,cached: Lexer failed to parse entire string. Unparsed: {$possible} @ ( ? [X: entity] : ( god_like @ X ) ) ) ). %------------------------------------------------------------------------------ 
gamma_limit_5,PHI/PHI003^8.p,unknown,Theorem,parser_error,na,0,,,,,,,,,cached: Lexer failed to parse entire string. Unparsed: {$box} @ ( ! [X: $i] : ( ( Phi @ X ) => ( Psi @ X ) ) ) ) ) => ( positive @ Psi ) ) ). %----D1: A God-like being possesses all positive properties. thf(d
gamma_limit_5,PHI/PHI004^1.p,TH0,Theorem,timeout,na,2079,445,19,445,39,0,0,1,0,
gamma_limit_5,PHI/PHI004^2.p,TH0,Theorem,timeout,na,2076,1205,58,1205,114,16,0,1,0,
gamma_limit_5,PHI/PHI004^4.p,TH0,Theorem,timeout,na,2051,775,19,775,114,0,0,1,0,
gamma_limit_5,PHI/PHI004^8.p,unknown,Theorem,parser_error,na,0,,,,,,,,,cached: Lexer failed to parse entire string. Unparsed: {$box} @ ( ! [X: $i] : ( ( Phi @ X ) => ( Psi @ X ) ) ) ) ) => ( positive @ Psi ) ) ). %----D1: A God-like being possesses all positive properties. thf(d
gamma_limit_5,PHI/PHI005^1.p,TH0,Theorem,timeout,na,2100,912,30,912,129,8,0,1,0,
gamma_limit_5,PHI/PHI005^10.p,unknown,Theorem,parser_error,na,0,,,,,,,,,cached: Lexer failed to parse entire string. Unparsed: {$necessary} @ ( ! [X: individual] : ( ( Phi @ X ) <=> ( ^ [Y: individual] : ( ( Phi @ Y ) & ~ ( Phi @ Y ) ) @ X ) ) ) ) => ( ( positive @ Phi ) <=> ( po
gamma_limit_5,PHI/PHI005^2.p,TH0,Theorem,timeout,na,2111,1705,28,1704,165,10,0,0,0,
gamma_limit_5,PHI/PHI005^3.p,TH0,CounterSatisfiable,timeout,na,2076,792,41,792,68,4,0,1,0,
gamma_limit_5,PHI/PHI005^4.p,TH0,Theorem,timeout,na,2051,1617,91,1617,127,0,0,1,0,
gamma_limit_5,PHI/PHI005^6.p,unknown,Theorem,parser_error,na,0,,,,,,,,,cached: Lexer failed to parse entire string. Unparsed: {$necessary} @ ( ? [X: entity] : ( god_like @ X ) ) ) ). %------------------------------------------------------------------------------ 
gamma_limit_5,PHI/PHI005^8.p,unknown,Theorem,parser_error,na,0,,,,,,,,,cached: Lexer failed to parse entire string. Unparsed: {$box} @ ( ! [X: $i] : ( ( Phi @ X ) => ( Psi @ X ) ) ) ) ) => ( positive @ Psi ) ) ). %----D1: A God-like being possesses all positive properties. thf(d
gamma_limit_5,PHI/PHI005^9.p,unknown,Theorem,parser_error,na,0,,,,,,,,,cached: Lexer failed to parse entire string. Unparsed: {$necessary} @ ( ! [X: individual] : ( ( Phi @ X ) <=> ( Psi @ X ) ) ) ) => ( ( positive @ Phi ) <=> ( positive @ Psi ) ) ) ). %----Contradictory propert
gamma_limit_5,PHI/PHI006^4.p,TH0,ContradictoryAxioms,timeout,na,2072,1389,93,1389,78,0,0,1,0,
gamma_limit_5,PHI/PHI006^5.p,TH0,ContradictoryAxioms,timeout,na,2067,592,28,592,49,1,0,1,0,
gamma_limit_5,PHI/PHI007^4.p,TH0,ContradictoryAxioms,timeout,na,2073,545,41,545,55,0,0,1,0,
gamma_limit_5,PHI/PHI007^5.p,TH0,ContradictoryAxioms,timeout,na,2030,411,27,411,20,0,0,2,0,
gamma_limit_5,PHI/PHI008^4.p,TH0,Theorem,timeout,na,2052,844,33,844,100,0,0,1,0,
gamma_limit_5,PHI/PHI043^1.p,TH0,Theorem,timeout,na,2055,329,13,329,40,5,0,2,0,
gamma_limit_5,PHI/PHI043^2.p,TH0,Theorem,timeout,na,2060,311,3,311,51,4,0,1,0,
gamma_limit_5,PHI/PHI045^10.p,unknown,Theorem,parser_error,na,0,,,,,,,,,cached: Lexer failed to parse entire string. Unparsed: {$necessary} @ ( ! [X: individual] : ( ( exists @ X ) => ( ( Phi @ X ) <=> ( ^ [Y: individual] : ( ( Phi @ Y ) & ~ ( Phi @ Y ) ) @ X ) ) ) ) ) => ( ( pos
gamma_limit_5,PHI/PHI045^6.p,TH0,Theorem,thm,yes,1291,1053,62,1053,53,23,0,1,1,
gamma_limit_5,PHI/PHI045^7.p,unknown,Theorem,parser_error,na,0,,,,,,,,,cached: Lexer failed to parse entire string. Unparsed: {$necessary} @ ( ! [X: individual] : ( ( Phi @ X ) <=> ( Psi @ X ) ) ) ) => ( ( positive @ Phi ) <=> ( positive @ Psi ) ) ) ). %----Contradictory propert
gamma_limit_5,PHI/PHI045^8.p,unknown,Theorem,parser_error,na,0,,,,,,,,,cached: Lexer failed to parse entire string. Unparsed: {$necessary} @ ( ! [X: individual] : ( ( Phi @ X ) <=> ( ^ [Y: individual] : ( ( Phi @ Y ) & ~ ( Phi @ Y ) ) @ X ) ) ) ) => ( ( positive @ Phi ) <=> ( po
gamma_limit_5,PHI/PHI045^9.p,unknown,Theorem,parser_error,na,0,,,,,,,,,cached: Lexer failed to parse entire string. Unparsed: {$necessary} @ ( ! [X: individual] : ( ( exists @ X ) => ( ( Phi @ X ) <=> ( Psi @ X ) ) ) ) ) => ( ( positive @ Phi ) <=> ( positive @ Psi ) ) ) ). %---
gamma_limit_5,PHI/PHI046^10.p,unknown,Theorem,parser_error,na,0,,,,,,,,,cached: Lexer failed to parse entire string. Unparsed: {$necessary} @ ( ! [X: individual] : ( ( exists @ X ) => ( ( Phi @ X ) <=> ( ^ [Y: individual] : ( ( Phi @ Y ) & ~ ( Phi @ Y ) ) @ X ) ) ) ) ) => ( ( pos
gamma_limit_5,PHI/PHI046^9.p,unknown,Theorem,parser_error,na,0,,,,,,,,,cached: Lexer failed to parse entire string. Unparsed: {$necessary} @ ( ! [X: individual] : ( ( exists @ X ) => ( ( Phi @ X ) <=> ( Psi @ X ) ) ) ) ) => ( ( positive @ Phi ) <=> ( positive @ Psi ) ) ) ). %---
gamma_limit_5,PLA/PLA032^7.p,TH0,Theorem,timeout,na,2217,4273,94,4273,188,304,0,0,0,
gamma_limit_5,PLA/PLA033^7.p,TH0,Theorem,timeout,na,2169,1962,53,1962,211,0,0,0,0,
gamma_limit_5,PLA/PLA053^15.p,TH0,CounterSatisfiable,timeout,na,2111,3004,49,3004,213,96,0,0,0,
gamma_limit_5,PLA/PLA053^18.p,TH0,Theorem,timeout,na,2131,3123,40,3123,212,143,0,0,0,
gamma_limit_5,PLA/PLA053^2.p,TH0,Theorem,timeout,na,2127,3070,101,3070,204,20,0,0,0,
gamma_limit_5,PLA/PLA053^4.p,TH0,Theorem,timeout,na,2169,3631,91,3631,171,48,0,0,0,
gamma_limit_5,PLA/PLA053^5.p,TH0,Theorem,timeout,na,2135,3448,99,3448,200,24,0,0,0,
gamma_limit_5,PLA/PLA054^4.p,TH0,Theorem,timeout,na,2093,2661,145,2661,237,0,0,0,0,
gamma_limit_5,PRO/PRO019^1.p,TH1,Theorem,timeout,na,3028,99,9,99,1,0,0,0,0,
gamma_limit_5,PRO/PRO020^1.p,TH1,Theorem,timeout,na,3501,56,5,56,1,0,0,0,0,
gamma_limit_5,PRO/PRO021^1.p,TH1,Theorem,timeout,na,3944,31,3,31,1,0,0,0,0,
gamma_limit_5,PRO/PRO022^1.p,TH1,Theorem,timeout,na,3197,45,4,45,1,0,0,0,0,
gamma_limit_5,PRO/PRO023^1.p,TH1,Theorem,timeout,na,4085,0,0,0,1,0,0,0,0,
gamma_limit_5,PRO/PRO024^1.p,TH1,Theorem,timeout,na,4519,0,0,0,1,0,0,0,0,
gamma_limit_5,PRO/PRO025^1.p,TH1,Theorem,timeout,na,4673,0,0,0,1,0,0,0,0,
gamma_limit_5,PRO/PRO026^1.p,TH1,Theorem,timeout,na,4655,0,0,0,1,0,0,0,0,
gamma_limit_5,PRO/PRO027^1.p,TH1,Theorem,timeout,na,4481,0,0,0,1,0,0,0,0,
gamma_limit_5,PRO/PRO028^1.p,TH1,Theorem,timeout,na,4503,0,0,0,1,0,0,0,0,
gamma_limit_5,PRO/PRO029^16.p,TH0,Theorem,timeout,na,2180,3275,2,3275,232,2,0,0,0,
gamma_limit_5,PUZ/PUZ031^5.p,TH0,Theorem,timeout,na,2206,1877,6,1877,116,0,0,0,0,
gamma_limit_5,PUZ/PUZ047^5.p,TH0,Theorem,timeout,na,2346,4879,3,4879,289,0,0,0,0,
gamma_limit_5,PUZ/PUZ081^1.p,TH0,Theorem,parser_error,na,0,,,,,,,,,cached: Failed to parse formula 'kk_6_6': [byte:2999] Type Error: Cannot unify strict function types of different arities.
gamma_limit_5,PUZ/PUZ081^2.p,TH0,Theorem,timeout,na,2043,924,14,904,164,28,0,0,0,
gamma_limit_5,PUZ/PUZ081^3.p,TH0,Theorem,timeout,na,2252,6354,0,6077,133,1003,0,0,0,
gamma_limit_5,PUZ/PUZ082^1.p,TH0,Theorem,unk,na,117,173,0,158,9,32,0,0,0,
gamma_limit_5,PUZ/PUZ083^1.p,TH0,Theorem,unk,na,100,206,0,191,10,40,0,0,0,
gamma_limit_5,PUZ/PUZ084^1.p,TH0,Theorem,thm,yes,108,30,2,30,2,0,0,1,1,
gamma_limit_5,PUZ/PUZ085^1.p,TH0,Theorem,timeout,na,2151,2193,33,2193,445,51,0,4,0,
gamma_limit_5,PUZ/PUZ086^1.p,TH0,Theorem,timeout,na,2267,2918,42,2918,241,0,0,0,0,
gamma_limit_5,PUZ/PUZ087^1.p,TH0,Theorem,timeout,na,2632,3200,10,3200,257,0,0,0,0,
gamma_limit_5,PUZ/PUZ087^2.p,TH0,Theorem,timeout,na,2559,3054,14,3054,314,0,0,0,0,
gamma_limit_5,PUZ/PUZ088^5.p,TH0,Theorem,thm,yes,15,18,0,18,4,0,0,2,1,
gamma_limit_5,PUZ/PUZ090^5.p,TH0,Theorem,thm,yes,187,1,0,1,1,1,0,0,0,
gamma_limit_5,PUZ/PUZ091^5.p,TH0,Theorem,thm,yes,347,1,0,1,1,1,0,0,0,
gamma_limit_5,PUZ/PUZ092^5.p,TH0,Theorem,timeout,na,2059,1289,33,1289,57,18,0,0,0,
gamma_limit_5,PUZ/PUZ093^5.p,TH0,Theorem,timeout,na,2036,16,1,16,2,0,0,0,0,
gamma_limit_5,PUZ/PUZ094^5.p,TH0,Theorem,timeout,na,2691,6197,5,6197,226,0,0,0,0,
gamma_limit_5,PUZ/PUZ095^5.p,TH0,CounterSatisfiable,timeout,na,2030,514,23,514,46,4,0,1,0,
gamma_limit_5,PUZ/PUZ096^5.p,TH0,CounterSatisfiable,timeout,na,2026,1,0,1,1,0,0,0,0,
gamma_limit_5,PUZ/PUZ097^5.p,TH0,CounterSatisfiable,timeout,na,2023,1,0,1,1,0,0,0,0,
gamma_limit_5,PUZ/PUZ098^5.p,TH0,Unknown,timeout,na,2025,2,0,2,1,0,0,0,0,
gamma_limit_5,PUZ/PUZ099^5.p,TH0,CounterSatisfiable,timeout,na,2043,2859,175,2859,184,0,0,2,0,
gamma_limit_5,PUZ/PUZ100^5.p,TH0,Theorem,thm,yes,7,4,0,4,1,1,0,0,0,
gamma_limit_5,PUZ/PUZ101^5.p,TH0,CounterSatisfiable,timeout,na,2021,7,0,7,2,1,0,0,0,
gamma_limit_5,PUZ/PUZ102^5.p,TH0,Theorem,thm,yes,15,13,0,13,2,0,0,1,1,
gamma_limit_5,PUZ/PUZ103^5.p,TH0,Theorem,timeout,na,2048,2865,131,2865,293,0,0,2,0,
gamma_limit_5,PUZ/PUZ104^5.p,TH0,Theorem,timeout,na,2060,2702,128,2702,318,0,0,2,0,
gamma_limit_5,PUZ/PUZ105^5.p,TH0,CounterSatisfiable,timeout,na,2083,2314,98,2314,359,10,0,2,0,
gamma_limit_5,PUZ/PUZ106^5.p,TH0,CounterSatisfiable,timeout,na,2052,1531,80,1531,154,12,0,1,0,
gamma_limit_5,PUZ/PUZ107^5.p,TH0,Theorem,timeout,na,2111,2445,16,2445,278,71,0,0,0,
gamma_limit_5,PUZ/PUZ108^5.p,TH0,Theorem,timeout,na,2047,2557,100,2557,311,0,0,2,0,
gamma_limit_5,PUZ/PUZ109^5.p,TH0,Theorem,timeout,na,2031,1316,59,1316,126,0,0,2,0,
gamma_limit_5,PUZ/PUZ110^5.p,TH0,Theorem,timeout,na,2038,1240,40,1240,170,1,0,2,0,
gamma_limit_5,PUZ/PUZ111^5.p,TH0,CounterSatisfiable,timeout,na,2080,3641,134,3641,217,155,0,0,0,
gamma_limit_5,PUZ/PUZ112^5.p,TH0,CounterSatisfiable,timeout,na,2092,5675,260,5675,291,230,0,0,0,
gamma_limit_5,PUZ/PUZ113^5.p,TH0,Theorem,timeout,na,2031,1107,32,1107,165,0,0,2,0,
gamma_limit_5,PUZ/PUZ114^5.p,TH0,Theorem,timeout,na,2044,1174,15,1174,243,0,0,2,0,
gamma_limit_5,PUZ/PUZ115^5.p,TH0,CounterSatisfiable,timeout,na,2051,2845,169,2845,190,0,0,2,0,
gamma_limit_5,PUZ/PUZ116^5.p,TH0,CounterSatisfiable,timeout,na,2030,1589,86,1589,118,0,0,2,0,
gamma_limit_5,PUZ/PUZ117^5.p,TH0,CounterSatisfiable,timeout,na,2047,2862,177,2862,175,0,0,2,0,
gamma_limit_5,PUZ/PUZ118^5.p,TH0,CounterSatisfiable,timeout,na,2044,545,0,545,172,38,0,4,0,
gamma_limit_5,PUZ/PUZ119^5.p,TH0,CounterSatisfiable,timeout,na,2052,2712,156,2712,185,0,0,2,0,
gamma_limit_5,PUZ/PUZ120^5.p,TH0,CounterSatisfiable,timeout,na,2048,2786,163,2786,187,0,0,2,0,
gamma_limit_5,PUZ/PUZ121^5.p,TH0,CounterSatisfiable,timeout,na,2020,164,0,164,60,6,0,0,0,
gamma_limit_5,PUZ/PUZ122^5.p,TH0,Unknown,timeout,na,2055,638,18,638,106,14,0,0,0,
gamma_limit_5,PUZ/PUZ123^5.p,TH0,CounterSatisfiable,timeout,na,2038,1592,55,1592,178,12,0,1,0,
gamma_limit_5,PUZ/PUZ124^5.p,TH0,CounterSatisfiable,timeout,na,2049,1046,12,1046,185,28,0,3,0,
gamma_limit_5,PUZ/PUZ125^5.p,TH0,CounterSatisfiable,timeout,na,2044,525,1,525,135,30,0,3,0,
gamma_limit_5,PUZ/PUZ126^5.p,TH0,CounterSatisfiable,timeout,na,2034,333,0,333,78,18,0,1,0,
gamma_limit_5,PUZ/PUZ127^5.p,TH0,Theorem,timeout,na,2103,1506,2,1506,339,102,0,0,0,
gamma_limit_5,PUZ/PUZ136^1.p,TH0,Theorem,thm,yes,334,651,33,651,51,0,0,2,1,
gamma_limit_5,PUZ/PUZ137^1.p,TH0,Theorem,unk,na,132,376,0,347,28,69,0,0,0,
gamma_limit_5,PUZ/PUZ140^1.p,TH0,Theorem,timeout,na,2052,2531,124,2531,129,46,0,0,0,
gamma_limit_5,PUZ/PUZ140^2.p,TH0,Theorem,timeout,na,2060,3349,171,3349,179,43,0,0,0,
gamma_limit_5,PUZ/PUZ141^1.p,TH0,Theorem,timeout,na,2129,2811,47,2811,204,51,0,0,0,
gamma_limit_5,PUZ/PUZ142^1.p,TH0,Theorem,timeout,na,3045,9499,2,9499,453,2,0,0,0,
gamma_limit_5,PUZ/PUZ143^1.p,TH0,CounterSatisfiable,timeout,na,2065,2175,68,2175,128,155,0,2,0,
gamma_limit_5,PUZ/PUZ144^1.p,TH0,Theorem,timeout,na,3950,7223,7,7223,436,0,0,0,0,
gamma_limit_5,PUZ/PUZ145^1.p,TH0,Theorem,timeout,na,4396,3061,31,3061,988,0,0,0,0,
gamma_limit_5,PUZ/PUZ146^1.p,TH0,Theorem,thm,yes,16,26,1,26,2,0,0,1,1,
gamma_limit_5,PUZ/PUZ147^1.p,TH1,Theorem,parse_timeout,na,0,,,,,,,,,cached: parse exceeded 5000ms
gamma_limit_5,PUZ/PUZ148^1.p,TH1,Theorem,parse_timeout,na,0,,,,,,,,,cached: parse exceeded 5000ms
gamma_limit_5,PUZ/PUZ149^13.p,TH0,Theorem,timeout,na,2083,1963,1,1963,288,18,0,0,0,
gamma_limit_5,PUZ/PUZ150^18.p,TH0,Theorem,timeout,na,2064,2525,197,2525,106,0,0,0,0,
gamma_limit_5,PUZ/PUZ154^1.p,TH0,CounterSatisfiable,timeout,na,2012,1891,179,1891,10,1,0,1,0,
gamma_limit_5,QUA/QUA001^1.p,TH0,Theorem,timeout,na,2228,4648,1,4648,211,237,0,0,0,
gamma_limit_5,QUA/QUA002^1.p,TH0,Theorem,timeout,na,2213,4622,1,4622,216,236,0,0,0,
gamma_limit_5,QUA/QUA003^1.p,TH0,Theorem,timeout,na,2211,4645,0,4645,211,237,0,0,0,
gamma_limit_5,QUA/QUA004^1.p,TH0,Theorem,timeout,na,2209,4663,0,4663,210,238,0,0,0,
gamma_limit_5,QUA/QUA005^1.p,TH0,Theorem,timeout,na,2209,4645,0,4645,212,236,0,0,0,
gamma_limit_5,QUA/QUA006^1.p,TH0,Theorem,timeout,na,2223,4772,0,4772,214,244,0,0,0,
gamma_limit_5,QUA/QUA007^1.p,TH0,Theorem,timeout,na,2222,4749,1,4749,224,243,0,0,0,
gamma_limit_5,QUA/QUA008^1.p,TH0,Theorem,timeout,na,2224,4757,1,4757,220,243,0,0,0,
gamma_limit_5,QUA/QUA009^1.p,TH0,Theorem,timeout,na,2117,4237,120,4237,203,208,0,0,0,
gamma_limit_5,QUA/QUA010^1.p,TH0,Theorem,timeout,na,2221,4623,0,4623,212,236,0,0,0,
gamma_limit_5,QUA/QUA011^1.p,TH0,Theorem,timeout,na,2210,4665,0,4665,211,238,0,0,0,
gamma_limit_5,QUA/QUA012^1.p,TH0,Theorem,timeout,na,2213,4645,0,4645,217,237,0,0,0,
gamma_limit_5,QUA/QUA013^1.p,TH0,Theorem,timeout,na,2168,3740,1,3740,643,364,0,6,0,
gamma_limit_5,QUA/QUA014^1.p,TH0,Theorem,timeout,na,2171,3641,1,3641,650,347,0,5,0,
gamma_limit_5,QUA/QUA015^1.p,TH0,Theorem,timeout,na,2161,3568,1,3568,632,319,0,5,0,
gamma_limit_5,QUA/QUA016^1.p,TH0,Theorem,timeout,na,2153,3348,1,3348,586,313,0,5,0,
gamma_limit_5,QUA/QUA017^1.p,TH0,Theorem,timeout,na,2107,3800,141,3800,195,101,0,0,0,
gamma_limit_5,QUA/QUA018^1.p,TH0,Theorem,timeout,na,2110,3388,143,3388,180,86,0,0,0,
gamma_limit_5,QUA/QUA019^1.p,TH0,Theorem,timeout,na,2181,3839,36,3839,641,225,0,1,0,
gamma_limit_5,QUA/QUA020^1.p,TH0,Theorem,timeout,na,2195,4475,2,4475,732,425,0,2,0,
gamma_limit_5,QUA/QUA021^1.p,TH0,Satisfiable,no_conjecture,na,12,,,,,,,,,
gamma_limit_5,RAL/RAL001^1.p,TH1,Theorem,parse_timeout,na,0,,,,,,,,,cached: parse exceeded 5000ms
gamma_limit_5,RAL/RAL002^1.p,TH1,Theorem,parse_timeout,na,0,,,,,,,,,cached: parse exceeded 5000ms
gamma_limit_5,RAL/RAL003^1.p,TH1,Theorem,parse_timeout,na,0,,,,,,,,,cached: parse exceeded 5000ms
gamma_limit_5,RAL/RAL004^1.p,TH1,Theorem,parse_timeout,na,0,,,,,,,,,cached: parse exceeded 5000ms
gamma_limit_5,RAL/RAL005^1.p,TH1,Theorem,parse_timeout,na,0,,,,,,,,,cached: parse exceeded 5000ms
gamma_limit_5,RAL/RAL006^1.p,TH1,Theorem,parse_timeout,na,0,,,,,,,,,cached: parse exceeded 5000ms
gamma_limit_5,RAL/RAL007^1.p,TH1,Theorem,parse_timeout,na,0,,,,,,,,,cached: parse exceeded 5000ms
gamma_limit_5,RAL/RAL008^1.p,TH1,Theorem,parse_timeout,na,0,,,,,,,,,cached: parse exceeded 5000ms
gamma_limit_5,RAL/RAL009^1.p,TH1,Theorem,parse_timeout,na,0,,,,,,,,,cached: parse exceeded 5000ms
gamma_limit_5,RAL/RAL010^1.p,TH1,Theorem,parse_timeout,na,0,,,,,,,,,cached: parse exceeded 5000ms
gamma_limit_5,RAL/RAL011^1.p,TH1,Theorem,parse_timeout,na,0,,,,,,,,,cached: parse exceeded 5000ms
gamma_limit_5,RAL/RAL012^1.p,TH1,Theorem,parse_timeout,na,0,,,,,,,,,cached: parse exceeded 5000ms
gamma_limit_5,RAL/RAL013^1.p,TH1,Theorem,parse_timeout,na,0,,,,,,,,,cached: parse exceeded 5000ms
gamma_limit_5,RAL/RAL014^1.p,TH1,Theorem,parse_timeout,na,0,,,,,,,,,cached: parse exceeded 5000ms
gamma_limit_5,RAL/RAL015^1.p,TH1,Theorem,parse_timeout,na,0,,,,,,,,,cached: parse exceeded 5000ms
gamma_limit_5,RAL/RAL016^1.p,TH1,Theorem,parse_timeout,na,0,,,,,,,,,cached: parse exceeded 5000ms
gamma_limit_5,RAL/RAL017^1.p,TH1,Theorem,parse_timeout,na,0,,,,,,,,,cached: parse exceeded 5000ms
gamma_limit_5,RAL/RAL018^1.p,TH1,Theorem,parse_timeout,na,0,,,,,,,,,cached: parse exceeded 5000ms
gamma_limit_5,RAL/RAL019^1.p,TH1,Theorem,parse_timeout,na,0,,,,,,,,,cached: parse exceeded 5000ms
gamma_limit_5,RAL/RAL020^1.p,TH1,Theorem,parse_timeout,na,0,,,,,,,,,cached: parse exceeded 5000ms
gamma_limit_5,RAL/RAL021^1.p,TH1,Theorem,parse_timeout,na,0,,,,,,,,,cached: parse exceeded 5000ms
gamma_limit_5,RAL/RAL022^1.p,TH1,Theorem,parse_timeout,na,0,,,,,,,,,cached: parse exceeded 5000ms
gamma_limit_5,RAL/RAL023^1.p,TH1,Theorem,parse_timeout,na,0,,,,,,,,,cached: parse exceeded 5000ms
gamma_limit_5,RAL/RAL024^1.p,TH1,Theorem,parse_timeout,na,0,,,,,,,,,cached: parse exceeded 5000ms
gamma_limit_5,RAL/RAL025^1.p,TH1,Theorem,parse_timeout,na,0,,,,,,,,,cached: parse exceeded 5000ms
gamma_limit_5,RAL/RAL026^1.p,TH1,Theorem,parse_timeout,na,0,,,,,,,,,cached: parse exceeded 5000ms
gamma_limit_5,RAL/RAL027^1.p,TH1,Theorem,parse_timeout,na,0,,,,,,,,,cached: parse exceeded 5000ms
gamma_limit_5,RAL/RAL028^1.p,TH1,Theorem,parse_timeout,na,0,,,,,,,,,cached: parse exceeded 5000ms
gamma_limit_5,RAL/RAL029^1.p,TH1,Theorem,parse_timeout,na,0,,,,,,,,,cached: parse exceeded 5000ms
gamma_limit_5,RAL/RAL030^1.p,TH1,Theorem,parse_timeout,na,0,,,,,,,,,cached: parse exceeded 5000ms
gamma_limit_5,RAL/RAL031^1.p,TH1,Theorem,parse_timeout,na,0,,,,,,,,,cached: parse exceeded 5000ms
gamma_limit_5,RAL/RAL032^1.p,TH1,Theorem,parse_timeout,na,0,,,,,,,,,cached: parse exceeded 5000ms
gamma_limit_5,RAL/RAL033^1.p,TH1,Theorem,parse_timeout,na,0,,,,,,,,,cached: parse exceeded 5000ms
gamma_limit_5,RAL/RAL034^1.p,TH1,Theorem,parse_timeout,na,0,,,,,,,,,cached: parse exceeded 5000ms
gamma_limit_5,RAL/RAL035^1.p,TH1,Theorem,parse_timeout,na,0,,,,,,,,,cached: parse exceeded 5000ms
gamma_limit_5,RAL/RAL036^1.p,TH1,Theorem,parse_timeout,na,0,,,,,,,,,cached: parse exceeded 5000ms
gamma_limit_5,RAL/RAL037^1.p,TH1,Theorem,parse_timeout,na,0,,,,,,,,,cached: parse exceeded 5000ms
gamma_limit_5,RAL/RAL038^1.p,TH1,Theorem,parse_timeout,na,0,,,,,,,,,cached: parse exceeded 5000ms
gamma_limit_5,RAL/RAL039^1.p,TH1,Theorem,parse_timeout,na,0,,,,,,,,,cached: parse exceeded 5000ms
gamma_limit_5,RAL/RAL040^1.p,TH1,Theorem,parse_timeout,na,0,,,,,,,,,cached: parse exceeded 5000ms
gamma_limit_5,RAL/RAL041^1.p,TH1,Theorem,parse_timeout,na,0,,,,,,,,,cached: parse exceeded 5000ms
gamma_limit_5,RAL/RAL042^1.p,TH1,Theorem,parse_timeout,na,0,,,,,,,,,cached: parse exceeded 5000ms
gamma_limit_5,RAL/RAL043^1.p,TH1,Theorem,parse_timeout,na,0,,,,,,,,,cached: parse exceeded 5000ms
gamma_limit_5,RAL/RAL044^1.p,TH1,Theorem,parse_timeout,na,0,,,,,,,,,cached: parse exceeded 5000ms
gamma_limit_5,RAL/RAL045^1.p,TH1,Theorem,parse_timeout,na,0,,,,,,,,,cached: parse exceeded 5000ms
gamma_limit_5,RAL/RAL046^1.p,TH1,Theorem,parse_timeout,na,0,,,,,,,,,cached: parse exceeded 5000ms
gamma_limit_5,RAL/RAL047^1.p,TH1,Theorem,parse_timeout,na,0,,,,,,,,,cached: parse exceeded 5000ms
gamma_limit_5,RAL/RAL048^1.p,TH1,Theorem,parse_timeout,na,0,,,,,,,,,cached: parse exceeded 5000ms
gamma_limit_5,RAL/RAL049^1.p,TH1,Theorem,parse_timeout,na,0,,,,,,,,,cached: parse exceeded 5000ms
gamma_limit_5,RAL/RAL050^1.p,TH1,Theorem,parse_timeout,na,0,,,,,,,,,cached: parse exceeded 5000ms
gamma_limit_5,RAL/RAL051^1.p,TH1,Theorem,parse_timeout,na,0,,,,,,,,,cached: parse exceeded 5000ms
gamma_limit_5,RAL/RAL052^1.p,TH1,Theorem,parse_timeout,na,0,,,,,,,,,cached: parse exceeded 5000ms
gamma_limit_5,RAL/RAL053^1.p,TH1,Theorem,parse_timeout,na,0,,,,,,,,,cached: parse exceeded 5000ms
gamma_limit_5,RAL/RAL054^1.p,TH1,Theorem,parse_timeout,na,0,,,,,,,,,cached: parse exceeded 5000ms
gamma_limit_5,RAL/RAL055^1.p,TH1,Theorem,parse_timeout,na,0,,,,,,,,,cached: parse exceeded 5000ms
gamma_limit_5,RAL/RAL056^1.p,TH1,Theorem,parse_timeout,na,0,,,,,,,,,cached: parse exceeded 5000ms
gamma_limit_5,RAL/RAL057^1.p,TH1,Theorem,parse_timeout,na,0,,,,,,,,,cached: parse exceeded 5000ms
gamma_limit_5,RAL/RAL058^1.p,TH1,Theorem,parse_timeout,na,0,,,,,,,,,cached: parse exceeded 5000ms
gamma_limit_5,RAL/RAL059^1.p,TH1,Theorem,parse_timeout,na,0,,,,,,,,,cached: parse exceeded 5000ms
gamma_limit_5,RAL/RAL060^1.p,TH1,Theorem,parse_timeout,na,0,,,,,,,,,cached: parse exceeded 5000ms
gamma_limit_5,RAL/RAL061^1.p,TH1,Theorem,parse_timeout,na,0,,,,,,,,,cached: parse exceeded 5000ms
gamma_limit_5,RAL/RAL062^1.p,TH1,Theorem,parse_timeout,na,0,,,,,,,,,cached: parse exceeded 5000ms
gamma_limit_5,RAL/RAL063^1.p,TH1,Theorem,parse_timeout,na,0,,,,,,,,,cached: parse exceeded 5000ms
gamma_limit_5,RAL/RAL064^1.p,TH1,Theorem,parse_timeout,na,0,,,,,,,,,cached: parse exceeded 5000ms
gamma_limit_5,RAL/RAL065^1.p,TH1,Theorem,parse_timeout,na,0,,,,,,,,,cached: parse exceeded 5000ms
gamma_limit_5,RAL/RAL066^1.p,TH1,Theorem,parse_timeout,na,0,,,,,,,,,cached: parse exceeded 5000ms
gamma_limit_5,RAL/RAL067^1.p,TH1,Theorem,parse_timeout,na,0,,,,,,,,,cached: parse exceeded 5000ms
gamma_limit_5,RAL/RAL068^1.p,TH1,Theorem,parse_timeout,na,0,,,,,,,,,cached: parse exceeded 5000ms
gamma_limit_5,RAL/RAL069^1.p,TH1,Theorem,parse_timeout,na,0,,,,,,,,,cached: parse exceeded 5000ms
gamma_limit_5,RAL/RAL070^1.p,TH1,Theorem,parse_timeout,na,0,,,,,,,,,cached: parse exceeded 5000ms
gamma_limit_5,SCT/SCT169^1.p,TH0,Theorem,timeout,na,2719,2219,18,2219,941,0,0,1,0,
gamma_limit_5,SCT/SCT169^2.p,TH0,Theorem,timeout,na,2703,652,65,652,1,0,0,0,0,
gamma_limit_5,SCT/SCT169^3.p,TH1,Theorem,parser_error,na,0,,,,,,,,,cached: Failed to parse formula 'fact_1119_Skolem__list__nth': Syntax Error: '$o' denotes a type and cannot be used as a term.
gamma_limit_5,SCT/SCT170^1.p,TH0,Theorem,timeout,na,2723,308,29,308,2,0,0,0,0,
gamma_limit_5,SCT/SCT170^2.p,TH0,Theorem,timeout,na,4180,189,17,189,2,0,0,0,0,
gamma_limit_5,SCT/SCT170^3.p,TH0,Theorem,timeout,na,5591,150,13,150,2,0,0,0,0,
gamma_limit_5,SCT/SCT171^1.p,TH0,Theorem,thm,yes,846,29,1,29,4,4,0,0,0,
gamma_limit_5,SCT/SCT171^2.p,TH0,Theorem,thm,yes,2064,92,2,92,8,8,0,0,0,
gamma_limit_5,SCT/SCT171^3.p,TH0,ContradictoryAxioms,thm,na,4834,92,2,92,8,8,0,0,0,
gamma_limit_5,SET/SET002^3.p,TH0,Theorem,timeout,na,2459,3889,18,3889,221,0,0,0,0,
gamma_limit_5,SET/SET002^4.p,TH0,Theorem,timeout,na,2338,3529,33,3529,208,0,0,0,0,
gamma_limit_5,SET/SET002^7.p,TH0,Theorem,timeout,na,2136,1896,106,1896,135,0,0,0,0,
gamma_limit_5,SET/SET004^4.p,TH0,Theorem,timeout,na,2355,3643,31,3643,219,0,0,0,0,
gamma_limit_5,SET/SET008^5.p,TH0,Theorem,thm,yes,6,3,0,3,1,1,0,0,0,
gamma_limit_5,SET/SET009^5.p,TH0,Theorem,thm,yes,22,19,1,19,2,0,0,1,1,
gamma_limit_5,SET/SET010^5.p,TH0,Theorem,thm,yes,15,4,0,4,1,1,0,0,0,
gamma_limit_5,SET/SET011^5.p,TH0,Theorem,thm,yes,6,3,0,3,1,1,0,0,0,
gamma_limit_5,SET/SET013^7.p,TH0,Theorem,timeout,na,2196,1629,101,1629,102,0,0,0,0,
gamma_limit_5,SET/SET014^4.p,TH0,Theorem,thm,yes,50,64,0,64,7,8,0,1,1,
gamma_limit_5,SET/SET014^5.p,TH0,Theorem,thm,yes,42,68,0,68,6,9,0,1,1,
gamma_limit_5,SET/SET014^7.p,TH0,Theorem,timeout,na,2239,211,20,211,2,0,0,0,0,
gamma_limit_5,SET/SET017^1.p,TH0,Theorem,timeout,na,2282,7491,57,7491,278,483,0,0,0,
gamma_limit_5,SET/SET018^7.p,TH0,Theorem,timeout,na,2240,373,37,373,1,0,0,0,0,
gamma_limit_5,SET/SET019^4.p,TH0,Theorem,timeout,na,2155,2048,116,2048,136,0,0,0,0,
gamma_limit_5,SET/SET020^7.p,TH0,Theorem,timeout,na,2496,87,8,87,1,0,0,0,0,
gamma_limit_5,SET/SET027^3.p,TH0,Theorem,timeout,na,2149,4228,53,4228,606,75,0,4,0,
gamma_limit_5,SET/SET027^5.p,TH0,Theorem,thm,yes,26,25,1,25,5,1,0,1,1,
gamma_limit_5,SET/SET027^7.p,TH0,Theorem,timeout,na,2156,2096,48,2096,218,8,0,0,0,
gamma_limit_5,SET/SET043^5.p,TH0,Theorem,thm,yes,10,10,0,10,2,0,0,1,1,
gamma_limit_5,SET/SET044^23.p,TH0,Theorem,timeout,na,2103,2499,40,2499,230,2,0,0,0,
gamma_limit_5,SET/SET044^5.p,TH0,Theorem,thm,yes,29,32,0,32,5,1,0,1,1,
gamma_limit_5,SET/SET045^5.p,TH0,Theorem,thm,yes,23,21,1,21,2,0,0,1,1,
gamma_limit_5,SET/SET045^7.p,TH0,Theorem,timeout,na,2090,734,10,734,95,24,0,0,0,
gamma_limit_5,SET/SET046^5.p,TH0,Theorem,timeout,na,2132,5387,54,5387,770,122,0,2,0,
gamma_limit_5,SET/SET047^1.p,TH0,Theorem,timeout,na,2122,3299,5,3299,668,34,0,3,0,
gamma_limit_5,SET/SET055^12.p,TH0,Theorem,thm,yes,245,3,0,3,1,1,0,0,0,
gamma_limit_5,SET/SET062^5.p,TH0,Theorem,thm,yes,2,3,0,3,1,1,0,0,0,
gamma_limit_5,SET/SET062^6.p,TH0,Theorem,thm,yes,2,2,0,2,1,1,0,0,0,
gamma_limit_5,SET/SET062^7.p,TH0,Theorem,timeout,na,2191,1613,103,1613,101,0,0,0,0,
gamma_limit_5,SET/SET063^4.p,TH0,Theorem,timeout,na,2356,3598,32,3598,223,0,0,0,0,
gamma_limit_5,SET/SET063^5.p,TH0,Theorem,thm,yes,9,14,1,14,1,0,0,1,1,
gamma_limit_5,SET/SET066^1.p,TH0,Theorem,thm,yes,27,21,0,21,3,5,0,0,0,
gamma_limit_5,SET/SET067^1.p,TH0,Theorem,thm,yes,19,5,0,5,1,1,0,0,0,
gamma_limit_5,SET/SET076^1.p,TH0,Theorem,thm,yes,34,14,1,14,2,2,0,0,0,
gamma_limit_5,SET/SET086^1.p,TH0,Theorem,thm,yes,27,22,1,22,2,0,0,1,1,
gamma_limit_5,SET/SET096^1.p,TH0,Theorem,timeout,na,2091,3784,146,3784,289,175,0,1,0,
gamma_limit_5,SET/SET143^3.p,TH0,Theorem,thm,yes,51,36,0,36,3,7,0,0,0,
gamma_limit_5,SET/SET143^5.p,TH0,Theorem,thm,yes,9,4,0,4,1,1,0,0,0,
gamma_limit_5,SET/SET144^5.p,TH0,Theorem,thm,yes,92,340,0,340,48,50,0,1,1,
gamma_limit_5,SET/SET159^5.p,TH0,Theorem,thm,yes,14,4,0,4,1,1,0,0,0,
gamma_limit_5,SET/SET162^5.p,TH0,Theorem,thm,yes,4,2,0,2,1,1,0,0,0,
gamma_limit_5,SET/SET169^5.p,TH0,Theorem,thm,yes,18,4,0,4,1,1,0,0,0,
gamma_limit_5,SET/SET171^3.p,TH0,Theorem,thm,yes,59,36,0,36,3,7,0,0,0,
gamma_limit_5,SET/SET171^5.p,TH0,Theorem,thm,yes,15,4,0,4,1,1,0,0,0,
gamma_limit_5,SET/SET173^5.p,TH0,Theorem,thm,yes,4,3,0,3,1,1,0,0,0,
gamma_limit_5,SET/SET175^5.p,TH0,Theorem,thm,yes,5,3,0,3,1,1,0,0,0,
gamma_limit_5,SET/SET183^5.p,TH0,Theorem,thm,yes,70,324,1,324,44,44,0,1,1,
gamma_limit_5,SET/SET185^5.p,TH0,Theorem,thm,yes,6,3,0,3,1,1,0,0,0,
gamma_limit_5,SET/SET194^5.p,TH0,Theorem,thm,yes,4,4,0,4,1,1,0,0,0,
gamma_limit_5,SET/SET196^5.p,TH0,Theorem,thm,yes,4,4,0,4,1,1,0,0,0,
gamma_limit_5,SET/SET199^5.p,TH0,Theorem,thm,yes,35,20,1,20,3,0,0,1,1,
gamma_limit_5,SET/SET200^5.p,TH0,Theorem,thm,yes,58,53,0,53,8,2,0,1,1,
gamma_limit_5,SET/SET201^5.p,TH0,Theorem,thm,yes,54,64,0,64,8,6,0,1,1,
gamma_limit_5,SET/SET557^1.p,TH0,Theorem,thm,yes,151,61,2,61,5,2,0,1,1,
gamma_limit_5,SET/SET557^6.p,TH0,Theorem,timeout,na,2047,1331,14,1331,137,4,0,0,0,
gamma_limit_5,SET/SET574^20.p,TH0,Theorem,timeout,na,2123,2290,52,2290,227,4,0,0,0,
gamma_limit_5,SET/SET575^7.p,TH0,Theorem,timeout,na,2087,922,62,922,64,0,0,0,0,
gamma_limit_5,SET/SET576^7.p,TH0,Theorem,timeout,na,2302,3057,18,3057,222,16,0,0,0,
gamma_limit_5,SET/SET579^3.p,TH0,Theorem,timeout,na,2438,3555,21,3555,1473,0,0,2,0,
gamma_limit_5,SET/SET580^3.p,TH0,Theorem,thm,yes,62,46,0,46,4,10,0,0,0,
gamma_limit_5,SET/SET580^5.p,TH0,Theorem,thm,yes,5,4,0,4,1,1,0,0,0,
gamma_limit_5,SET/SET582^5.p,TH0,Theorem,timeout,na,2147,5198,0,5198,230,390,0,0,0,
gamma_limit_5,SET/SET583^7.p,TH0,Theorem,timeout,na,2119,1916,117,1916,137,0,0,0,0,
gamma_limit_5,SET/SET584^5.p,TH0,Theorem,thm,yes,23,17,1,17,2,0,0,1,1,
gamma_limit_5,SET/SET585^5.p,TH0,Theorem,thm,yes,6,5,0,5,1,1,0,0,0,
gamma_limit_5,SET/SET586^5.p,TH0,Theorem,thm,yes,22,15,1,15,2,0,0,1,1,
gamma_limit_5,SET/SET587^5.p,TH0,Theorem,thm,yes,71,348,14,348,25,35,0,1,1,
gamma_limit_5,SET/SET588^5.p,TH0,Theorem,thm,yes,29,15,1,15,2,0,0,1,1,
gamma_limit_5,SET/SET589^5.p,TH0,Theorem,thm,yes,60,50,1,50,8,2,0,1,1,
gamma_limit_5,SET/SET590^5.p,TH0,Theorem,thm,yes,5,4,0,4,1,1,0,0,0,
gamma_limit_5,SET/SET591^5.p,TH0,Theorem,thm,yes,12,14,1,14,1,0,0,1,1,
gamma_limit_5,SET/SET592^5.p,TH0,Theorem,timeout,na,2334,11534,0,11534,253,0,0,0,0,
gamma_limit_5,SET/SET593^5.p,TH0,Theorem,thm,yes,9,4,0,4,1,1,0,0,0,
gamma_limit_5,SET/SET594^5.p,TH0,Theorem,thm,yes,35,26,1,26,4,0,0,1,1,
gamma_limit_5,SET/SET595^5.p,TH0,Theorem,thm,yes,56,333,0,333,45,46,0,1,1,
gamma_limit_5,SET/SET596^5.p,TH0,Theorem,timeout,na,2147,10011,9,10011,274,1490,0,0,0,
gamma_limit_5,SET/SET597^5.p,TH0,Theorem,timeout,na,2069,2054,17,2054,236,70,0,0,0,
gamma_limit_5,SET/SET598^5.p,TH0,Theorem,timeout,na,2075,2339,13,2339,178,81,0,0,0,
gamma_limit_5,SET/SET599^5.p,TH0,Theorem,thm,yes,7,4,0,4,1,1,0,0,0,
gamma_limit_5,SET/SET600^5.p,TH0,Theorem,thm,yes,54,66,4,66,4,5,0,0,0,
gamma_limit_5,SET/SET601^3.p,TH0,Theorem,thm,yes,97,78,0,78,8,18,0,0,0,
gamma_limit_5,SET/SET601^5.p,TH0,Theorem,thm,yes,22,4,0,4,1,1,0,0,0,
gamma_limit_5,SET/SET603^5.p,TH0,Theorem,thm,yes,3,2,0,2,1,1,0,0,0,
gamma_limit_5,SET/SET604^5.p,TH0,Theorem,thm,yes,3,2,0,2,1,1,0,0,0,
gamma_limit_5,SET/SET605^5.p,TH0,Theorem,thm,yes,4,3,0,3,1,1,0,0,0,
gamma_limit_5,SET/SET606^3.p,TH0,Theorem,thm,yes,43,25,0,25,3,5,0,0,0,
gamma_limit_5,SET/SET606^5.p,TH0,Theorem,thm,yes,7,3,0,3,1,1,0,0,0,
gamma_limit_5,SET/SET607^3.p,TH0,Theorem,thm,yes,40,25,0,25,3,5,0,0,0,
gamma_limit_5,SET/SET607^5.p,TH0,Theorem,thm,yes,6,3,0,3,1,1,0,0,0,
gamma_limit_5,SET/SET608^5.p,TH0,Theorem,thm,yes,6,3,0,3,1,1,0,0,0,
gamma_limit_5,SET/SET609^3.p,TH0,Theorem,thm,yes,55,38,0,38,3,7,0,0,0,
gamma_limit_5,SET/SET609^5.p,TH0,Theorem,thm,yes,17,4,0,4,1,1,0,0,0,
gamma_limit_5,SET/SET610^5.p,TH0,Theorem,thm,yes,7,3,0,3,1,1,0,0,0,
gamma_limit_5,SET/SET611^3.p,TH0,Theorem,timeout,na,2023,918,123,918,5,13,0,0,0,
gamma_limit_5,SET/SET611^5.p,TH0,Theorem,thm,yes,82,370,0,370,42,13,0,1,1,
gamma_limit_5,SET/SET612^3.p,TH0,Theorem,thm,yes,70,36,0,36,3,7,0,0,0,
gamma_limit_5,SET/SET612^5.p,TH0,Theorem,thm,yes,13,4,0,4,1,1,0,0,0,
gamma_limit_5,SET/SET613^5.p,TH0,Theorem,thm,yes,13,3,0,3,1,1,0,0,0,
gamma_limit_5,SET/SET614^3.p,TH0,Theorem,thm,yes,52,36,0,36,3,7,0,0,0,
gamma_limit_5,SET/SET614^5.p,TH0,Theorem,thm,yes,13,4,0,4,1,1,0,0,0,
gamma_limit_5,SET/SET615^3.p,TH0,Theorem,thm,yes,63,67,0,67,6,14,0,0,0,
gamma_limit_5,SET/SET615^5.p,TH0,Theorem,thm,yes,17,4,0,4,1,1,0,0,0,
gamma_limit_5,SET/SET616^5.p,TH0,Theorem,thm,yes,212,759,2,759,51,116,0,1,1,
gamma_limit_5,SET/SET617^5.p,TH0,Theorem,thm,yes,6,2,0,2,1,1,0,0,0,
gamma_limit_5,SET/SET618^5.p,TH0,Theorem,thm,yes,4,2,0,2,1,1,0,0,0,
gamma_limit_5,SET/SET619^5.p,TH0,Theorem,thm,yes,9,3,0,3,1,1,0,0,0,
gamma_limit_5,SET/SET620^5.p,TH0,Theorem,thm,yes,13,3,0,3,1,1,0,0,0,
gamma_limit_5,SET/SET621^5.p,TH0,Theorem,thm,yes,23,4,0,4,1,1,0,0,0,
gamma_limit_5,SET/SET622^5.p,TH0,Theorem,thm,yes,22,4,0,4,1,1,0,0,0,
gamma_limit_5,SET/SET623^3.p,TH0,Theorem,thm,yes,81,122,0,122,9,28,0,0,0,
gamma_limit_5,SET/SET623^5.p,TH0,Theorem,thm,yes,45,4,0,4,1,1,0,0,0,
gamma_limit_5,SET/SET624^3.p,TH0,Theorem,timeout,na,2074,2918,2,2918,191,617,0,2,0,
gamma_limit_5,SET/SET624^5.p,TH0,Theorem,thm,yes,99,313,0,313,37,33,0,1,1,
gamma_limit_5,SET/SET625^5.p,TH0,Theorem,thm,yes,36,24,1,24,4,0,0,1,1,
gamma_limit_5,SET/SET626^5.p,TH0,Theorem,thm,yes,18,14,1,14,2,0,0,1,1,
gamma_limit_5,SET/SET627^5.p,TH0,Theorem,thm,yes,3,3,0,3,1,1,0,0,0,
gamma_limit_5,SET/SET628^5.p,TH0,Theorem,thm,yes,15,29,1,29,3,2,0,1,1,
gamma_limit_5,SET/SET629^5.p,TH0,Theorem,thm,yes,5,4,0,4,1,1,0,0,0,
gamma_limit_5,SET/SET630^3.p,TH0,Theorem,thm,yes,27,5,0,5,1,1,0,0,0,
gamma_limit_5,SET/SET630^5.p,TH0,Theorem,thm,yes,6,4,0,4,1,1,0,0,0,
gamma_limit_5,SET/SET631^5.p,TH0,Theorem,thm,yes,21,16,1,16,2,0,0,1,1,
gamma_limit_5,SET/SET632^5.p,TH0,Theorem,timeout,na,2408,12212,0,12212,242,0,0,0,0,
gamma_limit_5,SET/SET633^5.p,TH0,Theorem,thm,yes,63,175,0,175,32,22,0,1,1,
gamma_limit_5,SET/SET634^5.p,TH0,Theorem,thm,yes,10,4,0,4,1,1,0,0,0,
gamma_limit_5,SET/SET635^5.p,TH0,Theorem,thm,yes,11,4,0,4,1,1,0,0,0,
gamma_limit_5,SET/SET636^5.p,TH0,Theorem,thm,yes,65,351,0,351,27,40,0,1,1,
gamma_limit_5,SET/SET638^5.p,TH0,Theorem,timeout,na,2095,5473,34,5473,326,872,0,0,0,
gamma_limit_5,SET/SET640^3.p,TH0,Theorem,timeout,na,2350,7438,1,7438,222,157,0,0,0,
gamma_limit_5,SET/SET646^3.p,TH0,Theorem,thm,yes,121,163,4,163,15,5,0,1,1,
gamma_limit_5,SET/SET647^3.p,TH0,Theorem,thm,yes,87,34,0,34,4,3,0,1,1,
gamma_limit_5,SET/SET648^3.p,TH0,Theorem,thm,yes,78,33,0,33,4,2,0,1,1,
gamma_limit_5,SET/SET649^3.p,TH0,Theorem,thm,yes,95,72,1,72,10,1,0,1,1,
gamma_limit_5,SET/SET651^3.p,TH0,Theorem,thm,yes,662,1879,34,1879,63,137,0,1,1,
gamma_limit_5,SET/SET657^3.p,TH0,Theorem,thm,yes,86,89,5,89,4,2,0,1,1,
gamma_limit_5,SET/SET669^3.p,TH0,Theorem,timeout,na,2116,3404,181,3404,191,43,0,0,0,
gamma_limit_5,SET/SET670^3.p,TH0,Theorem,thm,yes,91,26,1,26,3,0,0,1,1,
gamma_limit_5,SET/SET671^3.p,TH0,Theorem,timeout,na,2410,8571,1,8571,219,498,0,0,0,
gamma_limit_5,SET/SET672^3.p,TH0,Theorem,thm,yes,82,23,1,23,3,0,0,1,1,
gamma_limit_5,SET/SET673^3.p,TH0,Theorem,timeout,na,2406,8537,1,8537,223,461,0,0,0,
gamma_limit_5,SET/SET680^3.p,TH0,Theorem,thm,yes,111,74,1,74,7,6,0,1,1,
gamma_limit_5,SET/SET683^3.p,TH0,Theorem,thm,yes,101,46,1,46,6,0,0,1,1,
gamma_limit_5,SET/SET684^3.p,TH0,Theorem,thm,yes,81,11,0,11,2,2,0,0,0,
gamma_limit_5,SET/SET716^4.p,TH0,Theorem,timeout,na,2254,5359,1,5359,503,0,0,0,0,
gamma_limit_5,SET/SET724^4.p,TH0,Theorem,timeout,na,2078,2568,80,2568,258,6,0,4,0,
gamma_limit_5,SET/SET741^4.p,TH0,Theorem,timeout,na,2245,4399,4,4399,479,1,0,0,0,
gamma_limit_5,SET/SET747^4.p,TH0,Theorem,timeout,na,2292,5865,33,5865,1795,38,0,2,0,
gamma_limit_5,SET/SET752^4.p,TH0,Theorem,timeout,na,2133,4512,166,4512,173,273,0,0,0,
gamma_limit_5,SET/SET753^4.p,TH0,Theorem,thm,yes,96,134,2,134,8,26,0,1,1,
gamma_limit_5,SET/SET764^4.p,TH0,Theorem,thm,yes,40,14,0,14,2,2,0,0,0,
gamma_limit_5,SET/SET907^7.p,TH0,Theorem,timeout,na,2163,2070,124,2070,138,0,0,0,0,
gamma_limit_5,SET/SET908^7.p,TH0,Theorem,timeout,na,2164,494,41,494,20,0,0,0,0,
gamma_limit_5,SET/SET914^7.p,TH0,Theorem,timeout,na,2183,1904,118,1904,123,0,0,0,0,
gamma_limit_5,SET/SET916^7.p,TH0,Theorem,timeout,na,2198,425,22,425,33,0,0,0,0,
gamma_limit_5,SET/SET924^1.p,TH0,Theorem,thm,yes,53,1,0,1,1,1,0,0,0,
gamma_limit_5,SET/SET925^7.p,TH0,Theorem,thm,yes,116,1,0,1,1,1,0,0,0,
gamma_limit_5,SET/SET926^11.p,TH0,Theorem,timeout,na,2133,2152,73,2152,163,0,0,0,0,
gamma_limit_5,SET/SET926^12.p,TH0,Theorem,timeout,na,2145,2379,91,2379,168,0,0,0,0,
gamma_limit_5,SET/SET926^20.p,TH0,Theorem,timeout,na,2134,2233,86,2233,172,0,0,0,0,
gamma_limit_5,SET/SET926^7.p,TH0,Theorem,timeout,na,2234,2232,61,2232,157,0,0,0,0,
gamma_limit_5,SET/SET926^8.p,TH0,Theorem,timeout,na,2125,2225,83,2225,164,0,0,0,0,
gamma_limit_5,SEU/SEU452^1.p,TH0,Theorem,timeout,na,2028,1054,69,1054,66,7,0,0,0,
gamma_limit_5,SEU/SEU453^1.p,TH0,Theorem,thm,yes,64,5,0,5,1,1,0,0,0,
gamma_limit_5,SEU/SEU454^1.p,TH0,Theorem,thm,yes,56,3,0,3,1,1,0,0,0,
gamma_limit_5,SEU/SEU455^1.p,TH0,Theorem,thm,yes,56,5,0,5,1,1,0,0,0,
gamma_limit_5,SEU/SEU456^1.p,TH0,Theorem,thm,yes,75,15,1,15,2,0,0,1,1,
gamma_limit_5,SEU/SEU457^1.p,TH0,Theorem,thm,yes,57,5,0,5,1,1,0,0,0,
gamma_limit_5,SEU/SEU458^1.p,TH0,Theorem,thm,yes,58,3,0,3,1,1,0,0,0,
gamma_limit_5,SEU/SEU459^1.p,TH0,Theorem,thm,yes,56,5,0,5,1,1,0,0,0,
gamma_limit_5,SEU/SEU460^1.p,TH0,Theorem,thm,yes,353,1170,0,1170,350,11,0,1,1,
gamma_limit_5,SEU/SEU461^1.p,TH0,Theorem,timeout,na,2090,959,35,959,133,0,0,1,0,
gamma_limit_5,SEU/SEU462^1.p,TH0,Theorem,timeout,na,2116,938,30,938,140,0,0,1,0,
gamma_limit_5,SEU/SEU463^1.p,TH0,Theorem,timeout,na,2106,1170,63,1170,90,0,0,1,0,
gamma_limit_5,SEU/SEU464^1.p,TH0,Theorem,timeout,na,2102,1243,40,1243,146,0,0,1,0,
gamma_limit_5,SEU/SEU465^1.p,TH0,Theorem,thm,yes,69,5,0,5,1,1,0,0,0,
gamma_limit_5,SEU/SEU466^1.p,TH0,Theorem,timeout,na,2078,943,40,943,103,1,0,0,0,
gamma_limit_5,SEU/SEU467^1.p,TH0,Theorem,thm,yes,115,20,1,20,3,0,0,1,1,
gamma_limit_5,SEU/SEU468^1.p,TH0,Theorem,timeout,na,2081,1325,49,1325,124,2,0,1,0,
gamma_limit_5,SEU/SEU469^1.p,TH0,Theorem,timeout,na,2101,959,46,959,133,2,0,1,0,
gamma_limit_5,SEU/SEU470^1.p,TH0,CounterSatisfiable,timeout,na,2119,835,25,835,136,10,0,0,0,
gamma_limit_5,SEU/SEU471^1.p,TH0,CounterSatisfiable,timeout,na,2101,1100,31,1100,136,10,0,0,0,
gamma_limit_5,SEU/SEU472^1.p,TH0,Theorem,thm,yes,155,33,2,34,3,0,0,1,1,
gamma_limit_5,SEU/SEU473^1.p,TH0,Theorem,timeout,na,2096,1391,70,1391,171,1,0,0,0,
gamma_limit_5,SEU/SEU474^1.p,TH0,Theorem,thm,yes,94,37,0,37,3,8,0,0,0,
gamma_limit_5,SEU/SEU475^1.p,TH0,Theorem,timeout,na,2077,463,23,463,41,3,0,0,0,
gamma_limit_5,SEU/SEU476^1.p,TH0,Theorem,timeout,na,2111,1529,49,1529,195,12,0,0,0,
gamma_limit_5,SEU/SEU477^1.p,TH0,Theorem,timeout,na,2133,1912,19,1912,298,25,0,1,0,
gamma_limit_5,SEU/SEU478^1.p,TH0,Theorem,timeout,na,2141,1681,17,1681,308,0,0,4,0,
gamma_limit_5,SEU/SEU479^1.p,TH0,Theorem,timeout,na,2139,2230,68,2230,297,0,0,3,0,
gamma_limit_5,SEU/SEU480^1.p,TH0,Theorem,timeout,na,2141,2072,29,2072,366,0,0,3,0,
gamma_limit_5,SEU/SEU481^1.p,TH0,Theorem,timeout,na,2071,828,53,828,47,0,0,2,0,
gamma_limit_5,SEU/SEU482^1.p,TH0,Theorem,timeout,na,2122,1280,66,1280,97,7,0,1,0,
gamma_limit_5,SEU/SEU483^1.p,TH0,Theorem,timeout,na,2166,2139,32,2139,382,0,0,2,0,
gamma_limit_5,SEU/SEU484^1.p,TH0,Theorem,timeout,na,2098,1647,71,1647,168,0,0,2,0,
gamma_limit_5,SEU/SEU485^1.p,TH0,Theorem,timeout,na,2108,1044,49,1044,154,10,0,0,0,
gamma_limit_5,SEU/SEU486^1.p,TH0,Theorem,timeout,na,2168,1748,37,1748,236,25,0,0,0,
gamma_limit_5,SEU/SEU487^1.p,TH0,Theorem,timeout,na,2075,275,12,276,46,5,0,0,0,
gamma_limit_5,SEU/SEU488^1.p,TH0,Theorem,timeout,na,2103,632,17,632,115,11,0,0,0,
gamma_limit_5,SEU/SEU489^1.p,TH0,CounterSatisfiable,timeout,na,2107,1304,57,1304,147,10,0,0,0,
gamma_limit_5,SEU/SEU490^1.p,TH0,Theorem,timeout,na,2119,953,24,953,206,2,0,0,0,
gamma_limit_5,SEU/SEU491^1.p,TH0,Theorem,timeout,na,2101,863,35,863,130,8,0,1,0,
gamma_limit_5,SEU/SEU492^1.p,TH0,Theorem,timeout,na,2384,6557,8,6557,1829,109,0,1,0,
gamma_limit_5,SEU/SEU493^1.p,TH0,Theorem,timeout,na,2224,5016,111,5016,1027,117,0,1,0,
gamma_limit_5,SEU/SEU494^1.p,TH0,Theorem,timeout,na,2253,5354,148,5354,1215,20,0,3,0,
gamma_limit_5,SEU/SEU495^1.p,TH0,Theorem,timeout,na,2322,5593,1,5593,1964,159,0,1,0,
gamma_limit_5,SEU/SEU496^1.p,TH0,Theorem,timeout,na,2173,1218,44,1218,184,0,0,0,0,
gamma_limit_5,SEU/SEU497^1.p,TH0,Theorem,timeout,na,2283,4327,41,4327,1212,79,0,1,0,
gamma_limit_5,SEU/SEU498^1.p,TH0,Theorem,timeout,na,2321,5357,88,5357,218,37,0,0,0,
gamma_limit_5,SEU/SEU499^1.p,TH0,Theorem,thm,yes,340,93,7,93,4,2,0,1,1,
gamma_limit_5,SEU/SEU499^2.p,TH0,Theorem,thm,yes,93,232,0,232,11,32,0,1,1,
gamma_limit_5,SEU/SEU500^1.p,TH0,Theorem,timeout,na,2169,2227,27,2226,321,1,0,1,0,
gamma_limit_5,SEU/SEU500^2.p,TH0,Theorem,thm,yes,28,17,0,16,2,1,0,1,1,
gamma_limit_5,SEU/SEU501^1.p,TH0,Theorem,thm,yes,142,43,4,43,1,0,0,1,1,
gamma_limit_5,SEU/SEU501^2.p,TH0,Theorem,thm,yes,7,9,0,9,1,0,0,1,1,
gamma_limit_5,SEU/SEU502^1.p,TH0,Theorem,thm,yes,90,6,0,6,1,1,0,0,0,
gamma_limit_5,SEU/SEU502^2.p,TH0,Theorem,thm,yes,7,11,0,11,2,1,0,1,1,
gamma_limit_5,SEU/SEU503^1.p,TH0,Theorem,thm,yes,96,6,0,6,1,1,0,0,0,
gamma_limit_5,SEU/SEU503^2.p,TH0,Theorem,thm,yes,6,9,0,9,2,1,0,1,1,
gamma_limit_5,SEU/SEU504^1.p,TH0,Theorem,thm,yes,198,50,5,50,1,0,0,1,1,
gamma_limit_5,SEU/SEU504^2.p,TH0,Theorem,thm,yes,14,12,1,12,1,0,0,1,1,
gamma_limit_5,SEU/SEU505^1.p,TH0,Theorem,timeout,na,2094,1749,116,1749,104,0,0,1,0,
gamma_limit_5,SEU/SEU505^2.p,TH0,Theorem,timeout,na,2185,5840,40,5840,237,269,0,0,0,
gamma_limit_5,SEU/SEU506^1.p,TH0,Theorem,timeout,na,2133,1769,43,1769,221,16,0,1,0,
gamma_limit_5,SEU/SEU506^2.p,TH0,Theorem,timeout,na,2220,6404,98,6404,205,228,0,0,0,
gamma_limit_5,SEU/SEU507^1.p,TH0,Theorem,timeout,na,2146,1619,41,1619,224,16,0,2,0,
gamma_limit_5,SEU/SEU508^1.p,TH0,Theorem,timeout,na,2113,1309,56,1309,94,32,0,1,0,
gamma_limit_5,SEU/SEU508^2.p,TH0,Theorem,timeout,na,2070,1814,62,1814,286,19,0,1,0,
gamma_limit_5,SEU/SEU509^1.p,TH0,Theorem,timeout,na,2096,1248,65,1248,61,16,0,1,0,
gamma_limit_5,SEU/SEU509^2.p,TH0,Theorem,timeout,na,2170,6543,167,6543,206,225,0,0,0,
gamma_limit_5,SEU/SEU510^1.p,TH0,Theorem,timeout,na,2087,1381,102,1381,57,0,0,2,0,
gamma_limit_5,SEU/SEU510^2.p,TH0,Theorem,timeout,na,2051,2692,171,2692,136,15,0,2,0,
gamma_limit_5,SEU/SEU511^1.p,TH0,Theorem,timeout,na,2097,1543,99,1543,61,11,0,2,0,
gamma_limit_5,SEU/SEU511^2.p,TH0,Theorem,thm,yes,309,553,32,553,30,3,0,2,1,
gamma_limit_5,SEU/SEU512^1.p,TH0,Theorem,timeout,na,2115,901,34,901,56,16,0,1,0,
gamma_limit_5,SEU/SEU512^2.p,TH0,Theorem,timeout,na,2143,3914,13,3914,193,266,0,0,0,
gamma_limit_5,SEU/SEU513^1.p,TH0,Theorem,thm,yes,694,113,11,113,1,0,0,1,1,
gamma_limit_5,SEU/SEU513^2.p,TH0,Theorem,thm,yes,5,6,0,6,1,0,0,1,1,
gamma_limit_5,SEU/SEU514^1.p,TH0,Theorem,timeout,na,2094,1216,73,1216,50,15,0,1,0,
gamma_limit_5,SEU/SEU514^2.p,TH0,Theorem,thm,yes,87,44,1,44,4,2,0,1,1,
gamma_limit_5,SEU/SEU515^1.p,TH0,Theorem,timeout,na,2105,1138,60,1138,55,16,0,1,0,
gamma_limit_5,SEU/SEU515^2.p,TH0,Theorem,timeout,na,2126,2945,23,2945,612,137,0,1,0,
gamma_limit_5,SEU/SEU516^1.p,TH0,Theorem,timeout,na,2099,1083,59,1083,53,15,0,1,0,
gamma_limit_5,SEU/SEU516^2.p,TH0,Theorem,timeout,na,2139,3402,12,3402,756,53,0,3,0,
gamma_limit_5,SEU/SEU517^1.p,TH0,Theorem,timeout,na,2087,675,33,675,34,13,0,1,0,
gamma_limit_5,SEU/SEU517^2.p,TH0,Theorem,timeout,na,2093,2520,108,2520,178,0,0,0,0,
gamma_limit_5,SEU/SEU518^1.p,TH0,Theorem,timeout,na,2110,1275,72,1275,61,15,0,1,0,
gamma_limit_5,SEU/SEU518^2.p,TH0,Theorem,timeout,na,2120,4461,63,4461,813,30,0,1,0,
gamma_limit_5,SEU/SEU519^1.p,TH0,Theorem,timeout,na,2077,416,28,416,22,0,0,2,0,
gamma_limit_5,SEU/SEU519^2.p,TH0,Theorem,thm,yes,32,30,0,30,4,2,0,1,1,
gamma_limit_5,SEU/SEU520^1.p,TH0,Theorem,thm,yes,1771,75,7,75,1,1,0,0,0,
gamma_limit_5,SEU/SEU521^1.p,TH0,Theorem,timeout,na,2108,955,52,955,44,16,0,2,0,
gamma_limit_5,SEU/SEU521^2.p,TH0,Theorem,thm,yes,37,23,1,23,3,0,0,1,1,
gamma_limit_5,SEU/SEU522^1.p,TH0,Theorem,timeout,na,2110,887,48,887,45,15,0,1,0,
gamma_limit_5,SEU/SEU522^2.p,TH0,Theorem,thm,yes,53,42,1,42,5,2,0,1,1,
gamma_limit_5,SEU/SEU523^1.p,TH0,Theorem,timeout,na,2116,990,64,990,34,16,0,1,0,
gamma_limit_5,SEU/SEU523^2.p,TH0,Theorem,thm,yes,61,42,1,42,5,2,0,1,1,
gamma_limit_5,SEU/SEU524^1.p,TH0,Theorem,timeout,na,2110,828,47,828,35,13,0,1,0,
gamma_limit_5,SEU/SEU524^2.p,TH0,Theorem,timeout,na,2136,4341,134,4341,629,76,0,3,0,
gamma_limit_5,SEU/SEU525^1.p,TH0,Theorem,timeout,na,2119,986,63,986,61,1,0,1,0,
gamma_limit_5,SEU/SEU525^2.p,TH0,Theorem,timeout,na,2220,5553,1,5553,215,311,0,0,0,
gamma_limit_5,SEU/SEU526^1.p,TH0,Theorem,timeout,na,2102,815,50,815,28,11,0,2,0,
gamma_limit_5,SEU/SEU526^2.p,TH0,Theorem,timeout,na,2194,6598,124,6598,181,324,0,0,0,
gamma_limit_5,SEU/SEU527^1.p,TH0,Theorem,timeout,na,2116,723,40,723,32,13,0,2,0,
gamma_limit_5,SEU/SEU527^2.p,TH0,Theorem,timeout,na,2238,5475,21,5475,255,8,0,0,0,
gamma_limit_5,SEU/SEU528^1.p,TH0,Theorem,timeout,na,2116,714,39,714,30,13,0,2,0,
gamma_limit_5,SEU/SEU528^2.p,TH0,Theorem,timeout,na,2164,5369,0,5369,205,116,0,0,0,
gamma_limit_5,SEU/SEU529^1.p,TH0,Theorem,thm,yes,1715,164,16,164,1,0,0,1,1,
gamma_limit_5,SEU/SEU529^2.p,TH0,Theorem,thm,yes,11,9,0,9,1,0,0,1,1,
gamma_limit_5,SEU/SEU530^1.p,TH0,Theorem,timeout,na,2108,447,33,447,22,0,0,1,0,
gamma_limit_5,SEU/SEU530^2.p,TH0,Theorem,timeout,na,2110,3297,45,3297,719,113,0,3,0,
gamma_limit_5,SEU/SEU531^1.p,TH0,Theorem,timeout,na,2105,383,29,383,16,0,0,1,0,
gamma_limit_5,SEU/SEU531^2.p,TH0,Theorem,timeout,na,2186,4680,52,4680,271,1,0,0,0,
gamma_limit_5,SEU/SEU532^1.p,TH0,Theorem,timeout,na,2088,10,1,10,1,0,0,0,0,
gamma_limit_5,SEU/SEU532^2.p,TH0,Theorem,thm,yes,8,9,0,9,1,0,0,1,1,
gamma_limit_5,SEU/SEU533^1.p,TH0,Theorem,timeout,na,2095,10,1,10,1,0,0,0,0,
gamma_limit_5,SEU/SEU533^2.p,TH0,Theorem,thm,yes,18,19,1,19,2,0,0,1,1,
gamma_limit_5,SEU/SEU534^1.p,TH0,Theorem,timeout,na,2096,120,12,120,1,0,0,0,0,
gamma_limit_5,SEU/SEU534^2.p,TH0,Theorem,timeout,na,2077,2290,147,2290,199,9,0,3,0,
gamma_limit_5,SEU/SEU535^1.p,TH0,Theorem,timeout,na,2098,84,8,84,1,0,0,0,0,
gamma_limit_5,SEU/SEU535^2.p,TH0,Theorem,thm,yes,11,12,0,12,2,1,0,1,1,
gamma_limit_5,SEU/SEU536^1.p,TH0,Theorem,timeout,na,2101,70,7,70,1,0,0,0,0,
gamma_limit_5,SEU/SEU536^2.p,TH0,Theorem,thm,yes,16,13,0,13,2,0,0,1,1,
gamma_limit_5,SEU/SEU537^1.p,TH0,Theorem,timeout,na,2105,59,5,59,1,0,0,0,0,
gamma_limit_5,SEU/SEU537^2.p,TH0,Theorem,thm,yes,16,12,0,12,2,0,0,1,1,
gamma_limit_5,SEU/SEU538^1.p,TH0,Theorem,timeout,na,2107,55,5,55,1,0,0,0,0,
gamma_limit_5,SEU/SEU538^2.p,TH0,Theorem,thm,yes,15,11,0,11,2,0,0,1,1,
gamma_limit_5,SEU/SEU539^1.p,TH0,Theorem,timeout,na,2109,51,5,51,1,0,0,0,0,
gamma_limit_5,SEU/SEU539^2.p,TH0,Theorem,thm,yes,16,13,0,13,2,0,0,1,1,
gamma_limit_5,SEU/SEU540^1.p,TH0,Theorem,timeout,na,2110,43,4,43,1,0,0,0,0,
gamma_limit_5,SEU/SEU540^2.p,TH0,Theorem,timeout,na,2070,2638,155,2637,263,1,0,2,0,
gamma_limit_5,SEU/SEU541^1.p,TH0,Theorem,timeout,na,2112,39,3,39,1,0,0,0,0,
gamma_limit_5,SEU/SEU541^2.p,TH0,Theorem,thm,yes,8,12,0,11,2,2,0,0,0,
gamma_limit_5,SEU/SEU542^1.p,TH0,Theorem,timeout,na,2116,41,4,41,1,0,0,0,0,
gamma_limit_5,SEU/SEU543^1.p,TH0,Theorem,timeout,na,2116,39,3,39,1,0,0,0,0,
gamma_limit_5,SEU/SEU544^1.p,TH0,Theorem,timeout,na,2114,36,3,36,1,0,0,0,0,
gamma_limit_5,SEU/SEU544^2.p,TH0,Theorem,thm,yes,22,22,0,22,4,1,0,1,1,
gamma_limit_5,SEU/SEU545^1.p,TH0,Theorem,timeout,na,2121,34,3,34,1,0,0,0,0,
gamma_limit_5,SEU/SEU545^2.p,TH0,Theorem,timeout,na,2184,5540,73,5540,213,254,0,0,0,
gamma_limit_5,SEU/SEU546^1.p,TH0,Theorem,timeout,na,2120,30,3,30,1,0,0,0,0,
gamma_limit_5,SEU/SEU546^2.p,TH0,Theorem,timeout,na,2165,5703,30,5703,220,307,0,0,0,
gamma_limit_5,SEU/SEU547^1.p,TH0,Theorem,thm,yes,1369,23,2,23,1,1,0,0,0,
gamma_limit_5,SEU/SEU547^2.p,TH0,Theorem,thm,yes,20,9,0,9,1,1,0,0,0,
gamma_limit_5,SEU/SEU548^1.p,TH0,Theorem,thm,yes,1648,35,1,35,2,2,0,0,0,
gamma_limit_5,SEU/SEU548^2.p,TH0,Theorem,thm,yes,40,16,0,16,2,2,0,0,0,
gamma_limit_5,SEU/SEU549^1.p,TH0,Theorem,timeout,na,2131,34,3,34,1,0,0,0,0,
gamma_limit_5,SEU/SEU549^2.p,TH0,Theorem,timeout,na,2039,3408,249,3408,134,48,0,1,0,
gamma_limit_5,SEU/SEU550^1.p,TH0,Theorem,timeout,na,2140,25,2,25,1,0,0,0,0,
gamma_limit_5,SEU/SEU550^2.p,TH0,Theorem,timeout,na,2090,3505,124,3505,256,124,0,0,0,
gamma_limit_5,SEU/SEU551^1.p,TH0,Theorem,timeout,na,2096,21,2,21,1,0,0,0,0,
gamma_limit_5,SEU/SEU551^2.p,TH0,Theorem,thm,yes,2,1,0,1,1,1,0,0,0,
gamma_limit_5,SEU/SEU551^3.p,TH0,Theorem,thm,yes,1,2,0,2,1,1,0,0,0,
gamma_limit_5,SEU/SEU552^1.p,TH0,Theorem,timeout,na,2143,26,2,26,1,0,0,0,0,
gamma_limit_5,SEU/SEU552^2.p,TH0,Theorem,thm,yes,47,33,3,33,1,1,0,0,0,
gamma_limit_5,SEU/SEU553^1.p,TH0,Theorem,timeout,na,2143,21,2,21,1,0,0,0,0,
gamma_limit_5,SEU/SEU553^2.p,TH0,Theorem,thm,yes,23,18,1,18,1,1,0,0,0,
gamma_limit_5,SEU/SEU554^1.p,TH0,Theorem,timeout,na,2145,21,2,21,1,0,0,0,0,
gamma_limit_5,SEU/SEU555^1.p,TH0,Theorem,timeout,na,2097,19,1,19,1,0,0,0,0,
gamma_limit_5,SEU/SEU556^1.p,TH0,Theorem,timeout,na,2153,28,2,28,1,0,0,0,0,
gamma_limit_5,SEU/SEU557^1.p,TH0,Theorem,timeout,na,2165,29,2,29,1,0,0,0,0,
gamma_limit_5,SEU/SEU557^2.p,TH0,Theorem,timeout,na,2072,2312,108,2312,211,0,0,1,0,
gamma_limit_5,SEU/SEU558^1.p,TH0,Theorem,timeout,na,2168,20,2,20,1,0,0,0,0,
gamma_limit_5,SEU/SEU558^2.p,TH0,Theorem,timeout,na,2104,2543,133,2543,359,16,0,1,0,
gamma_limit_5,SEU/SEU559^1.p,TH0,Theorem,timeout,na,2179,22,2,22,1,0,0,0,0,
gamma_limit_5,SEU/SEU559^2.p,TH0,Theorem,thm,yes,17,13,0,13,2,0,0,1,1,
gamma_limit_5,SEU/SEU560^1.p,TH0,Theorem,thm,yes,1352,13,1,13,1,1,0,0,0,
gamma_limit_5,SEU/SEU560^2.p,TH0,Theorem,thm,yes,11,8,0,8,1,1,0,0,0,
gamma_limit_5,SEU/SEU561^1.p,TH0,Theorem,thm,yes,1389,13,1,13,1,1,0,0,0,
gamma_limit_5,SEU/SEU561^2.p,TH0,Theorem,thm,yes,11,8,0,8,1,1,0,0,0,
gamma_limit_5,SEU/SEU562^1.p,TH0,Theorem,timeout,na,2186,19,1,19,1,0,0,0,0,
gamma_limit_5,SEU/SEU562^2.p,TH0,Theorem,thm,yes,24,19,1,19,2,0,0,1,1,
gamma_limit_5,SEU/SEU563^1.p,TH0,Theorem,timeout,na,2185,2,0,2,1,0,0,0,0,
gamma_limit_5,SEU/SEU563^2.p,TH0,Theorem,thm,yes,13,12,1,12,1,0,0,1,1,
gamma_limit_5,SEU/SEU564^1.p,TH0,Theorem,timeout,na,2194,19,1,19,1,0,0,0,0,
gamma_limit_5,SEU/SEU564^2.p,TH0,Theorem,thm,yes,17,13,0,13,2,0,0,1,1,
gamma_limit_5,SEU/SEU565^1.p,TH0,Theorem,timeout,na,2200,19,1,19,1,0,0,0,0,
gamma_limit_5,SEU/SEU565^2.p,TH0,Theorem,thm,yes,28,20,1,20,3,0,0,1,1,
gamma_limit_5,SEU/SEU566^1.p,TH0,Theorem,timeout,na,2198,19,1,19,1,0,0,0,0,
gamma_limit_5,SEU/SEU566^2.p,TH0,Theorem,thm,yes,29,21,1,21,3,0,0,1,1,
gamma_limit_5,SEU/SEU567^1.p,TH0,Theorem,timeout,na,2197,13,1,13,1,0,0,0,0,
gamma_limit_5,SEU/SEU567^2.p,TH0,Theorem,thm,yes,22,19,0,19,3,0,0,1,1,
gamma_limit_5,SEU/SEU568^1.p,TH0,Theorem,thm,yes,1988,15,1,15,1,1,0,0,0,
gamma_limit_5,SEU/SEU568^2.p,TH0,Theorem,thm,yes,18,10,0,10,1,1,0,0,0,
gamma_limit_5,SEU/SEU569^1.p,TH0,Theorem,timeout,na,2209,0,0,0,1,0,0,0,0,
gamma_limit_5,SEU/SEU569^2.p,TH0,Theorem,thm,yes,16,17,0,17,3,0,0,1,1,
gamma_limit_5,SEU/SEU570^1.p,TH0,Theorem,timeout,na,2215,17,1,17,1,0,0,0,0,
gamma_limit_5,SEU/SEU570^2.p,TH0,Theorem,timeout,na,2284,6262,32,6262,1723,77,0,3,0,
gamma_limit_5,SEU/SEU571^1.p,TH0,Theorem,timeout,na,2211,0,0,0,1,0,0,0,0,
gamma_limit_5,SEU/SEU571^2.p,TH0,Theorem,thm,yes,28,26,1,26,4,0,0,2,1,
gamma_limit_5,SEU/SEU572^1.p,TH0,Theorem,timeout,na,2228,13,1,13,1,0,0,0,0,
gamma_limit_5,SEU/SEU572^2.p,TH0,Theorem,thm,yes,43,41,1,41,4,0,0,3,1,
gamma_limit_5,SEU/SEU573^1.p,TH0,Theorem,timeout,na,2240,12,1,12,1,0,0,0,0,
gamma_limit_5,SEU/SEU573^2.p,TH0,Theorem,timeout,na,2205,5358,61,5358,1323,12,0,4,0,
gamma_limit_5,SEU/SEU574^1.p,TH0,Theorem,timeout,na,2219,13,1,13,1,0,0,0,0,
gamma_limit_5,SEU/SEU574^2.p,TH0,Theorem,timeout,na,2229,5711,23,5711,236,61,0,0,0,
gamma_limit_5,SEU/SEU575^1.p,TH0,Theorem,timeout,na,2228,10,1,10,1,0,0,0,0,
gamma_limit_5,SEU/SEU575^2.p,TH0,Theorem,timeout,na,2245,6255,1,6255,192,308,0,0,0,
gamma_limit_5,SEU/SEU576^1.p,TH0,Theorem,timeout,na,2236,12,1,12,1,0,0,0,0,
gamma_limit_5,SEU/SEU576^2.p,TH0,Theorem,timeout,na,2154,5029,86,5029,969,34,0,4,0,
gamma_limit_5,SEU/SEU577^1.p,TH0,Theorem,timeout,na,2242,12,1,12,1,0,0,0,0,
gamma_limit_5,SEU/SEU577^2.p,TH0,Theorem,timeout,na,2139,4635,139,4635,784,4,0,4,0,
gamma_limit_5,SEU/SEU578^1.p,TH0,Theorem,timeout,na,2240,0,0,0,1,0,0,0,0,
gamma_limit_5,SEU/SEU578^2.p,TH0,Theorem,thm,yes,14,15,1,15,2,0,0,1,1,
gamma_limit_5,SEU/SEU579^1.p,TH0,Theorem,timeout,na,2250,12,1,12,1,0,0,0,0,
gamma_limit_5,SEU/SEU579^2.p,TH0,Theorem,timeout,na,2135,4592,139,4592,676,16,0,2,0,
gamma_limit_5,SEU/SEU580^1.p,TH0,Theorem,timeout,na,2262,0,0,0,1,0,0,0,0,
gamma_limit_5,SEU/SEU580^2.p,TH0,Theorem,thm,yes,45,60,1,60,8,0,0,2,1,
gamma_limit_5,SEU/SEU581^1.p,TH0,Theorem,timeout,na,2266,0,0,0,1,0,0,0,0,
gamma_limit_5,SEU/SEU581^2.p,TH0,Theorem,thm,yes,19,16,1,16,2,0,0,1,1,
gamma_limit_5,SEU/SEU582^1.p,TH0,Theorem,timeout,na,2270,8,0,8,1,0,0,0,0,
gamma_limit_5,SEU/SEU582^2.p,TH0,Theorem,thm,yes,31,28,1,28,3,0,0,1,1,
gamma_limit_5,SEU/SEU583^1.p,TH0,Theorem,timeout,na,2270,2,0,2,1,0,0,0,0,
gamma_limit_5,SEU/SEU584^1.p,TH0,Theorem,timeout,na,2282,8,0,8,1,0,0,0,0,
gamma_limit_5,SEU/SEU584^2.p,TH0,Theorem,thm,yes,31,25,1,25,3,0,0,1,1,
gamma_limit_5,SEU/SEU585^1.p,TH0,Theorem,timeout,na,2281,8,0,8,1,0,0,0,0,
gamma_limit_5,SEU/SEU585^2.p,TH0,Theorem,timeout,na,2180,3976,79,3976,263,4,0,0,0,
gamma_limit_5,SEU/SEU586^1.p,TH0,Theorem,timeout,na,2287,8,0,8,1,0,0,0,0,
gamma_limit_5,SEU/SEU586^2.p,TH0,Theorem,thm,yes,38,23,1,23,3,0,0,2,1,
gamma_limit_5,SEU/SEU587^1.p,TH0,Theorem,timeout,na,2296,0,0,0,1,0,0,0,0,
gamma_limit_5,SEU/SEU587^2.p,TH0,Theorem,thm,yes,35,40,1,40,5,0,0,3,1,
gamma_limit_5,SEU/SEU588^1.p,TH0,Theorem,timeout,na,2298,0,0,0,1,0,0,0,0,
gamma_limit_5,SEU/SEU588^2.p,TH0,Theorem,thm,yes,35,36,1,36,4,0,0,2,1,
gamma_limit_5,SEU/SEU589^1.p,TH0,Theorem,timeout,na,2309,8,0,8,1,0,0,0,0,
gamma_limit_5,SEU/SEU589^2.p,TH0,Theorem,timeout,na,2086,1788,66,1788,341,0,0,3,0,
gamma_limit_5,SEU/SEU590^1.p,TH0,Theorem,timeout,na,2314,5,0,5,1,0,0,0,0,
gamma_limit_5,SEU/SEU590^2.p,TH0,Theorem,timeout,na,2270,5154,24,5154,1719,0,0,3,0,
gamma_limit_5,SEU/SEU591^1.p,TH0,Theorem,timeout,na,2310,5,0,5,1,0,0,0,0,
gamma_limit_5,SEU/SEU591^2.p,TH0,Theorem,thm,yes,27,17,1,17,2,0,0,1,1,
gamma_limit_5,SEU/SEU592^1.p,TH0,Theorem,timeout,na,2324,0,0,0,1,0,0,0,0,
gamma_limit_5,SEU/SEU592^2.p,TH0,Theorem,thm,yes,31,29,1,29,4,0,0,2,1,
gamma_limit_5,SEU/SEU593^1.p,TH0,Theorem,timeout,na,2326,5,0,5,1,0,0,0,0,
gamma_limit_5,SEU/SEU593^2.p,TH0,Theorem,timeout,na,2272,4742,27,4742,250,4,0,0,0,
gamma_limit_5,SEU/SEU594^1.p,TH0,Theorem,timeout,na,2323,5,0,5,1,0,0,0,0,
gamma_limit_5,SEU/SEU594^2.p,TH0,Theorem,timeout,na,2125,3484,60,3484,690,30,0,1,0,
gamma_limit_5,SEU/SEU595^1.p,TH0,Theorem,timeout,na,2335,5,0,5,1,0,0,0,0,
gamma_limit_5,SEU/SEU595^2.p,TH0,Theorem,thm,yes,35,16,1,16,2,0,0,1,1,
gamma_limit_5,SEU/SEU596^1.p,TH0,Theorem,timeout,na,2356,5,0,5,1,0,0,0,0,
gamma_limit_5,SEU/SEU596^2.p,TH0,Theorem,timeout,na,2197,6736,117,6736,192,35,0,0,0,
gamma_limit_5,SEU/SEU597^1.p,TH0,Theorem,timeout,na,2332,0,0,0,1,0,0,0,0,
gamma_limit_5,SEU/SEU597^2.p,TH0,Theorem,thm,yes,36,43,1,43,6,0,0,3,1,
gamma_limit_5,SEU/SEU598^1.p,TH0,Theorem,timeout,na,2353,5,0,5,1,0,0,0,0,
gamma_limit_5,SEU/SEU598^2.p,TH0,Theorem,timeout,na,2307,5784,31,5784,232,2,0,0,0,
gamma_limit_5,SEU/SEU599^1.p,TH0,Theorem,timeout,na,2359,5,0,5,1,0,0,0,0,
gamma_limit_5,SEU/SEU599^2.p,TH0,Theorem,timeout,na,2129,3776,39,3776,774,25,0,1,0,
gamma_limit_5,SEU/SEU600^1.p,TH0,Theorem,timeout,na,2362,0,0,0,1,0,0,0,0,
gamma_limit_5,SEU/SEU600^2.p,TH0,Theorem,timeout,na,2263,5494,145,5494,194,0,0,0,0,
gamma_limit_5,SEU/SEU601^1.p,TH0,Theorem,timeout,na,2372,5,0,5,1,0,0,0,0,
gamma_limit_5,SEU/SEU601^2.p,TH0,Theorem,thm,yes,913,886,63,886,56,0,0,3,1,
gamma_limit_5,SEU/SEU602^1.p,TH0,Theorem,timeout,na,2388,5,0,5,1,0,0,0,0,
gamma_limit_5,SEU/SEU602^2.p,TH0,Theorem,thm,yes,27,18,1,18,2,0,0,1,1,
gamma_limit_5,SEU/SEU603^1.p,TH0,Theorem,timeout,na,2391,5,0,5,1,0,0,0,0,
gamma_limit_5,SEU/SEU603^2.p,TH0,Theorem,thm,yes,35,16,1,16,2,0,0,1,1,
gamma_limit_5,SEU/SEU604^1.p,TH0,Theorem,timeout,na,2404,5,0,5,1,0,0,0,0,
gamma_limit_5,SEU/SEU604^2.p,TH0,Theorem,timeout,na,2185,5591,114,5591,254,2,0,0,0,
gamma_limit_5,SEU/SEU605^1.p,TH0,Theorem,timeout,na,2392,5,0,5,1,0,0,0,0,
gamma_limit_5,SEU/SEU605^2.p,TH0,Theorem,thm,yes,37,32,1,32,4,1,0,3,1,
gamma_limit_5,SEU/SEU606^1.p,TH0,Theorem,timeout,na,2420,2,0,2,1,0,0,0,0,
gamma_limit_5,SEU/SEU606^2.p,TH0,Theorem,thm,yes,47,43,1,43,4,2,0,3,1,
gamma_limit_5,SEU/SEU607^1.p,TH0,Theorem,timeout,na,2417,2,0,2,1,0,0,0,0,
gamma_limit_5,SEU/SEU607^2.p,TH0,Theorem,thm,yes,24,14,1,14,2,0,0,1,1,
gamma_limit_5,SEU/SEU608^1.p,TH0,Theorem,timeout,na,2420,2,0,2,1,0,0,0,0,
gamma_limit_5,SEU/SEU608^2.p,TH0,Theorem,thm,yes,25,15,1,15,2,0,0,1,1,
gamma_limit_5,SEU/SEU609^1.p,TH0,Theorem,timeout,na,2429,0,0,0,1,0,0,0,0,
gamma_limit_5,SEU/SEU609^2.p,TH0,Theorem,thm,yes,38,35,1,35,4,0,0,2,1,
gamma_limit_5,SEU/SEU610^1.p,TH0,Theorem,timeout,na,2432,2,0,2,1,0,0,0,0,
gamma_limit_5,SEU/SEU610^2.p,TH0,Theorem,timeout,na,2137,3765,89,3765,607,191,0,2,0,
gamma_limit_5,SEU/SEU611^1.p,TH0,Theorem,timeout,na,2448,2,0,2,1,0,0,0,0,
gamma_limit_5,SEU/SEU611^2.p,TH0,Theorem,timeout,na,2071,2459,117,2459,294,14,0,1,0,
gamma_limit_5,SEU/SEU612^1.p,TH0,Theorem,timeout,na,2449,2,0,2,1,0,0,0,0,
gamma_limit_5,SEU/SEU612^2.p,TH0,Theorem,timeout,na,2071,1549,76,1549,234,0,0,3,0,
gamma_limit_5,SEU/SEU613^1.p,TH0,Theorem,timeout,na,2452,2,0,2,1,0,0,0,0,
gamma_limit_5,SEU/SEU613^2.p,TH0,Theorem,timeout,na,2071,1296,50,1296,248,0,0,3,0,
gamma_limit_5,SEU/SEU614^1.p,TH0,Theorem,timeout,na,2471,2,0,2,1,0,0,0,0,
gamma_limit_5,SEU/SEU614^2.p,TH0,Theorem,thm,yes,52,29,1,29,4,0,0,1,1,
gamma_limit_5,SEU/SEU615^1.p,TH0,Theorem,timeout,na,2485,2,0,2,1,0,0,0,0,
gamma_limit_5,SEU/SEU615^2.p,TH0,Theorem,thm,yes,501,514,15,514,80,2,0,2,1,
gamma_limit_5,SEU/SEU616^1.p,TH0,Theorem,timeout,na,2493,0,0,0,1,0,0,0,0,
gamma_limit_5,SEU/SEU617^1.p,TH0,Theorem,timeout,na,2507,0,0,0,1,0,0,0,0,
gamma_limit_5,SEU/SEU617^2.p,TH0,Theorem,timeout,na,2169,3732,103,3732,729,137,0,3,0,
gamma_limit_5,SEU/SEU618^1.p,TH0,Theorem,timeout,na,2500,0,0,0,1,0,0,0,0,
gamma_limit_5,SEU/SEU618^2.p,TH0,Theorem,timeout,na,2225,3910,49,3910,1286,29,0,3,0,
gamma_limit_5,SEU/SEU619^1.p,TH0,Theorem,timeout,na,2500,0,0,0,1,0,0,0,0,
gamma_limit_5,SEU/SEU619^2.p,TH0,Theorem,timeout,na,2060,663,14,663,72,53,0,0,0,
gamma_limit_5,SEU/SEU620^1.p,TH0,Theorem,timeout,na,2510,0,0,0,1,0,0,0,0,
gamma_limit_5,SEU/SEU620^2.p,TH0,Theorem,timeout,na,2176,2413,11,2413,235,17,0,0,0,
gamma_limit_5,SEU/SEU621^1.p,TH0,Theorem,timeout,na,2528,2,0,2,1,0,0,0,0,
gamma_limit_5,SEU/SEU621^2.p,TH0,Theorem,timeout,na,2140,4746,83,4746,815,26,0,1,0,
gamma_limit_5,SEU/SEU622^1.p,TH0,Theorem,timeout,na,2529,2,0,2,1,0,0,0,0,
gamma_limit_5,SEU/SEU622^2.p,TH0,Theorem,thm,yes,24,24,1,24,4,0,0,1,1,
gamma_limit_5,SEU/SEU623^1.p,TH0,Theorem,timeout,na,2577,2,0,2,1,0,0,0,0,
gamma_limit_5,SEU/SEU623^2.p,TH0,Theorem,timeout,na,2207,4955,75,4955,1344,7,0,2,0,
gamma_limit_5,SEU/SEU624^1.p,TH0,Theorem,timeout,na,2552,2,0,2,1,0,0,0,0,
gamma_limit_5,SEU/SEU625^1.p,TH0,Theorem,timeout,na,2594,2,0,2,1,0,0,0,0,
gamma_limit_5,SEU/SEU625^2.p,TH0,Theorem,timeout,na,2254,4960,37,4960,1311,12,0,4,0,
gamma_limit_5,SEU/SEU626^1.p,TH0,Theorem,timeout,na,2594,2,0,2,1,0,0,0,0,
gamma_limit_5,SEU/SEU626^2.p,TH0,Theorem,timeout,na,2133,3989,46,3989,728,30,0,3,0,
gamma_limit_5,SEU/SEU627^1.p,TH0,Theorem,timeout,na,2615,2,0,2,1,0,0,0,0,
gamma_limit_5,SEU/SEU627^2.p,TH0,Theorem,timeout,na,2199,4118,38,4118,970,0,0,4,0,
gamma_limit_5,SEU/SEU628^1.p,TH0,Theorem,timeout,na,2619,2,0,2,1,0,0,0,0,
gamma_limit_5,SEU/SEU628^2.p,TH0,Theorem,timeout,na,2127,3291,27,3291,707,29,0,2,0,
gamma_limit_5,SEU/SEU629^1.p,TH0,Theorem,timeout,na,2616,2,0,2,1,0,0,0,0,
gamma_limit_5,SEU/SEU629^2.p,TH0,Theorem,thm,yes,58,25,1,25,3,0,0,3,1,
gamma_limit_5,SEU/SEU630^1.p,TH0,Theorem,timeout,na,2635,2,0,2,1,0,0,0,0,
gamma_limit_5,SEU/SEU630^2.p,TH0,Theorem,timeout,na,2120,2420,55,2420,451,0,0,3,0,
gamma_limit_5,SEU/SEU631^1.p,TH0,Theorem,timeout,na,2640,2,0,2,1,0,0,0,0,
gamma_limit_5,SEU/SEU631^2.p,TH0,Theorem,timeout,na,2048,1165,54,1165,148,1,0,1,0,
gamma_limit_5,SEU/SEU632^1.p,TH0,Theorem,timeout,na,2644,2,0,2,1,0,0,0,0,
gamma_limit_5,SEU/SEU632^2.p,TH0,Theorem,timeout,na,2081,2481,76,2481,215,0,0,0,0,
gamma_limit_5,SEU/SEU633^1.p,TH0,Theorem,timeout,na,2623,2,0,2,1,0,0,0,0,
gamma_limit_5,SEU/SEU633^2.p,TH0,Theorem,timeout,na,2095,3635,73,3635,572,78,0,1,0,
gamma_limit_5,SEU/SEU634^1.p,TH0,Theorem,timeout,na,2649,0,0,0,1,0,0,0,0,
gamma_limit_5,SEU/SEU634^2.p,TH0,Theorem,timeout,na,2122,4503,126,4503,662,0,0,1,0,
gamma_limit_5,SEU/SEU635^1.p,TH0,Theorem,timeout,na,2655,0,0,0,1,0,0,0,0,
gamma_limit_5,SEU/SEU635^2.p,TH0,Theorem,thm,yes,74,108,1,108,13,0,0,4,1,
gamma_limit_5,SEU/SEU636^1.p,TH0,Theorem,timeout,na,2665,0,0,0,1,0,0,0,0,
gamma_limit_5,SEU/SEU636^2.p,TH0,Theorem,timeout,na,2151,4090,41,4090,204,14,0,0,0,
gamma_limit_5,SEU/SEU637^1.p,TH0,Theorem,timeout,na,2706,0,0,0,1,0,0,0,0,
gamma_limit_5,SEU/SEU637^2.p,TH0,Theorem,timeout,na,2110,2190,73,2190,221,0,0,0,0,
gamma_limit_5,SEU/SEU638^1.p,TH0,Theorem,timeout,na,2686,0,0,0,1,0,0,0,0,
gamma_limit_5,SEU/SEU638^2.p,TH0,Theorem,timeout,na,2060,1969,82,1969,269,0,0,1,0,
gamma_limit_5,SEU/SEU639^1.p,TH0,Theorem,timeout,na,2706,0,0,0,1,0,0,0,0,
gamma_limit_5,SEU/SEU639^2.p,TH0,Theorem,timeout,na,2113,2303,80,2303,199,0,0,0,0,
gamma_limit_5,SEU/SEU640^1.p,TH0,Theorem,timeout,na,2722,0,0,0,1,0,0,0,0,
gamma_limit_5,SEU/SEU640^2.p,TH0,Theorem,timeout,na,2028,933,53,933,71,10,0,0,0,
gamma_limit_5,SEU/SEU641^1.p,TH0,Theorem,timeout,na,2702,0,0,0,1,0,0,0,0,
gamma_limit_5,SEU/SEU641^2.p,TH0,Theorem,timeout,na,2148,5852,293,5852,106,0,0,0,0,
gamma_limit_5,SEU/SEU642^1.p,TH0,Theorem,timeout,na,2730,0,0,0,1,0,0,0,0,
gamma_limit_5,SEU/SEU642^2.p,TH0,Theorem,timeout,na,2192,4762,38,4762,264,0,0,0,0,
gamma_limit_5,SEU/SEU643^1.p,TH0,Theorem,timeout,na,2791,0,0,0,1,0,0,0,0,
gamma_limit_5,SEU/SEU643^2.p,TH0,Theorem,timeout,na,2056,1172,44,1172,159,1,0,0,0,
gamma_limit_5,SEU/SEU644^1.p,TH0,Theorem,timeout,na,2745,0,0,0,1,0,0,0,0,
gamma_limit_5,SEU/SEU644^2.p,TH0,Theorem,timeout,na,2062,2547,74,2547,150,59,0,0,0,
gamma_limit_5,SEU/SEU645^1.p,TH0,Theorem,timeout,na,2742,0,0,0,1,0,0,0,0,
gamma_limit_5,SEU/SEU645^2.p,TH0,Theorem,timeout,na,2047,1249,73,1249,99,0,0,1,0,
gamma_limit_5,SEU/SEU646^1.p,TH0,Theorem,timeout,na,2765,0,0,0,1,0,0,0,0,
gamma_limit_5,SEU/SEU646^2.p,TH0,Theorem,timeout,na,2067,2242,93,2242,173,0,0,0,0,
gamma_limit_5,SEU/SEU647^1.p,TH0,Theorem,timeout,na,2762,0,0,0,1,0,0,0,0,
gamma_limit_5,SEU/SEU647^2.p,TH0,Theorem,timeout,na,2045,3162,223,3162,45,0,0,0,0,
gamma_limit_5,SEU/SEU648^1.p,TH0,Theorem,timeout,na,2761,0,0,0,1,0,0,0,0,
gamma_limit_5,SEU/SEU648^2.p,TH0,Theorem,timeout,na,2110,2674,27,2674,322,118,0,0,0,
gamma_limit_5,SEU/SEU649^1.p,TH0,Theorem,timeout,na,2776,0,0,0,1,0,0,0,0,
gamma_limit_5,SEU/SEU649^2.p,TH0,Theorem,timeout,na,2097,3271,109,3271,237,15,0,0,0,
gamma_limit_5,SEU/SEU650^1.p,TH0,Theorem,timeout,na,2787,0,0,0,1,0,0,0,0,
gamma_limit_5,SEU/SEU650^2.p,TH0,Theorem,timeout,na,2066,3204,109,3204,171,35,0,0,0,
gamma_limit_5,SEU/SEU651^1.p,TH0,Theorem,timeout,na,2815,0,0,0,1,0,0,0,0,
gamma_limit_5,SEU/SEU651^2.p,TH0,Theorem,timeout,na,2056,2736,148,2736,172,10,0,0,0,
gamma_limit_5,SEU/SEU652^1.p,TH0,Theorem,timeout,na,2814,0,0,0,1,0,0,0,0,
gamma_limit_5,SEU/SEU652^2.p,TH0,Theorem,timeout,na,2134,5590,154,5590,110,0,0,0,0,
gamma_limit_5,SEU/SEU653^1.p,TH0,Theorem,timeout,na,2831,0,0,0,1,0,0,0,0,
gamma_limit_5,SEU/SEU653^2.p,TH0,Theorem,timeout,na,2121,2638,39,2638,286,12,0,0,0,
gamma_limit_5,SEU/SEU654^1.p,TH0,Theorem,timeout,na,2815,0,0,0,1,0,0,0,0,
gamma_limit_5,SEU/SEU654^2.p,TH0,Theorem,timeout,na,2098,2605,45,2605,332,23,0,0,0,
gamma_limit_5,SEU/SEU655^1.p,TH0,Theorem,timeout,na,2922,0,0,0,1,0,0,0,0,
gamma_limit_5,SEU/SEU655^2.p,TH0,Theorem,timeout,na,2090,1132,9,1132,232,7,0,0,0,
gamma_limit_5,SEU/SEU656^1.p,TH0,Theorem,timeout,na,2855,0,0,0,1,0,0,0,0,
gamma_limit_5,SEU/SEU656^2.p,TH0,Theorem,timeout,na,2053,1121,61,1121,111,0,0,1,0,
gamma_limit_5,SEU/SEU657^1.p,TH0,Theorem,timeout,na,2895,0,0,0,1,0,0,0,0,
gamma_limit_5,SEU/SEU657^2.p,TH0,Theorem,timeout,na,2050,911,38,911,82,14,0,3,0,
gamma_limit_5,SEU/SEU658^1.p,TH0,Theorem,timeout,na,2901,0,0,0,1,0,0,0,0,
gamma_limit_5,SEU/SEU658^2.p,TH0,Theorem,timeout,na,2093,3007,112,3007,190,0,0,0,0,
gamma_limit_5,SEU/SEU659^1.p,TH0,Theorem,timeout,na,2929,0,0,0,1,0,0,0,0,
gamma_limit_5,SEU/SEU659^2.p,TH0,Theorem,timeout,na,2096,3188,105,3188,213,0,0,0,0,
gamma_limit_5,SEU/SEU660^1.p,TH0,Theorem,timeout,na,2924,0,0,0,1,0,0,0,0,
gamma_limit_5,SEU/SEU660^2.p,TH0,Theorem,timeout,na,2093,3046,104,3046,214,0,0,0,0,
gamma_limit_5,SEU/SEU661^1.p,TH0,Theorem,timeout,na,2920,0,0,0,1,0,0,0,0,
gamma_limit_5,SEU/SEU661^2.p,TH0,Theorem,thm,yes,16,8,0,8,1,1,0,0,0,
gamma_limit_5,SEU/SEU662^1.p,TH0,Theorem,timeout,na,2973,0,0,0,1,0,0,0,0,
gamma_limit_5,SEU/SEU662^2.p,TH0,Theorem,timeout,na,2264,5723,11,5723,177,421,0,0,0,
gamma_limit_5,SEU/SEU663^1.p,TH0,Theorem,timeout,na,2971,0,0,0,1,0,0,0,0,
gamma_limit_5,SEU/SEU663^2.p,TH0,Theorem,timeout,na,2281,6235,2,6235,180,674,0,0,0,
gamma_limit_5,SEU/SEU664^1.p,TH0,Theorem,timeout,na,3005,0,0,0,1,0,0,0,0,
gamma_limit_5,SEU/SEU664^2.p,TH0,Theorem,timeout,na,2093,3295,122,3295,200,0,0,0,0,
gamma_limit_5,SEU/SEU665^1.p,TH0,Theorem,timeout,na,3016,0,0,0,1,0,0,0,0,
gamma_limit_5,SEU/SEU665^2.p,TH0,Theorem,timeout,na,2150,2269,47,2269,565,0,0,2,0,
gamma_limit_5,SEU/SEU666^1.p,TH0,Theorem,timeout,na,3017,0,0,0,1,0,0,0,0,
gamma_limit_5,SEU/SEU666^2.p,TH0,Theorem,timeout,na,2146,4357,54,4357,863,16,0,3,0,
gamma_limit_5,SEU/SEU667^1.p,TH0,Theorem,timeout,na,3027,0,0,0,1,0,0,0,0,
gamma_limit_5,SEU/SEU667^2.p,TH0,Theorem,timeout,na,2012,330,33,330,1,0,0,0,0,
gamma_limit_5,SEU/SEU668^1.p,TH0,Theorem,timeout,na,3058,0,0,0,1,0,0,0,0,
gamma_limit_5,SEU/SEU668^2.p,TH0,Theorem,timeout,na,2063,1416,55,1413,156,31,0,1,0,
gamma_limit_5,SEU/SEU669^1.p,TH0,Theorem,timeout,na,3082,0,0,0,1,0,0,0,0,
gamma_limit_5,SEU/SEU669^2.p,TH0,Theorem,timeout,na,2085,1537,27,1537,324,11,0,1,0,
gamma_limit_5,SEU/SEU670^1.p,TH0,Theorem,timeout,na,3093,0,0,0,1,0,0,0,0,
gamma_limit_5,SEU/SEU670^2.p,TH0,Theorem,timeout,na,2101,2084,43,2084,445,5,0,1,0,
gamma_limit_5,SEU/SEU671^1.p,TH0,Theorem,timeout,na,3105,0,0,0,1,0,0,0,0,
gamma_limit_5,SEU/SEU671^2.p,TH0,Theorem,timeout,na,2071,1400,36,1400,203,4,0,1,0,
gamma_limit_5,SEU/SEU672^1.p,TH0,Theorem,timeout,na,3157,0,0,0,1,0,0,0,0,
gamma_limit_5,SEU/SEU672^2.p,TH0,Theorem,timeout,na,2120,2762,5,2762,284,435,0,1,0,
gamma_limit_5,SEU/SEU673^1.p,TH0,Theorem,timeout,na,3167,0,0,0,1,0,0,0,0,
gamma_limit_5,SEU/SEU673^2.p,TH0,Theorem,timeout,na,2182,3276,33,3276,797,11,0,1,0,
gamma_limit_5,SEU/SEU674^1.p,TH0,Theorem,timeout,na,3140,0,0,0,1,0,0,0,0,
gamma_limit_5,SEU/SEU674^2.p,TH0,Theorem,timeout,na,2096,1841,20,1841,405,8,0,1,0,
gamma_limit_5,SEU/SEU675^1.p,TH0,Theorem,timeout,na,3131,0,0,0,1,0,0,0,0,
gamma_limit_5,SEU/SEU675^2.p,TH0,Theorem,timeout,na,2053,845,25,845,127,2,0,1,0,
gamma_limit_5,SEU/SEU676^1.p,TH0,Theorem,timeout,na,3161,0,0,0,1,0,0,0,0,
gamma_limit_5,SEU/SEU676^2.p,TH0,Theorem,timeout,na,2072,1158,24,1158,204,2,0,1,0,
gamma_limit_5,SEU/SEU677^1.p,TH0,Theorem,timeout,na,3184,0,0,0,1,0,0,0,0,
gamma_limit_5,SEU/SEU677^2.p,TH0,Theorem,timeout,na,2069,1454,37,1454,280,1,0,1,0,
gamma_limit_5,SEU/SEU678^1.p,TH0,Theorem,timeout,na,3208,0,0,0,1,0,0,0,0,
gamma_limit_5,SEU/SEU678^2.p,TH0,Theorem,timeout,na,2047,516,30,516,28,5,0,0,0,
gamma_limit_5,SEU/SEU679^1.p,TH0,Theorem,timeout,na,3239,0,0,0,1,0,0,0,0,
gamma_limit_5,SEU/SEU679^2.p,TH0,Theorem,timeout,na,2042,524,2,524,112,0,0,0,0,
gamma_limit_5,SEU/SEU680^1.p,TH0,Theorem,timeout,na,3238,0,0,0,1,0,0,0,0,
gamma_limit_5,SEU/SEU680^2.p,TH0,Theorem,timeout,na,2093,805,8,805,147,0,0,1,0,
gamma_limit_5,SEU/SEU681^1.p,TH0,Theorem,timeout,na,3253,0,0,0,1,0,0,0,0,
gamma_limit_5,SEU/SEU681^2.p,TH0,Theorem,timeout,na,2153,3784,85,3784,253,66,0,0,0,
gamma_limit_5,SEU/SEU682^1.p,TH0,Theorem,timeout,na,3261,0,0,0,1,0,0,0,0,
gamma_limit_5,SEU/SEU682^2.p,TH0,Theorem,timeout,na,2054,976,24,976,164,0,0,0,0,
gamma_limit_5,SEU/SEU683^1.p,TH0,Theorem,timeout,na,3245,0,0,0,1,0,0,0,0,
gamma_limit_5,SEU/SEU683^2.p,TH0,Theorem,timeout,na,2107,2277,111,2277,386,0,0,1,0,
gamma_limit_5,SEU/SEU684^1.p,TH0,Theorem,timeout,na,3335,0,0,0,1,0,0,0,0,
gamma_limit_5,SEU/SEU684^2.p,TH0,Theorem,timeout,na,2048,766,20,766,102,25,0,1,0,
gamma_limit_5,SEU/SEU685^1.p,TH0,Theorem,timeout,na,3344,0,0,0,1,0,0,0,0,
gamma_limit_5,SEU/SEU685^2.p,TH0,Theorem,timeout,na,2067,1469,34,1469,241,2,0,1,0,
gamma_limit_5,SEU/SEU686^1.p,TH0,Theorem,timeout,na,3379,0,0,0,1,0,0,0,0,
gamma_limit_5,SEU/SEU686^2.p,TH0,Theorem,timeout,na,2055,824,31,824,85,12,0,0,0,
gamma_limit_5,SEU/SEU687^1.p,TH0,Theorem,timeout,na,3388,0,0,0,1,0,0,0,0,
gamma_limit_5,SEU/SEU687^2.p,TH0,Theorem,timeout,na,2082,2084,71,2084,185,56,0,0,0,
gamma_limit_5,SEU/SEU688^1.p,TH0,Theorem,timeout,na,3398,0,0,0,1,0,0,0,0,
gamma_limit_5,SEU/SEU688^2.p,TH0,Theorem,timeout,na,2072,1389,30,1389,191,2,0,0,0,
gamma_limit_5,SEU/SEU689^1.p,TH0,Theorem,timeout,na,3418,0,0,0,1,0,0,0,0,
gamma_limit_5,SEU/SEU689^2.p,TH0,Theorem,timeout,na,2101,1903,32,1903,294,0,0,2,0,
gamma_limit_5,SEU/SEU690^1.p,TH0,Theorem,timeout,na,3413,0,0,0,1,0,0,0,0,
gamma_limit_5,SEU/SEU690^2.p,TH0,Theorem,timeout,na,2129,2684,38,2684,255,6,0,0,0,
gamma_limit_5,SEU/SEU691^1.p,TH0,Theorem,timeout,na,3445,0,0,0,1,0,0,0,0,
gamma_limit_5,SEU/SEU691^2.p,TH0,Theorem,timeout,na,2086,1779,45,1779,200,0,0,0,0,
gamma_limit_5,SEU/SEU692^1.p,TH0,Theorem,timeout,na,3463,0,0,0,1,0,0,0,0,
gamma_limit_5,SEU/SEU692^2.p,TH0,Theorem,timeout,na,2133,3040,20,3040,262,4,0,0,0,
gamma_limit_5,SEU/SEU693^1.p,TH0,Theorem,timeout,na,3448,0,0,0,1,0,0,0,0,
gamma_limit_5,SEU/SEU693^2.p,TH0,Theorem,thm,yes,25,8,0,8,1,1,0,0,0,
gamma_limit_5,SEU/SEU694^1.p,TH0,Theorem,timeout,na,3480,0,0,0,1,0,0,0,0,
gamma_limit_5,SEU/SEU694^2.p,TH0,Theorem,thm,yes,22,8,0,8,1,1,0,0,0,
gamma_limit_5,SEU/SEU695^1.p,TH0,Theorem,timeout,na,3511,0,0,0,1,0,0,0,0,
gamma_limit_5,SEU/SEU695^2.p,TH0,Theorem,timeout,na,2076,577,19,577,82,10,0,0,0,
gamma_limit_5,SEU/SEU696^1.p,TH0,Theorem,timeout,na,3541,0,0,0,1,0,0,0,0,
gamma_limit_5,SEU/SEU696^2.p,TH0,Theorem,timeout,na,2098,880,6,880,198,0,0,0,0,
gamma_limit_5,SEU/SEU697^1.p,TH0,Theorem,timeout,na,3521,0,0,0,1,0,0,0,0,
gamma_limit_5,SEU/SEU697^2.p,TH0,Theorem,thm,yes,21,5,0,5,1,1,0,0,0,
gamma_limit_5,SEU/SEU698^1.p,TH0,Theorem,timeout,na,3583,0,0,0,1,0,0,0,0,
gamma_limit_5,SEU/SEU699^1.p,TH0,Theorem,timeout,na,3628,0,0,0,1,0,0,0,0,
gamma_limit_5,SEU/SEU699^2.p,TH0,Theorem,timeout,na,2085,886,25,886,169,0,0,0,0,
gamma_limit_5,SEU/SEU700^1.p,TH0,Theorem,timeout,na,3537,0,0,0,1,0,0,0,0,
gamma_limit_5,SEU/SEU700^2.p,TH0,Theorem,timeout,na,2047,1885,133,1868,147,1,0,3,0,
gamma_limit_5,SEU/SEU701^1.p,TH0,Theorem,timeout,na,3603,0,0,0,1,0,0,0,0,
gamma_limit_5,SEU/SEU701^2.p,TH0,Theorem,timeout,na,2148,2466,21,2466,546,36,0,1,0,
gamma_limit_5,SEU/SEU702^1.p,TH0,Theorem,timeout,na,3595,0,0,0,1,0,0,0,0,
gamma_limit_5,SEU/SEU702^2.p,TH0,Theorem,timeout,na,2062,1447,76,1430,218,2,0,3,0,
gamma_limit_5,SEU/SEU703^1.p,TH0,Theorem,timeout,na,3639,0,0,0,1,0,0,0,0,
gamma_limit_5,SEU/SEU703^2.p,TH0,Theorem,timeout,na,2118,2828,76,2828,373,84,0,1,0,
gamma_limit_5,SEU/SEU704^1.p,TH0,Theorem,timeout,na,3646,0,0,0,1,0,0,0,0,
gamma_limit_5,SEU/SEU704^2.p,TH0,Theorem,timeout,na,2409,4175,46,4174,218,150,0,0,0,
gamma_limit_5,SEU/SEU705^1.p,TH0,Theorem,timeout,na,3635,0,0,0,1,0,0,0,0,
gamma_limit_5,SEU/SEU705^2.p,TH0,Theorem,timeout,na,2143,2900,29,2899,506,60,0,1,0,
gamma_limit_5,SEU/SEU706^1.p,TH0,Theorem,timeout,na,3654,0,0,0,1,0,0,0,0,
gamma_limit_5,SEU/SEU706^2.p,TH0,Theorem,timeout,na,2111,2795,74,2795,262,40,0,0,0,
gamma_limit_5,SEU/SEU707^1.p,TH0,Theorem,timeout,na,3677,0,0,0,1,0,0,0,0,
gamma_limit_5,SEU/SEU707^2.p,TH0,Theorem,timeout,na,2343,4734,24,4734,197,100,0,0,0,
gamma_limit_5,SEU/SEU708^1.p,TH0,Theorem,timeout,na,3682,0,0,0,1,0,0,0,0,
gamma_limit_5,SEU/SEU708^2.p,TH0,Theorem,timeout,na,2098,2869,136,2869,193,65,0,0,0,
gamma_limit_5,SEU/SEU709^1.p,TH0,Theorem,timeout,na,3770,0,0,0,1,0,0,0,0,
gamma_limit_5,SEU/SEU709^2.p,TH0,Theorem,timeout,na,2257,3868,86,3867,890,52,0,1,0,
gamma_limit_5,SEU/SEU710^1.p,TH0,Theorem,timeout,na,3750,0,0,0,1,0,0,0,0,
gamma_limit_5,SEU/SEU711^1.p,TH0,Theorem,timeout,na,3782,0,0,0,1,0,0,0,0,
gamma_limit_5,SEU/SEU711^2.p,TH0,Theorem,timeout,na,2120,3725,160,3725,481,0,0,3,0,
gamma_limit_5,SEU/SEU712^1.p,TH0,Theorem,timeout,na,3741,0,0,0,1,0,0,0,0,
gamma_limit_5,SEU/SEU712^2.p,TH0,Theorem,timeout,na,2225,4532,119,4532,1018,0,0,3,0,
gamma_limit_5,SEU/SEU713^1.p,TH0,Theorem,timeout,na,3826,0,0,0,1,0,0,0,0,
gamma_limit_5,SEU/SEU713^2.p,TH0,Theorem,timeout,na,2151,4322,155,4322,704,0,0,3,0,
gamma_limit_5,SEU/SEU714^1.p,TH0,Theorem,timeout,na,3837,0,0,0,1,0,0,0,0,
gamma_limit_5,SEU/SEU714^2.p,TH0,Theorem,thm,yes,1056,2358,64,2358,324,0,0,3,1,
gamma_limit_5,SEU/SEU715^1.p,TH0,Theorem,timeout,na,3844,0,0,0,1,0,0,0,0,
gamma_limit_5,SEU/SEU715^2.p,TH0,Theorem,timeout,na,2185,4231,74,4231,254,40,0,0,0,
gamma_limit_5,SEU/SEU716^1.p,TH0,Theorem,timeout,na,3853,0,0,0,1,0,0,0,0,
gamma_limit_5,SEU/SEU716^2.p,TH0,Theorem,timeout,na,2134,4206,109,4206,746,24,0,2,0,
gamma_limit_5,SEU/SEU717^1.p,TH0,Theorem,timeout,na,3847,0,0,0,1,0,0,0,0,
gamma_limit_5,SEU/SEU717^2.p,TH0,Theorem,timeout,na,2093,3080,50,3080,257,2,0,0,0,
gamma_limit_5,SEU/SEU718^1.p,TH0,Theorem,timeout,na,3866,0,0,0,1,0,0,0,0,
gamma_limit_5,SEU/SEU718^2.p,TH0,Theorem,timeout,na,2167,4650,118,4650,920,103,0,1,0,
gamma_limit_5,SEU/SEU719^1.p,TH0,Theorem,timeout,na,3937,0,0,0,1,0,0,0,0,
gamma_limit_5,SEU/SEU719^2.p,TH0,Theorem,thm,yes,40,18,1,18,2,0,0,1,1,
gamma_limit_5,SEU/SEU720^1.p,TH0,Theorem,timeout,na,3951,0,0,0,1,0,0,0,0,
gamma_limit_5,SEU/SEU720^2.p,TH0,Theorem,thm,yes,49,32,1,32,4,0,0,2,1,
gamma_limit_5,SEU/SEU721^1.p,TH0,Theorem,timeout,na,3982,0,0,0,1,0,0,0,0,
gamma_limit_5,SEU/SEU721^2.p,TH0,Theorem,thm,yes,57,21,1,21,2,0,0,1,1,
gamma_limit_5,SEU/SEU722^1.p,TH0,Theorem,timeout,na,3996,0,0,0,1,0,0,0,0,
gamma_limit_5,SEU/SEU722^2.p,TH0,Theorem,thm,yes,54,22,1,22,2,0,0,1,1,
gamma_limit_5,SEU/SEU723^1.p,TH0,Theorem,timeout,na,4084,0,0,0,1,0,0,0,0,
gamma_limit_5,SEU/SEU723^2.p,TH0,Theorem,thm,yes,717,1550,25,1550,381,46,0,1,1,
gamma_limit_5,SEU/SEU724^1.p,TH0,Theorem,timeout,na,4024,0,0,0,1,0,0,0,0,
gamma_limit_5,SEU/SEU724^2.p,TH0,Theorem,thm,yes,66,28,2,28,3,0,0,1,1,
gamma_limit_5,SEU/SEU725^1.p,TH0,Theorem,timeout,na,4121,0,0,0,1,0,0,0,0,
gamma_limit_5,SEU/SEU725^2.p,TH0,Theorem,timeout,na,2199,3684,55,3684,917,0,0,1,0,
gamma_limit_5,SEU/SEU726^1.p,TH0,Theorem,timeout,na,4124,0,0,0,1,0,0,0,0,
gamma_limit_5,SEU/SEU726^2.p,TH0,Theorem,timeout,na,2097,2889,95,2889,381,0,0,4,0,
gamma_limit_5,SEU/SEU727^1.p,TH0,Theorem,timeout,na,4098,0,0,0,1,0,0,0,0,
gamma_limit_5,SEU/SEU727^2.p,TH0,Theorem,timeout,na,2310,5147,42,5147,1950,16,0,3,0,
gamma_limit_5,SEU/SEU728^1.p,TH0,Theorem,timeout,na,4127,0,0,0,1,0,0,0,0,
gamma_limit_5,SEU/SEU728^2.p,TH0,Theorem,timeout,na,2286,4880,67,4880,1632,0,0,2,0,
gamma_limit_5,SEU/SEU729^1.p,TH0,Theorem,timeout,na,4187,0,0,0,1,0,0,0,0,
gamma_limit_5,SEU/SEU729^2.p,TH0,Theorem,timeout,na,2102,2934,61,2934,201,0,0,0,0,
gamma_limit_5,SEU/SEU730^1.p,TH0,Theorem,timeout,na,4182,0,0,0,1,0,0,0,0,
gamma_limit_5,SEU/SEU730^2.p,TH0,Theorem,timeout,na,2124,3042,37,3042,208,0,0,0,0,
gamma_limit_5,SEU/SEU731^1.p,TH0,Theorem,timeout,na,4163,0,0,0,1,0,0,0,0,
gamma_limit_5,SEU/SEU731^2.p,TH0,Theorem,timeout,na,2091,2543,56,2543,207,0,0,0,0,
gamma_limit_5,SEU/SEU732^1.p,TH0,Theorem,timeout,na,4232,0,0,0,1,0,0,0,0,
gamma_limit_5,SEU/SEU732^2.p,TH0,Theorem,timeout,na,2102,3046,112,3046,448,23,0,3,0,
gamma_limit_5,SEU/SEU733^1.p,TH0,Theorem,timeout,na,4272,0,0,0,1,0,0,0,0,
gamma_limit_5,SEU/SEU733^2.p,TH0,Theorem,timeout,na,2148,2883,87,2883,593,0,0,3,0,
gamma_limit_5,SEU/SEU734^1.p,TH0,Theorem,timeout,na,4337,0,0,0,1,0,0,0,0,
gamma_limit_5,SEU/SEU734^2.p,TH0,Theorem,timeout,na,2149,3495,78,3495,194,0,0,0,0,
gamma_limit_5,SEU/SEU735^1.p,TH0,Theorem,timeout,na,4321,0,0,0,1,0,0,0,0,
gamma_limit_5,SEU/SEU735^2.p,TH0,Theorem,timeout,na,2185,4630,23,4630,1352,6,0,3,0,
gamma_limit_5,SEU/SEU736^1.p,TH0,Theorem,timeout,na,4353,0,0,0,1,0,0,0,0,
gamma_limit_5,SEU/SEU736^2.p,TH0,Theorem,timeout,na,2069,2610,139,2610,245,0,0,3,0,
gamma_limit_5,SEU/SEU737^1.p,TH0,Theorem,timeout,na,4350,0,0,0,1,0,0,0,0,
gamma_limit_5,SEU/SEU737^2.p,TH0,Theorem,timeout,na,2080,2711,107,2711,180,0,0,0,0,
gamma_limit_5,SEU/SEU738^1.p,TH0,Theorem,timeout,na,4386,0,0,0,1,0,0,0,0,
gamma_limit_5,SEU/SEU738^2.p,TH0,Theorem,thm,yes,53,23,1,23,2,0,0,1,1,
gamma_limit_5,SEU/SEU739^1.p,TH0,Theorem,timeout,na,4411,0,0,0,1,0,0,0,0,
gamma_limit_5,SEU/SEU739^2.p,TH0,Theorem,thm,yes,57,23,1,23,2,0,0,1,1,
gamma_limit_5,SEU/SEU740^1.p,TH0,Theorem,timeout,na,4491,0,0,0,1,0,0,0,0,
gamma_limit_5,SEU/SEU740^2.p,TH0,Theorem,timeout,na,2558,6194,21,6194,2301,0,0,3,0,
gamma_limit_5,SEU/SEU741^1.p,TH0,Theorem,timeout,na,4454,0,0,0,1,0,0,0,0,
gamma_limit_5,SEU/SEU741^2.p,TH0,Theorem,timeout,na,2283,5492,106,5492,1438,31,0,3,0,
gamma_limit_5,SEU/SEU742^1.p,TH0,Theorem,timeout,na,4503,0,0,0,1,0,0,0,0,
gamma_limit_5,SEU/SEU742^2.p,TH0,Theorem,timeout,na,2114,1900,63,1900,308,0,0,2,0,
gamma_limit_5,SEU/SEU743^1.p,TH0,Theorem,timeout,na,4492,0,0,0,1,0,0,0,0,
gamma_limit_5,SEU/SEU743^2.p,TH0,Theorem,timeout,na,2135,2930,79,2930,497,0,0,3,0,
gamma_limit_5,SEU/SEU744^1.p,TH0,Theorem,timeout,na,4541,0,0,0,1,0,0,0,0,
gamma_limit_5,SEU/SEU744^2.p,TH0,Theorem,timeout,na,2139,3433,109,3433,582,0,0,3,0,
gamma_limit_5,SEU/SEU745^1.p,TH0,Theorem,timeout,na,4615,0,0,0,1,0,0,0,0,
gamma_limit_5,SEU/SEU745^2.p,TH0,Theorem,timeout,na,2102,2610,103,2610,370,16,0,3,0,
gamma_limit_5,SEU/SEU746^1.p,TH0,Theorem,timeout,na,4565,0,0,0,1,0,0,0,0,
gamma_limit_5,SEU/SEU746^2.p,TH0,Theorem,thm,yes,298,461,14,461,117,0,0,2,1,
gamma_limit_5,SEU/SEU747^1.p,TH0,Theorem,timeout,na,4575,0,0,0,1,0,0,0,0,
gamma_limit_5,SEU/SEU747^2.p,TH0,Theorem,thm,yes,80,43,2,43,4,0,0,2,1,
gamma_limit_5,SEU/SEU748^1.p,TH0,Theorem,timeout,na,4679,0,0,0,1,0,0,0,0,
gamma_limit_5,SEU/SEU749^1.p,TH0,Theorem,timeout,na,4673,0,0,0,1,0,0,0,0,
gamma_limit_5,SEU/SEU749^2.p,TH0,Theorem,timeout,na,2223,3616,37,3616,1053,0,0,3,0,
gamma_limit_5,SEU/SEU750^1.p,TH0,Theorem,timeout,na,4719,0,0,0,1,0,0,0,0,
gamma_limit_5,SEU/SEU750^2.p,TH0,Theorem,timeout,na,2134,3182,142,3182,525,0,0,3,0,
gamma_limit_5,SEU/SEU751^1.p,TH0,Theorem,timeout,na,4800,0,0,0,1,0,0,0,0,
gamma_limit_5,SEU/SEU751^2.p,TH0,Theorem,timeout,na,2223,3935,110,3935,745,0,0,1,0,
gamma_limit_5,SEU/SEU752^1.p,TH0,Theorem,timeout,na,4802,0,0,0,1,0,0,0,0,
gamma_limit_5,SEU/SEU752^2.p,TH0,Theorem,timeout,na,2095,3205,212,3205,246,0,0,2,0,
gamma_limit_5,SEU/SEU753^1.p,TH0,Theorem,timeout,na,4839,0,0,0,1,0,0,0,0,
gamma_limit_5,SEU/SEU753^2.p,TH0,Theorem,timeout,na,2134,2875,96,2875,166,0,0,0,0,
gamma_limit_5,SEU/SEU754^1.p,TH0,Theorem,timeout,na,4848,0,0,0,1,0,0,0,0,
gamma_limit_5,SEU/SEU754^2.p,TH0,Theorem,timeout,na,2088,3123,207,3123,230,0,0,2,0,
gamma_limit_5,SEU/SEU755^1.p,TH0,Theorem,timeout,na,4873,0,0,0,1,0,0,0,0,
gamma_limit_5,SEU/SEU755^2.p,TH0,Theorem,timeout,na,2075,2981,201,2981,199,0,0,3,0,
gamma_limit_5,SEU/SEU756^1.p,TH0,Theorem,timeout,na,4903,0,0,0,1,0,0,0,0,
gamma_limit_5,SEU/SEU756^2.p,TH0,Theorem,timeout,na,2079,2897,193,2897,185,0,0,3,0,
gamma_limit_5,SEU/SEU757^1.p,TH0,Theorem,timeout,na,4925,0,0,0,1,0,0,0,0,
gamma_limit_5,SEU/SEU757^2.p,TH0,Theorem,timeout,na,2132,2801,91,2801,160,0,0,0,0,
gamma_limit_5,SEU/SEU758^1.p,TH0,Theorem,timeout,na,4929,0,0,0,1,0,0,0,0,
gamma_limit_5,SEU/SEU758^2.p,TH0,Theorem,timeout,na,2230,5047,110,5047,1214,112,0,2,0,
gamma_limit_5,SEU/SEU759^1.p,TH0,Theorem,timeout,na,4916,0,0,0,1,0,0,0,0,
gamma_limit_5,SEU/SEU759^2.p,TH0,Theorem,timeout,na,2241,5493,56,5493,1278,16,0,3,0,
gamma_limit_5,SEU/SEU760^1.p,TH0,Theorem,timeout,na,4940,0,0,0,1,0,0,0,0,
gamma_limit_5,SEU/SEU760^2.p,TH0,Theorem,timeout,na,2266,5489,68,5489,1415,32,0,3,0,
gamma_limit_5,SEU/SEU761^1.p,TH0,Theorem,timeout,na,5023,0,0,0,1,0,0,0,0,
gamma_limit_5,SEU/SEU761^2.p,TH0,Theorem,timeout,na,2298,5468,29,5468,1664,32,0,3,0,
gamma_limit_5,SEU/SEU762^1.p,TH0,Theorem,timeout,na,5056,0,0,0,1,0,0,0,0,
gamma_limit_5,SEU/SEU762^2.p,TH0,Theorem,timeout,na,2140,2647,88,2647,184,0,0,0,0,
gamma_limit_5,SEU/SEU763^1.p,TH0,Theorem,timeout,na,5101,0,0,0,1,0,0,0,0,
gamma_limit_5,SEU/SEU764^1.p,TH0,Theorem,timeout,na,5215,0,0,0,1,0,0,0,0,
gamma_limit_5,SEU/SEU764^2.p,TH0,Theorem,timeout,na,2198,3771,19,3771,186,0,0,0,0,
gamma_limit_5,SEU/SEU765^1.p,TH0,Theorem,timeout,na,5204,0,0,0,1,0,0,0,0,
gamma_limit_5,SEU/SEU766^1.p,TH0,Theorem,timeout,na,5178,0,0,0,1,0,0,0,0,
gamma_limit_5,SEU/SEU767^1.p,TH0,Theorem,timeout,na,5206,0,0,0,1,0,0,0,0,
gamma_limit_5,SEU/SEU768^1.p,TH0,Theorem,timeout,na,5228,0,0,0,1,0,0,0,0,
gamma_limit_5,SEU/SEU768^2.p,TH0,Theorem,timeout,na,2055,970,26,970,165,0,0,0,0,
gamma_limit_5,SEU/SEU769^1.p,TH0,Theorem,timeout,na,5209,0,0,0,1,0,0,0,0,
gamma_limit_5,SEU/SEU769^2.p,TH0,Theorem,thm,yes,46,17,1,17,2,0,0,1,1,
gamma_limit_5,SEU/SEU770^1.p,TH0,Theorem,timeout,na,5405,0,0,0,1,0,0,0,0,
gamma_limit_5,SEU/SEU770^2.p,TH0,Theorem,timeout,na,2142,2003,58,2003,180,0,0,0,0,
gamma_limit_5,SEU/SEU771^1.p,TH0,Theorem,timeout,na,5284,0,0,0,1,0,0,0,0,
gamma_limit_5,SEU/SEU771^2.p,TH0,Theorem,thm,yes,27,11,1,11,1,0,0,1,1,
gamma_limit_5,SEU/SEU772^1.p,TH0,Theorem,timeout,na,5323,0,0,0,1,0,0,0,0,
gamma_limit_5,SEU/SEU773^1.p,TH0,Theorem,timeout,na,5470,0,0,0,1,0,0,0,0,
gamma_limit_5,SEU/SEU773^2.p,TH0,Theorem,timeout,na,2067,1768,45,1768,221,0,0,0,0,
gamma_limit_5,SEU/SEU774^1.p,TH0,Theorem,timeout,na,5382,0,0,0,1,0,0,0,0,
gamma_limit_5,SEU/SEU774^2.p,TH0,Theorem,timeout,na,2049,1375,51,1375,170,0,0,0,0,
gamma_limit_5,SEU/SEU775^1.p,TH0,Theorem,timeout,na,5356,0,0,0,1,0,0,0,0,
gamma_limit_5,SEU/SEU775^2.p,TH0,Theorem,thm,yes,34,14,1,14,1,0,0,1,1,
gamma_limit_5,SEU/SEU776^1.p,TH0,Theorem,timeout,na,5588,0,0,0,1,0,0,0,0,
gamma_limit_5,SEU/SEU776^2.p,TH0,Theorem,timeout,na,2133,1758,46,1758,481,0,0,4,0,
gamma_limit_5,SEU/SEU777^1.p,TH0,Theorem,timeout,na,5536,0,0,0,1,0,0,0,0,
gamma_limit_5,SEU/SEU777^2.p,TH0,Theorem,thm,yes,120,31,2,31,3,0,0,1,1,
gamma_limit_5,SEU/SEU778^1.p,TH0,Theorem,timeout,na,5509,0,0,0,1,0,0,0,0,
gamma_limit_5,SEU/SEU778^2.p,TH0,Theorem,timeout,na,2016,349,25,333,3,16,0,0,0,
gamma_limit_5,SEU/SEU779^1.p,TH0,Theorem,timeout,na,5611,0,0,0,1,0,0,0,0,
gamma_limit_5,SEU/SEU779^2.p,TH0,Theorem,timeout,na,2126,1503,67,1503,248,0,0,3,0,
gamma_limit_5,SEU/SEU780^1.p,TH0,Theorem,timeout,na,5704,0,0,0,1,0,0,0,0,
gamma_limit_5,SEU/SEU780^2.p,TH0,Theorem,timeout,na,2050,1250,62,1250,94,37,0,1,0,
gamma_limit_5,SEU/SEU781^1.p,TH0,Theorem,timeout,na,5730,0,0,0,1,0,0,0,0,
gamma_limit_5,SEU/SEU781^2.p,TH0,Theorem,timeout,na,2057,1401,60,1401,176,1,0,0,0,
gamma_limit_5,SEU/SEU782^1.p,TH0,Theorem,timeout,na,5567,0,0,0,1,0,0,0,0,
gamma_limit_5,SEU/SEU782^2.p,TH0,Theorem,timeout,na,2257,4761,56,4761,1322,2,0,3,0,
gamma_limit_5,SEU/SEU783^1.p,TH0,Theorem,timeout,na,5697,0,0,0,1,0,0,0,0,
gamma_limit_5,SEU/SEU783^2.p,TH0,Theorem,thm,yes,75,25,2,25,2,0,0,1,1,
gamma_limit_5,SEU/SEU784^1.p,TH0,Theorem,timeout,na,5763,0,0,0,1,0,0,0,0,
gamma_limit_5,SEU/SEU784^2.p,TH0,Theorem,thm,yes,78,24,2,24,2,0,0,1,1,
gamma_limit_5,SEU/SEU785^1.p,TH0,Theorem,timeout,na,5786,0,0,0,1,0,0,0,0,
gamma_limit_5,SEU/SEU785^2.p,TH0,Theorem,timeout,na,2070,1912,82,1912,183,4,0,0,0,
gamma_limit_5,SEU/SEU786^1.p,TH0,Theorem,timeout,na,5871,0,0,0,1,0,0,0,0,
gamma_limit_5,SEU/SEU786^2.p,TH0,Theorem,timeout,na,2509,5536,14,5536,2535,0,0,3,0,
gamma_limit_5,SEU/SEU787^1.p,TH0,Theorem,timeout,na,5913,0,0,0,1,0,0,0,0,
gamma_limit_5,SEU/SEU787^2.p,TH0,Theorem,timeout,na,2057,1672,84,1672,162,12,0,1,0,
gamma_limit_5,SEU/SEU788^1.p,TH0,Theorem,timeout,na,5877,0,0,0,1,0,0,0,0,
gamma_limit_5,SEU/SEU788^2.p,TH0,Theorem,timeout,na,2084,2002,83,2002,194,0,0,0,0,
gamma_limit_5,SEU/SEU789^1.p,TH0,Theorem,timeout,na,5836,0,0,0,1,0,0,0,0,
gamma_limit_5,SEU/SEU789^2.p,TH0,Theorem,timeout,na,2098,2414,67,2414,239,0,0,0,0,
gamma_limit_5,SEU/SEU790^1.p,TH0,Theorem,timeout,na,5889,0,0,0,1,0,0,0,0,
gamma_limit_5,SEU/SEU790^2.p,TH0,Theorem,timeout,na,2089,1738,90,1738,218,0,0,0,0,
gamma_limit_5,SEU/SEU791^1.p,TH0,Theorem,timeout,na,6022,0,0,0,1,0,0,0,0,
gamma_limit_5,SEU/SEU791^2.p,TH0,Theorem,timeout,na,2106,1805,87,1805,182,0,0,0,0,
gamma_limit_5,SEU/SEU792^1.p,TH0,Theorem,timeout,na,6035,0,0,0,1,0,0,0,0,
gamma_limit_5,SEU/SEU792^2.p,TH0,Theorem,timeout,na,2224,4438,111,4438,188,0,0,0,0,
gamma_limit_5,SEU/SEU793^1.p,TH0,Theorem,timeout,na,5932,0,0,0,1,0,0,0,0,
gamma_limit_5,SEU/SEU793^2.p,TH0,Theorem,timeout,na,2026,640,25,640,67,9,0,0,0,
gamma_limit_5,SEU/SEU794^1.p,TH0,Theorem,timeout,na,5952,0,0,0,1,0,0,0,0,
gamma_limit_5,SEU/SEU794^2.p,TH0,Theorem,timeout,na,2106,3326,30,3326,281,53,0,0,0,
gamma_limit_5,SEU/SEU795^1.p,TH0,Theorem,timeout,na,5970,0,0,0,1,0,0,0,0,
gamma_limit_5,SEU/SEU795^2.p,TH0,Theorem,timeout,na,2074,1673,13,1673,236,9,0,0,0,
gamma_limit_5,SEU/SEU796^1.p,TH0,Theorem,timeout,na,6006,0,0,0,1,0,0,0,0,
gamma_limit_5,SEU/SEU796^2.p,TH0,Theorem,timeout,na,2117,3441,37,3441,201,30,0,0,0,
gamma_limit_5,SEU/SEU797^1.p,TH0,Theorem,timeout,na,6051,0,0,0,1,0,0,0,0,
gamma_limit_5,SEU/SEU797^2.p,TH0,Theorem,timeout,na,2081,2488,49,2488,350,14,0,3,0,
gamma_limit_5,SEU/SEU798^1.p,TH0,Theorem,timeout,na,6233,0,0,0,1,0,0,0,0,
gamma_limit_5,SEU/SEU798^2.p,TH0,Theorem,thm,yes,79,40,1,40,5,0,0,4,1,
gamma_limit_5,SEU/SEU799^1.p,TH0,Theorem,timeout,na,6277,0,0,0,1,0,0,0,0,
gamma_limit_5,SEU/SEU799^2.p,TH0,Theorem,thm,yes,32,19,1,19,2,0,0,1,1,
gamma_limit_5,SEU/SEU800^1.p,TH0,Theorem,timeout,na,6239,0,0,0,1,0,0,0,0,
gamma_limit_5,SEU/SEU800^2.p,TH0,Theorem,thm,yes,45,15,1,15,2,0,0,1,1,
gamma_limit_5,SEU/SEU801^1.p,TH0,Theorem,timeout,na,6218,0,0,0,1,0,0,0,0,
gamma_limit_5,SEU/SEU801^2.p,TH0,Theorem,timeout,na,2052,1215,11,1215,234,10,0,2,0,
gamma_limit_5,SEU/SEU802^1.p,TH0,Theorem,timeout,na,6297,0,0,0,1,0,0,0,0,
gamma_limit_5,SEU/SEU802^2.p,TH0,Theorem,timeout,na,2042,1666,113,1666,106,6,0,1,0,
gamma_limit_5,SEU/SEU803^1.p,TH0,Theorem,timeout,na,6403,0,0,0,1,0,0,0,0,
gamma_limit_5,SEU/SEU803^2.p,TH0,Theorem,thm,yes,95,126,1,126,18,13,0,1,1,
gamma_limit_5,SEU/SEU804^1.p,TH0,Theorem,timeout,na,6411,0,0,0,1,0,0,0,0,
gamma_limit_5,SEU/SEU804^2.p,TH0,Theorem,timeout,na,2093,2495,85,2495,379,0,0,1,0,
gamma_limit_5,SEU/SEU805^1.p,TH0,Theorem,timeout,na,6404,0,0,0,1,0,0,0,0,
gamma_limit_5,SEU/SEU805^2.p,TH0,Theorem,timeout,na,2180,6321,148,6321,222,61,0,0,0,
gamma_limit_5,SEU/SEU806^1.p,TH0,Theorem,timeout,na,6229,0,0,0,1,0,0,0,0,
gamma_limit_5,SEU/SEU806^2.p,TH0,Theorem,timeout,na,2065,4102,254,4102,215,19,0,1,0,
gamma_limit_5,SEU/SEU807^1.p,TH0,Theorem,timeout,na,6383,0,0,0,1,0,0,0,0,
gamma_limit_5,SEU/SEU807^2.p,TH0,Theorem,timeout,na,2125,4067,152,4067,411,58,0,1,0,
gamma_limit_5,SEU/SEU808^1.p,TH0,Theorem,timeout,na,6533,0,0,0,1,0,0,0,0,
gamma_limit_5,SEU/SEU808^2.p,TH0,Theorem,thm,yes,14,11,0,11,2,0,0,1,1,
gamma_limit_5,SEU/SEU809^1.p,TH0,Theorem,timeout,na,6505,0,0,0,1,0,0,0,0,
gamma_limit_5,SEU/SEU809^2.p,TH0,Theorem,thm,yes,13,12,0,12,2,0,0,1,1,
gamma_limit_5,SEU/SEU810^1.p,TH0,Theorem,timeout,na,6651,0,0,0,1,0,0,0,0,
gamma_limit_5,SEU/SEU810^2.p,TH0,Theorem,thm,yes,33,22,1,22,2,1,0,1,1,
gamma_limit_5,SEU/SEU811^1.p,TH0,Theorem,timeout,na,6560,0,0,0,1,0,0,0,0,
gamma_limit_5,SEU/SEU811^2.p,TH0,Theorem,timeout,na,2175,3878,91,3878,838,9,0,1,0,
gamma_limit_5,SEU/SEU812^1.p,TH0,Theorem,timeout,na,6639,0,0,0,1,0,0,0,0,
gamma_limit_5,SEU/SEU812^2.p,TH0,Theorem,thm,yes,16,12,0,12,2,0,0,1,1,
gamma_limit_5,SEU/SEU813^1.p,TH0,Theorem,timeout,na,6618,0,0,0,1,0,0,0,0,
gamma_limit_5,SEU/SEU813^2.p,TH0,Theorem,timeout,na,2204,4935,67,4935,1216,3,0,1,0,
gamma_limit_5,SEU/SEU814^1.p,TH0,Theorem,timeout,na,6614,0,0,0,1,0,0,0,0,
gamma_limit_5,SEU/SEU814^2.p,TH0,Theorem,thm,yes,48,45,2,45,6,2,0,1,1,
gamma_limit_5,SEU/SEU815^1.p,TH0,Theorem,timeout,na,6746,0,0,0,1,0,0,0,0,
gamma_limit_5,SEU/SEU815^2.p,TH0,Theorem,timeout,na,2143,4286,126,4286,578,0,0,1,0,
gamma_limit_5,SEU/SEU816^1.p,TH0,Theorem,timeout,na,6829,0,0,0,1,0,0,0,0,
gamma_limit_5,SEU/SEU816^2.p,TH0,Theorem,timeout,na,2256,4974,105,4974,268,0,0,0,0,
gamma_limit_5,SEU/SEU817^1.p,TH0,Theorem,timeout,na,6663,0,0,0,1,0,0,0,0,
gamma_limit_5,SEU/SEU817^2.p,TH0,Theorem,timeout,na,2107,3699,129,3699,504,64,0,1,0,
gamma_limit_5,SEU/SEU818^1.p,TH0,Theorem,timeout,na,6898,0,0,0,1,0,0,0,0,
gamma_limit_5,SEU/SEU818^2.p,TH0,Theorem,thm,yes,70,15,1,15,1,1,0,0,0,
gamma_limit_5,SEU/SEU819^1.p,TH0,Theorem,timeout,na,6912,0,0,0,1,0,0,0,0,
gamma_limit_5,SEU/SEU819^2.p,TH0,Theorem,timeout,na,2100,3017,71,3017,525,18,0,1,0,
gamma_limit_5,SEU/SEU820^1.p,TH0,Theorem,timeout,na,2739,0,0,0,1,0,0,0,0,
gamma_limit_5,SEU/SEU820^2.p,TH0,Theorem,timeout,na,2159,5644,209,5644,239,11,0,0,0,
gamma_limit_5,SEU/SEU821^1.p,TH0,Theorem,parse_timeout,na,0,,,,,,,,,cached: parse exceeded 5000ms
gamma_limit_5,SEU/SEU821^2.p,TH0,Theorem,thm,yes,48,11,1,11,1,1,0,0,0,
gamma_limit_5,SEU/SEU822^1.p,TH0,Theorem,timeout,na,7016,0,0,0,1,0,0,0,0,
gamma_limit_5,SEU/SEU822^2.p,TH0,Theorem,thm,yes,123,48,1,48,8,0,0,1,1,
gamma_limit_5,SEU/SEU823^1.p,TH0,Theorem,parse_timeout,na,0,,,,,,,,,cached: parse exceeded 5000ms
gamma_limit_5,SEU/SEU823^2.p,TH0,Theorem,timeout,na,2075,2735,93,2735,332,32,0,1,0,
gamma_limit_5,SEU/SEU824^1.p,TH0,Theorem,parse_timeout,na,0,,,,,,,,,cached: parse exceeded 5000ms
gamma_limit_5,SEU/SEU824^2.p,TH0,Theorem,timeout,na,2104,2674,38,2674,212,106,0,0,0,
gamma_limit_5,SEU/SEU824^3.p,TH0,CounterSatisfiable,timeout,na,2539,603,60,603,1,0,0,0,0,
gamma_limit_5,SEU/SEU825^3.p,TH0,CounterSatisfiable,timeout,na,2127,4628,95,4628,780,56,0,1,0,
gamma_limit_5,SEU/SEU826^1.p,TH0,Theorem,timeout,na,2279,8738,0,8738,243,304,0,0,0,
gamma_limit_5,SEU/SEU827^1.p,TH0,Theorem,timeout,na,2154,4969,1,4969,279,121,0,0,0,
gamma_limit_5,SEU/SEU828^1.p,TH0,Theorem,thm,yes,19,29,1,29,3,1,0,1,1,
gamma_limit_5,SEU/SEU829^1.p,TH0,Theorem,thm,yes,16,28,1,28,2,2,0,1,1,
gamma_limit_5,SEU/SEU831^5.p,TH0,Theorem,thm,yes,3,2,0,2,1,1,0,0,0,
gamma_limit_5,SEU/SEU832^5.p,TH0,Theorem,thm,yes,3,2,0,2,1,1,0,0,0,
gamma_limit_5,SEU/SEU833^5.p,TH0,Theorem,thm,yes,2,2,0,2,1,1,0,0,0,
gamma_limit_5,SEU/SEU834^5.p,TH0,Theorem,thm,yes,3,4,0,4,1,1,0,0,0,
gamma_limit_5,SEU/SEU836^5.p,TH0,Theorem,thm,yes,3,4,0,4,1,1,0,0,0,
gamma_limit_5,SEU/SEU839^5.p,TH0,Theorem,thm,yes,6,3,0,3,1,1,0,0,0,
gamma_limit_5,SEU/SEU841^5.p,TH0,Theorem,thm,yes,19,6,0,6,1,1,0,0,0,
gamma_limit_5,SEU/SEU842^5.p,TH0,Theorem,thm,yes,7,3,0,3,1,1,0,0,0,
gamma_limit_5,SEU/SEU843^5.p,TH0,Theorem,thm,yes,19,15,1,15,2,0,0,1,1,
gamma_limit_5,SEU/SEU844^5.p,TH0,Theorem,timeout,na,2037,3126,250,3126,80,15,0,1,0,
gamma_limit_5,SEU/SEU845^5.p,TH0,Theorem,thm,yes,66,324,0,324,42,44,0,1,1,
gamma_limit_5,SEU/SEU846^5.p,TH0,Theorem,thm,yes,48,27,1,27,4,0,0,1,1,
gamma_limit_5,SEU/SEU847^5.p,TH0,Theorem,thm,yes,4,2,0,2,1,1,0,0,0,
gamma_limit_5,SEU/SEU848^5.p,TH0,Theorem,thm,yes,80,453,11,453,29,52,0,1,1,
gamma_limit_5,SEU/SEU849^5.p,TH0,Theorem,thm,yes,86,392,13,392,25,47,0,0,0,
gamma_limit_5,SEU/SEU850^5.p,TH0,Theorem,thm,yes,99,18,0,18,2,3,0,0,0,
gamma_limit_5,SEU/SEU851^5.p,TH0,Theorem,thm,yes,10,3,0,3,1,1,0,0,0,
gamma_limit_5,SEU/SEU852^5.p,TH0,Theorem,thm,yes,201,774,1,774,99,106,0,1,1,
gamma_limit_5,SEU/SEU853^5.p,TH0,Theorem,thm,yes,133,419,1,419,62,47,0,1,1,
gamma_limit_5,SEU/SEU854^5.p,TH0,Theorem,timeout,na,2377,11440,0,11440,259,54,0,0,0,
gamma_limit_5,SEU/SEU855^5.p,TH0,Theorem,timeout,na,2370,11522,0,11522,263,84,0,0,0,
gamma_limit_5,SEU/SEU856^5.p,TH0,Theorem,thm,yes,35,48,0,48,5,4,0,1,1,
gamma_limit_5,SEU/SEU857^5.p,TH0,Theorem,thm,yes,38,4,0,4,1,1,0,0,0,
gamma_limit_5,SEU/SEU858^5.p,TH0,Theorem,thm,yes,6,2,0,2,1,1,0,0,0,
gamma_limit_5,SEU/SEU859^5.p,TH0,Theorem,timeout,na,2038,686,7,686,128,8,0,1,0,
gamma_limit_5,SEU/SEU860^5.p,TH0,Theorem,timeout,na,2030,1046,39,1046,100,0,0,2,0,
gamma_limit_5,SEU/SEU861^5.p,TH0,Theorem,timeout,na,2035,458,28,458,37,0,0,1,0,
gamma_limit_5,SEU/SEU862^5.p,TH0,Unknown,timeout,na,2040,278,1,278,58,3,0,1,0,
gamma_limit_5,SEU/SEU863^5.p,TH0,Theorem,timeout,na,2038,544,19,544,56,0,0,3,0,
gamma_limit_5,SEU/SEU864^5.p,TH0,Theorem,thm,yes,110,178,0,178,27,13,0,1,1,
gamma_limit_5,SEU/SEU865^5.p,TH0,Theorem,timeout,na,2032,1255,59,1255,115,0,0,2,0,
gamma_limit_5,SEU/SEU866^5.p,TH0,Theorem,timeout,na,2048,1840,59,1840,232,8,0,2,0,
gamma_limit_5,SEU/SEU867^5.p,TH0,Theorem,timeout,na,2046,1411,33,1411,230,0,0,1,0,
gamma_limit_5,SEU/SEU868^5.p,TH0,Theorem,timeout,na,2039,1261,66,1261,99,0,0,2,0,
gamma_limit_5,SEU/SEU869^5.p,TH0,Theorem,timeout,na,2047,896,4,896,190,10,0,1,0,
gamma_limit_5,SEU/SEU871^5.p,TH0,Unknown,timeout,na,2035,523,31,523,41,0,0,1,0,
gamma_limit_5,SEU/SEU872^5.p,TH0,Theorem,timeout,na,2046,802,28,802,86,0,0,1,0,
gamma_limit_5,SEU/SEU873^5.p,TH0,Unknown,timeout,na,2032,554,35,554,40,0,0,1,0,
gamma_limit_5,SEU/SEU874^5.p,TH0,Theorem,timeout,na,2031,813,28,813,95,17,0,1,0,
gamma_limit_5,SEU/SEU875^5.p,TH0,Theorem,timeout,na,2035,693,33,693,60,10,0,1,0,
gamma_limit_5,SEU/SEU876^5.p,TH0,Theorem,timeout,na,2033,1023,61,1023,54,10,0,1,0,
gamma_limit_5,SEU/SEU877^5.p,TH0,Theorem,timeout,na,2049,936,30,936,130,17,0,0,0,
gamma_limit_5,SEU/SEU878^5.p,TH0,Theorem,timeout,na,2049,250,6,250,30,8,0,0,0,
gamma_limit_5,SEU/SEU879^5.p,TH0,Theorem,timeout,na,2124,337,6,337,59,0,0,0,0,
gamma_limit_5,SEU/SEU880^5.p,TH0,CounterSatisfiable,timeout,na,2215,27,2,27,3,0,0,0,0,
gamma_limit_5,SEU/SEU881^5.p,TH0,Theorem,timeout,na,2361,259,4,259,47,8,0,0,0,
gamma_limit_5,SEU/SEU882^5.p,TH0,Theorem,thm,yes,52,49,3,49,3,1,0,1,1,
gamma_limit_5,SEU/SEU883^5.p,TH0,Theorem,thm,yes,3,1,0,1,1,1,0,0,0,
gamma_limit_5,SEU/SEU884^5.p,TH0,Theorem,timeout,na,2087,3669,138,3669,218,91,0,0,0,
gamma_limit_5,SEU/SEU885^5.p,TH0,Theorem,thm,yes,495,1419,39,1419,55,182,0,1,1,
gamma_limit_5,SEU/SEU886^5.p,TH0,Theorem,thm,yes,33,62,0,62,7,10,0,1,1,
gamma_limit_5,SEU/SEU887^5.p,TH0,Theorem,timeout,na,2076,3713,171,3713,146,95,0,0,0,
gamma_limit_5,SEU/SEU888^5.p,TH0,Theorem,timeout,na,2073,3458,75,3458,197,107,0,0,0,
gamma_limit_5,SEU/SEU889^5.p,TH0,Theorem,thm,yes,54,69,1,69,5,14,0,0,0,
gamma_limit_5,SEU/SEU890^5.p,TH0,Theorem,timeout,na,2092,3963,151,3963,177,153,0,0,0,
gamma_limit_5,SEU/SEU891^5.p,TH0,Theorem,timeout,na,2056,3876,215,3876,164,89,0,0,0,
gamma_limit_5,SEU/SEU892^5.p,TH0,Theorem,timeout,na,2024,1259,69,1259,85,4,0,2,0,
gamma_limit_5,SEU/SEU893^5.p,TH0,Theorem,thm,yes,63,185,0,185,19,48,0,1,1,
gamma_limit_5,SEU/SEU894^5.p,TH0,Theorem,timeout,na,2052,2167,71,2167,239,6,0,1,0,
gamma_limit_5,SEU/SEU895^5.p,TH0,Theorem,timeout,na,2071,4196,196,4196,147,217,0,0,0,
gamma_limit_5,SEU/SEU896^5.p,TH0,Theorem,timeout,na,2072,3407,107,3407,180,81,0,0,0,
gamma_limit_5,SEU/SEU897^5.p,TH0,Theorem,timeout,na,2075,3851,179,3851,213,120,0,0,0,
gamma_limit_5,SEU/SEU898^5.p,TH0,Theorem,timeout,na,2160,5811,82,5811,144,382,0,0,0,
gamma_limit_5,SEU/SEU899^5.p,TH0,Theorem,timeout,na,2087,4264,129,4264,209,290,0,0,0,
gamma_limit_5,SEU/SEU901^5.p,TH0,Theorem,timeout,na,2258,7063,24,7063,251,422,0,0,0,
gamma_limit_5,SEU/SEU902^5.p,TH0,Theorem,timeout,na,2167,3756,0,3756,495,0,0,0,0,
gamma_limit_5,SEU/SEU903^5.p,TH0,Theorem,timeout,na,2295,7093,25,7093,205,699,0,0,0,
gamma_limit_5,SEU/SEU904^5.p,TH0,Theorem,timeout,na,2352,6236,12,6236,187,873,0,0,0,
gamma_limit_5,SEU/SEU905^5.p,TH0,Theorem,timeout,na,2382,5564,12,5564,188,384,0,0,0,
gamma_limit_5,SEU/SEU906^5.p,TH0,Theorem,timeout,na,2122,3043,106,3043,657,108,0,4,0,
gamma_limit_5,SEU/SEU907^5.p,TH0,Theorem,timeout,na,2041,1806,48,1806,224,0,0,2,0,
gamma_limit_5,SEU/SEU908^5.p,TH0,Theorem,thm,yes,31,19,0,19,3,0,0,1,1,
gamma_limit_5,SEU/SEU909^5.p,TH0,Theorem,timeout,na,2033,804,31,804,86,3,0,1,0,
gamma_limit_5,SEU/SEU910^5.p,TH0,Theorem,timeout,na,2061,250,6,250,28,2,0,0,0,
gamma_limit_5,SEU/SEU911^5.p,TH0,CounterSatisfiable,timeout,na,2083,347,13,347,40,0,0,0,0,
gamma_limit_5,SEU/SEU912^5.p,TH0,Theorem,timeout,na,2073,282,13,282,28,3,0,0,0,
gamma_limit_5,SEU/SEU913^5.p,TH0,Unknown,timeout,na,2136,116,3,116,13,0,0,0,0,
gamma_limit_5,SEU/SEU914^5.p,TH0,Theorem,timeout,na,2147,199,7,199,21,2,0,0,0,
gamma_limit_5,SEU/SEU915^5.p,TH0,Theorem,timeout,na,2138,189,9,189,16,2,0,0,0,
gamma_limit_5,SEU/SEU916^5.p,TH0,Theorem,timeout,na,2155,78,2,78,12,0,0,0,0,
gamma_limit_5,SEU/SEU917^5.p,TH0,Theorem,timeout,na,2042,1679,78,1679,137,5,0,1,0,
gamma_limit_5,SEU/SEU918^5.p,TH0,Theorem,timeout,na,2139,2255,112,2255,178,11,0,2,0,
gamma_limit_5,SEU/SEU919^5.p,TH0,Theorem,thm,yes,436,415,14,415,38,5,0,2,1,
gamma_limit_5,SEU/SEU920^5.p,TH0,Theorem,timeout,na,2060,2340,54,2340,263,15,0,4,0,
gamma_limit_5,SEU/SEU921^5.p,TH0,Theorem,timeout,na,2070,2972,99,2972,171,26,0,0,0,
gamma_limit_5,SEU/SEU922^5.p,TH0,Theorem,timeout,na,2045,1457,18,1457,228,11,0,2,0,
gamma_limit_5,SEU/SEU923^5.p,TH0,Theorem,thm,yes,5,1,0,1,1,1,0,0,0,
gamma_limit_5,SEU/SEU924^5.p,TH0,Theorem,timeout,na,2054,2016,31,2016,331,24,0,3,0,
gamma_limit_5,SEU/SEU925^5.p,TH0,Theorem,timeout,na,2095,4628,186,4628,189,143,0,0,0,
gamma_limit_5,SEU/SEU926^5.p,TH0,Theorem,thm,yes,36,11,0,11,2,0,0,1,1,
gamma_limit_5,SEU/SEU927^5.p,TH0,Theorem,thm,yes,47,77,0,77,6,16,0,3,0,
gamma_limit_5,SEU/SEU928^5.p,TH0,Theorem,timeout,na,2252,5191,0,5191,503,0,0,0,0,
gamma_limit_5,SEU/SEU929^5.p,TH0,Theorem,timeout,na,2035,1839,57,1839,259,0,0,3,0,
gamma_limit_5,SEU/SEU930^5.p,TH0,Theorem,timeout,na,2061,3023,129,3023,145,28,0,0,0,
gamma_limit_5,SEU/SEU931^5.p,TH0,Theorem,timeout,na,2056,3013,140,3013,119,32,0,0,0,
gamma_limit_5,SEU/SEU932^5.p,TH0,Theorem,timeout,na,2058,2905,129,2905,147,29,0,0,0,
gamma_limit_5,SEU/SEU933^5.p,TH0,Theorem,timeout,na,2035,1368,59,1368,167,0,0,2,0,
gamma_limit_5,SEU/SEU934^5.p,TH0,Theorem,timeout,na,2082,4095,178,4095,188,119,0,0,0,
gamma_limit_5,SEU/SEU935^5.p,TH0,Theorem,timeout,na,2061,2709,137,2709,188,5,0,4,0,
gamma_limit_5,SEU/SEU936^5.p,TH0,Theorem,timeout,na,2049,2814,107,2814,158,25,0,0,0,
gamma_limit_5,SEU/SEU937^5.p,TH0,Theorem,timeout,na,2252,5455,1,5455,511,0,0,0,0,
gamma_limit_5,SEU/SEU938^5.p,TH0,Theorem,timeout,na,2043,1482,57,1482,207,0,0,1,0,
gamma_limit_5,SEU/SEU939^5.p,TH0,Theorem,timeout,na,2025,380,22,380,21,0,0,0,0,
gamma_limit_5,SEU/SEU940^5.p,TH0,Theorem,timeout,na,2021,703,32,703,67,2,0,3,0,
gamma_limit_5,SEU/SEU941^5.p,TH0,Theorem,timeout,na,2073,3068,92,3068,190,24,0,0,0,
gamma_limit_5,SEU/SEU942^5.p,TH0,Theorem,timeout,na,2048,2098,74,2098,274,5,0,1,0,
gamma_limit_5,SEU/SEU943^5.p,TH0,Theorem,timeout,na,2050,2244,57,2244,302,4,0,3,0,
gamma_limit_5,SEU/SEU944^5.p,TH0,Theorem,timeout,na,2048,2151,72,2151,271,8,0,3,0,
gamma_limit_5,SEU/SEU945^5.p,TH0,Theorem,timeout,na,2017,1463,113,1463,39,12,0,4,0,
gamma_limit_5,SEU/SEU946^5.p,TH0,Theorem,timeout,na,2047,1955,63,1955,245,9,0,1,0,
gamma_limit_5,SEU/SEU947^5.p,TH0,Theorem,timeout,na,2057,1964,46,1964,285,0,0,2,0,
gamma_limit_5,SEU/SEU948^5.p,TH0,Theorem,timeout,na,2025,870,29,870,69,23,0,1,0,
gamma_limit_5,SEU/SEU949^5.p,TH0,Theorem,timeout,na,2256,7737,0,7737,268,264,0,0,0,
gamma_limit_5,SEU/SEU950^5.p,TH0,Theorem,timeout,na,2045,2522,100,2522,162,24,0,0,0,
gamma_limit_5,SEU/SEU951^5.p,TH0,Theorem,timeout,na,2069,2515,74,2515,159,29,0,0,0,
gamma_limit_5,SEU/SEU953^5.p,TH0,Theorem,timeout,na,2057,3007,111,3007,170,33,0,0,0,
gamma_limit_5,SEU/SEU954^5.p,TH0,Unknown,timeout,na,2065,3075,98,3075,171,33,0,0,0,
gamma_limit_5,SEU/SEU955^5.p,TH0,Theorem,timeout,na,2092,3060,38,3060,531,0,0,3,0,
gamma_limit_5,SEU/SEU956^5.p,TH0,Theorem,timeout,na,2054,3300,183,3300,176,62,0,2,0,
gamma_limit_5,SEU/SEU957^5.p,TH0,Theorem,timeout,na,2100,3140,53,3140,466,0,0,4,0,
gamma_limit_5,SEU/SEU958^5.p,TH0,Unknown,timeout,na,2091,3053,49,3053,430,0,0,4,0,
gamma_limit_5,SEU/SEU959^5.p,TH0,Unknown,timeout,na,2060,2627,75,2627,269,27,0,3,0,
gamma_limit_5,SEU/SEU960^5.p,TH0,Theorem,timeout,na,2034,1222,35,1222,162,0,0,1,0,
gamma_limit_5,SEU/SEU961^5.p,TH0,Theorem,timeout,na,2065,1445,16,1445,329,18,0,1,0,
gamma_limit_5,SEU/SEU963^5.p,TH0,Unknown,timeout,na,2023,420,21,420,38,0,0,2,0,
gamma_limit_5,SEU/SEU965^5.p,TH0,Unknown,timeout,na,2032,831,25,831,82,31,0,1,0,
gamma_limit_5,SEU/SEU966^5.p,TH0,CounterSatisfiable,timeout,na,2053,1360,36,1360,215,12,0,1,0,
gamma_limit_5,SEU/SEU967^5.p,TH0,Theorem,thm,yes,42,4,0,4,1,0,0,1,1,
gamma_limit_5,SEU/SEU968^5.p,TH0,Theorem,timeout,na,2027,529,16,529,55,4,0,2,0,
gamma_limit_5,SEU/SEU969^5.p,TH0,Theorem,timeout,na,2048,1811,64,1811,201,13,0,1,0,
gamma_limit_5,SEU/SEU970^5.p,TH0,Theorem,timeout,na,2059,2471,73,2471,324,4,0,2,0,
gamma_limit_5,SEU/SEU971^5.p,TH0,Unknown,timeout,na,2060,807,3,807,185,34,0,0,0,
gamma_limit_5,SEU/SEU972^5.p,TH0,Theorem,timeout,na,2043,900,16,900,142,16,0,1,0,
gamma_limit_5,SEU/SEU973^5.p,TH0,Unknown,timeout,na,2049,1038,32,1038,130,4,0,0,0,
gamma_limit_5,SEU/SEU974^5.p,TH0,Theorem,timeout,na,2096,1335,8,1335,276,63,0,1,0,
gamma_limit_5,SEU/SEU975^5.p,TH0,Theorem,timeout,na,2066,1222,34,1222,206,56,0,1,0,
gamma_limit_5,SEU/SEU976^5.p,TH0,Unknown,timeout,na,2046,796,17,796,112,0,0,3,0,
gamma_limit_5,SEU/SEU977^5.p,TH0,Unknown,timeout,na,2053,833,32,833,117,1,0,2,0,
gamma_limit_5,SEU/SEU978^5.p,TH0,Unknown,timeout,na,2092,1033,2,1033,223,52,0,0,0,
gamma_limit_5,SEU/SEU979^5.p,TH0,Unknown,timeout,na,2065,823,16,823,133,3,0,0,0,
gamma_limit_5,SEU/SEU980^6.p,TH0,Unknown,timeout,na,2064,640,13,640,122,10,0,0,0,
gamma_limit_5,SEU/SEU982^5.p,TH0,Unknown,timeout,na,2060,693,27,693,80,3,0,0,0,
gamma_limit_5,SEU/SEU983^5.p,TH0,Unknown,timeout,na,2070,1124,52,1124,92,0,0,0,0,
gamma_limit_5,SEU/SEU984^5.p,TH0,Unknown,timeout,na,2067,1421,50,1421,160,8,0,2,0,
gamma_limit_5,SEU/SEU985^5.p,TH0,Unknown,timeout,na,2032,659,26,659,67,0,0,2,0,
gamma_limit_5,SEU/SEU986^5.p,TH0,Unknown,timeout,na,2038,805,31,805,91,0,0,2,0,
gamma_limit_5,SEU/SEU987^5.p,TH0,Theorem,timeout,na,2026,903,49,903,74,12,0,3,0,
gamma_limit_5,SEU/SEU988^5.p,TH0,Unknown,timeout,na,2101,1729,1,1729,340,65,0,0,0,
gamma_limit_5,SEU/SEU989^5.p,TH0,Unknown,timeout,na,2036,1552,72,1552,139,0,0,1,0,
gamma_limit_5,SEU/SEU990^5.p,TH0,Unknown,timeout,na,2050,2229,86,2229,175,22,0,2,0,
gamma_limit_5,SEU/SEU991^5.p,TH0,Unknown,timeout,na,2037,1539,56,1539,128,22,0,1,0,
gamma_limit_5,SEU/SEU992^5.p,TH0,Theorem,timeout,na,2031,1267,77,1267,77,0,0,1,0,
gamma_limit_5,SEU/SEU993^5.p,TH0,Unknown,timeout,na,2032,1295,79,1295,86,0,0,1,0,
gamma_limit_5,SEU/SEU994^5.p,TH0,CounterSatisfiable,csa,yes,37,16,0,16,3,0,1,0,0,cR C[OKSK4] C[C8P6T]  cR C[C8P6T] C[OKSK4]  C[1AI7KH] C[C8P6T]  ¬(C[1AI7KH] C[OKSK4])
gamma_limit_5,SEU/SEU995^5.p,TH0,Theorem,timeout,na,2005,778,77,778,1,0,0,0,0,
gamma_limit_5,SEU/SEU996^5.p,TH0,Theorem,timeout,na,2063,1066,97,1066,12,5,0,1,0,
gamma_limit_5,SEU/SEU997^5.p,TH0,Theorem,timeout,na,2040,732,73,732,1,0,0,0,0,
gamma_limit_5,SEU/SEU998^5.p,TH0,Theorem,timeout,na,2046,229,22,229,1,0,0,0,0,
gamma_limit_5,SEU/SEU999^5.p,TH0,Theorem,timeout,na,2046,202,20,202,1,0,0,0,0,
gamma_limit_5,SEV/SEV000^5.p,TH0,Theorem,timeout,na,2101,3114,166,3114,169,19,0,0,0,
gamma_limit_5,SEV/SEV001^5.p,TH0,Theorem,timeout,na,2103,1965,163,1965,39,6,0,2,0,
gamma_limit_5,SEV/SEV002^5.p,TH0,Theorem,timeout,na,2065,1059,95,1059,12,6,0,3,0,
gamma_limit_5,SEV/SEV003^5.p,TH0,Theorem,timeout,na,2066,345,14,345,31,8,0,0,0,
gamma_limit_5,SEV/SEV004^5.p,TH0,Theorem,timeout,na,2058,32,2,32,2,0,0,0,0,
gamma_limit_5,SEV/SEV005^5.p,TH0,Theorem,timeout,na,2049,33,2,33,2,0,0,0,0,
gamma_limit_5,SEV/SEV006^5.p,TH0,Theorem,timeout,na,2072,901,48,901,78,8,0,0,0,
gamma_limit_5,SEV/SEV007^5.p,TH0,Unknown,timeout,na,2086,10,0,10,2,0,0,0,0,
gamma_limit_5,SEV/SEV008^5.p,TH0,Theorem,timeout,na,2075,2381,107,2381,305,4,0,1,0,
gamma_limit_5,SEV/SEV009^5.p,TH0,Theorem,timeout,na,2106,2472,45,2472,593,17,0,1,0,
gamma_limit_5,SEV/SEV010^5.p,TH0,Theorem,timeout,na,2030,885,50,885,64,5,0,1,0,
gamma_limit_5,SEV/SEV011^5.p,TH0,Theorem,timeout,na,2040,924,47,924,84,4,0,1,0,
gamma_limit_5,SEV/SEV012^5.p,TH0,Theorem,thm,yes,11,12,0,12,2,3,0,0,0,
gamma_limit_5,SEV/SEV013^5.p,TH0,Theorem,timeout,na,2079,3591,89,3591,215,67,0,0,0,
gamma_limit_5,SEV/SEV014^5.p,TH0,Theorem,thm,yes,13,2,0,2,1,1,0,0,0,
gamma_limit_5,SEV/SEV015^5.p,TH0,Theorem,timeout,na,2159,5234,38,5234,1166,111,0,3,0,
gamma_limit_5,SEV/SEV016^5.p,TH0,Theorem,timeout,na,2050,2090,37,2090,275,50,0,3,0,
gamma_limit_5,SEV/SEV017^5.p,TH0,Theorem,thm,yes,15,2,0,2,1,1,0,0,0,
gamma_limit_5,SEV/SEV018^5.p,TH0,Theorem,timeout,na,2063,2548,59,2548,312,12,0,3,0,
gamma_limit_5,SEV/SEV019^5.p,TH0,Theorem,timeout,na,2229,5271,45,5271,1255,202,0,1,0,
gamma_limit_5,SEV/SEV020^5.p,TH0,CounterSatisfiable,timeout,na,2026,811,48,811,53,0,0,1,0,
gamma_limit_5,SEV/SEV021^5.p,TH0,Theorem,timeout,na,2048,1945,128,1945,117,4,0,2,0,
gamma_limit_5,SEV/SEV021^6.p,TH0,Theorem,timeout,na,2045,1903,122,1903,112,4,0,2,0,
gamma_limit_5,SEV/SEV021^7.p,TH0,Theorem,timeout,na,2047,1850,118,1850,111,4,0,2,0,
gamma_limit_5,SEV/SEV022^5.p,TH0,Unknown,timeout,na,2030,935,53,935,65,0,0,1,0,
gamma_limit_5,SEV/SEV023^5.p,TH0,Theorem,timeout,na,2070,1996,72,1996,159,40,0,3,0,
gamma_limit_5,SEV/SEV024^5.p,TH0,Theorem,timeout,na,2026,870,56,870,47,0,0,1,0,
gamma_limit_5,SEV/SEV025^5.p,TH0,Theorem,timeout,na,2033,914,57,914,59,0,0,1,0,
gamma_limit_5,SEV/SEV026^5.p,TH0,Unknown,timeout,na,2025,324,8,324,43,0,0,1,0,
gamma_limit_5,SEV/SEV027^5.p,TH0,Theorem,timeout,na,2041,1223,83,1223,57,2,0,3,0,
gamma_limit_5,SEV/SEV028^5.p,TH0,Theorem,timeout,na,2047,1255,58,1255,127,10,0,0,0,
gamma_limit_5,SEV/SEV029^5.p,TH0,CounterSatisfiable,timeout,na,2081,1867,39,1867,244,19,0,0,0,
gamma_limit_5,SEV/SEV030^5.p,TH0,Unknown,timeout,na,2037,873,57,873,50,0,0,1,0,
gamma_limit_5,SEV/SEV031^5.p,TH0,Theorem,timeout,na,2101,2296,70,2296,199,58,0,0,0,
gamma_limit_5,SEV/SEV032^5.p,TH0,Theorem,timeout,na,2098,3096,88,3096,375,44,0,1,0,
gamma_limit_5,SEV/SEV033^5.p,TH0,Theorem,timeout,na,2043,1400,83,1400,68,20,0,3,0,
gamma_limit_5,SEV/SEV034^5.p,TH0,Theorem,timeout,na,2146,3515,86,3515,202,80,0,0,0,
gamma_limit_5,SEV/SEV035^5.p,TH0,Theorem,timeout,na,2080,1774,36,1774,258,28,0,0,0,
gamma_limit_5,SEV/SEV037^5.p,TH0,Theorem,timeout,na,2077,1207,52,1207,154,18,0,0,0,
gamma_limit_5,SEV/SEV038^5.p,TH0,Unknown,timeout,na,2044,160,8,160,14,0,0,0,0,
gamma_limit_5,SEV/SEV039^5.p,TH0,Unknown,timeout,na,2058,215,9,215,30,0,0,0,0,
gamma_limit_5,SEV/SEV040^5.p,TH0,Theorem,timeout,na,2361,4757,11,4757,1818,16,0,1,0,
gamma_limit_5,SEV/SEV041^5.p,TH0,Theorem,timeout,na,2067,997,33,997,124,5,0,0,0,
gamma_limit_5,SEV/SEV042^5.p,TH0,Theorem,timeout,na,2026,233,10,233,23,0,0,1,0,
gamma_limit_5,SEV/SEV043^5.p,TH0,Theorem,timeout,na,2168,5252,35,5252,1152,152,0,3,0,
gamma_limit_5,SEV/SEV044^5.p,TH0,Theorem,timeout,na,2112,2562,36,2562,598,33,0,1,0,
gamma_limit_5,SEV/SEV045^5.p,TH0,Theorem,timeout,na,2201,4226,10,4226,205,8,0,0,0,
gamma_limit_5,SEV/SEV046^5.p,TH0,Theorem,timeout,na,2171,2555,39,2555,199,65,0,0,0,
gamma_limit_5,SEV/SEV047^5.p,TH0,Theorem,thm,yes,4,4,0,4,1,1,0,0,0,
gamma_limit_5,SEV/SEV048^5.p,TH0,Theorem,thm,yes,48,6,0,6,1,0,0,1,1,
gamma_limit_5,SEV/SEV049^5.p,TH0,Theorem,thm,yes,83,22,0,22,4,0,0,1,1,
gamma_limit_5,SEV/SEV050^5.p,TH0,Theorem,timeout,na,2015,284,9,284,28,0,0,1,0,
gamma_limit_5,SEV/SEV051^5.p,TH0,Theorem,thm,yes,23,11,0,11,2,2,0,0,0,
gamma_limit_5,SEV/SEV052^5.p,TH0,Theorem,timeout,na,2033,412,12,412,63,0,0,2,0,
gamma_limit_5,SEV/SEV053^5.p,TH0,Theorem,timeout,na,2146,4334,109,4334,912,91,0,3,0,
gamma_limit_5,SEV/SEV054^5.p,TH0,Theorem,timeout,na,2038,1178,71,1178,98,12,0,1,0,
gamma_limit_5,SEV/SEV055^5.p,TH0,Theorem,thm,yes,92,25,1,25,3,0,0,1,1,
gamma_limit_5,SEV/SEV056^5.p,TH0,Theorem,timeout,na,2013,408,20,408,27,0,0,1,0,
gamma_limit_5,SEV/SEV057^5.p,TH0,Theorem,timeout,na,2035,776,8,776,152,8,0,0,0,
gamma_limit_5,SEV/SEV058^5.p,TH0,Theorem,timeout,na,2022,249,7,249,28,0,0,1,0,
gamma_limit_5,SEV/SEV059^5.p,TH0,Theorem,timeout,na,2208,4327,47,4327,1329,126,0,3,0,
gamma_limit_5,SEV/SEV060^5.p,TH0,Theorem,timeout,na,2178,4109,1,4109,248,454,0,0,0,
gamma_limit_5,SEV/SEV061^5.p,TH0,Theorem,thm,yes,12,5,0,5,1,1,0,0,0,
gamma_limit_5,SEV/SEV062^5.p,TH0,Theorem,timeout,na,2074,741,19,741,139,1,0,1,0,
gamma_limit_5,SEV/SEV063^5.p,TH0,Theorem,timeout,na,2044,841,39,841,91,0,0,1,0,
gamma_limit_5,SEV/SEV064^5.p,TH0,Theorem,timeout,na,2032,315,12,315,26,1,0,1,0,
gamma_limit_5,SEV/SEV065^5.p,TH0,Theorem,thm,yes,44,11,1,11,1,1,0,0,0,
gamma_limit_5,SEV/SEV066^5.p,TH0,Theorem,timeout,na,2027,388,16,388,33,3,0,2,0,
gamma_limit_5,SEV/SEV067^5.p,TH0,Theorem,timeout,na,2246,6618,5,6618,1332,297,0,3,0,
gamma_limit_5,SEV/SEV068^5.p,TH0,Theorem,timeout,na,2020,287,10,287,30,0,0,1,0,
gamma_limit_5,SEV/SEV069^6.p,TH0,Theorem,timeout,na,2019,206,9,206,16,0,0,1,0,
gamma_limit_5,SEV/SEV070^5.p,TH0,Theorem,timeout,na,2048,2584,117,2584,206,0,0,2,0,
gamma_limit_5,SEV/SEV071^5.p,TH0,Theorem,timeout,na,2012,157,5,157,12,0,0,1,0,
gamma_limit_5,SEV/SEV072^5.p,TH0,Theorem,timeout,na,2031,687,19,687,83,5,0,1,0,
gamma_limit_5,SEV/SEV074^5.p,TH0,Theorem,timeout,na,2038,742,21,742,82,10,0,1,0,
gamma_limit_5,SEV/SEV075^5.p,TH0,Theorem,timeout,na,2073,1331,15,1331,157,51,0,0,0,
gamma_limit_5,SEV/SEV076^5.p,TH0,Theorem,timeout,na,2028,1258,107,1258,40,0,0,1,0,
gamma_limit_5,SEV/SEV079^5.p,TH0,Theorem,thm,yes,16,6,0,6,1,1,0,0,0,
gamma_limit_5,SEV/SEV080^5.p,TH0,Theorem,timeout,na,2047,1384,8,1384,192,7,0,0,0,
gamma_limit_5,SEV/SEV081^5.p,TH0,Theorem,timeout,na,2022,450,19,450,47,0,0,1,0,
gamma_limit_5,SEV/SEV082^5.p,TH0,Theorem,timeout,na,2028,486,15,486,53,0,0,2,0,
gamma_limit_5,SEV/SEV083^5.p,TH0,Theorem,timeout,na,2029,391,6,391,61,0,0,2,0,
gamma_limit_5,SEV/SEV084^5.p,TH0,Theorem,timeout,na,2024,499,19,499,50,0,0,2,0,
gamma_limit_5,SEV/SEV085^5.p,TH0,Theorem,timeout,na,2032,381,6,381,57,0,0,1,0,
gamma_limit_5,SEV/SEV086^5.p,TH0,Theorem,timeout,na,2023,244,9,244,27,0,0,1,0,
gamma_limit_5,SEV/SEV087^5.p,TH0,Theorem,timeout,na,2037,371,4,371,77,0,0,1,0,
gamma_limit_5,SEV/SEV088^5.p,TH0,Theorem,thm,yes,219,23,0,23,3,0,0,1,1,
gamma_limit_5,SEV/SEV089^5.p,TH0,Theorem,timeout,na,2108,3303,33,3303,247,19,0,0,0,
gamma_limit_5,SEV/SEV090^5.p,TH0,Theorem,timeout,na,2031,573,19,573,53,0,0,2,0,
gamma_limit_5,SEV/SEV091^5.p,TH0,Theorem,timeout,na,2371,7589,21,7589,2478,56,0,3,0,
gamma_limit_5,SEV/SEV092^5.p,TH0,Unknown,timeout,na,2026,1179,56,1179,95,0,0,1,0,
gamma_limit_5,SEV/SEV093^5.p,TH0,Theorem,timeout,na,2069,1225,23,1225,123,17,0,0,0,
gamma_limit_5,SEV/SEV094^5.p,TH0,Theorem,timeout,na,2077,2759,59,2759,248,18,0,0,0,
gamma_limit_5,SEV/SEV095^5.p,TH0,Theorem,timeout,na,2029,280,10,280,17,7,0,0,0,
gamma_limit_5,SEV/SEV096^5.p,TH0,Theorem,thm,yes,142,107,5,107,4,5,0,5,1,
gamma_limit_5,SEV/SEV097^5.p,TH0,Theorem,thm,yes,73,23,1,23,2,0,0,1,1,
gamma_limit_5,SEV/SEV098^5.p,TH0,CounterSatisfiable,timeout,na,2033,700,23,700,63,17,0,1,0,
gamma_limit_5,SEV/SEV099^5.p,TH0,Unknown,timeout,na,2055,981,18,981,132,24,0,1,0,
gamma_limit_5,SEV/SEV100^5.p,TH0,Theorem,timeout,na,2041,333,6,333,36,3,0,1,0,
gamma_limit_5,SEV/SEV101^5.p,TH0,Theorem,timeout,na,2035,340,14,340,33,4,0,1,0,
gamma_limit_5,SEV/SEV102^5.p,TH0,Theorem,timeout,na,2112,2873,31,2873,279,45,0,0,0,
gamma_limit_5,SEV/SEV103^5.p,TH0,Unknown,timeout,na,2040,1466,52,1466,136,5,0,1,0,
gamma_limit_5,SEV/SEV104^5.p,TH0,Theorem,timeout,na,2265,5405,101,5405,1437,61,0,1,0,
gamma_limit_5,SEV/SEV105^5.p,TH0,Unknown,timeout,na,2075,1268,28,1268,151,25,0,0,0,
gamma_limit_5,SEV/SEV106^5.p,TH0,Theorem,timeout,na,2158,3748,15,3748,284,32,0,0,0,
gamma_limit_5,SEV/SEV107^5.p,TH0,Theorem,timeout,na,2166,2914,32,2914,608,176,0,1,0,
gamma_limit_5,SEV/SEV108^5.p,TH0,Theorem,timeout,na,2108,1620,2,1620,242,40,0,0,0,
gamma_limit_5,SEV/SEV109^5.p,TH0,Theorem,timeout,na,2046,692,34,692,69,8,0,1,0,
gamma_limit_5,SEV/SEV113^5.p,TH0,Theorem,timeout,na,2034,169,7,169,17,0,0,0,0,
gamma_limit_5,SEV/SEV114^5.p,TH0,Unknown,timeout,na,2043,395,31,395,20,0,0,3,0,
gamma_limit_5,SEV/SEV115^5.p,TH0,Unknown,timeout,na,2046,172,5,172,17,0,0,1,0,
gamma_limit_5,SEV/SEV116^5.p,TH0,Theorem,timeout,na,2026,632,14,632,88,14,0,1,0,
gamma_limit_5,SEV/SEV117^5.p,TH0,Unknown,timeout,na,2032,1061,54,1061,77,15,0,1,0,
gamma_limit_5,SEV/SEV118^5.p,TH0,Unknown,timeout,na,2071,1620,47,1620,181,28,0,0,0,
gamma_limit_5,SEV/SEV119^5.p,TH0,Theorem,timeout,na,2038,591,9,591,86,22,0,1,0,
gamma_limit_5,SEV/SEV120^5.p,TH0,Theorem,timeout,na,2033,902,44,902,64,18,0,1,0,
gamma_limit_5,SEV/SEV121^5.p,TH0,Theorem,timeout,na,2067,2237,43,2237,358,2,0,4,0,
gamma_limit_5,SEV/SEV122^5.p,TH0,Theorem,thm,yes,28,3,0,3,1,1,0,0,0,
gamma_limit_5,SEV/SEV123^5.p,TH0,Theorem,timeout,na,2031,480,15,480,58,0,0,1,0,
gamma_limit_5,SEV/SEV124^5.p,TH0,Theorem,timeout,na,2038,445,15,445,50,0,0,2,0,
gamma_limit_5,SEV/SEV125^5.p,TH0,Theorem,timeout,na,2048,468,12,468,62,1,0,0,0,
gamma_limit_5,SEV/SEV126^5.p,TH0,Theorem,timeout,na,2059,1006,30,1006,170,8,0,1,0,
gamma_limit_5,SEV/SEV127^5.p,TH0,Theorem,timeout,na,2055,788,11,788,145,26,0,1,0,
gamma_limit_5,SEV/SEV128^5.p,TH0,Theorem,timeout,na,2031,381,22,381,25,0,0,1,0,
gamma_limit_5,SEV/SEV129^5.p,TH0,Theorem,timeout,na,2038,298,9,298,24,0,0,1,0,
gamma_limit_5,SEV/SEV130^5.p,TH0,Theorem,timeout,na,2050,496,16,496,40,4,0,0,0,
gamma_limit_5,SEV/SEV131^5.p,TH0,Theorem,thm,yes,58,31,1,31,4,0,0,3,1,
gamma_limit_5,SEV/SEV132^5.p,TH0,Unknown,timeout,na,2036,1653,74,1653,140,10,0,1,0,
gamma_limit_5,SEV/SEV133^5.p,TH0,Unknown,timeout,na,2048,1122,23,1122,154,16,0,1,0,
gamma_limit_5,SEV/SEV134^5.p,TH0,Theorem,thm,yes,10,4,0,4,1,1,0,0,0,
gamma_limit_5,SEV/SEV135^5.p,TH0,Theorem,thm,yes,50,17,1,17,3,0,0,1,1,
gamma_limit_5,SEV/SEV136^5.p,TH0,Theorem,timeout,na,2045,989,18,989,177,0,0,1,0,
gamma_limit_5,SEV/SEV137^5.p,TH0,Theorem,timeout,na,2037,1717,103,1717,106,0,0,2,0,
gamma_limit_5,SEV/SEV138^5.p,TH0,Theorem,timeout,na,2028,1211,80,1211,71,0,0,1,0,
gamma_limit_5,SEV/SEV140^5.p,TH0,Theorem,timeout,na,2036,506,30,506,31,0,0,1,0,
gamma_limit_5,SEV/SEV141^5.p,TH0,Theorem,timeout,na,2071,918,33,918,107,9,0,0,0,
gamma_limit_5,SEV/SEV143^5.p,TH0,Theorem,timeout,na,2062,1116,33,1116,169,1,0,0,0,
gamma_limit_5,SEV/SEV144^5.p,TH0,Theorem,timeout,na,2065,1498,48,1498,164,1,0,0,0,
gamma_limit_5,SEV/SEV146^5.p,TH0,Theorem,timeout,na,2056,1805,81,1805,111,88,0,0,0,
gamma_limit_5,SEV/SEV148^5.p,TH0,Theorem,timeout,na,2035,343,16,343,30,2,0,1,0,
gamma_limit_5,SEV/SEV149^5.p,TH0,Theorem,timeout,na,2052,773,27,773,66,28,0,1,0,
gamma_limit_5,SEV/SEV150^5.p,TH0,Theorem,timeout,na,2049,795,23,795,79,13,0,0,0,
gamma_limit_5,SEV/SEV152^5.p,TH0,Theorem,timeout,na,2081,1076,22,1076,183,2,0,1,0,
gamma_limit_5,SEV/SEV153^5.p,TH0,Theorem,timeout,na,2071,1034,35,1034,155,2,0,0,0,
gamma_limit_5,SEV/SEV154^5.p,TH0,Theorem,timeout,na,2061,986,47,986,96,2,0,0,0,
gamma_limit_5,SEV/SEV155^5.p,TH0,Theorem,timeout,na,2113,974,17,974,181,2,0,0,0,
gamma_limit_5,SEV/SEV156^5.p,TH0,Theorem,timeout,na,2090,877,17,877,134,2,0,0,0,
gamma_limit_5,SEV/SEV157^5.p,TH0,Theorem,timeout,na,2117,1181,22,1181,201,2,0,0,0,
gamma_limit_5,SEV/SEV158^5.p,TH0,Theorem,timeout,na,2026,262,6,262,33,0,0,1,0,
gamma_limit_5,SEV/SEV159^5.p,TH0,Theorem,thm,yes,4,3,0,3,1,1,0,0,0,
gamma_limit_5,SEV/SEV160^5.p,TH0,Theorem,thm,yes,4,1,0,1,1,1,0,0,0,
gamma_limit_5,SEV/SEV161^5.p,TH0,Theorem,thm,yes,5,4,0,4,1,1,0,0,0,
gamma_limit_5,SEV/SEV162^5.p,TH0,Theorem,thm,yes,32,34,2,34,2,2,0,1,1,
gamma_limit_5,SEV/SEV163^5.p,TH0,Theorem,timeout,na,2030,1427,60,1427,100,5,0,4,0,
gamma_limit_5,SEV/SEV164^5.p,TH0,Theorem,thm,yes,28,29,1,29,3,2,0,1,1,
gamma_limit_5,SEV/SEV165^5.p,TH0,Theorem,timeout,na,2007,15,0,15,3,0,0,0,0,
gamma_limit_5,SEV/SEV166^5.p,TH0,Theorem,timeout,na,2058,2337,105,2337,202,32,0,1,0,
gamma_limit_5,SEV/SEV167^5.p,TH0,Theorem,timeout,na,2071,1161,0,1161,313,16,0,0,0,
gamma_limit_5,SEV/SEV168^5.p,TH0,Theorem,timeout,na,2030,607,21,607,55,9,0,1,0,
gamma_limit_5,SEV/SEV169^5.p,TH0,Theorem,timeout,na,2040,1178,52,1178,91,4,0,4,0,
gamma_limit_5,SEV/SEV170^5.p,TH0,Theorem,timeout,na,2056,1183,41,1183,183,57,0,0,0,
gamma_limit_5,SEV/SEV171^5.p,TH0,Theorem,timeout,na,2037,2626,226,2626,74,0,0,0,0,
gamma_limit_5,SEV/SEV172^5.p,TH0,CounterSatisfiable,timeout,na,2055,1316,0,1316,168,180,0,0,0,
gamma_limit_5,SEV/SEV173^5.p,TH0,CounterSatisfiable,timeout,na,2060,1694,0,1694,242,144,0,0,0,
gamma_limit_5,SEV/SEV174^5.p,TH0,Theorem,timeout,na,2031,1355,82,1355,68,28,0,1,0,
gamma_limit_5,SEV/SEV175^5.p,TH0,Theorem,timeout,na,2020,577,7,577,77,6,0,3,0,
gamma_limit_5,SEV/SEV176^5.p,TH0,Theorem,timeout,na,2127,5004,42,5004,786,136,0,2,0,
gamma_limit_5,SEV/SEV177^5.p,TH0,Theorem,timeout,na,2004,538,79,538,1,0,0,0,0,
gamma_limit_5,SEV/SEV179^5.p,TH0,Theorem,timeout,na,2017,599,11,599,77,6,0,3,0,
gamma_limit_5,SEV/SEV180^5.p,TH0,CounterSatisfiable,timeout,na,2075,3216,39,3216,270,259,0,0,0,
gamma_limit_5,SEV/SEV181^5.p,TH0,Theorem,timeout,na,2175,3713,0,3713,494,0,0,0,0,
gamma_limit_5,SEV/SEV182^5.p,TH0,Unknown,timeout,na,2062,1735,13,1735,209,19,0,0,0,
gamma_limit_5,SEV/SEV183^5.p,TH0,Theorem,timeout,na,2076,495,8,495,78,1,0,0,0,
gamma_limit_5,SEV/SEV184^5.p,TH0,Unknown,timeout,na,2108,126,3,126,19,0,0,0,0,
gamma_limit_5,SEV/SEV185^5.p,TH0,Theorem,timeout,na,2041,1321,63,1321,119,8,0,1,0,
gamma_limit_5,SEV/SEV186^5.p,TH0,Theorem,timeout,na,2035,914,48,914,69,9,0,1,0,
gamma_limit_5,SEV/SEV187^5.p,TH0,Theorem,thm,yes,7,2,0,2,1,1,0,0,0,
gamma_limit_5,SEV/SEV188^5.p,TH0,Theorem,thm,yes,5,2,0,2,1,1,0,0,0,
gamma_limit_5,SEV/SEV189^5.p,TH0,Theorem,timeout,na,2033,732,10,732,104,12,0,1,0,
gamma_limit_5,SEV/SEV190^5.p,TH0,Theorem,timeout,na,2069,1681,52,1681,154,30,0,1,0,
gamma_limit_5,SEV/SEV191^5.p,TH0,Theorem,timeout,na,2158,2626,68,2626,234,15,0,0,0,
gamma_limit_5,SEV/SEV192^5.p,TH0,Theorem,timeout,na,2075,106,2,106,11,0,0,1,0,
gamma_limit_5,SEV/SEV193^5.p,TH0,Unknown,timeout,na,2037,650,24,650,65,3,0,0,0,
gamma_limit_5,SEV/SEV194^5.p,TH0,Theorem,timeout,na,2035,459,19,459,60,2,0,0,0,
gamma_limit_5,SEV/SEV195^5.p,TH0,Theorem,timeout,na,2052,2158,79,2158,194,19,0,2,0,
gamma_limit_5,SEV/SEV196^5.p,TH0,Theorem,timeout,na,2034,438,10,438,83,6,0,0,0,
gamma_limit_5,SEV/SEV197^5.p,TH0,Theorem,thm,yes,25,1,0,1,1,1,0,0,0,
gamma_limit_5,SEV/SEV198^5.p,TH0,Theorem,timeout,na,2027,246,8,246,37,7,0,1,0,
gamma_limit_5,SEV/SEV199^5.p,TH0,Theorem,timeout,na,2069,1227,24,1227,142,64,0,1,0,
gamma_limit_5,SEV/SEV200^5.p,TH0,Theorem,timeout,na,2046,963,36,963,83,20,0,1,0,
gamma_limit_5,SEV/SEV203^5.p,TH0,Theorem,timeout,na,2056,915,19,915,154,36,0,1,0,
gamma_limit_5,SEV/SEV204^5.p,TH0,Theorem,timeout,na,2061,924,23,924,151,50,0,1,0,
gamma_limit_5,SEV/SEV205^5.p,TH0,Theorem,timeout,na,2087,2584,72,2584,354,102,0,1,0,
gamma_limit_5,SEV/SEV206^5.p,TH0,Theorem,timeout,na,2034,310,15,310,24,0,0,2,0,
gamma_limit_5,SEV/SEV207^5.p,TH0,Theorem,timeout,na,2056,507,5,507,96,10,0,1,0,
gamma_limit_5,SEV/SEV208^5.p,TH0,Theorem,timeout,na,2043,168,9,168,11,0,0,5,0,
gamma_limit_5,SEV/SEV209^5.p,TH0,Unknown,timeout,na,2056,81,1,81,11,5,0,0,0,
gamma_limit_5,SEV/SEV210^5.p,TH0,Theorem,timeout,na,2054,186,9,186,14,0,0,2,0,
gamma_limit_5,SEV/SEV211^5.p,TH0,Unknown,timeout,na,2056,314,10,314,28,4,0,2,0,
gamma_limit_5,SEV/SEV212^5.p,TH0,Theorem,timeout,na,2057,163,3,163,16,0,0,0,0,
gamma_limit_5,SEV/SEV213^5.p,TH0,Unknown,timeout,na,2090,490,15,490,53,13,0,1,0,
gamma_limit_5,SEV/SEV214^5.p,TH0,Theorem,timeout,na,2055,2236,72,2236,241,28,0,1,0,
gamma_limit_5,SEV/SEV215^5.p,TH0,Unknown,timeout,na,2099,287,12,287,34,0,0,0,0,
gamma_limit_5,SEV/SEV216^5.p,TH0,Unknown,timeout,na,2104,58,4,58,4,0,0,0,0,
gamma_limit_5,SEV/SEV217^5.p,TH0,Unknown,timeout,na,2154,54,4,54,2,0,0,0,0,
gamma_limit_5,SEV/SEV218^5.p,TH0,Theorem,timeout,na,2196,4842,48,4842,1140,113,0,1,0,
gamma_limit_5,SEV/SEV219^5.p,TH0,Unknown,timeout,na,2100,121,4,121,12,0,0,0,0,
gamma_limit_5,SEV/SEV220^5.p,TH0,Theorem,timeout,na,2055,2190,100,2186,198,33,0,3,0,
gamma_limit_5,SEV/SEV221^5.p,TH0,Theorem,timeout,na,2042,1711,59,1711,135,57,0,0,0,
gamma_limit_5,SEV/SEV222^5.p,TH0,Theorem,timeout,na,2072,2497,73,2497,347,101,0,1,0,
gamma_limit_5,SEV/SEV223^5.p,TH0,Theorem,timeout,na,2049,1893,80,1893,174,27,0,0,0,
gamma_limit_5,SEV/SEV224^5.p,TH0,Theorem,timeout,na,2027,781,30,781,16,56,0,3,0,
gamma_limit_5,SEV/SEV225^5.p,TH0,Theorem,thm,yes,11,8,0,8,1,0,0,1,1,
gamma_limit_5,SEV/SEV226^5.p,TH0,CounterSatisfiable,timeout,na,2060,1266,38,1266,151,0,0,1,0,
gamma_limit_5,SEV/SEV227^5.p,TH0,Theorem,timeout,na,2109,2597,7,2597,779,52,0,1,0,
gamma_limit_5,SEV/SEV228^5.p,TH0,Theorem,timeout,na,2036,1046,41,1046,121,11,0,1,0,
gamma_limit_5,SEV/SEV229^5.p,TH0,Theorem,thm,yes,191,804,0,804,41,174,0,1,0,
gamma_limit_5,SEV/SEV230^5.p,TH0,Theorem,thm,yes,100,141,1,141,22,6,0,1,1,
gamma_limit_5,SEV/SEV231^5.p,TH0,Theorem,timeout,na,2084,2509,18,2509,502,175,0,1,0,
gamma_limit_5,SEV/SEV232^5.p,TH0,Theorem,thm,yes,14,1,0,1,1,1,0,0,0,
gamma_limit_5,SEV/SEV233^5.p,TH0,Theorem,timeout,na,2014,1075,0,1075,40,178,0,3,0,
gamma_limit_5,SEV/SEV234^5.p,TH0,Theorem,timeout,na,2028,329,5,329,55,6,0,0,0,
gamma_limit_5,SEV/SEV235^5.p,TH0,Theorem,timeout,na,2048,2962,0,2962,214,617,0,2,0,
gamma_limit_5,SEV/SEV236^5.p,TH0,Theorem,timeout,na,2019,783,39,783,49,8,0,1,0,
gamma_limit_5,SEV/SEV237^5.p,TH0,Theorem,timeout,na,2031,436,13,436,54,13,0,1,0,
gamma_limit_5,SEV/SEV238^5.p,TH0,Theorem,timeout,na,2054,396,9,396,52,13,0,1,0,
gamma_limit_5,SEV/SEV239^5.p,TH0,Theorem,timeout,na,2065,2878,103,2878,169,61,0,0,0,
gamma_limit_5,SEV/SEV240^5.p,TH0,Theorem,thm,yes,24,17,0,17,4,2,0,1,1,
gamma_limit_5,SEV/SEV241^5.p,TH0,Theorem,thm,yes,27,12,0,12,2,2,0,0,0,
gamma_limit_5,SEV/SEV242^5.p,TH0,Theorem,timeout,na,2037,1126,51,1126,117,21,0,1,0,
gamma_limit_5,SEV/SEV243^5.p,TH0,Theorem,timeout,na,2028,931,44,931,78,5,0,1,0,
gamma_limit_5,SEV/SEV244^6.p,TH0,Theorem,timeout,na,2034,858,48,858,57,5,0,1,0,
gamma_limit_5,SEV/SEV245^5.p,TH0,Theorem,timeout,na,2028,736,41,736,46,6,0,1,0,
gamma_limit_5,SEV/SEV245^6.p,TH0,Theorem,timeout,na,2030,1070,61,1070,71,5,0,1,0,
gamma_limit_5,SEV/SEV246^5.p,TH0,Theorem,timeout,na,2026,1009,70,1009,50,0,0,5,0,
gamma_limit_5,SEV/SEV246^6.p,TH0,Theorem,timeout,na,2030,972,57,972,59,0,0,5,0,
gamma_limit_5,SEV/SEV248^5.p,TH0,Theorem,timeout,na,2049,1289,11,1289,226,88,0,0,0,
gamma_limit_5,SEV/SEV249^5.p,TH0,Theorem,timeout,na,2024,656,29,656,74,4,0,1,0,
gamma_limit_5,SEV/SEV250^5.p,TH0,Unknown,timeout,na,2027,473,15,473,59,0,0,0,0,
gamma_limit_5,SEV/SEV251^5.p,TH0,CounterSatisfiable,timeout,na,2028,1159,83,1159,59,0,0,1,0,
gamma_limit_5,SEV/SEV252^5.p,TH0,Theorem,timeout,na,2033,943,48,943,67,7,0,1,0,
gamma_limit_5,SEV/SEV253^5.p,TH0,Theorem,timeout,na,2029,339,16,339,39,0,0,0,0,
gamma_limit_5,SEV/SEV254^5.p,TH0,Theorem,timeout,na,2058,611,6,611,81,20,0,0,0,
gamma_limit_5,SEV/SEV256^5.p,TH0,Theorem,timeout,na,2023,325,8,325,34,5,0,0,0,
gamma_limit_5,SEV/SEV257^5.p,TH0,Theorem,timeout,na,2041,978,39,978,120,5,0,1,0,
gamma_limit_5,SEV/SEV258^5.p,TH0,Theorem,thm,yes,26,13,0,13,2,3,0,0,0,
gamma_limit_5,SEV/SEV259^5.p,TH0,Theorem,thm,yes,231,137,2,137,22,0,0,1,1,
gamma_limit_5,SEV/SEV260^5.p,TH0,Theorem,timeout,na,2085,981,25,981,139,0,0,0,0,
gamma_limit_5,SEV/SEV261^5.p,TH0,Theorem,timeout,na,2033,591,24,591,82,24,0,0,0,
gamma_limit_5,SEV/SEV262^5.p,TH0,Theorem,timeout,na,2038,838,39,838,103,5,0,1,0,
gamma_limit_5,SEV/SEV263^5.p,TH0,Theorem,timeout,na,2025,488,16,488,59,0,0,1,0,
gamma_limit_5,SEV/SEV264^5.p,TH0,Unknown,timeout,na,2033,415,9,415,65,3,0,0,0,
gamma_limit_5,SEV/SEV265^5.p,TH0,Unknown,timeout,na,2039,916,25,916,104,25,0,0,0,
gamma_limit_5,SEV/SEV266^5.p,TH0,Theorem,timeout,na,2045,932,33,932,114,15,0,0,0,
gamma_limit_5,SEV/SEV267^5.p,TH0,Theorem,timeout,na,2040,909,36,909,84,32,0,0,0,
gamma_limit_5,SEV/SEV268^5.p,TH0,Unknown,timeout,na,2052,464,14,464,87,1,0,0,0,
gamma_limit_5,SEV/SEV269^5.p,TH0,Unknown,timeout,na,2038,870,45,870,84,14,0,1,0,
gamma_limit_5,SEV/SEV270^5.p,TH0,Unknown,timeout,na,2050,601,43,601,37,0,0,1,0,
gamma_limit_5,SEV/SEV271^5.p,TH0,Unknown,timeout,na,2078,659,16,659,106,1,0,0,0,
gamma_limit_5,SEV/SEV272^5.p,TH0,Theorem,thm,yes,25,1,0,1,1,1,0,0,0,
gamma_limit_5,SEV/SEV273^5.p,TH0,Theorem,timeout,na,2037,1252,30,1252,160,0,0,2,0,
gamma_limit_5,SEV/SEV274^5.p,TH0,Theorem,timeout,na,2051,1297,17,1297,205,0,0,2,0,
gamma_limit_5,SEV/SEV275^5.p,TH0,Unknown,timeout,na,2032,1229,84,1229,57,0,0,2,0,
gamma_limit_5,SEV/SEV276^5.p,TH0,Theorem,timeout,na,2043,1313,34,1313,155,0,0,2,0,
gamma_limit_5,SEV/SEV277^5.p,TH0,Unknown,timeout,na,2048,1305,22,1305,185,0,0,2,0,
gamma_limit_5,SEV/SEV278^5.p,TH0,Unknown,timeout,na,2027,552,13,552,56,10,0,2,0,
gamma_limit_5,SEV/SEV279^5.p,TH0,Unknown,timeout,na,2021,732,52,732,28,0,0,2,0,
gamma_limit_5,SEV/SEV280^5.p,TH0,Unknown,timeout,na,2053,1652,36,1652,191,45,0,1,0,
gamma_limit_5,SEV/SEV281^5.p,TH0,Unknown,timeout,na,2031,669,40,669,47,0,0,3,0,
gamma_limit_5,SEV/SEV282^5.p,TH0,Theorem,thm,yes,19,3,0,3,1,1,0,0,0,
gamma_limit_5,SEV/SEV285^5.p,TH0,Theorem,timeout,na,2054,2696,124,2696,207,20,0,4,0,
gamma_limit_5,SEV/SEV286^5.p,TH0,Theorem,thm,yes,12,7,0,7,1,1,0,0,0,
gamma_limit_5,SEV/SEV288^5.p,TH0,Theorem,timeout,na,2094,3770,98,3770,694,2,0,3,0,
gamma_limit_5,SEV/SEV289^5.p,TH0,Theorem,timeout,na,2013,144,7,144,17,0,0,1,0,
gamma_limit_5,SEV/SEV290^5.p,TH0,Theorem,thm,yes,40,4,0,4,1,0,0,1,1,
gamma_limit_5,SEV/SEV291^5.p,TH0,Theorem,timeout,na,2023,155,8,155,17,0,0,1,0,
gamma_limit_5,SEV/SEV292^5.p,TH0,Theorem,timeout,na,2039,420,8,420,65,8,0,0,0,
gamma_limit_5,SEV/SEV293^5.p,TH0,Theorem,timeout,na,2230,5945,7,5945,226,200,0,0,0,
gamma_limit_5,SEV/SEV294^5.p,TH0,Theorem,timeout,na,2034,306,6,306,56,0,0,1,0,
gamma_limit_5,SEV/SEV295^5.p,TH0,Theorem,timeout,na,2030,198,9,198,21,0,0,0,0,
gamma_limit_5,SEV/SEV296^5.p,TH0,CounterSatisfiable,timeout,na,2031,39,3,39,1,0,0,0,0,
gamma_limit_5,SEV/SEV297^5.p,TH0,Unknown,timeout,na,2034,551,24,551,53,0,0,1,0,
gamma_limit_5,SEV/SEV298^5.p,TH0,CounterSatisfiable,timeout,na,2044,560,17,560,79,10,0,1,0,
gamma_limit_5,SEV/SEV299^5.p,TH0,Theorem,timeout,na,2026,119,2,119,16,6,0,3,0,
gamma_limit_5,SEV/SEV300^5.p,TH0,Theorem,timeout,na,2179,5943,0,5943,498,0,0,0,0,
gamma_limit_5,SEV/SEV301^5.p,TH0,Unknown,timeout,na,2020,177,4,177,23,3,0,1,0,
gamma_limit_5,SEV/SEV302^5.p,TH0,Theorem,timeout,na,2052,284,3,284,45,10,0,1,0,
gamma_limit_5,SEV/SEV303^5.p,TH0,Theorem,timeout,na,2061,263,1,263,49,8,0,1,0,
gamma_limit_5,SEV/SEV304^5.p,TH0,CounterSatisfiable,timeout,na,2040,901,65,901,45,1,0,0,0,
gamma_limit_5,SEV/SEV305^5.p,TH0,Theorem,timeout,na,2067,733,25,733,162,30,0,4,0,
gamma_limit_5,SEV/SEV305^6.p,TH0,Theorem,timeout,na,2057,1303,52,1303,226,51,0,4,0,
gamma_limit_5,SEV/SEV306^5.p,TH0,Theorem,timeout,na,2030,1407,91,1407,64,16,0,2,0,
gamma_limit_5,SEV/SEV308^5.p,TH0,Theorem,timeout,na,2026,797,45,797,50,4,0,3,0,
gamma_limit_5,SEV/SEV309^5.p,TH0,Theorem,timeout,na,2026,856,57,856,41,5,0,1,0,
gamma_limit_5,SEV/SEV310^5.p,TH0,Theorem,timeout,na,2024,992,60,989,55,3,0,5,0,
gamma_limit_5,SEV/SEV311^5.p,TH0,Theorem,timeout,na,2028,1263,89,1263,62,6,0,1,0,
gamma_limit_5,SEV/SEV312^5.p,TH0,Theorem,timeout,na,2040,963,57,963,124,9,0,4,0,
gamma_limit_5,SEV/SEV313^5.p,TH0,Unknown,timeout,na,2035,689,35,689,64,0,0,0,0,
gamma_limit_5,SEV/SEV314^5.p,TH0,Unknown,timeout,na,2038,276,2,276,55,0,0,0,0,
gamma_limit_5,SEV/SEV315^5.p,TH0,Unknown,timeout,na,2043,209,4,209,40,0,0,0,0,
gamma_limit_5,SEV/SEV316^5.p,TH0,CounterSatisfiable,timeout,na,2068,140,3,140,20,3,0,0,0,
gamma_limit_5,SEV/SEV317^5.p,TH0,Theorem,timeout,na,2059,1497,107,1497,104,0,0,1,0,
gamma_limit_5,SEV/SEV318^5.p,TH0,Theorem,timeout,na,2045,1444,101,1444,108,0,0,1,0,
gamma_limit_5,SEV/SEV319^5.p,TH0,Theorem,timeout,na,2036,1271,91,1271,98,0,0,1,0,
gamma_limit_5,SEV/SEV319^6.p,TH0,Theorem,timeout,na,2037,1157,74,1157,110,0,0,1,0,
gamma_limit_5,SEV/SEV321^5.p,TH0,Theorem,timeout,na,2048,1363,102,1363,90,0,0,1,0,
gamma_limit_5,SEV/SEV322^5.p,TH0,CounterSatisfiable,csa,yes,3,1,0,1,1,0,1,0,0,cGVB_IN z cGVB_ZERO
gamma_limit_5,SEV/SEV323^5.p,TH0,CounterSatisfiable,csa,yes,7,7,0,7,2,0,1,0,0,cGVB_IN z cGVB_V  ¬(cGVB_M z)
gamma_limit_5,SEV/SEV324^5.p,TH0,CounterSatisfiable,csa,yes,10,7,0,7,2,0,1,0,0,C[N1CW6] (cGVB_SING x)  ¬(C[N1CW6] (cGVB_NOP x x))
gamma_limit_5,SEV/SEV325^5.p,TH0,CounterSatisfiable,csa,yes,3,3,0,3,1,0,1,0,0,cGVB_IN x y  ¬(cGVB_M x)
gamma_limit_5,SEV/SEV326^5.p,TH0,CounterSatisfiable,csa,yes,10,9,0,9,2,0,1,0,0,C[1PBZXA] (cGVB_SUCC x)  ¬(C[1PBZXA] (cGVB_UNION x (cGVB_SING x)))
gamma_limit_5,SEV/SEV327^5.p,TH0,CounterSatisfiable,csa,yes,7,7,0,7,3,0,1,0,0,cGVB_FUNCTION z  ¬(cGVB_RELATION z)
gamma_limit_5,SEV/SEV328^5.p,TH0,CounterSatisfiable,csa,yes,11,6,0,6,2,0,1,0,0,C[QVA2Y] (cGVB_RESTRICT x y)  ¬(C[QVA2Y] (cGVB_INTERSECT x (cGVB_CROSS y cGVB_V)))
gamma_limit_5,SEV/SEV329^5.p,TH0,CounterSatisfiable,csa,yes,7,7,0,7,3,0,1,0,0,cGVB_ONE_ONE f  ¬(cGVB_FUNCTION f)
gamma_limit_5,SEV/SEV330^5.p,TH0,CounterSatisfiable,csa,yes,11,6,0,6,2,0,1,0,0,C[6GAY4] (cGVB_UNION x y)  ¬(C[6GAY4] (cGVB_COMPLEMENT (cGVB_INTERSECT (cGVB_COMPLEMENT x) (cGVB_COMPLEMENT y))))
gamma_limit_5,SEV/SEV331^5.p,TH0,CounterSatisfiable,csa,yes,11,6,0,6,2,0,1,0,0,C[3KC3Z] (cGVB_OP x y)  ¬(C[3KC3Z] (cGVB_NOP (cGVB_SING x) (cGVB_NOP x y)))
gamma_limit_5,SEV/SEV332^5.p,TH0,CounterSatisfiable,csa,yes,11,7,0,7,2,0,1,0,0,C[176SQL] (cGVB_APP2 f x y)  ¬(C[176SQL] (cGVB_APPLY f (cGVB_OP x y)))
gamma_limit_5,SEV/SEV333^5.p,TH0,CounterSatisfiable,csa,yes,8,11,0,11,3,0,1,0,0,cGVB_IN z (cGVB_POWERSET x)  ¬(cGVB_M z)
gamma_limit_5,SEV/SEV334^5.p,TH0,CounterSatisfiable,csa,yes,8,7,0,7,3,0,1,0,0,cGVB_IN z (cGVB_COMPLEMENT x)  ¬(cGVB_M z)
gamma_limit_5,SEV/SEV335^5.p,TH0,CounterSatisfiable,csa,yes,9,8,0,8,3,0,1,0,0,cGVB_PROP_SUBSET x y  ¬(cGVB_SUBSET x y)
gamma_limit_5,SEV/SEV336^5.p,TH0,CounterSatisfiable,csa,yes,20,41,0,41,9,1,1,0,0,cGVB_RELATION z  cGVB_M C[11THLP]  cGVB_IN C[11THLP] z  ¬(cGVB_OPP C[11THLP])
gamma_limit_5,SEV/SEV337^5.p,TH0,CounterSatisfiable,csa,yes,11,7,0,7,3,0,1,0,0,cGVB_IN z cGVB_ESTIN  ¬(cGVB_M z)
gamma_limit_5,SEV/SEV338^5.p,TH0,CounterSatisfiable,csa,yes,12,11,0,11,3,0,1,0,0,¬(cGVB_M z)  cGVB_IN z cGVB_IDENT
gamma_limit_5,SEV/SEV339^5.p,TH0,CounterSatisfiable,csa,yes,11,7,0,7,3,0,1,0,0,cGVB_IN z (cGVB_INTERSECT x y)  ¬(cGVB_M z)
gamma_limit_5,SEV/SEV340^5.p,TH0,CounterSatisfiable,csa,yes,17,21,0,21,4,1,1,0,0,cGVB_SUBSET x y  ¬(cGVB_M C[23393Y])
gamma_limit_5,SEV/SEV341^5.p,TH0,CounterSatisfiable,csa,yes,12,8,0,8,3,0,1,0,0,¬(cGVB_M x)  cGVB_CLOSED x f
gamma_limit_5,SEV/SEV342^5.p,TH0,CounterSatisfiable,csa,yes,11,9,0,9,3,0,1,0,0,cGVB_IN u (cGVB_NOP x y)  ¬(cGVB_M u)
gamma_limit_5,SEV/SEV343^5.p,TH0,CounterSatisfiable,timeout,na,2081,4490,34,4490,459,364,0,0,0,
gamma_limit_5,SEV/SEV344^5.p,TH0,CounterSatisfiable,timeout,na,2065,3885,50,3885,560,243,0,0,0,
gamma_limit_5,SEV/SEV345^5.p,TH0,CounterSatisfiable,csa,yes,12,10,0,10,3,0,1,0,0,cGVB_MAPS f x y  ¬(cGVB_FUNCTION f)
gamma_limit_5,SEV/SEV346^5.p,TH0,CounterSatisfiable,csa,yes,24,43,0,43,10,1,1,0,0,cGVB_M C[23VSWE]  cGVB_IN C[23VSWE] x  cGVB_IN C[23VSWE] y  cGVB_DISJOINT x y
gamma_limit_5,SEV/SEV347^5.p,TH0,CounterSatisfiable,csa,yes,13,9,0,9,3,0,1,0,0,cGVB_IN z (cGVB_CONVERSE x)  ¬(cGVB_M z)
gamma_limit_5,SEV/SEV348^5.p,TH0,CounterSatisfiable,timeout,na,2070,3378,166,3378,180,66,0,0,0,
gamma_limit_5,SEV/SEV349^5.p,TH0,CounterSatisfiable,timeout,na,2135,6478,83,6478,270,199,0,0,0,
gamma_limit_5,SEV/SEV350^5.p,TH0,CounterSatisfiable,csa,yes,20,24,1,24,4,0,1,0,0,cGVB_IN z (cGVB_SIGMA x)  ¬(cGVB_M z)  cGVB_IN z C[1F28CR]  cGVB_M C[1F28CR]  cGVB_IN C[1F28CR] x
gamma_limit_5,SEV/SEV351^5.p,TH0,CounterSatisfiable,csa,yes,13,8,0,8,3,0,1,0,0,cGVB_IN z (cGVB_CROSS x y)  ¬(cGVB_M z)
gamma_limit_5,SEV/SEV352^5.p,TH0,CounterSatisfiable,timeout,na,2171,5803,29,5803,270,69,0,0,0,
gamma_limit_5,SEV/SEV354^5.p,TH0,CounterSatisfiable,timeout,na,2109,4937,96,4937,231,217,0,0,0,
gamma_limit_5,SEV/SEV355^5.p,TH0,CounterSatisfiable,timeout,na,2109,3688,101,3688,207,159,0,0,0,
gamma_limit_5,SEV/SEV356^5.p,TH0,CounterSatisfiable,timeout,na,2086,3390,119,3390,235,187,0,0,0,
gamma_limit_5,SEV/SEV357^5.p,TH0,CounterSatisfiable,timeout,na,2126,4279,6,4279,292,109,0,0,0,
gamma_limit_5,SEV/SEV358^5.p,TH0,CounterSatisfiable,timeout,na,2136,4129,20,4129,274,43,0,0,0,
gamma_limit_5,SEV/SEV359^5.p,TH0,CounterSatisfiable,timeout,na,2131,4852,42,4852,261,129,0,0,0,
gamma_limit_5,SEV/SEV360^5.p,TH0,CounterSatisfiable,timeout,na,2084,3413,113,3413,222,36,0,0,0,
gamma_limit_5,SEV/SEV361^5.p,TH0,CounterSatisfiable,csa,yes,85,61,1,61,9,1,1,0,0,cGVB_SING_VAL x  cGVB_M C[1VQ5AR]  cGVB_M C[EPT86]  cGVB_IN (cGVB_OP C[1VQ5AR] C[EPT86]) x  cGVB_M C[1T5VE3]  cGVB_IN (cGVB_OP C[1VQ5AR] C[1T5VE3]) x  C[17255Q] C[EPT86]  ¬(C[17255Q] C[1T5VE3])
gamma_limit_5,SEV/SEV362^5.p,TH0,CounterSatisfiable,timeout,na,2092,2696,58,2696,188,178,0,0,0,
gamma_limit_5,SEV/SEV363^5.p,TH0,CounterSatisfiable,timeout,na,2071,2564,95,2564,199,112,0,0,0,
gamma_limit_5,SEV/SEV364^5.p,TH0,CounterSatisfiable,timeout,na,2078,2620,92,2620,207,107,0,0,0,
gamma_limit_5,SEV/SEV365^5.p,TH0,CounterSatisfiable,csa,yes,118,166,0,166,41,6,1,0,0,cGVB_IN C[9B9G2] s1  C[18AC63] (cGVB_APPLY h (cGVB_APP2 f1 C[1CIVOJ] C[LUD5A]))  ¬(C[18AC63] (cGVB_APP2 f2 (cGVB_APPLY h C[1CIVOJ]) (cGVB_APPLY h C[LUD5A])))  C[H03UQ] (cGVB_APPLY h (cGVB_APP2 f1 C[1V
gamma_limit_5,SEV/SEV366^5.p,TH0,CounterSatisfiable,csa,yes,3,1,0,1,1,0,1,0,0,¬(cGVB_M (cGVB_OP a b))
gamma_limit_5,SEV/SEV368^5.p,TH0,CounterSatisfiable,csa,yes,4,3,0,3,1,0,1,0,0,¬(cGVB_M (cGVB_POWERSET u))  cGVB_M u
gamma_limit_5,SEV/SEV369^5.p,TH0,CounterSatisfiable,csa,yes,6,5,0,5,1,0,1,0,0,cGVB_M x  cGVB_FUNCTION f  ¬(cGVB_M (cGVB_IMAGE x f))
gamma_limit_5,SEV/SEV370^5.p,TH0,CounterSatisfiable,csa,yes,11,7,0,7,1,0,1,0,0,cGVB_M C[12UH4I]  cGVB_M C[YD8CZ]  ¬(cGVB_M (cGVB_COMPOSE C[12UH4I] C[YD8CZ]))
gamma_limit_5,SEV/SEV371^5.p,TH0,CounterSatisfiable,csa,yes,19,13,0,13,2,0,1,0,0,cGVB_M C[19IJB4]  cGVB_M C[149LH8]  C[6Y2B7] (cGVB_SECOND (cGVB_OP C[19IJB4] C[149LH8]))  ¬(C[6Y2B7] C[149LH8])
gamma_limit_5,SEV/SEV372^5.p,TH0,CounterSatisfiable,csa,yes,19,12,0,12,2,0,1,0,0,cGVB_M C[2ABYG]  cGVB_M C[9HGVG]  C[1VHPB1] (cGVB_FIRST (cGVB_OP C[2ABYG] C[9HGVG]))  ¬(C[1VHPB1] C[2ABYG])
gamma_limit_5,SEV/SEV373^5.p,TH0,CounterSatisfiable,csa,yes,16,9,0,9,2,0,1,0,0,C[1TVMPG] (cGVB_COMPOSE C[167FU4] (cGVB_COMPOSE C[1NVX] C[23AG9W]))  ¬(C[1TVMPG] (cGVB_COMPOSE (cGVB_COMPOSE C[167FU4] C[1NVX]) C[23AG9W]))
gamma_limit_5,SEV/SEV374^5.p,TH0,CounterSatisfiable,timeout,na,2045,2274,103,2274,130,52,0,0,0,
gamma_limit_5,SEV/SEV375^5.p,TH0,CounterSatisfiable,timeout,na,2074,2578,8,2578,313,145,0,0,0,
gamma_limit_5,SEV/SEV376^5.p,TH0,CounterSatisfiable,csa,yes,13,5,0,5,1,0,1,0,0,cGVB_HOMOM h1 s1 f1 s2 f2  cGVB_HOMOM h2 s2 f2 s3 f3  ¬(cGVB_HOMOM (cGVB_COMPOSE h2 h1) s1 f1 s3 f3)
gamma_limit_5,SEV/SEV377^5.p,TH0,CounterSatisfiable,csa,yes,28,14,0,14,2,0,1,0,0,cGVB_FUNCTION C[1IJV6H]  cGVB_IN C[1644Y3] (cGVB_DOMAIN C[1IJV6H])  C[31YQG] (cGVB_APPLY C[1PB6P1] (cGVB_APPLY C[1IJV6H] C[1644Y3]))  ¬(C[31YQG] (cGVB_APPLY (cGVB_COMPOSE C[1PB6P1] C[1IJV6H]) C[1644Y3
gamma_limit_5,SEV/SEV378^5.p,TH0,CounterSatisfiable,timeout,na,2061,2778,99,2778,138,37,0,0,0,
gamma_limit_5,SEV/SEV379^5.p,TH0,CounterSatisfiable,timeout,na,2008,1009,95,1009,5,3,0,0,0,
gamma_limit_5,SEV/SEV380^5.p,TH0,CounterSatisfiable,timeout,na,2085,3457,157,3457,194,26,0,0,0,
gamma_limit_5,SEV/SEV381^5.p,TH0,CounterSatisfiable,timeout,na,2061,2173,94,2173,106,32,0,0,0,
gamma_limit_5,SEV/SEV382^5.p,TH0,Theorem,timeout,na,2092,2863,26,2863,408,85,0,1,0,
gamma_limit_5,SEV/SEV383^5.p,TH0,Theorem,thm,yes,5,2,0,2,1,0,0,1,1,
gamma_limit_5,SEV/SEV384^5.p,TH0,Theorem,timeout,na,2084,2198,66,2198,271,44,0,1,0,
gamma_limit_5,SEV/SEV385^5.p,TH0,Theorem,timeout,na,2100,3325,56,3325,355,28,0,0,0,
gamma_limit_5,SEV/SEV386^5.p,TH0,Theorem,timeout,na,2175,6295,15,6296,272,154,0,0,0,
gamma_limit_5,SEV/SEV387^5.p,TH0,Theorem,thm,yes,20,4,0,4,1,1,0,0,0,
gamma_limit_5,SEV/SEV388^5.p,TH0,Theorem,thm,yes,5,3,0,3,1,1,0,0,0,
gamma_limit_5,SEV/SEV389^5.p,TH0,Theorem,thm,yes,11,13,0,13,2,0,0,1,1,
gamma_limit_5,SEV/SEV390^5.p,TH0,Theorem,thm,yes,10,12,0,12,2,0,0,1,1,
gamma_limit_5,SEV/SEV391^5.p,TH0,Theorem,thm,yes,64,43,0,43,4,4,0,5,1,
gamma_limit_5,SEV/SEV392^5.p,TH0,Theorem,thm,yes,17,18,0,18,2,1,0,1,1,
gamma_limit_5,SEV/SEV393^5.p,TH0,Theorem,thm,yes,16,17,0,17,2,0,0,1,1,
gamma_limit_5,SEV/SEV394^5.p,TH0,Theorem,timeout,na,2091,5631,36,5631,338,871,0,0,0,
gamma_limit_5,SEV/SEV396^5.p,TH0,Theorem,thm,yes,64,389,0,389,42,53,0,1,1,
gamma_limit_5,SEV/SEV397^5.p,TH0,Theorem,thm,yes,8,2,0,2,1,1,0,0,0,
gamma_limit_5,SEV/SEV398^5.p,TH0,Theorem,timeout,na,2029,1242,94,1242,46,9,0,1,0,
gamma_limit_5,SEV/SEV399^5.p,TH0,Theorem,timeout,na,2042,1306,81,1306,67,6,0,1,0,
gamma_limit_5,SEV/SEV400^5.p,TH0,Theorem,timeout,na,2021,710,40,710,53,0,0,4,0,
gamma_limit_5,SEV/SEV401^5.p,TH0,Theorem,timeout,na,2041,1166,71,1166,76,4,0,1,0,
gamma_limit_5,SEV/SEV402^5.p,TH0,Theorem,timeout,na,2036,1240,76,1240,74,0,0,2,0,
gamma_limit_5,SEV/SEV403^5.p,TH0,Theorem,timeout,na,2029,886,62,886,43,2,0,1,0,
gamma_limit_5,SEV/SEV404^5.p,TH0,Theorem,timeout,na,2021,753,44,753,54,0,0,2,0,
gamma_limit_5,SEV/SEV405^5.p,TH0,Theorem,thm,yes,14,9,0,9,2,0,0,1,1,
gamma_limit_5,SEV/SEV406^5.p,TH0,Theorem,thm,yes,9,3,0,3,1,1,0,0,0,
gamma_limit_5,SEV/SEV408^5.p,TH0,Theorem,thm,yes,22,4,0,4,1,0,0,1,1,
gamma_limit_5,SEV/SEV409^5.p,TH0,Theorem,thm,yes,52,7,0,7,1,0,0,1,1,
gamma_limit_5,SEV/SEV410^5.p,TH0,Theorem,timeout,na,2035,1928,80,1926,168,41,0,1,0,
gamma_limit_5,SEV/SEV411^5.p,TH0,Theorem,thm,yes,5,1,0,1,1,1,0,0,0,
gamma_limit_5,SEV/SEV412^5.p,TH0,Theorem,thm,yes,6,1,0,1,1,1,0,0,0,
gamma_limit_5,SEV/SEV413^5.p,TH0,Theorem,thm,yes,5,1,0,1,1,1,0,0,0,
gamma_limit_5,SEV/SEV414^5.p,TH0,Theorem,timeout,na,2017,866,57,866,50,0,0,1,0,
gamma_limit_5,SEV/SEV416^5.p,TH0,Theorem,thm,yes,8,1,0,1,1,1,0,0,0,
gamma_limit_5,SEV/SEV417^5.p,TH0,Theorem,timeout,na,2198,8226,256,8226,261,1,0,0,0,
gamma_limit_5,SEV/SEV418^5.p,TH0,Unknown,timeout,na,2026,1206,75,1206,56,11,0,1,0,
gamma_limit_5,SEV/SEV419^5.p,TH0,Unknown,timeout,na,2051,972,49,972,76,8,0,1,0,
gamma_limit_5,SEV/SEV420^1.p,TH0,Theorem,timeout,na,2161,3100,27,3100,253,116,0,0,0,
gamma_limit_5,SEV/SEV427^1.p,TH0,Theorem,thm,yes,284,413,6,413,56,4,0,1,1,
gamma_limit_5,SEV/SEV428^1.p,TH0,Theorem,timeout,na,2026,506,19,506,39,12,0,1,0,
gamma_limit_5,SEV/SEV429^1.p,TH0,Theorem,timeout,na,2066,2915,94,2915,172,31,0,0,0,
gamma_limit_5,SEV/SEV430^1.p,TH0,Theorem,timeout,na,2036,2114,126,2114,127,7,0,1,0,
gamma_limit_5,SEV/SEV431^1.p,TH0,Theorem,timeout,na,2057,3005,113,3005,170,32,0,0,0,
gamma_limit_5,SEV/SEV432^1.p,TH0,Theorem,timeout,na,2049,2075,94,2075,173,5,0,1,0,
gamma_limit_5,SEV/SEV433^1.p,TH0,Theorem,timeout,na,2448,11366,0,11366,197,1430,0,0,0,
gamma_limit_5,SEV/SEV434^1.p,TH0,Theorem,timeout,na,2073,2725,113,2725,256,75,0,1,0,
gamma_limit_5,SEV/SEV440^1.p,TH0,Satisfiable,no_conjecture,na,54,,,,,,,,,
gamma_limit_5,SEV/SEV441^1.p,TH0,Satisfiable,no_conjecture,na,52,,,,,,,,,
gamma_limit_5,SEV/SEV442^1.p,TH1,Theorem,parse_timeout,na,0,,,,,,,,,cached: parse exceeded 5000ms
gamma_limit_5,SEV/SEV443^1.p,TH1,Theorem,parse_timeout,na,0,,,,,,,,,cached: parse exceeded 5000ms
gamma_limit_5,SEV/SEV444^1.p,TH1,Theorem,timeout,na,2056,2537,107,2537,202,5,0,4,0,
gamma_limit_5,SEV/SEV445^1.p,TH1,Theorem,timeout,na,2051,1561,50,1561,144,8,0,3,0,
gamma_limit_5,SEV/SEV446^1.p,TH1,Theorem,timeout,na,2038,996,31,996,90,58,0,0,0,
gamma_limit_5,SEV/SEV447^1.p,TH1,Theorem,timeout,na,2082,2918,92,2918,271,3,0,4,0,
gamma_limit_5,SEV/SEV448^1.p,TH1,Theorem,timeout,na,2060,2600,130,2600,181,2,0,4,0,
gamma_limit_5,SEV/SEV449^1.p,TH1,Theorem,timeout,na,2074,2525,69,2525,164,86,0,2,0,
gamma_limit_5,SEV/SEV450^1.p,TH1,Theorem,timeout,na,2039,1477,72,1477,101,3,0,4,0,
gamma_limit_5,SEV/SEV451^1.p,TH1,Theorem,timeout,na,2059,2423,159,2423,138,4,0,3,0,
gamma_limit_5,SEV/SEV452^1.p,TH1,Theorem,timeout,na,2050,1716,63,1716,147,4,0,4,0,
gamma_limit_5,SEV/SEV453^1.p,TH1,Theorem,timeout,na,2068,2180,88,2180,176,4,0,3,0,
gamma_limit_5,SEV/SEV454^1.p,TH1,Theorem,timeout,na,2083,2607,105,2607,235,0,0,3,0,
gamma_limit_5,SEV/SEV455^1.p,TH1,Theorem,timeout,na,2063,1973,84,1973,159,0,0,4,0,
gamma_limit_5,SEV/SEV456^1.p,TH1,Theorem,timeout,na,2051,1581,86,1581,106,1,0,4,0,
gamma_limit_5,SEV/SEV457^1.p,TH1,Theorem,timeout,na,2028,303,5,303,36,12,0,0,0,
gamma_limit_5,SEV/SEV458^1.p,TH1,Theorem,timeout,na,2046,1275,55,1275,98,4,0,4,0,
gamma_limit_5,SEV/SEV459^1.p,TH1,Theorem,timeout,na,2068,2116,59,2116,210,0,0,5,0,
gamma_limit_5,SEV/SEV460^1.p,TH1,Theorem,timeout,na,2062,2035,90,2035,165,1,0,4,0,
gamma_limit_5,SEV/SEV461^1.p,TH1,Theorem,timeout,na,2056,1786,85,1786,145,0,0,3,0,
gamma_limit_5,SEV/SEV462^1.p,TH1,Theorem,timeout,na,2065,1595,63,1595,134,0,0,4,0,
gamma_limit_5,SEV/SEV463^1.p,TH1,Theorem,timeout,na,2048,1303,40,1303,117,0,0,4,0,
gamma_limit_5,SEV/SEV464^1.p,TH1,Theorem,timeout,na,2130,3182,76,3182,197,80,0,0,0,
gamma_limit_5,SEV/SEV465^1.p,TH1,Theorem,timeout,na,2124,2569,14,2569,220,83,0,0,0,
gamma_limit_5,SEV/SEV466^1.p,TH1,Theorem,timeout,na,2069,1920,39,1920,213,0,0,1,0,
gamma_limit_5,SEV/SEV467^1.p,TH1,Theorem,timeout,na,2034,659,17,659,65,1,0,3,0,
gamma_limit_5,SEV/SEV468^1.p,TH1,Theorem,timeout,na,2040,500,26,500,31,0,0,4,0,
gamma_limit_5,SEV/SEV469^1.p,TH1,Theorem,timeout,na,2066,603,37,603,32,0,0,3,0,
gamma_limit_5,SEV/SEV470^1.p,TH1,Theorem,timeout,na,2059,59,2,59,4,0,0,4,0,
gamma_limit_5,SEV/SEV471^1.p,TH1,Theorem,timeout,na,2039,11,1,11,1,0,0,0,0,
gamma_limit_5,SEV/SEV472^1.p,TH1,Theorem,timeout,na,2164,4036,1,4036,236,129,0,0,0,
gamma_limit_5,SEV/SEV473^1.p,TH1,Theorem,timeout,na,2047,283,1,283,55,26,0,0,0,
gamma_limit_5,SEV/SEV474^1.p,TH1,Theorem,timeout,na,2042,135,6,135,8,0,0,1,0,
gamma_limit_5,SEV/SEV475^1.p,TH1,Theorem,timeout,na,2054,207,1,207,37,6,0,0,0,
gamma_limit_5,SEV/SEV476^1.p,TH1,Theorem,timeout,na,2220,5331,74,5331,198,406,0,0,0,
gamma_limit_5,SEV/SEV477^1.p,TH1,Theorem,timeout,na,2087,889,32,889,122,16,0,0,0,
gamma_limit_5,SEV/SEV478^1.p,TH1,Theorem,timeout,na,2095,1459,0,1459,226,81,0,0,0,
gamma_limit_5,SEV/SEV479^1.p,TH1,Theorem,timeout,na,2129,2970,79,2970,361,0,0,1,0,
gamma_limit_5,SEV/SEV480^1.p,TH1,Theorem,timeout,na,2105,2262,83,2262,144,44,0,2,0,
gamma_limit_5,SEV/SEV481^1.p,TH1,Theorem,timeout,na,2109,1764,1,1764,225,118,0,0,0,
gamma_limit_5,SEV/SEV482^1.p,TH1,Theorem,timeout,na,2052,507,20,507,103,10,0,4,0,
gamma_limit_5,SEV/SEV483^1.p,TH1,Theorem,timeout,na,2034,368,9,368,24,11,0,4,0,
gamma_limit_5,SEV/SEV484^1.p,TH1,Theorem,timeout,na,2064,314,14,314,33,2,0,4,0,
gamma_limit_5,SEV/SEV485^1.p,TH1,Theorem,timeout,na,2195,4000,20,3879,380,143,0,0,0,
gamma_limit_5,SEV/SEV486^1.p,TH1,Theorem,timeout,na,2045,1505,40,1505,157,90,0,0,0,
gamma_limit_5,SEV/SEV487^1.p,TH1,Theorem,timeout,na,2011,5,0,5,1,0,0,0,0,
gamma_limit_5,SEV/SEV488^1.p,TH1,Theorem,timeout,na,2049,160,7,160,8,0,0,5,0,
gamma_limit_5,SEV/SEV489^1.p,TH1,Theorem,timeout,na,2038,793,26,793,74,50,0,0,0,
gamma_limit_5,SEV/SEV490^1.p,TH1,Theorem,timeout,na,2086,1778,86,1778,135,0,0,3,0,
gamma_limit_5,SEV/SEV491^1.p,TH1,Theorem,timeout,na,2147,2756,1,2756,320,117,0,0,0,
gamma_limit_5,SEV/SEV492^1.p,TH1,Theorem,timeout,na,2134,3857,42,3857,266,56,0,0,0,
gamma_limit_5,SEV/SEV493^1.p,TH1,Theorem,timeout,na,2145,4116,53,4116,233,82,0,0,0,
gamma_limit_5,SEV/SEV494^1.p,TH1,Theorem,timeout,na,2096,2722,0,2722,221,60,0,0,0,
gamma_limit_5,SEV/SEV495^1.p,TH1,Theorem,timeout,na,2032,632,27,632,48,3,0,4,0,
gamma_limit_5,SEV/SEV496^1.p,TH1,ContradictoryAxioms,timeout,na,2066,747,42,747,47,0,0,3,0,
gamma_limit_5,SEV/SEV497^1.p,TH1,ContradictoryAxioms,timeout,na,2109,1549,18,1549,269,19,0,0,0,
gamma_limit_5,SEV/SEV498^1.p,TH1,ContradictoryAxioms,timeout,na,2145,1520,17,1520,283,84,0,0,0,
gamma_limit_5,SEV/SEV499^1.p,TH1,Theorem,timeout,na,2220,2426,2,2426,384,128,0,0,0,
gamma_limit_5,SEV/SEV500^1.p,TH1,ContradictoryAxioms,timeout,na,2074,877,46,877,55,0,0,1,0,
gamma_limit_5,SEV/SEV501^1.p,TH1,Theorem,timeout,na,2055,379,16,379,44,0,0,0,0,
gamma_limit_5,SEV/SEV502^1.p,TH1,Theorem,timeout,na,2071,1315,37,1315,221,6,0,0,0,
gamma_limit_5,SEV/SEV503^1.p,TH1,Theorem,timeout,na,2143,2962,0,2962,338,22,0,0,0,
gamma_limit_5,SEV/SEV504^1.p,TH1,Theorem,timeout,na,2106,1647,2,1647,284,18,0,0,0,
gamma_limit_5,SEV/SEV505^1.p,TH1,Theorem,timeout,na,2064,790,13,790,172,0,0,0,0,
gamma_limit_5,SEV/SEV506^1.p,TH1,Theorem,timeout,na,2106,3186,94,3186,277,53,0,0,0,
gamma_limit_5,SEV/SEV507^1.p,TH1,Theorem,timeout,na,2083,1526,4,1526,278,1,0,0,0,
gamma_limit_5,SEV/SEV508^1.p,TH1,Theorem,timeout,na,2093,1818,39,1818,264,1,0,0,0,
gamma_limit_5,SEV/SEV509^1.p,TH1,Theorem,timeout,na,2112,2931,1,2931,246,0,0,0,0,
gamma_limit_5,SEV/SEV510^1.p,TH1,Theorem,timeout,na,2073,1607,58,1607,222,0,0,0,0,
gamma_limit_5,SEV/SEV511^1.p,TH1,Theorem,timeout,na,2085,926,1,926,207,32,0,0,0,
gamma_limit_5,SEV/SEV512^1.p,TH1,Theorem,timeout,na,2086,857,13,857,225,3,0,0,0,
gamma_limit_5,SEV/SEV513^1.p,TH1,Theorem,timeout,na,2057,643,16,643,72,1,0,0,0,
gamma_limit_5,SEV/SEV514^1.p,TH1,Theorem,timeout,na,2076,2297,72,2297,223,20,0,0,0,
gamma_limit_5,SEV/SEV523^1.p,TH0,Theorem,timeout,na,2331,0,0,0,1,0,0,0,0,
gamma_limit_5,SEV/SEV524^1.p,TH0,Theorem,timeout,na,2322,0,0,0,1,0,0,0,0,
gamma_limit_5,SEV/SEV525^1.p,TH0,Unknown,timeout,na,2360,0,0,0,1,0,0,0,0,
gamma_limit_5,SEV/SEV526^1.p,TH0,Theorem,timeout,na,2366,0,0,0,1,0,0,0,0,
gamma_limit_5,SEV/SEV527^1.p,TH0,Theorem,timeout,na,2324,0,0,0,1,0,0,0,0,
gamma_limit_5,SEV/SEV528^1.p,TH0,Unknown,timeout,na,2328,0,0,0,1,0,0,0,0,
gamma_limit_5,SEV/SEV529^1.p,TH0,Theorem,timeout,na,2315,0,0,0,1,0,0,0,0,
gamma_limit_5,SEV/SEV530^1.p,TH0,Theorem,timeout,na,2313,0,0,0,1,0,0,0,0,
gamma_limit_5,SEV/SEV531^1.p,TH0,Unknown,timeout,na,2336,0,0,0,1,0,0,0,0,
gamma_limit_5,SEV/SEV532^1.p,TH0,Unknown,timeout,na,2337,0,0,0,1,0,0,0,0,
gamma_limit_5,SEV/SEV583^1.p,unknown,Theorem,parser_error,na,0,,,,,,,,,cached: Syntax Error: expected ' ' or ']' in !> binder  got [{:colon  ":"  2474}  {:atom  "nat"  2476}  {:rbracket  "]"  2479}  {:colon  ":"  2481}  {:lparen  "("  2483}  {:atom  "fin"  2485}  {:app  "@"  248
gamma_limit_5,SEV/SEV584^1.p,unknown,Theorem,parser_error,na,0,,,,,,,,,cached: Syntax Error: expected ' ' or ']' in !> binder  got [{:colon  ":"  2472}  {:atom  "nat"  2474}  {:rbracket  "]"  2477}  {:colon  ":"  2479}  {:lparen  "("  2481}  {:atom  "fin"  2483}  {:app  "@"  248
gamma_limit_5,SEV/SEV585^1.p,unknown,Theorem,parser_error,na,0,,,,,,,,,cached: Syntax Error: expected ' ' or ']' in !> binder  got [{:colon  ":"  2472}  {:atom  "nat"  2474}  {:rbracket  "]"  2477}  {:colon  ":"  2479}  {:lparen  "("  2481}  {:atom  "fin"  2483}  {:app  "@"  248
gamma_limit_5,SEV/SEV586^1.p,unknown,Theorem,parser_error,na,0,,,,,,,,,cached: Syntax Error: expected ' ' or ']' in !> binder  got [{:colon  ":"  2472}  {:atom  "nat"  2474}  {:rbracket  "]"  2477}  {:colon  ":"  2479}  {:lparen  "("  2481}  {:atom  "fin"  2483}  {:app  "@"  248
gamma_limit_5,SEV/SEV587^1.p,unknown,Theorem,parser_error,na,0,,,,,,,,,cached: Syntax Error: expected ' ' or ']' in !> binder  got [{:colon  ":"  2472}  {:atom  "nat"  2474}  {:rbracket  "]"  2477}  {:colon  ":"  2479}  {:lparen  "("  2481}  {:atom  "fin"  2483}  {:app  "@"  248
gamma_limit_5,SEV/SEV588^1.p,unknown,Theorem,parser_error,na,0,,,,,,,,,cached: Syntax Error: expected ' ' or ']' in !> binder  got [{:colon  ":"  2472}  {:atom  "nat"  2474}  {:rbracket  "]"  2477}  {:colon  ":"  2479}  {:lparen  "("  2481}  {:atom  "fin"  2483}  {:app  "@"  248
gamma_limit_5,SEV/SEV589^1.p,unknown,Theorem,parser_error,na,0,,,,,,,,,cached: Syntax Error: expected ' ' or ']' in !> binder  got [{:colon  ":"  2472}  {:atom  "nat"  2474}  {:rbracket  "]"  2477}  {:colon  ":"  2479}  {:lparen  "("  2481}  {:atom  "fin"  2483}  {:app  "@"  248
gamma_limit_5,SEV/SEV590^1.p,unknown,Theorem,parser_error,na,0,,,,,,,,,cached: Syntax Error: expected ' ' or ']' in !> binder  got [{:colon  ":"  2472}  {:atom  "nat"  2474}  {:rbracket  "]"  2477}  {:colon  ":"  2479}  {:lparen  "("  2481}  {:atom  "fin"  2483}  {:app  "@"  248
gamma_limit_5,SEV/SEV591^1.p,unknown,Theorem,parser_error,na,0,,,,,,,,,cached: Syntax Error: expected ' ' or ']' in !> binder  got [{:colon  ":"  2472}  {:atom  "nat"  2474}  {:rbracket  "]"  2477}  {:colon  ":"  2479}  {:lparen  "("  2481}  {:atom  "fin"  2483}  {:app  "@"  248
gamma_limit_5,SEV/SEV592^1.p,unknown,Theorem,parser_error,na,0,,,,,,,,,cached: Syntax Error: expected ' ' or ']' in !> binder  got [{:colon  ":"  2472}  {:atom  "nat"  2474}  {:rbracket  "]"  2477}  {:colon  ":"  2479}  {:lparen  "("  2481}  {:atom  "fin"  2483}  {:app  "@"  248
gamma_limit_5,SEV/SEV593^1.p,unknown,Theorem,parser_error,na,0,,,,,,,,,cached: Syntax Error: expected ' ' or ']' in !> binder  got [{:colon  ":"  2260}  {:atom  "nat"  2262}  {:rbracket  "]"  2265}  {:colon  ":"  2267}  {:lparen  "("  2269}  {:atom  "fin"  2271}  {:app  "@"  227
gamma_limit_5,SEV/SEV594^1.p,unknown,Theorem,parser_error,na,0,,,,,,,,,cached: Syntax Error: expected ' ' or ']' in !> binder  got [{:colon  ":"  2260}  {:atom  "nat"  2262}  {:rbracket  "]"  2265}  {:colon  ":"  2267}  {:lparen  "("  2269}  {:atom  "fin"  2271}  {:app  "@"  227
gamma_limit_5,SEV/SEV595^1.p,unknown,Theorem,parser_error,na,0,,,,,,,,,cached: Syntax Error: expected ' ' or ']' in !> binder  got [{:colon  ":"  2260}  {:atom  "nat"  2262}  {:rbracket  "]"  2265}  {:colon  ":"  2267}  {:lparen  "("  2269}  {:atom  "fin"  2271}  {:app  "@"  227
gamma_limit_5,SEV/SEV596^1.p,unknown,Theorem,parser_error,na,0,,,,,,,,,cached: Syntax Error: expected ' ' or ']' in !> binder  got [{:colon  ":"  2260}  {:atom  "nat"  2262}  {:rbracket  "]"  2265}  {:colon  ":"  2267}  {:lparen  "("  2269}  {:atom  "fin"  2271}  {:app  "@"  227
gamma_limit_5,SEV/SEV597^1.p,unknown,Theorem,parser_error,na,0,,,,,,,,,cached: Syntax Error: expected ' ' or ']' in !> binder  got [{:colon  ":"  2260}  {:atom  "nat"  2262}  {:rbracket  "]"  2265}  {:colon  ":"  2267}  {:lparen  "("  2269}  {:atom  "fin"  2271}  {:app  "@"  227
gamma_limit_5,SEV/SEV598^1.p,unknown,Theorem,parser_error,na,0,,,,,,,,,cached: Syntax Error: expected ' ' or ']' in !> binder  got [{:colon  ":"  2260}  {:atom  "nat"  2262}  {:rbracket  "]"  2265}  {:colon  ":"  2267}  {:lparen  "("  2269}  {:atom  "fin"  2271}  {:app  "@"  227
gamma_limit_5,SEV/SEV599^1.p,unknown,Theorem,parser_error,na,0,,,,,,,,,cached: Syntax Error: expected ' ' or ']' in !> binder  got [{:colon  ":"  2260}  {:atom  "nat"  2262}  {:rbracket  "]"  2265}  {:colon  ":"  2267}  {:lparen  "("  2269}  {:atom  "fin"  2271}  {:app  "@"  227
gamma_limit_5,SEV/SEV600^1.p,unknown,CounterSatisfiable,parser_error,na,0,,,,,,,,,cached: Syntax Error: expected ' ' or ']' in !> binder  got [{:colon  ":"  2271}  {:atom  "nat"  2273}  {:rbracket  "]"  2276}  {:colon  ":"  2278}  {:lparen  "("  2280}  {:atom  "fin"  2282}  {:app  "@"  228
gamma_limit_5,SEV/SEV601^1.p,unknown,CounterSatisfiable,parser_error,na,0,,,,,,,,,cached: Syntax Error: expected ' ' or ']' in !> binder  got [{:colon  ":"  2271}  {:atom  "nat"  2273}  {:rbracket  "]"  2276}  {:colon  ":"  2278}  {:lparen  "("  2280}  {:atom  "fin"  2282}  {:app  "@"  228
gamma_limit_5,SEV/SEV602^1.p,unknown,CounterSatisfiable,parser_error,na,0,,,,,,,,,cached: Syntax Error: expected ' ' or ']' in !> binder  got [{:colon  ":"  2271}  {:atom  "nat"  2273}  {:rbracket  "]"  2276}  {:colon  ":"  2278}  {:lparen  "("  2280}  {:atom  "fin"  2282}  {:app  "@"  228
gamma_limit_5,SWB/SWB109^15.p,TH0,CounterSatisfiable,timeout,na,2146,2695,40,2695,237,50,0,0,0,
gamma_limit_5,SWB/SWB109^3.p,TH0,CounterSatisfiable,timeout,na,2152,3747,38,3747,249,121,0,0,0,
gamma_limit_5,SWC/SWC425^7.p,TH0,CounterSatisfiable,timeout,na,2207,2729,32,2729,234,19,0,0,0,
gamma_limit_5,SWV/SWV010^7.p,TH0,Satisfiable,no_conjecture,na,129,,,,,,,,,
gamma_limit_5,SWV/SWV061^7.p,TH0,Theorem,timeout,na,2892,68,6,68,1,0,0,0,0,
gamma_limit_5,SWV/SWV067^7.p,TH0,Theorem,timeout,na,2907,57,5,57,1,0,0,0,0,
gamma_limit_5,SWV/SWV073^7.p,TH0,Theorem,timeout,na,2906,67,6,67,1,0,0,0,0,
gamma_limit_5,SWV/SWV079^7.p,TH0,Theorem,timeout,na,2914,64,6,64,1,0,0,0,0,
gamma_limit_5,SWV/SWV085^7.p,TH0,Theorem,timeout,na,2898,69,6,69,1,0,0,0,0,
gamma_limit_5,SWV/SWV091^7.p,TH0,Theorem,timeout,na,3033,29,2,29,1,0,0,0,0,
gamma_limit_5,SWV/SWV097^7.p,TH0,Theorem,timeout,na,3159,0,0,0,1,0,0,0,0,
gamma_limit_5,SWV/SWV103^7.p,TH0,Theorem,timeout,na,2966,60,6,60,1,0,0,0,0,
gamma_limit_5,SWV/SWV107^7.p,TH0,Theorem,timeout,na,2956,49,4,50,1,0,0,0,0,
gamma_limit_5,SWV/SWV425^1.p,TH0,CounterSatisfiable,timeout,na,2336,8370,26,8370,240,250,0,0,0,
gamma_limit_5,SWV/SWV425^2.p,TH0,Theorem,timeout,na,2047,1073,80,1073,38,4,0,2,0,
gamma_limit_5,SWV/SWV426^1.p,TH0,CounterSatisfiable,timeout,na,2238,5039,11,5039,228,168,0,0,0,
gamma_limit_5,SWV/SWV426^2.p,TH0,Theorem,timeout,na,2055,1110,77,1110,64,2,0,3,0,
gamma_limit_5,SWV/SWV426^3.p,TH0,CounterSatisfiable,timeout,na,2157,2987,13,2987,269,90,0,0,0,
gamma_limit_5,SWV/SWV426^4.p,TH0,Theorem,timeout,na,2049,1105,79,1105,55,7,0,1,0,
gamma_limit_5,SWV/SWV427^1.p,TH0,CounterSatisfiable,timeout,na,2154,3730,87,3730,194,113,0,0,0,
gamma_limit_5,SWV/SWV427^2.p,TH0,Theorem,timeout,na,2050,1513,120,1513,32,26,0,3,0,
gamma_limit_5,SWV/SWV428^1.p,TH0,CounterSatisfiable,timeout,na,2171,2992,14,2992,222,110,0,0,0,
gamma_limit_5,SWV/SWV428^2.p,TH0,Theorem,timeout,na,2037,852,71,851,12,9,0,2,0,
gamma_limit_5,SWV/SWV429^1.p,TH0,Theorem,timeout,na,2192,5436,99,5436,162,234,0,0,0,
gamma_limit_5,SWV/SWV429^2.p,TH0,Theorem,timeout,na,2045,886,60,883,35,11,0,1,0,
gamma_limit_5,SWV/SWV430^1.p,TH0,CounterSatisfiable,timeout,na,2179,4686,73,4686,217,170,0,0,0,
gamma_limit_5,SWV/SWV430^2.p,TH0,Theorem,timeout,na,2045,887,66,887,40,4,0,3,0,
gamma_limit_5,SWV/SWV431^1.p,TH0,CounterSatisfiable,timeout,na,2196,4960,1,4960,219,206,0,0,0,
gamma_limit_5,SWV/SWV431^2.p,TH0,Theorem,timeout,na,2045,1064,79,1062,48,6,0,3,0,
gamma_limit_5,SWV/SWV432^1.p,TH0,CounterSatisfiable,timeout,na,2179,4625,31,4625,217,156,0,0,0,
gamma_limit_5,SWV/SWV432^2.p,TH0,Theorem,timeout,na,2061,1215,88,1215,50,19,0,3,0,
gamma_limit_5,SWV/SWV433^1.p,TH0,CounterSatisfiable,timeout,na,2202,3833,30,3833,305,0,0,0,0,
gamma_limit_5,SWV/SWV433^2.p,TH0,Theorem,timeout,na,2050,1316,108,1316,39,4,0,3,0,
gamma_limit_5,SWV/SWV434^3.p,TH0,CounterSatisfiable,timeout,na,2336,8145,12,8145,222,298,0,0,0,
gamma_limit_5,SWV/SWV434^4.p,TH0,Theorem,timeout,na,2042,1136,86,1136,51,4,0,3,0,
gamma_limit_5,SWV/SWV435^3.p,TH0,Theorem,timeout,na,2214,6316,102,6316,187,330,0,0,0,
gamma_limit_5,SWV/SWV435^4.p,TH0,Theorem,timeout,na,2048,1319,95,1319,68,8,0,3,0,
gamma_limit_5,SWV/SWV436^3.p,TH0,CounterSatisfiable,timeout,na,2216,3651,1,3651,305,94,0,0,0,
gamma_limit_5,SWV/SWV436^4.p,TH0,Theorem,timeout,na,2046,1303,104,1303,42,12,0,3,0,
gamma_limit_5,SWV/SWV437^1.p,TH0,Theorem,timeout,na,2330,18,1,18,1,0,0,0,0,
gamma_limit_5,SWV/SWV438^1.p,TH0,Theorem,timeout,na,2323,18,1,18,1,0,0,0,0,
gamma_limit_5,SWV/SWV439^1.p,TH0,CounterSatisfiable,timeout,na,2322,20,2,20,1,0,0,0,0,
gamma_limit_5,SWV/SWV440^1.p,TH0,Theorem,timeout,na,2323,22,2,22,1,0,0,0,0,
gamma_limit_5,SWV/SWV441^1.p,TH0,Theorem,timeout,na,2095,1202,81,1202,59,13,0,1,0,
gamma_limit_5,SWV/SWV442^1.p,TH0,Theorem,thm,yes,69,6,0,6,1,1,0,0,0,
gamma_limit_5,SWV/SWV443^1.p,TH0,Theorem,thm,yes,81,7,0,7,1,1,0,0,0,
gamma_limit_5,SWV/SWV444^1.p,TH0,Theorem,timeout,na,2077,1023,69,1023,57,9,0,1,0,
gamma_limit_5,SWV/SWV445^1.p,TH0,Theorem,timeout,na,2076,932,67,932,33,13,0,1,0,
gamma_limit_5,SWV/SWV446^1.p,TH0,Theorem,timeout,na,2108,903,56,903,60,7,0,1,0,
gamma_limit_5,SWV/SWV447^1.p,TH0,Theorem,timeout,na,2083,1594,92,1594,96,14,0,1,0,
gamma_limit_5,SWW/SWW469^1.p,TH0,Theorem,timeout,na,2071,2669,44,2669,337,21,0,3,0,
gamma_limit_5,SWW/SWW470^1.p,TH0,Theorem,timeout,na,2220,307,26,307,6,0,0,1,0,
gamma_limit_5,SWW/SWW470^2.p,TH1,Theorem,parser_error,na,0,,,,,,,,,cached: Failed to parse formula 'fact_328_finite__nonempty__imp__fold1Set': [byte:116844] Type Error: Cannot unify strict function types of different arities.
gamma_limit_5,SWW/SWW470^3.p,TH1,Theorem,parser_error,na,0,,,,,,,,,cached: Failed to parse formula 'fact_311_finite__nonempty__imp__fold1Set': [byte:104766] Type Error: Cannot unify strict function types of different arities.
gamma_limit_5,SWW/SWW471^1.p,TH0,Theorem,timeout,na,2350,396,39,396,1,0,0,0,0,
gamma_limit_5,SWW/SWW471^2.p,TH0,ContradictoryAxioms,timeout,na,3590,355,35,355,1,0,0,0,0,
gamma_limit_5,SWW/SWW471^3.p,TH0,Theorem,timeout,na,4643,327,32,327,1,0,0,0,0,
gamma_limit_5,SWW/SWW472^1.p,TH0,Theorem,timeout,na,2253,692,51,692,27,0,0,1,0,
gamma_limit_5,SWW/SWW472^2.p,TH0,Theorem,timeout,na,2671,303,30,303,1,0,0,0,0,
gamma_limit_5,SWW/SWW472^3.p,TH1,Theorem,parser_error,na,0,,,,,,,,,cached: Failed to parse formula 'fact_409_finite__nonempty__imp__fold1Set': [byte:126226] Type Error: Cannot unify strict function types of different arities.
gamma_limit_5,SWW/SWW473^1.p,TH0,ContradictoryAxioms,timeout,na,2515,572,57,572,1,0,0,0,0,
gamma_limit_5,SWW/SWW473^2.p,TH0,Theorem,timeout,na,3292,377,37,377,1,0,0,0,0,
gamma_limit_5,SWW/SWW473^3.p,TH0,ContradictoryAxioms,timeout,na,4199,359,35,359,1,0,0,0,0,
gamma_limit_5,SWW/SWW474^1.p,TH0,Theorem,timeout,na,2576,285,28,285,1,0,0,0,0,
gamma_limit_5,SWW/SWW474^2.p,TH0,Theorem,timeout,na,3742,243,23,243,2,1,0,0,0,
gamma_limit_5,SWW/SWW474^3.p,TH0,Theorem,timeout,na,5208,179,17,179,2,1,0,0,0,
gamma_limit_5,SWW/SWW475^1.p,TH1,Theorem,parser_error,na,0,,,,,,,,,cached: Failed to parse formula 'fact_27_split__paired__All': [byte:22227] Type Error: Cannot unify strict function types of different arities.
gamma_limit_5,SWW/SWW475^2.p,TH1,Theorem,parser_error,na,0,,,,,,,,,cached: Failed to parse formula 'fact_21_split__paired__All': [byte:33084] Type Error: Cannot unify strict function types of different arities.
gamma_limit_5,SWW/SWW475^3.p,TH1,Theorem,parser_error,na,0,,,,,,,,,cached: Failed to parse formula 'fact_61_split__paired__All': [byte:69960] Type Error: Cannot unify strict function types of different arities.
gamma_limit_5,SWW/SWW476^1.p,TH1,Theorem,parser_error,na,0,,,,,,,,,cached: Failed to parse formula 'fact_125_split__paired__All': [byte:65316] Type Error: Cannot unify strict function types of different arities.
gamma_limit_5,SWW/SWW476^2.p,TH1,Theorem,parser_error,na,0,,,,,,,,,cached: Failed to parse formula 'fact_153_split__paired__All': [byte:91639] Type Error: Cannot unify strict function types of different arities.
gamma_limit_5,SWW/SWW476^3.p,TH1,Theorem,parser_error,na,0,,,,,,,,,cached: Failed to parse formula 'fact_367_split__paired__All': [byte:201188] Type Error: Cannot unify strict function types of different arities.
gamma_limit_5,SWW/SWW477^1.p,TH1,Theorem,parser_error,na,0,,,,,,,,,cached: Failed to parse formula 'fact_38_split__paired__All': [byte:21078] Type Error: Cannot unify strict function types of different arities.
gamma_limit_5,SWW/SWW477^2.p,TH1,Theorem,parser_error,na,0,,,,,,,,,cached: Failed to parse formula 'fact_62_split__paired__All': [byte:49406] Type Error: Cannot unify strict function types of different arities.
gamma_limit_5,SWW/SWW477^3.p,TH1,Theorem,parser_error,na,0,,,,,,,,,cached: Failed to parse formula 'fact_106_split__paired__All': [byte:93347] Type Error: Cannot unify strict function types of different arities.
gamma_limit_5,SWW/SWW478^1.p,TH1,Theorem,parser_error,na,0,,,,,,,,,cached: Failed to parse formula 'fact_21_split__paired__All': [byte:17638] Type Error: Cannot unify strict function types of different arities.
gamma_limit_5,SWW/SWW478^2.p,TH1,Theorem,parser_error,na,0,,,,,,,,,cached: Failed to parse formula 'fact_37_split__paired__All': [byte:63382] Type Error: Cannot unify strict function types of different arities.
gamma_limit_5,SWW/SWW478^3.p,TH1,Theorem,parser_error,na,0,,,,,,,,,cached: Failed to parse formula 'fact_143_split__paired__All': [byte:112259] Type Error: Cannot unify strict function types of different arities.
gamma_limit_5,SWW/SWW674^1.p,TH0,Satisfiable,no_conjecture,na,34,,,,,,,,,
gamma_limit_5,SWW/SWW971^15.p,TH0,CounterSatisfiable,timeout,na,2120,2138,27,2138,249,36,0,0,0,
gamma_limit_5,SWW/SWW971^5.p,TH0,CounterSatisfiable,timeout,na,2158,2744,1,2744,217,89,0,0,0,
gamma_limit_5,SYN/SYN000^1.p,TH0,Theorem,thm,yes,31,8,0,8,1,0,0,1,1,
gamma_limit_5,SYN/SYN000^2.p,TH0,Satisfiable,parser_error,na,0,,,,,,,,,cached: Type Error: product types (*) are not part of simple type theory.
gamma_limit_5,SYN/SYN000^3.p,TH1,Satisfiable,parser_error,na,0,,,,,,,,,cached: Failed to parse formula 'can_prove_this': [byte:2329] Type Error: Cannot unify strict function types of different arities.
gamma_limit_5,SYN/SYN000^6.p,unknown,Unknown,parser_error,na,0,,,,,,,,,cached: Lexer failed to parse entire string. Unparsed: {$necessary} @ ( ( newp @ ( newf @ newc @ a ) @ a ) & ( newp @ ( newf @ X @ a ) @ a ) ) ) ). thf(new_possible_axiom axiom  ( {$possible} @ ( ! [X: new] :
gamma_limit_5,SYN/SYN000^7.p,unknown,Unknown,parser_error,na,0,,,,,,,,,cached: Lexer failed to parse entire string. Unparsed: {$necessary(agent)} @ ( ( newp @ ( newf @ newc @ a ) @ a ) & ( newp @ ( newf @ X @ a ) @ a ) ) ) ). thf(new_possible_index_axiom axiom  ( {$possible(agen
gamma_limit_5,SYN/SYN036^5.p,TH0,Theorem,timeout,na,2073,4461,48,4461,124,494,0,0,0,
gamma_limit_5,SYN/SYN036^7.p,TH0,Theorem,timeout,na,2153,160,7,160,23,0,0,0,0,
gamma_limit_5,SYN/SYN040^4.p,TH0,CounterSatisfiable,timeout,na,2186,4024,0,4024,184,293,0,0,0,
gamma_limit_5,SYN/SYN041^4.p,TH0,Theorem,timeout,na,2202,4758,0,4758,184,319,0,0,0,
gamma_limit_5,SYN/SYN044^4.p,TH0,Theorem,timeout,na,2131,3356,59,3356,206,32,0,0,0,
gamma_limit_5,SYN/SYN045^4.p,TH0,Theorem,timeout,na,2170,3628,0,3628,197,196,0,0,0,
gamma_limit_5,SYN/SYN045^7.p,TH0,Theorem,timeout,na,2212,3617,21,3617,245,0,0,0,0,
gamma_limit_5,SYN/SYN046^4.p,TH0,CounterSatisfiable,timeout,na,2192,4597,0,4597,194,269,0,0,0,
gamma_limit_5,SYN/SYN047^4.p,TH0,CounterSatisfiable,timeout,na,2156,3337,21,3337,178,96,0,0,0,
gamma_limit_5,SYN/SYN049^5.p,TH0,Theorem,thm,yes,36,28,0,29,3,0,0,1,1,
gamma_limit_5,SYN/SYN051^5.p,TH0,Theorem,thm,yes,22,51,0,51,7,11,0,1,0,
gamma_limit_5,SYN/SYN052^7.p,TH0,Theorem,timeout,na,2140,2030,86,2030,187,39,0,0,0,
gamma_limit_5,SYN/SYN055^5.p,TH0,Theorem,thm,yes,84,228,0,228,36,13,0,1,1,
gamma_limit_5,SYN/SYN056^5.p,TH0,Theorem,timeout,na,2159,4223,4,4223,184,637,0,0,0,
gamma_limit_5,SYN/SYN057^5.p,TH0,Theorem,timeout,na,2217,7438,2,7438,1184,809,0,1,0,
gamma_limit_5,SYN/SYN058^5.p,TH0,Theorem,thm,yes,68,116,0,116,16,5,0,1,1,
gamma_limit_5,SYN/SYN059^5.p,TH0,Theorem,timeout,na,2155,6214,5,6214,331,1106,0,1,0,
gamma_limit_5,SYN/SYN064^5.p,TH0,Theorem,thm,yes,7,7,0,7,1,0,0,1,1,
gamma_limit_5,SYN/SYN355^5.p,TH0,Theorem,thm,yes,14,29,0,29,5,2,0,1,1,
gamma_limit_5,SYN/SYN356^5.p,TH0,Theorem,timeout,na,2179,6557,10,6557,966,562,0,1,0,
gamma_limit_5,SYN/SYN357^5.p,TH0,Theorem,thm,yes,5,5,0,5,1,0,0,1,1,
gamma_limit_5,SYN/SYN357^7.p,TH0,Theorem,timeout,na,2349,5924,73,5924,1372,323,0,1,0,
gamma_limit_5,SYN/SYN358^5.p,TH0,Theorem,thm,yes,18,30,1,30,2,4,0,1,1,
gamma_limit_5,SYN/SYN360^5.p,TH0,Theorem,thm,yes,13,17,0,17,2,0,0,1,1,
gamma_limit_5,SYN/SYN361^5.p,TH0,Theorem,thm,yes,22,28,1,28,4,0,0,1,1,
gamma_limit_5,SYN/SYN364^5.p,TH0,Theorem,timeout,na,2156,6394,38,6394,822,451,0,1,0,
gamma_limit_5,SYN/SYN365^5.p,TH0,Theorem,timeout,na,2109,4303,95,4303,583,217,0,1,0,
gamma_limit_5,SYN/SYN367^7.p,TH0,Theorem,timeout,na,2283,2638,28,2638,163,74,0,0,0,
gamma_limit_5,SYN/SYN374^5.p,TH0,Theorem,thm,yes,73,185,0,185,11,29,0,1,0,
gamma_limit_5,SYN/SYN375^5.p,TH0,Theorem,thm,yes,7,1,0,1,1,1,0,0,0,
gamma_limit_5,SYN/SYN377^5.p,TH0,Theorem,thm,yes,37,62,0,62,7,5,0,1,1,
gamma_limit_5,SYN/SYN377^7.p,TH0,Theorem,timeout,na,2140,1723,72,1723,194,12,0,0,0,
gamma_limit_5,SYN/SYN381^5.p,TH0,Theorem,timeout,na,2136,5753,82,5753,990,72,0,3,0,
gamma_limit_5,SYN/SYN382^5.p,TH0,Theorem,thm,yes,14,14,0,14,2,0,0,1,1,
gamma_limit_5,SYN/SYN386^5.p,TH0,Theorem,timeout,na,2248,4065,85,4065,1099,8,0,4,0,
gamma_limit_5,SYN/SYN387^4.p,TH0,CounterSatisfiable,timeout,na,2249,6319,0,6319,175,449,0,0,0,
gamma_limit_5,SYN/SYN387^7.p,TH0,CounterSatisfiable,timeout,na,2266,5252,21,5252,227,3,0,0,0,
gamma_limit_5,SYN/SYN388^4.p,TH0,CounterSatisfiable,timeout,na,2168,4143,51,4143,158,176,0,0,0,
gamma_limit_5,SYN/SYN389^4.p,TH0,CounterSatisfiable,timeout,na,2220,5363,0,5363,186,374,0,0,0,
gamma_limit_5,SYN/SYN390^4.p,TH0,Theorem,timeout,na,2247,6365,0,6365,180,462,0,0,0,
gamma_limit_5,SYN/SYN391^4.p,TH0,Theorem,timeout,na,2174,3516,0,3516,187,186,0,0,0,
gamma_limit_5,SYN/SYN392^4.p,TH0,CounterSatisfiable,timeout,na,2168,3650,0,3650,201,210,0,0,0,
gamma_limit_5,SYN/SYN397^7.p,TH0,Theorem,timeout,na,2446,5664,29,5664,209,128,0,0,0,
gamma_limit_5,SYN/SYN407^7.p,TH0,CounterSatisfiable,timeout,na,2355,3706,31,3706,212,144,0,0,0,
gamma_limit_5,SYN/SYN416^4.p,TH0,CounterSatisfiable,timeout,na,2243,5998,0,5998,167,360,0,0,0,
gamma_limit_5,SYN/SYN416^7.p,TH0,CounterSatisfiable,timeout,na,2246,4782,17,4782,234,11,0,0,0,
gamma_limit_5,SYN/SYN731^5.p,TH0,Theorem,thm,yes,14,13,1,13,1,0,0,1,1,
gamma_limit_5,SYN/SYN732^5.p,TH0,Theorem,thm,yes,22,23,1,23,2,0,0,1,1,
gamma_limit_5,SYN/SYN741^7.p,TH0,ContradictoryAxioms,timeout,na,2109,0,0,0,1,0,0,0,0,
gamma_limit_5,SYN/SYN915^4.p,TH0,Theorem,thm,yes,24,3,0,3,1,1,0,0,0,
gamma_limit_5,SYN/SYN916^4.p,TH0,CounterSatisfiable,timeout,na,2248,6320,0,6320,194,390,0,0,0,
gamma_limit_5,SYN/SYN977^4.p,TH0,CounterSatisfiable,timeout,na,2205,4892,0,4892,198,293,0,0,0,
gamma_limit_5,SYN/SYN978^4.p,TH0,Theorem,timeout,na,2210,5139,0,5139,182,308,0,0,0,
gamma_limit_5,SYN/SYN983^1.p,TH0,Theorem,thm,yes,17,53,0,44,6,12,0,0,0,
gamma_limit_5,SYN/SYN984^1.p,TH0,Theorem,timeout,na,2314,3104,5,3104,7,539,0,0,0,
gamma_limit_5,SYN/SYN985^1.p,TH0,CounterSatisfiable,timeout,na,2048,2321,183,2321,92,0,0,3,0,
gamma_limit_5,SYN/SYN987^1.p,TH0,CounterSatisfiable,csa,yes,3,2,0,2,1,0,1,0,0,¬C[1VKHM9]
gamma_limit_5,SYN/SYN987^2.p,TH0,Unsatisfiable,no_conjecture,na,0,,,,,,,,,
gamma_limit_5,SYN/SYN988^1.p,TH0,CounterSatisfiable,csa,yes,2,2,0,2,1,0,1,0,0,C[27V2UB]
gamma_limit_5,SYN/SYN988^2.p,TH0,Unsatisfiable,no_conjecture,na,0,,,,,,,,,
gamma_limit_5,SYN/SYN989^1.p,TH0,Theorem,thm,yes,2,2,0,2,1,1,0,0,0,
gamma_limit_5,SYN/SYN989^2.p,TH0,Satisfiable,no_conjecture,na,0,,,,,,,,,
gamma_limit_5,SYN/SYN989^3.p,TH0,Theorem,thm,yes,1,1,0,1,1,1,0,0,0,
gamma_limit_5,SYN/SYN990^1.p,TH0,Satisfiable,no_conjecture,na,1,,,,,,,,,
gamma_limit_5,SYN/SYN991^1.p,TH0,Unsatisfiable,no_conjecture,na,1,,,,,,,,,
gamma_limit_5,SYN/SYN992^1.p,TH0,Theorem,thm,yes,8,4,0,4,1,0,0,1,1,
gamma_limit_5,SYN/SYN993^1.p,TH0,CounterSatisfiable,timeout,na,2004,1006,110,1006,1,0,0,0,0,
gamma_limit_5,SYN/SYN994^1.p,TH0,CounterSatisfiable,timeout,na,2005,974,109,974,1,0,0,0,0,
gamma_limit_5,SYN/SYN995^1.p,TH0,CounterSatisfiable,timeout,na,2148,6954,97,6954,559,514,0,0,0,
gamma_limit_5,SYN/SYN996^1.p,TH0,Theorem,thm,yes,89,9,0,9,1,0,0,1,1,
gamma_limit_5,SYN/SYN997^1.p,TH0,Theorem,timeout,na,2004,120,12,120,1,0,0,0,0,
gamma_limit_5,SYN/SYN998^1.p,TH0,Theorem,thm,yes,3,4,0,4,1,1,0,0,0,
gamma_limit_5,SYN/SYN999^1.p,TH0,Theorem,thm,yes,20,23,1,23,4,0,0,1,1,
gamma_limit_5,SYO/SYO001^1.p,TH0,Theorem,timeout,na,2088,3601,78,3601,543,0,0,2,0,
gamma_limit_5,SYO/SYO002^1.p,TH0,Theorem,thm,yes,25,19,1,19,3,0,0,1,1,
gamma_limit_5,SYO/SYO003^1.p,TH0,Theorem,thm,yes,22,15,0,15,3,0,0,1,1,
gamma_limit_5,SYO/SYO004^1.p,TH0,Theorem,timeout,na,2095,3695,69,3695,765,0,0,3,0,
gamma_limit_5,SYO/SYO005^1.p,TH0,Theorem,thm,yes,42,21,1,21,3,0,0,1,1,
gamma_limit_5,SYO/SYO006^1.p,TH0,Theorem,thm,yes,26,34,0,30,3,7,0,0,0,
gamma_limit_5,SYO/SYO007^1.p,TH0,Theorem,thm,yes,24,35,0,31,3,7,0,0,0,
gamma_limit_5,SYO/SYO008^1.p,TH0,Theorem,timeout,na,2069,2505,79,2505,411,0,0,2,0,
gamma_limit_5,SYO/SYO009^1.p,TH0,Theorem,thm,yes,3,1,0,1,1,1,0,0,0,
gamma_limit_5,SYO/SYO010^1.p,TH0,Theorem,timeout,na,2067,2587,47,2587,500,0,0,2,0,
gamma_limit_5,SYO/SYO011^1.p,TH0,Theorem,timeout,na,2080,2592,52,2592,462,0,0,2,0,
gamma_limit_5,SYO/SYO012^1.p,TH0,Theorem,thm,yes,2,1,0,1,1,1,0,0,0,
gamma_limit_5,SYO/SYO013^1.p,TH0,Theorem,thm,yes,7,12,0,10,2,3,0,0,0,
gamma_limit_5,SYO/SYO015^1.p,TH0,Theorem,thm,yes,2,2,0,2,1,1,0,0,0,
gamma_limit_5,SYO/SYO016^1.p,TH0,Theorem,timeout,na,2046,782,2,704,14,110,0,0,0,
gamma_limit_5,SYO/SYO017^1.p,TH0,Theorem,prover_error,na,121,,,,,,,,,ShotTx.Proof.interior_event/2: unhandled trace entry {6131078658  {:instantiate  #Stream<[enum: [2510473764  2510473988]  funs: [#Function<49.48511117/1 in Stream.map/2>  #Function<49.48511117/1 in Stream.map/2>]]>  2}  []}
gamma_limit_5,SYO/SYO018^1.p,TH0,Theorem,timeout,na,2054,1488,46,1486,177,24,0,1,0,
gamma_limit_5,SYO/SYO019^1.p,TH0,Theorem,thm,yes,4,3,0,3,1,1,0,0,0,
gamma_limit_5,SYO/SYO020^1.p,TH0,Theorem,parser_error,na,0,,,,,,,,,cached: Failed to parse formula 'conj': [byte:1833] Type Error: Cannot unify strict function types of different arities.
gamma_limit_5,SYO/SYO021^1.p,TH0,Theorem,thm,yes,5,3,0,3,1,1,0,0,0,
gamma_limit_5,SYO/SYO022^1.p,TH0,Theorem,timeout,na,2071,569,36,553,228,13,0,0,0,
gamma_limit_5,SYO/SYO023^1.p,TH0,Theorem,thm,yes,5,1,0,1,1,1,0,0,0,
gamma_limit_5,SYO/SYO024^1.p,TH0,Theorem,thm,yes,116,49,0,48,16,16,0,0,0,
gamma_limit_5,SYO/SYO025^1.p,TH0,Theorem,thm,yes,4,1,0,1,1,1,0,0,0,
gamma_limit_5,SYO/SYO026^1.p,TH0,Theorem,thm,yes,18,14,0,13,4,4,0,0,0,
gamma_limit_5,SYO/SYO027^1.p,TH0,Theorem,thm,yes,1,2,0,2,1,1,0,0,0,
gamma_limit_5,SYO/SYO028^1.p,TH0,Theorem,thm,yes,2,2,0,2,1,1,0,0,0,
gamma_limit_5,SYO/SYO029^1.p,TH0,Theorem,thm,yes,5,3,0,3,1,1,0,0,0,
gamma_limit_5,SYO/SYO030^1.p,TH0,Theorem,thm,yes,27,92,0,77,10,16,0,0,0,
gamma_limit_5,SYO/SYO031^1.p,TH0,Theorem,thm,yes,7,10,0,10,1,1,0,0,0,
gamma_limit_5,SYO/SYO032^1.p,TH0,Theorem,thm,yes,47,20,1,20,1,1,0,0,0,
gamma_limit_5,SYO/SYO033^1.p,TH0,Theorem,timeout,na,2006,43,1,43,4,1,0,3,0,
gamma_limit_5,SYO/SYO034^1.p,TH0,Theorem,thm,yes,7,5,0,5,1,1,0,0,0,
gamma_limit_5,SYO/SYO035^1.p,TH0,Theorem,timeout,na,2043,1320,22,1320,261,0,0,2,0,
gamma_limit_5,SYO/SYO037^1.p,TH0,ContradictoryAxioms,timeout,na,2194,3878,0,3878,502,0,0,0,0,
gamma_limit_5,SYO/SYO039^1.p,TH0,Unsatisfiable,parser_error,na,0,,,,,,,,,cached: Failed to parse formula '1': [byte:1601] Type Error: Cannot unify strict function types of different arities.
gamma_limit_5,SYO/SYO039^2.p,TH0,Theorem,parser_error,na,0,,,,,,,,,cached: Failed to parse formula '1': [byte:1905] Type Error: Cannot unify strict function types of different arities.
gamma_limit_5,SYO/SYO040^1.p,TH0,Unsatisfiable,no_conjecture,na,0,,,,,,,,,
gamma_limit_5,SYO/SYO040^2.p,TH0,Theorem,prover_error,na,115,,,,,,,,,ShotTx.Proof.interior_event/2: unhandled trace entry {3329350691  {:instantiate  #Stream<[enum: [3329337571  3329337603]  funs: [#Function<49.48511117/1 in Stream.map/2>]]>  2}  []}
gamma_limit_5,SYO/SYO041^1.p,TH0,Unsatisfiable,no_conjecture,na,2,,,,,,,,,
gamma_limit_5,SYO/SYO041^2.p,TH0,Theorem,csa,no,200,477,0,441,15,99,1,0,0,[C[4482P] <- ⊤  C[9PCVV] <- ⊤  C[HW3W7] <- ⊤  C[I448P] <- ⊤  y <- ⊥]  Model: C[4482P]  ¬(f (f (f C[4482P])))  C[9PCVV]  ¬(g (f C[9PCVV]))  C[HW3W7]  ¬(g C[HW3W7])  C[I448P]  ¬(g C[I448P])  ¬(g C[4482P
gamma_limit_5,SYO/SYO042^1.p,TH0,Unsatisfiable,no_conjecture,na,2,,,,,,,,,
gamma_limit_5,SYO/SYO042^2.p,TH0,Theorem,unk,na,90,175,0,162,7,36,0,0,0,
gamma_limit_5,SYO/SYO043^1.p,TH0,Unsatisfiable,no_conjecture,na,1,,,,,,,,,
gamma_limit_5,SYO/SYO043^2.p,TH0,CounterSatisfiable,csa,yes,13,20,0,15,11,0,2,0,0,[f <- λ. ¬1  x <- ⊥]  Model: ¬(q (λ. f 1) x)  ¬(q (λ. ¬1) x)  ¬(q (λ. ¬1) ⊥)
gamma_limit_5,SYO/SYO044^1.p,TH0,Theorem,thm,yes,50,5,0,5,1,1,0,0,0,
gamma_limit_5,SYO/SYO045^1.p,TH0,Theorem,thm,yes,95,47,1,47,7,3,0,1,1,
gamma_limit_5,SYO/SYO046^1.p,TH0,Theorem,thm,yes,104,51,1,51,9,3,0,1,1,
gamma_limit_5,SYO/SYO047^1.p,TH0,Theorem,thm,yes,103,35,1,35,6,2,0,1,1,
gamma_limit_5,SYO/SYO048^1.p,TH0,Theorem,timeout,na,2079,2178,2,2178,106,376,0,2,0,
gamma_limit_5,SYO/SYO049^1.p,TH0,Theorem,timeout,na,2084,2352,2,2352,94,425,0,2,0,
gamma_limit_5,SYO/SYO050^1.p,TH0,CounterSatisfiable,timeout,na,2116,3585,332,3585,348,8,0,0,0,
gamma_limit_5,SYO/SYO050^2.p,TH0,Theorem,thm,yes,61,13,0,13,3,0,0,1,1,
gamma_limit_5,SYO/SYO051^1.p,TH0,CounterSatisfiable,timeout,na,2051,247,7,247,32,12,0,5,0,
gamma_limit_5,SYO/SYO051^2.p,TH0,CounterSatisfiable,timeout,na,2062,1576,124,1576,44,6,0,3,0,
gamma_limit_5,SYO/SYO052^1.p,TH0,CounterSatisfiable,timeout,na,2463,9513,1,9513,263,0,0,0,0,
gamma_limit_5,SYO/SYO052^2.p,TH0,Theorem,thm,yes,113,25,0,25,3,0,0,1,1,
gamma_limit_5,SYO/SYO053^1.p,TH0,CounterSatisfiable,timeout,na,2048,1382,182,1382,1,0,0,0,0,
gamma_limit_5,SYO/SYO053^2.p,TH0,Theorem,thm,yes,50,6,0,6,1,0,0,1,1,
gamma_limit_5,SYO/SYO054^1.p,TH0,CounterSatisfiable,csa,yes,64,13,1,13,1,0,1,0,0,[mand <- λλλ. mnot (λ. mor (λ. mnot (λ. 6 1) 1) (λ. mnot (λ. 5 1) 1) 1) 1  mbox <- λλλ. ∀(λ. (¬(4 2 1)) ∨ (3 1))  mcountersatisfiable <- λ. ∃(λ. ¬(2 1))  mdia <- λλλ. mnot (λ. mbox (λλ. 6 2 1) (λ. mno
gamma_limit_5,SYO/SYO054^2.p,TH0,CounterSatisfiable,timeout,na,2078,2108,155,2108,80,14,0,2,0,
gamma_limit_5,SYO/SYO055^1.p,TH0,CounterSatisfiable,timeout,na,2219,7366,455,7366,326,47,0,0,0,
gamma_limit_5,SYO/SYO055^2.p,TH0,CounterSatisfiable,timeout,na,2060,1076,82,1076,41,0,0,1,0,
gamma_limit_5,SYO/SYO056^1.p,TH0,CounterSatisfiable,timeout,na,2090,1266,52,1266,243,10,0,3,0,
gamma_limit_5,SYO/SYO056^2.p,TH0,CounterSatisfiable,timeout,na,2073,1400,107,1400,61,0,0,2,0,
gamma_limit_5,SYO/SYO057^1.p,TH0,CounterSatisfiable,timeout,na,2240,5416,6,5416,223,194,0,0,0,
gamma_limit_5,SYO/SYO057^2.p,TH0,Theorem,timeout,na,2061,1231,95,1231,45,0,0,2,0,
gamma_limit_5,SYO/SYO058^4.p,TH0,Theorem,timeout,na,2272,6160,1,6160,194,415,0,0,0,
gamma_limit_5,SYO/SYO059^4.p,TH0,Theorem,timeout,na,2252,6572,1,6572,196,336,0,0,0,
gamma_limit_5,SYO/SYO060^4.p,TH0,Theorem,timeout,na,2207,4577,1,4577,172,355,0,0,0,
gamma_limit_5,SYO/SYO061^4.p,TH0,Theorem,timeout,na,2233,5417,1,5417,175,367,0,0,0,
gamma_limit_5,SYO/SYO063^4.p,TH0,Theorem,timeout,na,2126,2894,16,2894,194,55,0,0,0,
gamma_limit_5,SYO/SYO076^5.p,TH0,Theorem,thm,yes,2,1,0,1,1,1,0,0,0,
gamma_limit_5,SYO/SYO077^5.p,TH0,Theorem,thm,yes,4,5,0,5,1,0,0,1,1,
gamma_limit_5,SYO/SYO078^5.p,TH0,Theorem,thm,yes,5,1,0,1,1,1,0,0,0,
gamma_limit_5,SYO/SYO079^5.p,TH0,Theorem,thm,yes,5,1,0,1,1,1,0,0,0,
gamma_limit_5,SYO/SYO080^5.p,TH0,Theorem,thm,yes,2,1,0,1,1,1,0,0,0,
gamma_limit_5,SYO/SYO081^5.p,TH0,Theorem,thm,yes,4,5,0,5,1,0,0,1,1,
gamma_limit_5,SYO/SYO082^5.p,TH0,Theorem,thm,yes,10,9,0,9,1,0,0,1,1,
gamma_limit_5,SYO/SYO083^5.p,TH0,Theorem,thm,yes,13,24,1,24,2,1,0,1,1,
gamma_limit_5,SYO/SYO084^5.p,TH0,Theorem,thm,yes,71,44,0,44,4,3,0,5,1,
gamma_limit_5,SYO/SYO085^5.p,TH0,Theorem,thm,yes,6,1,0,1,1,1,0,0,0,
gamma_limit_5,SYO/SYO086^5.p,TH0,Theorem,thm,yes,6,1,0,1,1,1,0,0,0,
gamma_limit_5,SYO/SYO087^5.p,TH0,Theorem,thm,yes,8,2,0,2,1,1,0,0,0,
gamma_limit_5,SYO/SYO088^5.p,TH0,Theorem,thm,yes,12,1,0,1,1,1,0,0,0,
gamma_limit_5,SYO/SYO089^5.p,TH0,Theorem,thm,yes,13,1,0,1,1,1,0,0,0,
gamma_limit_5,SYO/SYO090^5.p,TH0,Theorem,thm,yes,16,1,0,1,1,1,0,0,0,
gamma_limit_5,SYO/SYO091^5.p,TH0,Theorem,thm,yes,7,4,0,4,1,1,0,0,0,
gamma_limit_5,SYO/SYO092^5.p,TH0,Theorem,timeout,na,2122,6161,25,6161,379,722,0,3,0,
gamma_limit_5,SYO/SYO093^5.p,TH0,Theorem,timeout,na,2160,6641,233,6641,712,356,0,4,0,
gamma_limit_5,SYO/SYO094^5.p,TH0,Theorem,thm,yes,12,13,0,13,2,0,0,1,1,
gamma_limit_5,SYO/SYO095^5.p,TH0,Theorem,thm,yes,404,1108,2,1108,25,202,0,3,0,
gamma_limit_5,SYO/SYO096^5.p,TH0,Theorem,timeout,na,2119,6916,155,6916,769,104,0,1,0,
gamma_limit_5,SYO/SYO098^5.p,TH0,Theorem,thm,yes,19,12,0,12,2,0,0,1,1,
gamma_limit_5,SYO/SYO099^5.p,TH0,Theorem,thm,yes,16,19,0,19,2,0,0,1,1,
gamma_limit_5,SYO/SYO101^5.p,TH0,Theorem,thm,yes,37,55,2,55,3,0,0,4,1,
gamma_limit_5,SYO/SYO102^5.p,TH0,Theorem,timeout,na,2197,5134,30,5134,1297,152,0,3,0,
gamma_limit_5,SYO/SYO103^5.p,TH0,Theorem,timeout,na,2040,3593,289,3593,98,41,0,4,0,
gamma_limit_5,SYO/SYO104^5.p,TH0,Theorem,thm,yes,24,43,1,43,5,1,0,1,1,
gamma_limit_5,SYO/SYO105^5.p,TH0,Theorem,thm,yes,204,346,4,346,10,46,0,1,1,
gamma_limit_5,SYO/SYO107^5.p,TH0,Theorem,thm,yes,18,20,0,20,3,0,0,1,1,
gamma_limit_5,SYO/SYO108^5.p,TH0,Theorem,thm,yes,22,21,0,21,3,0,0,1,1,
gamma_limit_5,SYO/SYO109^5.p,TH0,Theorem,timeout,na,2077,2652,18,2652,491,99,0,3,0,
gamma_limit_5,SYO/SYO111^5.p,TH0,Theorem,thm,yes,52,53,1,53,4,8,0,1,1,
gamma_limit_5,SYO/SYO112^5.p,TH0,Theorem,thm,yes,31,53,0,53,6,4,0,1,1,
gamma_limit_5,SYO/SYO113^5.p,TH0,Theorem,timeout,na,2141,4827,14,4827,700,387,0,1,0,
gamma_limit_5,SYO/SYO114^5.p,TH0,Theorem,timeout,na,2119,4714,43,4714,433,643,0,1,0,
gamma_limit_5,SYO/SYO118^5.p,TH0,Theorem,thm,yes,3,1,0,1,1,1,0,0,0,
gamma_limit_5,SYO/SYO119^5.p,TH0,Theorem,thm,yes,3,4,0,4,1,0,0,1,1,
gamma_limit_5,SYO/SYO120^5.p,TH0,Theorem,thm,yes,2,2,0,2,1,1,0,0,0,
gamma_limit_5,SYO/SYO121^5.p,TH0,CounterSatisfiable,timeout,na,2004,1618,198,1618,1,0,0,0,0,
gamma_limit_5,SYO/SYO122^5.p,TH0,CounterSatisfiable,csa,yes,3,4,0,4,1,0,1,0,0,¬(cEQ C[LLISF] C[23MU05])
gamma_limit_5,SYO/SYO123^5.p,TH0,Theorem,thm,yes,5,12,0,12,2,0,0,2,1,
gamma_limit_5,SYO/SYO124^5.p,TH0,Theorem,thm,yes,3,1,0,1,1,1,0,0,0,
gamma_limit_5,SYO/SYO125^5.p,TH0,Theorem,thm,yes,4,1,0,1,1,1,0,0,0,
gamma_limit_5,SYO/SYO126^5.p,TH0,CounterSatisfiable,unk,na,12,7,0,7,2,0,0,0,0,
gamma_limit_5,SYO/SYO128^5.p,TH0,Theorem,thm,yes,3,1,0,1,1,1,0,0,0,
gamma_limit_5,SYO/SYO129^5.p,TH0,Theorem,thm,yes,11,38,3,38,3,1,0,2,1,
gamma_limit_5,SYO/SYO130^5.p,TH0,CounterSatisfiable,csa,yes,4,2,0,2,1,0,1,0,0,cP C[F9LHN]
gamma_limit_5,SYO/SYO131^5.p,TH0,Theorem,thm,yes,6,5,0,5,1,0,0,1,1,
gamma_limit_5,SYO/SYO132^5.p,TH0,Theorem,thm,yes,14,9,0,9,2,2,0,0,0,
gamma_limit_5,SYO/SYO133^5.p,TH0,Theorem,thm,yes,44,49,0,49,5,2,0,2,1,
gamma_limit_5,SYO/SYO134^5.p,TH0,Theorem,thm,yes,13,17,1,17,2,0,0,1,1,
gamma_limit_5,SYO/SYO135^5.p,TH0,Theorem,thm,yes,9,11,0,11,2,0,0,1,1,
gamma_limit_5,SYO/SYO136^5.p,TH0,Theorem,thm,yes,14,23,1,23,2,1,0,1,1,
gamma_limit_5,SYO/SYO137^5.p,TH0,CounterSatisfiable,csa,yes,70,218,0,218,17,33,1,0,0,¬(cM C[OP1XE])  ¬(cN C[YA4GY])  ¬(cM C[7G9NC])  ¬(cN C[AUZ6Y])  cM C[3IDHR]  ¬(cN C[3IDHR])  ¬(cM C[18DD28])  ¬(cM C[23A0SC])
gamma_limit_5,SYO/SYO138^5.p,TH0,CounterSatisfiable,csa,yes,6,4,0,4,1,0,1,0,0,cP C[22IVLJ]  ¬(cS C[22IVLJ])
gamma_limit_5,SYO/SYO139^5.p,TH0,Theorem,thm,yes,7,5,0,5,1,1,0,0,0,
gamma_limit_5,SYO/SYO140^5.p,TH0,Theorem,thm,yes,11,12,0,12,2,0,0,1,1,
gamma_limit_5,SYO/SYO141^5.p,TH0,Theorem,thm,yes,16,20,1,20,2,0,0,1,1,
gamma_limit_5,SYO/SYO142^5.p,TH0,Theorem,timeout,na,2061,2902,78,2902,131,430,0,2,0,
gamma_limit_5,SYO/SYO143^5.p,TH0,Theorem,thm,yes,11,12,1,12,1,0,0,1,1,
gamma_limit_5,SYO/SYO144^5.p,TH0,CounterSatisfiable,csa,yes,32,37,1,37,5,2,1,0,0,¬(cP C[1DFGPU])  ¬(cP C[4UUS5])  cR1 x  ¬cC
gamma_limit_5,SYO/SYO145^5.p,TH0,Theorem,thm,yes,14,17,0,17,2,0,0,2,1,
gamma_limit_5,SYO/SYO146^5.p,TH0,Theorem,thm,yes,20,39,0,39,7,5,0,1,1,
gamma_limit_5,SYO/SYO147^5.p,TH0,Theorem,timeout,na,2041,1659,15,1659,145,134,0,1,0,
gamma_limit_5,SYO/SYO148^5.p,TH0,Theorem,timeout,na,2147,5211,0,5211,230,394,0,0,0,
gamma_limit_5,SYO/SYO149^5.p,TH0,Theorem,timeout,na,2147,5862,11,5862,383,888,0,3,0,
gamma_limit_5,SYO/SYO150^5.p,TH0,CounterSatisfiable,csa,yes,41,35,1,35,4,1,1,0,0,¬(cP C[HBIDC])  ¬(cP C[M6A9P])  cR1 x  ¬cC
gamma_limit_5,SYO/SYO151^5.p,TH0,CounterSatisfiable,timeout,na,2008,3133,411,3133,3,0,0,0,0,
gamma_limit_5,SYO/SYO152^5.p,TH0,CounterSatisfiable,timeout,na,2005,229,21,229,3,6,0,0,0,
gamma_limit_5,SYO/SYO153^5.p,TH0,CounterSatisfiable,csa,yes,16,7,0,7,2,0,1,0,0,cReduct C[13HHHZ] C[2BVBK]  ¬(cReduct (cAPP C[13HHHZ] C[198PSC]) (cApp C[2BVBK] C[198PSC]))
gamma_limit_5,SYO/SYO154^5.p,TH0,Theorem,thm,yes,16,17,0,17,3,0,0,1,1,
gamma_limit_5,SYO/SYO155^5.p,TH0,CounterSatisfiable,csa,yes,5,4,0,4,1,0,1,0,0,cP C[1EXUQI]  ¬(cS C[1EXUQI])
gamma_limit_5,SYO/SYO156^5.p,TH0,CounterSatisfiable,csa,yes,7,1,0,1,1,0,1,0,0,
gamma_limit_5,SYO/SYO157^5.p,TH0,CounterSatisfiable,timeout,na,2059,3527,317,3527,512,1,0,0,0,
gamma_limit_5,SYO/SYO158^5.p,TH0,CounterSatisfiable,csa,yes,68,15,1,15,2,0,1,0,0,cQ C[1W3FRZ] C[Q09U1] C[1DYNUK]  cQ C[Q09U1] C[1N2610] C[1Q0J0L]  cQ C[1DYNUK] C[1N2610] C[18663K]  ¬(cQ C[1W3FRZ] C[1Q0J0L] C[18663K])
gamma_limit_5,SYO/SYO159^5.p,TH0,Theorem,thm,yes,21,24,0,24,3,2,0,1,1,
gamma_limit_5,SYO/SYO160^5.p,TH0,Theorem,timeout,na,2077,6241,11,6241,242,996,0,1,0,
gamma_limit_5,SYO/SYO161^5.p,TH0,Theorem,thm,yes,32,69,0,69,6,12,0,2,0,
gamma_limit_5,SYO/SYO163^5.p,TH0,CounterSatisfiable,csa,yes,68,14,0,14,4,1,1,0,0,¬(cT C[193F0J])  ¬(cT (i C[193F0J] (i C[1OCTWI] C[193F0J])))
gamma_limit_5,SYO/SYO164^5.p,TH0,CounterSatisfiable,timeout,na,2076,3585,286,3585,384,26,0,0,0,
gamma_limit_5,SYO/SYO165^5.p,TH0,CounterSatisfiable,timeout,na,2114,4329,78,4329,609,106,0,1,0,
gamma_limit_5,SYO/SYO166^5.p,TH0,CounterSatisfiable,timeout,na,2017,798,39,798,40,14,0,2,0,
gamma_limit_5,SYO/SYO167^5.p,TH0,CounterSatisfiable,timeout,na,2024,932,33,932,38,45,0,2,0,
gamma_limit_5,SYO/SYO168^5.p,TH0,CounterSatisfiable,timeout,na,2023,1016,59,1016,47,15,0,8,0,
gamma_limit_5,SYO/SYO169^5.p,TH0,Theorem,timeout,na,2125,1380,46,1380,359,0,0,4,0,
gamma_limit_5,SYO/SYO170^5.p,TH0,Theorem,timeout,na,2115,1312,48,1312,282,16,0,4,0,
gamma_limit_5,SYO/SYO171^5.p,TH0,Theorem,timeout,na,2187,6290,69,6290,1475,38,0,2,0,
gamma_limit_5,SYO/SYO173^5.p,TH0,Theorem,timeout,na,2067,3331,256,3331,205,8,0,3,0,
gamma_limit_5,SYO/SYO174^5.p,TH0,Theorem,timeout,na,2010,0,0,0,1,0,0,0,0,
gamma_limit_5,SYO/SYO175^5.p,TH0,Theorem,timeout,na,2121,5095,175,5095,601,107,0,1,0,
gamma_limit_5,SYO/SYO176^5.p,TH0,CounterSatisfiable,csa,yes,857,10,0,10,4,0,1,0,0,cL  cP  ¬cM
gamma_limit_5,SYO/SYO178^5.p,TH0,Theorem,thm,yes,91,1,0,1,1,1,0,0,0,
gamma_limit_5,SYO/SYO179^5.p,TH0,Theorem,timeout,na,2016,0,0,0,1,0,0,0,0,
gamma_limit_5,SYO/SYO180^5.p,TH0,Theorem,thm,yes,558,12,1,12,1,1,0,0,0,
gamma_limit_5,SYO/SYO181^5.p,TH0,Theorem,timeout,na,4372,0,0,0,1,0,0,0,0,
gamma_limit_5,SYO/SYO182^5.p,TH0,Theorem,timeout,na,5625,0,0,0,1,0,0,0,0,
gamma_limit_5,SYO/SYO183^5.p,TH0,Theorem,thm,yes,2,2,0,2,1,1,0,0,0,
gamma_limit_5,SYO/SYO183^6.p,TH0,Theorem,thm,yes,2,3,0,3,1,1,0,0,0,
gamma_limit_5,SYO/SYO184^5.p,TH0,Theorem,thm,yes,2,3,0,3,1,1,0,0,0,
gamma_limit_5,SYO/SYO185^5.p,TH0,Theorem,thm,yes,2,2,0,2,1,1,0,0,0,
gamma_limit_5,SYO/SYO186^5.p,TH0,Theorem,thm,yes,2,3,0,3,1,1,0,0,0,
gamma_limit_5,SYO/SYO187^5.p,TH0,Theorem,thm,yes,2,3,0,3,1,1,0,0,0,
gamma_limit_5,SYO/SYO188^5.p,TH0,Theorem,thm,yes,51,3,0,3,1,1,0,0,0,
gamma_limit_5,SYO/SYO189^5.p,TH0,Theorem,thm,yes,4,5,0,5,1,1,0,0,0,
gamma_limit_5,SYO/SYO190^5.p,TH0,Theorem,thm,yes,3,3,0,3,1,1,0,0,0,
gamma_limit_5,SYO/SYO191^5.p,TH0,Theorem,thm,yes,3,3,0,3,1,1,0,0,0,
gamma_limit_5,SYO/SYO192^5.p,TH0,Theorem,thm,yes,3,3,0,3,1,1,0,0,0,
gamma_limit_5,SYO/SYO193^5.p,TH0,Theorem,thm,yes,48,3,0,3,1,1,0,0,0,
gamma_limit_5,SYO/SYO194^5.p,TH0,Theorem,thm,yes,17,17,0,17,2,0,0,1,1,
gamma_limit_5,SYO/SYO195^5.p,TH0,Theorem,thm,yes,2,3,0,3,1,1,0,0,0,
gamma_limit_5,SYO/SYO196^5.p,TH0,Theorem,thm,yes,3,2,0,2,1,1,0,0,0,
gamma_limit_5,SYO/SYO197^5.p,TH0,Theorem,thm,yes,5,5,0,5,1,1,0,0,0,
gamma_limit_5,SYO/SYO198^5.p,TH0,Theorem,thm,yes,8,15,0,15,3,4,0,0,0,
gamma_limit_5,SYO/SYO199^5.p,TH0,Theorem,thm,yes,8,9,0,9,1,1,0,0,0,
gamma_limit_5,SYO/SYO200^5.p,TH0,Theorem,thm,yes,7,8,0,8,1,1,0,0,0,
gamma_limit_5,SYO/SYO202^5.p,TH0,Theorem,thm,yes,3,2,0,2,1,1,0,0,0,
gamma_limit_5,SYO/SYO203^5.p,TH0,Theorem,thm,yes,3,1,0,1,1,1,0,0,0,
gamma_limit_5,SYO/SYO204^5.p,TH0,Theorem,thm,yes,5,6,0,6,1,1,0,0,0,
gamma_limit_5,SYO/SYO205^5.p,TH0,Theorem,thm,yes,4,3,0,3,1,1,0,0,0,
gamma_limit_5,SYO/SYO206^5.p,TH0,Theorem,thm,yes,18,46,0,46,4,6,0,0,0,
gamma_limit_5,SYO/SYO207^5.p,TH0,Theorem,thm,yes,12,28,0,28,4,6,0,0,0,
gamma_limit_5,SYO/SYO208^5.p,TH0,Theorem,thm,yes,184,84,0,84,5,8,0,1,1,
gamma_limit_5,SYO/SYO209^5.p,TH0,Theorem,timeout,na,2025,801,11,801,124,0,0,2,0,
gamma_limit_5,SYO/SYO210^5.p,TH0,CounterSatisfiable,csa,yes,6,5,0,5,1,0,1,0,0,
gamma_limit_5,SYO/SYO211^5.p,TH0,CounterSatisfiable,timeout,na,2172,7458,139,7458,553,511,0,0,0,
gamma_limit_5,SYO/SYO212^5.p,TH0,Theorem,thm,yes,24,53,0,45,6,13,0,0,0,
gamma_limit_5,SYO/SYO213^5.p,TH0,Theorem,thm,yes,199,94,0,94,5,13,0,1,1,
gamma_limit_5,SYO/SYO214^5.p,TH0,Theorem,thm,yes,16,5,0,5,1,1,0,0,0,
gamma_limit_5,SYO/SYO215^5.p,TH0,Theorem,timeout,na,2056,2806,88,2806,280,22,0,4,0,
gamma_limit_5,SYO/SYO216^5.p,TH0,Theorem,thm,yes,8,4,0,4,1,1,0,0,0,
gamma_limit_5,SYO/SYO217^5.p,TH0,Theorem,timeout,na,2218,7094,0,7094,163,388,0,0,0,
gamma_limit_5,SYO/SYO218^5.p,TH0,Theorem,timeout,na,2053,2742,117,2742,117,28,0,0,0,
gamma_limit_5,SYO/SYO219^5.p,TH0,Theorem,timeout,na,2058,2099,123,2099,122,34,0,0,0,
gamma_limit_5,SYO/SYO220^5.p,TH0,Theorem,thm,yes,16,9,0,9,1,0,0,1,1,
gamma_limit_5,SYO/SYO221^5.p,TH0,Theorem,timeout,na,2053,1170,33,1170,363,7,0,1,0,
gamma_limit_5,SYO/SYO222^5.p,TH0,Theorem,timeout,na,2036,1069,55,1069,138,28,0,1,0,
gamma_limit_5,SYO/SYO223^5.p,TH0,Theorem,timeout,na,2106,4353,75,4353,398,329,0,1,0,
gamma_limit_5,SYO/SYO224^5.p,TH0,Theorem,timeout,na,2107,3933,44,3933,475,290,0,1,0,
gamma_limit_5,SYO/SYO225^5.p,TH0,Theorem,timeout,na,2245,4568,32,4569,212,360,0,0,0,
gamma_limit_5,SYO/SYO226^5.p,TH0,Theorem,timeout,na,2054,2472,43,2472,402,0,0,3,0,
gamma_limit_5,SYO/SYO227^5.p,TH0,Theorem,timeout,na,2059,3502,159,3502,397,0,0,2,0,
gamma_limit_5,SYO/SYO228^5.p,TH0,Theorem,timeout,na,2320,6184,18,6184,188,772,0,0,0,
gamma_limit_5,SYO/SYO229^5.p,TH0,Theorem,timeout,na,2022,949,25,949,106,15,0,3,0,
gamma_limit_5,SYO/SYO230^5.p,TH0,Theorem,timeout,na,2043,1225,37,1225,134,27,0,4,0,
gamma_limit_5,SYO/SYO231^5.p,TH0,Theorem,timeout,na,2031,1409,56,1409,122,23,0,4,0,
gamma_limit_5,SYO/SYO232^5.p,TH0,Theorem,thm,yes,14,11,0,11,2,1,0,1,1,
gamma_limit_5,SYO/SYO233^5.p,TH0,Theorem,timeout,na,2089,3291,70,3291,668,0,0,4,0,
gamma_limit_5,SYO/SYO234^5.p,TH0,Theorem,timeout,na,2014,198,2,198,23,5,0,4,0,
gamma_limit_5,SYO/SYO235^5.p,TH0,Theorem,thm,yes,40,56,0,56,5,12,0,0,0,
gamma_limit_5,SYO/SYO236^5.p,TH0,Theorem,timeout,na,2056,2508,63,2508,397,13,0,1,0,
gamma_limit_5,SYO/SYO237^5.p,TH0,Theorem,timeout,na,2044,1933,43,1933,216,9,0,2,0,
gamma_limit_5,SYO/SYO238^5.p,TH0,Theorem,timeout,na,2067,2547,49,2547,330,20,0,3,0,
gamma_limit_5,SYO/SYO239^5.p,TH0,Theorem,timeout,na,2069,2497,139,2497,360,6,0,4,0,
gamma_limit_5,SYO/SYO240^5.p,TH0,Unknown,timeout,na,2025,575,30,575,35,7,0,2,0,
gamma_limit_5,SYO/SYO241^5.p,TH0,Theorem,timeout,na,2182,3802,0,3802,498,0,0,0,0,
gamma_limit_5,SYO/SYO242^5.p,TH0,CounterSatisfiable,timeout,na,2018,883,52,883,54,2,0,2,0,
gamma_limit_5,SYO/SYO243^5.p,TH0,Theorem,timeout,na,2076,2749,38,2749,322,29,0,3,0,
gamma_limit_5,SYO/SYO244^5.p,TH0,Theorem,timeout,na,2023,632,27,632,48,9,0,2,0,
gamma_limit_5,SYO/SYO245^5.p,TH0,ContradictoryAxioms,timeout,na,2223,4206,0,4206,494,0,0,0,0,
gamma_limit_5,SYO/SYO246^5.p,TH0,Theorem,timeout,na,2018,114,3,114,9,6,0,1,0,
gamma_limit_5,SYO/SYO247^5.p,TH0,CounterSatisfiable,timeout,na,2052,754,16,754,118,56,0,0,0,
gamma_limit_5,SYO/SYO248^5.p,TH0,Theorem,timeout,na,2261,7165,2,7165,204,342,0,0,0,
gamma_limit_5,SYO/SYO249^5.p,TH0,Theorem,timeout,na,2232,2025,5,2025,210,0,0,0,0,
gamma_limit_5,SYO/SYO250^5.p,TH0,Theorem,timeout,na,2112,2,0,2,1,0,0,0,0,
gamma_limit_5,SYO/SYO252^5.p,TH0,Theorem,thm,yes,3,3,0,3,1,1,0,0,0,
gamma_limit_5,SYO/SYO253^5.p,TH0,Theorem,thm,yes,4,2,0,2,1,1,0,0,0,
gamma_limit_5,SYO/SYO255^5.p,TH0,Theorem,timeout,na,2032,1467,58,1467,142,15,0,3,0,
gamma_limit_5,SYO/SYO256^5.p,TH0,Theorem,thm,yes,58,85,0,81,6,18,0,0,0,
gamma_limit_5,SYO/SYO257^5.p,TH0,Theorem,thm,yes,23,9,0,9,1,0,0,1,1,
gamma_limit_5,SYO/SYO258^5.p,TH0,Theorem,thm,yes,290,69,3,69,3,2,0,2,1,
gamma_limit_5,SYO/SYO259^5.p,TH0,Theorem,timeout,na,2023,968,44,968,94,15,0,1,0,
gamma_limit_5,SYO/SYO260^5.p,TH0,Theorem,thm,yes,232,55,0,55,5,4,0,1,1,
gamma_limit_5,SYO/SYO261^5.p,TH0,Theorem,timeout,na,2043,2859,122,2859,270,9,0,5,0,
gamma_limit_5,SYO/SYO262^5.p,TH0,Theorem,thm,yes,126,6,0,6,1,0,0,1,1,
gamma_limit_5,SYO/SYO263^5.p,TH0,Theorem,timeout,na,2031,438,10,438,115,8,0,1,0,
gamma_limit_5,SYO/SYO264^5.p,TH0,Theorem,timeout,na,2022,495,21,495,71,9,0,0,0,
gamma_limit_5,SYO/SYO265^5.p,TH0,Theorem,timeout,na,2062,3302,136,3302,336,34,0,1,0,
gamma_limit_5,SYO/SYO266^5.p,TH0,Theorem,thm,yes,1526,717,43,717,53,18,0,1,1,
gamma_limit_5,SYO/SYO267^5.p,TH0,Theorem,thm,yes,64,12,0,12,2,0,0,1,1,
gamma_limit_5,SYO/SYO268^5.p,TH0,Theorem,thm,yes,93,66,1,66,5,2,0,1,1,
gamma_limit_5,SYO/SYO269^5.p,TH0,Theorem,timeout,na,2024,411,26,411,21,0,0,0,0,
gamma_limit_5,SYO/SYO270^5.p,TH0,Theorem,thm,yes,90,17,1,17,1,0,0,1,1,
gamma_limit_5,SYO/SYO271^5.p,TH0,Theorem,timeout,na,2081,3213,33,3213,513,0,0,3,0,
gamma_limit_5,SYO/SYO272^5.p,TH0,Theorem,timeout,na,2078,1875,41,1875,327,16,0,5,0,
gamma_limit_5,SYO/SYO274^5.p,TH0,Theorem,timeout,na,2055,3073,191,3073,246,0,0,2,0,
gamma_limit_5,SYO/SYO275^5.p,TH0,Theorem,timeout,na,2038,1406,78,1406,106,6,0,5,0,
gamma_limit_5,SYO/SYO276^5.p,TH0,Theorem,timeout,na,2050,1530,21,1530,330,0,0,2,0,
gamma_limit_5,SYO/SYO277^5.p,TH0,Theorem,timeout,na,2063,3913,220,3913,305,11,0,1,0,
gamma_limit_5,SYO/SYO278^5.p,TH0,CounterSatisfiable,timeout,na,2003,219,22,219,1,0,0,0,0,
gamma_limit_5,SYO/SYO279^5.p,TH0,CounterSatisfiable,csa,yes,5,3,0,3,1,0,1,0,0,¬(cReduct (cAPP (cLAM (λ. C[264XZ0] 1)) C[1CEUIO]) (C[264XZ0] C[1CEUIO]))
gamma_limit_5,SYO/SYO280^5.p,TH0,CounterSatisfiable,timeout,na,2028,2020,147,2020,165,2,0,4,0,
gamma_limit_5,SYO/SYO281^5.p,TH0,Theorem,thm,yes,50,6,0,6,1,0,0,1,1,
gamma_limit_5,SYO/SYO282^5.p,TH0,Theorem,thm,yes,6,6,0,6,1,0,0,1,1,
gamma_limit_5,SYO/SYO284^5.p,TH0,CounterSatisfiable,timeout,na,2004,1402,183,1402,1,0,0,0,0,
gamma_limit_5,SYO/SYO285^5.p,TH0,Theorem,thm,yes,4,3,0,3,1,0,0,1,1,
gamma_limit_5,SYO/SYO286^5.p,TH0,Theorem,thm,yes,7,8,0,8,1,0,0,1,1,
gamma_limit_5,SYO/SYO287^5.p,TH0,Theorem,timeout,na,2018,352,9,352,46,6,0,1,0,
gamma_limit_5,SYO/SYO288^5.p,TH0,Theorem,timeout,na,2033,351,9,351,74,7,0,1,0,
gamma_limit_5,SYO/SYO289^5.p,TH0,Theorem,thm,yes,15,8,0,8,1,0,0,1,1,
gamma_limit_5,SYO/SYO290^5.p,TH0,Theorem,thm,yes,4,1,0,1,1,1,0,0,0,
gamma_limit_5,SYO/SYO291^5.p,TH0,Theorem,thm,yes,7,3,0,3,1,0,0,1,1,
gamma_limit_5,SYO/SYO292^5.p,TH0,Theorem,thm,yes,143,18,0,18,3,1,0,2,1,
gamma_limit_5,SYO/SYO293^5.p,TH0,Theorem,thm,yes,15,5,0,5,1,0,0,1,1,
gamma_limit_5,SYO/SYO294^5.p,TH0,CounterSatisfiable,timeout,na,2024,927,16,927,153,5,0,3,0,
gamma_limit_5,SYO/SYO295^5.p,TH0,Theorem,timeout,na,2054,3215,146,3215,118,34,0,0,0,
gamma_limit_5,SYO/SYO296^5.p,TH0,Theorem,timeout,na,2025,1172,72,1172,84,18,0,2,0,
gamma_limit_5,SYO/SYO297^5.p,TH0,CounterSatisfiable,timeout,na,2133,4985,26,4985,847,258,0,3,0,
gamma_limit_5,SYO/SYO298^5.p,TH0,Theorem,thm,yes,105,12,0,12,2,0,0,1,1,
gamma_limit_5,SYO/SYO299^5.p,TH0,Theorem,thm,yes,48,31,0,31,4,4,0,0,0,
gamma_limit_5,SYO/SYO300^5.p,TH0,Theorem,thm,yes,21,6,0,6,1,0,0,1,1,
gamma_limit_5,SYO/SYO301^5.p,TH0,Theorem,timeout,na,2029,1191,35,1191,146,26,0,1,0,
gamma_limit_5,SYO/SYO302^5.p,TH0,CounterSatisfiable,timeout,na,2085,3055,69,3055,639,0,0,2,0,
gamma_limit_5,SYO/SYO303^5.p,TH0,Theorem,timeout,na,2056,3121,114,3121,310,43,0,1,0,
gamma_limit_5,SYO/SYO304^5.p,TH0,Theorem,unk,na,10,4,0,4,1,0,0,0,0,
gamma_limit_5,SYO/SYO305^5.p,TH0,Theorem,thm,yes,17,18,0,18,3,0,0,1,1,
gamma_limit_5,SYO/SYO306^5.p,TH0,Theorem,thm,yes,4,1,0,1,1,1,0,0,0,
gamma_limit_5,SYO/SYO307^5.p,TH0,Theorem,timeout,na,2016,316,4,316,37,15,0,1,0,
gamma_limit_5,SYO/SYO308^5.p,TH0,Theorem,thm,yes,31,42,0,42,7,4,0,1,1,
gamma_limit_5,SYO/SYO309^5.p,TH0,Theorem,timeout,na,2041,1561,108,1561,192,1,0,4,0,
gamma_limit_5,SYO/SYO310^5.p,TH0,Theorem,thm,yes,23,10,0,10,2,2,0,0,0,
gamma_limit_5,SYO/SYO311^5.p,TH0,Theorem,thm,yes,19,7,0,7,2,2,0,0,0,
gamma_limit_5,SYO/SYO312^5.p,TH0,Theorem,timeout,na,2019,912,62,912,44,6,0,2,0,
gamma_limit_5,SYO/SYO313^5.p,TH0,CounterSatisfiable,timeout,na,2140,5771,51,5772,832,269,0,1,0,
gamma_limit_5,SYO/SYO314^5.p,TH0,Theorem,thm,yes,10,1,0,1,1,1,0,0,0,
gamma_limit_5,SYO/SYO315^5.p,TH0,Theorem,thm,yes,9,1,0,1,1,1,0,0,0,
gamma_limit_5,SYO/SYO316^5.p,TH0,CounterSatisfiable,timeout,na,2049,1951,46,1951,239,0,0,1,0,
gamma_limit_5,SYO/SYO317^5.p,TH0,Theorem,timeout,na,2076,2869,50,2869,347,32,0,2,0,
gamma_limit_5,SYO/SYO318^5.p,TH0,CounterSatisfiable,timeout,na,2021,611,10,611,64,30,0,1,0,
gamma_limit_5,SYO/SYO323^5.p,TH0,CounterSatisfiable,csa,yes,29,8,0,8,2,0,1,0,0,cHALF C[RO4Q4] C[27Q8Z7]  ¬(cHALF (cS (cS C[RO4Q4])) (cS C[27Q8Z7]))
gamma_limit_5,SYO/SYO324^5.p,TH0,Theorem,timeout,na,2025,558,37,558,29,2,0,2,0,
gamma_limit_5,SYO/SYO325^5.p,TH0,Theorem,timeout,na,2024,575,29,575,41,4,0,1,0,
gamma_limit_5,SYO/SYO326^5.p,TH0,Theorem,timeout,na,2017,204,7,204,18,0,0,0,0,
gamma_limit_5,SYO/SYO327^5.p,TH0,Theorem,timeout,na,2031,1267,91,1267,58,0,0,4,0,
gamma_limit_5,SYO/SYO328^5.p,TH0,CounterSatisfiable,timeout,na,2011,2,0,2,3,0,0,0,0,
gamma_limit_5,SYO/SYO329^5.p,TH0,Theorem,timeout,na,2058,1705,61,1705,273,0,0,4,0,
gamma_limit_5,SYO/SYO330^5.p,TH0,Theorem,timeout,na,2030,1278,73,1278,61,45,0,3,0,
gamma_limit_5,SYO/SYO331^5.p,TH0,Theorem,timeout,na,2023,686,28,686,64,5,0,1,0,
gamma_limit_5,SYO/SYO332^5.p,TH0,Theorem,timeout,na,2030,1345,103,1345,41,5,0,1,0,
gamma_limit_5,SYO/SYO333^5.p,TH0,CounterSatisfiable,timeout,na,2032,1184,74,1184,80,0,0,1,0,
gamma_limit_5,SYO/SYO334^5.p,TH0,Theorem,timeout,na,2081,2242,53,2242,312,0,0,2,0,
gamma_limit_5,SYO/SYO335^5.p,TH0,Theorem,timeout,na,2071,1571,39,1571,300,0,0,5,0,
gamma_limit_5,SYO/SYO336^5.p,TH0,Unknown,timeout,na,2020,324,24,324,11,0,0,4,0,
gamma_limit_5,SYO/SYO337^5.p,TH0,Theorem,timeout,na,2033,429,20,429,34,4,0,2,0,
gamma_limit_5,SYO/SYO338^5.p,TH0,Theorem,timeout,na,2056,1127,71,1127,115,0,0,1,0,
gamma_limit_5,SYO/SYO339^5.p,TH0,CounterSatisfiable,timeout,na,2081,1438,16,1438,239,32,0,0,0,
gamma_limit_5,SYO/SYO340^5.p,TH0,CounterSatisfiable,timeout,na,2045,491,7,491,83,15,0,0,0,
gamma_limit_5,SYO/SYO341^5.p,TH0,CounterSatisfiable,timeout,na,2045,505,10,505,80,13,0,0,0,
gamma_limit_5,SYO/SYO344^5.p,TH0,Theorem,thm,yes,7,3,0,3,1,1,0,0,0,
gamma_limit_5,SYO/SYO345^5.p,TH0,Theorem,thm,yes,23,33,0,29,5,10,0,0,0,
gamma_limit_5,SYO/SYO346^5.p,TH0,Theorem,thm,yes,5,4,0,4,1,1,0,0,0,
gamma_limit_5,SYO/SYO347^5.p,TH0,Theorem,thm,yes,8,3,0,3,1,1,0,0,0,
gamma_limit_5,SYO/SYO348^5.p,TH0,Theorem,thm,yes,11,24,0,20,4,6,0,0,0,
gamma_limit_5,SYO/SYO349^5.p,TH0,Theorem,thm,yes,8,12,0,10,2,3,0,0,0,
gamma_limit_5,SYO/SYO350^5.p,TH0,Theorem,timeout,na,2048,1753,22,1753,233,11,0,2,0,
gamma_limit_5,SYO/SYO351^5.p,TH0,Theorem,thm,yes,15,18,1,18,2,1,0,1,1,
gamma_limit_5,SYO/SYO352^5.p,TH0,Theorem,timeout,na,2076,2035,33,2035,457,0,0,2,0,
gamma_limit_5,SYO/SYO353^5.p,TH0,Theorem,thm,yes,25,22,0,22,4,0,0,1,1,
gamma_limit_5,SYO/SYO354^5.p,TH0,Theorem,timeout,na,2069,2079,26,2079,495,0,0,2,0,
gamma_limit_5,SYO/SYO355^5.p,TH0,Theorem,timeout,na,2075,3055,136,3055,246,8,0,4,0,
gamma_limit_5,SYO/SYO356^5.p,TH0,Theorem,timeout,na,2051,1927,37,1927,274,28,0,2,0,
gamma_limit_5,SYO/SYO357^5.p,TH0,Theorem,thm,yes,6,1,0,1,1,1,0,0,0,
gamma_limit_5,SYO/SYO358^5.p,TH0,Theorem,thm,yes,5,1,0,1,1,1,0,0,0,
gamma_limit_5,SYO/SYO359^5.p,TH0,Theorem,timeout,na,2081,3038,25,3038,637,8,0,3,0,
gamma_limit_5,SYO/SYO360^5.p,TH0,Theorem,timeout,na,2083,2566,101,2566,221,16,0,4,0,
gamma_limit_5,SYO/SYO361^5.p,TH0,Theorem,timeout,na,2050,2226,56,2226,308,2,0,3,0,
gamma_limit_5,SYO/SYO362^5.p,TH0,Theorem,timeout,na,2081,1913,5,1913,329,64,0,1,0,
gamma_limit_5,SYO/SYO363^5.p,TH0,Theorem,timeout,na,2057,1196,17,1196,163,51,0,2,0,
gamma_limit_5,SYO/SYO364^5.p,TH0,Theorem,timeout,na,2041,1473,45,1473,210,0,0,2,0,
gamma_limit_5,SYO/SYO365^5.p,TH0,Theorem,parser_error,na,0,,,,,,,,,cached: Failed to parse formula 'cEXT2_def': [byte:1966] Type Error: Cannot unify strict function types of different arities.
gamma_limit_5,SYO/SYO366^5.p,TH0,Theorem,thm,yes,2,1,0,1,1,1,0,0,0,
gamma_limit_5,SYO/SYO367^5.p,TH0,Theorem,parser_error,na,0,,,,,,,,,cached: Failed to parse formula 'cEXT2': [byte:1793] Type Error: Cannot unify strict function types of different arities.
gamma_limit_5,SYO/SYO368^5.p,TH0,Theorem,thm,yes,16,27,0,23,3,7,0,0,0,
gamma_limit_5,SYO/SYO369^5.p,TH0,Theorem,thm,yes,3,1,0,1,1,1,0,0,0,
gamma_limit_5,SYO/SYO370^5.p,TH0,Theorem,timeout,na,2065,3289,60,3289,265,255,0,0,0,
gamma_limit_5,SYO/SYO371^5.p,TH0,Theorem,thm,yes,9,17,0,17,3,5,0,0,0,
gamma_limit_5,SYO/SYO372^5.p,TH0,Theorem,timeout,na,2053,2999,51,2999,279,255,0,0,0,
gamma_limit_5,SYO/SYO373^5.p,TH0,Theorem,timeout,na,2057,2910,30,2910,272,255,0,0,0,
gamma_limit_5,SYO/SYO374^5.p,TH0,Theorem,timeout,na,2039,1947,75,1947,190,13,0,1,0,
gamma_limit_5,SYO/SYO375^5.p,TH0,Theorem,thm,yes,7,3,0,3,1,1,0,0,0,
gamma_limit_5,SYO/SYO376^5.p,TH0,Theorem,thm,yes,950,2527,12,2470,261,472,0,0,0,
gamma_limit_5,SYO/SYO377^5.p,TH0,Theorem,thm,yes,35,60,0,51,5,12,0,0,0,
gamma_limit_5,SYO/SYO378^5.p,TH0,Theorem,timeout,na,2029,1079,40,1079,104,23,0,1,0,
gamma_limit_5,SYO/SYO379^5.p,TH0,Theorem,timeout,na,2102,5829,253,5829,585,19,0,3,0,
gamma_limit_5,SYO/SYO380^5.p,TH0,Theorem,thm,yes,8,5,0,5,1,0,0,1,1,
gamma_limit_5,SYO/SYO381^5.p,TH0,Theorem,thm,yes,15,14,0,14,2,0,0,1,1,
gamma_limit_5,SYO/SYO382^5.p,TH0,Theorem,thm,yes,14,1,0,1,1,1,0,0,0,
gamma_limit_5,SYO/SYO383^5.p,TH0,Theorem,timeout,na,2318,4261,26,4261,194,0,0,0,0,
gamma_limit_5,SYO/SYO384^5.p,TH0,Theorem,thm,yes,27,1,0,1,1,1,0,0,0,
gamma_limit_5,SYO/SYO385^5.p,TH0,Theorem,timeout,na,2467,5627,16,5627,241,0,0,0,0,
gamma_limit_5,SYO/SYO386^5.p,TH0,Theorem,timeout,na,2392,3814,18,3814,211,0,0,0,0,
gamma_limit_5,SYO/SYO387^5.p,TH0,Theorem,timeout,na,2053,114,8,114,4,0,0,0,0,
gamma_limit_5,SYO/SYO388^5.p,TH0,Theorem,timeout,na,2082,13,1,13,1,0,0,0,0,
gamma_limit_5,SYO/SYO389^5.p,TH0,Theorem,thm,yes,1,1,0,1,1,1,0,0,0,
gamma_limit_5,SYO/SYO390^5.p,TH0,Theorem,thm,yes,15,25,0,25,3,5,0,0,0,
gamma_limit_5,SYO/SYO391^5.p,TH0,Theorem,timeout,na,2106,9,0,9,1,0,0,0,0,
gamma_limit_5,SYO/SYO392^1.p,TH0,Theorem,timeout,na,2206,4482,29,4482,254,109,0,0,0,
gamma_limit_5,SYO/SYO393^1.p,TH0,Theorem,timeout,na,2176,3907,11,3907,239,186,0,0,0,
gamma_limit_5,SYO/SYO394^1.p,TH0,Theorem,timeout,na,2290,7261,65,7261,233,205,0,0,0,
gamma_limit_5,SYO/SYO395^1.p,TH0,Theorem,timeout,na,2173,4405,39,4405,206,136,0,0,0,
gamma_limit_5,SYO/SYO396^1.p,TH0,Theorem,timeout,na,2291,8226,68,8226,187,208,0,0,0,
gamma_limit_5,SYO/SYO397^1.p,TH0,Theorem,timeout,na,2195,5885,90,5885,259,99,0,0,0,
gamma_limit_5,SYO/SYO398^1.p,TH0,Theorem,timeout,na,2176,4414,39,4414,220,136,0,0,0,
gamma_limit_5,SYO/SYO399^1.p,TH0,Theorem,timeout,na,2213,5448,61,5448,232,115,0,0,0,
gamma_limit_5,SYO/SYO400^1.p,TH0,Theorem,timeout,na,2257,7366,0,7366,254,282,0,0,0,
gamma_limit_5,SYO/SYO401^1.p,TH0,Theorem,timeout,na,2251,6251,7,6251,225,243,0,0,0,
gamma_limit_5,SYO/SYO402^1.p,TH0,Theorem,timeout,na,2190,4818,1,4818,225,201,0,0,0,
gamma_limit_5,SYO/SYO403^1.p,TH0,Theorem,timeout,na,2280,6088,10,6088,222,213,0,0,0,
gamma_limit_5,SYO/SYO404^1.p,TH0,Theorem,timeout,na,2199,4510,1,4510,236,153,0,0,0,
gamma_limit_5,SYO/SYO405^1.p,TH0,Theorem,timeout,na,2190,5280,0,5280,255,192,0,0,0,
gamma_limit_5,SYO/SYO406^1.p,TH0,Theorem,timeout,na,2199,5918,115,5918,265,113,0,0,0,
gamma_limit_5,SYO/SYO407^1.p,TH0,Theorem,timeout,na,2133,3492,84,3492,266,51,0,0,0,
gamma_limit_5,SYO/SYO408^1.p,TH0,Theorem,timeout,na,2250,4592,3,4593,264,125,0,0,0,
gamma_limit_5,SYO/SYO409^1.p,TH0,Theorem,timeout,na,2240,7374,185,7374,262,126,0,0,0,
gamma_limit_5,SYO/SYO410^1.p,TH0,Theorem,timeout,na,2256,6049,22,6049,219,218,0,0,0,
gamma_limit_5,SYO/SYO411^1.p,TH0,Theorem,timeout,na,2244,6306,11,6306,284,224,0,0,0,
gamma_limit_5,SYO/SYO412^1.p,TH0,Theorem,timeout,na,2244,7065,159,7065,248,128,0,0,0,
gamma_limit_5,SYO/SYO413^1.p,TH0,Theorem,timeout,na,2361,8161,31,8161,224,235,0,0,0,
gamma_limit_5,SYO/SYO414^1.p,TH0,Theorem,timeout,na,2166,3635,29,3635,269,137,0,0,0,
gamma_limit_5,SYO/SYO415^1.p,TH0,Theorem,timeout,na,2197,4028,22,4028,233,162,0,0,0,
gamma_limit_5,SYO/SYO416^1.p,TH0,Theorem,timeout,na,2234,6177,123,6177,214,95,0,0,0,
gamma_limit_5,SYO/SYO417^1.p,TH0,Theorem,timeout,na,2177,4741,27,4741,199,66,0,0,0,
gamma_limit_5,SYO/SYO418^1.p,TH0,Theorem,timeout,na,2247,7284,145,7284,271,119,0,0,0,
gamma_limit_5,SYO/SYO419^1.p,TH0,Theorem,timeout,na,2318,7348,22,7348,186,240,0,0,0,
gamma_limit_5,SYO/SYO420^1.p,TH0,Theorem,timeout,na,2165,3916,47,3916,269,64,0,0,0,
gamma_limit_5,SYO/SYO421^1.p,TH0,Theorem,timeout,na,2170,3731,76,3731,179,102,0,0,0,
gamma_limit_5,SYO/SYO422^1.p,TH0,Theorem,timeout,na,2242,6021,1,6021,255,148,0,0,0,
gamma_limit_5,SYO/SYO423^1.p,TH0,Theorem,timeout,na,2193,4204,28,4205,242,133,0,0,0,
gamma_limit_5,SYO/SYO424^1.p,TH0,Theorem,timeout,na,2320,8217,51,8217,209,275,0,0,0,
gamma_limit_5,SYO/SYO425^1.p,TH0,Theorem,timeout,na,2203,4736,43,4736,163,93,0,0,0,
gamma_limit_5,SYO/SYO426^1.p,TH0,Theorem,timeout,na,2186,4544,57,4544,168,92,0,0,0,
gamma_limit_5,SYO/SYO427^1.p,TH0,Theorem,timeout,na,2179,4364,72,4364,257,72,0,0,0,
gamma_limit_5,SYO/SYO428^1.p,TH0,Theorem,timeout,na,2170,4126,44,4126,172,97,0,0,0,
gamma_limit_5,SYO/SYO429^1.p,TH0,Theorem,timeout,na,2294,7159,1,7159,148,0,0,0,0,
gamma_limit_5,SYO/SYO430^1.p,TH0,Theorem,timeout,na,2399,8629,0,8629,151,0,0,0,0,
gamma_limit_5,SYO/SYO431^1.p,TH0,Theorem,timeout,na,2322,7406,0,7406,180,0,0,0,0,
gamma_limit_5,SYO/SYO432^1.p,TH0,Theorem,timeout,na,2280,6842,0,6842,173,0,0,0,0,
gamma_limit_5,SYO/SYO433^1.p,TH0,Theorem,timeout,na,2314,6109,1,6109,184,428,0,0,0,
gamma_limit_5,SYO/SYO434^1.p,TH0,Theorem,timeout,na,2321,6132,1,6132,163,358,0,0,0,
gamma_limit_5,SYO/SYO435^1.p,TH0,Theorem,timeout,na,2203,4016,28,4016,161,136,0,0,0,
gamma_limit_5,SYO/SYO436^1.p,TH0,Theorem,timeout,na,2316,6165,1,6165,177,435,0,0,0,
gamma_limit_5,SYO/SYO437^1.p,TH0,Theorem,timeout,na,2282,5277,1,5277,183,396,0,0,0,
gamma_limit_5,SYO/SYO438^1.p,TH0,Theorem,timeout,na,2261,4183,2,4183,154,178,0,0,0,
gamma_limit_5,SYO/SYO439^1.p,TH0,Theorem,timeout,na,2297,5707,1,5707,176,379,0,0,0,
gamma_limit_5,SYO/SYO440^1.p,TH0,Theorem,timeout,na,2290,5624,1,5624,182,251,0,0,0,
gamma_limit_5,SYO/SYO441^1.p,TH0,Theorem,timeout,na,2381,7001,1,7001,187,266,0,0,0,
gamma_limit_5,SYO/SYO442^1.p,TH0,Theorem,timeout,na,2328,5744,2,5744,187,116,0,0,0,
gamma_limit_5,SYO/SYO443^1.p,TH0,Theorem,timeout,na,2324,5658,1,5658,170,118,0,0,0,
gamma_limit_5,SYO/SYO444^1.p,TH0,Theorem,timeout,na,2321,5650,1,5650,191,164,0,0,0,
gamma_limit_5,SYO/SYO445^1.p,TH0,Theorem,timeout,na,2299,5264,1,5264,172,136,0,0,0,
gamma_limit_5,SYO/SYO446^1.p,TH0,Theorem,timeout,na,2386,7052,1,7052,163,271,0,0,0,
gamma_limit_5,SYO/SYO447^1.p,TH0,Theorem,timeout,na,2349,6166,1,6166,188,220,0,0,0,
gamma_limit_5,SYO/SYO448^1.p,TH0,Theorem,timeout,na,2354,5490,1,5490,187,125,0,0,0,
gamma_limit_5,SYO/SYO449^1.p,TH0,Theorem,timeout,na,2293,5227,1,5227,188,150,0,0,0,
gamma_limit_5,SYO/SYO450^1.p,TH0,CounterSatisfiable,timeout,na,2164,4514,38,4514,274,98,0,0,0,
gamma_limit_5,SYO/SYO450^2.p,TH0,CounterSatisfiable,timeout,na,2263,7040,109,7040,264,150,0,0,0,
gamma_limit_5,SYO/SYO450^3.p,TH0,Theorem,timeout,na,2116,2698,55,2698,271,60,0,0,0,
gamma_limit_5,SYO/SYO450^4.p,TH0,Theorem,timeout,na,2258,6047,1,6047,173,0,0,0,0,
gamma_limit_5,SYO/SYO450^5.p,TH0,Theorem,timeout,na,2266,4831,1,4831,177,294,0,0,0,
gamma_limit_5,SYO/SYO450^6.p,TH0,Theorem,timeout,na,2321,5566,1,5566,185,144,0,0,0,
gamma_limit_5,SYO/SYO451^1.p,TH0,CounterSatisfiable,timeout,na,2170,4136,42,4136,218,161,0,0,0,
gamma_limit_5,SYO/SYO451^2.p,TH0,CounterSatisfiable,timeout,na,2202,3928,13,3928,206,61,0,0,0,
gamma_limit_5,SYO/SYO451^3.p,TH0,CounterSatisfiable,timeout,na,2189,4806,29,4806,259,150,0,0,0,
gamma_limit_5,SYO/SYO451^4.p,TH0,CounterSatisfiable,timeout,na,2299,7414,0,7414,158,0,0,0,0,
gamma_limit_5,SYO/SYO451^5.p,TH0,Theorem,timeout,na,2315,6265,1,6265,174,414,0,0,0,
gamma_limit_5,SYO/SYO451^6.p,TH0,Theorem,timeout,na,2337,5871,1,5871,186,220,0,0,0,
gamma_limit_5,SYO/SYO452^1.p,TH0,CounterSatisfiable,timeout,na,2285,7110,26,7110,220,225,0,0,0,
gamma_limit_5,SYO/SYO452^2.p,TH0,CounterSatisfiable,timeout,na,2200,3631,29,3631,215,55,0,0,0,
gamma_limit_5,SYO/SYO452^3.p,TH0,CounterSatisfiable,timeout,na,2198,3984,99,3984,218,95,0,0,0,
gamma_limit_5,SYO/SYO452^4.p,TH0,CounterSatisfiable,timeout,na,2278,7021,0,7021,171,0,0,0,0,
gamma_limit_5,SYO/SYO452^5.p,TH0,CounterSatisfiable,timeout,na,2286,5498,1,5498,168,309,0,0,0,
gamma_limit_5,SYO/SYO452^6.p,TH0,CounterSatisfiable,timeout,na,2334,6015,1,6015,181,317,0,0,0,
gamma_limit_5,SYO/SYO453^1.p,TH0,CounterSatisfiable,timeout,na,2267,6138,15,6138,215,246,0,0,0,
gamma_limit_5,SYO/SYO453^2.p,TH0,CounterSatisfiable,timeout,na,2210,4696,36,4696,219,107,0,0,0,
gamma_limit_5,SYO/SYO453^3.p,TH0,CounterSatisfiable,timeout,na,2192,4268,59,4268,213,104,0,0,0,
gamma_limit_5,SYO/SYO453^4.p,TH0,CounterSatisfiable,timeout,na,2434,8896,0,8896,152,0,0,0,0,
gamma_limit_5,SYO/SYO453^5.p,TH0,CounterSatisfiable,timeout,na,2260,4618,1,4619,183,256,0,0,0,
gamma_limit_5,SYO/SYO453^6.p,TH0,CounterSatisfiable,timeout,na,2406,6872,1,6872,190,301,0,0,0,
gamma_limit_5,SYO/SYO454^1.p,TH0,CounterSatisfiable,timeout,na,2175,3837,21,3837,208,158,0,0,0,
gamma_limit_5,SYO/SYO454^2.p,TH0,CounterSatisfiable,timeout,na,2219,4861,28,4861,193,109,0,0,0,
gamma_limit_5,SYO/SYO454^3.p,TH0,CounterSatisfiable,timeout,na,2191,3576,106,3576,225,116,0,0,0,
gamma_limit_5,SYO/SYO454^4.p,TH0,CounterSatisfiable,timeout,na,2277,6914,0,6914,150,0,0,0,0,
gamma_limit_5,SYO/SYO454^5.p,TH0,CounterSatisfiable,timeout,na,2253,4977,1,4977,181,378,0,0,0,
gamma_limit_5,SYO/SYO454^6.p,TH0,Theorem,timeout,na,2335,5903,1,5903,170,242,0,0,0,
gamma_limit_5,SYO/SYO455^1.p,TH0,CounterSatisfiable,timeout,na,2166,4630,138,4630,231,89,0,0,0,
gamma_limit_5,SYO/SYO455^2.p,TH0,Theorem,timeout,na,2149,3191,38,3191,260,59,0,0,0,
gamma_limit_5,SYO/SYO455^3.p,TH0,Theorem,timeout,na,2235,5246,117,5246,210,147,0,0,0,
gamma_limit_5,SYO/SYO455^4.p,TH0,Theorem,timeout,na,2290,7167,0,7167,148,0,0,0,0,
gamma_limit_5,SYO/SYO455^5.p,TH0,Theorem,timeout,na,2268,5035,1,5035,175,335,0,0,0,
gamma_limit_5,SYO/SYO455^6.p,TH0,Theorem,timeout,na,2392,7092,1,7092,165,314,0,0,0,
gamma_limit_5,SYO/SYO456^1.p,TH0,CounterSatisfiable,timeout,na,2231,5833,8,5833,225,226,0,0,0,
gamma_limit_5,SYO/SYO456^2.p,TH0,CounterSatisfiable,timeout,na,2289,6789,69,6789,234,131,0,0,0,
gamma_limit_5,SYO/SYO456^3.p,TH0,CounterSatisfiable,timeout,na,2210,5341,59,5341,181,115,0,0,0,
gamma_limit_5,SYO/SYO456^4.p,TH0,Theorem,timeout,na,2313,7748,0,7748,146,0,0,0,0,
gamma_limit_5,SYO/SYO456^6.p,TH0,Theorem,timeout,na,2384,7207,1,7207,182,420,0,0,0,
gamma_limit_5,SYO/SYO457^1.p,TH0,CounterSatisfiable,timeout,na,2310,6943,11,6943,233,252,0,0,0,
gamma_limit_5,SYO/SYO457^2.p,TH0,CounterSatisfiable,timeout,na,2269,7143,118,7143,223,120,0,0,0,
gamma_limit_5,SYO/SYO457^3.p,TH0,Theorem,timeout,na,2170,4276,41,4276,168,99,0,0,0,
gamma_limit_5,SYO/SYO457^4.p,TH0,Theorem,timeout,na,2285,7044,0,7044,167,0,0,0,0,
gamma_limit_5,SYO/SYO457^5.p,TH0,Theorem,timeout,na,2289,5534,1,5534,151,371,0,0,0,
gamma_limit_5,SYO/SYO457^6.p,TH0,Theorem,timeout,na,2386,6992,1,6992,162,218,0,0,0,
gamma_limit_5,SYO/SYO458^2.p,TH0,Theorem,timeout,na,2205,5210,91,5210,222,100,0,0,0,
gamma_limit_5,SYO/SYO458^3.p,TH0,Theorem,timeout,na,2222,5715,68,5715,190,110,0,0,0,
gamma_limit_5,SYO/SYO458^4.p,TH0,Theorem,timeout,na,2288,6558,0,6558,175,0,0,0,0,
gamma_limit_5,SYO/SYO458^5.p,TH0,Theorem,timeout,na,2239,4677,1,4677,182,302,0,0,0,
gamma_limit_5,SYO/SYO458^6.p,TH0,Theorem,timeout,na,2377,6977,1,6977,182,359,0,0,0,
gamma_limit_5,SYO/SYO459^1.p,TH0,CounterSatisfiable,timeout,na,2245,5655,36,5655,261,158,0,0,0,
gamma_limit_5,SYO/SYO459^2.p,TH0,CounterSatisfiable,timeout,na,2197,4725,53,4725,216,92,0,0,0,
gamma_limit_5,SYO/SYO459^3.p,TH0,CounterSatisfiable,timeout,na,2228,6181,107,6181,184,123,0,0,0,
gamma_limit_5,SYO/SYO459^4.p,TH0,Theorem,timeout,na,2301,7258,1,7258,149,0,0,0,0,
gamma_limit_5,SYO/SYO459^6.p,TH0,Theorem,timeout,na,2398,7129,1,7129,163,235,0,0,0,
gamma_limit_5,SYO/SYO460^1.p,TH0,Theorem,timeout,na,2315,8086,2,8086,255,291,0,0,0,
gamma_limit_5,SYO/SYO460^2.p,TH0,Theorem,timeout,na,2188,4559,75,4559,228,116,0,0,0,
gamma_limit_5,SYO/SYO460^3.p,TH0,Theorem,timeout,na,2161,3196,32,3196,250,112,0,0,0,
gamma_limit_5,SYO/SYO460^4.p,TH0,Theorem,timeout,na,2302,7369,0,7369,151,0,0,0,0,
gamma_limit_5,SYO/SYO460^5.p,TH0,Theorem,timeout,na,2358,6893,1,6893,169,473,0,0,0,
gamma_limit_5,SYO/SYO460^6.p,TH0,Theorem,timeout,na,2319,5985,1,5985,168,379,0,0,0,
gamma_limit_5,SYO/SYO461^1.p,TH0,CounterSatisfiable,timeout,na,2271,7331,1,7331,221,280,0,0,0,
gamma_limit_5,SYO/SYO461^2.p,TH0,CounterSatisfiable,timeout,na,2177,3810,11,3810,188,153,0,0,0,
gamma_limit_5,SYO/SYO461^3.p,TH0,CounterSatisfiable,timeout,na,2186,4288,32,4288,202,133,0,0,0,
gamma_limit_5,SYO/SYO461^4.p,TH0,CounterSatisfiable,timeout,na,2268,6494,0,6494,149,0,0,0,0,
gamma_limit_5,SYO/SYO461^5.p,TH0,CounterSatisfiable,timeout,na,2314,6145,1,6145,185,343,0,0,0,
gamma_limit_5,SYO/SYO461^6.p,TH0,CounterSatisfiable,timeout,na,2323,5710,1,5710,188,317,0,0,0,
gamma_limit_5,SYO/SYO462^2.p,TH0,Theorem,timeout,na,2127,2804,67,2804,232,113,0,0,0,
gamma_limit_5,SYO/SYO462^3.p,TH0,Theorem,timeout,na,2178,4193,38,4193,227,163,0,0,0,
gamma_limit_5,SYO/SYO462^4.p,TH0,Theorem,timeout,na,2286,7064,0,7064,165,0,0,0,0,
gamma_limit_5,SYO/SYO462^5.p,TH0,Theorem,timeout,na,2307,6028,1,6028,182,368,0,0,0,
gamma_limit_5,SYO/SYO462^6.p,TH0,Theorem,timeout,na,2339,5736,1,5736,190,273,0,0,0,
gamma_limit_5,SYO/SYO463^1.p,TH0,CounterSatisfiable,timeout,na,2171,4147,0,4147,225,181,0,0,0,
gamma_limit_5,SYO/SYO463^2.p,TH0,CounterSatisfiable,timeout,na,2182,4182,38,4182,226,159,0,0,0,
gamma_limit_5,SYO/SYO463^3.p,TH0,CounterSatisfiable,timeout,na,2198,4942,52,4942,179,93,0,0,0,
gamma_limit_5,SYO/SYO463^4.p,TH0,CounterSatisfiable,timeout,na,2371,8099,0,8099,136,0,0,0,0,
gamma_limit_5,SYO/SYO463^5.p,TH0,Theorem,timeout,na,2249,4562,1,4562,177,232,0,0,0,
gamma_limit_5,SYO/SYO463^6.p,TH0,Theorem,timeout,na,2300,5126,1,5126,187,145,0,0,0,
gamma_limit_5,SYO/SYO464^1.p,TH0,CounterSatisfiable,timeout,na,2239,5696,22,5696,246,180,0,0,0,
gamma_limit_5,SYO/SYO464^2.p,TH0,CounterSatisfiable,timeout,na,2206,4461,31,4461,231,119,0,0,0,
gamma_limit_5,SYO/SYO464^3.p,TH0,CounterSatisfiable,timeout,na,2184,4247,25,4247,247,125,0,0,0,
gamma_limit_5,SYO/SYO464^4.p,TH0,Theorem,timeout,na,2276,5773,1,5773,130,14,0,0,0,
gamma_limit_5,SYO/SYO464^5.p,TH0,Theorem,timeout,na,2299,5658,1,5658,177,324,0,0,0,
gamma_limit_5,SYO/SYO464^6.p,TH0,Theorem,timeout,na,2328,5843,1,5843,187,174,0,0,0,
gamma_limit_5,SYO/SYO465^1.p,TH0,CounterSatisfiable,timeout,na,2250,6344,31,6344,199,234,0,0,0,
gamma_limit_5,SYO/SYO465^2.p,TH0,CounterSatisfiable,timeout,na,2216,5068,42,5068,193,81,0,0,0,
gamma_limit_5,SYO/SYO465^3.p,TH0,CounterSatisfiable,timeout,na,2217,5642,87,5642,175,200,0,0,0,
gamma_limit_5,SYO/SYO465^4.p,TH0,CounterSatisfiable,timeout,na,2380,8753,0,8753,163,0,0,0,0,
gamma_limit_5,SYO/SYO465^5.p,TH0,CounterSatisfiable,timeout,na,2275,5602,1,5602,155,378,0,0,0,
gamma_limit_5,SYO/SYO465^6.p,TH0,CounterSatisfiable,timeout,na,2406,7022,1,7022,186,335,0,0,0,
gamma_limit_5,SYO/SYO467^1.p,TH0,CounterSatisfiable,timeout,na,2233,5085,19,5085,223,152,0,0,0,
gamma_limit_5,SYO/SYO467^2.p,TH0,CounterSatisfiable,timeout,na,2309,6441,13,6441,204,132,0,0,0,
gamma_limit_5,SYO/SYO467^3.p,TH0,CounterSatisfiable,timeout,na,2215,6032,121,6032,174,107,0,0,0,
gamma_limit_5,SYO/SYO467^4.p,TH0,CounterSatisfiable,timeout,na,2297,7441,0,7441,170,0,0,0,0,
gamma_limit_5,SYO/SYO467^5.p,TH0,CounterSatisfiable,timeout,na,2239,4585,7,4585,197,99,0,0,0,
gamma_limit_5,SYO/SYO467^6.p,TH0,CounterSatisfiable,timeout,na,2378,7108,1,7108,184,386,0,0,0,
gamma_limit_5,SYO/SYO468^1.p,TH0,CounterSatisfiable,timeout,na,2194,4497,28,4497,207,198,0,0,0,
gamma_limit_5,SYO/SYO468^2.p,TH0,CounterSatisfiable,timeout,na,2226,3589,8,3589,230,32,0,0,0,
gamma_limit_5,SYO/SYO468^3.p,TH0,CounterSatisfiable,timeout,na,2212,5573,54,5573,172,129,0,0,0,
gamma_limit_5,SYO/SYO468^4.p,TH0,CounterSatisfiable,timeout,na,2284,7023,0,7023,171,0,0,0,0,
gamma_limit_5,SYO/SYO468^5.p,TH0,CounterSatisfiable,timeout,na,2318,6134,1,6134,148,429,0,0,0,
gamma_limit_5,SYO/SYO468^6.p,TH0,Theorem,timeout,na,2341,6063,1,6063,163,192,0,0,0,
gamma_limit_5,SYO/SYO469^1.p,TH0,CounterSatisfiable,timeout,na,2248,5574,8,5574,218,178,0,0,0,
gamma_limit_5,SYO/SYO469^2.p,TH0,CounterSatisfiable,timeout,na,2200,5064,63,5064,216,138,0,0,0,
gamma_limit_5,SYO/SYO469^3.p,TH0,CounterSatisfiable,timeout,na,2182,4758,59,4758,178,103,0,0,0,
gamma_limit_5,SYO/SYO469^4.p,TH0,CounterSatisfiable,timeout,na,2286,6760,1,6760,133,0,0,0,0,
gamma_limit_5,SYO/SYO469^5.p,TH0,Theorem,timeout,na,2304,5888,1,5888,194,379,0,0,0,
gamma_limit_5,SYO/SYO469^6.p,TH0,Theorem,timeout,na,2325,5673,1,5673,168,152,0,0,0,
gamma_limit_5,SYO/SYO470^1.p,TH0,CounterSatisfiable,timeout,na,2246,6332,23,6332,220,206,0,0,0,
gamma_limit_5,SYO/SYO470^2.p,TH0,CounterSatisfiable,timeout,na,2252,5514,43,5514,231,94,0,0,0,
gamma_limit_5,SYO/SYO470^3.p,TH0,CounterSatisfiable,timeout,na,2207,5334,27,5334,192,138,0,0,0,
gamma_limit_5,SYO/SYO470^4.p,TH0,CounterSatisfiable,timeout,na,2335,7568,0,7568,152,0,0,0,0,
gamma_limit_5,SYO/SYO470^5.p,TH0,CounterSatisfiable,timeout,na,2281,6027,1,6027,178,400,0,0,0,
gamma_limit_5,SYO/SYO470^6.p,TH0,Theorem,timeout,na,2339,6157,1,6157,169,220,0,0,0,
gamma_limit_5,SYO/SYO471^1.p,TH0,CounterSatisfiable,timeout,na,2315,7395,24,7395,202,306,0,0,0,
gamma_limit_5,SYO/SYO471^2.p,TH0,CounterSatisfiable,timeout,na,2367,7101,39,7101,192,226,0,0,0,
gamma_limit_5,SYO/SYO471^3.p,TH0,CounterSatisfiable,timeout,na,2163,3777,131,3777,194,83,0,0,0,
gamma_limit_5,SYO/SYO471^4.p,TH0,CounterSatisfiable,timeout,na,2319,7712,0,7712,145,0,0,0,0,
gamma_limit_5,SYO/SYO471^5.p,TH0,CounterSatisfiable,timeout,na,2315,6196,1,6196,193,452,0,0,0,
gamma_limit_5,SYO/SYO471^6.p,TH0,Theorem,timeout,na,2377,6807,1,6807,189,173,0,0,0,
gamma_limit_5,SYO/SYO472^1.p,TH0,CounterSatisfiable,timeout,na,2178,5094,114,5094,276,92,0,0,0,
gamma_limit_5,SYO/SYO472^2.p,TH0,CounterSatisfiable,timeout,na,2121,2960,62,2960,269,49,0,0,0,
gamma_limit_5,SYO/SYO472^3.p,TH0,CounterSatisfiable,timeout,na,2198,3484,30,3484,228,72,0,0,0,
gamma_limit_5,SYO/SYO472^4.p,TH0,CounterSatisfiable,timeout,na,2254,6239,0,6239,172,0,0,0,0,
gamma_limit_5,SYO/SYO472^5.p,TH0,CounterSatisfiable,timeout,na,2256,5404,1,5404,158,340,0,0,0,
gamma_limit_5,SYO/SYO472^6.p,TH0,CounterSatisfiable,timeout,na,2350,6272,1,6272,183,276,0,0,0,
gamma_limit_5,SYO/SYO473^1.p,TH0,CounterSatisfiable,timeout,na,2180,4461,3,4461,225,187,0,0,0,
gamma_limit_5,SYO/SYO473^2.p,TH0,CounterSatisfiable,timeout,na,2226,3612,3,3612,268,200,0,0,0,
gamma_limit_5,SYO/SYO473^3.p,TH0,CounterSatisfiable,timeout,na,2276,6471,4,6471,225,249,0,0,0,
gamma_limit_5,SYO/SYO473^4.p,TH0,CounterSatisfiable,timeout,na,2253,6046,1,6046,171,0,0,0,0,
gamma_limit_5,SYO/SYO473^5.p,TH0,CounterSatisfiable,timeout,na,2210,4154,1,4154,171,285,0,0,0,
gamma_limit_5,SYO/SYO473^6.p,TH0,CounterSatisfiable,timeout,na,2280,4682,1,4682,172,261,0,0,0,
gamma_limit_5,SYO/SYO474^1.p,TH0,CounterSatisfiable,timeout,na,2145,3637,66,3637,214,95,0,0,0,
gamma_limit_5,SYO/SYO474^2.p,TH0,CounterSatisfiable,timeout,na,2267,5525,39,5525,208,73,0,0,0,
gamma_limit_5,SYO/SYO474^3.p,TH0,CounterSatisfiable,timeout,na,2201,4975,58,4975,173,124,0,0,0,
gamma_limit_5,SYO/SYO474^4.p,TH0,CounterSatisfiable,timeout,na,2192,4240,1,4240,148,14,0,0,0,
gamma_limit_5,SYO/SYO474^5.p,TH0,CounterSatisfiable,timeout,na,2227,4447,1,4447,157,313,0,0,0,
gamma_limit_5,SYO/SYO474^6.p,TH0,Theorem,timeout,na,2269,4664,1,4664,195,175,0,0,0,
gamma_limit_5,SYO/SYO475^6.p,TH0,Theorem,thm,yes,74,37,2,37,4,0,0,1,1,
gamma_limit_5,SYO/SYO476^6.p,TH0,Theorem,thm,yes,74,25,1,25,3,0,0,1,1,
gamma_limit_5,SYO/SYO477^6.p,TH0,CounterSatisfiable,timeout,na,2189,5137,132,5137,138,25,0,0,0,
gamma_limit_5,SYO/SYO478^6.p,TH0,Theorem,thm,yes,76,26,2,26,3,0,0,1,1,
gamma_limit_5,SYO/SYO479^6.p,TH0,CounterSatisfiable,timeout,na,2238,5696,36,5696,173,127,0,0,0,
gamma_limit_5,SYO/SYO480^6.p,TH0,Theorem,thm,yes,74,25,2,25,3,0,0,1,1,
gamma_limit_5,SYO/SYO481^6.p,TH0,Theorem,thm,yes,64,11,1,11,1,1,0,0,0,
gamma_limit_5,SYO/SYO482^6.p,TH0,Theorem,timeout,na,2199,5697,38,5697,153,92,0,0,0,
gamma_limit_5,SYO/SYO483^6.p,TH0,Theorem,timeout,na,2188,5404,199,5404,167,54,0,0,0,
gamma_limit_5,SYO/SYO484^6.p,TH0,CounterSatisfiable,timeout,na,2215,5715,76,5715,177,129,0,0,0,
gamma_limit_5,SYO/SYO485^6.p,TH0,Theorem,timeout,na,2114,4254,190,4254,173,41,0,0,0,
gamma_limit_5,SYO/SYO486^6.p,TH0,CounterSatisfiable,timeout,na,2311,6458,14,6458,183,86,0,0,0,
gamma_limit_5,SYO/SYO487^6.p,TH0,Theorem,thm,yes,78,33,2,33,4,0,0,1,1,
gamma_limit_5,SYO/SYO488^6.p,TH0,Theorem,thm,yes,78,24,2,24,2,0,0,1,1,
gamma_limit_5,SYO/SYO489^6.p,TH0,CounterSatisfiable,timeout,na,2288,4843,1,4843,174,177,0,0,0,
gamma_limit_5,SYO/SYO490^6.p,TH0,CounterSatisfiable,timeout,na,2204,5464,183,5464,143,52,0,0,0,
gamma_limit_5,SYO/SYO491^6.p,TH0,CounterSatisfiable,timeout,na,2280,5701,70,5701,1296,84,0,1,0,
gamma_limit_5,SYO/SYO492^6.p,TH0,CounterSatisfiable,timeout,na,2309,5951,57,5952,1404,112,0,1,0,
gamma_limit_5,SYO/SYO493^6.p,TH0,CounterSatisfiable,timeout,na,2304,5797,70,5797,171,128,0,0,0,
gamma_limit_5,SYO/SYO494^6.p,TH0,CounterSatisfiable,timeout,na,2228,5731,94,5731,178,72,0,0,0,
gamma_limit_5,SYO/SYO495^6.p,TH0,Theorem,timeout,na,2200,5721,97,5721,923,164,0,1,0,
gamma_limit_5,SYO/SYO496^6.p,TH0,CounterSatisfiable,timeout,na,2263,5963,39,5963,1298,101,0,1,0,
gamma_limit_5,SYO/SYO497^6.p,TH0,Theorem,timeout,na,2299,5107,125,5107,160,34,0,0,0,
gamma_limit_5,SYO/SYO498^6.p,TH0,CounterSatisfiable,timeout,na,2248,6053,27,6053,231,129,0,0,0,
gamma_limit_5,SYO/SYO499^1.p,TH0,Theorem,timeout,na,2060,2261,39,2261,324,15,0,2,0,
gamma_limit_5,SYO/SYO500^1.p,TH0,Theorem,prover_error,na,28,,,,,,,,,ShotTx.Proof.interior_event/2: unhandled trace entry {6665984770  {:instantiate  #Stream<[enum: [6665985570  6665985602]  funs: [#Function<49.48511117/1 in Stream.map/2>]]>  2}  []}
gamma_limit_5,SYO/SYO501^1.p,TH0,Theorem,parser_error,na,0,,,,,,,,,cached: Failed to parse formula 'claim': [byte:1943] Type Error: Cannot unify strict function types of different arities.
gamma_limit_5,SYO/SYO502^1.p,TH0,Theorem,thm,yes,8,3,0,3,1,1,0,0,0,
gamma_limit_5,SYO/SYO503^1.p,TH0,Theorem,thm,yes,41,62,0,50,5,23,0,0,0,
gamma_limit_5,SYO/SYO504^1.p,TH0,Theorem,timeout,na,2005,7,0,7,2,0,0,0,0,
gamma_limit_5,SYO/SYO505^1.p,TH0,ContradictoryAxioms,timeout,na,2036,2039,96,2039,146,4,0,4,0,
gamma_limit_5,SYO/SYO506^1.p,TH0,Theorem,timeout,na,2099,2097,81,2088,86,36,0,0,0,
gamma_limit_5,SYO/SYO507^1.p,TH0,Theorem,timeout,na,2065,3289,57,3289,265,255,0,0,0,
gamma_limit_5,SYO/SYO509^1.p,TH0,Theorem,timeout,na,2005,37,3,37,1,0,0,0,0,
gamma_limit_5,SYO/SYO511^1.p,TH0,CounterSatisfiable,timeout,na,2080,3133,36,3133,537,0,0,3,0,
gamma_limit_5,SYO/SYO512^1.p,TH0,Theorem,thm,yes,1801,2652,87,2652,235,43,0,1,1,
gamma_limit_5,SYO/SYO513^1.p,TH0,Theorem,timeout,na,2690,11002,5,11002,507,0,0,0,0,
gamma_limit_5,SYO/SYO514^1.p,TH0,Theorem,timeout,na,2004,0,0,0,1,0,0,0,0,
gamma_limit_5,SYO/SYO515^1.p,TH0,Theorem,thm,yes,325,108,0,103,62,76,0,0,0,
gamma_limit_5,SYO/SYO516^1.p,TH0,Theorem,timeout,na,2342,7754,4,7754,146,439,0,0,0,
gamma_limit_5,SYO/SYO517^1.p,TH0,Theorem,timeout,na,2073,878,0,878,159,40,0,2,0,
gamma_limit_5,SYO/SYO518^1.p,TH0,Theorem,timeout,na,2029,1417,53,1417,118,14,0,0,0,
gamma_limit_5,SYO/SYO520^1.p,TH0,Unsatisfiable,no_conjecture,na,3,,,,,,,,,
gamma_limit_5,SYO/SYO526^1.p,TH0,Theorem,thm,yes,32,60,1,60,4,7,0,1,1,
gamma_limit_5,SYO/SYO527^1.p,TH0,Theorem,thm,yes,74,8,0,8,1,0,0,1,1,
gamma_limit_5,SYO/SYO528^1.p,TH0,Satisfiable,no_conjecture,na,6,,,,,,,,,
gamma_limit_5,SYO/SYO529^1.p,TH0,Unsatisfiable,no_conjecture,na,8,,,,,,,,,
gamma_limit_5,SYO/SYO530^1.p,TH0,Theorem,timeout,na,2022,639,14,639,52,35,0,2,0,
gamma_limit_5,SYO/SYO531^1.p,TH0,Theorem,timeout,na,2033,736,14,736,97,0,0,2,0,
gamma_limit_5,SYO/SYO532^1.p,TH0,Theorem,timeout,na,2031,741,21,741,80,0,0,2,0,
gamma_limit_5,SYO/SYO533^1.p,TH0,Theorem,timeout,na,2006,37,3,37,1,0,0,0,0,
gamma_limit_5,SYO/SYO534^1.p,TH0,Theorem,timeout,na,2026,544,14,544,63,6,0,1,0,
gamma_limit_5,SYO/SYO535^1.p,TH0,Theorem,timeout,na,2023,405,11,405,37,6,0,2,0,
gamma_limit_5,SYO/SYO536^1.p,TH0,Theorem,timeout,na,2021,256,7,256,25,3,0,3,0,
gamma_limit_5,SYO/SYO537^1.p,TH0,Theorem,timeout,na,2024,199,8,199,16,5,0,2,0,
gamma_limit_5,SYO/SYO538^1.p,TH0,Theorem,timeout,na,2072,3407,106,3407,424,2,0,2,0,
gamma_limit_5,SYO/SYO539^1.p,TH0,Theorem,timeout,na,2082,3235,52,3235,539,0,0,3,0,
gamma_limit_5,SYO/SYO540^1.p,TH0,Theorem,timeout,na,2078,3254,68,3254,482,0,0,3,0,
gamma_limit_5,SYO/SYO541^1.p,TH0,Theorem,timeout,na,2058,2071,36,2071,312,0,0,2,0,
gamma_limit_5,SYO/SYO542^1.p,TH0,Theorem,timeout,na,2066,2042,33,2042,297,0,0,4,0,
gamma_limit_5,SYO/SYO543^1.p,TH0,Theorem,timeout,na,2065,2059,35,2059,298,0,0,3,0,
gamma_limit_5,SYO/SYO544^1.p,TH0,Theorem,timeout,na,2094,2009,71,1988,167,98,0,1,0,
gamma_limit_5,SYO/SYO545^1.p,TH0,Theorem,timeout,na,2088,3076,66,3076,445,0,0,3,0,
gamma_limit_5,SYO/SYO546^1.p,TH0,Theorem,timeout,na,2073,3134,91,3134,422,0,0,3,0,
gamma_limit_5,SYO/SYO547^1.p,TH0,Theorem,thm,yes,25,17,0,17,3,0,0,1,1,
gamma_limit_5,SYO/SYO548^1.p,TH0,Theorem,timeout,na,2003,120,12,120,1,0,0,0,0,
gamma_limit_5,SYO/SYO549^1.p,TH0,Theorem,parser_error,na,0,,,,,,,,,cached: Failed to parse formula 'pfg': [byte:1759] Type Error: Cannot unify strict function types of different arities.
gamma_limit_5,SYO/SYO550^1.p,TH0,Theorem,thm,yes,290,36,1,36,4,1,0,1,1,
gamma_limit_5,SYO/SYO551^1.p,TH0,Theorem,timeout,na,2006,28,2,28,2,0,0,0,0,
gamma_limit_5,SYO/SYO552^1.p,TH0,Theorem,thm,yes,1031,41,1,41,4,1,0,1,1,
gamma_limit_5,SYO/SYO553^1.p,TH0,Theorem,thm,yes,1048,41,1,41,4,1,0,1,1,
gamma_limit_5,SYO/SYO554^1.p,TH0,Unsatisfiable,no_conjecture,na,1,,,,,,,,,
gamma_limit_5,SYO/SYO555^1.p,TH0,Theorem,timeout,na,2082,3251,40,3251,514,0,0,3,0,
gamma_limit_5,SYO/SYO556^1.p,TH0,Theorem,timeout,na,2073,2997,63,2997,461,0,0,3,0,
gamma_limit_5,SYO/SYO557^1.p,TH1,Theorem,parser_error,na,0,,,,,,,,,cached: Failed to parse formula 'conj': Syntax Error: '$i' denotes a type and cannot be used as a term.
gamma_limit_5,SYO/SYO558^1.p,TH1,Theorem,parser_error,na,0,,,,,,,,,cached: Failed to parse formula 'conj': Syntax Error: '$i' denotes a type and cannot be used as a term.
gamma_limit_5,SYO/SYO559^1.p,TH0,Theorem,timeout,na,2024,268,0,268,35,34,0,0,0,
gamma_limit_5,SYO/SYO560^1.p,TH0,Theorem,timeout,na,2015,246,0,246,35,32,0,0,0,
gamma_limit_5,SYO/SYO565^7.p,TH0,CounterSatisfiable,timeout,na,2379,5498,91,5498,1451,45,0,1,0,
gamma_limit_5,SYO/SYO566^7.p,TH0,Theorem,timeout,na,2291,5444,105,5444,207,99,0,0,0,
gamma_limit_5,SYO/SYO567^7.p,TH0,CounterSatisfiable,timeout,na,2244,5323,122,5323,1121,75,0,1,0,
gamma_limit_5,SYO/SYO568^7.p,TH0,Theorem,timeout,na,2246,4941,58,4941,221,34,0,0,0,
gamma_limit_5,SYO/SYO569^7.p,TH0,CounterSatisfiable,timeout,na,2466,5527,59,5527,203,168,0,0,0,
gamma_limit_5,SYO/SYO570^7.p,TH0,Theorem,timeout,na,2530,5451,22,5451,212,42,0,0,0,
gamma_limit_5,SYO/SYO571^7.p,TH0,CounterSatisfiable,timeout,na,2241,5370,93,5370,231,64,0,0,0,
gamma_limit_5,SYO/SYO572^7.p,TH0,Theorem,timeout,na,2404,5932,75,5932,1879,80,0,1,0,
gamma_limit_5,SYO/SYO573^7.p,TH0,CounterSatisfiable,timeout,na,2226,4621,19,4621,211,0,0,0,0,
gamma_limit_5,SYO/SYO574^7.p,TH0,Theorem,timeout,na,2266,5629,21,5629,243,2,0,0,0,
gamma_limit_5,SYO/SYO575^7.p,TH0,CounterSatisfiable,timeout,na,2254,5056,19,5056,240,1,0,0,0,
gamma_limit_5,SYO/SYO576^7.p,TH0,Theorem,timeout,na,2286,5373,13,5373,247,9,0,0,0,
gamma_limit_5,SYO/SYO577^7.p,TH0,CounterSatisfiable,timeout,na,2283,3946,32,3946,217,44,0,0,0,
gamma_limit_5,SYO/SYO842^1.p,TH0,Unknown,timeout,na,2544,0,0,0,1,0,0,0,0,
gamma_limit_5,SYO/SYO843^1.p,TH0,Unknown,timeout,na,2548,0,0,0,1,0,0,0,0,
gamma_limit_5,SYO/SYO844^1.p,TH0,Unknown,timeout,na,2677,0,0,0,1,0,0,0,0,
gamma_limit_5,SYO/SYO845^1.p,TH0,Unknown,timeout,na,2678,0,0,0,1,0,0,0,0,
gamma_limit_5,SYO/SYO846^1.p,TH0,Unknown,timeout,na,2649,0,0,0,1,0,0,0,0,
gamma_limit_5,SYO/SYO847^1.p,TH0,Unknown,timeout,na,2627,0,0,0,1,0,0,0,0,
gamma_limit_5,SYO/SYO848^1.p,TH0,Unknown,timeout,na,2682,0,0,0,1,0,0,0,0,
gamma_limit_5,SYO/SYO849^1.p,TH0,Unknown,timeout,na,2681,0,0,0,1,0,0,0,0,
gamma_limit_5,SYO/SYO850^1.p,TH0,Unknown,timeout,na,2599,0,0,0,1,0,0,0,0,
gamma_limit_5,SYO/SYO851^1.p,TH0,Unknown,timeout,na,2606,0,0,0,1,0,0,0,0,
gamma_limit_5,SYO/SYO852^1.p,TH0,Theorem,timeout,na,2348,0,0,0,1,0,0,0,0,
gamma_limit_5,SYO/SYO853^1.p,TH0,Unknown,timeout,na,2350,0,0,0,1,0,0,0,0,
gamma_limit_5,SYO/SYO854^1.p,TH0,Theorem,timeout,na,2456,0,0,0,1,0,0,0,0,
gamma_limit_5,SYO/SYO855^1.p,TH0,Unknown,timeout,na,2440,0,0,0,1,0,0,0,0,
gamma_limit_5,SYO/SYO856^1.p,TH0,Theorem,timeout,na,2455,0,0,0,1,0,0,0,0,
gamma_limit_5,SYO/SYO857^1.p,TH0,Unknown,timeout,na,2454,0,0,0,1,0,0,0,0,
gamma_limit_5,SYO/SYO858^1.p,TH0,Theorem,timeout,na,2320,0,0,0,1,0,0,0,0,
gamma_limit_5,SYO/SYO859^1.p,TH0,Unknown,timeout,na,2319,0,0,0,1,0,0,0,0,
gamma_limit_5,SYO/SYO860^1.p,TH0,Unknown,timeout,na,2536,0,0,0,1,0,0,0,0,
gamma_limit_5,SYO/SYO861^1.p,TH0,Unknown,timeout,na,2538,0,0,0,1,0,0,0,0,
gamma_limit_5,SYO/SYO862^1.p,TH0,Unknown,timeout,na,2286,0,0,0,1,0,0,0,0,
gamma_limit_5,SYO/SYO863^1.p,TH0,Unknown,timeout,na,2287,0,0,0,1,0,0,0,0,
gamma_limit_5,SYO/SYO864^1.p,TH0,Unknown,timeout,na,2273,0,0,0,1,0,0,0,0,
gamma_limit_5,SYO/SYO865^1.p,TH0,Unknown,timeout,na,2274,0,0,0,1,0,0,0,0,
gamma_limit_5,SYO/SYO866^1.p,TH0,Unknown,timeout,na,2280,0,0,0,1,0,0,0,0,
gamma_limit_5,SYO/SYO867^1.p,TH0,Unknown,timeout,na,2279,0,0,0,1,0,0,0,0,
gamma_limit_5,SYO/SYO868^1.p,TH0,Theorem,timeout,na,2272,0,0,0,1,0,0,0,0,
gamma_limit_5,SYO/SYO869^1.p,TH0,Unknown,timeout,na,2273,0,0,0,1,0,0,0,0,
gamma_limit_5,SYO/SYO870^1.p,TH0,Unknown,timeout,na,2281,0,0,0,1,0,0,0,0,
gamma_limit_5,SYO/SYO871^1.p,TH0,Unknown,timeout,na,2269,0,0,0,1,0,0,0,0,
gamma_limit_5,SYO/SYO872^1.p,TH0,Unknown,timeout,na,2275,0,0,0,1,0,0,0,0,
gamma_limit_5,SYO/SYO873^1.p,TH0,Theorem,timeout,na,2276,0,0,0,1,0,0,0,0,
gamma_limit_5,SYO/SYO874^1.p,TH0,Unknown,timeout,na,2282,0,0,0,1,0,0,0,0,
gamma_limit_5,SYO/SYO875^1.p,TH0,Theorem,timeout,na,2273,0,0,0,1,0,0,0,0,
gamma_limit_5,SYO/SYO876^1.p,TH0,Unknown,timeout,na,2306,0,0,0,1,0,0,0,0,
gamma_limit_5,SYO/SYO877^1.p,TH0,Theorem,timeout,na,2303,0,0,0,1,0,0,0,0,
gamma_limit_5,SYO/SYO878^1.p,TH0,Theorem,timeout,na,2273,0,0,0,1,0,0,0,0,
gamma_limit_5,SYO/SYO879^1.p,TH0,Theorem,timeout,na,2274,0,0,0,1,0,0,0,0,
gamma_limit_5,SYO/SYO880^1.p,TH0,Unknown,timeout,na,2280,0,0,0,1,0,0,0,0,
gamma_limit_5,SYO/SYO881^1.p,TH0,Theorem,timeout,na,2282,0,0,0,1,0,0,0,0,
gamma_limit_5,SYO/SYO882^1.p,TH0,Unsatisfiable,no_conjecture,na,1,,,,,,,,,
gamma_limit_5,SYO/SYO883^1.p,TH0,Unsatisfiable,no_conjecture,na,6,,,,,,,,,
gamma_limit_5,SYO/SYO884^1.p,TH0,Unsatisfiable,no_conjecture,na,9,,,,,,,,,
gamma_limit_5,SYO/SYO886^10.p,TH0,Theorem,thm,yes,66,15,1,15,2,0,0,1,1,
gamma_limit_5,SYO/SYO886^6.p,TH0,Theorem,thm,yes,28,15,1,15,2,0,0,1,1,
gamma_limit_5,SYO/SYO886^7.p,TH0,CounterSatisfiable,timeout,na,2474,5747,26,5747,2023,32,0,1,0,
gamma_limit_5,SYO/SYO886^8.p,TH0,Theorem,thm,yes,45,16,1,16,2,0,0,1,1,
gamma_limit_5,SYO/SYO886^9.p,TH0,Theorem,timeout,na,2052,762,55,762,23,11,0,1,0,
gamma_limit_5,SYO/SYO887^22.p,TH0,Theorem,timeout,na,2196,5807,110,5807,1150,52,0,1,0,
gamma_limit_5,SYO/SYO888^10.p,TH0,Theorem,timeout,na,2197,5182,58,5182,1084,92,0,1,0,
gamma_limit_5,SYO/SYO889^16.p,TH0,Theorem,timeout,na,2238,4961,81,4961,155,200,0,0,0,
gamma_limit_5,SYO/SYO890^16.p,TH0,Theorem,timeout,na,2241,5735,37,5736,1197,68,0,2,0,
gamma_limit_5,SYO/SYO891^16.p,TH0,Theorem,timeout,na,2180,3568,59,3568,222,192,0,0,0,
gamma_limit_5,SYO/SYO892^15.p,TH0,Theorem,timeout,na,2206,5511,141,5511,1146,76,0,2,0,
gamma_limit_5,SYO/SYO893^11.p,TH0,Theorem,timeout,na,2181,4773,0,4773,193,340,0,0,0,
gamma_limit_5,SYO/SYO894^8.p,TH0,Theorem,timeout,na,2172,4682,58,4682,177,122,0,0,0,
gamma_limit_5,SYO/SYO895^9.p,TH0,Theorem,timeout,na,2156,4141,8,4141,219,48,0,0,0,
gamma_limit_5,SYO/SYO896^7.p,TH0,Theorem,timeout,na,2088,3025,54,3025,242,87,0,0,0,
gamma_limit_5,SYO/SYO897^6.p,TH0,Theorem,timeout,na,2196,4039,41,4039,133,161,0,0,0,
gamma_limit_5,SYO/SYO898^9.p,TH0,Theorem,timeout,na,2160,5258,85,5258,214,74,0,0,0,
gamma_limit_5,SYO/SYO899^8.p,TH0,Theorem,timeout,na,2124,4115,46,4115,180,79,0,0,0,
gamma_limit_5,SYO/SYO900^11.p,TH0,Theorem,timeout,na,2186,4033,3,4033,182,202,0,0,0,
gamma_limit_5,SYO/SYO901^11.p,TH0,Theorem,timeout,na,2192,4945,0,4945,167,305,0,0,0,
gamma_limit_5,SYO/SYO902^8.p,TH0,Theorem,timeout,na,2191,4907,62,4907,211,103,0,0,0,
gamma_limit_5,SYO/SYO903^10.p,TH0,ContradictoryAxioms,timeout,na,2105,0,0,0,1,0,0,0,0,
gamma_limit_5,SYO/SYO904^12.p,TH0,ContradictoryAxioms,timeout,na,2595,0,0,0,1,0,0,0,0,
gamma_limit_5,SYO/SYO905^6.p,TH0,ContradictoryAxioms,timeout,na,2667,0,0,0,1,0,0,0,0,
gamma_limit_5,SYO/SYO906^7.p,TH0,CounterSatisfiable,timeout,na,2205,5853,2,5853,313,79,0,0,0,
gamma_limit_5,SYO/SYO907^15.p,TH0,CounterSatisfiable,timeout,na,2222,5406,115,5406,265,31,0,0,0,
gamma_limit_5,SYO/SYO908^13.p,TH0,CounterSatisfiable,timeout,na,2217,5178,70,5178,1270,80,0,1,0,
gamma_limit_5,SYO/SYO909^8.p,TH0,CounterSatisfiable,timeout,na,2170,5444,5,5444,218,206,0,0,0,
gamma_limit_5,SYO/SYO910^13.p,TH0,CounterSatisfiable,timeout,na,2129,4524,70,4524,251,80,0,0,0,
gamma_limit_5,SYO/SYO911^15.p,TH0,CounterSatisfiable,timeout,na,2187,5489,57,5489,229,150,0,0,0,
gamma_limit_5,SYO/SYO912^9.p,TH0,CounterSatisfiable,timeout,na,2144,4035,8,4035,213,39,0,0,0,
gamma_limit_5,SYO/SYO913^15.p,TH0,CounterSatisfiable,timeout,na,2079,298,12,298,64,0,0,0,0,
gamma_limit_5,SYO/SYO914^12.p,TH0,CounterSatisfiable,timeout,na,2105,0,0,0,1,0,0,0,0,
gamma_limit_5,SYO/SYO915^14.p,TH0,CounterSatisfiable,timeout,na,2111,0,0,0,1,0,0,0,0,
gamma_limit_5,SYO/SYO926^1.p,unknown,Theorem,parser_error,na,0,,,,,,,,,cached: Lexer failed to parse entire string. Unparsed: <.> A ) ). %------------------------------------------------------------------------------ 
gamma_limit_5,SYO/SYO927^1.p,unknown,Theorem,parser_error,na,0,,,,,,,,,cached: Lexer failed to parse entire string. Unparsed: <.> [.] ( P @ ( F @ X ) ) => [.] ( P @ ( G @ X ) ) ) ). %------------------------------------------------------------------------------ 
gamma_limit_5,SYO/SYO928^1.p,unknown,Theorem,parser_error,na,0,,,,,,,,,cached: Failed to parse formula 'spec': Syntax Error: tuples ([...]) and sequents (-->) have no counterpart in simple type theory and are not supported.
gamma_limit_5,SYO/SYO929^1.p,unknown,Theorem,parser_error,na,0,,,,,,,,,cached: Failed to parse formula 'spec': Syntax Error: tuples ([...]) and sequents (-->) have no counterpart in simple type theory and are not supported.
gamma_limit_5,SYO/SYO930^1.p,unknown,Theorem,parser_error,na,0,,,,,,,,,cached: Failed to parse formula 'spec': Syntax Error: tuples ([...]) and sequents (-->) have no counterpart in simple type theory and are not supported.
gamma_limit_5,SYO/SYO931^1.p,unknown,Theorem,parser_error,na,0,,,,,,,,,cached: Failed to parse formula 'spec': Syntax Error: tuples ([...]) and sequents (-->) have no counterpart in simple type theory and are not supported.
gamma_limit_5,SYO/SYO932^10.p,TH0,Theorem,thm,yes,63,13,0,13,2,0,0,1,1,
gamma_limit_5,SYO/SYO932^8.p,TH0,Theorem,thm,yes,48,16,1,16,2,0,0,1,1,
gamma_limit_5,SYO/SYO932^9.p,TH0,Theorem,timeout,na,2063,1040,72,1036,30,22,0,1,0,
gamma_limit_5,SYO/SYO997^1.p,unknown,Theorem,parser_error,na,0,,,,,,,,,cached: Syntax Error: expected ' ' or ']' in !> binder  got [{:colon  ":"  1919}  {:atom  "nat"  1921}  {:rbracket  "]"  1924}  {:colon  ":"  1926}  {:lparen  "("  1928}  {:atom  "fin"  1930}  {:app  "@"  193
gamma_limit_5,SYO/SYO998^1.p,unknown,Theorem,parser_error,na,0,,,,,,,,,cached: Syntax Error: expected ' ' or ']' in !> binder  got [{:colon  ":"  1920}  {:atom  "nat"  1922}  {:rbracket  "]"  1925}  {:colon  ":"  1927}  {:lparen  "("  1929}  {:atom  "fin"  1931}  {:app  "@"  193
gamma_limit_5,SYO/SYO999^1.p,unknown,Theorem,parser_error,na,0,,,,,,,,,cached: Syntax Error: expected ' ' or ']' in !> binder  got [{:colon  ":"  1835}  {:atom  "a"  1837}  {:rbracket  "]"  1838}  {:colon  ":"  1840}  {:lparen  "("  1842}  {:lparen  "("  1844}  {:atom  "b"  1846
gamma_limit_5,SYP/SYP000^1.p,unknown,Theorem,parser_error,na,0,,,,,,,,,cached: Syntax Error: expected ' ' or ']' in !> binder  got [{:colon  ":"  1899}  {:atom  "nat"  1901}  {:rbracket  "]"  1904}  {:colon  ":"  1906}  {:lparen  "("  1908}  {:atom  "fin"  1910}  {:app  "@"  191
gamma_limit_5,SYP/SYP001^1.p,unknown,Theorem,parser_error,na,0,,,,,,,,,cached: Syntax Error: expected ' ' or ']' in !> binder  got [{:colon  ":"  1899}  {:atom  "nat"  1901}  {:rbracket  "]"  1904}  {:colon  ":"  1906}  {:lparen  "("  1908}  {:atom  "fin"  1910}  {:app  "@"  191
gamma_limit_5,SYP/SYP002^1.p,unknown,Theorem,parser_error,na,0,,,,,,,,,cached: Syntax Error: expected ' ' or ']' in !> binder  got [{:colon  ":"  1830}  {:atom  "nat"  1832}  {:rbracket  "]"  1835}  {:colon  ":"  1837}  {:lparen  "("  1839}  {:atom  "fin"  1841}  {:app  "@"  184
gamma_limit_5,SYP/SYP003^1.p,unknown,Theorem,parser_error,na,0,,,,,,,,,cached: Syntax Error: expected ' ' or ']' in !> binder  got [{:colon  ":"  1640}  {:atom  "a"  1642}  {:rbracket  "]"  1643}  {:colon  ":"  1645}  {:lparen  "("  1647}  {:lparen  "("  1649}  {:atom  "b"  1651
gamma_limit_5,SYP/SYP004^1.p,unknown,Theorem,parser_error,na,0,,,,,,,,,cached: Syntax Error: expected ' ' or ']' in !> binder  got [{:colon  ":"  2279}  {:atom  "nat"  2281}  {:rbracket  "]"  2284}  {:colon  ":"  2286}  {:lparen  "("  2288}  {:atom  "fin"  2290}  {:app  "@"  229
gamma_limit_5,SYP/SYP005^1.p,unknown,Theorem,parser_error,na,0,,,,,,,,,cached: Syntax Error: expected ' ' or ']' in !> binder  got [{:colon  ":"  1915}  {:atom  "nat"  1917}  {:rbracket  "]"  1920}  {:colon  ":"  1922}  {:lparen  "("  1924}  {:atom  "fin"  1926}  {:app  "@"  193
gamma_limit_5,SYP/SYP006^1.p,unknown,Theorem,parser_error,na,0,,,,,,,,,cached: Syntax Error: expected ' ' or ']' in !> binder  got [{:colon  ":"  2039}  {:atom  "nat"  2041}  {:rbracket  "]"  2044}  {:colon  ":"  2046}  {:lparen  "("  2048}  {:atom  "fin"  2050}  {:app  "@"  205
gamma_limit_5,SYP/SYP007^1.p,unknown,Theorem,parser_error,na,0,,,,,,,,,cached: Syntax Error: expected ' ' or ']' in !> binder  got [{:colon  ":"  1662}  {:atom  "nat"  1664}  {:rbracket  "]"  1667}  {:colon  ":"  1669}  {:lparen  "("  1671}  {:lparen  "("  1673}  {:atom  "fin"  
