run_label,problem,language,expected_szs,result,correct,time_ms,steps,worker_yields,rules_total,active_branches_max,branches_closed,branches_saturated,csp_calls,csp_succeeded,details
no_atom_decomposition,AGT/AGT027^1.p,TH0,Theorem,timeout,na,2136,604,25,604,63,0,0,1,0,
no_atom_decomposition,AGT/AGT027^2.p,TH0,Theorem,timeout,na,2111,653,31,653,71,0,0,0,0,
no_atom_decomposition,AGT/AGT028^1.p,TH0,Theorem,timeout,na,2277,753,42,753,68,0,0,1,0,
no_atom_decomposition,AGT/AGT028^2.p,TH0,Theorem,timeout,na,2384,4054,31,4054,390,0,0,0,0,
no_atom_decomposition,AGT/AGT029^1.p,TH0,Theorem,timeout,na,2249,783,46,783,69,0,0,1,0,
no_atom_decomposition,AGT/AGT030^1.p,TH0,Theorem,timeout,na,2285,846,41,846,101,0,0,0,0,
no_atom_decomposition,AGT/AGT031^1.p,TH0,Theorem,timeout,na,2843,4071,14,4071,373,0,0,0,0,
no_atom_decomposition,AGT/AGT031^2.p,TH0,Theorem,timeout,na,2425,3947,38,3947,292,0,0,0,0,
no_atom_decomposition,AGT/AGT032^1.p,TH0,Theorem,timeout,na,2712,3356,17,3356,1234,0,0,2,0,
no_atom_decomposition,AGT/AGT032^2.p,TH0,Theorem,timeout,na,2471,2937,7,2937,1336,0,0,4,0,
no_atom_decomposition,AGT/AGT033^1.p,TH0,Theorem,timeout,na,2956,4751,14,4751,422,0,0,0,0,
no_atom_decomposition,AGT/AGT033^2.p,TH0,Theorem,timeout,na,2419,3850,38,3850,336,0,0,0,0,
no_atom_decomposition,AGT/AGT034^1.p,TH0,Theorem,timeout,na,2740,3491,14,3491,333,0,0,0,0,
no_atom_decomposition,AGT/AGT034^2.p,TH0,Theorem,timeout,na,2368,3665,59,3665,310,0,0,0,0,
no_atom_decomposition,AGT/AGT035^1.p,TH0,Theorem,timeout,na,2829,4176,14,4176,1589,0,0,3,0,
no_atom_decomposition,AGT/AGT035^2.p,TH0,Theorem,timeout,na,2452,3705,19,3705,1394,0,0,4,0,
no_atom_decomposition,AGT/AGT036^1.p,TH0,Theorem,timeout,na,2766,3741,14,3741,1413,0,0,2,0,
no_atom_decomposition,AGT/AGT037^1.p,TH0,Theorem,timeout,na,2800,4151,14,4151,329,0,0,0,0,
no_atom_decomposition,AGT/AGT037^2.p,TH0,Theorem,timeout,na,2374,3183,24,3183,280,0,0,0,0,
no_atom_decomposition,AGT/AGT038^1.p,TH0,Theorem,timeout,na,2941,4707,14,4707,375,0,0,0,0,
no_atom_decomposition,AGT/AGT039^1.p,TH0,Theorem,timeout,na,2791,3972,14,3972,371,0,0,0,0,
no_atom_decomposition,AGT/AGT040^1.p,TH0,Theorem,timeout,na,2785,4080,14,4080,338,0,0,0,0,
no_atom_decomposition,AGT/AGT041^1.p,TH0,Theorem,timeout,na,2777,3861,14,3861,345,0,0,0,0,
no_atom_decomposition,ALG/ALG001^5.p,TH0,Theorem,timeout,na,2052,1418,32,1418,179,14,0,2,0,
no_atom_decomposition,ALG/ALG014^7.p,TH0,Theorem,timeout,na,2889,0,0,0,1,0,0,0,0,
no_atom_decomposition,ALG/ALG015^7.p,TH0,Theorem,timeout,na,6916,0,0,0,1,0,0,0,0,
no_atom_decomposition,ALG/ALG016^7.p,TH0,Theorem,timeout,na,4142,0,0,0,1,0,0,0,0,
no_atom_decomposition,ALG/ALG017^7.p,TH0,Theorem,timeout,na,2893,0,0,0,1,0,0,0,0,
no_atom_decomposition,ALG/ALG018^7.p,TH0,Theorem,timeout,na,2154,492,32,492,29,0,0,0,0,
no_atom_decomposition,ALG/ALG020^7.p,TH0,Theorem,timeout,na,2408,0,0,0,1,0,0,0,0,
no_atom_decomposition,ALG/ALG021^7.p,TH0,Theorem,timeout,na,3256,0,0,0,1,0,0,0,0,
no_atom_decomposition,ALG/ALG022^7.p,TH0,Theorem,timeout,na,3244,0,0,0,1,0,0,0,0,
no_atom_decomposition,ALG/ALG023^7.p,TH0,Unsatisfiable,no_conjecture,na,888,,,,,,,,,
no_atom_decomposition,ALG/ALG247^2.p,TH0,Theorem,thm,yes,422,23,0,23,3,1,0,1,1,
no_atom_decomposition,ALG/ALG248^1.p,TH0,Theorem,timeout,na,2360,838,23,838,282,0,0,1,0,
no_atom_decomposition,ALG/ALG248^2.p,TH0,CounterSatisfiable,timeout,na,2301,1321,64,1321,132,9,0,2,0,
no_atom_decomposition,ALG/ALG248^3.p,TH0,Theorem,timeout,na,2316,2313,133,2313,148,12,0,1,0,
no_atom_decomposition,ALG/ALG249^3.p,TH0,Theorem,timeout,na,2327,2219,96,2219,201,26,0,5,0,
no_atom_decomposition,ALG/ALG250^3.p,TH0,Theorem,thm,yes,317,41,1,41,5,3,0,1,1,
no_atom_decomposition,ALG/ALG251^1.p,TH0,Theorem,timeout,na,2284,564,32,564,40,0,0,2,0,
no_atom_decomposition,ALG/ALG251^2.p,TH0,Theorem,timeout,na,2306,1747,118,1747,70,34,0,2,0,
no_atom_decomposition,ALG/ALG251^3.p,TH0,Theorem,timeout,na,2303,1316,57,1316,126,26,0,1,0,
no_atom_decomposition,ALG/ALG252^1.p,TH0,Theorem,timeout,na,2280,372,23,372,23,0,0,2,0,
no_atom_decomposition,ALG/ALG252^2.p,TH0,Theorem,timeout,na,2296,1275,93,1275,48,9,0,2,0,
no_atom_decomposition,ALG/ALG253^1.p,TH0,Theorem,timeout,na,2266,145,8,145,9,0,0,1,0,
no_atom_decomposition,ALG/ALG253^2.p,TH0,Theorem,timeout,na,2296,1062,44,1062,84,24,0,1,0,
no_atom_decomposition,ALG/ALG254^1.p,TH0,Theorem,thm,yes,490,2,0,2,1,1,0,0,0,
no_atom_decomposition,ALG/ALG254^2.p,TH0,Theorem,thm,yes,268,2,0,2,1,1,0,0,0,
no_atom_decomposition,ALG/ALG255^1.p,TH0,Theorem,thm,yes,572,2,0,2,1,1,0,0,0,
no_atom_decomposition,ALG/ALG256^1.p,TH0,Theorem,timeout,na,2263,20,2,20,1,0,0,0,0,
no_atom_decomposition,ALG/ALG256^2.p,TH0,Theorem,timeout,na,2341,2340,87,2340,264,24,0,1,0,
no_atom_decomposition,ALG/ALG257^1.p,TH0,Theorem,timeout,na,2266,17,1,17,1,0,0,0,0,
no_atom_decomposition,ALG/ALG257^2.p,TH0,Theorem,timeout,na,2265,182,4,182,13,10,0,2,0,
no_atom_decomposition,ALG/ALG258^1.p,TH0,Theorem,timeout,na,2266,17,1,17,1,0,0,0,0,
no_atom_decomposition,ALG/ALG258^2.p,TH0,Theorem,timeout,na,2325,2091,105,2091,178,18,0,1,0,
no_atom_decomposition,ALG/ALG259^1.p,TH0,Theorem,timeout,na,2269,13,1,13,1,0,0,0,0,
no_atom_decomposition,ALG/ALG259^2.p,TH0,Theorem,timeout,na,2301,1584,86,1584,98,8,0,4,0,
no_atom_decomposition,ALG/ALG260^1.p,TH0,Theorem,timeout,na,2271,10,1,10,1,0,0,0,0,
no_atom_decomposition,ALG/ALG260^2.p,TH0,Theorem,thm,yes,353,48,2,48,3,1,0,2,1,
no_atom_decomposition,ALG/ALG261^1.p,TH0,Theorem,timeout,na,2271,12,1,12,1,0,0,0,0,
no_atom_decomposition,ALG/ALG261^2.p,TH0,Theorem,thm,yes,424,98,4,98,8,1,0,2,1,
no_atom_decomposition,ALG/ALG262^2.p,TH0,Theorem,thm,yes,368,21,0,21,3,1,0,1,1,
no_atom_decomposition,ALG/ALG263^1.p,TH0,Theorem,timeout,na,2272,14,1,14,1,0,0,0,0,
no_atom_decomposition,ALG/ALG263^3.p,TH0,Theorem,timeout,na,2264,11,1,11,1,0,0,0,0,
no_atom_decomposition,ALG/ALG264^1.p,TH0,Theorem,timeout,na,2265,14,1,14,1,0,0,0,0,
no_atom_decomposition,ALG/ALG264^3.p,TH0,Theorem,timeout,na,2262,11,1,11,1,0,0,0,0,
no_atom_decomposition,ALG/ALG265^2.p,TH0,Theorem,timeout,na,2306,1369,50,1369,131,27,0,0,0,
no_atom_decomposition,ALG/ALG266^1.p,TH0,Theorem,timeout,na,2266,7,0,7,1,0,0,0,0,
no_atom_decomposition,ALG/ALG266^2.p,TH0,Theorem,timeout,na,2287,365,13,365,44,0,0,1,0,
no_atom_decomposition,ALG/ALG267^1.p,TH0,Theorem,timeout,na,2276,5,0,5,1,0,0,0,0,
no_atom_decomposition,ALG/ALG267^2.p,TH0,Theorem,thm,yes,290,18,0,18,3,1,0,1,1,
no_atom_decomposition,ALG/ALG268^1.p,TH0,Theorem,timeout,na,2266,7,0,7,1,0,0,0,0,
no_atom_decomposition,ALG/ALG268^2.p,TH0,Theorem,timeout,na,2288,482,21,482,61,0,0,0,0,
no_atom_decomposition,ALG/ALG268^3.p,TH0,Theorem,timeout,na,2335,2450,123,2450,149,70,0,0,0,
no_atom_decomposition,ALG/ALG268^4.p,TH0,Theorem,thm,yes,477,17,0,17,3,1,0,1,1,
no_atom_decomposition,ALG/ALG268^5.p,TH0,Theorem,timeout,na,2267,9,0,9,1,0,0,0,0,
no_atom_decomposition,ALG/ALG268^6.p,TH0,Theorem,timeout,na,2312,1214,49,1214,138,49,0,0,0,
no_atom_decomposition,ALG/ALG269^1.p,TH0,Theorem,timeout,na,2274,7,0,7,1,0,0,0,0,
no_atom_decomposition,ALG/ALG269^2.p,TH0,Theorem,timeout,na,2285,431,13,431,47,0,0,2,0,
no_atom_decomposition,ALG/ALG269^3.p,TH0,Theorem,timeout,na,2298,649,37,649,50,0,0,2,0,
no_atom_decomposition,ALG/ALG269^4.p,TH0,CounterSatisfiable,timeout,na,2283,799,54,799,44,0,0,2,0,
no_atom_decomposition,ALG/ALG270^5.p,TH0,Theorem,timeout,na,2039,1418,63,1418,104,34,0,1,0,
no_atom_decomposition,ALG/ALG271^5.p,TH0,Theorem,timeout,na,2083,2924,161,2924,227,33,0,1,0,
no_atom_decomposition,ALG/ALG272^5.p,TH0,Theorem,timeout,na,2078,3012,143,3012,247,39,0,1,0,
no_atom_decomposition,ALG/ALG273^5.p,TH0,Theorem,timeout,na,2082,2782,117,2782,270,23,0,1,0,
no_atom_decomposition,ALG/ALG274^5.p,TH0,Theorem,timeout,na,2074,2545,130,2545,244,20,0,1,0,
no_atom_decomposition,ALG/ALG275^5.p,TH0,CounterSatisfiable,timeout,na,2065,2303,112,2303,197,17,0,1,0,
no_atom_decomposition,ALG/ALG276^5.p,TH0,Theorem,timeout,na,2074,2734,128,2734,236,31,0,1,0,
no_atom_decomposition,ALG/ALG277^5.p,TH0,Theorem,timeout,na,2074,2110,50,2110,268,17,0,2,0,
no_atom_decomposition,ALG/ALG278^5.p,TH0,Theorem,timeout,na,2071,2109,62,2109,258,16,0,2,0,
no_atom_decomposition,ALG/ALG279^5.p,TH0,Theorem,timeout,na,2071,2081,55,2081,263,17,0,2,0,
no_atom_decomposition,ALG/ALG280^5.p,TH0,Theorem,timeout,na,2071,2061,32,2061,316,25,0,2,0,
no_atom_decomposition,ALG/ALG281^5.p,TH0,Theorem,timeout,na,2064,2048,61,2048,247,16,0,1,0,
no_atom_decomposition,ALG/ALG282^5.p,TH0,Theorem,timeout,na,2047,1900,62,1900,179,9,0,4,0,
no_atom_decomposition,ALG/ALG283^5.p,TH0,Theorem,timeout,na,2066,2483,82,2483,241,20,0,4,0,
no_atom_decomposition,ALG/ALG284^5.p,TH0,Theorem,timeout,na,2038,1775,89,1775,129,22,0,1,0,
no_atom_decomposition,ALG/ALG285^5.p,TH0,Theorem,timeout,na,2059,2439,91,2439,244,12,0,2,0,
no_atom_decomposition,ALG/ALG286^5.p,TH0,Theorem,timeout,na,2064,2475,113,2475,209,39,0,2,0,
no_atom_decomposition,ALG/ALG287^5.p,TH0,Theorem,timeout,na,2058,2748,154,2748,217,21,0,1,0,
no_atom_decomposition,ALG/ALG288^5.p,TH0,Unknown,timeout,na,2090,2412,65,2412,341,34,0,2,0,
no_atom_decomposition,ALG/ALG289^5.p,TH0,Unknown,timeout,na,2092,2425,44,2425,351,43,0,2,0,
no_atom_decomposition,ALG/ALG290^5.p,TH0,Theorem,timeout,na,2066,1976,47,1976,197,37,0,3,0,
no_atom_decomposition,ALG/ALG291^5.p,TH0,Unknown,timeout,na,2072,2184,101,2184,185,1,0,2,0,
no_atom_decomposition,ALG/ALG292^5.p,TH0,Theorem,timeout,na,2094,2160,73,2160,272,17,0,1,0,
no_atom_decomposition,ALG/ALG293^5.p,TH0,Unknown,timeout,na,2083,2278,65,2278,252,1,0,2,0,
no_atom_decomposition,ALG/ALG294^5.p,TH0,Theorem,timeout,na,2056,803,36,803,63,10,0,4,0,
no_atom_decomposition,ALG/ALG295^5.p,TH0,Unknown,timeout,na,2075,2045,63,2045,276,31,0,3,0,
no_atom_decomposition,ALG/ALG296^5.p,TH0,Unknown,timeout,na,2066,1372,35,1372,197,18,0,4,0,
no_atom_decomposition,ALG/ALG297^5.p,TH0,Unknown,timeout,na,2051,1586,98,1586,106,0,0,2,0,
no_atom_decomposition,ALG/ALG298^5.p,TH0,Theorem,timeout,na,2062,1735,65,1735,174,17,0,1,0,
no_atom_decomposition,ALG/ALG444^1.p,TH0,Satisfiable,no_conjecture,na,265,,,,,,,,,
no_atom_decomposition,ANA/ANA046^1.p,TH1,Theorem,parse_timeout,na,0,,,,,,,,,cached: parse exceeded 5000ms
no_atom_decomposition,ANA/ANA047^1.p,TH1,Theorem,parse_timeout,na,0,,,,,,,,,cached: parse exceeded 5000ms
no_atom_decomposition,ANA/ANA048^1.p,TH1,Theorem,parse_timeout,na,0,,,,,,,,,cached: parse exceeded 5000ms
no_atom_decomposition,ANA/ANA049^1.p,TH1,Theorem,parse_timeout,na,0,,,,,,,,,cached: parse exceeded 5000ms
no_atom_decomposition,ANA/ANA050^1.p,TH1,Theorem,parse_timeout,na,0,,,,,,,,,cached: parse exceeded 5000ms
no_atom_decomposition,ANA/ANA051^1.p,TH1,Theorem,parse_timeout,na,0,,,,,,,,,cached: parse exceeded 5000ms
no_atom_decomposition,ANA/ANA052^1.p,TH1,Theorem,parse_timeout,na,0,,,,,,,,,cached: parse exceeded 5000ms
no_atom_decomposition,ANA/ANA053^1.p,TH1,Theorem,parse_timeout,na,0,,,,,,,,,cached: parse exceeded 5000ms
no_atom_decomposition,ANA/ANA054^1.p,TH1,Theorem,parse_timeout,na,0,,,,,,,,,cached: parse exceeded 5000ms
no_atom_decomposition,ANA/ANA055^1.p,TH1,Theorem,parse_timeout,na,0,,,,,,,,,cached: parse exceeded 5000ms
no_atom_decomposition,ANA/ANA056^1.p,TH1,Theorem,parse_timeout,na,0,,,,,,,,,cached: parse exceeded 5000ms
no_atom_decomposition,ANA/ANA057^1.p,TH1,Theorem,parse_timeout,na,0,,,,,,,,,cached: parse exceeded 5000ms
no_atom_decomposition,ANA/ANA058^1.p,TH1,Theorem,parse_timeout,na,0,,,,,,,,,cached: parse exceeded 5000ms
no_atom_decomposition,ANA/ANA059^1.p,TH1,Theorem,parse_timeout,na,0,,,,,,,,,cached: parse exceeded 5000ms
no_atom_decomposition,ANA/ANA060^1.p,TH1,Theorem,parse_timeout,na,0,,,,,,,,,cached: parse exceeded 5000ms
no_atom_decomposition,ANA/ANA061^1.p,TH1,Theorem,parse_timeout,na,0,,,,,,,,,cached: parse exceeded 5000ms
no_atom_decomposition,ANA/ANA062^1.p,TH1,Theorem,parse_timeout,na,0,,,,,,,,,cached: parse exceeded 5000ms
no_atom_decomposition,ANA/ANA063^1.p,TH1,Theorem,parse_timeout,na,0,,,,,,,,,cached: parse exceeded 5000ms
no_atom_decomposition,ANA/ANA064^1.p,TH1,Theorem,parse_timeout,na,0,,,,,,,,,cached: parse exceeded 5000ms
no_atom_decomposition,ANA/ANA065^1.p,TH1,Theorem,parse_timeout,na,0,,,,,,,,,cached: parse exceeded 5000ms
no_atom_decomposition,ANA/ANA066^1.p,TH1,Theorem,parse_timeout,na,0,,,,,,,,,cached: parse exceeded 5000ms
no_atom_decomposition,ANA/ANA067^1.p,TH1,Theorem,parse_timeout,na,0,,,,,,,,,cached: parse exceeded 5000ms
no_atom_decomposition,ANA/ANA068^1.p,TH1,Theorem,timeout,na,2121,2866,7,2866,256,93,0,0,0,
no_atom_decomposition,ANA/ANA069^1.p,TH1,Theorem,timeout,na,2199,4258,5,4258,277,33,0,0,0,
no_atom_decomposition,ANA/ANA070^1.p,TH1,Theorem,timeout,na,2175,4232,17,4232,256,48,0,0,0,
no_atom_decomposition,ANA/ANA071^1.p,TH1,Theorem,timeout,na,2136,3837,18,3837,280,86,0,0,0,
no_atom_decomposition,ANA/ANA072^1.p,TH1,Theorem,timeout,na,2152,3977,9,3977,280,77,0,0,0,
no_atom_decomposition,ANA/ANA073^1.p,TH1,ContradictoryAxioms,timeout,na,2123,3770,54,3770,241,99,0,0,0,
no_atom_decomposition,ANA/ANA074^1.p,TH1,Theorem,timeout,na,2112,3719,36,3719,232,49,0,0,0,
no_atom_decomposition,ANA/ANA075^1.p,TH1,Theorem,timeout,na,2087,2651,68,2651,191,72,0,2,0,
no_atom_decomposition,ANA/ANA076^1.p,TH1,Theorem,timeout,na,2156,4027,72,4027,248,42,0,0,0,
no_atom_decomposition,ANA/ANA077^1.p,TH1,Theorem,timeout,na,2059,1532,19,1532,200,39,0,0,0,
no_atom_decomposition,ANA/ANA078^1.p,TH1,Theorem,timeout,na,2041,1312,38,1312,148,13,0,0,0,
no_atom_decomposition,ANA/ANA079^1.p,TH1,Theorem,timeout,na,2142,3952,86,3952,619,62,0,1,0,
no_atom_decomposition,ANA/ANA080^1.p,TH1,Theorem,timeout,na,2131,4254,81,4254,208,71,0,0,0,
no_atom_decomposition,ANA/ANA081^1.p,TH1,Theorem,timeout,na,2194,4472,10,4472,251,114,0,0,0,
no_atom_decomposition,ANA/ANA082^1.p,TH1,Theorem,timeout,na,2164,4141,10,4141,263,52,0,0,0,
no_atom_decomposition,ANA/ANA083^1.p,TH1,Theorem,timeout,na,2142,3920,20,3920,276,71,0,0,0,
no_atom_decomposition,ANA/ANA084^1.p,TH1,Theorem,timeout,na,2131,3892,11,3892,296,107,0,0,0,
no_atom_decomposition,ANA/ANA085^1.p,TH1,ContradictoryAxioms,timeout,na,2075,2578,75,2578,219,52,0,0,0,
no_atom_decomposition,ANA/ANA086^1.p,TH1,Theorem,timeout,na,2107,3704,61,3704,258,51,0,0,0,
no_atom_decomposition,ANA/ANA087^1.p,TH1,Theorem,timeout,na,2075,2559,127,2559,155,28,0,2,0,
no_atom_decomposition,ANA/ANA088^1.p,TH1,Theorem,timeout,na,2127,3842,51,3842,219,71,0,0,0,
no_atom_decomposition,ANA/ANA089^1.p,TH1,Theorem,timeout,na,2097,2686,8,2686,167,134,0,0,0,
no_atom_decomposition,ANA/ANA090^1.p,TH1,Theorem,timeout,na,2108,2791,71,2791,252,32,0,2,0,
no_atom_decomposition,ANA/ANA091^1.p,TH1,Theorem,timeout,na,2171,4117,65,4117,809,75,0,1,0,
no_atom_decomposition,ANA/ANA092^1.p,TH1,Theorem,timeout,na,2141,4051,66,4051,199,46,0,0,0,
no_atom_decomposition,ANA/ANA093^1.p,TH1,ContradictoryAxioms,timeout,na,2033,1368,68,1368,102,14,0,1,0,
no_atom_decomposition,ANA/ANA094^1.p,TH1,ContradictoryAxioms,timeout,na,2037,1243,59,1243,101,14,0,1,0,
no_atom_decomposition,ANA/ANA095^1.p,TH1,Theorem,timeout,na,2054,647,17,647,87,7,0,0,0,
no_atom_decomposition,ANA/ANA096^1.p,TH1,Theorem,timeout,na,2075,1299,34,1299,159,26,0,0,0,
no_atom_decomposition,ANA/ANA097^1.p,TH1,Theorem,timeout,na,2055,911,44,911,95,14,0,0,0,
no_atom_decomposition,ANA/ANA098^1.p,TH1,Theorem,timeout,na,2038,391,18,391,20,7,0,1,0,
no_atom_decomposition,ANA/ANA099^1.p,TH1,Theorem,timeout,na,2047,542,17,542,55,13,0,0,0,
no_atom_decomposition,ANA/ANA100^1.p,TH1,Theorem,timeout,na,2044,1359,71,1359,82,17,0,1,0,
no_atom_decomposition,ANA/ANA101^1.p,TH1,Theorem,timeout,na,2042,1812,107,1812,105,10,0,1,0,
no_atom_decomposition,ANA/ANA102^1.p,TH1,Theorem,timeout,na,2119,2469,65,2469,244,109,0,0,0,
no_atom_decomposition,ANA/ANA103^1.p,TH1,Theorem,timeout,na,2046,341,13,341,42,0,0,0,0,
no_atom_decomposition,ANA/ANA104^1.p,TH1,ContradictoryAxioms,timeout,na,2050,510,22,510,40,12,0,0,0,
no_atom_decomposition,ANA/ANA105^1.p,TH1,Theorem,timeout,na,2059,1447,63,1447,165,7,0,0,0,
no_atom_decomposition,ANA/ANA106^1.p,TH1,Theorem,timeout,na,2056,1482,61,1482,182,6,0,0,0,
no_atom_decomposition,ANA/ANA107^1.p,TH1,Theorem,timeout,na,2075,2163,67,2163,188,0,0,0,0,
no_atom_decomposition,ANA/ANA108^1.p,TH1,Theorem,timeout,na,2135,3793,45,3793,201,41,0,0,0,
no_atom_decomposition,ANA/ANA109^1.p,TH1,Theorem,timeout,na,2031,1421,73,1421,97,8,0,1,0,
no_atom_decomposition,ANA/ANA110^1.p,TH1,Theorem,timeout,na,2054,1047,37,1047,92,20,0,0,0,
no_atom_decomposition,ANA/ANA111^1.p,TH1,Theorem,timeout,na,2048,995,50,995,66,20,0,0,0,
no_atom_decomposition,ANA/ANA112^1.p,TH1,Theorem,timeout,na,2051,1308,65,1308,121,18,0,0,0,
no_atom_decomposition,ANA/ANA113^1.p,TH1,Theorem,timeout,na,2033,1393,88,1393,76,20,0,1,0,
no_atom_decomposition,ANA/ANA114^1.p,TH1,CounterSatisfiable,timeout,na,2076,2162,104,2162,183,0,0,2,0,
no_atom_decomposition,ANA/ANA115^1.p,TH1,Theorem,timeout,na,2038,1285,65,1285,112,13,0,0,0,
no_atom_decomposition,ANA/ANA116^1.p,TH1,Theorem,timeout,na,2043,659,33,659,45,7,0,3,0,
no_atom_decomposition,ANA/ANA117^1.p,TH1,Theorem,timeout,na,2047,1225,65,1225,77,9,0,3,0,
no_atom_decomposition,ANA/ANA118^1.p,TH1,Theorem,timeout,na,2068,1708,38,1708,217,32,0,1,0,
no_atom_decomposition,ANA/ANA119^1.p,TH1,Theorem,timeout,na,2036,1937,133,1937,87,19,0,1,0,
no_atom_decomposition,ANA/ANA120^1.p,TH1,Theorem,timeout,na,2067,785,34,785,55,12,0,1,0,
no_atom_decomposition,ANA/ANA121^1.p,TH1,Theorem,timeout,na,2061,795,34,795,62,0,0,1,0,
no_atom_decomposition,ANA/ANA122^1.p,TH1,Theorem,timeout,na,2048,2111,130,2111,122,7,0,1,0,
no_atom_decomposition,ANA/ANA123^1.p,TH1,Theorem,thm,yes,5,3,0,3,1,1,0,0,0,
no_atom_decomposition,ANA/ANA124^1.p,TH1,Theorem,timeout,na,2030,1147,75,1147,46,11,0,5,0,
no_atom_decomposition,ANA/ANA125^1.p,TH0,Theorem,timeout,na,2037,1764,79,1764,135,11,0,4,0,
no_atom_decomposition,ANA/ANA126^1.p,TH0,Theorem,timeout,na,2047,1440,38,1440,180,22,0,2,0,
no_atom_decomposition,ANA/ANA127^1.p,TH0,Theorem,timeout,na,2125,2753,144,2753,429,16,0,2,0,
no_atom_decomposition,ANA/ANA128^1.p,TH1,Theorem,timeout,na,2037,320,14,320,44,4,0,2,0,
no_atom_decomposition,ANA/ANA129^1.p,TH0,Theorem,timeout,na,2055,1823,111,1823,141,4,0,1,0,
no_atom_decomposition,ANA/ANA130^1.p,TH1,Theorem,timeout,na,2100,1623,73,1623,165,12,0,1,0,
no_atom_decomposition,ANA/ANA131^1.p,TH1,Theorem,timeout,na,2032,352,18,352,34,0,0,1,0,
no_atom_decomposition,ANA/ANA132^1.p,TH1,Theorem,timeout,na,2049,461,23,461,25,6,0,1,0,
no_atom_decomposition,CAT/CAT038^1.p,TH0,Theorem,timeout,na,2047,2784,130,2784,224,17,0,2,0,
no_atom_decomposition,CAT/CAT038^2.p,TH0,Theorem,timeout,na,2055,2685,96,2685,237,10,0,2,0,
no_atom_decomposition,CAT/CAT039^1.p,unknown,Theorem,parser_error,na,0,,,,,,,,,cached: Syntax Error: expected ' ' or ']' in !> binder  got [{:colon  ":"  1679}  {:atom  "obj"  1681}  {:rbracket  "]"  1684}  {:colon  ":"  1686}  {:lparen  "("  1688}  {:atom  "mor"  1690}  {:app  "@"  169
no_atom_decomposition,CAT/CAT040^1.p,unknown,Theorem,parser_error,na,0,,,,,,,,,cached: Syntax Error: expected ' ' or ']' in !> binder  got [{:colon  ":"  1679}  {:atom  "obj"  1681}  {:rbracket  "]"  1684}  {:colon  ":"  1686}  {:lparen  "("  1688}  {:atom  "mor"  1690}  {:app  "@"  169
no_atom_decomposition,CAT/CAT041^1.p,unknown,Theorem,parser_error,na,0,,,,,,,,,cached: Syntax Error: expected ' ' or ']' in !> binder  got [{:colon  ":"  1679}  {:atom  "obj"  1681}  {:rbracket  "]"  1684}  {:colon  ":"  1686}  {:lparen  "("  1688}  {:atom  "mor"  1690}  {:app  "@"  169
no_atom_decomposition,CAT/CAT042^1.p,unknown,Theorem,parser_error,na,0,,,,,,,,,cached: Syntax Error: expected ' ' or ']' in !> binder  got [{:colon  ":"  1679}  {:atom  "obj"  1681}  {:rbracket  "]"  1684}  {:colon  ":"  1686}  {:lparen  "("  1688}  {:atom  "mor"  1690}  {:app  "@"  169
no_atom_decomposition,CAT/CAT043^1.p,unknown,Theorem,parser_error,na,0,,,,,,,,,cached: Syntax Error: expected ' ' or ']' in !> binder  got [{:colon  ":"  1679}  {:atom  "obj"  1681}  {:rbracket  "]"  1684}  {:colon  ":"  1686}  {:lparen  "("  1688}  {:atom  "mor"  1690}  {:app  "@"  169
no_atom_decomposition,COL/COL125^1.p,TH0,Unknown,timeout,na,2485,0,0,0,1,0,0,0,0,
no_atom_decomposition,COL/COL126^1.p,TH0,Unknown,timeout,na,2499,0,0,0,1,0,0,0,0,
no_atom_decomposition,COM/COM024^5.p,TH0,Theorem,timeout,na,2033,1465,55,1465,124,3,0,4,0,
no_atom_decomposition,COM/COM152^1.p,TH1,Theorem,timeout,na,3173,49,4,49,1,0,0,0,0,
no_atom_decomposition,COM/COM153^1.p,TH1,Theorem,timeout,na,3037,0,0,0,1,0,0,0,0,
no_atom_decomposition,COM/COM154^1.p,TH1,Theorem,timeout,na,2354,72,6,72,2,0,0,0,0,
no_atom_decomposition,COM/COM155^1.p,TH1,Theorem,timeout,na,2855,0,0,0,1,0,0,0,0,
no_atom_decomposition,COM/COM156^1.p,TH1,Theorem,timeout,na,2887,0,0,0,1,0,0,0,0,
no_atom_decomposition,COM/COM157^1.p,TH1,Theorem,timeout,na,3123,0,0,0,1,0,0,0,0,
no_atom_decomposition,COM/COM158^1.p,TH1,Theorem,timeout,na,2286,193,13,193,8,0,0,0,0,
no_atom_decomposition,COM/COM159^1.p,TH1,Theorem,timeout,na,2969,0,0,0,1,0,0,0,0,
no_atom_decomposition,COM/COM160^1.p,TH1,Theorem,timeout,na,3037,0,0,0,1,0,0,0,0,
no_atom_decomposition,COM/COM161^1.p,TH1,Theorem,timeout,na,2785,0,0,0,1,0,0,0,0,
no_atom_decomposition,COM/COM162^1.p,TH1,Theorem,timeout,na,2335,145,14,145,1,0,0,0,0,
no_atom_decomposition,COM/COM163^1.p,TH1,Theorem,thm,yes,571,2,0,2,1,1,0,0,0,
no_atom_decomposition,COM/COM164^1.p,TH1,Theorem,timeout,na,2434,87,8,87,1,0,0,0,0,
no_atom_decomposition,COM/COM165^1.p,TH1,Theorem,timeout,na,2420,71,6,71,2,0,0,0,0,
no_atom_decomposition,COM/COM166^1.p,TH1,Theorem,timeout,na,2425,71,6,71,2,0,0,0,0,
no_atom_decomposition,COM/COM167^1.p,TH1,Theorem,timeout,na,2542,86,6,86,4,0,0,0,0,
no_atom_decomposition,COM/COM168^1.p,TH1,Theorem,timeout,na,2480,158,13,158,6,0,0,0,0,
no_atom_decomposition,COM/COM169^1.p,TH1,Theorem,timeout,na,2467,197,10,197,8,0,0,0,0,
no_atom_decomposition,COM/COM170^1.p,TH1,Theorem,timeout,na,2511,265,15,265,26,0,0,0,0,
no_atom_decomposition,COM/COM171^1.p,TH1,Theorem,timeout,na,2684,79,7,79,1,0,0,0,0,
no_atom_decomposition,COM/COM172^1.p,TH1,Theorem,timeout,na,2746,448,37,448,8,0,0,0,0,
no_atom_decomposition,COM/COM173^1.p,TH1,Theorem,timeout,na,2772,0,0,0,1,0,0,0,0,
no_atom_decomposition,COM/COM174^1.p,TH1,Theorem,timeout,na,2736,243,21,243,4,0,0,0,0,
no_atom_decomposition,COM/COM175^1.p,TH1,Theorem,timeout,na,2808,0,0,0,1,0,0,0,0,
no_atom_decomposition,COM/COM176^1.p,TH1,Theorem,timeout,na,2521,157,6,157,14,0,0,0,0,
no_atom_decomposition,COM/COM177^1.p,TH1,Theorem,timeout,na,2670,415,31,415,36,0,0,0,0,
no_atom_decomposition,COM/COM178^1.p,TH1,Theorem,timeout,na,2915,0,0,0,1,0,0,0,0,
no_atom_decomposition,COM/COM179^1.p,TH1,Theorem,timeout,na,2701,531,39,531,36,0,0,0,0,
no_atom_decomposition,COM/COM180^1.p,TH1,Theorem,timeout,na,2737,0,0,0,1,0,0,0,0,
no_atom_decomposition,COM/COM181^1.p,TH1,Theorem,timeout,na,2662,201,12,201,16,0,0,0,0,
no_atom_decomposition,COM/COM182^1.p,TH1,Theorem,timeout,na,2806,0,0,0,1,0,0,0,0,
no_atom_decomposition,COM/COM183^1.p,TH1,Theorem,timeout,na,2412,246,19,246,9,0,0,0,0,
no_atom_decomposition,COM/COM184^1.p,TH1,Theorem,timeout,na,2851,0,0,0,1,0,0,0,0,
no_atom_decomposition,COM/COM185^1.p,TH1,Theorem,timeout,na,2825,0,0,0,1,0,0,0,0,
no_atom_decomposition,COM/COM186^1.p,TH1,Theorem,timeout,na,2723,0,0,0,1,0,0,0,0,
no_atom_decomposition,COM/COM187^1.p,TH1,Theorem,timeout,na,3022,0,0,0,1,0,0,0,0,
no_atom_decomposition,COM/COM188^1.p,TH1,Theorem,timeout,na,2715,0,0,0,1,0,0,0,0,
no_atom_decomposition,COM/COM189^1.p,TH1,Theorem,timeout,na,2762,0,0,0,1,0,0,0,0,
no_atom_decomposition,COM/COM190^1.p,TH1,Theorem,thm,yes,728,1,0,1,1,1,0,0,0,
no_atom_decomposition,COM/COM191^1.p,TH1,Theorem,timeout,na,2719,0,0,0,1,0,0,0,0,
no_atom_decomposition,COM/COM192^1.p,TH1,Theorem,timeout,na,2919,0,0,0,1,0,0,0,0,
no_atom_decomposition,COM/COM193^1.p,TH1,Theorem,timeout,na,2432,115,3,115,10,0,0,0,0,
no_atom_decomposition,COM/COM194^1.p,TH1,Theorem,timeout,na,2733,0,0,0,1,0,0,0,0,
no_atom_decomposition,COM/COM195^1.p,TH1,Theorem,thm,yes,1045,16,1,16,1,1,0,0,0,
no_atom_decomposition,COM/COM196^1.p,TH1,Theorem,timeout,na,2452,130,8,130,8,0,0,0,0,
no_atom_decomposition,COM/COM197^1.p,TH1,Theorem,timeout,na,2976,48,4,48,1,0,0,0,0,
no_atom_decomposition,COM/COM198^1.p,TH1,Theorem,timeout,na,3061,7,0,7,1,0,0,0,0,
no_atom_decomposition,COM/COM199^1.p,TH1,Theorem,timeout,na,3130,13,1,13,1,0,0,0,0,
no_atom_decomposition,COM/COM200^1.p,TH1,Theorem,timeout,na,2505,1049,32,1049,126,0,0,0,0,
no_atom_decomposition,COM/COM201^1.p,TH1,Theorem,timeout,na,2394,97,9,97,1,0,0,0,0,
no_atom_decomposition,COM/COM202^1.p,TH1,Theorem,timeout,na,2822,92,9,92,1,0,0,0,0,
no_atom_decomposition,COM/COM203^1.p,TH1,Theorem,timeout,na,2833,127,9,127,16,0,0,0,0,
no_atom_decomposition,COM/COM204^1.p,TH1,Theorem,timeout,na,2920,0,0,0,1,0,0,0,0,
no_atom_decomposition,COM/COM205^1.p,TH1,Theorem,timeout,na,2757,43,2,43,16,0,0,0,0,
no_atom_decomposition,COM/COM206^1.p,TH1,Theorem,timeout,na,2931,44,4,44,1,0,0,0,0,
no_atom_decomposition,COM/COM207^1.p,TH1,Theorem,timeout,na,2893,43,4,43,1,0,0,0,0,
no_atom_decomposition,COM/COM208^1.p,TH1,Theorem,timeout,na,2917,57,5,57,1,0,0,0,0,
no_atom_decomposition,COM/COM209^1.p,TH1,Theorem,timeout,na,2936,41,4,41,1,0,0,0,0,
no_atom_decomposition,COM/COM210^1.p,TH1,Theorem,timeout,na,2677,74,7,74,1,0,0,0,0,
no_atom_decomposition,COM/COM211^1.p,TH1,Theorem,timeout,na,2855,44,4,44,1,0,0,0,0,
no_atom_decomposition,CSR/CSR119^1.p,TH0,Theorem,timeout,na,2004,1172,155,1172,1,0,0,0,0,
no_atom_decomposition,CSR/CSR119^2.p,TH0,Theorem,timeout,na,2085,292,25,292,6,0,0,0,0,
no_atom_decomposition,CSR/CSR119^3.p,TH0,Theorem,timeout,na,5394,251,25,251,1,0,0,0,0,
no_atom_decomposition,CSR/CSR120^1.p,TH0,Theorem,timeout,na,2005,1158,152,1158,1,0,0,0,0,
no_atom_decomposition,CSR/CSR120^2.p,TH0,Theorem,timeout,na,2085,292,25,292,6,0,0,0,0,
no_atom_decomposition,CSR/CSR120^3.p,TH0,Theorem,timeout,na,5425,253,25,253,1,0,0,0,0,
no_atom_decomposition,CSR/CSR121^1.p,TH0,Theorem,thm,yes,8,3,0,3,1,0,0,1,1,
no_atom_decomposition,CSR/CSR121^2.p,TH0,Theorem,thm,yes,827,193,19,193,1,0,0,1,1,
no_atom_decomposition,CSR/CSR122^1.p,TH0,Theorem,timeout,na,2003,868,112,868,1,0,0,0,0,
no_atom_decomposition,CSR/CSR122^2.p,TH0,Theorem,timeout,na,2085,293,25,293,6,0,0,0,0,
no_atom_decomposition,CSR/CSR123^1.p,TH0,Theorem,timeout,na,2005,463,46,463,1,0,0,0,0,
no_atom_decomposition,CSR/CSR123^2.p,TH0,Theorem,timeout,na,2087,295,25,295,6,0,0,0,0,
no_atom_decomposition,CSR/CSR124^1.p,TH0,Theorem,unk,na,7,3,0,3,1,0,0,0,0,
no_atom_decomposition,CSR/CSR124^2.p,TH0,Theorem,timeout,na,2095,292,25,292,6,0,0,0,0,
no_atom_decomposition,CSR/CSR125^1.p,TH0,Theorem,timeout,na,2005,730,95,730,1,0,0,0,0,
no_atom_decomposition,CSR/CSR125^2.p,TH0,Theorem,timeout,na,2183,509,36,509,24,0,0,0,0,
no_atom_decomposition,CSR/CSR126^1.p,TH0,Theorem,timeout,na,2006,736,83,736,1,0,0,0,0,
no_atom_decomposition,CSR/CSR126^2.p,TH0,Theorem,timeout,na,2085,293,25,293,6,0,0,0,0,
no_atom_decomposition,CSR/CSR127^1.p,TH0,Theorem,timeout,na,2006,814,92,814,1,0,0,0,0,
no_atom_decomposition,CSR/CSR127^2.p,TH0,Theorem,timeout,na,2086,293,25,293,6,0,0,0,0,
no_atom_decomposition,CSR/CSR128^1.p,TH0,Theorem,timeout,na,2007,1080,109,1080,1,0,0,0,0,
no_atom_decomposition,CSR/CSR128^2.p,TH0,Theorem,timeout,na,2085,294,25,294,6,0,0,0,0,
no_atom_decomposition,CSR/CSR129^1.p,TH0,Theorem,timeout,na,2007,209,21,209,1,0,0,0,0,
no_atom_decomposition,CSR/CSR129^2.p,TH0,Theorem,timeout,na,2428,3608,31,3608,340,10,0,0,0,
no_atom_decomposition,CSR/CSR130^1.p,TH0,Theorem,timeout,na,2007,111,11,111,1,0,0,0,0,
no_atom_decomposition,CSR/CSR130^2.p,TH0,Theorem,timeout,na,2286,3552,15,3552,355,12,0,0,0,
no_atom_decomposition,CSR/CSR131^1.p,TH0,Theorem,timeout,na,2008,329,33,329,1,0,0,0,0,
no_atom_decomposition,CSR/CSR131^2.p,TH0,Theorem,timeout,na,2390,3586,11,3586,362,224,0,0,0,
no_atom_decomposition,CSR/CSR132^1.p,TH0,Theorem,timeout,na,2008,317,31,317,1,0,0,0,0,
no_atom_decomposition,CSR/CSR132^2.p,TH0,Theorem,timeout,na,2139,381,30,381,16,0,0,0,0,
no_atom_decomposition,CSR/CSR133^1.p,TH0,Theorem,timeout,na,2011,368,36,368,1,0,0,0,0,
no_atom_decomposition,CSR/CSR133^2.p,TH0,Theorem,timeout,na,2389,3618,12,3618,367,176,0,0,0,
no_atom_decomposition,CSR/CSR134^1.p,TH0,Theorem,timeout,na,2005,506,50,506,1,0,0,0,0,
no_atom_decomposition,CSR/CSR134^2.p,TH0,Theorem,timeout,na,2309,3704,46,3704,352,224,0,0,0,
no_atom_decomposition,CSR/CSR135^1.p,TH0,Theorem,thm,yes,26,13,0,13,2,0,0,1,1,
no_atom_decomposition,CSR/CSR135^2.p,TH0,Theorem,thm,yes,31,13,0,13,2,0,0,1,1,
no_atom_decomposition,CSR/CSR136^1.p,TH0,Theorem,timeout,na,2006,23,0,23,3,0,0,2,0,
no_atom_decomposition,CSR/CSR136^2.p,TH0,Theorem,thm,yes,1125,23,0,23,3,0,0,2,1,
no_atom_decomposition,CSR/CSR137^1.p,TH0,Theorem,timeout,na,2034,909,41,909,98,13,0,1,0,
no_atom_decomposition,CSR/CSR137^2.p,TH0,Theorem,timeout,na,2102,718,26,718,103,10,0,1,0,
no_atom_decomposition,CSR/CSR138^1.p,TH0,Theorem,timeout,na,2118,781,27,781,256,15,0,1,0,
no_atom_decomposition,CSR/CSR138^2.p,TH0,Theorem,timeout,na,2144,381,30,381,16,0,0,0,0,
no_atom_decomposition,CSR/CSR139^1.p,TH0,Theorem,timeout,na,2202,1069,32,1069,420,2,0,1,0,
no_atom_decomposition,CSR/CSR139^2.p,TH0,Theorem,timeout,na,2118,1289,40,1289,309,10,0,1,0,
no_atom_decomposition,CSR/CSR140^1.p,TH0,Theorem,thm,yes,43,17,1,17,2,0,0,1,1,
no_atom_decomposition,CSR/CSR140^2.p,TH0,Theorem,timeout,na,2096,729,25,729,120,10,0,1,0,
no_atom_decomposition,CSR/CSR141^1.p,TH0,Theorem,timeout,na,2154,3952,54,3952,192,325,0,0,0,
no_atom_decomposition,CSR/CSR141^2.p,TH0,Theorem,timeout,na,2228,1553,45,1553,300,0,0,0,0,
no_atom_decomposition,CSR/CSR141^3.p,TH0,CounterSatisfiable,unk,na,5,5,0,5,1,0,0,0,0,
no_atom_decomposition,CSR/CSR142^1.p,TH0,Theorem,timeout,na,2021,327,16,327,35,2,0,2,0,
no_atom_decomposition,CSR/CSR142^2.p,TH0,Theorem,timeout,na,2178,475,28,475,37,0,0,0,0,
no_atom_decomposition,CSR/CSR142^3.p,TH0,CounterSatisfiable,timeout,na,2005,1388,183,1388,1,0,0,0,0,
no_atom_decomposition,CSR/CSR143^1.p,TH0,Theorem,timeout,na,2023,359,17,359,30,2,0,2,0,
no_atom_decomposition,CSR/CSR143^2.p,TH0,Theorem,timeout,na,2159,401,38,401,6,0,0,0,0,
no_atom_decomposition,CSR/CSR143^3.p,TH0,CounterSatisfiable,timeout,na,2005,920,105,920,1,0,0,0,0,
no_atom_decomposition,CSR/CSR144^1.p,TH0,Theorem,timeout,na,2031,631,36,631,40,3,0,1,0,
no_atom_decomposition,CSR/CSR144^2.p,TH0,Theorem,timeout,na,2166,335,33,335,1,0,0,0,0,
no_atom_decomposition,CSR/CSR144^3.p,TH0,CounterSatisfiable,timeout,na,2005,1065,107,1065,1,0,0,0,0,
no_atom_decomposition,CSR/CSR145^1.p,TH0,Theorem,timeout,na,2024,625,25,625,59,19,0,2,0,
no_atom_decomposition,CSR/CSR145^2.p,TH0,Theorem,timeout,na,2163,373,37,373,1,0,0,0,0,
no_atom_decomposition,CSR/CSR145^3.p,TH0,CounterSatisfiable,timeout,na,2003,144,9,144,7,10,0,3,0,
no_atom_decomposition,CSR/CSR146^1.p,TH0,Theorem,timeout,na,2025,390,20,390,28,5,0,1,0,
no_atom_decomposition,CSR/CSR146^2.p,TH0,Theorem,timeout,na,2172,289,28,289,1,0,0,0,0,
no_atom_decomposition,CSR/CSR146^3.p,TH0,Theorem,timeout,na,2013,408,25,408,23,5,0,1,0,
no_atom_decomposition,CSR/CSR148^1.p,TH0,Theorem,timeout,na,2008,1084,109,1084,1,0,0,0,0,
no_atom_decomposition,CSR/CSR148^2.p,TH0,Theorem,timeout,na,2086,299,25,299,6,0,0,0,0,
no_atom_decomposition,CSR/CSR148^3.p,TH0,ContradictoryAxioms,timeout,na,5354,255,25,255,1,0,0,0,0,
no_atom_decomposition,CSR/CSR149^1.p,TH0,Theorem,timeout,na,2005,1069,108,1069,1,0,0,0,0,
no_atom_decomposition,CSR/CSR149^2.p,TH0,Theorem,timeout,na,2085,296,25,296,6,0,0,0,0,
no_atom_decomposition,CSR/CSR149^3.p,TH0,ContradictoryAxioms,timeout,na,5405,250,25,250,1,0,0,0,0,
no_atom_decomposition,CSR/CSR150^1.p,TH0,Theorem,timeout,na,2100,3543,67,3543,223,23,0,0,0,
no_atom_decomposition,CSR/CSR150^2.p,TH0,Theorem,timeout,na,2170,468,32,468,24,0,0,0,0,
no_atom_decomposition,CSR/CSR150^3.p,TH0,Theorem,timeout,na,5358,251,25,251,1,0,0,0,0,
no_atom_decomposition,CSR/CSR151^1.p,TH0,Theorem,thm,yes,5,2,0,2,1,1,0,0,0,
no_atom_decomposition,CSR/CSR151^2.p,TH0,Theorem,thm,yes,744,172,17,172,1,1,0,0,0,
no_atom_decomposition,CSR/CSR151^3.p,TH0,Theorem,timeout,na,5367,252,25,252,1,0,0,0,0,
no_atom_decomposition,CSR/CSR152^1.p,TH0,Theorem,unk,na,6,4,0,4,1,0,0,0,0,
no_atom_decomposition,CSR/CSR152^2.p,TH0,Theorem,timeout,na,2128,1407,46,1407,302,18,0,0,0,
no_atom_decomposition,CSR/CSR152^3.p,TH0,ContradictoryAxioms,timeout,na,5374,255,25,255,1,0,0,0,0,
no_atom_decomposition,CSR/CSR153^1.p,TH0,Theorem,timeout,na,2186,4635,41,4635,688,201,0,2,0,
no_atom_decomposition,CSR/CSR153^2.p,TH0,Theorem,timeout,na,2086,530,33,530,24,0,0,1,0,
no_atom_decomposition,CSR/CSR153^3.p,TH0,ContradictoryAxioms,timeout,na,5409,252,25,252,1,0,0,0,0,
no_atom_decomposition,DAT/DAT002^1.p,TH0,Theorem,timeout,na,2127,3085,25,3085,203,170,0,0,0,
no_atom_decomposition,DAT/DAT056^1.p,TH0,Theorem,timeout,na,2061,1729,41,1729,178,60,0,1,0,
no_atom_decomposition,DAT/DAT056^2.p,TH0,Theorem,timeout,na,2058,2479,85,2479,296,0,0,4,0,
no_atom_decomposition,DAT/DAT113^1.p,TH1,Theorem,timeout,na,2450,138,12,138,2,0,0,0,0,
no_atom_decomposition,DAT/DAT114^1.p,TH1,Theorem,timeout,na,2685,487,42,487,8,0,0,0,0,
no_atom_decomposition,DAT/DAT115^1.p,TH1,Theorem,timeout,na,2817,692,59,692,16,0,0,0,0,
no_atom_decomposition,DAT/DAT117^1.p,TH1,Theorem,timeout,na,2700,724,62,724,16,0,0,0,0,
no_atom_decomposition,DAT/DAT118^1.p,TH1,Theorem,timeout,na,2845,780,58,780,38,0,0,0,0,
no_atom_decomposition,DAT/DAT119^1.p,TH1,Theorem,timeout,na,2396,0,0,0,1,0,0,0,0,
no_atom_decomposition,DAT/DAT120^1.p,TH1,Theorem,timeout,na,2569,0,0,0,1,0,0,0,0,
no_atom_decomposition,DAT/DAT121^1.p,TH1,Theorem,timeout,na,2383,1079,84,1079,26,10,0,0,0,
no_atom_decomposition,DAT/DAT122^1.p,TH1,Theorem,timeout,na,2771,0,0,0,1,0,0,0,0,
no_atom_decomposition,DAT/DAT123^1.p,TH1,Theorem,timeout,na,2745,1710,16,1710,312,0,0,0,0,
no_atom_decomposition,DAT/DAT124^1.p,TH1,Theorem,timeout,na,2561,1062,64,1062,65,0,0,0,0,
no_atom_decomposition,DAT/DAT125^1.p,TH1,Theorem,timeout,na,2836,106,9,106,2,0,0,0,0,
no_atom_decomposition,DAT/DAT126^1.p,TH1,Theorem,timeout,na,2499,0,0,0,1,0,0,0,0,
no_atom_decomposition,DAT/DAT127^1.p,TH1,Theorem,timeout,na,2488,489,20,489,40,0,0,1,0,
no_atom_decomposition,DAT/DAT128^1.p,TH1,Theorem,timeout,na,2534,806,50,806,40,0,0,0,0,
no_atom_decomposition,DAT/DAT129^1.p,TH1,Theorem,timeout,na,2549,3357,147,3357,244,260,0,1,0,
no_atom_decomposition,DAT/DAT130^1.p,TH1,Theorem,timeout,na,2698,0,0,0,1,0,0,0,0,
no_atom_decomposition,DAT/DAT131^1.p,TH1,Theorem,timeout,na,2815,0,0,0,1,0,0,0,0,
no_atom_decomposition,DAT/DAT132^1.p,TH1,Theorem,timeout,na,2737,0,0,0,1,0,0,0,0,
no_atom_decomposition,DAT/DAT133^1.p,TH1,Theorem,timeout,na,2486,147,11,147,6,0,0,0,0,
no_atom_decomposition,DAT/DAT134^1.p,TH1,Theorem,timeout,na,2858,0,0,0,1,0,0,0,0,
no_atom_decomposition,DAT/DAT135^1.p,TH1,Theorem,timeout,na,2497,558,42,558,42,0,0,0,0,
no_atom_decomposition,DAT/DAT136^1.p,TH1,Theorem,timeout,na,2393,993,67,993,44,2,0,0,0,
no_atom_decomposition,DAT/DAT137^1.p,TH1,Theorem,timeout,na,2472,723,41,723,40,0,0,0,0,
no_atom_decomposition,DAT/DAT138^1.p,TH1,Theorem,timeout,na,2762,0,0,0,1,0,0,0,0,
no_atom_decomposition,DAT/DAT139^1.p,TH1,Theorem,timeout,na,2018,1325,129,1325,32,0,0,0,0,
no_atom_decomposition,DAT/DAT140^1.p,TH1,Theorem,timeout,na,2546,777,57,777,25,0,0,0,0,
no_atom_decomposition,DAT/DAT141^1.p,TH1,Theorem,timeout,na,2986,0,0,0,1,0,0,0,0,
no_atom_decomposition,DAT/DAT142^1.p,TH1,Theorem,timeout,na,2375,176,15,176,4,0,0,0,0,
no_atom_decomposition,DAT/DAT143^1.p,TH1,Theorem,timeout,na,2019,1354,130,1354,32,0,0,0,0,
no_atom_decomposition,DAT/DAT144^1.p,TH1,Theorem,timeout,na,2440,19,1,19,1,0,0,0,0,
no_atom_decomposition,DAT/DAT145^1.p,TH1,Theorem,timeout,na,3178,0,0,0,1,0,0,0,0,
no_atom_decomposition,DAT/DAT146^1.p,TH1,Theorem,timeout,na,2917,0,0,0,1,0,0,0,0,
no_atom_decomposition,DAT/DAT147^1.p,TH1,Theorem,timeout,na,2592,254,18,254,10,0,0,0,0,
no_atom_decomposition,DAT/DAT148^1.p,TH1,Theorem,timeout,na,3412,0,0,0,1,0,0,0,0,
no_atom_decomposition,DAT/DAT149^1.p,TH1,Theorem,timeout,na,2669,0,0,0,1,0,0,0,0,
no_atom_decomposition,DAT/DAT150^1.p,TH1,Theorem,timeout,na,2578,122,12,122,1,0,0,0,0,
no_atom_decomposition,DAT/DAT151^1.p,TH1,Theorem,timeout,na,2402,186,16,186,4,0,0,0,0,
no_atom_decomposition,DAT/DAT152^1.p,TH1,Theorem,timeout,na,2489,755,62,755,23,7,0,0,0,
no_atom_decomposition,DAT/DAT153^1.p,TH1,Theorem,timeout,na,2400,392,20,392,21,4,0,0,0,
no_atom_decomposition,DAT/DAT154^1.p,TH1,Theorem,timeout,na,2869,0,0,0,1,0,0,0,0,
no_atom_decomposition,DAT/DAT155^1.p,TH1,Theorem,timeout,na,3093,0,0,0,1,0,0,0,0,
no_atom_decomposition,DAT/DAT156^1.p,TH1,Theorem,timeout,na,3079,0,0,0,1,0,0,0,0,
no_atom_decomposition,DAT/DAT157^1.p,TH1,Theorem,timeout,na,2521,544,44,544,40,0,0,0,0,
no_atom_decomposition,DAT/DAT158^1.p,TH1,Theorem,timeout,na,2627,798,63,798,28,0,0,0,0,
no_atom_decomposition,DAT/DAT159^1.p,TH1,Theorem,thm,yes,583,112,6,112,6,6,0,1,1,
no_atom_decomposition,DAT/DAT160^1.p,TH1,Theorem,timeout,na,2318,252,17,252,11,11,0,6,0,
no_atom_decomposition,DAT/DAT161^1.p,TH1,Theorem,timeout,na,2737,2517,25,2517,399,7,0,11,0,
no_atom_decomposition,DAT/DAT162^1.p,TH1,Theorem,timeout,na,2423,833,65,833,30,2,0,1,0,
no_atom_decomposition,DAT/DAT163^1.p,TH1,Theorem,timeout,na,2512,545,27,545,30,8,0,0,0,
no_atom_decomposition,DAT/DAT164^1.p,TH1,Theorem,timeout,na,2586,521,39,521,19,0,0,0,0,
no_atom_decomposition,DAT/DAT165^1.p,TH1,Theorem,timeout,na,2436,121,10,121,2,0,0,0,0,
no_atom_decomposition,DAT/DAT166^1.p,TH1,Theorem,timeout,na,2612,518,45,518,14,4,0,0,0,
no_atom_decomposition,DAT/DAT167^1.p,TH1,Theorem,timeout,na,2513,69,5,69,4,0,0,0,0,
no_atom_decomposition,DAT/DAT168^1.p,TH1,Theorem,timeout,na,2579,682,54,682,16,8,0,0,0,
no_atom_decomposition,DAT/DAT169^1.p,TH1,Theorem,timeout,na,2572,373,28,373,7,4,0,0,0,
no_atom_decomposition,DAT/DAT170^1.p,TH1,Theorem,timeout,na,2480,456,41,456,8,2,0,1,0,
no_atom_decomposition,DAT/DAT171^1.p,TH1,Theorem,timeout,na,2560,407,28,407,16,2,0,1,0,
no_atom_decomposition,DAT/DAT172^1.p,TH1,Theorem,timeout,na,2468,471,34,471,8,10,0,13,0,
no_atom_decomposition,DAT/DAT173^1.p,TH1,Theorem,timeout,na,2704,391,38,391,4,0,0,0,0,
no_atom_decomposition,DAT/DAT174^1.p,TH1,Theorem,timeout,na,2482,118,4,118,13,0,0,0,0,
no_atom_decomposition,DAT/DAT175^1.p,TH1,Theorem,timeout,na,2962,12,1,12,1,0,0,0,0,
no_atom_decomposition,DAT/DAT176^1.p,TH1,Theorem,timeout,na,2520,296,20,296,17,0,0,0,0,
no_atom_decomposition,DAT/DAT177^1.p,TH1,Theorem,timeout,na,2590,261,23,261,8,0,0,0,0,
no_atom_decomposition,DAT/DAT178^1.p,TH1,Theorem,timeout,na,2712,473,20,473,32,0,0,0,0,
no_atom_decomposition,DAT/DAT179^1.p,TH1,Theorem,timeout,na,2430,645,48,645,21,0,0,0,0,
no_atom_decomposition,DAT/DAT180^1.p,TH1,Theorem,timeout,na,2534,1432,118,1432,36,0,0,0,0,
no_atom_decomposition,DAT/DAT181^1.p,TH1,Theorem,timeout,na,2682,532,41,532,15,0,0,0,0,
no_atom_decomposition,DAT/DAT182^1.p,TH1,Theorem,timeout,na,2738,976,49,976,99,0,0,0,0,
no_atom_decomposition,DAT/DAT183^1.p,TH1,Theorem,timeout,na,2733,1295,82,1295,64,0,0,0,0,
no_atom_decomposition,DAT/DAT184^1.p,TH1,Theorem,timeout,na,2673,1286,116,1286,32,0,0,0,0,
no_atom_decomposition,DAT/DAT185^1.p,TH1,Theorem,timeout,na,2673,1032,91,1032,25,0,0,0,0,
no_atom_decomposition,DAT/DAT186^1.p,TH1,Theorem,timeout,na,2782,0,0,0,1,0,0,0,0,
no_atom_decomposition,DAT/DAT187^1.p,TH1,Theorem,timeout,na,2823,0,0,0,1,0,0,0,0,
no_atom_decomposition,DAT/DAT188^1.p,TH1,Theorem,timeout,na,2787,0,0,0,1,0,0,0,0,
no_atom_decomposition,DAT/DAT189^1.p,TH1,Theorem,timeout,na,2756,0,0,0,1,0,0,0,0,
no_atom_decomposition,DAT/DAT190^1.p,TH1,Theorem,timeout,na,2933,0,0,0,1,0,0,0,0,
no_atom_decomposition,DAT/DAT191^1.p,TH1,Theorem,timeout,na,2624,699,62,699,8,0,0,0,0,
no_atom_decomposition,DAT/DAT192^1.p,TH1,Theorem,timeout,na,2634,669,58,669,8,0,0,0,0,
no_atom_decomposition,DAT/DAT193^1.p,TH1,Theorem,timeout,na,2735,0,0,0,1,0,0,0,0,
no_atom_decomposition,DAT/DAT194^1.p,TH1,Theorem,timeout,na,2680,1028,91,1028,32,0,0,0,0,
no_atom_decomposition,DAT/DAT195^1.p,TH1,Theorem,timeout,na,2605,632,48,632,16,0,0,0,0,
no_atom_decomposition,DAT/DAT196^1.p,TH1,Theorem,timeout,na,2669,504,34,504,16,0,0,0,0,
no_atom_decomposition,DAT/DAT197^1.p,TH1,Theorem,timeout,na,3093,72,7,72,1,0,0,0,0,
no_atom_decomposition,DAT/DAT198^1.p,TH1,Theorem,timeout,na,3389,0,0,0,1,0,0,0,0,
no_atom_decomposition,DAT/DAT199^1.p,TH1,Theorem,timeout,na,2694,140,12,140,2,0,0,0,0,
no_atom_decomposition,DAT/DAT200^1.p,TH1,Theorem,timeout,na,2785,147,13,147,2,0,0,0,0,
no_atom_decomposition,DAT/DAT201^1.p,TH1,Theorem,timeout,na,2476,313,28,313,5,0,0,1,0,
no_atom_decomposition,DAT/DAT202^1.p,TH1,Theorem,timeout,na,2863,339,31,339,4,0,0,0,0,
no_atom_decomposition,DAT/DAT203^1.p,TH1,Theorem,timeout,na,2676,364,22,364,21,0,0,0,0,
no_atom_decomposition,DAT/DAT204^1.p,TH1,Theorem,timeout,na,2775,181,17,181,2,0,0,0,0,
no_atom_decomposition,DAT/DAT205^1.p,TH1,Theorem,timeout,na,2812,245,23,245,4,0,0,0,0,
no_atom_decomposition,DAT/DAT206^1.p,TH1,Theorem,timeout,na,2640,307,23,307,8,0,0,0,0,
no_atom_decomposition,DAT/DAT207^1.p,TH1,Theorem,timeout,na,3007,0,0,0,1,0,0,0,0,
no_atom_decomposition,DAT/DAT208^1.p,TH1,Theorem,timeout,na,2539,698,49,698,37,0,0,1,0,
no_atom_decomposition,DAT/DAT209^1.p,TH1,Theorem,timeout,na,2359,772,58,772,23,0,0,0,0,
no_atom_decomposition,DAT/DAT210^1.p,TH1,Theorem,timeout,na,2754,202,18,202,4,0,0,0,0,
no_atom_decomposition,DAT/DAT211^1.p,TH1,Theorem,timeout,na,2433,0,0,0,1,0,0,0,0,
no_atom_decomposition,DAT/DAT212^1.p,TH1,Theorem,timeout,na,2774,462,37,462,16,0,0,1,0,
no_atom_decomposition,DAT/DAT213^1.p,TH1,Theorem,timeout,na,2765,557,48,557,8,0,0,1,0,
no_atom_decomposition,DAT/DAT214^1.p,TH1,Theorem,timeout,na,2628,877,36,877,111,24,0,0,0,
no_atom_decomposition,DAT/DAT215^1.p,TH1,Theorem,timeout,na,3125,112,11,112,1,0,0,0,0,
no_atom_decomposition,DAT/DAT216^1.p,TH1,ContradictoryAxioms,timeout,na,2486,1654,73,1654,173,16,0,2,0,
no_atom_decomposition,DAT/DAT217^1.p,TH1,Theorem,timeout,na,2412,843,57,843,53,3,0,8,0,
no_atom_decomposition,DAT/DAT218^1.p,TH1,Theorem,timeout,na,2337,767,61,767,16,13,0,2,0,
no_atom_decomposition,DAT/DAT219^1.p,TH1,Theorem,timeout,na,2865,23,2,23,1,0,0,0,0,
no_atom_decomposition,DAT/DAT220^1.p,TH1,Theorem,timeout,na,3303,0,0,0,1,0,0,0,0,
no_atom_decomposition,DAT/DAT221^1.p,TH1,Theorem,timeout,na,3658,0,0,0,1,0,0,0,0,
no_atom_decomposition,DAT/DAT222^1.p,TH1,Theorem,timeout,na,3092,0,0,0,1,0,0,0,0,
no_atom_decomposition,DAT/DAT223^1.p,TH1,Theorem,timeout,na,3930,0,0,0,1,0,0,0,0,
no_atom_decomposition,DAT/DAT224^1.p,TH1,Theorem,timeout,na,3205,0,0,0,1,0,0,0,0,
no_atom_decomposition,DAT/DAT225^1.p,TH1,Theorem,timeout,na,2856,34,3,34,1,0,0,0,0,
no_atom_decomposition,DAT/DAT226^1.p,TH1,Theorem,timeout,na,2502,55,5,55,1,0,0,0,0,
no_atom_decomposition,DAT/DAT227^1.p,TH1,Theorem,timeout,na,3392,0,0,0,1,0,0,0,0,
no_atom_decomposition,DAT/DAT228^1.p,TH1,Theorem,timeout,na,2540,43,4,43,1,0,0,0,0,
no_atom_decomposition,DAT/DAT229^1.p,TH1,Theorem,timeout,na,2970,80,8,80,1,0,0,0,0,
no_atom_decomposition,DAT/DAT230^1.p,TH1,Theorem,timeout,na,2938,0,0,0,1,0,0,0,0,
no_atom_decomposition,DAT/DAT231^1.p,TH1,Theorem,timeout,na,2714,285,27,285,2,0,0,1,0,
no_atom_decomposition,DAT/DAT232^1.p,TH1,Theorem,timeout,na,3061,0,0,0,1,0,0,0,0,
no_atom_decomposition,DAT/DAT233^1.p,TH1,Theorem,timeout,na,3778,94,9,94,1,0,0,0,0,
no_atom_decomposition,DAT/DAT234^1.p,TH1,Theorem,timeout,na,4293,0,0,0,1,0,0,0,0,
no_atom_decomposition,DAT/DAT235^1.p,TH1,Theorem,timeout,na,4082,0,0,0,1,0,0,0,0,
no_atom_decomposition,DAT/DAT236^1.p,TH1,Theorem,timeout,na,4281,97,8,97,2,0,0,0,0,
no_atom_decomposition,DAT/DAT237^1.p,TH1,Theorem,timeout,na,4421,0,0,0,1,0,0,0,0,
no_atom_decomposition,DAT/DAT238^1.p,TH1,Theorem,timeout,na,2462,1098,35,1098,128,12,0,0,0,
no_atom_decomposition,DAT/DAT239^1.p,TH1,Theorem,timeout,na,2500,3033,181,3033,194,42,0,1,0,
no_atom_decomposition,DAT/DAT240^1.p,TH1,Theorem,timeout,na,2781,109,10,109,1,0,0,0,0,
no_atom_decomposition,DAT/DAT241^1.p,TH1,Theorem,timeout,na,3922,31,3,31,1,0,0,0,0,
no_atom_decomposition,DAT/DAT242^1.p,TH1,Theorem,timeout,na,4571,141,14,141,1,0,0,0,0,
no_atom_decomposition,DAT/DAT243^1.p,TH1,Theorem,timeout,na,4660,0,0,0,1,0,0,0,0,
no_atom_decomposition,DAT/DAT244^1.p,TH1,Theorem,timeout,na,2648,92,8,92,2,0,0,0,0,
no_atom_decomposition,DAT/DAT245^1.p,TH1,Theorem,timeout,na,2544,100,9,100,3,0,0,0,0,
no_atom_decomposition,DAT/DAT246^1.p,TH1,Theorem,timeout,na,2629,1228,61,1228,144,4,0,0,0,
no_atom_decomposition,DAT/DAT247^1.p,TH1,Theorem,timeout,na,2662,77,7,77,1,0,0,0,0,
no_atom_decomposition,DAT/DAT248^1.p,TH1,Theorem,timeout,na,2512,136,12,136,3,1,0,4,0,
no_atom_decomposition,DAT/DAT249^1.p,TH1,Theorem,timeout,na,2899,0,0,0,1,0,0,0,0,
no_atom_decomposition,DAT/DAT250^1.p,TH1,Theorem,timeout,na,2740,185,17,185,4,0,0,0,0,
no_atom_decomposition,DAT/DAT251^1.p,TH1,Theorem,timeout,na,2996,0,0,0,1,0,0,0,0,
no_atom_decomposition,DAT/DAT252^1.p,TH1,Theorem,timeout,na,2754,262,19,262,8,0,0,0,0,
no_atom_decomposition,DAT/DAT253^1.p,TH1,Theorem,timeout,na,2394,661,57,661,33,0,0,1,0,
no_atom_decomposition,DAT/DAT254^1.p,TH1,Theorem,timeout,na,3643,47,4,47,1,0,0,0,0,
no_atom_decomposition,DAT/DAT255^1.p,TH1,Theorem,timeout,na,3107,52,5,52,1,0,0,0,0,
no_atom_decomposition,DAT/DAT256^1.p,TH1,Theorem,timeout,na,3601,0,0,0,1,0,0,0,0,
no_atom_decomposition,DAT/DAT257^1.p,TH1,Theorem,timeout,na,3465,4,0,4,1,0,0,0,0,
no_atom_decomposition,DAT/DAT258^1.p,TH1,Theorem,timeout,na,3175,57,5,57,1,0,0,0,0,
no_atom_decomposition,DAT/DAT259^1.p,TH1,Theorem,timeout,na,2039,819,13,819,97,23,0,2,0,
no_atom_decomposition,DAT/DAT260^1.p,TH1,Theorem,timeout,na,2032,967,40,967,76,7,0,5,0,
no_atom_decomposition,DAT/DAT261^1.p,TH1,Theorem,timeout,na,2036,1037,35,1037,96,6,0,4,0,
no_atom_decomposition,DAT/DAT262^1.p,TH1,Theorem,timeout,na,2041,996,21,996,120,14,0,1,0,
no_atom_decomposition,DAT/DAT263^1.p,TH1,Theorem,timeout,na,2030,1049,54,1049,71,3,0,5,0,
no_atom_decomposition,DAT/DAT264^1.p,TH1,Theorem,timeout,na,2035,751,23,751,76,7,0,2,0,
no_atom_decomposition,DAT/DAT265^1.p,TH1,Theorem,timeout,na,2037,880,40,880,64,4,0,4,0,
no_atom_decomposition,DAT/DAT266^1.p,TH1,Theorem,timeout,na,2038,1269,46,1269,114,7,0,4,0,
no_atom_decomposition,DAT/DAT267^1.p,TH1,Theorem,timeout,na,2044,818,11,818,116,3,0,2,0,
no_atom_decomposition,DAT/DAT268^1.p,TH1,Theorem,timeout,na,2033,942,41,942,78,11,0,1,0,
no_atom_decomposition,DAT/DAT269^1.p,TH1,Theorem,timeout,na,2032,960,45,960,65,8,0,1,0,
no_atom_decomposition,DAT/DAT270^1.p,TH1,Theorem,timeout,na,2031,725,38,725,52,7,0,3,0,
no_atom_decomposition,DAT/DAT271^1.p,TH1,Theorem,timeout,na,2034,872,37,872,73,11,0,1,0,
no_atom_decomposition,DAT/DAT272^1.p,TH1,Theorem,timeout,na,2040,883,40,883,61,9,0,3,0,
no_atom_decomposition,DAT/DAT273^1.p,TH1,Theorem,timeout,na,2040,375,1,375,47,15,0,0,0,
no_atom_decomposition,DAT/DAT274^1.p,TH1,Theorem,timeout,na,2107,2505,146,2505,150,97,0,0,0,
no_atom_decomposition,DAT/DAT275^1.p,TH1,Theorem,timeout,na,2038,1033,38,1033,84,3,0,4,0,
no_atom_decomposition,DAT/DAT276^1.p,TH1,Theorem,timeout,na,2046,772,43,772,44,10,0,5,0,
no_atom_decomposition,DAT/DAT277^1.p,TH1,Theorem,timeout,na,2042,889,37,889,85,7,0,1,0,
no_atom_decomposition,DAT/DAT278^1.p,TH1,Theorem,timeout,na,2039,837,37,837,63,6,0,4,0,
no_atom_decomposition,DAT/DAT279^1.p,TH1,Theorem,timeout,na,2035,852,41,852,60,9,0,2,0,
no_atom_decomposition,DAT/DAT280^1.p,TH1,Theorem,timeout,na,2011,69,3,69,5,3,0,2,0,
no_atom_decomposition,DAT/DAT281^1.p,TH1,Theorem,timeout,na,2028,870,41,870,72,7,0,5,0,
no_atom_decomposition,DAT/DAT282^1.p,TH1,Theorem,timeout,na,2010,67,2,67,5,3,0,2,0,
no_atom_decomposition,DAT/DAT283^1.p,TH1,Theorem,timeout,na,2034,809,16,809,101,3,0,2,0,
no_atom_decomposition,DAT/DAT284^1.p,TH1,Theorem,timeout,na,2060,2648,184,2648,104,33,0,1,0,
no_atom_decomposition,DAT/DAT285^1.p,TH1,Theorem,timeout,na,2034,797,25,797,69,10,0,2,0,
no_atom_decomposition,DAT/DAT286^1.p,TH1,Theorem,timeout,na,2033,564,23,564,42,16,0,3,0,
no_atom_decomposition,DAT/DAT287^1.p,TH1,Theorem,timeout,na,2062,1593,80,1593,113,4,0,2,0,
no_atom_decomposition,DAT/DAT288^1.p,TH1,Theorem,timeout,na,2054,1444,59,1444,146,10,0,1,0,
no_atom_decomposition,DAT/DAT289^1.p,TH1,Theorem,timeout,na,2066,1522,68,1522,149,0,0,2,0,
no_atom_decomposition,DAT/DAT290^1.p,TH1,Theorem,timeout,na,2044,1541,75,1541,121,4,0,1,0,
no_atom_decomposition,DAT/DAT291^1.p,TH1,Theorem,timeout,na,2054,1521,75,1521,115,8,0,2,0,
no_atom_decomposition,DAT/DAT292^1.p,TH1,Theorem,timeout,na,2053,1208,50,1208,98,8,0,2,0,
no_atom_decomposition,DAT/DAT293^1.p,TH1,Theorem,timeout,na,2056,1181,57,1181,113,0,0,2,0,
no_atom_decomposition,DAT/DAT294^1.p,TH1,Theorem,timeout,na,2036,853,43,853,50,6,0,2,0,
no_atom_decomposition,DAT/DAT295^1.p,TH1,Theorem,timeout,na,2055,763,41,763,56,0,0,3,0,
no_atom_decomposition,DAT/DAT296^1.p,TH1,Theorem,timeout,na,2052,504,28,504,26,1,0,2,0,
no_atom_decomposition,DAT/DAT297^1.p,TH1,Theorem,timeout,na,2048,857,42,857,59,8,0,3,0,
no_atom_decomposition,DAT/DAT298^1.p,TH1,Theorem,timeout,na,2052,1177,57,1177,128,1,0,3,0,
no_atom_decomposition,DAT/DAT299^1.p,TH1,Theorem,timeout,na,2056,1022,32,1022,100,0,0,2,0,
no_atom_decomposition,DAT/DAT300^1.p,TH1,Theorem,timeout,na,2078,1317,48,1317,127,2,0,3,0,
no_atom_decomposition,DAT/DAT301^1.p,TH1,Theorem,timeout,na,2045,1045,51,1045,104,1,0,3,0,
no_atom_decomposition,DAT/DAT302^1.p,TH1,Theorem,timeout,na,2060,875,25,875,105,10,0,0,0,
no_atom_decomposition,DAT/DAT303^1.p,TH1,Theorem,timeout,na,2065,1509,76,1509,103,4,0,2,0,
no_atom_decomposition,DAT/DAT304^1.p,TH1,Theorem,timeout,na,2055,1207,41,1207,110,2,0,2,0,
no_atom_decomposition,DAT/DAT305^1.p,TH1,Theorem,timeout,na,2083,1585,56,1585,130,12,0,1,0,
no_atom_decomposition,DAT/DAT306^1.p,TH1,Theorem,timeout,na,2061,1225,32,1225,131,3,0,3,0,
no_atom_decomposition,DAT/DAT307^1.p,TH1,Theorem,timeout,na,2098,1436,28,1436,224,15,0,4,0,
no_atom_decomposition,DAT/DAT308^1.p,TH1,Theorem,timeout,na,2067,737,39,737,52,0,0,2,0,
no_atom_decomposition,DAT/DAT309^1.p,TH1,Theorem,timeout,na,2042,683,39,683,38,0,0,2,0,
no_atom_decomposition,DAT/DAT310^1.p,TH1,Theorem,timeout,na,2089,1674,53,1674,178,10,0,1,0,
no_atom_decomposition,DAT/DAT311^1.p,TH1,Theorem,timeout,na,2089,1700,42,1700,247,27,0,1,0,
no_atom_decomposition,DAT/DAT312^1.p,TH1,Theorem,timeout,na,2055,1706,68,1706,163,8,0,2,0,
no_atom_decomposition,DAT/DAT313^1.p,TH1,Theorem,timeout,na,2075,1605,58,1605,144,9,0,2,0,
no_atom_decomposition,DAT/DAT314^1.p,TH1,Theorem,timeout,na,2051,1555,73,1555,123,0,0,3,0,
no_atom_decomposition,DAT/DAT315^1.p,TH1,Theorem,timeout,na,2025,1062,52,1062,72,13,0,2,0,
no_atom_decomposition,DAT/DAT316^1.p,TH1,Theorem,timeout,na,2066,1648,64,1648,137,11,0,1,0,
no_atom_decomposition,DAT/DAT317^1.p,TH1,Theorem,timeout,na,2047,1623,82,1623,119,8,0,2,0,
no_atom_decomposition,DAT/DAT318^1.p,TH1,Theorem,timeout,na,2060,1538,90,1538,107,0,0,3,0,
no_atom_decomposition,DAT/DAT319^1.p,TH1,Theorem,timeout,na,2032,787,22,787,68,10,0,2,0,
no_atom_decomposition,DAT/DAT320^1.p,TH1,Theorem,timeout,na,2060,1558,67,1558,126,55,0,0,0,
no_atom_decomposition,DAT/DAT321^1.p,TH1,Theorem,timeout,na,2057,531,9,531,80,12,0,0,0,
no_atom_decomposition,DAT/DAT322^1.p,TH1,Theorem,timeout,na,2041,1008,27,1008,110,7,0,2,0,
no_atom_decomposition,DAT/DAT323^1.p,TH1,Theorem,timeout,na,2048,284,12,284,38,2,0,0,0,
no_atom_decomposition,DAT/DAT324^1.p,TH1,Theorem,timeout,na,2059,1299,24,1299,193,27,0,0,0,
no_atom_decomposition,DAT/DAT325^1.p,TH1,Theorem,timeout,na,2043,959,26,959,131,0,0,1,0,
no_atom_decomposition,DAT/DAT326^1.p,TH1,Theorem,timeout,na,2058,774,18,774,102,43,0,0,0,
no_atom_decomposition,DAT/DAT327^1.p,TH1,Theorem,timeout,na,2061,1576,58,1576,135,17,0,1,0,
no_atom_decomposition,DAT/DAT328^1.p,TH1,Theorem,timeout,na,2128,1421,6,1421,226,72,0,0,0,
no_atom_decomposition,DAT/DAT333^3.p,TH0,Theorem,timeout,na,2235,6900,114,6900,250,252,0,0,0,
no_atom_decomposition,DAT/DAT333^6.p,TH0,Theorem,thm,yes,472,1493,27,1493,149,64,0,1,1,
no_atom_decomposition,DAT/DAT334^12.p,TH0,Theorem,timeout,na,2178,5428,141,5428,623,177,0,1,0,
no_atom_decomposition,DAT/DAT334^19.p,TH0,Theorem,timeout,na,2224,7253,153,7253,238,329,0,0,0,
no_atom_decomposition,DAT/DAT334^21.p,TH0,Theorem,timeout,na,2231,5657,116,5657,192,157,0,0,0,
no_atom_decomposition,DAT/DAT334^23.p,TH0,Theorem,timeout,na,2263,6146,139,6146,196,274,0,0,0,
no_atom_decomposition,DAT/DAT334^8.p,TH0,Theorem,timeout,na,2282,8244,97,8244,239,304,0,0,0,
no_atom_decomposition,DAT/DAT335^12.p,TH0,CounterSatisfiable,timeout,na,2184,5480,99,5480,277,94,0,0,0,
no_atom_decomposition,DAT/DAT335^18.p,TH0,CounterSatisfiable,timeout,na,2156,4583,87,4583,240,96,0,0,0,
no_atom_decomposition,DAT/DAT335^2.p,TH0,CounterSatisfiable,timeout,na,2120,3988,89,3988,250,103,0,0,0,
no_atom_decomposition,DAT/DAT338^1.p,unknown,Theorem,parser_error,na,0,,,,,,,,,cached: Syntax Error: expected ' ' or ']' in !> binder  got [{:colon  ":"  2358}  {:atom  "nat"  2360}  {:rbracket  "]"  2363}  {:colon  ":"  2365}  {:lparen  "("  2367}  {:atom  "elem"  2369}  {:arrow  ">"  
no_atom_decomposition,DAT/DAT339^1.p,unknown,Theorem,parser_error,na,0,,,,,,,,,cached: Syntax Error: expected ' ' or ']' in !> binder  got [{:colon  ":"  2370}  {:atom  "nat"  2372}  {:rbracket  "]"  2375}  {:colon  ":"  2377}  {:lparen  "("  2379}  {:atom  "elem"  2381}  {:arrow  ">"  
no_atom_decomposition,DAT/DAT340^1.p,unknown,Theorem,parser_error,na,0,,,,,,,,,cached: Syntax Error: expected ' ' or ']' in !> binder  got [{:colon  ":"  2361}  {:atom  "nat"  2363}  {:rbracket  "]"  2366}  {:colon  ":"  2368}  {:lparen  "("  2370}  {:atom  "elem"  2372}  {:arrow  ">"  
no_atom_decomposition,DAT/DAT341^1.p,unknown,Theorem,parser_error,na,0,,,,,,,,,cached: Syntax Error: expected ' ' or ']' in !> binder  got [{:colon  ":"  2342}  {:atom  "nat"  2344}  {:rbracket  "]"  2347}  {:colon  ":"  2349}  {:lparen  "("  2351}  {:atom  "elem"  2353}  {:arrow  ">"  
no_atom_decomposition,DAT/DAT342^1.p,unknown,Theorem,parser_error,na,0,,,,,,,,,cached: Syntax Error: expected ' ' or ']' in !> binder  got [{:colon  ":"  2413}  {:atom  "nat"  2415}  {:rbracket  "]"  2418}  {:colon  ":"  2420}  {:lparen  "("  2422}  {:var  "A"  2424}  {:arrow  ">"  2426
no_atom_decomposition,DAT/DAT343^1.p,unknown,Theorem,parser_error,na,0,,,,,,,,,cached: Syntax Error: expected ' ' or ']' in !> binder  got [{:colon  ":"  2420}  {:atom  "nat"  2422}  {:rbracket  "]"  2425}  {:colon  ":"  2427}  {:lparen  "("  2429}  {:var  "A"  2431}  {:arrow  ">"  2433
no_atom_decomposition,DAT/DAT344^1.p,unknown,Theorem,parser_error,na,0,,,,,,,,,cached: Syntax Error: expected ' ' or ']' in !> binder  got [{:colon  ":"  2416}  {:atom  "nat"  2418}  {:rbracket  "]"  2421}  {:colon  ":"  2423}  {:lparen  "("  2425}  {:var  "A"  2427}  {:arrow  ">"  2429
no_atom_decomposition,DAT/DAT345^1.p,unknown,Theorem,parser_error,na,0,,,,,,,,,cached: Syntax Error: expected ' ' or ']' in !> binder  got [{:colon  ":"  2397}  {:atom  "nat"  2399}  {:rbracket  "]"  2402}  {:colon  ":"  2404}  {:lparen  "("  2406}  {:var  "A"  2408}  {:arrow  ">"  2410
no_atom_decomposition,DAT/DAT346^1.p,unknown,Theorem,parser_error,na,0,,,,,,,,,cached: Syntax Error: expected ' ' or ']' in !> binder  got [{:colon  ":"  1895}  {:atom  "nat"  1897}  {:rbracket  "]"  1900}  {:colon  ":"  1902}  {:lparen  "("  1904}  {:atom  "nat"  1906}  {:arrow  ">"  1
no_atom_decomposition,DAT/DAT347^1.p,unknown,Theorem,parser_error,na,0,,,,,,,,,cached: Syntax Error: expected ' ' or ']' in !> binder  got [{:colon  ":"  1949}  {:atom  "nat"  1951}  {:rbracket  "]"  1954}  {:colon  ":"  1956}  {:lparen  "("  1958}  {:atom  "nat"  1960}  {:arrow  ">"  1
no_atom_decomposition,DAT/DAT348^1.p,unknown,Theorem,parser_error,na,0,,,,,,,,,cached: Syntax Error: expected ' ' or ']' in !> binder  got [{:colon  ":"  1908}  {:atom  "nat"  1910}  {:rbracket  "]"  1913}  {:colon  ":"  1915}  {:lparen  "("  1917}  {:atom  "nat"  1919}  {:arrow  ">"  1
no_atom_decomposition,DAT/DAT349^1.p,unknown,Theorem,parser_error,na,0,,,,,,,,,cached: Syntax Error: expected ' ' or ']' in !> binder  got [{:colon  ":"  2083}  {:atom  "nat"  2085}  {:rbracket  "]"  2088}  {:colon  ":"  2090}  {:lparen  "("  2092}  {:atom  "elem"  2094}  {:arrow  ">"  
no_atom_decomposition,DAT/DAT350^1.p,unknown,Theorem,parser_error,na,0,,,,,,,,,cached: Syntax Error: expected ' ' or ']' in !> binder  got [{:colon  ":"  2083}  {:atom  "nat"  2085}  {:rbracket  "]"  2088}  {:colon  ":"  2090}  {:lparen  "("  2092}  {:atom  "elem"  2094}  {:arrow  ">"  
no_atom_decomposition,DAT/DAT351^1.p,unknown,Theorem,parser_error,na,0,,,,,,,,,cached: Syntax Error: expected ' ' or ']' in !> binder  got [{:colon  ":"  2082}  {:atom  "nat"  2084}  {:rbracket  "]"  2087}  {:colon  ":"  2089}  {:lparen  "("  2091}  {:atom  "elem"  2093}  {:arrow  ">"  
no_atom_decomposition,DAT/DAT352^1.p,unknown,Theorem,parser_error,na,0,,,,,,,,,cached: Syntax Error: expected ' ' or ']' in !> binder  got [{:colon  ":"  2082}  {:atom  "nat"  2084}  {:rbracket  "]"  2087}  {:colon  ":"  2089}  {:lparen  "("  2091}  {:atom  "elem"  2093}  {:arrow  ">"  
no_atom_decomposition,DAT/DAT353^1.p,unknown,Theorem,parser_error,na,0,,,,,,,,,cached: Syntax Error: expected ' ' or ']' in !> binder  got [{:colon  ":"  2082}  {:atom  "nat"  2084}  {:rbracket  "]"  2087}  {:colon  ":"  2089}  {:lparen  "("  2091}  {:atom  "elem"  2093}  {:arrow  ">"  
no_atom_decomposition,DAT/DAT354^1.p,unknown,Theorem,parser_error,na,0,,,,,,,,,cached: Syntax Error: expected ' ' or ']' in !> binder  got [{:colon  ":"  1886}  {:atom  "nat"  1888}  {:rbracket  "]"  1891}  {:colon  ":"  1893}  {:lparen  "("  1895}  {:atom  "elem"  1897}  {:arrow  ">"  
no_atom_decomposition,DAT/DAT355^1.p,unknown,Theorem,parser_error,na,0,,,,,,,,,cached: Syntax Error: expected ' ' or ']' in !> binder  got [{:colon  ":"  1890}  {:atom  "nat"  1892}  {:rbracket  "]"  1895}  {:colon  ":"  1897}  {:lparen  "("  1899}  {:atom  "elem"  1901}  {:arrow  ">"  
no_atom_decomposition,DAT/DAT356^1.p,unknown,Theorem,parser_error,na,0,,,,,,,,,cached: Syntax Error: expected ' ' or ']' in !> binder  got [{:colon  ":"  1890}  {:atom  "nat"  1892}  {:rbracket  "]"  1895}  {:colon  ":"  1897}  {:lparen  "("  1899}  {:atom  "elem"  1901}  {:arrow  ">"  
no_atom_decomposition,DAT/DAT357^1.p,unknown,Theorem,parser_error,na,0,,,,,,,,,cached: Syntax Error: expected ' ' or ']' in !> binder  got [{:colon  ":"  1890}  {:atom  "nat"  1892}  {:rbracket  "]"  1895}  {:colon  ":"  1897}  {:lparen  "("  1899}  {:atom  "elem"  1901}  {:arrow  ">"  
no_atom_decomposition,DAT/DAT358^1.p,unknown,Theorem,parser_error,na,0,,,,,,,,,cached: Syntax Error: expected ' ' or ']' in !> binder  got [{:colon  ":"  1890}  {:atom  "nat"  1892}  {:rbracket  "]"  1895}  {:colon  ":"  1897}  {:lparen  "("  1899}  {:atom  "elem"  1901}  {:arrow  ">"  
no_atom_decomposition,DAT/DAT359^1.p,unknown,Theorem,parser_error,na,0,,,,,,,,,cached: Syntax Error: expected ' ' or ']' in !> binder  got [{:colon  ":"  1890}  {:atom  "nat"  1892}  {:rbracket  "]"  1895}  {:colon  ":"  1897}  {:lparen  "("  1899}  {:atom  "elem"  1901}  {:arrow  ">"  
no_atom_decomposition,DAT/DAT360^1.p,unknown,Theorem,parser_error,na,0,,,,,,,,,cached: Syntax Error: expected ' ' or ']' in !> binder  got [{:colon  ":"  2325}  {:atom  "nat"  2327}  {:rbracket  "]"  2330}  {:colon  ":"  2332}  {:lparen  "("  2334}  {:atom  "elem"  2336}  {:arrow  ">"  
no_atom_decomposition,DAT/DAT361^1.p,unknown,Theorem,parser_error,na,0,,,,,,,,,cached: Syntax Error: expected ' ' or ']' in !> binder  got [{:colon  ":"  2337}  {:atom  "nat"  2339}  {:rbracket  "]"  2342}  {:colon  ":"  2344}  {:lparen  "("  2346}  {:atom  "elem"  2348}  {:arrow  ">"  
no_atom_decomposition,DAT/DAT362^1.p,unknown,Theorem,parser_error,na,0,,,,,,,,,cached: Syntax Error: expected ' ' or ']' in !> binder  got [{:colon  ":"  2309}  {:atom  "nat"  2311}  {:rbracket  "]"  2314}  {:colon  ":"  2316}  {:lparen  "("  2318}  {:atom  "elem"  2320}  {:arrow  ">"  
no_atom_decomposition,DAT/DAT363^1.p,unknown,Theorem,parser_error,na,0,,,,,,,,,cached: Syntax Error: expected ' ' or ']' in !> binder  got [{:colon  ":"  1923}  {:atom  "nat"  1925}  {:rbracket  "]"  1928}  {:colon  ":"  1930}  {:lparen  "("  1932}  {:var  "A"  1934}  {:arrow  ">"  1936
no_atom_decomposition,DAT/DAT364^1.p,unknown,Theorem,parser_error,na,0,,,,,,,,,cached: Syntax Error: expected ' ' or ']' in !> binder  got [{:colon  ":"  1934}  {:atom  "nat"  1936}  {:rbracket  "]"  1939}  {:colon  ":"  1941}  {:lparen  "("  1943}  {:var  "A"  1945}  {:arrow  ">"  1947
no_atom_decomposition,DAT/DAT365^1.p,unknown,Theorem,parser_error,na,0,,,,,,,,,cached: Syntax Error: expected ' ' or ']' in !> binder  got [{:colon  ":"  1911}  {:atom  "nat"  1913}  {:rbracket  "]"  1916}  {:colon  ":"  1918}  {:lparen  "("  1920}  {:var  "A"  1922}  {:arrow  ">"  1924
no_atom_decomposition,DAT/DAT366^1.p,unknown,Theorem,parser_error,na,0,,,,,,,,,cached: Syntax Error: expected ' ' or ']' in !> binder  got [{:colon  ":"  1934}  {:atom  "nat"  1936}  {:rbracket  "]"  1939}  {:colon  ":"  1941}  {:lparen  "("  1943}  {:var  "A"  1945}  {:arrow  ">"  1947
no_atom_decomposition,DAT/DAT367^1.p,unknown,Theorem,parser_error,na,0,,,,,,,,,cached: Syntax Error: expected ' ' or ']' in !> binder  got [{:colon  ":"  1911}  {:atom  "nat"  1913}  {:rbracket  "]"  1916}  {:colon  ":"  1918}  {:lparen  "("  1920}  {:var  "A"  1922}  {:arrow  ">"  1924
no_atom_decomposition,DAT/DAT368^1.p,unknown,Theorem,parser_error,na,0,,,,,,,,,cached: Syntax Error: expected ' ' or ']' in !> binder  got [{:colon  ":"  1934}  {:atom  "nat"  1936}  {:rbracket  "]"  1939}  {:colon  ":"  1941}  {:lparen  "("  1943}  {:var  "A"  1945}  {:arrow  ">"  1947
no_atom_decomposition,DAT/DAT369^1.p,unknown,Theorem,parser_error,na,0,,,,,,,,,cached: Syntax Error: expected ' ' or ']' in !> binder  got [{:colon  ":"  1911}  {:atom  "nat"  1913}  {:rbracket  "]"  1916}  {:colon  ":"  1918}  {:lparen  "("  1920}  {:var  "A"  1922}  {:arrow  ">"  1924
no_atom_decomposition,DAT/DAT370^1.p,unknown,Theorem,parser_error,na,0,,,,,,,,,cached: Syntax Error: expected ' ' or ']' in !> binder  got [{:colon  ":"  1934}  {:atom  "nat"  1936}  {:rbracket  "]"  1939}  {:colon  ":"  1941}  {:lparen  "("  1943}  {:var  "A"  1945}  {:arrow  ">"  1947
no_atom_decomposition,DAT/DAT371^1.p,unknown,Theorem,parser_error,na,0,,,,,,,,,cached: Syntax Error: expected ' ' or ']' in !> binder  got [{:colon  ":"  1911}  {:atom  "nat"  1913}  {:rbracket  "]"  1916}  {:colon  ":"  1918}  {:lparen  "("  1920}  {:var  "A"  1922}  {:arrow  ">"  1924
no_atom_decomposition,DAT/DAT372^1.p,unknown,Theorem,parser_error,na,0,,,,,,,,,cached: Syntax Error: expected ' ' or ']' in !> binder  got [{:colon  ":"  1939}  {:atom  "nat"  1941}  {:rbracket  "]"  1944}  {:colon  ":"  1946}  {:lparen  "("  1948}  {:var  "A"  1950}  {:arrow  ">"  1952
no_atom_decomposition,DAT/DAT373^1.p,unknown,Theorem,parser_error,na,0,,,,,,,,,cached: Syntax Error: expected ' ' or ']' in !> binder  got [{:colon  ":"  1934}  {:atom  "nat"  1936}  {:rbracket  "]"  1939}  {:colon  ":"  1941}  {:lparen  "("  1943}  {:var  "A"  1945}  {:arrow  ">"  1947
no_atom_decomposition,DAT/DAT374^1.p,unknown,Theorem,parser_error,na,0,,,,,,,,,cached: Syntax Error: expected ' ' or ']' in !> binder  got [{:colon  ":"  1925}  {:atom  "nat"  1927}  {:rbracket  "]"  1930}  {:colon  ":"  1932}  {:lparen  "("  1934}  {:var  "A"  1936}  {:arrow  ">"  1938
no_atom_decomposition,DAT/DAT375^1.p,unknown,Theorem,parser_error,na,0,,,,,,,,,cached: Syntax Error: expected ' ' or ']' in !> binder  got [{:colon  ":"  1923}  {:atom  "nat"  1925}  {:rbracket  "]"  1928}  {:colon  ":"  1930}  {:lparen  "("  1932}  {:var  "A"  1934}  {:arrow  ">"  1936
no_atom_decomposition,DAT/DAT376^1.p,unknown,Theorem,parser_error,na,0,,,,,,,,,cached: Syntax Error: expected ' ' or ']' in !> binder  got [{:colon  ":"  1911}  {:atom  "nat"  1913}  {:rbracket  "]"  1916}  {:colon  ":"  1918}  {:lparen  "("  1920}  {:var  "A"  1922}  {:arrow  ">"  1924
no_atom_decomposition,DAT/DAT377^1.p,unknown,Theorem,parser_error,na,0,,,,,,,,,cached: Syntax Error: expected ' ' or ']' in !> binder  got [{:colon  ":"  2346}  {:atom  "nat"  2348}  {:rbracket  "]"  2351}  {:colon  ":"  2353}  {:lparen  "("  2355}  {:var  "A"  2357}  {:arrow  ">"  2359
no_atom_decomposition,DAT/DAT378^1.p,unknown,Theorem,parser_error,na,0,,,,,,,,,cached: Syntax Error: expected ' ' or ']' in !> binder  got [{:colon  ":"  1932}  {:atom  "nat"  1934}  {:rbracket  "]"  1937}  {:colon  ":"  1939}  {:lparen  "("  1941}  {:var  "A"  1943}  {:arrow  ">"  1945
no_atom_decomposition,DAT/DAT379^1.p,unknown,Theorem,parser_error,na,0,,,,,,,,,cached: Syntax Error: expected ' ' or ']' in !> binder  got [{:colon  ":"  2409}  {:atom  "nat"  2411}  {:rbracket  "]"  2414}  {:colon  ":"  2416}  {:lparen  "("  2418}  {:var  "A"  2420}  {:arrow  ">"  2422
no_atom_decomposition,DAT/DAT380^1.p,unknown,Theorem,parser_error,na,0,,,,,,,,,cached: Syntax Error: expected ' ' or ']' in !> binder  got [{:colon  ":"  2381}  {:atom  "nat"  2383}  {:rbracket  "]"  2386}  {:colon  ":"  2388}  {:lparen  "("  2390}  {:var  "A"  2392}  {:arrow  ">"  2394
no_atom_decomposition,DAT/DAT381^1.p,unknown,Theorem,parser_error,na,0,,,,,,,,,cached: Syntax Error: expected ' ' or ']' in !> binder  got [{:colon  ":"  2020}  {:atom  "nat"  2022}  {:rbracket  "]"  2025}  {:colon  ":"  2027}  {:lparen  "("  2029}  {:atom  "nat"  2031}  {:arrow  ">"  2
no_atom_decomposition,DAT/DAT382^1.p,unknown,Theorem,parser_error,na,0,,,,,,,,,cached: Syntax Error: expected ' ' or ']' in !> binder  got [{:colon  ":"  2454}  {:atom  "nat"  2456}  {:rbracket  "]"  2459}  {:colon  ":"  2461}  {:lparen  "("  2463}  {:atom  "elem"  2465}  {:arrow  ">"  
no_atom_decomposition,DAT/DAT383^1.p,unknown,Theorem,parser_error,na,0,,,,,,,,,cached: Syntax Error: expected ' ' or ']' in !> binder  got [{:colon  ":"  2462}  {:atom  "nat"  2464}  {:rbracket  "]"  2467}  {:colon  ":"  2469}  {:lparen  "("  2471}  {:atom  "elem"  2473}  {:arrow  ">"  
no_atom_decomposition,DAT/DAT384^1.p,unknown,Theorem,parser_error,na,0,,,,,,,,,cached: Syntax Error: expected ' ' or ']' in !> binder  got [{:colon  ":"  2438}  {:atom  "nat"  2440}  {:rbracket  "]"  2443}  {:colon  ":"  2445}  {:lparen  "("  2447}  {:atom  "elem"  2449}  {:arrow  ">"  
no_atom_decomposition,DAT/DAT385^1.p,unknown,Theorem,parser_error,na,0,,,,,,,,,cached: Syntax Error: expected ' ' or ']' in !> binder  got [{:colon  ":"  2462}  {:atom  "nat"  2464}  {:rbracket  "]"  2467}  {:colon  ":"  2469}  {:lparen  "("  2471}  {:atom  "elem"  2473}  {:arrow  ">"  
no_atom_decomposition,DAT/DAT386^1.p,unknown,Theorem,parser_error,na,0,,,,,,,,,cached: Syntax Error: expected ' ' or ']' in !> binder  got [{:colon  ":"  2462}  {:atom  "nat"  2464}  {:rbracket  "]"  2467}  {:colon  ":"  2469}  {:lparen  "("  2471}  {:atom  "elem"  2473}  {:arrow  ">"  
no_atom_decomposition,DAT/DAT387^1.p,unknown,Theorem,parser_error,na,0,,,,,,,,,cached: Syntax Error: expected ' ' or ']' in !> binder  got [{:colon  ":"  2462}  {:atom  "nat"  2464}  {:rbracket  "]"  2467}  {:colon  ":"  2469}  {:lparen  "("  2471}  {:atom  "elem"  2473}  {:arrow  ">"  
no_atom_decomposition,DAT/DAT388^1.p,unknown,Theorem,parser_error,na,0,,,,,,,,,cached: Syntax Error: expected ' ' or ']' in !> binder  got [{:colon  ":"  2465}  {:atom  "nat"  2467}  {:rbracket  "]"  2470}  {:colon  ":"  2472}  {:lparen  "("  2474}  {:atom  "elem"  2476}  {:arrow  ">"  
no_atom_decomposition,DAT/DAT389^1.p,unknown,Theorem,parser_error,na,0,,,,,,,,,cached: Syntax Error: expected ' ' or ']' in !> binder  got [{:colon  ":"  2465}  {:atom  "nat"  2467}  {:rbracket  "]"  2470}  {:colon  ":"  2472}  {:lparen  "("  2474}  {:atom  "elem"  2476}  {:arrow  ">"  
no_atom_decomposition,DAT/DAT390^1.p,unknown,Theorem,parser_error,na,0,,,,,,,,,cached: Syntax Error: expected ' ' or ']' in !> binder  got [{:colon  ":"  2465}  {:atom  "nat"  2467}  {:rbracket  "]"  2470}  {:colon  ":"  2472}  {:lparen  "("  2474}  {:atom  "elem"  2476}  {:arrow  ">"  
no_atom_decomposition,DAT/DAT391^1.p,unknown,Theorem,parser_error,na,0,,,,,,,,,cached: Syntax Error: expected ' ' or ']' in !> binder  got [{:colon  ":"  2465}  {:atom  "nat"  2467}  {:rbracket  "]"  2470}  {:colon  ":"  2472}  {:lparen  "("  2474}  {:atom  "elem"  2476}  {:arrow  ">"  
no_atom_decomposition,DAT/DAT392^1.p,unknown,Theorem,parser_error,na,0,,,,,,,,,cached: Syntax Error: expected ' ' or ']' in !> binder  got [{:colon  ":"  2465}  {:atom  "nat"  2467}  {:rbracket  "]"  2470}  {:colon  ":"  2472}  {:lparen  "("  2474}  {:atom  "elem"  2476}  {:arrow  ">"  
no_atom_decomposition,DAT/DAT393^1.p,unknown,Theorem,parser_error,na,0,,,,,,,,,cached: Syntax Error: expected ' ' or ']' in !> binder  got [{:colon  ":"  2465}  {:atom  "nat"  2467}  {:rbracket  "]"  2470}  {:colon  ":"  2472}  {:lparen  "("  2474}  {:atom  "elem"  2476}  {:arrow  ">"  
no_atom_decomposition,DAT/DAT394^1.p,unknown,Theorem,parser_error,na,0,,,,,,,,,cached: Syntax Error: expected ' ' or ']' in !> binder  got [{:colon  ":"  2465}  {:atom  "nat"  2467}  {:rbracket  "]"  2470}  {:colon  ":"  2472}  {:lparen  "("  2474}  {:atom  "elem"  2476}  {:arrow  ">"  
no_atom_decomposition,DAT/DAT395^1.p,unknown,Theorem,parser_error,na,0,,,,,,,,,cached: Syntax Error: expected ' ' or ']' in !> binder  got [{:colon  ":"  2462}  {:atom  "nat"  2464}  {:rbracket  "]"  2467}  {:colon  ":"  2469}  {:lparen  "("  2471}  {:atom  "elem"  2473}  {:arrow  ">"  
no_atom_decomposition,DAT/DAT396^1.p,unknown,Theorem,parser_error,na,0,,,,,,,,,cached: Syntax Error: expected ' ' or ']' in !> binder  got [{:colon  ":"  2055}  {:atom  "nat"  2057}  {:rbracket  "]"  2060}  {:colon  ":"  2062}  {:lparen  "("  2064}  {:atom  "elem"  2066}  {:arrow  ">"  
no_atom_decomposition,DAT/DAT397^1.p,unknown,Theorem,parser_error,na,0,,,,,,,,,cached: Syntax Error: expected ' ' or ']' in !> binder  got [{:colon  ":"  2055}  {:atom  "nat"  2057}  {:rbracket  "]"  2060}  {:colon  ":"  2062}  {:lparen  "("  2064}  {:atom  "elem"  2066}  {:arrow  ">"  
no_atom_decomposition,DAT/DAT398^1.p,unknown,Theorem,parser_error,na,0,,,,,,,,,cached: Syntax Error: expected ' ' or ']' in !> binder  got [{:colon  ":"  2055}  {:atom  "nat"  2057}  {:rbracket  "]"  2060}  {:colon  ":"  2062}  {:lparen  "("  2064}  {:atom  "elem"  2066}  {:arrow  ">"  
no_atom_decomposition,DAT/DAT399^1.p,unknown,Theorem,parser_error,na,0,,,,,,,,,cached: Syntax Error: expected ' ' or ']' in !> binder  got [{:colon  ":"  2055}  {:atom  "nat"  2057}  {:rbracket  "]"  2060}  {:colon  ":"  2062}  {:lparen  "("  2064}  {:atom  "elem"  2066}  {:arrow  ">"  
no_atom_decomposition,DAT/DAT400^1.p,unknown,Theorem,parser_error,na,0,,,,,,,,,cached: Syntax Error: expected ' ' or ']' in !> binder  got [{:colon  ":"  2055}  {:atom  "nat"  2057}  {:rbracket  "]"  2060}  {:colon  ":"  2062}  {:lparen  "("  2064}  {:atom  "elem"  2066}  {:arrow  ">"  
no_atom_decomposition,DAT/DAT401^1.p,unknown,Theorem,parser_error,na,0,,,,,,,,,cached: Syntax Error: expected ' ' or ']' in !> binder  got [{:colon  ":"  2041}  {:atom  "nat"  2043}  {:rbracket  "]"  2046}  {:colon  ":"  2048}  {:lparen  "("  2050}  {:atom  "elem"  2052}  {:arrow  ">"  
no_atom_decomposition,DAT/DAT402^1.p,unknown,Theorem,parser_error,na,0,,,,,,,,,cached: Syntax Error: expected ' ' or ']' in !> binder  got [{:colon  ":"  2146}  {:atom  "nat"  2148}  {:rbracket  "]"  2151}  {:colon  ":"  2153}  {:lparen  "("  2155}  {:var  "A"  2157}  {:arrow  ">"  2159
no_atom_decomposition,DAT/DAT403^1.p,unknown,Theorem,parser_error,na,0,,,,,,,,,cached: Syntax Error: expected ' ' or ']' in !> binder  got [{:colon  ":"  2111}  {:atom  "nat"  2113}  {:rbracket  "]"  2116}  {:colon  ":"  2118}  {:lparen  "("  2120}  {:var  "A"  2122}  {:arrow  ">"  2124
no_atom_decomposition,DAT/DAT404^1.p,unknown,Theorem,parser_error,na,0,,,,,,,,,cached: Syntax Error: expected ' ' or ']' in !> binder  got [{:colon  ":"  2146}  {:atom  "nat"  2148}  {:rbracket  "]"  2151}  {:colon  ":"  2153}  {:lparen  "("  2155}  {:var  "A"  2157}  {:arrow  ">"  2159
no_atom_decomposition,DAT/DAT405^1.p,unknown,Theorem,parser_error,na,0,,,,,,,,,cached: Syntax Error: expected ' ' or ']' in !> binder  got [{:colon  ":"  2112}  {:atom  "nat"  2114}  {:rbracket  "]"  2117}  {:colon  ":"  2119}  {:lparen  "("  2121}  {:var  "A"  2123}  {:arrow  ">"  2125
no_atom_decomposition,DAT/DAT406^1.p,unknown,Theorem,parser_error,na,0,,,,,,,,,cached: Syntax Error: expected ' ' or ']' in !> binder  got [{:colon  ":"  2111}  {:atom  "nat"  2113}  {:rbracket  "]"  2116}  {:colon  ":"  2118}  {:lparen  "("  2120}  {:var  "A"  2122}  {:arrow  ">"  2124
no_atom_decomposition,DAT/DAT407^1.p,unknown,Theorem,parser_error,na,0,,,,,,,,,cached: Syntax Error: expected ' ' or ']' in !> binder  got [{:colon  ":"  2146}  {:atom  "nat"  2148}  {:rbracket  "]"  2151}  {:colon  ":"  2153}  {:lparen  "("  2155}  {:var  "A"  2157}  {:arrow  ">"  2159
no_atom_decomposition,DAT/DAT408^1.p,unknown,Theorem,parser_error,na,0,,,,,,,,,cached: Syntax Error: expected ' ' or ']' in !> binder  got [{:colon  ":"  2146}  {:atom  "nat"  2148}  {:rbracket  "]"  2151}  {:colon  ":"  2153}  {:lparen  "("  2155}  {:var  "A"  2157}  {:arrow  ">"  2159
no_atom_decomposition,DAT/DAT409^1.p,unknown,Theorem,parser_error,na,0,,,,,,,,,cached: Syntax Error: expected ' ' or ']' in !> binder  got [{:colon  ":"  2111}  {:atom  "nat"  2113}  {:rbracket  "]"  2116}  {:colon  ":"  2118}  {:lparen  "("  2120}  {:var  "A"  2122}  {:arrow  ">"  2124
no_atom_decomposition,DAT/DAT410^1.p,unknown,Theorem,parser_error,na,0,,,,,,,,,cached: Syntax Error: expected ' ' or ']' in !> binder  got [{:colon  ":"  2147}  {:atom  "nat"  2149}  {:rbracket  "]"  2152}  {:colon  ":"  2154}  {:lparen  "("  2156}  {:var  "A"  2158}  {:arrow  ">"  2160
no_atom_decomposition,DAT/DAT411^1.p,unknown,Theorem,parser_error,na,0,,,,,,,,,cached: Syntax Error: expected ' ' or ']' in !> binder  got [{:colon  ":"  2152}  {:atom  "nat"  2154}  {:rbracket  "]"  2157}  {:colon  ":"  2159}  {:lparen  "("  2161}  {:var  "A"  2163}  {:arrow  ">"  2165
no_atom_decomposition,DAT/DAT412^1.p,unknown,Theorem,parser_error,na,0,,,,,,,,,cached: Syntax Error: expected ' ' or ']' in !> binder  got [{:colon  ":"  2112}  {:atom  "nat"  2114}  {:rbracket  "]"  2117}  {:colon  ":"  2119}  {:lparen  "("  2121}  {:var  "A"  2123}  {:arrow  ">"  2125
no_atom_decomposition,DAT/DAT413^1.p,unknown,Theorem,parser_error,na,0,,,,,,,,,cached: Syntax Error: expected ' ' or ']' in !> binder  got [{:colon  ":"  2134}  {:atom  "nat"  2136}  {:rbracket  "]"  2139}  {:colon  ":"  2141}  {:lparen  "("  2143}  {:var  "A"  2145}  {:arrow  ">"  2147
no_atom_decomposition,DAT/DAT414^1.p,unknown,Theorem,parser_error,na,0,,,,,,,,,cached: Syntax Error: expected ' ' or ']' in !> binder  got [{:colon  ":"  2117}  {:atom  "nat"  2119}  {:rbracket  "]"  2122}  {:colon  ":"  2124}  {:lparen  "("  2126}  {:var  "A"  2128}  {:arrow  ">"  2130
no_atom_decomposition,DAT/DAT415^1.p,unknown,Theorem,parser_error,na,0,,,,,,,,,cached: Syntax Error: expected ' ' or ']' in !> binder  got [{:colon  ":"  1820}  {:atom  "nat"  1822}  {:rbracket  "]"  1825}  {:colon  ":"  1827}  {:lparen  "("  1829}  {:atom  "nat"  1831}  {:arrow  ">"  1
no_atom_decomposition,DAT/DAT416^1.p,unknown,Theorem,parser_error,na,0,,,,,,,,,cached: Syntax Error: expected ' ' or ']' in !> binder  got [{:colon  ":"  1818}  {:atom  "nat"  1820}  {:rbracket  "]"  1823}  {:colon  ":"  1825}  {:lparen  "("  1827}  {:atom  "nat"  1829}  {:arrow  ">"  1
no_atom_decomposition,DAT/DAT417^1.p,unknown,Theorem,parser_error,na,0,,,,,,,,,cached: Syntax Error: expected ' ' or ']' in !> binder  got [{:colon  ":"  1824}  {:atom  "nat"  1826}  {:rbracket  "]"  1829}  {:colon  ":"  1831}  {:lparen  "("  1833}  {:atom  "nat"  1835}  {:arrow  ">"  1
no_atom_decomposition,DAT/DAT418^1.p,unknown,Theorem,parser_error,na,0,,,,,,,,,cached: Syntax Error: expected ' ' or ']' in !> binder  got [{:colon  ":"  1822}  {:atom  "nat"  1824}  {:rbracket  "]"  1827}  {:colon  ":"  1829}  {:lparen  "("  1831}  {:atom  "nat"  1833}  {:arrow  ">"  1
no_atom_decomposition,DAT/DAT419^1.p,unknown,Theorem,parser_error,na,0,,,,,,,,,cached: Syntax Error: expected ' ' or ']' in !> binder  got [{:colon  ":"  2524}  {:atom  "nat"  2526}  {:rbracket  "]"  2529}  {:colon  ":"  2531}  {:lparen  "("  2533}  {:lparen  "("  2535}  {:atom  "tree" 
no_atom_decomposition,DAT/DAT420^1.p,unknown,Theorem,parser_error,na,0,,,,,,,,,cached: Syntax Error: expected ' ' or ']' in !> binder  got [{:colon  ":"  2512}  {:atom  "nat"  2514}  {:rbracket  "]"  2517}  {:colon  ":"  2519}  {:lparen  "("  2521}  {:lparen  "("  2523}  {:atom  "tree" 
no_atom_decomposition,DAT/DAT421^1.p,unknown,Theorem,parser_error,na,0,,,,,,,,,cached: Syntax Error: expected ' ' or ']' in !> binder  got [{:colon  ":"  2005}  {:atom  "nat"  2007}  {:rbracket  "]"  2010}  {:colon  ":"  2012}  {:lparen  "("  2014}  {:lparen  "("  2016}  {:atom  "tree" 
no_atom_decomposition,DAT/DAT422^1.p,unknown,Theorem,parser_error,na,0,,,,,,,,,cached: Syntax Error: expected ' ' or ']' in !> binder  got [{:colon  ":"  2005}  {:atom  "nat"  2007}  {:rbracket  "]"  2010}  {:colon  ":"  2012}  {:lparen  "("  2014}  {:lparen  "("  2016}  {:atom  "tree" 
no_atom_decomposition,DAT/DAT423^1.p,unknown,Theorem,parser_error,na,0,,,,,,,,,cached: Syntax Error: expected ' ' or ']' in !> binder  got [{:colon  ":"  2005}  {:atom  "nat"  2007}  {:rbracket  "]"  2010}  {:colon  ":"  2012}  {:lparen  "("  2014}  {:lparen  "("  2016}  {:atom  "tree" 
no_atom_decomposition,DAT/DAT424^1.p,unknown,Theorem,parser_error,na,0,,,,,,,,,cached: Syntax Error: expected ' ' or ']' in !> binder  got [{:colon  ":"  2527}  {:atom  "nat"  2529}  {:rbracket  "]"  2532}  {:colon  ":"  2534}  {:lparen  "("  2536}  {:lparen  "("  2538}  {:atom  "tree" 
no_atom_decomposition,DAT/DAT425^1.p,unknown,Theorem,parser_error,na,0,,,,,,,,,cached: Syntax Error: expected ' ' or ']' in !> binder  got [{:colon  ":"  2517}  {:atom  "nat"  2519}  {:rbracket  "]"  2522}  {:colon  ":"  2524}  {:lparen  "("  2526}  {:lparen  "("  2528}  {:atom  "tree" 
no_atom_decomposition,DAT/DAT426^1.p,unknown,Theorem,parser_error,na,0,,,,,,,,,cached: Syntax Error: expected ' ' or ']' in !> binder  got [{:colon  ":"  2004}  {:atom  "nat"  2006}  {:rbracket  "]"  2009}  {:colon  ":"  2011}  {:lparen  "("  2013}  {:lparen  "("  2015}  {:atom  "tree" 
no_atom_decomposition,DAT/DAT427^1.p,unknown,Theorem,parser_error,na,0,,,,,,,,,cached: Syntax Error: expected ' ' or ']' in !> binder  got [{:colon  ":"  1996}  {:atom  "nat"  1998}  {:rbracket  "]"  2001}  {:colon  ":"  2003}  {:lparen  "("  2005}  {:lparen  "("  2007}  {:atom  "tree" 
no_atom_decomposition,DAT/DAT428^1.p,unknown,Theorem,parser_error,na,0,,,,,,,,,cached: Syntax Error: expected ' ' or ']' in !> binder  got [{:colon  ":"  1980}  {:atom  "nat"  1982}  {:rbracket  "]"  1985}  {:colon  ":"  1987}  {:lparen  "("  1989}  {:lparen  "("  1991}  {:atom  "tree" 
no_atom_decomposition,DAT/DAT429^1.p,unknown,Theorem,parser_error,na,0,,,,,,,,,cached: Syntax Error: expected ' ' or ']' in !> binder  got [{:colon  ":"  1985}  {:atom  "nat"  1987}  {:rbracket  "]"  1990}  {:colon  ":"  1992}  {:lparen  "("  1994}  {:lparen  "("  1996}  {:atom  "tree" 
no_atom_decomposition,GEG/GEG002^1.p,TH0,Theorem,timeout,na,2122,4408,150,4408,466,0,0,3,0,
no_atom_decomposition,GEG/GEG003^1.p,TH0,Theorem,timeout,na,2180,1047,15,1047,199,20,0,1,0,
no_atom_decomposition,GEG/GEG004^1.p,TH0,CounterSatisfiable,timeout,na,2126,1180,19,1180,210,0,0,1,0,
no_atom_decomposition,GEG/GEG005^1.p,TH0,Theorem,timeout,na,2175,1814,14,1814,470,0,0,1,0,
no_atom_decomposition,GEG/GEG006^1.p,TH0,Theorem,timeout,na,2100,871,45,871,88,1,0,1,0,
no_atom_decomposition,GEG/GEG007^1.p,TH0,Theorem,timeout,na,2159,974,10,974,244,0,0,1,0,
no_atom_decomposition,GEG/GEG008^1.p,TH0,Theorem,timeout,na,2172,1761,20,1761,368,48,0,1,0,
no_atom_decomposition,GEG/GEG009^1.p,TH0,Theorem,timeout,na,2174,1908,33,1908,469,0,0,1,0,
no_atom_decomposition,GEG/GEG010^1.p,TH0,Theorem,timeout,na,2160,1558,21,1558,397,0,0,1,0,
no_atom_decomposition,GEG/GEG011^1.p,TH0,Theorem,timeout,na,2263,1491,18,1491,391,0,0,1,0,
no_atom_decomposition,GEG/GEG012^1.p,TH0,Theorem,timeout,na,2232,1352,19,1352,264,0,0,1,0,
no_atom_decomposition,GEG/GEG013^1.p,TH0,Theorem,timeout,na,2227,1875,17,1875,584,0,0,2,0,
no_atom_decomposition,GEG/GEG014^1.p,TH0,Theorem,timeout,na,2111,634,12,634,89,0,0,1,0,
no_atom_decomposition,GEG/GEG015^1.p,TH0,Theorem,timeout,na,2141,1262,14,1262,289,0,0,2,0,
no_atom_decomposition,GEG/GEG016^1.p,TH0,Theorem,timeout,na,2131,892,27,892,140,0,0,1,0,
no_atom_decomposition,GEG/GEG018^1.p,TH0,Theorem,thm,yes,219,28,2,28,1,0,0,1,1,
no_atom_decomposition,GEG/GEG019^1.p,TH0,Theorem,timeout,na,2148,1429,20,1429,340,8,0,1,0,
no_atom_decomposition,GEG/GEG020^1.p,TH0,Theorem,timeout,na,2162,1683,17,1683,430,20,0,1,0,
no_atom_decomposition,GEO/GEO356^1.p,TH1,Theorem,parse_timeout,na,0,,,,,,,,,cached: parse exceeded 5000ms
no_atom_decomposition,GEO/GEO357^1.p,TH1,Theorem,parse_timeout,na,0,,,,,,,,,cached: parse exceeded 5000ms
no_atom_decomposition,GEO/GEO358^1.p,TH1,Theorem,parse_timeout,na,0,,,,,,,,,cached: parse exceeded 5000ms
no_atom_decomposition,GEO/GEO359^1.p,TH1,Theorem,parse_timeout,na,0,,,,,,,,,cached: parse exceeded 5000ms
no_atom_decomposition,GEO/GEO360^1.p,TH1,Theorem,parse_timeout,na,0,,,,,,,,,cached: parse exceeded 5000ms
no_atom_decomposition,GEO/GEO361^1.p,TH1,Theorem,parse_timeout,na,0,,,,,,,,,cached: parse exceeded 5000ms
no_atom_decomposition,GEO/GEO362^1.p,TH1,Theorem,parse_timeout,na,0,,,,,,,,,cached: parse exceeded 5000ms
no_atom_decomposition,GEO/GEO363^1.p,TH1,Theorem,parse_timeout,na,0,,,,,,,,,cached: parse exceeded 5000ms
no_atom_decomposition,GEO/GEO364^1.p,TH1,Theorem,parse_timeout,na,0,,,,,,,,,cached: parse exceeded 5000ms
no_atom_decomposition,GEO/GEO365^1.p,TH1,Theorem,parse_timeout,na,0,,,,,,,,,cached: parse exceeded 5000ms
no_atom_decomposition,GEO/GEO366^1.p,TH1,Theorem,parse_timeout,na,0,,,,,,,,,cached: parse exceeded 5000ms
no_atom_decomposition,GEO/GEO367^1.p,TH1,Theorem,parse_timeout,na,0,,,,,,,,,cached: parse exceeded 5000ms
no_atom_decomposition,GEO/GEO368^1.p,TH1,Theorem,parse_timeout,na,0,,,,,,,,,cached: parse exceeded 5000ms
no_atom_decomposition,GEO/GEO369^1.p,TH1,Theorem,parse_timeout,na,0,,,,,,,,,cached: parse exceeded 5000ms
no_atom_decomposition,GEO/GEO370^1.p,TH1,Theorem,parse_timeout,na,0,,,,,,,,,cached: parse exceeded 5000ms
no_atom_decomposition,GEO/GEO371^1.p,TH1,Theorem,parse_timeout,na,0,,,,,,,,,cached: parse exceeded 5000ms
no_atom_decomposition,GEO/GEO372^1.p,TH1,Theorem,parse_timeout,na,0,,,,,,,,,cached: parse exceeded 5000ms
no_atom_decomposition,GEO/GEO373^1.p,TH1,Theorem,parse_timeout,na,0,,,,,,,,,cached: parse exceeded 5000ms
no_atom_decomposition,GEO/GEO374^1.p,TH1,Theorem,parse_timeout,na,0,,,,,,,,,cached: parse exceeded 5000ms
no_atom_decomposition,GEO/GEO375^1.p,TH1,Theorem,parse_timeout,na,0,,,,,,,,,cached: parse exceeded 5000ms
no_atom_decomposition,GEO/GEO376^1.p,TH1,Theorem,parse_timeout,na,0,,,,,,,,,cached: parse exceeded 5000ms
no_atom_decomposition,GEO/GEO377^1.p,TH1,Theorem,parse_timeout,na,0,,,,,,,,,cached: parse exceeded 5000ms
no_atom_decomposition,GEO/GEO378^1.p,TH1,Theorem,parse_timeout,na,0,,,,,,,,,cached: parse exceeded 5000ms
no_atom_decomposition,GEO/GEO379^1.p,TH1,Theorem,parse_timeout,na,0,,,,,,,,,cached: parse exceeded 5000ms
no_atom_decomposition,GEO/GEO380^1.p,TH1,Theorem,parse_timeout,na,0,,,,,,,,,cached: parse exceeded 5000ms
no_atom_decomposition,GEO/GEO381^1.p,TH1,Theorem,parse_timeout,na,0,,,,,,,,,cached: parse exceeded 5000ms
no_atom_decomposition,GEO/GEO382^1.p,TH1,Theorem,parse_timeout,na,0,,,,,,,,,cached: parse exceeded 5000ms
no_atom_decomposition,GEO/GEO383^1.p,TH1,Theorem,parse_timeout,na,0,,,,,,,,,cached: parse exceeded 5000ms
no_atom_decomposition,GEO/GEO384^1.p,TH1,Theorem,parse_timeout,na,0,,,,,,,,,cached: parse exceeded 5000ms
no_atom_decomposition,GEO/GEO385^1.p,TH1,Theorem,parse_timeout,na,0,,,,,,,,,cached: parse exceeded 5000ms
no_atom_decomposition,GEO/GEO386^1.p,TH1,Theorem,parse_timeout,na,0,,,,,,,,,cached: parse exceeded 5000ms
no_atom_decomposition,GEO/GEO387^1.p,TH1,Theorem,parse_timeout,na,0,,,,,,,,,cached: parse exceeded 5000ms
no_atom_decomposition,GEO/GEO388^1.p,TH1,Theorem,parse_timeout,na,0,,,,,,,,,cached: parse exceeded 5000ms
no_atom_decomposition,GEO/GEO389^1.p,TH1,Theorem,parse_timeout,na,0,,,,,,,,,cached: parse exceeded 5000ms
no_atom_decomposition,GEO/GEO390^1.p,TH1,Theorem,parse_timeout,na,0,,,,,,,,,cached: parse exceeded 5000ms
no_atom_decomposition,GEO/GEO391^1.p,TH1,Theorem,parse_timeout,na,0,,,,,,,,,cached: parse exceeded 5000ms
no_atom_decomposition,GEO/GEO392^1.p,TH1,Theorem,parse_timeout,na,0,,,,,,,,,cached: parse exceeded 5000ms
no_atom_decomposition,GEO/GEO393^1.p,TH1,Theorem,parse_timeout,na,0,,,,,,,,,cached: parse exceeded 5000ms
no_atom_decomposition,GEO/GEO394^1.p,TH1,Theorem,parse_timeout,na,0,,,,,,,,,cached: parse exceeded 5000ms
no_atom_decomposition,GEO/GEO395^1.p,TH1,Theorem,parse_timeout,na,0,,,,,,,,,cached: parse exceeded 5000ms
no_atom_decomposition,GEO/GEO396^1.p,TH1,Theorem,parse_timeout,na,0,,,,,,,,,cached: parse exceeded 5000ms
no_atom_decomposition,GEO/GEO397^1.p,TH1,Theorem,parse_timeout,na,0,,,,,,,,,cached: parse exceeded 5000ms
no_atom_decomposition,GEO/GEO398^1.p,TH1,Theorem,parse_timeout,na,0,,,,,,,,,cached: parse exceeded 5000ms
no_atom_decomposition,GEO/GEO399^1.p,TH1,Theorem,parse_timeout,na,0,,,,,,,,,cached: parse exceeded 5000ms
no_atom_decomposition,GEO/GEO400^1.p,TH1,Theorem,parse_timeout,na,0,,,,,,,,,cached: parse exceeded 5000ms
no_atom_decomposition,GEO/GEO401^1.p,TH1,Theorem,parse_timeout,na,0,,,,,,,,,cached: parse exceeded 5000ms
no_atom_decomposition,GEO/GEO402^1.p,TH1,Theorem,parse_timeout,na,0,,,,,,,,,cached: parse exceeded 5000ms
no_atom_decomposition,GEO/GEO403^1.p,TH1,Theorem,parse_timeout,na,0,,,,,,,,,cached: parse exceeded 5000ms
no_atom_decomposition,GEO/GEO404^1.p,TH1,Theorem,parse_timeout,na,0,,,,,,,,,cached: parse exceeded 5000ms
no_atom_decomposition,GEO/GEO405^1.p,TH1,Theorem,parse_timeout,na,0,,,,,,,,,cached: parse exceeded 5000ms
no_atom_decomposition,GEO/GEO406^1.p,TH1,Theorem,parse_timeout,na,0,,,,,,,,,cached: parse exceeded 5000ms
no_atom_decomposition,GEO/GEO407^1.p,TH1,Theorem,parse_timeout,na,0,,,,,,,,,cached: parse exceeded 5000ms
no_atom_decomposition,GEO/GEO408^1.p,TH1,Theorem,parse_timeout,na,0,,,,,,,,,cached: parse exceeded 5000ms
no_atom_decomposition,GEO/GEO409^1.p,TH1,Theorem,parse_timeout,na,0,,,,,,,,,cached: parse exceeded 5000ms
no_atom_decomposition,GEO/GEO410^1.p,TH1,Theorem,parse_timeout,na,0,,,,,,,,,cached: parse exceeded 5000ms
no_atom_decomposition,GEO/GEO411^1.p,TH1,Theorem,parse_timeout,na,0,,,,,,,,,cached: parse exceeded 5000ms
no_atom_decomposition,GEO/GEO412^1.p,TH1,Theorem,parse_timeout,na,0,,,,,,,,,cached: parse exceeded 5000ms
no_atom_decomposition,GEO/GEO413^1.p,TH1,Theorem,parse_timeout,na,0,,,,,,,,,cached: parse exceeded 5000ms
no_atom_decomposition,GEO/GEO414^1.p,TH1,Theorem,parse_timeout,na,0,,,,,,,,,cached: parse exceeded 5000ms
no_atom_decomposition,GEO/GEO415^1.p,TH1,Theorem,parse_timeout,na,0,,,,,,,,,cached: parse exceeded 5000ms
no_atom_decomposition,GEO/GEO416^1.p,TH1,Theorem,parse_timeout,na,0,,,,,,,,,cached: parse exceeded 5000ms
no_atom_decomposition,GEO/GEO417^1.p,TH1,Theorem,parse_timeout,na,0,,,,,,,,,cached: parse exceeded 5000ms
no_atom_decomposition,GEO/GEO418^1.p,TH1,Theorem,parse_timeout,na,0,,,,,,,,,cached: parse exceeded 5000ms
no_atom_decomposition,GEO/GEO419^1.p,TH1,Theorem,parse_timeout,na,0,,,,,,,,,cached: parse exceeded 5000ms
no_atom_decomposition,GEO/GEO420^1.p,TH1,Theorem,parse_timeout,na,0,,,,,,,,,cached: parse exceeded 5000ms
no_atom_decomposition,GEO/GEO421^1.p,TH1,Theorem,parse_timeout,na,0,,,,,,,,,cached: parse exceeded 5000ms
no_atom_decomposition,GEO/GEO422^1.p,TH1,Theorem,parse_timeout,na,0,,,,,,,,,cached: parse exceeded 5000ms
no_atom_decomposition,GEO/GEO423^1.p,TH1,Theorem,parse_timeout,na,0,,,,,,,,,cached: parse exceeded 5000ms
no_atom_decomposition,GEO/GEO424^1.p,TH1,Theorem,parse_timeout,na,0,,,,,,,,,cached: parse exceeded 5000ms
no_atom_decomposition,GEO/GEO425^1.p,TH1,Theorem,parse_timeout,na,0,,,,,,,,,cached: parse exceeded 5000ms
no_atom_decomposition,GEO/GEO426^1.p,TH1,Theorem,parse_timeout,na,0,,,,,,,,,cached: parse exceeded 5000ms
no_atom_decomposition,GEO/GEO427^1.p,TH1,Theorem,parse_timeout,na,0,,,,,,,,,cached: parse exceeded 5000ms
no_atom_decomposition,GEO/GEO428^1.p,TH1,Theorem,parse_timeout,na,0,,,,,,,,,cached: parse exceeded 5000ms
no_atom_decomposition,GEO/GEO429^1.p,TH1,Theorem,parse_timeout,na,0,,,,,,,,,cached: parse exceeded 5000ms
no_atom_decomposition,GEO/GEO430^1.p,TH1,Theorem,parse_timeout,na,0,,,,,,,,,cached: parse exceeded 5000ms
no_atom_decomposition,GEO/GEO431^1.p,TH1,Theorem,parse_timeout,na,0,,,,,,,,,cached: parse exceeded 5000ms
no_atom_decomposition,GEO/GEO432^1.p,TH1,Theorem,parse_timeout,na,0,,,,,,,,,cached: parse exceeded 5000ms
no_atom_decomposition,GEO/GEO433^1.p,TH1,Theorem,parse_timeout,na,0,,,,,,,,,cached: parse exceeded 5000ms
no_atom_decomposition,GEO/GEO434^1.p,TH1,Theorem,parse_timeout,na,0,,,,,,,,,cached: parse exceeded 5000ms
no_atom_decomposition,GEO/GEO435^1.p,TH1,Theorem,parse_timeout,na,0,,,,,,,,,cached: parse exceeded 5000ms
no_atom_decomposition,GEO/GEO436^1.p,TH1,Theorem,parse_timeout,na,0,,,,,,,,,cached: parse exceeded 5000ms
no_atom_decomposition,GEO/GEO437^1.p,TH1,Theorem,parse_timeout,na,0,,,,,,,,,cached: parse exceeded 5000ms
no_atom_decomposition,GEO/GEO438^1.p,TH1,Theorem,parse_timeout,na,0,,,,,,,,,cached: parse exceeded 5000ms
no_atom_decomposition,GEO/GEO439^1.p,TH1,Theorem,parse_timeout,na,0,,,,,,,,,cached: parse exceeded 5000ms
no_atom_decomposition,GRA/GRA027^1.p,TH0,Theorem,timeout,na,2023,0,0,0,1,0,0,0,0,
no_atom_decomposition,GRA/GRA028^1.p,TH0,Theorem,timeout,na,2029,65,6,65,1,0,0,0,0,
no_atom_decomposition,GRA/GRA029^1.p,TH0,Theorem,timeout,na,2051,0,0,0,1,0,0,0,0,
no_atom_decomposition,GRA/GRA029^2.p,TH0,Theorem,timeout,na,2050,0,0,0,1,0,0,0,0,
no_atom_decomposition,GRA/GRA030^1.p,TH0,Theorem,timeout,na,2042,0,0,0,1,0,0,0,0,
no_atom_decomposition,GRA/GRA031^1.p,TH0,CounterSatisfiable,timeout,na,2088,12,1,12,1,0,0,0,0,
no_atom_decomposition,GRA/GRA031^2.p,TH0,Theorem,timeout,na,2077,11,1,11,1,0,0,0,0,
no_atom_decomposition,GRA/GRA032^1.p,TH0,Theorem,timeout,na,2102,0,0,0,1,0,0,0,0,
no_atom_decomposition,GRA/GRA032^2.p,TH0,Theorem,timeout,na,2098,0,0,0,1,0,0,0,0,
no_atom_decomposition,GRA/GRA033^1.p,TH0,CounterSatisfiable,timeout,na,2286,3,0,3,1,0,0,0,0,
no_atom_decomposition,GRA/GRA033^2.p,TH0,CounterSatisfiable,timeout,na,2279,3,0,3,1,0,0,0,0,
no_atom_decomposition,GRA/GRA034^1.p,TH0,Theorem,timeout,na,2295,0,0,0,1,0,0,0,0,
no_atom_decomposition,GRA/GRA034^2.p,TH0,Theorem,timeout,na,2283,0,0,0,1,0,0,0,0,
no_atom_decomposition,GRA/GRA035^1.p,TH0,CounterSatisfiable,timeout,na,2411,1,0,1,1,0,0,0,0,
no_atom_decomposition,GRA/GRA035^2.p,TH0,CounterSatisfiable,timeout,na,2405,1,0,1,1,0,0,0,0,
no_atom_decomposition,GRA/GRA036^1.p,TH0,Theorem,timeout,na,2370,0,0,0,1,0,0,0,0,
no_atom_decomposition,GRA/GRA036^2.p,TH0,Theorem,timeout,na,2354,0,0,0,1,0,0,0,0,
no_atom_decomposition,GRA/GRA037^1.p,TH0,CounterSatisfiable,timeout,na,2523,1,0,1,1,0,0,0,0,
no_atom_decomposition,GRA/GRA037^2.p,TH0,CounterSatisfiable,timeout,na,2507,1,0,1,1,0,0,0,0,
no_atom_decomposition,GRA/GRA038^1.p,TH0,CounterSatisfiable,timeout,na,2545,1,0,1,1,0,0,0,0,
no_atom_decomposition,GRA/GRA038^2.p,TH0,CounterSatisfiable,timeout,na,2522,1,0,1,1,0,0,0,0,
no_atom_decomposition,GRA/GRA039^1.p,TH0,Theorem,timeout,na,2405,0,0,0,1,0,0,0,0,
no_atom_decomposition,GRA/GRA039^2.p,TH0,Theorem,timeout,na,2401,0,0,0,1,0,0,0,0,
no_atom_decomposition,GRA/GRA040^1.p,TH0,CounterSatisfiable,timeout,na,2605,0,0,0,1,0,0,0,0,
no_atom_decomposition,GRA/GRA040^2.p,TH0,CounterSatisfiable,timeout,na,2592,0,0,0,1,0,0,0,0,
no_atom_decomposition,GRA/GRA041^1.p,TH0,Theorem,timeout,na,2522,0,0,0,1,0,0,0,0,
no_atom_decomposition,GRA/GRA041^2.p,TH0,Theorem,timeout,na,2465,0,0,0,1,0,0,0,0,
no_atom_decomposition,GRA/GRA042^1.p,TH0,CounterSatisfiable,timeout,na,2715,0,0,0,1,0,0,0,0,
no_atom_decomposition,GRA/GRA042^2.p,TH0,CounterSatisfiable,timeout,na,2709,0,0,0,1,0,0,0,0,
no_atom_decomposition,GRA/GRA043^1.p,TH0,Theorem,timeout,na,2584,0,0,0,1,0,0,0,0,
no_atom_decomposition,GRA/GRA043^2.p,TH0,Theorem,timeout,na,2576,0,0,0,1,0,0,0,0,
no_atom_decomposition,GRA/GRA044^1.p,TH0,Theorem,timeout,na,2524,0,0,0,1,0,0,0,0,
no_atom_decomposition,GRA/GRA044^2.p,TH0,Theorem,timeout,na,2512,0,0,0,1,0,0,0,0,
no_atom_decomposition,GRA/GRA045^1.p,TH0,CounterSatisfiable,timeout,na,2826,0,0,0,1,0,0,0,0,
no_atom_decomposition,GRA/GRA045^2.p,TH0,CounterSatisfiable,timeout,na,2830,0,0,0,1,0,0,0,0,
no_atom_decomposition,GRA/GRA046^1.p,TH0,Theorem,timeout,na,2561,0,0,0,1,0,0,0,0,
no_atom_decomposition,GRA/GRA046^2.p,TH0,Theorem,timeout,na,2555,0,0,0,1,0,0,0,0,
no_atom_decomposition,GRA/GRA047^1.p,TH0,CounterSatisfiable,timeout,na,2888,0,0,0,1,0,0,0,0,
no_atom_decomposition,GRA/GRA047^2.p,TH0,CounterSatisfiable,timeout,na,2882,0,0,0,1,0,0,0,0,
no_atom_decomposition,GRA/GRA048^1.p,TH0,Theorem,timeout,na,2656,0,0,0,1,0,0,0,0,
no_atom_decomposition,GRA/GRA048^2.p,TH0,Theorem,timeout,na,2639,0,0,0,1,0,0,0,0,
no_atom_decomposition,GRA/GRA049^1.p,TH0,CounterSatisfiable,timeout,na,3019,0,0,0,1,0,0,0,0,
no_atom_decomposition,GRA/GRA049^2.p,TH0,CounterSatisfiable,timeout,na,2998,0,0,0,1,0,0,0,0,
no_atom_decomposition,GRA/GRA050^1.p,TH0,Theorem,timeout,na,2773,0,0,0,1,0,0,0,0,
no_atom_decomposition,GRA/GRA050^2.p,TH0,Theorem,timeout,na,2749,0,0,0,1,0,0,0,0,
no_atom_decomposition,GRA/GRA051^1.p,TH0,CounterSatisfiable,timeout,na,3254,0,0,0,1,0,0,0,0,
no_atom_decomposition,GRA/GRA051^2.p,TH0,CounterSatisfiable,timeout,na,3246,0,0,0,1,0,0,0,0,
no_atom_decomposition,GRA/GRA052^1.p,TH0,Theorem,timeout,na,2805,0,0,0,1,0,0,0,0,
no_atom_decomposition,GRA/GRA052^2.p,TH0,Theorem,timeout,na,2798,0,0,0,1,0,0,0,0,
no_atom_decomposition,GRA/GRA053^1.p,TH0,CounterSatisfiable,timeout,na,3345,0,0,0,1,0,0,0,0,
no_atom_decomposition,GRA/GRA053^2.p,TH0,CounterSatisfiable,timeout,na,3324,0,0,0,1,0,0,0,0,
no_atom_decomposition,GRA/GRA054^1.p,TH0,Theorem,timeout,na,2883,0,0,0,1,0,0,0,0,
no_atom_decomposition,GRA/GRA054^2.p,TH0,Theorem,timeout,na,2900,0,0,0,1,0,0,0,0,
no_atom_decomposition,GRA/GRA055^1.p,TH0,Theorem,timeout,na,3101,0,0,0,1,0,0,0,0,
no_atom_decomposition,GRA/GRA055^2.p,TH0,Theorem,timeout,na,3082,0,0,0,1,0,0,0,0,
no_atom_decomposition,GRA/GRA056^1.p,TH0,CounterSatisfiable,timeout,na,3852,0,0,0,1,0,0,0,0,
no_atom_decomposition,GRA/GRA056^2.p,TH0,CounterSatisfiable,timeout,na,3852,0,0,0,1,0,0,0,0,
no_atom_decomposition,GRA/GRA057^1.p,TH0,Open,timeout,na,3135,0,0,0,1,0,0,0,0,
no_atom_decomposition,GRA/GRA057^2.p,TH0,Open,timeout,na,3140,0,0,0,1,0,0,0,0,
no_atom_decomposition,GRA/GRA058^1.p,TH0,CounterSatisfiable,timeout,na,3914,0,0,0,1,0,0,0,0,
no_atom_decomposition,GRA/GRA058^2.p,TH0,CounterSatisfiable,timeout,na,3921,0,0,0,1,0,0,0,0,
no_atom_decomposition,GRA/GRA059^1.p,TH0,CounterSatisfiable,timeout,na,4613,0,0,0,1,0,0,0,0,
no_atom_decomposition,GRA/GRA059^2.p,TH0,CounterSatisfiable,timeout,na,4611,0,0,0,1,0,0,0,0,
no_atom_decomposition,GRA/GRA060^1.p,TH0,Open,timeout,na,3550,0,0,0,1,0,0,0,0,
no_atom_decomposition,GRA/GRA060^2.p,TH0,Open,timeout,na,3540,0,0,0,1,0,0,0,0,
no_atom_decomposition,GRA/GRA061^1.p,TH0,CounterSatisfiable,timeout,na,4654,0,0,0,1,0,0,0,0,
no_atom_decomposition,GRA/GRA061^2.p,TH0,CounterSatisfiable,timeout,na,4636,0,0,0,1,0,0,0,0,
no_atom_decomposition,GRA/GRA062^1.p,TH0,Theorem,timeout,na,3581,0,0,0,1,0,0,0,0,
no_atom_decomposition,GRA/GRA062^2.p,TH0,Theorem,timeout,na,3566,0,0,0,1,0,0,0,0,
no_atom_decomposition,GRA/GRA063^1.p,TH0,Open,timeout,na,4085,0,0,0,1,0,0,0,0,
no_atom_decomposition,GRA/GRA063^2.p,TH0,Theorem,timeout,na,4099,0,0,0,1,0,0,0,0,
no_atom_decomposition,GRA/GRA064^1.p,TH0,CounterSatisfiable,timeout,na,5702,0,0,0,1,0,0,0,0,
no_atom_decomposition,GRA/GRA064^2.p,TH0,CounterSatisfiable,timeout,na,5719,0,0,0,1,0,0,0,0,
no_atom_decomposition,GRA/GRA065^1.p,TH0,Open,timeout,na,4120,0,0,0,1,0,0,0,0,
no_atom_decomposition,GRA/GRA065^2.p,TH0,Theorem,timeout,na,4117,0,0,0,1,0,0,0,0,
no_atom_decomposition,GRA/GRA066^1.p,TH0,CounterSatisfiable,timeout,na,5757,0,0,0,1,0,0,0,0,
no_atom_decomposition,GRA/GRA066^2.p,TH0,CounterSatisfiable,timeout,na,5747,0,0,0,1,0,0,0,0,
no_atom_decomposition,GRA/GRA067^1.p,TH0,Open,timeout,na,4841,0,0,0,1,0,0,0,0,
no_atom_decomposition,GRA/GRA067^2.p,TH0,Theorem,timeout,na,4846,0,0,0,1,0,0,0,0,
no_atom_decomposition,GRA/GRA068^1.p,TH0,CounterSatisfiable,parse_timeout,na,0,,,,,,,,,cached: parse exceeded 5000ms
no_atom_decomposition,GRA/GRA068^2.p,TH0,CounterSatisfiable,parse_timeout,na,0,,,,,,,,,cached: parse exceeded 5000ms
no_atom_decomposition,GRA/GRA069^1.p,TH0,Open,timeout,na,4881,0,0,0,1,0,0,0,0,
no_atom_decomposition,GRA/GRA069^2.p,TH0,Theorem,timeout,na,4924,0,0,0,1,0,0,0,0,
no_atom_decomposition,GRA/GRA070^1.p,TH0,CounterSatisfiable,parse_timeout,na,0,,,,,,,,,cached: parse exceeded 5000ms
no_atom_decomposition,GRA/GRA070^2.p,TH0,CounterSatisfiable,parse_timeout,na,0,,,,,,,,,cached: parse exceeded 5000ms
no_atom_decomposition,GRA/GRA071^1.p,TH0,CounterSatisfiable,parse_timeout,na,0,,,,,,,,,cached: parse exceeded 5000ms
no_atom_decomposition,GRA/GRA071^2.p,TH0,CounterSatisfiable,parse_timeout,na,0,,,,,,,,,cached: parse exceeded 5000ms
no_atom_decomposition,GRA/GRA072^1.p,TH0,Open,timeout,na,5826,0,0,0,1,0,0,0,0,
no_atom_decomposition,GRA/GRA072^2.p,TH0,Theorem,timeout,na,5819,0,0,0,1,0,0,0,0,
no_atom_decomposition,GRA/GRA073^1.p,TH0,CounterSatisfiable,parse_timeout,na,0,,,,,,,,,cached: parse exceeded 5000ms
no_atom_decomposition,GRA/GRA073^2.p,TH0,CounterSatisfiable,parse_timeout,na,0,,,,,,,,,cached: parse exceeded 5000ms
no_atom_decomposition,GRA/GRA074^1.p,TH0,Theorem,timeout,na,5841,0,0,0,1,0,0,0,0,
no_atom_decomposition,GRA/GRA074^2.p,TH0,Theorem,timeout,na,5847,0,0,0,1,0,0,0,0,
no_atom_decomposition,GRA/GRA081^1.p,TH0,Unsatisfiable,no_conjecture,na,8,,,,,,,,,
no_atom_decomposition,GRA/GRA082^1.p,TH0,Unsatisfiable,no_conjecture,na,9,,,,,,,,,
no_atom_decomposition,GRA/GRA083^1.p,TH0,Unsatisfiable,no_conjecture,na,10,,,,,,,,,
no_atom_decomposition,GRA/GRA084^1.p,TH0,Unsatisfiable,no_conjecture,na,13,,,,,,,,,
no_atom_decomposition,GRA/GRA085^1.p,TH0,Unsatisfiable,no_conjecture,na,12,,,,,,,,,
no_atom_decomposition,GRA/GRA086^1.p,TH0,Unsatisfiable,no_conjecture,na,10,,,,,,,,,
no_atom_decomposition,GRA/GRA087^1.p,TH0,Unsatisfiable,no_conjecture,na,9,,,,,,,,,
no_atom_decomposition,GRA/GRA088^1.p,TH0,Unsatisfiable,no_conjecture,na,10,,,,,,,,,
no_atom_decomposition,GRA/GRA089^1.p,TH0,Unsatisfiable,no_conjecture,na,11,,,,,,,,,
no_atom_decomposition,GRA/GRA090^1.p,TH0,Unsatisfiable,no_conjecture,na,11,,,,,,,,,
no_atom_decomposition,GRA/GRA091^1.p,TH0,Unsatisfiable,no_conjecture,na,11,,,,,,,,,
no_atom_decomposition,GRA/GRA092^1.p,TH0,Unsatisfiable,no_conjecture,na,11,,,,,,,,,
no_atom_decomposition,GRA/GRA093^1.p,TH0,Unsatisfiable,no_conjecture,na,11,,,,,,,,,
no_atom_decomposition,GRA/GRA094^1.p,TH0,Unsatisfiable,no_conjecture,na,12,,,,,,,,,
no_atom_decomposition,GRA/GRA095^1.p,TH0,Unsatisfiable,no_conjecture,na,11,,,,,,,,,
no_atom_decomposition,GRA/GRA096^1.p,TH0,Unsatisfiable,no_conjecture,na,10,,,,,,,,,
no_atom_decomposition,GRA/GRA097^1.p,TH0,Unsatisfiable,no_conjecture,na,10,,,,,,,,,
no_atom_decomposition,GRA/GRA098^1.p,TH0,Unsatisfiable,no_conjecture,na,10,,,,,,,,,
no_atom_decomposition,GRA/GRA099^1.p,TH0,Unsatisfiable,no_conjecture,na,10,,,,,,,,,
no_atom_decomposition,GRA/GRA100^1.p,TH0,Unsatisfiable,no_conjecture,na,10,,,,,,,,,
no_atom_decomposition,GRA/GRA101^1.p,TH0,Unsatisfiable,no_conjecture,na,11,,,,,,,,,
no_atom_decomposition,GRA/GRA102^1.p,TH0,Unsatisfiable,no_conjecture,na,10,,,,,,,,,
no_atom_decomposition,GRA/GRA103^1.p,TH0,Unsatisfiable,no_conjecture,na,12,,,,,,,,,
no_atom_decomposition,GRA/GRA104^1.p,TH0,Unsatisfiable,no_conjecture,na,12,,,,,,,,,
no_atom_decomposition,GRA/GRA105^1.p,TH0,Unsatisfiable,no_conjecture,na,8,,,,,,,,,
no_atom_decomposition,GRA/GRA106^1.p,TH0,Unsatisfiable,no_conjecture,na,9,,,,,,,,,
no_atom_decomposition,GRA/GRA107^1.p,TH0,Unsatisfiable,no_conjecture,na,10,,,,,,,,,
no_atom_decomposition,GRA/GRA108^1.p,TH0,Unsatisfiable,no_conjecture,na,10,,,,,,,,,
no_atom_decomposition,GRA/GRA109^1.p,TH0,Unsatisfiable,no_conjecture,na,10,,,,,,,,,
no_atom_decomposition,GRA/GRA110^1.p,TH0,Unsatisfiable,no_conjecture,na,11,,,,,,,,,
no_atom_decomposition,GRA/GRA111^1.p,TH0,Unsatisfiable,no_conjecture,na,9,,,,,,,,,
no_atom_decomposition,GRA/GRA112^1.p,TH0,Unsatisfiable,no_conjecture,na,10,,,,,,,,,
no_atom_decomposition,GRA/GRA113^1.p,TH0,Unsatisfiable,no_conjecture,na,10,,,,,,,,,
no_atom_decomposition,GRA/GRA114^1.p,TH0,Unsatisfiable,no_conjecture,na,11,,,,,,,,,
no_atom_decomposition,GRA/GRA115^1.p,TH0,Unsatisfiable,no_conjecture,na,11,,,,,,,,,
no_atom_decomposition,GRA/GRA116^1.p,TH0,Unsatisfiable,no_conjecture,na,11,,,,,,,,,
no_atom_decomposition,GRP/GRP001^5.p,TH0,Theorem,timeout,na,2057,1929,89,1929,187,13,0,1,0,
no_atom_decomposition,GRP/GRP782^1.p,TH0,Unknown,timeout,na,2665,0,0,0,1,0,0,0,0,
no_atom_decomposition,GRP/GRP783^1.p,TH0,Unknown,timeout,na,2693,0,0,0,1,0,0,0,0,
no_atom_decomposition,GRP/GRP784^1.p,TH0,Unknown,timeout,na,2640,0,0,0,1,0,0,0,0,
no_atom_decomposition,GRP/GRP785^1.p,TH0,Unknown,timeout,na,2676,0,0,0,1,0,0,0,0,
no_atom_decomposition,GRP/GRP786^1.p,TH0,Unknown,timeout,na,2688,0,0,0,1,0,0,0,0,
no_atom_decomposition,GRP/GRP787^1.p,TH0,Unknown,timeout,na,2683,0,0,0,1,0,0,0,0,
no_atom_decomposition,GRP/GRP788^1.p,TH0,Unknown,timeout,na,2639,0,0,0,1,0,0,0,0,
no_atom_decomposition,GRP/GRP789^1.p,TH0,Unknown,timeout,na,2636,0,0,0,1,0,0,0,0,
no_atom_decomposition,GRP/GRP790^1.p,TH0,Unknown,timeout,na,2662,0,0,0,1,0,0,0,0,
no_atom_decomposition,GRP/GRP791^1.p,TH0,Unknown,timeout,na,2694,0,0,0,1,0,0,0,0,
no_atom_decomposition,GRP/GRP792^1.p,TH0,Theorem,timeout,na,2701,0,0,0,1,0,0,0,0,
no_atom_decomposition,GRP/GRP793^1.p,TH0,Unknown,timeout,na,2664,0,0,0,1,0,0,0,0,
no_atom_decomposition,GRP/GRP794^1.p,TH0,Theorem,timeout,na,2624,0,0,0,1,0,0,0,0,
no_atom_decomposition,GRP/GRP795^1.p,TH0,Unknown,timeout,na,2628,0,0,0,1,0,0,0,0,
no_atom_decomposition,GRP/GRP796^1.p,TH0,Unknown,timeout,na,2623,0,0,0,1,0,0,0,0,
no_atom_decomposition,GRP/GRP797^1.p,TH0,Unknown,timeout,na,2625,0,0,0,1,0,0,0,0,
no_atom_decomposition,GRP/GRP798^1.p,TH0,Unknown,timeout,na,2650,0,0,0,1,0,0,0,0,
no_atom_decomposition,GRP/GRP799^1.p,TH0,Unknown,timeout,na,2662,0,0,0,1,0,0,0,0,
no_atom_decomposition,GRP/GRP800^1.p,TH0,Unknown,timeout,na,2673,0,0,0,1,0,0,0,0,
no_atom_decomposition,GRP/GRP801^1.p,TH0,Unknown,timeout,na,2666,0,0,0,1,0,0,0,0,
no_atom_decomposition,GRP/GRP802^1.p,TH0,Theorem,timeout,na,2695,0,0,0,1,0,0,0,0,
no_atom_decomposition,GRP/GRP803^1.p,TH0,Unknown,timeout,na,2677,0,0,0,1,0,0,0,0,
no_atom_decomposition,GRP/GRP804^1.p,TH0,Theorem,timeout,na,2630,0,0,0,1,0,0,0,0,
no_atom_decomposition,GRP/GRP805^1.p,TH0,Unknown,timeout,na,2629,0,0,0,1,0,0,0,0,
no_atom_decomposition,GRP/GRP806^1.p,TH0,Unknown,timeout,na,2701,0,0,0,1,0,0,0,0,
no_atom_decomposition,GRP/GRP807^1.p,TH0,Unknown,timeout,na,2668,0,0,0,1,0,0,0,0,
no_atom_decomposition,GRP/GRP808^1.p,TH0,Theorem,timeout,na,2657,0,0,0,1,0,0,0,0,
no_atom_decomposition,GRP/GRP809^1.p,TH0,Unknown,timeout,na,2664,0,0,0,1,0,0,0,0,
no_atom_decomposition,GRP/GRP810^1.p,TH0,Unknown,timeout,na,2637,0,0,0,1,0,0,0,0,
no_atom_decomposition,GRP/GRP811^1.p,TH0,Unknown,timeout,na,2666,0,0,0,1,0,0,0,0,
no_atom_decomposition,GRP/GRP812^1.p,TH0,Unknown,timeout,na,2656,0,0,0,1,0,0,0,0,
no_atom_decomposition,GRP/GRP813^1.p,TH0,Unknown,timeout,na,2684,0,0,0,1,0,0,0,0,
no_atom_decomposition,GRP/GRP814^1.p,TH0,Unknown,timeout,na,2656,0,0,0,1,0,0,0,0,
no_atom_decomposition,GRP/GRP815^1.p,TH0,Unknown,timeout,na,2686,0,0,0,1,0,0,0,0,
no_atom_decomposition,GRP/GRP816^1.p,TH0,Unknown,timeout,na,2680,0,0,0,1,0,0,0,0,
no_atom_decomposition,GRP/GRP817^1.p,TH0,Unknown,timeout,na,2672,0,0,0,1,0,0,0,0,
no_atom_decomposition,GRP/GRP818^1.p,TH0,Unknown,timeout,na,2692,0,0,0,1,0,0,0,0,
no_atom_decomposition,GRP/GRP819^1.p,TH0,Unknown,timeout,na,2674,0,0,0,1,0,0,0,0,
no_atom_decomposition,GRP/GRP820^1.p,TH0,Unknown,timeout,na,2656,0,0,0,1,0,0,0,0,
no_atom_decomposition,GRP/GRP821^1.p,TH0,Unknown,timeout,na,2685,0,0,0,1,0,0,0,0,
no_atom_decomposition,ITP/ITP001^1.p,TH0,Theorem,thm,yes,60,7,0,7,2,2,0,0,0,
no_atom_decomposition,ITP/ITP001^2.p,TH0,Theorem,thm,yes,19,1,0,1,1,1,0,0,0,
no_atom_decomposition,ITP/ITP001^3.p,TH1,Theorem,thm,yes,10,6,0,6,2,2,0,0,0,
no_atom_decomposition,ITP/ITP001^4.p,TH0,Theorem,thm,yes,319,31,0,31,4,4,0,0,0,
no_atom_decomposition,ITP/ITP001^5.p,TH0,Theorem,thm,yes,121,1,0,1,1,1,0,0,0,
no_atom_decomposition,ITP/ITP001^7.p,TH1,Theorem,thm,yes,320,25,0,25,4,4,0,0,0,
no_atom_decomposition,ITP/ITP002^1.p,TH0,Theorem,timeout,na,2168,1236,96,1236,48,0,0,0,0,
no_atom_decomposition,ITP/ITP002^2.p,TH0,Theorem,timeout,na,2179,1916,75,1916,156,24,0,0,0,
no_atom_decomposition,ITP/ITP002^3.p,TH1,Theorem,timeout,na,2103,2056,71,2056,141,94,0,1,0,
no_atom_decomposition,ITP/ITP002^4.p,TH0,Theorem,parse_timeout,na,0,,,,,,,,,cached: parse exceeded 5000ms
no_atom_decomposition,ITP/ITP002^5.p,TH0,Theorem,timeout,na,4623,217,20,217,2,0,0,0,0,
no_atom_decomposition,ITP/ITP002^7.p,TH1,Theorem,timeout,na,3361,197,9,197,26,8,0,0,0,
no_atom_decomposition,ITP/ITP003^1.p,TH0,Theorem,timeout,na,2195,31,3,31,1,0,0,0,0,
no_atom_decomposition,ITP/ITP003^2.p,TH0,Theorem,timeout,na,2302,1422,17,1422,281,0,0,1,0,
no_atom_decomposition,ITP/ITP003^3.p,TH1,Theorem,timeout,na,2187,3373,217,3373,114,50,0,0,0,
no_atom_decomposition,ITP/ITP003^4.p,TH0,Theorem,parse_timeout,na,0,,,,,,,,,cached: parse exceeded 5000ms
no_atom_decomposition,ITP/ITP003^5.p,TH0,Theorem,parse_timeout,na,0,,,,,,,,,cached: parse exceeded 5000ms
no_atom_decomposition,ITP/ITP003^7.p,TH1,Theorem,timeout,na,4487,61,1,61,16,5,0,0,0,
no_atom_decomposition,ITP/ITP004^1.p,TH0,Theorem,timeout,na,2142,692,50,692,40,0,0,0,0,
no_atom_decomposition,ITP/ITP004^2.p,TH0,Theorem,timeout,na,2116,1376,27,1376,188,0,0,0,0,
no_atom_decomposition,ITP/ITP004^3.p,TH1,Theorem,timeout,na,2063,2145,50,2145,82,126,0,1,0,
no_atom_decomposition,ITP/ITP004^4.p,TH0,Theorem,parse_timeout,na,0,,,,,,,,,cached: parse exceeded 5000ms
no_atom_decomposition,ITP/ITP004^5.p,TH0,Theorem,parse_timeout,na,0,,,,,,,,,cached: parse exceeded 5000ms
no_atom_decomposition,ITP/ITP004^7.p,TH1,Theorem,timeout,na,6285,0,0,0,1,0,0,0,0,
no_atom_decomposition,ITP/ITP005^1.p,TH0,Theorem,timeout,na,2193,770,64,770,16,0,0,0,0,
no_atom_decomposition,ITP/ITP005^2.p,TH0,Theorem,timeout,na,2187,1696,40,1696,208,36,0,1,0,
no_atom_decomposition,ITP/ITP005^3.p,TH1,Theorem,timeout,na,2097,1876,131,1876,88,4,0,1,0,
no_atom_decomposition,ITP/ITP005^4.p,TH0,Theorem,parse_timeout,na,0,,,,,,,,,cached: parse exceeded 5000ms
no_atom_decomposition,ITP/ITP005^5.p,TH0,Theorem,parse_timeout,na,0,,,,,,,,,cached: parse exceeded 5000ms
no_atom_decomposition,ITP/ITP005^7.p,TH1,Theorem,parse_timeout,na,0,,,,,,,,,cached: parse exceeded 5000ms
no_atom_decomposition,ITP/ITP006^1.p,TH0,Theorem,timeout,na,2182,677,40,677,40,0,0,0,0,
no_atom_decomposition,ITP/ITP006^2.p,TH0,Theorem,timeout,na,2142,535,12,535,84,2,0,1,0,
no_atom_decomposition,ITP/ITP006^3.p,TH1,Theorem,timeout,na,2095,892,47,892,73,1,0,1,0,
no_atom_decomposition,ITP/ITP006^4.p,TH0,Theorem,parse_timeout,na,0,,,,,,,,,cached: parse exceeded 5000ms
no_atom_decomposition,ITP/ITP006^5.p,TH0,Theorem,parse_timeout,na,0,,,,,,,,,cached: parse exceeded 5000ms
no_atom_decomposition,ITP/ITP006^7.p,TH1,Theorem,parse_timeout,na,0,,,,,,,,,cached: parse exceeded 5000ms
no_atom_decomposition,ITP/ITP007^1.p,TH0,Theorem,timeout,na,2443,196,17,196,4,0,0,0,0,
no_atom_decomposition,ITP/ITP007^2.p,TH0,Theorem,timeout,na,2450,1772,19,1772,156,366,0,1,0,
no_atom_decomposition,ITP/ITP007^3.p,TH1,Theorem,timeout,na,2210,1799,84,1799,121,13,0,1,0,
no_atom_decomposition,ITP/ITP007^4.p,TH0,Theorem,parse_timeout,na,0,,,,,,,,,cached: parse exceeded 5000ms
no_atom_decomposition,ITP/ITP007^5.p,TH0,Theorem,parse_timeout,na,0,,,,,,,,,cached: parse exceeded 5000ms
no_atom_decomposition,ITP/ITP007^7.p,TH1,Theorem,parse_timeout,na,0,,,,,,,,,cached: parse exceeded 5000ms
no_atom_decomposition,ITP/ITP008^1.p,TH0,Theorem,timeout,na,2140,1092,71,1092,48,0,0,0,0,
no_atom_decomposition,ITP/ITP008^2.p,TH0,Theorem,timeout,na,2166,1305,52,1305,135,0,0,0,0,
no_atom_decomposition,ITP/ITP008^3.p,TH1,Theorem,timeout,na,2047,733,36,733,42,20,0,1,0,
no_atom_decomposition,ITP/ITP008^4.p,TH0,Theorem,parse_timeout,na,0,,,,,,,,,cached: parse exceeded 5000ms
no_atom_decomposition,ITP/ITP008^5.p,TH0,Theorem,parse_timeout,na,0,,,,,,,,,cached: parse exceeded 5000ms
no_atom_decomposition,ITP/ITP008^7.p,TH1,Theorem,parse_timeout,na,0,,,,,,,,,cached: parse exceeded 5000ms
no_atom_decomposition,ITP/ITP009^1.p,TH0,Theorem,timeout,na,2217,776,73,776,8,0,0,0,0,
no_atom_decomposition,ITP/ITP009^2.p,TH0,Theorem,timeout,na,2160,700,19,700,114,1,0,1,0,
no_atom_decomposition,ITP/ITP009^3.p,TH1,Theorem,timeout,na,2069,808,61,808,28,1,0,1,0,
no_atom_decomposition,ITP/ITP009^4.p,TH0,Theorem,parse_timeout,na,0,,,,,,,,,cached: parse exceeded 5000ms
no_atom_decomposition,ITP/ITP009^5.p,TH0,Theorem,parse_timeout,na,0,,,,,,,,,cached: parse exceeded 5000ms
no_atom_decomposition,ITP/ITP009^7.p,TH1,Theorem,parse_timeout,na,0,,,,,,,,,cached: parse exceeded 5000ms
no_atom_decomposition,ITP/ITP010^1.p,TH0,Theorem,thm,yes,108,7,0,7,1,1,0,0,0,
no_atom_decomposition,ITP/ITP010^2.p,TH0,Theorem,thm,yes,71,15,1,15,1,1,0,0,0,
no_atom_decomposition,ITP/ITP010^3.p,TH1,Theorem,thm,yes,30,5,0,5,1,1,0,0,0,
no_atom_decomposition,ITP/ITP010^4.p,TH0,Theorem,parse_timeout,na,0,,,,,,,,,cached: parse exceeded 5000ms
no_atom_decomposition,ITP/ITP010^5.p,TH0,Theorem,parse_timeout,na,0,,,,,,,,,cached: parse exceeded 5000ms
no_atom_decomposition,ITP/ITP010^7.p,TH1,Theorem,parse_timeout,na,0,,,,,,,,,cached: parse exceeded 5000ms
no_atom_decomposition,ITP/ITP011^1.p,TH0,Theorem,timeout,na,2206,728,57,728,16,0,0,0,0,
no_atom_decomposition,ITP/ITP011^2.p,TH0,Theorem,timeout,na,2152,262,15,262,16,1,0,0,0,
no_atom_decomposition,ITP/ITP011^3.p,TH1,Theorem,timeout,na,2096,360,25,360,10,7,0,1,0,
no_atom_decomposition,ITP/ITP011^4.p,TH0,Theorem,parse_timeout,na,0,,,,,,,,,cached: parse exceeded 5000ms
no_atom_decomposition,ITP/ITP011^5.p,TH0,Theorem,parse_timeout,na,0,,,,,,,,,cached: parse exceeded 5000ms
no_atom_decomposition,ITP/ITP011^7.p,TH1,Theorem,parse_timeout,na,0,,,,,,,,,cached: parse exceeded 5000ms
no_atom_decomposition,ITP/ITP012^1.p,TH0,Theorem,timeout,na,2244,1743,91,1743,123,70,0,0,0,
no_atom_decomposition,ITP/ITP012^2.p,TH0,Theorem,timeout,na,2237,1987,11,1987,226,26,0,0,0,
no_atom_decomposition,ITP/ITP012^3.p,TH1,Theorem,timeout,na,2215,3445,148,3445,133,329,0,0,0,
no_atom_decomposition,ITP/ITP012^4.p,TH0,Theorem,parse_timeout,na,0,,,,,,,,,cached: parse exceeded 5000ms
no_atom_decomposition,ITP/ITP012^5.p,TH0,Theorem,parse_timeout,na,0,,,,,,,,,cached: parse exceeded 5000ms
no_atom_decomposition,ITP/ITP012^7.p,TH1,Theorem,parse_timeout,na,0,,,,,,,,,cached: parse exceeded 5000ms
no_atom_decomposition,ITP/ITP013^1.p,TH0,Theorem,timeout,na,2144,550,53,550,4,0,0,0,0,
no_atom_decomposition,ITP/ITP013^2.p,TH0,Theorem,timeout,na,2181,2255,24,2255,211,128,0,2,0,
no_atom_decomposition,ITP/ITP013^3.p,TH1,Theorem,timeout,na,2174,2642,53,2642,87,283,0,1,0,
no_atom_decomposition,ITP/ITP013^4.p,TH0,Theorem,parse_timeout,na,0,,,,,,,,,cached: parse exceeded 5000ms
no_atom_decomposition,ITP/ITP013^5.p,TH0,Theorem,parse_timeout,na,0,,,,,,,,,cached: parse exceeded 5000ms
no_atom_decomposition,ITP/ITP013^7.p,TH1,Theorem,parse_timeout,na,0,,,,,,,,,cached: parse exceeded 5000ms
no_atom_decomposition,ITP/ITP014^1.p,TH0,Theorem,timeout,na,2416,13,1,13,1,0,0,0,0,
no_atom_decomposition,ITP/ITP014^2.p,TH0,Theorem,timeout,na,2381,39,3,39,1,0,0,0,0,
no_atom_decomposition,ITP/ITP014^3.p,TH1,Theorem,timeout,na,2182,14,1,14,1,0,0,0,0,
no_atom_decomposition,ITP/ITP014^4.p,TH0,Theorem,parse_timeout,na,0,,,,,,,,,cached: parse exceeded 5000ms
no_atom_decomposition,ITP/ITP014^5.p,TH0,Theorem,parse_timeout,na,0,,,,,,,,,cached: parse exceeded 5000ms
no_atom_decomposition,ITP/ITP014^7.p,TH1,Theorem,parse_timeout,na,0,,,,,,,,,cached: parse exceeded 5000ms
no_atom_decomposition,ITP/ITP015^1.p,TH0,Theorem,timeout,na,2150,559,51,559,4,0,0,0,0,
no_atom_decomposition,ITP/ITP015^2.p,TH0,Theorem,timeout,na,2350,2773,13,2773,192,180,0,0,0,
no_atom_decomposition,ITP/ITP015^3.p,TH1,Theorem,timeout,na,2124,2347,108,2347,191,42,0,1,0,
no_atom_decomposition,ITP/ITP015^4.p,TH0,Theorem,parse_timeout,na,0,,,,,,,,,cached: parse exceeded 5000ms
no_atom_decomposition,ITP/ITP015^5.p,TH0,Theorem,parse_timeout,na,0,,,,,,,,,cached: parse exceeded 5000ms
no_atom_decomposition,ITP/ITP015^7.p,TH1,Theorem,parse_timeout,na,0,,,,,,,,,cached: parse exceeded 5000ms
no_atom_decomposition,ITP/ITP016^1.p,TH0,Theorem,timeout,na,2254,1412,99,1412,64,0,0,0,0,
no_atom_decomposition,ITP/ITP016^2.p,TH0,Theorem,timeout,na,2307,1227,24,1227,241,0,0,1,0,
no_atom_decomposition,ITP/ITP016^3.p,TH1,Theorem,timeout,na,2254,3399,152,3399,219,11,0,0,0,
no_atom_decomposition,ITP/ITP016^4.p,TH0,Theorem,parse_timeout,na,0,,,,,,,,,cached: parse exceeded 5000ms
no_atom_decomposition,ITP/ITP016^5.p,TH0,Theorem,parse_timeout,na,0,,,,,,,,,cached: parse exceeded 5000ms
no_atom_decomposition,ITP/ITP016^7.p,TH1,Theorem,parse_timeout,na,0,,,,,,,,,cached: parse exceeded 5000ms
no_atom_decomposition,ITP/ITP017^1.p,TH0,Theorem,timeout,na,2390,20,2,20,1,0,0,0,0,
no_atom_decomposition,ITP/ITP017^2.p,TH0,Theorem,timeout,na,2355,57,5,57,1,0,0,0,0,
no_atom_decomposition,ITP/ITP017^3.p,TH1,Theorem,timeout,na,2166,20,2,20,1,0,0,0,0,
no_atom_decomposition,ITP/ITP017^4.p,TH0,Theorem,parse_timeout,na,0,,,,,,,,,cached: parse exceeded 5000ms
no_atom_decomposition,ITP/ITP017^5.p,TH0,Theorem,parse_timeout,na,0,,,,,,,,,cached: parse exceeded 5000ms
no_atom_decomposition,ITP/ITP017^7.p,TH1,Theorem,parse_timeout,na,0,,,,,,,,,cached: parse exceeded 5000ms
no_atom_decomposition,ITP/ITP018^1.p,TH0,Theorem,timeout,na,2178,1377,66,1377,141,30,0,0,0,
no_atom_decomposition,ITP/ITP018^2.p,TH0,Theorem,timeout,na,2106,868,37,868,79,16,0,0,0,
no_atom_decomposition,ITP/ITP018^3.p,TH1,Theorem,timeout,na,2088,2530,23,2530,90,216,0,1,0,
no_atom_decomposition,ITP/ITP018^4.p,TH0,Theorem,parse_timeout,na,0,,,,,,,,,cached: parse exceeded 5000ms
no_atom_decomposition,ITP/ITP018^5.p,TH0,Theorem,parse_timeout,na,0,,,,,,,,,cached: parse exceeded 5000ms
no_atom_decomposition,ITP/ITP018^7.p,TH1,Theorem,parse_timeout,na,0,,,,,,,,,cached: parse exceeded 5000ms
no_atom_decomposition,ITP/ITP019^1.p,TH0,Theorem,timeout,na,2175,1309,42,1309,170,10,0,0,0,
no_atom_decomposition,ITP/ITP019^2.p,TH0,Theorem,timeout,na,2218,2204,24,2204,703,0,0,3,0,
no_atom_decomposition,ITP/ITP019^3.p,TH1,Theorem,timeout,na,2076,2710,26,2710,79,254,0,1,0,
no_atom_decomposition,ITP/ITP019^4.p,TH0,Theorem,parse_timeout,na,0,,,,,,,,,cached: parse exceeded 5000ms
no_atom_decomposition,ITP/ITP019^5.p,TH0,Theorem,parse_timeout,na,0,,,,,,,,,cached: parse exceeded 5000ms
no_atom_decomposition,ITP/ITP019^7.p,TH1,Theorem,parse_timeout,na,0,,,,,,,,,cached: parse exceeded 5000ms
no_atom_decomposition,ITP/ITP020^1.p,TH0,ContradictoryAxioms,timeout,na,2255,418,37,418,4,0,0,0,0,
no_atom_decomposition,ITP/ITP020^2.p,TH0,Theorem,timeout,na,2251,1483,11,1483,309,0,0,1,0,
no_atom_decomposition,ITP/ITP020^3.p,TH1,Theorem,timeout,na,2058,928,77,928,21,1,0,1,0,
no_atom_decomposition,ITP/ITP020^4.p,TH0,Theorem,parse_timeout,na,0,,,,,,,,,cached: parse exceeded 5000ms
no_atom_decomposition,ITP/ITP020^5.p,TH0,Theorem,parse_timeout,na,0,,,,,,,,,cached: parse exceeded 5000ms
no_atom_decomposition,ITP/ITP020^7.p,TH1,Theorem,parse_timeout,na,0,,,,,,,,,cached: parse exceeded 5000ms
no_atom_decomposition,ITP/ITP021^1.p,TH0,Theorem,timeout,na,2141,973,92,973,8,0,0,0,0,
no_atom_decomposition,ITP/ITP021^2.p,TH0,Theorem,timeout,na,2316,2783,16,2783,208,295,0,0,0,
no_atom_decomposition,ITP/ITP021^3.p,TH1,Theorem,timeout,na,2136,3010,188,3010,238,3,0,1,0,
no_atom_decomposition,ITP/ITP021^4.p,TH0,Theorem,parse_timeout,na,0,,,,,,,,,cached: parse exceeded 5000ms
no_atom_decomposition,ITP/ITP021^5.p,TH0,Theorem,parse_timeout,na,0,,,,,,,,,cached: parse exceeded 5000ms
no_atom_decomposition,ITP/ITP021^7.p,TH1,Theorem,parse_timeout,na,0,,,,,,,,,cached: parse exceeded 5000ms
no_atom_decomposition,ITP/ITP022^1.p,TH0,Theorem,timeout,na,2326,16,1,16,1,0,0,0,0,
no_atom_decomposition,ITP/ITP022^2.p,TH0,Theorem,timeout,na,2291,44,4,44,1,0,0,0,0,
no_atom_decomposition,ITP/ITP022^3.p,TH1,Theorem,timeout,na,2137,13,1,13,1,0,0,0,0,
no_atom_decomposition,ITP/ITP022^4.p,TH0,Theorem,parse_timeout,na,0,,,,,,,,,cached: parse exceeded 5000ms
no_atom_decomposition,ITP/ITP022^5.p,TH0,Theorem,parse_timeout,na,0,,,,,,,,,cached: parse exceeded 5000ms
no_atom_decomposition,ITP/ITP022^7.p,TH1,Theorem,parse_timeout,na,0,,,,,,,,,cached: parse exceeded 5000ms
no_atom_decomposition,ITP/ITP023^1.p,TH0,Theorem,timeout,na,2216,1158,65,1158,83,17,0,0,0,
no_atom_decomposition,ITP/ITP023^2.p,TH0,Theorem,timeout,na,2234,2068,14,2068,223,26,0,0,0,
no_atom_decomposition,ITP/ITP023^3.p,TH1,Theorem,timeout,na,2099,1504,82,1504,120,1,0,1,0,
no_atom_decomposition,ITP/ITP023^4.p,TH0,Theorem,parse_timeout,na,0,,,,,,,,,cached: parse exceeded 5000ms
no_atom_decomposition,ITP/ITP023^5.p,TH0,Theorem,parse_timeout,na,0,,,,,,,,,cached: parse exceeded 5000ms
no_atom_decomposition,ITP/ITP023^7.p,TH1,Theorem,parse_timeout,na,0,,,,,,,,,cached: parse exceeded 5000ms
no_atom_decomposition,ITP/ITP024^1.p,TH0,Theorem,timeout,na,3451,18,1,18,1,0,0,0,0,
no_atom_decomposition,ITP/ITP024^2.p,TH0,Theorem,timeout,na,2510,57,5,57,1,0,0,0,0,
no_atom_decomposition,ITP/ITP024^3.p,TH1,Theorem,timeout,na,2249,20,2,20,1,0,0,0,0,
no_atom_decomposition,ITP/ITP024^4.p,TH0,Theorem,parse_timeout,na,0,,,,,,,,,cached: parse exceeded 5000ms
no_atom_decomposition,ITP/ITP024^5.p,TH0,Theorem,parse_timeout,na,0,,,,,,,,,cached: parse exceeded 5000ms
no_atom_decomposition,ITP/ITP024^7.p,TH1,Theorem,parse_timeout,na,0,,,,,,,,,cached: parse exceeded 5000ms
no_atom_decomposition,ITP/ITP025^1.p,TH0,Theorem,timeout,na,2467,443,33,443,16,3,0,0,0,
no_atom_decomposition,ITP/ITP025^2.p,TH0,Theorem,timeout,na,2338,832,25,832,144,0,0,0,0,
no_atom_decomposition,ITP/ITP025^3.p,TH1,Theorem,timeout,na,2115,292,20,292,5,10,0,3,0,
no_atom_decomposition,ITP/ITP025^4.p,TH0,Theorem,parse_timeout,na,0,,,,,,,,,cached: parse exceeded 5000ms
no_atom_decomposition,ITP/ITP025^5.p,TH0,Theorem,parse_timeout,na,0,,,,,,,,,cached: parse exceeded 5000ms
no_atom_decomposition,ITP/ITP025^7.p,TH1,Theorem,parse_timeout,na,0,,,,,,,,,cached: parse exceeded 5000ms
no_atom_decomposition,ITP/ITP026^1.p,TH0,Theorem,timeout,na,2762,1009,76,1009,43,27,0,6,0,
no_atom_decomposition,ITP/ITP026^2.p,TH1,Theorem,timeout,na,3188,523,38,523,11,11,0,6,0,
no_atom_decomposition,ITP/ITP027^1.p,TH0,Theorem,timeout,na,3304,249,24,249,1,0,0,0,0,
no_atom_decomposition,ITP/ITP027^2.p,TH1,Theorem,timeout,na,4254,70,7,70,1,0,0,0,0,
no_atom_decomposition,ITP/ITP028^1.p,TH0,Theorem,timeout,na,2544,515,46,515,5,4,0,0,0,
no_atom_decomposition,ITP/ITP028^2.p,TH1,Theorem,timeout,na,2843,5,0,5,1,0,0,0,0,
no_atom_decomposition,ITP/ITP029^1.p,TH0,ContradictoryAxioms,timeout,na,2508,246,14,246,13,6,0,0,0,
no_atom_decomposition,ITP/ITP029^2.p,TH1,ContradictoryAxioms,timeout,na,2517,66,4,66,4,0,0,0,0,
no_atom_decomposition,ITP/ITP030^1.p,TH0,ContradictoryAxioms,thm,na,651,1,0,1,1,1,0,0,0,
no_atom_decomposition,ITP/ITP030^2.p,TH1,ContradictoryAxioms,thm,na,826,1,0,1,1,1,0,0,0,
no_atom_decomposition,ITP/ITP031^1.p,TH0,Theorem,timeout,na,2465,475,20,475,79,21,0,0,0,
no_atom_decomposition,ITP/ITP031^2.p,TH1,Theorem,timeout,na,2500,47,4,47,1,0,0,0,0,
no_atom_decomposition,ITP/ITP032^1.p,TH0,Theorem,timeout,na,2512,342,20,342,20,5,0,0,0,
no_atom_decomposition,ITP/ITP032^2.p,TH1,Theorem,timeout,na,2522,74,5,74,4,0,0,0,0,
no_atom_decomposition,ITP/ITP033^1.p,TH0,Theorem,timeout,na,2627,615,23,615,96,8,0,0,0,
no_atom_decomposition,ITP/ITP033^2.p,TH1,Theorem,timeout,na,2545,136,4,136,10,0,0,0,0,
no_atom_decomposition,ITP/ITP034^1.p,TH0,Theorem,thm,yes,705,2,0,2,1,1,0,0,0,
no_atom_decomposition,ITP/ITP034^2.p,TH1,Theorem,timeout,na,2520,188,9,188,21,0,0,0,0,
no_atom_decomposition,ITP/ITP035^1.p,TH0,Theorem,timeout,na,2510,156,1,156,30,0,0,0,0,
no_atom_decomposition,ITP/ITP035^2.p,TH1,Theorem,timeout,na,2500,94,8,94,2,0,0,0,0,
no_atom_decomposition,ITP/ITP036^1.p,TH0,Theorem,timeout,na,2405,0,0,0,1,0,0,0,0,
no_atom_decomposition,ITP/ITP036^2.p,TH1,Theorem,timeout,na,3288,109,10,109,1,0,0,0,0,
no_atom_decomposition,ITP/ITP037^1.p,TH0,Theorem,thm,yes,772,9,0,9,1,0,0,1,1,
no_atom_decomposition,ITP/ITP037^2.p,TH1,Theorem,timeout,na,3196,0,0,0,1,0,0,0,0,
no_atom_decomposition,ITP/ITP038^1.p,TH0,Theorem,timeout,na,2497,201,20,201,1,0,0,0,0,
no_atom_decomposition,ITP/ITP038^2.p,TH1,Theorem,timeout,na,3779,39,3,39,1,0,0,0,0,
no_atom_decomposition,ITP/ITP039^1.p,TH0,Theorem,thm,yes,1154,1,0,1,1,1,0,0,0,
no_atom_decomposition,ITP/ITP039^2.p,TH1,Theorem,thm,yes,3186,1,0,1,1,1,0,0,0,
no_atom_decomposition,ITP/ITP040^1.p,TH0,ContradictoryAxioms,timeout,na,2623,13,1,13,1,0,0,0,0,
no_atom_decomposition,ITP/ITP040^2.p,TH1,ContradictoryAxioms,timeout,na,3520,74,3,74,32,6,0,0,0,
no_atom_decomposition,ITP/ITP041^1.p,TH0,Theorem,thm,yes,895,21,2,21,1,1,0,0,0,
no_atom_decomposition,ITP/ITP041^2.p,TH1,Theorem,timeout,na,3107,70,7,70,1,0,0,0,0,
no_atom_decomposition,ITP/ITP042^1.p,TH0,Theorem,timeout,na,2386,116,11,116,1,0,0,0,0,
no_atom_decomposition,ITP/ITP042^2.p,TH1,Theorem,timeout,na,2735,48,4,48,1,0,0,0,0,
no_atom_decomposition,ITP/ITP043^1.p,TH0,Theorem,timeout,na,2570,2785,187,2785,178,28,0,0,0,
no_atom_decomposition,ITP/ITP043^2.p,TH1,Theorem,timeout,na,2705,882,45,882,90,4,0,0,0,
no_atom_decomposition,ITP/ITP044^1.p,TH0,Theorem,timeout,na,2562,3442,39,3442,269,0,0,0,0,
no_atom_decomposition,ITP/ITP044^2.p,TH1,Theorem,timeout,na,2547,882,38,882,51,47,0,0,0,
no_atom_decomposition,ITP/ITP045^1.p,TH0,Theorem,timeout,na,3495,214,4,214,36,0,0,0,0,
no_atom_decomposition,ITP/ITP045^2.p,TH1,Theorem,parse_timeout,na,0,,,,,,,,,cached: parse exceeded 5000ms
no_atom_decomposition,ITP/ITP046^1.p,TH0,Theorem,timeout,na,3877,588,2,588,489,14,0,0,0,
no_atom_decomposition,ITP/ITP046^2.p,TH1,Theorem,parse_timeout,na,0,,,,,,,,,cached: parse exceeded 5000ms
no_atom_decomposition,ITP/ITP047^1.p,TH0,Theorem,timeout,na,3556,512,2,512,354,0,0,0,0,
no_atom_decomposition,ITP/ITP047^2.p,TH1,Theorem,parse_timeout,na,0,,,,,,,,,cached: parse exceeded 5000ms
no_atom_decomposition,ITP/ITP048^1.p,TH0,Theorem,timeout,na,2405,214,21,214,1,0,0,0,0,
no_atom_decomposition,ITP/ITP048^2.p,TH1,Theorem,timeout,na,2585,861,67,861,32,0,0,1,0,
no_atom_decomposition,ITP/ITP049^1.p,TH0,Theorem,timeout,na,2591,303,30,303,1,0,0,0,0,
no_atom_decomposition,ITP/ITP049^2.p,TH1,Theorem,timeout,na,3017,130,13,130,1,0,0,0,0,
no_atom_decomposition,ITP/ITP050^1.p,TH0,Theorem,timeout,na,2437,343,31,343,4,0,0,1,0,
no_atom_decomposition,ITP/ITP050^2.p,TH1,Theorem,timeout,na,2700,309,21,309,11,0,0,1,0,
no_atom_decomposition,ITP/ITP051^1.p,TH0,ContradictoryAxioms,timeout,na,2405,114,8,114,5,1,0,0,0,
no_atom_decomposition,ITP/ITP051^2.p,TH1,ContradictoryAxioms,timeout,na,2652,1573,79,1573,107,6,0,0,0,
no_atom_decomposition,ITP/ITP052^1.p,TH0,Theorem,timeout,na,2460,468,34,468,16,6,0,0,0,
no_atom_decomposition,ITP/ITP052^2.p,TH1,Theorem,timeout,na,3032,326,15,326,25,6,0,0,0,
no_atom_decomposition,ITP/ITP053^1.p,TH0,Theorem,timeout,na,2426,1211,102,1211,25,0,0,1,0,
no_atom_decomposition,ITP/ITP053^2.p,TH1,Theorem,timeout,na,2764,131,13,131,1,0,0,0,0,
no_atom_decomposition,ITP/ITP054^1.p,TH0,Theorem,timeout,na,2322,656,14,656,62,24,0,1,0,
no_atom_decomposition,ITP/ITP054^2.p,TH1,Theorem,timeout,na,2630,915,37,915,80,24,0,2,0,
no_atom_decomposition,ITP/ITP055^1.p,TH0,Theorem,timeout,na,2908,3476,124,3476,603,0,0,0,0,
no_atom_decomposition,ITP/ITP055^2.p,TH1,Theorem,timeout,na,3302,418,20,418,32,12,0,1,0,
no_atom_decomposition,ITP/ITP056^1.p,TH0,Theorem,timeout,na,2349,1743,140,1743,103,0,0,0,0,
no_atom_decomposition,ITP/ITP056^2.p,TH1,Theorem,timeout,na,2441,1646,130,1646,56,0,0,0,0,
no_atom_decomposition,ITP/ITP057^1.p,TH0,Theorem,parser_error,na,0,,,,,,,,,cached: Failed to parse formula 'fact_200_SilentDecisionValueNotInverting': [byte:61243] Type Error: Cannot unify strict function types of different arities.
no_atom_decomposition,ITP/ITP057^2.p,TH1,Theorem,parser_error,na,0,,,,,,,,,cached: Failed to parse formula 'fact_125_SilentDecisionValueNotInverting': [byte:52024] Type Error: Cannot unify strict function types of different arities.
no_atom_decomposition,ITP/ITP058^1.p,TH0,Theorem,timeout,na,2911,0,0,0,1,0,0,0,0,
no_atom_decomposition,ITP/ITP058^2.p,TH1,Theorem,timeout,na,3528,0,0,0,1,0,0,0,0,
no_atom_decomposition,ITP/ITP059^1.p,TH0,Theorem,timeout,na,2318,1926,96,1926,85,98,0,5,0,
no_atom_decomposition,ITP/ITP059^2.p,TH1,Theorem,timeout,na,2601,1068,51,1068,54,90,0,2,0,
no_atom_decomposition,ITP/ITP060^1.p,TH0,Theorem,timeout,na,2393,1627,46,1627,290,60,0,6,0,
no_atom_decomposition,ITP/ITP060^2.p,TH1,Theorem,timeout,na,2703,1079,40,1079,113,12,0,6,0,
no_atom_decomposition,ITP/ITP061^1.p,TH0,Theorem,timeout,na,2582,1468,84,1468,416,0,0,1,0,
no_atom_decomposition,ITP/ITP061^2.p,TH1,Theorem,timeout,na,2989,1085,33,1085,660,0,0,2,0,
no_atom_decomposition,ITP/ITP062^1.p,TH0,Theorem,timeout,na,2523,1187,23,1187,200,1,0,1,0,
no_atom_decomposition,ITP/ITP062^2.p,TH1,Theorem,timeout,na,2382,675,47,675,19,6,0,7,0,
no_atom_decomposition,ITP/ITP063^1.p,TH0,Theorem,timeout,na,2638,3507,156,3507,777,84,0,8,0,
no_atom_decomposition,ITP/ITP063^2.p,TH1,Theorem,timeout,na,2491,3245,240,3245,203,2,0,0,0,
no_atom_decomposition,ITP/ITP064^1.p,TH0,Theorem,timeout,na,2419,701,51,701,40,2,0,0,0,
no_atom_decomposition,ITP/ITP064^2.p,TH1,Theorem,timeout,na,2543,2795,219,2795,169,0,0,0,0,
no_atom_decomposition,ITP/ITP065^1.p,TH0,Theorem,timeout,na,2050,1154,77,1154,56,0,0,2,0,
no_atom_decomposition,ITP/ITP065^2.p,TH1,Theorem,timeout,na,3660,150,14,150,2,0,0,0,0,
no_atom_decomposition,ITP/ITP066^1.p,TH0,Theorem,timeout,na,2713,0,0,0,1,0,0,0,0,
no_atom_decomposition,ITP/ITP066^2.p,TH1,Theorem,timeout,na,3165,59,5,59,1,0,0,0,0,
no_atom_decomposition,ITP/ITP067^1.p,TH0,Theorem,timeout,na,2378,1631,136,1631,69,3,0,2,0,
no_atom_decomposition,ITP/ITP067^2.p,TH1,Theorem,timeout,na,2837,408,26,408,22,0,0,0,0,
no_atom_decomposition,ITP/ITP068^1.p,TH0,Theorem,timeout,na,2499,687,52,687,122,0,0,1,0,
no_atom_decomposition,ITP/ITP068^2.p,TH1,Theorem,timeout,na,3207,86,8,86,1,0,0,0,0,
no_atom_decomposition,ITP/ITP069^1.p,TH0,Theorem,timeout,na,2737,1178,38,1178,693,0,0,1,0,
no_atom_decomposition,ITP/ITP069^2.p,TH1,Theorem,timeout,na,3226,67,6,67,1,0,0,0,0,
no_atom_decomposition,ITP/ITP070^1.p,TH0,Theorem,timeout,na,2545,0,0,0,1,0,0,0,0,
no_atom_decomposition,ITP/ITP070^2.p,TH1,Theorem,timeout,na,3250,71,7,71,1,0,0,0,0,
no_atom_decomposition,ITP/ITP071^1.p,TH0,Theorem,timeout,na,2708,0,0,0,1,0,0,0,0,
no_atom_decomposition,ITP/ITP071^2.p,TH1,Theorem,timeout,na,3212,25,2,25,1,0,0,0,0,
no_atom_decomposition,ITP/ITP072^1.p,TH0,Theorem,timeout,na,2479,1015,25,1015,111,14,0,0,0,
no_atom_decomposition,ITP/ITP072^2.p,TH1,Theorem,timeout,na,2527,185,12,185,9,0,0,0,0,
no_atom_decomposition,ITP/ITP073^1.p,TH0,Theorem,timeout,na,2485,209,20,209,1,0,0,0,0,
no_atom_decomposition,ITP/ITP073^2.p,TH1,Theorem,timeout,na,2498,98,9,98,2,0,0,0,0,
no_atom_decomposition,ITP/ITP074^1.p,TH0,Theorem,timeout,na,2355,1195,83,1195,32,24,0,0,0,
no_atom_decomposition,ITP/ITP074^2.p,TH1,Theorem,timeout,na,2391,1323,83,1323,69,14,0,0,0,
no_atom_decomposition,ITP/ITP075^1.p,TH0,Theorem,timeout,na,2335,30,3,30,1,0,0,0,0,
no_atom_decomposition,ITP/ITP075^2.p,TH1,Theorem,timeout,na,2334,55,5,55,1,0,0,0,0,
no_atom_decomposition,ITP/ITP076^1.p,TH0,Theorem,timeout,na,2385,1170,101,1170,17,2,0,0,0,
no_atom_decomposition,ITP/ITP076^2.p,TH1,Theorem,timeout,na,2462,617,49,617,26,3,0,0,0,
no_atom_decomposition,ITP/ITP077^1.p,TH0,Theorem,timeout,na,2546,65,6,65,1,0,0,0,0,
no_atom_decomposition,ITP/ITP077^2.p,TH1,Theorem,timeout,na,2601,188,16,188,4,0,0,0,0,
no_atom_decomposition,ITP/ITP078^1.p,TH0,Theorem,timeout,na,2506,665,25,665,92,4,0,0,0,
no_atom_decomposition,ITP/ITP078^2.p,TH1,Theorem,timeout,na,2434,124,10,124,3,2,0,0,0,
no_atom_decomposition,ITP/ITP079^1.p,TH0,Theorem,timeout,na,2523,224,22,224,1,0,0,0,0,
no_atom_decomposition,ITP/ITP079^2.p,TH1,Theorem,timeout,na,2492,398,29,398,51,0,0,1,0,
no_atom_decomposition,ITP/ITP080^1.p,TH0,Theorem,timeout,na,3019,1067,81,1067,32,8,0,0,0,
no_atom_decomposition,ITP/ITP080^2.p,TH1,Theorem,timeout,na,3244,0,0,0,1,0,0,0,0,
no_atom_decomposition,ITP/ITP081^1.p,TH0,Theorem,timeout,na,2897,1195,82,1195,74,0,0,0,0,
no_atom_decomposition,ITP/ITP081^2.p,TH1,Theorem,timeout,na,3156,0,0,0,1,0,0,0,0,
no_atom_decomposition,ITP/ITP082^1.p,TH0,Theorem,timeout,na,2854,1838,131,1838,104,0,0,0,0,
no_atom_decomposition,ITP/ITP082^2.p,TH1,Theorem,timeout,na,3135,0,0,0,1,0,0,0,0,
no_atom_decomposition,ITP/ITP083^1.p,TH0,Theorem,timeout,na,2692,140,12,140,2,0,0,0,0,
no_atom_decomposition,ITP/ITP083^2.p,TH1,Theorem,timeout,na,3176,0,0,0,1,0,0,0,0,
no_atom_decomposition,ITP/ITP084^1.p,TH0,Theorem,timeout,na,2598,0,0,0,1,0,0,0,0,
no_atom_decomposition,ITP/ITP084^2.p,TH1,Theorem,timeout,na,2872,0,0,0,1,0,0,0,0,
no_atom_decomposition,ITP/ITP085^1.p,TH0,Theorem,timeout,na,2628,0,0,0,1,0,0,0,0,
no_atom_decomposition,ITP/ITP085^2.p,TH1,Theorem,timeout,na,2783,0,0,0,1,0,0,0,0,
no_atom_decomposition,ITP/ITP086^1.p,TH0,Theorem,timeout,na,2494,379,18,379,30,5,0,0,0,
no_atom_decomposition,ITP/ITP086^2.p,TH1,Theorem,timeout,na,2630,97,3,97,10,0,0,0,0,
no_atom_decomposition,ITP/ITP087^1.p,TH0,Theorem,timeout,na,2611,615,10,615,60,18,0,0,0,
no_atom_decomposition,ITP/ITP087^2.p,TH1,Theorem,timeout,na,2738,129,2,129,10,0,0,0,0,
no_atom_decomposition,ITP/ITP088^1.p,TH0,Theorem,timeout,na,2716,586,18,586,237,0,0,0,0,
no_atom_decomposition,ITP/ITP088^2.p,TH1,Theorem,timeout,na,2705,128,8,128,5,0,0,0,0,
no_atom_decomposition,ITP/ITP089^1.p,TH0,Theorem,timeout,na,2609,474,10,474,44,14,0,0,0,
no_atom_decomposition,ITP/ITP089^2.p,TH1,Theorem,timeout,na,2712,113,4,113,10,0,0,0,0,
no_atom_decomposition,ITP/ITP090^1.p,TH0,Theorem,timeout,na,2600,186,15,186,5,0,0,0,0,
no_atom_decomposition,ITP/ITP090^2.p,TH1,Theorem,timeout,na,2719,98,3,98,5,0,0,0,0,
no_atom_decomposition,ITP/ITP091^1.p,TH0,Theorem,timeout,na,2667,424,19,424,180,0,0,0,0,
no_atom_decomposition,ITP/ITP091^2.p,TH1,Theorem,timeout,na,2713,103,5,103,5,0,0,0,0,
no_atom_decomposition,ITP/ITP092^1.p,TH0,Theorem,timeout,na,2902,488,48,488,2,0,0,0,0,
no_atom_decomposition,ITP/ITP092^2.p,TH1,Theorem,timeout,na,4011,38,3,38,1,0,0,0,0,
no_atom_decomposition,ITP/ITP093^1.p,TH0,Theorem,timeout,na,2486,205,20,205,1,0,0,0,0,
no_atom_decomposition,ITP/ITP093^2.p,TH1,Theorem,timeout,na,2761,111,8,111,6,0,0,0,0,
no_atom_decomposition,ITP/ITP094^1.p,TH0,Theorem,timeout,na,2356,518,12,518,89,0,0,0,0,
no_atom_decomposition,ITP/ITP094^2.p,TH1,Theorem,timeout,na,2456,1677,39,1677,135,91,0,1,0,
no_atom_decomposition,ITP/ITP095^1.p,TH0,Theorem,timeout,na,2482,4123,123,4123,233,153,0,0,0,
no_atom_decomposition,ITP/ITP095^2.p,TH1,Theorem,timeout,na,2399,1479,114,1479,50,13,0,5,0,
no_atom_decomposition,ITP/ITP096^1.p,TH0,ContradictoryAxioms,timeout,na,2493,4191,76,4191,593,569,0,5,0,
no_atom_decomposition,ITP/ITP096^2.p,TH1,ContradictoryAxioms,timeout,na,2549,2897,142,2897,234,110,0,1,0,
no_atom_decomposition,ITP/ITP097^1.p,TH0,Theorem,timeout,na,2470,2121,10,2121,485,0,0,0,0,
no_atom_decomposition,ITP/ITP097^2.p,TH1,Theorem,timeout,na,2551,3106,127,3106,361,31,0,10,0,
no_atom_decomposition,ITP/ITP098^1.p,TH0,Theorem,timeout,na,2697,161,16,161,1,0,0,0,0,
no_atom_decomposition,ITP/ITP098^2.p,TH1,Theorem,timeout,na,2595,434,40,434,4,0,0,0,0,
no_atom_decomposition,ITP/ITP099^1.p,TH0,Theorem,timeout,na,2338,459,44,459,4,0,0,0,0,
no_atom_decomposition,ITP/ITP099^2.p,TH1,Theorem,timeout,na,2489,532,41,532,12,0,0,0,0,
no_atom_decomposition,ITP/ITP100^1.p,TH0,Theorem,timeout,na,2743,0,0,0,1,0,0,0,0,
no_atom_decomposition,ITP/ITP100^2.p,TH1,Theorem,timeout,na,3052,0,0,0,1,0,0,0,0,
no_atom_decomposition,ITP/ITP101^1.p,TH0,Theorem,timeout,na,2355,414,32,414,9,0,0,0,0,
no_atom_decomposition,ITP/ITP101^2.p,TH1,Theorem,timeout,na,2543,479,34,479,32,0,0,0,0,
no_atom_decomposition,ITP/ITP102^1.p,TH0,Theorem,timeout,na,2310,447,38,447,8,0,0,0,0,
no_atom_decomposition,ITP/ITP102^2.p,TH1,Theorem,timeout,na,2664,1689,82,1689,216,8,0,0,0,
no_atom_decomposition,ITP/ITP103^1.p,TH0,Theorem,timeout,na,2378,4056,187,4056,268,125,0,2,0,
no_atom_decomposition,ITP/ITP103^2.p,TH1,Theorem,timeout,na,2587,3303,163,3303,254,133,0,2,0,
no_atom_decomposition,ITP/ITP104^1.p,TH0,Theorem,timeout,na,2524,393,29,393,14,0,0,0,0,
no_atom_decomposition,ITP/ITP104^2.p,TH1,Theorem,timeout,na,2536,598,44,598,39,0,0,0,0,
no_atom_decomposition,ITP/ITP105^1.p,TH0,Theorem,timeout,na,2311,333,12,333,34,8,0,0,0,
no_atom_decomposition,ITP/ITP105^2.p,TH1,Theorem,timeout,na,2350,501,7,501,58,1,0,0,0,
no_atom_decomposition,ITP/ITP106^1.p,TH0,Theorem,timeout,na,2446,451,40,451,7,2,0,1,0,
no_atom_decomposition,ITP/ITP106^2.p,TH1,Theorem,timeout,na,3616,0,0,0,1,0,0,0,0,
no_atom_decomposition,ITP/ITP107^1.p,TH0,Theorem,timeout,na,2821,2887,51,2887,259,133,0,0,0,
no_atom_decomposition,ITP/ITP107^2.p,TH1,Theorem,timeout,na,3370,157,15,157,4,2,0,0,0,
no_atom_decomposition,ITP/ITP108^1.p,TH0,Theorem,timeout,na,2389,357,21,357,14,3,0,0,0,
no_atom_decomposition,ITP/ITP108^2.p,TH1,Theorem,timeout,na,3464,0,0,0,1,0,0,0,0,
no_atom_decomposition,ITP/ITP109^1.p,TH0,Theorem,timeout,na,2749,1567,90,1567,214,3,0,0,0,
no_atom_decomposition,ITP/ITP109^2.p,TH1,Theorem,timeout,na,2558,96,5,96,5,0,0,0,0,
no_atom_decomposition,ITP/ITP110^1.p,TH0,Theorem,timeout,na,2506,2733,155,2733,119,67,0,0,0,
no_atom_decomposition,ITP/ITP110^2.p,TH1,Theorem,timeout,na,2448,1317,94,1317,67,16,0,0,0,
no_atom_decomposition,ITP/ITP111^1.p,TH0,Theorem,timeout,na,2205,2713,148,2713,139,76,0,1,0,
no_atom_decomposition,ITP/ITP111^2.p,TH1,Theorem,timeout,na,2501,2426,104,2426,161,97,0,1,0,
no_atom_decomposition,ITP/ITP112^1.p,TH0,Theorem,timeout,na,2727,12,1,12,1,0,0,0,0,
no_atom_decomposition,ITP/ITP112^2.p,TH1,Theorem,timeout,na,2564,258,14,258,22,4,0,0,0,
no_atom_decomposition,ITP/ITP113^1.p,TH0,Theorem,timeout,na,2431,1379,105,1379,47,14,0,0,0,
no_atom_decomposition,ITP/ITP113^2.p,TH1,Theorem,timeout,na,2535,70,7,70,1,0,0,0,0,
no_atom_decomposition,ITP/ITP114^1.p,TH0,Theorem,thm,yes,865,4,0,4,1,0,0,1,1,
no_atom_decomposition,ITP/ITP114^2.p,TH1,Theorem,thm,yes,366,26,2,26,1,0,0,1,1,
no_atom_decomposition,ITP/ITP115^1.p,TH0,Theorem,timeout,na,2380,1025,54,1025,64,49,0,0,0,
no_atom_decomposition,ITP/ITP115^2.p,TH1,Theorem,timeout,na,2664,420,26,420,120,0,0,0,0,
no_atom_decomposition,ITP/ITP116^1.p,TH0,Theorem,timeout,na,2653,235,23,235,1,0,0,0,0,
no_atom_decomposition,ITP/ITP116^2.p,TH1,Theorem,timeout,na,2763,75,7,75,1,0,0,0,0,
no_atom_decomposition,ITP/ITP117^1.p,TH0,Theorem,timeout,na,2527,499,39,499,11,7,0,0,0,
no_atom_decomposition,ITP/ITP117^2.p,TH1,Theorem,timeout,na,2692,65,6,65,1,0,0,0,0,
no_atom_decomposition,ITP/ITP118^1.p,TH0,Theorem,timeout,na,2355,1149,100,1149,25,0,0,0,0,
no_atom_decomposition,ITP/ITP118^2.p,TH1,Theorem,timeout,na,2420,406,30,406,22,0,0,1,0,
no_atom_decomposition,ITP/ITP119^1.p,TH0,ContradictoryAxioms,timeout,na,2682,0,0,0,1,0,0,0,0,
no_atom_decomposition,ITP/ITP119^2.p,TH1,ContradictoryAxioms,timeout,na,2754,0,0,0,1,0,0,0,0,
no_atom_decomposition,ITP/ITP120^1.p,TH0,Theorem,timeout,na,2307,587,44,587,16,0,0,0,0,
no_atom_decomposition,ITP/ITP120^2.p,TH1,Theorem,timeout,na,2419,625,44,625,32,0,0,0,0,
no_atom_decomposition,ITP/ITP121^1.p,TH0,Theorem,timeout,na,2386,732,53,732,31,5,0,0,0,
no_atom_decomposition,ITP/ITP121^2.p,TH1,Theorem,timeout,na,2563,886,41,886,121,9,0,0,0,
no_atom_decomposition,ITP/ITP122^1.p,TH0,Theorem,timeout,na,2385,737,55,737,25,4,0,0,0,
no_atom_decomposition,ITP/ITP122^2.p,TH1,Theorem,timeout,na,2523,947,60,947,98,6,0,0,0,
no_atom_decomposition,ITP/ITP123^1.p,TH0,Theorem,timeout,na,2358,423,30,423,18,0,0,1,0,
no_atom_decomposition,ITP/ITP123^2.p,TH1,Theorem,timeout,na,2399,286,26,286,4,0,0,0,0,
no_atom_decomposition,ITP/ITP124^1.p,TH0,Theorem,timeout,na,2336,768,56,768,32,5,0,0,0,
no_atom_decomposition,ITP/ITP124^2.p,TH1,Theorem,timeout,na,2445,724,39,724,52,7,0,0,0,
no_atom_decomposition,ITP/ITP125^1.p,TH0,Theorem,timeout,na,2494,702,46,702,164,0,0,0,0,
no_atom_decomposition,ITP/ITP125^2.p,TH1,Theorem,timeout,na,2572,0,0,0,1,0,0,0,0,
no_atom_decomposition,ITP/ITP126^1.p,TH0,Theorem,timeout,na,2418,3282,162,3282,314,101,0,1,0,
no_atom_decomposition,ITP/ITP126^2.p,TH1,Theorem,timeout,na,2375,415,27,415,16,0,0,0,0,
no_atom_decomposition,ITP/ITP127^1.p,TH0,Theorem,timeout,na,2657,101,10,101,1,0,0,0,0,
no_atom_decomposition,ITP/ITP127^2.p,TH1,Theorem,timeout,na,2588,80,6,80,2,0,0,0,0,
no_atom_decomposition,ITP/ITP128^1.p,TH0,Theorem,timeout,na,4475,0,0,0,1,0,0,0,0,
no_atom_decomposition,ITP/ITP128^2.p,TH1,Theorem,timeout,na,3085,0,0,0,1,0,0,0,0,
no_atom_decomposition,ITP/ITP129^1.p,TH0,Theorem,timeout,na,2413,3166,216,3166,264,0,0,0,0,
no_atom_decomposition,ITP/ITP129^2.p,TH1,Theorem,timeout,na,2529,1315,14,1315,259,0,0,0,0,
no_atom_decomposition,ITP/ITP130^1.p,TH0,Theorem,timeout,na,2379,2287,97,2287,231,13,0,0,0,
no_atom_decomposition,ITP/ITP130^2.p,TH1,Theorem,timeout,na,2351,1346,60,1346,104,116,0,6,0,
no_atom_decomposition,ITP/ITP131^1.p,TH0,ContradictoryAxioms,timeout,na,2275,4454,329,4454,114,76,0,0,0,
no_atom_decomposition,ITP/ITP131^2.p,TH1,ContradictoryAxioms,timeout,na,2598,3563,144,3563,318,99,0,6,0,
no_atom_decomposition,ITP/ITP132^1.p,TH0,Theorem,timeout,na,2298,555,48,555,12,6,0,9,0,
no_atom_decomposition,ITP/ITP132^2.p,TH1,Theorem,timeout,na,2517,1123,57,1123,68,40,0,1,0,
no_atom_decomposition,ITP/ITP133^1.p,TH0,Theorem,timeout,na,2293,303,19,303,8,6,0,6,0,
no_atom_decomposition,ITP/ITP133^2.p,TH1,Theorem,timeout,na,2585,1541,53,1541,154,21,0,0,0,
no_atom_decomposition,ITP/ITP134^1.p,TH0,Theorem,timeout,na,2608,398,25,398,10,12,0,4,0,
no_atom_decomposition,ITP/ITP134^2.p,TH1,Theorem,timeout,na,2417,749,49,749,33,16,0,0,0,
no_atom_decomposition,ITP/ITP135^1.p,TH0,Theorem,timeout,na,2573,263,10,263,25,0,0,0,0,
no_atom_decomposition,ITP/ITP135^2.p,TH1,Theorem,timeout,na,2763,125,11,125,2,0,0,0,0,
no_atom_decomposition,ITP/ITP136^1.p,TH0,Theorem,timeout,na,2598,400,9,400,44,0,0,0,0,
no_atom_decomposition,ITP/ITP136^2.p,TH1,Theorem,timeout,na,2822,109,9,109,2,0,0,0,0,
no_atom_decomposition,ITP/ITP137^1.p,TH0,Theorem,timeout,na,2617,92,9,92,1,0,0,0,0,
no_atom_decomposition,ITP/ITP137^2.p,TH1,Theorem,timeout,na,3007,0,0,0,1,0,0,0,0,
no_atom_decomposition,ITP/ITP138^1.p,TH0,Theorem,timeout,na,2563,1102,72,1102,36,27,0,0,0,
no_atom_decomposition,ITP/ITP138^2.p,TH1,Theorem,timeout,na,2682,564,55,564,4,0,0,0,0,
no_atom_decomposition,ITP/ITP139^1.p,TH0,Theorem,timeout,na,2596,307,6,307,36,0,0,0,0,
no_atom_decomposition,ITP/ITP139^2.p,TH1,Theorem,timeout,na,2571,1453,123,1453,50,0,0,0,0,
no_atom_decomposition,ITP/ITP140^1.p,TH0,Theorem,timeout,na,2585,244,11,244,20,0,0,0,0,
no_atom_decomposition,ITP/ITP140^2.p,TH1,Theorem,timeout,na,2904,102,8,102,2,0,0,0,0,
no_atom_decomposition,ITP/ITP141^1.p,TH0,Theorem,timeout,na,2528,163,5,163,8,9,0,0,0,
no_atom_decomposition,ITP/ITP141^2.p,TH1,Theorem,timeout,na,3010,0,0,0,1,0,0,0,0,
no_atom_decomposition,ITP/ITP142^1.p,TH0,Theorem,timeout,na,2964,637,63,637,4,0,0,0,0,
no_atom_decomposition,ITP/ITP142^2.p,TH1,Theorem,timeout,na,3693,0,0,0,1,0,0,0,0,
no_atom_decomposition,ITP/ITP143^1.p,TH0,Theorem,timeout,na,2851,868,82,868,4,0,0,0,0,
no_atom_decomposition,ITP/ITP143^2.p,TH1,Theorem,timeout,na,3494,0,0,0,1,0,0,0,0,
no_atom_decomposition,ITP/ITP144^1.p,TH0,Theorem,timeout,na,2170,936,37,936,89,86,0,2,0,
no_atom_decomposition,ITP/ITP144^2.p,TH1,Theorem,timeout,na,2573,20,2,20,1,0,0,0,0,
no_atom_decomposition,ITP/ITP145^1.p,TH0,Theorem,timeout,na,2953,857,82,857,4,0,0,0,0,
no_atom_decomposition,ITP/ITP145^2.p,TH1,Theorem,timeout,na,3689,0,0,0,1,0,0,0,0,
no_atom_decomposition,ITP/ITP146^1.p,TH0,Theorem,timeout,na,2431,83,4,83,4,0,0,0,0,
no_atom_decomposition,ITP/ITP146^2.p,TH1,Theorem,timeout,na,2486,68,5,68,2,0,0,0,0,
no_atom_decomposition,ITP/ITP147^1.p,TH0,Theorem,timeout,na,2399,91,2,91,14,0,0,0,0,
no_atom_decomposition,ITP/ITP147^2.p,TH1,Theorem,timeout,na,2432,94,7,94,2,0,0,0,0,
no_atom_decomposition,ITP/ITP148^1.p,TH0,Theorem,timeout,na,2765,103,10,103,1,0,0,0,0,
no_atom_decomposition,ITP/ITP148^2.p,TH1,Theorem,timeout,na,2659,208,16,208,5,0,0,0,0,
no_atom_decomposition,ITP/ITP149^1.p,TH0,Theorem,timeout,na,2402,193,2,193,24,0,0,0,0,
no_atom_decomposition,ITP/ITP149^2.p,TH1,Theorem,timeout,na,2438,262,11,262,20,0,0,0,0,
no_atom_decomposition,ITP/ITP150^1.p,TH0,Theorem,timeout,na,2423,2918,266,2918,40,0,0,0,0,
no_atom_decomposition,ITP/ITP150^2.p,TH1,Theorem,timeout,na,2576,370,24,370,20,0,0,0,0,
no_atom_decomposition,ITP/ITP151^1.p,TH0,Theorem,timeout,na,2493,2319,64,2319,373,40,0,5,0,
no_atom_decomposition,ITP/ITP151^2.p,TH1,Theorem,timeout,na,2491,3488,216,3488,295,78,0,4,0,
no_atom_decomposition,ITP/ITP152^1.p,TH0,Theorem,timeout,na,2605,128,12,128,1,0,0,0,0,
no_atom_decomposition,ITP/ITP152^2.p,TH1,Theorem,timeout,na,3074,25,2,25,1,0,0,0,0,
no_atom_decomposition,ITP/ITP153^1.p,TH0,Theorem,timeout,na,2519,329,21,329,10,8,0,0,0,
no_atom_decomposition,ITP/ITP153^2.p,TH1,Theorem,timeout,na,2844,75,7,75,1,0,0,0,0,
no_atom_decomposition,ITP/ITP154^1.p,TH0,Theorem,timeout,na,2553,588,33,588,27,15,0,0,0,
no_atom_decomposition,ITP/ITP154^2.p,TH1,Theorem,timeout,na,2911,122,6,122,10,0,0,0,0,
no_atom_decomposition,ITP/ITP155^1.p,TH0,Theorem,timeout,na,2581,305,20,305,14,2,0,0,0,
no_atom_decomposition,ITP/ITP155^2.p,TH1,Theorem,timeout,na,2836,133,8,133,9,0,0,0,0,
no_atom_decomposition,ITP/ITP156^1.p,TH0,Theorem,timeout,na,2458,480,27,480,61,6,0,1,0,
no_atom_decomposition,ITP/ITP156^2.p,TH1,Theorem,timeout,na,2573,74,7,74,1,0,0,0,0,
no_atom_decomposition,ITP/ITP157^1.p,TH0,Theorem,timeout,na,2571,176,17,176,1,0,0,0,0,
no_atom_decomposition,ITP/ITP157^2.p,TH1,Theorem,timeout,na,2883,34,3,34,1,0,0,0,0,
no_atom_decomposition,ITP/ITP158^1.p,TH0,Theorem,timeout,na,2805,557,46,557,16,0,0,0,0,
no_atom_decomposition,ITP/ITP158^2.p,TH1,Theorem,timeout,na,3375,288,25,288,4,0,0,0,0,
no_atom_decomposition,ITP/ITP159^1.p,TH0,Theorem,timeout,na,2534,2061,76,2061,140,71,0,0,0,
no_atom_decomposition,ITP/ITP159^2.p,TH1,Theorem,timeout,na,2749,679,57,679,16,0,0,0,0,
no_atom_decomposition,ITP/ITP160^1.p,TH0,Theorem,timeout,na,3464,0,0,0,1,0,0,0,0,
no_atom_decomposition,ITP/ITP160^2.p,TH1,Theorem,timeout,na,4672,10,1,10,1,0,0,0,0,
no_atom_decomposition,ITP/ITP161^1.p,TH0,Theorem,timeout,na,2600,842,49,842,61,14,0,0,0,
no_atom_decomposition,ITP/ITP161^2.p,TH1,Theorem,timeout,na,2816,118,11,118,1,0,0,0,0,
no_atom_decomposition,ITP/ITP162^1.p,TH0,Theorem,timeout,na,2570,426,29,426,34,2,0,0,0,
no_atom_decomposition,ITP/ITP162^2.p,TH1,Theorem,timeout,na,2507,206,17,206,5,0,0,0,0,
no_atom_decomposition,ITP/ITP163^1.p,TH0,Theorem,timeout,na,2389,295,24,295,13,0,0,0,0,
no_atom_decomposition,ITP/ITP163^2.p,TH1,Theorem,timeout,na,2719,95,9,95,1,0,0,0,0,
no_atom_decomposition,ITP/ITP164^1.p,TH0,Theorem,timeout,na,2479,409,9,409,50,10,0,0,0,
no_atom_decomposition,ITP/ITP164^2.p,TH1,Theorem,timeout,na,2654,744,63,744,16,0,0,0,0,
no_atom_decomposition,ITP/ITP165^1.p,TH0,Theorem,timeout,na,2552,484,32,484,82,3,0,0,0,
no_atom_decomposition,ITP/ITP165^2.p,TH1,Theorem,timeout,na,2448,206,12,206,12,0,0,0,0,
no_atom_decomposition,ITP/ITP166^1.p,TH0,Theorem,timeout,na,2733,0,0,0,1,0,0,0,0,
no_atom_decomposition,ITP/ITP166^2.p,TH1,Theorem,timeout,na,3149,11,1,11,1,0,0,0,0,
no_atom_decomposition,ITP/ITP167^1.p,TH0,Theorem,timeout,na,3025,0,0,0,1,0,0,0,0,
no_atom_decomposition,ITP/ITP167^2.p,TH1,Theorem,timeout,na,3246,5,0,5,1,0,0,0,0,
no_atom_decomposition,ITP/ITP168^1.p,TH0,Theorem,timeout,na,2642,28,2,28,1,0,0,0,0,
no_atom_decomposition,ITP/ITP168^2.p,TH1,Theorem,timeout,na,2554,144,14,144,1,0,0,0,0,
no_atom_decomposition,ITP/ITP169^1.p,TH0,Theorem,timeout,na,2855,2177,135,2177,127,7,0,0,0,
no_atom_decomposition,ITP/ITP169^2.p,TH1,Theorem,timeout,na,3104,1122,67,1122,66,33,0,0,0,
no_atom_decomposition,ITP/ITP170^1.p,TH0,Theorem,timeout,na,2582,2159,60,2159,202,0,0,0,0,
no_atom_decomposition,ITP/ITP170^2.p,TH1,Theorem,timeout,na,2578,638,61,638,4,0,0,0,0,
no_atom_decomposition,ITP/ITP171^1.p,TH0,Theorem,timeout,na,3092,56,5,56,1,0,0,0,0,
no_atom_decomposition,ITP/ITP171^2.p,TH1,Theorem,parse_timeout,na,0,,,,,,,,,cached: parse exceeded 5000ms
no_atom_decomposition,ITP/ITP172^1.p,TH0,Theorem,timeout,na,2686,2673,222,2673,88,0,0,0,0,
no_atom_decomposition,ITP/ITP172^2.p,TH1,Theorem,timeout,na,3578,60,6,60,1,0,0,0,0,
no_atom_decomposition,ITP/ITP173^1.p,TH0,Theorem,timeout,na,3210,266,25,266,2,0,0,0,0,
no_atom_decomposition,ITP/ITP173^2.p,TH1,Theorem,parse_timeout,na,0,,,,,,,,,cached: parse exceeded 5000ms
no_atom_decomposition,ITP/ITP174^1.p,TH0,Theorem,timeout,na,3215,222,21,222,2,0,0,0,0,
no_atom_decomposition,ITP/ITP174^2.p,TH1,Theorem,parse_timeout,na,0,,,,,,,,,cached: parse exceeded 5000ms
no_atom_decomposition,ITP/ITP175^1.p,TH0,Theorem,timeout,na,2559,374,23,374,16,8,0,0,0,
no_atom_decomposition,ITP/ITP175^2.p,TH1,Theorem,timeout,na,3202,50,5,50,1,0,0,0,0,
no_atom_decomposition,ITP/ITP176^1.p,TH0,Theorem,timeout,na,2565,617,19,617,304,1,0,0,0,
no_atom_decomposition,ITP/ITP176^2.p,TH1,Theorem,timeout,na,2874,22,2,22,1,0,0,0,0,
no_atom_decomposition,ITP/ITP177^1.p,TH0,Theorem,timeout,na,2685,1860,148,1860,124,14,0,4,0,
no_atom_decomposition,ITP/ITP177^2.p,TH1,Theorem,timeout,na,3375,34,3,34,2,0,0,1,0,
no_atom_decomposition,ITP/ITP178^1.p,TH0,Theorem,timeout,na,2527,558,44,558,16,0,0,0,0,
no_atom_decomposition,ITP/ITP178^2.p,TH1,Theorem,timeout,na,3692,0,0,0,1,0,0,0,0,
no_atom_decomposition,ITP/ITP179^1.p,TH0,Theorem,timeout,na,2582,3526,206,3526,233,0,0,0,0,
no_atom_decomposition,ITP/ITP179^2.p,TH1,Theorem,timeout,na,3114,26,2,26,1,0,0,0,0,
no_atom_decomposition,ITP/ITP180^1.p,TH0,Theorem,timeout,na,2520,599,33,599,40,1,0,0,0,
no_atom_decomposition,ITP/ITP180^2.p,TH1,Theorem,timeout,na,3092,51,4,51,2,1,0,0,0,
no_atom_decomposition,ITP/ITP181^1.p,TH0,Theorem,timeout,na,2718,506,49,506,2,0,0,1,0,
no_atom_decomposition,ITP/ITP181^2.p,TH1,Theorem,timeout,na,2722,57,5,57,1,0,0,0,0,
no_atom_decomposition,ITP/ITP182^1.p,TH0,Theorem,timeout,na,2856,1554,119,1554,162,3,0,1,0,
no_atom_decomposition,ITP/ITP182^2.p,TH1,Theorem,parser_error,na,0,,,,,,,,,cached: Failed to parse formula 'fact_105_neg__eqvt': [byte:41884] Type Error: Cannot unify strict function types of different arities.
no_atom_decomposition,ITP/ITP183^1.p,TH0,Theorem,timeout,na,2668,424,41,424,2,0,0,1,0,
no_atom_decomposition,ITP/ITP183^2.p,TH1,Theorem,timeout,na,2726,206,20,206,1,0,0,0,0,
no_atom_decomposition,ITP/ITP184^1.p,TH0,Theorem,timeout,na,3113,666,47,666,141,1,0,0,0,
no_atom_decomposition,ITP/ITP184^2.p,TH1,Theorem,timeout,na,2789,82,8,82,1,0,0,0,0,
no_atom_decomposition,ITP/ITP185^1.p,TH0,Theorem,timeout,na,3326,180,18,180,1,0,0,0,0,
no_atom_decomposition,ITP/ITP185^2.p,TH1,Theorem,timeout,na,2677,288,27,288,3,0,0,0,0,
no_atom_decomposition,ITP/ITP186^1.p,TH0,Theorem,timeout,na,3493,190,19,190,1,0,0,0,0,
no_atom_decomposition,ITP/ITP186^2.p,TH1,Theorem,timeout,na,2707,287,26,287,4,0,0,0,0,
no_atom_decomposition,ITP/ITP187^1.p,TH0,Theorem,timeout,na,2847,409,39,409,2,0,0,1,0,
no_atom_decomposition,ITP/ITP187^2.p,TH1,Theorem,timeout,na,2789,69,6,69,1,0,0,0,0,
no_atom_decomposition,ITP/ITP188^1.p,TH0,Theorem,timeout,na,2877,435,42,435,2,0,0,1,0,
no_atom_decomposition,ITP/ITP188^2.p,TH1,Theorem,timeout,na,2800,61,6,61,1,0,0,0,0,
no_atom_decomposition,ITP/ITP189^1.p,TH0,Theorem,timeout,na,2695,431,41,431,2,0,0,1,0,
no_atom_decomposition,ITP/ITP189^2.p,TH1,Theorem,timeout,na,2755,148,14,148,1,0,0,0,0,
no_atom_decomposition,ITP/ITP190^1.p,TH0,Theorem,timeout,na,2668,858,80,858,9,0,0,1,0,
no_atom_decomposition,ITP/ITP190^2.p,TH1,Theorem,parser_error,na,0,,,,,,,,,cached: Failed to parse formula 'fact_91_neg__eqvt': [byte:28038] Type Error: Cannot unify strict function types of different arities.
no_atom_decomposition,ITP/ITP191^1.p,TH0,ContradictoryAxioms,timeout,na,2753,505,49,505,2,0,0,1,0,
no_atom_decomposition,ITP/ITP191^2.p,TH1,ContradictoryAxioms,parser_error,na,0,,,,,,,,,cached: Failed to parse formula 'fact_154_neg__eqvt': [byte:53412] Type Error: Cannot unify strict function types of different arities.
no_atom_decomposition,ITP/ITP192^1.p,TH0,Theorem,timeout,na,2911,431,39,431,4,0,0,1,0,
no_atom_decomposition,ITP/ITP192^2.p,TH1,Theorem,timeout,na,2805,109,10,109,1,0,0,0,0,
no_atom_decomposition,ITP/ITP193^1.p,TH0,Theorem,timeout,na,2487,573,34,573,63,0,0,0,0,
no_atom_decomposition,ITP/ITP193^2.p,TH1,Theorem,timeout,na,2499,561,42,561,16,3,0,1,0,
no_atom_decomposition,ITP/ITP194^1.p,TH0,Theorem,timeout,na,2419,683,2,683,114,6,0,0,0,
no_atom_decomposition,ITP/ITP194^2.p,TH1,Theorem,timeout,na,2486,2615,154,2615,138,42,0,0,0,
no_atom_decomposition,ITP/ITP195^1.p,TH0,Theorem,timeout,na,2557,2775,2,2775,481,14,0,0,0,
no_atom_decomposition,ITP/ITP195^2.p,TH1,Theorem,timeout,na,2547,2732,138,2732,235,59,0,1,0,
no_atom_decomposition,ITP/ITP196^1.p,TH0,Theorem,timeout,na,2762,0,0,0,1,0,0,0,0,
no_atom_decomposition,ITP/ITP196^2.p,TH1,Theorem,timeout,na,3244,0,0,0,1,0,0,0,0,
no_atom_decomposition,ITP/ITP197^1.p,TH0,Theorem,timeout,na,2513,129,7,129,9,0,0,0,0,
no_atom_decomposition,ITP/ITP197^2.p,TH1,Theorem,timeout,na,2541,127,6,127,10,0,0,0,0,
no_atom_decomposition,ITP/ITP198^1.p,TH0,Theorem,timeout,na,2982,80,8,80,1,0,0,0,0,
no_atom_decomposition,ITP/ITP198^2.p,TH1,Theorem,timeout,na,3024,0,0,0,1,0,0,0,0,
no_atom_decomposition,ITP/ITP199^1.p,TH0,Theorem,timeout,na,2483,351,8,351,40,10,0,0,0,
no_atom_decomposition,ITP/ITP199^2.p,TH1,Theorem,timeout,na,2618,96,4,96,6,0,0,0,0,
no_atom_decomposition,ITP/ITP200^1.p,TH0,Theorem,timeout,na,2670,204,15,204,11,0,0,0,0,
no_atom_decomposition,ITP/ITP200^2.p,TH1,Theorem,timeout,na,3066,399,27,399,16,0,0,0,0,
no_atom_decomposition,ITP/ITP201^1.p,TH0,Theorem,timeout,na,2419,224,15,224,8,0,0,0,0,
no_atom_decomposition,ITP/ITP201^2.p,TH1,Theorem,timeout,na,2915,71,5,71,2,0,0,0,0,
no_atom_decomposition,ITP/ITP202^1.p,TH0,Theorem,timeout,na,2848,0,0,0,1,0,0,0,0,
no_atom_decomposition,ITP/ITP202^2.p,TH1,Theorem,timeout,na,4344,0,0,0,1,0,0,0,0,
no_atom_decomposition,ITP/ITP203^1.p,TH0,Theorem,timeout,na,2776,0,0,0,1,0,0,0,0,
no_atom_decomposition,ITP/ITP203^2.p,TH1,Theorem,timeout,na,4329,0,0,0,1,0,0,0,0,
no_atom_decomposition,ITP/ITP204^1.p,TH0,Theorem,timeout,na,2586,0,0,0,1,0,0,0,0,
no_atom_decomposition,ITP/ITP204^2.p,TH1,Theorem,timeout,na,3214,0,0,0,1,0,0,0,0,
no_atom_decomposition,ITP/ITP205^1.p,TH0,Theorem,timeout,na,2440,112,11,112,1,0,0,0,0,
no_atom_decomposition,ITP/ITP205^2.p,TH1,Theorem,timeout,na,2954,76,7,76,1,0,0,0,0,
no_atom_decomposition,ITP/ITP206^1.p,TH0,Theorem,parse_timeout,na,0,,,,,,,,,cached: parse exceeded 5000ms
no_atom_decomposition,ITP/ITP206^2.p,TH1,Theorem,parse_timeout,na,0,,,,,,,,,cached: parse exceeded 5000ms
no_atom_decomposition,ITP/ITP206^3.p,TH0,Theorem,parse_timeout,na,0,,,,,,,,,cached: parse exceeded 5000ms
no_atom_decomposition,ITP/ITP206^4.p,TH1,Theorem,parse_timeout,na,0,,,,,,,,,cached: parse exceeded 5000ms
no_atom_decomposition,ITP/ITP207^1.p,TH0,Theorem,parser_error,na,0,,,,,,,,,cached: Failed to parse formula 'fact_1254_of__bool__not__iff': [byte:596062] Type Error: Cannot unify strict function types of different arities.
no_atom_decomposition,ITP/ITP207^2.p,TH1,Theorem,parser_error,na,0,,,,,,,,,cached: Failed to parse formula 'fact_484_of__bool__not__iff': [byte:260957] Type Error: Cannot unify strict function types of different arities.
no_atom_decomposition,ITP/ITP207^3.p,TH0,Theorem,parser_error,na,0,,,,,,,,,cached: Failed to parse formula 'fact_1254_of__bool__not__iff': [byte:596062] Type Error: Cannot unify strict function types of different arities.
no_atom_decomposition,ITP/ITP207^4.p,TH1,Theorem,parser_error,na,0,,,,,,,,,cached: Failed to parse formula 'fact_484_of__bool__not__iff': [byte:260957] Type Error: Cannot unify strict function types of different arities.
no_atom_decomposition,ITP/ITP208^1.p,TH0,Theorem,parse_timeout,na,0,,,,,,,,,cached: parse exceeded 5000ms
no_atom_decomposition,ITP/ITP208^2.p,TH1,Theorem,parser_error,na,0,,,,,,,,,cached: Failed to parse formula 'fact_1166_modulo__int__unfold': [byte:432712] Type Error: Cannot unify strict function types of different arities.
no_atom_decomposition,ITP/ITP208^3.p,TH0,Theorem,parse_timeout,na,0,,,,,,,,,cached: parse exceeded 5000ms
no_atom_decomposition,ITP/ITP208^4.p,TH1,Theorem,parser_error,na,0,,,,,,,,,cached: Failed to parse formula 'fact_1166_modulo__int__unfold': [byte:432712] Type Error: Cannot unify strict function types of different arities.
no_atom_decomposition,ITP/ITP209^1.p,TH0,Theorem,timeout,na,2060,1455,70,1455,119,63,0,0,0,
no_atom_decomposition,ITP/ITP209^2.p,TH1,Theorem,timeout,na,2059,1380,97,1380,96,0,0,0,0,
no_atom_decomposition,ITP/ITP209^3.p,TH0,Theorem,timeout,na,2072,1633,81,1633,127,78,0,0,0,
no_atom_decomposition,ITP/ITP209^4.p,TH1,Theorem,timeout,na,2061,1359,92,1359,96,0,0,0,0,
no_atom_decomposition,ITP/ITP210^1.p,TH0,Theorem,parse_timeout,na,0,,,,,,,,,cached: parse exceeded 5000ms
no_atom_decomposition,ITP/ITP210^2.p,TH1,Theorem,parse_timeout,na,0,,,,,,,,,cached: parse exceeded 5000ms
no_atom_decomposition,ITP/ITP210^3.p,TH0,Theorem,parse_timeout,na,0,,,,,,,,,cached: parse exceeded 5000ms
no_atom_decomposition,ITP/ITP210^4.p,TH1,Theorem,parse_timeout,na,0,,,,,,,,,cached: parse exceeded 5000ms
no_atom_decomposition,ITP/ITP211^1.p,TH0,Theorem,parse_timeout,na,0,,,,,,,,,cached: parse exceeded 5000ms
no_atom_decomposition,ITP/ITP211^2.p,TH1,Theorem,parse_timeout,na,0,,,,,,,,,cached: parse exceeded 5000ms
no_atom_decomposition,ITP/ITP211^3.p,TH0,Theorem,parse_timeout,na,0,,,,,,,,,cached: parse exceeded 5000ms
no_atom_decomposition,ITP/ITP211^4.p,TH1,Theorem,parse_timeout,na,0,,,,,,,,,cached: parse exceeded 5000ms
no_atom_decomposition,ITP/ITP212^1.p,TH0,Theorem,parse_timeout,na,0,,,,,,,,,cached: parse exceeded 5000ms
no_atom_decomposition,ITP/ITP212^2.p,TH1,Theorem,parse_timeout,na,0,,,,,,,,,cached: parse exceeded 5000ms
no_atom_decomposition,ITP/ITP212^3.p,TH0,Theorem,parse_timeout,na,0,,,,,,,,,cached: parse exceeded 5000ms
no_atom_decomposition,ITP/ITP212^4.p,TH1,Theorem,parse_timeout,na,0,,,,,,,,,cached: parse exceeded 5000ms
no_atom_decomposition,ITP/ITP213^1.p,TH0,Theorem,parse_timeout,na,0,,,,,,,,,cached: parse exceeded 5000ms
no_atom_decomposition,ITP/ITP213^2.p,TH1,Theorem,parse_timeout,na,0,,,,,,,,,cached: parse exceeded 5000ms
no_atom_decomposition,ITP/ITP213^3.p,TH0,Theorem,parse_timeout,na,0,,,,,,,,,cached: parse exceeded 5000ms
no_atom_decomposition,ITP/ITP213^4.p,TH1,Theorem,parse_timeout,na,0,,,,,,,,,cached: parse exceeded 5000ms
no_atom_decomposition,ITP/ITP214^1.p,TH0,Theorem,parse_timeout,na,0,,,,,,,,,cached: parse exceeded 5000ms
no_atom_decomposition,ITP/ITP214^2.p,TH1,Theorem,parse_timeout,na,0,,,,,,,,,cached: parse exceeded 5000ms
no_atom_decomposition,ITP/ITP214^3.p,TH0,Theorem,parse_timeout,na,0,,,,,,,,,cached: parse exceeded 5000ms
no_atom_decomposition,ITP/ITP214^4.p,TH1,Theorem,parse_timeout,na,0,,,,,,,,,cached: parse exceeded 5000ms
no_atom_decomposition,ITP/ITP215^1.p,TH0,Theorem,parse_timeout,na,0,,,,,,,,,cached: parse exceeded 5000ms
no_atom_decomposition,ITP/ITP215^2.p,TH1,Theorem,parse_timeout,na,0,,,,,,,,,cached: parse exceeded 5000ms
no_atom_decomposition,ITP/ITP215^3.p,TH0,Theorem,parse_timeout,na,0,,,,,,,,,cached: parse exceeded 5000ms
no_atom_decomposition,ITP/ITP215^4.p,TH1,Theorem,parse_timeout,na,0,,,,,,,,,cached: parse exceeded 5000ms
no_atom_decomposition,ITP/ITP216^1.p,TH0,Theorem,parse_timeout,na,0,,,,,,,,,cached: parse exceeded 5000ms
no_atom_decomposition,ITP/ITP216^2.p,TH1,Theorem,parse_timeout,na,0,,,,,,,,,cached: parse exceeded 5000ms
no_atom_decomposition,ITP/ITP216^3.p,TH0,Theorem,parse_timeout,na,0,,,,,,,,,cached: parse exceeded 5000ms
no_atom_decomposition,ITP/ITP216^4.p,TH1,Theorem,parse_timeout,na,0,,,,,,,,,cached: parse exceeded 5000ms
no_atom_decomposition,ITP/ITP217^1.p,TH0,Theorem,parse_timeout,na,0,,,,,,,,,cached: parse exceeded 5000ms
no_atom_decomposition,ITP/ITP217^2.p,TH1,Theorem,parse_timeout,na,0,,,,,,,,,cached: parse exceeded 5000ms
no_atom_decomposition,ITP/ITP217^3.p,TH0,Theorem,parse_timeout,na,0,,,,,,,,,cached: parse exceeded 5000ms
no_atom_decomposition,ITP/ITP217^4.p,TH1,Theorem,parse_timeout,na,0,,,,,,,,,cached: parse exceeded 5000ms
no_atom_decomposition,ITP/ITP218^1.p,TH0,Theorem,parse_timeout,na,0,,,,,,,,,cached: parse exceeded 5000ms
no_atom_decomposition,ITP/ITP218^2.p,TH1,Theorem,parse_timeout,na,0,,,,,,,,,cached: parse exceeded 5000ms
no_atom_decomposition,ITP/ITP218^3.p,TH0,Theorem,parse_timeout,na,0,,,,,,,,,cached: parse exceeded 5000ms
no_atom_decomposition,ITP/ITP218^4.p,TH1,Theorem,parse_timeout,na,0,,,,,,,,,cached: parse exceeded 5000ms
no_atom_decomposition,ITP/ITP219^1.p,TH0,Theorem,parse_timeout,na,0,,,,,,,,,cached: parse exceeded 5000ms
no_atom_decomposition,ITP/ITP219^2.p,TH1,Theorem,parse_timeout,na,0,,,,,,,,,cached: parse exceeded 5000ms
no_atom_decomposition,ITP/ITP219^3.p,TH0,Theorem,parse_timeout,na,0,,,,,,,,,cached: parse exceeded 5000ms
no_atom_decomposition,ITP/ITP219^4.p,TH1,Theorem,parse_timeout,na,0,,,,,,,,,cached: parse exceeded 5000ms
no_atom_decomposition,ITP/ITP220^1.p,TH0,Theorem,parser_error,na,0,,,,,,,,,cached: Failed to parse formula 'fact_1819_of__bool__not__iff': [byte:567961] Type Error: Cannot unify strict function types of different arities.
no_atom_decomposition,ITP/ITP220^2.p,TH1,Theorem,parser_error,na,0,,,,,,,,,cached: Failed to parse formula 'fact_672_of__bool__not__iff': [byte:271370] Type Error: Cannot unify strict function types of different arities.
no_atom_decomposition,ITP/ITP220^3.p,TH0,Theorem,parser_error,na,0,,,,,,,,,cached: Failed to parse formula 'fact_1819_of__bool__not__iff': [byte:567961] Type Error: Cannot unify strict function types of different arities.
no_atom_decomposition,ITP/ITP220^4.p,TH1,Theorem,parser_error,na,0,,,,,,,,,cached: Failed to parse formula 'fact_672_of__bool__not__iff': [byte:271370] Type Error: Cannot unify strict function types of different arities.
no_atom_decomposition,ITP/ITP221^1.p,TH0,Theorem,parse_timeout,na,0,,,,,,,,,cached: parse exceeded 5000ms
no_atom_decomposition,ITP/ITP221^2.p,TH1,Theorem,parser_error,na,0,,,,,,,,,cached: Failed to parse formula 'fact_1110_of__bool__odd__eq__mod__2': [byte:414489] Type Error: Cannot unify strict function types of different arities.
no_atom_decomposition,ITP/ITP221^3.p,TH0,Theorem,parse_timeout,na,0,,,,,,,,,cached: parse exceeded 5000ms
no_atom_decomposition,ITP/ITP221^4.p,TH1,Theorem,parser_error,na,0,,,,,,,,,cached: Failed to parse formula 'fact_1110_of__bool__odd__eq__mod__2': [byte:414489] Type Error: Cannot unify strict function types of different arities.
no_atom_decomposition,ITP/ITP222^1.p,TH0,Theorem,parse_timeout,na,0,,,,,,,,,cached: parse exceeded 5000ms
no_atom_decomposition,ITP/ITP222^2.p,TH1,Theorem,parse_timeout,na,0,,,,,,,,,cached: parse exceeded 5000ms
no_atom_decomposition,ITP/ITP222^3.p,TH0,Theorem,parse_timeout,na,0,,,,,,,,,cached: parse exceeded 5000ms
no_atom_decomposition,ITP/ITP222^4.p,TH1,Theorem,parse_timeout,na,0,,,,,,,,,cached: parse exceeded 5000ms
no_atom_decomposition,ITP/ITP223^1.p,TH0,Theorem,parse_timeout,na,0,,,,,,,,,cached: parse exceeded 5000ms
no_atom_decomposition,ITP/ITP223^2.p,TH1,Theorem,parse_timeout,na,0,,,,,,,,,cached: parse exceeded 5000ms
no_atom_decomposition,ITP/ITP223^3.p,TH0,Theorem,parse_timeout,na,0,,,,,,,,,cached: parse exceeded 5000ms
no_atom_decomposition,ITP/ITP223^4.p,TH1,Theorem,parse_timeout,na,0,,,,,,,,,cached: parse exceeded 5000ms
no_atom_decomposition,ITP/ITP224^1.p,TH0,ContradictoryAxioms,parse_timeout,na,0,,,,,,,,,cached: parse exceeded 5000ms
no_atom_decomposition,ITP/ITP224^2.p,TH1,ContradictoryAxioms,parser_error,na,0,,,,,,,,,cached: Failed to parse formula 'fact_1485_of__bool__not__iff': [byte:533452] Type Error: Cannot unify strict function types of different arities.
no_atom_decomposition,ITP/ITP224^3.p,TH0,ContradictoryAxioms,parse_timeout,na,0,,,,,,,,,cached: parse exceeded 5000ms
no_atom_decomposition,ITP/ITP224^4.p,TH1,ContradictoryAxioms,parser_error,na,0,,,,,,,,,cached: Failed to parse formula 'fact_1485_of__bool__not__iff': [byte:533452] Type Error: Cannot unify strict function types of different arities.
no_atom_decomposition,ITP/ITP225^1.p,TH0,Theorem,parse_timeout,na,0,,,,,,,,,cached: parse exceeded 5000ms
no_atom_decomposition,ITP/ITP225^2.p,TH1,Theorem,parse_timeout,na,0,,,,,,,,,cached: parse exceeded 5000ms
no_atom_decomposition,ITP/ITP225^3.p,TH0,Theorem,parse_timeout,na,0,,,,,,,,,cached: parse exceeded 5000ms
no_atom_decomposition,ITP/ITP225^4.p,TH1,Theorem,parse_timeout,na,0,,,,,,,,,cached: parse exceeded 5000ms
no_atom_decomposition,ITP/ITP226^1.p,TH0,Theorem,parse_timeout,na,0,,,,,,,,,cached: parse exceeded 5000ms
no_atom_decomposition,ITP/ITP226^2.p,TH1,Theorem,parse_timeout,na,0,,,,,,,,,cached: parse exceeded 5000ms
no_atom_decomposition,ITP/ITP226^3.p,TH0,Theorem,parse_timeout,na,0,,,,,,,,,cached: parse exceeded 5000ms
no_atom_decomposition,ITP/ITP226^4.p,TH1,Theorem,parse_timeout,na,0,,,,,,,,,cached: parse exceeded 5000ms
no_atom_decomposition,ITP/ITP227^1.p,TH0,Theorem,parse_timeout,na,0,,,,,,,,,cached: parse exceeded 5000ms
no_atom_decomposition,ITP/ITP227^2.p,TH1,Theorem,parse_timeout,na,0,,,,,,,,,cached: parse exceeded 5000ms
no_atom_decomposition,ITP/ITP227^3.p,TH0,Theorem,parse_timeout,na,0,,,,,,,,,cached: parse exceeded 5000ms
no_atom_decomposition,ITP/ITP227^4.p,TH1,Theorem,parse_timeout,na,0,,,,,,,,,cached: parse exceeded 5000ms
no_atom_decomposition,ITP/ITP228^1.p,TH0,Theorem,parse_timeout,na,0,,,,,,,,,cached: parse exceeded 5000ms
no_atom_decomposition,ITP/ITP228^2.p,TH1,Theorem,parse_timeout,na,0,,,,,,,,,cached: parse exceeded 5000ms
no_atom_decomposition,ITP/ITP228^3.p,TH0,Theorem,parse_timeout,na,0,,,,,,,,,cached: parse exceeded 5000ms
no_atom_decomposition,ITP/ITP228^4.p,TH1,Theorem,parse_timeout,na,0,,,,,,,,,cached: parse exceeded 5000ms
no_atom_decomposition,ITP/ITP229^1.p,TH0,Theorem,parse_timeout,na,0,,,,,,,,,cached: parse exceeded 5000ms
no_atom_decomposition,ITP/ITP229^2.p,TH1,Theorem,parse_timeout,na,0,,,,,,,,,cached: parse exceeded 5000ms
no_atom_decomposition,ITP/ITP229^3.p,TH0,Theorem,parse_timeout,na,0,,,,,,,,,cached: parse exceeded 5000ms
no_atom_decomposition,ITP/ITP229^4.p,TH1,Theorem,parse_timeout,na,0,,,,,,,,,cached: parse exceeded 5000ms
no_atom_decomposition,ITP/ITP230^1.p,TH0,Theorem,parse_timeout,na,0,,,,,,,,,cached: parse exceeded 5000ms
no_atom_decomposition,ITP/ITP230^2.p,TH1,Theorem,parse_timeout,na,0,,,,,,,,,cached: parse exceeded 5000ms
no_atom_decomposition,ITP/ITP230^3.p,TH0,Theorem,parse_timeout,na,0,,,,,,,,,cached: parse exceeded 5000ms
no_atom_decomposition,ITP/ITP230^4.p,TH1,Theorem,parse_timeout,na,0,,,,,,,,,cached: parse exceeded 5000ms
no_atom_decomposition,ITP/ITP231^1.p,TH0,Theorem,parser_error,na,0,,,,,,,,,cached: Failed to parse formula 'fact_2020_modulo__int__unfold': [byte:753287] Type Error: Cannot unify strict function types of different arities.
no_atom_decomposition,ITP/ITP231^2.p,TH1,Theorem,parse_timeout,na,0,,,,,,,,,cached: parse exceeded 5000ms
no_atom_decomposition,ITP/ITP231^3.p,TH0,Theorem,parser_error,na,0,,,,,,,,,cached: Failed to parse formula 'fact_2020_modulo__int__unfold': [byte:753287] Type Error: Cannot unify strict function types of different arities.
no_atom_decomposition,ITP/ITP231^4.p,TH1,Theorem,parse_timeout,na,0,,,,,,,,,cached: parse exceeded 5000ms
no_atom_decomposition,ITP/ITP232^1.p,TH0,Theorem,parse_timeout,na,0,,,,,,,,,cached: parse exceeded 5000ms
no_atom_decomposition,ITP/ITP232^2.p,TH1,Theorem,parse_timeout,na,0,,,,,,,,,cached: parse exceeded 5000ms
no_atom_decomposition,ITP/ITP232^3.p,TH0,Theorem,parse_timeout,na,0,,,,,,,,,cached: parse exceeded 5000ms
no_atom_decomposition,ITP/ITP232^4.p,TH1,Theorem,parse_timeout,na,0,,,,,,,,,cached: parse exceeded 5000ms
no_atom_decomposition,ITP/ITP233^1.p,TH0,Theorem,parse_timeout,na,0,,,,,,,,,cached: parse exceeded 5000ms
no_atom_decomposition,ITP/ITP233^2.p,TH1,Theorem,parse_timeout,na,0,,,,,,,,,cached: parse exceeded 5000ms
no_atom_decomposition,ITP/ITP233^3.p,TH0,Theorem,parse_timeout,na,0,,,,,,,,,cached: parse exceeded 5000ms
no_atom_decomposition,ITP/ITP233^4.p,TH1,Theorem,parse_timeout,na,0,,,,,,,,,cached: parse exceeded 5000ms
no_atom_decomposition,ITP/ITP234^1.p,TH0,Theorem,parse_timeout,na,0,,,,,,,,,cached: parse exceeded 5000ms
no_atom_decomposition,ITP/ITP234^2.p,TH1,Theorem,parse_timeout,na,0,,,,,,,,,cached: parse exceeded 5000ms
no_atom_decomposition,ITP/ITP234^3.p,TH0,Theorem,parse_timeout,na,0,,,,,,,,,cached: parse exceeded 5000ms
no_atom_decomposition,ITP/ITP234^4.p,TH1,Theorem,parse_timeout,na,0,,,,,,,,,cached: parse exceeded 5000ms
no_atom_decomposition,ITP/ITP235^1.p,TH0,Theorem,parse_timeout,na,0,,,,,,,,,cached: parse exceeded 5000ms
no_atom_decomposition,ITP/ITP235^2.p,TH1,Theorem,parse_timeout,na,0,,,,,,,,,cached: parse exceeded 5000ms
no_atom_decomposition,ITP/ITP235^3.p,TH0,Theorem,parse_timeout,na,0,,,,,,,,,cached: parse exceeded 5000ms
no_atom_decomposition,ITP/ITP235^4.p,TH1,Theorem,parse_timeout,na,0,,,,,,,,,cached: parse exceeded 5000ms
no_atom_decomposition,ITP/ITP236^1.p,TH0,Theorem,parse_timeout,na,0,,,,,,,,,cached: parse exceeded 5000ms
no_atom_decomposition,ITP/ITP236^2.p,TH1,Theorem,parse_timeout,na,0,,,,,,,,,cached: parse exceeded 5000ms
no_atom_decomposition,ITP/ITP236^3.p,TH0,Theorem,parse_timeout,na,0,,,,,,,,,cached: parse exceeded 5000ms
no_atom_decomposition,ITP/ITP236^4.p,TH1,Theorem,parse_timeout,na,0,,,,,,,,,cached: parse exceeded 5000ms
no_atom_decomposition,ITP/ITP237^1.p,TH0,Theorem,parse_timeout,na,0,,,,,,,,,cached: parse exceeded 5000ms
no_atom_decomposition,ITP/ITP237^2.p,TH1,Theorem,parse_timeout,na,0,,,,,,,,,cached: parse exceeded 5000ms
no_atom_decomposition,ITP/ITP237^3.p,TH0,Theorem,parse_timeout,na,0,,,,,,,,,cached: parse exceeded 5000ms
no_atom_decomposition,ITP/ITP237^4.p,TH1,Theorem,parse_timeout,na,0,,,,,,,,,cached: parse exceeded 5000ms
no_atom_decomposition,ITP/ITP238^1.p,TH0,Theorem,parse_timeout,na,0,,,,,,,,,cached: parse exceeded 5000ms
no_atom_decomposition,ITP/ITP238^2.p,TH1,Theorem,parse_timeout,na,0,,,,,,,,,cached: parse exceeded 5000ms
no_atom_decomposition,ITP/ITP238^3.p,TH0,Theorem,parse_timeout,na,0,,,,,,,,,cached: parse exceeded 5000ms
no_atom_decomposition,ITP/ITP238^4.p,TH1,Theorem,parse_timeout,na,0,,,,,,,,,cached: parse exceeded 5000ms
no_atom_decomposition,ITP/ITP239^1.p,TH0,Theorem,parse_timeout,na,0,,,,,,,,,cached: parse exceeded 5000ms
no_atom_decomposition,ITP/ITP239^2.p,TH1,Theorem,parse_timeout,na,0,,,,,,,,,cached: parse exceeded 5000ms
no_atom_decomposition,ITP/ITP239^3.p,TH0,Theorem,parse_timeout,na,0,,,,,,,,,cached: parse exceeded 5000ms
no_atom_decomposition,ITP/ITP239^4.p,TH1,Theorem,parse_timeout,na,0,,,,,,,,,cached: parse exceeded 5000ms
no_atom_decomposition,ITP/ITP240^1.p,TH0,Theorem,parse_timeout,na,0,,,,,,,,,cached: parse exceeded 5000ms
no_atom_decomposition,ITP/ITP240^2.p,TH1,Theorem,parse_timeout,na,0,,,,,,,,,cached: parse exceeded 5000ms
no_atom_decomposition,ITP/ITP240^3.p,TH0,Theorem,parse_timeout,na,0,,,,,,,,,cached: parse exceeded 5000ms
no_atom_decomposition,ITP/ITP240^4.p,TH1,Theorem,parse_timeout,na,0,,,,,,,,,cached: parse exceeded 5000ms
no_atom_decomposition,ITP/ITP241^1.p,TH0,Theorem,parse_timeout,na,0,,,,,,,,,cached: parse exceeded 5000ms
no_atom_decomposition,ITP/ITP241^2.p,TH1,Theorem,parse_timeout,na,0,,,,,,,,,cached: parse exceeded 5000ms
no_atom_decomposition,ITP/ITP241^3.p,TH0,Theorem,parse_timeout,na,0,,,,,,,,,cached: parse exceeded 5000ms
no_atom_decomposition,ITP/ITP241^4.p,TH1,Theorem,parse_timeout,na,0,,,,,,,,,cached: parse exceeded 5000ms
no_atom_decomposition,ITP/ITP242^1.p,TH0,Theorem,parse_timeout,na,0,,,,,,,,,cached: parse exceeded 5000ms
no_atom_decomposition,ITP/ITP242^2.p,TH1,Theorem,parse_timeout,na,0,,,,,,,,,cached: parse exceeded 5000ms
no_atom_decomposition,ITP/ITP242^3.p,TH0,Theorem,parse_timeout,na,0,,,,,,,,,cached: parse exceeded 5000ms
no_atom_decomposition,ITP/ITP242^4.p,TH1,Theorem,parse_timeout,na,0,,,,,,,,,cached: parse exceeded 5000ms
no_atom_decomposition,ITP/ITP243^1.p,TH0,Theorem,parse_timeout,na,0,,,,,,,,,cached: parse exceeded 5000ms
no_atom_decomposition,ITP/ITP243^2.p,TH1,Theorem,parse_timeout,na,0,,,,,,,,,cached: parse exceeded 5000ms
no_atom_decomposition,ITP/ITP243^3.p,TH0,Theorem,parse_timeout,na,0,,,,,,,,,cached: parse exceeded 5000ms
no_atom_decomposition,ITP/ITP243^4.p,TH1,Theorem,parse_timeout,na,0,,,,,,,,,cached: parse exceeded 5000ms
no_atom_decomposition,ITP/ITP244^1.p,TH0,Theorem,parse_timeout,na,0,,,,,,,,,cached: parse exceeded 5000ms
no_atom_decomposition,ITP/ITP244^2.p,TH1,Theorem,parse_timeout,na,0,,,,,,,,,cached: parse exceeded 5000ms
no_atom_decomposition,ITP/ITP244^3.p,TH0,Theorem,parse_timeout,na,0,,,,,,,,,cached: parse exceeded 5000ms
no_atom_decomposition,ITP/ITP244^4.p,TH1,Theorem,parse_timeout,na,0,,,,,,,,,cached: parse exceeded 5000ms
no_atom_decomposition,ITP/ITP245^1.p,TH0,Theorem,parse_timeout,na,0,,,,,,,,,cached: parse exceeded 5000ms
no_atom_decomposition,ITP/ITP245^2.p,TH1,Theorem,parse_timeout,na,0,,,,,,,,,cached: parse exceeded 5000ms
no_atom_decomposition,ITP/ITP245^3.p,TH0,Theorem,parse_timeout,na,0,,,,,,,,,cached: parse exceeded 5000ms
no_atom_decomposition,ITP/ITP245^4.p,TH1,Theorem,parse_timeout,na,0,,,,,,,,,cached: parse exceeded 5000ms
no_atom_decomposition,ITP/ITP246^1.p,TH0,Theorem,parse_timeout,na,0,,,,,,,,,cached: parse exceeded 5000ms
no_atom_decomposition,ITP/ITP246^2.p,TH1,Theorem,parse_timeout,na,0,,,,,,,,,cached: parse exceeded 5000ms
no_atom_decomposition,ITP/ITP246^3.p,TH0,Theorem,parse_timeout,na,0,,,,,,,,,cached: parse exceeded 5000ms
no_atom_decomposition,ITP/ITP246^4.p,TH1,Theorem,parse_timeout,na,0,,,,,,,,,cached: parse exceeded 5000ms
no_atom_decomposition,ITP/ITP247^1.p,TH0,Theorem,parse_timeout,na,0,,,,,,,,,cached: parse exceeded 5000ms
no_atom_decomposition,ITP/ITP247^2.p,TH1,Theorem,parse_timeout,na,0,,,,,,,,,cached: parse exceeded 5000ms
no_atom_decomposition,ITP/ITP247^3.p,TH0,Theorem,parse_timeout,na,0,,,,,,,,,cached: parse exceeded 5000ms
no_atom_decomposition,ITP/ITP247^4.p,TH1,Theorem,parse_timeout,na,0,,,,,,,,,cached: parse exceeded 5000ms
no_atom_decomposition,ITP/ITP248^1.p,TH0,Theorem,parse_timeout,na,0,,,,,,,,,cached: parse exceeded 5000ms
no_atom_decomposition,ITP/ITP248^2.p,TH1,Theorem,parse_timeout,na,0,,,,,,,,,cached: parse exceeded 5000ms
no_atom_decomposition,ITP/ITP248^3.p,TH0,Theorem,parse_timeout,na,0,,,,,,,,,cached: parse exceeded 5000ms
no_atom_decomposition,ITP/ITP248^4.p,TH1,Theorem,parse_timeout,na,0,,,,,,,,,cached: parse exceeded 5000ms
no_atom_decomposition,ITP/ITP249^1.p,TH0,Theorem,parse_timeout,na,0,,,,,,,,,cached: parse exceeded 5000ms
no_atom_decomposition,ITP/ITP249^2.p,TH1,Theorem,parse_timeout,na,0,,,,,,,,,cached: parse exceeded 5000ms
no_atom_decomposition,ITP/ITP249^3.p,TH0,Theorem,parse_timeout,na,0,,,,,,,,,cached: parse exceeded 5000ms
no_atom_decomposition,ITP/ITP249^4.p,TH1,Theorem,parse_timeout,na,0,,,,,,,,,cached: parse exceeded 5000ms
no_atom_decomposition,ITP/ITP250^1.p,TH0,Theorem,parse_timeout,na,0,,,,,,,,,cached: parse exceeded 5000ms
no_atom_decomposition,ITP/ITP250^2.p,TH1,Theorem,parse_timeout,na,0,,,,,,,,,cached: parse exceeded 5000ms
no_atom_decomposition,ITP/ITP250^3.p,TH0,Theorem,parse_timeout,na,0,,,,,,,,,cached: parse exceeded 5000ms
no_atom_decomposition,ITP/ITP250^4.p,TH1,Theorem,parse_timeout,na,0,,,,,,,,,cached: parse exceeded 5000ms
no_atom_decomposition,ITP/ITP251^1.p,TH0,Theorem,parse_timeout,na,0,,,,,,,,,cached: parse exceeded 5000ms
no_atom_decomposition,ITP/ITP251^2.p,TH1,Theorem,parse_timeout,na,0,,,,,,,,,cached: parse exceeded 5000ms
no_atom_decomposition,ITP/ITP251^3.p,TH0,Theorem,parse_timeout,na,0,,,,,,,,,cached: parse exceeded 5000ms
no_atom_decomposition,ITP/ITP251^4.p,TH1,Theorem,parse_timeout,na,0,,,,,,,,,cached: parse exceeded 5000ms
no_atom_decomposition,ITP/ITP252^1.p,TH0,Theorem,parse_timeout,na,0,,,,,,,,,cached: parse exceeded 5000ms
no_atom_decomposition,ITP/ITP252^2.p,TH1,Theorem,parse_timeout,na,0,,,,,,,,,cached: parse exceeded 5000ms
no_atom_decomposition,ITP/ITP252^3.p,TH0,Theorem,parse_timeout,na,0,,,,,,,,,cached: parse exceeded 5000ms
no_atom_decomposition,ITP/ITP252^4.p,TH1,Theorem,parse_timeout,na,0,,,,,,,,,cached: parse exceeded 5000ms
no_atom_decomposition,ITP/ITP253^1.p,TH0,Theorem,parse_timeout,na,0,,,,,,,,,cached: parse exceeded 5000ms
no_atom_decomposition,ITP/ITP253^2.p,TH1,Theorem,parse_timeout,na,0,,,,,,,,,cached: parse exceeded 5000ms
no_atom_decomposition,ITP/ITP253^3.p,TH0,Theorem,parse_timeout,na,0,,,,,,,,,cached: parse exceeded 5000ms
no_atom_decomposition,ITP/ITP253^4.p,TH1,Theorem,parse_timeout,na,0,,,,,,,,,cached: parse exceeded 5000ms
no_atom_decomposition,ITP/ITP254^1.p,TH0,Theorem,parse_timeout,na,0,,,,,,,,,cached: parse exceeded 5000ms
no_atom_decomposition,ITP/ITP254^2.p,TH1,Theorem,parse_timeout,na,0,,,,,,,,,cached: parse exceeded 5000ms
no_atom_decomposition,ITP/ITP254^3.p,TH0,Theorem,parse_timeout,na,0,,,,,,,,,cached: parse exceeded 5000ms
no_atom_decomposition,ITP/ITP254^4.p,TH1,Theorem,parse_timeout,na,0,,,,,,,,,cached: parse exceeded 5000ms
no_atom_decomposition,ITP/ITP255^1.p,TH0,Theorem,parse_timeout,na,0,,,,,,,,,cached: parse exceeded 5000ms
no_atom_decomposition,ITP/ITP255^2.p,TH1,Theorem,parse_timeout,na,0,,,,,,,,,cached: parse exceeded 5000ms
no_atom_decomposition,ITP/ITP255^3.p,TH0,Theorem,parse_timeout,na,0,,,,,,,,,cached: parse exceeded 5000ms
no_atom_decomposition,ITP/ITP255^4.p,TH1,Theorem,parse_timeout,na,0,,,,,,,,,cached: parse exceeded 5000ms
no_atom_decomposition,ITP/ITP256^1.p,TH0,Theorem,parse_timeout,na,0,,,,,,,,,cached: parse exceeded 5000ms
no_atom_decomposition,ITP/ITP256^2.p,TH1,Theorem,parse_timeout,na,0,,,,,,,,,cached: parse exceeded 5000ms
no_atom_decomposition,ITP/ITP256^3.p,TH0,Theorem,parse_timeout,na,0,,,,,,,,,cached: parse exceeded 5000ms
no_atom_decomposition,ITP/ITP256^4.p,TH1,Theorem,parse_timeout,na,0,,,,,,,,,cached: parse exceeded 5000ms
no_atom_decomposition,ITP/ITP257^1.p,TH0,Theorem,parse_timeout,na,0,,,,,,,,,cached: parse exceeded 5000ms
no_atom_decomposition,ITP/ITP257^2.p,TH1,Theorem,parse_timeout,na,0,,,,,,,,,cached: parse exceeded 5000ms
no_atom_decomposition,ITP/ITP257^3.p,TH0,Theorem,parse_timeout,na,0,,,,,,,,,cached: parse exceeded 5000ms
no_atom_decomposition,ITP/ITP257^4.p,TH1,Theorem,parse_timeout,na,0,,,,,,,,,cached: parse exceeded 5000ms
no_atom_decomposition,ITP/ITP258^1.p,TH0,Theorem,parse_timeout,na,0,,,,,,,,,cached: parse exceeded 5000ms
no_atom_decomposition,ITP/ITP258^2.p,TH1,Theorem,parse_timeout,na,0,,,,,,,,,cached: parse exceeded 5000ms
no_atom_decomposition,ITP/ITP258^3.p,TH0,Theorem,parse_timeout,na,0,,,,,,,,,cached: parse exceeded 5000ms
no_atom_decomposition,ITP/ITP258^4.p,TH1,Theorem,parse_timeout,na,0,,,,,,,,,cached: parse exceeded 5000ms
no_atom_decomposition,ITP/ITP259^1.p,TH0,Theorem,parse_timeout,na,0,,,,,,,,,cached: parse exceeded 5000ms
no_atom_decomposition,ITP/ITP259^2.p,TH1,Theorem,parse_timeout,na,0,,,,,,,,,cached: parse exceeded 5000ms
no_atom_decomposition,ITP/ITP259^3.p,TH0,Theorem,parse_timeout,na,0,,,,,,,,,cached: parse exceeded 5000ms
no_atom_decomposition,ITP/ITP259^4.p,TH1,Theorem,parse_timeout,na,0,,,,,,,,,cached: parse exceeded 5000ms
no_atom_decomposition,ITP/ITP260^1.p,TH0,Theorem,parse_timeout,na,0,,,,,,,,,cached: parse exceeded 5000ms
no_atom_decomposition,ITP/ITP260^2.p,TH1,Theorem,parse_timeout,na,0,,,,,,,,,cached: parse exceeded 5000ms
no_atom_decomposition,ITP/ITP260^3.p,TH0,Theorem,parse_timeout,na,0,,,,,,,,,cached: parse exceeded 5000ms
no_atom_decomposition,ITP/ITP260^4.p,TH1,Theorem,parse_timeout,na,0,,,,,,,,,cached: parse exceeded 5000ms
no_atom_decomposition,ITP/ITP261^1.p,TH0,Theorem,parse_timeout,na,0,,,,,,,,,cached: parse exceeded 5000ms
no_atom_decomposition,ITP/ITP261^2.p,TH1,Theorem,parse_timeout,na,0,,,,,,,,,cached: parse exceeded 5000ms
no_atom_decomposition,ITP/ITP261^3.p,TH0,Theorem,parse_timeout,na,0,,,,,,,,,cached: parse exceeded 5000ms
no_atom_decomposition,ITP/ITP261^4.p,TH1,Theorem,parse_timeout,na,0,,,,,,,,,cached: parse exceeded 5000ms
no_atom_decomposition,ITP/ITP262^1.p,TH0,Theorem,parse_timeout,na,0,,,,,,,,,cached: parse exceeded 5000ms
no_atom_decomposition,ITP/ITP262^2.p,TH1,Theorem,parse_timeout,na,0,,,,,,,,,cached: parse exceeded 5000ms
no_atom_decomposition,ITP/ITP262^3.p,TH0,Theorem,parse_timeout,na,0,,,,,,,,,cached: parse exceeded 5000ms
no_atom_decomposition,ITP/ITP262^4.p,TH1,Theorem,parse_timeout,na,0,,,,,,,,,cached: parse exceeded 5000ms
no_atom_decomposition,ITP/ITP263^1.p,TH0,Theorem,parse_timeout,na,0,,,,,,,,,cached: parse exceeded 5000ms
no_atom_decomposition,ITP/ITP263^2.p,TH1,Theorem,parse_timeout,na,0,,,,,,,,,cached: parse exceeded 5000ms
no_atom_decomposition,ITP/ITP263^3.p,TH0,Theorem,parse_timeout,na,0,,,,,,,,,cached: parse exceeded 5000ms
no_atom_decomposition,ITP/ITP263^4.p,TH1,Theorem,parse_timeout,na,0,,,,,,,,,cached: parse exceeded 5000ms
no_atom_decomposition,ITP/ITP264^1.p,TH0,Theorem,parse_timeout,na,0,,,,,,,,,cached: parse exceeded 5000ms
no_atom_decomposition,ITP/ITP264^2.p,TH1,Theorem,parse_timeout,na,0,,,,,,,,,cached: parse exceeded 5000ms
no_atom_decomposition,ITP/ITP264^3.p,TH0,Theorem,parse_timeout,na,0,,,,,,,,,cached: parse exceeded 5000ms
no_atom_decomposition,ITP/ITP264^4.p,TH1,Theorem,parse_timeout,na,0,,,,,,,,,cached: parse exceeded 5000ms
no_atom_decomposition,ITP/ITP265^1.p,TH0,Theorem,parse_timeout,na,0,,,,,,,,,cached: parse exceeded 5000ms
no_atom_decomposition,ITP/ITP265^2.p,TH1,Theorem,parse_timeout,na,0,,,,,,,,,cached: parse exceeded 5000ms
no_atom_decomposition,ITP/ITP265^3.p,TH0,Theorem,parse_timeout,na,0,,,,,,,,,cached: parse exceeded 5000ms
no_atom_decomposition,ITP/ITP265^4.p,TH1,Theorem,parse_timeout,na,0,,,,,,,,,cached: parse exceeded 5000ms
no_atom_decomposition,ITP/ITP266^1.p,TH0,Theorem,parse_timeout,na,0,,,,,,,,,cached: parse exceeded 5000ms
no_atom_decomposition,ITP/ITP266^2.p,TH1,Theorem,parse_timeout,na,0,,,,,,,,,cached: parse exceeded 5000ms
no_atom_decomposition,ITP/ITP266^3.p,TH0,Theorem,parse_timeout,na,0,,,,,,,,,cached: parse exceeded 5000ms
no_atom_decomposition,ITP/ITP266^4.p,TH1,Theorem,parse_timeout,na,0,,,,,,,,,cached: parse exceeded 5000ms
no_atom_decomposition,ITP/ITP267^1.p,TH0,Theorem,parse_timeout,na,0,,,,,,,,,cached: parse exceeded 5000ms
no_atom_decomposition,ITP/ITP267^2.p,TH1,Theorem,parse_timeout,na,0,,,,,,,,,cached: parse exceeded 5000ms
no_atom_decomposition,ITP/ITP267^3.p,TH0,Theorem,parse_timeout,na,0,,,,,,,,,cached: parse exceeded 5000ms
no_atom_decomposition,ITP/ITP267^4.p,TH1,Theorem,parse_timeout,na,0,,,,,,,,,cached: parse exceeded 5000ms
no_atom_decomposition,ITP/ITP268^1.p,TH0,Theorem,parse_timeout,na,0,,,,,,,,,cached: parse exceeded 5000ms
no_atom_decomposition,ITP/ITP268^2.p,TH1,Theorem,parse_timeout,na,0,,,,,,,,,cached: parse exceeded 5000ms
no_atom_decomposition,ITP/ITP268^3.p,TH0,Theorem,parse_timeout,na,0,,,,,,,,,cached: parse exceeded 5000ms
no_atom_decomposition,ITP/ITP268^4.p,TH1,Theorem,parse_timeout,na,0,,,,,,,,,cached: parse exceeded 5000ms
no_atom_decomposition,ITP/ITP269^1.p,TH0,Theorem,parse_timeout,na,0,,,,,,,,,cached: parse exceeded 5000ms
no_atom_decomposition,ITP/ITP269^2.p,TH1,Theorem,parse_timeout,na,0,,,,,,,,,cached: parse exceeded 5000ms
no_atom_decomposition,ITP/ITP269^3.p,TH0,Theorem,parse_timeout,na,0,,,,,,,,,cached: parse exceeded 5000ms
no_atom_decomposition,ITP/ITP269^4.p,TH1,Theorem,parse_timeout,na,0,,,,,,,,,cached: parse exceeded 5000ms
no_atom_decomposition,ITP/ITP270^1.p,TH0,Theorem,parse_timeout,na,0,,,,,,,,,cached: parse exceeded 5000ms
no_atom_decomposition,ITP/ITP270^2.p,TH1,Theorem,parse_timeout,na,0,,,,,,,,,cached: parse exceeded 5000ms
no_atom_decomposition,ITP/ITP270^3.p,TH0,Theorem,parse_timeout,na,0,,,,,,,,,cached: parse exceeded 5000ms
no_atom_decomposition,ITP/ITP270^4.p,TH1,Theorem,parse_timeout,na,0,,,,,,,,,cached: parse exceeded 5000ms
no_atom_decomposition,ITP/ITP271^1.p,TH0,Theorem,parse_timeout,na,0,,,,,,,,,cached: parse exceeded 5000ms
no_atom_decomposition,ITP/ITP271^2.p,TH1,Theorem,parse_timeout,na,0,,,,,,,,,cached: parse exceeded 5000ms
no_atom_decomposition,ITP/ITP271^3.p,TH0,Theorem,parse_timeout,na,0,,,,,,,,,cached: parse exceeded 5000ms
no_atom_decomposition,ITP/ITP271^4.p,TH1,Theorem,parse_timeout,na,0,,,,,,,,,cached: parse exceeded 5000ms
no_atom_decomposition,ITP/ITP272^1.p,TH0,Theorem,parse_timeout,na,0,,,,,,,,,cached: parse exceeded 5000ms
no_atom_decomposition,ITP/ITP272^2.p,TH1,Theorem,parse_timeout,na,0,,,,,,,,,cached: parse exceeded 5000ms
no_atom_decomposition,ITP/ITP272^3.p,TH0,Theorem,parse_timeout,na,0,,,,,,,,,cached: parse exceeded 5000ms
no_atom_decomposition,ITP/ITP272^4.p,TH1,Theorem,parse_timeout,na,0,,,,,,,,,cached: parse exceeded 5000ms
no_atom_decomposition,ITP/ITP273^1.p,TH0,Theorem,parse_timeout,na,0,,,,,,,,,cached: parse exceeded 5000ms
no_atom_decomposition,ITP/ITP273^2.p,TH1,Theorem,parse_timeout,na,0,,,,,,,,,cached: parse exceeded 5000ms
no_atom_decomposition,ITP/ITP273^3.p,TH0,Theorem,parse_timeout,na,0,,,,,,,,,cached: parse exceeded 5000ms
no_atom_decomposition,ITP/ITP273^4.p,TH1,Theorem,parse_timeout,na,0,,,,,,,,,cached: parse exceeded 5000ms
no_atom_decomposition,ITP/ITP274^1.p,TH0,Theorem,parse_timeout,na,0,,,,,,,,,cached: parse exceeded 5000ms
no_atom_decomposition,ITP/ITP274^2.p,TH1,Theorem,parse_timeout,na,0,,,,,,,,,cached: parse exceeded 5000ms
no_atom_decomposition,ITP/ITP274^3.p,TH0,Theorem,parse_timeout,na,0,,,,,,,,,cached: parse exceeded 5000ms
no_atom_decomposition,ITP/ITP274^4.p,TH1,Theorem,parse_timeout,na,0,,,,,,,,,cached: parse exceeded 5000ms
no_atom_decomposition,ITP/ITP275^1.p,TH0,Theorem,parse_timeout,na,0,,,,,,,,,cached: parse exceeded 5000ms
no_atom_decomposition,ITP/ITP275^2.p,TH1,Theorem,parser_error,na,0,,,,,,,,,cached: Failed to parse formula 'fact_1029_of__bool__odd__eq__mod__2': [byte:364945] Type Error: Cannot unify strict function types of different arities.
no_atom_decomposition,ITP/ITP275^3.p,TH0,Theorem,parse_timeout,na,0,,,,,,,,,cached: parse exceeded 5000ms
no_atom_decomposition,ITP/ITP275^4.p,TH1,Theorem,parser_error,na,0,,,,,,,,,cached: Failed to parse formula 'fact_1029_of__bool__odd__eq__mod__2': [byte:364945] Type Error: Cannot unify strict function types of different arities.
no_atom_decomposition,ITP/ITP276^1.p,TH0,ContradictoryAxioms,parse_timeout,na,0,,,,,,,,,cached: parse exceeded 5000ms
no_atom_decomposition,ITP/ITP276^2.p,TH1,ContradictoryAxioms,parse_timeout,na,0,,,,,,,,,cached: parse exceeded 5000ms
no_atom_decomposition,ITP/ITP276^3.p,TH0,ContradictoryAxioms,parse_timeout,na,0,,,,,,,,,cached: parse exceeded 5000ms
no_atom_decomposition,ITP/ITP276^4.p,TH1,ContradictoryAxioms,parse_timeout,na,0,,,,,,,,,cached: parse exceeded 5000ms
no_atom_decomposition,ITP/ITP277^1.p,TH0,Theorem,parse_timeout,na,0,,,,,,,,,cached: parse exceeded 5000ms
no_atom_decomposition,ITP/ITP277^2.p,TH1,Theorem,parse_timeout,na,0,,,,,,,,,cached: parse exceeded 5000ms
no_atom_decomposition,ITP/ITP277^3.p,TH0,Theorem,parse_timeout,na,0,,,,,,,,,cached: parse exceeded 5000ms
no_atom_decomposition,ITP/ITP277^4.p,TH1,Theorem,parse_timeout,na,0,,,,,,,,,cached: parse exceeded 5000ms
no_atom_decomposition,ITP/ITP278^1.p,TH0,Theorem,parse_timeout,na,0,,,,,,,,,cached: parse exceeded 5000ms
no_atom_decomposition,ITP/ITP278^2.p,TH1,Theorem,parse_timeout,na,0,,,,,,,,,cached: parse exceeded 5000ms
no_atom_decomposition,ITP/ITP278^3.p,TH0,Theorem,parse_timeout,na,0,,,,,,,,,cached: parse exceeded 5000ms
no_atom_decomposition,ITP/ITP278^4.p,TH1,Theorem,parse_timeout,na,0,,,,,,,,,cached: parse exceeded 5000ms
no_atom_decomposition,ITP/ITP279^1.p,TH0,Theorem,parse_timeout,na,0,,,,,,,,,cached: parse exceeded 5000ms
no_atom_decomposition,ITP/ITP279^2.p,TH1,Theorem,parse_timeout,na,0,,,,,,,,,cached: parse exceeded 5000ms
no_atom_decomposition,ITP/ITP279^3.p,TH0,Theorem,parse_timeout,na,0,,,,,,,,,cached: parse exceeded 5000ms
no_atom_decomposition,ITP/ITP279^4.p,TH1,Theorem,parse_timeout,na,0,,,,,,,,,cached: parse exceeded 5000ms
no_atom_decomposition,ITP/ITP280^1.p,TH0,Theorem,parse_timeout,na,0,,,,,,,,,cached: parse exceeded 5000ms
no_atom_decomposition,ITP/ITP280^2.p,TH1,Theorem,parser_error,na,0,,,,,,,,,cached: Failed to parse formula 'fact_1609_of__bool__not__iff': [byte:557970] Type Error: Cannot unify strict function types of different arities.
no_atom_decomposition,ITP/ITP280^3.p,TH0,Theorem,parse_timeout,na,0,,,,,,,,,cached: parse exceeded 5000ms
no_atom_decomposition,ITP/ITP280^4.p,TH1,Theorem,parser_error,na,0,,,,,,,,,cached: Failed to parse formula 'fact_1609_of__bool__not__iff': [byte:557970] Type Error: Cannot unify strict function types of different arities.
no_atom_decomposition,ITP/ITP281^1.p,TH0,Theorem,parse_timeout,na,0,,,,,,,,,cached: parse exceeded 5000ms
no_atom_decomposition,ITP/ITP281^2.p,TH1,Theorem,parse_timeout,na,0,,,,,,,,,cached: parse exceeded 5000ms
no_atom_decomposition,ITP/ITP281^3.p,TH0,Theorem,parse_timeout,na,0,,,,,,,,,cached: parse exceeded 5000ms
no_atom_decomposition,ITP/ITP281^4.p,TH1,Theorem,parse_timeout,na,0,,,,,,,,,cached: parse exceeded 5000ms
no_atom_decomposition,ITP/ITP282^1.p,TH0,Theorem,parse_timeout,na,0,,,,,,,,,cached: parse exceeded 5000ms
no_atom_decomposition,ITP/ITP282^2.p,TH1,Theorem,parser_error,na,0,,,,,,,,,cached: Failed to parse formula 'fact_923_of__bool__odd__eq__mod__2': [byte:350737] Type Error: Cannot unify strict function types of different arities.
no_atom_decomposition,ITP/ITP282^3.p,TH0,Theorem,parse_timeout,na,0,,,,,,,,,cached: parse exceeded 5000ms
no_atom_decomposition,ITP/ITP282^4.p,TH1,Theorem,parser_error,na,0,,,,,,,,,cached: Failed to parse formula 'fact_923_of__bool__odd__eq__mod__2': [byte:350737] Type Error: Cannot unify strict function types of different arities.
no_atom_decomposition,ITP/ITP283^1.p,TH0,Theorem,parse_timeout,na,0,,,,,,,,,cached: parse exceeded 5000ms
no_atom_decomposition,ITP/ITP283^2.p,TH1,Theorem,parse_timeout,na,0,,,,,,,,,cached: parse exceeded 5000ms
no_atom_decomposition,ITP/ITP283^3.p,TH0,Theorem,parse_timeout,na,0,,,,,,,,,cached: parse exceeded 5000ms
no_atom_decomposition,ITP/ITP283^4.p,TH1,Theorem,parse_timeout,na,0,,,,,,,,,cached: parse exceeded 5000ms
no_atom_decomposition,ITP/ITP284^1.p,TH0,Theorem,parse_timeout,na,0,,,,,,,,,cached: parse exceeded 5000ms
no_atom_decomposition,ITP/ITP284^2.p,TH1,Theorem,parser_error,na,0,,,,,,,,,cached: Failed to parse formula 'fact_1267_of__bool__odd__eq__mod__2': [byte:465803] Type Error: Cannot unify strict function types of different arities.
no_atom_decomposition,ITP/ITP284^3.p,TH0,Theorem,parse_timeout,na,0,,,,,,,,,cached: parse exceeded 5000ms
no_atom_decomposition,ITP/ITP284^4.p,TH1,Theorem,parser_error,na,0,,,,,,,,,cached: Failed to parse formula 'fact_1267_of__bool__odd__eq__mod__2': [byte:465803] Type Error: Cannot unify strict function types of different arities.
no_atom_decomposition,ITP/ITP285^1.p,TH0,ContradictoryAxioms,parse_timeout,na,0,,,,,,,,,cached: parse exceeded 5000ms
no_atom_decomposition,ITP/ITP285^2.p,TH1,Theorem,parse_timeout,na,0,,,,,,,,,cached: parse exceeded 5000ms
no_atom_decomposition,ITP/ITP285^3.p,TH0,ContradictoryAxioms,parse_timeout,na,0,,,,,,,,,cached: parse exceeded 5000ms
no_atom_decomposition,ITP/ITP285^4.p,TH1,Theorem,parse_timeout,na,0,,,,,,,,,cached: parse exceeded 5000ms
no_atom_decomposition,ITP/ITP286^1.p,TH0,Theorem,parse_timeout,na,0,,,,,,,,,cached: parse exceeded 5000ms
no_atom_decomposition,ITP/ITP286^2.p,TH1,Theorem,parse_timeout,na,0,,,,,,,,,cached: parse exceeded 5000ms
no_atom_decomposition,ITP/ITP286^3.p,TH0,Theorem,parse_timeout,na,0,,,,,,,,,cached: parse exceeded 5000ms
no_atom_decomposition,ITP/ITP286^4.p,TH1,Theorem,parse_timeout,na,0,,,,,,,,,cached: parse exceeded 5000ms
no_atom_decomposition,ITP/ITP287^1.p,TH0,Theorem,parse_timeout,na,0,,,,,,,,,cached: parse exceeded 5000ms
no_atom_decomposition,ITP/ITP287^2.p,TH1,Theorem,parse_timeout,na,0,,,,,,,,,cached: parse exceeded 5000ms
no_atom_decomposition,ITP/ITP287^3.p,TH0,Theorem,parse_timeout,na,0,,,,,,,,,cached: parse exceeded 5000ms
no_atom_decomposition,ITP/ITP287^4.p,TH1,Theorem,parse_timeout,na,0,,,,,,,,,cached: parse exceeded 5000ms
no_atom_decomposition,ITP/ITP288^1.p,TH0,Theorem,parse_timeout,na,0,,,,,,,,,cached: parse exceeded 5000ms
no_atom_decomposition,ITP/ITP288^2.p,TH1,Theorem,parse_timeout,na,0,,,,,,,,,cached: parse exceeded 5000ms
no_atom_decomposition,ITP/ITP288^3.p,TH0,Theorem,parse_timeout,na,0,,,,,,,,,cached: parse exceeded 5000ms
no_atom_decomposition,ITP/ITP288^4.p,TH1,Theorem,parse_timeout,na,0,,,,,,,,,cached: parse exceeded 5000ms
no_atom_decomposition,ITP/ITP289^1.p,TH0,Theorem,parse_timeout,na,0,,,,,,,,,cached: parse exceeded 5000ms
no_atom_decomposition,ITP/ITP289^2.p,TH1,Theorem,parse_timeout,na,0,,,,,,,,,cached: parse exceeded 5000ms
no_atom_decomposition,ITP/ITP289^3.p,TH0,Theorem,parse_timeout,na,0,,,,,,,,,cached: parse exceeded 5000ms
no_atom_decomposition,ITP/ITP289^4.p,TH1,Theorem,parse_timeout,na,0,,,,,,,,,cached: parse exceeded 5000ms
no_atom_decomposition,ITP/ITP290^1.p,TH0,Theorem,parse_timeout,na,0,,,,,,,,,cached: parse exceeded 5000ms
no_atom_decomposition,ITP/ITP290^2.p,TH1,Theorem,parse_timeout,na,0,,,,,,,,,cached: parse exceeded 5000ms
no_atom_decomposition,ITP/ITP290^3.p,TH0,Theorem,parse_timeout,na,0,,,,,,,,,cached: parse exceeded 5000ms
no_atom_decomposition,ITP/ITP290^4.p,TH1,Theorem,parse_timeout,na,0,,,,,,,,,cached: parse exceeded 5000ms
no_atom_decomposition,ITP/ITP291^1.p,TH0,Theorem,parse_timeout,na,0,,,,,,,,,cached: parse exceeded 5000ms
no_atom_decomposition,ITP/ITP291^2.p,TH1,Theorem,parse_timeout,na,0,,,,,,,,,cached: parse exceeded 5000ms
no_atom_decomposition,ITP/ITP291^3.p,TH0,Theorem,parse_timeout,na,0,,,,,,,,,cached: parse exceeded 5000ms
no_atom_decomposition,ITP/ITP291^4.p,TH1,Theorem,parse_timeout,na,0,,,,,,,,,cached: parse exceeded 5000ms
no_atom_decomposition,ITP/ITP292^1.p,TH0,Theorem,parse_timeout,na,0,,,,,,,,,cached: parse exceeded 5000ms
no_atom_decomposition,ITP/ITP292^2.p,TH1,Theorem,parse_timeout,na,0,,,,,,,,,cached: parse exceeded 5000ms
no_atom_decomposition,ITP/ITP292^3.p,TH0,Theorem,parse_timeout,na,0,,,,,,,,,cached: parse exceeded 5000ms
no_atom_decomposition,ITP/ITP292^4.p,TH1,Theorem,parse_timeout,na,0,,,,,,,,,cached: parse exceeded 5000ms
no_atom_decomposition,ITP/ITP293^1.p,TH0,Theorem,parse_timeout,na,0,,,,,,,,,cached: parse exceeded 5000ms
no_atom_decomposition,ITP/ITP293^2.p,TH1,Theorem,parse_timeout,na,0,,,,,,,,,cached: parse exceeded 5000ms
no_atom_decomposition,ITP/ITP293^3.p,TH0,Theorem,parse_timeout,na,0,,,,,,,,,cached: parse exceeded 5000ms
no_atom_decomposition,ITP/ITP293^4.p,TH1,Theorem,parse_timeout,na,0,,,,,,,,,cached: parse exceeded 5000ms
no_atom_decomposition,ITP/ITP294^1.p,TH0,Theorem,parser_error,na,0,,,,,,,,,cached: Failed to parse formula 'fact_2079_Suc__0__xor__eq': [byte:706302] Type Error: Cannot unify strict function types of different arities.
no_atom_decomposition,ITP/ITP294^2.p,TH1,Theorem,parse_timeout,na,0,,,,,,,,,cached: parse exceeded 5000ms
no_atom_decomposition,ITP/ITP294^3.p,TH0,Theorem,parser_error,na,0,,,,,,,,,cached: Failed to parse formula 'fact_2079_Suc__0__xor__eq': [byte:706302] Type Error: Cannot unify strict function types of different arities.
no_atom_decomposition,ITP/ITP294^4.p,TH1,Theorem,parse_timeout,na,0,,,,,,,,,cached: parse exceeded 5000ms
no_atom_decomposition,ITP/ITP415^1.p,unknown,Theorem,parser_error,na,0,,,,,,,,,cached: Syntax Error: expected ' ' or ']' in !> binder  got [{:colon  ":"  1957}  {:atom  "nat"  1959}  {:rbracket  "]"  1962}  {:colon  ":"  1964}  {:lparen  "("  1966}  {:atom  "fin"  1968}  {:app  "@"  197
no_atom_decomposition,ITP/ITP416^1.p,unknown,Theorem,parser_error,na,0,,,,,,,,,cached: Syntax Error: expected ' ' or ']' in !> binder  got [{:colon  ":"  1958}  {:atom  "nat"  1960}  {:rbracket  "]"  1963}  {:colon  ":"  1965}  {:lparen  "("  1967}  {:atom  "fin"  1969}  {:app  "@"  197
no_atom_decomposition,ITP/ITP417^1.p,unknown,Theorem,parser_error,na,0,,,,,,,,,cached: Syntax Error: expected ' ' or ']' in !> binder  got [{:colon  ":"  1964}  {:atom  "nat"  1966}  {:rbracket  "]"  1969}  {:colon  ":"  1971}  {:lparen  "("  1973}  {:atom  "fin"  1975}  {:app  "@"  197
no_atom_decomposition,KRS/KRS272^7.p,TH0,Theorem,timeout,na,2128,1046,59,1046,137,0,0,0,0,
no_atom_decomposition,KRS/KRS273^7.p,TH0,CounterSatisfiable,timeout,na,2162,1896,43,1896,217,67,0,0,0,
no_atom_decomposition,KRS/KRS274^7.p,TH0,CounterSatisfiable,timeout,na,2196,2240,27,2241,214,32,0,0,0,
no_atom_decomposition,KRS/KRS275^7.p,TH0,Theorem,timeout,na,2187,3203,65,3203,167,12,0,0,0,
no_atom_decomposition,KRS/KRS276^7.p,TH0,Theorem,timeout,na,2272,4411,69,4411,157,382,0,0,0,
no_atom_decomposition,KRS/KRS277^7.p,TH0,CounterSatisfiable,timeout,na,2293,4342,59,4342,222,26,0,0,0,
no_atom_decomposition,LCL/LCL181^4.p,TH0,CounterSatisfiable,timeout,na,2127,3486,97,3486,213,83,0,0,0,
no_atom_decomposition,LCL/LCL230^4.p,TH0,CounterSatisfiable,timeout,na,2110,3303,110,3303,175,77,0,0,0,
no_atom_decomposition,LCL/LCL414^7.p,TH0,Theorem,timeout,na,2135,2004,110,2004,155,0,0,0,0,
no_atom_decomposition,LCL/LCL449^7.p,TH0,Theorem,timeout,na,2335,53,5,53,1,0,0,0,0,
no_atom_decomposition,LCL/LCL450^7.p,TH0,Theorem,timeout,na,2342,46,4,46,1,0,0,0,0,
no_atom_decomposition,LCL/LCL452^7.p,TH0,Theorem,timeout,na,2314,55,5,55,1,0,0,0,0,
no_atom_decomposition,LCL/LCL454^7.p,TH0,Theorem,timeout,na,2312,41,4,41,1,0,0,0,0,
no_atom_decomposition,LCL/LCL456^7.p,TH0,Theorem,timeout,na,2311,42,4,42,1,0,0,0,0,
no_atom_decomposition,LCL/LCL460^7.p,TH0,Theorem,timeout,na,2311,46,4,46,1,0,0,0,0,
no_atom_decomposition,LCL/LCL462^7.p,TH0,Theorem,timeout,na,2307,47,4,47,1,0,0,0,0,
no_atom_decomposition,LCL/LCL464^7.p,TH0,Theorem,timeout,na,2308,48,4,48,1,0,0,0,0,
no_atom_decomposition,LCL/LCL466^7.p,TH0,Theorem,timeout,na,2306,70,7,70,1,0,0,0,0,
no_atom_decomposition,LCL/LCL467^7.p,TH0,Theorem,timeout,na,2305,58,5,58,1,0,0,0,0,
no_atom_decomposition,LCL/LCL579^1.p,TH0,Theorem,thm,yes,22,12,0,12,2,0,0,1,1,
no_atom_decomposition,LCL/LCL579^2.p,TH0,Theorem,thm,yes,18,18,0,18,3,0,0,1,1,
no_atom_decomposition,LCL/LCL580^1.p,TH0,Theorem,thm,yes,23,4,0,4,1,1,0,0,0,
no_atom_decomposition,LCL/LCL581^1.p,TH0,Theorem,thm,yes,24,3,0,3,1,1,0,0,0,
no_atom_decomposition,LCL/LCL582^1.p,TH0,CounterSatisfiable,timeout,na,2086,3589,336,3589,512,5,0,0,0,
no_atom_decomposition,LCL/LCL583^1.p,TH0,Theorem,thm,yes,25,4,0,4,1,1,0,0,0,
no_atom_decomposition,LCL/LCL584^1.p,TH0,Theorem,timeout,na,2030,725,11,725,61,70,0,2,0,
no_atom_decomposition,LCL/LCL585^1.p,TH0,Theorem,thm,yes,59,82,1,82,8,4,0,1,1,
no_atom_decomposition,LCL/LCL586^1.p,TH0,Theorem,thm,yes,54,45,0,45,5,0,0,1,1,
no_atom_decomposition,LCL/LCL587^1.p,TH0,Theorem,thm,yes,50,48,0,48,5,0,0,1,1,
no_atom_decomposition,LCL/LCL588^1.p,TH0,Theorem,thm,yes,70,39,1,39,4,1,0,1,1,
no_atom_decomposition,LCL/LCL589^1.p,TH0,Theorem,thm,yes,48,19,1,19,3,0,0,1,1,
no_atom_decomposition,LCL/LCL590^1.p,TH0,Theorem,thm,yes,46,19,1,19,3,0,0,1,1,
no_atom_decomposition,LCL/LCL591^1.p,TH0,Theorem,thm,yes,30,13,1,13,1,0,0,1,1,
no_atom_decomposition,LCL/LCL592^1.p,TH0,Theorem,thm,yes,67,40,1,40,7,1,0,1,1,
no_atom_decomposition,LCL/LCL593^1.p,TH0,CounterSatisfiable,timeout,na,2090,3586,340,3586,512,2,0,0,0,
no_atom_decomposition,LCL/LCL594^1.p,TH0,Theorem,thm,yes,112,15,0,15,3,1,0,1,1,
no_atom_decomposition,LCL/LCL595^1.p,TH0,Theorem,timeout,na,2068,414,25,414,25,9,0,1,0,
no_atom_decomposition,LCL/LCL596^1.p,TH0,CounterSatisfiable,timeout,na,2031,95,1,95,9,8,0,8,0,
no_atom_decomposition,LCL/LCL597^1.p,TH0,Theorem,thm,yes,51,8,0,8,1,0,0,1,1,
no_atom_decomposition,LCL/LCL598^1.p,TH0,CounterSatisfiable,timeout,na,2074,1116,84,1116,52,5,0,2,0,
no_atom_decomposition,LCL/LCL599^1.p,TH0,CounterSatisfiable,timeout,na,2110,1355,67,1355,162,21,0,1,0,
no_atom_decomposition,LCL/LCL600^1.p,TH0,Theorem,timeout,na,2161,1243,47,1243,227,13,0,1,0,
no_atom_decomposition,LCL/LCL601^1.p,TH0,Theorem,timeout,na,2087,1880,152,1880,60,6,0,1,0,
no_atom_decomposition,LCL/LCL602^1.p,TH0,Theorem,timeout,na,2077,1077,76,1077,75,3,0,1,0,
no_atom_decomposition,LCL/LCL603^1.p,TH0,Theorem,timeout,na,2075,748,61,748,30,1,0,1,0,
no_atom_decomposition,LCL/LCL604^1.p,TH0,Theorem,timeout,na,2331,6550,147,6550,1408,270,0,1,0,
no_atom_decomposition,LCL/LCL607^1.p,TH0,Theorem,thm,yes,53,34,0,34,4,3,0,1,1,
no_atom_decomposition,LCL/LCL608^1.p,TH0,Theorem,thm,yes,35,18,1,18,2,0,0,1,1,
no_atom_decomposition,LCL/LCL609^1.p,TH0,Theorem,thm,yes,27,10,1,10,1,0,0,1,1,
no_atom_decomposition,LCL/LCL612^1.p,TH0,Theorem,thm,yes,38,17,1,17,2,0,0,1,1,
no_atom_decomposition,LCL/LCL613^1.p,TH0,Theorem,thm,yes,52,18,1,18,3,0,0,1,1,
no_atom_decomposition,LCL/LCL614^1.p,TH0,Theorem,thm,yes,42,8,0,8,1,1,0,0,0,
no_atom_decomposition,LCL/LCL615^1.p,TH0,CounterSatisfiable,timeout,na,2100,3587,329,3587,484,6,0,0,0,
no_atom_decomposition,LCL/LCL617^1.p,TH0,CounterSatisfiable,timeout,na,2363,6516,40,6516,197,315,0,0,0,
no_atom_decomposition,LCL/LCL618^1.p,TH0,Theorem,timeout,na,2033,745,52,745,34,6,0,5,0,
no_atom_decomposition,LCL/LCL619^1.p,TH0,Theorem,timeout,na,2049,1650,138,1650,38,8,0,1,0,
no_atom_decomposition,LCL/LCL620^1.p,TH0,Theorem,thm,yes,47,6,0,6,1,1,0,0,0,
no_atom_decomposition,LCL/LCL621^1.p,TH0,Theorem,timeout,na,2057,2143,161,2143,76,19,0,1,0,
no_atom_decomposition,LCL/LCL623^1.p,TH0,Theorem,thm,yes,30,1,0,1,1,1,0,0,0,
no_atom_decomposition,LCL/LCL624^1.p,TH0,Theorem,timeout,na,2311,7028,81,7028,1775,81,0,1,0,
no_atom_decomposition,LCL/LCL625^1.p,TH0,Theorem,timeout,na,2122,1527,89,1527,127,0,0,1,0,
no_atom_decomposition,LCL/LCL626^1.p,TH0,Theorem,timeout,na,2150,1781,44,1781,297,12,0,4,0,
no_atom_decomposition,LCL/LCL629^1.p,TH0,Theorem,timeout,na,2059,1203,89,1203,72,0,0,1,0,
no_atom_decomposition,LCL/LCL630^1.p,TH0,CounterSatisfiable,timeout,na,2133,1921,101,1921,243,0,0,3,0,
no_atom_decomposition,LCL/LCL631^1.p,TH0,CounterSatisfiable,timeout,na,2136,1914,75,1914,323,0,0,3,0,
no_atom_decomposition,LCL/LCL632^1.p,TH0,Theorem,timeout,na,2071,1414,105,1414,74,0,0,3,0,
no_atom_decomposition,LCL/LCL633^1.p,TH0,CounterSatisfiable,timeout,na,2059,528,11,528,85,15,0,1,0,
no_atom_decomposition,LCL/LCL634^1.p,TH0,CounterSatisfiable,timeout,na,2085,1561,27,1561,261,1,0,1,0,
no_atom_decomposition,LCL/LCL690^1.p,TH0,Theorem,timeout,na,2064,1229,105,1229,29,0,0,1,0,
no_atom_decomposition,LCL/LCL691^1.p,TH0,Theorem,timeout,na,2066,721,57,721,28,0,0,1,0,
no_atom_decomposition,LCL/LCL692^1.p,TH0,Theorem,timeout,na,2056,883,73,883,23,0,0,1,0,
no_atom_decomposition,LCL/LCL695^1.p,TH0,Satisfiable,no_conjecture,na,31,,,,,,,,,
no_atom_decomposition,LCL/LCL696^1.p,TH0,Satisfiable,no_conjecture,na,24,,,,,,,,,
no_atom_decomposition,LCL/LCL697^1.p,TH0,Satisfiable,no_conjecture,na,21,,,,,,,,,
no_atom_decomposition,LCL/LCL698^1.p,TH0,Satisfiable,no_conjecture,na,42,,,,,,,,,
no_atom_decomposition,LCL/LCL699^1.p,TH0,Theorem,thm,yes,63,18,1,18,2,0,0,1,1,
no_atom_decomposition,LCL/LCL700^1.p,TH0,Theorem,thm,yes,85,34,1,34,4,1,0,1,1,
no_atom_decomposition,LCL/LCL701^1.p,TH0,Theorem,thm,yes,77,30,1,30,4,0,0,1,1,
no_atom_decomposition,LCL/LCL702^1.p,TH0,Theorem,timeout,na,2206,6198,352,6198,776,138,0,4,0,
no_atom_decomposition,LCL/LCL703^1.p,TH0,Theorem,timeout,na,2244,6055,274,6055,865,282,0,2,0,
no_atom_decomposition,LCL/LCL704^1.p,TH0,Theorem,timeout,na,2158,3813,155,3813,581,79,0,1,0,
no_atom_decomposition,LCL/LCL705^1.p,TH0,Theorem,timeout,na,2197,4306,137,4306,167,84,0,0,0,
no_atom_decomposition,LCL/LCL706^1.p,TH0,Theorem,timeout,na,2159,4490,174,4490,442,68,0,1,0,
no_atom_decomposition,LCL/LCL707^1.p,TH0,Theorem,timeout,na,2158,3172,160,3172,563,29,0,3,0,
no_atom_decomposition,LCL/LCL708^1.p,TH0,Theorem,timeout,na,2260,5012,52,5012,1201,118,0,1,0,
no_atom_decomposition,LCL/LCL709^1.p,TH0,Theorem,timeout,na,2069,1162,60,1162,101,3,0,1,0,
no_atom_decomposition,LCL/LCL710^1.p,TH0,Theorem,timeout,na,2072,802,37,802,77,4,0,1,0,
no_atom_decomposition,LCL/LCL711^1.p,TH0,Theorem,thm,yes,108,19,0,19,3,0,0,2,1,
no_atom_decomposition,LCL/LCL712^1.p,TH0,Theorem,timeout,na,2084,728,20,728,105,7,0,1,0,
no_atom_decomposition,LCL/LCL713^1.p,TH0,Theorem,timeout,na,2137,1588,14,1588,322,1,0,1,0,
no_atom_decomposition,LCL/LCL714^1.p,TH0,Theorem,timeout,na,2099,1964,60,1964,139,80,0,1,0,
no_atom_decomposition,LCL/LCL715^1.p,TH0,Theorem,timeout,na,2101,1256,24,1256,155,17,0,1,0,
no_atom_decomposition,LCL/LCL716^1.p,TH0,Theorem,timeout,na,2085,935,48,935,80,14,0,4,0,
no_atom_decomposition,LCL/LCL717^1.p,TH0,Theorem,timeout,na,2091,857,42,857,101,3,0,1,0,
no_atom_decomposition,LCL/LCL718^1.p,TH0,Theorem,timeout,na,2092,867,15,867,159,0,0,1,0,
no_atom_decomposition,LCL/LCL719^1.p,TH0,Theorem,thm,yes,67,27,1,27,3,0,0,1,1,
no_atom_decomposition,LCL/LCL720^1.p,TH0,Theorem,timeout,na,2135,3806,135,3806,247,111,0,0,0,
no_atom_decomposition,LCL/LCL721^1.p,TH0,Theorem,thm,yes,141,279,7,279,27,16,0,1,1,
no_atom_decomposition,LCL/LCL722^1.p,TH0,Theorem,thm,yes,91,120,1,120,12,8,0,1,1,
no_atom_decomposition,LCL/LCL723^1.p,TH0,Theorem,timeout,na,2189,4854,79,4854,236,103,0,0,0,
no_atom_decomposition,LCL/LCL724^1.p,TH0,Theorem,timeout,na,2226,6798,99,6798,218,168,0,0,0,
no_atom_decomposition,LCL/LCL725^1.p,TH0,Theorem,timeout,na,2198,5256,79,5256,221,117,0,0,0,
no_atom_decomposition,LCL/LCL726^5.p,TH0,Theorem,timeout,na,2023,1062,55,1062,46,24,0,1,0,
no_atom_decomposition,LCL/LCL727^5.p,TH0,Theorem,timeout,na,2037,910,49,910,67,12,0,2,0,
no_atom_decomposition,LCL/LCL728^5.p,TH0,Theorem,timeout,na,2008,29,0,29,3,0,0,1,0,
no_atom_decomposition,LCL/LCL729^5.p,TH0,Theorem,timeout,na,2033,943,61,943,57,1,0,1,0,
no_atom_decomposition,LCL/LCL730^5.p,TH0,Theorem,timeout,na,2009,102,7,102,3,1,0,2,0,
no_atom_decomposition,LCL/LCL731^5.p,TH0,Theorem,timeout,na,2065,2331,86,2331,229,17,0,1,0,
no_atom_decomposition,LCL/LCL732^5.p,TH0,Theorem,thm,yes,13,10,0,10,1,1,0,0,0,
no_atom_decomposition,LCL/LCL733^5.p,TH0,Theorem,thm,yes,131,16,0,16,2,1,0,1,1,
no_atom_decomposition,LCL/LCL734^5.p,TH0,Theorem,timeout,na,2012,530,37,530,20,0,0,1,0,
no_atom_decomposition,LCL/LCL735^5.p,TH0,Theorem,timeout,na,2027,474,29,474,20,2,0,1,0,
no_atom_decomposition,LCL/LCL736^5.p,TH0,Theorem,timeout,na,2034,556,28,556,32,4,0,1,0,
no_atom_decomposition,LCL/LCL738^5.p,TH0,Theorem,timeout,na,2040,586,18,586,90,0,0,0,0,
no_atom_decomposition,LCL/LCL739^5.p,TH0,Theorem,timeout,na,2024,371,25,371,12,2,0,1,0,
no_atom_decomposition,LCL/LCL740^5.p,TH0,Theorem,timeout,na,2028,338,21,338,11,3,0,1,0,
no_atom_decomposition,LCL/LCL741^5.p,TH0,Theorem,timeout,na,2027,498,29,498,24,3,0,1,0,
no_atom_decomposition,LCL/LCL742^5.p,TH0,Theorem,timeout,na,2064,2084,32,2084,331,6,0,4,0,
no_atom_decomposition,LCL/LCL743^5.p,TH0,CounterSatisfiable,timeout,na,2041,3456,233,3456,165,10,0,6,0,
no_atom_decomposition,LCL/LCL859^1.p,TH0,Theorem,thm,yes,170,290,3,290,60,26,0,3,1,
no_atom_decomposition,LCL/LCL860^1.p,TH0,Theorem,timeout,na,2296,6712,217,6712,1176,579,0,2,0,
no_atom_decomposition,LCL/LCL861^1.p,TH0,Theorem,timeout,na,2295,6678,242,6678,926,569,0,3,0,
no_atom_decomposition,LCL/LCL862^1.p,TH0,Theorem,timeout,na,2536,6575,19,6575,2288,191,0,1,0,
no_atom_decomposition,LCL/LCL863^1.p,TH0,Theorem,timeout,na,2306,6481,213,6481,1418,53,0,1,0,
no_atom_decomposition,LCL/LCL864^1.p,TH0,Theorem,timeout,na,2376,6576,163,6576,1742,44,0,1,0,
no_atom_decomposition,LCL/LCL865^1.p,TH0,Theorem,timeout,na,2374,6848,176,6848,1760,79,0,2,0,
no_atom_decomposition,LCL/LCL866^1.p,TH0,Theorem,timeout,na,2326,6650,220,6650,1663,101,0,3,0,
no_atom_decomposition,LCL/LCL867^1.p,TH0,Theorem,timeout,na,2443,6475,104,6475,2050,127,0,2,0,
no_atom_decomposition,LCL/LCL868^1.p,TH0,Theorem,timeout,na,2606,5759,11,5759,2724,2,0,3,0,
no_atom_decomposition,LCL/LCL869^1.p,TH0,CounterSatisfiable,timeout,na,2291,5936,146,5936,1591,143,0,3,0,
no_atom_decomposition,LCL/LCL872^1.p,TH0,Theorem,timeout,na,2106,1666,36,1666,263,25,0,1,0,
no_atom_decomposition,LCL/LCL873^1.p,TH0,Theorem,timeout,na,2191,1786,19,1786,279,0,0,0,0,
no_atom_decomposition,LCL/LCL874^1.p,TH0,Theorem,timeout,na,2216,2404,19,2404,630,80,0,5,0,
no_atom_decomposition,LCL/LCL877^1.p,TH0,Theorem,timeout,na,2103,1159,22,1159,209,7,0,1,0,
no_atom_decomposition,LCL/LCL877^2.p,TH0,Theorem,timeout,na,2154,1760,35,1760,395,13,0,1,0,
no_atom_decomposition,LCL/LCL878^1.p,TH0,Theorem,timeout,na,2116,1062,33,1062,143,19,0,1,0,
no_atom_decomposition,LCL/LCL879^1.p,TH0,Theorem,timeout,na,2093,811,36,811,116,8,0,1,0,
no_atom_decomposition,LCL/LCL880^1.p,TH0,Theorem,timeout,na,2105,1108,28,1108,172,19,0,1,0,
no_atom_decomposition,LCL/LCL881^1.p,TH0,Theorem,timeout,na,2165,621,22,621,65,1,0,1,0,
no_atom_decomposition,LCL/LCL916^1.p,TH0,Satisfiable,no_conjecture,na,22,,,,,,,,,
no_atom_decomposition,LCL/LCL917^1.p,TH0,Satisfiable,no_conjecture,na,37,,,,,,,,,
no_atom_decomposition,LCL/LCL918^1.p,TH0,Satisfiable,no_conjecture,na,42,,,,,,,,,
no_atom_decomposition,LCL/LCL919^1.p,TH0,Satisfiable,no_conjecture,na,42,,,,,,,,,
no_atom_decomposition,LCL/LCL920^1.p,TH0,Satisfiable,no_conjecture,na,42,,,,,,,,,
no_atom_decomposition,LCL/LCL921^1.p,TH0,Satisfiable,no_conjecture,na,43,,,,,,,,,
no_atom_decomposition,LCL/LCL922^1.p,TH0,Satisfiable,no_conjecture,na,43,,,,,,,,,
no_atom_decomposition,LCL/LCL923^1.p,TH0,Satisfiable,no_conjecture,na,43,,,,,,,,,
no_atom_decomposition,LCL/LCL924^1.p,TH0,Satisfiable,no_conjecture,na,49,,,,,,,,,
no_atom_decomposition,LCL/LCL925^1.p,TH0,Satisfiable,no_conjecture,na,43,,,,,,,,,
no_atom_decomposition,LCL/LCL930^1.p,TH0,Satisfiable,no_conjecture,na,20,,,,,,,,,
no_atom_decomposition,LCL/LCL931^1.p,TH0,Unknown,timeout,na,2802,0,0,0,1,0,0,0,0,
no_atom_decomposition,LCL/LCL932^1.p,TH0,Unknown,timeout,na,2819,0,0,0,1,0,0,0,0,
no_atom_decomposition,LCL/LCL933^1.p,TH0,Unknown,timeout,na,2776,0,0,0,1,0,0,0,0,
no_atom_decomposition,LCL/LCL934^1.p,TH0,Unknown,timeout,na,2775,0,0,0,1,0,0,0,0,
no_atom_decomposition,LCL/LCL935^1.p,TH0,Unknown,timeout,na,2762,0,0,0,1,0,0,0,0,
no_atom_decomposition,LCL/LCL936^1.p,TH0,Unknown,timeout,na,2764,0,0,0,1,0,0,0,0,
no_atom_decomposition,LCL/LCL937^1.p,TH0,Unknown,timeout,na,2820,0,0,0,1,0,0,0,0,
no_atom_decomposition,LCL/LCL938^1.p,TH0,Unknown,timeout,na,2823,0,0,0,1,0,0,0,0,
no_atom_decomposition,LCL/LCL939^1.p,TH0,Unknown,timeout,na,2833,0,0,0,1,0,0,0,0,
no_atom_decomposition,LCL/LCL940^1.p,TH0,Unknown,timeout,na,2830,0,0,0,1,0,0,0,0,
no_atom_decomposition,LCL/LCL941^3.p,TH0,CounterSatisfiable,timeout,na,2853,0,0,0,1,0,0,0,0,
no_atom_decomposition,LCL/LCL941^5.p,TH0,Theorem,timeout,na,2861,0,0,0,1,0,0,0,0,
no_atom_decomposition,LCL/LCL942^2.p,TH0,Theorem,timeout,na,2854,0,0,0,1,0,0,0,0,
no_atom_decomposition,LCL/LCL943^24.p,TH0,Theorem,timeout,na,2100,3144,47,3144,254,36,0,0,0,
no_atom_decomposition,LCL/LCL944^8.p,TH0,Theorem,timeout,na,2268,80,8,80,1,0,0,0,0,
no_atom_decomposition,LCL/LCL945^9.p,TH0,Theorem,timeout,na,2139,121,9,121,4,0,0,0,0,
no_atom_decomposition,LCL/LCL946^10.p,TH0,Theorem,timeout,na,2588,62,6,62,2,0,0,0,0,
no_atom_decomposition,LCL/LCL947^10.p,TH0,Theorem,timeout,na,2136,808,57,808,47,0,0,0,0,
no_atom_decomposition,LCL/LCL948^10.p,TH0,CounterSatisfiable,timeout,na,2231,541,37,541,30,0,0,0,0,
no_atom_decomposition,LCL/LCL949^4.p,TH0,Theorem,timeout,na,2445,172,17,172,1,0,0,0,0,
no_atom_decomposition,LCL/LCL950^17.p,TH0,Theorem,timeout,na,2094,1195,47,1195,174,0,0,0,0,
no_atom_decomposition,LCL/LCL951^24.p,TH0,Theorem,thm,yes,88,1,0,1,1,1,0,0,0,
no_atom_decomposition,LCL/LCL952^12.p,TH0,Theorem,thm,yes,80,1,0,1,1,1,0,0,0,
no_atom_decomposition,LCL/LCL953^8.p,TH0,Theorem,thm,yes,33,1,0,1,1,1,0,0,0,
no_atom_decomposition,LCL/LCL954^19.p,TH0,Theorem,timeout,na,2889,71,7,71,1,0,0,0,0,
no_atom_decomposition,LCL/LCL955^24.p,TH0,Theorem,timeout,na,2889,69,6,69,1,0,0,0,0,
no_atom_decomposition,LCL/LCL956^18.p,TH0,Theorem,timeout,na,2204,5160,92,5160,241,69,0,0,0,
no_atom_decomposition,LCL/LCL957^6.p,TH0,Theorem,timeout,na,2053,2914,220,2914,113,13,0,1,0,
no_atom_decomposition,LCL/LCL958^18.p,TH0,Theorem,timeout,na,2086,2579,154,2579,207,0,0,0,0,
no_atom_decomposition,LCL/LCL959^24.p,TH0,Theorem,timeout,na,2255,4895,69,4895,246,24,0,0,0,
no_atom_decomposition,LCL/LCL960^12.p,TH0,Theorem,timeout,na,2048,572,6,572,94,4,0,0,0,
no_atom_decomposition,LCL/LCL961^1.p,TH0,CounterSatisfiable,timeout,na,2121,3806,74,3806,263,72,0,0,0,
no_atom_decomposition,LCL/LCL961^11.p,TH0,Theorem,timeout,na,2114,3663,63,3663,232,52,0,0,0,
no_atom_decomposition,LCL/LCL962^16.p,TH0,Theorem,timeout,na,2150,4354,49,4354,532,214,0,1,0,
no_atom_decomposition,LCL/LCL963^3.p,TH0,CounterSatisfiable,timeout,na,2271,81,8,81,1,0,0,0,0,
no_atom_decomposition,LCL/LCL964^3.p,TH0,CounterSatisfiable,timeout,na,2270,92,9,92,1,0,0,0,0,
no_atom_decomposition,LCL/LCL965^15.p,TH0,CounterSatisfiable,timeout,na,2079,881,29,881,129,0,0,0,0,
no_atom_decomposition,LCL/LCL966^9.p,TH0,CounterSatisfiable,timeout,na,2123,808,60,808,45,0,0,0,0,
no_atom_decomposition,LCL/LCL967^3.p,TH0,CounterSatisfiable,timeout,na,2898,70,7,70,1,0,0,0,0,
no_atom_decomposition,LCL/LCL968^3.p,TH0,CounterSatisfiable,timeout,na,2919,65,6,65,1,0,0,0,0,
no_atom_decomposition,LCL/LCL969^9.p,TH0,CounterSatisfiable,timeout,na,2084,3158,104,3158,283,45,0,0,0,
no_atom_decomposition,LCL/LCL970^15.p,TH0,CounterSatisfiable,timeout,na,2070,2215,136,2215,139,36,0,0,0,
no_atom_decomposition,LIN/LIN001^1.p,TH1,Theorem,parse_timeout,na,0,,,,,,,,,cached: parse exceeded 5000ms
no_atom_decomposition,LIN/LIN002^1.p,TH1,Theorem,parse_timeout,na,0,,,,,,,,,cached: parse exceeded 5000ms
no_atom_decomposition,LIN/LIN003^1.p,TH1,Theorem,parse_timeout,na,0,,,,,,,,,cached: parse exceeded 5000ms
no_atom_decomposition,LIN/LIN004^1.p,TH1,Theorem,parse_timeout,na,0,,,,,,,,,cached: parse exceeded 5000ms
no_atom_decomposition,LIN/LIN005^1.p,TH1,Theorem,parse_timeout,na,0,,,,,,,,,cached: parse exceeded 5000ms
no_atom_decomposition,LIN/LIN006^1.p,TH1,Theorem,parse_timeout,na,0,,,,,,,,,cached: parse exceeded 5000ms
no_atom_decomposition,LIN/LIN007^1.p,TH1,Theorem,parse_timeout,na,0,,,,,,,,,cached: parse exceeded 5000ms
no_atom_decomposition,LIN/LIN008^1.p,TH1,Theorem,parse_timeout,na,0,,,,,,,,,cached: parse exceeded 5000ms
no_atom_decomposition,LIN/LIN009^1.p,TH1,Theorem,parse_timeout,na,0,,,,,,,,,cached: parse exceeded 5000ms
no_atom_decomposition,LIN/LIN010^1.p,TH1,Theorem,parse_timeout,na,0,,,,,,,,,cached: parse exceeded 5000ms
no_atom_decomposition,LIN/LIN011^1.p,TH1,Theorem,parse_timeout,na,0,,,,,,,,,cached: parse exceeded 5000ms
no_atom_decomposition,LIN/LIN012^1.p,TH1,Theorem,parse_timeout,na,0,,,,,,,,,cached: parse exceeded 5000ms
no_atom_decomposition,LIN/LIN013^1.p,TH1,Theorem,parse_timeout,na,0,,,,,,,,,cached: parse exceeded 5000ms
no_atom_decomposition,LIN/LIN014^1.p,TH1,Theorem,parse_timeout,na,0,,,,,,,,,cached: parse exceeded 5000ms
no_atom_decomposition,LIN/LIN015^1.p,TH1,Theorem,parse_timeout,na,0,,,,,,,,,cached: parse exceeded 5000ms
no_atom_decomposition,MSC/MSC020^5.p,TH0,Theorem,timeout,na,2026,1201,88,1201,52,0,0,4,0,
no_atom_decomposition,MSC/MSC021^5.p,TH0,Theorem,timeout,na,2024,912,74,912,36,0,0,4,0,
no_atom_decomposition,MSC/MSC025^1.p,TH0,Theorem,parser_error,na,0,,,,,,,,,cached: Failed to parse formula 'goal': [byte:1641] Type Error: Cannot unify strict function types of different arities.
no_atom_decomposition,MSC/MSC025^2.p,TH0,Theorem,parser_error,na,0,,,,,,,,,cached: Failed to parse formula 'goal': [byte:2175] Type Error: Cannot unify strict function types of different arities.
no_atom_decomposition,MSC/MSC029^1.p,TH1,Theorem,parse_timeout,na,0,,,,,,,,,cached: parse exceeded 5000ms
no_atom_decomposition,MSC/MSC030^1.p,TH1,Theorem,parse_timeout,na,0,,,,,,,,,cached: parse exceeded 5000ms
no_atom_decomposition,MSC/MSC031^1.p,TH1,Theorem,parse_timeout,na,0,,,,,,,,,cached: parse exceeded 5000ms
no_atom_decomposition,MSC/MSC032^1.p,TH1,Theorem,parse_timeout,na,0,,,,,,,,,cached: parse exceeded 5000ms
no_atom_decomposition,MSC/MSC033^1.p,TH1,Theorem,parse_timeout,na,0,,,,,,,,,cached: parse exceeded 5000ms
no_atom_decomposition,NLP/NLP001^17.p,TH0,Theorem,timeout,na,2135,554,35,554,39,4,0,0,0,
no_atom_decomposition,NLP/NLP001^3.p,TH0,Theorem,timeout,na,2149,555,13,555,87,34,0,0,0,
no_atom_decomposition,NLP/NLP001^7.p,TH0,Theorem,timeout,na,2141,151,11,151,6,1,0,0,0,
no_atom_decomposition,NLP/NLP002^7.p,TH0,CounterSatisfiable,timeout,na,2247,560,40,560,27,0,0,0,0,
no_atom_decomposition,NLP/NLP003^7.p,TH0,CounterSatisfiable,timeout,na,2237,519,38,519,22,0,0,0,0,
no_atom_decomposition,NLP/NLP004^12.p,TH0,Theorem,timeout,na,2529,62,5,62,2,0,0,0,0,
no_atom_decomposition,NLP/NLP004^13.p,TH0,Theorem,timeout,na,2518,62,5,62,2,0,0,0,0,
no_atom_decomposition,NLP/NLP004^7.p,TH0,Theorem,timeout,na,2552,0,0,0,1,0,0,0,0,
no_atom_decomposition,NLP/NLP004^8.p,TH0,Theorem,timeout,na,2516,61,5,61,2,0,0,0,0,
no_atom_decomposition,NLP/NLP005^7.p,TH0,CounterSatisfiable,timeout,na,2504,0,0,0,1,0,0,0,0,
no_atom_decomposition,NLP/NLP006^7.p,TH0,CounterSatisfiable,timeout,na,2670,0,0,0,1,0,0,0,0,
no_atom_decomposition,NLP/NLP007^7.p,TH0,Theorem,timeout,na,2727,0,0,0,1,0,0,0,0,
no_atom_decomposition,NLP/NLP008^7.p,TH0,CounterSatisfiable,timeout,na,2675,0,0,0,1,0,0,0,0,
no_atom_decomposition,NLP/NLP009^7.p,TH0,Theorem,timeout,na,2618,0,0,0,1,0,0,0,0,
no_atom_decomposition,NLP/NLP011^7.p,TH0,Theorem,timeout,na,2730,0,0,0,1,0,0,0,0,
no_atom_decomposition,NLP/NLP264^7.p,TH0,Theorem,timeout,na,2188,2853,97,2853,235,4,0,0,0,
no_atom_decomposition,NLP/NLP265^17.p,TH0,ContradictoryAxioms,timeout,na,2119,4294,237,4294,299,51,0,0,0,
no_atom_decomposition,NLP/NLP265^18.p,TH0,Theorem,timeout,na,2099,2233,44,2233,177,114,0,0,0,
no_atom_decomposition,NLP/NLP266^12.p,TH0,CounterSatisfiable,timeout,na,2076,1029,25,1029,148,0,0,0,0,
no_atom_decomposition,NLP/NLP266^23.p,TH0,Theorem,timeout,na,2126,1339,18,1339,248,0,0,0,0,
no_atom_decomposition,NLP/NLP266^3.p,TH0,CounterSatisfiable,timeout,na,2139,2734,45,2734,214,24,0,0,0,
no_atom_decomposition,NLP/NLP266^4.p,TH0,Theorem,timeout,na,2131,2508,53,2508,221,0,0,0,0,
no_atom_decomposition,NLP/NLP267^1.p,TH0,Theorem,timeout,na,2056,1436,50,1436,124,70,0,0,0,
no_atom_decomposition,NLP/NLP267^17.p,TH0,Theorem,timeout,na,2102,2227,58,2227,178,108,0,0,0,
no_atom_decomposition,NLP/NLP267^18.p,TH0,Theorem,timeout,na,2087,2054,40,2054,150,108,0,0,0,
no_atom_decomposition,NLP/NLP267^2.p,TH0,Theorem,timeout,na,2070,1850,50,1850,170,89,0,0,0,
no_atom_decomposition,NLP/NLP267^3.p,TH0,Theorem,timeout,na,2072,2741,90,2741,226,85,0,0,0,
no_atom_decomposition,NLP/NLP267^4.p,TH0,Theorem,timeout,na,2097,2686,76,2686,155,284,0,0,0,
no_atom_decomposition,NLP/NLP267^5.p,TH0,Theorem,timeout,na,2100,2798,96,2798,160,151,0,0,0,
no_atom_decomposition,NUM/NUM016^5.p,TH0,Theorem,timeout,na,2235,8113,322,8113,1063,736,0,1,0,
no_atom_decomposition,NUM/NUM020^1.p,TH0,Theorem,timeout,na,2021,17,0,17,2,0,0,0,0,
no_atom_decomposition,NUM/NUM021^1.p,TH0,Theorem,timeout,na,2033,76,2,76,6,1,0,0,0,
no_atom_decomposition,NUM/NUM415^1.p,TH0,Theorem,thm,yes,110,13,0,13,2,2,0,0,0,
no_atom_decomposition,NUM/NUM416^1.p,TH0,Theorem,timeout,na,2025,7,0,7,2,0,0,0,0,
no_atom_decomposition,NUM/NUM417^1.p,TH0,Theorem,timeout,na,2027,7,0,7,2,0,0,0,0,
no_atom_decomposition,NUM/NUM418^1.p,TH0,Theorem,timeout,na,2024,17,0,17,2,0,0,0,0,
no_atom_decomposition,NUM/NUM419^1.p,TH0,Theorem,timeout,na,2026,17,0,17,2,0,0,0,0,
no_atom_decomposition,NUM/NUM635^1.p,TH0,Theorem,timeout,na,2059,2452,34,2452,308,34,0,3,0,
no_atom_decomposition,NUM/NUM635^2.p,TH0,Theorem,timeout,na,2046,2935,168,2935,199,0,0,1,0,
no_atom_decomposition,NUM/NUM635^4.p,TH0,Theorem,timeout,na,2220,188,18,188,1,0,0,0,0,
no_atom_decomposition,NUM/NUM636^1.p,TH0,Theorem,timeout,na,2063,2778,163,2778,173,8,0,1,0,
no_atom_decomposition,NUM/NUM636^2.p,TH0,Theorem,timeout,na,2050,2820,159,2820,184,10,0,2,0,
no_atom_decomposition,NUM/NUM636^3.p,TH0,Theorem,timeout,na,2050,2885,161,2885,209,0,0,2,0,
no_atom_decomposition,NUM/NUM636^4.p,TH0,Theorem,timeout,na,2219,187,18,187,1,0,0,0,0,
no_atom_decomposition,NUM/NUM637^1.p,TH0,Theorem,timeout,na,2042,1735,111,1735,111,0,0,1,0,
no_atom_decomposition,NUM/NUM637^2.p,TH0,Theorem,timeout,na,2048,2719,147,2719,192,1,0,1,0,
no_atom_decomposition,NUM/NUM637^4.p,TH0,Theorem,timeout,na,2226,169,16,169,1,0,0,0,0,
no_atom_decomposition,NUM/NUM638^1.p,TH0,Theorem,timeout,na,2071,3058,100,3058,203,68,0,0,0,
no_atom_decomposition,NUM/NUM638^4.p,TH0,Theorem,timeout,na,2225,97,8,97,2,0,0,0,0,
no_atom_decomposition,NUM/NUM639^1.p,TH0,Theorem,timeout,na,2002,71,2,71,5,3,0,2,0,
no_atom_decomposition,NUM/NUM639^4.p,TH0,Theorem,timeout,na,2233,14,1,14,1,0,0,0,0,
no_atom_decomposition,NUM/NUM640^1.p,TH0,Theorem,timeout,na,2003,63,1,63,5,3,0,2,0,
no_atom_decomposition,NUM/NUM640^4.p,TH0,Theorem,timeout,na,2232,12,1,12,1,0,0,0,0,
no_atom_decomposition,NUM/NUM641^1.p,TH0,Theorem,timeout,na,2002,71,2,71,5,3,0,2,0,
no_atom_decomposition,NUM/NUM641^4.p,TH0,Theorem,timeout,na,2238,12,1,12,1,0,0,0,0,
no_atom_decomposition,NUM/NUM642^1.p,TH0,Theorem,timeout,na,2003,73,2,73,5,3,0,2,0,
no_atom_decomposition,NUM/NUM642^4.p,TH0,Theorem,timeout,na,2241,12,1,12,1,0,0,0,0,
no_atom_decomposition,NUM/NUM643^1.p,TH0,Theorem,timeout,na,2047,1994,122,1994,132,0,0,1,0,
no_atom_decomposition,NUM/NUM643^4.p,TH0,Theorem,timeout,na,2241,0,0,0,1,0,0,0,0,
no_atom_decomposition,NUM/NUM644^1.p,TH0,Theorem,timeout,na,2044,2548,204,2548,84,0,0,1,0,
no_atom_decomposition,NUM/NUM644^4.p,TH0,Theorem,timeout,na,2247,12,1,12,1,0,0,0,0,
no_atom_decomposition,NUM/NUM645^1.p,TH0,Theorem,timeout,na,2067,2980,181,2980,170,8,0,2,0,
no_atom_decomposition,NUM/NUM645^4.p,TH0,Theorem,timeout,na,2241,12,1,12,1,0,0,0,0,
no_atom_decomposition,NUM/NUM646^1.p,TH0,Theorem,timeout,na,2050,2732,195,2732,141,8,0,2,0,
no_atom_decomposition,NUM/NUM646^4.p,TH0,Theorem,timeout,na,2249,12,1,12,1,0,0,0,0,
no_atom_decomposition,NUM/NUM647^1.p,TH0,Theorem,timeout,na,2005,174,3,174,13,10,0,2,0,
no_atom_decomposition,NUM/NUM647^4.p,TH0,Theorem,timeout,na,2249,12,1,12,1,0,0,0,0,
no_atom_decomposition,NUM/NUM648^1.p,TH0,Theorem,timeout,na,2045,2281,97,2281,204,22,0,2,0,
no_atom_decomposition,NUM/NUM648^4.p,TH0,Theorem,timeout,na,2255,12,1,12,1,0,0,0,0,
no_atom_decomposition,NUM/NUM649^1.p,TH0,Theorem,timeout,na,2071,2706,180,2706,182,2,0,1,0,
no_atom_decomposition,NUM/NUM649^4.p,TH0,Theorem,timeout,na,2256,12,1,12,1,0,0,0,0,
no_atom_decomposition,NUM/NUM650^1.p,TH0,Theorem,timeout,na,2064,2594,167,2594,154,0,0,1,0,
no_atom_decomposition,NUM/NUM650^4.p,TH0,Theorem,timeout,na,2265,12,1,12,1,0,0,0,0,
no_atom_decomposition,NUM/NUM651^1.p,TH0,Theorem,timeout,na,2057,2552,138,2552,193,17,0,2,0,
no_atom_decomposition,NUM/NUM651^4.p,TH0,Theorem,timeout,na,2264,12,1,12,1,0,0,0,0,
no_atom_decomposition,NUM/NUM652^1.p,TH0,Theorem,timeout,na,2074,3714,143,3714,131,51,0,0,0,
no_atom_decomposition,NUM/NUM652^4.p,TH0,Theorem,timeout,na,2271,10,1,10,1,0,0,0,0,
no_atom_decomposition,NUM/NUM653^1.p,TH0,Theorem,timeout,na,2064,3691,182,3691,147,40,0,0,0,
no_atom_decomposition,NUM/NUM653^4.p,TH0,Theorem,timeout,na,2274,11,1,11,1,0,0,0,0,
no_atom_decomposition,NUM/NUM654^1.p,TH0,Theorem,timeout,na,2094,3317,81,3317,367,183,0,1,0,
no_atom_decomposition,NUM/NUM654^4.p,TH0,Theorem,timeout,na,2272,11,1,11,1,0,0,0,0,
no_atom_decomposition,NUM/NUM655^1.p,TH0,Theorem,timeout,na,2088,3464,100,3464,374,132,0,1,0,
no_atom_decomposition,NUM/NUM655^4.p,TH0,Theorem,timeout,na,2271,11,1,11,1,0,0,0,0,
no_atom_decomposition,NUM/NUM656^1.p,TH0,Theorem,timeout,na,2083,3691,132,3691,130,64,0,0,0,
no_atom_decomposition,NUM/NUM656^4.p,TH0,Theorem,timeout,na,2280,8,0,8,1,0,0,0,0,
no_atom_decomposition,NUM/NUM657^1.p,TH0,Theorem,timeout,na,2077,3791,143,3791,126,86,0,0,0,
no_atom_decomposition,NUM/NUM657^4.p,TH0,Theorem,timeout,na,2280,9,0,9,1,0,0,0,0,
no_atom_decomposition,NUM/NUM658^1.p,TH0,Theorem,timeout,na,2070,3317,145,3317,263,127,0,1,0,
no_atom_decomposition,NUM/NUM658^4.p,TH0,Theorem,timeout,na,2275,7,0,7,1,0,0,0,0,
no_atom_decomposition,NUM/NUM659^1.p,TH0,Theorem,timeout,na,2071,3562,133,3562,316,137,0,1,0,
no_atom_decomposition,NUM/NUM659^4.p,TH0,Theorem,timeout,na,2278,10,1,10,1,0,0,0,0,
no_atom_decomposition,NUM/NUM660^1.p,TH0,Theorem,timeout,na,2004,205,1,205,18,24,0,2,0,
no_atom_decomposition,NUM/NUM660^4.p,TH0,Theorem,timeout,na,2267,12,1,12,1,0,0,0,0,
no_atom_decomposition,NUM/NUM662^1.p,TH0,Theorem,timeout,na,2056,2177,44,2177,247,16,0,4,0,
no_atom_decomposition,NUM/NUM662^4.p,TH0,Theorem,timeout,na,2280,12,1,12,1,0,0,0,0,
no_atom_decomposition,NUM/NUM663^1.p,TH0,Theorem,thm,yes,19,17,0,17,3,1,0,2,1,
no_atom_decomposition,NUM/NUM663^4.p,TH0,Theorem,timeout,na,2285,5,0,5,1,0,0,0,0,
no_atom_decomposition,NUM/NUM664^1.p,TH0,Theorem,thm,yes,23,24,0,24,3,1,0,2,1,
no_atom_decomposition,NUM/NUM664^4.p,TH0,Theorem,timeout,na,2288,7,0,7,1,0,0,0,0,
no_atom_decomposition,NUM/NUM665^1.p,TH0,Theorem,timeout,na,2098,6030,309,6030,225,188,0,0,0,
no_atom_decomposition,NUM/NUM665^4.p,TH0,Theorem,timeout,na,2284,6,0,6,1,0,0,0,0,
no_atom_decomposition,NUM/NUM666^1.p,TH0,Theorem,timeout,na,2097,5064,129,5064,390,285,0,0,0,
no_atom_decomposition,NUM/NUM666^4.p,TH0,Theorem,timeout,na,2286,3,0,3,1,0,0,0,0,
no_atom_decomposition,NUM/NUM667^1.p,TH0,Theorem,timeout,na,2148,3973,87,3973,187,93,0,0,0,
no_atom_decomposition,NUM/NUM667^4.p,TH0,Theorem,timeout,na,2287,12,1,12,1,0,0,0,0,
no_atom_decomposition,NUM/NUM668^1.p,TH0,Theorem,thm,yes,14,13,0,13,2,1,0,1,1,
no_atom_decomposition,NUM/NUM668^4.p,TH0,Theorem,timeout,na,2290,0,0,0,1,0,0,0,0,
no_atom_decomposition,NUM/NUM669^1.p,TH0,Theorem,thm,yes,79,39,3,39,3,1,0,2,1,
no_atom_decomposition,NUM/NUM669^4.p,TH0,Theorem,timeout,na,2296,14,1,14,1,0,0,0,0,
no_atom_decomposition,NUM/NUM670^1.p,TH0,Theorem,timeout,na,2047,1884,59,1884,190,17,0,4,0,
no_atom_decomposition,NUM/NUM670^4.p,TH0,Theorem,timeout,na,2296,0,0,0,1,0,0,0,0,
no_atom_decomposition,NUM/NUM671^1.p,TH0,Theorem,thm,yes,5,3,0,3,1,1,0,0,0,
no_atom_decomposition,NUM/NUM671^4.p,TH0,Theorem,timeout,na,2296,12,1,12,1,0,0,0,0,
no_atom_decomposition,NUM/NUM672^1.p,TH0,Theorem,timeout,na,2139,6622,302,6622,1128,82,0,3,0,
no_atom_decomposition,NUM/NUM672^4.p,TH0,Theorem,timeout,na,2293,0,0,0,1,0,0,0,0,
no_atom_decomposition,NUM/NUM673^1.p,TH0,Theorem,timeout,na,2046,2004,63,2004,234,2,0,4,0,
no_atom_decomposition,NUM/NUM673^4.p,TH0,Theorem,timeout,na,2299,0,0,0,1,0,0,0,0,
no_atom_decomposition,NUM/NUM674^1.p,TH0,Theorem,thm,yes,5,3,0,3,1,1,0,0,0,
no_atom_decomposition,NUM/NUM674^4.p,TH0,Theorem,timeout,na,2303,12,1,12,1,0,0,0,0,
no_atom_decomposition,NUM/NUM676^1.p,TH0,Theorem,thm,yes,15,11,0,11,2,0,0,1,1,
no_atom_decomposition,NUM/NUM676^4.p,TH0,Theorem,timeout,na,2307,0,0,0,1,0,0,0,0,
no_atom_decomposition,NUM/NUM677^1.p,TH0,Theorem,timeout,na,2049,2397,119,2397,205,11,0,1,0,
no_atom_decomposition,NUM/NUM677^4.p,TH0,Theorem,timeout,na,2311,0,0,0,1,0,0,0,0,
no_atom_decomposition,NUM/NUM680^1.p,TH0,Theorem,timeout,na,2074,2782,96,2782,393,67,0,1,0,
no_atom_decomposition,NUM/NUM680^4.p,TH0,Theorem,timeout,na,2324,0,0,0,1,0,0,0,0,
no_atom_decomposition,NUM/NUM681^1.p,TH0,Theorem,timeout,na,2072,3823,202,3823,233,45,0,0,0,
no_atom_decomposition,NUM/NUM681^4.p,TH0,Theorem,timeout,na,2325,12,1,12,1,0,0,0,0,
no_atom_decomposition,NUM/NUM682^1.p,TH0,Theorem,timeout,na,2092,3014,124,3014,252,54,0,0,0,
no_atom_decomposition,NUM/NUM682^4.p,TH0,Theorem,timeout,na,2327,0,0,0,1,0,0,0,0,
no_atom_decomposition,NUM/NUM683^1.p,TH0,Theorem,timeout,na,2051,2002,69,2002,215,2,0,4,0,
no_atom_decomposition,NUM/NUM683^4.p,TH0,Theorem,timeout,na,2331,0,0,0,1,0,0,0,0,
no_atom_decomposition,NUM/NUM684^1.p,TH0,Theorem,timeout,na,2067,2221,78,2221,213,50,0,1,0,
no_atom_decomposition,NUM/NUM684^4.p,TH0,Theorem,timeout,na,2333,11,1,11,1,0,0,0,0,
no_atom_decomposition,NUM/NUM686^1.p,TH0,Theorem,timeout,na,2045,2324,172,2324,161,11,0,0,0,
no_atom_decomposition,NUM/NUM686^4.p,TH0,Theorem,timeout,na,2332,0,0,0,1,0,0,0,0,
no_atom_decomposition,NUM/NUM687^1.p,TH0,Theorem,timeout,na,2191,3396,50,3396,1073,40,0,1,0,
no_atom_decomposition,NUM/NUM687^4.p,TH0,Theorem,timeout,na,2337,0,0,0,1,0,0,0,0,
no_atom_decomposition,NUM/NUM688^1.p,TH0,Theorem,timeout,na,2139,3413,105,3413,801,21,0,1,0,
no_atom_decomposition,NUM/NUM688^4.p,TH0,Theorem,timeout,na,2343,0,0,0,1,0,0,0,0,
no_atom_decomposition,NUM/NUM689^1.p,TH0,Theorem,timeout,na,2066,3145,115,3145,248,84,0,0,0,
no_atom_decomposition,NUM/NUM689^4.p,TH0,Theorem,timeout,na,2345,0,0,0,1,0,0,0,0,
no_atom_decomposition,NUM/NUM690^1.p,TH0,Theorem,timeout,na,2196,6047,55,6047,268,327,0,0,0,
no_atom_decomposition,NUM/NUM690^4.p,TH0,Theorem,timeout,na,2343,0,0,0,1,0,0,0,0,
no_atom_decomposition,NUM/NUM691^1.p,TH0,Theorem,timeout,na,2102,2211,63,2211,226,18,0,0,0,
no_atom_decomposition,NUM/NUM691^4.p,TH0,Theorem,timeout,na,2345,0,0,0,1,0,0,0,0,
no_atom_decomposition,NUM/NUM692^1.p,TH0,Theorem,timeout,na,2144,5244,178,5244,1083,41,0,3,0,
no_atom_decomposition,NUM/NUM692^4.p,TH0,Theorem,timeout,na,2351,0,0,0,1,0,0,0,0,
no_atom_decomposition,NUM/NUM693^1.p,TH0,Theorem,timeout,na,2045,2347,117,2347,191,8,0,1,0,
no_atom_decomposition,NUM/NUM693^4.p,TH0,Theorem,timeout,na,2358,12,1,12,1,0,0,0,0,
no_atom_decomposition,NUM/NUM694^1.p,TH0,Theorem,thm,yes,8,8,0,8,2,0,0,1,1,
no_atom_decomposition,NUM/NUM694^4.p,TH0,Theorem,timeout,na,2360,12,1,12,1,0,0,0,0,
no_atom_decomposition,NUM/NUM695^1.p,TH0,Theorem,timeout,na,2059,2351,73,2351,268,15,0,1,0,
no_atom_decomposition,NUM/NUM695^4.p,TH0,Theorem,timeout,na,2359,0,0,0,1,0,0,0,0,
no_atom_decomposition,NUM/NUM696^1.p,TH0,Theorem,timeout,na,2045,2554,143,2554,159,17,0,2,0,
no_atom_decomposition,NUM/NUM696^4.p,TH0,Theorem,timeout,na,2358,0,0,0,1,0,0,0,0,
no_atom_decomposition,NUM/NUM697^1.p,TH0,Theorem,timeout,na,2047,2633,137,2633,224,2,0,1,0,
no_atom_decomposition,NUM/NUM697^4.p,TH0,Theorem,timeout,na,2359,0,0,0,1,0,0,0,0,
no_atom_decomposition,NUM/NUM698^1.p,TH0,Theorem,timeout,na,2191,6452,31,6452,242,185,0,0,0,
no_atom_decomposition,NUM/NUM698^4.p,TH0,Theorem,timeout,na,2356,0,0,0,1,0,0,0,0,
no_atom_decomposition,NUM/NUM699^1.p,TH0,Theorem,timeout,na,2040,2707,149,2707,198,2,0,1,0,
no_atom_decomposition,NUM/NUM699^4.p,TH0,Theorem,timeout,na,2359,0,0,0,1,0,0,0,0,
no_atom_decomposition,NUM/NUM700^1.p,TH0,Theorem,thm,yes,28,76,0,76,13,0,0,1,1,
no_atom_decomposition,NUM/NUM700^4.p,TH0,Theorem,timeout,na,2364,0,0,0,1,0,0,0,0,
no_atom_decomposition,NUM/NUM701^1.p,TH0,Theorem,timeout,na,2058,2705,84,2705,302,7,0,2,0,
no_atom_decomposition,NUM/NUM701^4.p,TH0,ContradictoryAxioms,timeout,na,2358,0,0,0,1,0,0,0,0,
no_atom_decomposition,NUM/NUM702^1.p,TH0,Theorem,timeout,na,2193,5829,31,5829,230,60,0,0,0,
no_atom_decomposition,NUM/NUM702^4.p,TH0,Theorem,timeout,na,2360,0,0,0,1,0,0,0,0,
no_atom_decomposition,NUM/NUM703^1.p,TH0,Theorem,timeout,na,2040,2668,166,2668,159,10,0,2,0,
no_atom_decomposition,NUM/NUM703^4.p,TH0,Theorem,timeout,na,2362,0,0,0,1,0,0,0,0,
no_atom_decomposition,NUM/NUM704^1.p,TH0,Theorem,timeout,na,2046,3233,266,3233,95,0,0,1,0,
no_atom_decomposition,NUM/NUM704^4.p,TH0,Theorem,timeout,na,2375,11,1,11,1,0,0,0,0,
no_atom_decomposition,NUM/NUM705^1.p,TH0,Theorem,timeout,na,2055,1769,65,1769,215,28,0,0,0,
no_atom_decomposition,NUM/NUM705^4.p,TH0,Theorem,timeout,na,2373,9,0,9,1,0,0,0,0,
no_atom_decomposition,NUM/NUM706^1.p,TH0,Theorem,timeout,na,2003,71,3,71,5,3,0,2,0,
no_atom_decomposition,NUM/NUM706^4.p,TH0,Theorem,timeout,na,2383,11,1,11,1,0,0,0,0,
no_atom_decomposition,NUM/NUM707^1.p,TH0,Theorem,timeout,na,2004,61,1,61,5,3,0,2,0,
no_atom_decomposition,NUM/NUM707^4.p,TH0,ContradictoryAxioms,timeout,na,2384,0,0,0,1,0,0,0,0,
no_atom_decomposition,NUM/NUM708^1.p,TH0,Theorem,timeout,na,2003,71,3,71,5,3,0,2,0,
no_atom_decomposition,NUM/NUM708^4.p,TH0,Theorem,timeout,na,2384,11,1,11,1,0,0,0,0,
no_atom_decomposition,NUM/NUM709^1.p,TH0,Theorem,timeout,na,2003,65,1,65,5,3,0,2,0,
no_atom_decomposition,NUM/NUM709^4.p,TH0,ContradictoryAxioms,timeout,na,2386,0,0,0,1,0,0,0,0,
no_atom_decomposition,NUM/NUM710^1.p,TH0,Theorem,timeout,na,2058,2398,143,2398,166,0,0,1,0,
no_atom_decomposition,NUM/NUM710^4.p,TH0,Theorem,timeout,na,2387,0,0,0,1,0,0,0,0,
no_atom_decomposition,NUM/NUM711^1.p,TH0,Theorem,timeout,na,2053,2707,206,2707,101,0,0,1,0,
no_atom_decomposition,NUM/NUM711^4.p,TH0,Theorem,timeout,na,2391,0,0,0,1,0,0,0,0,
no_atom_decomposition,NUM/NUM712^1.p,TH0,Theorem,timeout,na,2069,2526,158,2526,172,0,0,1,0,
no_atom_decomposition,NUM/NUM712^4.p,TH0,Theorem,timeout,na,2394,0,0,0,1,0,0,0,0,
no_atom_decomposition,NUM/NUM713^1.p,TH0,Theorem,timeout,na,2038,1978,111,1978,123,11,0,4,0,
no_atom_decomposition,NUM/NUM713^4.p,TH0,Theorem,timeout,na,2398,0,0,0,1,0,0,0,0,
no_atom_decomposition,NUM/NUM721^1.p,TH0,Theorem,timeout,na,2049,2029,128,2029,167,8,0,0,0,
no_atom_decomposition,NUM/NUM721^4.p,TH0,Theorem,timeout,na,2434,0,0,0,1,0,0,0,0,
no_atom_decomposition,NUM/NUM726^1.p,TH0,Theorem,thm,yes,7,3,0,3,1,1,0,0,0,
no_atom_decomposition,NUM/NUM726^4.p,TH0,Theorem,timeout,na,2482,0,0,0,1,0,0,0,0,
no_atom_decomposition,NUM/NUM727^1.p,TH0,Theorem,timeout,na,2056,1731,57,1731,154,50,0,1,0,
no_atom_decomposition,NUM/NUM727^4.p,TH0,Theorem,timeout,na,2480,0,0,0,1,0,0,0,0,
no_atom_decomposition,NUM/NUM728^1.p,TH0,Theorem,thm,yes,14,10,0,10,2,0,0,1,1,
no_atom_decomposition,NUM/NUM728^4.p,TH0,Theorem,timeout,na,2488,0,0,0,1,0,0,0,0,
no_atom_decomposition,NUM/NUM729^1.p,TH0,Theorem,thm,yes,17,12,0,12,2,0,0,1,1,
no_atom_decomposition,NUM/NUM729^4.p,TH0,Theorem,timeout,na,2507,0,0,0,1,0,0,0,0,
no_atom_decomposition,NUM/NUM730^1.p,TH0,Theorem,thm,yes,12,5,0,5,1,0,0,1,1,
no_atom_decomposition,NUM/NUM730^4.p,TH0,Theorem,timeout,na,2511,0,0,0,1,0,0,0,0,
no_atom_decomposition,NUM/NUM736^1.p,TH0,Theorem,thm,yes,10,9,0,9,2,0,0,1,1,
no_atom_decomposition,NUM/NUM736^4.p,TH0,Theorem,timeout,na,2512,0,0,0,1,0,0,0,0,
no_atom_decomposition,NUM/NUM737^1.p,TH0,Theorem,timeout,na,2088,2549,129,2549,332,8,0,1,0,
no_atom_decomposition,NUM/NUM737^4.p,TH0,Theorem,timeout,na,2514,0,0,0,1,0,0,0,0,
no_atom_decomposition,NUM/NUM738^1.p,TH0,Theorem,timeout,na,2218,5363,114,5363,1709,0,0,3,0,
no_atom_decomposition,NUM/NUM738^4.p,TH0,Theorem,timeout,na,2501,0,0,0,1,0,0,0,0,
no_atom_decomposition,NUM/NUM739^1.p,TH0,Theorem,timeout,na,2347,6129,47,6129,2227,1,0,2,0,
no_atom_decomposition,NUM/NUM739^4.p,TH0,Theorem,timeout,na,2513,0,0,0,1,0,0,0,0,
no_atom_decomposition,NUM/NUM740^1.p,TH0,Theorem,thm,yes,19,42,0,42,6,0,0,1,1,
no_atom_decomposition,NUM/NUM740^4.p,TH0,Theorem,timeout,na,2530,0,0,0,1,0,0,0,0,
no_atom_decomposition,NUM/NUM741^1.p,TH0,Theorem,timeout,na,2201,3234,104,3234,653,48,0,2,0,
no_atom_decomposition,NUM/NUM741^4.p,TH0,Theorem,timeout,na,2549,0,0,0,1,0,0,0,0,
no_atom_decomposition,NUM/NUM742^1.p,TH0,Theorem,timeout,na,2271,5693,106,5693,1900,19,0,1,0,
no_atom_decomposition,NUM/NUM742^4.p,TH0,Theorem,timeout,na,2553,0,0,0,1,0,0,0,0,
no_atom_decomposition,NUM/NUM743^1.p,TH0,Theorem,timeout,na,2187,5227,164,5227,1374,16,0,2,0,
no_atom_decomposition,NUM/NUM743^4.p,TH0,Theorem,timeout,na,2523,0,0,0,1,0,0,0,0,
no_atom_decomposition,NUM/NUM746^1.p,TH0,Theorem,timeout,na,2170,4422,97,4422,1199,81,0,1,0,
no_atom_decomposition,NUM/NUM746^4.p,TH0,Theorem,timeout,na,2537,0,0,0,1,0,0,0,0,
no_atom_decomposition,NUM/NUM747^1.p,TH0,Theorem,thm,yes,17,14,0,14,2,0,0,1,1,
no_atom_decomposition,NUM/NUM747^4.p,TH0,Theorem,timeout,na,2579,0,0,0,1,0,0,0,0,
no_atom_decomposition,NUM/NUM748^1.p,TH0,Theorem,timeout,na,2034,2346,174,2346,84,6,0,4,0,
no_atom_decomposition,NUM/NUM748^4.p,TH0,Theorem,timeout,na,2580,0,0,0,1,0,0,0,0,
no_atom_decomposition,NUM/NUM749^1.p,TH0,Theorem,thm,yes,10,12,0,12,2,0,0,1,1,
no_atom_decomposition,NUM/NUM749^4.p,TH0,Theorem,timeout,na,2586,0,0,0,1,0,0,0,0,
no_atom_decomposition,NUM/NUM750^1.p,TH0,Theorem,thm,yes,33,25,0,25,3,0,0,3,1,
no_atom_decomposition,NUM/NUM750^4.p,TH0,Theorem,timeout,na,2588,0,0,0,1,0,0,0,0,
no_atom_decomposition,NUM/NUM751^1.p,TH0,Theorem,timeout,na,2250,3780,61,3780,1269,9,0,4,0,
no_atom_decomposition,NUM/NUM751^4.p,TH0,Theorem,timeout,na,2551,0,0,0,1,0,0,0,0,
no_atom_decomposition,NUM/NUM752^1.p,TH0,Theorem,thm,yes,27,20,0,20,3,0,0,2,1,
no_atom_decomposition,NUM/NUM752^4.p,TH0,Theorem,timeout,na,2592,0,0,0,1,0,0,0,0,
no_atom_decomposition,NUM/NUM753^1.p,TH0,Theorem,timeout,na,2292,4168,35,4169,1530,0,0,4,0,
no_atom_decomposition,NUM/NUM753^4.p,TH0,Theorem,timeout,na,2592,0,0,0,1,0,0,0,0,
no_atom_decomposition,NUM/NUM754^1.p,TH0,Theorem,timeout,na,2253,3738,68,3738,1217,18,0,4,0,
no_atom_decomposition,NUM/NUM754^4.p,TH0,Theorem,timeout,na,2592,0,0,0,1,0,0,0,0,
no_atom_decomposition,NUM/NUM755^1.p,TH0,Theorem,timeout,na,2148,4731,95,4731,898,206,0,1,0,
no_atom_decomposition,NUM/NUM755^4.p,TH0,Theorem,timeout,na,2573,0,0,0,1,0,0,0,0,
no_atom_decomposition,NUM/NUM756^1.p,TH0,Theorem,timeout,na,2187,4724,15,4724,1346,8,0,4,0,
no_atom_decomposition,NUM/NUM756^4.p,TH0,Theorem,timeout,na,2601,0,0,0,1,0,0,0,0,
no_atom_decomposition,NUM/NUM757^1.p,TH0,Theorem,timeout,na,2162,4682,69,4682,1033,150,0,1,0,
no_atom_decomposition,NUM/NUM757^4.p,TH0,Theorem,timeout,na,2576,0,0,0,1,0,0,0,0,
no_atom_decomposition,NUM/NUM758^1.p,TH0,Theorem,timeout,na,2294,3904,43,3904,1394,32,0,3,0,
no_atom_decomposition,NUM/NUM758^4.p,TH0,Theorem,timeout,na,2615,0,0,0,1,0,0,0,0,
no_atom_decomposition,NUM/NUM759^1.p,TH0,Theorem,timeout,na,2256,4214,87,4214,1147,46,0,2,0,
no_atom_decomposition,NUM/NUM759^4.p,TH0,Theorem,timeout,na,2617,0,0,0,1,0,0,0,0,
no_atom_decomposition,NUM/NUM760^1.p,TH0,Theorem,timeout,na,2244,4951,97,4951,1408,2,0,2,0,
no_atom_decomposition,NUM/NUM760^4.p,TH0,Theorem,timeout,na,2618,0,0,0,1,0,0,0,0,
no_atom_decomposition,NUM/NUM761^1.p,TH0,Theorem,timeout,na,2204,4174,87,4174,1301,13,0,1,0,
no_atom_decomposition,NUM/NUM761^4.p,TH0,Theorem,timeout,na,2619,0,0,0,1,0,0,0,0,
no_atom_decomposition,NUM/NUM762^1.p,TH0,Theorem,timeout,na,2252,4251,78,4251,1282,0,0,2,0,
no_atom_decomposition,NUM/NUM762^4.p,TH0,Theorem,timeout,na,2599,0,0,0,1,0,0,0,0,
no_atom_decomposition,NUM/NUM765^1.p,TH0,Theorem,timeout,na,2156,3097,57,3097,875,33,0,1,0,
no_atom_decomposition,NUM/NUM765^4.p,TH0,Theorem,timeout,na,2633,0,0,0,1,0,0,0,0,
no_atom_decomposition,NUM/NUM766^1.p,TH0,Theorem,timeout,na,2059,1407,63,1407,146,12,0,1,0,
no_atom_decomposition,NUM/NUM766^4.p,TH0,Theorem,timeout,na,2652,0,0,0,1,0,0,0,0,
no_atom_decomposition,NUM/NUM767^1.p,TH0,Theorem,timeout,na,2370,6171,43,6171,2146,0,0,3,0,
no_atom_decomposition,NUM/NUM767^4.p,TH0,Theorem,timeout,na,2639,0,0,0,1,0,0,0,0,
no_atom_decomposition,NUM/NUM768^1.p,TH0,Theorem,timeout,na,2145,2263,64,2263,539,11,0,2,0,
no_atom_decomposition,NUM/NUM768^4.p,TH0,Theorem,timeout,na,2645,0,0,0,1,0,0,0,0,
no_atom_decomposition,NUM/NUM769^1.p,TH0,Theorem,thm,yes,20,33,0,33,5,0,0,1,1,
no_atom_decomposition,NUM/NUM769^4.p,TH0,Theorem,timeout,na,2626,0,0,0,1,0,0,0,0,
no_atom_decomposition,NUM/NUM770^1.p,TH0,Theorem,timeout,na,2164,4441,82,4441,1213,134,0,1,0,
no_atom_decomposition,NUM/NUM770^4.p,TH0,Theorem,timeout,na,2620,0,0,0,1,0,0,0,0,
no_atom_decomposition,NUM/NUM771^1.p,TH0,Theorem,timeout,na,2036,2266,138,2266,128,5,0,5,0,
no_atom_decomposition,NUM/NUM771^4.p,TH0,Theorem,timeout,na,2667,0,0,0,1,0,0,0,0,
no_atom_decomposition,NUM/NUM781^1.p,TH0,Theorem,thm,yes,4,3,0,3,1,1,0,0,0,
no_atom_decomposition,NUM/NUM781^2.p,TH0,Theorem,thm,yes,12,10,0,10,1,1,0,0,0,
no_atom_decomposition,NUM/NUM781^3.p,TH0,Theorem,thm,yes,9,8,0,8,1,1,0,0,0,
no_atom_decomposition,NUM/NUM781^4.p,TH0,Theorem,timeout,na,2744,0,0,0,1,0,0,0,0,
no_atom_decomposition,NUM/NUM782^1.p,TH0,Theorem,thm,yes,5,3,0,3,1,1,0,0,0,
no_atom_decomposition,NUM/NUM782^4.p,TH0,Theorem,timeout,na,2689,0,0,0,1,0,0,0,0,
no_atom_decomposition,NUM/NUM783^1.p,TH0,Theorem,thm,yes,15,8,0,8,1,0,0,1,1,
no_atom_decomposition,NUM/NUM783^4.p,TH0,Theorem,timeout,na,2695,0,0,0,1,0,0,0,0,
no_atom_decomposition,NUM/NUM784^1.p,TH0,Theorem,thm,yes,48,54,1,54,7,2,0,1,1,
no_atom_decomposition,NUM/NUM784^4.p,TH0,Theorem,timeout,na,2717,0,0,0,1,0,0,0,0,
no_atom_decomposition,NUM/NUM785^1.p,TH0,Theorem,thm,yes,47,52,1,52,7,2,0,1,1,
no_atom_decomposition,NUM/NUM785^4.p,TH0,Theorem,timeout,na,2715,0,0,0,1,0,0,0,0,
no_atom_decomposition,NUM/NUM786^1.p,TH0,Theorem,thm,yes,14,16,0,16,3,0,0,1,1,
no_atom_decomposition,NUM/NUM786^4.p,TH0,Theorem,timeout,na,2715,0,0,0,1,0,0,0,0,
no_atom_decomposition,NUM/NUM787^1.p,TH0,Theorem,thm,yes,14,17,0,17,3,0,0,1,1,
no_atom_decomposition,NUM/NUM787^4.p,TH0,Theorem,timeout,na,2715,0,0,0,1,0,0,0,0,
no_atom_decomposition,NUM/NUM788^1.p,TH0,Theorem,thm,yes,49,49,1,49,6,2,0,1,1,
no_atom_decomposition,NUM/NUM788^4.p,TH0,Theorem,timeout,na,2721,0,0,0,1,0,0,0,0,
no_atom_decomposition,NUM/NUM789^1.p,TH0,Theorem,thm,yes,46,49,1,49,6,2,0,1,1,
no_atom_decomposition,NUM/NUM789^4.p,TH0,Theorem,timeout,na,2723,0,0,0,1,0,0,0,0,
no_atom_decomposition,NUM/NUM790^1.p,TH0,Theorem,thm,yes,15,17,0,17,3,0,0,1,1,
no_atom_decomposition,NUM/NUM790^4.p,TH0,Theorem,timeout,na,2711,0,0,0,1,0,0,0,0,
no_atom_decomposition,NUM/NUM791^1.p,TH0,Theorem,thm,yes,14,17,0,17,3,0,0,1,1,
no_atom_decomposition,NUM/NUM791^4.p,TH0,Theorem,timeout,na,2719,0,0,0,1,0,0,0,0,
no_atom_decomposition,NUM/NUM792^1.p,TH0,Theorem,timeout,na,2119,7649,520,7649,849,54,0,3,0,
no_atom_decomposition,NUM/NUM792^4.p,TH0,Theorem,timeout,na,2719,0,0,0,1,0,0,0,0,
no_atom_decomposition,NUM/NUM793^1.p,TH0,Theorem,timeout,na,2088,7414,559,7414,616,56,0,2,0,
no_atom_decomposition,NUM/NUM793^4.p,TH0,Theorem,timeout,na,2754,0,0,0,1,0,0,0,0,
no_atom_decomposition,NUM/NUM795^1.p,TH0,Theorem,timeout,na,2119,6374,363,6374,835,64,0,2,0,
no_atom_decomposition,NUM/NUM795^4.p,TH0,Theorem,timeout,na,2793,0,0,0,1,0,0,0,0,
no_atom_decomposition,NUM/NUM796^1.p,TH0,Theorem,timeout,na,2131,5752,297,5752,938,42,0,2,0,
no_atom_decomposition,NUM/NUM796^4.p,TH0,Theorem,timeout,na,2801,0,0,0,1,0,0,0,0,
no_atom_decomposition,NUM/NUM797^1.p,TH0,Theorem,timeout,na,2050,2847,144,2847,235,4,0,1,0,
no_atom_decomposition,NUM/NUM797^4.p,TH0,Theorem,timeout,na,2228,14,1,14,1,0,0,0,0,
no_atom_decomposition,NUM/NUM798^1.p,TH0,Theorem,timeout,na,2026,17,0,17,2,0,0,0,0,
no_atom_decomposition,NUM/NUM799^1.p,TH0,Theorem,timeout,na,2025,17,0,17,2,0,0,0,0,
no_atom_decomposition,NUM/NUM800^1.p,TH0,Theorem,timeout,na,2036,76,2,76,6,1,0,0,0,
no_atom_decomposition,NUM/NUM801^1.p,TH0,Theorem,timeout,na,2037,19,1,19,2,0,0,0,0,
no_atom_decomposition,NUM/NUM802^5.p,TH0,Theorem,timeout,na,2092,4080,75,4080,504,27,0,2,0,
no_atom_decomposition,NUM/NUM803^5.p,TH0,CounterSatisfiable,csa,yes,10,10,0,10,2,0,1,0,0,C[14AB1Z] (c_star C[ZMFAN] c0)  ¬(C[14AB1Z] c0)
no_atom_decomposition,NUM/NUM804^5.p,TH0,CounterSatisfiable,csa,yes,10,7,0,7,2,0,1,0,0,C[NSZFL] (c_plus C[1E5AMX] c0)  ¬(C[NSZFL] C[1E5AMX])
no_atom_decomposition,NUM/NUM805^5.p,TH0,CounterSatisfiable,csa,yes,13,8,0,8,2,0,1,0,0,C[YVGEL] (c_plus C[Y7349] (cS C[2041QY]))  ¬(C[YVGEL] (cS (c_plus C[Y7349] C[2041QY])))
no_atom_decomposition,NUM/NUM806^5.p,TH0,CounterSatisfiable,csa,yes,14,8,0,8,2,0,1,0,0,C[GQ4NJ] (c_star C[1W39WI] (cS C[12L6B1]))  ¬(C[GQ4NJ] (c_plus (c_star C[1W39WI] C[12L6B1]) C[1W39WI]))
no_atom_decomposition,NUM/NUM807^5.p,TH0,CounterSatisfiable,timeout,na,2049,2367,135,2367,110,25,0,0,0,
no_atom_decomposition,NUM/NUM808^5.p,TH0,Theorem,timeout,na,2058,2181,90,2181,276,12,0,4,0,
no_atom_decomposition,NUM/NUM809^5.p,TH0,Theorem,timeout,na,2095,2353,92,2353,316,0,0,2,0,
no_atom_decomposition,NUM/NUM810^5.p,TH0,Theorem,timeout,na,2077,2152,85,2152,268,0,0,2,0,
no_atom_decomposition,NUM/NUM811^5.p,TH0,Theorem,timeout,na,2069,2143,95,2143,217,0,0,2,0,
no_atom_decomposition,NUM/NUM812^5.p,TH0,Theorem,timeout,na,2043,2785,160,2785,174,0,0,2,0,
no_atom_decomposition,NUM/NUM813^5.p,TH0,Theorem,timeout,na,2046,2430,138,2430,109,53,0,5,0,
no_atom_decomposition,NUM/NUM814^5.p,TH0,Theorem,timeout,na,2052,2652,158,2652,190,0,0,2,0,
no_atom_decomposition,NUM/NUM815^5.p,TH0,Theorem,timeout,na,2055,2562,150,2562,156,0,0,2,0,
no_atom_decomposition,NUM/NUM816^5.p,TH0,Theorem,timeout,na,2040,2597,164,2597,164,0,0,1,0,
no_atom_decomposition,NUM/NUM817^5.p,TH0,Theorem,timeout,na,2040,2449,148,2449,163,0,0,1,0,
no_atom_decomposition,NUM/NUM818^5.p,TH0,CounterSatisfiable,timeout,na,2034,628,8,628,108,4,0,2,0,
no_atom_decomposition,NUM/NUM819^5.p,TH0,Unknown,timeout,na,2071,1967,42,1967,296,38,0,5,0,
no_atom_decomposition,NUM/NUM821^5.p,TH0,Unknown,timeout,na,2051,2383,135,2383,133,36,0,4,0,
no_atom_decomposition,NUM/NUM822^5.p,TH0,Unknown,timeout,na,2093,2739,31,2739,483,42,0,1,0,
no_atom_decomposition,NUM/NUM823^5.p,TH0,Unknown,timeout,na,2082,2934,56,2934,418,60,0,5,0,
no_atom_decomposition,NUM/NUM824^5.p,TH0,Theorem,timeout,na,2030,851,43,851,72,20,0,4,0,
no_atom_decomposition,NUM/NUM825^5.p,TH0,Theorem,timeout,na,2025,922,51,922,53,30,0,0,0,
no_atom_decomposition,NUM/NUM826^5.p,TH0,Theorem,timeout,na,2028,518,31,518,29,6,0,2,0,
no_atom_decomposition,NUM/NUM827^5.p,TH0,Theorem,timeout,na,2068,2616,96,2616,258,58,0,1,0,
no_atom_decomposition,NUM/NUM828^5.p,TH0,Theorem,timeout,na,2070,2666,104,2666,270,56,0,1,0,
no_atom_decomposition,NUM/NUM829^5.p,TH0,Theorem,timeout,na,2064,2517,89,2517,252,53,0,1,0,
no_atom_decomposition,NUM/NUM830^5.p,TH0,Theorem,timeout,na,2033,879,18,879,121,7,0,3,0,
no_atom_decomposition,NUM/NUM831^5.p,TH0,Unknown,timeout,na,2052,1982,85,1982,181,0,0,1,0,
no_atom_decomposition,NUM/NUM832^5.p,TH0,Theorem,timeout,na,2044,1918,119,1918,127,0,0,1,0,
no_atom_decomposition,NUM/NUM833^5.p,TH0,Unknown,timeout,na,2045,1219,48,1219,128,0,0,1,0,
no_atom_decomposition,NUM/NUM834^5.p,TH0,Unknown,timeout,na,2030,364,11,364,42,0,0,1,0,
no_atom_decomposition,NUM/NUM863^1.p,TH0,Theorem,timeout,na,2149,1892,5,1892,281,0,0,0,0,
no_atom_decomposition,NUM/NUM923^1.p,TH0,Theorem,timeout,na,2159,2086,165,2086,76,0,0,1,0,
no_atom_decomposition,NUM/NUM923^2.p,TH1,Theorem,parser_error,na,0,,,,,,,,,cached: Failed to parse formula 'fact_81_split__paired__Ex': [byte:26352] Type Error: Cannot unify strict function types of different arities.
no_atom_decomposition,NUM/NUM923^3.p,TH1,Theorem,parser_error,na,0,,,,,,,,,cached: Failed to parse formula 'fact_125_split__paired__Ex': [byte:41018] Type Error: Cannot unify strict function types of different arities.
no_atom_decomposition,NUM/NUM923^4.p,TH1,Theorem,parser_error,na,0,,,,,,,,,cached: Failed to parse formula 'fact_158_split__paired__All': [byte:93412] Type Error: Cannot unify strict function types of different arities.
no_atom_decomposition,NUM/NUM924^1.p,TH0,ContradictoryAxioms,timeout,na,2661,4598,16,4598,517,0,0,0,0,
no_atom_decomposition,NUM/NUM924^2.p,TH0,Theorem,timeout,na,2705,614,61,614,1,0,0,0,0,
no_atom_decomposition,NUM/NUM924^3.p,TH0,ContradictoryAxioms,timeout,na,3385,567,56,567,1,0,0,0,0,
no_atom_decomposition,NUM/NUM924^4.p,TH1,Theorem,parser_error,na,0,,,,,,,,,cached: Failed to parse formula 'fact_2709_ex__nat': [byte:738104] Type Error: Cannot unify strict function types of different arities.
no_atom_decomposition,NUM/NUM925^1.p,TH0,Theorem,timeout,na,2724,5676,11,5676,1379,0,0,1,0,
no_atom_decomposition,NUM/NUM925^2.p,TH0,Theorem,timeout,na,2602,744,74,744,1,0,0,0,0,
no_atom_decomposition,NUM/NUM925^3.p,TH0,Theorem,timeout,na,3256,548,54,548,1,0,0,0,0,
no_atom_decomposition,NUM/NUM925^4.p,TH1,Theorem,parser_error,na,0,,,,,,,,,cached: Failed to parse formula 'fact_2744_ex__nat': [byte:691477] Type Error: Cannot unify strict function types of different arities.
no_atom_decomposition,NUM/NUM926^1.p,TH0,Theorem,timeout,na,2221,1363,70,1363,141,2,0,1,0,
no_atom_decomposition,NUM/NUM926^2.p,TH0,Theorem,timeout,na,2711,617,61,617,1,0,0,0,0,
no_atom_decomposition,NUM/NUM926^3.p,TH0,Theorem,timeout,na,3390,564,56,564,1,0,0,0,0,
no_atom_decomposition,NUM/NUM926^4.p,TH1,Theorem,parser_error,na,0,,,,,,,,,cached: Failed to parse formula 'fact_2727_ex__nat': [byte:747317] Type Error: Cannot unify strict function types of different arities.
no_atom_decomposition,NUN/NUN021^1.p,TH0,Satisfiable,no_conjecture,na,17,,,,,,,,,
no_atom_decomposition,NUN/NUN022^1.p,TH0,Satisfiable,timeout,na,2005,1059,126,1059,1,0,0,0,0,
no_atom_decomposition,NUN/NUN023^1.p,TH0,Theorem,timeout,na,2056,2326,112,2326,213,16,0,2,0,
no_atom_decomposition,NUN/NUN023^2.p,TH0,Theorem,timeout,na,2050,2219,107,2219,154,22,0,2,0,
no_atom_decomposition,NUN/NUN024^1.p,TH0,Theorem,timeout,na,2061,2576,123,2576,229,35,0,1,0,
no_atom_decomposition,NUN/NUN024^2.p,TH0,Theorem,timeout,na,2070,2398,101,2398,241,31,0,1,0,
no_atom_decomposition,NUN/NUN025^1.p,TH0,Theorem,timeout,na,2050,2717,159,2717,184,15,0,1,0,
no_atom_decomposition,NUN/NUN025^2.p,TH0,Theorem,timeout,na,2049,2464,155,2464,161,16,0,1,0,
no_atom_decomposition,NUN/NUN025^3.p,TH0,Theorem,timeout,na,2060,2356,112,2356,190,24,0,1,0,
no_atom_decomposition,NUN/NUN026^1.p,TH1,Theorem,parse_timeout,na,0,,,,,,,,,cached: parse exceeded 5000ms
no_atom_decomposition,NUN/NUN027^1.p,TH1,Theorem,parse_timeout,na,0,,,,,,,,,cached: parse exceeded 5000ms
no_atom_decomposition,NUN/NUN028^1.p,TH1,Theorem,parse_timeout,na,0,,,,,,,,,cached: parse exceeded 5000ms
no_atom_decomposition,NUN/NUN029^1.p,TH1,Theorem,parse_timeout,na,0,,,,,,,,,cached: parse exceeded 5000ms
no_atom_decomposition,NUN/NUN030^1.p,TH1,Theorem,parse_timeout,na,0,,,,,,,,,cached: parse exceeded 5000ms
no_atom_decomposition,NUN/NUN031^1.p,TH1,Theorem,parse_timeout,na,0,,,,,,,,,cached: parse exceeded 5000ms
no_atom_decomposition,NUN/NUN032^1.p,TH1,Theorem,parse_timeout,na,0,,,,,,,,,cached: parse exceeded 5000ms
no_atom_decomposition,NUN/NUN033^1.p,TH1,Theorem,parse_timeout,na,0,,,,,,,,,cached: parse exceeded 5000ms
no_atom_decomposition,NUN/NUN034^1.p,TH1,Theorem,parse_timeout,na,0,,,,,,,,,cached: parse exceeded 5000ms
no_atom_decomposition,NUN/NUN035^1.p,TH1,Theorem,parse_timeout,na,0,,,,,,,,,cached: parse exceeded 5000ms
no_atom_decomposition,NUN/NUN036^1.p,TH1,Theorem,parse_timeout,na,0,,,,,,,,,cached: parse exceeded 5000ms
no_atom_decomposition,NUN/NUN037^1.p,TH1,Theorem,parse_timeout,na,0,,,,,,,,,cached: parse exceeded 5000ms
no_atom_decomposition,NUN/NUN038^1.p,TH1,Theorem,parse_timeout,na,0,,,,,,,,,cached: parse exceeded 5000ms
no_atom_decomposition,NUN/NUN039^1.p,TH1,Theorem,parse_timeout,na,0,,,,,,,,,cached: parse exceeded 5000ms
no_atom_decomposition,NUN/NUN040^1.p,TH1,Theorem,parse_timeout,na,0,,,,,,,,,cached: parse exceeded 5000ms
no_atom_decomposition,NUN/NUN041^1.p,TH1,Theorem,parse_timeout,na,0,,,,,,,,,cached: parse exceeded 5000ms
no_atom_decomposition,NUN/NUN042^1.p,TH1,Theorem,parse_timeout,na,0,,,,,,,,,cached: parse exceeded 5000ms
no_atom_decomposition,NUN/NUN043^1.p,TH1,Theorem,parse_timeout,na,0,,,,,,,,,cached: parse exceeded 5000ms
no_atom_decomposition,NUN/NUN044^1.p,TH1,Theorem,parse_timeout,na,0,,,,,,,,,cached: parse exceeded 5000ms
no_atom_decomposition,NUN/NUN045^1.p,TH1,Theorem,parse_timeout,na,0,,,,,,,,,cached: parse exceeded 5000ms
no_atom_decomposition,NUN/NUN046^1.p,TH1,ContradictoryAxioms,timeout,na,2077,2233,65,2233,137,52,0,0,0,
no_atom_decomposition,NUN/NUN047^1.p,TH1,ContradictoryAxioms,timeout,na,2048,1422,28,1422,154,44,0,1,0,
no_atom_decomposition,NUN/NUN048^1.p,TH1,Theorem,timeout,na,2125,3971,104,3971,196,38,0,0,0,
no_atom_decomposition,NUN/NUN049^1.p,TH1,Theorem,timeout,na,2039,805,45,805,57,7,0,0,0,
no_atom_decomposition,NUN/NUN050^1.p,TH1,Theorem,timeout,na,2048,946,54,946,57,12,0,0,0,
no_atom_decomposition,NUN/NUN051^1.p,TH1,Theorem,timeout,na,2057,1157,30,1157,129,32,0,1,0,
no_atom_decomposition,NUN/NUN052^1.p,TH1,CounterSatisfiable,timeout,na,2077,1905,82,1905,220,5,0,1,0,
no_atom_decomposition,NUN/NUN053^4.p,TH0,Satisfiable,no_conjecture,na,1819,,,,,,,,,
no_atom_decomposition,NUN/NUN093^1.p,TH0,Unknown,timeout,na,3675,0,0,0,1,0,0,0,0,
no_atom_decomposition,NUN/NUN094^1.p,TH0,Unknown,timeout,na,3691,0,0,0,1,0,0,0,0,
no_atom_decomposition,NUN/NUN095^1.p,TH0,Unknown,timeout,na,3571,0,0,0,1,0,0,0,0,
no_atom_decomposition,NUN/NUN096^1.p,TH0,Unknown,timeout,na,3530,0,0,0,1,0,0,0,0,
no_atom_decomposition,NUN/NUN097^1.p,TH0,Unknown,timeout,na,2896,0,0,0,1,0,0,0,0,
no_atom_decomposition,NUN/NUN098^1.p,TH0,Unknown,timeout,na,2884,0,0,0,1,0,0,0,0,
no_atom_decomposition,NUN/NUN099^1.p,TH0,Unknown,timeout,na,3347,0,0,0,1,0,0,0,0,
no_atom_decomposition,NUN/NUN100^1.p,TH0,Unknown,timeout,na,3332,0,0,0,1,0,0,0,0,
no_atom_decomposition,NUN/NUN101^1.p,TH0,Unknown,timeout,na,3201,0,0,0,1,0,0,0,0,
no_atom_decomposition,NUN/NUN102^1.p,TH0,Unknown,timeout,na,3182,0,0,0,1,0,0,0,0,
no_atom_decomposition,NUN/NUN103^1.p,TH0,Unknown,timeout,na,2839,0,0,0,1,0,0,0,0,
no_atom_decomposition,NUN/NUN104^1.p,TH0,Unknown,timeout,na,2862,0,0,0,1,0,0,0,0,
no_atom_decomposition,NUN/NUN105^1.p,TH0,Unknown,timeout,na,3290,0,0,0,1,0,0,0,0,
no_atom_decomposition,NUN/NUN106^1.p,TH0,Unknown,timeout,na,3286,0,0,0,1,0,0,0,0,
no_atom_decomposition,NUN/NUN107^1.p,TH0,Unknown,timeout,na,3294,0,0,0,1,0,0,0,0,
no_atom_decomposition,NUN/NUN108^1.p,TH0,Unknown,timeout,na,3274,0,0,0,1,0,0,0,0,
no_atom_decomposition,NUN/NUN109^1.p,TH0,Unknown,timeout,na,2582,0,0,0,1,0,0,0,0,
no_atom_decomposition,NUN/NUN110^1.p,TH0,Unknown,timeout,na,2602,0,0,0,1,0,0,0,0,
no_atom_decomposition,NUN/NUN111^1.p,TH0,Unknown,timeout,na,3541,0,0,0,1,0,0,0,0,
no_atom_decomposition,NUN/NUN112^1.p,TH0,Unknown,timeout,na,3575,0,0,0,1,0,0,0,0,
no_atom_decomposition,NUN/NUN113^1.p,TH0,Unknown,timeout,na,3170,0,0,0,1,0,0,0,0,
no_atom_decomposition,NUN/NUN114^1.p,TH0,Unknown,timeout,na,3160,0,0,0,1,0,0,0,0,
no_atom_decomposition,NUN/NUN115^1.p,TH0,Unknown,timeout,na,4051,0,0,0,1,0,0,0,0,
no_atom_decomposition,NUN/NUN116^1.p,TH0,Unknown,timeout,na,4045,0,0,0,1,0,0,0,0,
no_atom_decomposition,NUN/NUN117^1.p,TH0,Unknown,timeout,na,3625,0,0,0,1,0,0,0,0,
no_atom_decomposition,NUN/NUN118^1.p,TH0,Unknown,timeout,na,3697,0,0,0,1,0,0,0,0,
no_atom_decomposition,NUN/NUN119^1.p,TH0,Unknown,timeout,na,3343,0,0,0,1,0,0,0,0,
no_atom_decomposition,NUN/NUN120^1.p,TH0,Unknown,timeout,na,3331,0,0,0,1,0,0,0,0,
no_atom_decomposition,NUN/NUN121^1.p,TH0,Unknown,timeout,na,3218,0,0,0,1,0,0,0,0,
no_atom_decomposition,NUN/NUN122^1.p,TH0,Unknown,timeout,na,3203,0,0,0,1,0,0,0,0,
no_atom_decomposition,NUN/NUN123^1.p,TH0,Unknown,timeout,na,4217,0,0,0,1,0,0,0,0,
no_atom_decomposition,NUN/NUN124^1.p,TH0,Unknown,timeout,na,4317,0,0,0,1,0,0,0,0,
no_atom_decomposition,NUN/NUN125^1.p,TH0,Unknown,timeout,na,2983,0,0,0,1,0,0,0,0,
no_atom_decomposition,NUN/NUN126^1.p,TH0,Unknown,timeout,na,2963,0,0,0,1,0,0,0,0,
no_atom_decomposition,NUN/NUN127^1.p,TH0,Unknown,timeout,na,3352,0,0,0,1,0,0,0,0,
no_atom_decomposition,NUN/NUN128^1.p,TH0,Unknown,timeout,na,3371,0,0,0,1,0,0,0,0,
no_atom_decomposition,NUN/NUN129^1.p,TH0,Unknown,timeout,na,3540,0,0,0,1,0,0,0,0,
no_atom_decomposition,NUN/NUN130^1.p,TH0,Unknown,timeout,na,3519,0,0,0,1,0,0,0,0,
no_atom_decomposition,NUN/NUN131^1.p,TH0,Unknown,timeout,na,3765,0,0,0,1,0,0,0,0,
no_atom_decomposition,NUN/NUN132^1.p,TH0,Unknown,timeout,na,3736,0,0,0,1,0,0,0,0,
no_atom_decomposition,PHI/PHI001^1.p,TH0,Satisfiable,no_conjecture,na,43,,,,,,,,,
no_atom_decomposition,PHI/PHI002^1.p,TH0,Theorem,timeout,na,2056,310,15,310,27,0,0,1,0,
no_atom_decomposition,PHI/PHI002^2.p,TH0,Theorem,timeout,na,2058,411,20,411,42,4,0,1,0,
no_atom_decomposition,PHI/PHI002^8.p,unknown,Theorem,parser_error,na,0,,,,,,,,,cached: Lexer failed to parse entire string. Unparsed: {$box} @ ( ! [X: $i] : ( ( Phi @ X ) => ( Psi @ X ) ) ) ) ) => ( positive @ Psi ) ) ). %----T1: Positive properties are possibly exemplified. thf(t1 conj
no_atom_decomposition,PHI/PHI003^1.p,TH0,Theorem,timeout,na,2069,261,10,261,28,0,0,0,0,
no_atom_decomposition,PHI/PHI003^2.p,TH0,Theorem,timeout,na,2067,583,21,583,62,0,0,1,0,
no_atom_decomposition,PHI/PHI003^6.p,unknown,Theorem,parser_error,na,0,,,,,,,,,cached: Lexer failed to parse entire string. Unparsed: {$possible} @ ( ? [X: entity] : ( god_like @ X ) ) ) ). %------------------------------------------------------------------------------ 
no_atom_decomposition,PHI/PHI003^7.p,unknown,CounterSatisfiable,parser_error,na,0,,,,,,,,,cached: Lexer failed to parse entire string. Unparsed: {$possible} @ ( ? [X: entity] : ( god_like @ X ) ) ) ). %------------------------------------------------------------------------------ 
no_atom_decomposition,PHI/PHI003^8.p,unknown,Theorem,parser_error,na,0,,,,,,,,,cached: Lexer failed to parse entire string. Unparsed: {$box} @ ( ! [X: $i] : ( ( Phi @ X ) => ( Psi @ X ) ) ) ) ) => ( positive @ Psi ) ) ). %----D1: A God-like being possesses all positive properties. thf(d
no_atom_decomposition,PHI/PHI004^1.p,TH0,Theorem,timeout,na,2080,558,23,558,52,0,0,1,0,
no_atom_decomposition,PHI/PHI004^2.p,TH0,Theorem,timeout,na,2092,1279,38,1279,154,14,0,1,0,
no_atom_decomposition,PHI/PHI004^4.p,TH0,Theorem,timeout,na,2045,1303,93,1303,70,0,0,1,0,
no_atom_decomposition,PHI/PHI004^8.p,unknown,Theorem,parser_error,na,0,,,,,,,,,cached: Lexer failed to parse entire string. Unparsed: {$box} @ ( ! [X: $i] : ( ( Phi @ X ) => ( Psi @ X ) ) ) ) ) => ( positive @ Psi ) ) ). %----D1: A God-like being possesses all positive properties. thf(d
no_atom_decomposition,PHI/PHI005^1.p,TH0,Theorem,timeout,na,2105,800,19,800,129,8,0,1,0,
no_atom_decomposition,PHI/PHI005^10.p,unknown,Theorem,parser_error,na,0,,,,,,,,,cached: Lexer failed to parse entire string. Unparsed: {$necessary} @ ( ! [X: individual] : ( ( Phi @ X ) <=> ( ^ [Y: individual] : ( ( Phi @ Y ) & ~ ( Phi @ Y ) ) @ X ) ) ) ) => ( ( positive @ Phi ) <=> ( po
no_atom_decomposition,PHI/PHI005^2.p,TH0,Theorem,timeout,na,2145,1832,21,1832,181,16,0,0,0,
no_atom_decomposition,PHI/PHI005^3.p,TH0,CounterSatisfiable,timeout,na,2079,579,26,579,54,4,0,1,0,
no_atom_decomposition,PHI/PHI005^4.p,TH0,Theorem,timeout,na,2065,1121,41,1121,138,0,0,1,0,
no_atom_decomposition,PHI/PHI005^6.p,unknown,Theorem,parser_error,na,0,,,,,,,,,cached: Lexer failed to parse entire string. Unparsed: {$necessary} @ ( ? [X: entity] : ( god_like @ X ) ) ) ). %------------------------------------------------------------------------------ 
no_atom_decomposition,PHI/PHI005^8.p,unknown,Theorem,parser_error,na,0,,,,,,,,,cached: Lexer failed to parse entire string. Unparsed: {$box} @ ( ! [X: $i] : ( ( Phi @ X ) => ( Psi @ X ) ) ) ) ) => ( positive @ Psi ) ) ). %----D1: A God-like being possesses all positive properties. thf(d
no_atom_decomposition,PHI/PHI005^9.p,unknown,Theorem,parser_error,na,0,,,,,,,,,cached: Lexer failed to parse entire string. Unparsed: {$necessary} @ ( ! [X: individual] : ( ( Phi @ X ) <=> ( Psi @ X ) ) ) ) => ( ( positive @ Phi ) <=> ( positive @ Psi ) ) ) ). %----Contradictory propert
no_atom_decomposition,PHI/PHI006^4.p,TH0,ContradictoryAxioms,timeout,na,2074,1086,68,1086,74,0,0,1,0,
no_atom_decomposition,PHI/PHI006^5.p,TH0,ContradictoryAxioms,timeout,na,2068,823,46,823,63,0,0,1,0,
no_atom_decomposition,PHI/PHI007^4.p,TH0,ContradictoryAxioms,timeout,na,2064,646,51,646,44,0,0,2,0,
no_atom_decomposition,PHI/PHI007^5.p,TH0,ContradictoryAxioms,timeout,na,2031,215,7,215,25,0,0,2,0,
no_atom_decomposition,PHI/PHI008^4.p,TH0,Theorem,timeout,na,2053,789,30,789,85,0,0,1,0,
no_atom_decomposition,PHI/PHI043^1.p,TH0,Theorem,timeout,na,2054,333,13,333,35,4,0,2,0,
no_atom_decomposition,PHI/PHI043^2.p,TH0,Theorem,timeout,na,2065,191,2,191,34,2,0,0,0,
no_atom_decomposition,PHI/PHI045^10.p,unknown,Theorem,parser_error,na,0,,,,,,,,,cached: Lexer failed to parse entire string. Unparsed: {$necessary} @ ( ! [X: individual] : ( ( exists @ X ) => ( ( Phi @ X ) <=> ( ^ [Y: individual] : ( ( Phi @ Y ) & ~ ( Phi @ Y ) ) @ X ) ) ) ) ) => ( ( pos
no_atom_decomposition,PHI/PHI045^6.p,TH0,Theorem,thm,yes,1337,1059,63,1059,82,7,0,1,1,
no_atom_decomposition,PHI/PHI045^7.p,unknown,Theorem,parser_error,na,0,,,,,,,,,cached: Lexer failed to parse entire string. Unparsed: {$necessary} @ ( ! [X: individual] : ( ( Phi @ X ) <=> ( Psi @ X ) ) ) ) => ( ( positive @ Phi ) <=> ( positive @ Psi ) ) ) ). %----Contradictory propert
no_atom_decomposition,PHI/PHI045^8.p,unknown,Theorem,parser_error,na,0,,,,,,,,,cached: Lexer failed to parse entire string. Unparsed: {$necessary} @ ( ! [X: individual] : ( ( Phi @ X ) <=> ( ^ [Y: individual] : ( ( Phi @ Y ) & ~ ( Phi @ Y ) ) @ X ) ) ) ) => ( ( positive @ Phi ) <=> ( po
no_atom_decomposition,PHI/PHI045^9.p,unknown,Theorem,parser_error,na,0,,,,,,,,,cached: Lexer failed to parse entire string. Unparsed: {$necessary} @ ( ! [X: individual] : ( ( exists @ X ) => ( ( Phi @ X ) <=> ( Psi @ X ) ) ) ) ) => ( ( positive @ Phi ) <=> ( positive @ Psi ) ) ) ). %---
no_atom_decomposition,PHI/PHI046^10.p,unknown,Theorem,parser_error,na,0,,,,,,,,,cached: Lexer failed to parse entire string. Unparsed: {$necessary} @ ( ! [X: individual] : ( ( exists @ X ) => ( ( Phi @ X ) <=> ( ^ [Y: individual] : ( ( Phi @ Y ) & ~ ( Phi @ Y ) ) @ X ) ) ) ) ) => ( ( pos
no_atom_decomposition,PHI/PHI046^9.p,unknown,Theorem,parser_error,na,0,,,,,,,,,cached: Lexer failed to parse entire string. Unparsed: {$necessary} @ ( ! [X: individual] : ( ( exists @ X ) => ( ( Phi @ X ) <=> ( Psi @ X ) ) ) ) ) => ( ( positive @ Phi ) <=> ( positive @ Psi ) ) ) ). %---
no_atom_decomposition,PLA/PLA032^7.p,TH0,Theorem,timeout,na,2253,3852,74,3852,189,208,0,0,0,
no_atom_decomposition,PLA/PLA033^7.p,TH0,Theorem,timeout,na,2172,1862,48,1862,204,0,0,0,0,
no_atom_decomposition,PLA/PLA053^15.p,TH0,CounterSatisfiable,timeout,na,2109,2728,50,2728,205,64,0,0,0,
no_atom_decomposition,PLA/PLA053^18.p,TH0,Theorem,timeout,na,2142,3411,27,3411,187,202,0,0,0,
no_atom_decomposition,PLA/PLA053^2.p,TH0,Theorem,timeout,na,2130,3182,79,3182,203,12,0,0,0,
no_atom_decomposition,PLA/PLA053^4.p,TH0,Theorem,timeout,na,2225,3786,51,3786,191,36,0,0,0,
no_atom_decomposition,PLA/PLA053^5.p,TH0,Theorem,timeout,na,2111,3265,129,3265,194,24,0,0,0,
no_atom_decomposition,PLA/PLA054^4.p,TH0,Theorem,timeout,na,2091,1951,82,1951,210,0,0,0,0,
no_atom_decomposition,PRO/PRO019^1.p,TH1,Theorem,timeout,na,3052,97,9,97,1,0,0,0,0,
no_atom_decomposition,PRO/PRO020^1.p,TH1,Theorem,timeout,na,3515,55,5,55,1,0,0,0,0,
no_atom_decomposition,PRO/PRO021^1.p,TH1,Theorem,timeout,na,3965,30,3,30,1,0,0,0,0,
no_atom_decomposition,PRO/PRO022^1.p,TH1,Theorem,timeout,na,3215,45,4,45,1,0,0,0,0,
no_atom_decomposition,PRO/PRO023^1.p,TH1,Theorem,timeout,na,4108,0,0,0,1,0,0,0,0,
no_atom_decomposition,PRO/PRO024^1.p,TH1,Theorem,timeout,na,4604,0,0,0,1,0,0,0,0,
no_atom_decomposition,PRO/PRO025^1.p,TH1,Theorem,timeout,na,4709,0,0,0,1,0,0,0,0,
no_atom_decomposition,PRO/PRO026^1.p,TH1,Theorem,timeout,na,4628,0,0,0,1,0,0,0,0,
no_atom_decomposition,PRO/PRO027^1.p,TH1,Theorem,timeout,na,4531,0,0,0,1,0,0,0,0,
no_atom_decomposition,PRO/PRO028^1.p,TH1,Theorem,timeout,na,4514,0,0,0,1,0,0,0,0,
no_atom_decomposition,PRO/PRO029^16.p,TH0,Theorem,timeout,na,2081,2452,113,2452,257,32,0,0,0,
no_atom_decomposition,PUZ/PUZ031^5.p,TH0,Theorem,timeout,na,2198,1659,6,1659,101,0,0,0,0,
no_atom_decomposition,PUZ/PUZ047^5.p,TH0,Theorem,timeout,na,2340,4723,3,4723,296,0,0,0,0,
no_atom_decomposition,PUZ/PUZ081^1.p,TH0,Theorem,parser_error,na,0,,,,,,,,,cached: Failed to parse formula 'kk_6_6': [byte:2999] Type Error: Cannot unify strict function types of different arities.
no_atom_decomposition,PUZ/PUZ081^2.p,TH0,Theorem,timeout,na,2030,734,16,734,150,3,0,1,0,
no_atom_decomposition,PUZ/PUZ081^3.p,TH0,Theorem,timeout,na,2252,9572,138,9572,234,711,0,0,0,
no_atom_decomposition,PUZ/PUZ082^1.p,TH0,Theorem,unk,na,7,4,0,4,1,0,0,0,0,
no_atom_decomposition,PUZ/PUZ083^1.p,TH0,Theorem,unk,na,6,4,0,4,1,0,0,0,0,
no_atom_decomposition,PUZ/PUZ084^1.p,TH0,Theorem,timeout,na,2242,6104,117,6104,255,172,0,0,0,
no_atom_decomposition,PUZ/PUZ085^1.p,TH0,Theorem,timeout,na,2091,2052,138,2052,158,34,0,6,0,
no_atom_decomposition,PUZ/PUZ086^1.p,TH0,Theorem,timeout,na,2144,1771,52,1771,199,0,0,0,0,
no_atom_decomposition,PUZ/PUZ087^1.p,TH0,Theorem,timeout,na,2635,3270,10,3270,307,0,0,0,0,
no_atom_decomposition,PUZ/PUZ087^2.p,TH0,Theorem,timeout,na,2560,2974,11,2974,342,0,0,0,0,
no_atom_decomposition,PUZ/PUZ088^5.p,TH0,Theorem,thm,yes,13,16,0,16,2,0,0,2,1,
no_atom_decomposition,PUZ/PUZ090^5.p,TH0,Theorem,thm,yes,196,1,0,1,1,1,0,0,0,
no_atom_decomposition,PUZ/PUZ091^5.p,TH0,Theorem,thm,yes,356,1,0,1,1,1,0,0,0,
no_atom_decomposition,PUZ/PUZ092^5.p,TH0,Theorem,timeout,na,2058,1774,108,1774,68,42,0,0,0,
no_atom_decomposition,PUZ/PUZ093^5.p,TH0,Theorem,timeout,na,2040,15,1,15,2,0,0,0,0,
no_atom_decomposition,PUZ/PUZ094^5.p,TH0,Theorem,timeout,na,2528,4742,5,4742,230,0,0,0,0,
no_atom_decomposition,PUZ/PUZ095^5.p,TH0,CounterSatisfiable,timeout,na,2028,457,15,457,40,5,0,1,0,
no_atom_decomposition,PUZ/PUZ096^5.p,TH0,CounterSatisfiable,timeout,na,2028,1,0,1,1,0,0,0,0,
no_atom_decomposition,PUZ/PUZ097^5.p,TH0,CounterSatisfiable,timeout,na,2023,1,0,1,1,0,0,0,0,
no_atom_decomposition,PUZ/PUZ098^5.p,TH0,Unknown,timeout,na,2025,3,0,3,1,0,0,0,0,
no_atom_decomposition,PUZ/PUZ099^5.p,TH0,CounterSatisfiable,timeout,na,2043,2593,147,2593,177,0,0,2,0,
no_atom_decomposition,PUZ/PUZ100^5.p,TH0,Theorem,thm,yes,8,4,0,4,1,1,0,0,0,
no_atom_decomposition,PUZ/PUZ101^5.p,TH0,CounterSatisfiable,timeout,na,2022,7,0,7,2,1,0,0,0,
no_atom_decomposition,PUZ/PUZ102^5.p,TH0,Theorem,thm,yes,13,13,0,13,2,0,0,1,1,
no_atom_decomposition,PUZ/PUZ103^5.p,TH0,Theorem,timeout,na,2046,2729,137,2729,265,3,0,2,0,
no_atom_decomposition,PUZ/PUZ104^5.p,TH0,Theorem,timeout,na,2039,2480,132,2480,175,0,0,2,0,
no_atom_decomposition,PUZ/PUZ105^5.p,TH0,CounterSatisfiable,timeout,na,2087,2411,109,2411,340,10,0,2,0,
no_atom_decomposition,PUZ/PUZ106^5.p,TH0,CounterSatisfiable,timeout,na,2051,1480,68,1480,145,10,0,1,0,
no_atom_decomposition,PUZ/PUZ107^5.p,TH0,Theorem,timeout,na,2110,2413,17,2413,260,59,0,0,0,
no_atom_decomposition,PUZ/PUZ108^5.p,TH0,Theorem,timeout,na,2113,2563,45,2563,611,0,0,2,0,
no_atom_decomposition,PUZ/PUZ109^5.p,TH0,Theorem,timeout,na,2040,1325,25,1325,185,0,0,2,0,
no_atom_decomposition,PUZ/PUZ110^5.p,TH0,Theorem,timeout,na,2043,1323,20,1323,229,0,0,2,0,
no_atom_decomposition,PUZ/PUZ111^5.p,TH0,CounterSatisfiable,timeout,na,2145,5556,51,5556,250,332,0,0,0,
no_atom_decomposition,PUZ/PUZ112^5.p,TH0,CounterSatisfiable,timeout,na,2214,9096,78,9096,290,557,0,0,0,
no_atom_decomposition,PUZ/PUZ113^5.p,TH0,Theorem,timeout,na,2043,1126,13,1126,213,0,0,2,0,
no_atom_decomposition,PUZ/PUZ114^5.p,TH0,Theorem,timeout,na,2045,1119,19,1119,229,0,0,2,0,
no_atom_decomposition,PUZ/PUZ115^5.p,TH0,CounterSatisfiable,timeout,na,2044,2581,137,2581,190,1,0,2,0,
no_atom_decomposition,PUZ/PUZ116^5.p,TH0,CounterSatisfiable,timeout,na,2033,1530,74,1530,125,0,0,2,0,
no_atom_decomposition,PUZ/PUZ117^5.p,TH0,CounterSatisfiable,timeout,na,2050,2673,174,2673,163,0,0,2,0,
no_atom_decomposition,PUZ/PUZ118^5.p,TH0,CounterSatisfiable,timeout,na,2039,581,0,581,156,36,0,4,0,
no_atom_decomposition,PUZ/PUZ119^5.p,TH0,CounterSatisfiable,timeout,na,2053,2835,172,2835,190,0,0,2,0,
no_atom_decomposition,PUZ/PUZ120^5.p,TH0,CounterSatisfiable,timeout,na,2045,2634,160,2634,164,0,0,2,0,
no_atom_decomposition,PUZ/PUZ121^5.p,TH0,CounterSatisfiable,timeout,na,2016,199,0,199,55,12,0,0,0,
no_atom_decomposition,PUZ/PUZ122^5.p,TH0,Unknown,timeout,na,2063,670,21,670,105,14,0,0,0,
no_atom_decomposition,PUZ/PUZ123^5.p,TH0,CounterSatisfiable,timeout,na,2042,1668,76,1668,157,18,0,1,0,
no_atom_decomposition,PUZ/PUZ124^5.p,TH0,CounterSatisfiable,timeout,na,2035,420,0,420,89,22,0,1,0,
no_atom_decomposition,PUZ/PUZ125^5.p,TH0,CounterSatisfiable,timeout,na,2048,650,2,650,121,34,0,3,0,
no_atom_decomposition,PUZ/PUZ126^5.p,TH0,CounterSatisfiable,timeout,na,2039,442,0,442,86,23,0,1,0,
no_atom_decomposition,PUZ/PUZ127^5.p,TH0,Theorem,timeout,na,2079,2008,111,2008,210,84,0,0,0,
no_atom_decomposition,PUZ/PUZ136^1.p,TH0,Theorem,timeout,na,2097,4038,276,4038,233,7,0,4,0,
no_atom_decomposition,PUZ/PUZ137^1.p,TH0,Theorem,unk,na,6,3,0,3,1,0,0,0,0,
no_atom_decomposition,PUZ/PUZ140^1.p,TH0,Theorem,thm,yes,38,51,0,51,6,1,0,1,1,
no_atom_decomposition,PUZ/PUZ140^2.p,TH0,Theorem,timeout,na,2048,3155,136,3155,263,19,0,1,0,
no_atom_decomposition,PUZ/PUZ141^1.p,TH0,Theorem,timeout,na,2111,2809,77,2809,420,67,0,1,0,
no_atom_decomposition,PUZ/PUZ142^1.p,TH0,Theorem,timeout,na,3042,9314,2,9314,452,2,0,0,0,
no_atom_decomposition,PUZ/PUZ143^1.p,TH0,CounterSatisfiable,timeout,na,2063,2353,81,2353,128,155,0,2,0,
no_atom_decomposition,PUZ/PUZ144^1.p,TH0,Theorem,timeout,na,3819,6958,7,6958,431,0,0,0,0,
no_atom_decomposition,PUZ/PUZ145^1.p,TH0,Theorem,timeout,na,4292,2928,31,2928,997,0,0,0,0,
no_atom_decomposition,PUZ/PUZ146^1.p,TH0,Theorem,thm,yes,17,26,1,26,2,0,0,1,1,
no_atom_decomposition,PUZ/PUZ147^1.p,TH1,Theorem,parse_timeout,na,0,,,,,,,,,cached: parse exceeded 5000ms
no_atom_decomposition,PUZ/PUZ148^1.p,TH1,Theorem,parse_timeout,na,0,,,,,,,,,cached: parse exceeded 5000ms
no_atom_decomposition,PUZ/PUZ149^13.p,TH0,Theorem,timeout,na,2071,1905,65,1905,211,52,0,0,0,
no_atom_decomposition,PUZ/PUZ150^18.p,TH0,Theorem,timeout,na,2101,1780,57,1780,177,61,0,0,0,
no_atom_decomposition,PUZ/PUZ154^1.p,TH0,CounterSatisfiable,timeout,na,2031,2285,176,2285,74,2,0,2,0,
no_atom_decomposition,QUA/QUA001^1.p,TH0,Theorem,timeout,na,2058,1585,62,1585,119,46,0,1,0,
no_atom_decomposition,QUA/QUA002^1.p,TH0,Theorem,thm,yes,73,67,3,67,4,5,0,0,0,
no_atom_decomposition,QUA/QUA003^1.p,TH0,Theorem,timeout,na,2061,2008,76,2008,155,48,0,1,0,
no_atom_decomposition,QUA/QUA004^1.p,TH0,Theorem,timeout,na,2071,2503,120,2503,194,40,0,1,0,
no_atom_decomposition,QUA/QUA005^1.p,TH0,Theorem,timeout,na,2069,2268,92,2268,194,39,0,1,0,
no_atom_decomposition,QUA/QUA006^1.p,TH0,Theorem,timeout,na,2039,1999,142,1999,75,10,0,1,0,
no_atom_decomposition,QUA/QUA007^1.p,TH0,Theorem,timeout,na,2065,1529,36,1529,150,41,0,1,0,
no_atom_decomposition,QUA/QUA008^1.p,TH0,Theorem,timeout,na,2063,1366,35,1366,134,33,0,1,0,
no_atom_decomposition,QUA/QUA009^1.p,TH0,Theorem,timeout,na,2078,2506,124,2506,164,58,0,0,0,
no_atom_decomposition,QUA/QUA010^1.p,TH0,Theorem,timeout,na,2079,2240,69,2240,221,43,0,1,0,
no_atom_decomposition,QUA/QUA011^1.p,TH0,Theorem,timeout,na,2052,2268,140,2268,116,20,0,1,0,
no_atom_decomposition,QUA/QUA012^1.p,TH0,Theorem,timeout,na,2051,2161,151,2161,91,12,0,1,0,
no_atom_decomposition,QUA/QUA013^1.p,TH0,Theorem,timeout,na,2066,1630,60,1630,141,84,0,6,0,
no_atom_decomposition,QUA/QUA014^1.p,TH0,Theorem,timeout,na,2072,1657,48,1657,154,98,0,6,0,
no_atom_decomposition,QUA/QUA015^1.p,TH0,Theorem,timeout,na,2067,1385,35,1385,141,86,0,6,0,
no_atom_decomposition,QUA/QUA016^1.p,TH0,Theorem,timeout,na,2070,1319,37,1319,124,85,0,5,0,
no_atom_decomposition,QUA/QUA017^1.p,TH0,Theorem,timeout,na,2078,2741,143,2741,182,61,0,1,0,
no_atom_decomposition,QUA/QUA018^1.p,TH0,Theorem,timeout,na,2092,3253,152,3253,163,97,0,0,0,
no_atom_decomposition,QUA/QUA019^1.p,TH0,Theorem,timeout,na,2140,3916,97,3916,487,219,0,1,0,
no_atom_decomposition,QUA/QUA020^1.p,TH0,Theorem,timeout,na,2071,2192,93,2192,188,66,0,2,0,
no_atom_decomposition,QUA/QUA021^1.p,TH0,Satisfiable,no_conjecture,na,17,,,,,,,,,
no_atom_decomposition,RAL/RAL001^1.p,TH1,Theorem,parse_timeout,na,0,,,,,,,,,cached: parse exceeded 5000ms
no_atom_decomposition,RAL/RAL002^1.p,TH1,Theorem,parse_timeout,na,0,,,,,,,,,cached: parse exceeded 5000ms
no_atom_decomposition,RAL/RAL003^1.p,TH1,Theorem,parse_timeout,na,0,,,,,,,,,cached: parse exceeded 5000ms
no_atom_decomposition,RAL/RAL004^1.p,TH1,Theorem,parse_timeout,na,0,,,,,,,,,cached: parse exceeded 5000ms
no_atom_decomposition,RAL/RAL005^1.p,TH1,Theorem,parse_timeout,na,0,,,,,,,,,cached: parse exceeded 5000ms
no_atom_decomposition,RAL/RAL006^1.p,TH1,Theorem,parse_timeout,na,0,,,,,,,,,cached: parse exceeded 5000ms
no_atom_decomposition,RAL/RAL007^1.p,TH1,Theorem,parse_timeout,na,0,,,,,,,,,cached: parse exceeded 5000ms
no_atom_decomposition,RAL/RAL008^1.p,TH1,Theorem,parse_timeout,na,0,,,,,,,,,cached: parse exceeded 5000ms
no_atom_decomposition,RAL/RAL009^1.p,TH1,Theorem,parse_timeout,na,0,,,,,,,,,cached: parse exceeded 5000ms
no_atom_decomposition,RAL/RAL010^1.p,TH1,Theorem,parse_timeout,na,0,,,,,,,,,cached: parse exceeded 5000ms
no_atom_decomposition,RAL/RAL011^1.p,TH1,Theorem,parse_timeout,na,0,,,,,,,,,cached: parse exceeded 5000ms
no_atom_decomposition,RAL/RAL012^1.p,TH1,Theorem,parse_timeout,na,0,,,,,,,,,cached: parse exceeded 5000ms
no_atom_decomposition,RAL/RAL013^1.p,TH1,Theorem,parse_timeout,na,0,,,,,,,,,cached: parse exceeded 5000ms
no_atom_decomposition,RAL/RAL014^1.p,TH1,Theorem,parse_timeout,na,0,,,,,,,,,cached: parse exceeded 5000ms
no_atom_decomposition,RAL/RAL015^1.p,TH1,Theorem,parse_timeout,na,0,,,,,,,,,cached: parse exceeded 5000ms
no_atom_decomposition,RAL/RAL016^1.p,TH1,Theorem,parse_timeout,na,0,,,,,,,,,cached: parse exceeded 5000ms
no_atom_decomposition,RAL/RAL017^1.p,TH1,Theorem,parse_timeout,na,0,,,,,,,,,cached: parse exceeded 5000ms
no_atom_decomposition,RAL/RAL018^1.p,TH1,Theorem,parse_timeout,na,0,,,,,,,,,cached: parse exceeded 5000ms
no_atom_decomposition,RAL/RAL019^1.p,TH1,Theorem,parse_timeout,na,0,,,,,,,,,cached: parse exceeded 5000ms
no_atom_decomposition,RAL/RAL020^1.p,TH1,Theorem,parse_timeout,na,0,,,,,,,,,cached: parse exceeded 5000ms
no_atom_decomposition,RAL/RAL021^1.p,TH1,Theorem,parse_timeout,na,0,,,,,,,,,cached: parse exceeded 5000ms
no_atom_decomposition,RAL/RAL022^1.p,TH1,Theorem,parse_timeout,na,0,,,,,,,,,cached: parse exceeded 5000ms
no_atom_decomposition,RAL/RAL023^1.p,TH1,Theorem,parse_timeout,na,0,,,,,,,,,cached: parse exceeded 5000ms
no_atom_decomposition,RAL/RAL024^1.p,TH1,Theorem,parse_timeout,na,0,,,,,,,,,cached: parse exceeded 5000ms
no_atom_decomposition,RAL/RAL025^1.p,TH1,Theorem,parse_timeout,na,0,,,,,,,,,cached: parse exceeded 5000ms
no_atom_decomposition,RAL/RAL026^1.p,TH1,Theorem,parse_timeout,na,0,,,,,,,,,cached: parse exceeded 5000ms
no_atom_decomposition,RAL/RAL027^1.p,TH1,Theorem,parse_timeout,na,0,,,,,,,,,cached: parse exceeded 5000ms
no_atom_decomposition,RAL/RAL028^1.p,TH1,Theorem,parse_timeout,na,0,,,,,,,,,cached: parse exceeded 5000ms
no_atom_decomposition,RAL/RAL029^1.p,TH1,Theorem,parse_timeout,na,0,,,,,,,,,cached: parse exceeded 5000ms
no_atom_decomposition,RAL/RAL030^1.p,TH1,Theorem,parse_timeout,na,0,,,,,,,,,cached: parse exceeded 5000ms
no_atom_decomposition,RAL/RAL031^1.p,TH1,Theorem,parse_timeout,na,0,,,,,,,,,cached: parse exceeded 5000ms
no_atom_decomposition,RAL/RAL032^1.p,TH1,Theorem,parse_timeout,na,0,,,,,,,,,cached: parse exceeded 5000ms
no_atom_decomposition,RAL/RAL033^1.p,TH1,Theorem,parse_timeout,na,0,,,,,,,,,cached: parse exceeded 5000ms
no_atom_decomposition,RAL/RAL034^1.p,TH1,Theorem,parse_timeout,na,0,,,,,,,,,cached: parse exceeded 5000ms
no_atom_decomposition,RAL/RAL035^1.p,TH1,Theorem,parse_timeout,na,0,,,,,,,,,cached: parse exceeded 5000ms
no_atom_decomposition,RAL/RAL036^1.p,TH1,Theorem,parse_timeout,na,0,,,,,,,,,cached: parse exceeded 5000ms
no_atom_decomposition,RAL/RAL037^1.p,TH1,Theorem,parse_timeout,na,0,,,,,,,,,cached: parse exceeded 5000ms
no_atom_decomposition,RAL/RAL038^1.p,TH1,Theorem,parse_timeout,na,0,,,,,,,,,cached: parse exceeded 5000ms
no_atom_decomposition,RAL/RAL039^1.p,TH1,Theorem,parse_timeout,na,0,,,,,,,,,cached: parse exceeded 5000ms
no_atom_decomposition,RAL/RAL040^1.p,TH1,Theorem,parse_timeout,na,0,,,,,,,,,cached: parse exceeded 5000ms
no_atom_decomposition,RAL/RAL041^1.p,TH1,Theorem,parse_timeout,na,0,,,,,,,,,cached: parse exceeded 5000ms
no_atom_decomposition,RAL/RAL042^1.p,TH1,Theorem,parse_timeout,na,0,,,,,,,,,cached: parse exceeded 5000ms
no_atom_decomposition,RAL/RAL043^1.p,TH1,Theorem,parse_timeout,na,0,,,,,,,,,cached: parse exceeded 5000ms
no_atom_decomposition,RAL/RAL044^1.p,TH1,Theorem,parse_timeout,na,0,,,,,,,,,cached: parse exceeded 5000ms
no_atom_decomposition,RAL/RAL045^1.p,TH1,Theorem,parse_timeout,na,0,,,,,,,,,cached: parse exceeded 5000ms
no_atom_decomposition,RAL/RAL046^1.p,TH1,Theorem,parse_timeout,na,0,,,,,,,,,cached: parse exceeded 5000ms
no_atom_decomposition,RAL/RAL047^1.p,TH1,Theorem,parse_timeout,na,0,,,,,,,,,cached: parse exceeded 5000ms
no_atom_decomposition,RAL/RAL048^1.p,TH1,Theorem,parse_timeout,na,0,,,,,,,,,cached: parse exceeded 5000ms
no_atom_decomposition,RAL/RAL049^1.p,TH1,Theorem,parse_timeout,na,0,,,,,,,,,cached: parse exceeded 5000ms
no_atom_decomposition,RAL/RAL050^1.p,TH1,Theorem,parse_timeout,na,0,,,,,,,,,cached: parse exceeded 5000ms
no_atom_decomposition,RAL/RAL051^1.p,TH1,Theorem,parse_timeout,na,0,,,,,,,,,cached: parse exceeded 5000ms
no_atom_decomposition,RAL/RAL052^1.p,TH1,Theorem,parse_timeout,na,0,,,,,,,,,cached: parse exceeded 5000ms
no_atom_decomposition,RAL/RAL053^1.p,TH1,Theorem,parse_timeout,na,0,,,,,,,,,cached: parse exceeded 5000ms
no_atom_decomposition,RAL/RAL054^1.p,TH1,Theorem,parse_timeout,na,0,,,,,,,,,cached: parse exceeded 5000ms
no_atom_decomposition,RAL/RAL055^1.p,TH1,Theorem,parse_timeout,na,0,,,,,,,,,cached: parse exceeded 5000ms
no_atom_decomposition,RAL/RAL056^1.p,TH1,Theorem,parse_timeout,na,0,,,,,,,,,cached: parse exceeded 5000ms
no_atom_decomposition,RAL/RAL057^1.p,TH1,Theorem,parse_timeout,na,0,,,,,,,,,cached: parse exceeded 5000ms
no_atom_decomposition,RAL/RAL058^1.p,TH1,Theorem,parse_timeout,na,0,,,,,,,,,cached: parse exceeded 5000ms
no_atom_decomposition,RAL/RAL059^1.p,TH1,Theorem,parse_timeout,na,0,,,,,,,,,cached: parse exceeded 5000ms
no_atom_decomposition,RAL/RAL060^1.p,TH1,Theorem,parse_timeout,na,0,,,,,,,,,cached: parse exceeded 5000ms
no_atom_decomposition,RAL/RAL061^1.p,TH1,Theorem,parse_timeout,na,0,,,,,,,,,cached: parse exceeded 5000ms
no_atom_decomposition,RAL/RAL062^1.p,TH1,Theorem,parse_timeout,na,0,,,,,,,,,cached: parse exceeded 5000ms
no_atom_decomposition,RAL/RAL063^1.p,TH1,Theorem,parse_timeout,na,0,,,,,,,,,cached: parse exceeded 5000ms
no_atom_decomposition,RAL/RAL064^1.p,TH1,Theorem,parse_timeout,na,0,,,,,,,,,cached: parse exceeded 5000ms
no_atom_decomposition,RAL/RAL065^1.p,TH1,Theorem,parse_timeout,na,0,,,,,,,,,cached: parse exceeded 5000ms
no_atom_decomposition,RAL/RAL066^1.p,TH1,Theorem,parse_timeout,na,0,,,,,,,,,cached: parse exceeded 5000ms
no_atom_decomposition,RAL/RAL067^1.p,TH1,Theorem,parse_timeout,na,0,,,,,,,,,cached: parse exceeded 5000ms
no_atom_decomposition,RAL/RAL068^1.p,TH1,Theorem,parse_timeout,na,0,,,,,,,,,cached: parse exceeded 5000ms
no_atom_decomposition,RAL/RAL069^1.p,TH1,Theorem,parse_timeout,na,0,,,,,,,,,cached: parse exceeded 5000ms
no_atom_decomposition,RAL/RAL070^1.p,TH1,Theorem,parse_timeout,na,0,,,,,,,,,cached: parse exceeded 5000ms
no_atom_decomposition,SCT/SCT169^1.p,TH0,Theorem,timeout,na,2712,2184,18,2184,925,0,0,1,0,
no_atom_decomposition,SCT/SCT169^2.p,TH0,Theorem,timeout,na,2719,621,62,621,1,0,0,0,0,
no_atom_decomposition,SCT/SCT169^3.p,TH1,Theorem,parser_error,na,0,,,,,,,,,cached: Failed to parse formula 'fact_1119_Skolem__list__nth': Syntax Error: '$o' denotes a type and cannot be used as a term.
no_atom_decomposition,SCT/SCT170^1.p,TH0,Theorem,timeout,na,2737,273,25,273,2,0,0,0,0,
no_atom_decomposition,SCT/SCT170^2.p,TH0,Theorem,timeout,na,4208,175,17,175,2,0,0,0,0,
no_atom_decomposition,SCT/SCT170^3.p,TH0,Theorem,timeout,na,5678,142,13,142,2,0,0,0,0,
no_atom_decomposition,SCT/SCT171^1.p,TH0,Theorem,thm,yes,873,29,1,29,4,4,0,0,0,
no_atom_decomposition,SCT/SCT171^2.p,TH0,Theorem,thm,yes,2245,92,2,92,8,8,0,0,0,
no_atom_decomposition,SCT/SCT171^3.p,TH0,ContradictoryAxioms,thm,na,4850,92,2,92,8,8,0,0,0,
no_atom_decomposition,SET/SET002^3.p,TH0,Theorem,timeout,na,2426,3490,16,3490,192,0,0,0,0,
no_atom_decomposition,SET/SET002^4.p,TH0,Theorem,timeout,na,2351,3581,31,3581,221,0,0,0,0,
no_atom_decomposition,SET/SET002^7.p,TH0,Theorem,timeout,na,2139,1905,112,1905,131,0,0,0,0,
no_atom_decomposition,SET/SET004^4.p,TH0,Theorem,timeout,na,2346,3478,35,3478,215,0,0,0,0,
no_atom_decomposition,SET/SET008^5.p,TH0,Theorem,thm,yes,5,3,0,3,1,1,0,0,0,
no_atom_decomposition,SET/SET009^5.p,TH0,Theorem,thm,yes,21,15,1,15,2,0,0,1,1,
no_atom_decomposition,SET/SET010^5.p,TH0,Theorem,thm,yes,16,4,0,4,1,1,0,0,0,
no_atom_decomposition,SET/SET011^5.p,TH0,Theorem,thm,yes,7,3,0,3,1,1,0,0,0,
no_atom_decomposition,SET/SET013^7.p,TH0,Theorem,timeout,na,2193,1498,96,1498,93,0,0,0,0,
no_atom_decomposition,SET/SET014^4.p,TH0,Theorem,thm,yes,51,51,0,51,9,3,0,1,1,
no_atom_decomposition,SET/SET014^5.p,TH0,Theorem,thm,yes,39,55,0,55,8,4,0,1,1,
no_atom_decomposition,SET/SET014^7.p,TH0,Theorem,timeout,na,2243,204,19,204,2,0,0,0,0,
no_atom_decomposition,SET/SET017^1.p,TH0,Theorem,timeout,na,2079,3473,200,3473,202,57,0,1,0,
no_atom_decomposition,SET/SET018^7.p,TH0,Theorem,timeout,na,2245,344,34,344,1,0,0,0,0,
no_atom_decomposition,SET/SET019^4.p,TH0,Theorem,timeout,na,2150,1923,103,1923,136,0,0,0,0,
no_atom_decomposition,SET/SET020^7.p,TH0,Theorem,timeout,na,2490,88,8,88,1,0,0,0,0,
no_atom_decomposition,SET/SET027^3.p,TH0,Theorem,timeout,na,2156,4746,66,4746,681,67,0,4,0,
no_atom_decomposition,SET/SET027^5.p,TH0,Theorem,thm,yes,26,21,1,21,3,0,0,1,1,
no_atom_decomposition,SET/SET027^7.p,TH0,Theorem,timeout,na,2143,1923,47,1923,216,8,0,0,0,
no_atom_decomposition,SET/SET043^5.p,TH0,Theorem,thm,yes,10,9,0,9,2,0,0,1,1,
no_atom_decomposition,SET/SET044^23.p,TH0,Theorem,timeout,na,2104,2653,31,2653,234,42,0,0,0,
no_atom_decomposition,SET/SET044^5.p,TH0,Theorem,thm,yes,28,34,0,34,5,3,0,1,1,
no_atom_decomposition,SET/SET045^5.p,TH0,Theorem,thm,yes,16,15,0,15,2,1,0,1,1,
no_atom_decomposition,SET/SET045^7.p,TH0,Theorem,timeout,na,2087,685,11,685,94,20,0,0,0,
no_atom_decomposition,SET/SET046^5.p,TH0,Theorem,timeout,na,2179,5319,44,5319,1043,122,0,2,0,
no_atom_decomposition,SET/SET047^1.p,TH0,Theorem,timeout,na,2120,3039,4,3039,600,38,0,3,0,
no_atom_decomposition,SET/SET055^12.p,TH0,Theorem,thm,yes,253,3,0,3,1,1,0,0,0,
no_atom_decomposition,SET/SET062^5.p,TH0,Theorem,thm,yes,2,3,0,3,1,1,0,0,0,
no_atom_decomposition,SET/SET062^6.p,TH0,Theorem,thm,yes,2,2,0,2,1,1,0,0,0,
no_atom_decomposition,SET/SET062^7.p,TH0,Theorem,timeout,na,2195,1524,96,1524,99,0,0,0,0,
no_atom_decomposition,SET/SET063^4.p,TH0,Theorem,timeout,na,2356,3570,30,3570,216,0,0,0,0,
no_atom_decomposition,SET/SET063^5.p,TH0,Theorem,thm,yes,8,8,0,8,1,0,0,1,1,
no_atom_decomposition,SET/SET066^1.p,TH0,Theorem,thm,yes,30,21,0,21,3,5,0,0,0,
no_atom_decomposition,SET/SET067^1.p,TH0,Theorem,thm,yes,23,5,0,5,1,1,0,0,0,
no_atom_decomposition,SET/SET076^1.p,TH0,Theorem,thm,yes,38,14,1,14,2,2,0,0,0,
no_atom_decomposition,SET/SET086^1.p,TH0,Theorem,thm,yes,25,16,0,16,2,1,0,1,1,
no_atom_decomposition,SET/SET096^1.p,TH0,Theorem,thm,yes,49,89,0,89,6,11,0,1,1,
no_atom_decomposition,SET/SET143^3.p,TH0,Theorem,thm,yes,54,36,0,36,3,7,0,0,0,
no_atom_decomposition,SET/SET143^5.p,TH0,Theorem,thm,yes,10,4,0,4,1,1,0,0,0,
no_atom_decomposition,SET/SET144^5.p,TH0,Theorem,thm,yes,36,22,0,22,2,0,0,1,1,
no_atom_decomposition,SET/SET159^5.p,TH0,Theorem,thm,yes,10,4,0,4,1,1,0,0,0,
no_atom_decomposition,SET/SET162^5.p,TH0,Theorem,thm,yes,3,2,0,2,1,1,0,0,0,
no_atom_decomposition,SET/SET169^5.p,TH0,Theorem,thm,yes,15,4,0,4,1,1,0,0,0,
no_atom_decomposition,SET/SET171^3.p,TH0,Theorem,thm,yes,58,36,0,36,4,7,0,0,0,
no_atom_decomposition,SET/SET171^5.p,TH0,Theorem,thm,yes,16,4,0,4,1,1,0,0,0,
no_atom_decomposition,SET/SET173^5.p,TH0,Theorem,thm,yes,5,3,0,3,1,1,0,0,0,
no_atom_decomposition,SET/SET175^5.p,TH0,Theorem,thm,yes,5,3,0,3,1,1,0,0,0,
no_atom_decomposition,SET/SET183^5.p,TH0,Theorem,thm,yes,18,20,0,20,2,0,0,1,1,
no_atom_decomposition,SET/SET185^5.p,TH0,Theorem,thm,yes,6,3,0,3,1,1,0,0,0,
no_atom_decomposition,SET/SET194^5.p,TH0,Theorem,thm,yes,5,4,0,4,1,1,0,0,0,
no_atom_decomposition,SET/SET196^5.p,TH0,Theorem,thm,yes,4,4,0,4,1,1,0,0,0,
no_atom_decomposition,SET/SET199^5.p,TH0,Theorem,thm,yes,32,17,1,17,2,0,0,1,1,
no_atom_decomposition,SET/SET200^5.p,TH0,Theorem,thm,yes,61,64,0,64,7,7,0,1,1,
no_atom_decomposition,SET/SET201^5.p,TH0,Theorem,thm,yes,59,50,0,50,7,2,0,1,1,
no_atom_decomposition,SET/SET557^1.p,TH0,Theorem,thm,yes,139,55,2,55,3,1,0,1,1,
no_atom_decomposition,SET/SET557^6.p,TH0,Theorem,timeout,na,2040,1366,23,1366,203,8,0,1,0,
no_atom_decomposition,SET/SET574^20.p,TH0,Theorem,timeout,na,2105,1978,46,1978,205,4,0,0,0,
no_atom_decomposition,SET/SET575^7.p,TH0,Theorem,timeout,na,2102,1010,56,1010,74,0,0,0,0,
no_atom_decomposition,SET/SET576^7.p,TH0,Theorem,timeout,na,2210,2886,43,2886,214,160,0,0,0,
no_atom_decomposition,SET/SET579^3.p,TH0,Theorem,timeout,na,2476,3853,22,3853,186,0,0,0,0,
no_atom_decomposition,SET/SET580^3.p,TH0,Theorem,thm,yes,68,46,0,46,4,10,0,0,0,
no_atom_decomposition,SET/SET580^5.p,TH0,Theorem,thm,yes,6,4,0,4,1,1,0,0,0,
no_atom_decomposition,SET/SET582^5.p,TH0,Theorem,thm,yes,103,139,1,139,17,13,0,1,1,
no_atom_decomposition,SET/SET583^7.p,TH0,Theorem,timeout,na,2130,1855,105,1855,127,0,0,0,0,
no_atom_decomposition,SET/SET584^5.p,TH0,Theorem,thm,yes,22,15,1,15,2,0,0,1,1,
no_atom_decomposition,SET/SET585^5.p,TH0,Theorem,thm,yes,5,5,0,5,1,1,0,0,0,
no_atom_decomposition,SET/SET586^5.p,TH0,Theorem,thm,yes,23,16,1,16,2,0,0,1,1,
no_atom_decomposition,SET/SET587^5.p,TH0,Theorem,thm,yes,29,42,0,42,5,3,0,1,1,
no_atom_decomposition,SET/SET588^5.p,TH0,Theorem,thm,yes,25,15,1,15,2,0,0,1,1,
no_atom_decomposition,SET/SET589^5.p,TH0,Theorem,thm,yes,59,46,1,46,7,2,0,1,1,
no_atom_decomposition,SET/SET590^5.p,TH0,Theorem,thm,yes,4,4,0,4,1,1,0,0,0,
no_atom_decomposition,SET/SET591^5.p,TH0,Theorem,thm,yes,11,9,0,9,1,0,0,1,1,
no_atom_decomposition,SET/SET592^5.p,TH0,Theorem,thm,yes,45,79,0,79,8,0,0,1,1,
no_atom_decomposition,SET/SET593^5.p,TH0,Theorem,thm,yes,11,4,0,4,1,1,0,0,0,
no_atom_decomposition,SET/SET594^5.p,TH0,Theorem,thm,yes,37,22,1,22,3,0,0,1,1,
no_atom_decomposition,SET/SET595^5.p,TH0,Theorem,thm,yes,18,20,0,20,2,0,0,1,1,
no_atom_decomposition,SET/SET596^5.p,TH0,Theorem,thm,yes,39,57,0,57,5,1,0,1,1,
no_atom_decomposition,SET/SET597^5.p,TH0,Theorem,timeout,na,2085,1617,23,1617,159,84,0,0,0,
no_atom_decomposition,SET/SET598^5.p,TH0,Theorem,timeout,na,2065,964,28,964,149,18,0,1,0,
no_atom_decomposition,SET/SET599^5.p,TH0,Theorem,thm,yes,9,4,0,4,1,1,0,0,0,
no_atom_decomposition,SET/SET600^5.p,TH0,Theorem,thm,yes,43,18,0,18,3,3,0,1,1,
no_atom_decomposition,SET/SET601^3.p,TH0,Theorem,thm,yes,95,78,0,78,8,18,0,0,0,
no_atom_decomposition,SET/SET601^5.p,TH0,Theorem,thm,yes,23,4,0,4,1,1,0,0,0,
no_atom_decomposition,SET/SET603^5.p,TH0,Theorem,thm,yes,3,2,0,2,1,1,0,0,0,
no_atom_decomposition,SET/SET604^5.p,TH0,Theorem,thm,yes,3,2,0,2,1,1,0,0,0,
no_atom_decomposition,SET/SET605^5.p,TH0,Theorem,thm,yes,5,3,0,3,1,1,0,0,0,
no_atom_decomposition,SET/SET606^3.p,TH0,Theorem,thm,yes,41,25,0,25,3,5,0,0,0,
no_atom_decomposition,SET/SET606^5.p,TH0,Theorem,thm,yes,7,3,0,3,1,1,0,0,0,
no_atom_decomposition,SET/SET607^3.p,TH0,Theorem,thm,yes,41,25,0,25,3,5,0,0,0,
no_atom_decomposition,SET/SET607^5.p,TH0,Theorem,thm,yes,7,3,0,3,1,1,0,0,0,
no_atom_decomposition,SET/SET608^5.p,TH0,Theorem,thm,yes,6,3,0,3,1,1,0,0,0,
no_atom_decomposition,SET/SET609^3.p,TH0,Theorem,thm,yes,60,38,0,38,3,7,0,0,0,
no_atom_decomposition,SET/SET609^5.p,TH0,Theorem,thm,yes,17,4,0,4,1,1,0,0,0,
no_atom_decomposition,SET/SET610^5.p,TH0,Theorem,thm,yes,7,3,0,3,1,1,0,0,0,
no_atom_decomposition,SET/SET611^3.p,TH0,Theorem,timeout,na,2221,5667,160,5667,181,515,0,0,0,
no_atom_decomposition,SET/SET611^5.p,TH0,Theorem,thm,yes,32,43,1,43,4,3,0,1,1,
no_atom_decomposition,SET/SET612^3.p,TH0,Theorem,thm,yes,59,36,0,36,3,7,0,0,0,
no_atom_decomposition,SET/SET612^5.p,TH0,Theorem,thm,yes,13,4,0,4,1,1,0,0,0,
no_atom_decomposition,SET/SET613^5.p,TH0,Theorem,thm,yes,12,3,0,3,1,1,0,0,0,
no_atom_decomposition,SET/SET614^3.p,TH0,Theorem,thm,yes,53,36,0,36,3,7,0,0,0,
no_atom_decomposition,SET/SET614^5.p,TH0,Theorem,thm,yes,13,4,0,4,1,1,0,0,0,
no_atom_decomposition,SET/SET615^3.p,TH0,Theorem,thm,yes,63,67,0,67,6,14,0,0,0,
no_atom_decomposition,SET/SET615^5.p,TH0,Theorem,thm,yes,14,4,0,4,1,1,0,0,0,
no_atom_decomposition,SET/SET616^5.p,TH0,Theorem,thm,yes,31,43,0,43,5,3,0,1,1,
no_atom_decomposition,SET/SET617^5.p,TH0,Theorem,thm,yes,6,2,0,2,1,1,0,0,0,
no_atom_decomposition,SET/SET618^5.p,TH0,Theorem,thm,yes,3,2,0,2,1,1,0,0,0,
no_atom_decomposition,SET/SET619^5.p,TH0,Theorem,thm,yes,9,3,0,3,1,1,0,0,0,
no_atom_decomposition,SET/SET620^5.p,TH0,Theorem,thm,yes,12,3,0,3,1,1,0,0,0,
no_atom_decomposition,SET/SET621^5.p,TH0,Theorem,thm,yes,23,4,0,4,1,1,0,0,0,
no_atom_decomposition,SET/SET622^5.p,TH0,Theorem,thm,yes,23,4,0,4,1,1,0,0,0,
no_atom_decomposition,SET/SET623^3.p,TH0,Theorem,thm,yes,82,122,0,122,8,28,0,0,0,
no_atom_decomposition,SET/SET623^5.p,TH0,Theorem,thm,yes,47,4,0,4,1,1,0,0,0,
no_atom_decomposition,SET/SET624^3.p,TH0,Theorem,timeout,na,2029,801,3,801,63,157,0,2,0,
no_atom_decomposition,SET/SET624^5.p,TH0,Theorem,thm,yes,103,319,1,319,34,35,0,1,1,
no_atom_decomposition,SET/SET625^5.p,TH0,Theorem,thm,yes,36,30,1,30,5,1,0,1,1,
no_atom_decomposition,SET/SET626^5.p,TH0,Theorem,thm,yes,17,13,1,13,2,0,0,1,1,
no_atom_decomposition,SET/SET627^5.p,TH0,Theorem,thm,yes,4,3,0,3,1,1,0,0,0,
no_atom_decomposition,SET/SET628^5.p,TH0,Theorem,thm,yes,14,14,0,14,2,2,0,1,1,
no_atom_decomposition,SET/SET629^5.p,TH0,Theorem,thm,yes,5,4,0,4,1,1,0,0,0,
no_atom_decomposition,SET/SET630^3.p,TH0,Theorem,thm,yes,25,5,0,5,1,1,0,0,0,
no_atom_decomposition,SET/SET630^5.p,TH0,Theorem,thm,yes,6,4,0,4,1,1,0,0,0,
no_atom_decomposition,SET/SET631^5.p,TH0,Theorem,thm,yes,21,15,1,15,2,0,0,1,1,
no_atom_decomposition,SET/SET632^5.p,TH0,Theorem,thm,yes,47,96,3,96,9,2,0,1,1,
no_atom_decomposition,SET/SET633^5.p,TH0,Theorem,thm,yes,74,178,0,178,24,41,0,1,1,
no_atom_decomposition,SET/SET634^5.p,TH0,Theorem,thm,yes,15,4,0,4,1,1,0,0,0,
no_atom_decomposition,SET/SET635^5.p,TH0,Theorem,thm,yes,15,4,0,4,1,1,0,0,0,
no_atom_decomposition,SET/SET636^5.p,TH0,Theorem,thm,yes,28,42,0,42,5,3,0,1,1,
no_atom_decomposition,SET/SET638^5.p,TH0,Theorem,thm,yes,48,72,1,72,7,5,0,1,1,
no_atom_decomposition,SET/SET640^3.p,TH0,Theorem,thm,yes,371,1111,20,1111,86,90,0,1,1,
no_atom_decomposition,SET/SET646^3.p,TH0,Theorem,thm,yes,116,129,3,129,7,8,0,1,1,
no_atom_decomposition,SET/SET647^3.p,TH0,Theorem,thm,yes,87,34,0,34,4,3,0,1,1,
no_atom_decomposition,SET/SET648^3.p,TH0,Theorem,thm,yes,77,30,0,30,4,2,0,1,1,
no_atom_decomposition,SET/SET649^3.p,TH0,Theorem,thm,yes,97,72,1,72,9,5,0,1,1,
no_atom_decomposition,SET/SET651^3.p,TH0,Theorem,thm,yes,94,49,0,49,4,1,0,1,1,
no_atom_decomposition,SET/SET657^3.p,TH0,Theorem,thm,yes,78,67,2,67,6,0,0,1,1,
no_atom_decomposition,SET/SET669^3.p,TH0,Theorem,timeout,na,2169,3460,116,3460,324,141,0,1,0,
no_atom_decomposition,SET/SET670^3.p,TH0,Theorem,thm,yes,90,28,1,28,4,1,0,1,1,
no_atom_decomposition,SET/SET671^3.p,TH0,Theorem,timeout,na,2067,723,4,723,88,115,0,2,0,
no_atom_decomposition,SET/SET672^3.p,TH0,Theorem,thm,yes,86,26,1,26,3,0,0,1,1,
no_atom_decomposition,SET/SET673^3.p,TH0,Theorem,timeout,na,2079,1029,5,1029,135,156,0,2,0,
no_atom_decomposition,SET/SET680^3.p,TH0,Theorem,thm,yes,116,72,1,72,7,6,0,1,1,
no_atom_decomposition,SET/SET683^3.p,TH0,Theorem,thm,yes,101,39,1,39,4,0,0,1,1,
no_atom_decomposition,SET/SET684^3.p,TH0,Theorem,thm,yes,82,11,0,11,2,2,0,0,0,
no_atom_decomposition,SET/SET716^4.p,TH0,Theorem,timeout,na,2099,3069,82,3069,364,61,0,1,0,
no_atom_decomposition,SET/SET724^4.p,TH0,Theorem,timeout,na,2073,1900,51,1900,219,7,0,5,0,
no_atom_decomposition,SET/SET741^4.p,TH0,Theorem,timeout,na,2077,2647,129,2647,237,33,0,1,0,
no_atom_decomposition,SET/SET747^4.p,TH0,Theorem,thm,yes,221,543,6,543,139,0,0,2,1,
no_atom_decomposition,SET/SET752^4.p,TH0,Theorem,timeout,na,2140,3959,173,3959,175,76,0,0,0,
no_atom_decomposition,SET/SET753^4.p,TH0,Theorem,timeout,na,2037,1142,98,1142,9,27,0,0,0,
no_atom_decomposition,SET/SET764^4.p,TH0,Theorem,thm,yes,41,14,0,14,2,2,0,0,0,
no_atom_decomposition,SET/SET907^7.p,TH0,Theorem,timeout,na,2157,1874,116,1874,124,0,0,0,0,
no_atom_decomposition,SET/SET908^7.p,TH0,Theorem,timeout,na,2173,502,39,502,25,0,0,0,0,
no_atom_decomposition,SET/SET914^7.p,TH0,Theorem,timeout,na,2177,1866,114,1866,121,0,0,0,0,
no_atom_decomposition,SET/SET916^7.p,TH0,Theorem,timeout,na,2201,405,20,405,33,0,0,0,0,
no_atom_decomposition,SET/SET924^1.p,TH0,Theorem,thm,yes,52,1,0,1,1,1,0,0,0,
no_atom_decomposition,SET/SET925^7.p,TH0,Theorem,thm,yes,118,1,0,1,1,1,0,0,0,
no_atom_decomposition,SET/SET926^11.p,TH0,Theorem,timeout,na,2119,2391,109,2391,154,0,0,0,0,
no_atom_decomposition,SET/SET926^12.p,TH0,Theorem,timeout,na,2112,2176,105,2176,146,0,0,0,0,
no_atom_decomposition,SET/SET926^20.p,TH0,Theorem,timeout,na,2138,2102,77,2102,160,0,0,0,0,
no_atom_decomposition,SET/SET926^7.p,TH0,Theorem,timeout,na,2170,2174,109,2174,148,0,0,0,0,
no_atom_decomposition,SET/SET926^8.p,TH0,Theorem,timeout,na,2135,2306,88,2306,173,0,0,0,0,
no_atom_decomposition,SEU/SEU452^1.p,TH0,Theorem,timeout,na,2026,1137,72,1137,68,9,0,0,0,
no_atom_decomposition,SEU/SEU453^1.p,TH0,Theorem,thm,yes,66,5,0,5,1,1,0,0,0,
no_atom_decomposition,SEU/SEU454^1.p,TH0,Theorem,thm,yes,58,3,0,3,1,1,0,0,0,
no_atom_decomposition,SEU/SEU455^1.p,TH0,Theorem,thm,yes,57,5,0,5,1,1,0,0,0,
no_atom_decomposition,SEU/SEU456^1.p,TH0,Theorem,thm,yes,77,16,1,16,2,0,0,1,1,
no_atom_decomposition,SEU/SEU457^1.p,TH0,Theorem,thm,yes,58,5,0,5,1,1,0,0,0,
no_atom_decomposition,SEU/SEU458^1.p,TH0,Theorem,thm,yes,61,3,0,3,1,1,0,0,0,
no_atom_decomposition,SEU/SEU459^1.p,TH0,Theorem,thm,yes,58,5,0,5,1,1,0,0,0,
no_atom_decomposition,SEU/SEU460^1.p,TH0,Theorem,thm,yes,97,39,0,39,4,1,0,1,1,
no_atom_decomposition,SEU/SEU461^1.p,TH0,Theorem,timeout,na,2089,1129,46,1129,135,0,0,1,0,
no_atom_decomposition,SEU/SEU462^1.p,TH0,Theorem,timeout,na,2102,1261,46,1261,114,0,0,1,0,
no_atom_decomposition,SEU/SEU463^1.p,TH0,Theorem,timeout,na,2129,816,38,816,94,0,0,1,0,
no_atom_decomposition,SEU/SEU464^1.p,TH0,Theorem,timeout,na,2097,1000,51,1000,84,0,0,1,0,
no_atom_decomposition,SEU/SEU465^1.p,TH0,Theorem,thm,yes,71,5,0,5,1,1,0,0,0,
no_atom_decomposition,SEU/SEU466^1.p,TH0,Theorem,timeout,na,2143,947,28,947,133,1,0,0,0,
no_atom_decomposition,SEU/SEU467^1.p,TH0,Theorem,thm,yes,115,19,1,19,2,0,0,1,1,
no_atom_decomposition,SEU/SEU468^1.p,TH0,Theorem,timeout,na,2078,1266,52,1266,110,0,0,1,0,
no_atom_decomposition,SEU/SEU469^1.p,TH0,Theorem,timeout,na,2107,816,35,816,102,4,0,1,0,
no_atom_decomposition,SEU/SEU470^1.p,TH0,CounterSatisfiable,timeout,na,2197,953,28,953,167,3,0,0,0,
no_atom_decomposition,SEU/SEU471^1.p,TH0,CounterSatisfiable,timeout,na,2109,1036,24,1036,144,7,0,0,0,
no_atom_decomposition,SEU/SEU472^1.p,TH0,Theorem,thm,yes,163,30,2,30,2,0,0,1,1,
no_atom_decomposition,SEU/SEU473^1.p,TH0,Theorem,timeout,na,2121,2009,90,2009,194,1,0,0,0,
no_atom_decomposition,SEU/SEU474^1.p,TH0,Theorem,thm,yes,94,37,0,37,3,8,0,0,0,
no_atom_decomposition,SEU/SEU475^1.p,TH0,Theorem,timeout,na,2075,356,13,356,37,3,0,0,0,
no_atom_decomposition,SEU/SEU476^1.p,TH0,Theorem,timeout,na,2181,1477,29,1477,184,26,0,0,0,
no_atom_decomposition,SEU/SEU477^1.p,TH0,Theorem,timeout,na,2180,3075,17,3075,454,131,0,1,0,
no_atom_decomposition,SEU/SEU478^1.p,TH0,Theorem,timeout,na,2138,1775,26,1775,297,0,0,4,0,
no_atom_decomposition,SEU/SEU479^1.p,TH0,Theorem,timeout,na,2152,2204,19,2204,332,48,0,3,0,
no_atom_decomposition,SEU/SEU480^1.p,TH0,Theorem,timeout,na,2148,2163,27,2163,394,0,0,3,0,
no_atom_decomposition,SEU/SEU481^1.p,TH0,Theorem,timeout,na,2071,814,48,814,44,4,0,2,0,
no_atom_decomposition,SEU/SEU482^1.p,TH0,Theorem,timeout,na,2121,1434,72,1434,108,0,0,1,0,
no_atom_decomposition,SEU/SEU483^1.p,TH0,Theorem,timeout,na,2157,2197,48,2197,357,0,0,2,0,
no_atom_decomposition,SEU/SEU484^1.p,TH0,Theorem,timeout,na,2101,1748,86,1748,168,0,0,2,0,
no_atom_decomposition,SEU/SEU485^1.p,TH0,Theorem,timeout,na,2103,977,51,977,147,4,0,0,0,
no_atom_decomposition,SEU/SEU486^1.p,TH0,Theorem,timeout,na,2155,1683,51,1683,230,24,0,0,0,
no_atom_decomposition,SEU/SEU487^1.p,TH0,Theorem,timeout,na,2084,329,16,329,50,2,0,0,0,
no_atom_decomposition,SEU/SEU488^1.p,TH0,Theorem,timeout,na,2108,884,22,884,172,16,0,0,0,
no_atom_decomposition,SEU/SEU489^1.p,TH0,CounterSatisfiable,timeout,na,2100,1130,53,1130,143,9,0,0,0,
no_atom_decomposition,SEU/SEU490^1.p,TH0,Theorem,timeout,na,2114,1173,33,1173,172,8,0,0,0,
no_atom_decomposition,SEU/SEU491^1.p,TH0,Theorem,timeout,na,2107,1760,85,1760,171,8,0,1,0,
no_atom_decomposition,SEU/SEU492^1.p,TH0,Theorem,timeout,na,2262,6289,289,6289,1240,90,0,1,0,
no_atom_decomposition,SEU/SEU493^1.p,TH0,Theorem,timeout,na,2247,5003,160,5003,1069,86,0,1,0,
no_atom_decomposition,SEU/SEU494^1.p,TH0,Theorem,timeout,na,2402,6333,140,6333,2081,10,0,3,0,
no_atom_decomposition,SEU/SEU495^1.p,TH0,Theorem,thm,yes,83,66,1,66,5,5,0,1,1,
no_atom_decomposition,SEU/SEU496^1.p,TH0,Theorem,timeout,na,2143,1062,13,1062,160,0,0,0,0,
no_atom_decomposition,SEU/SEU497^1.p,TH0,Theorem,timeout,na,2306,4917,83,4917,1302,83,0,1,0,
no_atom_decomposition,SEU/SEU498^1.p,TH0,Theorem,timeout,na,2263,5063,125,5063,207,152,0,0,0,
no_atom_decomposition,SEU/SEU499^1.p,TH0,Theorem,timeout,na,2135,2490,66,2490,276,3,0,3,0,
no_atom_decomposition,SEU/SEU499^2.p,TH0,Theorem,timeout,na,2081,2974,116,2974,305,10,0,1,0,
no_atom_decomposition,SEU/SEU500^1.p,TH0,Theorem,timeout,na,2165,2325,55,2325,293,0,0,3,0,
no_atom_decomposition,SEU/SEU500^2.p,TH0,Theorem,thm,yes,23,14,1,14,2,0,0,1,1,
no_atom_decomposition,SEU/SEU501^1.p,TH0,Theorem,thm,yes,152,43,4,43,1,0,0,1,1,
no_atom_decomposition,SEU/SEU501^2.p,TH0,Theorem,thm,yes,7,9,0,9,1,0,0,1,1,
no_atom_decomposition,SEU/SEU502^1.p,TH0,Theorem,thm,yes,92,6,0,6,1,1,0,0,0,
no_atom_decomposition,SEU/SEU502^2.p,TH0,Theorem,thm,yes,7,9,0,9,2,1,0,1,1,
no_atom_decomposition,SEU/SEU503^1.p,TH0,Theorem,thm,yes,97,6,0,6,1,1,0,0,0,
no_atom_decomposition,SEU/SEU503^2.p,TH0,Theorem,thm,yes,6,9,0,9,2,1,0,1,1,
no_atom_decomposition,SEU/SEU504^1.p,TH0,Theorem,thm,yes,204,50,5,50,1,0,0,1,1,
no_atom_decomposition,SEU/SEU504^2.p,TH0,Theorem,thm,yes,14,12,1,12,1,0,0,1,1,
no_atom_decomposition,SEU/SEU505^1.p,TH0,Theorem,timeout,na,2087,1723,114,1723,95,0,0,1,0,
no_atom_decomposition,SEU/SEU505^2.p,TH0,Theorem,timeout,na,2154,5124,58,5124,192,245,0,0,0,
no_atom_decomposition,SEU/SEU506^1.p,TH0,Theorem,timeout,na,2119,1555,63,1555,149,16,0,2,0,
no_atom_decomposition,SEU/SEU506^2.p,TH0,Theorem,timeout,na,2215,6136,119,6136,176,168,0,0,0,
no_atom_decomposition,SEU/SEU507^1.p,TH0,Theorem,timeout,na,2095,1389,70,1389,84,16,0,1,0,
no_atom_decomposition,SEU/SEU508^1.p,TH0,Theorem,timeout,na,2102,1399,61,1399,82,32,0,1,0,
no_atom_decomposition,SEU/SEU508^2.p,TH0,Theorem,timeout,na,2059,1515,82,1515,175,6,0,1,0,
no_atom_decomposition,SEU/SEU509^1.p,TH0,Theorem,timeout,na,2124,1354,57,1354,117,16,0,1,0,
no_atom_decomposition,SEU/SEU509^2.p,TH0,Theorem,timeout,na,2200,6399,146,6399,210,140,0,0,0,
no_atom_decomposition,SEU/SEU510^1.p,TH0,Theorem,timeout,na,2089,1543,124,1543,44,0,0,2,0,
no_atom_decomposition,SEU/SEU510^2.p,TH0,Theorem,timeout,na,2043,2428,174,2428,105,3,0,2,0,
no_atom_decomposition,SEU/SEU511^1.p,TH0,Theorem,timeout,na,2105,1436,95,1436,61,7,0,2,0,
no_atom_decomposition,SEU/SEU511^2.p,TH0,Theorem,thm,yes,66,42,2,42,3,2,0,2,1,
no_atom_decomposition,SEU/SEU512^1.p,TH0,Theorem,timeout,na,2105,837,27,837,66,16,0,2,0,
no_atom_decomposition,SEU/SEU512^2.p,TH0,Theorem,timeout,na,2086,3056,55,3056,132,58,0,0,0,
no_atom_decomposition,SEU/SEU513^1.p,TH0,Theorem,thm,yes,716,113,11,113,1,0,0,1,1,
no_atom_decomposition,SEU/SEU513^2.p,TH0,Theorem,thm,yes,5,6,0,6,1,0,0,1,1,
no_atom_decomposition,SEU/SEU514^1.p,TH0,Theorem,timeout,na,2103,1148,56,1148,71,16,0,2,0,
no_atom_decomposition,SEU/SEU514^2.p,TH0,Theorem,thm,yes,90,44,1,44,4,1,0,1,1,
no_atom_decomposition,SEU/SEU515^1.p,TH0,Theorem,timeout,na,2104,1070,64,1070,50,15,0,2,0,
no_atom_decomposition,SEU/SEU515^2.p,TH0,Theorem,timeout,na,2100,2922,90,2922,194,136,0,0,0,
no_atom_decomposition,SEU/SEU516^1.p,TH0,Theorem,timeout,na,2108,1174,70,1174,49,16,0,1,0,
no_atom_decomposition,SEU/SEU516^2.p,TH0,Theorem,timeout,na,2114,3170,74,3170,458,136,0,1,0,
no_atom_decomposition,SEU/SEU517^1.p,TH0,Theorem,timeout,na,2087,604,34,604,26,9,0,1,0,
no_atom_decomposition,SEU/SEU517^2.p,TH0,Theorem,timeout,na,2095,2277,96,2277,200,1,0,0,0,
no_atom_decomposition,SEU/SEU518^1.p,TH0,Theorem,timeout,na,2123,1243,61,1243,60,29,0,1,0,
no_atom_decomposition,SEU/SEU518^2.p,TH0,Theorem,timeout,na,2135,5114,79,5114,910,97,0,2,0,
no_atom_decomposition,SEU/SEU519^1.p,TH0,Theorem,timeout,na,2083,385,26,385,22,0,0,1,0,
no_atom_decomposition,SEU/SEU519^2.p,TH0,Theorem,thm,yes,31,26,0,26,3,1,0,1,1,
no_atom_decomposition,SEU/SEU520^1.p,TH0,Theorem,thm,yes,1817,75,7,75,1,1,0,0,0,
no_atom_decomposition,SEU/SEU521^1.p,TH0,Theorem,timeout,na,2103,963,55,963,37,15,0,1,0,
no_atom_decomposition,SEU/SEU521^2.p,TH0,Theorem,thm,yes,40,25,1,25,3,0,0,1,1,
no_atom_decomposition,SEU/SEU522^1.p,TH0,Theorem,timeout,na,2117,879,47,879,43,16,0,1,0,
no_atom_decomposition,SEU/SEU522^2.p,TH0,Theorem,thm,yes,57,42,1,42,4,1,0,1,1,
no_atom_decomposition,SEU/SEU523^1.p,TH0,Theorem,timeout,na,2115,912,52,912,34,15,0,1,0,
no_atom_decomposition,SEU/SEU523^2.p,TH0,Theorem,thm,yes,65,44,1,44,5,1,0,1,1,
no_atom_decomposition,SEU/SEU524^1.p,TH0,Theorem,timeout,na,2120,835,44,835,38,16,0,1,0,
no_atom_decomposition,SEU/SEU524^2.p,TH0,Theorem,timeout,na,2122,4162,125,4162,602,15,0,4,0,
no_atom_decomposition,SEU/SEU525^1.p,TH0,Theorem,timeout,na,2129,917,55,917,60,1,0,1,0,
no_atom_decomposition,SEU/SEU525^2.p,TH0,Theorem,timeout,na,2058,3145,168,3145,243,22,0,1,0,
no_atom_decomposition,SEU/SEU526^1.p,TH0,Theorem,timeout,na,2103,718,50,718,28,4,0,1,0,
no_atom_decomposition,SEU/SEU526^2.p,TH0,Theorem,timeout,na,2179,5945,143,5945,137,319,0,0,0,
no_atom_decomposition,SEU/SEU527^1.p,TH0,Theorem,timeout,na,2105,599,41,599,25,0,0,1,0,
no_atom_decomposition,SEU/SEU527^2.p,TH0,Theorem,timeout,na,2235,5088,47,5088,252,4,0,0,0,
no_atom_decomposition,SEU/SEU528^1.p,TH0,Theorem,timeout,na,2099,564,43,564,23,0,0,1,0,
no_atom_decomposition,SEU/SEU528^2.p,TH0,Theorem,timeout,na,2088,2267,14,2267,313,172,0,1,0,
no_atom_decomposition,SEU/SEU529^1.p,TH0,Theorem,thm,yes,1761,164,16,164,1,0,0,1,1,
no_atom_decomposition,SEU/SEU529^2.p,TH0,Theorem,thm,yes,11,9,0,9,1,0,0,1,1,
no_atom_decomposition,SEU/SEU530^1.p,TH0,Theorem,timeout,na,2112,478,35,478,23,0,0,2,0,
no_atom_decomposition,SEU/SEU530^2.p,TH0,Theorem,timeout,na,2079,2969,116,2969,524,43,0,3,0,
no_atom_decomposition,SEU/SEU531^1.p,TH0,Theorem,timeout,na,2099,335,25,336,11,0,0,1,0,
no_atom_decomposition,SEU/SEU531^2.p,TH0,Theorem,timeout,na,2168,4457,59,4457,244,5,0,0,0,
no_atom_decomposition,SEU/SEU532^1.p,TH0,Theorem,timeout,na,2092,10,1,10,1,0,0,0,0,
no_atom_decomposition,SEU/SEU532^2.p,TH0,Theorem,thm,yes,9,8,0,8,1,0,0,1,1,
no_atom_decomposition,SEU/SEU533^1.p,TH0,Theorem,timeout,na,2098,10,1,10,1,0,0,0,0,
no_atom_decomposition,SEU/SEU533^2.p,TH0,Theorem,thm,yes,18,19,1,19,2,0,0,1,1,
no_atom_decomposition,SEU/SEU534^1.p,TH0,Theorem,timeout,na,2100,110,11,110,1,0,0,0,0,
no_atom_decomposition,SEU/SEU534^2.p,TH0,Theorem,thm,yes,54,38,1,38,3,1,0,4,1,
no_atom_decomposition,SEU/SEU535^1.p,TH0,Theorem,timeout,na,2104,78,7,78,1,0,0,0,0,
no_atom_decomposition,SEU/SEU535^2.p,TH0,Theorem,thm,yes,10,12,0,12,2,1,0,1,1,
no_atom_decomposition,SEU/SEU536^1.p,TH0,Theorem,timeout,na,2102,67,6,67,1,0,0,0,0,
no_atom_decomposition,SEU/SEU536^2.p,TH0,Theorem,thm,yes,15,11,0,11,2,0,0,1,1,
no_atom_decomposition,SEU/SEU537^1.p,TH0,Theorem,timeout,na,2106,57,5,57,1,0,0,0,0,
no_atom_decomposition,SEU/SEU537^2.p,TH0,Theorem,thm,yes,16,11,0,11,2,0,0,1,1,
no_atom_decomposition,SEU/SEU538^1.p,TH0,Theorem,timeout,na,2109,53,5,53,1,0,0,0,0,
no_atom_decomposition,SEU/SEU538^2.p,TH0,Theorem,thm,yes,16,12,0,12,2,0,0,1,1,
no_atom_decomposition,SEU/SEU539^1.p,TH0,Theorem,timeout,na,2110,49,4,49,1,0,0,0,0,
no_atom_decomposition,SEU/SEU539^2.p,TH0,Theorem,thm,yes,16,12,0,12,2,0,0,1,1,
no_atom_decomposition,SEU/SEU540^1.p,TH0,Theorem,timeout,na,2112,41,4,41,1,0,0,0,0,
no_atom_decomposition,SEU/SEU540^2.p,TH0,Theorem,timeout,na,2050,2595,164,2595,195,1,0,2,0,
no_atom_decomposition,SEU/SEU541^1.p,TH0,Theorem,timeout,na,2112,39,3,39,1,0,0,0,0,
no_atom_decomposition,SEU/SEU541^2.p,TH0,Theorem,csa,no,8,10,1,10,1,0,1,0,0,[prop2setI <- ∀(λ. 1 ⊃ (in emptyset (prop2set 1)))  set2prop <- λ. in emptyset 1]  Model: C[2202ZZ]  in emptyset (prop2set ⊤)  ¬(in emptyset (prop2set C[2202ZZ]))
no_atom_decomposition,SEU/SEU542^1.p,TH0,Theorem,timeout,na,2117,41,4,41,1,0,0,0,0,
no_atom_decomposition,SEU/SEU543^1.p,TH0,Theorem,timeout,na,2118,37,3,37,1,0,0,0,0,
no_atom_decomposition,SEU/SEU544^1.p,TH0,Theorem,timeout,na,2121,36,3,36,1,0,0,0,0,
no_atom_decomposition,SEU/SEU544^2.p,TH0,Theorem,thm,yes,24,27,0,27,4,3,0,1,1,
no_atom_decomposition,SEU/SEU545^1.p,TH0,Theorem,timeout,na,2125,34,3,34,1,0,0,0,0,
no_atom_decomposition,SEU/SEU545^2.p,TH0,Theorem,timeout,na,2122,4920,162,4920,160,185,0,0,0,
no_atom_decomposition,SEU/SEU546^1.p,TH0,Theorem,timeout,na,2124,30,3,30,1,0,0,0,0,
no_atom_decomposition,SEU/SEU546^2.p,TH0,Theorem,timeout,na,2080,4000,228,4000,128,55,0,0,0,
no_atom_decomposition,SEU/SEU547^1.p,TH0,Theorem,thm,yes,1398,23,2,23,1,1,0,0,0,
no_atom_decomposition,SEU/SEU547^2.p,TH0,Theorem,thm,yes,20,9,0,9,1,1,0,0,0,
no_atom_decomposition,SEU/SEU548^1.p,TH0,Theorem,thm,yes,1677,35,1,35,2,2,0,0,0,
no_atom_decomposition,SEU/SEU548^2.p,TH0,Theorem,thm,yes,44,16,0,16,2,2,0,0,0,
no_atom_decomposition,SEU/SEU549^1.p,TH0,Theorem,timeout,na,2136,34,3,34,1,0,0,0,0,
no_atom_decomposition,SEU/SEU549^2.p,TH0,Theorem,timeout,na,2065,3746,244,3746,200,16,0,1,0,
no_atom_decomposition,SEU/SEU550^1.p,TH0,Theorem,timeout,na,2137,23,2,23,1,0,0,0,0,
no_atom_decomposition,SEU/SEU550^2.p,TH0,Theorem,timeout,na,2070,3849,187,3849,172,80,0,0,0,
no_atom_decomposition,SEU/SEU551^1.p,TH0,Theorem,timeout,na,2095,21,2,21,1,0,0,0,0,
no_atom_decomposition,SEU/SEU551^2.p,TH0,Theorem,thm,yes,1,1,0,1,1,1,0,0,0,
no_atom_decomposition,SEU/SEU551^3.p,TH0,Theorem,thm,yes,1,2,0,2,1,1,0,0,0,
no_atom_decomposition,SEU/SEU552^1.p,TH0,Theorem,timeout,na,2144,26,2,26,1,0,0,0,0,
no_atom_decomposition,SEU/SEU552^2.p,TH0,Theorem,thm,yes,26,17,1,17,1,1,0,0,0,
no_atom_decomposition,SEU/SEU553^1.p,TH0,Theorem,timeout,na,2143,21,2,21,1,0,0,0,0,
no_atom_decomposition,SEU/SEU553^2.p,TH0,Theorem,thm,yes,14,10,0,10,1,1,0,0,0,
no_atom_decomposition,SEU/SEU554^1.p,TH0,Theorem,timeout,na,2149,21,2,21,1,0,0,0,0,
no_atom_decomposition,SEU/SEU555^1.p,TH0,Theorem,timeout,na,2097,17,1,17,1,0,0,0,0,
no_atom_decomposition,SEU/SEU556^1.p,TH0,Theorem,timeout,na,2154,28,2,28,1,0,0,0,0,
no_atom_decomposition,SEU/SEU557^1.p,TH0,Theorem,timeout,na,2167,27,2,27,1,0,0,0,0,
no_atom_decomposition,SEU/SEU557^2.p,TH0,Theorem,timeout,na,2054,2093,121,2093,140,0,0,1,0,
no_atom_decomposition,SEU/SEU558^1.p,TH0,Theorem,timeout,na,2175,20,2,20,1,0,0,0,0,
no_atom_decomposition,SEU/SEU558^2.p,TH0,Theorem,timeout,na,2113,2532,102,2532,432,18,0,1,0,
no_atom_decomposition,SEU/SEU559^1.p,TH0,Theorem,timeout,na,2176,22,2,22,1,0,0,0,0,
no_atom_decomposition,SEU/SEU559^2.p,TH0,Theorem,thm,yes,17,13,0,13,2,0,0,1,1,
no_atom_decomposition,SEU/SEU560^1.p,TH0,Theorem,thm,yes,1392,13,1,13,1,1,0,0,0,
no_atom_decomposition,SEU/SEU560^2.p,TH0,Theorem,thm,yes,11,8,0,8,1,1,0,0,0,
no_atom_decomposition,SEU/SEU561^1.p,TH0,Theorem,thm,yes,1430,13,1,13,1,1,0,0,0,
no_atom_decomposition,SEU/SEU561^2.p,TH0,Theorem,thm,yes,11,8,0,8,1,1,0,0,0,
no_atom_decomposition,SEU/SEU562^1.p,TH0,Theorem,timeout,na,2187,19,1,19,1,0,0,0,0,
no_atom_decomposition,SEU/SEU562^2.p,TH0,Theorem,thm,yes,22,20,1,20,2,0,0,1,1,
no_atom_decomposition,SEU/SEU563^1.p,TH0,Theorem,timeout,na,2186,2,0,2,1,0,0,0,0,
no_atom_decomposition,SEU/SEU563^2.p,TH0,Theorem,thm,yes,11,12,1,12,1,0,0,1,1,
no_atom_decomposition,SEU/SEU564^1.p,TH0,Theorem,timeout,na,2191,19,1,19,1,0,0,0,0,
no_atom_decomposition,SEU/SEU564^2.p,TH0,Theorem,thm,yes,16,13,0,13,2,0,0,1,1,
no_atom_decomposition,SEU/SEU565^1.p,TH0,Theorem,timeout,na,2196,19,1,19,1,0,0,0,0,
no_atom_decomposition,SEU/SEU565^2.p,TH0,Theorem,thm,yes,29,21,1,21,3,0,0,1,1,
no_atom_decomposition,SEU/SEU566^1.p,TH0,Theorem,timeout,na,2200,17,1,17,1,0,0,0,0,
no_atom_decomposition,SEU/SEU566^2.p,TH0,Theorem,thm,yes,30,21,1,21,3,0,0,1,1,
no_atom_decomposition,SEU/SEU567^1.p,TH0,Theorem,timeout,na,2203,13,1,13,1,0,0,0,0,
no_atom_decomposition,SEU/SEU567^2.p,TH0,Theorem,thm,yes,23,19,0,19,3,0,0,1,1,
no_atom_decomposition,SEU/SEU568^1.p,TH0,Theorem,thm,yes,2044,15,1,15,1,1,0,0,0,
no_atom_decomposition,SEU/SEU568^2.p,TH0,Theorem,thm,yes,18,10,0,10,1,1,0,0,0,
no_atom_decomposition,SEU/SEU569^1.p,TH0,Theorem,timeout,na,2212,0,0,0,1,0,0,0,0,
no_atom_decomposition,SEU/SEU569^2.p,TH0,Theorem,thm,yes,15,16,0,16,3,0,0,1,1,
no_atom_decomposition,SEU/SEU570^1.p,TH0,Theorem,timeout,na,2212,17,1,17,1,0,0,0,0,
no_atom_decomposition,SEU/SEU570^2.p,TH0,Theorem,timeout,na,2283,5904,36,5904,1738,15,0,4,0,
no_atom_decomposition,SEU/SEU571^1.p,TH0,Theorem,timeout,na,2209,0,0,0,1,0,0,0,0,
no_atom_decomposition,SEU/SEU571^2.p,TH0,Theorem,thm,yes,38,42,1,42,6,0,0,3,1,
no_atom_decomposition,SEU/SEU572^1.p,TH0,Theorem,timeout,na,2229,13,1,13,1,0,0,0,0,
no_atom_decomposition,SEU/SEU572^2.p,TH0,Theorem,thm,yes,35,25,1,25,3,0,0,2,1,
no_atom_decomposition,SEU/SEU573^1.p,TH0,Theorem,timeout,na,2232,12,1,12,1,0,0,0,0,
no_atom_decomposition,SEU/SEU573^2.p,TH0,Theorem,timeout,na,2159,4938,86,4938,949,48,0,4,0,
no_atom_decomposition,SEU/SEU574^1.p,TH0,Theorem,timeout,na,2227,13,1,13,1,0,0,0,0,
no_atom_decomposition,SEU/SEU574^2.p,TH0,Theorem,timeout,na,2165,4695,89,4695,258,33,0,0,0,
no_atom_decomposition,SEU/SEU575^1.p,TH0,Theorem,timeout,na,2236,10,1,10,1,0,0,0,0,
no_atom_decomposition,SEU/SEU575^2.p,TH0,Theorem,timeout,na,2088,3859,100,3859,206,154,0,0,0,
no_atom_decomposition,SEU/SEU576^1.p,TH0,Theorem,timeout,na,2244,12,1,12,1,0,0,0,0,
no_atom_decomposition,SEU/SEU576^2.p,TH0,Theorem,timeout,na,2193,5157,52,5157,1252,1,0,3,0,
no_atom_decomposition,SEU/SEU577^1.p,TH0,Theorem,timeout,na,2240,12,1,12,1,0,0,0,0,
no_atom_decomposition,SEU/SEU577^2.p,TH0,Theorem,timeout,na,2190,4806,82,4806,1033,6,0,4,0,
no_atom_decomposition,SEU/SEU578^1.p,TH0,Theorem,timeout,na,2244,0,0,0,1,0,0,0,0,
no_atom_decomposition,SEU/SEU578^2.p,TH0,Theorem,thm,yes,12,15,1,15,2,0,0,1,1,
no_atom_decomposition,SEU/SEU579^1.p,TH0,Theorem,timeout,na,2256,10,1,10,1,0,0,0,0,
no_atom_decomposition,SEU/SEU579^2.p,TH0,Theorem,timeout,na,2176,4770,123,4770,882,26,0,2,0,
no_atom_decomposition,SEU/SEU580^1.p,TH0,Theorem,timeout,na,2259,0,0,0,1,0,0,0,0,
no_atom_decomposition,SEU/SEU580^2.p,TH0,Theorem,thm,yes,2127,4232,134,4232,580,2,0,3,1,
no_atom_decomposition,SEU/SEU581^1.p,TH0,Theorem,timeout,na,2268,0,0,0,1,0,0,0,0,
no_atom_decomposition,SEU/SEU581^2.p,TH0,Theorem,thm,yes,21,16,1,16,2,0,0,1,1,
no_atom_decomposition,SEU/SEU582^1.p,TH0,Theorem,timeout,na,2275,8,0,8,1,0,0,0,0,
no_atom_decomposition,SEU/SEU582^2.p,TH0,Theorem,thm,yes,31,27,1,27,3,0,0,1,1,
no_atom_decomposition,SEU/SEU583^1.p,TH0,Theorem,timeout,na,2282,2,0,2,1,0,0,0,0,
no_atom_decomposition,SEU/SEU584^1.p,TH0,Theorem,timeout,na,2282,8,0,8,1,0,0,0,0,
no_atom_decomposition,SEU/SEU584^2.p,TH0,Theorem,thm,yes,32,26,1,26,3,0,0,1,1,
no_atom_decomposition,SEU/SEU585^1.p,TH0,Theorem,timeout,na,2286,8,0,8,1,0,0,0,0,
no_atom_decomposition,SEU/SEU585^2.p,TH0,Theorem,timeout,na,2151,3646,96,3646,244,12,0,0,0,
no_atom_decomposition,SEU/SEU586^1.p,TH0,Theorem,timeout,na,2292,8,0,8,1,0,0,0,0,
no_atom_decomposition,SEU/SEU586^2.p,TH0,Theorem,thm,yes,50,31,1,31,3,0,0,3,1,
no_atom_decomposition,SEU/SEU587^1.p,TH0,Theorem,timeout,na,2300,0,0,0,1,0,0,0,0,
no_atom_decomposition,SEU/SEU587^2.p,TH0,Theorem,thm,yes,34,35,1,35,5,0,0,3,1,
no_atom_decomposition,SEU/SEU588^1.p,TH0,Theorem,timeout,na,2301,0,0,0,1,0,0,0,0,
no_atom_decomposition,SEU/SEU588^2.p,TH0,Theorem,thm,yes,31,29,1,29,4,0,0,2,1,
no_atom_decomposition,SEU/SEU589^1.p,TH0,Theorem,timeout,na,2319,5,0,5,1,0,0,0,0,
no_atom_decomposition,SEU/SEU589^2.p,TH0,Theorem,thm,yes,51,27,1,27,3,0,0,3,1,
no_atom_decomposition,SEU/SEU590^1.p,TH0,Theorem,timeout,na,2319,5,0,5,1,0,0,0,0,
no_atom_decomposition,SEU/SEU590^2.p,TH0,Theorem,timeout,na,2190,4371,42,4371,1201,5,0,4,0,
no_atom_decomposition,SEU/SEU591^1.p,TH0,Theorem,timeout,na,2320,5,0,5,1,0,0,0,0,
no_atom_decomposition,SEU/SEU591^2.p,TH0,Theorem,thm,yes,27,17,1,17,2,0,0,1,1,
no_atom_decomposition,SEU/SEU592^1.p,TH0,Theorem,timeout,na,2330,0,0,0,1,0,0,0,0,
no_atom_decomposition,SEU/SEU592^2.p,TH0,Theorem,thm,yes,48,61,1,61,9,0,0,3,1,
no_atom_decomposition,SEU/SEU593^1.p,TH0,Theorem,timeout,na,2337,5,0,5,1,0,0,0,0,
no_atom_decomposition,SEU/SEU593^2.p,TH0,Theorem,timeout,na,2208,4496,56,4496,241,2,0,0,0,
no_atom_decomposition,SEU/SEU594^1.p,TH0,Theorem,timeout,na,2333,5,0,5,1,0,0,0,0,
no_atom_decomposition,SEU/SEU594^2.p,TH0,Theorem,timeout,na,2124,3437,47,3437,755,25,0,1,0,
no_atom_decomposition,SEU/SEU595^1.p,TH0,Theorem,timeout,na,2341,5,0,5,1,0,0,0,0,
no_atom_decomposition,SEU/SEU595^2.p,TH0,Theorem,thm,yes,35,17,1,17,2,0,0,1,1,
no_atom_decomposition,SEU/SEU596^1.p,TH0,Theorem,timeout,na,2357,5,0,5,1,0,0,0,0,
no_atom_decomposition,SEU/SEU596^2.p,TH0,Theorem,timeout,na,2214,6648,117,6648,204,81,0,0,0,
no_atom_decomposition,SEU/SEU597^1.p,TH0,Theorem,timeout,na,2348,0,0,0,1,0,0,0,0,
no_atom_decomposition,SEU/SEU597^2.p,TH0,Theorem,timeout,na,2175,5838,46,5838,1175,8,0,3,0,
no_atom_decomposition,SEU/SEU598^1.p,TH0,Theorem,timeout,na,2355,5,0,5,1,0,0,0,0,
no_atom_decomposition,SEU/SEU598^2.p,TH0,Theorem,timeout,na,2253,5529,74,5529,222,19,0,0,0,
no_atom_decomposition,SEU/SEU599^1.p,TH0,Theorem,timeout,na,2367,5,0,5,1,0,0,0,0,
no_atom_decomposition,SEU/SEU599^2.p,TH0,Theorem,timeout,na,2124,3904,72,3904,772,22,0,1,0,
no_atom_decomposition,SEU/SEU600^1.p,TH0,Theorem,timeout,na,2367,0,0,0,1,0,0,0,0,
no_atom_decomposition,SEU/SEU600^2.p,TH0,Theorem,timeout,na,2310,5585,84,5585,213,0,0,0,0,
no_atom_decomposition,SEU/SEU601^1.p,TH0,Theorem,timeout,na,2376,5,0,5,1,0,0,0,0,
no_atom_decomposition,SEU/SEU601^2.p,TH0,Theorem,thm,yes,55,29,1,29,3,0,0,4,1,
no_atom_decomposition,SEU/SEU602^1.p,TH0,Theorem,timeout,na,2390,5,0,5,1,0,0,0,0,
no_atom_decomposition,SEU/SEU602^2.p,TH0,Theorem,thm,yes,28,20,1,20,2,0,0,1,1,
no_atom_decomposition,SEU/SEU603^1.p,TH0,Theorem,timeout,na,2388,5,0,5,1,0,0,0,0,
no_atom_decomposition,SEU/SEU603^2.p,TH0,Theorem,thm,yes,35,18,1,18,2,0,0,1,1,
no_atom_decomposition,SEU/SEU604^1.p,TH0,Theorem,timeout,na,2403,5,0,5,1,0,0,0,0,
no_atom_decomposition,SEU/SEU604^2.p,TH0,Theorem,timeout,na,2187,5602,118,5602,290,2,0,0,0,
no_atom_decomposition,SEU/SEU605^1.p,TH0,Theorem,timeout,na,2392,2,0,2,1,0,0,0,0,
no_atom_decomposition,SEU/SEU605^2.p,TH0,Theorem,thm,yes,42,29,1,29,3,2,0,3,1,
no_atom_decomposition,SEU/SEU606^1.p,TH0,Theorem,timeout,na,2415,2,0,2,1,0,0,0,0,
no_atom_decomposition,SEU/SEU606^2.p,TH0,Theorem,thm,yes,43,29,1,29,3,2,0,3,1,
no_atom_decomposition,SEU/SEU607^1.p,TH0,Theorem,timeout,na,2424,2,0,2,1,0,0,0,0,
no_atom_decomposition,SEU/SEU607^2.p,TH0,Theorem,thm,yes,23,15,1,15,2,0,0,1,1,
no_atom_decomposition,SEU/SEU608^1.p,TH0,Theorem,timeout,na,2425,2,0,2,1,0,0,0,0,
no_atom_decomposition,SEU/SEU608^2.p,TH0,Theorem,thm,yes,23,14,1,14,2,0,0,1,1,
no_atom_decomposition,SEU/SEU609^1.p,TH0,Theorem,timeout,na,2436,0,0,0,1,0,0,0,0,
no_atom_decomposition,SEU/SEU609^2.p,TH0,Theorem,thm,yes,35,27,1,27,4,0,0,2,1,
no_atom_decomposition,SEU/SEU610^1.p,TH0,Theorem,timeout,na,2443,2,0,2,1,0,0,0,0,
no_atom_decomposition,SEU/SEU610^2.p,TH0,Theorem,timeout,na,2130,3813,80,3813,614,137,0,2,0,
no_atom_decomposition,SEU/SEU611^1.p,TH0,Theorem,timeout,na,2451,2,0,2,1,0,0,0,0,
no_atom_decomposition,SEU/SEU611^2.p,TH0,Theorem,timeout,na,2073,1753,103,1753,214,7,0,1,0,
no_atom_decomposition,SEU/SEU612^1.p,TH0,Theorem,timeout,na,2454,2,0,2,1,0,0,0,0,
no_atom_decomposition,SEU/SEU612^2.p,TH0,Theorem,timeout,na,2061,1828,94,1828,223,32,0,3,0,
no_atom_decomposition,SEU/SEU613^1.p,TH0,Theorem,timeout,na,2458,2,0,2,1,0,0,0,0,
no_atom_decomposition,SEU/SEU613^2.p,TH0,Theorem,timeout,na,2069,1666,79,1666,251,2,0,3,0,
no_atom_decomposition,SEU/SEU614^1.p,TH0,Theorem,timeout,na,2470,2,0,2,1,0,0,0,0,
no_atom_decomposition,SEU/SEU614^2.p,TH0,Theorem,thm,yes,57,30,1,30,4,0,0,1,1,
no_atom_decomposition,SEU/SEU615^1.p,TH0,Theorem,timeout,na,2484,2,0,2,1,0,0,0,0,
no_atom_decomposition,SEU/SEU615^2.p,TH0,Theorem,thm,yes,983,1087,27,1087,176,4,0,2,1,
no_atom_decomposition,SEU/SEU616^1.p,TH0,Theorem,timeout,na,2491,0,0,0,1,0,0,0,0,
no_atom_decomposition,SEU/SEU617^1.p,TH0,Theorem,timeout,na,2536,0,0,0,1,0,0,0,0,
no_atom_decomposition,SEU/SEU617^2.p,TH0,Theorem,timeout,na,2202,4191,46,4191,1246,126,0,4,0,
no_atom_decomposition,SEU/SEU618^1.p,TH0,Theorem,timeout,na,2504,0,0,0,1,0,0,0,0,
no_atom_decomposition,SEU/SEU618^2.p,TH0,Theorem,timeout,na,2233,4143,37,4143,1460,79,0,4,0,
no_atom_decomposition,SEU/SEU619^1.p,TH0,Theorem,timeout,na,2517,0,0,0,1,0,0,0,0,
no_atom_decomposition,SEU/SEU619^2.p,TH0,Theorem,thm,yes,817,454,5,454,31,64,0,1,1,
no_atom_decomposition,SEU/SEU620^1.p,TH0,Theorem,timeout,na,2522,0,0,0,1,0,0,0,0,
no_atom_decomposition,SEU/SEU620^2.p,TH0,Theorem,timeout,na,2043,932,11,932,116,17,0,0,0,
no_atom_decomposition,SEU/SEU621^1.p,TH0,Theorem,timeout,na,2556,2,0,2,1,0,0,0,0,
no_atom_decomposition,SEU/SEU621^2.p,TH0,Theorem,timeout,na,2156,5094,90,5094,891,0,0,2,0,
no_atom_decomposition,SEU/SEU622^1.p,TH0,Theorem,timeout,na,2541,2,0,2,1,0,0,0,0,
no_atom_decomposition,SEU/SEU622^2.p,TH0,Theorem,thm,yes,23,20,1,20,3,0,0,1,1,
no_atom_decomposition,SEU/SEU623^1.p,TH0,Theorem,timeout,na,2579,2,0,2,1,0,0,0,0,
no_atom_decomposition,SEU/SEU623^2.p,TH0,Theorem,timeout,na,2191,5547,166,5547,1220,40,0,2,0,
no_atom_decomposition,SEU/SEU624^1.p,TH0,Theorem,timeout,na,2562,2,0,2,1,0,0,0,0,
no_atom_decomposition,SEU/SEU625^1.p,TH0,Theorem,timeout,na,2594,2,0,2,1,0,0,0,0,
no_atom_decomposition,SEU/SEU625^2.p,TH0,Theorem,timeout,na,2234,4548,45,4548,1141,0,0,3,0,
no_atom_decomposition,SEU/SEU626^1.p,TH0,Theorem,timeout,na,2605,2,0,2,1,0,0,0,0,
no_atom_decomposition,SEU/SEU626^2.p,TH0,Theorem,timeout,na,2138,3911,63,3911,743,6,0,1,0,
no_atom_decomposition,SEU/SEU627^1.p,TH0,Theorem,timeout,na,2625,2,0,2,1,0,0,0,0,
no_atom_decomposition,SEU/SEU627^2.p,TH0,Theorem,timeout,na,2196,4218,53,4218,989,0,0,4,0,
no_atom_decomposition,SEU/SEU628^1.p,TH0,Theorem,timeout,na,2625,2,0,2,1,0,0,0,0,
no_atom_decomposition,SEU/SEU628^2.p,TH0,Theorem,timeout,na,2124,3014,44,3014,666,40,0,3,0,
no_atom_decomposition,SEU/SEU629^1.p,TH0,Theorem,timeout,na,2626,2,0,2,1,0,0,0,0,
no_atom_decomposition,SEU/SEU629^2.p,TH0,Theorem,thm,yes,73,36,1,36,4,0,0,3,1,
no_atom_decomposition,SEU/SEU630^1.p,TH0,Theorem,timeout,na,2634,2,0,2,1,0,0,0,0,
no_atom_decomposition,SEU/SEU630^2.p,TH0,Theorem,timeout,na,2100,1965,50,1965,381,0,0,3,0,
no_atom_decomposition,SEU/SEU631^1.p,TH0,Theorem,timeout,na,2648,2,0,2,1,0,0,0,0,
no_atom_decomposition,SEU/SEU631^2.p,TH0,Theorem,timeout,na,2043,1777,125,1777,103,1,0,1,0,
no_atom_decomposition,SEU/SEU632^1.p,TH0,Theorem,timeout,na,2646,2,0,2,1,0,0,0,0,
no_atom_decomposition,SEU/SEU632^2.p,TH0,Theorem,timeout,na,2082,2468,83,2468,219,0,0,0,0,
no_atom_decomposition,SEU/SEU633^1.p,TH0,Theorem,timeout,na,2635,2,0,2,1,0,0,0,0,
no_atom_decomposition,SEU/SEU633^2.p,TH0,Theorem,timeout,na,2106,3922,70,3922,594,119,0,2,0,
no_atom_decomposition,SEU/SEU634^1.p,TH0,Theorem,timeout,na,2657,0,0,0,1,0,0,0,0,
no_atom_decomposition,SEU/SEU634^2.p,TH0,Theorem,timeout,na,2139,4753,111,4753,699,0,0,2,0,
no_atom_decomposition,SEU/SEU635^1.p,TH0,Theorem,timeout,na,2674,0,0,0,1,0,0,0,0,
no_atom_decomposition,SEU/SEU635^2.p,TH0,Theorem,thm,yes,67,99,1,99,11,0,0,3,1,
no_atom_decomposition,SEU/SEU636^1.p,TH0,Theorem,timeout,na,2685,0,0,0,1,0,0,0,0,
no_atom_decomposition,SEU/SEU636^2.p,TH0,Theorem,timeout,na,2102,2685,29,2685,225,32,0,0,0,
no_atom_decomposition,SEU/SEU637^1.p,TH0,Theorem,timeout,na,2700,0,0,0,1,0,0,0,0,
no_atom_decomposition,SEU/SEU637^2.p,TH0,Theorem,timeout,na,2115,2151,64,2151,201,0,0,0,0,
no_atom_decomposition,SEU/SEU638^1.p,TH0,Theorem,timeout,na,2677,0,0,0,1,0,0,0,0,
no_atom_decomposition,SEU/SEU638^2.p,TH0,Theorem,timeout,na,2075,1941,85,1941,257,7,0,1,0,
no_atom_decomposition,SEU/SEU639^1.p,TH0,Theorem,timeout,na,2711,0,0,0,1,0,0,0,0,
no_atom_decomposition,SEU/SEU639^2.p,TH0,Theorem,timeout,na,2107,2242,73,2242,210,0,0,0,0,
no_atom_decomposition,SEU/SEU640^1.p,TH0,Theorem,timeout,na,2734,0,0,0,1,0,0,0,0,
no_atom_decomposition,SEU/SEU640^2.p,TH0,Theorem,timeout,na,2034,951,42,951,97,14,0,0,0,
no_atom_decomposition,SEU/SEU641^1.p,TH0,Theorem,timeout,na,2713,0,0,0,1,0,0,0,0,
no_atom_decomposition,SEU/SEU641^2.p,TH0,Theorem,timeout,na,2021,2130,170,2130,67,12,0,1,0,
no_atom_decomposition,SEU/SEU642^1.p,TH0,Theorem,timeout,na,2745,0,0,0,1,0,0,0,0,
no_atom_decomposition,SEU/SEU642^2.p,TH0,Theorem,timeout,na,2098,2948,76,2948,206,55,0,0,0,
no_atom_decomposition,SEU/SEU643^1.p,TH0,Theorem,timeout,na,2815,0,0,0,1,0,0,0,0,
no_atom_decomposition,SEU/SEU643^2.p,TH0,Theorem,timeout,na,2048,1131,59,1131,121,0,0,0,0,
no_atom_decomposition,SEU/SEU644^1.p,TH0,Theorem,timeout,na,2756,0,0,0,1,0,0,0,0,
no_atom_decomposition,SEU/SEU644^2.p,TH0,Theorem,timeout,na,2066,2455,89,2455,295,3,0,1,0,
no_atom_decomposition,SEU/SEU645^1.p,TH0,Theorem,timeout,na,2761,0,0,0,1,0,0,0,0,
no_atom_decomposition,SEU/SEU645^2.p,TH0,Theorem,timeout,na,2050,1256,72,1256,101,0,0,1,0,
no_atom_decomposition,SEU/SEU646^1.p,TH0,Theorem,timeout,na,2781,0,0,0,1,0,0,0,0,
no_atom_decomposition,SEU/SEU646^2.p,TH0,Theorem,timeout,na,2069,2102,86,2102,169,0,0,0,0,
no_atom_decomposition,SEU/SEU647^1.p,TH0,Theorem,timeout,na,2781,0,0,0,1,0,0,0,0,
no_atom_decomposition,SEU/SEU647^2.p,TH0,Theorem,timeout,na,2027,1106,55,1106,67,6,0,1,0,
no_atom_decomposition,SEU/SEU648^1.p,TH0,Theorem,timeout,na,2774,0,0,0,1,0,0,0,0,
no_atom_decomposition,SEU/SEU648^2.p,TH0,Theorem,timeout,na,2009,182,4,182,13,10,0,2,0,
no_atom_decomposition,SEU/SEU649^1.p,TH0,Theorem,timeout,na,2803,0,0,0,1,0,0,0,0,
no_atom_decomposition,SEU/SEU649^2.p,TH0,Theorem,timeout,na,2110,2827,83,2827,237,11,0,0,0,
no_atom_decomposition,SEU/SEU650^1.p,TH0,Theorem,timeout,na,2800,0,0,0,1,0,0,0,0,
no_atom_decomposition,SEU/SEU650^2.p,TH0,Theorem,timeout,na,2074,2068,42,2068,328,56,0,2,0,
no_atom_decomposition,SEU/SEU651^1.p,TH0,Theorem,timeout,na,2826,0,0,0,1,0,0,0,0,
no_atom_decomposition,SEU/SEU651^2.p,TH0,Theorem,timeout,na,2056,2677,149,2677,206,11,0,1,0,
no_atom_decomposition,SEU/SEU652^1.p,TH0,Theorem,timeout,na,2850,0,0,0,1,0,0,0,0,
no_atom_decomposition,SEU/SEU652^2.p,TH0,Theorem,timeout,na,2031,2130,160,2130,74,10,0,1,0,
no_atom_decomposition,SEU/SEU653^1.p,TH0,Theorem,timeout,na,2853,0,0,0,1,0,0,0,0,
no_atom_decomposition,SEU/SEU653^2.p,TH0,Theorem,timeout,na,2074,2763,117,2763,221,38,0,0,0,
no_atom_decomposition,SEU/SEU654^1.p,TH0,Theorem,timeout,na,2849,0,0,0,1,0,0,0,0,
no_atom_decomposition,SEU/SEU654^2.p,TH0,Theorem,timeout,na,2092,2542,41,2542,371,22,0,1,0,
no_atom_decomposition,SEU/SEU655^1.p,TH0,Theorem,timeout,na,2927,0,0,0,1,0,0,0,0,
no_atom_decomposition,SEU/SEU655^2.p,TH0,Theorem,timeout,na,2052,1051,33,1051,166,7,0,0,0,
no_atom_decomposition,SEU/SEU656^1.p,TH0,Theorem,timeout,na,2865,0,0,0,1,0,0,0,0,
no_atom_decomposition,SEU/SEU656^2.p,TH0,Theorem,timeout,na,2050,1104,50,1104,131,1,0,1,0,
no_atom_decomposition,SEU/SEU657^1.p,TH0,Theorem,timeout,na,2908,0,0,0,1,0,0,0,0,
no_atom_decomposition,SEU/SEU657^2.p,TH0,Theorem,timeout,na,2031,925,47,925,71,9,0,1,0,
no_atom_decomposition,SEU/SEU658^1.p,TH0,Theorem,timeout,na,2909,0,0,0,1,0,0,0,0,
no_atom_decomposition,SEU/SEU658^2.p,TH0,Theorem,timeout,na,2118,3112,93,3112,193,0,0,0,0,
no_atom_decomposition,SEU/SEU659^1.p,TH0,Theorem,timeout,na,2938,0,0,0,1,0,0,0,0,
no_atom_decomposition,SEU/SEU659^2.p,TH0,Theorem,timeout,na,2083,2899,108,2899,198,0,0,0,0,
no_atom_decomposition,SEU/SEU660^1.p,TH0,Theorem,timeout,na,2951,0,0,0,1,0,0,0,0,
no_atom_decomposition,SEU/SEU660^2.p,TH0,Theorem,timeout,na,2091,3058,100,3058,205,0,0,0,0,
no_atom_decomposition,SEU/SEU661^1.p,TH0,Theorem,timeout,na,2939,0,0,0,1,0,0,0,0,
no_atom_decomposition,SEU/SEU661^2.p,TH0,Theorem,thm,yes,17,8,0,8,1,1,0,0,0,
no_atom_decomposition,SEU/SEU662^1.p,TH0,Theorem,timeout,na,2972,0,0,0,1,0,0,0,0,
no_atom_decomposition,SEU/SEU662^2.p,TH0,Theorem,timeout,na,2391,6067,3,6067,128,272,0,0,0,
no_atom_decomposition,SEU/SEU663^1.p,TH0,Theorem,timeout,na,2987,0,0,0,1,0,0,0,0,
no_atom_decomposition,SEU/SEU663^2.p,TH0,Theorem,timeout,na,2265,5671,9,5671,155,602,0,0,0,
no_atom_decomposition,SEU/SEU664^1.p,TH0,Theorem,timeout,na,3042,0,0,0,1,0,0,0,0,
no_atom_decomposition,SEU/SEU664^2.p,TH0,Theorem,timeout,na,2094,3341,115,3341,194,0,0,0,0,
no_atom_decomposition,SEU/SEU665^1.p,TH0,Theorem,timeout,na,3019,0,0,0,1,0,0,0,0,
no_atom_decomposition,SEU/SEU665^2.p,TH0,Theorem,timeout,na,2207,2496,53,2496,640,0,0,2,0,
no_atom_decomposition,SEU/SEU666^1.p,TH0,Theorem,timeout,na,3051,0,0,0,1,0,0,0,0,
no_atom_decomposition,SEU/SEU666^2.p,TH0,Theorem,timeout,na,2131,3830,49,3830,721,0,0,3,0,
no_atom_decomposition,SEU/SEU667^1.p,TH0,Theorem,timeout,na,3044,0,0,0,1,0,0,0,0,
no_atom_decomposition,SEU/SEU667^2.p,TH0,Theorem,timeout,na,2012,187,18,187,1,0,0,0,0,
no_atom_decomposition,SEU/SEU668^1.p,TH0,Theorem,timeout,na,3091,0,0,0,1,0,0,0,0,
no_atom_decomposition,SEU/SEU668^2.p,TH0,Theorem,timeout,na,2054,1353,62,1353,134,8,0,1,0,
no_atom_decomposition,SEU/SEU669^1.p,TH0,Theorem,timeout,na,3087,0,0,0,1,0,0,0,0,
no_atom_decomposition,SEU/SEU669^2.p,TH0,Theorem,timeout,na,2081,1869,71,1869,308,11,0,1,0,
no_atom_decomposition,SEU/SEU670^1.p,TH0,Theorem,timeout,na,3089,0,0,0,1,0,0,0,0,
no_atom_decomposition,SEU/SEU670^2.p,TH0,Theorem,timeout,na,2081,1615,23,1615,355,4,0,1,0,
no_atom_decomposition,SEU/SEU671^1.p,TH0,Theorem,timeout,na,3122,0,0,0,1,0,0,0,0,
no_atom_decomposition,SEU/SEU671^2.p,TH0,Theorem,timeout,na,2061,1132,40,1132,156,8,0,1,0,
no_atom_decomposition,SEU/SEU672^1.p,TH0,Theorem,timeout,na,3189,0,0,0,1,0,0,0,0,
no_atom_decomposition,SEU/SEU672^2.p,TH0,Theorem,timeout,na,2028,1266,70,1266,80,7,0,1,0,
no_atom_decomposition,SEU/SEU673^1.p,TH0,Theorem,timeout,na,3176,0,0,0,1,0,0,0,0,
no_atom_decomposition,SEU/SEU673^2.p,TH0,Theorem,timeout,na,2150,3026,95,3026,542,28,0,1,0,
no_atom_decomposition,SEU/SEU674^1.p,TH0,Theorem,timeout,na,3171,0,0,0,1,0,0,0,0,
no_atom_decomposition,SEU/SEU674^2.p,TH0,Theorem,timeout,na,2112,2050,13,2051,513,12,0,1,0,
no_atom_decomposition,SEU/SEU675^1.p,TH0,Theorem,timeout,na,3145,0,0,0,1,0,0,0,0,
no_atom_decomposition,SEU/SEU675^2.p,TH0,Theorem,timeout,na,2055,1173,51,1173,139,8,0,1,0,
no_atom_decomposition,SEU/SEU676^1.p,TH0,Theorem,timeout,na,3193,0,0,0,1,0,0,0,0,
no_atom_decomposition,SEU/SEU676^2.p,TH0,Theorem,timeout,na,2075,1222,31,1222,234,4,0,1,0,
no_atom_decomposition,SEU/SEU677^1.p,TH0,Theorem,timeout,na,3185,0,0,0,1,0,0,0,0,
no_atom_decomposition,SEU/SEU677^2.p,TH0,Theorem,timeout,na,2064,1078,44,1078,198,6,0,1,0,
no_atom_decomposition,SEU/SEU678^1.p,TH0,Theorem,timeout,na,3228,0,0,0,1,0,0,0,0,
no_atom_decomposition,SEU/SEU678^2.p,TH0,Theorem,timeout,na,2036,501,31,501,24,5,0,0,0,
no_atom_decomposition,SEU/SEU679^1.p,TH0,Theorem,timeout,na,3241,0,0,0,1,0,0,0,0,
no_atom_decomposition,SEU/SEU679^2.p,TH0,Theorem,timeout,na,2038,455,3,455,101,0,0,0,0,
no_atom_decomposition,SEU/SEU680^1.p,TH0,Theorem,timeout,na,3273,0,0,0,1,0,0,0,0,
no_atom_decomposition,SEU/SEU680^2.p,TH0,Theorem,timeout,na,2063,688,9,688,136,0,0,1,0,
no_atom_decomposition,SEU/SEU681^1.p,TH0,Theorem,timeout,na,3289,0,0,0,1,0,0,0,0,
no_atom_decomposition,SEU/SEU681^2.p,TH0,Theorem,timeout,na,2101,3073,113,3073,234,10,0,0,0,
no_atom_decomposition,SEU/SEU682^1.p,TH0,Theorem,timeout,na,3287,0,0,0,1,0,0,0,0,
no_atom_decomposition,SEU/SEU682^2.p,TH0,Theorem,timeout,na,2051,1032,28,1032,158,0,0,0,0,
no_atom_decomposition,SEU/SEU683^1.p,TH0,Theorem,timeout,na,3271,0,0,0,1,0,0,0,0,
no_atom_decomposition,SEU/SEU683^2.p,TH0,Theorem,timeout,na,2071,2131,154,2131,166,9,0,1,0,
no_atom_decomposition,SEU/SEU684^1.p,TH0,Theorem,timeout,na,3372,0,0,0,1,0,0,0,0,
no_atom_decomposition,SEU/SEU684^2.p,TH0,Theorem,timeout,na,2062,1228,37,1228,163,19,0,1,0,
no_atom_decomposition,SEU/SEU685^1.p,TH0,Theorem,timeout,na,3350,0,0,0,1,0,0,0,0,
no_atom_decomposition,SEU/SEU685^2.p,TH0,Theorem,timeout,na,2092,1648,22,1648,326,2,0,1,0,
no_atom_decomposition,SEU/SEU686^1.p,TH0,Theorem,timeout,na,3368,0,0,0,1,0,0,0,0,
no_atom_decomposition,SEU/SEU686^2.p,TH0,Theorem,timeout,na,2055,860,40,860,73,12,0,0,0,
no_atom_decomposition,SEU/SEU687^1.p,TH0,Theorem,timeout,na,3417,0,0,0,1,0,0,0,0,
no_atom_decomposition,SEU/SEU687^2.p,TH0,Theorem,timeout,na,2088,2079,62,2079,183,56,0,0,0,
no_atom_decomposition,SEU/SEU688^1.p,TH0,Theorem,timeout,na,3401,0,0,0,1,0,0,0,0,
no_atom_decomposition,SEU/SEU688^2.p,TH0,Theorem,timeout,na,2078,1457,28,1457,180,2,0,0,0,
no_atom_decomposition,SEU/SEU689^1.p,TH0,Theorem,timeout,na,3429,0,0,0,1,0,0,0,0,
no_atom_decomposition,SEU/SEU689^2.p,TH0,Theorem,timeout,na,2079,1764,55,1764,282,0,0,2,0,
no_atom_decomposition,SEU/SEU690^1.p,TH0,Theorem,timeout,na,3428,0,0,0,1,0,0,0,0,
no_atom_decomposition,SEU/SEU690^2.p,TH0,Theorem,timeout,na,2124,2527,34,2527,248,0,0,0,0,
no_atom_decomposition,SEU/SEU691^1.p,TH0,Theorem,timeout,na,3427,0,0,0,1,0,0,0,0,
no_atom_decomposition,SEU/SEU691^2.p,TH0,Theorem,timeout,na,2088,1836,40,1836,199,0,0,0,0,
no_atom_decomposition,SEU/SEU692^1.p,TH0,Theorem,timeout,na,3461,0,0,0,1,0,0,0,0,
no_atom_decomposition,SEU/SEU692^2.p,TH0,Theorem,timeout,na,2100,2415,15,2415,258,1,0,0,0,
no_atom_decomposition,SEU/SEU693^1.p,TH0,Theorem,timeout,na,3481,0,0,0,1,0,0,0,0,
no_atom_decomposition,SEU/SEU693^2.p,TH0,Theorem,thm,yes,22,8,0,8,1,1,0,0,0,
no_atom_decomposition,SEU/SEU694^1.p,TH0,Theorem,timeout,na,3487,0,0,0,1,0,0,0,0,
no_atom_decomposition,SEU/SEU694^2.p,TH0,Theorem,thm,yes,24,8,0,8,1,1,0,0,0,
no_atom_decomposition,SEU/SEU695^1.p,TH0,Theorem,timeout,na,3527,0,0,0,1,0,0,0,0,
no_atom_decomposition,SEU/SEU695^2.p,TH0,Theorem,timeout,na,2078,578,15,578,79,8,0,0,0,
no_atom_decomposition,SEU/SEU696^1.p,TH0,Theorem,timeout,na,3582,0,0,0,1,0,0,0,0,
no_atom_decomposition,SEU/SEU696^2.p,TH0,Theorem,timeout,na,2105,845,7,845,186,0,0,0,0,
no_atom_decomposition,SEU/SEU697^1.p,TH0,Theorem,timeout,na,3519,0,0,0,1,0,0,0,0,
no_atom_decomposition,SEU/SEU697^2.p,TH0,Theorem,thm,yes,21,5,0,5,1,1,0,0,0,
no_atom_decomposition,SEU/SEU698^1.p,TH0,Theorem,timeout,na,3571,0,0,0,1,0,0,0,0,
no_atom_decomposition,SEU/SEU699^1.p,TH0,Theorem,timeout,na,3677,0,0,0,1,0,0,0,0,
no_atom_decomposition,SEU/SEU699^2.p,TH0,Theorem,timeout,na,2073,661,14,661,126,0,0,0,0,
no_atom_decomposition,SEU/SEU700^1.p,TH0,Theorem,timeout,na,3569,0,0,0,1,0,0,0,0,
no_atom_decomposition,SEU/SEU700^2.p,TH0,Theorem,timeout,na,2087,1716,98,1716,222,0,0,5,0,
no_atom_decomposition,SEU/SEU701^1.p,TH0,Theorem,timeout,na,3644,0,0,0,1,0,0,0,0,
no_atom_decomposition,SEU/SEU701^2.p,TH0,Theorem,timeout,na,2139,2478,35,2478,489,34,0,1,0,
no_atom_decomposition,SEU/SEU702^1.p,TH0,Theorem,timeout,na,3579,0,0,0,1,0,0,0,0,
no_atom_decomposition,SEU/SEU702^2.p,TH0,Theorem,timeout,na,2042,1870,134,1870,128,16,0,5,0,
no_atom_decomposition,SEU/SEU703^1.p,TH0,Theorem,timeout,na,3665,0,0,0,1,0,0,0,0,
no_atom_decomposition,SEU/SEU703^2.p,TH0,Theorem,timeout,na,2133,2915,51,2915,421,96,0,1,0,
no_atom_decomposition,SEU/SEU704^1.p,TH0,Theorem,timeout,na,3644,0,0,0,1,0,0,0,0,
no_atom_decomposition,SEU/SEU704^2.p,TH0,Theorem,timeout,na,2220,3019,88,3019,185,91,0,0,0,
no_atom_decomposition,SEU/SEU705^1.p,TH0,Theorem,timeout,na,3683,0,0,0,1,0,0,0,0,
no_atom_decomposition,SEU/SEU705^2.p,TH0,Theorem,timeout,na,2118,2765,46,2765,465,44,0,1,0,
no_atom_decomposition,SEU/SEU706^1.p,TH0,Theorem,timeout,na,3695,0,0,0,1,0,0,0,0,
no_atom_decomposition,SEU/SEU706^2.p,TH0,Theorem,timeout,na,2134,2504,33,2504,214,21,0,0,0,
no_atom_decomposition,SEU/SEU707^1.p,TH0,Theorem,timeout,na,3687,0,0,0,1,0,0,0,0,
no_atom_decomposition,SEU/SEU707^2.p,TH0,Theorem,timeout,na,2189,4284,73,4284,203,48,0,0,0,
no_atom_decomposition,SEU/SEU708^1.p,TH0,Theorem,timeout,na,3715,0,0,0,1,0,0,0,0,
no_atom_decomposition,SEU/SEU708^2.p,TH0,Theorem,timeout,na,2280,4215,35,4215,178,86,0,0,0,
no_atom_decomposition,SEU/SEU709^1.p,TH0,Theorem,timeout,na,3781,0,0,0,1,0,0,0,0,
no_atom_decomposition,SEU/SEU709^2.p,TH0,Theorem,timeout,na,2208,3723,64,3723,188,62,0,0,0,
no_atom_decomposition,SEU/SEU710^1.p,TH0,Theorem,timeout,na,3776,0,0,0,1,0,0,0,0,
no_atom_decomposition,SEU/SEU711^1.p,TH0,Theorem,timeout,na,3784,0,0,0,1,0,0,0,0,
no_atom_decomposition,SEU/SEU711^2.p,TH0,Theorem,timeout,na,2161,3766,126,3766,638,0,0,3,0,
no_atom_decomposition,SEU/SEU712^1.p,TH0,Theorem,timeout,na,3739,0,0,0,1,0,0,0,0,
no_atom_decomposition,SEU/SEU712^2.p,TH0,Theorem,timeout,na,2154,4029,127,4029,729,20,0,3,0,
no_atom_decomposition,SEU/SEU713^1.p,TH0,Theorem,timeout,na,3836,0,0,0,1,0,0,0,0,
no_atom_decomposition,SEU/SEU713^2.p,TH0,Theorem,timeout,na,2163,4338,161,4338,714,0,0,2,0,
no_atom_decomposition,SEU/SEU714^1.p,TH0,Theorem,timeout,na,3850,0,0,0,1,0,0,0,0,
no_atom_decomposition,SEU/SEU714^2.p,TH0,Theorem,thm,yes,65,98,1,98,11,0,0,2,1,
no_atom_decomposition,SEU/SEU715^1.p,TH0,Theorem,timeout,na,3854,0,0,0,1,0,0,0,0,
no_atom_decomposition,SEU/SEU715^2.p,TH0,Theorem,timeout,na,2127,4071,126,4071,244,32,0,0,0,
no_atom_decomposition,SEU/SEU716^1.p,TH0,Theorem,timeout,na,3885,0,0,0,1,0,0,0,0,
no_atom_decomposition,SEU/SEU716^2.p,TH0,Theorem,timeout,na,2149,4386,96,4386,829,0,0,1,0,
no_atom_decomposition,SEU/SEU717^1.p,TH0,Theorem,timeout,na,3888,0,0,0,1,0,0,0,0,
no_atom_decomposition,SEU/SEU717^2.p,TH0,Theorem,timeout,na,2093,2680,35,2680,570,14,0,1,0,
no_atom_decomposition,SEU/SEU718^1.p,TH0,Theorem,timeout,na,3895,0,0,0,1,0,0,0,0,
no_atom_decomposition,SEU/SEU718^2.p,TH0,Theorem,thm,yes,265,594,13,594,121,20,0,1,1,
no_atom_decomposition,SEU/SEU719^1.p,TH0,Theorem,timeout,na,3965,0,0,0,1,0,0,0,0,
no_atom_decomposition,SEU/SEU719^2.p,TH0,Theorem,thm,yes,39,18,1,18,2,0,0,1,1,
no_atom_decomposition,SEU/SEU720^1.p,TH0,Theorem,timeout,na,3970,0,0,0,1,0,0,0,0,
no_atom_decomposition,SEU/SEU720^2.p,TH0,Theorem,thm,yes,54,35,1,35,3,0,0,2,1,
no_atom_decomposition,SEU/SEU721^1.p,TH0,Theorem,timeout,na,4036,0,0,0,1,0,0,0,0,
no_atom_decomposition,SEU/SEU721^2.p,TH0,Theorem,thm,yes,59,23,1,23,2,0,0,1,1,
no_atom_decomposition,SEU/SEU722^1.p,TH0,Theorem,timeout,na,4014,0,0,0,1,0,0,0,0,
no_atom_decomposition,SEU/SEU722^2.p,TH0,Theorem,thm,yes,57,23,1,23,2,0,0,1,1,
no_atom_decomposition,SEU/SEU723^1.p,TH0,Theorem,timeout,na,4072,0,0,0,1,0,0,0,0,
no_atom_decomposition,SEU/SEU723^2.p,TH0,Theorem,timeout,na,2365,5532,36,5532,2053,75,0,1,0,
no_atom_decomposition,SEU/SEU724^1.p,TH0,Theorem,timeout,na,4045,0,0,0,1,0,0,0,0,
no_atom_decomposition,SEU/SEU724^2.p,TH0,Theorem,thm,yes,68,28,2,28,3,0,0,1,1,
no_atom_decomposition,SEU/SEU725^1.p,TH0,Theorem,timeout,na,4109,0,0,0,1,0,0,0,0,
no_atom_decomposition,SEU/SEU725^2.p,TH0,Theorem,timeout,na,2201,3419,40,3420,971,0,0,2,0,
no_atom_decomposition,SEU/SEU726^1.p,TH0,Theorem,timeout,na,4122,0,0,0,1,0,0,0,0,
no_atom_decomposition,SEU/SEU726^2.p,TH0,Theorem,timeout,na,2094,2797,88,2797,363,0,0,4,0,
no_atom_decomposition,SEU/SEU727^1.p,TH0,Theorem,timeout,na,4137,0,0,0,1,0,0,0,0,
no_atom_decomposition,SEU/SEU727^2.p,TH0,Theorem,timeout,na,2334,5116,44,5116,1990,0,0,2,0,
no_atom_decomposition,SEU/SEU728^1.p,TH0,Theorem,timeout,na,4132,0,0,0,1,0,0,0,0,
no_atom_decomposition,SEU/SEU728^2.p,TH0,Theorem,timeout,na,2230,4800,116,4800,1383,0,0,2,0,
no_atom_decomposition,SEU/SEU729^1.p,TH0,Theorem,timeout,na,4222,0,0,0,1,0,0,0,0,
no_atom_decomposition,SEU/SEU729^2.p,TH0,Theorem,timeout,na,2105,3009,46,3009,198,0,0,0,0,
no_atom_decomposition,SEU/SEU730^1.p,TH0,Theorem,timeout,na,4216,0,0,0,1,0,0,0,0,
no_atom_decomposition,SEU/SEU730^2.p,TH0,Theorem,timeout,na,2104,2821,60,2821,204,0,0,0,0,
no_atom_decomposition,SEU/SEU731^1.p,TH0,Theorem,timeout,na,4199,0,0,0,1,0,0,0,0,
no_atom_decomposition,SEU/SEU731^2.p,TH0,Theorem,timeout,na,2089,2458,70,2458,201,0,0,0,0,
no_atom_decomposition,SEU/SEU732^1.p,TH0,Theorem,timeout,na,4277,0,0,0,1,0,0,0,0,
no_atom_decomposition,SEU/SEU732^2.p,TH0,Theorem,timeout,na,2103,2947,104,2947,421,10,0,3,0,
no_atom_decomposition,SEU/SEU733^1.p,TH0,Theorem,timeout,na,4253,0,0,0,1,0,0,0,0,
no_atom_decomposition,SEU/SEU733^2.p,TH0,Theorem,timeout,na,2095,2769,134,2769,336,0,0,3,0,
no_atom_decomposition,SEU/SEU734^1.p,TH0,Theorem,timeout,na,4373,0,0,0,1,0,0,0,0,
no_atom_decomposition,SEU/SEU734^2.p,TH0,Theorem,timeout,na,2143,3218,65,3218,197,0,0,0,0,
no_atom_decomposition,SEU/SEU735^1.p,TH0,Theorem,timeout,na,4340,0,0,0,1,0,0,0,0,
no_atom_decomposition,SEU/SEU735^2.p,TH0,Theorem,timeout,na,2174,4059,18,4059,1111,8,0,3,0,
no_atom_decomposition,SEU/SEU736^1.p,TH0,Theorem,timeout,na,4376,0,0,0,1,0,0,0,0,
no_atom_decomposition,SEU/SEU736^2.p,TH0,Theorem,timeout,na,2069,2060,96,2060,209,0,0,3,0,
no_atom_decomposition,SEU/SEU737^1.p,TH0,Theorem,timeout,na,4358,0,0,0,1,0,0,0,0,
no_atom_decomposition,SEU/SEU737^2.p,TH0,Theorem,timeout,na,2093,2479,66,2479,181,0,0,0,0,
no_atom_decomposition,SEU/SEU738^1.p,TH0,Theorem,timeout,na,4368,0,0,0,1,0,0,0,0,
no_atom_decomposition,SEU/SEU738^2.p,TH0,Theorem,thm,yes,53,21,1,21,2,0,0,1,1,
no_atom_decomposition,SEU/SEU739^1.p,TH0,Theorem,timeout,na,4406,0,0,0,1,0,0,0,0,
no_atom_decomposition,SEU/SEU739^2.p,TH0,Theorem,thm,yes,53,21,1,21,2,0,0,1,1,
no_atom_decomposition,SEU/SEU740^1.p,TH0,Theorem,timeout,na,4488,0,0,0,1,0,0,0,0,
no_atom_decomposition,SEU/SEU740^2.p,TH0,Theorem,timeout,na,2412,6193,108,6193,1891,19,0,3,0,
no_atom_decomposition,SEU/SEU741^1.p,TH0,Theorem,timeout,na,4512,0,0,0,1,0,0,0,0,
no_atom_decomposition,SEU/SEU741^2.p,TH0,Theorem,timeout,na,2399,5685,39,5685,2049,0,0,2,0,
no_atom_decomposition,SEU/SEU742^1.p,TH0,Theorem,timeout,na,4525,0,0,0,1,0,0,0,0,
no_atom_decomposition,SEU/SEU742^2.p,TH0,Theorem,timeout,na,2060,1844,114,1844,126,0,0,2,0,
no_atom_decomposition,SEU/SEU743^1.p,TH0,Theorem,timeout,na,4571,0,0,0,1,0,0,0,0,
no_atom_decomposition,SEU/SEU743^2.p,TH0,Theorem,timeout,na,2099,2564,65,2564,325,0,0,3,0,
no_atom_decomposition,SEU/SEU744^1.p,TH0,Theorem,timeout,na,4591,0,0,0,1,0,0,0,0,
no_atom_decomposition,SEU/SEU744^2.p,TH0,Theorem,timeout,na,2197,3818,53,3818,1012,47,0,3,0,
no_atom_decomposition,SEU/SEU745^1.p,TH0,Theorem,timeout,na,4622,0,0,0,1,0,0,0,0,
no_atom_decomposition,SEU/SEU745^2.p,TH0,Theorem,timeout,na,2089,2828,140,2828,308,0,0,3,0,
no_atom_decomposition,SEU/SEU746^1.p,TH0,Theorem,timeout,na,4597,0,0,0,1,0,0,0,0,
no_atom_decomposition,SEU/SEU746^2.p,TH0,Theorem,thm,yes,93,36,2,36,3,0,0,2,1,
no_atom_decomposition,SEU/SEU747^1.p,TH0,Theorem,timeout,na,4601,0,0,0,1,0,0,0,0,
no_atom_decomposition,SEU/SEU747^2.p,TH0,Theorem,thm,yes,72,32,2,32,3,0,0,2,1,
no_atom_decomposition,SEU/SEU748^1.p,TH0,Theorem,timeout,na,4659,0,0,0,1,0,0,0,0,
no_atom_decomposition,SEU/SEU749^1.p,TH0,Theorem,timeout,na,4690,0,0,0,1,0,0,0,0,
no_atom_decomposition,SEU/SEU749^2.p,TH0,Theorem,timeout,na,2128,2958,79,2958,593,0,0,2,0,
no_atom_decomposition,SEU/SEU750^1.p,TH0,Theorem,timeout,na,4735,0,0,0,1,0,0,0,0,
no_atom_decomposition,SEU/SEU750^2.p,TH0,Theorem,timeout,na,2080,3390,222,3390,231,0,0,3,0,
no_atom_decomposition,SEU/SEU751^1.p,TH0,Theorem,timeout,na,4811,0,0,0,1,0,0,0,0,
no_atom_decomposition,SEU/SEU751^2.p,TH0,Theorem,timeout,na,2243,3770,73,3770,925,0,0,1,0,
no_atom_decomposition,SEU/SEU752^1.p,TH0,Theorem,timeout,na,4841,0,0,0,1,0,0,0,0,
no_atom_decomposition,SEU/SEU752^2.p,TH0,Theorem,timeout,na,2086,3064,204,3064,218,0,0,2,0,
no_atom_decomposition,SEU/SEU753^1.p,TH0,Theorem,timeout,na,4882,0,0,0,1,0,0,0,0,
no_atom_decomposition,SEU/SEU753^2.p,TH0,Theorem,timeout,na,2144,2786,81,2786,167,0,0,0,0,
no_atom_decomposition,SEU/SEU754^1.p,TH0,Theorem,timeout,na,4893,0,0,0,1,0,0,0,0,
no_atom_decomposition,SEU/SEU754^2.p,TH0,Theorem,timeout,na,2199,2963,117,2963,554,0,0,2,0,
no_atom_decomposition,SEU/SEU755^1.p,TH0,Theorem,timeout,na,4894,0,0,0,1,0,0,0,0,
no_atom_decomposition,SEU/SEU755^2.p,TH0,Theorem,timeout,na,2092,3155,201,3155,265,0,0,3,0,
no_atom_decomposition,SEU/SEU756^1.p,TH0,Theorem,timeout,na,4945,0,0,0,1,0,0,0,0,
no_atom_decomposition,SEU/SEU756^2.p,TH0,Theorem,timeout,na,2099,2737,144,2737,306,3,0,3,0,
no_atom_decomposition,SEU/SEU757^1.p,TH0,Theorem,timeout,na,4972,0,0,0,1,0,0,0,0,
no_atom_decomposition,SEU/SEU757^2.p,TH0,Theorem,timeout,na,2173,3203,61,3203,182,0,0,0,0,
no_atom_decomposition,SEU/SEU758^1.p,TH0,Theorem,timeout,na,4912,0,0,0,1,0,0,0,0,
no_atom_decomposition,SEU/SEU758^2.p,TH0,Theorem,timeout,na,2256,5441,119,5441,1593,58,0,2,0,
no_atom_decomposition,SEU/SEU759^1.p,TH0,Theorem,timeout,na,4992,0,0,0,1,0,0,0,0,
no_atom_decomposition,SEU/SEU759^2.p,TH0,Theorem,timeout,na,2225,5319,57,5319,1172,0,0,4,0,
no_atom_decomposition,SEU/SEU760^1.p,TH0,Theorem,timeout,na,5082,0,0,0,1,0,0,0,0,
no_atom_decomposition,SEU/SEU760^2.p,TH0,Theorem,timeout,na,2248,5367,54,5367,1320,0,0,4,0,
no_atom_decomposition,SEU/SEU761^1.p,TH0,Theorem,timeout,na,5078,0,0,0,1,0,0,0,0,
no_atom_decomposition,SEU/SEU761^2.p,TH0,Theorem,timeout,na,2241,4809,61,4809,1305,0,0,4,0,
no_atom_decomposition,SEU/SEU762^1.p,TH0,Theorem,timeout,na,5129,0,0,0,1,0,0,0,0,
no_atom_decomposition,SEU/SEU762^2.p,TH0,Theorem,timeout,na,2105,2542,88,2542,170,0,0,0,0,
no_atom_decomposition,SEU/SEU763^1.p,TH0,Theorem,timeout,na,5103,0,0,0,1,0,0,0,0,
no_atom_decomposition,SEU/SEU764^1.p,TH0,Theorem,timeout,na,5215,0,0,0,1,0,0,0,0,
no_atom_decomposition,SEU/SEU764^2.p,TH0,Theorem,timeout,na,2187,3624,28,3624,183,0,0,0,0,
no_atom_decomposition,SEU/SEU765^1.p,TH0,Theorem,timeout,na,5198,0,0,0,1,0,0,0,0,
no_atom_decomposition,SEU/SEU766^1.p,TH0,Theorem,timeout,na,5213,0,0,0,1,0,0,0,0,
no_atom_decomposition,SEU/SEU767^1.p,TH0,Theorem,timeout,na,5218,0,0,0,1,0,0,0,0,
no_atom_decomposition,SEU/SEU768^1.p,TH0,Theorem,timeout,na,5242,0,0,0,1,0,0,0,0,
no_atom_decomposition,SEU/SEU768^2.p,TH0,Theorem,timeout,na,2051,926,20,926,149,0,0,0,0,
no_atom_decomposition,SEU/SEU769^1.p,TH0,Theorem,timeout,na,5208,0,0,0,1,0,0,0,0,
no_atom_decomposition,SEU/SEU769^2.p,TH0,Theorem,thm,yes,46,18,1,18,2,0,0,1,1,
no_atom_decomposition,SEU/SEU770^1.p,TH0,Theorem,timeout,na,5431,0,0,0,1,0,0,0,0,
no_atom_decomposition,SEU/SEU770^2.p,TH0,Theorem,timeout,na,2145,2008,65,2008,183,0,0,0,0,
no_atom_decomposition,SEU/SEU771^1.p,TH0,Theorem,timeout,na,5332,0,0,0,1,0,0,0,0,
no_atom_decomposition,SEU/SEU771^2.p,TH0,Theorem,thm,yes,24,10,1,10,1,0,0,1,1,
no_atom_decomposition,SEU/SEU772^1.p,TH0,Theorem,timeout,na,5389,0,0,0,1,0,0,0,0,
no_atom_decomposition,SEU/SEU773^1.p,TH0,Theorem,timeout,na,5448,0,0,0,1,0,0,0,0,
no_atom_decomposition,SEU/SEU773^2.p,TH0,Theorem,timeout,na,2058,1776,53,1776,201,0,0,0,0,
no_atom_decomposition,SEU/SEU774^1.p,TH0,Theorem,timeout,na,5395,0,0,0,1,0,0,0,0,
no_atom_decomposition,SEU/SEU774^2.p,TH0,Theorem,timeout,na,2055,1343,37,1343,192,1,0,0,0,
no_atom_decomposition,SEU/SEU775^1.p,TH0,Theorem,timeout,na,5360,0,0,0,1,0,0,0,0,
no_atom_decomposition,SEU/SEU775^2.p,TH0,Theorem,thm,yes,33,14,1,14,1,0,0,1,1,
no_atom_decomposition,SEU/SEU776^1.p,TH0,Theorem,timeout,na,5579,0,0,0,1,0,0,0,0,
no_atom_decomposition,SEU/SEU776^2.p,TH0,Theorem,timeout,na,2124,1103,10,1103,341,0,0,3,0,
no_atom_decomposition,SEU/SEU777^1.p,TH0,Theorem,timeout,na,5563,0,0,0,1,0,0,0,0,
no_atom_decomposition,SEU/SEU777^2.p,TH0,Theorem,thm,yes,126,30,2,30,2,0,0,1,1,
no_atom_decomposition,SEU/SEU778^1.p,TH0,Theorem,timeout,na,5539,0,0,0,1,0,0,0,0,
no_atom_decomposition,SEU/SEU778^2.p,TH0,Theorem,timeout,na,2011,213,21,213,1,0,0,0,0,
no_atom_decomposition,SEU/SEU779^1.p,TH0,Theorem,timeout,na,5649,0,0,0,1,0,0,0,0,
no_atom_decomposition,SEU/SEU779^2.p,TH0,Theorem,timeout,na,2120,1504,64,1504,294,0,0,3,0,
no_atom_decomposition,SEU/SEU780^1.p,TH0,Theorem,timeout,na,5663,0,0,0,1,0,0,0,0,
no_atom_decomposition,SEU/SEU780^2.p,TH0,Theorem,timeout,na,2041,722,34,722,57,26,0,1,0,
no_atom_decomposition,SEU/SEU781^1.p,TH0,Theorem,timeout,na,5778,0,0,0,1,0,0,0,0,
no_atom_decomposition,SEU/SEU781^2.p,TH0,Theorem,timeout,na,2075,1337,56,1337,192,1,0,0,0,
no_atom_decomposition,SEU/SEU782^1.p,TH0,Theorem,timeout,na,5549,0,0,0,1,0,0,0,0,
no_atom_decomposition,SEU/SEU782^2.p,TH0,Theorem,timeout,na,2189,4370,89,4370,961,0,0,4,0,
no_atom_decomposition,SEU/SEU783^1.p,TH0,Theorem,timeout,na,5740,0,0,0,1,0,0,0,0,
no_atom_decomposition,SEU/SEU783^2.p,TH0,Theorem,thm,yes,77,26,2,26,2,0,0,1,1,
no_atom_decomposition,SEU/SEU784^1.p,TH0,Theorem,timeout,na,5869,0,0,0,1,0,0,0,0,
no_atom_decomposition,SEU/SEU784^2.p,TH0,Theorem,thm,yes,78,26,2,26,2,0,0,1,1,
no_atom_decomposition,SEU/SEU785^1.p,TH0,Theorem,timeout,na,5902,0,0,0,1,0,0,0,0,
no_atom_decomposition,SEU/SEU785^2.p,TH0,Theorem,timeout,na,2073,1857,91,1857,187,4,0,0,0,
no_atom_decomposition,SEU/SEU786^1.p,TH0,Theorem,timeout,na,5825,0,0,0,1,0,0,0,0,
no_atom_decomposition,SEU/SEU786^2.p,TH0,Theorem,thm,yes,103,38,2,38,3,0,0,2,1,
no_atom_decomposition,SEU/SEU787^1.p,TH0,Theorem,timeout,na,5898,0,0,0,1,0,0,0,0,
no_atom_decomposition,SEU/SEU787^2.p,TH0,Theorem,timeout,na,2051,1600,81,1600,155,8,0,1,0,
no_atom_decomposition,SEU/SEU788^1.p,TH0,Theorem,timeout,na,5756,0,0,0,1,0,0,0,0,
no_atom_decomposition,SEU/SEU788^2.p,TH0,Theorem,timeout,na,2074,1907,91,1907,187,0,0,0,0,
no_atom_decomposition,SEU/SEU789^1.p,TH0,Theorem,timeout,na,5780,0,0,0,1,0,0,0,0,
no_atom_decomposition,SEU/SEU789^2.p,TH0,Theorem,timeout,na,2112,2717,77,2717,258,0,0,0,0,
no_atom_decomposition,SEU/SEU790^1.p,TH0,Theorem,timeout,na,5954,0,0,0,1,0,0,0,0,
no_atom_decomposition,SEU/SEU790^2.p,TH0,Theorem,timeout,na,2088,1761,100,1761,210,0,0,0,0,
no_atom_decomposition,SEU/SEU791^1.p,TH0,Theorem,timeout,na,6038,0,0,0,1,0,0,0,0,
no_atom_decomposition,SEU/SEU791^2.p,TH0,Theorem,timeout,na,2101,1730,84,1730,180,0,0,0,0,
no_atom_decomposition,SEU/SEU792^1.p,TH0,Theorem,timeout,na,6021,0,0,0,1,0,0,0,0,
no_atom_decomposition,SEU/SEU792^2.p,TH0,Theorem,timeout,na,2148,3833,152,3833,182,0,0,0,0,
no_atom_decomposition,SEU/SEU793^1.p,TH0,Theorem,timeout,na,5969,0,0,0,1,0,0,0,0,
no_atom_decomposition,SEU/SEU793^2.p,TH0,Theorem,timeout,na,2028,614,20,614,69,14,0,0,0,
no_atom_decomposition,SEU/SEU794^1.p,TH0,Theorem,timeout,na,5958,0,0,0,1,0,0,0,0,
no_atom_decomposition,SEU/SEU794^2.p,TH0,Theorem,timeout,na,2108,3252,21,3252,283,29,0,0,0,
no_atom_decomposition,SEU/SEU795^1.p,TH0,Theorem,timeout,na,5989,0,0,0,1,0,0,0,0,
no_atom_decomposition,SEU/SEU795^2.p,TH0,Theorem,timeout,na,2073,1649,17,1649,188,5,0,0,0,
no_atom_decomposition,SEU/SEU796^1.p,TH0,Theorem,timeout,na,6100,0,0,0,1,0,0,0,0,
no_atom_decomposition,SEU/SEU796^2.p,TH0,Theorem,timeout,na,2095,1838,50,1838,223,25,0,0,0,
no_atom_decomposition,SEU/SEU797^1.p,TH0,Theorem,timeout,na,6146,0,0,0,1,0,0,0,0,
no_atom_decomposition,SEU/SEU797^2.p,TH0,Theorem,timeout,na,2111,2436,49,2436,403,51,0,2,0,
no_atom_decomposition,SEU/SEU798^1.p,TH0,Theorem,timeout,na,6350,0,0,0,1,0,0,0,0,
no_atom_decomposition,SEU/SEU798^2.p,TH0,Theorem,thm,yes,76,31,2,31,3,0,0,4,1,
no_atom_decomposition,SEU/SEU799^1.p,TH0,Theorem,timeout,na,6309,0,0,0,1,0,0,0,0,
no_atom_decomposition,SEU/SEU799^2.p,TH0,Theorem,thm,yes,33,19,1,19,2,0,0,1,1,
no_atom_decomposition,SEU/SEU800^1.p,TH0,Theorem,timeout,na,6277,0,0,0,1,0,0,0,0,
no_atom_decomposition,SEU/SEU800^2.p,TH0,Theorem,thm,yes,47,18,1,18,2,0,0,1,1,
no_atom_decomposition,SEU/SEU801^1.p,TH0,Theorem,timeout,na,6307,0,0,0,1,0,0,0,0,
no_atom_decomposition,SEU/SEU801^2.p,TH0,Theorem,timeout,na,2069,1580,14,1580,289,20,0,3,0,
no_atom_decomposition,SEU/SEU802^1.p,TH0,Theorem,timeout,na,6370,0,0,0,1,0,0,0,0,
no_atom_decomposition,SEU/SEU802^2.p,TH0,Theorem,timeout,na,2041,1598,104,1598,96,13,0,1,0,
no_atom_decomposition,SEU/SEU803^1.p,TH0,Theorem,timeout,na,6506,0,0,0,1,0,0,0,0,
no_atom_decomposition,SEU/SEU803^2.p,TH0,Theorem,timeout,na,2065,2568,95,2568,246,51,0,1,0,
no_atom_decomposition,SEU/SEU804^1.p,TH0,Theorem,timeout,na,6439,0,0,0,1,0,0,0,0,
no_atom_decomposition,SEU/SEU804^2.p,TH0,Theorem,timeout,na,2151,2914,66,2914,513,0,0,1,0,
no_atom_decomposition,SEU/SEU805^1.p,TH0,Theorem,timeout,na,6506,0,0,0,1,0,0,0,0,
no_atom_decomposition,SEU/SEU805^2.p,TH0,Theorem,timeout,na,2180,5183,164,5183,164,38,0,0,0,
no_atom_decomposition,SEU/SEU806^1.p,TH0,Theorem,timeout,na,6390,0,0,0,1,0,0,0,0,
no_atom_decomposition,SEU/SEU806^2.p,TH0,Theorem,timeout,na,2075,4198,207,4198,259,49,0,1,0,
no_atom_decomposition,SEU/SEU807^1.p,TH0,Theorem,timeout,na,6380,0,0,0,1,0,0,0,0,
no_atom_decomposition,SEU/SEU807^2.p,TH0,Theorem,timeout,na,2108,3936,163,3936,405,14,0,1,0,
no_atom_decomposition,SEU/SEU808^1.p,TH0,Theorem,timeout,na,6455,0,0,0,1,0,0,0,0,
no_atom_decomposition,SEU/SEU808^2.p,TH0,Theorem,thm,yes,13,12,0,12,2,0,0,1,1,
no_atom_decomposition,SEU/SEU809^1.p,TH0,Theorem,timeout,na,6552,0,0,0,1,0,0,0,0,
no_atom_decomposition,SEU/SEU809^2.p,TH0,Theorem,thm,yes,13,12,0,12,2,0,0,1,1,
no_atom_decomposition,SEU/SEU810^1.p,TH0,Theorem,timeout,na,6593,0,0,0,1,0,0,0,0,
no_atom_decomposition,SEU/SEU810^2.p,TH0,Theorem,thm,yes,35,22,1,22,2,1,0,1,1,
no_atom_decomposition,SEU/SEU811^1.p,TH0,Theorem,timeout,na,6588,0,0,0,1,0,0,0,0,
no_atom_decomposition,SEU/SEU811^2.p,TH0,Theorem,timeout,na,2174,3889,99,3889,856,4,0,1,0,
no_atom_decomposition,SEU/SEU812^1.p,TH0,Theorem,timeout,na,6793,0,0,0,1,0,0,0,0,
no_atom_decomposition,SEU/SEU812^2.p,TH0,Theorem,thm,yes,16,13,0,13,2,0,0,1,1,
no_atom_decomposition,SEU/SEU813^1.p,TH0,Theorem,timeout,na,6648,0,0,0,1,0,0,0,0,
no_atom_decomposition,SEU/SEU813^2.p,TH0,Theorem,timeout,na,2224,5582,190,5582,1207,0,0,1,0,
no_atom_decomposition,SEU/SEU814^1.p,TH0,Theorem,timeout,na,6605,0,0,0,1,0,0,0,0,
no_atom_decomposition,SEU/SEU814^2.p,TH0,Theorem,timeout,na,2100,4948,232,4948,458,558,0,5,0,
no_atom_decomposition,SEU/SEU815^1.p,TH0,Theorem,timeout,na,6757,0,0,0,1,0,0,0,0,
no_atom_decomposition,SEU/SEU815^2.p,TH0,Theorem,timeout,na,2127,4299,154,4299,528,16,0,1,0,
no_atom_decomposition,SEU/SEU816^1.p,TH0,Theorem,timeout,na,6836,0,0,0,1,0,0,0,0,
no_atom_decomposition,SEU/SEU816^2.p,TH0,Theorem,timeout,na,2337,5088,40,5088,262,0,0,0,0,
no_atom_decomposition,SEU/SEU817^1.p,TH0,Theorem,timeout,na,6746,0,0,0,1,0,0,0,0,
no_atom_decomposition,SEU/SEU817^2.p,TH0,Theorem,timeout,na,2122,3552,87,3552,569,64,0,1,0,
no_atom_decomposition,SEU/SEU818^1.p,TH0,Theorem,timeout,na,6852,0,0,0,1,0,0,0,0,
no_atom_decomposition,SEU/SEU818^2.p,TH0,Theorem,thm,yes,70,15,1,15,1,1,0,0,0,
no_atom_decomposition,SEU/SEU819^1.p,TH0,Theorem,timeout,na,7026,0,0,0,1,0,0,0,0,
no_atom_decomposition,SEU/SEU819^2.p,TH0,Theorem,timeout,na,2099,2723,57,2723,531,14,0,1,0,
no_atom_decomposition,SEU/SEU820^1.p,TH0,Theorem,timeout,na,2746,0,0,0,1,0,0,0,0,
no_atom_decomposition,SEU/SEU820^2.p,TH0,Theorem,timeout,na,2145,4915,220,4915,229,19,0,0,0,
no_atom_decomposition,SEU/SEU821^1.p,TH0,Theorem,parse_timeout,na,0,,,,,,,,,cached: parse exceeded 5000ms
no_atom_decomposition,SEU/SEU821^2.p,TH0,Theorem,thm,yes,52,11,1,11,1,1,0,0,0,
no_atom_decomposition,SEU/SEU822^1.p,TH0,Theorem,timeout,na,7004,0,0,0,1,0,0,0,0,
no_atom_decomposition,SEU/SEU822^2.p,TH0,Theorem,thm,yes,122,49,1,49,6,0,0,1,1,
no_atom_decomposition,SEU/SEU823^1.p,TH0,Theorem,parse_timeout,na,0,,,,,,,,,cached: parse exceeded 5000ms
no_atom_decomposition,SEU/SEU823^2.p,TH0,Theorem,timeout,na,2087,2678,62,2678,398,40,0,1,0,
no_atom_decomposition,SEU/SEU824^1.p,TH0,Theorem,parse_timeout,na,0,,,,,,,,,cached: parse exceeded 5000ms
no_atom_decomposition,SEU/SEU824^2.p,TH0,Theorem,timeout,na,2078,2631,81,2631,209,32,0,0,0,
no_atom_decomposition,SEU/SEU824^3.p,TH0,CounterSatisfiable,timeout,na,2553,597,59,597,1,0,0,0,0,
no_atom_decomposition,SEU/SEU825^3.p,TH0,CounterSatisfiable,timeout,na,2095,4525,120,4525,613,32,0,1,0,
no_atom_decomposition,SEU/SEU826^1.p,TH0,Theorem,thm,yes,1685,3958,85,3958,312,341,0,1,1,
no_atom_decomposition,SEU/SEU827^1.p,TH0,Theorem,timeout,na,2239,7737,117,7737,340,223,0,0,0,
no_atom_decomposition,SEU/SEU828^1.p,TH0,Theorem,thm,yes,19,13,0,13,2,1,0,1,1,
no_atom_decomposition,SEU/SEU829^1.p,TH0,Theorem,thm,yes,17,23,0,23,2,2,0,1,1,
no_atom_decomposition,SEU/SEU831^5.p,TH0,Theorem,thm,yes,3,2,0,2,1,1,0,0,0,
no_atom_decomposition,SEU/SEU832^5.p,TH0,Theorem,thm,yes,3,2,0,2,1,1,0,0,0,
no_atom_decomposition,SEU/SEU833^5.p,TH0,Theorem,thm,yes,3,2,0,2,1,1,0,0,0,
no_atom_decomposition,SEU/SEU834^5.p,TH0,Theorem,thm,yes,5,4,0,4,1,1,0,0,0,
no_atom_decomposition,SEU/SEU836^5.p,TH0,Theorem,thm,yes,5,4,0,4,1,1,0,0,0,
no_atom_decomposition,SEU/SEU839^5.p,TH0,Theorem,thm,yes,7,3,0,3,1,1,0,0,0,
no_atom_decomposition,SEU/SEU841^5.p,TH0,Theorem,thm,yes,19,6,0,6,1,1,0,0,0,
no_atom_decomposition,SEU/SEU842^5.p,TH0,Theorem,thm,yes,6,3,0,3,1,1,0,0,0,
no_atom_decomposition,SEU/SEU843^5.p,TH0,Theorem,thm,yes,18,14,1,14,2,0,0,1,1,
no_atom_decomposition,SEU/SEU844^5.p,TH0,Theorem,timeout,na,2046,3446,283,3446,46,42,0,1,0,
no_atom_decomposition,SEU/SEU845^5.p,TH0,Theorem,thm,yes,21,21,0,21,2,0,0,1,1,
no_atom_decomposition,SEU/SEU846^5.p,TH0,Theorem,thm,yes,47,28,1,28,5,0,0,1,1,
no_atom_decomposition,SEU/SEU847^5.p,TH0,Theorem,thm,yes,4,2,0,2,1,1,0,0,0,
no_atom_decomposition,SEU/SEU848^5.p,TH0,Theorem,thm,yes,28,38,0,38,4,1,0,1,1,
no_atom_decomposition,SEU/SEU849^5.p,TH0,Theorem,thm,yes,30,42,0,42,5,3,0,1,1,
no_atom_decomposition,SEU/SEU850^5.p,TH0,Theorem,thm,yes,93,18,0,18,2,3,0,0,0,
no_atom_decomposition,SEU/SEU851^5.p,TH0,Theorem,thm,yes,11,3,0,3,1,1,0,0,0,
no_atom_decomposition,SEU/SEU852^5.p,TH0,Theorem,thm,yes,245,931,2,931,119,117,0,1,1,
no_atom_decomposition,SEU/SEU853^5.p,TH0,Theorem,timeout,na,2010,296,1,296,22,48,0,2,0,
no_atom_decomposition,SEU/SEU854^5.p,TH0,Theorem,thm,yes,201,510,1,510,45,61,0,1,1,
no_atom_decomposition,SEU/SEU855^5.p,TH0,Theorem,thm,yes,184,562,14,562,31,65,0,1,1,
no_atom_decomposition,SEU/SEU856^5.p,TH0,Theorem,thm,yes,47,48,0,48,5,4,0,1,1,
no_atom_decomposition,SEU/SEU857^5.p,TH0,Theorem,thm,yes,42,4,0,4,1,1,0,0,0,
no_atom_decomposition,SEU/SEU858^5.p,TH0,Theorem,thm,yes,6,2,0,2,1,1,0,0,0,
no_atom_decomposition,SEU/SEU859^5.p,TH0,Theorem,timeout,na,2028,1058,51,1058,89,0,0,2,0,
no_atom_decomposition,SEU/SEU860^5.p,TH0,Theorem,timeout,na,2034,1059,60,1059,97,0,0,2,0,
no_atom_decomposition,SEU/SEU861^5.p,TH0,Theorem,timeout,na,2034,653,45,653,37,0,0,1,0,
no_atom_decomposition,SEU/SEU862^5.p,TH0,Unknown,timeout,na,2035,387,6,387,62,6,0,1,0,
no_atom_decomposition,SEU/SEU863^5.p,TH0,Theorem,timeout,na,2034,451,12,451,52,1,0,3,0,
no_atom_decomposition,SEU/SEU864^5.p,TH0,Theorem,timeout,na,2060,2140,48,2140,271,77,0,7,0,
no_atom_decomposition,SEU/SEU865^5.p,TH0,Theorem,timeout,na,2029,1305,62,1305,121,0,0,2,0,
no_atom_decomposition,SEU/SEU866^5.p,TH0,Theorem,timeout,na,2056,1913,50,1913,234,8,0,2,0,
no_atom_decomposition,SEU/SEU867^5.p,TH0,Theorem,timeout,na,2043,1371,45,1371,193,0,0,1,0,
no_atom_decomposition,SEU/SEU868^5.p,TH0,Theorem,timeout,na,2042,1192,41,1192,145,0,0,2,0,
no_atom_decomposition,SEU/SEU869^5.p,TH0,Theorem,timeout,na,2041,819,15,819,124,17,0,1,0,
no_atom_decomposition,SEU/SEU871^5.p,TH0,Unknown,timeout,na,2029,433,22,433,37,0,0,1,0,
no_atom_decomposition,SEU/SEU872^5.p,TH0,Theorem,timeout,na,2049,646,4,646,159,0,0,1,0,
no_atom_decomposition,SEU/SEU873^5.p,TH0,Unknown,timeout,na,2036,637,29,637,59,0,0,1,0,
no_atom_decomposition,SEU/SEU874^5.p,TH0,Theorem,timeout,na,2028,683,32,683,54,7,0,1,0,
no_atom_decomposition,SEU/SEU875^5.p,TH0,Theorem,timeout,na,2033,635,20,635,70,12,0,1,0,
no_atom_decomposition,SEU/SEU876^5.p,TH0,Theorem,timeout,na,2051,845,11,845,138,8,0,1,0,
no_atom_decomposition,SEU/SEU877^5.p,TH0,Theorem,timeout,na,2053,846,18,846,133,21,0,0,0,
no_atom_decomposition,SEU/SEU878^5.p,TH0,Theorem,timeout,na,2056,448,7,448,52,6,0,0,0,
no_atom_decomposition,SEU/SEU879^5.p,TH0,Theorem,timeout,na,2104,340,8,340,48,0,0,0,0,
no_atom_decomposition,SEU/SEU880^5.p,TH0,CounterSatisfiable,timeout,na,2230,27,2,27,3,0,0,0,0,
no_atom_decomposition,SEU/SEU881^5.p,TH0,Theorem,timeout,na,2359,266,4,266,46,8,0,0,0,
no_atom_decomposition,SEU/SEU882^5.p,TH0,Theorem,thm,yes,24,14,0,14,2,0,0,1,1,
no_atom_decomposition,SEU/SEU883^5.p,TH0,Theorem,thm,yes,4,1,0,1,1,1,0,0,0,
no_atom_decomposition,SEU/SEU884^5.p,TH0,Theorem,timeout,na,2048,2965,162,2965,213,24,0,1,0,
no_atom_decomposition,SEU/SEU885^5.p,TH0,Theorem,timeout,na,2016,2536,209,2536,39,60,0,0,0,
no_atom_decomposition,SEU/SEU886^5.p,TH0,Theorem,thm,yes,60,133,2,133,10,19,0,1,1,
no_atom_decomposition,SEU/SEU887^5.p,TH0,Theorem,thm,yes,60,67,1,67,7,3,0,1,1,
no_atom_decomposition,SEU/SEU888^5.p,TH0,Theorem,timeout,na,2069,3720,150,3720,343,72,0,1,0,
no_atom_decomposition,SEU/SEU889^5.p,TH0,Theorem,thm,yes,36,37,2,37,3,4,0,0,0,
no_atom_decomposition,SEU/SEU890^5.p,TH0,Theorem,timeout,na,2056,3076,157,3076,248,48,0,1,0,
no_atom_decomposition,SEU/SEU891^5.p,TH0,Theorem,timeout,na,2057,3817,214,3817,155,59,0,0,0,
no_atom_decomposition,SEU/SEU892^5.p,TH0,Theorem,timeout,na,2045,1229,34,1229,162,3,0,2,0,
no_atom_decomposition,SEU/SEU893^5.p,TH0,Theorem,timeout,na,2045,3532,239,3532,183,24,0,1,0,
no_atom_decomposition,SEU/SEU894^5.p,TH0,Theorem,timeout,na,2046,2021,70,2021,233,5,0,1,0,
no_atom_decomposition,SEU/SEU895^5.p,TH0,Theorem,timeout,na,2059,4088,239,4088,145,66,0,0,0,
no_atom_decomposition,SEU/SEU896^5.p,TH0,Theorem,timeout,na,2074,3592,130,3592,321,117,0,1,0,
no_atom_decomposition,SEU/SEU897^5.p,TH0,Theorem,timeout,na,2047,2396,109,2396,157,33,0,0,0,
no_atom_decomposition,SEU/SEU898^5.p,TH0,Theorem,timeout,na,2091,2549,47,2549,319,118,0,1,0,
no_atom_decomposition,SEU/SEU899^5.p,TH0,Theorem,timeout,na,2069,4196,224,4196,179,80,0,0,0,
no_atom_decomposition,SEU/SEU901^5.p,TH0,Theorem,timeout,na,2190,5284,147,5284,250,348,0,0,0,
no_atom_decomposition,SEU/SEU902^5.p,TH0,Theorem,timeout,na,2117,2441,29,2441,709,69,0,1,0,
no_atom_decomposition,SEU/SEU903^5.p,TH0,Theorem,timeout,na,2210,6768,211,6768,241,425,0,0,0,
no_atom_decomposition,SEU/SEU904^5.p,TH0,Theorem,timeout,na,2295,5828,17,5828,187,736,0,0,0,
no_atom_decomposition,SEU/SEU905^5.p,TH0,Theorem,timeout,na,2285,5958,26,5958,187,772,0,0,0,
no_atom_decomposition,SEU/SEU906^5.p,TH0,Theorem,timeout,na,2074,2382,108,2382,369,60,0,4,0,
no_atom_decomposition,SEU/SEU907^5.p,TH0,Theorem,timeout,na,2041,1603,28,1603,212,13,0,2,0,
no_atom_decomposition,SEU/SEU908^5.p,TH0,Theorem,thm,yes,33,20,0,20,3,0,0,1,1,
no_atom_decomposition,SEU/SEU909^5.p,TH0,Theorem,timeout,na,2043,974,14,974,113,19,0,1,0,
no_atom_decomposition,SEU/SEU910^5.p,TH0,Theorem,timeout,na,2078,307,8,307,41,5,0,0,0,
no_atom_decomposition,SEU/SEU911^5.p,TH0,CounterSatisfiable,timeout,na,2079,339,13,339,46,0,0,0,0,
no_atom_decomposition,SEU/SEU912^5.p,TH0,Theorem,timeout,na,2076,302,7,302,36,3,0,0,0,
no_atom_decomposition,SEU/SEU913^5.p,TH0,Unknown,timeout,na,2139,132,6,132,12,0,0,0,0,
no_atom_decomposition,SEU/SEU914^5.p,TH0,Theorem,timeout,na,2141,185,6,185,19,2,0,0,0,
no_atom_decomposition,SEU/SEU915^5.p,TH0,Theorem,timeout,na,2137,160,6,160,13,5,0,0,0,
no_atom_decomposition,SEU/SEU916^5.p,TH0,Theorem,timeout,na,2155,67,2,67,5,1,0,0,0,
no_atom_decomposition,SEU/SEU917^5.p,TH0,Theorem,timeout,na,2034,1708,97,1708,124,3,0,1,0,
no_atom_decomposition,SEU/SEU918^5.p,TH0,Theorem,thm,yes,1496,77,4,77,5,3,0,2,1,
no_atom_decomposition,SEU/SEU919^5.p,TH0,Theorem,thm,yes,90,36,1,36,3,1,0,2,1,
no_atom_decomposition,SEU/SEU920^5.p,TH0,Theorem,timeout,na,2049,2575,109,2575,197,18,0,4,0,
no_atom_decomposition,SEU/SEU921^5.p,TH0,Theorem,timeout,na,2059,2664,76,2664,269,81,0,3,0,
no_atom_decomposition,SEU/SEU922^5.p,TH0,Theorem,timeout,na,2032,1600,65,1600,129,6,0,3,0,
no_atom_decomposition,SEU/SEU923^5.p,TH0,Theorem,thm,yes,6,1,0,1,1,1,0,0,0,
no_atom_decomposition,SEU/SEU924^5.p,TH0,Theorem,timeout,na,2006,80,3,80,5,4,0,4,0,
no_atom_decomposition,SEU/SEU925^5.p,TH0,Theorem,timeout,na,2076,3041,74,3041,333,85,0,1,0,
no_atom_decomposition,SEU/SEU926^5.p,TH0,Theorem,thm,yes,36,11,0,11,2,0,0,1,1,
no_atom_decomposition,SEU/SEU927^5.p,TH0,Theorem,thm,yes,31,31,0,31,4,6,0,3,0,
no_atom_decomposition,SEU/SEU928^5.p,TH0,Theorem,timeout,na,2004,174,2,174,14,10,0,2,0,
no_atom_decomposition,SEU/SEU929^5.p,TH0,Theorem,timeout,na,2004,103,5,103,7,3,0,5,0,
no_atom_decomposition,SEU/SEU930^5.p,TH0,Theorem,timeout,na,2071,2683,83,2683,291,80,0,1,0,
no_atom_decomposition,SEU/SEU931^5.p,TH0,Theorem,timeout,na,2056,2666,137,2666,232,22,0,1,0,
no_atom_decomposition,SEU/SEU932^5.p,TH0,Theorem,timeout,na,2053,2614,138,2614,200,23,0,1,0,
no_atom_decomposition,SEU/SEU933^5.p,TH0,Theorem,timeout,na,2013,235,9,235,17,8,0,2,0,
no_atom_decomposition,SEU/SEU934^5.p,TH0,Theorem,timeout,na,2074,2547,56,2547,322,49,0,1,0,
no_atom_decomposition,SEU/SEU935^5.p,TH0,Theorem,timeout,na,2064,2433,75,2433,256,15,0,4,0,
no_atom_decomposition,SEU/SEU936^5.p,TH0,Theorem,timeout,na,2007,175,2,175,13,10,0,2,0,
no_atom_decomposition,SEU/SEU937^5.p,TH0,Theorem,timeout,na,2112,3118,55,3118,401,88,0,1,0,
no_atom_decomposition,SEU/SEU938^5.p,TH0,Theorem,timeout,na,2051,1847,62,1847,215,27,0,2,0,
no_atom_decomposition,SEU/SEU939^5.p,TH0,Theorem,timeout,na,2022,381,25,381,19,0,0,0,0,
no_atom_decomposition,SEU/SEU940^5.p,TH0,Theorem,timeout,na,2026,652,23,652,78,1,0,1,0,
no_atom_decomposition,SEU/SEU941^5.p,TH0,Theorem,timeout,na,2056,2815,139,2815,221,33,0,1,0,
no_atom_decomposition,SEU/SEU942^5.p,TH0,Theorem,timeout,na,2053,1806,45,1806,271,16,0,1,0,
no_atom_decomposition,SEU/SEU943^5.p,TH0,Theorem,timeout,na,2060,1788,26,1788,358,12,0,3,0,
no_atom_decomposition,SEU/SEU944^5.p,TH0,Theorem,timeout,na,2055,1770,28,1770,311,12,0,3,0,
no_atom_decomposition,SEU/SEU945^5.p,TH0,Theorem,timeout,na,2007,104,4,104,7,4,0,5,0,
no_atom_decomposition,SEU/SEU946^5.p,TH0,Theorem,timeout,na,2049,1621,36,1621,224,12,0,2,0,
no_atom_decomposition,SEU/SEU947^5.p,TH0,Theorem,timeout,na,2049,1750,52,1750,188,11,0,1,0,
no_atom_decomposition,SEU/SEU948^5.p,TH0,Theorem,timeout,na,2033,499,22,499,47,2,0,2,0,
no_atom_decomposition,SEU/SEU949^5.p,TH0,Theorem,timeout,na,2016,291,8,291,26,7,0,1,0,
no_atom_decomposition,SEU/SEU950^5.p,TH0,Theorem,timeout,na,2031,889,48,889,64,10,0,2,0,
no_atom_decomposition,SEU/SEU951^5.p,TH0,Theorem,timeout,na,2025,769,42,769,48,12,0,2,0,
no_atom_decomposition,SEU/SEU953^5.p,TH0,Theorem,timeout,na,2052,1907,38,1907,225,8,0,3,0,
no_atom_decomposition,SEU/SEU954^5.p,TH0,Unknown,timeout,na,2061,2213,56,2213,248,8,0,3,0,
no_atom_decomposition,SEU/SEU955^5.p,TH0,Theorem,timeout,na,2073,2487,25,2487,344,2,0,4,0,
no_atom_decomposition,SEU/SEU956^5.p,TH0,Theorem,timeout,na,2077,2824,84,2824,310,62,0,2,0,
no_atom_decomposition,SEU/SEU957^5.p,TH0,Theorem,timeout,na,2064,2751,82,2751,299,4,0,4,0,
no_atom_decomposition,SEU/SEU958^5.p,TH0,Unknown,timeout,na,2079,2694,33,2694,380,3,0,4,0,
no_atom_decomposition,SEU/SEU959^5.p,TH0,Unknown,timeout,na,2054,1866,24,1866,236,13,0,3,0,
no_atom_decomposition,SEU/SEU960^5.p,TH0,Theorem,timeout,na,2028,853,24,853,102,0,0,1,0,
no_atom_decomposition,SEU/SEU961^5.p,TH0,Theorem,timeout,na,2062,1671,34,1671,276,14,0,2,0,
no_atom_decomposition,SEU/SEU963^5.p,TH0,Unknown,timeout,na,2026,547,24,547,57,2,0,2,0,
no_atom_decomposition,SEU/SEU965^5.p,TH0,Unknown,timeout,na,2029,505,21,505,47,0,0,2,0,
no_atom_decomposition,SEU/SEU966^5.p,TH0,CounterSatisfiable,timeout,na,2059,1925,65,1925,215,31,0,1,0,
no_atom_decomposition,SEU/SEU967^5.p,TH0,Theorem,thm,yes,40,4,0,4,1,0,0,1,1,
no_atom_decomposition,SEU/SEU968^5.p,TH0,Theorem,timeout,na,2043,1241,43,1241,140,6,0,1,0,
no_atom_decomposition,SEU/SEU969^5.p,TH0,Theorem,timeout,na,2056,1975,78,1975,241,9,0,1,0,
no_atom_decomposition,SEU/SEU970^5.p,TH0,Theorem,timeout,na,2057,2512,93,2512,314,10,0,2,0,
no_atom_decomposition,SEU/SEU971^5.p,TH0,Unknown,timeout,na,2046,541,15,541,82,14,0,0,0,
no_atom_decomposition,SEU/SEU972^5.p,TH0,Theorem,timeout,na,2048,821,19,821,135,18,0,2,0,
no_atom_decomposition,SEU/SEU973^5.p,TH0,Unknown,timeout,na,2042,953,30,953,105,6,0,1,0,
no_atom_decomposition,SEU/SEU974^5.p,TH0,Theorem,timeout,na,2078,1140,8,1140,193,50,0,1,0,
no_atom_decomposition,SEU/SEU975^5.p,TH0,Theorem,timeout,na,2053,820,5,820,157,24,0,0,0,
no_atom_decomposition,SEU/SEU976^5.p,TH0,Unknown,timeout,na,2042,823,34,823,81,0,0,3,0,
no_atom_decomposition,SEU/SEU977^5.p,TH0,Unknown,timeout,na,2056,902,37,902,106,0,0,2,0,
no_atom_decomposition,SEU/SEU978^5.p,TH0,Unknown,timeout,na,2097,1018,3,1018,310,56,0,1,0,
no_atom_decomposition,SEU/SEU979^5.p,TH0,Unknown,timeout,na,2057,719,28,719,89,2,0,1,0,
no_atom_decomposition,SEU/SEU980^6.p,TH0,Unknown,timeout,na,2076,569,7,569,128,10,0,0,0,
no_atom_decomposition,SEU/SEU982^5.p,TH0,Unknown,timeout,na,2071,780,31,780,103,3,0,0,0,
no_atom_decomposition,SEU/SEU983^5.p,TH0,Unknown,timeout,na,2067,871,42,871,76,0,0,0,0,
no_atom_decomposition,SEU/SEU984^5.p,TH0,Unknown,timeout,na,2068,1277,33,1277,149,6,0,2,0,
no_atom_decomposition,SEU/SEU985^5.p,TH0,Unknown,timeout,na,2029,479,18,479,58,0,0,2,0,
no_atom_decomposition,SEU/SEU986^5.p,TH0,Unknown,timeout,na,2041,763,23,763,106,0,0,2,0,
no_atom_decomposition,SEU/SEU987^5.p,TH0,Theorem,timeout,na,2033,713,31,713,100,11,0,3,0,
no_atom_decomposition,SEU/SEU988^5.p,TH0,Unknown,timeout,na,2032,257,7,257,34,8,0,0,0,
no_atom_decomposition,SEU/SEU989^5.p,TH0,Unknown,timeout,na,2052,1492,43,1492,181,0,0,1,0,
no_atom_decomposition,SEU/SEU990^5.p,TH0,Unknown,timeout,na,2055,2092,73,2092,206,0,0,2,0,
no_atom_decomposition,SEU/SEU991^5.p,TH0,Unknown,timeout,na,2039,1109,37,1109,111,12,0,1,0,
no_atom_decomposition,SEU/SEU992^5.p,TH0,Theorem,timeout,na,2034,1341,86,1341,74,0,0,1,0,
no_atom_decomposition,SEU/SEU993^5.p,TH0,Unknown,timeout,na,2043,1457,54,1457,128,8,0,1,0,
no_atom_decomposition,SEU/SEU994^5.p,TH0,CounterSatisfiable,csa,yes,36,15,0,15,3,0,1,0,0,cR C[JMHXZ] C[1HBHER]  cR C[1HBHER] C[JMHXZ]  C[1I6UUN] C[1HBHER]  ¬(C[1I6UUN] C[JMHXZ])
no_atom_decomposition,SEU/SEU995^5.p,TH0,Theorem,timeout,na,2006,79,5,79,5,3,0,1,0,
no_atom_decomposition,SEU/SEU996^5.p,TH0,Theorem,timeout,na,2064,1799,101,1799,113,15,0,1,0,
no_atom_decomposition,SEU/SEU997^5.p,TH0,Theorem,timeout,na,2120,1671,43,1671,201,14,0,2,0,
no_atom_decomposition,SEU/SEU998^5.p,TH0,Theorem,timeout,na,2059,305,15,305,19,2,0,4,0,
no_atom_decomposition,SEU/SEU999^5.p,TH0,Theorem,timeout,na,2086,792,51,792,54,18,0,0,0,
no_atom_decomposition,SEV/SEV000^5.p,TH0,Theorem,timeout,na,2083,2383,115,2383,203,27,0,1,0,
no_atom_decomposition,SEV/SEV001^5.p,TH0,Theorem,timeout,na,2074,2612,142,2612,192,30,0,2,0,
no_atom_decomposition,SEV/SEV002^5.p,TH0,Theorem,timeout,na,2060,1489,81,1489,88,35,0,3,0,
no_atom_decomposition,SEV/SEV003^5.p,TH0,Theorem,timeout,na,2067,464,15,464,40,8,0,0,0,
no_atom_decomposition,SEV/SEV004^5.p,TH0,Theorem,timeout,na,2059,19,0,19,2,0,0,0,0,
no_atom_decomposition,SEV/SEV005^5.p,TH0,Theorem,timeout,na,2051,21,1,21,2,0,0,0,0,
no_atom_decomposition,SEV/SEV006^5.p,TH0,Theorem,timeout,na,2133,2087,44,2087,99,52,0,0,0,
no_atom_decomposition,SEV/SEV007^5.p,TH0,Unknown,timeout,na,2083,10,0,10,2,0,0,0,0,
no_atom_decomposition,SEV/SEV008^5.p,TH0,Theorem,timeout,na,2066,2375,106,2375,294,8,0,1,0,
no_atom_decomposition,SEV/SEV009^5.p,TH0,Theorem,timeout,na,2110,3180,114,3180,552,1,0,1,0,
no_atom_decomposition,SEV/SEV010^5.p,TH0,Theorem,timeout,na,2033,878,42,878,77,5,0,2,0,
no_atom_decomposition,SEV/SEV011^5.p,TH0,Theorem,timeout,na,2028,804,52,804,57,4,0,1,0,
no_atom_decomposition,SEV/SEV012^5.p,TH0,Theorem,thm,yes,13,12,0,12,2,3,0,0,0,
no_atom_decomposition,SEV/SEV013^5.p,TH0,Theorem,thm,yes,79,116,5,116,5,9,0,2,0,
no_atom_decomposition,SEV/SEV014^5.p,TH0,Theorem,thm,yes,12,2,0,2,1,1,0,0,0,
no_atom_decomposition,SEV/SEV015^5.p,TH0,Theorem,timeout,na,2114,6699,391,6699,707,155,0,4,0,
no_atom_decomposition,SEV/SEV016^5.p,TH0,Theorem,timeout,na,2057,2187,43,2187,296,33,0,2,0,
no_atom_decomposition,SEV/SEV017^5.p,TH0,Theorem,thm,yes,16,2,0,2,1,1,0,0,0,
no_atom_decomposition,SEV/SEV018^5.p,TH0,Theorem,timeout,na,2071,2314,10,2314,394,41,0,2,0,
no_atom_decomposition,SEV/SEV019^5.p,TH0,Theorem,timeout,na,2223,5220,55,5220,1343,139,0,1,0,
no_atom_decomposition,SEV/SEV020^5.p,TH0,CounterSatisfiable,timeout,na,2020,596,35,596,46,0,0,1,0,
no_atom_decomposition,SEV/SEV021^5.p,TH0,Theorem,timeout,na,2045,1886,116,1886,111,0,0,2,0,
no_atom_decomposition,SEV/SEV021^6.p,TH0,Theorem,timeout,na,2042,1887,124,1887,104,4,0,2,0,
no_atom_decomposition,SEV/SEV021^7.p,TH0,Theorem,timeout,na,2042,1910,119,1910,109,5,0,2,0,
no_atom_decomposition,SEV/SEV022^5.p,TH0,Unknown,timeout,na,2030,1015,66,1015,61,0,0,1,0,
no_atom_decomposition,SEV/SEV023^5.p,TH0,Theorem,timeout,na,2091,2847,98,2847,203,112,0,3,0,
no_atom_decomposition,SEV/SEV024^5.p,TH0,Theorem,timeout,na,2021,705,45,705,47,0,0,1,0,
no_atom_decomposition,SEV/SEV025^5.p,TH0,Theorem,timeout,na,2029,838,53,838,50,0,0,1,0,
no_atom_decomposition,SEV/SEV026^5.p,TH0,Unknown,timeout,na,2032,410,17,410,47,0,0,1,0,
no_atom_decomposition,SEV/SEV027^5.p,TH0,Theorem,timeout,na,2038,1270,87,1270,64,1,0,3,0,
no_atom_decomposition,SEV/SEV028^5.p,TH0,Theorem,timeout,na,2039,1339,66,1339,100,25,0,0,0,
no_atom_decomposition,SEV/SEV029^5.p,TH0,CounterSatisfiable,timeout,na,2062,1633,68,1633,197,15,0,0,0,
no_atom_decomposition,SEV/SEV030^5.p,TH0,Unknown,timeout,na,2029,837,55,837,41,0,0,1,0,
no_atom_decomposition,SEV/SEV031^5.p,TH0,Theorem,timeout,na,2104,2267,64,2267,193,147,0,0,0,
no_atom_decomposition,SEV/SEV032^5.p,TH0,Theorem,timeout,na,2078,3316,208,3316,212,4,0,1,0,
no_atom_decomposition,SEV/SEV033^5.p,TH0,Theorem,timeout,na,2036,1355,85,1355,66,14,0,3,0,
no_atom_decomposition,SEV/SEV034^5.p,TH0,Theorem,timeout,na,2138,3451,100,3451,208,85,0,0,0,
no_atom_decomposition,SEV/SEV035^5.p,TH0,Theorem,timeout,na,2088,1980,35,1980,232,20,0,0,0,
no_atom_decomposition,SEV/SEV037^5.p,TH0,Theorem,timeout,na,2069,1082,41,1082,148,17,0,0,0,
no_atom_decomposition,SEV/SEV038^5.p,TH0,Unknown,timeout,na,2049,159,8,159,14,0,0,0,0,
no_atom_decomposition,SEV/SEV039^5.p,TH0,Unknown,timeout,na,2058,462,28,462,33,1,0,0,0,
no_atom_decomposition,SEV/SEV040^5.p,TH0,Theorem,timeout,na,2393,4684,29,4684,1851,36,0,1,0,
no_atom_decomposition,SEV/SEV041^5.p,TH0,Theorem,timeout,na,2064,865,20,865,125,4,0,0,0,
no_atom_decomposition,SEV/SEV042^5.p,TH0,Theorem,timeout,na,2021,300,13,300,24,0,0,1,0,
no_atom_decomposition,SEV/SEV043^5.p,TH0,Theorem,timeout,na,2109,6212,352,6212,632,207,0,3,0,
no_atom_decomposition,SEV/SEV044^5.p,TH0,Theorem,timeout,na,2100,2434,59,2434,429,73,0,1,0,
no_atom_decomposition,SEV/SEV045^5.p,TH0,Theorem,timeout,na,2155,4387,150,4387,235,38,0,0,0,
no_atom_decomposition,SEV/SEV046^5.p,TH0,Theorem,timeout,na,2208,2655,45,2655,206,67,0,0,0,
no_atom_decomposition,SEV/SEV047^5.p,TH0,Theorem,thm,yes,4,4,0,4,1,1,0,0,0,
no_atom_decomposition,SEV/SEV048^5.p,TH0,Theorem,thm,yes,53,7,0,7,1,0,0,1,1,
no_atom_decomposition,SEV/SEV049^5.p,TH0,Theorem,thm,yes,86,21,0,21,4,0,0,1,1,
no_atom_decomposition,SEV/SEV050^5.p,TH0,Theorem,timeout,na,2015,292,13,292,26,0,0,1,0,
no_atom_decomposition,SEV/SEV051^5.p,TH0,Theorem,thm,yes,79,85,2,85,4,8,0,1,0,
no_atom_decomposition,SEV/SEV052^5.p,TH0,Theorem,timeout,na,2022,524,23,524,49,0,0,2,0,
no_atom_decomposition,SEV/SEV053^5.p,TH0,Theorem,timeout,na,2173,4563,66,4563,1012,188,0,5,0,
no_atom_decomposition,SEV/SEV054^5.p,TH0,Theorem,timeout,na,2031,1373,123,1373,36,1,0,1,0,
no_atom_decomposition,SEV/SEV055^5.p,TH0,Theorem,timeout,na,2041,576,35,576,60,0,0,2,0,
no_atom_decomposition,SEV/SEV056^5.p,TH0,Theorem,timeout,na,2016,362,20,362,25,0,0,1,0,
no_atom_decomposition,SEV/SEV057^5.p,TH0,Theorem,timeout,na,2027,599,5,599,114,7,0,0,0,
no_atom_decomposition,SEV/SEV058^5.p,TH0,Theorem,timeout,na,2031,278,5,278,38,0,0,1,0,
no_atom_decomposition,SEV/SEV059^5.p,TH0,Theorem,timeout,na,2240,4577,61,4577,1300,155,0,5,0,
no_atom_decomposition,SEV/SEV060^5.p,TH0,Theorem,timeout,na,2063,3022,146,3022,278,25,0,1,0,
no_atom_decomposition,SEV/SEV061^5.p,TH0,Theorem,thm,yes,15,5,0,5,1,1,0,0,0,
no_atom_decomposition,SEV/SEV062^5.p,TH0,Theorem,timeout,na,2024,471,18,471,52,0,0,1,0,
no_atom_decomposition,SEV/SEV063^5.p,TH0,Theorem,timeout,na,2054,1003,44,1003,115,1,0,1,0,
no_atom_decomposition,SEV/SEV064^5.p,TH0,Theorem,timeout,na,2034,379,16,379,30,5,0,1,0,
no_atom_decomposition,SEV/SEV065^5.p,TH0,Theorem,thm,yes,47,12,1,12,1,1,0,0,0,
no_atom_decomposition,SEV/SEV066^5.p,TH0,Theorem,timeout,na,2029,397,16,397,32,8,0,2,0,
no_atom_decomposition,SEV/SEV067^5.p,TH0,Theorem,timeout,na,2121,4645,242,4645,513,159,0,2,0,
no_atom_decomposition,SEV/SEV068^5.p,TH0,Theorem,timeout,na,2020,365,20,365,23,0,0,0,0,
no_atom_decomposition,SEV/SEV069^6.p,TH0,Theorem,timeout,na,2023,293,17,293,20,0,0,1,0,
no_atom_decomposition,SEV/SEV070^5.p,TH0,Theorem,timeout,na,2045,2627,139,2627,185,14,0,2,0,
no_atom_decomposition,SEV/SEV071^5.p,TH0,Theorem,timeout,na,2012,140,4,140,11,0,0,1,0,
no_atom_decomposition,SEV/SEV072^5.p,TH0,Theorem,timeout,na,2180,2424,52,2424,382,29,0,1,0,
no_atom_decomposition,SEV/SEV074^5.p,TH0,Theorem,timeout,na,2058,1663,60,1663,218,18,0,1,0,
no_atom_decomposition,SEV/SEV075^5.p,TH0,Theorem,timeout,na,2087,2228,58,2228,391,68,0,1,0,
no_atom_decomposition,SEV/SEV076^5.p,TH0,Theorem,timeout,na,2030,917,73,917,44,0,0,1,0,
no_atom_decomposition,SEV/SEV079^5.p,TH0,Theorem,thm,yes,18,6,0,6,1,1,0,0,0,
no_atom_decomposition,SEV/SEV080^5.p,TH0,Theorem,timeout,na,2062,1324,32,1324,179,52,0,0,0,
no_atom_decomposition,SEV/SEV081^5.p,TH0,Theorem,timeout,na,2033,367,7,367,41,18,0,1,0,
no_atom_decomposition,SEV/SEV082^5.p,TH0,Theorem,timeout,na,2027,462,11,462,64,0,0,1,0,
no_atom_decomposition,SEV/SEV083^5.p,TH0,Theorem,timeout,na,2027,423,9,423,65,0,0,2,0,
no_atom_decomposition,SEV/SEV084^5.p,TH0,Theorem,timeout,na,2029,376,7,376,59,0,0,2,0,
no_atom_decomposition,SEV/SEV085^5.p,TH0,Theorem,timeout,na,2032,384,7,384,56,0,0,1,0,
no_atom_decomposition,SEV/SEV086^5.p,TH0,Theorem,timeout,na,2027,252,6,252,32,0,0,1,0,
no_atom_decomposition,SEV/SEV087^5.p,TH0,Theorem,timeout,na,2031,376,6,376,77,0,0,1,0,
no_atom_decomposition,SEV/SEV088^5.p,TH0,Theorem,thm,yes,229,23,0,23,3,0,0,1,1,
no_atom_decomposition,SEV/SEV089^5.p,TH0,Theorem,timeout,na,2091,2174,24,2174,345,84,0,0,0,
no_atom_decomposition,SEV/SEV090^5.p,TH0,Theorem,timeout,na,2031,517,22,517,56,0,0,1,0,
no_atom_decomposition,SEV/SEV091^5.p,TH0,Theorem,timeout,na,2258,7357,182,7357,1916,58,0,3,0,
no_atom_decomposition,SEV/SEV092^5.p,TH0,Unknown,timeout,na,2034,1242,41,1242,129,0,0,1,0,
no_atom_decomposition,SEV/SEV093^5.p,TH0,Theorem,timeout,na,2065,1378,63,1378,140,1,0,0,0,
no_atom_decomposition,SEV/SEV094^5.p,TH0,Theorem,timeout,na,2075,2656,57,2656,237,14,0,0,0,
no_atom_decomposition,SEV/SEV095^5.p,TH0,Theorem,timeout,na,2031,279,11,279,17,6,0,0,0,
no_atom_decomposition,SEV/SEV096^5.p,TH0,Theorem,thm,yes,130,84,5,84,4,3,0,4,1,
no_atom_decomposition,SEV/SEV097^5.p,TH0,Theorem,thm,yes,77,23,1,23,2,0,0,1,1,
no_atom_decomposition,SEV/SEV098^5.p,TH0,CounterSatisfiable,timeout,na,2020,423,20,423,37,3,0,1,0,
no_atom_decomposition,SEV/SEV099^5.p,TH0,Unknown,timeout,na,2066,928,19,928,83,37,0,1,0,
no_atom_decomposition,SEV/SEV100^5.p,TH0,Theorem,timeout,na,2037,325,10,325,35,7,0,1,0,
no_atom_decomposition,SEV/SEV101^5.p,TH0,Theorem,timeout,na,2029,302,16,302,24,0,0,2,0,
no_atom_decomposition,SEV/SEV102^5.p,TH0,Theorem,timeout,na,2105,3558,92,3558,280,54,0,0,0,
no_atom_decomposition,SEV/SEV103^5.p,TH0,Unknown,timeout,na,2034,1423,67,1423,104,4,0,1,0,
no_atom_decomposition,SEV/SEV104^5.p,TH0,Theorem,timeout,na,2261,5791,187,5791,1520,51,0,1,0,
no_atom_decomposition,SEV/SEV105^5.p,TH0,Unknown,timeout,na,2053,1124,43,1124,119,20,0,1,0,
no_atom_decomposition,SEV/SEV106^5.p,TH0,Theorem,timeout,na,2153,3735,26,3735,298,40,0,0,0,
no_atom_decomposition,SEV/SEV107^5.p,TH0,Theorem,timeout,na,2157,2684,39,2684,528,169,0,1,0,
no_atom_decomposition,SEV/SEV108^5.p,TH0,Theorem,timeout,na,2312,7658,2,7658,300,366,0,0,0,
no_atom_decomposition,SEV/SEV109^5.p,TH0,Theorem,timeout,na,2046,858,37,858,98,16,0,1,0,
no_atom_decomposition,SEV/SEV113^5.p,TH0,Theorem,timeout,na,2036,176,6,176,16,0,0,0,0,
no_atom_decomposition,SEV/SEV114^5.p,TH0,Unknown,timeout,na,2040,290,23,290,14,0,0,3,0,
no_atom_decomposition,SEV/SEV115^5.p,TH0,Unknown,timeout,na,2049,138,1,138,16,0,0,1,0,
no_atom_decomposition,SEV/SEV116^5.p,TH0,Theorem,timeout,na,2025,204,4,204,39,2,0,1,0,
no_atom_decomposition,SEV/SEV117^5.p,TH0,Unknown,timeout,na,2034,1063,50,1063,76,22,0,1,0,
no_atom_decomposition,SEV/SEV118^5.p,TH0,Unknown,timeout,na,2111,2087,43,2087,140,35,0,0,0,
no_atom_decomposition,SEV/SEV119^5.p,TH0,Theorem,timeout,na,2043,797,20,797,106,9,0,1,0,
no_atom_decomposition,SEV/SEV120^5.p,TH0,Theorem,timeout,na,2038,783,39,783,63,6,0,1,0,
no_atom_decomposition,SEV/SEV121^5.p,TH0,Theorem,timeout,na,2006,156,2,156,8,19,0,4,0,
no_atom_decomposition,SEV/SEV122^5.p,TH0,Theorem,thm,yes,22,3,0,3,1,1,0,0,0,
no_atom_decomposition,SEV/SEV123^5.p,TH0,Theorem,timeout,na,2038,534,17,534,62,1,0,1,0,
no_atom_decomposition,SEV/SEV124^5.p,TH0,Theorem,timeout,na,2041,316,9,316,40,0,0,2,0,
no_atom_decomposition,SEV/SEV125^5.p,TH0,Theorem,timeout,na,2058,484,14,484,62,1,0,1,0,
no_atom_decomposition,SEV/SEV126^5.p,TH0,Theorem,timeout,na,2047,652,14,652,84,8,0,1,0,
no_atom_decomposition,SEV/SEV127^5.p,TH0,Theorem,timeout,na,2048,675,17,675,86,17,0,1,0,
no_atom_decomposition,SEV/SEV128^5.p,TH0,Theorem,timeout,na,2036,401,21,401,26,0,0,1,0,
no_atom_decomposition,SEV/SEV129^5.p,TH0,Theorem,timeout,na,2041,316,12,316,25,0,0,1,0,
no_atom_decomposition,SEV/SEV130^5.p,TH0,Theorem,timeout,na,2051,424,19,424,40,1,0,0,0,
no_atom_decomposition,SEV/SEV131^5.p,TH0,Theorem,thm,yes,55,21,1,21,3,0,0,4,1,
no_atom_decomposition,SEV/SEV132^5.p,TH0,Unknown,timeout,na,2039,1871,92,1871,135,10,0,1,0,
no_atom_decomposition,SEV/SEV133^5.p,TH0,Unknown,timeout,na,2049,1158,25,1158,184,16,0,1,0,
no_atom_decomposition,SEV/SEV134^5.p,TH0,Theorem,thm,yes,10,4,0,4,1,1,0,0,0,
no_atom_decomposition,SEV/SEV135^5.p,TH0,Theorem,thm,yes,53,18,1,18,3,0,0,1,1,
no_atom_decomposition,SEV/SEV136^5.p,TH0,Theorem,timeout,na,2045,925,12,925,165,0,0,1,0,
no_atom_decomposition,SEV/SEV137^5.p,TH0,Theorem,timeout,na,2036,1678,98,1678,111,0,0,3,0,
no_atom_decomposition,SEV/SEV138^5.p,TH0,Theorem,timeout,na,2044,1339,57,1339,151,0,0,1,0,
no_atom_decomposition,SEV/SEV140^5.p,TH0,Theorem,timeout,na,2039,561,30,561,42,4,0,1,0,
no_atom_decomposition,SEV/SEV141^5.p,TH0,Theorem,timeout,na,2053,864,35,864,86,7,0,0,0,
no_atom_decomposition,SEV/SEV143^5.p,TH0,Theorem,timeout,na,2070,1089,18,1089,168,12,0,0,0,
no_atom_decomposition,SEV/SEV144^5.p,TH0,Theorem,timeout,na,2060,1396,53,1396,165,1,0,0,0,
no_atom_decomposition,SEV/SEV146^5.p,TH0,Theorem,timeout,na,2088,1509,34,1509,154,63,0,0,0,
no_atom_decomposition,SEV/SEV148^5.p,TH0,Theorem,timeout,na,2044,332,16,332,35,3,0,1,0,
no_atom_decomposition,SEV/SEV149^5.p,TH0,Theorem,timeout,na,2055,1070,52,1070,94,6,0,1,0,
no_atom_decomposition,SEV/SEV150^5.p,TH0,Theorem,timeout,na,2047,766,36,766,64,9,0,0,0,
no_atom_decomposition,SEV/SEV152^5.p,TH0,Theorem,timeout,na,2097,1178,17,1178,185,2,0,0,0,
no_atom_decomposition,SEV/SEV153^5.p,TH0,Theorem,timeout,na,2083,1091,26,1091,199,2,0,0,0,
no_atom_decomposition,SEV/SEV154^5.p,TH0,Theorem,timeout,na,2074,1048,40,1048,142,2,0,0,0,
no_atom_decomposition,SEV/SEV155^5.p,TH0,Theorem,timeout,na,2126,1104,17,1104,178,2,0,0,0,
no_atom_decomposition,SEV/SEV156^5.p,TH0,Theorem,timeout,na,2089,877,19,877,150,2,0,0,0,
no_atom_decomposition,SEV/SEV157^5.p,TH0,Theorem,timeout,na,2101,983,21,983,156,2,0,0,0,
no_atom_decomposition,SEV/SEV158^5.p,TH0,Theorem,timeout,na,2015,213,6,213,32,0,0,1,0,
no_atom_decomposition,SEV/SEV159^5.p,TH0,Theorem,thm,yes,5,3,0,3,1,1,0,0,0,
no_atom_decomposition,SEV/SEV160^5.p,TH0,Theorem,thm,yes,4,1,0,1,1,1,0,0,0,
no_atom_decomposition,SEV/SEV161^5.p,TH0,Theorem,thm,yes,5,4,0,4,1,1,0,0,0,
no_atom_decomposition,SEV/SEV162^5.p,TH0,Theorem,thm,yes,33,34,2,34,2,2,0,1,1,
no_atom_decomposition,SEV/SEV163^5.p,TH0,Theorem,timeout,na,2005,71,2,71,5,3,0,5,0,
no_atom_decomposition,SEV/SEV164^5.p,TH0,Theorem,thm,yes,26,25,0,25,3,1,0,1,1,
no_atom_decomposition,SEV/SEV165^5.p,TH0,Theorem,timeout,na,2008,15,0,15,3,0,0,0,0,
no_atom_decomposition,SEV/SEV166^5.p,TH0,Theorem,timeout,na,2068,2145,70,2145,235,32,0,1,0,
no_atom_decomposition,SEV/SEV167^5.p,TH0,Theorem,timeout,na,2051,818,35,818,69,18,0,1,0,
no_atom_decomposition,SEV/SEV168^5.p,TH0,Theorem,timeout,na,2010,87,5,87,5,3,0,5,0,
no_atom_decomposition,SEV/SEV169^5.p,TH0,Theorem,timeout,na,2033,1222,60,1222,84,8,0,4,0,
no_atom_decomposition,SEV/SEV170^5.p,TH0,Theorem,timeout,na,2070,1696,56,1696,185,54,0,0,0,
no_atom_decomposition,SEV/SEV171^5.p,TH0,Theorem,timeout,na,2027,1176,72,1176,71,5,0,0,0,
no_atom_decomposition,SEV/SEV172^5.p,TH0,CounterSatisfiable,timeout,na,2065,2069,50,2069,203,143,0,0,0,
no_atom_decomposition,SEV/SEV173^5.p,TH0,CounterSatisfiable,timeout,na,2047,1818,49,1818,194,127,0,0,0,
no_atom_decomposition,SEV/SEV174^5.p,TH0,Theorem,timeout,na,2035,1422,85,1422,85,27,0,1,0,
no_atom_decomposition,SEV/SEV175^5.p,TH0,Theorem,timeout,na,2035,619,1,619,117,35,0,6,0,
no_atom_decomposition,SEV/SEV176^5.p,TH0,Theorem,timeout,na,2176,4847,35,4847,907,244,0,3,0,
no_atom_decomposition,SEV/SEV177^5.p,TH0,Theorem,timeout,na,2038,1618,59,1618,143,11,0,1,0,
no_atom_decomposition,SEV/SEV179^5.p,TH0,Theorem,timeout,na,2022,617,11,617,83,27,0,5,0,
no_atom_decomposition,SEV/SEV180^5.p,TH0,CounterSatisfiable,timeout,na,2070,3270,54,3270,257,255,0,0,0,
no_atom_decomposition,SEV/SEV181^5.p,TH0,Theorem,timeout,na,2101,1958,60,1958,464,153,0,1,0,
no_atom_decomposition,SEV/SEV182^5.p,TH0,Unknown,timeout,na,2094,1113,7,1113,169,23,0,0,0,
no_atom_decomposition,SEV/SEV183^5.p,TH0,Theorem,timeout,na,2087,513,5,513,84,1,0,0,0,
no_atom_decomposition,SEV/SEV184^5.p,TH0,Unknown,timeout,na,2110,161,3,161,24,0,0,0,0,
no_atom_decomposition,SEV/SEV185^5.p,TH0,Theorem,timeout,na,2045,1192,48,1192,139,14,0,1,0,
no_atom_decomposition,SEV/SEV186^5.p,TH0,Theorem,timeout,na,2047,1139,57,1139,83,13,0,1,0,
no_atom_decomposition,SEV/SEV187^5.p,TH0,Theorem,thm,yes,7,2,0,2,1,1,0,0,0,
no_atom_decomposition,SEV/SEV188^5.p,TH0,Theorem,thm,yes,5,2,0,2,1,1,0,0,0,
no_atom_decomposition,SEV/SEV189^5.p,TH0,Theorem,timeout,na,2043,698,13,698,93,13,0,1,0,
no_atom_decomposition,SEV/SEV190^5.p,TH0,Theorem,timeout,na,2075,1672,49,1672,185,10,0,1,0,
no_atom_decomposition,SEV/SEV191^5.p,TH0,Theorem,timeout,na,2236,3623,69,3623,194,48,0,0,0,
no_atom_decomposition,SEV/SEV192^5.p,TH0,Theorem,timeout,na,2075,106,2,106,11,0,0,1,0,
no_atom_decomposition,SEV/SEV193^5.p,TH0,Unknown,timeout,na,2025,211,0,211,29,14,0,0,0,
no_atom_decomposition,SEV/SEV194^5.p,TH0,Theorem,timeout,na,2042,454,12,454,67,25,0,0,0,
no_atom_decomposition,SEV/SEV195^5.p,TH0,Theorem,timeout,na,2053,1754,41,1754,176,49,0,2,0,
no_atom_decomposition,SEV/SEV196^5.p,TH0,Theorem,timeout,na,2032,413,13,413,63,12,0,0,0,
no_atom_decomposition,SEV/SEV197^5.p,TH0,Theorem,thm,yes,25,1,0,1,1,1,0,0,0,
no_atom_decomposition,SEV/SEV198^5.p,TH0,Theorem,timeout,na,2028,241,7,241,37,7,0,1,0,
no_atom_decomposition,SEV/SEV199^5.p,TH0,Theorem,timeout,na,2054,976,34,976,113,33,0,1,0,
no_atom_decomposition,SEV/SEV200^5.p,TH0,Theorem,timeout,na,2057,861,22,861,111,31,0,1,0,
no_atom_decomposition,SEV/SEV203^5.p,TH0,Theorem,timeout,na,2050,969,27,969,98,34,0,1,0,
no_atom_decomposition,SEV/SEV204^5.p,TH0,Theorem,timeout,na,2056,952,21,952,108,32,0,1,0,
no_atom_decomposition,SEV/SEV205^5.p,TH0,Theorem,timeout,na,2073,2333,71,2333,235,70,0,1,0,
no_atom_decomposition,SEV/SEV206^5.p,TH0,Theorem,timeout,na,2047,339,11,339,34,6,0,2,0,
no_atom_decomposition,SEV/SEV207^5.p,TH0,Theorem,timeout,na,2059,385,3,385,69,0,0,1,0,
no_atom_decomposition,SEV/SEV208^5.p,TH0,Theorem,timeout,na,2048,169,10,169,12,0,0,5,0,
no_atom_decomposition,SEV/SEV209^5.p,TH0,Unknown,timeout,na,2059,79,1,79,11,5,0,0,0,
no_atom_decomposition,SEV/SEV210^5.p,TH0,Theorem,timeout,na,2054,171,7,171,13,0,0,2,0,
no_atom_decomposition,SEV/SEV211^5.p,TH0,Unknown,timeout,na,2060,280,11,280,34,0,0,2,0,
no_atom_decomposition,SEV/SEV212^5.p,TH0,Theorem,timeout,na,2057,173,8,173,17,0,0,0,0,
no_atom_decomposition,SEV/SEV213^5.p,TH0,Unknown,timeout,na,2104,353,9,353,52,4,0,1,0,
no_atom_decomposition,SEV/SEV214^5.p,TH0,Theorem,timeout,na,2061,1937,42,1937,254,52,0,1,0,
no_atom_decomposition,SEV/SEV215^5.p,TH0,Unknown,timeout,na,2105,288,11,288,38,0,0,0,0,
no_atom_decomposition,SEV/SEV216^5.p,TH0,Unknown,timeout,na,2105,70,5,70,5,0,0,0,0,
no_atom_decomposition,SEV/SEV217^5.p,TH0,Unknown,timeout,na,2158,54,4,54,2,0,0,0,0,
no_atom_decomposition,SEV/SEV218^5.p,TH0,Theorem,timeout,na,2195,4693,68,4693,1133,126,0,1,0,
no_atom_decomposition,SEV/SEV219^5.p,TH0,Unknown,timeout,na,2093,116,3,116,12,0,0,0,0,
no_atom_decomposition,SEV/SEV220^5.p,TH0,Theorem,thm,yes,111,101,5,101,6,8,0,2,1,
no_atom_decomposition,SEV/SEV221^5.p,TH0,Theorem,timeout,na,2113,4303,45,4303,595,68,0,1,0,
no_atom_decomposition,SEV/SEV222^5.p,TH0,Theorem,timeout,na,2072,2262,43,2262,281,154,0,1,0,
no_atom_decomposition,SEV/SEV223^5.p,TH0,Theorem,timeout,na,2037,1361,51,1361,121,36,0,0,0,
no_atom_decomposition,SEV/SEV224^5.p,TH0,Theorem,timeout,na,2118,856,31,856,352,4,0,2,0,
no_atom_decomposition,SEV/SEV225^5.p,TH0,Theorem,thm,yes,12,8,0,8,1,0,0,1,1,
no_atom_decomposition,SEV/SEV226^5.p,TH0,CounterSatisfiable,timeout,na,2059,1244,37,1244,145,0,0,1,0,
no_atom_decomposition,SEV/SEV227^5.p,TH0,Theorem,timeout,na,2136,2164,28,2164,260,77,0,0,0,
no_atom_decomposition,SEV/SEV228^5.p,TH0,Theorem,timeout,na,2092,2624,35,2624,341,169,0,1,0,
no_atom_decomposition,SEV/SEV229^5.p,TH0,Theorem,timeout,na,2009,485,1,485,39,99,0,2,0,
no_atom_decomposition,SEV/SEV230^5.p,TH0,Theorem,thm,yes,59,60,1,60,8,4,0,1,1,
no_atom_decomposition,SEV/SEV231^5.p,TH0,Theorem,timeout,na,2079,2645,14,2645,484,97,0,1,0,
no_atom_decomposition,SEV/SEV232^5.p,TH0,Theorem,thm,yes,14,1,0,1,1,1,0,0,0,
no_atom_decomposition,SEV/SEV233^5.p,TH0,Theorem,thm,yes,41,70,0,70,11,5,0,1,1,
no_atom_decomposition,SEV/SEV234^5.p,TH0,Theorem,timeout,na,2029,431,12,431,55,6,0,1,0,
no_atom_decomposition,SEV/SEV235^5.p,TH0,Theorem,thm,yes,75,159,0,159,19,16,0,1,1,
no_atom_decomposition,SEV/SEV236^5.p,TH0,Theorem,timeout,na,2023,658,41,658,33,6,0,1,0,
no_atom_decomposition,SEV/SEV237^5.p,TH0,Theorem,timeout,na,2022,678,23,678,66,13,0,1,0,
no_atom_decomposition,SEV/SEV238^5.p,TH0,Theorem,timeout,na,2045,581,23,581,59,2,0,1,0,
no_atom_decomposition,SEV/SEV239^5.p,TH0,Theorem,timeout,na,2089,3244,102,3244,137,107,0,0,0,
no_atom_decomposition,SEV/SEV240^5.p,TH0,Theorem,thm,yes,25,15,0,15,3,2,0,1,1,
no_atom_decomposition,SEV/SEV241^5.p,TH0,Theorem,thm,yes,27,12,0,12,2,2,0,0,0,
no_atom_decomposition,SEV/SEV242^5.p,TH0,Theorem,timeout,na,2026,717,20,717,89,6,0,1,0,
no_atom_decomposition,SEV/SEV243^5.p,TH0,Theorem,timeout,na,2028,973,59,973,69,6,0,1,0,
no_atom_decomposition,SEV/SEV244^6.p,TH0,Theorem,timeout,na,2027,918,49,918,64,6,0,1,0,
no_atom_decomposition,SEV/SEV245^5.p,TH0,Theorem,timeout,na,2034,1142,73,1142,71,4,0,1,0,
no_atom_decomposition,SEV/SEV245^6.p,TH0,Theorem,timeout,na,2036,1040,58,1040,58,15,0,1,0,
no_atom_decomposition,SEV/SEV246^5.p,TH0,Theorem,timeout,na,2025,638,20,638,51,20,0,5,0,
no_atom_decomposition,SEV/SEV246^6.p,TH0,Theorem,timeout,na,2035,1093,49,1093,89,14,0,5,0,
no_atom_decomposition,SEV/SEV248^5.p,TH0,Theorem,timeout,na,2049,1254,19,1254,165,101,0,0,0,
no_atom_decomposition,SEV/SEV249^5.p,TH0,Theorem,timeout,na,2027,494,15,494,69,5,0,1,0,
no_atom_decomposition,SEV/SEV250^5.p,TH0,Unknown,timeout,na,2044,539,18,539,89,0,0,0,0,
no_atom_decomposition,SEV/SEV251^5.p,TH0,CounterSatisfiable,timeout,na,2034,999,61,999,68,0,0,1,0,
no_atom_decomposition,SEV/SEV252^5.p,TH0,Theorem,timeout,na,2036,739,39,739,57,5,0,1,0,
no_atom_decomposition,SEV/SEV253^5.p,TH0,Theorem,timeout,na,2031,167,2,167,32,0,0,0,0,
no_atom_decomposition,SEV/SEV254^5.p,TH0,Theorem,timeout,na,2054,666,11,666,92,12,0,0,0,
no_atom_decomposition,SEV/SEV256^5.p,TH0,Theorem,timeout,na,2041,686,16,686,94,3,0,0,0,
no_atom_decomposition,SEV/SEV257^5.p,TH0,Theorem,timeout,na,2072,1649,36,1649,188,55,0,0,0,
no_atom_decomposition,SEV/SEV258^5.p,TH0,Theorem,thm,yes,23,13,0,13,2,3,0,0,0,
no_atom_decomposition,SEV/SEV259^5.p,TH0,Theorem,timeout,na,2039,404,12,404,55,0,0,1,0,
no_atom_decomposition,SEV/SEV260^5.p,TH0,Theorem,timeout,na,2128,1468,63,1468,135,0,0,0,0,
no_atom_decomposition,SEV/SEV261^5.p,TH0,Theorem,timeout,na,2040,748,30,748,109,22,0,0,0,
no_atom_decomposition,SEV/SEV262^5.p,TH0,Theorem,timeout,na,2056,857,40,857,97,7,0,1,0,
no_atom_decomposition,SEV/SEV263^5.p,TH0,Theorem,timeout,na,2041,566,25,566,54,2,0,1,0,
no_atom_decomposition,SEV/SEV264^5.p,TH0,Unknown,timeout,na,2026,638,23,638,65,13,0,1,0,
no_atom_decomposition,SEV/SEV265^5.p,TH0,Unknown,timeout,na,2032,736,26,736,86,10,0,1,0,
no_atom_decomposition,SEV/SEV266^5.p,TH0,Theorem,timeout,na,2054,862,27,862,132,19,0,0,0,
no_atom_decomposition,SEV/SEV267^5.p,TH0,Theorem,timeout,na,2035,878,31,878,90,19,0,0,0,
no_atom_decomposition,SEV/SEV268^5.p,TH0,Unknown,timeout,na,2050,474,16,474,87,1,0,0,0,
no_atom_decomposition,SEV/SEV269^5.p,TH0,Unknown,timeout,na,2040,728,30,728,59,16,0,0,0,
no_atom_decomposition,SEV/SEV270^5.p,TH0,Unknown,timeout,na,2038,520,27,520,56,0,0,1,0,
no_atom_decomposition,SEV/SEV271^5.p,TH0,Unknown,timeout,na,2116,893,33,893,103,1,0,0,0,
no_atom_decomposition,SEV/SEV272^5.p,TH0,Theorem,thm,yes,24,1,0,1,1,1,0,0,0,
no_atom_decomposition,SEV/SEV273^5.p,TH0,Theorem,timeout,na,2038,1242,30,1242,158,0,0,2,0,
no_atom_decomposition,SEV/SEV274^5.p,TH0,Theorem,timeout,na,2049,1369,22,1369,190,0,0,2,0,
no_atom_decomposition,SEV/SEV275^5.p,TH0,Unknown,timeout,na,2025,1394,101,1394,52,0,0,2,0,
no_atom_decomposition,SEV/SEV276^5.p,TH0,Theorem,timeout,na,2047,1298,25,1298,183,0,0,2,0,
no_atom_decomposition,SEV/SEV277^5.p,TH0,Unknown,timeout,na,2055,1404,19,1404,210,0,0,2,0,
no_atom_decomposition,SEV/SEV278^5.p,TH0,Unknown,timeout,na,2027,550,14,550,45,9,0,2,0,
no_atom_decomposition,SEV/SEV279^5.p,TH0,Unknown,timeout,na,2026,698,45,698,31,8,0,2,0,
no_atom_decomposition,SEV/SEV280^5.p,TH0,Unknown,timeout,na,2050,1272,49,1272,147,10,0,1,0,
no_atom_decomposition,SEV/SEV281^5.p,TH0,Unknown,timeout,na,2031,653,40,653,40,0,0,3,0,
no_atom_decomposition,SEV/SEV282^5.p,TH0,Theorem,thm,yes,20,3,0,3,1,1,0,0,0,
no_atom_decomposition,SEV/SEV285^5.p,TH0,Theorem,timeout,na,2003,87,4,87,5,3,0,4,0,
no_atom_decomposition,SEV/SEV286^5.p,TH0,Theorem,thm,yes,13,11,1,11,1,1,0,0,0,
no_atom_decomposition,SEV/SEV288^5.p,TH0,Theorem,timeout,na,2003,75,2,75,5,3,0,4,0,
no_atom_decomposition,SEV/SEV289^5.p,TH0,Theorem,timeout,na,2015,175,4,175,26,0,0,1,0,
no_atom_decomposition,SEV/SEV290^5.p,TH0,Theorem,thm,yes,43,5,0,5,1,0,0,1,1,
no_atom_decomposition,SEV/SEV291^5.p,TH0,Theorem,timeout,na,2023,217,10,217,22,0,0,1,0,
no_atom_decomposition,SEV/SEV292^5.p,TH0,Theorem,timeout,na,2044,416,4,416,81,6,0,0,0,
no_atom_decomposition,SEV/SEV293^5.p,TH0,Theorem,timeout,na,2074,3977,201,3977,157,72,0,0,0,
no_atom_decomposition,SEV/SEV294^5.p,TH0,Theorem,timeout,na,2033,252,4,252,49,0,0,1,0,
no_atom_decomposition,SEV/SEV295^5.p,TH0,Theorem,timeout,na,2036,220,7,220,27,0,0,0,0,
no_atom_decomposition,SEV/SEV296^5.p,TH0,CounterSatisfiable,timeout,na,2037,149,2,149,10,6,0,2,0,
no_atom_decomposition,SEV/SEV297^5.p,TH0,Unknown,timeout,na,2029,540,22,540,52,0,0,1,0,
no_atom_decomposition,SEV/SEV298^5.p,TH0,CounterSatisfiable,timeout,na,2049,679,18,679,100,13,0,2,0,
no_atom_decomposition,SEV/SEV299^5.p,TH0,Theorem,timeout,na,2025,92,2,92,15,2,0,3,0,
no_atom_decomposition,SEV/SEV300^5.p,TH0,Theorem,timeout,na,2066,3285,162,3285,235,70,0,1,0,
no_atom_decomposition,SEV/SEV301^5.p,TH0,Unknown,timeout,na,2024,225,4,225,24,7,0,1,0,
no_atom_decomposition,SEV/SEV302^5.p,TH0,Theorem,timeout,na,2062,289,1,289,53,14,0,1,0,
no_atom_decomposition,SEV/SEV303^5.p,TH0,Theorem,timeout,na,2056,280,1,280,48,8,0,1,0,
no_atom_decomposition,SEV/SEV304^5.p,TH0,CounterSatisfiable,timeout,na,2045,854,62,854,44,0,0,0,0,
no_atom_decomposition,SEV/SEV305^5.p,TH0,Theorem,timeout,na,2034,812,50,812,83,1,0,3,0,
no_atom_decomposition,SEV/SEV305^6.p,TH0,Theorem,timeout,na,2049,937,40,937,238,1,0,4,0,
no_atom_decomposition,SEV/SEV306^5.p,TH0,Theorem,timeout,na,2021,976,64,976,43,6,0,3,0,
no_atom_decomposition,SEV/SEV308^5.p,TH0,Theorem,timeout,na,2044,741,33,741,60,0,0,2,0,
no_atom_decomposition,SEV/SEV309^5.p,TH0,Theorem,timeout,na,2034,976,70,976,46,6,0,1,0,
no_atom_decomposition,SEV/SEV310^5.p,TH0,Theorem,timeout,na,2027,854,57,854,37,4,0,5,0,
no_atom_decomposition,SEV/SEV311^5.p,TH0,Theorem,timeout,na,2025,981,58,981,57,10,0,1,0,
no_atom_decomposition,SEV/SEV312^5.p,TH0,Theorem,timeout,na,2053,595,24,595,133,4,0,4,0,
no_atom_decomposition,SEV/SEV313^5.p,TH0,Unknown,timeout,na,2037,640,32,640,75,0,0,0,0,
no_atom_decomposition,SEV/SEV314^5.p,TH0,Unknown,timeout,na,2052,399,7,399,81,0,0,0,0,
no_atom_decomposition,SEV/SEV315^5.p,TH0,Unknown,timeout,na,2044,206,7,206,25,0,0,0,0,
no_atom_decomposition,SEV/SEV316^5.p,TH0,CounterSatisfiable,timeout,na,2067,157,3,157,26,2,0,0,0,
no_atom_decomposition,SEV/SEV317^5.p,TH0,Theorem,timeout,na,2042,1419,117,1419,60,0,0,1,0,
no_atom_decomposition,SEV/SEV318^5.p,TH0,Theorem,timeout,na,2068,1315,93,1315,96,0,0,1,0,
no_atom_decomposition,SEV/SEV319^5.p,TH0,Theorem,timeout,na,2047,1195,82,1195,101,0,0,1,0,
no_atom_decomposition,SEV/SEV319^6.p,TH0,Theorem,timeout,na,2031,1275,94,1275,92,0,0,1,0,
no_atom_decomposition,SEV/SEV321^5.p,TH0,Theorem,timeout,na,2048,1220,87,1220,97,0,0,1,0,
no_atom_decomposition,SEV/SEV322^5.p,TH0,CounterSatisfiable,csa,yes,4,1,0,1,1,0,1,0,0,cGVB_IN z cGVB_ZERO
no_atom_decomposition,SEV/SEV323^5.p,TH0,CounterSatisfiable,csa,yes,7,6,0,6,2,0,1,0,0,cGVB_IN z cGVB_V  ¬(cGVB_M z)
no_atom_decomposition,SEV/SEV324^5.p,TH0,CounterSatisfiable,csa,yes,12,7,0,7,2,0,1,0,0,C[1IUQFX] (cGVB_SING x)  ¬(C[1IUQFX] (cGVB_NOP x x))
no_atom_decomposition,SEV/SEV325^5.p,TH0,CounterSatisfiable,csa,yes,4,3,0,3,1,0,1,0,0,cGVB_IN x y  ¬(cGVB_M x)
no_atom_decomposition,SEV/SEV326^5.p,TH0,CounterSatisfiable,csa,yes,11,9,0,9,2,0,1,0,0,C[1MPOSW] (cGVB_SUCC x)  ¬(C[1MPOSW] (cGVB_UNION x (cGVB_SING x)))
no_atom_decomposition,SEV/SEV327^5.p,TH0,CounterSatisfiable,csa,yes,7,7,0,7,3,0,1,0,0,cGVB_FUNCTION z  ¬(cGVB_RELATION z)
no_atom_decomposition,SEV/SEV328^5.p,TH0,CounterSatisfiable,csa,yes,13,9,0,9,2,0,1,0,0,C[3LS60] (cGVB_RESTRICT x y)  ¬(C[3LS60] (cGVB_INTERSECT x (cGVB_CROSS y cGVB_V)))
no_atom_decomposition,SEV/SEV329^5.p,TH0,CounterSatisfiable,csa,yes,7,10,0,10,3,0,1,0,0,cGVB_ONE_ONE f  ¬(cGVB_FUNCTION f)
no_atom_decomposition,SEV/SEV330^5.p,TH0,CounterSatisfiable,csa,yes,11,6,0,6,2,0,1,0,0,C[HJ8R3] (cGVB_UNION x y)  ¬(C[HJ8R3] (cGVB_COMPLEMENT (cGVB_INTERSECT (cGVB_COMPLEMENT x) (cGVB_COMPLEMENT y))))
no_atom_decomposition,SEV/SEV331^5.p,TH0,CounterSatisfiable,csa,yes,11,7,0,7,2,0,1,0,0,C[2MLKJ] (cGVB_OP x y)  ¬(C[2MLKJ] (cGVB_NOP (cGVB_SING x) (cGVB_NOP x y)))
no_atom_decomposition,SEV/SEV332^5.p,TH0,CounterSatisfiable,csa,yes,12,6,0,6,2,0,1,0,0,C[1RHO3C] (cGVB_APP2 f x y)  ¬(C[1RHO3C] (cGVB_APPLY f (cGVB_OP x y)))
no_atom_decomposition,SEV/SEV333^5.p,TH0,CounterSatisfiable,csa,yes,8,10,0,10,3,0,1,0,0,cGVB_IN z (cGVB_POWERSET x)  ¬(cGVB_M z)
no_atom_decomposition,SEV/SEV334^5.p,TH0,CounterSatisfiable,csa,yes,8,6,0,6,3,0,1,0,0,cGVB_IN z (cGVB_COMPLEMENT x)  ¬(cGVB_M z)
no_atom_decomposition,SEV/SEV335^5.p,TH0,CounterSatisfiable,csa,yes,11,11,0,11,3,0,1,0,0,cGVB_PROP_SUBSET x y  ¬(cGVB_SUBSET x y)
no_atom_decomposition,SEV/SEV336^5.p,TH0,CounterSatisfiable,csa,yes,19,26,0,26,6,1,1,0,0,cGVB_RELATION z  cGVB_M C[6OGBN]  cGVB_IN C[6OGBN] z  ¬(cGVB_OPP C[6OGBN])
no_atom_decomposition,SEV/SEV337^5.p,TH0,CounterSatisfiable,csa,yes,12,8,0,8,3,0,1,0,0,cGVB_IN z cGVB_ESTIN  ¬(cGVB_M z)
no_atom_decomposition,SEV/SEV338^5.p,TH0,CounterSatisfiable,csa,yes,12,7,0,7,3,0,1,0,0,cGVB_IN z cGVB_IDENT  ¬(cGVB_M z)
no_atom_decomposition,SEV/SEV339^5.p,TH0,CounterSatisfiable,csa,yes,12,8,0,8,3,0,1,0,0,cGVB_IN z (cGVB_INTERSECT x y)  ¬(cGVB_M z)
no_atom_decomposition,SEV/SEV340^5.p,TH0,CounterSatisfiable,csa,yes,18,20,0,20,4,1,1,0,0,¬(cGVB_M C[27FGFI])  cGVB_SUBSET x y
no_atom_decomposition,SEV/SEV341^5.p,TH0,CounterSatisfiable,csa,yes,12,8,0,8,3,0,1,0,0,cGVB_CLOSED x f  ¬(cGVB_M x)
no_atom_decomposition,SEV/SEV342^5.p,TH0,CounterSatisfiable,csa,yes,11,9,0,9,3,0,1,0,0,cGVB_IN u (cGVB_NOP x y)  ¬(cGVB_M u)
no_atom_decomposition,SEV/SEV343^5.p,TH0,CounterSatisfiable,timeout,na,2078,3825,76,3825,408,244,0,0,0,
no_atom_decomposition,SEV/SEV344^5.p,TH0,CounterSatisfiable,timeout,na,2106,4218,168,4218,505,3,0,0,0,
no_atom_decomposition,SEV/SEV345^5.p,TH0,CounterSatisfiable,csa,yes,11,7,0,7,3,0,1,0,0,cGVB_MAPS f x y  ¬(cGVB_FUNCTION f)
no_atom_decomposition,SEV/SEV346^5.p,TH0,CounterSatisfiable,csa,yes,21,25,0,25,5,1,1,0,0,cGVB_DISJOINT x y  cGVB_M C[1TZW8I]  cGVB_IN C[1TZW8I] x  cGVB_IN C[1TZW8I] y
no_atom_decomposition,SEV/SEV347^5.p,TH0,CounterSatisfiable,csa,yes,13,9,0,9,3,0,1,0,0,cGVB_IN z (cGVB_CONVERSE x)  ¬(cGVB_M z)
no_atom_decomposition,SEV/SEV348^5.p,TH0,CounterSatisfiable,timeout,na,2050,3201,211,3201,95,3,0,0,0,
no_atom_decomposition,SEV/SEV349^5.p,TH0,CounterSatisfiable,timeout,na,2129,4453,81,4453,165,391,0,0,0,
no_atom_decomposition,SEV/SEV350^5.p,TH0,CounterSatisfiable,csa,yes,20,25,1,25,4,0,1,0,0,cGVB_IN z (cGVB_SIGMA x)  ¬(cGVB_M z)  cGVB_IN z C[206GLU]  cGVB_M C[206GLU]  cGVB_IN C[206GLU] x
no_atom_decomposition,SEV/SEV351^5.p,TH0,CounterSatisfiable,csa,yes,16,9,0,9,3,0,1,0,0,cGVB_IN z (cGVB_CROSS x y)  ¬(cGVB_M z)
no_atom_decomposition,SEV/SEV352^5.p,TH0,CounterSatisfiable,timeout,na,2092,4126,93,4126,351,228,0,0,0,
no_atom_decomposition,SEV/SEV354^5.p,TH0,CounterSatisfiable,timeout,na,2119,3629,58,3629,128,172,0,0,0,
no_atom_decomposition,SEV/SEV355^5.p,TH0,CounterSatisfiable,timeout,na,2084,3298,120,3298,188,140,0,0,0,
no_atom_decomposition,SEV/SEV356^5.p,TH0,CounterSatisfiable,timeout,na,2050,3226,173,3226,182,44,0,0,0,
no_atom_decomposition,SEV/SEV357^5.p,TH0,CounterSatisfiable,timeout,na,2126,4271,61,4271,296,109,0,0,0,
no_atom_decomposition,SEV/SEV358^5.p,TH0,CounterSatisfiable,timeout,na,2025,1562,92,1562,102,28,0,0,0,
no_atom_decomposition,SEV/SEV359^5.p,TH0,CounterSatisfiable,timeout,na,2160,4991,18,4991,261,224,0,0,0,
no_atom_decomposition,SEV/SEV360^5.p,TH0,CounterSatisfiable,timeout,na,2065,3221,131,3221,210,50,0,0,0,
no_atom_decomposition,SEV/SEV361^5.p,TH0,CounterSatisfiable,csa,yes,85,58,1,58,8,1,1,0,0,cGVB_SING_VAL x  C[8R0MW] C[14CER4]  ¬(C[8R0MW] C[19SLJI])  cGVB_M C[NGNAL]  cGVB_M C[14CER4]  cGVB_IN (cGVB_OP C[NGNAL] C[14CER4]) x  cGVB_M C[19SLJI]  cGVB_IN (cGVB_OP C[NGNAL] C[19SLJI]) x
no_atom_decomposition,SEV/SEV362^5.p,TH0,CounterSatisfiable,timeout,na,2077,2638,88,2638,181,138,0,0,0,
no_atom_decomposition,SEV/SEV363^5.p,TH0,CounterSatisfiable,timeout,na,2058,2503,135,2503,167,59,0,0,0,
no_atom_decomposition,SEV/SEV364^5.p,TH0,CounterSatisfiable,timeout,na,2074,3219,142,3219,130,54,0,0,0,
no_atom_decomposition,SEV/SEV365^5.p,TH0,CounterSatisfiable,csa,yes,170,158,3,158,22,5,1,0,0,C[18TXYT] (cGVB_APPLY h (cGVB_APP2 f1 C[1715LM] C[1M2RS4]))  ¬(C[18TXYT] (cGVB_APP2 f2 (cGVB_APPLY h C[1715LM]) (cGVB_APPLY h C[1M2RS4])))  cGVB_HOMOM h s1 f1 s2 f2  cGVB_CLOSED s1 f1  cGVB_CLOSED s2 
no_atom_decomposition,SEV/SEV366^5.p,TH0,CounterSatisfiable,csa,yes,3,1,0,1,1,0,1,0,0,¬(cGVB_M (cGVB_OP a b))
no_atom_decomposition,SEV/SEV368^5.p,TH0,CounterSatisfiable,csa,yes,4,3,0,3,1,0,1,0,0,cGVB_M u  ¬(cGVB_M (cGVB_POWERSET u))
no_atom_decomposition,SEV/SEV369^5.p,TH0,CounterSatisfiable,csa,yes,7,5,0,5,1,0,1,0,0,cGVB_M x  cGVB_FUNCTION f  ¬(cGVB_M (cGVB_IMAGE x f))
no_atom_decomposition,SEV/SEV370^5.p,TH0,CounterSatisfiable,csa,yes,12,7,0,7,1,0,1,0,0,cGVB_M C[14D5T0]  cGVB_M C[20TICM]  ¬(cGVB_M (cGVB_COMPOSE C[14D5T0] C[20TICM]))
no_atom_decomposition,SEV/SEV371^5.p,TH0,CounterSatisfiable,csa,yes,21,13,0,13,2,0,1,0,0,cGVB_M C[1RT5JV]  cGVB_M C[HHYZ3]  C[245RI7] (cGVB_SECOND (cGVB_OP C[1RT5JV] C[HHYZ3]))  ¬(C[245RI7] C[HHYZ3])
no_atom_decomposition,SEV/SEV372^5.p,TH0,CounterSatisfiable,csa,yes,19,14,0,15,2,0,1,0,0,cGVB_M C[6C328]  cGVB_M C[ESBIY]  C[1DGGIV] (cGVB_FIRST (cGVB_OP C[6C328] C[ESBIY]))  ¬(C[1DGGIV] C[6C328])
no_atom_decomposition,SEV/SEV373^5.p,TH0,CounterSatisfiable,csa,yes,17,11,0,11,2,0,1,0,0,C[1AT0GE] (cGVB_COMPOSE C[1UQKBL] (cGVB_COMPOSE C[14SVQL] C[27II8T]))  ¬(C[1AT0GE] (cGVB_COMPOSE (cGVB_COMPOSE C[1UQKBL] C[14SVQL]) C[27II8T]))
no_atom_decomposition,SEV/SEV374^5.p,TH0,CounterSatisfiable,timeout,na,2042,2486,101,2486,115,10,0,0,0,
no_atom_decomposition,SEV/SEV375^5.p,TH0,CounterSatisfiable,timeout,na,2040,2329,124,2329,118,30,0,0,0,
no_atom_decomposition,SEV/SEV376^5.p,TH0,CounterSatisfiable,csa,yes,13,5,0,5,1,0,1,0,0,cGVB_HOMOM h1 s1 f1 s2 f2  cGVB_HOMOM h2 s2 f2 s3 f3  ¬(cGVB_HOMOM (cGVB_COMPOSE h2 h1) s1 f1 s3 f3)
no_atom_decomposition,SEV/SEV377^5.p,TH0,CounterSatisfiable,csa,yes,28,14,0,14,2,0,1,0,0,cGVB_FUNCTION C[21RAN3]  cGVB_IN C[NK6] (cGVB_DOMAIN C[21RAN3])  C[1M79B] (cGVB_APPLY C[ZQQOC] (cGVB_APPLY C[21RAN3] C[NK6]))  ¬(C[1M79B] (cGVB_APPLY (cGVB_COMPOSE C[ZQQOC] C[21RAN3]) C[NK6]))
no_atom_decomposition,SEV/SEV378^5.p,TH0,CounterSatisfiable,timeout,na,2032,2356,171,2356,94,23,0,0,0,
no_atom_decomposition,SEV/SEV379^5.p,TH0,CounterSatisfiable,timeout,na,2009,812,77,812,5,3,0,0,0,
no_atom_decomposition,SEV/SEV380^5.p,TH0,CounterSatisfiable,timeout,na,2056,3684,239,3684,124,17,0,0,0,
no_atom_decomposition,SEV/SEV381^5.p,TH0,CounterSatisfiable,timeout,na,2045,2082,126,2082,118,27,0,0,0,
no_atom_decomposition,SEV/SEV382^5.p,TH0,Theorem,timeout,na,2090,2830,26,2830,350,133,0,1,0,
no_atom_decomposition,SEV/SEV383^5.p,TH0,Theorem,thm,yes,5,3,0,3,1,0,0,1,1,
no_atom_decomposition,SEV/SEV384^5.p,TH0,Theorem,timeout,na,2080,2118,79,2118,255,31,0,1,0,
no_atom_decomposition,SEV/SEV385^5.p,TH0,Theorem,timeout,na,2036,2526,153,2526,164,25,0,1,0,
no_atom_decomposition,SEV/SEV386^5.p,TH0,Theorem,timeout,na,2056,3527,197,3527,148,50,0,0,0,
no_atom_decomposition,SEV/SEV387^5.p,TH0,Theorem,thm,yes,26,4,0,4,1,1,0,0,0,
no_atom_decomposition,SEV/SEV388^5.p,TH0,Theorem,thm,yes,6,3,0,3,1,1,0,0,0,
no_atom_decomposition,SEV/SEV389^5.p,TH0,Theorem,thm,yes,12,12,0,12,2,0,0,1,1,
no_atom_decomposition,SEV/SEV390^5.p,TH0,Theorem,thm,yes,12,12,0,12,2,0,0,1,1,
no_atom_decomposition,SEV/SEV391^5.p,TH0,Theorem,thm,yes,58,37,1,37,4,4,0,5,1,
no_atom_decomposition,SEV/SEV392^5.p,TH0,Theorem,thm,yes,16,18,0,18,3,1,0,1,1,
no_atom_decomposition,SEV/SEV393^5.p,TH0,Theorem,thm,yes,16,15,0,15,2,0,0,1,1,
no_atom_decomposition,SEV/SEV394^5.p,TH0,Theorem,thm,yes,47,64,1,64,6,5,0,1,1,
no_atom_decomposition,SEV/SEV396^5.p,TH0,Theorem,thm,yes,23,42,0,42,4,3,0,1,1,
no_atom_decomposition,SEV/SEV397^5.p,TH0,Theorem,thm,yes,7,2,0,2,1,1,0,0,0,
no_atom_decomposition,SEV/SEV398^5.p,TH0,Theorem,timeout,na,2025,1046,75,1046,48,7,0,1,0,
no_atom_decomposition,SEV/SEV399^5.p,TH0,Theorem,timeout,na,2033,1107,74,1107,52,4,0,1,0,
no_atom_decomposition,SEV/SEV400^5.p,TH0,Theorem,timeout,na,2025,814,47,814,58,0,0,2,0,
no_atom_decomposition,SEV/SEV401^5.p,TH0,Theorem,timeout,na,2031,1235,86,1235,54,9,0,1,0,
no_atom_decomposition,SEV/SEV402^5.p,TH0,Theorem,timeout,na,2021,472,24,472,34,5,0,3,0,
no_atom_decomposition,SEV/SEV403^5.p,TH0,Theorem,timeout,na,2046,1265,83,1265,68,8,0,1,0,
no_atom_decomposition,SEV/SEV404^5.p,TH0,Theorem,timeout,na,2024,740,34,740,64,0,0,2,0,
no_atom_decomposition,SEV/SEV405^5.p,TH0,Theorem,thm,yes,29,19,0,19,3,2,0,2,1,
no_atom_decomposition,SEV/SEV406^5.p,TH0,Theorem,timeout,na,2158,7345,174,7345,435,364,0,0,0,
no_atom_decomposition,SEV/SEV408^5.p,TH0,Theorem,thm,yes,19,4,0,4,1,0,0,1,1,
no_atom_decomposition,SEV/SEV409^5.p,TH0,Theorem,thm,yes,52,7,0,7,1,0,0,1,1,
no_atom_decomposition,SEV/SEV410^5.p,TH0,Theorem,timeout,na,2007,263,1,263,13,35,0,2,0,
no_atom_decomposition,SEV/SEV411^5.p,TH0,Theorem,thm,yes,3,1,0,1,1,1,0,0,0,
no_atom_decomposition,SEV/SEV412^5.p,TH0,Theorem,thm,yes,4,1,0,1,1,1,0,0,0,
no_atom_decomposition,SEV/SEV413^5.p,TH0,Theorem,thm,yes,4,1,0,1,1,1,0,0,0,
no_atom_decomposition,SEV/SEV414^5.p,TH0,Theorem,timeout,na,2018,786,44,786,48,0,0,1,0,
no_atom_decomposition,SEV/SEV416^5.p,TH0,Theorem,thm,yes,9,1,0,1,1,1,0,0,0,
no_atom_decomposition,SEV/SEV417^5.p,TH0,Theorem,thm,yes,107,102,4,102,8,1,0,1,1,
no_atom_decomposition,SEV/SEV418^5.p,TH0,Unknown,timeout,na,2040,1201,68,1201,69,20,0,1,0,
no_atom_decomposition,SEV/SEV419^5.p,TH0,Unknown,timeout,na,2057,1172,74,1172,70,5,0,0,0,
no_atom_decomposition,SEV/SEV420^1.p,TH0,Theorem,timeout,na,2153,2932,24,2932,306,146,0,0,0,
no_atom_decomposition,SEV/SEV427^1.p,TH0,Theorem,thm,yes,56,82,2,82,10,1,0,1,1,
no_atom_decomposition,SEV/SEV428^1.p,TH0,Theorem,timeout,na,2018,349,9,349,31,12,0,1,0,
no_atom_decomposition,SEV/SEV429^1.p,TH0,Theorem,timeout,na,2036,2292,123,2292,164,14,0,1,0,
no_atom_decomposition,SEV/SEV430^1.p,TH0,Theorem,timeout,na,2057,2102,49,2102,254,11,0,1,0,
no_atom_decomposition,SEV/SEV431^1.p,TH0,Theorem,timeout,na,2046,2382,92,2382,247,16,0,1,0,
no_atom_decomposition,SEV/SEV432^1.p,TH0,Theorem,timeout,na,2045,2191,101,2191,177,3,0,2,0,
no_atom_decomposition,SEV/SEV433^1.p,TH0,Theorem,timeout,na,2192,4682,79,4682,694,142,0,1,0,
no_atom_decomposition,SEV/SEV434^1.p,TH0,Theorem,timeout,na,2006,221,6,221,18,15,0,2,0,
no_atom_decomposition,SEV/SEV440^1.p,TH0,Satisfiable,no_conjecture,na,55,,,,,,,,,
no_atom_decomposition,SEV/SEV441^1.p,TH0,Satisfiable,no_conjecture,na,53,,,,,,,,,
no_atom_decomposition,SEV/SEV442^1.p,TH1,Theorem,parse_timeout,na,0,,,,,,,,,cached: parse exceeded 5000ms
no_atom_decomposition,SEV/SEV443^1.p,TH1,Theorem,parse_timeout,na,0,,,,,,,,,cached: parse exceeded 5000ms
no_atom_decomposition,SEV/SEV444^1.p,TH1,Theorem,timeout,na,2065,2612,112,2612,211,4,0,4,0,
no_atom_decomposition,SEV/SEV445^1.p,TH1,Theorem,timeout,na,2062,2640,137,2640,174,3,0,5,0,
no_atom_decomposition,SEV/SEV446^1.p,TH1,Theorem,timeout,na,2043,2286,117,2286,134,36,0,1,0,
no_atom_decomposition,SEV/SEV447^1.p,TH1,Theorem,timeout,na,2085,3046,99,3046,284,2,0,4,0,
no_atom_decomposition,SEV/SEV448^1.p,TH1,Theorem,timeout,na,2072,2658,112,2658,225,0,0,4,0,
no_atom_decomposition,SEV/SEV449^1.p,TH1,Theorem,timeout,na,2068,2505,75,2505,171,72,0,2,0,
no_atom_decomposition,SEV/SEV450^1.p,TH1,Theorem,timeout,na,2052,1561,72,1561,116,5,0,4,0,
no_atom_decomposition,SEV/SEV451^1.p,TH1,Theorem,timeout,na,2058,2208,110,2208,164,2,0,3,0,
no_atom_decomposition,SEV/SEV452^1.p,TH1,Theorem,timeout,na,2046,1600,76,1600,119,3,0,4,0,
no_atom_decomposition,SEV/SEV453^1.p,TH1,Theorem,timeout,na,2058,2245,109,2245,164,3,0,3,0,
no_atom_decomposition,SEV/SEV454^1.p,TH1,Theorem,timeout,na,2088,2741,118,2741,227,0,0,3,0,
no_atom_decomposition,SEV/SEV455^1.p,TH1,Theorem,timeout,na,2059,1903,84,1903,161,0,0,4,0,
no_atom_decomposition,SEV/SEV456^1.p,TH1,Theorem,timeout,na,2050,1535,77,1535,101,0,0,4,0,
no_atom_decomposition,SEV/SEV457^1.p,TH1,Theorem,timeout,na,2023,590,21,590,43,16,0,0,0,
no_atom_decomposition,SEV/SEV458^1.p,TH1,Theorem,timeout,na,2060,1220,68,1220,74,5,0,4,0,
no_atom_decomposition,SEV/SEV459^1.p,TH1,Theorem,timeout,na,2063,2146,101,2146,157,0,0,5,0,
no_atom_decomposition,SEV/SEV460^1.p,TH1,Theorem,timeout,na,2058,1894,90,1894,135,0,0,4,0,
no_atom_decomposition,SEV/SEV461^1.p,TH1,Theorem,timeout,na,2064,1793,71,1793,158,0,0,3,0,
no_atom_decomposition,SEV/SEV462^1.p,TH1,Theorem,timeout,na,2058,1428,65,1428,113,0,0,3,0,
no_atom_decomposition,SEV/SEV463^1.p,TH1,Theorem,timeout,na,2051,1255,49,1255,107,0,0,4,0,
no_atom_decomposition,SEV/SEV464^1.p,TH1,Theorem,timeout,na,2038,456,18,456,40,13,0,0,0,
no_atom_decomposition,SEV/SEV465^1.p,TH1,Theorem,timeout,na,2048,1464,81,1464,98,17,0,0,0,
no_atom_decomposition,SEV/SEV466^1.p,TH1,Theorem,timeout,na,2071,1926,54,1926,190,0,0,1,0,
no_atom_decomposition,SEV/SEV467^1.p,TH1,Theorem,timeout,na,2033,541,18,541,49,1,0,3,0,
no_atom_decomposition,SEV/SEV468^1.p,TH1,Theorem,timeout,na,2051,498,28,498,32,0,0,4,0,
no_atom_decomposition,SEV/SEV469^1.p,TH1,Theorem,timeout,na,2085,591,34,591,32,0,0,3,0,
no_atom_decomposition,SEV/SEV470^1.p,TH1,Theorem,timeout,na,2061,60,2,60,4,0,0,4,0,
no_atom_decomposition,SEV/SEV471^1.p,TH1,Theorem,timeout,na,2037,11,1,11,1,0,0,0,0,
no_atom_decomposition,SEV/SEV472^1.p,TH1,Theorem,timeout,na,2077,2362,78,2362,285,23,0,1,0,
no_atom_decomposition,SEV/SEV473^1.p,TH1,Theorem,timeout,na,2049,271,1,271,54,22,0,0,0,
no_atom_decomposition,SEV/SEV474^1.p,TH1,Theorem,timeout,na,2035,135,5,135,8,0,0,1,0,
no_atom_decomposition,SEV/SEV475^1.p,TH1,Theorem,timeout,na,2061,256,0,256,59,7,0,0,0,
no_atom_decomposition,SEV/SEV476^1.p,TH1,Theorem,timeout,na,2067,1926,55,1926,215,53,0,0,0,
no_atom_decomposition,SEV/SEV477^1.p,TH1,Theorem,timeout,na,2088,877,31,877,123,18,0,0,0,
no_atom_decomposition,SEV/SEV478^1.p,TH1,Theorem,timeout,na,2057,1543,82,1543,120,21,0,0,0,
no_atom_decomposition,SEV/SEV479^1.p,TH1,Theorem,timeout,na,2127,2815,82,2815,328,0,0,1,0,
no_atom_decomposition,SEV/SEV480^1.p,TH1,Theorem,timeout,na,2118,2402,78,2402,195,32,0,2,0,
no_atom_decomposition,SEV/SEV481^1.p,TH1,Theorem,timeout,na,2084,1294,14,1294,279,2,0,0,0,
no_atom_decomposition,SEV/SEV482^1.p,TH1,Theorem,timeout,na,2049,536,26,536,89,13,0,4,0,
no_atom_decomposition,SEV/SEV483^1.p,TH1,Theorem,timeout,na,2036,381,10,381,24,10,0,4,0,
no_atom_decomposition,SEV/SEV484^1.p,TH1,Theorem,timeout,na,2069,410,17,410,49,2,0,4,0,
no_atom_decomposition,SEV/SEV485^1.p,TH1,Theorem,timeout,na,2053,2854,158,2854,135,25,0,0,0,
no_atom_decomposition,SEV/SEV486^1.p,TH1,Theorem,timeout,na,2045,2521,137,2521,113,34,0,0,0,
no_atom_decomposition,SEV/SEV487^1.p,TH1,Theorem,timeout,na,2010,5,0,5,1,0,0,0,0,
no_atom_decomposition,SEV/SEV488^1.p,TH1,Theorem,timeout,na,2050,136,4,136,8,0,0,5,0,
no_atom_decomposition,SEV/SEV489^1.p,TH1,Theorem,timeout,na,2078,1736,16,1736,262,5,0,1,0,
no_atom_decomposition,SEV/SEV490^1.p,TH1,Theorem,timeout,na,2078,1883,113,1883,116,0,0,3,0,
no_atom_decomposition,SEV/SEV491^1.p,TH1,Theorem,timeout,na,2106,1687,4,1687,335,71,0,0,0,
no_atom_decomposition,SEV/SEV492^1.p,TH1,Theorem,timeout,na,2138,3747,42,3747,256,65,0,0,0,
no_atom_decomposition,SEV/SEV493^1.p,TH1,Theorem,timeout,na,2134,4100,52,4100,266,110,0,0,0,
no_atom_decomposition,SEV/SEV494^1.p,TH1,Theorem,timeout,na,2079,1499,22,1499,129,59,0,0,0,
no_atom_decomposition,SEV/SEV495^1.p,TH1,Theorem,timeout,na,2040,636,31,636,48,6,0,4,0,
no_atom_decomposition,SEV/SEV496^1.p,TH1,ContradictoryAxioms,timeout,na,2072,776,42,776,48,0,0,3,0,
no_atom_decomposition,SEV/SEV497^1.p,TH1,ContradictoryAxioms,timeout,na,2092,1205,37,1205,146,37,0,0,0,
no_atom_decomposition,SEV/SEV498^1.p,TH1,ContradictoryAxioms,timeout,na,2191,1527,33,1527,241,74,0,0,0,
no_atom_decomposition,SEV/SEV499^1.p,TH1,Theorem,timeout,na,2219,2059,2,2059,458,128,0,0,0,
no_atom_decomposition,SEV/SEV500^1.p,TH1,ContradictoryAxioms,timeout,na,2081,806,48,806,48,0,0,1,0,
no_atom_decomposition,SEV/SEV501^1.p,TH1,Theorem,timeout,na,2056,394,17,394,42,3,0,0,0,
no_atom_decomposition,SEV/SEV502^1.p,TH1,Theorem,timeout,na,2058,836,21,836,111,8,0,0,0,
no_atom_decomposition,SEV/SEV503^1.p,TH1,Theorem,timeout,na,2059,1537,43,1537,182,33,0,0,0,
no_atom_decomposition,SEV/SEV504^1.p,TH1,Theorem,timeout,na,2077,1264,35,1264,218,21,0,0,0,
no_atom_decomposition,SEV/SEV505^1.p,TH1,Theorem,timeout,na,2064,547,9,547,94,9,0,0,0,
no_atom_decomposition,SEV/SEV506^1.p,TH1,Theorem,timeout,na,2141,3253,51,3253,285,56,0,0,0,
no_atom_decomposition,SEV/SEV507^1.p,TH1,Theorem,timeout,na,2058,1216,46,1216,119,27,0,0,0,
no_atom_decomposition,SEV/SEV508^1.p,TH1,Theorem,timeout,na,2077,1403,48,1403,226,3,0,0,0,
no_atom_decomposition,SEV/SEV509^1.p,TH1,Theorem,timeout,na,2081,1907,44,1907,234,34,0,1,0,
no_atom_decomposition,SEV/SEV510^1.p,TH1,Theorem,timeout,na,2062,1208,53,1208,159,0,0,0,0,
no_atom_decomposition,SEV/SEV511^1.p,TH1,Theorem,timeout,na,2046,757,46,757,40,10,0,1,0,
no_atom_decomposition,SEV/SEV512^1.p,TH1,Theorem,timeout,na,2075,798,18,798,153,0,0,0,0,
no_atom_decomposition,SEV/SEV513^1.p,TH1,Theorem,timeout,na,2053,416,7,416,54,5,0,0,0,
no_atom_decomposition,SEV/SEV514^1.p,TH1,Theorem,timeout,na,2074,1746,67,1746,206,12,0,0,0,
no_atom_decomposition,SEV/SEV523^1.p,TH0,Theorem,timeout,na,2339,0,0,0,1,0,0,0,0,
no_atom_decomposition,SEV/SEV524^1.p,TH0,Theorem,timeout,na,2335,0,0,0,1,0,0,0,0,
no_atom_decomposition,SEV/SEV525^1.p,TH0,Unknown,timeout,na,2369,0,0,0,1,0,0,0,0,
no_atom_decomposition,SEV/SEV526^1.p,TH0,Theorem,timeout,na,2380,0,0,0,1,0,0,0,0,
no_atom_decomposition,SEV/SEV527^1.p,TH0,Theorem,timeout,na,2335,0,0,0,1,0,0,0,0,
no_atom_decomposition,SEV/SEV528^1.p,TH0,Unknown,timeout,na,2335,0,0,0,1,0,0,0,0,
no_atom_decomposition,SEV/SEV529^1.p,TH0,Theorem,timeout,na,2323,0,0,0,1,0,0,0,0,
no_atom_decomposition,SEV/SEV530^1.p,TH0,Theorem,timeout,na,2322,0,0,0,1,0,0,0,0,
no_atom_decomposition,SEV/SEV531^1.p,TH0,Unknown,timeout,na,2344,0,0,0,1,0,0,0,0,
no_atom_decomposition,SEV/SEV532^1.p,TH0,Unknown,timeout,na,2345,0,0,0,1,0,0,0,0,
no_atom_decomposition,SEV/SEV583^1.p,unknown,Theorem,parser_error,na,0,,,,,,,,,cached: Syntax Error: expected ' ' or ']' in !> binder  got [{:colon  ":"  2474}  {:atom  "nat"  2476}  {:rbracket  "]"  2479}  {:colon  ":"  2481}  {:lparen  "("  2483}  {:atom  "fin"  2485}  {:app  "@"  248
no_atom_decomposition,SEV/SEV584^1.p,unknown,Theorem,parser_error,na,0,,,,,,,,,cached: Syntax Error: expected ' ' or ']' in !> binder  got [{:colon  ":"  2472}  {:atom  "nat"  2474}  {:rbracket  "]"  2477}  {:colon  ":"  2479}  {:lparen  "("  2481}  {:atom  "fin"  2483}  {:app  "@"  248
no_atom_decomposition,SEV/SEV585^1.p,unknown,Theorem,parser_error,na,0,,,,,,,,,cached: Syntax Error: expected ' ' or ']' in !> binder  got [{:colon  ":"  2472}  {:atom  "nat"  2474}  {:rbracket  "]"  2477}  {:colon  ":"  2479}  {:lparen  "("  2481}  {:atom  "fin"  2483}  {:app  "@"  248
no_atom_decomposition,SEV/SEV586^1.p,unknown,Theorem,parser_error,na,0,,,,,,,,,cached: Syntax Error: expected ' ' or ']' in !> binder  got [{:colon  ":"  2472}  {:atom  "nat"  2474}  {:rbracket  "]"  2477}  {:colon  ":"  2479}  {:lparen  "("  2481}  {:atom  "fin"  2483}  {:app  "@"  248
no_atom_decomposition,SEV/SEV587^1.p,unknown,Theorem,parser_error,na,0,,,,,,,,,cached: Syntax Error: expected ' ' or ']' in !> binder  got [{:colon  ":"  2472}  {:atom  "nat"  2474}  {:rbracket  "]"  2477}  {:colon  ":"  2479}  {:lparen  "("  2481}  {:atom  "fin"  2483}  {:app  "@"  248
no_atom_decomposition,SEV/SEV588^1.p,unknown,Theorem,parser_error,na,0,,,,,,,,,cached: Syntax Error: expected ' ' or ']' in !> binder  got [{:colon  ":"  2472}  {:atom  "nat"  2474}  {:rbracket  "]"  2477}  {:colon  ":"  2479}  {:lparen  "("  2481}  {:atom  "fin"  2483}  {:app  "@"  248
no_atom_decomposition,SEV/SEV589^1.p,unknown,Theorem,parser_error,na,0,,,,,,,,,cached: Syntax Error: expected ' ' or ']' in !> binder  got [{:colon  ":"  2472}  {:atom  "nat"  2474}  {:rbracket  "]"  2477}  {:colon  ":"  2479}  {:lparen  "("  2481}  {:atom  "fin"  2483}  {:app  "@"  248
no_atom_decomposition,SEV/SEV590^1.p,unknown,Theorem,parser_error,na,0,,,,,,,,,cached: Syntax Error: expected ' ' or ']' in !> binder  got [{:colon  ":"  2472}  {:atom  "nat"  2474}  {:rbracket  "]"  2477}  {:colon  ":"  2479}  {:lparen  "("  2481}  {:atom  "fin"  2483}  {:app  "@"  248
no_atom_decomposition,SEV/SEV591^1.p,unknown,Theorem,parser_error,na,0,,,,,,,,,cached: Syntax Error: expected ' ' or ']' in !> binder  got [{:colon  ":"  2472}  {:atom  "nat"  2474}  {:rbracket  "]"  2477}  {:colon  ":"  2479}  {:lparen  "("  2481}  {:atom  "fin"  2483}  {:app  "@"  248
no_atom_decomposition,SEV/SEV592^1.p,unknown,Theorem,parser_error,na,0,,,,,,,,,cached: Syntax Error: expected ' ' or ']' in !> binder  got [{:colon  ":"  2472}  {:atom  "nat"  2474}  {:rbracket  "]"  2477}  {:colon  ":"  2479}  {:lparen  "("  2481}  {:atom  "fin"  2483}  {:app  "@"  248
no_atom_decomposition,SEV/SEV593^1.p,unknown,Theorem,parser_error,na,0,,,,,,,,,cached: Syntax Error: expected ' ' or ']' in !> binder  got [{:colon  ":"  2260}  {:atom  "nat"  2262}  {:rbracket  "]"  2265}  {:colon  ":"  2267}  {:lparen  "("  2269}  {:atom  "fin"  2271}  {:app  "@"  227
no_atom_decomposition,SEV/SEV594^1.p,unknown,Theorem,parser_error,na,0,,,,,,,,,cached: Syntax Error: expected ' ' or ']' in !> binder  got [{:colon  ":"  2260}  {:atom  "nat"  2262}  {:rbracket  "]"  2265}  {:colon  ":"  2267}  {:lparen  "("  2269}  {:atom  "fin"  2271}  {:app  "@"  227
no_atom_decomposition,SEV/SEV595^1.p,unknown,Theorem,parser_error,na,0,,,,,,,,,cached: Syntax Error: expected ' ' or ']' in !> binder  got [{:colon  ":"  2260}  {:atom  "nat"  2262}  {:rbracket  "]"  2265}  {:colon  ":"  2267}  {:lparen  "("  2269}  {:atom  "fin"  2271}  {:app  "@"  227
no_atom_decomposition,SEV/SEV596^1.p,unknown,Theorem,parser_error,na,0,,,,,,,,,cached: Syntax Error: expected ' ' or ']' in !> binder  got [{:colon  ":"  2260}  {:atom  "nat"  2262}  {:rbracket  "]"  2265}  {:colon  ":"  2267}  {:lparen  "("  2269}  {:atom  "fin"  2271}  {:app  "@"  227
no_atom_decomposition,SEV/SEV597^1.p,unknown,Theorem,parser_error,na,0,,,,,,,,,cached: Syntax Error: expected ' ' or ']' in !> binder  got [{:colon  ":"  2260}  {:atom  "nat"  2262}  {:rbracket  "]"  2265}  {:colon  ":"  2267}  {:lparen  "("  2269}  {:atom  "fin"  2271}  {:app  "@"  227
no_atom_decomposition,SEV/SEV598^1.p,unknown,Theorem,parser_error,na,0,,,,,,,,,cached: Syntax Error: expected ' ' or ']' in !> binder  got [{:colon  ":"  2260}  {:atom  "nat"  2262}  {:rbracket  "]"  2265}  {:colon  ":"  2267}  {:lparen  "("  2269}  {:atom  "fin"  2271}  {:app  "@"  227
no_atom_decomposition,SEV/SEV599^1.p,unknown,Theorem,parser_error,na,0,,,,,,,,,cached: Syntax Error: expected ' ' or ']' in !> binder  got [{:colon  ":"  2260}  {:atom  "nat"  2262}  {:rbracket  "]"  2265}  {:colon  ":"  2267}  {:lparen  "("  2269}  {:atom  "fin"  2271}  {:app  "@"  227
no_atom_decomposition,SEV/SEV600^1.p,unknown,CounterSatisfiable,parser_error,na,0,,,,,,,,,cached: Syntax Error: expected ' ' or ']' in !> binder  got [{:colon  ":"  2271}  {:atom  "nat"  2273}  {:rbracket  "]"  2276}  {:colon  ":"  2278}  {:lparen  "("  2280}  {:atom  "fin"  2282}  {:app  "@"  228
no_atom_decomposition,SEV/SEV601^1.p,unknown,CounterSatisfiable,parser_error,na,0,,,,,,,,,cached: Syntax Error: expected ' ' or ']' in !> binder  got [{:colon  ":"  2271}  {:atom  "nat"  2273}  {:rbracket  "]"  2276}  {:colon  ":"  2278}  {:lparen  "("  2280}  {:atom  "fin"  2282}  {:app  "@"  228
no_atom_decomposition,SEV/SEV602^1.p,unknown,CounterSatisfiable,parser_error,na,0,,,,,,,,,cached: Syntax Error: expected ' ' or ']' in !> binder  got [{:colon  ":"  2271}  {:atom  "nat"  2273}  {:rbracket  "]"  2276}  {:colon  ":"  2278}  {:lparen  "("  2280}  {:atom  "fin"  2282}  {:app  "@"  228
no_atom_decomposition,SWB/SWB109^15.p,TH0,CounterSatisfiable,timeout,na,2157,2904,20,2904,277,38,0,0,0,
no_atom_decomposition,SWB/SWB109^3.p,TH0,CounterSatisfiable,timeout,na,2134,3675,47,3675,248,208,0,0,0,
no_atom_decomposition,SWC/SWC425^7.p,TH0,CounterSatisfiable,timeout,na,2187,2409,54,2410,235,5,0,0,0,
no_atom_decomposition,SWV/SWV010^7.p,TH0,Satisfiable,no_conjecture,na,132,,,,,,,,,
no_atom_decomposition,SWV/SWV061^7.p,TH0,Theorem,timeout,na,2907,68,6,68,1,0,0,0,0,
no_atom_decomposition,SWV/SWV067^7.p,TH0,Theorem,timeout,na,2924,51,5,51,1,0,0,0,0,
no_atom_decomposition,SWV/SWV073^7.p,TH0,Theorem,timeout,na,2912,67,6,67,1,0,0,0,0,
no_atom_decomposition,SWV/SWV079^7.p,TH0,Theorem,timeout,na,2924,67,6,67,1,0,0,0,0,
no_atom_decomposition,SWV/SWV085^7.p,TH0,Theorem,timeout,na,2946,68,6,68,1,0,0,0,0,
no_atom_decomposition,SWV/SWV091^7.p,TH0,Theorem,timeout,na,3062,24,2,24,1,0,0,0,0,
no_atom_decomposition,SWV/SWV097^7.p,TH0,Theorem,timeout,na,3189,0,0,0,1,0,0,0,0,
no_atom_decomposition,SWV/SWV103^7.p,TH0,Theorem,timeout,na,2953,51,5,51,1,0,0,0,0,
no_atom_decomposition,SWV/SWV107^7.p,TH0,Theorem,timeout,na,2938,45,4,45,1,0,0,0,0,
no_atom_decomposition,SWV/SWV425^1.p,TH0,CounterSatisfiable,timeout,na,2176,5183,100,5183,225,201,0,0,0,
no_atom_decomposition,SWV/SWV425^2.p,TH0,Theorem,timeout,na,2042,1021,79,1021,40,4,0,3,0,
no_atom_decomposition,SWV/SWV426^1.p,TH0,CounterSatisfiable,timeout,na,2202,5300,15,5300,288,133,0,0,0,
no_atom_decomposition,SWV/SWV426^2.p,TH0,Theorem,timeout,na,2050,1130,82,1130,38,16,0,3,0,
no_atom_decomposition,SWV/SWV426^3.p,TH0,CounterSatisfiable,timeout,na,2152,2997,58,2997,271,79,0,0,0,
no_atom_decomposition,SWV/SWV426^4.p,TH0,Theorem,timeout,na,2055,1191,84,1191,35,20,0,3,0,
no_atom_decomposition,SWV/SWV427^1.p,TH0,CounterSatisfiable,timeout,na,2153,4319,84,4319,297,61,0,0,0,
no_atom_decomposition,SWV/SWV427^2.p,TH0,Theorem,timeout,na,2065,1072,74,1072,49,16,0,3,0,
no_atom_decomposition,SWV/SWV428^1.p,TH0,CounterSatisfiable,timeout,na,2139,3076,68,3076,259,68,0,0,0,
no_atom_decomposition,SWV/SWV428^2.p,TH0,Theorem,timeout,na,2064,1327,96,1327,111,0,0,3,0,
no_atom_decomposition,SWV/SWV429^1.p,TH0,Theorem,timeout,na,2041,792,14,792,55,76,0,2,0,
no_atom_decomposition,SWV/SWV429^2.p,TH0,Theorem,timeout,na,2057,746,44,746,55,4,0,3,0,
no_atom_decomposition,SWV/SWV430^1.p,TH0,CounterSatisfiable,timeout,na,2164,3979,63,3979,278,77,0,0,0,
no_atom_decomposition,SWV/SWV430^2.p,TH0,Theorem,timeout,na,2046,886,68,886,35,1,0,3,0,
no_atom_decomposition,SWV/SWV431^1.p,TH0,CounterSatisfiable,timeout,na,2163,3832,27,3832,291,90,0,0,0,
no_atom_decomposition,SWV/SWV431^2.p,TH0,Theorem,timeout,na,2047,742,57,742,33,4,0,3,0,
no_atom_decomposition,SWV/SWV432^1.p,TH0,CounterSatisfiable,timeout,na,2171,4190,85,4190,232,169,0,0,0,
no_atom_decomposition,SWV/SWV432^2.p,TH0,Theorem,timeout,na,2048,1226,98,1226,31,16,0,3,0,
no_atom_decomposition,SWV/SWV433^1.p,TH0,CounterSatisfiable,timeout,na,2117,2168,41,2168,253,64,0,0,0,
no_atom_decomposition,SWV/SWV433^2.p,TH0,Theorem,timeout,na,2054,1274,108,1274,34,4,0,2,0,
no_atom_decomposition,SWV/SWV434^3.p,TH0,CounterSatisfiable,timeout,na,2245,7418,85,7418,257,252,0,0,0,
no_atom_decomposition,SWV/SWV434^4.p,TH0,Theorem,timeout,na,2040,915,68,915,36,4,0,3,0,
no_atom_decomposition,SWV/SWV435^3.p,TH0,Theorem,thm,yes,85,67,2,67,3,5,0,1,1,
no_atom_decomposition,SWV/SWV435^4.p,TH0,Theorem,timeout,na,2064,908,59,908,41,22,0,3,0,
no_atom_decomposition,SWV/SWV436^3.p,TH0,CounterSatisfiable,timeout,na,2189,2822,63,2822,227,72,0,0,0,
no_atom_decomposition,SWV/SWV436^4.p,TH0,Theorem,timeout,na,2075,579,35,579,42,0,0,3,0,
no_atom_decomposition,SWV/SWV437^1.p,TH0,Theorem,timeout,na,2620,12,1,12,1,0,0,0,0,
no_atom_decomposition,SWV/SWV438^1.p,TH0,Theorem,timeout,na,2498,12,1,12,1,0,0,0,0,
no_atom_decomposition,SWV/SWV439^1.p,TH0,CounterSatisfiable,timeout,na,2482,18,1,18,1,0,0,0,0,
no_atom_decomposition,SWV/SWV440^1.p,TH0,Theorem,timeout,na,2340,21,2,21,1,0,0,0,0,
no_atom_decomposition,SWV/SWV441^1.p,TH0,Theorem,timeout,na,2071,1062,81,1062,51,0,0,1,0,
no_atom_decomposition,SWV/SWV442^1.p,TH0,Theorem,thm,yes,67,6,0,6,1,1,0,0,0,
no_atom_decomposition,SWV/SWV443^1.p,TH0,Theorem,thm,yes,83,7,0,7,1,1,0,0,0,
no_atom_decomposition,SWV/SWV444^1.p,TH0,Theorem,timeout,na,2074,1175,91,1175,54,0,0,1,0,
no_atom_decomposition,SWV/SWV445^1.p,TH0,Theorem,timeout,na,2089,976,74,976,49,0,0,1,0,
no_atom_decomposition,SWV/SWV446^1.p,TH0,Theorem,timeout,na,2082,857,64,857,39,0,0,1,0,
no_atom_decomposition,SWV/SWV447^1.p,TH0,Theorem,timeout,na,2043,1285,40,1285,134,10,0,1,0,
no_atom_decomposition,SWW/SWW469^1.p,TH0,Theorem,timeout,na,2004,108,5,108,5,4,0,3,0,
no_atom_decomposition,SWW/SWW470^1.p,TH0,Theorem,timeout,na,2227,342,27,342,8,0,0,1,0,
no_atom_decomposition,SWW/SWW470^2.p,TH1,Theorem,parser_error,na,0,,,,,,,,,cached: Failed to parse formula 'fact_328_finite__nonempty__imp__fold1Set': [byte:116844] Type Error: Cannot unify strict function types of different arities.
no_atom_decomposition,SWW/SWW470^3.p,TH1,Theorem,parser_error,na,0,,,,,,,,,cached: Failed to parse formula 'fact_311_finite__nonempty__imp__fold1Set': [byte:104766] Type Error: Cannot unify strict function types of different arities.
no_atom_decomposition,SWW/SWW471^1.p,TH0,Theorem,timeout,na,2354,393,39,393,1,0,0,0,0,
no_atom_decomposition,SWW/SWW471^2.p,TH0,ContradictoryAxioms,timeout,na,3619,388,38,388,1,0,0,0,0,
no_atom_decomposition,SWW/SWW471^3.p,TH0,Theorem,timeout,na,4746,323,32,323,1,0,0,0,0,
no_atom_decomposition,SWW/SWW472^1.p,TH0,Theorem,timeout,na,2244,641,49,641,20,0,0,1,0,
no_atom_decomposition,SWW/SWW472^2.p,TH0,Theorem,timeout,na,2687,378,37,378,1,0,0,0,0,
no_atom_decomposition,SWW/SWW472^3.p,TH1,Theorem,parser_error,na,0,,,,,,,,,cached: Failed to parse formula 'fact_409_finite__nonempty__imp__fold1Set': [byte:126226] Type Error: Cannot unify strict function types of different arities.
no_atom_decomposition,SWW/SWW473^1.p,TH0,ContradictoryAxioms,timeout,na,2525,600,60,600,1,0,0,0,0,
no_atom_decomposition,SWW/SWW473^2.p,TH0,Theorem,timeout,na,3311,347,34,347,1,0,0,0,0,
no_atom_decomposition,SWW/SWW473^3.p,TH0,ContradictoryAxioms,timeout,na,4246,335,33,335,1,0,0,0,0,
no_atom_decomposition,SWW/SWW474^1.p,TH0,Theorem,timeout,na,2586,281,28,281,1,0,0,0,0,
no_atom_decomposition,SWW/SWW474^2.p,TH0,Theorem,timeout,na,3780,222,21,222,2,1,0,0,0,
no_atom_decomposition,SWW/SWW474^3.p,TH0,Theorem,timeout,na,5211,158,15,158,2,1,0,0,0,
no_atom_decomposition,SWW/SWW475^1.p,TH1,Theorem,parser_error,na,0,,,,,,,,,cached: Failed to parse formula 'fact_27_split__paired__All': [byte:22227] Type Error: Cannot unify strict function types of different arities.
no_atom_decomposition,SWW/SWW475^2.p,TH1,Theorem,parser_error,na,0,,,,,,,,,cached: Failed to parse formula 'fact_21_split__paired__All': [byte:33084] Type Error: Cannot unify strict function types of different arities.
no_atom_decomposition,SWW/SWW475^3.p,TH1,Theorem,parser_error,na,0,,,,,,,,,cached: Failed to parse formula 'fact_61_split__paired__All': [byte:69960] Type Error: Cannot unify strict function types of different arities.
no_atom_decomposition,SWW/SWW476^1.p,TH1,Theorem,parser_error,na,0,,,,,,,,,cached: Failed to parse formula 'fact_125_split__paired__All': [byte:65316] Type Error: Cannot unify strict function types of different arities.
no_atom_decomposition,SWW/SWW476^2.p,TH1,Theorem,parser_error,na,0,,,,,,,,,cached: Failed to parse formula 'fact_153_split__paired__All': [byte:91639] Type Error: Cannot unify strict function types of different arities.
no_atom_decomposition,SWW/SWW476^3.p,TH1,Theorem,parser_error,na,0,,,,,,,,,cached: Failed to parse formula 'fact_367_split__paired__All': [byte:201188] Type Error: Cannot unify strict function types of different arities.
no_atom_decomposition,SWW/SWW477^1.p,TH1,Theorem,parser_error,na,0,,,,,,,,,cached: Failed to parse formula 'fact_38_split__paired__All': [byte:21078] Type Error: Cannot unify strict function types of different arities.
no_atom_decomposition,SWW/SWW477^2.p,TH1,Theorem,parser_error,na,0,,,,,,,,,cached: Failed to parse formula 'fact_62_split__paired__All': [byte:49406] Type Error: Cannot unify strict function types of different arities.
no_atom_decomposition,SWW/SWW477^3.p,TH1,Theorem,parser_error,na,0,,,,,,,,,cached: Failed to parse formula 'fact_106_split__paired__All': [byte:93347] Type Error: Cannot unify strict function types of different arities.
no_atom_decomposition,SWW/SWW478^1.p,TH1,Theorem,parser_error,na,0,,,,,,,,,cached: Failed to parse formula 'fact_21_split__paired__All': [byte:17638] Type Error: Cannot unify strict function types of different arities.
no_atom_decomposition,SWW/SWW478^2.p,TH1,Theorem,parser_error,na,0,,,,,,,,,cached: Failed to parse formula 'fact_37_split__paired__All': [byte:63382] Type Error: Cannot unify strict function types of different arities.
no_atom_decomposition,SWW/SWW478^3.p,TH1,Theorem,parser_error,na,0,,,,,,,,,cached: Failed to parse formula 'fact_143_split__paired__All': [byte:112259] Type Error: Cannot unify strict function types of different arities.
no_atom_decomposition,SWW/SWW674^1.p,TH0,Satisfiable,no_conjecture,na,31,,,,,,,,,
no_atom_decomposition,SWW/SWW971^15.p,TH0,CounterSatisfiable,timeout,na,2105,2058,46,2059,264,47,0,0,0,
no_atom_decomposition,SWW/SWW971^5.p,TH0,CounterSatisfiable,timeout,na,2069,1545,52,1545,161,57,0,0,0,
no_atom_decomposition,SYN/SYN000^1.p,TH0,Theorem,thm,yes,36,8,0,8,1,0,0,1,1,
no_atom_decomposition,SYN/SYN000^2.p,TH0,Satisfiable,parser_error,na,0,,,,,,,,,cached: Type Error: product types (*) are not part of simple type theory.
no_atom_decomposition,SYN/SYN000^3.p,TH1,Satisfiable,parser_error,na,0,,,,,,,,,cached: Failed to parse formula 'can_prove_this': [byte:2329] Type Error: Cannot unify strict function types of different arities.
no_atom_decomposition,SYN/SYN000^6.p,unknown,Unknown,parser_error,na,0,,,,,,,,,cached: Lexer failed to parse entire string. Unparsed: {$necessary} @ ( ( newp @ ( newf @ newc @ a ) @ a ) & ( newp @ ( newf @ X @ a ) @ a ) ) ) ). thf(new_possible_axiom axiom  ( {$possible} @ ( ! [X: new] :
no_atom_decomposition,SYN/SYN000^7.p,unknown,Unknown,parser_error,na,0,,,,,,,,,cached: Lexer failed to parse entire string. Unparsed: {$necessary(agent)} @ ( ( newp @ ( newf @ newc @ a ) @ a ) & ( newp @ ( newf @ X @ a ) @ a ) ) ) ). thf(new_possible_index_axiom axiom  ( {$possible(agen
no_atom_decomposition,SYN/SYN036^5.p,TH0,Theorem,timeout,na,2082,4207,36,4207,117,471,0,0,0,
no_atom_decomposition,SYN/SYN036^7.p,TH0,Theorem,timeout,na,2159,199,5,199,23,4,0,0,0,
no_atom_decomposition,SYN/SYN040^4.p,TH0,CounterSatisfiable,timeout,na,2142,3866,104,3866,254,86,0,0,0,
no_atom_decomposition,SYN/SYN041^4.p,TH0,Theorem,timeout,na,2131,3663,109,3663,199,84,0,0,0,
no_atom_decomposition,SYN/SYN044^4.p,TH0,Theorem,timeout,na,2089,2390,63,2390,201,87,0,0,0,
no_atom_decomposition,SYN/SYN045^4.p,TH0,Theorem,timeout,na,2115,2642,64,2642,180,96,0,0,0,
no_atom_decomposition,SYN/SYN045^7.p,TH0,Theorem,timeout,na,2142,2884,59,2884,235,32,0,0,0,
no_atom_decomposition,SYN/SYN046^4.p,TH0,CounterSatisfiable,timeout,na,2097,2827,89,2827,203,96,0,0,0,
no_atom_decomposition,SYN/SYN047^4.p,TH0,CounterSatisfiable,timeout,na,2138,3232,47,3232,230,101,0,0,0,
no_atom_decomposition,SYN/SYN049^5.p,TH0,Theorem,thm,yes,74,32,1,32,2,1,0,1,1,
no_atom_decomposition,SYN/SYN051^5.p,TH0,Theorem,thm,yes,25,46,0,46,6,9,0,6,1,
no_atom_decomposition,SYN/SYN052^7.p,TH0,Theorem,timeout,na,2154,2233,64,2233,185,93,0,0,0,
no_atom_decomposition,SYN/SYN055^5.p,TH0,Theorem,thm,yes,85,213,0,213,37,9,0,1,1,
no_atom_decomposition,SYN/SYN056^5.p,TH0,Theorem,timeout,na,2115,3273,6,3273,94,893,0,2,0,
no_atom_decomposition,SYN/SYN057^5.p,TH0,Theorem,timeout,na,2039,1986,20,1986,134,324,0,1,0,
no_atom_decomposition,SYN/SYN058^5.p,TH0,Theorem,thm,yes,1143,208,0,208,22,33,0,1,1,
no_atom_decomposition,SYN/SYN059^5.p,TH0,Theorem,timeout,na,2038,1808,24,1808,134,289,0,2,0,
no_atom_decomposition,SYN/SYN064^5.p,TH0,Theorem,thm,yes,8,7,0,7,1,0,0,1,1,
no_atom_decomposition,SYN/SYN355^5.p,TH0,Theorem,thm,yes,15,24,0,24,4,1,0,1,1,
no_atom_decomposition,SYN/SYN356^5.p,TH0,Theorem,timeout,na,2022,1629,60,1629,127,103,0,1,0,
no_atom_decomposition,SYN/SYN357^5.p,TH0,Theorem,thm,yes,5,5,0,5,1,0,0,1,1,
no_atom_decomposition,SYN/SYN357^7.p,TH0,Theorem,timeout,na,2379,6410,132,6410,1457,473,0,1,0,
no_atom_decomposition,SYN/SYN358^5.p,TH0,Theorem,thm,yes,17,27,0,27,2,4,0,1,1,
no_atom_decomposition,SYN/SYN360^5.p,TH0,Theorem,thm,yes,14,17,0,17,2,0,0,1,1,
no_atom_decomposition,SYN/SYN361^5.p,TH0,Theorem,thm,yes,26,32,1,32,4,0,0,1,1,
no_atom_decomposition,SYN/SYN364^5.p,TH0,Theorem,timeout,na,2019,972,30,972,63,61,0,2,0,
no_atom_decomposition,SYN/SYN365^5.p,TH0,Theorem,timeout,na,2234,6108,14,6108,1635,233,0,1,0,
no_atom_decomposition,SYN/SYN367^7.p,TH0,Theorem,timeout,na,2150,1740,33,1740,155,110,0,0,0,
no_atom_decomposition,SYN/SYN374^5.p,TH0,Theorem,thm,yes,107,146,0,146,10,21,0,2,1,
no_atom_decomposition,SYN/SYN375^5.p,TH0,Theorem,thm,yes,5,1,0,1,1,1,0,0,0,
no_atom_decomposition,SYN/SYN377^5.p,TH0,Theorem,thm,yes,33,62,0,62,7,5,0,1,1,
no_atom_decomposition,SYN/SYN377^7.p,TH0,Theorem,timeout,na,2135,1793,77,1793,200,12,0,0,0,
no_atom_decomposition,SYN/SYN381^5.p,TH0,Theorem,timeout,na,2165,6840,323,6840,870,226,0,3,0,
no_atom_decomposition,SYN/SYN382^5.p,TH0,Theorem,thm,yes,13,12,0,12,2,0,0,1,1,
no_atom_decomposition,SYN/SYN386^5.p,TH0,Theorem,timeout,na,2170,3720,72,3720,735,0,0,4,0,
no_atom_decomposition,SYN/SYN387^4.p,TH0,CounterSatisfiable,timeout,na,2191,4542,91,4542,202,100,0,0,0,
no_atom_decomposition,SYN/SYN387^7.p,TH0,CounterSatisfiable,timeout,na,2210,5711,113,5711,236,143,0,0,0,
no_atom_decomposition,SYN/SYN388^4.p,TH0,CounterSatisfiable,timeout,na,2157,4503,97,4503,224,122,0,0,0,
no_atom_decomposition,SYN/SYN389^4.p,TH0,CounterSatisfiable,timeout,na,2116,3521,91,3521,180,107,0,0,0,
no_atom_decomposition,SYN/SYN390^4.p,TH0,Theorem,timeout,na,2163,5847,149,5847,189,224,0,0,0,
no_atom_decomposition,SYN/SYN391^4.p,TH0,Theorem,timeout,na,2101,2649,82,2649,217,64,0,0,0,
no_atom_decomposition,SYN/SYN392^4.p,TH0,CounterSatisfiable,timeout,na,2107,2997,78,2997,188,117,0,0,0,
no_atom_decomposition,SYN/SYN397^7.p,TH0,Theorem,timeout,na,2500,5337,52,5337,203,64,0,0,0,
no_atom_decomposition,SYN/SYN407^7.p,TH0,CounterSatisfiable,timeout,na,2215,3098,93,3098,197,64,0,0,0,
no_atom_decomposition,SYN/SYN416^4.p,TH0,CounterSatisfiable,timeout,na,2133,4232,107,4232,222,115,0,0,0,
no_atom_decomposition,SYN/SYN416^7.p,TH0,CounterSatisfiable,timeout,na,2165,3876,83,3876,235,60,0,0,0,
no_atom_decomposition,SYN/SYN731^5.p,TH0,Theorem,thm,yes,19,20,2,20,1,0,0,1,1,
no_atom_decomposition,SYN/SYN732^5.p,TH0,Theorem,thm,yes,33,42,3,42,3,0,0,1,1,
no_atom_decomposition,SYN/SYN741^7.p,TH0,ContradictoryAxioms,timeout,na,2110,0,0,0,1,0,0,0,0,
no_atom_decomposition,SYN/SYN915^4.p,TH0,Theorem,thm,yes,24,3,0,3,1,1,0,0,0,
no_atom_decomposition,SYN/SYN916^4.p,TH0,CounterSatisfiable,timeout,na,2157,6956,383,6956,168,340,0,0,0,
no_atom_decomposition,SYN/SYN977^4.p,TH0,CounterSatisfiable,timeout,na,2162,4564,87,4564,227,113,0,0,0,
no_atom_decomposition,SYN/SYN978^4.p,TH0,Theorem,timeout,na,2115,2893,39,2893,204,62,0,0,0,
no_atom_decomposition,SYN/SYN983^1.p,TH0,Theorem,unk,na,4,5,0,5,1,0,0,0,0,
no_atom_decomposition,SYN/SYN984^1.p,TH0,Theorem,timeout,na,2086,1456,29,1456,4,188,0,0,0,
no_atom_decomposition,SYN/SYN985^1.p,TH0,CounterSatisfiable,timeout,na,2046,2289,181,2289,88,0,0,3,0,
no_atom_decomposition,SYN/SYN987^1.p,TH0,CounterSatisfiable,csa,yes,2,2,0,2,1,0,1,0,0,¬C[1L79PB]
no_atom_decomposition,SYN/SYN987^2.p,TH0,Unsatisfiable,no_conjecture,na,0,,,,,,,,,
no_atom_decomposition,SYN/SYN988^1.p,TH0,CounterSatisfiable,csa,yes,2,2,0,2,1,0,1,0,0,C[TJ0PS]
no_atom_decomposition,SYN/SYN988^2.p,TH0,Unsatisfiable,no_conjecture,na,0,,,,,,,,,
no_atom_decomposition,SYN/SYN989^1.p,TH0,Theorem,thm,yes,2,2,0,2,1,1,0,0,0,
no_atom_decomposition,SYN/SYN989^2.p,TH0,Satisfiable,no_conjecture,na,0,,,,,,,,,
no_atom_decomposition,SYN/SYN989^3.p,TH0,Theorem,thm,yes,2,1,0,1,1,1,0,0,0,
no_atom_decomposition,SYN/SYN990^1.p,TH0,Satisfiable,no_conjecture,na,1,,,,,,,,,
no_atom_decomposition,SYN/SYN991^1.p,TH0,Unsatisfiable,no_conjecture,na,1,,,,,,,,,
no_atom_decomposition,SYN/SYN992^1.p,TH0,Theorem,thm,yes,7,4,0,4,1,0,0,1,1,
no_atom_decomposition,SYN/SYN993^1.p,TH0,CounterSatisfiable,timeout,na,2004,1011,111,1011,1,0,0,0,0,
no_atom_decomposition,SYN/SYN994^1.p,TH0,CounterSatisfiable,timeout,na,2004,978,109,978,1,0,0,0,0,
no_atom_decomposition,SYN/SYN995^1.p,TH0,CounterSatisfiable,timeout,na,2149,6917,93,6917,559,511,0,0,0,
no_atom_decomposition,SYN/SYN996^1.p,TH0,Theorem,thm,yes,90,9,0,9,1,0,0,1,1,
no_atom_decomposition,SYN/SYN997^1.p,TH0,Theorem,timeout,na,2002,124,13,124,1,0,0,0,0,
no_atom_decomposition,SYN/SYN998^1.p,TH0,Theorem,thm,yes,3,4,0,4,1,1,0,0,0,
no_atom_decomposition,SYN/SYN999^1.p,TH0,Theorem,thm,yes,19,14,1,14,2,0,0,1,1,
no_atom_decomposition,SYO/SYO001^1.p,TH0,Theorem,timeout,na,2100,3185,39,3185,531,0,0,2,0,
no_atom_decomposition,SYO/SYO002^1.p,TH0,Theorem,thm,yes,25,15,1,15,2,0,0,1,1,
no_atom_decomposition,SYO/SYO003^1.p,TH0,Theorem,thm,yes,20,13,0,13,2,0,0,1,1,
no_atom_decomposition,SYO/SYO004^1.p,TH0,Theorem,timeout,na,2003,73,3,73,5,2,0,4,0,
no_atom_decomposition,SYO/SYO005^1.p,TH0,Theorem,thm,yes,41,25,1,25,3,0,0,1,1,
no_atom_decomposition,SYO/SYO006^1.p,TH0,Theorem,thm,yes,23,25,0,25,3,6,0,0,0,
no_atom_decomposition,SYO/SYO007^1.p,TH0,Theorem,unk,na,19,18,0,18,3,1,0,0,0,
no_atom_decomposition,SYO/SYO008^1.p,TH0,Theorem,timeout,na,2069,2219,67,2219,379,0,0,4,0,
no_atom_decomposition,SYO/SYO009^1.p,TH0,Theorem,thm,yes,2,1,0,1,1,1,0,0,0,
no_atom_decomposition,SYO/SYO010^1.p,TH0,Theorem,timeout,na,2080,2634,59,2634,466,0,0,4,0,
no_atom_decomposition,SYO/SYO011^1.p,TH0,Theorem,timeout,na,2088,2638,66,2638,530,0,0,4,0,
no_atom_decomposition,SYO/SYO012^1.p,TH0,Theorem,thm,yes,4,1,0,1,1,1,0,0,0,
no_atom_decomposition,SYO/SYO013^1.p,TH0,Theorem,unk,na,6,7,0,7,1,0,0,0,0,
no_atom_decomposition,SYO/SYO015^1.p,TH0,Theorem,thm,yes,2,2,0,2,1,1,0,0,0,
no_atom_decomposition,SYO/SYO016^1.p,TH0,Theorem,unk,na,11,5,0,5,1,0,0,0,0,
no_atom_decomposition,SYO/SYO017^1.p,TH0,Theorem,unk,na,6,5,0,6,2,0,0,0,0,
no_atom_decomposition,SYO/SYO018^1.p,TH0,Theorem,timeout,na,2037,1319,26,1319,183,8,0,2,0,
no_atom_decomposition,SYO/SYO019^1.p,TH0,Theorem,thm,yes,6,3,0,3,1,1,0,0,0,
no_atom_decomposition,SYO/SYO020^1.p,TH0,Theorem,parser_error,na,0,,,,,,,,,cached: Failed to parse formula 'conj': [byte:1833] Type Error: Cannot unify strict function types of different arities.
no_atom_decomposition,SYO/SYO021^1.p,TH0,Theorem,thm,yes,5,3,0,3,1,1,0,0,0,
no_atom_decomposition,SYO/SYO022^1.p,TH0,Theorem,unk,na,31,19,1,19,1,0,0,0,0,
no_atom_decomposition,SYO/SYO023^1.p,TH0,Theorem,thm,yes,4,1,0,1,1,1,0,0,0,
no_atom_decomposition,SYO/SYO024^1.p,TH0,Theorem,unk,na,29,19,1,19,1,0,0,0,0,
no_atom_decomposition,SYO/SYO025^1.p,TH0,Theorem,thm,yes,3,1,0,1,1,1,0,0,0,
no_atom_decomposition,SYO/SYO026^1.p,TH0,Theorem,unk,na,15,10,1,10,1,0,0,0,0,
no_atom_decomposition,SYO/SYO027^1.p,TH0,Theorem,thm,yes,1,2,0,2,1,1,0,0,0,
no_atom_decomposition,SYO/SYO028^1.p,TH0,Theorem,thm,yes,1,2,0,2,1,1,0,0,0,
no_atom_decomposition,SYO/SYO029^1.p,TH0,Theorem,thm,yes,5,3,0,3,1,1,0,0,0,
no_atom_decomposition,SYO/SYO030^1.p,TH0,Theorem,thm,yes,12,16,1,16,1,1,0,0,0,
no_atom_decomposition,SYO/SYO031^1.p,TH0,Theorem,thm,yes,6,12,1,12,1,1,0,0,0,
no_atom_decomposition,SYO/SYO032^1.p,TH0,Theorem,thm,yes,47,20,1,20,1,1,0,0,0,
no_atom_decomposition,SYO/SYO033^1.p,TH0,Theorem,timeout,na,2005,33,1,33,3,1,0,4,0,
no_atom_decomposition,SYO/SYO034^1.p,TH0,Theorem,thm,yes,7,5,0,5,1,1,0,0,0,
no_atom_decomposition,SYO/SYO035^1.p,TH0,Theorem,timeout,na,2080,1933,29,1933,435,2,0,4,0,
no_atom_decomposition,SYO/SYO037^1.p,TH0,ContradictoryAxioms,timeout,na,2142,2695,80,2695,897,61,0,2,0,
no_atom_decomposition,SYO/SYO039^1.p,TH0,Unsatisfiable,parser_error,na,0,,,,,,,,,cached: Failed to parse formula '1': [byte:1601] Type Error: Cannot unify strict function types of different arities.
no_atom_decomposition,SYO/SYO039^2.p,TH0,Theorem,parser_error,na,0,,,,,,,,,cached: Failed to parse formula '1': [byte:1905] Type Error: Cannot unify strict function types of different arities.
no_atom_decomposition,SYO/SYO040^1.p,TH0,Unsatisfiable,no_conjecture,na,1,,,,,,,,,
no_atom_decomposition,SYO/SYO040^2.p,TH0,Theorem,csa,no,12,6,0,6,2,0,1,0,0,C[1QJKUB] (h (f (f (f x))))  ¬(C[1QJKUB] (h (f x)))
no_atom_decomposition,SYO/SYO041^1.p,TH0,Unsatisfiable,no_conjecture,na,1,,,,,,,,,
no_atom_decomposition,SYO/SYO041^2.p,TH0,Theorem,unk,na,27,90,0,90,10,9,0,0,0,
no_atom_decomposition,SYO/SYO042^1.p,TH0,Unsatisfiable,no_conjecture,na,2,,,,,,,,,
no_atom_decomposition,SYO/SYO042^2.p,TH0,Theorem,unk,na,29,52,0,52,6,8,0,0,0,
no_atom_decomposition,SYO/SYO043^1.p,TH0,Unsatisfiable,no_conjecture,na,1,,,,,,,,,
no_atom_decomposition,SYO/SYO043^2.p,TH0,CounterSatisfiable,csa,yes,7,2,0,2,2,0,1,0,0,¬(q (λ. f 1) x)
no_atom_decomposition,SYO/SYO044^1.p,TH0,Theorem,thm,yes,52,5,0,5,1,1,0,0,0,
no_atom_decomposition,SYO/SYO045^1.p,TH0,Theorem,thm,yes,98,34,1,34,6,2,0,1,1,
no_atom_decomposition,SYO/SYO046^1.p,TH0,Theorem,thm,yes,106,52,1,52,7,2,0,1,1,
no_atom_decomposition,SYO/SYO047^1.p,TH0,Theorem,thm,yes,105,45,1,45,7,3,0,1,1,
no_atom_decomposition,SYO/SYO048^1.p,TH0,Theorem,timeout,na,2053,254,0,254,23,32,0,2,0,
no_atom_decomposition,SYO/SYO049^1.p,TH0,Theorem,timeout,na,2050,297,2,297,24,45,0,2,0,
no_atom_decomposition,SYO/SYO050^1.p,TH0,CounterSatisfiable,timeout,na,2121,3593,335,3593,334,5,0,0,0,
no_atom_decomposition,SYO/SYO050^2.p,TH0,Theorem,thm,yes,68,20,0,20,3,0,0,1,1,
no_atom_decomposition,SYO/SYO051^1.p,TH0,CounterSatisfiable,timeout,na,2049,79,1,79,8,4,0,9,0,
no_atom_decomposition,SYO/SYO051^2.p,TH0,CounterSatisfiable,timeout,na,2071,1411,101,1411,61,14,0,2,0,
no_atom_decomposition,SYO/SYO052^1.p,TH0,CounterSatisfiable,timeout,na,2431,8517,70,8517,295,0,0,0,0,
no_atom_decomposition,SYO/SYO052^2.p,TH0,Theorem,thm,yes,127,28,0,28,3,0,0,1,1,
no_atom_decomposition,SYO/SYO053^1.p,TH0,CounterSatisfiable,timeout,na,2053,1354,177,1354,1,0,0,0,0,
no_atom_decomposition,SYO/SYO053^2.p,TH0,Theorem,thm,yes,52,6,0,6,1,0,0,1,1,
no_atom_decomposition,SYO/SYO054^1.p,TH0,CounterSatisfiable,csa,yes,67,13,1,13,1,0,1,0,0,[mand <- λλλ. mnot (λ. mor (λ. mnot (λ. 6 1) 1) (λ. mnot (λ. 5 1) 1) 1) 1  mbox <- λλλ. ∀(λ. (¬(4 2 1)) ∨ (3 1))  mcountersatisfiable <- λ. ∃(λ. ¬(2 1))  mdia <- λλλ. mnot (λ. mbox (λλ. 6 2 1) (λ. mno
no_atom_decomposition,SYO/SYO054^2.p,TH0,CounterSatisfiable,timeout,na,2088,1612,101,1612,91,19,0,2,0,
no_atom_decomposition,SYO/SYO055^1.p,TH0,CounterSatisfiable,timeout,na,2220,6945,448,6945,365,44,0,0,0,
no_atom_decomposition,SYO/SYO055^2.p,TH0,CounterSatisfiable,timeout,na,2063,1045,76,1045,46,0,0,1,0,
no_atom_decomposition,SYO/SYO056^1.p,TH0,CounterSatisfiable,timeout,na,2057,99,1,99,9,12,0,6,0,
no_atom_decomposition,SYO/SYO056^2.p,TH0,CounterSatisfiable,timeout,na,2081,1377,92,1377,80,0,0,2,0,
no_atom_decomposition,SYO/SYO057^1.p,TH0,CounterSatisfiable,timeout,na,2257,5970,24,5970,239,249,0,0,0,
no_atom_decomposition,SYO/SYO057^2.p,TH0,Theorem,timeout,na,2062,1255,93,1255,52,0,0,2,0,
no_atom_decomposition,SYO/SYO058^4.p,TH0,Theorem,thm,yes,88,236,5,236,17,14,0,1,1,
no_atom_decomposition,SYO/SYO059^4.p,TH0,Theorem,timeout,na,2254,6813,149,6813,196,206,0,0,0,
no_atom_decomposition,SYO/SYO060^4.p,TH0,Theorem,timeout,na,2130,3651,88,3651,225,106,0,0,0,
no_atom_decomposition,SYO/SYO061^4.p,TH0,Theorem,timeout,na,2118,4041,167,4041,188,109,0,0,0,
no_atom_decomposition,SYO/SYO063^4.p,TH0,Theorem,timeout,na,2099,2238,51,2238,214,35,0,0,0,
no_atom_decomposition,SYO/SYO076^5.p,TH0,Theorem,thm,yes,2,1,0,1,1,1,0,0,0,
no_atom_decomposition,SYO/SYO077^5.p,TH0,Theorem,thm,yes,5,5,0,5,1,0,0,1,1,
no_atom_decomposition,SYO/SYO078^5.p,TH0,Theorem,thm,yes,4,1,0,1,1,1,0,0,0,
no_atom_decomposition,SYO/SYO079^5.p,TH0,Theorem,thm,yes,5,1,0,1,1,1,0,0,0,
no_atom_decomposition,SYO/SYO080^5.p,TH0,Theorem,thm,yes,2,1,0,1,1,1,0,0,0,
no_atom_decomposition,SYO/SYO081^5.p,TH0,Theorem,thm,yes,4,6,0,6,1,0,0,1,1,
no_atom_decomposition,SYO/SYO082^5.p,TH0,Theorem,thm,yes,11,11,1,11,1,0,0,1,1,
no_atom_decomposition,SYO/SYO083^5.p,TH0,Theorem,thm,yes,12,20,1,20,2,1,0,1,1,
no_atom_decomposition,SYO/SYO084^5.p,TH0,Theorem,thm,yes,56,28,0,28,3,2,0,3,1,
no_atom_decomposition,SYO/SYO085^5.p,TH0,Theorem,thm,yes,6,1,0,1,1,1,0,0,0,
no_atom_decomposition,SYO/SYO086^5.p,TH0,Theorem,thm,yes,6,1,0,1,1,1,0,0,0,
no_atom_decomposition,SYO/SYO087^5.p,TH0,Theorem,thm,yes,7,2,0,2,1,1,0,0,0,
no_atom_decomposition,SYO/SYO088^5.p,TH0,Theorem,thm,yes,11,1,0,1,1,1,0,0,0,
no_atom_decomposition,SYO/SYO089^5.p,TH0,Theorem,thm,yes,14,1,0,1,1,1,0,0,0,
no_atom_decomposition,SYO/SYO090^5.p,TH0,Theorem,thm,yes,16,1,0,1,1,1,0,0,0,
no_atom_decomposition,SYO/SYO091^5.p,TH0,Theorem,thm,yes,7,4,0,4,1,1,0,0,0,
no_atom_decomposition,SYO/SYO092^5.p,TH0,Theorem,timeout,na,2004,205,3,205,14,19,0,4,0,
no_atom_decomposition,SYO/SYO093^5.p,TH0,Theorem,timeout,na,2219,6734,162,6734,1274,245,0,5,0,
no_atom_decomposition,SYO/SYO094^5.p,TH0,Theorem,thm,yes,11,15,0,15,2,0,0,1,1,
no_atom_decomposition,SYO/SYO095^5.p,TH0,Theorem,thm,yes,777,253,4,253,7,40,0,3,1,
no_atom_decomposition,SYO/SYO096^5.p,TH0,Theorem,thm,yes,57,209,2,209,22,5,0,1,1,
no_atom_decomposition,SYO/SYO098^5.p,TH0,Theorem,thm,yes,30,12,0,12,2,0,0,1,1,
no_atom_decomposition,SYO/SYO099^5.p,TH0,Theorem,thm,yes,19,16,0,16,2,0,0,1,1,
no_atom_decomposition,SYO/SYO101^5.p,TH0,Theorem,thm,yes,53,91,2,91,6,8,0,4,0,
no_atom_decomposition,SYO/SYO102^5.p,TH0,Theorem,timeout,na,2259,6785,173,6785,1178,658,0,3,0,
no_atom_decomposition,SYO/SYO103^5.p,TH0,Theorem,timeout,na,2129,3283,95,3283,552,167,0,3,0,
no_atom_decomposition,SYO/SYO104^5.p,TH0,Theorem,thm,yes,20,33,0,33,3,2,0,1,1,
no_atom_decomposition,SYO/SYO105^5.p,TH0,Theorem,thm,yes,125,131,3,131,6,10,0,1,1,
no_atom_decomposition,SYO/SYO107^5.p,TH0,Theorem,thm,yes,20,22,0,22,3,0,0,1,1,
no_atom_decomposition,SYO/SYO108^5.p,TH0,Theorem,thm,yes,24,23,0,23,3,0,0,1,1,
no_atom_decomposition,SYO/SYO109^5.p,TH0,Theorem,timeout,na,2097,2919,59,2919,606,69,0,3,0,
no_atom_decomposition,SYO/SYO111^5.p,TH0,Theorem,thm,yes,51,55,1,55,4,8,0,1,1,
no_atom_decomposition,SYO/SYO112^5.p,TH0,Theorem,thm,yes,31,53,0,53,7,4,0,1,1,
no_atom_decomposition,SYO/SYO113^5.p,TH0,Theorem,timeout,na,2201,6000,28,6000,990,575,0,1,0,
no_atom_decomposition,SYO/SYO114^5.p,TH0,Theorem,timeout,na,2279,6000,22,6000,583,1070,0,1,0,
no_atom_decomposition,SYO/SYO118^5.p,TH0,Theorem,thm,yes,2,1,0,1,1,1,0,0,0,
no_atom_decomposition,SYO/SYO119^5.p,TH0,Theorem,thm,yes,2,5,0,5,1,0,0,1,1,
no_atom_decomposition,SYO/SYO120^5.p,TH0,Theorem,thm,yes,1,2,0,2,1,1,0,0,0,
no_atom_decomposition,SYO/SYO121^5.p,TH0,CounterSatisfiable,timeout,na,2004,1618,199,1618,1,0,0,0,0,
no_atom_decomposition,SYO/SYO122^5.p,TH0,CounterSatisfiable,csa,yes,3,4,0,4,1,0,1,0,0,¬(cEQ C[1TB2D9] C[FY45M])
no_atom_decomposition,SYO/SYO123^5.p,TH0,Theorem,thm,yes,5,12,0,12,2,1,0,2,1,
no_atom_decomposition,SYO/SYO124^5.p,TH0,Theorem,thm,yes,3,1,0,1,1,1,0,0,0,
no_atom_decomposition,SYO/SYO125^5.p,TH0,Theorem,thm,yes,4,1,0,1,1,1,0,0,0,
no_atom_decomposition,SYO/SYO126^5.p,TH0,CounterSatisfiable,unk,na,13,7,0,7,2,0,0,0,0,
no_atom_decomposition,SYO/SYO128^5.p,TH0,Theorem,thm,yes,3,1,0,1,1,1,0,0,0,
no_atom_decomposition,SYO/SYO129^5.p,TH0,Theorem,thm,yes,10,21,0,21,2,1,0,3,1,
no_atom_decomposition,SYO/SYO130^5.p,TH0,CounterSatisfiable,csa,yes,3,2,0,2,1,0,1,0,0,cP C[9DW2G]
no_atom_decomposition,SYO/SYO131^5.p,TH0,Theorem,thm,yes,5,4,0,4,1,0,0,1,1,
no_atom_decomposition,SYO/SYO132^5.p,TH0,Theorem,thm,yes,14,9,0,9,2,2,0,0,0,
no_atom_decomposition,SYO/SYO133^5.p,TH0,Theorem,thm,yes,93,72,1,72,4,6,0,3,1,
no_atom_decomposition,SYO/SYO134^5.p,TH0,Theorem,thm,yes,11,14,0,14,2,0,0,1,1,
no_atom_decomposition,SYO/SYO135^5.p,TH0,Theorem,thm,yes,9,13,0,13,2,1,0,2,1,
no_atom_decomposition,SYO/SYO136^5.p,TH0,Theorem,thm,yes,12,20,0,20,2,1,0,1,1,
no_atom_decomposition,SYO/SYO137^5.p,TH0,CounterSatisfiable,csa,yes,66,169,0,169,11,24,1,0,0,¬(cM C[3X2C2])  ¬(cM C[8NJ0F])  ¬(cN C[1SYFG3])  cM C[1YHDOW]  ¬(cN C[1YHDOW])  ¬(cM C[19NSTK])  ¬(cM C[PBEXX])  ¬(cN C[1ODR80])
no_atom_decomposition,SYO/SYO138^5.p,TH0,CounterSatisfiable,csa,yes,6,4,0,4,1,0,1,0,0,cP C[273ONG]  ¬(cS C[273ONG])
no_atom_decomposition,SYO/SYO139^5.p,TH0,Theorem,thm,yes,7,5,0,5,1,1,0,0,0,
no_atom_decomposition,SYO/SYO140^5.p,TH0,Theorem,thm,yes,11,12,0,12,2,0,0,1,1,
no_atom_decomposition,SYO/SYO141^5.p,TH0,Theorem,thm,yes,17,20,1,20,2,0,0,1,1,
no_atom_decomposition,SYO/SYO142^5.p,TH0,Theorem,thm,yes,56,35,1,35,3,4,0,1,1,
no_atom_decomposition,SYO/SYO143^5.p,TH0,Theorem,thm,yes,14,16,1,16,1,0,0,1,1,
no_atom_decomposition,SYO/SYO144^5.p,TH0,CounterSatisfiable,csa,yes,33,32,1,32,4,1,1,0,0,cR1 x  ¬cC  ¬(cP C[19KOOW])  ¬(cP C[1JA2E8])
no_atom_decomposition,SYO/SYO145^5.p,TH0,Theorem,thm,yes,23,33,2,33,2,0,0,3,1,
no_atom_decomposition,SYO/SYO146^5.p,TH0,Theorem,thm,yes,22,48,0,48,6,5,0,1,1,
no_atom_decomposition,SYO/SYO147^5.p,TH0,Theorem,timeout,na,2039,1330,18,1330,142,89,0,1,0,
no_atom_decomposition,SYO/SYO148^5.p,TH0,Theorem,thm,yes,69,134,0,134,16,12,0,1,1,
no_atom_decomposition,SYO/SYO149^5.p,TH0,Theorem,thm,yes,83,65,0,65,6,10,0,3,1,
no_atom_decomposition,SYO/SYO150^5.p,TH0,CounterSatisfiable,csa,yes,46,30,1,30,4,1,1,0,0,¬cC  cR1 x  ¬(cP C[5JIZ8])  ¬(cP C[123HV0])
no_atom_decomposition,SYO/SYO151^5.p,TH0,CounterSatisfiable,timeout,na,2008,3088,407,3088,3,0,0,0,0,
no_atom_decomposition,SYO/SYO152^5.p,TH0,CounterSatisfiable,timeout,na,2004,228,20,228,3,6,0,0,0,
no_atom_decomposition,SYO/SYO153^5.p,TH0,CounterSatisfiable,csa,yes,16,7,0,7,2,0,1,0,0,cReduct C[1RLAKZ] C[1Y5QOH]  ¬(cReduct (cAPP C[1RLAKZ] C[J65JZ]) (cApp C[1Y5QOH] C[J65JZ]))
no_atom_decomposition,SYO/SYO154^5.p,TH0,Theorem,thm,yes,17,21,0,22,4,0,0,1,1,
no_atom_decomposition,SYO/SYO155^5.p,TH0,CounterSatisfiable,csa,yes,6,4,0,4,1,0,1,0,0,cP C[1ZGR02]  ¬(cS C[1ZGR02])
no_atom_decomposition,SYO/SYO156^5.p,TH0,CounterSatisfiable,csa,yes,7,1,0,1,1,0,1,0,0,
no_atom_decomposition,SYO/SYO157^5.p,TH0,CounterSatisfiable,timeout,na,2059,3549,319,3549,512,1,0,0,0,
no_atom_decomposition,SYO/SYO158^5.p,TH0,CounterSatisfiable,csa,yes,68,15,1,15,2,0,1,0,0,cQ C[CJAKW] C[BZB47] C[11E433]  cQ C[BZB47] C[4SC02] C[10HLO6]  cQ C[11E433] C[4SC02] C[I6VBG]  ¬(cQ C[CJAKW] C[10HLO6] C[I6VBG])
no_atom_decomposition,SYO/SYO159^5.p,TH0,Theorem,thm,yes,20,24,0,24,3,2,0,1,1,
no_atom_decomposition,SYO/SYO160^5.p,TH0,Theorem,timeout,na,2024,1878,31,1878,151,226,0,2,0,
no_atom_decomposition,SYO/SYO161^5.p,TH0,Theorem,thm,yes,33,51,0,51,5,7,0,5,1,
no_atom_decomposition,SYO/SYO163^5.p,TH0,CounterSatisfiable,csa,yes,69,12,0,12,4,1,1,0,0,¬(cT C[1BXSDO])  ¬(cT (i C[1BXSDO] (i C[1QE3VI] C[1BXSDO])))
no_atom_decomposition,SYO/SYO164^5.p,TH0,CounterSatisfiable,timeout,na,2081,3657,309,3657,384,25,0,0,0,
no_atom_decomposition,SYO/SYO165^5.p,TH0,CounterSatisfiable,timeout,na,2151,4383,66,4383,831,82,0,1,0,
no_atom_decomposition,SYO/SYO166^5.p,TH0,CounterSatisfiable,timeout,na,2019,750,41,750,33,10,0,2,0,
no_atom_decomposition,SYO/SYO167^5.p,TH0,CounterSatisfiable,timeout,na,2016,553,29,553,16,21,0,4,0,
no_atom_decomposition,SYO/SYO168^5.p,TH0,CounterSatisfiable,timeout,na,2020,812,53,812,32,11,0,9,0,
no_atom_decomposition,SYO/SYO169^5.p,TH0,Theorem,timeout,na,2096,1289,40,1289,289,6,0,3,0,
no_atom_decomposition,SYO/SYO170^5.p,TH0,Theorem,timeout,na,2136,1443,33,1443,450,0,0,3,0,
no_atom_decomposition,SYO/SYO171^5.p,TH0,Theorem,timeout,na,2134,6305,227,6305,1008,85,0,2,0,
no_atom_decomposition,SYO/SYO173^5.p,TH0,Theorem,timeout,na,2098,3482,128,3482,401,205,0,4,0,
no_atom_decomposition,SYO/SYO174^5.p,TH0,Theorem,timeout,na,2008,0,0,0,1,0,0,0,0,
no_atom_decomposition,SYO/SYO175^5.p,TH0,Theorem,timeout,na,2189,5415,209,5415,1094,55,0,2,0,
no_atom_decomposition,SYO/SYO176^5.p,TH0,CounterSatisfiable,csa,yes,864,10,0,10,4,0,1,0,0,cL  cP  ¬cM
no_atom_decomposition,SYO/SYO178^5.p,TH0,Theorem,thm,yes,91,1,0,1,1,1,0,0,0,
no_atom_decomposition,SYO/SYO179^5.p,TH0,Theorem,timeout,na,2016,0,0,0,1,0,0,0,0,
no_atom_decomposition,SYO/SYO180^5.p,TH0,Theorem,thm,yes,581,12,1,12,1,1,0,0,0,
no_atom_decomposition,SYO/SYO181^5.p,TH0,Theorem,timeout,na,4403,0,0,0,1,0,0,0,0,
no_atom_decomposition,SYO/SYO182^5.p,TH0,Theorem,timeout,na,5685,0,0,0,1,0,0,0,0,
no_atom_decomposition,SYO/SYO183^5.p,TH0,Theorem,thm,yes,2,2,0,2,1,1,0,0,0,
no_atom_decomposition,SYO/SYO183^6.p,TH0,Theorem,thm,yes,3,3,0,3,1,1,0,0,0,
no_atom_decomposition,SYO/SYO184^5.p,TH0,Theorem,thm,yes,2,3,0,3,1,1,0,0,0,
no_atom_decomposition,SYO/SYO185^5.p,TH0,Theorem,thm,yes,2,2,0,2,1,1,0,0,0,
no_atom_decomposition,SYO/SYO186^5.p,TH0,Theorem,thm,yes,2,3,0,3,1,1,0,0,0,
no_atom_decomposition,SYO/SYO187^5.p,TH0,Theorem,thm,yes,2,3,0,3,1,1,0,0,0,
no_atom_decomposition,SYO/SYO188^5.p,TH0,Theorem,thm,yes,54,3,0,3,1,1,0,0,0,
no_atom_decomposition,SYO/SYO189^5.p,TH0,Theorem,thm,yes,4,5,0,5,1,1,0,0,0,
no_atom_decomposition,SYO/SYO190^5.p,TH0,Theorem,thm,yes,3,3,0,3,1,1,0,0,0,
no_atom_decomposition,SYO/SYO191^5.p,TH0,Theorem,thm,yes,3,3,0,3,1,1,0,0,0,
no_atom_decomposition,SYO/SYO192^5.p,TH0,Theorem,thm,yes,3,3,0,3,1,1,0,0,0,
no_atom_decomposition,SYO/SYO193^5.p,TH0,Theorem,thm,yes,49,3,0,3,1,1,0,0,0,
no_atom_decomposition,SYO/SYO194^5.p,TH0,Theorem,thm,yes,13,14,0,14,2,1,0,1,1,
no_atom_decomposition,SYO/SYO195^5.p,TH0,Theorem,thm,yes,3,3,0,3,1,1,0,0,0,
no_atom_decomposition,SYO/SYO196^5.p,TH0,Theorem,thm,yes,3,2,0,2,1,1,0,0,0,
no_atom_decomposition,SYO/SYO197^5.p,TH0,Theorem,thm,yes,5,5,0,5,1,1,0,0,0,
no_atom_decomposition,SYO/SYO198^5.p,TH0,Theorem,thm,yes,8,15,0,15,3,4,0,0,0,
no_atom_decomposition,SYO/SYO199^5.p,TH0,Theorem,thm,yes,8,9,0,9,1,1,0,0,0,
no_atom_decomposition,SYO/SYO200^5.p,TH0,Theorem,thm,yes,8,8,0,8,1,1,0,0,0,
no_atom_decomposition,SYO/SYO202^5.p,TH0,Theorem,thm,yes,3,2,0,2,1,1,0,0,0,
no_atom_decomposition,SYO/SYO203^5.p,TH0,Theorem,thm,yes,3,1,0,1,1,1,0,0,0,
no_atom_decomposition,SYO/SYO204^5.p,TH0,Theorem,thm,yes,6,6,0,6,1,1,0,0,0,
no_atom_decomposition,SYO/SYO205^5.p,TH0,Theorem,thm,yes,4,3,0,3,1,1,0,0,0,
no_atom_decomposition,SYO/SYO206^5.p,TH0,Theorem,thm,yes,17,50,0,50,4,6,0,0,0,
no_atom_decomposition,SYO/SYO207^5.p,TH0,Theorem,thm,yes,13,28,0,28,6,6,0,0,0,
no_atom_decomposition,SYO/SYO208^5.p,TH0,Theorem,thm,yes,130,30,0,30,3,3,0,1,1,
no_atom_decomposition,SYO/SYO209^5.p,TH0,Theorem,timeout,na,2024,755,14,755,115,0,0,3,0,
no_atom_decomposition,SYO/SYO210^5.p,TH0,CounterSatisfiable,csa,yes,6,5,0,5,1,0,1,0,0,
no_atom_decomposition,SYO/SYO211^5.p,TH0,CounterSatisfiable,timeout,na,2182,7540,149,7540,540,511,0,0,0,
no_atom_decomposition,SYO/SYO212^5.p,TH0,Theorem,unk,na,7,6,0,6,1,0,0,0,0,
no_atom_decomposition,SYO/SYO213^5.p,TH0,Theorem,thm,yes,151,53,0,53,3,7,0,1,1,
no_atom_decomposition,SYO/SYO214^5.p,TH0,Theorem,thm,yes,14,5,0,5,1,1,0,0,0,
no_atom_decomposition,SYO/SYO215^5.p,TH0,Theorem,timeout,na,2003,88,3,88,5,3,0,4,0,
no_atom_decomposition,SYO/SYO216^5.p,TH0,Theorem,thm,yes,5,4,0,4,1,1,0,0,0,
no_atom_decomposition,SYO/SYO217^5.p,TH0,Theorem,timeout,na,2016,947,0,947,53,168,0,4,0,
no_atom_decomposition,SYO/SYO218^5.p,TH0,Theorem,timeout,na,2051,2357,56,2357,244,20,0,2,0,
no_atom_decomposition,SYO/SYO219^5.p,TH0,Theorem,timeout,na,2045,1905,83,1905,156,3,0,1,0,
no_atom_decomposition,SYO/SYO220^5.p,TH0,Theorem,thm,yes,18,9,0,9,1,0,0,1,1,
no_atom_decomposition,SYO/SYO221^5.p,TH0,Theorem,timeout,na,2057,1261,47,1261,320,19,0,1,0,
no_atom_decomposition,SYO/SYO222^5.p,TH0,Theorem,timeout,na,2037,976,32,976,128,62,0,1,0,
no_atom_decomposition,SYO/SYO223^5.p,TH0,Theorem,timeout,na,2093,3898,99,3898,352,230,0,1,0,
no_atom_decomposition,SYO/SYO224^5.p,TH0,Theorem,timeout,na,2118,3768,27,3768,525,309,0,1,0,
no_atom_decomposition,SYO/SYO225^5.p,TH0,Theorem,timeout,na,2273,4641,34,4641,199,401,0,0,0,
no_atom_decomposition,SYO/SYO226^5.p,TH0,Theorem,timeout,na,2005,151,1,151,12,17,0,4,0,
no_atom_decomposition,SYO/SYO227^5.p,TH0,Theorem,timeout,na,2073,3313,60,3313,448,0,0,2,0,
no_atom_decomposition,SYO/SYO228^5.p,TH0,Theorem,timeout,na,2344,6029,13,6029,187,656,0,0,0,
no_atom_decomposition,SYO/SYO229^5.p,TH0,Theorem,timeout,na,2003,88,2,88,8,1,0,3,0,
no_atom_decomposition,SYO/SYO230^5.p,TH0,Theorem,timeout,na,2004,111,2,111,9,1,0,4,0,
no_atom_decomposition,SYO/SYO231^5.p,TH0,Theorem,timeout,na,2239,5570,15,5570,563,452,0,4,0,
no_atom_decomposition,SYO/SYO232^5.p,TH0,Theorem,thm,yes,11,12,0,12,2,1,0,1,1,
no_atom_decomposition,SYO/SYO233^5.p,TH0,Theorem,timeout,na,2004,87,2,87,5,2,0,4,0,
no_atom_decomposition,SYO/SYO234^5.p,TH0,Theorem,timeout,na,2006,109,4,109,9,1,0,4,0,
no_atom_decomposition,SYO/SYO235^5.p,TH0,Theorem,thm,yes,26,72,0,72,6,14,0,0,0,
no_atom_decomposition,SYO/SYO236^5.p,TH0,Theorem,timeout,na,2090,2653,72,2653,427,48,0,1,0,
no_atom_decomposition,SYO/SYO237^5.p,TH0,Theorem,timeout,na,2040,1820,77,1820,160,7,0,3,0,
no_atom_decomposition,SYO/SYO238^5.p,TH0,Theorem,timeout,na,2004,89,5,89,5,3,0,3,0,
no_atom_decomposition,SYO/SYO239^5.p,TH0,Theorem,timeout,na,2049,1800,113,1800,243,5,0,4,0,
no_atom_decomposition,SYO/SYO240^5.p,TH0,Unknown,timeout,na,2026,417,18,417,29,6,0,2,0,
no_atom_decomposition,SYO/SYO241^5.p,TH0,Theorem,timeout,na,2115,1947,49,1947,526,35,0,1,0,
no_atom_decomposition,SYO/SYO242^5.p,TH0,CounterSatisfiable,timeout,na,2029,1075,39,1075,93,0,0,2,0,
no_atom_decomposition,SYO/SYO243^5.p,TH0,Theorem,timeout,na,2070,2084,28,2084,297,21,0,3,0,
no_atom_decomposition,SYO/SYO244^5.p,TH0,Theorem,timeout,na,2031,468,13,468,35,19,0,2,0,
no_atom_decomposition,SYO/SYO245^5.p,TH0,ContradictoryAxioms,timeout,na,2103,3608,128,3608,614,41,0,2,0,
no_atom_decomposition,SYO/SYO246^5.p,TH0,Theorem,timeout,na,2022,138,5,138,10,10,0,1,0,
no_atom_decomposition,SYO/SYO247^5.p,TH0,CounterSatisfiable,timeout,na,2051,642,17,642,106,34,0,0,0,
no_atom_decomposition,SYO/SYO248^5.p,TH0,Theorem,timeout,na,2231,6346,3,6346,250,314,0,0,0,
no_atom_decomposition,SYO/SYO249^5.p,TH0,Theorem,timeout,na,2212,1932,5,1932,203,0,0,0,0,
no_atom_decomposition,SYO/SYO250^5.p,TH0,Theorem,timeout,na,2118,2,0,2,1,0,0,0,0,
no_atom_decomposition,SYO/SYO252^5.p,TH0,Theorem,thm,yes,4,3,0,3,1,1,0,0,0,
no_atom_decomposition,SYO/SYO253^5.p,TH0,Theorem,thm,yes,4,2,0,2,1,1,0,0,0,
no_atom_decomposition,SYO/SYO255^5.p,TH0,Theorem,timeout,na,2064,1079,22,1079,130,22,0,3,0,
no_atom_decomposition,SYO/SYO256^5.p,TH0,Theorem,unk,na,37,25,0,25,4,2,0,0,0,
no_atom_decomposition,SYO/SYO257^5.p,TH0,Theorem,thm,yes,24,11,1,11,1,0,0,1,1,
no_atom_decomposition,SYO/SYO258^5.p,TH0,Theorem,thm,yes,53,24,0,24,3,0,0,2,1,
no_atom_decomposition,SYO/SYO259^5.p,TH0,Theorem,thm,yes,213,52,0,52,5,3,0,1,1,
no_atom_decomposition,SYO/SYO260^5.p,TH0,Theorem,thm,yes,331,82,1,82,6,7,0,1,1,
no_atom_decomposition,SYO/SYO261^5.p,TH0,Theorem,timeout,na,2056,2719,76,2719,332,8,0,4,0,
no_atom_decomposition,SYO/SYO262^5.p,TH0,Theorem,thm,yes,128,7,0,7,1,0,0,1,1,
no_atom_decomposition,SYO/SYO263^5.p,TH0,Theorem,timeout,na,2028,431,10,431,93,18,0,0,0,
no_atom_decomposition,SYO/SYO264^5.p,TH0,Theorem,timeout,na,2030,681,19,681,149,24,0,0,0,
no_atom_decomposition,SYO/SYO265^5.p,TH0,Theorem,thm,yes,59,66,1,66,5,6,0,3,1,
no_atom_decomposition,SYO/SYO266^5.p,TH0,Theorem,thm,yes,1586,589,38,589,44,17,0,1,1,
no_atom_decomposition,SYO/SYO267^5.p,TH0,Theorem,thm,yes,68,12,0,12,2,0,0,1,1,
no_atom_decomposition,SYO/SYO268^5.p,TH0,Theorem,thm,yes,91,54,1,54,4,2,0,1,1,
no_atom_decomposition,SYO/SYO269^5.p,TH0,Theorem,timeout,na,2023,404,24,404,22,0,0,2,0,
no_atom_decomposition,SYO/SYO270^5.p,TH0,Theorem,thm,yes,140,21,1,21,1,0,0,1,1,
no_atom_decomposition,SYO/SYO271^5.p,TH0,Theorem,timeout,na,2007,179,4,179,10,23,0,5,0,
no_atom_decomposition,SYO/SYO272^5.p,TH0,Theorem,timeout,na,2055,1568,48,1568,194,18,0,5,0,
no_atom_decomposition,SYO/SYO274^5.p,TH0,Theorem,timeout,na,2059,3434,219,3434,233,0,0,2,0,
no_atom_decomposition,SYO/SYO275^5.p,TH0,Theorem,timeout,na,2037,1387,73,1387,110,8,0,5,0,
no_atom_decomposition,SYO/SYO276^5.p,TH0,Theorem,timeout,na,2007,41,2,41,3,0,0,3,0,
no_atom_decomposition,SYO/SYO277^5.p,TH0,Theorem,timeout,na,2005,35,0,35,4,1,0,2,0,
no_atom_decomposition,SYO/SYO278^5.p,TH0,CounterSatisfiable,timeout,na,2003,214,21,214,1,0,0,0,0,
no_atom_decomposition,SYO/SYO279^5.p,TH0,CounterSatisfiable,csa,yes,5,3,0,3,1,0,1,0,0,¬(cReduct (cAPP (cLAM (λ. C[1ELJ8O] 1)) C[1NP2UH]) (C[1ELJ8O] C[1NP2UH]))
no_atom_decomposition,SYO/SYO280^5.p,TH0,CounterSatisfiable,timeout,na,2083,2058,127,2058,385,7,0,5,0,
no_atom_decomposition,SYO/SYO281^5.p,TH0,Theorem,thm,yes,48,6,0,6,1,0,0,1,1,
no_atom_decomposition,SYO/SYO282^5.p,TH0,Theorem,thm,yes,6,6,0,6,1,0,0,1,1,
no_atom_decomposition,SYO/SYO284^5.p,TH0,CounterSatisfiable,timeout,na,2005,1412,186,1412,1,0,0,0,0,
no_atom_decomposition,SYO/SYO285^5.p,TH0,Theorem,thm,yes,4,3,0,3,1,0,0,1,1,
no_atom_decomposition,SYO/SYO286^5.p,TH0,Theorem,thm,yes,8,8,0,8,1,0,0,1,1,
no_atom_decomposition,SYO/SYO287^5.p,TH0,Theorem,timeout,na,2062,507,10,507,295,5,0,1,0,
no_atom_decomposition,SYO/SYO288^5.p,TH0,Theorem,timeout,na,2019,724,32,724,86,34,0,1,0,
no_atom_decomposition,SYO/SYO289^5.p,TH0,Theorem,thm,yes,8,5,0,5,1,0,0,1,1,
no_atom_decomposition,SYO/SYO290^5.p,TH0,Theorem,thm,yes,4,1,0,1,1,1,0,0,0,
no_atom_decomposition,SYO/SYO291^5.p,TH0,Theorem,thm,yes,6,3,0,3,1,0,0,1,1,
no_atom_decomposition,SYO/SYO292^5.p,TH0,Theorem,thm,yes,133,12,0,12,2,0,0,2,1,
no_atom_decomposition,SYO/SYO293^5.p,TH0,Theorem,thm,yes,15,5,0,5,1,0,0,1,1,
no_atom_decomposition,SYO/SYO294^5.p,TH0,CounterSatisfiable,timeout,na,2031,273,0,273,86,4,0,4,0,
no_atom_decomposition,SYO/SYO295^5.p,TH0,Theorem,timeout,na,2043,2795,172,2795,159,25,0,2,0,
no_atom_decomposition,SYO/SYO296^5.p,TH0,Theorem,thm,yes,254,42,1,42,5,3,0,2,1,
no_atom_decomposition,SYO/SYO297^5.p,TH0,CounterSatisfiable,timeout,na,2045,905,0,905,16,178,0,8,0,
no_atom_decomposition,SYO/SYO298^5.p,TH0,Theorem,thm,yes,109,12,0,12,2,0,0,1,1,
no_atom_decomposition,SYO/SYO299^5.p,TH0,Theorem,thm,yes,48,31,0,31,4,4,0,0,0,
no_atom_decomposition,SYO/SYO300^5.p,TH0,Theorem,thm,yes,21,6,0,6,1,0,0,1,1,
no_atom_decomposition,SYO/SYO301^5.p,TH0,Theorem,timeout,na,2136,2315,18,2315,264,224,0,2,0,
no_atom_decomposition,SYO/SYO302^5.p,TH0,CounterSatisfiable,timeout,na,2065,1410,10,1410,521,0,0,3,0,
no_atom_decomposition,SYO/SYO303^5.p,TH0,Theorem,timeout,na,2004,28,0,28,4,0,0,2,0,
no_atom_decomposition,SYO/SYO304^5.p,TH0,Theorem,unk,na,9,4,0,4,1,0,0,0,0,
no_atom_decomposition,SYO/SYO305^5.p,TH0,Theorem,thm,yes,17,18,0,18,3,0,0,1,1,
no_atom_decomposition,SYO/SYO306^5.p,TH0,Theorem,thm,yes,4,1,0,1,1,1,0,0,0,
no_atom_decomposition,SYO/SYO307^5.p,TH0,Theorem,timeout,na,2005,106,2,106,9,7,0,1,0,
no_atom_decomposition,SYO/SYO308^5.p,TH0,Theorem,thm,yes,22,29,0,29,4,2,0,1,1,
no_atom_decomposition,SYO/SYO309^5.p,TH0,Theorem,timeout,na,2031,1168,73,1168,166,4,0,4,0,
no_atom_decomposition,SYO/SYO310^5.p,TH0,Theorem,thm,yes,24,10,0,10,2,2,0,0,0,
no_atom_decomposition,SYO/SYO311^5.p,TH0,Theorem,thm,yes,20,7,0,7,2,2,0,0,0,
no_atom_decomposition,SYO/SYO312^5.p,TH0,Theorem,timeout,na,2022,985,63,985,54,4,0,2,0,
no_atom_decomposition,SYO/SYO313^5.p,TH0,CounterSatisfiable,timeout,na,2203,6439,63,6439,1184,199,0,1,0,
no_atom_decomposition,SYO/SYO314^5.p,TH0,Theorem,thm,yes,10,1,0,1,1,1,0,0,0,
no_atom_decomposition,SYO/SYO315^5.p,TH0,Theorem,thm,yes,9,1,0,1,1,1,0,0,0,
no_atom_decomposition,SYO/SYO316^5.p,TH0,CounterSatisfiable,timeout,na,2037,1670,43,1670,193,0,0,1,0,
no_atom_decomposition,SYO/SYO317^5.p,TH0,Theorem,timeout,na,2065,2357,75,2357,238,35,0,2,0,
no_atom_decomposition,SYO/SYO318^5.p,TH0,CounterSatisfiable,timeout,na,2036,859,6,859,107,47,0,1,0,
no_atom_decomposition,SYO/SYO323^5.p,TH0,CounterSatisfiable,csa,yes,27,8,0,8,2,0,1,0,0,cHALF C[CX875] C[CRSWD]  ¬(cHALF (cS (cS C[CX875])) (cS C[CRSWD]))
no_atom_decomposition,SYO/SYO324^5.p,TH0,Theorem,timeout,na,2030,484,27,484,32,2,0,2,0,
no_atom_decomposition,SYO/SYO325^5.p,TH0,Theorem,timeout,na,2026,447,16,447,30,20,0,1,0,
no_atom_decomposition,SYO/SYO326^5.p,TH0,Theorem,timeout,na,2020,229,7,229,21,0,0,2,0,
no_atom_decomposition,SYO/SYO327^5.p,TH0,Theorem,timeout,na,2031,1087,76,1087,57,0,0,4,0,
no_atom_decomposition,SYO/SYO328^5.p,TH0,CounterSatisfiable,timeout,na,2011,6,0,6,3,0,0,0,0,
no_atom_decomposition,SYO/SYO329^5.p,TH0,Theorem,timeout,na,2063,1524,43,1524,289,0,0,4,0,
no_atom_decomposition,SYO/SYO330^5.p,TH0,Theorem,timeout,na,2023,1117,73,1117,50,18,0,3,0,
no_atom_decomposition,SYO/SYO331^5.p,TH0,Theorem,timeout,na,2032,931,32,931,105,13,0,1,0,
no_atom_decomposition,SYO/SYO332^5.p,TH0,Theorem,timeout,na,2026,1212,95,1212,40,5,0,1,0,
no_atom_decomposition,SYO/SYO333^5.p,TH0,CounterSatisfiable,timeout,na,2036,1157,61,1157,105,0,0,1,0,
no_atom_decomposition,SYO/SYO334^5.p,TH0,Theorem,timeout,na,2087,2093,52,2093,311,0,0,2,0,
no_atom_decomposition,SYO/SYO335^5.p,TH0,Theorem,timeout,na,2064,1515,43,1515,285,0,0,4,0,
no_atom_decomposition,SYO/SYO336^5.p,TH0,Unknown,timeout,na,2023,370,27,370,13,2,0,4,0,
no_atom_decomposition,SYO/SYO337^5.p,TH0,Theorem,timeout,na,2032,416,22,416,33,2,0,2,0,
no_atom_decomposition,SYO/SYO338^5.p,TH0,Theorem,timeout,na,2056,1126,74,1126,111,3,0,1,0,
no_atom_decomposition,SYO/SYO339^5.p,TH0,CounterSatisfiable,timeout,na,2084,1635,24,1635,263,48,0,1,0,
no_atom_decomposition,SYO/SYO340^5.p,TH0,CounterSatisfiable,timeout,na,2044,517,8,517,89,16,0,0,0,
no_atom_decomposition,SYO/SYO341^5.p,TH0,CounterSatisfiable,timeout,na,2047,506,11,506,58,24,0,0,0,
no_atom_decomposition,SYO/SYO344^5.p,TH0,Theorem,thm,yes,7,3,0,3,1,1,0,0,0,
no_atom_decomposition,SYO/SYO345^5.p,TH0,Theorem,csa,no,12,8,0,8,2,0,1,0,0,C[BZLNN] (cH ((cH ⊤) = (cH ⊥)))  ¬(C[BZLNN] (cH ⊥))
no_atom_decomposition,SYO/SYO346^5.p,TH0,Theorem,thm,yes,5,4,0,4,1,1,0,0,0,
no_atom_decomposition,SYO/SYO347^5.p,TH0,Theorem,thm,yes,7,3,0,3,1,1,0,0,0,
no_atom_decomposition,SYO/SYO348^5.p,TH0,Theorem,unk,na,9,9,0,9,2,0,0,0,0,
no_atom_decomposition,SYO/SYO349^5.p,TH0,Theorem,unk,na,6,7,0,7,1,0,0,0,0,
no_atom_decomposition,SYO/SYO350^5.p,TH0,Theorem,timeout,na,2039,1847,72,1847,156,11,0,3,0,
no_atom_decomposition,SYO/SYO351^5.p,TH0,Theorem,thm,yes,14,13,0,13,2,1,0,1,1,
no_atom_decomposition,SYO/SYO352^5.p,TH0,Theorem,timeout,na,2063,1975,51,1975,344,0,0,4,0,
no_atom_decomposition,SYO/SYO353^5.p,TH0,Theorem,thm,yes,26,13,0,13,2,0,0,1,1,
no_atom_decomposition,SYO/SYO354^5.p,TH0,Theorem,timeout,na,2060,2142,61,2142,367,0,0,4,0,
no_atom_decomposition,SYO/SYO355^5.p,TH0,Theorem,timeout,na,2004,88,4,88,5,3,0,4,0,
no_atom_decomposition,SYO/SYO356^5.p,TH0,Theorem,timeout,na,2154,1635,15,1635,320,8,0,4,0,
no_atom_decomposition,SYO/SYO357^5.p,TH0,Theorem,thm,yes,10,1,0,1,1,1,0,0,0,
no_atom_decomposition,SYO/SYO358^5.p,TH0,Theorem,thm,yes,7,1,0,1,1,1,0,0,0,
no_atom_decomposition,SYO/SYO359^5.p,TH0,Theorem,timeout,na,2114,3958,4,3958,852,68,0,3,0,
no_atom_decomposition,SYO/SYO360^5.p,TH0,Theorem,timeout,na,2036,1798,76,1798,158,10,0,4,0,
no_atom_decomposition,SYO/SYO361^5.p,TH0,Theorem,timeout,na,2005,102,1,102,5,14,0,3,0,
no_atom_decomposition,SYO/SYO362^5.p,TH0,Theorem,timeout,na,2046,1759,39,1759,120,89,0,2,0,
no_atom_decomposition,SYO/SYO363^5.p,TH0,Theorem,timeout,na,2037,995,25,995,119,6,0,2,0,
no_atom_decomposition,SYO/SYO364^5.p,TH0,Theorem,timeout,na,2050,914,12,914,203,0,0,2,0,
no_atom_decomposition,SYO/SYO365^5.p,TH0,Theorem,parser_error,na,0,,,,,,,,,cached: Failed to parse formula 'cEXT2_def': [byte:1966] Type Error: Cannot unify strict function types of different arities.
no_atom_decomposition,SYO/SYO366^5.p,TH0,Theorem,thm,yes,3,1,0,1,1,1,0,0,0,
no_atom_decomposition,SYO/SYO367^5.p,TH0,Theorem,parser_error,na,0,,,,,,,,,cached: Failed to parse formula 'cEXT2': [byte:1793] Type Error: Cannot unify strict function types of different arities.
no_atom_decomposition,SYO/SYO368^5.p,TH0,Theorem,unk,na,11,10,0,10,2,0,0,0,0,
no_atom_decomposition,SYO/SYO369^5.p,TH0,Theorem,thm,yes,3,1,0,1,1,1,0,0,0,
no_atom_decomposition,SYO/SYO370^5.p,TH0,Theorem,timeout,na,2066,3305,63,3305,262,255,0,0,0,
no_atom_decomposition,SYO/SYO371^5.p,TH0,Theorem,thm,yes,10,17,0,17,3,5,0,0,0,
no_atom_decomposition,SYO/SYO372^5.p,TH0,Theorem,timeout,na,2059,3040,58,3040,278,255,0,0,0,
no_atom_decomposition,SYO/SYO373^5.p,TH0,Theorem,timeout,na,2056,3053,51,3053,259,255,0,0,0,
no_atom_decomposition,SYO/SYO374^5.p,TH0,Theorem,timeout,na,2004,73,2,73,6,3,0,2,0,
no_atom_decomposition,SYO/SYO375^5.p,TH0,Theorem,thm,yes,4,3,0,3,1,1,0,0,0,
no_atom_decomposition,SYO/SYO376^5.p,TH0,Theorem,unk,na,43,150,8,150,16,4,0,0,0,
no_atom_decomposition,SYO/SYO377^5.p,TH0,Theorem,unk,na,31,15,1,15,1,0,0,0,0,
no_atom_decomposition,SYO/SYO378^5.p,TH0,Theorem,timeout,na,2030,928,19,928,103,30,0,2,0,
no_atom_decomposition,SYO/SYO379^5.p,TH0,Theorem,timeout,na,2079,2471,57,2471,310,39,0,4,0,
no_atom_decomposition,SYO/SYO380^5.p,TH0,Theorem,thm,yes,8,5,0,5,1,0,0,1,1,
no_atom_decomposition,SYO/SYO381^5.p,TH0,Theorem,thm,yes,14,14,0,14,2,0,0,1,1,
no_atom_decomposition,SYO/SYO382^5.p,TH0,Theorem,thm,yes,14,1,0,1,1,1,0,0,0,
no_atom_decomposition,SYO/SYO383^5.p,TH0,Theorem,timeout,na,2175,3951,170,3951,170,0,0,0,0,
no_atom_decomposition,SYO/SYO384^5.p,TH0,Theorem,thm,yes,28,1,0,1,1,1,0,0,0,
no_atom_decomposition,SYO/SYO385^5.p,TH0,Theorem,timeout,na,2520,5603,29,5603,200,0,0,0,0,
no_atom_decomposition,SYO/SYO386^5.p,TH0,Theorem,timeout,na,2379,3658,17,3658,192,0,0,0,0,
no_atom_decomposition,SYO/SYO387^5.p,TH0,Theorem,timeout,na,2055,79,7,79,1,0,0,0,0,
no_atom_decomposition,SYO/SYO388^5.p,TH0,Theorem,timeout,na,2079,98,9,98,1,0,0,0,0,
no_atom_decomposition,SYO/SYO389^5.p,TH0,Theorem,thm,yes,1,1,0,1,1,1,0,0,0,
no_atom_decomposition,SYO/SYO390^5.p,TH0,Theorem,thm,yes,15,25,0,25,4,5,0,0,0,
no_atom_decomposition,SYO/SYO391^5.p,TH0,Theorem,timeout,na,2110,7,0,7,1,0,0,0,0,
no_atom_decomposition,SYO/SYO392^1.p,TH0,Theorem,timeout,na,2210,5319,102,5319,258,103,0,0,0,
no_atom_decomposition,SYO/SYO393^1.p,TH0,Theorem,timeout,na,2186,5037,135,5037,268,159,0,0,0,
no_atom_decomposition,SYO/SYO394^1.p,TH0,Theorem,timeout,na,2207,5355,103,5355,256,294,0,0,0,
no_atom_decomposition,SYO/SYO395^1.p,TH0,Theorem,timeout,na,2083,1557,25,1557,99,213,0,2,0,
no_atom_decomposition,SYO/SYO396^1.p,TH0,Theorem,timeout,na,2223,5684,10,5684,250,427,0,0,0,
no_atom_decomposition,SYO/SYO397^1.p,TH0,Theorem,timeout,na,2070,1129,15,1129,85,98,0,2,0,
no_atom_decomposition,SYO/SYO398^1.p,TH0,Theorem,timeout,na,2167,4520,59,4520,370,408,0,2,0,
no_atom_decomposition,SYO/SYO399^1.p,TH0,Theorem,timeout,na,2170,4205,77,4205,247,208,0,0,0,
no_atom_decomposition,SYO/SYO400^1.p,TH0,Theorem,timeout,na,2155,3575,29,3575,264,105,0,0,0,
no_atom_decomposition,SYO/SYO401^1.p,TH0,Theorem,timeout,na,2290,8237,75,8237,254,329,0,0,0,
no_atom_decomposition,SYO/SYO402^1.p,TH0,Theorem,timeout,na,2229,5701,20,5701,305,208,0,0,0,
no_atom_decomposition,SYO/SYO403^1.p,TH0,Theorem,timeout,na,2300,8345,81,8345,256,242,0,0,0,
no_atom_decomposition,SYO/SYO404^1.p,TH0,Theorem,timeout,na,2231,6199,113,6199,275,153,0,0,0,
no_atom_decomposition,SYO/SYO405^1.p,TH0,Theorem,timeout,na,2166,3611,46,3611,262,114,0,0,0,
no_atom_decomposition,SYO/SYO406^1.p,TH0,Theorem,timeout,na,2189,4848,32,4848,270,261,0,0,0,
no_atom_decomposition,SYO/SYO407^1.p,TH0,Theorem,timeout,na,2148,3334,36,3334,236,141,0,0,0,
no_atom_decomposition,SYO/SYO408^1.p,TH0,Theorem,timeout,na,2199,4976,32,4976,260,218,0,0,0,
no_atom_decomposition,SYO/SYO409^1.p,TH0,Theorem,timeout,na,2154,3820,37,3820,246,243,0,0,0,
no_atom_decomposition,SYO/SYO410^1.p,TH0,Theorem,timeout,na,2234,6048,79,6048,253,283,0,0,0,
no_atom_decomposition,SYO/SYO411^1.p,TH0,Theorem,timeout,na,2172,4213,81,4213,286,135,0,0,0,
no_atom_decomposition,SYO/SYO412^1.p,TH0,Theorem,timeout,na,2290,7940,73,7940,272,251,0,0,0,
no_atom_decomposition,SYO/SYO413^1.p,TH0,Theorem,timeout,na,2254,7923,55,7923,269,459,0,0,0,
no_atom_decomposition,SYO/SYO414^1.p,TH0,Theorem,timeout,na,2147,3440,75,3440,298,66,0,0,0,
no_atom_decomposition,SYO/SYO415^1.p,TH0,Theorem,timeout,na,2189,4493,81,4493,290,99,0,0,0,
no_atom_decomposition,SYO/SYO416^1.p,TH0,Theorem,timeout,na,2265,4598,76,4598,821,164,0,1,0,
no_atom_decomposition,SYO/SYO417^1.p,TH0,Theorem,timeout,na,2227,5829,93,5829,241,177,0,0,0,
no_atom_decomposition,SYO/SYO418^1.p,TH0,Theorem,timeout,na,2062,770,21,770,49,58,0,2,0,
no_atom_decomposition,SYO/SYO419^1.p,TH0,Theorem,timeout,na,2087,1910,28,1910,143,175,0,1,0,
no_atom_decomposition,SYO/SYO420^1.p,TH0,Theorem,timeout,na,2228,5690,69,5690,259,223,0,0,0,
no_atom_decomposition,SYO/SYO421^1.p,TH0,Theorem,timeout,na,2128,3647,73,3647,275,304,0,2,0,
no_atom_decomposition,SYO/SYO422^1.p,TH0,Theorem,timeout,na,2378,8772,165,8772,215,952,0,0,0,
no_atom_decomposition,SYO/SYO423^1.p,TH0,Theorem,timeout,na,2156,4194,87,4194,291,64,0,0,0,
no_atom_decomposition,SYO/SYO424^1.p,TH0,Theorem,timeout,na,2162,4094,126,4094,242,142,0,0,0,
no_atom_decomposition,SYO/SYO425^1.p,TH0,Theorem,timeout,na,2295,7737,121,7737,243,276,0,0,0,
no_atom_decomposition,SYO/SYO426^1.p,TH0,Theorem,timeout,na,2291,7807,130,7807,242,274,0,0,0,
no_atom_decomposition,SYO/SYO427^1.p,TH0,Theorem,timeout,na,2212,5905,151,5905,270,104,0,0,0,
no_atom_decomposition,SYO/SYO428^1.p,TH0,Theorem,timeout,na,2230,6259,110,6259,253,116,0,0,0,
no_atom_decomposition,SYO/SYO429^1.p,TH0,Theorem,timeout,na,2274,7441,134,7441,216,116,0,0,0,
no_atom_decomposition,SYO/SYO430^1.p,TH0,Theorem,timeout,na,2215,6188,110,6188,223,78,0,0,0,
no_atom_decomposition,SYO/SYO431^1.p,TH0,Theorem,timeout,na,2260,7953,88,7953,206,271,0,0,0,
no_atom_decomposition,SYO/SYO432^1.p,TH0,Theorem,timeout,na,2188,5052,95,5052,246,86,0,0,0,
no_atom_decomposition,SYO/SYO433^1.p,TH0,Theorem,timeout,na,2189,4467,93,4467,231,90,0,0,0,
no_atom_decomposition,SYO/SYO434^1.p,TH0,Theorem,timeout,na,2224,5087,76,5087,225,115,0,0,0,
no_atom_decomposition,SYO/SYO435^1.p,TH0,Theorem,timeout,na,2177,3959,97,3959,215,81,0,0,0,
no_atom_decomposition,SYO/SYO436^1.p,TH0,Theorem,timeout,na,2200,4547,103,4547,232,71,0,0,0,
no_atom_decomposition,SYO/SYO437^1.p,TH0,Theorem,timeout,na,2142,3738,105,3738,267,84,0,0,0,
no_atom_decomposition,SYO/SYO438^1.p,TH0,Theorem,timeout,na,2164,4042,93,4042,212,53,0,0,0,
no_atom_decomposition,SYO/SYO439^1.p,TH0,Theorem,timeout,na,2169,4100,105,4100,217,99,0,0,0,
no_atom_decomposition,SYO/SYO440^1.p,TH0,Theorem,timeout,na,2204,5660,142,5660,242,72,0,0,0,
no_atom_decomposition,SYO/SYO441^1.p,TH0,Theorem,timeout,na,2203,5533,125,5533,215,88,0,0,0,
no_atom_decomposition,SYO/SYO442^1.p,TH0,Theorem,timeout,na,2250,6582,150,6582,228,161,0,0,0,
no_atom_decomposition,SYO/SYO443^1.p,TH0,Theorem,timeout,na,2202,4691,94,4691,225,70,0,0,0,
no_atom_decomposition,SYO/SYO444^1.p,TH0,Theorem,timeout,na,2226,5580,106,5580,218,79,0,0,0,
no_atom_decomposition,SYO/SYO445^1.p,TH0,Theorem,timeout,na,2215,5252,118,5252,201,73,0,0,0,
no_atom_decomposition,SYO/SYO446^1.p,TH0,Theorem,timeout,na,2252,6485,148,6485,212,122,0,0,0,
no_atom_decomposition,SYO/SYO447^1.p,TH0,Theorem,timeout,na,2213,5395,116,5395,227,72,0,0,0,
no_atom_decomposition,SYO/SYO448^1.p,TH0,Theorem,timeout,na,2208,5839,119,5839,207,58,0,0,0,
no_atom_decomposition,SYO/SYO449^1.p,TH0,Theorem,timeout,na,2193,4911,114,4911,225,53,0,0,0,
no_atom_decomposition,SYO/SYO450^1.p,TH0,CounterSatisfiable,timeout,na,2165,4164,24,4164,304,121,0,0,0,
no_atom_decomposition,SYO/SYO450^2.p,TH0,CounterSatisfiable,timeout,na,2235,5932,69,5932,281,145,0,0,0,
no_atom_decomposition,SYO/SYO450^3.p,TH0,Theorem,timeout,na,2207,5266,71,5266,280,139,0,0,0,
no_atom_decomposition,SYO/SYO450^4.p,TH0,Theorem,timeout,na,2157,3872,66,3872,276,45,0,0,0,
no_atom_decomposition,SYO/SYO450^5.p,TH0,Theorem,timeout,na,2167,3762,64,3762,271,62,0,0,0,
no_atom_decomposition,SYO/SYO450^6.p,TH0,Theorem,timeout,na,2222,5668,89,5668,244,152,0,0,0,
no_atom_decomposition,SYO/SYO451^1.p,TH0,CounterSatisfiable,timeout,na,2146,3861,46,3861,248,150,0,0,0,
no_atom_decomposition,SYO/SYO451^2.p,TH0,CounterSatisfiable,timeout,na,2247,4890,57,4890,262,177,0,0,0,
no_atom_decomposition,SYO/SYO451^3.p,TH0,CounterSatisfiable,timeout,na,2287,7916,134,7916,270,164,0,0,0,
no_atom_decomposition,SYO/SYO451^4.p,TH0,CounterSatisfiable,timeout,na,2193,4726,92,4726,221,66,0,0,0,
no_atom_decomposition,SYO/SYO451^5.p,TH0,Theorem,timeout,na,2210,5845,110,5845,238,122,0,0,0,
no_atom_decomposition,SYO/SYO451^6.p,TH0,Theorem,timeout,na,2183,4922,131,4922,198,88,0,0,0,
no_atom_decomposition,SYO/SYO452^1.p,TH0,CounterSatisfiable,timeout,na,2202,5013,95,5013,263,187,0,0,0,
no_atom_decomposition,SYO/SYO452^2.p,TH0,CounterSatisfiable,timeout,na,2241,6117,103,6117,267,135,0,0,0,
no_atom_decomposition,SYO/SYO452^3.p,TH0,CounterSatisfiable,timeout,na,2290,7619,131,7619,253,224,0,0,0,
no_atom_decomposition,SYO/SYO452^4.p,TH0,CounterSatisfiable,timeout,na,2195,4929,88,4929,234,58,0,0,0,
no_atom_decomposition,SYO/SYO452^5.p,TH0,CounterSatisfiable,timeout,na,2153,3538,87,3538,216,59,0,0,0,
no_atom_decomposition,SYO/SYO452^6.p,TH0,CounterSatisfiable,timeout,na,2209,5080,126,5080,217,64,0,0,0,
no_atom_decomposition,SYO/SYO453^1.p,TH0,CounterSatisfiable,timeout,na,2178,4417,61,4417,286,150,0,0,0,
no_atom_decomposition,SYO/SYO453^2.p,TH0,CounterSatisfiable,timeout,na,2161,3888,50,3888,294,144,0,0,0,
no_atom_decomposition,SYO/SYO453^3.p,TH0,CounterSatisfiable,timeout,na,2161,3756,39,3756,268,59,0,0,0,
no_atom_decomposition,SYO/SYO453^4.p,TH0,CounterSatisfiable,timeout,na,2194,4839,83,4839,207,79,0,0,0,
no_atom_decomposition,SYO/SYO453^5.p,TH0,CounterSatisfiable,timeout,na,2194,4429,51,4429,248,85,0,0,0,
no_atom_decomposition,SYO/SYO453^6.p,TH0,CounterSatisfiable,timeout,na,2247,5335,75,5335,224,90,0,0,0,
no_atom_decomposition,SYO/SYO454^1.p,TH0,CounterSatisfiable,timeout,na,2178,4923,109,4923,278,149,0,0,0,
no_atom_decomposition,SYO/SYO454^2.p,TH0,CounterSatisfiable,timeout,na,2171,4404,118,4404,277,130,0,0,0,
no_atom_decomposition,SYO/SYO454^3.p,TH0,CounterSatisfiable,timeout,na,2146,3703,103,3703,254,92,0,0,0,
no_atom_decomposition,SYO/SYO454^4.p,TH0,CounterSatisfiable,timeout,na,2289,7572,102,7572,248,137,0,0,0,
no_atom_decomposition,SYO/SYO454^5.p,TH0,CounterSatisfiable,timeout,na,2210,5273,108,5273,231,129,0,0,0,
no_atom_decomposition,SYO/SYO454^6.p,TH0,Theorem,timeout,na,2239,5291,104,5291,201,65,0,0,0,
no_atom_decomposition,SYO/SYO455^1.p,TH0,CounterSatisfiable,timeout,na,2203,4948,61,4948,258,271,0,0,0,
no_atom_decomposition,SYO/SYO455^2.p,TH0,Theorem,timeout,na,2210,5555,109,5555,264,158,0,0,0,
no_atom_decomposition,SYO/SYO455^3.p,TH0,Theorem,timeout,na,2163,4014,61,4014,248,164,0,0,0,
no_atom_decomposition,SYO/SYO455^4.p,TH0,Theorem,timeout,na,2146,3771,58,3771,247,111,0,0,0,
no_atom_decomposition,SYO/SYO455^5.p,TH0,Theorem,timeout,na,2198,4806,91,4807,233,144,0,0,0,
no_atom_decomposition,SYO/SYO455^6.p,TH0,Theorem,timeout,na,2213,5697,124,5697,222,99,0,0,0,
no_atom_decomposition,SYO/SYO456^1.p,TH0,CounterSatisfiable,timeout,na,2303,8294,104,8294,273,196,0,0,0,
no_atom_decomposition,SYO/SYO456^2.p,TH0,CounterSatisfiable,timeout,na,2194,4738,55,4738,256,73,0,0,0,
no_atom_decomposition,SYO/SYO456^3.p,TH0,CounterSatisfiable,timeout,na,2291,7944,144,7944,231,162,0,0,0,
no_atom_decomposition,SYO/SYO456^4.p,TH0,Theorem,timeout,na,2179,4822,134,4822,233,88,0,0,0,
no_atom_decomposition,SYO/SYO456^6.p,TH0,Theorem,timeout,na,2226,5307,124,5307,209,46,0,0,0,
no_atom_decomposition,SYO/SYO457^1.p,TH0,CounterSatisfiable,timeout,na,2241,6183,90,6183,248,273,0,0,0,
no_atom_decomposition,SYO/SYO457^2.p,TH0,CounterSatisfiable,timeout,na,2226,5861,120,5861,268,179,0,0,0,
no_atom_decomposition,SYO/SYO457^3.p,TH0,Theorem,timeout,na,2188,4771,95,4771,233,222,0,0,0,
no_atom_decomposition,SYO/SYO457^4.p,TH0,Theorem,timeout,na,2218,5665,98,5665,232,108,0,0,0,
no_atom_decomposition,SYO/SYO457^5.p,TH0,Theorem,timeout,na,2185,4255,73,4255,186,211,0,0,0,
no_atom_decomposition,SYO/SYO457^6.p,TH0,Theorem,timeout,na,2221,5270,115,5270,218,85,0,0,0,
no_atom_decomposition,SYO/SYO458^2.p,TH0,Theorem,timeout,na,2212,4514,6,4514,278,153,0,0,0,
no_atom_decomposition,SYO/SYO458^3.p,TH0,Theorem,timeout,na,2198,5223,73,5223,259,309,0,0,0,
no_atom_decomposition,SYO/SYO458^4.p,TH0,Theorem,timeout,na,2218,5513,28,5513,257,153,0,0,0,
no_atom_decomposition,SYO/SYO458^5.p,TH0,Theorem,timeout,na,2175,4377,90,4377,230,83,0,0,0,
no_atom_decomposition,SYO/SYO458^6.p,TH0,Theorem,timeout,na,2174,4609,134,4609,218,37,0,0,0,
no_atom_decomposition,SYO/SYO459^1.p,TH0,CounterSatisfiable,timeout,na,2225,6182,132,6182,252,162,0,0,0,
no_atom_decomposition,SYO/SYO459^2.p,TH0,CounterSatisfiable,timeout,na,2170,3906,64,3906,248,103,0,0,0,
no_atom_decomposition,SYO/SYO459^3.p,TH0,CounterSatisfiable,timeout,na,2172,4279,119,4279,253,60,0,0,0,
no_atom_decomposition,SYO/SYO459^4.p,TH0,Theorem,timeout,na,2226,5982,82,5982,230,101,0,0,0,
no_atom_decomposition,SYO/SYO459^6.p,TH0,Theorem,timeout,na,2245,6516,175,6516,228,96,0,0,0,
no_atom_decomposition,SYO/SYO460^1.p,TH0,Theorem,timeout,na,2222,5836,90,5836,279,250,0,0,0,
no_atom_decomposition,SYO/SYO460^2.p,TH0,Theorem,timeout,na,2233,5803,90,5803,284,192,0,0,0,
no_atom_decomposition,SYO/SYO460^3.p,TH0,Theorem,timeout,na,2160,3532,73,3532,224,166,0,0,0,
no_atom_decomposition,SYO/SYO460^4.p,TH0,Theorem,timeout,na,2170,4033,101,4033,274,63,0,0,0,
no_atom_decomposition,SYO/SYO460^5.p,TH0,Theorem,timeout,na,2177,4513,120,4513,254,106,0,0,0,
no_atom_decomposition,SYO/SYO460^6.p,TH0,Theorem,timeout,na,2253,6858,176,6858,250,156,0,0,0,
no_atom_decomposition,SYO/SYO461^1.p,TH0,CounterSatisfiable,timeout,na,2182,4718,85,4718,234,263,0,0,0,
no_atom_decomposition,SYO/SYO461^2.p,TH0,CounterSatisfiable,timeout,na,2288,8085,95,8085,237,502,0,0,0,
no_atom_decomposition,SYO/SYO461^3.p,TH0,CounterSatisfiable,timeout,na,2165,4326,107,4326,244,321,0,0,0,
no_atom_decomposition,SYO/SYO461^4.p,TH0,CounterSatisfiable,timeout,na,2194,5228,93,5228,237,157,0,0,0,
no_atom_decomposition,SYO/SYO461^5.p,TH0,CounterSatisfiable,timeout,na,2176,4143,55,4143,228,178,0,0,0,
no_atom_decomposition,SYO/SYO461^6.p,TH0,CounterSatisfiable,timeout,na,2263,7048,133,7048,244,172,0,0,0,
no_atom_decomposition,SYO/SYO462^2.p,TH0,Theorem,timeout,na,2191,4248,7,4248,271,177,0,0,0,
no_atom_decomposition,SYO/SYO462^3.p,TH0,Theorem,timeout,na,2198,4549,26,4549,270,118,0,0,0,
no_atom_decomposition,SYO/SYO462^4.p,TH0,Theorem,timeout,na,2196,5469,51,5470,258,136,0,0,0,
no_atom_decomposition,SYO/SYO462^5.p,TH0,Theorem,timeout,na,2190,4776,68,4776,252,130,0,0,0,
no_atom_decomposition,SYO/SYO462^6.p,TH0,Theorem,timeout,na,2211,5238,120,5238,207,61,0,0,0,
no_atom_decomposition,SYO/SYO463^1.p,TH0,CounterSatisfiable,timeout,na,2193,4950,44,4950,295,109,0,0,0,
no_atom_decomposition,SYO/SYO463^2.p,TH0,CounterSatisfiable,timeout,na,2225,5341,50,5341,273,164,0,0,0,
no_atom_decomposition,SYO/SYO463^3.p,TH0,CounterSatisfiable,timeout,na,2196,4873,29,4873,253,164,0,0,0,
no_atom_decomposition,SYO/SYO463^4.p,TH0,CounterSatisfiable,timeout,na,2220,5419,35,5419,250,108,0,0,0,
no_atom_decomposition,SYO/SYO463^5.p,TH0,Theorem,timeout,na,2189,4731,68,4731,236,98,0,0,0,
no_atom_decomposition,SYO/SYO463^6.p,TH0,Theorem,timeout,na,2221,5671,68,5671,244,123,0,0,0,
no_atom_decomposition,SYO/SYO464^1.p,TH0,CounterSatisfiable,timeout,na,2232,6575,106,6575,278,166,0,0,0,
no_atom_decomposition,SYO/SYO464^2.p,TH0,CounterSatisfiable,timeout,na,2269,6436,71,6436,267,149,0,0,0,
no_atom_decomposition,SYO/SYO464^3.p,TH0,CounterSatisfiable,timeout,na,2200,4870,74,4870,256,121,0,0,0,
no_atom_decomposition,SYO/SYO464^4.p,TH0,Theorem,timeout,na,2230,5634,94,5634,254,114,0,0,0,
no_atom_decomposition,SYO/SYO464^5.p,TH0,Theorem,timeout,na,2175,4012,90,4012,259,77,0,0,0,
no_atom_decomposition,SYO/SYO464^6.p,TH0,Theorem,timeout,na,2199,4535,100,4535,214,58,0,0,0,
no_atom_decomposition,SYO/SYO465^1.p,TH0,CounterSatisfiable,timeout,na,2217,6015,134,6015,218,236,0,0,0,
no_atom_decomposition,SYO/SYO465^2.p,TH0,CounterSatisfiable,timeout,na,2188,4865,97,4865,255,105,0,0,0,
no_atom_decomposition,SYO/SYO465^3.p,TH0,CounterSatisfiable,timeout,na,2237,5992,105,5992,228,204,0,0,0,
no_atom_decomposition,SYO/SYO465^4.p,TH0,CounterSatisfiable,timeout,na,2193,4644,105,4644,217,93,0,0,0,
no_atom_decomposition,SYO/SYO465^5.p,TH0,CounterSatisfiable,timeout,na,2165,4364,122,4364,228,32,0,0,0,
no_atom_decomposition,SYO/SYO465^6.p,TH0,CounterSatisfiable,timeout,na,2218,5702,139,5702,217,78,0,0,0,
no_atom_decomposition,SYO/SYO467^1.p,TH0,CounterSatisfiable,timeout,na,2177,4622,118,4622,243,153,0,0,0,
no_atom_decomposition,SYO/SYO467^2.p,TH0,CounterSatisfiable,timeout,na,2304,8033,98,8033,250,145,0,0,0,
no_atom_decomposition,SYO/SYO467^3.p,TH0,CounterSatisfiable,timeout,na,2195,4874,76,4874,227,154,0,0,0,
no_atom_decomposition,SYO/SYO467^4.p,TH0,CounterSatisfiable,timeout,na,2304,7684,153,7684,219,104,0,0,0,
no_atom_decomposition,SYO/SYO467^5.p,TH0,CounterSatisfiable,timeout,na,2175,4600,118,4600,231,112,0,0,0,
no_atom_decomposition,SYO/SYO467^6.p,TH0,CounterSatisfiable,timeout,na,2239,6620,164,6620,208,66,0,0,0,
no_atom_decomposition,SYO/SYO468^1.p,TH0,CounterSatisfiable,timeout,na,2162,4265,46,4265,240,165,0,0,0,
no_atom_decomposition,SYO/SYO468^2.p,TH0,CounterSatisfiable,timeout,na,2196,5069,86,5069,284,153,0,0,0,
no_atom_decomposition,SYO/SYO468^3.p,TH0,CounterSatisfiable,timeout,na,2221,6174,98,6174,313,141,0,0,0,
no_atom_decomposition,SYO/SYO468^4.p,TH0,CounterSatisfiable,timeout,na,2145,3608,84,3608,255,40,0,0,0,
no_atom_decomposition,SYO/SYO468^5.p,TH0,CounterSatisfiable,timeout,na,2186,4367,94,4367,204,112,0,0,0,
no_atom_decomposition,SYO/SYO468^6.p,TH0,Theorem,timeout,na,2193,4932,120,4932,217,50,0,0,0,
no_atom_decomposition,SYO/SYO469^1.p,TH0,CounterSatisfiable,timeout,na,2143,3629,75,3629,272,72,0,0,0,
no_atom_decomposition,SYO/SYO469^2.p,TH0,CounterSatisfiable,timeout,na,2210,5411,28,5411,281,125,0,0,0,
no_atom_decomposition,SYO/SYO469^3.p,TH0,CounterSatisfiable,timeout,na,2298,8324,126,8324,260,147,0,0,0,
no_atom_decomposition,SYO/SYO469^4.p,TH0,CounterSatisfiable,timeout,na,2225,6302,136,6302,238,101,0,0,0,
no_atom_decomposition,SYO/SYO469^5.p,TH0,Theorem,timeout,na,2175,4248,76,4248,238,95,0,0,0,
no_atom_decomposition,SYO/SYO469^6.p,TH0,Theorem,timeout,na,2258,6833,104,6833,227,109,0,0,0,
no_atom_decomposition,SYO/SYO470^1.p,TH0,CounterSatisfiable,timeout,na,2188,5981,95,5981,243,287,0,0,0,
no_atom_decomposition,SYO/SYO470^2.p,TH0,CounterSatisfiable,timeout,na,2179,4355,69,4355,262,81,0,0,0,
no_atom_decomposition,SYO/SYO470^3.p,TH0,CounterSatisfiable,timeout,na,2277,7627,126,7627,306,224,0,0,0,
no_atom_decomposition,SYO/SYO470^4.p,TH0,CounterSatisfiable,timeout,na,2284,7705,134,7705,240,97,0,0,0,
no_atom_decomposition,SYO/SYO470^5.p,TH0,CounterSatisfiable,timeout,na,2197,5451,129,5451,239,138,0,0,0,
no_atom_decomposition,SYO/SYO470^6.p,TH0,Theorem,timeout,na,2210,5576,132,5576,214,89,0,0,0,
no_atom_decomposition,SYO/SYO471^1.p,TH0,CounterSatisfiable,timeout,na,2198,5670,144,5670,219,177,0,0,0,
no_atom_decomposition,SYO/SYO471^2.p,TH0,CounterSatisfiable,timeout,na,2197,5684,141,5684,241,179,0,0,0,
no_atom_decomposition,SYO/SYO471^3.p,TH0,CounterSatisfiable,timeout,na,2213,5616,186,5616,238,118,0,0,0,
no_atom_decomposition,SYO/SYO471^4.p,TH0,CounterSatisfiable,timeout,na,2253,7428,165,7428,223,165,0,0,0,
no_atom_decomposition,SYO/SYO471^5.p,TH0,CounterSatisfiable,timeout,na,2238,6154,162,6154,210,143,0,0,0,
no_atom_decomposition,SYO/SYO471^6.p,TH0,Theorem,timeout,na,2329,6426,122,6426,196,100,0,0,0,
no_atom_decomposition,SYO/SYO472^1.p,TH0,CounterSatisfiable,timeout,na,2175,4881,79,4881,310,108,0,0,0,
no_atom_decomposition,SYO/SYO472^2.p,TH0,CounterSatisfiable,timeout,na,2134,2941,58,2941,280,68,0,0,0,
no_atom_decomposition,SYO/SYO472^3.p,TH0,CounterSatisfiable,timeout,na,2233,5794,53,5794,286,133,0,0,0,
no_atom_decomposition,SYO/SYO472^4.p,TH0,CounterSatisfiable,timeout,na,2286,8553,29,8553,268,251,0,0,0,
no_atom_decomposition,SYO/SYO472^5.p,TH0,CounterSatisfiable,timeout,na,2163,4318,114,4318,270,95,0,0,0,
no_atom_decomposition,SYO/SYO472^6.p,TH0,CounterSatisfiable,timeout,na,2176,4855,102,4855,250,93,0,0,0,
no_atom_decomposition,SYO/SYO473^1.p,TH0,CounterSatisfiable,timeout,na,2171,3754,33,3754,248,147,0,0,0,
no_atom_decomposition,SYO/SYO473^2.p,TH0,CounterSatisfiable,timeout,na,2143,3003,40,3003,282,98,0,0,0,
no_atom_decomposition,SYO/SYO473^3.p,TH0,CounterSatisfiable,timeout,na,2193,4178,16,4178,279,166,0,0,0,
no_atom_decomposition,SYO/SYO473^4.p,TH0,CounterSatisfiable,timeout,na,2175,3716,15,3716,272,86,0,0,0,
no_atom_decomposition,SYO/SYO473^5.p,TH0,CounterSatisfiable,timeout,na,2119,2298,30,2298,250,50,0,0,0,
no_atom_decomposition,SYO/SYO473^6.p,TH0,CounterSatisfiable,timeout,na,2196,4813,69,4813,234,131,0,0,0,
no_atom_decomposition,SYO/SYO474^1.p,TH0,CounterSatisfiable,timeout,na,2178,4498,87,4498,267,99,0,0,0,
no_atom_decomposition,SYO/SYO474^2.p,TH0,CounterSatisfiable,timeout,na,2181,4530,50,4530,250,144,0,0,0,
no_atom_decomposition,SYO/SYO474^3.p,TH0,CounterSatisfiable,timeout,na,2201,4791,103,4791,234,100,0,0,0,
no_atom_decomposition,SYO/SYO474^4.p,TH0,CounterSatisfiable,timeout,na,2177,4967,104,4967,230,95,0,0,0,
no_atom_decomposition,SYO/SYO474^5.p,TH0,CounterSatisfiable,timeout,na,2144,3316,77,3316,232,68,0,0,0,
no_atom_decomposition,SYO/SYO474^6.p,TH0,Theorem,timeout,na,2177,4567,88,4567,228,91,0,0,0,
no_atom_decomposition,SYO/SYO475^6.p,TH0,Theorem,thm,yes,73,28,2,28,3,0,0,1,1,
no_atom_decomposition,SYO/SYO476^6.p,TH0,Theorem,thm,yes,70,25,1,25,2,0,0,1,1,
no_atom_decomposition,SYO/SYO477^6.p,TH0,CounterSatisfiable,timeout,na,2169,7338,473,7338,163,189,0,0,0,
no_atom_decomposition,SYO/SYO478^6.p,TH0,Theorem,thm,yes,75,26,2,26,3,0,0,1,1,
no_atom_decomposition,SYO/SYO479^6.p,TH0,CounterSatisfiable,timeout,na,2188,7270,406,7270,176,251,0,0,0,
no_atom_decomposition,SYO/SYO480^6.p,TH0,Theorem,thm,yes,75,26,2,26,3,0,0,1,1,
no_atom_decomposition,SYO/SYO481^6.p,TH0,Theorem,thm,yes,63,11,1,11,1,1,0,0,0,
no_atom_decomposition,SYO/SYO482^6.p,TH0,Theorem,timeout,na,2209,8329,338,8329,152,392,0,0,0,
no_atom_decomposition,SYO/SYO483^6.p,TH0,Theorem,timeout,na,2211,8095,310,8095,153,424,0,0,0,
no_atom_decomposition,SYO/SYO484^6.p,TH0,CounterSatisfiable,timeout,na,2247,8288,329,8288,181,344,0,0,0,
no_atom_decomposition,SYO/SYO485^6.p,TH0,Theorem,timeout,na,2106,4401,231,4401,170,45,0,0,0,
no_atom_decomposition,SYO/SYO486^6.p,TH0,CounterSatisfiable,timeout,na,2170,5004,208,5004,189,182,0,0,0,
no_atom_decomposition,SYO/SYO487^6.p,TH0,Theorem,thm,yes,81,44,2,44,5,0,0,1,1,
no_atom_decomposition,SYO/SYO488^6.p,TH0,Theorem,thm,yes,81,28,2,28,3,0,0,1,1,
no_atom_decomposition,SYO/SYO489^6.p,TH0,CounterSatisfiable,timeout,na,2198,4743,101,4743,234,102,0,0,0,
no_atom_decomposition,SYO/SYO490^6.p,TH0,CounterSatisfiable,timeout,na,2323,5880,150,5880,145,62,0,0,0,
no_atom_decomposition,SYO/SYO491^6.p,TH0,CounterSatisfiable,timeout,na,2378,6960,226,6960,1580,127,0,1,0,
no_atom_decomposition,SYO/SYO492^6.p,TH0,CounterSatisfiable,timeout,na,2261,6665,280,6666,1205,134,0,1,0,
no_atom_decomposition,SYO/SYO493^6.p,TH0,CounterSatisfiable,timeout,na,2181,7702,496,7702,162,287,0,0,0,
no_atom_decomposition,SYO/SYO494^6.p,TH0,CounterSatisfiable,timeout,na,2236,6228,184,6228,202,80,0,0,0,
no_atom_decomposition,SYO/SYO495^6.p,TH0,Theorem,thm,yes,115,170,3,170,26,0,0,1,1,
no_atom_decomposition,SYO/SYO496^6.p,TH0,CounterSatisfiable,timeout,na,2249,7561,361,7561,1154,167,0,1,0,
no_atom_decomposition,SYO/SYO497^6.p,TH0,Theorem,timeout,na,2306,5824,148,5824,119,167,0,0,0,
no_atom_decomposition,SYO/SYO498^6.p,TH0,CounterSatisfiable,timeout,na,2167,5150,240,5150,213,162,0,0,0,
no_atom_decomposition,SYO/SYO499^1.p,TH0,Theorem,timeout,na,2062,2227,42,2227,275,39,0,2,0,
no_atom_decomposition,SYO/SYO500^1.p,TH0,Theorem,unk,na,6,6,0,6,2,0,0,0,0,
no_atom_decomposition,SYO/SYO501^1.p,TH0,Theorem,parser_error,na,0,,,,,,,,,cached: Failed to parse formula 'claim': [byte:1943] Type Error: Cannot unify strict function types of different arities.
no_atom_decomposition,SYO/SYO502^1.p,TH0,Theorem,thm,yes,8,3,0,3,1,1,0,0,0,
no_atom_decomposition,SYO/SYO503^1.p,TH0,Theorem,unk,na,28,27,0,27,3,1,0,0,0,
no_atom_decomposition,SYO/SYO504^1.p,TH0,Theorem,timeout,na,2006,7,0,7,2,0,0,0,0,
no_atom_decomposition,SYO/SYO505^1.p,TH0,ContradictoryAxioms,timeout,na,2091,3012,85,3012,262,82,0,4,0,
no_atom_decomposition,SYO/SYO506^1.p,TH0,Theorem,timeout,na,2041,1957,83,1957,164,14,0,2,0,
no_atom_decomposition,SYO/SYO507^1.p,TH0,Theorem,timeout,na,2066,3271,59,3271,262,255,0,0,0,
no_atom_decomposition,SYO/SYO509^1.p,TH0,Theorem,timeout,na,2005,41,4,41,1,0,0,0,0,
no_atom_decomposition,SYO/SYO511^1.p,TH0,CounterSatisfiable,timeout,na,2083,2754,7,2754,581,1,0,3,0,
no_atom_decomposition,SYO/SYO512^1.p,TH0,Theorem,thm,yes,139,142,8,142,7,0,0,1,1,
no_atom_decomposition,SYO/SYO513^1.p,TH0,Theorem,unk,na,152,81,8,81,1,0,0,0,0,
no_atom_decomposition,SYO/SYO514^1.p,TH0,Theorem,timeout,na,2003,0,0,0,1,0,0,0,0,
no_atom_decomposition,SYO/SYO515^1.p,TH0,Theorem,unk,na,42,6,0,6,1,0,0,0,0,
no_atom_decomposition,SYO/SYO516^1.p,TH0,Theorem,thm,yes,153,184,5,184,15,8,0,1,1,
no_atom_decomposition,SYO/SYO517^1.p,TH0,Theorem,timeout,na,2018,1569,121,1569,42,3,0,2,0,
no_atom_decomposition,SYO/SYO518^1.p,TH0,Theorem,timeout,na,2024,424,3,424,88,4,0,1,0,
no_atom_decomposition,SYO/SYO520^1.p,TH0,Unsatisfiable,no_conjecture,na,2,,,,,,,,,
no_atom_decomposition,SYO/SYO526^1.p,TH0,Theorem,thm,yes,28,52,0,52,3,7,0,1,1,
no_atom_decomposition,SYO/SYO527^1.p,TH0,Theorem,thm,yes,69,8,0,8,1,0,0,1,1,
no_atom_decomposition,SYO/SYO528^1.p,TH0,Satisfiable,no_conjecture,na,5,,,,,,,,,
no_atom_decomposition,SYO/SYO529^1.p,TH0,Unsatisfiable,no_conjecture,na,8,,,,,,,,,
no_atom_decomposition,SYO/SYO530^1.p,TH0,Theorem,timeout,na,2014,356,5,356,33,21,0,3,0,
no_atom_decomposition,SYO/SYO531^1.p,TH0,Theorem,timeout,na,2025,767,31,767,72,0,0,2,0,
no_atom_decomposition,SYO/SYO532^1.p,TH0,Theorem,timeout,na,2012,20,0,20,2,0,0,2,0,
no_atom_decomposition,SYO/SYO533^1.p,TH0,Theorem,timeout,na,2005,41,4,41,1,0,0,0,0,
no_atom_decomposition,SYO/SYO534^1.p,TH0,Theorem,timeout,na,2088,1017,3,1017,477,1,0,2,0,
no_atom_decomposition,SYO/SYO535^1.p,TH0,Theorem,timeout,na,2016,337,11,337,30,7,0,2,0,
no_atom_decomposition,SYO/SYO536^1.p,TH0,Theorem,timeout,na,2022,284,8,284,30,2,0,3,0,
no_atom_decomposition,SYO/SYO537^1.p,TH0,Theorem,timeout,na,2018,17,0,17,2,0,0,2,0,
no_atom_decomposition,SYO/SYO538^1.p,TH0,Theorem,timeout,na,2054,2150,49,2150,251,81,0,2,0,
no_atom_decomposition,SYO/SYO539^1.p,TH0,Theorem,timeout,na,2130,2839,32,2839,478,39,0,4,0,
no_atom_decomposition,SYO/SYO540^1.p,TH0,Theorem,timeout,na,2006,160,4,160,9,14,0,4,0,
no_atom_decomposition,SYO/SYO541^1.p,TH0,Theorem,timeout,na,2042,791,22,791,80,14,0,2,0,
no_atom_decomposition,SYO/SYO542^1.p,TH0,Theorem,timeout,na,2020,271,2,271,14,34,0,3,0,
no_atom_decomposition,SYO/SYO543^1.p,TH0,Theorem,timeout,na,2009,96,2,96,6,8,0,3,0,
no_atom_decomposition,SYO/SYO544^1.p,TH0,Theorem,timeout,na,2065,1494,41,1494,155,75,0,1,0,
no_atom_decomposition,SYO/SYO545^1.p,TH0,Theorem,timeout,na,2094,2089,9,2089,335,51,0,4,0,
no_atom_decomposition,SYO/SYO546^1.p,TH0,Theorem,timeout,na,2013,172,4,172,13,8,0,5,0,
no_atom_decomposition,SYO/SYO547^1.p,TH0,Theorem,thm,yes,22,18,0,18,3,1,0,1,1,
no_atom_decomposition,SYO/SYO548^1.p,TH0,Theorem,timeout,na,2004,124,14,124,1,0,0,0,0,
no_atom_decomposition,SYO/SYO549^1.p,TH0,Theorem,parser_error,na,0,,,,,,,,,cached: Failed to parse formula 'pfg': [byte:1759] Type Error: Cannot unify strict function types of different arities.
no_atom_decomposition,SYO/SYO550^1.p,TH0,Theorem,thm,yes,246,14,0,14,3,1,0,1,1,
no_atom_decomposition,SYO/SYO551^1.p,TH0,Theorem,timeout,na,2004,12,0,12,2,0,0,0,0,
no_atom_decomposition,SYO/SYO552^1.p,TH0,Theorem,thm,yes,962,26,0,26,3,1,0,1,1,
no_atom_decomposition,SYO/SYO553^1.p,TH0,Theorem,thm,yes,860,15,0,15,3,1,0,1,1,
no_atom_decomposition,SYO/SYO554^1.p,TH0,Unsatisfiable,no_conjecture,na,1,,,,,,,,,
no_atom_decomposition,SYO/SYO555^1.p,TH0,Theorem,timeout,na,2092,2162,12,2162,376,1,0,3,0,
no_atom_decomposition,SYO/SYO556^1.p,TH0,Theorem,timeout,na,2065,1538,41,1538,213,9,0,4,0,
no_atom_decomposition,SYO/SYO557^1.p,TH1,Theorem,parser_error,na,0,,,,,,,,,cached: Failed to parse formula 'conj': Syntax Error: '$i' denotes a type and cannot be used as a term.
no_atom_decomposition,SYO/SYO558^1.p,TH1,Theorem,parser_error,na,0,,,,,,,,,cached: Failed to parse formula 'conj': Syntax Error: '$i' denotes a type and cannot be used as a term.
no_atom_decomposition,SYO/SYO559^1.p,TH0,Theorem,timeout,na,2023,568,0,568,124,51,0,0,0,
no_atom_decomposition,SYO/SYO560^1.p,TH0,Theorem,timeout,na,2027,880,0,880,117,117,0,0,0,
no_atom_decomposition,SYO/SYO565^7.p,TH0,CounterSatisfiable,timeout,na,2308,5552,100,5552,1306,81,0,1,0,
no_atom_decomposition,SYO/SYO566^7.p,TH0,Theorem,timeout,na,2402,6435,169,6435,170,119,0,0,0,
no_atom_decomposition,SYO/SYO567^7.p,TH0,CounterSatisfiable,timeout,na,2359,6551,212,6551,1557,83,0,1,0,
no_atom_decomposition,SYO/SYO568^7.p,TH0,Theorem,timeout,na,2209,5650,146,5650,248,163,0,0,0,
no_atom_decomposition,SYO/SYO569^7.p,TH0,CounterSatisfiable,timeout,na,2337,5024,98,5024,226,104,0,0,0,
no_atom_decomposition,SYO/SYO570^7.p,TH0,Theorem,timeout,na,2452,5577,97,5577,162,77,0,0,0,
no_atom_decomposition,SYO/SYO571^7.p,TH0,CounterSatisfiable,timeout,na,2307,5816,38,5816,193,248,0,0,0,
no_atom_decomposition,SYO/SYO572^7.p,TH0,Theorem,timeout,na,2480,6375,31,6375,2269,94,0,1,0,
no_atom_decomposition,SYO/SYO573^7.p,TH0,CounterSatisfiable,timeout,na,2193,5816,133,5816,287,150,0,0,0,
no_atom_decomposition,SYO/SYO574^7.p,TH0,Theorem,timeout,na,2162,4355,122,4355,245,56,0,0,0,
no_atom_decomposition,SYO/SYO575^7.p,TH0,CounterSatisfiable,timeout,na,2188,3972,129,3972,204,77,0,0,0,
no_atom_decomposition,SYO/SYO576^7.p,TH0,Theorem,timeout,na,2178,4962,145,4962,243,74,0,0,0,
no_atom_decomposition,SYO/SYO577^7.p,TH0,CounterSatisfiable,timeout,na,2217,5819,87,5819,255,124,0,0,0,
no_atom_decomposition,SYO/SYO842^1.p,TH0,Unknown,timeout,na,2551,0,0,0,1,0,0,0,0,
no_atom_decomposition,SYO/SYO843^1.p,TH0,Unknown,timeout,na,2547,0,0,0,1,0,0,0,0,
no_atom_decomposition,SYO/SYO844^1.p,TH0,Unknown,timeout,na,2695,0,0,0,1,0,0,0,0,
no_atom_decomposition,SYO/SYO845^1.p,TH0,Unknown,timeout,na,2673,0,0,0,1,0,0,0,0,
no_atom_decomposition,SYO/SYO846^1.p,TH0,Unknown,timeout,na,2637,0,0,0,1,0,0,0,0,
no_atom_decomposition,SYO/SYO847^1.p,TH0,Unknown,timeout,na,2635,0,0,0,1,0,0,0,0,
no_atom_decomposition,SYO/SYO848^1.p,TH0,Unknown,timeout,na,2678,0,0,0,1,0,0,0,0,
no_atom_decomposition,SYO/SYO849^1.p,TH0,Unknown,timeout,na,2679,0,0,0,1,0,0,0,0,
no_atom_decomposition,SYO/SYO850^1.p,TH0,Unknown,timeout,na,2599,0,0,0,1,0,0,0,0,
no_atom_decomposition,SYO/SYO851^1.p,TH0,Unknown,timeout,na,2615,0,0,0,1,0,0,0,0,
no_atom_decomposition,SYO/SYO852^1.p,TH0,Theorem,timeout,na,2355,0,0,0,1,0,0,0,0,
no_atom_decomposition,SYO/SYO853^1.p,TH0,Unknown,timeout,na,2355,0,0,0,1,0,0,0,0,
no_atom_decomposition,SYO/SYO854^1.p,TH0,Theorem,timeout,na,2454,0,0,0,1,0,0,0,0,
no_atom_decomposition,SYO/SYO855^1.p,TH0,Unknown,timeout,na,2437,0,0,0,1,0,0,0,0,
no_atom_decomposition,SYO/SYO856^1.p,TH0,Theorem,timeout,na,2454,0,0,0,1,0,0,0,0,
no_atom_decomposition,SYO/SYO857^1.p,TH0,Unknown,timeout,na,2453,0,0,0,1,0,0,0,0,
no_atom_decomposition,SYO/SYO858^1.p,TH0,Theorem,timeout,na,2320,0,0,0,1,0,0,0,0,
no_atom_decomposition,SYO/SYO859^1.p,TH0,Unknown,timeout,na,2324,0,0,0,1,0,0,0,0,
no_atom_decomposition,SYO/SYO860^1.p,TH0,Unknown,timeout,na,2543,0,0,0,1,0,0,0,0,
no_atom_decomposition,SYO/SYO861^1.p,TH0,Unknown,timeout,na,2541,0,0,0,1,0,0,0,0,
no_atom_decomposition,SYO/SYO862^1.p,TH0,Unknown,timeout,na,2290,0,0,0,1,0,0,0,0,
no_atom_decomposition,SYO/SYO863^1.p,TH0,Unknown,timeout,na,2286,0,0,0,1,0,0,0,0,
no_atom_decomposition,SYO/SYO864^1.p,TH0,Unknown,timeout,na,2275,0,0,0,1,0,0,0,0,
no_atom_decomposition,SYO/SYO865^1.p,TH0,Unknown,timeout,na,2275,0,0,0,1,0,0,0,0,
no_atom_decomposition,SYO/SYO866^1.p,TH0,Unknown,timeout,na,2279,0,0,0,1,0,0,0,0,
no_atom_decomposition,SYO/SYO867^1.p,TH0,Unknown,timeout,na,2281,0,0,0,1,0,0,0,0,
no_atom_decomposition,SYO/SYO868^1.p,TH0,Theorem,timeout,na,2275,0,0,0,1,0,0,0,0,
no_atom_decomposition,SYO/SYO869^1.p,TH0,Unknown,timeout,na,2275,0,0,0,1,0,0,0,0,
no_atom_decomposition,SYO/SYO870^1.p,TH0,Unknown,timeout,na,2281,0,0,0,1,0,0,0,0,
no_atom_decomposition,SYO/SYO871^1.p,TH0,Unknown,timeout,na,2270,0,0,0,1,0,0,0,0,
no_atom_decomposition,SYO/SYO872^1.p,TH0,Unknown,timeout,na,2274,0,0,0,1,0,0,0,0,
no_atom_decomposition,SYO/SYO873^1.p,TH0,Theorem,timeout,na,2279,0,0,0,1,0,0,0,0,
no_atom_decomposition,SYO/SYO874^1.p,TH0,Unknown,timeout,na,2272,0,0,0,1,0,0,0,0,
no_atom_decomposition,SYO/SYO875^1.p,TH0,Theorem,timeout,na,2284,0,0,0,1,0,0,0,0,
no_atom_decomposition,SYO/SYO876^1.p,TH0,Unknown,timeout,na,2303,0,0,0,1,0,0,0,0,
no_atom_decomposition,SYO/SYO877^1.p,TH0,Theorem,timeout,na,2302,0,0,0,1,0,0,0,0,
no_atom_decomposition,SYO/SYO878^1.p,TH0,Theorem,timeout,na,2277,0,0,0,1,0,0,0,0,
no_atom_decomposition,SYO/SYO879^1.p,TH0,Theorem,timeout,na,2275,0,0,0,1,0,0,0,0,
no_atom_decomposition,SYO/SYO880^1.p,TH0,Unknown,timeout,na,2284,0,0,0,1,0,0,0,0,
no_atom_decomposition,SYO/SYO881^1.p,TH0,Theorem,timeout,na,2281,0,0,0,1,0,0,0,0,
no_atom_decomposition,SYO/SYO882^1.p,TH0,Unsatisfiable,no_conjecture,na,1,,,,,,,,,
no_atom_decomposition,SYO/SYO883^1.p,TH0,Unsatisfiable,no_conjecture,na,6,,,,,,,,,
no_atom_decomposition,SYO/SYO884^1.p,TH0,Unsatisfiable,no_conjecture,na,9,,,,,,,,,
no_atom_decomposition,SYO/SYO886^10.p,TH0,Theorem,thm,yes,63,14,1,14,2,0,0,1,1,
no_atom_decomposition,SYO/SYO886^6.p,TH0,Theorem,thm,yes,28,17,1,17,2,0,0,1,1,
no_atom_decomposition,SYO/SYO886^7.p,TH0,CounterSatisfiable,timeout,na,2506,6558,62,6558,2030,250,0,1,0,
no_atom_decomposition,SYO/SYO886^8.p,TH0,Theorem,thm,yes,46,16,1,16,2,0,0,1,1,
no_atom_decomposition,SYO/SYO886^9.p,TH0,Theorem,timeout,na,2050,1208,104,1208,27,0,0,1,0,
no_atom_decomposition,SYO/SYO887^22.p,TH0,Theorem,timeout,na,2244,6186,88,6186,1401,44,0,1,0,
no_atom_decomposition,SYO/SYO888^10.p,TH0,Theorem,timeout,na,2235,6318,119,6318,1293,316,0,1,0,
no_atom_decomposition,SYO/SYO889^16.p,TH0,Theorem,timeout,na,2332,5470,46,5470,155,200,0,0,0,
no_atom_decomposition,SYO/SYO890^16.p,TH0,Theorem,timeout,na,2206,6745,314,6745,1197,92,0,2,0,
no_atom_decomposition,SYO/SYO891^16.p,TH0,Theorem,timeout,na,2172,3689,97,3689,230,64,0,0,0,
no_atom_decomposition,SYO/SYO892^15.p,TH0,Theorem,timeout,na,2470,6790,92,6790,2412,154,0,2,0,
no_atom_decomposition,SYO/SYO893^11.p,TH0,Theorem,timeout,na,2115,4140,84,4140,207,109,0,0,0,
no_atom_decomposition,SYO/SYO894^8.p,TH0,Theorem,timeout,na,2167,5729,66,5729,243,307,0,0,0,
no_atom_decomposition,SYO/SYO895^9.p,TH0,Theorem,timeout,na,2159,4722,56,4722,239,270,0,0,0,
no_atom_decomposition,SYO/SYO896^7.p,TH0,Theorem,timeout,na,2139,4917,107,4917,276,133,0,0,0,
no_atom_decomposition,SYO/SYO897^6.p,TH0,Theorem,timeout,na,2034,1100,26,1100,123,72,0,2,0,
no_atom_decomposition,SYO/SYO898^9.p,TH0,Theorem,timeout,na,2259,7013,167,7013,1283,205,0,1,0,
no_atom_decomposition,SYO/SYO899^8.p,TH0,Theorem,timeout,na,2135,4245,70,4245,222,152,0,0,0,
no_atom_decomposition,SYO/SYO900^11.p,TH0,Theorem,timeout,na,2137,4448,65,4448,244,85,0,0,0,
no_atom_decomposition,SYO/SYO901^11.p,TH0,Theorem,timeout,na,2141,4673,67,4673,252,116,0,0,0,
no_atom_decomposition,SYO/SYO902^8.p,TH0,Theorem,timeout,na,2130,4348,101,4348,225,92,0,0,0,
no_atom_decomposition,SYO/SYO903^10.p,TH0,ContradictoryAxioms,timeout,na,2107,0,0,0,1,0,0,0,0,
no_atom_decomposition,SYO/SYO904^12.p,TH0,ContradictoryAxioms,timeout,na,2596,0,0,0,1,0,0,0,0,
no_atom_decomposition,SYO/SYO905^6.p,TH0,ContradictoryAxioms,timeout,na,2664,0,0,0,1,0,0,0,0,
no_atom_decomposition,SYO/SYO906^7.p,TH0,CounterSatisfiable,timeout,na,2253,6396,56,6396,302,184,0,0,0,
no_atom_decomposition,SYO/SYO907^15.p,TH0,CounterSatisfiable,timeout,na,2322,6562,125,6562,277,128,0,0,0,
no_atom_decomposition,SYO/SYO908^13.p,TH0,CounterSatisfiable,timeout,na,2402,6564,102,6564,1993,216,0,1,0,
no_atom_decomposition,SYO/SYO909^8.p,TH0,CounterSatisfiable,timeout,na,2132,3988,101,3988,242,173,0,0,0,
no_atom_decomposition,SYO/SYO910^13.p,TH0,CounterSatisfiable,timeout,na,2166,5063,59,5063,282,152,0,0,0,
no_atom_decomposition,SYO/SYO911^15.p,TH0,CounterSatisfiable,timeout,na,2150,4818,85,4818,241,236,0,0,0,
no_atom_decomposition,SYO/SYO912^9.p,TH0,CounterSatisfiable,timeout,na,2098,2982,41,2982,236,111,0,0,0,
no_atom_decomposition,SYO/SYO913^15.p,TH0,CounterSatisfiable,timeout,na,2056,263,12,263,40,0,0,0,0,
no_atom_decomposition,SYO/SYO914^12.p,TH0,CounterSatisfiable,timeout,na,2104,0,0,0,1,0,0,0,0,
no_atom_decomposition,SYO/SYO915^14.p,TH0,CounterSatisfiable,timeout,na,2116,0,0,0,1,0,0,0,0,
no_atom_decomposition,SYO/SYO926^1.p,unknown,Theorem,parser_error,na,0,,,,,,,,,cached: Lexer failed to parse entire string. Unparsed: <.> A ) ). %------------------------------------------------------------------------------ 
no_atom_decomposition,SYO/SYO927^1.p,unknown,Theorem,parser_error,na,0,,,,,,,,,cached: Lexer failed to parse entire string. Unparsed: <.> [.] ( P @ ( F @ X ) ) => [.] ( P @ ( G @ X ) ) ) ). %------------------------------------------------------------------------------ 
no_atom_decomposition,SYO/SYO928^1.p,unknown,Theorem,parser_error,na,0,,,,,,,,,cached: Failed to parse formula 'spec': Syntax Error: tuples ([...]) and sequents (-->) have no counterpart in simple type theory and are not supported.
no_atom_decomposition,SYO/SYO929^1.p,unknown,Theorem,parser_error,na,0,,,,,,,,,cached: Failed to parse formula 'spec': Syntax Error: tuples ([...]) and sequents (-->) have no counterpart in simple type theory and are not supported.
no_atom_decomposition,SYO/SYO930^1.p,unknown,Theorem,parser_error,na,0,,,,,,,,,cached: Failed to parse formula 'spec': Syntax Error: tuples ([...]) and sequents (-->) have no counterpart in simple type theory and are not supported.
no_atom_decomposition,SYO/SYO931^1.p,unknown,Theorem,parser_error,na,0,,,,,,,,,cached: Failed to parse formula 'spec': Syntax Error: tuples ([...]) and sequents (-->) have no counterpart in simple type theory and are not supported.
no_atom_decomposition,SYO/SYO932^10.p,TH0,Theorem,thm,yes,63,14,0,14,2,0,0,1,1,
no_atom_decomposition,SYO/SYO932^8.p,TH0,Theorem,thm,yes,47,17,1,17,2,0,0,1,1,
no_atom_decomposition,SYO/SYO932^9.p,TH0,Theorem,timeout,na,2052,926,77,926,23,2,0,1,0,
no_atom_decomposition,SYO/SYO997^1.p,unknown,Theorem,parser_error,na,0,,,,,,,,,cached: Syntax Error: expected ' ' or ']' in !> binder  got [{:colon  ":"  1919}  {:atom  "nat"  1921}  {:rbracket  "]"  1924}  {:colon  ":"  1926}  {:lparen  "("  1928}  {:atom  "fin"  1930}  {:app  "@"  193
no_atom_decomposition,SYO/SYO998^1.p,unknown,Theorem,parser_error,na,0,,,,,,,,,cached: Syntax Error: expected ' ' or ']' in !> binder  got [{:colon  ":"  1920}  {:atom  "nat"  1922}  {:rbracket  "]"  1925}  {:colon  ":"  1927}  {:lparen  "("  1929}  {:atom  "fin"  1931}  {:app  "@"  193
no_atom_decomposition,SYO/SYO999^1.p,unknown,Theorem,parser_error,na,0,,,,,,,,,cached: Syntax Error: expected ' ' or ']' in !> binder  got [{:colon  ":"  1835}  {:atom  "a"  1837}  {:rbracket  "]"  1838}  {:colon  ":"  1840}  {:lparen  "("  1842}  {:lparen  "("  1844}  {:atom  "b"  1846
no_atom_decomposition,SYP/SYP000^1.p,unknown,Theorem,parser_error,na,0,,,,,,,,,cached: Syntax Error: expected ' ' or ']' in !> binder  got [{:colon  ":"  1899}  {:atom  "nat"  1901}  {:rbracket  "]"  1904}  {:colon  ":"  1906}  {:lparen  "("  1908}  {:atom  "fin"  1910}  {:app  "@"  191
no_atom_decomposition,SYP/SYP001^1.p,unknown,Theorem,parser_error,na,0,,,,,,,,,cached: Syntax Error: expected ' ' or ']' in !> binder  got [{:colon  ":"  1899}  {:atom  "nat"  1901}  {:rbracket  "]"  1904}  {:colon  ":"  1906}  {:lparen  "("  1908}  {:atom  "fin"  1910}  {:app  "@"  191
no_atom_decomposition,SYP/SYP002^1.p,unknown,Theorem,parser_error,na,0,,,,,,,,,cached: Syntax Error: expected ' ' or ']' in !> binder  got [{:colon  ":"  1830}  {:atom  "nat"  1832}  {:rbracket  "]"  1835}  {:colon  ":"  1837}  {:lparen  "("  1839}  {:atom  "fin"  1841}  {:app  "@"  184
no_atom_decomposition,SYP/SYP003^1.p,unknown,Theorem,parser_error,na,0,,,,,,,,,cached: Syntax Error: expected ' ' or ']' in !> binder  got [{:colon  ":"  1640}  {:atom  "a"  1642}  {:rbracket  "]"  1643}  {:colon  ":"  1645}  {:lparen  "("  1647}  {:lparen  "("  1649}  {:atom  "b"  1651
no_atom_decomposition,SYP/SYP004^1.p,unknown,Theorem,parser_error,na,0,,,,,,,,,cached: Syntax Error: expected ' ' or ']' in !> binder  got [{:colon  ":"  2279}  {:atom  "nat"  2281}  {:rbracket  "]"  2284}  {:colon  ":"  2286}  {:lparen  "("  2288}  {:atom  "fin"  2290}  {:app  "@"  229
no_atom_decomposition,SYP/SYP005^1.p,unknown,Theorem,parser_error,na,0,,,,,,,,,cached: Syntax Error: expected ' ' or ']' in !> binder  got [{:colon  ":"  1915}  {:atom  "nat"  1917}  {:rbracket  "]"  1920}  {:colon  ":"  1922}  {:lparen  "("  1924}  {:atom  "fin"  1926}  {:app  "@"  193
no_atom_decomposition,SYP/SYP006^1.p,unknown,Theorem,parser_error,na,0,,,,,,,,,cached: Syntax Error: expected ' ' or ']' in !> binder  got [{:colon  ":"  2039}  {:atom  "nat"  2041}  {:rbracket  "]"  2044}  {:colon  ":"  2046}  {:lparen  "("  2048}  {:atom  "fin"  2050}  {:app  "@"  205
no_atom_decomposition,SYP/SYP007^1.p,unknown,Theorem,parser_error,na,0,,,,,,,,,cached: Syntax Error: expected ' ' or ']' in !> binder  got [{:colon  ":"  1662}  {:atom  "nat"  1664}  {:rbracket  "]"  1667}  {:colon  ":"  1669}  {:lparen  "("  1671}  {:lparen  "("  1673}  {:atom  "fin"  
