run_label,problem,language,expected_szs,result,correct,time_ms,steps,worker_yields,rules_total,active_branches_max,branches_closed,branches_saturated,csp_calls,csp_succeeded,details
no_demodulation,AGT/AGT027^1.p,TH0,Theorem,timeout,na,2147,603,23,603,66,0,0,1,0,
no_demodulation,AGT/AGT027^2.p,TH0,Theorem,timeout,na,2151,1274,17,1274,147,0,0,0,0,
no_demodulation,AGT/AGT028^1.p,TH0,Theorem,timeout,na,2259,766,45,766,70,0,0,1,0,
no_demodulation,AGT/AGT028^2.p,TH0,Theorem,timeout,na,2416,4300,21,4300,394,0,0,0,0,
no_demodulation,AGT/AGT029^1.p,TH0,Theorem,timeout,na,2240,890,58,890,64,0,0,1,0,
no_demodulation,AGT/AGT030^1.p,TH0,Theorem,timeout,na,2299,907,50,907,104,0,0,0,0,
no_demodulation,AGT/AGT031^1.p,TH0,Theorem,timeout,na,3137,6025,14,6025,420,0,0,0,0,
no_demodulation,AGT/AGT031^2.p,TH0,Theorem,timeout,na,2576,5183,42,5183,346,0,0,0,0,
no_demodulation,AGT/AGT032^1.p,TH0,Theorem,timeout,na,3115,5911,14,5911,435,0,0,0,0,
no_demodulation,AGT/AGT032^2.p,TH0,Theorem,timeout,na,2513,4795,39,4795,326,0,0,0,0,
no_demodulation,AGT/AGT033^1.p,TH0,Theorem,timeout,na,3111,5842,14,5842,426,0,0,0,0,
no_demodulation,AGT/AGT033^2.p,TH0,Theorem,timeout,na,2664,5023,7,5023,248,0,0,0,0,
no_demodulation,AGT/AGT034^1.p,TH0,Theorem,timeout,na,3127,6080,14,6080,411,0,0,0,0,
no_demodulation,AGT/AGT034^2.p,TH0,Theorem,timeout,na,2680,5206,7,5206,290,0,0,0,0,
no_demodulation,AGT/AGT035^1.p,TH0,Theorem,timeout,na,3123,6090,14,6090,419,0,0,0,0,
no_demodulation,AGT/AGT035^2.p,TH0,Theorem,timeout,na,2511,5157,37,5157,323,0,0,0,0,
no_demodulation,AGT/AGT036^1.p,TH0,Theorem,timeout,na,3108,5983,14,5983,434,0,0,0,0,
no_demodulation,AGT/AGT037^1.p,TH0,Theorem,timeout,na,3108,5999,14,5999,424,0,0,0,0,
no_demodulation,AGT/AGT037^2.p,TH0,Theorem,timeout,na,2490,5115,40,5115,322,0,0,0,0,
no_demodulation,AGT/AGT038^1.p,TH0,Theorem,timeout,na,3107,5963,14,5963,418,0,0,0,0,
no_demodulation,AGT/AGT039^1.p,TH0,Theorem,timeout,na,3111,5955,14,5955,428,0,0,0,0,
no_demodulation,AGT/AGT040^1.p,TH0,Theorem,timeout,na,3119,5997,14,5997,423,0,0,0,0,
no_demodulation,AGT/AGT041^1.p,TH0,Theorem,timeout,na,3189,6446,14,6446,295,0,0,0,0,
no_demodulation,ALG/ALG001^5.p,TH0,Theorem,timeout,na,2042,1411,58,1411,136,16,0,2,0,
no_demodulation,ALG/ALG014^7.p,TH0,Theorem,timeout,na,2901,479,37,479,21,0,0,0,0,
no_demodulation,ALG/ALG015^7.p,TH0,Theorem,timeout,na,6614,0,0,0,1,0,0,0,0,
no_demodulation,ALG/ALG016^7.p,TH0,Theorem,timeout,na,4130,0,0,0,1,0,0,0,0,
no_demodulation,ALG/ALG017^7.p,TH0,Theorem,timeout,na,2917,461,31,461,22,0,0,0,0,
no_demodulation,ALG/ALG018^7.p,TH0,Theorem,timeout,na,2157,469,31,469,30,0,0,0,0,
no_demodulation,ALG/ALG020^7.p,TH0,Theorem,timeout,na,2425,729,57,729,30,0,0,0,0,
no_demodulation,ALG/ALG021^7.p,TH0,Theorem,timeout,na,3284,663,51,663,23,0,0,0,0,
no_demodulation,ALG/ALG022^7.p,TH0,Theorem,timeout,na,3274,626,48,626,24,0,0,0,0,
no_demodulation,ALG/ALG023^7.p,TH0,Unsatisfiable,no_conjecture,na,894,,,,,,,,,
no_demodulation,ALG/ALG247^2.p,TH0,Theorem,thm,yes,385,24,0,24,3,1,0,1,1,
no_demodulation,ALG/ALG248^1.p,TH0,Theorem,timeout,na,2387,970,20,970,235,64,0,1,0,
no_demodulation,ALG/ALG248^2.p,TH0,CounterSatisfiable,timeout,na,2310,1968,124,1968,97,64,0,2,0,
no_demodulation,ALG/ALG248^3.p,TH0,Theorem,timeout,na,2352,2525,36,2525,328,6,0,1,0,
no_demodulation,ALG/ALG249^3.p,TH0,Theorem,timeout,na,2341,2174,81,2174,221,45,0,5,0,
no_demodulation,ALG/ALG250^3.p,TH0,Theorem,thm,yes,318,43,1,43,5,3,0,1,1,
no_demodulation,ALG/ALG251^1.p,TH0,Theorem,timeout,na,2298,560,23,560,77,0,0,1,0,
no_demodulation,ALG/ALG251^2.p,TH0,Theorem,timeout,na,2301,1492,101,1492,42,45,0,2,0,
no_demodulation,ALG/ALG251^3.p,TH0,Theorem,timeout,na,2300,1567,93,1567,97,33,0,1,0,
no_demodulation,ALG/ALG252^1.p,TH0,Theorem,timeout,na,2280,346,20,346,26,0,0,2,0,
no_demodulation,ALG/ALG252^2.p,TH0,Theorem,timeout,na,2296,1220,87,1220,55,0,0,2,0,
no_demodulation,ALG/ALG253^1.p,TH0,Theorem,timeout,na,2265,89,8,89,2,0,0,1,0,
no_demodulation,ALG/ALG253^2.p,TH0,Theorem,timeout,na,2285,1025,46,1025,77,15,0,1,0,
no_demodulation,ALG/ALG254^1.p,TH0,Theorem,thm,yes,491,2,0,2,1,1,0,0,0,
no_demodulation,ALG/ALG254^2.p,TH0,Theorem,thm,yes,269,2,0,2,1,1,0,0,0,
no_demodulation,ALG/ALG255^1.p,TH0,Theorem,thm,yes,581,2,0,2,1,1,0,0,0,
no_demodulation,ALG/ALG256^1.p,TH0,Theorem,timeout,na,2265,19,1,19,1,0,0,0,0,
no_demodulation,ALG/ALG256^2.p,TH0,Theorem,timeout,na,2334,2247,82,2247,280,16,0,1,0,
no_demodulation,ALG/ALG257^1.p,TH0,Theorem,timeout,na,2261,17,1,17,1,0,0,0,0,
no_demodulation,ALG/ALG257^2.p,TH0,Theorem,timeout,na,2321,1940,66,1940,230,23,0,1,0,
no_demodulation,ALG/ALG258^1.p,TH0,Theorem,timeout,na,2263,23,2,23,1,0,0,0,0,
no_demodulation,ALG/ALG258^2.p,TH0,Theorem,timeout,na,2335,2152,75,2152,190,51,0,2,0,
no_demodulation,ALG/ALG259^1.p,TH0,Theorem,timeout,na,2267,13,1,13,1,0,0,0,0,
no_demodulation,ALG/ALG259^2.p,TH0,Theorem,timeout,na,2304,1694,82,1694,115,7,0,4,0,
no_demodulation,ALG/ALG260^1.p,TH0,Theorem,timeout,na,2272,13,1,13,1,0,0,0,0,
no_demodulation,ALG/ALG260^2.p,TH0,Theorem,thm,yes,2079,2164,122,2164,127,2,0,2,1,
no_demodulation,ALG/ALG261^1.p,TH0,Theorem,timeout,na,2269,6,0,6,1,0,0,0,0,
no_demodulation,ALG/ALG261^2.p,TH0,Theorem,thm,yes,1672,1845,51,1845,200,9,0,2,1,
no_demodulation,ALG/ALG262^2.p,TH0,Theorem,thm,yes,359,21,0,21,3,1,0,1,1,
no_demodulation,ALG/ALG263^1.p,TH0,Theorem,timeout,na,2272,14,1,14,1,0,0,0,0,
no_demodulation,ALG/ALG263^3.p,TH0,Theorem,timeout,na,2263,11,1,11,1,0,0,0,0,
no_demodulation,ALG/ALG264^1.p,TH0,Theorem,timeout,na,2263,14,1,14,1,0,0,0,0,
no_demodulation,ALG/ALG264^3.p,TH0,Theorem,timeout,na,2263,11,1,11,1,0,0,0,0,
no_demodulation,ALG/ALG265^2.p,TH0,Theorem,timeout,na,2302,1225,48,1225,134,18,0,1,0,
no_demodulation,ALG/ALG266^1.p,TH0,Theorem,timeout,na,2272,7,0,7,1,0,0,0,0,
no_demodulation,ALG/ALG266^2.p,TH0,Theorem,timeout,na,2286,498,13,498,57,6,0,1,0,
no_demodulation,ALG/ALG267^1.p,TH0,Theorem,timeout,na,2275,5,0,5,1,0,0,0,0,
no_demodulation,ALG/ALG267^2.p,TH0,Theorem,thm,yes,294,19,0,19,3,1,0,1,1,
no_demodulation,ALG/ALG268^1.p,TH0,Theorem,timeout,na,2268,7,0,7,1,0,0,0,0,
no_demodulation,ALG/ALG268^2.p,TH0,Theorem,timeout,na,2304,670,14,670,128,0,0,0,0,
no_demodulation,ALG/ALG268^3.p,TH0,Theorem,timeout,na,2324,2025,92,2025,126,62,0,0,0,
no_demodulation,ALG/ALG268^4.p,TH0,Theorem,thm,yes,487,28,1,28,3,1,0,1,1,
no_demodulation,ALG/ALG268^5.p,TH0,Theorem,timeout,na,2266,9,0,9,1,0,0,0,0,
no_demodulation,ALG/ALG268^6.p,TH0,Theorem,timeout,na,2317,1435,66,1435,128,67,0,0,0,
no_demodulation,ALG/ALG269^1.p,TH0,Theorem,timeout,na,2266,7,0,7,1,0,0,0,0,
no_demodulation,ALG/ALG269^2.p,TH0,Theorem,timeout,na,2300,429,12,429,50,0,0,2,0,
no_demodulation,ALG/ALG269^3.p,TH0,Theorem,timeout,na,2292,687,42,687,48,0,0,2,0,
no_demodulation,ALG/ALG269^4.p,TH0,CounterSatisfiable,timeout,na,2289,733,47,733,44,0,0,2,0,
no_demodulation,ALG/ALG270^5.p,TH0,Theorem,timeout,na,2039,1452,59,1452,112,22,0,1,0,
no_demodulation,ALG/ALG271^5.p,TH0,Theorem,timeout,na,2066,2975,175,2975,198,30,0,1,0,
no_demodulation,ALG/ALG272^5.p,TH0,Theorem,timeout,na,2096,2896,85,2896,351,33,0,1,0,
no_demodulation,ALG/ALG273^5.p,TH0,Theorem,timeout,na,2084,2773,125,2773,286,28,0,1,0,
no_demodulation,ALG/ALG274^5.p,TH0,Theorem,timeout,na,2064,2496,123,2496,224,19,0,1,0,
no_demodulation,ALG/ALG275^5.p,TH0,CounterSatisfiable,timeout,na,2074,2463,108,2463,248,23,0,1,0,
no_demodulation,ALG/ALG276^5.p,TH0,Theorem,timeout,na,2076,2651,125,2651,265,28,0,1,0,
no_demodulation,ALG/ALG277^5.p,TH0,Theorem,timeout,na,2077,2056,56,2056,267,12,0,2,0,
no_demodulation,ALG/ALG278^5.p,TH0,Theorem,timeout,na,2070,2060,59,2060,248,11,0,2,0,
no_demodulation,ALG/ALG279^5.p,TH0,Theorem,timeout,na,2070,2107,59,2107,268,13,0,2,0,
no_demodulation,ALG/ALG280^5.p,TH0,Theorem,timeout,na,2059,2066,63,2066,254,14,0,2,0,
no_demodulation,ALG/ALG281^5.p,TH0,Theorem,timeout,na,2057,1988,75,1988,219,16,0,2,0,
no_demodulation,ALG/ALG282^5.p,TH0,Theorem,timeout,na,2054,1966,59,1966,212,7,0,4,0,
no_demodulation,ALG/ALG283^5.p,TH0,Theorem,timeout,na,2056,2441,95,2441,214,6,0,4,0,
no_demodulation,ALG/ALG284^5.p,TH0,Theorem,timeout,na,2051,1727,60,1727,174,30,0,1,0,
no_demodulation,ALG/ALG285^5.p,TH0,Theorem,timeout,na,2049,2474,124,2474,207,13,0,2,0,
no_demodulation,ALG/ALG286^5.p,TH0,Theorem,timeout,na,2059,2700,113,2700,249,18,0,2,0,
no_demodulation,ALG/ALG287^5.p,TH0,Theorem,timeout,na,2056,2938,161,2938,250,22,0,1,0,
no_demodulation,ALG/ALG288^5.p,TH0,Unknown,timeout,na,2069,2174,83,2174,224,21,0,2,0,
no_demodulation,ALG/ALG289^5.p,TH0,Unknown,timeout,na,2072,2149,72,2149,240,37,0,2,0,
no_demodulation,ALG/ALG290^5.p,TH0,Theorem,timeout,na,2069,1915,54,1915,214,27,0,3,0,
no_demodulation,ALG/ALG291^5.p,TH0,Unknown,timeout,na,2070,2098,116,2098,172,1,0,0,0,
no_demodulation,ALG/ALG292^5.p,TH0,Theorem,timeout,na,2086,2383,100,2383,226,33,0,1,0,
no_demodulation,ALG/ALG293^5.p,TH0,Unknown,timeout,na,2066,1827,86,1827,163,1,0,2,0,
no_demodulation,ALG/ALG294^5.p,TH0,Theorem,timeout,na,2057,962,42,962,74,14,0,1,0,
no_demodulation,ALG/ALG295^5.p,TH0,Unknown,timeout,na,2066,2255,109,2255,197,41,0,2,0,
no_demodulation,ALG/ALG296^5.p,TH0,Unknown,timeout,na,2057,1326,35,1326,168,2,0,4,0,
no_demodulation,ALG/ALG297^5.p,TH0,Unknown,timeout,na,2050,1657,96,1657,103,0,0,2,0,
no_demodulation,ALG/ALG298^5.p,TH0,Theorem,timeout,na,2051,1801,87,1801,131,18,0,1,0,
no_demodulation,ALG/ALG444^1.p,TH0,Satisfiable,no_conjecture,na,264,,,,,,,,,
no_demodulation,ANA/ANA046^1.p,TH1,Theorem,parse_timeout,na,0,,,,,,,,,cached: parse exceeded 5000ms
no_demodulation,ANA/ANA047^1.p,TH1,Theorem,parse_timeout,na,0,,,,,,,,,cached: parse exceeded 5000ms
no_demodulation,ANA/ANA048^1.p,TH1,Theorem,parse_timeout,na,0,,,,,,,,,cached: parse exceeded 5000ms
no_demodulation,ANA/ANA049^1.p,TH1,Theorem,parse_timeout,na,0,,,,,,,,,cached: parse exceeded 5000ms
no_demodulation,ANA/ANA050^1.p,TH1,Theorem,parse_timeout,na,0,,,,,,,,,cached: parse exceeded 5000ms
no_demodulation,ANA/ANA051^1.p,TH1,Theorem,parse_timeout,na,0,,,,,,,,,cached: parse exceeded 5000ms
no_demodulation,ANA/ANA052^1.p,TH1,Theorem,parse_timeout,na,0,,,,,,,,,cached: parse exceeded 5000ms
no_demodulation,ANA/ANA053^1.p,TH1,Theorem,parse_timeout,na,0,,,,,,,,,cached: parse exceeded 5000ms
no_demodulation,ANA/ANA054^1.p,TH1,Theorem,parse_timeout,na,0,,,,,,,,,cached: parse exceeded 5000ms
no_demodulation,ANA/ANA055^1.p,TH1,Theorem,parse_timeout,na,0,,,,,,,,,cached: parse exceeded 5000ms
no_demodulation,ANA/ANA056^1.p,TH1,Theorem,parse_timeout,na,0,,,,,,,,,cached: parse exceeded 5000ms
no_demodulation,ANA/ANA057^1.p,TH1,Theorem,parse_timeout,na,0,,,,,,,,,cached: parse exceeded 5000ms
no_demodulation,ANA/ANA058^1.p,TH1,Theorem,parse_timeout,na,0,,,,,,,,,cached: parse exceeded 5000ms
no_demodulation,ANA/ANA059^1.p,TH1,Theorem,parse_timeout,na,0,,,,,,,,,cached: parse exceeded 5000ms
no_demodulation,ANA/ANA060^1.p,TH1,Theorem,parse_timeout,na,0,,,,,,,,,cached: parse exceeded 5000ms
no_demodulation,ANA/ANA061^1.p,TH1,Theorem,parse_timeout,na,0,,,,,,,,,cached: parse exceeded 5000ms
no_demodulation,ANA/ANA062^1.p,TH1,Theorem,parse_timeout,na,0,,,,,,,,,cached: parse exceeded 5000ms
no_demodulation,ANA/ANA063^1.p,TH1,Theorem,parse_timeout,na,0,,,,,,,,,cached: parse exceeded 5000ms
no_demodulation,ANA/ANA064^1.p,TH1,Theorem,parse_timeout,na,0,,,,,,,,,cached: parse exceeded 5000ms
no_demodulation,ANA/ANA065^1.p,TH1,Theorem,parse_timeout,na,0,,,,,,,,,cached: parse exceeded 5000ms
no_demodulation,ANA/ANA066^1.p,TH1,Theorem,parse_timeout,na,0,,,,,,,,,cached: parse exceeded 5000ms
no_demodulation,ANA/ANA067^1.p,TH1,Theorem,parse_timeout,na,0,,,,,,,,,cached: parse exceeded 5000ms
no_demodulation,ANA/ANA068^1.p,TH1,Theorem,timeout,na,2220,5564,6,5564,223,328,0,0,0,
no_demodulation,ANA/ANA069^1.p,TH1,Theorem,timeout,na,2170,4184,18,4184,209,98,0,0,0,
no_demodulation,ANA/ANA070^1.p,TH1,Theorem,timeout,na,2173,4325,27,4325,251,57,0,0,0,
no_demodulation,ANA/ANA071^1.p,TH1,Theorem,timeout,na,2149,4096,17,4096,256,64,0,0,0,
no_demodulation,ANA/ANA072^1.p,TH1,Theorem,timeout,na,2152,4048,13,4048,291,114,0,0,0,
no_demodulation,ANA/ANA073^1.p,TH1,ContradictoryAxioms,timeout,na,2103,3281,57,3281,240,66,0,0,0,
no_demodulation,ANA/ANA074^1.p,TH1,Theorem,timeout,na,2079,2157,38,2157,249,38,0,0,0,
no_demodulation,ANA/ANA075^1.p,TH1,Theorem,timeout,na,2097,2439,53,2439,229,22,0,2,0,
no_demodulation,ANA/ANA076^1.p,TH1,Theorem,timeout,na,2136,4097,50,4097,235,68,0,0,0,
no_demodulation,ANA/ANA077^1.p,TH1,Theorem,timeout,na,2094,2704,19,2704,177,118,0,0,0,
no_demodulation,ANA/ANA078^1.p,TH1,Theorem,timeout,na,2031,783,21,783,105,24,0,0,0,
no_demodulation,ANA/ANA079^1.p,TH1,Theorem,timeout,na,2172,3962,56,3962,827,51,0,1,0,
no_demodulation,ANA/ANA080^1.p,TH1,Theorem,timeout,na,2137,4121,80,4121,229,33,0,0,0,
no_demodulation,ANA/ANA081^1.p,TH1,Theorem,timeout,na,2187,4509,15,4509,247,92,0,0,0,
no_demodulation,ANA/ANA082^1.p,TH1,Theorem,timeout,na,2187,4295,3,4295,272,57,0,0,0,
no_demodulation,ANA/ANA083^1.p,TH1,Theorem,timeout,na,2164,4381,12,4381,294,154,0,0,0,
no_demodulation,ANA/ANA084^1.p,TH1,Theorem,timeout,na,2132,3920,16,3920,283,95,0,0,0,
no_demodulation,ANA/ANA085^1.p,TH1,ContradictoryAxioms,timeout,na,2211,5912,145,5912,228,273,0,0,0,
no_demodulation,ANA/ANA086^1.p,TH1,Theorem,timeout,na,2118,3533,36,3533,209,61,0,0,0,
no_demodulation,ANA/ANA087^1.p,TH1,Theorem,timeout,na,2087,2489,80,2489,205,45,0,2,0,
no_demodulation,ANA/ANA088^1.p,TH1,Theorem,timeout,na,2117,3848,63,3848,220,62,0,0,0,
no_demodulation,ANA/ANA089^1.p,TH1,Theorem,timeout,na,2076,2294,40,2294,193,93,0,0,0,
no_demodulation,ANA/ANA090^1.p,TH1,Theorem,timeout,na,2114,3106,114,3106,286,0,0,2,0,
no_demodulation,ANA/ANA091^1.p,TH1,Theorem,timeout,na,2161,3311,39,3311,749,86,0,1,0,
no_demodulation,ANA/ANA092^1.p,TH1,Theorem,timeout,na,2181,4437,75,4437,229,38,0,0,0,
no_demodulation,ANA/ANA093^1.p,TH1,ContradictoryAxioms,timeout,na,2039,1324,39,1324,121,29,0,1,0,
no_demodulation,ANA/ANA094^1.p,TH1,ContradictoryAxioms,timeout,na,2031,1281,59,1281,100,12,0,1,0,
no_demodulation,ANA/ANA095^1.p,TH1,Theorem,timeout,na,2049,642,20,642,83,4,0,0,0,
no_demodulation,ANA/ANA096^1.p,TH1,Theorem,timeout,na,2082,1385,47,1385,169,25,0,0,0,
no_demodulation,ANA/ANA097^1.p,TH1,Theorem,timeout,na,2055,975,44,975,93,20,0,0,0,
no_demodulation,ANA/ANA098^1.p,TH1,Theorem,timeout,na,2035,543,29,543,29,7,0,2,0,
no_demodulation,ANA/ANA099^1.p,TH1,Theorem,timeout,na,2044,636,20,636,60,14,0,0,0,
no_demodulation,ANA/ANA100^1.p,TH1,Theorem,timeout,na,2040,1510,85,1510,89,16,0,1,0,
no_demodulation,ANA/ANA101^1.p,TH1,Theorem,timeout,na,2070,1880,68,1880,194,48,0,1,0,
no_demodulation,ANA/ANA102^1.p,TH1,Theorem,timeout,na,2174,3669,34,3669,302,176,0,0,0,
no_demodulation,ANA/ANA103^1.p,TH1,Theorem,timeout,na,2058,514,22,514,58,0,0,1,0,
no_demodulation,ANA/ANA104^1.p,TH1,ContradictoryAxioms,timeout,na,2045,460,22,460,32,10,0,0,0,
no_demodulation,ANA/ANA105^1.p,TH1,Theorem,timeout,na,2059,1609,78,1609,147,7,0,0,0,
no_demodulation,ANA/ANA106^1.p,TH1,Theorem,timeout,na,2055,1463,54,1463,128,6,0,0,0,
no_demodulation,ANA/ANA107^1.p,TH1,Theorem,timeout,na,2054,1727,67,1727,209,0,0,0,0,
no_demodulation,ANA/ANA108^1.p,TH1,Theorem,timeout,na,2158,4554,88,4554,186,118,0,0,0,
no_demodulation,ANA/ANA109^1.p,TH1,Theorem,timeout,na,2044,1382,42,1382,147,17,0,1,0,
no_demodulation,ANA/ANA110^1.p,TH1,Theorem,timeout,na,2053,1997,118,1995,117,12,0,1,0,
no_demodulation,ANA/ANA111^1.p,TH1,Theorem,timeout,na,2071,1999,99,1993,178,6,0,1,0,
no_demodulation,ANA/ANA112^1.p,TH1,Theorem,timeout,na,2044,1249,62,1249,114,20,0,0,0,
no_demodulation,ANA/ANA113^1.p,TH1,Theorem,timeout,na,2034,1519,94,1519,80,25,0,0,0,
no_demodulation,ANA/ANA114^1.p,TH1,CounterSatisfiable,timeout,na,2070,2156,113,2156,176,0,0,1,0,
no_demodulation,ANA/ANA115^1.p,TH1,Theorem,timeout,na,2033,1271,61,1271,80,19,0,0,0,
no_demodulation,ANA/ANA116^1.p,TH1,Theorem,timeout,na,2047,645,26,641,42,19,0,1,0,
no_demodulation,ANA/ANA117^1.p,TH1,Theorem,timeout,na,2051,1287,60,1279,88,26,0,4,0,
no_demodulation,ANA/ANA118^1.p,TH1,Theorem,timeout,na,2073,1523,24,1523,201,54,0,1,0,
no_demodulation,ANA/ANA119^1.p,TH1,Theorem,timeout,na,2055,1547,58,1547,135,22,0,1,0,
no_demodulation,ANA/ANA120^1.p,TH1,Theorem,timeout,na,2048,550,26,550,45,0,0,1,0,
no_demodulation,ANA/ANA121^1.p,TH1,Theorem,timeout,na,2070,705,31,705,52,0,0,1,0,
no_demodulation,ANA/ANA122^1.p,TH1,Theorem,timeout,na,2041,2033,141,2033,84,9,0,1,0,
no_demodulation,ANA/ANA123^1.p,TH1,Theorem,timeout,na,2046,2182,100,2182,178,8,0,3,0,
no_demodulation,ANA/ANA124^1.p,TH1,Theorem,timeout,na,2035,1263,84,1263,52,14,0,7,0,
no_demodulation,ANA/ANA125^1.p,TH0,Theorem,timeout,na,2035,1928,101,1929,134,11,0,4,0,
no_demodulation,ANA/ANA126^1.p,TH0,Theorem,timeout,na,2057,1868,86,1868,157,16,0,2,0,
no_demodulation,ANA/ANA127^1.p,TH0,Theorem,timeout,na,2084,1965,55,1965,264,66,0,2,0,
no_demodulation,ANA/ANA128^1.p,TH1,Theorem,timeout,na,2028,250,15,250,10,0,0,2,0,
no_demodulation,ANA/ANA129^1.p,TH0,Theorem,timeout,na,2064,1700,35,1700,275,7,0,1,0,
no_demodulation,ANA/ANA130^1.p,TH1,Theorem,timeout,na,2098,1880,81,1880,190,4,0,1,0,
no_demodulation,ANA/ANA131^1.p,TH1,Theorem,timeout,na,2034,390,17,390,40,0,0,1,0,
no_demodulation,ANA/ANA132^1.p,TH1,Theorem,timeout,na,2053,521,18,521,44,6,0,1,0,
no_demodulation,CAT/CAT038^1.p,TH0,Theorem,timeout,na,2045,2763,158,2763,156,9,0,2,0,
no_demodulation,CAT/CAT038^2.p,TH0,Theorem,timeout,na,2052,2819,130,2819,229,18,0,2,0,
no_demodulation,CAT/CAT039^1.p,unknown,Theorem,parser_error,na,0,,,,,,,,,cached: Syntax Error: expected ' ' or ']' in !> binder  got [{:colon  ":"  1679}  {:atom  "obj"  1681}  {:rbracket  "]"  1684}  {:colon  ":"  1686}  {:lparen  "("  1688}  {:atom  "mor"  1690}  {:app  "@"  169
no_demodulation,CAT/CAT040^1.p,unknown,Theorem,parser_error,na,0,,,,,,,,,cached: Syntax Error: expected ' ' or ']' in !> binder  got [{:colon  ":"  1679}  {:atom  "obj"  1681}  {:rbracket  "]"  1684}  {:colon  ":"  1686}  {:lparen  "("  1688}  {:atom  "mor"  1690}  {:app  "@"  169
no_demodulation,CAT/CAT041^1.p,unknown,Theorem,parser_error,na,0,,,,,,,,,cached: Syntax Error: expected ' ' or ']' in !> binder  got [{:colon  ":"  1679}  {:atom  "obj"  1681}  {:rbracket  "]"  1684}  {:colon  ":"  1686}  {:lparen  "("  1688}  {:atom  "mor"  1690}  {:app  "@"  169
no_demodulation,CAT/CAT042^1.p,unknown,Theorem,parser_error,na,0,,,,,,,,,cached: Syntax Error: expected ' ' or ']' in !> binder  got [{:colon  ":"  1679}  {:atom  "obj"  1681}  {:rbracket  "]"  1684}  {:colon  ":"  1686}  {:lparen  "("  1688}  {:atom  "mor"  1690}  {:app  "@"  169
no_demodulation,CAT/CAT043^1.p,unknown,Theorem,parser_error,na,0,,,,,,,,,cached: Syntax Error: expected ' ' or ']' in !> binder  got [{:colon  ":"  1679}  {:atom  "obj"  1681}  {:rbracket  "]"  1684}  {:colon  ":"  1686}  {:lparen  "("  1688}  {:atom  "mor"  1690}  {:app  "@"  169
no_demodulation,COL/COL125^1.p,TH0,Unknown,timeout,na,2486,0,0,0,1,0,0,0,0,
no_demodulation,COL/COL126^1.p,TH0,Unknown,timeout,na,2501,0,0,0,1,0,0,0,0,
no_demodulation,COM/COM024^5.p,TH0,Theorem,timeout,na,2039,1421,24,1421,176,8,0,4,0,
no_demodulation,COM/COM152^1.p,TH1,Theorem,timeout,na,3183,203,20,203,1,0,0,0,0,
no_demodulation,COM/COM153^1.p,TH1,Theorem,timeout,na,3057,0,0,0,1,0,0,0,0,
no_demodulation,COM/COM154^1.p,TH1,Theorem,timeout,na,2724,2914,120,2914,208,250,0,0,0,
no_demodulation,COM/COM155^1.p,TH1,Theorem,timeout,na,2857,0,0,0,1,0,0,0,0,
no_demodulation,COM/COM156^1.p,TH1,Theorem,timeout,na,2910,0,0,0,1,0,0,0,0,
no_demodulation,COM/COM157^1.p,TH1,Theorem,timeout,na,3180,0,0,0,1,0,0,0,0,
no_demodulation,COM/COM158^1.p,TH1,Theorem,timeout,na,2411,3697,246,3697,86,173,0,1,0,
no_demodulation,COM/COM159^1.p,TH1,Theorem,timeout,na,3004,0,0,0,1,0,0,0,0,
no_demodulation,COM/COM160^1.p,TH1,Theorem,timeout,na,3050,0,0,0,1,0,0,0,0,
no_demodulation,COM/COM161^1.p,TH1,Theorem,timeout,na,2803,0,0,0,1,0,0,0,0,
no_demodulation,COM/COM162^1.p,TH1,Theorem,timeout,na,2507,1452,95,1452,96,0,0,0,0,
no_demodulation,COM/COM163^1.p,TH1,Theorem,timeout,na,3064,1753,78,1753,490,0,0,1,0,
no_demodulation,COM/COM164^1.p,TH1,Theorem,timeout,na,2555,1488,114,1488,52,14,0,1,0,
no_demodulation,COM/COM165^1.p,TH1,Theorem,timeout,na,2559,1528,115,1528,102,3,0,0,0,
no_demodulation,COM/COM166^1.p,TH1,Theorem,timeout,na,2513,1565,120,1565,63,0,0,0,0,
no_demodulation,COM/COM167^1.p,TH1,Theorem,timeout,na,2666,1212,62,1212,83,42,0,0,0,
no_demodulation,COM/COM168^1.p,TH1,Theorem,timeout,na,2677,1270,82,1270,119,2,0,0,0,
no_demodulation,COM/COM169^1.p,TH1,Theorem,timeout,na,2661,1445,93,1445,143,13,0,0,0,
no_demodulation,COM/COM170^1.p,TH1,Theorem,timeout,na,2714,1371,76,1371,180,0,0,0,0,
no_demodulation,COM/COM171^1.p,TH1,Theorem,timeout,na,2706,166,16,166,1,0,0,0,0,
no_demodulation,COM/COM172^1.p,TH1,Theorem,timeout,na,2769,960,87,960,16,0,0,0,0,
no_demodulation,COM/COM173^1.p,TH1,Theorem,timeout,na,2786,0,0,0,1,0,0,0,0,
no_demodulation,COM/COM174^1.p,TH1,Theorem,timeout,na,2813,815,52,815,30,0,0,0,0,
no_demodulation,COM/COM175^1.p,TH1,Theorem,timeout,na,2811,0,0,0,1,0,0,0,0,
no_demodulation,COM/COM176^1.p,TH1,Theorem,timeout,na,2603,1078,68,1078,74,31,0,0,0,
no_demodulation,COM/COM177^1.p,TH1,Theorem,timeout,na,2725,597,35,597,62,0,0,0,0,
no_demodulation,COM/COM178^1.p,TH1,Theorem,timeout,na,2908,0,0,0,1,0,0,0,0,
no_demodulation,COM/COM179^1.p,TH1,Theorem,timeout,na,2721,689,42,689,61,0,0,0,0,
no_demodulation,COM/COM180^1.p,TH1,Theorem,timeout,na,2773,0,0,0,1,0,0,0,0,
no_demodulation,COM/COM181^1.p,TH1,Theorem,timeout,na,2648,658,60,658,16,0,0,0,0,
no_demodulation,COM/COM182^1.p,TH1,Theorem,timeout,na,2795,0,0,0,1,0,0,0,0,
no_demodulation,COM/COM183^1.p,TH1,Theorem,timeout,na,2587,1070,51,1070,111,35,0,0,0,
no_demodulation,COM/COM184^1.p,TH1,Theorem,timeout,na,2835,0,0,0,1,0,0,0,0,
no_demodulation,COM/COM185^1.p,TH1,Theorem,timeout,na,2840,0,0,0,1,0,0,0,0,
no_demodulation,COM/COM186^1.p,TH1,Theorem,timeout,na,2723,0,0,0,1,0,0,0,0,
no_demodulation,COM/COM187^1.p,TH1,Theorem,timeout,na,2995,0,0,0,1,0,0,0,0,
no_demodulation,COM/COM188^1.p,TH1,Theorem,timeout,na,2725,0,0,0,1,0,0,0,0,
no_demodulation,COM/COM189^1.p,TH1,Theorem,timeout,na,2767,0,0,0,1,0,0,0,0,
no_demodulation,COM/COM190^1.p,TH1,Theorem,thm,yes,736,1,0,1,1,1,0,0,0,
no_demodulation,COM/COM191^1.p,TH1,Theorem,timeout,na,2725,0,0,0,1,0,0,0,0,
no_demodulation,COM/COM192^1.p,TH1,Theorem,timeout,na,2932,0,0,0,1,0,0,0,0,
no_demodulation,COM/COM193^1.p,TH1,Theorem,timeout,na,2525,1265,83,1265,75,6,0,0,0,
no_demodulation,COM/COM194^1.p,TH1,Theorem,timeout,na,2737,0,0,0,1,0,0,0,0,
no_demodulation,COM/COM195^1.p,TH1,Theorem,thm,yes,975,16,1,16,1,1,0,0,0,
no_demodulation,COM/COM196^1.p,TH1,Theorem,timeout,na,2586,876,50,876,87,2,0,0,0,
no_demodulation,COM/COM197^1.p,TH1,Theorem,timeout,na,2977,243,24,243,1,0,0,0,0,
no_demodulation,COM/COM198^1.p,TH1,Theorem,timeout,na,3755,359,15,359,159,0,0,3,0,
no_demodulation,COM/COM199^1.p,TH1,Theorem,timeout,na,3865,338,10,338,192,0,0,2,0,
no_demodulation,COM/COM200^1.p,TH1,Theorem,timeout,na,2946,2710,32,2710,479,0,0,0,0,
no_demodulation,COM/COM201^1.p,TH1,Theorem,timeout,na,3020,874,40,874,336,0,0,1,0,
no_demodulation,COM/COM202^1.p,TH1,Theorem,timeout,na,2831,104,10,104,1,0,0,0,0,
no_demodulation,COM/COM203^1.p,TH1,Theorem,timeout,na,2855,480,41,480,16,0,0,0,0,
no_demodulation,COM/COM204^1.p,TH1,Theorem,timeout,na,2968,55,5,55,1,0,0,0,0,
no_demodulation,COM/COM205^1.p,TH1,Theorem,timeout,na,2772,591,54,591,16,0,0,0,0,
no_demodulation,COM/COM206^1.p,TH1,Theorem,timeout,na,2930,87,8,87,1,0,0,0,0,
no_demodulation,COM/COM207^1.p,TH1,Theorem,timeout,na,2919,60,6,60,1,0,0,0,0,
no_demodulation,COM/COM208^1.p,TH1,Theorem,timeout,na,2917,75,7,75,1,0,0,0,0,
no_demodulation,COM/COM209^1.p,TH1,Theorem,timeout,na,2934,93,9,93,1,0,0,0,0,
no_demodulation,COM/COM210^1.p,TH1,Theorem,timeout,na,2687,84,8,84,1,0,0,0,0,
no_demodulation,COM/COM211^1.p,TH1,Theorem,timeout,na,2858,61,6,61,1,0,0,0,0,
no_demodulation,CSR/CSR119^1.p,TH0,Theorem,timeout,na,2009,372,0,346,14,63,0,2,0,
no_demodulation,CSR/CSR119^2.p,TH0,Theorem,timeout,na,2124,680,45,680,32,4,0,0,0,
no_demodulation,CSR/CSR119^3.p,TH0,Theorem,timeout,na,5365,255,25,255,1,0,0,0,0,
no_demodulation,CSR/CSR120^1.p,TH0,Theorem,timeout,na,2008,401,0,375,14,68,0,2,0,
no_demodulation,CSR/CSR120^2.p,TH0,Theorem,timeout,na,2114,604,42,604,24,4,0,0,0,
no_demodulation,CSR/CSR120^3.p,TH0,Theorem,timeout,na,5383,253,25,253,1,0,0,0,0,
no_demodulation,CSR/CSR121^1.p,TH0,Theorem,thm,yes,188,792,3,777,30,121,0,1,1,
no_demodulation,CSR/CSR121^2.p,TH0,Theorem,timeout,na,2117,591,38,591,24,8,0,0,0,
no_demodulation,CSR/CSR122^1.p,TH0,Theorem,thm,yes,34,33,0,31,2,5,0,1,1,
no_demodulation,CSR/CSR122^2.p,TH0,Theorem,timeout,na,2089,306,24,306,6,2,0,0,0,
no_demodulation,CSR/CSR123^1.p,TH0,Theorem,timeout,na,2008,286,12,278,9,22,0,1,0,
no_demodulation,CSR/CSR123^2.p,TH0,Theorem,timeout,na,2090,328,31,328,4,0,0,0,0,
no_demodulation,CSR/CSR124^1.p,TH0,Theorem,thm,yes,36,61,0,55,4,13,0,0,0,
no_demodulation,CSR/CSR124^2.p,TH0,Theorem,timeout,na,2104,488,33,484,12,13,0,0,0,
no_demodulation,CSR/CSR125^1.p,TH0,Theorem,thm,yes,31,60,0,59,4,7,0,1,1,
no_demodulation,CSR/CSR125^2.p,TH0,Theorem,timeout,na,2183,630,42,630,39,4,0,0,0,
no_demodulation,CSR/CSR126^1.p,TH0,Theorem,thm,yes,702,2373,0,2280,53,439,0,1,1,
no_demodulation,CSR/CSR126^2.p,TH0,Theorem,timeout,na,2223,1548,91,1529,56,61,0,0,0,
no_demodulation,CSR/CSR127^1.p,TH0,Theorem,timeout,na,2304,5467,2,5224,157,1035,0,3,0,
no_demodulation,CSR/CSR127^2.p,TH0,Theorem,timeout,na,2167,956,53,956,42,25,0,0,0,
no_demodulation,CSR/CSR128^1.p,TH0,Theorem,timeout,na,2351,6441,36,6150,136,1065,0,0,0,
no_demodulation,CSR/CSR128^2.p,TH0,Theorem,timeout,na,2234,1343,73,1343,64,40,0,0,0,
no_demodulation,CSR/CSR129^1.p,TH0,Theorem,timeout,na,2123,3771,9,3703,431,0,0,0,0,
no_demodulation,CSR/CSR129^2.p,TH0,Theorem,timeout,na,2169,4457,4,4457,412,28,0,0,0,
no_demodulation,CSR/CSR130^1.p,TH0,Theorem,timeout,na,2116,3388,5,3388,490,0,0,0,0,
no_demodulation,CSR/CSR130^2.p,TH0,Theorem,timeout,na,2155,3713,4,3713,397,28,0,0,0,
no_demodulation,CSR/CSR131^1.p,TH0,Theorem,timeout,na,2228,7354,0,7354,509,0,0,0,0,
no_demodulation,CSR/CSR131^2.p,TH0,Theorem,timeout,na,2303,6641,4,6641,253,440,0,0,0,
no_demodulation,CSR/CSR132^1.p,TH0,Theorem,timeout,na,2136,5893,175,5893,498,0,0,0,0,
no_demodulation,CSR/CSR132^2.p,TH0,Theorem,timeout,na,2197,2311,47,2311,124,122,0,0,0,
no_demodulation,CSR/CSR133^1.p,TH0,Theorem,timeout,na,2256,8036,0,8036,495,0,0,0,0,
no_demodulation,CSR/CSR133^2.p,TH0,Theorem,timeout,na,2267,6312,4,6313,252,392,0,0,0,
no_demodulation,CSR/CSR134^1.p,TH0,Theorem,timeout,na,2280,9069,0,9069,495,0,0,0,0,
no_demodulation,CSR/CSR134^2.p,TH0,Theorem,timeout,na,2279,6450,4,6450,253,412,0,0,0,
no_demodulation,CSR/CSR135^1.p,TH0,Theorem,thm,yes,29,13,0,13,2,0,0,1,1,
no_demodulation,CSR/CSR135^2.p,TH0,Theorem,thm,yes,32,13,0,13,2,0,0,1,1,
no_demodulation,CSR/CSR136^1.p,TH0,Theorem,thm,yes,1158,23,0,23,3,0,0,2,1,
no_demodulation,CSR/CSR136^2.p,TH0,Theorem,thm,yes,1894,27,0,27,3,0,0,2,1,
no_demodulation,CSR/CSR137^1.p,TH0,Theorem,timeout,na,2036,1214,55,1214,74,37,0,1,0,
no_demodulation,CSR/CSR137^2.p,TH0,Theorem,timeout,na,2081,623,25,623,84,10,0,1,0,
no_demodulation,CSR/CSR138^1.p,TH0,Theorem,timeout,na,2042,739,35,739,70,14,0,1,0,
no_demodulation,CSR/CSR138^2.p,TH0,Theorem,timeout,na,2144,381,30,381,16,0,0,0,0,
no_demodulation,CSR/CSR139^1.p,TH0,Theorem,timeout,na,2043,1326,97,1326,65,24,0,1,0,
no_demodulation,CSR/CSR139^2.p,TH0,Theorem,timeout,na,2112,1160,44,1160,233,10,0,0,0,
no_demodulation,CSR/CSR140^1.p,TH0,Theorem,thm,yes,47,17,1,17,2,0,0,1,1,
no_demodulation,CSR/CSR140^2.p,TH0,Theorem,timeout,na,2072,749,32,749,123,10,0,1,0,
no_demodulation,CSR/CSR141^1.p,TH0,Theorem,timeout,na,2269,6429,36,6409,243,173,0,0,0,
no_demodulation,CSR/CSR141^2.p,TH0,Theorem,timeout,na,2210,1674,63,1672,222,3,0,0,0,
no_demodulation,CSR/CSR141^3.p,TH0,CounterSatisfiable,unk,na,12,26,0,24,3,3,0,0,0,
no_demodulation,CSR/CSR142^1.p,TH0,Theorem,timeout,na,2023,345,12,345,36,4,0,2,0,
no_demodulation,CSR/CSR142^2.p,TH0,Theorem,timeout,na,2178,475,28,475,37,0,0,0,0,
no_demodulation,CSR/CSR142^3.p,TH0,CounterSatisfiable,timeout,na,2005,1379,182,1379,1,0,0,0,0,
no_demodulation,CSR/CSR143^1.p,TH0,Theorem,timeout,na,2016,508,25,504,36,10,0,0,0,
no_demodulation,CSR/CSR143^2.p,TH0,Theorem,timeout,na,2151,590,53,590,4,2,0,0,0,
no_demodulation,CSR/CSR143^3.p,TH0,CounterSatisfiable,timeout,na,2149,6748,239,6744,279,296,0,0,0,
no_demodulation,CSR/CSR144^1.p,TH0,Theorem,timeout,na,2035,1121,29,1121,166,9,0,0,0,
no_demodulation,CSR/CSR144^2.p,TH0,Theorem,timeout,na,2161,383,38,383,2,0,0,0,0,
no_demodulation,CSR/CSR144^3.p,TH0,CounterSatisfiable,timeout,na,2310,10408,41,10408,237,819,0,0,0,
no_demodulation,CSR/CSR145^1.p,TH0,Theorem,timeout,na,2028,372,7,372,40,22,0,2,0,
no_demodulation,CSR/CSR145^2.p,TH0,Theorem,timeout,na,2166,381,38,381,1,0,0,0,0,
no_demodulation,CSR/CSR145^3.p,TH0,CounterSatisfiable,timeout,na,2041,1119,13,1119,204,93,0,5,0,
no_demodulation,CSR/CSR146^1.p,TH0,Theorem,timeout,na,2026,510,24,506,40,15,0,0,0,
no_demodulation,CSR/CSR146^2.p,TH0,Theorem,timeout,na,2173,297,29,297,1,0,0,0,0,
no_demodulation,CSR/CSR146^3.p,TH0,Theorem,timeout,na,2018,513,29,509,32,10,0,0,0,
no_demodulation,CSR/CSR148^1.p,TH0,Theorem,timeout,na,2174,5407,55,5218,56,765,0,2,0,
no_demodulation,CSR/CSR148^2.p,TH0,Theorem,timeout,na,2213,810,42,790,48,27,0,0,0,
no_demodulation,CSR/CSR148^3.p,TH0,ContradictoryAxioms,timeout,na,5431,253,25,253,1,0,0,0,0,
no_demodulation,CSR/CSR149^1.p,TH0,Theorem,thm,yes,1436,4140,48,3904,83,621,0,1,1,
no_demodulation,CSR/CSR149^2.p,TH0,Theorem,timeout,na,2196,804,42,783,48,29,0,0,0,
no_demodulation,CSR/CSR149^3.p,TH0,ContradictoryAxioms,timeout,na,5380,253,25,253,1,0,0,0,0,
no_demodulation,CSR/CSR150^1.p,TH0,Theorem,timeout,na,2109,4006,68,4006,212,45,0,0,0,
no_demodulation,CSR/CSR150^2.p,TH0,Theorem,timeout,na,2161,468,32,468,24,0,0,0,0,
no_demodulation,CSR/CSR150^3.p,TH0,Theorem,timeout,na,5389,249,24,249,1,0,0,0,0,
no_demodulation,CSR/CSR151^1.p,TH0,Theorem,thm,yes,53,145,0,132,7,31,0,0,0,
no_demodulation,CSR/CSR151^2.p,TH0,Theorem,timeout,na,2135,562,35,562,24,10,0,0,0,
no_demodulation,CSR/CSR151^3.p,TH0,Theorem,timeout,na,5349,254,25,254,1,0,0,0,0,
no_demodulation,CSR/CSR152^1.p,TH0,Theorem,thm,yes,47,100,0,90,5,17,0,1,1,
no_demodulation,CSR/CSR152^2.p,TH0,Theorem,thm,yes,1890,1654,21,1632,523,54,0,1,1,
no_demodulation,CSR/CSR152^3.p,TH0,ContradictoryAxioms,timeout,na,5334,254,25,254,1,0,0,0,0,
no_demodulation,CSR/CSR153^1.p,TH0,Theorem,timeout,na,2185,5069,66,5069,643,263,0,2,0,
no_demodulation,CSR/CSR153^2.p,TH0,Theorem,timeout,na,2089,548,37,548,24,0,0,1,0,
no_demodulation,CSR/CSR153^3.p,TH0,ContradictoryAxioms,timeout,na,5423,250,25,250,1,0,0,0,0,
no_demodulation,DAT/DAT002^1.p,TH0,Theorem,timeout,na,2219,4201,12,4201,210,96,0,0,0,
no_demodulation,DAT/DAT056^1.p,TH0,Theorem,timeout,na,2064,1684,40,1684,183,54,0,1,0,
no_demodulation,DAT/DAT056^2.p,TH0,Theorem,timeout,na,2071,2197,45,2197,413,2,0,4,0,
no_demodulation,DAT/DAT113^1.p,TH1,Theorem,timeout,na,3067,1114,37,1114,463,6,0,1,0,
no_demodulation,DAT/DAT114^1.p,TH1,Theorem,timeout,na,2713,805,69,805,16,0,0,0,0,
no_demodulation,DAT/DAT115^1.p,TH1,Theorem,timeout,na,2812,1011,92,1011,16,0,0,0,0,
no_demodulation,DAT/DAT117^1.p,TH1,Theorem,timeout,na,2723,1090,99,1090,18,0,0,0,0,
no_demodulation,DAT/DAT118^1.p,TH1,Theorem,timeout,na,2906,1347,103,1347,64,0,0,0,0,
no_demodulation,DAT/DAT119^1.p,TH1,Theorem,timeout,na,2405,0,0,0,1,0,0,0,0,
no_demodulation,DAT/DAT120^1.p,TH1,Theorem,timeout,na,2567,0,0,0,1,0,0,0,0,
no_demodulation,DAT/DAT121^1.p,TH1,Theorem,timeout,na,2466,1650,119,1650,40,20,0,0,0,
no_demodulation,DAT/DAT122^1.p,TH1,Theorem,timeout,na,2769,0,0,0,1,0,0,0,0,
no_demodulation,DAT/DAT123^1.p,TH1,Theorem,timeout,na,3074,3555,24,3555,490,6,0,0,0,
no_demodulation,DAT/DAT124^1.p,TH1,Theorem,timeout,na,2723,1877,108,1877,170,0,0,0,0,
no_demodulation,DAT/DAT125^1.p,TH1,Theorem,timeout,na,2845,288,25,288,4,0,0,0,0,
no_demodulation,DAT/DAT126^1.p,TH1,Theorem,timeout,na,2499,6,0,6,1,0,0,0,0,
no_demodulation,DAT/DAT127^1.p,TH1,Theorem,timeout,na,2983,2655,139,2655,378,12,0,1,0,
no_demodulation,DAT/DAT128^1.p,TH1,Theorem,timeout,na,2874,2083,50,2083,247,0,0,0,0,
no_demodulation,DAT/DAT129^1.p,TH1,Theorem,timeout,na,2598,3518,142,3518,262,308,0,1,0,
no_demodulation,DAT/DAT130^1.p,TH1,Theorem,timeout,na,2697,0,0,0,1,0,0,0,0,
no_demodulation,DAT/DAT131^1.p,TH1,Theorem,timeout,na,2819,0,0,0,1,0,0,0,0,
no_demodulation,DAT/DAT132^1.p,TH1,Theorem,timeout,na,2735,0,0,0,1,0,0,0,0,
no_demodulation,DAT/DAT133^1.p,TH1,Theorem,timeout,na,2849,1417,82,1417,216,22,0,1,0,
no_demodulation,DAT/DAT134^1.p,TH1,Theorem,timeout,na,2906,0,0,0,1,0,0,0,0,
no_demodulation,DAT/DAT135^1.p,TH1,Theorem,timeout,na,2677,1313,89,1313,175,0,0,0,0,
no_demodulation,DAT/DAT136^1.p,TH1,Theorem,timeout,na,2611,3112,151,3112,220,227,0,3,0,
no_demodulation,DAT/DAT137^1.p,TH1,Theorem,timeout,na,2876,2914,105,2914,283,0,0,1,0,
no_demodulation,DAT/DAT138^1.p,TH1,Theorem,timeout,na,2781,0,0,0,1,0,0,0,0,
no_demodulation,DAT/DAT139^1.p,TH1,Theorem,timeout,na,2039,1481,67,1481,134,30,0,1,0,
no_demodulation,DAT/DAT140^1.p,TH1,Theorem,timeout,na,2646,1890,122,1890,88,0,0,0,0,
no_demodulation,DAT/DAT141^1.p,TH1,Theorem,timeout,na,2988,43,4,43,1,0,0,0,0,
no_demodulation,DAT/DAT142^1.p,TH1,Theorem,timeout,na,2511,1021,68,1021,86,21,0,1,0,
no_demodulation,DAT/DAT143^1.p,TH1,Theorem,timeout,na,2044,1518,66,1518,138,33,0,1,0,
no_demodulation,DAT/DAT144^1.p,TH1,Theorem,timeout,na,2491,698,48,698,23,7,0,0,0,
no_demodulation,DAT/DAT145^1.p,TH1,Theorem,timeout,na,3190,0,0,0,1,0,0,0,0,
no_demodulation,DAT/DAT146^1.p,TH1,Theorem,timeout,na,2915,0,0,0,1,0,0,0,0,
no_demodulation,DAT/DAT147^1.p,TH1,Theorem,timeout,na,2717,797,35,797,63,2,0,0,0,
no_demodulation,DAT/DAT148^1.p,TH1,Theorem,timeout,na,3421,0,0,0,1,0,0,0,0,
no_demodulation,DAT/DAT149^1.p,TH1,Theorem,timeout,na,2668,134,13,134,1,0,0,0,0,
no_demodulation,DAT/DAT150^1.p,TH1,Theorem,timeout,na,2729,680,26,680,52,0,0,0,0,
no_demodulation,DAT/DAT151^1.p,TH1,Theorem,timeout,na,2539,2256,154,2256,75,50,0,1,0,
no_demodulation,DAT/DAT152^1.p,TH1,Theorem,timeout,na,2623,1534,98,1534,129,6,0,1,0,
no_demodulation,DAT/DAT153^1.p,TH1,Theorem,timeout,na,2709,2902,116,2902,272,51,0,0,0,
no_demodulation,DAT/DAT154^1.p,TH1,Theorem,timeout,na,2862,0,0,0,1,0,0,0,0,
no_demodulation,DAT/DAT155^1.p,TH1,Theorem,timeout,na,3099,0,0,0,1,0,0,0,0,
no_demodulation,DAT/DAT156^1.p,TH1,Theorem,timeout,na,3086,0,0,0,1,0,0,0,0,
no_demodulation,DAT/DAT157^1.p,TH1,Theorem,timeout,na,2572,1358,97,1358,104,0,0,0,0,
no_demodulation,DAT/DAT158^1.p,TH1,Theorem,timeout,na,2623,777,63,777,27,0,0,0,0,
no_demodulation,DAT/DAT159^1.p,TH1,Theorem,timeout,na,2432,1231,85,1231,40,17,0,0,0,
no_demodulation,DAT/DAT160^1.p,TH1,Theorem,timeout,na,2821,2833,33,2834,415,14,0,4,0,
no_demodulation,DAT/DAT161^1.p,TH1,Theorem,timeout,na,2876,3155,25,3155,530,7,0,10,0,
no_demodulation,DAT/DAT162^1.p,TH1,Theorem,timeout,na,2487,1651,133,1651,72,2,0,1,0,
no_demodulation,DAT/DAT163^1.p,TH1,Theorem,timeout,na,2790,2280,85,2280,225,84,0,0,0,
no_demodulation,DAT/DAT164^1.p,TH1,Theorem,timeout,na,2683,965,61,965,60,0,0,0,0,
no_demodulation,DAT/DAT165^1.p,TH1,Theorem,timeout,na,2560,1018,74,1018,42,12,0,0,0,
no_demodulation,DAT/DAT166^1.p,TH1,Theorem,timeout,na,2746,1157,71,1157,71,18,0,1,0,
no_demodulation,DAT/DAT167^1.p,TH1,Theorem,timeout,na,2666,851,53,851,90,19,0,0,0,
no_demodulation,DAT/DAT168^1.p,TH1,Theorem,timeout,na,2654,1375,113,1375,49,8,0,0,0,
no_demodulation,DAT/DAT169^1.p,TH1,Theorem,timeout,na,2606,1146,93,1146,30,5,0,1,0,
no_demodulation,DAT/DAT170^1.p,TH1,Theorem,timeout,na,2691,1463,110,1463,130,2,0,1,0,
no_demodulation,DAT/DAT171^1.p,TH1,Theorem,timeout,na,2595,1397,112,1397,42,2,0,1,0,
no_demodulation,DAT/DAT172^1.p,TH1,Theorem,timeout,na,2554,1405,104,1405,41,20,0,9,0,
no_demodulation,DAT/DAT173^1.p,TH1,Theorem,timeout,na,2743,517,46,517,8,0,0,1,0,
no_demodulation,DAT/DAT174^1.p,TH1,Theorem,timeout,na,2642,840,43,840,107,11,0,0,0,
no_demodulation,DAT/DAT175^1.p,TH1,Theorem,timeout,na,2975,219,19,219,4,0,0,0,0,
no_demodulation,DAT/DAT176^1.p,TH1,Theorem,timeout,na,2565,908,69,908,37,0,0,0,0,
no_demodulation,DAT/DAT177^1.p,TH1,Theorem,timeout,na,2740,513,26,513,52,0,0,0,0,
no_demodulation,DAT/DAT178^1.p,TH1,Theorem,timeout,na,2737,1207,91,1207,40,0,0,0,0,
no_demodulation,DAT/DAT179^1.p,TH1,Theorem,timeout,na,2443,879,68,879,30,0,0,0,0,
no_demodulation,DAT/DAT180^1.p,TH1,Theorem,timeout,na,2549,1524,125,1524,40,0,0,0,0,
no_demodulation,DAT/DAT181^1.p,TH1,Theorem,timeout,na,2739,1099,87,1099,32,0,0,0,0,
no_demodulation,DAT/DAT182^1.p,TH1,Theorem,timeout,na,2927,1468,49,1468,192,0,0,0,0,
no_demodulation,DAT/DAT183^1.p,TH1,Theorem,timeout,na,2735,1464,100,1464,64,0,0,0,0,
no_demodulation,DAT/DAT184^1.p,TH1,Theorem,timeout,na,2670,1433,130,1433,32,0,0,0,0,
no_demodulation,DAT/DAT185^1.p,TH1,Theorem,timeout,na,2699,1262,110,1262,32,0,0,0,0,
no_demodulation,DAT/DAT186^1.p,TH1,Theorem,timeout,na,2795,0,0,0,1,0,0,0,0,
no_demodulation,DAT/DAT187^1.p,TH1,Theorem,timeout,na,2816,0,0,0,1,0,0,0,0,
no_demodulation,DAT/DAT188^1.p,TH1,Theorem,timeout,na,2781,0,0,0,1,0,0,0,0,
no_demodulation,DAT/DAT189^1.p,TH1,Theorem,timeout,na,2755,0,0,0,1,0,0,0,0,
no_demodulation,DAT/DAT190^1.p,TH1,Theorem,timeout,na,2925,0,0,0,1,0,0,0,0,
no_demodulation,DAT/DAT191^1.p,TH1,Theorem,timeout,na,2802,1468,101,1468,71,0,0,0,0,
no_demodulation,DAT/DAT192^1.p,TH1,Theorem,timeout,na,2638,1204,112,1204,12,0,0,0,0,
no_demodulation,DAT/DAT193^1.p,TH1,Theorem,timeout,na,2731,0,0,0,1,0,0,0,0,
no_demodulation,DAT/DAT194^1.p,TH1,Theorem,timeout,na,2672,1474,136,1474,32,0,0,0,0,
no_demodulation,DAT/DAT195^1.p,TH1,Theorem,timeout,na,2631,1199,101,1199,24,0,0,0,0,
no_demodulation,DAT/DAT196^1.p,TH1,Theorem,timeout,na,2662,1028,88,1028,16,0,0,0,0,
no_demodulation,DAT/DAT197^1.p,TH1,Theorem,timeout,na,3094,198,19,198,1,0,0,0,0,
no_demodulation,DAT/DAT198^1.p,TH1,Theorem,timeout,na,3405,0,0,0,1,0,0,0,0,
no_demodulation,DAT/DAT199^1.p,TH1,Theorem,timeout,na,2910,984,62,984,90,0,0,0,0,
no_demodulation,DAT/DAT200^1.p,TH1,Theorem,timeout,na,2842,538,37,538,20,0,0,0,0,
no_demodulation,DAT/DAT201^1.p,TH1,Theorem,timeout,na,3088,1099,58,1099,384,0,0,1,0,
no_demodulation,DAT/DAT202^1.p,TH1,Theorem,timeout,na,2825,376,32,376,8,0,0,0,0,
no_demodulation,DAT/DAT203^1.p,TH1,Theorem,timeout,na,2721,807,57,807,38,0,0,1,0,
no_demodulation,DAT/DAT204^1.p,TH1,Theorem,timeout,na,2854,715,54,715,39,0,0,0,0,
no_demodulation,DAT/DAT205^1.p,TH1,Theorem,timeout,na,2809,586,51,586,8,0,0,0,0,
no_demodulation,DAT/DAT206^1.p,TH1,Theorem,timeout,na,2705,1080,86,1080,38,0,0,1,0,
no_demodulation,DAT/DAT207^1.p,TH1,Theorem,timeout,na,2993,0,0,0,1,0,0,0,0,
no_demodulation,DAT/DAT208^1.p,TH1,Theorem,timeout,na,2610,1189,86,1189,64,0,0,1,0,
no_demodulation,DAT/DAT209^1.p,TH1,Theorem,timeout,na,2371,1058,84,1058,30,2,0,0,0,
no_demodulation,DAT/DAT210^1.p,TH1,Theorem,timeout,na,2724,202,18,202,4,0,0,0,0,
no_demodulation,DAT/DAT211^1.p,TH1,Theorem,timeout,na,2507,2327,154,2327,100,51,0,5,0,
no_demodulation,DAT/DAT212^1.p,TH1,Theorem,timeout,na,3524,819,36,819,433,0,0,1,0,
no_demodulation,DAT/DAT213^1.p,TH1,Theorem,timeout,na,2842,902,78,902,33,0,0,1,0,
no_demodulation,DAT/DAT214^1.p,TH1,Theorem,timeout,na,2618,2344,107,2344,135,130,0,1,0,
no_demodulation,DAT/DAT215^1.p,TH1,Theorem,timeout,na,3126,112,11,112,1,0,0,0,0,
no_demodulation,DAT/DAT216^1.p,TH1,ContradictoryAxioms,timeout,na,2555,2443,128,2443,231,15,0,2,0,
no_demodulation,DAT/DAT217^1.p,TH1,Theorem,timeout,na,2458,1014,75,1014,60,5,0,7,0,
no_demodulation,DAT/DAT218^1.p,TH1,Theorem,timeout,na,2575,2508,133,2508,227,17,0,1,0,
no_demodulation,DAT/DAT219^1.p,TH1,Theorem,timeout,na,2921,383,25,383,21,0,0,0,0,
no_demodulation,DAT/DAT220^1.p,TH1,Theorem,timeout,na,3295,0,0,0,1,0,0,0,0,
no_demodulation,DAT/DAT221^1.p,TH1,Theorem,timeout,na,3700,0,0,0,1,0,0,0,0,
no_demodulation,DAT/DAT222^1.p,TH1,Theorem,timeout,na,3095,40,4,40,1,0,0,0,0,
no_demodulation,DAT/DAT223^1.p,TH1,Theorem,timeout,na,3932,47,4,47,1,0,0,0,0,
no_demodulation,DAT/DAT224^1.p,TH1,Theorem,timeout,na,3202,177,17,177,2,0,0,0,0,
no_demodulation,DAT/DAT225^1.p,TH1,Theorem,timeout,na,2865,548,45,548,8,0,0,0,0,
no_demodulation,DAT/DAT226^1.p,TH1,Theorem,timeout,na,2826,2403,89,2402,163,65,0,0,0,
no_demodulation,DAT/DAT227^1.p,TH1,Theorem,timeout,na,3374,0,0,0,1,0,0,0,0,
no_demodulation,DAT/DAT228^1.p,TH1,Theorem,timeout,na,2586,642,54,642,22,0,0,0,0,
no_demodulation,DAT/DAT229^1.p,TH1,Theorem,timeout,na,3073,552,35,552,41,0,0,0,0,
no_demodulation,DAT/DAT230^1.p,TH1,Theorem,timeout,na,2925,0,0,0,1,0,0,0,0,
no_demodulation,DAT/DAT231^1.p,TH1,Theorem,timeout,na,3089,520,27,520,154,0,0,1,0,
no_demodulation,DAT/DAT232^1.p,TH1,Theorem,timeout,na,3047,0,0,0,1,0,0,0,0,
no_demodulation,DAT/DAT233^1.p,TH1,Theorem,timeout,na,3848,480,24,480,32,26,0,6,0,
no_demodulation,DAT/DAT234^1.p,TH1,Theorem,timeout,na,4189,0,0,0,1,0,0,0,0,
no_demodulation,DAT/DAT235^1.p,TH1,Theorem,timeout,na,4084,0,0,0,1,0,0,0,0,
no_demodulation,DAT/DAT236^1.p,TH1,Theorem,timeout,na,4376,235,22,235,2,0,0,0,0,
no_demodulation,DAT/DAT237^1.p,TH1,Theorem,timeout,na,4410,0,0,0,1,0,0,0,0,
no_demodulation,DAT/DAT238^1.p,TH1,Theorem,timeout,na,2590,3327,175,3327,158,257,0,0,0,
no_demodulation,DAT/DAT239^1.p,TH1,Theorem,timeout,na,2492,3575,186,3575,150,177,0,1,0,
no_demodulation,DAT/DAT240^1.p,TH1,Theorem,timeout,na,2789,115,11,115,1,0,0,0,0,
no_demodulation,DAT/DAT241^1.p,TH1,Theorem,timeout,na,3940,276,26,276,2,0,0,0,0,
no_demodulation,DAT/DAT242^1.p,TH1,Theorem,timeout,na,4573,165,16,165,1,0,0,0,0,
no_demodulation,DAT/DAT243^1.p,TH1,Theorem,timeout,na,4677,0,0,0,1,0,0,0,0,
no_demodulation,DAT/DAT244^1.p,TH1,Theorem,timeout,na,2768,664,42,664,44,0,0,0,0,
no_demodulation,DAT/DAT245^1.p,TH1,Theorem,timeout,na,2717,907,46,907,98,21,0,0,0,
no_demodulation,DAT/DAT246^1.p,TH1,Theorem,timeout,na,2775,2098,97,2098,247,0,0,0,0,
no_demodulation,DAT/DAT247^1.p,TH1,Theorem,timeout,na,2736,585,45,585,16,0,0,0,0,
no_demodulation,DAT/DAT248^1.p,TH1,Theorem,timeout,na,2613,1150,80,1150,36,27,0,7,0,
no_demodulation,DAT/DAT249^1.p,TH1,Theorem,timeout,na,2900,0,0,0,1,0,0,0,0,
no_demodulation,DAT/DAT250^1.p,TH1,Theorem,timeout,na,2768,741,65,741,15,0,0,0,0,
no_demodulation,DAT/DAT251^1.p,TH1,Theorem,timeout,na,2986,0,0,0,1,0,0,0,0,
no_demodulation,DAT/DAT252^1.p,TH1,Theorem,timeout,na,2755,740,68,740,8,0,0,0,0,
no_demodulation,DAT/DAT253^1.p,TH1,Theorem,timeout,na,2748,1589,74,1589,300,51,0,1,0,
no_demodulation,DAT/DAT254^1.p,TH1,Theorem,timeout,na,3723,226,21,226,2,0,0,0,0,
no_demodulation,DAT/DAT255^1.p,TH1,Theorem,timeout,na,3123,61,6,61,1,0,0,0,0,
no_demodulation,DAT/DAT256^1.p,TH1,Theorem,timeout,na,3619,98,9,98,1,0,0,0,0,
no_demodulation,DAT/DAT257^1.p,TH1,Theorem,timeout,na,3477,107,10,107,1,0,0,0,0,
no_demodulation,DAT/DAT258^1.p,TH1,Theorem,timeout,na,3178,237,22,237,2,0,0,0,0,
no_demodulation,DAT/DAT259^1.p,TH1,Theorem,timeout,na,2037,799,19,799,87,19,0,2,0,
no_demodulation,DAT/DAT260^1.p,TH1,Theorem,timeout,na,2033,1049,50,1049,74,5,0,4,0,
no_demodulation,DAT/DAT261^1.p,TH1,Theorem,timeout,na,2035,1037,36,1037,93,4,0,4,0,
no_demodulation,DAT/DAT262^1.p,TH1,Theorem,timeout,na,2042,1011,25,1011,120,7,0,1,0,
no_demodulation,DAT/DAT263^1.p,TH1,Theorem,timeout,na,2031,998,48,998,71,3,0,4,0,
no_demodulation,DAT/DAT264^1.p,TH1,Theorem,timeout,na,2077,1281,22,1277,124,67,0,1,0,
no_demodulation,DAT/DAT265^1.p,TH1,Theorem,timeout,na,2033,1003,44,1003,75,3,0,4,0,
no_demodulation,DAT/DAT266^1.p,TH1,Theorem,timeout,na,2034,1249,52,1249,96,7,0,4,0,
no_demodulation,DAT/DAT267^1.p,TH1,Theorem,timeout,na,2032,832,30,832,73,3,0,2,0,
no_demodulation,DAT/DAT268^1.p,TH1,Theorem,timeout,na,2032,894,40,894,67,11,0,1,0,
no_demodulation,DAT/DAT269^1.p,TH1,Theorem,timeout,na,2037,898,37,898,79,10,0,1,0,
no_demodulation,DAT/DAT270^1.p,TH1,Theorem,timeout,na,2032,751,39,751,52,7,0,3,0,
no_demodulation,DAT/DAT271^1.p,TH1,Theorem,timeout,na,2042,959,35,959,82,12,0,1,0,
no_demodulation,DAT/DAT272^1.p,TH1,Theorem,timeout,na,2169,2448,55,2324,13,316,0,0,0,
no_demodulation,DAT/DAT273^1.p,TH1,Theorem,timeout,na,2021,143,2,143,21,0,0,0,0,
no_demodulation,DAT/DAT274^1.p,TH1,Theorem,timeout,na,2139,906,2,906,132,9,0,0,0,
no_demodulation,DAT/DAT275^1.p,TH1,Theorem,timeout,na,2045,1048,56,1048,71,6,0,4,0,
no_demodulation,DAT/DAT276^1.p,TH1,Theorem,timeout,na,2045,773,45,773,44,12,0,4,0,
no_demodulation,DAT/DAT277^1.p,TH1,Theorem,timeout,na,2034,961,37,961,82,11,0,1,0,
no_demodulation,DAT/DAT278^1.p,TH1,Theorem,timeout,na,2040,1025,48,1025,73,3,0,4,0,
no_demodulation,DAT/DAT279^1.p,TH1,Theorem,timeout,na,2036,884,27,884,76,10,0,2,0,
no_demodulation,DAT/DAT280^1.p,TH1,Theorem,timeout,na,2010,69,3,69,5,3,0,2,0,
no_demodulation,DAT/DAT281^1.p,TH1,Theorem,timeout,na,2031,1062,52,1062,72,3,0,4,0,
no_demodulation,DAT/DAT282^1.p,TH1,Theorem,timeout,na,2008,67,2,67,5,3,0,2,0,
no_demodulation,DAT/DAT283^1.p,TH1,Theorem,timeout,na,2034,815,16,815,103,6,0,2,0,
no_demodulation,DAT/DAT284^1.p,TH1,Theorem,timeout,na,2089,3163,186,3163,207,42,0,1,0,
no_demodulation,DAT/DAT285^1.p,TH1,Theorem,timeout,na,2035,711,17,711,73,10,0,2,0,
no_demodulation,DAT/DAT286^1.p,TH1,Theorem,timeout,na,2051,1495,72,1495,114,0,0,3,0,
no_demodulation,DAT/DAT287^1.p,TH1,Theorem,timeout,na,2054,1465,83,1465,109,0,0,2,0,
no_demodulation,DAT/DAT288^1.p,TH1,Theorem,timeout,na,2059,1693,59,1693,162,15,0,1,0,
no_demodulation,DAT/DAT289^1.p,TH1,Theorem,timeout,na,2064,1547,68,1547,135,9,0,2,0,
no_demodulation,DAT/DAT290^1.p,TH1,Theorem,timeout,na,2045,1640,66,1640,134,15,0,1,0,
no_demodulation,DAT/DAT291^1.p,TH1,Theorem,timeout,na,2053,1570,81,1570,120,0,0,2,0,
no_demodulation,DAT/DAT292^1.p,TH1,Theorem,timeout,na,2057,1195,42,1195,101,10,0,2,0,
no_demodulation,DAT/DAT293^1.p,TH1,Theorem,timeout,na,2047,1103,64,1103,66,0,0,2,0,
no_demodulation,DAT/DAT294^1.p,TH1,Theorem,timeout,na,2035,820,44,820,57,2,0,2,0,
no_demodulation,DAT/DAT295^1.p,TH1,Theorem,timeout,na,2054,629,33,629,43,0,0,3,0,
no_demodulation,DAT/DAT296^1.p,TH1,Theorem,timeout,na,2059,947,63,947,49,0,0,2,0,
no_demodulation,DAT/DAT297^1.p,TH1,Theorem,timeout,na,2047,900,50,900,51,10,0,3,0,
no_demodulation,DAT/DAT298^1.p,TH1,Theorem,timeout,na,2065,1309,48,1309,151,12,0,3,0,
no_demodulation,DAT/DAT299^1.p,TH1,Theorem,timeout,na,2059,1256,52,1256,122,0,0,2,0,
no_demodulation,DAT/DAT300^1.p,TH1,Theorem,timeout,na,2059,980,44,980,86,2,0,3,0,
no_demodulation,DAT/DAT301^1.p,TH1,Theorem,timeout,na,2049,1369,74,1369,102,2,0,3,0,
no_demodulation,DAT/DAT302^1.p,TH1,Theorem,timeout,na,2065,751,6,751,127,10,0,0,0,
no_demodulation,DAT/DAT303^1.p,TH1,Theorem,timeout,na,2070,1509,83,1509,108,0,0,2,0,
no_demodulation,DAT/DAT304^1.p,TH1,Theorem,timeout,na,2047,964,50,964,80,0,0,2,0,
no_demodulation,DAT/DAT305^1.p,TH1,Theorem,timeout,na,2083,1592,57,1592,134,16,0,1,0,
no_demodulation,DAT/DAT306^1.p,TH1,Theorem,timeout,na,2049,1279,54,1279,107,6,0,3,0,
no_demodulation,DAT/DAT307^1.p,TH1,Theorem,timeout,na,2162,2561,64,2561,356,66,0,4,0,
no_demodulation,DAT/DAT308^1.p,TH1,Theorem,timeout,na,2051,596,31,596,39,0,0,2,0,
no_demodulation,DAT/DAT309^1.p,TH1,Theorem,timeout,na,2045,822,44,822,49,0,0,2,0,
no_demodulation,DAT/DAT310^1.p,TH1,Theorem,timeout,na,2074,1615,71,1615,131,14,0,1,0,
no_demodulation,DAT/DAT311^1.p,TH1,Theorem,timeout,na,2085,1681,38,1681,240,29,0,1,0,
no_demodulation,DAT/DAT312^1.p,TH1,Theorem,timeout,na,2050,1501,55,1501,135,7,0,2,0,
no_demodulation,DAT/DAT313^1.p,TH1,Theorem,timeout,na,2062,1569,75,1569,123,8,0,2,0,
no_demodulation,DAT/DAT314^1.p,TH1,Theorem,timeout,na,2048,1564,77,1564,111,8,0,2,0,
no_demodulation,DAT/DAT315^1.p,TH1,Theorem,timeout,na,2037,902,22,902,94,25,0,2,0,
no_demodulation,DAT/DAT316^1.p,TH1,Theorem,timeout,na,2065,1598,71,1598,140,3,0,1,0,
no_demodulation,DAT/DAT317^1.p,TH1,Theorem,timeout,na,2046,1513,73,1513,117,0,0,2,0,
no_demodulation,DAT/DAT318^1.p,TH1,Theorem,timeout,na,2059,1494,80,1494,111,0,0,3,0,
no_demodulation,DAT/DAT319^1.p,TH1,Theorem,timeout,na,2029,794,27,794,64,10,0,2,0,
no_demodulation,DAT/DAT320^1.p,TH1,Theorem,timeout,na,2067,1575,69,1575,130,59,0,0,0,
no_demodulation,DAT/DAT321^1.p,TH1,Theorem,timeout,na,2038,225,1,225,36,0,0,0,0,
no_demodulation,DAT/DAT322^1.p,TH1,Theorem,timeout,na,2040,1067,40,1067,94,7,0,2,0,
no_demodulation,DAT/DAT323^1.p,TH1,Theorem,timeout,na,2054,410,16,410,54,2,0,0,0,
no_demodulation,DAT/DAT324^1.p,TH1,Theorem,timeout,na,2055,1079,5,1070,208,19,0,0,0,
no_demodulation,DAT/DAT325^1.p,TH1,Theorem,timeout,na,2050,929,15,929,166,0,0,1,0,
no_demodulation,DAT/DAT326^1.p,TH1,Theorem,timeout,na,2064,1146,29,1146,143,66,0,0,0,
no_demodulation,DAT/DAT327^1.p,TH1,Theorem,timeout,na,2052,1504,70,1504,123,7,0,1,0,
no_demodulation,DAT/DAT328^1.p,TH1,Theorem,timeout,na,2149,1670,4,1670,244,108,0,0,0,
no_demodulation,DAT/DAT333^3.p,TH0,Theorem,timeout,na,2259,7533,129,7533,241,266,0,0,0,
no_demodulation,DAT/DAT333^6.p,TH0,Theorem,timeout,na,2265,7802,74,7802,794,470,0,1,0,
no_demodulation,DAT/DAT334^12.p,TH0,Theorem,timeout,na,2134,4155,13,4155,214,427,0,0,0,
no_demodulation,DAT/DAT334^19.p,TH0,Theorem,timeout,na,2203,6869,195,6869,240,250,0,0,0,
no_demodulation,DAT/DAT334^21.p,TH0,Theorem,timeout,na,2258,6015,107,6015,216,185,0,0,0,
no_demodulation,DAT/DAT334^23.p,TH0,Theorem,timeout,na,2339,5422,7,5422,241,204,0,0,0,
no_demodulation,DAT/DAT334^8.p,TH0,Theorem,timeout,na,2296,8722,83,8722,230,347,0,0,0,
no_demodulation,DAT/DAT335^12.p,TH0,CounterSatisfiable,timeout,na,2172,5188,83,5188,245,145,0,0,0,
no_demodulation,DAT/DAT335^18.p,TH0,CounterSatisfiable,timeout,na,2176,4956,55,4956,241,98,0,0,0,
no_demodulation,DAT/DAT335^2.p,TH0,CounterSatisfiable,timeout,na,2183,5838,88,5838,236,203,0,0,0,
no_demodulation,DAT/DAT338^1.p,unknown,Theorem,parser_error,na,0,,,,,,,,,cached: Syntax Error: expected ' ' or ']' in !> binder  got [{:colon  ":"  2358}  {:atom  "nat"  2360}  {:rbracket  "]"  2363}  {:colon  ":"  2365}  {:lparen  "("  2367}  {:atom  "elem"  2369}  {:arrow  ">"  
no_demodulation,DAT/DAT339^1.p,unknown,Theorem,parser_error,na,0,,,,,,,,,cached: Syntax Error: expected ' ' or ']' in !> binder  got [{:colon  ":"  2370}  {:atom  "nat"  2372}  {:rbracket  "]"  2375}  {:colon  ":"  2377}  {:lparen  "("  2379}  {:atom  "elem"  2381}  {:arrow  ">"  
no_demodulation,DAT/DAT340^1.p,unknown,Theorem,parser_error,na,0,,,,,,,,,cached: Syntax Error: expected ' ' or ']' in !> binder  got [{:colon  ":"  2361}  {:atom  "nat"  2363}  {:rbracket  "]"  2366}  {:colon  ":"  2368}  {:lparen  "("  2370}  {:atom  "elem"  2372}  {:arrow  ">"  
no_demodulation,DAT/DAT341^1.p,unknown,Theorem,parser_error,na,0,,,,,,,,,cached: Syntax Error: expected ' ' or ']' in !> binder  got [{:colon  ":"  2342}  {:atom  "nat"  2344}  {:rbracket  "]"  2347}  {:colon  ":"  2349}  {:lparen  "("  2351}  {:atom  "elem"  2353}  {:arrow  ">"  
no_demodulation,DAT/DAT342^1.p,unknown,Theorem,parser_error,na,0,,,,,,,,,cached: Syntax Error: expected ' ' or ']' in !> binder  got [{:colon  ":"  2413}  {:atom  "nat"  2415}  {:rbracket  "]"  2418}  {:colon  ":"  2420}  {:lparen  "("  2422}  {:var  "A"  2424}  {:arrow  ">"  2426
no_demodulation,DAT/DAT343^1.p,unknown,Theorem,parser_error,na,0,,,,,,,,,cached: Syntax Error: expected ' ' or ']' in !> binder  got [{:colon  ":"  2420}  {:atom  "nat"  2422}  {:rbracket  "]"  2425}  {:colon  ":"  2427}  {:lparen  "("  2429}  {:var  "A"  2431}  {:arrow  ">"  2433
no_demodulation,DAT/DAT344^1.p,unknown,Theorem,parser_error,na,0,,,,,,,,,cached: Syntax Error: expected ' ' or ']' in !> binder  got [{:colon  ":"  2416}  {:atom  "nat"  2418}  {:rbracket  "]"  2421}  {:colon  ":"  2423}  {:lparen  "("  2425}  {:var  "A"  2427}  {:arrow  ">"  2429
no_demodulation,DAT/DAT345^1.p,unknown,Theorem,parser_error,na,0,,,,,,,,,cached: Syntax Error: expected ' ' or ']' in !> binder  got [{:colon  ":"  2397}  {:atom  "nat"  2399}  {:rbracket  "]"  2402}  {:colon  ":"  2404}  {:lparen  "("  2406}  {:var  "A"  2408}  {:arrow  ">"  2410
no_demodulation,DAT/DAT346^1.p,unknown,Theorem,parser_error,na,0,,,,,,,,,cached: Syntax Error: expected ' ' or ']' in !> binder  got [{:colon  ":"  1895}  {:atom  "nat"  1897}  {:rbracket  "]"  1900}  {:colon  ":"  1902}  {:lparen  "("  1904}  {:atom  "nat"  1906}  {:arrow  ">"  1
no_demodulation,DAT/DAT347^1.p,unknown,Theorem,parser_error,na,0,,,,,,,,,cached: Syntax Error: expected ' ' or ']' in !> binder  got [{:colon  ":"  1949}  {:atom  "nat"  1951}  {:rbracket  "]"  1954}  {:colon  ":"  1956}  {:lparen  "("  1958}  {:atom  "nat"  1960}  {:arrow  ">"  1
no_demodulation,DAT/DAT348^1.p,unknown,Theorem,parser_error,na,0,,,,,,,,,cached: Syntax Error: expected ' ' or ']' in !> binder  got [{:colon  ":"  1908}  {:atom  "nat"  1910}  {:rbracket  "]"  1913}  {:colon  ":"  1915}  {:lparen  "("  1917}  {:atom  "nat"  1919}  {:arrow  ">"  1
no_demodulation,DAT/DAT349^1.p,unknown,Theorem,parser_error,na,0,,,,,,,,,cached: Syntax Error: expected ' ' or ']' in !> binder  got [{:colon  ":"  2083}  {:atom  "nat"  2085}  {:rbracket  "]"  2088}  {:colon  ":"  2090}  {:lparen  "("  2092}  {:atom  "elem"  2094}  {:arrow  ">"  
no_demodulation,DAT/DAT350^1.p,unknown,Theorem,parser_error,na,0,,,,,,,,,cached: Syntax Error: expected ' ' or ']' in !> binder  got [{:colon  ":"  2083}  {:atom  "nat"  2085}  {:rbracket  "]"  2088}  {:colon  ":"  2090}  {:lparen  "("  2092}  {:atom  "elem"  2094}  {:arrow  ">"  
no_demodulation,DAT/DAT351^1.p,unknown,Theorem,parser_error,na,0,,,,,,,,,cached: Syntax Error: expected ' ' or ']' in !> binder  got [{:colon  ":"  2082}  {:atom  "nat"  2084}  {:rbracket  "]"  2087}  {:colon  ":"  2089}  {:lparen  "("  2091}  {:atom  "elem"  2093}  {:arrow  ">"  
no_demodulation,DAT/DAT352^1.p,unknown,Theorem,parser_error,na,0,,,,,,,,,cached: Syntax Error: expected ' ' or ']' in !> binder  got [{:colon  ":"  2082}  {:atom  "nat"  2084}  {:rbracket  "]"  2087}  {:colon  ":"  2089}  {:lparen  "("  2091}  {:atom  "elem"  2093}  {:arrow  ">"  
no_demodulation,DAT/DAT353^1.p,unknown,Theorem,parser_error,na,0,,,,,,,,,cached: Syntax Error: expected ' ' or ']' in !> binder  got [{:colon  ":"  2082}  {:atom  "nat"  2084}  {:rbracket  "]"  2087}  {:colon  ":"  2089}  {:lparen  "("  2091}  {:atom  "elem"  2093}  {:arrow  ">"  
no_demodulation,DAT/DAT354^1.p,unknown,Theorem,parser_error,na,0,,,,,,,,,cached: Syntax Error: expected ' ' or ']' in !> binder  got [{:colon  ":"  1886}  {:atom  "nat"  1888}  {:rbracket  "]"  1891}  {:colon  ":"  1893}  {:lparen  "("  1895}  {:atom  "elem"  1897}  {:arrow  ">"  
no_demodulation,DAT/DAT355^1.p,unknown,Theorem,parser_error,na,0,,,,,,,,,cached: Syntax Error: expected ' ' or ']' in !> binder  got [{:colon  ":"  1890}  {:atom  "nat"  1892}  {:rbracket  "]"  1895}  {:colon  ":"  1897}  {:lparen  "("  1899}  {:atom  "elem"  1901}  {:arrow  ">"  
no_demodulation,DAT/DAT356^1.p,unknown,Theorem,parser_error,na,0,,,,,,,,,cached: Syntax Error: expected ' ' or ']' in !> binder  got [{:colon  ":"  1890}  {:atom  "nat"  1892}  {:rbracket  "]"  1895}  {:colon  ":"  1897}  {:lparen  "("  1899}  {:atom  "elem"  1901}  {:arrow  ">"  
no_demodulation,DAT/DAT357^1.p,unknown,Theorem,parser_error,na,0,,,,,,,,,cached: Syntax Error: expected ' ' or ']' in !> binder  got [{:colon  ":"  1890}  {:atom  "nat"  1892}  {:rbracket  "]"  1895}  {:colon  ":"  1897}  {:lparen  "("  1899}  {:atom  "elem"  1901}  {:arrow  ">"  
no_demodulation,DAT/DAT358^1.p,unknown,Theorem,parser_error,na,0,,,,,,,,,cached: Syntax Error: expected ' ' or ']' in !> binder  got [{:colon  ":"  1890}  {:atom  "nat"  1892}  {:rbracket  "]"  1895}  {:colon  ":"  1897}  {:lparen  "("  1899}  {:atom  "elem"  1901}  {:arrow  ">"  
no_demodulation,DAT/DAT359^1.p,unknown,Theorem,parser_error,na,0,,,,,,,,,cached: Syntax Error: expected ' ' or ']' in !> binder  got [{:colon  ":"  1890}  {:atom  "nat"  1892}  {:rbracket  "]"  1895}  {:colon  ":"  1897}  {:lparen  "("  1899}  {:atom  "elem"  1901}  {:arrow  ">"  
no_demodulation,DAT/DAT360^1.p,unknown,Theorem,parser_error,na,0,,,,,,,,,cached: Syntax Error: expected ' ' or ']' in !> binder  got [{:colon  ":"  2325}  {:atom  "nat"  2327}  {:rbracket  "]"  2330}  {:colon  ":"  2332}  {:lparen  "("  2334}  {:atom  "elem"  2336}  {:arrow  ">"  
no_demodulation,DAT/DAT361^1.p,unknown,Theorem,parser_error,na,0,,,,,,,,,cached: Syntax Error: expected ' ' or ']' in !> binder  got [{:colon  ":"  2337}  {:atom  "nat"  2339}  {:rbracket  "]"  2342}  {:colon  ":"  2344}  {:lparen  "("  2346}  {:atom  "elem"  2348}  {:arrow  ">"  
no_demodulation,DAT/DAT362^1.p,unknown,Theorem,parser_error,na,0,,,,,,,,,cached: Syntax Error: expected ' ' or ']' in !> binder  got [{:colon  ":"  2309}  {:atom  "nat"  2311}  {:rbracket  "]"  2314}  {:colon  ":"  2316}  {:lparen  "("  2318}  {:atom  "elem"  2320}  {:arrow  ">"  
no_demodulation,DAT/DAT363^1.p,unknown,Theorem,parser_error,na,0,,,,,,,,,cached: Syntax Error: expected ' ' or ']' in !> binder  got [{:colon  ":"  1923}  {:atom  "nat"  1925}  {:rbracket  "]"  1928}  {:colon  ":"  1930}  {:lparen  "("  1932}  {:var  "A"  1934}  {:arrow  ">"  1936
no_demodulation,DAT/DAT364^1.p,unknown,Theorem,parser_error,na,0,,,,,,,,,cached: Syntax Error: expected ' ' or ']' in !> binder  got [{:colon  ":"  1934}  {:atom  "nat"  1936}  {:rbracket  "]"  1939}  {:colon  ":"  1941}  {:lparen  "("  1943}  {:var  "A"  1945}  {:arrow  ">"  1947
no_demodulation,DAT/DAT365^1.p,unknown,Theorem,parser_error,na,0,,,,,,,,,cached: Syntax Error: expected ' ' or ']' in !> binder  got [{:colon  ":"  1911}  {:atom  "nat"  1913}  {:rbracket  "]"  1916}  {:colon  ":"  1918}  {:lparen  "("  1920}  {:var  "A"  1922}  {:arrow  ">"  1924
no_demodulation,DAT/DAT366^1.p,unknown,Theorem,parser_error,na,0,,,,,,,,,cached: Syntax Error: expected ' ' or ']' in !> binder  got [{:colon  ":"  1934}  {:atom  "nat"  1936}  {:rbracket  "]"  1939}  {:colon  ":"  1941}  {:lparen  "("  1943}  {:var  "A"  1945}  {:arrow  ">"  1947
no_demodulation,DAT/DAT367^1.p,unknown,Theorem,parser_error,na,0,,,,,,,,,cached: Syntax Error: expected ' ' or ']' in !> binder  got [{:colon  ":"  1911}  {:atom  "nat"  1913}  {:rbracket  "]"  1916}  {:colon  ":"  1918}  {:lparen  "("  1920}  {:var  "A"  1922}  {:arrow  ">"  1924
no_demodulation,DAT/DAT368^1.p,unknown,Theorem,parser_error,na,0,,,,,,,,,cached: Syntax Error: expected ' ' or ']' in !> binder  got [{:colon  ":"  1934}  {:atom  "nat"  1936}  {:rbracket  "]"  1939}  {:colon  ":"  1941}  {:lparen  "("  1943}  {:var  "A"  1945}  {:arrow  ">"  1947
no_demodulation,DAT/DAT369^1.p,unknown,Theorem,parser_error,na,0,,,,,,,,,cached: Syntax Error: expected ' ' or ']' in !> binder  got [{:colon  ":"  1911}  {:atom  "nat"  1913}  {:rbracket  "]"  1916}  {:colon  ":"  1918}  {:lparen  "("  1920}  {:var  "A"  1922}  {:arrow  ">"  1924
no_demodulation,DAT/DAT370^1.p,unknown,Theorem,parser_error,na,0,,,,,,,,,cached: Syntax Error: expected ' ' or ']' in !> binder  got [{:colon  ":"  1934}  {:atom  "nat"  1936}  {:rbracket  "]"  1939}  {:colon  ":"  1941}  {:lparen  "("  1943}  {:var  "A"  1945}  {:arrow  ">"  1947
no_demodulation,DAT/DAT371^1.p,unknown,Theorem,parser_error,na,0,,,,,,,,,cached: Syntax Error: expected ' ' or ']' in !> binder  got [{:colon  ":"  1911}  {:atom  "nat"  1913}  {:rbracket  "]"  1916}  {:colon  ":"  1918}  {:lparen  "("  1920}  {:var  "A"  1922}  {:arrow  ">"  1924
no_demodulation,DAT/DAT372^1.p,unknown,Theorem,parser_error,na,0,,,,,,,,,cached: Syntax Error: expected ' ' or ']' in !> binder  got [{:colon  ":"  1939}  {:atom  "nat"  1941}  {:rbracket  "]"  1944}  {:colon  ":"  1946}  {:lparen  "("  1948}  {:var  "A"  1950}  {:arrow  ">"  1952
no_demodulation,DAT/DAT373^1.p,unknown,Theorem,parser_error,na,0,,,,,,,,,cached: Syntax Error: expected ' ' or ']' in !> binder  got [{:colon  ":"  1934}  {:atom  "nat"  1936}  {:rbracket  "]"  1939}  {:colon  ":"  1941}  {:lparen  "("  1943}  {:var  "A"  1945}  {:arrow  ">"  1947
no_demodulation,DAT/DAT374^1.p,unknown,Theorem,parser_error,na,0,,,,,,,,,cached: Syntax Error: expected ' ' or ']' in !> binder  got [{:colon  ":"  1925}  {:atom  "nat"  1927}  {:rbracket  "]"  1930}  {:colon  ":"  1932}  {:lparen  "("  1934}  {:var  "A"  1936}  {:arrow  ">"  1938
no_demodulation,DAT/DAT375^1.p,unknown,Theorem,parser_error,na,0,,,,,,,,,cached: Syntax Error: expected ' ' or ']' in !> binder  got [{:colon  ":"  1923}  {:atom  "nat"  1925}  {:rbracket  "]"  1928}  {:colon  ":"  1930}  {:lparen  "("  1932}  {:var  "A"  1934}  {:arrow  ">"  1936
no_demodulation,DAT/DAT376^1.p,unknown,Theorem,parser_error,na,0,,,,,,,,,cached: Syntax Error: expected ' ' or ']' in !> binder  got [{:colon  ":"  1911}  {:atom  "nat"  1913}  {:rbracket  "]"  1916}  {:colon  ":"  1918}  {:lparen  "("  1920}  {:var  "A"  1922}  {:arrow  ">"  1924
no_demodulation,DAT/DAT377^1.p,unknown,Theorem,parser_error,na,0,,,,,,,,,cached: Syntax Error: expected ' ' or ']' in !> binder  got [{:colon  ":"  2346}  {:atom  "nat"  2348}  {:rbracket  "]"  2351}  {:colon  ":"  2353}  {:lparen  "("  2355}  {:var  "A"  2357}  {:arrow  ">"  2359
no_demodulation,DAT/DAT378^1.p,unknown,Theorem,parser_error,na,0,,,,,,,,,cached: Syntax Error: expected ' ' or ']' in !> binder  got [{:colon  ":"  1932}  {:atom  "nat"  1934}  {:rbracket  "]"  1937}  {:colon  ":"  1939}  {:lparen  "("  1941}  {:var  "A"  1943}  {:arrow  ">"  1945
no_demodulation,DAT/DAT379^1.p,unknown,Theorem,parser_error,na,0,,,,,,,,,cached: Syntax Error: expected ' ' or ']' in !> binder  got [{:colon  ":"  2409}  {:atom  "nat"  2411}  {:rbracket  "]"  2414}  {:colon  ":"  2416}  {:lparen  "("  2418}  {:var  "A"  2420}  {:arrow  ">"  2422
no_demodulation,DAT/DAT380^1.p,unknown,Theorem,parser_error,na,0,,,,,,,,,cached: Syntax Error: expected ' ' or ']' in !> binder  got [{:colon  ":"  2381}  {:atom  "nat"  2383}  {:rbracket  "]"  2386}  {:colon  ":"  2388}  {:lparen  "("  2390}  {:var  "A"  2392}  {:arrow  ">"  2394
no_demodulation,DAT/DAT381^1.p,unknown,Theorem,parser_error,na,0,,,,,,,,,cached: Syntax Error: expected ' ' or ']' in !> binder  got [{:colon  ":"  2020}  {:atom  "nat"  2022}  {:rbracket  "]"  2025}  {:colon  ":"  2027}  {:lparen  "("  2029}  {:atom  "nat"  2031}  {:arrow  ">"  2
no_demodulation,DAT/DAT382^1.p,unknown,Theorem,parser_error,na,0,,,,,,,,,cached: Syntax Error: expected ' ' or ']' in !> binder  got [{:colon  ":"  2454}  {:atom  "nat"  2456}  {:rbracket  "]"  2459}  {:colon  ":"  2461}  {:lparen  "("  2463}  {:atom  "elem"  2465}  {:arrow  ">"  
no_demodulation,DAT/DAT383^1.p,unknown,Theorem,parser_error,na,0,,,,,,,,,cached: Syntax Error: expected ' ' or ']' in !> binder  got [{:colon  ":"  2462}  {:atom  "nat"  2464}  {:rbracket  "]"  2467}  {:colon  ":"  2469}  {:lparen  "("  2471}  {:atom  "elem"  2473}  {:arrow  ">"  
no_demodulation,DAT/DAT384^1.p,unknown,Theorem,parser_error,na,0,,,,,,,,,cached: Syntax Error: expected ' ' or ']' in !> binder  got [{:colon  ":"  2438}  {:atom  "nat"  2440}  {:rbracket  "]"  2443}  {:colon  ":"  2445}  {:lparen  "("  2447}  {:atom  "elem"  2449}  {:arrow  ">"  
no_demodulation,DAT/DAT385^1.p,unknown,Theorem,parser_error,na,0,,,,,,,,,cached: Syntax Error: expected ' ' or ']' in !> binder  got [{:colon  ":"  2462}  {:atom  "nat"  2464}  {:rbracket  "]"  2467}  {:colon  ":"  2469}  {:lparen  "("  2471}  {:atom  "elem"  2473}  {:arrow  ">"  
no_demodulation,DAT/DAT386^1.p,unknown,Theorem,parser_error,na,0,,,,,,,,,cached: Syntax Error: expected ' ' or ']' in !> binder  got [{:colon  ":"  2462}  {:atom  "nat"  2464}  {:rbracket  "]"  2467}  {:colon  ":"  2469}  {:lparen  "("  2471}  {:atom  "elem"  2473}  {:arrow  ">"  
no_demodulation,DAT/DAT387^1.p,unknown,Theorem,parser_error,na,0,,,,,,,,,cached: Syntax Error: expected ' ' or ']' in !> binder  got [{:colon  ":"  2462}  {:atom  "nat"  2464}  {:rbracket  "]"  2467}  {:colon  ":"  2469}  {:lparen  "("  2471}  {:atom  "elem"  2473}  {:arrow  ">"  
no_demodulation,DAT/DAT388^1.p,unknown,Theorem,parser_error,na,0,,,,,,,,,cached: Syntax Error: expected ' ' or ']' in !> binder  got [{:colon  ":"  2465}  {:atom  "nat"  2467}  {:rbracket  "]"  2470}  {:colon  ":"  2472}  {:lparen  "("  2474}  {:atom  "elem"  2476}  {:arrow  ">"  
no_demodulation,DAT/DAT389^1.p,unknown,Theorem,parser_error,na,0,,,,,,,,,cached: Syntax Error: expected ' ' or ']' in !> binder  got [{:colon  ":"  2465}  {:atom  "nat"  2467}  {:rbracket  "]"  2470}  {:colon  ":"  2472}  {:lparen  "("  2474}  {:atom  "elem"  2476}  {:arrow  ">"  
no_demodulation,DAT/DAT390^1.p,unknown,Theorem,parser_error,na,0,,,,,,,,,cached: Syntax Error: expected ' ' or ']' in !> binder  got [{:colon  ":"  2465}  {:atom  "nat"  2467}  {:rbracket  "]"  2470}  {:colon  ":"  2472}  {:lparen  "("  2474}  {:atom  "elem"  2476}  {:arrow  ">"  
no_demodulation,DAT/DAT391^1.p,unknown,Theorem,parser_error,na,0,,,,,,,,,cached: Syntax Error: expected ' ' or ']' in !> binder  got [{:colon  ":"  2465}  {:atom  "nat"  2467}  {:rbracket  "]"  2470}  {:colon  ":"  2472}  {:lparen  "("  2474}  {:atom  "elem"  2476}  {:arrow  ">"  
no_demodulation,DAT/DAT392^1.p,unknown,Theorem,parser_error,na,0,,,,,,,,,cached: Syntax Error: expected ' ' or ']' in !> binder  got [{:colon  ":"  2465}  {:atom  "nat"  2467}  {:rbracket  "]"  2470}  {:colon  ":"  2472}  {:lparen  "("  2474}  {:atom  "elem"  2476}  {:arrow  ">"  
no_demodulation,DAT/DAT393^1.p,unknown,Theorem,parser_error,na,0,,,,,,,,,cached: Syntax Error: expected ' ' or ']' in !> binder  got [{:colon  ":"  2465}  {:atom  "nat"  2467}  {:rbracket  "]"  2470}  {:colon  ":"  2472}  {:lparen  "("  2474}  {:atom  "elem"  2476}  {:arrow  ">"  
no_demodulation,DAT/DAT394^1.p,unknown,Theorem,parser_error,na,0,,,,,,,,,cached: Syntax Error: expected ' ' or ']' in !> binder  got [{:colon  ":"  2465}  {:atom  "nat"  2467}  {:rbracket  "]"  2470}  {:colon  ":"  2472}  {:lparen  "("  2474}  {:atom  "elem"  2476}  {:arrow  ">"  
no_demodulation,DAT/DAT395^1.p,unknown,Theorem,parser_error,na,0,,,,,,,,,cached: Syntax Error: expected ' ' or ']' in !> binder  got [{:colon  ":"  2462}  {:atom  "nat"  2464}  {:rbracket  "]"  2467}  {:colon  ":"  2469}  {:lparen  "("  2471}  {:atom  "elem"  2473}  {:arrow  ">"  
no_demodulation,DAT/DAT396^1.p,unknown,Theorem,parser_error,na,0,,,,,,,,,cached: Syntax Error: expected ' ' or ']' in !> binder  got [{:colon  ":"  2055}  {:atom  "nat"  2057}  {:rbracket  "]"  2060}  {:colon  ":"  2062}  {:lparen  "("  2064}  {:atom  "elem"  2066}  {:arrow  ">"  
no_demodulation,DAT/DAT397^1.p,unknown,Theorem,parser_error,na,0,,,,,,,,,cached: Syntax Error: expected ' ' or ']' in !> binder  got [{:colon  ":"  2055}  {:atom  "nat"  2057}  {:rbracket  "]"  2060}  {:colon  ":"  2062}  {:lparen  "("  2064}  {:atom  "elem"  2066}  {:arrow  ">"  
no_demodulation,DAT/DAT398^1.p,unknown,Theorem,parser_error,na,0,,,,,,,,,cached: Syntax Error: expected ' ' or ']' in !> binder  got [{:colon  ":"  2055}  {:atom  "nat"  2057}  {:rbracket  "]"  2060}  {:colon  ":"  2062}  {:lparen  "("  2064}  {:atom  "elem"  2066}  {:arrow  ">"  
no_demodulation,DAT/DAT399^1.p,unknown,Theorem,parser_error,na,0,,,,,,,,,cached: Syntax Error: expected ' ' or ']' in !> binder  got [{:colon  ":"  2055}  {:atom  "nat"  2057}  {:rbracket  "]"  2060}  {:colon  ":"  2062}  {:lparen  "("  2064}  {:atom  "elem"  2066}  {:arrow  ">"  
no_demodulation,DAT/DAT400^1.p,unknown,Theorem,parser_error,na,0,,,,,,,,,cached: Syntax Error: expected ' ' or ']' in !> binder  got [{:colon  ":"  2055}  {:atom  "nat"  2057}  {:rbracket  "]"  2060}  {:colon  ":"  2062}  {:lparen  "("  2064}  {:atom  "elem"  2066}  {:arrow  ">"  
no_demodulation,DAT/DAT401^1.p,unknown,Theorem,parser_error,na,0,,,,,,,,,cached: Syntax Error: expected ' ' or ']' in !> binder  got [{:colon  ":"  2041}  {:atom  "nat"  2043}  {:rbracket  "]"  2046}  {:colon  ":"  2048}  {:lparen  "("  2050}  {:atom  "elem"  2052}  {:arrow  ">"  
no_demodulation,DAT/DAT402^1.p,unknown,Theorem,parser_error,na,0,,,,,,,,,cached: Syntax Error: expected ' ' or ']' in !> binder  got [{:colon  ":"  2146}  {:atom  "nat"  2148}  {:rbracket  "]"  2151}  {:colon  ":"  2153}  {:lparen  "("  2155}  {:var  "A"  2157}  {:arrow  ">"  2159
no_demodulation,DAT/DAT403^1.p,unknown,Theorem,parser_error,na,0,,,,,,,,,cached: Syntax Error: expected ' ' or ']' in !> binder  got [{:colon  ":"  2111}  {:atom  "nat"  2113}  {:rbracket  "]"  2116}  {:colon  ":"  2118}  {:lparen  "("  2120}  {:var  "A"  2122}  {:arrow  ">"  2124
no_demodulation,DAT/DAT404^1.p,unknown,Theorem,parser_error,na,0,,,,,,,,,cached: Syntax Error: expected ' ' or ']' in !> binder  got [{:colon  ":"  2146}  {:atom  "nat"  2148}  {:rbracket  "]"  2151}  {:colon  ":"  2153}  {:lparen  "("  2155}  {:var  "A"  2157}  {:arrow  ">"  2159
no_demodulation,DAT/DAT405^1.p,unknown,Theorem,parser_error,na,0,,,,,,,,,cached: Syntax Error: expected ' ' or ']' in !> binder  got [{:colon  ":"  2112}  {:atom  "nat"  2114}  {:rbracket  "]"  2117}  {:colon  ":"  2119}  {:lparen  "("  2121}  {:var  "A"  2123}  {:arrow  ">"  2125
no_demodulation,DAT/DAT406^1.p,unknown,Theorem,parser_error,na,0,,,,,,,,,cached: Syntax Error: expected ' ' or ']' in !> binder  got [{:colon  ":"  2111}  {:atom  "nat"  2113}  {:rbracket  "]"  2116}  {:colon  ":"  2118}  {:lparen  "("  2120}  {:var  "A"  2122}  {:arrow  ">"  2124
no_demodulation,DAT/DAT407^1.p,unknown,Theorem,parser_error,na,0,,,,,,,,,cached: Syntax Error: expected ' ' or ']' in !> binder  got [{:colon  ":"  2146}  {:atom  "nat"  2148}  {:rbracket  "]"  2151}  {:colon  ":"  2153}  {:lparen  "("  2155}  {:var  "A"  2157}  {:arrow  ">"  2159
no_demodulation,DAT/DAT408^1.p,unknown,Theorem,parser_error,na,0,,,,,,,,,cached: Syntax Error: expected ' ' or ']' in !> binder  got [{:colon  ":"  2146}  {:atom  "nat"  2148}  {:rbracket  "]"  2151}  {:colon  ":"  2153}  {:lparen  "("  2155}  {:var  "A"  2157}  {:arrow  ">"  2159
no_demodulation,DAT/DAT409^1.p,unknown,Theorem,parser_error,na,0,,,,,,,,,cached: Syntax Error: expected ' ' or ']' in !> binder  got [{:colon  ":"  2111}  {:atom  "nat"  2113}  {:rbracket  "]"  2116}  {:colon  ":"  2118}  {:lparen  "("  2120}  {:var  "A"  2122}  {:arrow  ">"  2124
no_demodulation,DAT/DAT410^1.p,unknown,Theorem,parser_error,na,0,,,,,,,,,cached: Syntax Error: expected ' ' or ']' in !> binder  got [{:colon  ":"  2147}  {:atom  "nat"  2149}  {:rbracket  "]"  2152}  {:colon  ":"  2154}  {:lparen  "("  2156}  {:var  "A"  2158}  {:arrow  ">"  2160
no_demodulation,DAT/DAT411^1.p,unknown,Theorem,parser_error,na,0,,,,,,,,,cached: Syntax Error: expected ' ' or ']' in !> binder  got [{:colon  ":"  2152}  {:atom  "nat"  2154}  {:rbracket  "]"  2157}  {:colon  ":"  2159}  {:lparen  "("  2161}  {:var  "A"  2163}  {:arrow  ">"  2165
no_demodulation,DAT/DAT412^1.p,unknown,Theorem,parser_error,na,0,,,,,,,,,cached: Syntax Error: expected ' ' or ']' in !> binder  got [{:colon  ":"  2112}  {:atom  "nat"  2114}  {:rbracket  "]"  2117}  {:colon  ":"  2119}  {:lparen  "("  2121}  {:var  "A"  2123}  {:arrow  ">"  2125
no_demodulation,DAT/DAT413^1.p,unknown,Theorem,parser_error,na,0,,,,,,,,,cached: Syntax Error: expected ' ' or ']' in !> binder  got [{:colon  ":"  2134}  {:atom  "nat"  2136}  {:rbracket  "]"  2139}  {:colon  ":"  2141}  {:lparen  "("  2143}  {:var  "A"  2145}  {:arrow  ">"  2147
no_demodulation,DAT/DAT414^1.p,unknown,Theorem,parser_error,na,0,,,,,,,,,cached: Syntax Error: expected ' ' or ']' in !> binder  got [{:colon  ":"  2117}  {:atom  "nat"  2119}  {:rbracket  "]"  2122}  {:colon  ":"  2124}  {:lparen  "("  2126}  {:var  "A"  2128}  {:arrow  ">"  2130
no_demodulation,DAT/DAT415^1.p,unknown,Theorem,parser_error,na,0,,,,,,,,,cached: Syntax Error: expected ' ' or ']' in !> binder  got [{:colon  ":"  1820}  {:atom  "nat"  1822}  {:rbracket  "]"  1825}  {:colon  ":"  1827}  {:lparen  "("  1829}  {:atom  "nat"  1831}  {:arrow  ">"  1
no_demodulation,DAT/DAT416^1.p,unknown,Theorem,parser_error,na,0,,,,,,,,,cached: Syntax Error: expected ' ' or ']' in !> binder  got [{:colon  ":"  1818}  {:atom  "nat"  1820}  {:rbracket  "]"  1823}  {:colon  ":"  1825}  {:lparen  "("  1827}  {:atom  "nat"  1829}  {:arrow  ">"  1
no_demodulation,DAT/DAT417^1.p,unknown,Theorem,parser_error,na,0,,,,,,,,,cached: Syntax Error: expected ' ' or ']' in !> binder  got [{:colon  ":"  1824}  {:atom  "nat"  1826}  {:rbracket  "]"  1829}  {:colon  ":"  1831}  {:lparen  "("  1833}  {:atom  "nat"  1835}  {:arrow  ">"  1
no_demodulation,DAT/DAT418^1.p,unknown,Theorem,parser_error,na,0,,,,,,,,,cached: Syntax Error: expected ' ' or ']' in !> binder  got [{:colon  ":"  1822}  {:atom  "nat"  1824}  {:rbracket  "]"  1827}  {:colon  ":"  1829}  {:lparen  "("  1831}  {:atom  "nat"  1833}  {:arrow  ">"  1
no_demodulation,DAT/DAT419^1.p,unknown,Theorem,parser_error,na,0,,,,,,,,,cached: Syntax Error: expected ' ' or ']' in !> binder  got [{:colon  ":"  2524}  {:atom  "nat"  2526}  {:rbracket  "]"  2529}  {:colon  ":"  2531}  {:lparen  "("  2533}  {:lparen  "("  2535}  {:atom  "tree" 
no_demodulation,DAT/DAT420^1.p,unknown,Theorem,parser_error,na,0,,,,,,,,,cached: Syntax Error: expected ' ' or ']' in !> binder  got [{:colon  ":"  2512}  {:atom  "nat"  2514}  {:rbracket  "]"  2517}  {:colon  ":"  2519}  {:lparen  "("  2521}  {:lparen  "("  2523}  {:atom  "tree" 
no_demodulation,DAT/DAT421^1.p,unknown,Theorem,parser_error,na,0,,,,,,,,,cached: Syntax Error: expected ' ' or ']' in !> binder  got [{:colon  ":"  2005}  {:atom  "nat"  2007}  {:rbracket  "]"  2010}  {:colon  ":"  2012}  {:lparen  "("  2014}  {:lparen  "("  2016}  {:atom  "tree" 
no_demodulation,DAT/DAT422^1.p,unknown,Theorem,parser_error,na,0,,,,,,,,,cached: Syntax Error: expected ' ' or ']' in !> binder  got [{:colon  ":"  2005}  {:atom  "nat"  2007}  {:rbracket  "]"  2010}  {:colon  ":"  2012}  {:lparen  "("  2014}  {:lparen  "("  2016}  {:atom  "tree" 
no_demodulation,DAT/DAT423^1.p,unknown,Theorem,parser_error,na,0,,,,,,,,,cached: Syntax Error: expected ' ' or ']' in !> binder  got [{:colon  ":"  2005}  {:atom  "nat"  2007}  {:rbracket  "]"  2010}  {:colon  ":"  2012}  {:lparen  "("  2014}  {:lparen  "("  2016}  {:atom  "tree" 
no_demodulation,DAT/DAT424^1.p,unknown,Theorem,parser_error,na,0,,,,,,,,,cached: Syntax Error: expected ' ' or ']' in !> binder  got [{:colon  ":"  2527}  {:atom  "nat"  2529}  {:rbracket  "]"  2532}  {:colon  ":"  2534}  {:lparen  "("  2536}  {:lparen  "("  2538}  {:atom  "tree" 
no_demodulation,DAT/DAT425^1.p,unknown,Theorem,parser_error,na,0,,,,,,,,,cached: Syntax Error: expected ' ' or ']' in !> binder  got [{:colon  ":"  2517}  {:atom  "nat"  2519}  {:rbracket  "]"  2522}  {:colon  ":"  2524}  {:lparen  "("  2526}  {:lparen  "("  2528}  {:atom  "tree" 
no_demodulation,DAT/DAT426^1.p,unknown,Theorem,parser_error,na,0,,,,,,,,,cached: Syntax Error: expected ' ' or ']' in !> binder  got [{:colon  ":"  2004}  {:atom  "nat"  2006}  {:rbracket  "]"  2009}  {:colon  ":"  2011}  {:lparen  "("  2013}  {:lparen  "("  2015}  {:atom  "tree" 
no_demodulation,DAT/DAT427^1.p,unknown,Theorem,parser_error,na,0,,,,,,,,,cached: Syntax Error: expected ' ' or ']' in !> binder  got [{:colon  ":"  1996}  {:atom  "nat"  1998}  {:rbracket  "]"  2001}  {:colon  ":"  2003}  {:lparen  "("  2005}  {:lparen  "("  2007}  {:atom  "tree" 
no_demodulation,DAT/DAT428^1.p,unknown,Theorem,parser_error,na,0,,,,,,,,,cached: Syntax Error: expected ' ' or ']' in !> binder  got [{:colon  ":"  1980}  {:atom  "nat"  1982}  {:rbracket  "]"  1985}  {:colon  ":"  1987}  {:lparen  "("  1989}  {:lparen  "("  1991}  {:atom  "tree" 
no_demodulation,DAT/DAT429^1.p,unknown,Theorem,parser_error,na,0,,,,,,,,,cached: Syntax Error: expected ' ' or ']' in !> binder  got [{:colon  ":"  1985}  {:atom  "nat"  1987}  {:rbracket  "]"  1990}  {:colon  ":"  1992}  {:lparen  "("  1994}  {:lparen  "("  1996}  {:atom  "tree" 
no_demodulation,GEG/GEG002^1.p,TH0,Theorem,timeout,na,2113,4414,155,4414,474,0,0,3,0,
no_demodulation,GEG/GEG003^1.p,TH0,Theorem,timeout,na,2159,3442,160,3442,179,30,0,0,0,
no_demodulation,GEG/GEG004^1.p,TH0,CounterSatisfiable,timeout,na,2149,1027,17,1027,249,0,0,1,0,
no_demodulation,GEG/GEG005^1.p,TH0,Theorem,timeout,na,2173,1840,18,1840,489,0,0,1,0,
no_demodulation,GEG/GEG006^1.p,TH0,Theorem,timeout,na,2172,2039,27,2039,498,16,0,1,0,
no_demodulation,GEG/GEG007^1.p,TH0,Theorem,timeout,na,2181,1034,16,1034,232,16,0,1,0,
no_demodulation,GEG/GEG008^1.p,TH0,Theorem,timeout,na,2121,846,25,846,169,0,0,1,0,
no_demodulation,GEG/GEG009^1.p,TH0,Theorem,timeout,na,2196,1384,21,1384,274,16,0,1,0,
no_demodulation,GEG/GEG010^1.p,TH0,Theorem,timeout,na,2161,1718,40,1718,419,0,0,1,0,
no_demodulation,GEG/GEG011^1.p,TH0,Theorem,timeout,na,2177,1706,22,1706,398,0,0,1,0,
no_demodulation,GEG/GEG012^1.p,TH0,Theorem,timeout,na,2193,1731,17,1731,466,0,0,1,0,
no_demodulation,GEG/GEG013^1.p,TH0,Theorem,timeout,na,2290,2639,19,2639,812,0,0,1,0,
no_demodulation,GEG/GEG014^1.p,TH0,Theorem,timeout,na,2103,701,14,701,118,0,0,1,0,
no_demodulation,GEG/GEG015^1.p,TH0,Theorem,timeout,na,2156,1603,29,1603,321,0,0,2,0,
no_demodulation,GEG/GEG016^1.p,TH0,Theorem,timeout,na,2122,944,38,944,138,0,0,1,0,
no_demodulation,GEG/GEG018^1.p,TH0,Theorem,timeout,na,2071,53,4,53,2,1,0,0,0,
no_demodulation,GEG/GEG019^1.p,TH0,Theorem,timeout,na,2173,1920,28,1920,456,0,0,1,0,
no_demodulation,GEG/GEG020^1.p,TH0,Theorem,timeout,na,2128,875,17,875,210,0,0,1,0,
no_demodulation,GEO/GEO356^1.p,TH1,Theorem,parse_timeout,na,0,,,,,,,,,cached: parse exceeded 5000ms
no_demodulation,GEO/GEO357^1.p,TH1,Theorem,parse_timeout,na,0,,,,,,,,,cached: parse exceeded 5000ms
no_demodulation,GEO/GEO358^1.p,TH1,Theorem,parse_timeout,na,0,,,,,,,,,cached: parse exceeded 5000ms
no_demodulation,GEO/GEO359^1.p,TH1,Theorem,parse_timeout,na,0,,,,,,,,,cached: parse exceeded 5000ms
no_demodulation,GEO/GEO360^1.p,TH1,Theorem,parse_timeout,na,0,,,,,,,,,cached: parse exceeded 5000ms
no_demodulation,GEO/GEO361^1.p,TH1,Theorem,parse_timeout,na,0,,,,,,,,,cached: parse exceeded 5000ms
no_demodulation,GEO/GEO362^1.p,TH1,Theorem,parse_timeout,na,0,,,,,,,,,cached: parse exceeded 5000ms
no_demodulation,GEO/GEO363^1.p,TH1,Theorem,parse_timeout,na,0,,,,,,,,,cached: parse exceeded 5000ms
no_demodulation,GEO/GEO364^1.p,TH1,Theorem,parse_timeout,na,0,,,,,,,,,cached: parse exceeded 5000ms
no_demodulation,GEO/GEO365^1.p,TH1,Theorem,parse_timeout,na,0,,,,,,,,,cached: parse exceeded 5000ms
no_demodulation,GEO/GEO366^1.p,TH1,Theorem,parse_timeout,na,0,,,,,,,,,cached: parse exceeded 5000ms
no_demodulation,GEO/GEO367^1.p,TH1,Theorem,parse_timeout,na,0,,,,,,,,,cached: parse exceeded 5000ms
no_demodulation,GEO/GEO368^1.p,TH1,Theorem,parse_timeout,na,0,,,,,,,,,cached: parse exceeded 5000ms
no_demodulation,GEO/GEO369^1.p,TH1,Theorem,parse_timeout,na,0,,,,,,,,,cached: parse exceeded 5000ms
no_demodulation,GEO/GEO370^1.p,TH1,Theorem,parse_timeout,na,0,,,,,,,,,cached: parse exceeded 5000ms
no_demodulation,GEO/GEO371^1.p,TH1,Theorem,parse_timeout,na,0,,,,,,,,,cached: parse exceeded 5000ms
no_demodulation,GEO/GEO372^1.p,TH1,Theorem,parse_timeout,na,0,,,,,,,,,cached: parse exceeded 5000ms
no_demodulation,GEO/GEO373^1.p,TH1,Theorem,parse_timeout,na,0,,,,,,,,,cached: parse exceeded 5000ms
no_demodulation,GEO/GEO374^1.p,TH1,Theorem,parse_timeout,na,0,,,,,,,,,cached: parse exceeded 5000ms
no_demodulation,GEO/GEO375^1.p,TH1,Theorem,parse_timeout,na,0,,,,,,,,,cached: parse exceeded 5000ms
no_demodulation,GEO/GEO376^1.p,TH1,Theorem,parse_timeout,na,0,,,,,,,,,cached: parse exceeded 5000ms
no_demodulation,GEO/GEO377^1.p,TH1,Theorem,parse_timeout,na,0,,,,,,,,,cached: parse exceeded 5000ms
no_demodulation,GEO/GEO378^1.p,TH1,Theorem,parse_timeout,na,0,,,,,,,,,cached: parse exceeded 5000ms
no_demodulation,GEO/GEO379^1.p,TH1,Theorem,parse_timeout,na,0,,,,,,,,,cached: parse exceeded 5000ms
no_demodulation,GEO/GEO380^1.p,TH1,Theorem,parse_timeout,na,0,,,,,,,,,cached: parse exceeded 5000ms
no_demodulation,GEO/GEO381^1.p,TH1,Theorem,parse_timeout,na,0,,,,,,,,,cached: parse exceeded 5000ms
no_demodulation,GEO/GEO382^1.p,TH1,Theorem,parse_timeout,na,0,,,,,,,,,cached: parse exceeded 5000ms
no_demodulation,GEO/GEO383^1.p,TH1,Theorem,parse_timeout,na,0,,,,,,,,,cached: parse exceeded 5000ms
no_demodulation,GEO/GEO384^1.p,TH1,Theorem,parse_timeout,na,0,,,,,,,,,cached: parse exceeded 5000ms
no_demodulation,GEO/GEO385^1.p,TH1,Theorem,parse_timeout,na,0,,,,,,,,,cached: parse exceeded 5000ms
no_demodulation,GEO/GEO386^1.p,TH1,Theorem,parse_timeout,na,0,,,,,,,,,cached: parse exceeded 5000ms
no_demodulation,GEO/GEO387^1.p,TH1,Theorem,parse_timeout,na,0,,,,,,,,,cached: parse exceeded 5000ms
no_demodulation,GEO/GEO388^1.p,TH1,Theorem,parse_timeout,na,0,,,,,,,,,cached: parse exceeded 5000ms
no_demodulation,GEO/GEO389^1.p,TH1,Theorem,parse_timeout,na,0,,,,,,,,,cached: parse exceeded 5000ms
no_demodulation,GEO/GEO390^1.p,TH1,Theorem,parse_timeout,na,0,,,,,,,,,cached: parse exceeded 5000ms
no_demodulation,GEO/GEO391^1.p,TH1,Theorem,parse_timeout,na,0,,,,,,,,,cached: parse exceeded 5000ms
no_demodulation,GEO/GEO392^1.p,TH1,Theorem,parse_timeout,na,0,,,,,,,,,cached: parse exceeded 5000ms
no_demodulation,GEO/GEO393^1.p,TH1,Theorem,parse_timeout,na,0,,,,,,,,,cached: parse exceeded 5000ms
no_demodulation,GEO/GEO394^1.p,TH1,Theorem,parse_timeout,na,0,,,,,,,,,cached: parse exceeded 5000ms
no_demodulation,GEO/GEO395^1.p,TH1,Theorem,parse_timeout,na,0,,,,,,,,,cached: parse exceeded 5000ms
no_demodulation,GEO/GEO396^1.p,TH1,Theorem,parse_timeout,na,0,,,,,,,,,cached: parse exceeded 5000ms
no_demodulation,GEO/GEO397^1.p,TH1,Theorem,parse_timeout,na,0,,,,,,,,,cached: parse exceeded 5000ms
no_demodulation,GEO/GEO398^1.p,TH1,Theorem,parse_timeout,na,0,,,,,,,,,cached: parse exceeded 5000ms
no_demodulation,GEO/GEO399^1.p,TH1,Theorem,parse_timeout,na,0,,,,,,,,,cached: parse exceeded 5000ms
no_demodulation,GEO/GEO400^1.p,TH1,Theorem,parse_timeout,na,0,,,,,,,,,cached: parse exceeded 5000ms
no_demodulation,GEO/GEO401^1.p,TH1,Theorem,parse_timeout,na,0,,,,,,,,,cached: parse exceeded 5000ms
no_demodulation,GEO/GEO402^1.p,TH1,Theorem,parse_timeout,na,0,,,,,,,,,cached: parse exceeded 5000ms
no_demodulation,GEO/GEO403^1.p,TH1,Theorem,parse_timeout,na,0,,,,,,,,,cached: parse exceeded 5000ms
no_demodulation,GEO/GEO404^1.p,TH1,Theorem,parse_timeout,na,0,,,,,,,,,cached: parse exceeded 5000ms
no_demodulation,GEO/GEO405^1.p,TH1,Theorem,parse_timeout,na,0,,,,,,,,,cached: parse exceeded 5000ms
no_demodulation,GEO/GEO406^1.p,TH1,Theorem,parse_timeout,na,0,,,,,,,,,cached: parse exceeded 5000ms
no_demodulation,GEO/GEO407^1.p,TH1,Theorem,parse_timeout,na,0,,,,,,,,,cached: parse exceeded 5000ms
no_demodulation,GEO/GEO408^1.p,TH1,Theorem,parse_timeout,na,0,,,,,,,,,cached: parse exceeded 5000ms
no_demodulation,GEO/GEO409^1.p,TH1,Theorem,parse_timeout,na,0,,,,,,,,,cached: parse exceeded 5000ms
no_demodulation,GEO/GEO410^1.p,TH1,Theorem,parse_timeout,na,0,,,,,,,,,cached: parse exceeded 5000ms
no_demodulation,GEO/GEO411^1.p,TH1,Theorem,parse_timeout,na,0,,,,,,,,,cached: parse exceeded 5000ms
no_demodulation,GEO/GEO412^1.p,TH1,Theorem,parse_timeout,na,0,,,,,,,,,cached: parse exceeded 5000ms
no_demodulation,GEO/GEO413^1.p,TH1,Theorem,parse_timeout,na,0,,,,,,,,,cached: parse exceeded 5000ms
no_demodulation,GEO/GEO414^1.p,TH1,Theorem,parse_timeout,na,0,,,,,,,,,cached: parse exceeded 5000ms
no_demodulation,GEO/GEO415^1.p,TH1,Theorem,parse_timeout,na,0,,,,,,,,,cached: parse exceeded 5000ms
no_demodulation,GEO/GEO416^1.p,TH1,Theorem,parse_timeout,na,0,,,,,,,,,cached: parse exceeded 5000ms
no_demodulation,GEO/GEO417^1.p,TH1,Theorem,parse_timeout,na,0,,,,,,,,,cached: parse exceeded 5000ms
no_demodulation,GEO/GEO418^1.p,TH1,Theorem,parse_timeout,na,0,,,,,,,,,cached: parse exceeded 5000ms
no_demodulation,GEO/GEO419^1.p,TH1,Theorem,parse_timeout,na,0,,,,,,,,,cached: parse exceeded 5000ms
no_demodulation,GEO/GEO420^1.p,TH1,Theorem,parse_timeout,na,0,,,,,,,,,cached: parse exceeded 5000ms
no_demodulation,GEO/GEO421^1.p,TH1,Theorem,parse_timeout,na,0,,,,,,,,,cached: parse exceeded 5000ms
no_demodulation,GEO/GEO422^1.p,TH1,Theorem,parse_timeout,na,0,,,,,,,,,cached: parse exceeded 5000ms
no_demodulation,GEO/GEO423^1.p,TH1,Theorem,parse_timeout,na,0,,,,,,,,,cached: parse exceeded 5000ms
no_demodulation,GEO/GEO424^1.p,TH1,Theorem,parse_timeout,na,0,,,,,,,,,cached: parse exceeded 5000ms
no_demodulation,GEO/GEO425^1.p,TH1,Theorem,parse_timeout,na,0,,,,,,,,,cached: parse exceeded 5000ms
no_demodulation,GEO/GEO426^1.p,TH1,Theorem,parse_timeout,na,0,,,,,,,,,cached: parse exceeded 5000ms
no_demodulation,GEO/GEO427^1.p,TH1,Theorem,parse_timeout,na,0,,,,,,,,,cached: parse exceeded 5000ms
no_demodulation,GEO/GEO428^1.p,TH1,Theorem,parse_timeout,na,0,,,,,,,,,cached: parse exceeded 5000ms
no_demodulation,GEO/GEO429^1.p,TH1,Theorem,parse_timeout,na,0,,,,,,,,,cached: parse exceeded 5000ms
no_demodulation,GEO/GEO430^1.p,TH1,Theorem,parse_timeout,na,0,,,,,,,,,cached: parse exceeded 5000ms
no_demodulation,GEO/GEO431^1.p,TH1,Theorem,parse_timeout,na,0,,,,,,,,,cached: parse exceeded 5000ms
no_demodulation,GEO/GEO432^1.p,TH1,Theorem,parse_timeout,na,0,,,,,,,,,cached: parse exceeded 5000ms
no_demodulation,GEO/GEO433^1.p,TH1,Theorem,parse_timeout,na,0,,,,,,,,,cached: parse exceeded 5000ms
no_demodulation,GEO/GEO434^1.p,TH1,Theorem,parse_timeout,na,0,,,,,,,,,cached: parse exceeded 5000ms
no_demodulation,GEO/GEO435^1.p,TH1,Theorem,parse_timeout,na,0,,,,,,,,,cached: parse exceeded 5000ms
no_demodulation,GEO/GEO436^1.p,TH1,Theorem,parse_timeout,na,0,,,,,,,,,cached: parse exceeded 5000ms
no_demodulation,GEO/GEO437^1.p,TH1,Theorem,parse_timeout,na,0,,,,,,,,,cached: parse exceeded 5000ms
no_demodulation,GEO/GEO438^1.p,TH1,Theorem,parse_timeout,na,0,,,,,,,,,cached: parse exceeded 5000ms
no_demodulation,GEO/GEO439^1.p,TH1,Theorem,parse_timeout,na,0,,,,,,,,,cached: parse exceeded 5000ms
no_demodulation,GRA/GRA027^1.p,TH0,Theorem,timeout,na,2023,0,0,0,1,0,0,0,0,
no_demodulation,GRA/GRA028^1.p,TH0,Theorem,timeout,na,2028,65,6,65,1,0,0,0,0,
no_demodulation,GRA/GRA029^1.p,TH0,Theorem,timeout,na,2053,0,0,0,1,0,0,0,0,
no_demodulation,GRA/GRA029^2.p,TH0,Theorem,timeout,na,2051,0,0,0,1,0,0,0,0,
no_demodulation,GRA/GRA030^1.p,TH0,Theorem,timeout,na,2042,0,0,0,1,0,0,0,0,
no_demodulation,GRA/GRA031^1.p,TH0,CounterSatisfiable,timeout,na,2075,12,1,12,1,0,0,0,0,
no_demodulation,GRA/GRA031^2.p,TH0,Theorem,timeout,na,2075,11,1,11,1,0,0,0,0,
no_demodulation,GRA/GRA032^1.p,TH0,Theorem,timeout,na,2100,0,0,0,1,0,0,0,0,
no_demodulation,GRA/GRA032^2.p,TH0,Theorem,timeout,na,2096,0,0,0,1,0,0,0,0,
no_demodulation,GRA/GRA033^1.p,TH0,CounterSatisfiable,timeout,na,2283,3,0,3,1,0,0,0,0,
no_demodulation,GRA/GRA033^2.p,TH0,CounterSatisfiable,timeout,na,2276,3,0,3,1,0,0,0,0,
no_demodulation,GRA/GRA034^1.p,TH0,Theorem,timeout,na,2293,0,0,0,1,0,0,0,0,
no_demodulation,GRA/GRA034^2.p,TH0,Theorem,timeout,na,2285,0,0,0,1,0,0,0,0,
no_demodulation,GRA/GRA035^1.p,TH0,CounterSatisfiable,timeout,na,2414,1,0,1,1,0,0,0,0,
no_demodulation,GRA/GRA035^2.p,TH0,CounterSatisfiable,timeout,na,2415,1,0,1,1,0,0,0,0,
no_demodulation,GRA/GRA036^1.p,TH0,Theorem,timeout,na,2362,0,0,0,1,0,0,0,0,
no_demodulation,GRA/GRA036^2.p,TH0,Theorem,timeout,na,2354,0,0,0,1,0,0,0,0,
no_demodulation,GRA/GRA037^1.p,TH0,CounterSatisfiable,timeout,na,2516,1,0,1,1,0,0,0,0,
no_demodulation,GRA/GRA037^2.p,TH0,CounterSatisfiable,timeout,na,2518,1,0,1,1,0,0,0,0,
no_demodulation,GRA/GRA038^1.p,TH0,CounterSatisfiable,timeout,na,2532,1,0,1,1,0,0,0,0,
no_demodulation,GRA/GRA038^2.p,TH0,CounterSatisfiable,timeout,na,2526,1,0,1,1,0,0,0,0,
no_demodulation,GRA/GRA039^1.p,TH0,Theorem,timeout,na,2403,0,0,0,1,0,0,0,0,
no_demodulation,GRA/GRA039^2.p,TH0,Theorem,timeout,na,2398,0,0,0,1,0,0,0,0,
no_demodulation,GRA/GRA040^1.p,TH0,CounterSatisfiable,timeout,na,2602,0,0,0,1,0,0,0,0,
no_demodulation,GRA/GRA040^2.p,TH0,CounterSatisfiable,timeout,na,2628,0,0,0,1,0,0,0,0,
no_demodulation,GRA/GRA041^1.p,TH0,Theorem,timeout,na,2492,0,0,0,1,0,0,0,0,
no_demodulation,GRA/GRA041^2.p,TH0,Theorem,timeout,na,2474,0,0,0,1,0,0,0,0,
no_demodulation,GRA/GRA042^1.p,TH0,CounterSatisfiable,timeout,na,2711,0,0,0,1,0,0,0,0,
no_demodulation,GRA/GRA042^2.p,TH0,CounterSatisfiable,timeout,na,2723,0,0,0,1,0,0,0,0,
no_demodulation,GRA/GRA043^1.p,TH0,Theorem,timeout,na,2596,0,0,0,1,0,0,0,0,
no_demodulation,GRA/GRA043^2.p,TH0,Theorem,timeout,na,2604,0,0,0,1,0,0,0,0,
no_demodulation,GRA/GRA044^1.p,TH0,Theorem,timeout,na,2525,0,0,0,1,0,0,0,0,
no_demodulation,GRA/GRA044^2.p,TH0,Theorem,timeout,na,2516,0,0,0,1,0,0,0,0,
no_demodulation,GRA/GRA045^1.p,TH0,CounterSatisfiable,timeout,na,2833,0,0,0,1,0,0,0,0,
no_demodulation,GRA/GRA045^2.p,TH0,CounterSatisfiable,timeout,na,2839,0,0,0,1,0,0,0,0,
no_demodulation,GRA/GRA046^1.p,TH0,Theorem,timeout,na,2572,0,0,0,1,0,0,0,0,
no_demodulation,GRA/GRA046^2.p,TH0,Theorem,timeout,na,2554,0,0,0,1,0,0,0,0,
no_demodulation,GRA/GRA047^1.p,TH0,CounterSatisfiable,timeout,na,2883,0,0,0,1,0,0,0,0,
no_demodulation,GRA/GRA047^2.p,TH0,CounterSatisfiable,timeout,na,2897,0,0,0,1,0,0,0,0,
no_demodulation,GRA/GRA048^1.p,TH0,Theorem,timeout,na,2678,0,0,0,1,0,0,0,0,
no_demodulation,GRA/GRA048^2.p,TH0,Theorem,timeout,na,2646,0,0,0,1,0,0,0,0,
no_demodulation,GRA/GRA049^1.p,TH0,CounterSatisfiable,timeout,na,3014,0,0,0,1,0,0,0,0,
no_demodulation,GRA/GRA049^2.p,TH0,CounterSatisfiable,timeout,na,3004,0,0,0,1,0,0,0,0,
no_demodulation,GRA/GRA050^1.p,TH0,Theorem,timeout,na,2769,0,0,0,1,0,0,0,0,
no_demodulation,GRA/GRA050^2.p,TH0,Theorem,timeout,na,2773,0,0,0,1,0,0,0,0,
no_demodulation,GRA/GRA051^1.p,TH0,CounterSatisfiable,timeout,na,3260,0,0,0,1,0,0,0,0,
no_demodulation,GRA/GRA051^2.p,TH0,CounterSatisfiable,timeout,na,3256,0,0,0,1,0,0,0,0,
no_demodulation,GRA/GRA052^1.p,TH0,Theorem,timeout,na,2803,0,0,0,1,0,0,0,0,
no_demodulation,GRA/GRA052^2.p,TH0,Theorem,timeout,na,2802,0,0,0,1,0,0,0,0,
no_demodulation,GRA/GRA053^1.p,TH0,CounterSatisfiable,timeout,na,3340,0,0,0,1,0,0,0,0,
no_demodulation,GRA/GRA053^2.p,TH0,CounterSatisfiable,timeout,na,3344,0,0,0,1,0,0,0,0,
no_demodulation,GRA/GRA054^1.p,TH0,Theorem,timeout,na,2880,0,0,0,1,0,0,0,0,
no_demodulation,GRA/GRA054^2.p,TH0,Theorem,timeout,na,2868,0,0,0,1,0,0,0,0,
no_demodulation,GRA/GRA055^1.p,TH0,Theorem,timeout,na,3117,0,0,0,1,0,0,0,0,
no_demodulation,GRA/GRA055^2.p,TH0,Theorem,timeout,na,3098,0,0,0,1,0,0,0,0,
no_demodulation,GRA/GRA056^1.p,TH0,CounterSatisfiable,timeout,na,3866,0,0,0,1,0,0,0,0,
no_demodulation,GRA/GRA056^2.p,TH0,CounterSatisfiable,timeout,na,3859,0,0,0,1,0,0,0,0,
no_demodulation,GRA/GRA057^1.p,TH0,Open,timeout,na,3178,0,0,0,1,0,0,0,0,
no_demodulation,GRA/GRA057^2.p,TH0,Open,timeout,na,3131,0,0,0,1,0,0,0,0,
no_demodulation,GRA/GRA058^1.p,TH0,CounterSatisfiable,timeout,na,3934,0,0,0,1,0,0,0,0,
no_demodulation,GRA/GRA058^2.p,TH0,CounterSatisfiable,timeout,na,3959,0,0,0,1,0,0,0,0,
no_demodulation,GRA/GRA059^1.p,TH0,CounterSatisfiable,timeout,na,4652,0,0,0,1,0,0,0,0,
no_demodulation,GRA/GRA059^2.p,TH0,CounterSatisfiable,timeout,na,4658,0,0,0,1,0,0,0,0,
no_demodulation,GRA/GRA060^1.p,TH0,Open,timeout,na,3573,0,0,0,1,0,0,0,0,
no_demodulation,GRA/GRA060^2.p,TH0,Open,timeout,na,3553,0,0,0,1,0,0,0,0,
no_demodulation,GRA/GRA061^1.p,TH0,CounterSatisfiable,timeout,na,4647,0,0,0,1,0,0,0,0,
no_demodulation,GRA/GRA061^2.p,TH0,CounterSatisfiable,timeout,na,4691,0,0,0,1,0,0,0,0,
no_demodulation,GRA/GRA062^1.p,TH0,Theorem,timeout,na,3600,0,0,0,1,0,0,0,0,
no_demodulation,GRA/GRA062^2.p,TH0,Theorem,timeout,na,3594,0,0,0,1,0,0,0,0,
no_demodulation,GRA/GRA063^1.p,TH0,Open,timeout,na,4108,0,0,0,1,0,0,0,0,
no_demodulation,GRA/GRA063^2.p,TH0,Theorem,timeout,na,4105,0,0,0,1,0,0,0,0,
no_demodulation,GRA/GRA064^1.p,TH0,CounterSatisfiable,timeout,na,5700,0,0,0,1,0,0,0,0,
no_demodulation,GRA/GRA064^2.p,TH0,CounterSatisfiable,timeout,na,5720,0,0,0,1,0,0,0,0,
no_demodulation,GRA/GRA065^1.p,TH0,Open,timeout,na,4140,0,0,0,1,0,0,0,0,
no_demodulation,GRA/GRA065^2.p,TH0,Theorem,timeout,na,4135,0,0,0,1,0,0,0,0,
no_demodulation,GRA/GRA066^1.p,TH0,CounterSatisfiable,timeout,na,5751,0,0,0,1,0,0,0,0,
no_demodulation,GRA/GRA066^2.p,TH0,CounterSatisfiable,timeout,na,5780,0,0,0,1,0,0,0,0,
no_demodulation,GRA/GRA067^1.p,TH0,Open,timeout,na,4840,0,0,0,1,0,0,0,0,
no_demodulation,GRA/GRA067^2.p,TH0,Theorem,timeout,na,4856,0,0,0,1,0,0,0,0,
no_demodulation,GRA/GRA068^1.p,TH0,CounterSatisfiable,parse_timeout,na,0,,,,,,,,,cached: parse exceeded 5000ms
no_demodulation,GRA/GRA068^2.p,TH0,CounterSatisfiable,parse_timeout,na,0,,,,,,,,,cached: parse exceeded 5000ms
no_demodulation,GRA/GRA069^1.p,TH0,Open,timeout,na,4884,0,0,0,1,0,0,0,0,
no_demodulation,GRA/GRA069^2.p,TH0,Theorem,timeout,na,4923,0,0,0,1,0,0,0,0,
no_demodulation,GRA/GRA070^1.p,TH0,CounterSatisfiable,parse_timeout,na,0,,,,,,,,,cached: parse exceeded 5000ms
no_demodulation,GRA/GRA070^2.p,TH0,CounterSatisfiable,parse_timeout,na,0,,,,,,,,,cached: parse exceeded 5000ms
no_demodulation,GRA/GRA071^1.p,TH0,CounterSatisfiable,parse_timeout,na,0,,,,,,,,,cached: parse exceeded 5000ms
no_demodulation,GRA/GRA071^2.p,TH0,CounterSatisfiable,parse_timeout,na,0,,,,,,,,,cached: parse exceeded 5000ms
no_demodulation,GRA/GRA072^1.p,TH0,Open,timeout,na,5849,0,0,0,1,0,0,0,0,
no_demodulation,GRA/GRA072^2.p,TH0,Theorem,timeout,na,5851,0,0,0,1,0,0,0,0,
no_demodulation,GRA/GRA073^1.p,TH0,CounterSatisfiable,parse_timeout,na,0,,,,,,,,,cached: parse exceeded 5000ms
no_demodulation,GRA/GRA073^2.p,TH0,CounterSatisfiable,parse_timeout,na,0,,,,,,,,,cached: parse exceeded 5000ms
no_demodulation,GRA/GRA074^1.p,TH0,Theorem,timeout,na,5875,0,0,0,1,0,0,0,0,
no_demodulation,GRA/GRA074^2.p,TH0,Theorem,timeout,na,5869,0,0,0,1,0,0,0,0,
no_demodulation,GRA/GRA081^1.p,TH0,Unsatisfiable,no_conjecture,na,6,,,,,,,,,
no_demodulation,GRA/GRA082^1.p,TH0,Unsatisfiable,no_conjecture,na,8,,,,,,,,,
no_demodulation,GRA/GRA083^1.p,TH0,Unsatisfiable,no_conjecture,na,10,,,,,,,,,
no_demodulation,GRA/GRA084^1.p,TH0,Unsatisfiable,no_conjecture,na,14,,,,,,,,,
no_demodulation,GRA/GRA085^1.p,TH0,Unsatisfiable,no_conjecture,na,12,,,,,,,,,
no_demodulation,GRA/GRA086^1.p,TH0,Unsatisfiable,no_conjecture,na,9,,,,,,,,,
no_demodulation,GRA/GRA087^1.p,TH0,Unsatisfiable,no_conjecture,na,8,,,,,,,,,
no_demodulation,GRA/GRA088^1.p,TH0,Unsatisfiable,no_conjecture,na,9,,,,,,,,,
no_demodulation,GRA/GRA089^1.p,TH0,Unsatisfiable,no_conjecture,na,9,,,,,,,,,
no_demodulation,GRA/GRA090^1.p,TH0,Unsatisfiable,no_conjecture,na,9,,,,,,,,,
no_demodulation,GRA/GRA091^1.p,TH0,Unsatisfiable,no_conjecture,na,9,,,,,,,,,
no_demodulation,GRA/GRA092^1.p,TH0,Unsatisfiable,no_conjecture,na,9,,,,,,,,,
no_demodulation,GRA/GRA093^1.p,TH0,Unsatisfiable,no_conjecture,na,9,,,,,,,,,
no_demodulation,GRA/GRA094^1.p,TH0,Unsatisfiable,no_conjecture,na,12,,,,,,,,,
no_demodulation,GRA/GRA095^1.p,TH0,Unsatisfiable,no_conjecture,na,11,,,,,,,,,
no_demodulation,GRA/GRA096^1.p,TH0,Unsatisfiable,no_conjecture,na,10,,,,,,,,,
no_demodulation,GRA/GRA097^1.p,TH0,Unsatisfiable,no_conjecture,na,10,,,,,,,,,
no_demodulation,GRA/GRA098^1.p,TH0,Unsatisfiable,no_conjecture,na,10,,,,,,,,,
no_demodulation,GRA/GRA099^1.p,TH0,Unsatisfiable,no_conjecture,na,10,,,,,,,,,
no_demodulation,GRA/GRA100^1.p,TH0,Unsatisfiable,no_conjecture,na,10,,,,,,,,,
no_demodulation,GRA/GRA101^1.p,TH0,Unsatisfiable,no_conjecture,na,11,,,,,,,,,
no_demodulation,GRA/GRA102^1.p,TH0,Unsatisfiable,no_conjecture,na,10,,,,,,,,,
no_demodulation,GRA/GRA103^1.p,TH0,Unsatisfiable,no_conjecture,na,12,,,,,,,,,
no_demodulation,GRA/GRA104^1.p,TH0,Unsatisfiable,no_conjecture,na,12,,,,,,,,,
no_demodulation,GRA/GRA105^1.p,TH0,Unsatisfiable,no_conjecture,na,8,,,,,,,,,
no_demodulation,GRA/GRA106^1.p,TH0,Unsatisfiable,no_conjecture,na,9,,,,,,,,,
no_demodulation,GRA/GRA107^1.p,TH0,Unsatisfiable,no_conjecture,na,10,,,,,,,,,
no_demodulation,GRA/GRA108^1.p,TH0,Unsatisfiable,no_conjecture,na,10,,,,,,,,,
no_demodulation,GRA/GRA109^1.p,TH0,Unsatisfiable,no_conjecture,na,10,,,,,,,,,
no_demodulation,GRA/GRA110^1.p,TH0,Unsatisfiable,no_conjecture,na,10,,,,,,,,,
no_demodulation,GRA/GRA111^1.p,TH0,Unsatisfiable,no_conjecture,na,9,,,,,,,,,
no_demodulation,GRA/GRA112^1.p,TH0,Unsatisfiable,no_conjecture,na,10,,,,,,,,,
no_demodulation,GRA/GRA113^1.p,TH0,Unsatisfiable,no_conjecture,na,10,,,,,,,,,
no_demodulation,GRA/GRA114^1.p,TH0,Unsatisfiable,no_conjecture,na,10,,,,,,,,,
no_demodulation,GRA/GRA115^1.p,TH0,Unsatisfiable,no_conjecture,na,11,,,,,,,,,
no_demodulation,GRA/GRA116^1.p,TH0,Unsatisfiable,no_conjecture,na,10,,,,,,,,,
no_demodulation,GRP/GRP001^5.p,TH0,Theorem,timeout,na,2057,1960,64,1960,213,15,0,1,0,
no_demodulation,GRP/GRP782^1.p,TH0,Unknown,timeout,na,2673,0,0,0,1,0,0,0,0,
no_demodulation,GRP/GRP783^1.p,TH0,Unknown,timeout,na,2711,0,0,0,1,0,0,0,0,
no_demodulation,GRP/GRP784^1.p,TH0,Unknown,timeout,na,2650,0,0,0,1,0,0,0,0,
no_demodulation,GRP/GRP785^1.p,TH0,Unknown,timeout,na,2666,0,0,0,1,0,0,0,0,
no_demodulation,GRP/GRP786^1.p,TH0,Unknown,timeout,na,2684,0,0,0,1,0,0,0,0,
no_demodulation,GRP/GRP787^1.p,TH0,Unknown,timeout,na,2678,0,0,0,1,0,0,0,0,
no_demodulation,GRP/GRP788^1.p,TH0,Unknown,timeout,na,2641,0,0,0,1,0,0,0,0,
no_demodulation,GRP/GRP789^1.p,TH0,Unknown,timeout,na,2641,0,0,0,1,0,0,0,0,
no_demodulation,GRP/GRP790^1.p,TH0,Unknown,timeout,na,2666,0,0,0,1,0,0,0,0,
no_demodulation,GRP/GRP791^1.p,TH0,Unknown,timeout,na,2695,0,0,0,1,0,0,0,0,
no_demodulation,GRP/GRP792^1.p,TH0,Theorem,timeout,na,2700,0,0,0,1,0,0,0,0,
no_demodulation,GRP/GRP793^1.p,TH0,Unknown,timeout,na,2675,0,0,0,1,0,0,0,0,
no_demodulation,GRP/GRP794^1.p,TH0,Theorem,timeout,na,2624,0,0,0,1,0,0,0,0,
no_demodulation,GRP/GRP795^1.p,TH0,Unknown,timeout,na,2628,0,0,0,1,0,0,0,0,
no_demodulation,GRP/GRP796^1.p,TH0,Unknown,timeout,na,2620,0,0,0,1,0,0,0,0,
no_demodulation,GRP/GRP797^1.p,TH0,Unknown,timeout,na,2622,0,0,0,1,0,0,0,0,
no_demodulation,GRP/GRP798^1.p,TH0,Unknown,timeout,na,2655,0,0,0,1,0,0,0,0,
no_demodulation,GRP/GRP799^1.p,TH0,Unknown,timeout,na,2659,0,0,0,1,0,0,0,0,
no_demodulation,GRP/GRP800^1.p,TH0,Unknown,timeout,na,2680,0,0,0,1,0,0,0,0,
no_demodulation,GRP/GRP801^1.p,TH0,Unknown,timeout,na,2688,0,0,0,1,0,0,0,0,
no_demodulation,GRP/GRP802^1.p,TH0,Theorem,timeout,na,2684,0,0,0,1,0,0,0,0,
no_demodulation,GRP/GRP803^1.p,TH0,Unknown,timeout,na,2670,0,0,0,1,0,0,0,0,
no_demodulation,GRP/GRP804^1.p,TH0,Theorem,timeout,na,2628,0,0,0,1,0,0,0,0,
no_demodulation,GRP/GRP805^1.p,TH0,Unknown,timeout,na,2634,0,0,0,1,0,0,0,0,
no_demodulation,GRP/GRP806^1.p,TH0,Unknown,timeout,na,2694,0,0,0,1,0,0,0,0,
no_demodulation,GRP/GRP807^1.p,TH0,Unknown,timeout,na,2670,0,0,0,1,0,0,0,0,
no_demodulation,GRP/GRP808^1.p,TH0,Theorem,timeout,na,2658,0,0,0,1,0,0,0,0,
no_demodulation,GRP/GRP809^1.p,TH0,Unknown,timeout,na,2667,0,0,0,1,0,0,0,0,
no_demodulation,GRP/GRP810^1.p,TH0,Unknown,timeout,na,2636,0,0,0,1,0,0,0,0,
no_demodulation,GRP/GRP811^1.p,TH0,Unknown,timeout,na,2671,0,0,0,1,0,0,0,0,
no_demodulation,GRP/GRP812^1.p,TH0,Unknown,timeout,na,2667,0,0,0,1,0,0,0,0,
no_demodulation,GRP/GRP813^1.p,TH0,Unknown,timeout,na,2698,0,0,0,1,0,0,0,0,
no_demodulation,GRP/GRP814^1.p,TH0,Unknown,timeout,na,2659,0,0,0,1,0,0,0,0,
no_demodulation,GRP/GRP815^1.p,TH0,Unknown,timeout,na,2688,0,0,0,1,0,0,0,0,
no_demodulation,GRP/GRP816^1.p,TH0,Unknown,timeout,na,2680,0,0,0,1,0,0,0,0,
no_demodulation,GRP/GRP817^1.p,TH0,Unknown,timeout,na,2686,0,0,0,1,0,0,0,0,
no_demodulation,GRP/GRP818^1.p,TH0,Unknown,timeout,na,2709,0,0,0,1,0,0,0,0,
no_demodulation,GRP/GRP819^1.p,TH0,Unknown,timeout,na,2679,0,0,0,1,0,0,0,0,
no_demodulation,GRP/GRP820^1.p,TH0,Unknown,timeout,na,2658,0,0,0,1,0,0,0,0,
no_demodulation,GRP/GRP821^1.p,TH0,Unknown,timeout,na,2679,0,0,0,1,0,0,0,0,
no_demodulation,ITP/ITP001^1.p,TH0,Theorem,thm,yes,58,7,0,7,2,2,0,0,0,
no_demodulation,ITP/ITP001^2.p,TH0,Theorem,thm,yes,18,1,0,1,1,1,0,0,0,
no_demodulation,ITP/ITP001^3.p,TH1,Theorem,thm,yes,10,6,0,6,2,2,0,0,0,
no_demodulation,ITP/ITP001^4.p,TH0,Theorem,thm,yes,324,31,0,31,4,4,0,0,0,
no_demodulation,ITP/ITP001^5.p,TH0,Theorem,thm,yes,118,1,0,1,1,1,0,0,0,
no_demodulation,ITP/ITP001^7.p,TH1,Theorem,thm,yes,134,25,0,25,4,4,0,0,0,
no_demodulation,ITP/ITP002^1.p,TH0,Theorem,timeout,na,2186,2144,172,2144,59,13,0,0,0,
no_demodulation,ITP/ITP002^2.p,TH0,Theorem,timeout,na,2154,1745,75,1745,143,59,0,0,0,
no_demodulation,ITP/ITP002^3.p,TH1,Theorem,timeout,na,2128,2539,43,2539,177,192,0,1,0,
no_demodulation,ITP/ITP002^4.p,TH0,Theorem,parse_timeout,na,0,,,,,,,,,cached: parse exceeded 5000ms
no_demodulation,ITP/ITP002^5.p,TH0,Theorem,timeout,na,4616,380,36,380,2,0,0,0,0,
no_demodulation,ITP/ITP002^7.p,TH1,Theorem,timeout,na,3636,676,41,676,86,25,0,0,0,
no_demodulation,ITP/ITP003^1.p,TH0,Theorem,timeout,na,2196,31,3,31,1,0,0,0,0,
no_demodulation,ITP/ITP003^2.p,TH0,Theorem,timeout,na,2301,1497,16,1497,292,0,0,1,0,
no_demodulation,ITP/ITP003^3.p,TH1,Theorem,timeout,na,2169,3060,197,3060,152,43,0,1,0,
no_demodulation,ITP/ITP003^4.p,TH0,Theorem,parse_timeout,na,0,,,,,,,,,cached: parse exceeded 5000ms
no_demodulation,ITP/ITP003^5.p,TH0,Theorem,timeout,na,6929,216,21,216,1,0,0,0,0,
no_demodulation,ITP/ITP003^7.p,TH1,Theorem,timeout,na,4487,995,78,995,26,42,0,0,0,
no_demodulation,ITP/ITP004^1.p,TH0,Theorem,timeout,na,2117,769,54,769,48,0,0,0,0,
no_demodulation,ITP/ITP004^2.p,TH0,Theorem,timeout,na,2102,1366,32,1366,184,0,0,1,0,
no_demodulation,ITP/ITP004^3.p,TH1,Theorem,timeout,na,2098,2533,58,2533,112,184,0,1,0,
no_demodulation,ITP/ITP004^4.p,TH0,Theorem,parse_timeout,na,0,,,,,,,,,cached: parse exceeded 5000ms
no_demodulation,ITP/ITP004^5.p,TH0,Theorem,parse_timeout,na,0,,,,,,,,,cached: parse exceeded 5000ms
no_demodulation,ITP/ITP004^7.p,TH1,Theorem,timeout,na,6287,0,0,0,1,0,0,0,0,
no_demodulation,ITP/ITP005^1.p,TH0,Theorem,timeout,na,2177,809,65,809,22,0,0,0,0,
no_demodulation,ITP/ITP005^2.p,TH0,Theorem,timeout,na,2188,1564,36,1564,233,36,0,1,0,
no_demodulation,ITP/ITP005^3.p,TH1,Theorem,timeout,na,2094,1902,136,1902,90,4,0,1,0,
no_demodulation,ITP/ITP005^4.p,TH0,Theorem,parse_timeout,na,0,,,,,,,,,cached: parse exceeded 5000ms
no_demodulation,ITP/ITP005^5.p,TH0,Theorem,parse_timeout,na,0,,,,,,,,,cached: parse exceeded 5000ms
no_demodulation,ITP/ITP005^7.p,TH1,Theorem,parse_timeout,na,0,,,,,,,,,cached: parse exceeded 5000ms
no_demodulation,ITP/ITP006^1.p,TH0,Theorem,timeout,na,2204,820,40,820,64,0,0,0,0,
no_demodulation,ITP/ITP006^2.p,TH0,Theorem,timeout,na,2144,563,13,563,94,7,0,1,0,
no_demodulation,ITP/ITP006^3.p,TH1,Theorem,timeout,na,2125,984,51,984,82,1,0,1,0,
no_demodulation,ITP/ITP006^4.p,TH0,Theorem,parse_timeout,na,0,,,,,,,,,cached: parse exceeded 5000ms
no_demodulation,ITP/ITP006^5.p,TH0,Theorem,parse_timeout,na,0,,,,,,,,,cached: parse exceeded 5000ms
no_demodulation,ITP/ITP006^7.p,TH1,Theorem,parse_timeout,na,0,,,,,,,,,cached: parse exceeded 5000ms
no_demodulation,ITP/ITP007^1.p,TH0,Theorem,timeout,na,2445,243,21,243,4,0,0,0,0,
no_demodulation,ITP/ITP007^2.p,TH0,Theorem,timeout,na,2464,1844,17,1844,156,410,0,1,0,
no_demodulation,ITP/ITP007^3.p,TH1,Theorem,timeout,na,2184,1876,105,1876,104,13,0,1,0,
no_demodulation,ITP/ITP007^4.p,TH0,Theorem,parse_timeout,na,0,,,,,,,,,cached: parse exceeded 5000ms
no_demodulation,ITP/ITP007^5.p,TH0,Theorem,parse_timeout,na,0,,,,,,,,,cached: parse exceeded 5000ms
no_demodulation,ITP/ITP007^7.p,TH1,Theorem,parse_timeout,na,0,,,,,,,,,cached: parse exceeded 5000ms
no_demodulation,ITP/ITP008^1.p,TH0,Theorem,timeout,na,2167,1850,121,1850,88,0,0,0,0,
no_demodulation,ITP/ITP008^2.p,TH0,Theorem,timeout,na,2149,1275,55,1275,135,0,0,0,0,
no_demodulation,ITP/ITP008^3.p,TH1,Theorem,timeout,na,2048,865,28,865,38,37,0,1,0,
no_demodulation,ITP/ITP008^4.p,TH0,Theorem,parse_timeout,na,0,,,,,,,,,cached: parse exceeded 5000ms
no_demodulation,ITP/ITP008^5.p,TH0,Theorem,parse_timeout,na,0,,,,,,,,,cached: parse exceeded 5000ms
no_demodulation,ITP/ITP008^7.p,TH1,Theorem,parse_timeout,na,0,,,,,,,,,cached: parse exceeded 5000ms
no_demodulation,ITP/ITP009^1.p,TH0,Theorem,timeout,na,2216,861,80,861,8,0,0,0,0,
no_demodulation,ITP/ITP009^2.p,TH0,Theorem,timeout,na,2171,728,21,728,139,1,0,1,0,
no_demodulation,ITP/ITP009^3.p,TH1,Theorem,timeout,na,2074,1069,77,1069,42,1,0,1,0,
no_demodulation,ITP/ITP009^4.p,TH0,Theorem,parse_timeout,na,0,,,,,,,,,cached: parse exceeded 5000ms
no_demodulation,ITP/ITP009^5.p,TH0,Theorem,parse_timeout,na,0,,,,,,,,,cached: parse exceeded 5000ms
no_demodulation,ITP/ITP009^7.p,TH1,Theorem,parse_timeout,na,0,,,,,,,,,cached: parse exceeded 5000ms
no_demodulation,ITP/ITP010^1.p,TH0,Theorem,thm,yes,98,7,0,7,1,1,0,0,0,
no_demodulation,ITP/ITP010^2.p,TH0,Theorem,thm,yes,70,15,1,15,1,1,0,0,0,
no_demodulation,ITP/ITP010^3.p,TH1,Theorem,thm,yes,29,5,0,5,1,1,0,0,0,
no_demodulation,ITP/ITP010^4.p,TH0,Theorem,parse_timeout,na,0,,,,,,,,,cached: parse exceeded 5000ms
no_demodulation,ITP/ITP010^5.p,TH0,Theorem,parse_timeout,na,0,,,,,,,,,cached: parse exceeded 5000ms
no_demodulation,ITP/ITP010^7.p,TH1,Theorem,parse_timeout,na,0,,,,,,,,,cached: parse exceeded 5000ms
no_demodulation,ITP/ITP011^1.p,TH0,Theorem,timeout,na,2207,786,66,786,16,0,0,0,0,
no_demodulation,ITP/ITP011^2.p,TH0,Theorem,timeout,na,2155,259,15,259,22,1,0,0,0,
no_demodulation,ITP/ITP011^3.p,TH1,Theorem,timeout,na,2095,429,29,429,11,10,0,1,0,
no_demodulation,ITP/ITP011^4.p,TH0,Theorem,parse_timeout,na,0,,,,,,,,,cached: parse exceeded 5000ms
no_demodulation,ITP/ITP011^5.p,TH0,Theorem,parse_timeout,na,0,,,,,,,,,cached: parse exceeded 5000ms
no_demodulation,ITP/ITP011^7.p,TH1,Theorem,parse_timeout,na,0,,,,,,,,,cached: parse exceeded 5000ms
no_demodulation,ITP/ITP012^1.p,TH0,Theorem,timeout,na,2251,2173,106,2173,117,93,0,0,0,
no_demodulation,ITP/ITP012^2.p,TH0,Theorem,timeout,na,2231,2006,15,2006,226,26,0,0,0,
no_demodulation,ITP/ITP012^3.p,TH1,Theorem,timeout,na,2458,7656,190,7656,236,685,0,0,0,
no_demodulation,ITP/ITP012^4.p,TH0,Theorem,parse_timeout,na,0,,,,,,,,,cached: parse exceeded 5000ms
no_demodulation,ITP/ITP012^5.p,TH0,Theorem,parse_timeout,na,0,,,,,,,,,cached: parse exceeded 5000ms
no_demodulation,ITP/ITP012^7.p,TH1,Theorem,parse_timeout,na,0,,,,,,,,,cached: parse exceeded 5000ms
no_demodulation,ITP/ITP013^1.p,TH0,Theorem,timeout,na,2139,579,53,579,4,0,0,0,0,
no_demodulation,ITP/ITP013^2.p,TH0,Theorem,timeout,na,2168,1816,43,1816,204,74,0,2,0,
no_demodulation,ITP/ITP013^3.p,TH1,Theorem,timeout,na,2166,3124,80,3124,53,344,0,1,0,
no_demodulation,ITP/ITP013^4.p,TH0,Theorem,parse_timeout,na,0,,,,,,,,,cached: parse exceeded 5000ms
no_demodulation,ITP/ITP013^5.p,TH0,Theorem,parse_timeout,na,0,,,,,,,,,cached: parse exceeded 5000ms
no_demodulation,ITP/ITP013^7.p,TH1,Theorem,parse_timeout,na,0,,,,,,,,,cached: parse exceeded 5000ms
no_demodulation,ITP/ITP014^1.p,TH0,Theorem,timeout,na,2416,13,1,13,1,0,0,0,0,
no_demodulation,ITP/ITP014^2.p,TH0,Theorem,timeout,na,2372,39,3,39,1,0,0,0,0,
no_demodulation,ITP/ITP014^3.p,TH1,Theorem,timeout,na,2184,14,1,14,1,0,0,0,0,
no_demodulation,ITP/ITP014^4.p,TH0,Theorem,parse_timeout,na,0,,,,,,,,,cached: parse exceeded 5000ms
no_demodulation,ITP/ITP014^5.p,TH0,Theorem,parse_timeout,na,0,,,,,,,,,cached: parse exceeded 5000ms
no_demodulation,ITP/ITP014^7.p,TH1,Theorem,parse_timeout,na,0,,,,,,,,,cached: parse exceeded 5000ms
no_demodulation,ITP/ITP015^1.p,TH0,Theorem,timeout,na,2148,576,55,576,4,0,0,0,0,
no_demodulation,ITP/ITP015^2.p,TH0,Theorem,timeout,na,2303,2224,14,2224,578,72,0,1,0,
no_demodulation,ITP/ITP015^3.p,TH1,Theorem,timeout,na,2123,2265,77,2265,189,59,0,1,0,
no_demodulation,ITP/ITP015^4.p,TH0,Theorem,parse_timeout,na,0,,,,,,,,,cached: parse exceeded 5000ms
no_demodulation,ITP/ITP015^5.p,TH0,Theorem,parse_timeout,na,0,,,,,,,,,cached: parse exceeded 5000ms
no_demodulation,ITP/ITP015^7.p,TH1,Theorem,parse_timeout,na,0,,,,,,,,,cached: parse exceeded 5000ms
no_demodulation,ITP/ITP016^1.p,TH0,Theorem,timeout,na,2309,2243,160,2243,98,0,0,0,0,
no_demodulation,ITP/ITP016^2.p,TH0,Theorem,timeout,na,2318,1179,25,1179,248,0,0,1,0,
no_demodulation,ITP/ITP016^3.p,TH1,Theorem,timeout,na,2228,3045,141,3045,197,13,0,0,0,
no_demodulation,ITP/ITP016^4.p,TH0,Theorem,parse_timeout,na,0,,,,,,,,,cached: parse exceeded 5000ms
no_demodulation,ITP/ITP016^5.p,TH0,Theorem,parse_timeout,na,0,,,,,,,,,cached: parse exceeded 5000ms
no_demodulation,ITP/ITP016^7.p,TH1,Theorem,parse_timeout,na,0,,,,,,,,,cached: parse exceeded 5000ms
no_demodulation,ITP/ITP017^1.p,TH0,Theorem,timeout,na,2402,20,2,20,1,0,0,0,0,
no_demodulation,ITP/ITP017^2.p,TH0,Theorem,timeout,na,2361,53,5,53,1,0,0,0,0,
no_demodulation,ITP/ITP017^3.p,TH1,Theorem,timeout,na,2172,20,2,20,1,0,0,0,0,
no_demodulation,ITP/ITP017^4.p,TH0,Theorem,parse_timeout,na,0,,,,,,,,,cached: parse exceeded 5000ms
no_demodulation,ITP/ITP017^5.p,TH0,Theorem,parse_timeout,na,0,,,,,,,,,cached: parse exceeded 5000ms
no_demodulation,ITP/ITP017^7.p,TH1,Theorem,parse_timeout,na,0,,,,,,,,,cached: parse exceeded 5000ms
no_demodulation,ITP/ITP018^1.p,TH0,Theorem,timeout,na,2257,2035,63,2035,192,75,0,0,0,
no_demodulation,ITP/ITP018^2.p,TH0,Theorem,timeout,na,2083,884,41,884,77,16,0,0,0,
no_demodulation,ITP/ITP018^3.p,TH1,Theorem,timeout,na,2111,3385,95,3385,102,222,0,1,0,
no_demodulation,ITP/ITP018^4.p,TH0,Theorem,parse_timeout,na,0,,,,,,,,,cached: parse exceeded 5000ms
no_demodulation,ITP/ITP018^5.p,TH0,Theorem,parse_timeout,na,0,,,,,,,,,cached: parse exceeded 5000ms
no_demodulation,ITP/ITP018^7.p,TH1,Theorem,parse_timeout,na,0,,,,,,,,,cached: parse exceeded 5000ms
no_demodulation,ITP/ITP019^1.p,TH0,Theorem,timeout,na,2248,2103,53,2103,287,21,0,0,0,
no_demodulation,ITP/ITP019^2.p,TH0,Theorem,timeout,na,2258,2286,15,2286,894,0,0,2,0,
no_demodulation,ITP/ITP019^3.p,TH1,Theorem,timeout,na,2121,4016,25,4016,113,394,0,1,0,
no_demodulation,ITP/ITP019^4.p,TH0,Theorem,parse_timeout,na,0,,,,,,,,,cached: parse exceeded 5000ms
no_demodulation,ITP/ITP019^5.p,TH0,Theorem,parse_timeout,na,0,,,,,,,,,cached: parse exceeded 5000ms
no_demodulation,ITP/ITP019^7.p,TH1,Theorem,parse_timeout,na,0,,,,,,,,,cached: parse exceeded 5000ms
no_demodulation,ITP/ITP020^1.p,TH0,ContradictoryAxioms,timeout,na,2263,658,61,658,8,0,0,0,0,
no_demodulation,ITP/ITP020^2.p,TH0,Theorem,timeout,na,2770,4972,11,4972,672,1390,0,1,0,
no_demodulation,ITP/ITP020^3.p,TH1,Theorem,timeout,na,2080,976,77,976,24,1,0,1,0,
no_demodulation,ITP/ITP020^4.p,TH0,Theorem,parse_timeout,na,0,,,,,,,,,cached: parse exceeded 5000ms
no_demodulation,ITP/ITP020^5.p,TH0,Theorem,parse_timeout,na,0,,,,,,,,,cached: parse exceeded 5000ms
no_demodulation,ITP/ITP020^7.p,TH1,Theorem,parse_timeout,na,0,,,,,,,,,cached: parse exceeded 5000ms
no_demodulation,ITP/ITP021^1.p,TH0,Theorem,timeout,na,2217,1801,137,1801,88,12,0,0,0,
no_demodulation,ITP/ITP021^2.p,TH0,Theorem,timeout,na,2202,1658,16,1658,226,1,0,0,0,
no_demodulation,ITP/ITP021^3.p,TH1,Theorem,timeout,na,2344,4659,94,4659,479,374,0,1,0,
no_demodulation,ITP/ITP021^4.p,TH0,Theorem,parse_timeout,na,0,,,,,,,,,cached: parse exceeded 5000ms
no_demodulation,ITP/ITP021^5.p,TH0,Theorem,parse_timeout,na,0,,,,,,,,,cached: parse exceeded 5000ms
no_demodulation,ITP/ITP021^7.p,TH1,Theorem,parse_timeout,na,0,,,,,,,,,cached: parse exceeded 5000ms
no_demodulation,ITP/ITP022^1.p,TH0,Theorem,timeout,na,2327,17,1,17,1,0,0,0,0,
no_demodulation,ITP/ITP022^2.p,TH0,Theorem,timeout,na,2290,44,4,44,1,0,0,0,0,
no_demodulation,ITP/ITP022^3.p,TH1,Theorem,timeout,na,2138,13,1,13,1,0,0,0,0,
no_demodulation,ITP/ITP022^4.p,TH0,Theorem,parse_timeout,na,0,,,,,,,,,cached: parse exceeded 5000ms
no_demodulation,ITP/ITP022^5.p,TH0,Theorem,parse_timeout,na,0,,,,,,,,,cached: parse exceeded 5000ms
no_demodulation,ITP/ITP022^7.p,TH1,Theorem,parse_timeout,na,0,,,,,,,,,cached: parse exceeded 5000ms
no_demodulation,ITP/ITP023^1.p,TH0,Theorem,timeout,na,2251,1832,104,1832,130,16,0,0,0,
no_demodulation,ITP/ITP023^2.p,TH0,Theorem,timeout,na,2198,1747,14,1747,223,8,0,0,0,
no_demodulation,ITP/ITP023^3.p,TH1,Theorem,timeout,na,2095,1565,91,1565,112,3,0,1,0,
no_demodulation,ITP/ITP023^4.p,TH0,Theorem,parse_timeout,na,0,,,,,,,,,cached: parse exceeded 5000ms
no_demodulation,ITP/ITP023^5.p,TH0,Theorem,parse_timeout,na,0,,,,,,,,,cached: parse exceeded 5000ms
no_demodulation,ITP/ITP023^7.p,TH1,Theorem,parse_timeout,na,0,,,,,,,,,cached: parse exceeded 5000ms
no_demodulation,ITP/ITP024^1.p,TH0,Theorem,timeout,na,3455,18,1,18,1,0,0,0,0,
no_demodulation,ITP/ITP024^2.p,TH0,Theorem,timeout,na,2522,57,5,57,1,0,0,0,0,
no_demodulation,ITP/ITP024^3.p,TH1,Theorem,timeout,na,2244,20,2,20,1,0,0,0,0,
no_demodulation,ITP/ITP024^4.p,TH0,Theorem,parse_timeout,na,0,,,,,,,,,cached: parse exceeded 5000ms
no_demodulation,ITP/ITP024^5.p,TH0,Theorem,parse_timeout,na,0,,,,,,,,,cached: parse exceeded 5000ms
no_demodulation,ITP/ITP024^7.p,TH1,Theorem,parse_timeout,na,0,,,,,,,,,cached: parse exceeded 5000ms
no_demodulation,ITP/ITP025^1.p,TH0,Theorem,timeout,na,2472,1167,105,1167,16,3,0,0,0,
no_demodulation,ITP/ITP025^2.p,TH0,Theorem,timeout,na,2370,1037,25,1037,189,0,0,0,0,
no_demodulation,ITP/ITP025^3.p,TH1,Theorem,timeout,na,2187,1395,71,1395,69,24,0,2,0,
no_demodulation,ITP/ITP025^4.p,TH0,Theorem,parse_timeout,na,0,,,,,,,,,cached: parse exceeded 5000ms
no_demodulation,ITP/ITP025^5.p,TH0,Theorem,parse_timeout,na,0,,,,,,,,,cached: parse exceeded 5000ms
no_demodulation,ITP/ITP025^7.p,TH1,Theorem,parse_timeout,na,0,,,,,,,,,cached: parse exceeded 5000ms
no_demodulation,ITP/ITP026^1.p,TH0,Theorem,timeout,na,2856,2129,136,2129,89,109,0,8,0,
no_demodulation,ITP/ITP026^2.p,TH1,Theorem,timeout,na,3230,946,56,946,28,43,0,7,0,
no_demodulation,ITP/ITP027^1.p,TH0,Theorem,timeout,na,3303,298,29,298,1,0,0,0,0,
no_demodulation,ITP/ITP027^2.p,TH1,Theorem,timeout,na,4254,107,10,107,1,0,0,0,0,
no_demodulation,ITP/ITP028^1.p,TH0,Theorem,timeout,na,2602,1342,116,1342,29,4,0,1,0,
no_demodulation,ITP/ITP028^2.p,TH1,Theorem,timeout,na,2831,72,7,72,1,0,0,0,0,
no_demodulation,ITP/ITP029^1.p,TH0,ContradictoryAxioms,timeout,na,2559,1182,76,1182,70,7,0,0,0,
no_demodulation,ITP/ITP029^2.p,TH1,ContradictoryAxioms,timeout,na,2876,1307,50,1307,244,38,0,0,0,
no_demodulation,ITP/ITP030^1.p,TH0,ContradictoryAxioms,thm,na,603,1,0,1,1,1,0,0,0,
no_demodulation,ITP/ITP030^2.p,TH1,ContradictoryAxioms,thm,na,704,1,0,1,1,1,0,0,0,
no_demodulation,ITP/ITP031^1.p,TH0,Theorem,timeout,na,2630,2437,108,2437,282,60,0,0,0,
no_demodulation,ITP/ITP031^2.p,TH1,Theorem,timeout,na,2745,1273,77,1273,174,28,0,0,0,
no_demodulation,ITP/ITP032^1.p,TH0,Theorem,timeout,na,2553,1675,121,1675,107,7,0,0,0,
no_demodulation,ITP/ITP032^2.p,TH1,Theorem,timeout,na,2716,1692,84,1692,162,43,0,0,0,
no_demodulation,ITP/ITP033^1.p,TH0,Theorem,timeout,na,2704,1907,110,1907,268,23,0,0,0,
no_demodulation,ITP/ITP033^2.p,TH1,Theorem,timeout,na,2903,1278,72,1278,234,11,0,0,0,
no_demodulation,ITP/ITP034^1.p,TH0,Theorem,timeout,na,2677,2598,162,2598,396,49,0,0,0,
no_demodulation,ITP/ITP034^2.p,TH1,Theorem,timeout,na,2679,1388,102,1388,123,14,0,0,0,
no_demodulation,ITP/ITP035^1.p,TH0,Theorem,timeout,na,2581,3888,317,3888,152,0,0,0,0,
no_demodulation,ITP/ITP035^2.p,TH1,Theorem,timeout,na,2611,1757,148,1757,64,4,0,1,0,
no_demodulation,ITP/ITP036^1.p,TH0,Theorem,timeout,na,2402,0,0,0,1,0,0,0,0,
no_demodulation,ITP/ITP036^2.p,TH1,Theorem,timeout,na,3299,120,12,120,1,0,0,0,0,
no_demodulation,ITP/ITP037^1.p,TH0,Theorem,thm,yes,753,9,0,9,1,0,0,1,1,
no_demodulation,ITP/ITP037^2.p,TH1,Theorem,timeout,na,3203,0,0,0,1,0,0,0,0,
no_demodulation,ITP/ITP038^1.p,TH0,Theorem,timeout,na,2900,2406,72,2406,241,2,0,0,0,
no_demodulation,ITP/ITP038^2.p,TH1,Theorem,timeout,na,3786,76,7,76,1,0,0,0,0,
no_demodulation,ITP/ITP039^1.p,TH0,Theorem,thm,yes,1018,1,0,1,1,1,0,0,0,
no_demodulation,ITP/ITP039^2.p,TH1,Theorem,thm,yes,2268,1,0,1,1,1,0,0,0,
no_demodulation,ITP/ITP040^1.p,TH0,ContradictoryAxioms,timeout,na,3032,4608,49,4608,483,24,0,0,0,
no_demodulation,ITP/ITP040^2.p,TH1,ContradictoryAxioms,timeout,na,3493,338,25,338,32,16,0,0,0,
no_demodulation,ITP/ITP041^1.p,TH0,Theorem,thm,yes,612,21,2,21,1,1,0,0,0,
no_demodulation,ITP/ITP041^2.p,TH1,Theorem,timeout,na,3107,72,7,72,1,0,0,0,0,
no_demodulation,ITP/ITP042^1.p,TH0,Theorem,timeout,na,2805,3312,95,3312,355,8,0,0,0,
no_demodulation,ITP/ITP042^2.p,TH1,Theorem,timeout,na,2851,400,19,400,32,0,0,0,0,
no_demodulation,ITP/ITP043^1.p,TH0,Theorem,timeout,na,2567,2878,196,2878,173,23,0,0,0,
no_demodulation,ITP/ITP043^2.p,TH1,Theorem,timeout,na,2757,1504,83,1504,122,18,0,0,0,
no_demodulation,ITP/ITP044^1.p,TH0,Theorem,timeout,na,2779,6647,55,6647,291,325,0,0,0,
no_demodulation,ITP/ITP044^2.p,TH1,Theorem,timeout,na,2648,2254,95,2254,112,125,0,1,0,
no_demodulation,ITP/ITP045^1.p,TH0,Theorem,timeout,na,3517,1668,126,1668,72,0,0,0,0,
no_demodulation,ITP/ITP045^2.p,TH1,Theorem,parse_timeout,na,0,,,,,,,,,cached: parse exceeded 5000ms
no_demodulation,ITP/ITP046^1.p,TH0,Theorem,timeout,na,4513,2019,2,2019,882,0,0,0,0,
no_demodulation,ITP/ITP046^2.p,TH1,Theorem,parse_timeout,na,0,,,,,,,,,cached: parse exceeded 5000ms
no_demodulation,ITP/ITP047^1.p,TH0,Theorem,timeout,na,4153,1704,2,1704,812,0,0,0,0,
no_demodulation,ITP/ITP047^2.p,TH1,Theorem,parse_timeout,na,0,,,,,,,,,cached: parse exceeded 5000ms
no_demodulation,ITP/ITP048^1.p,TH0,Theorem,timeout,na,2468,1472,114,1472,54,0,0,1,0,
no_demodulation,ITP/ITP048^2.p,TH1,Theorem,timeout,na,2598,879,68,879,41,0,0,1,0,
no_demodulation,ITP/ITP049^1.p,TH0,Theorem,timeout,na,2644,832,69,832,21,0,0,1,0,
no_demodulation,ITP/ITP049^2.p,TH1,Theorem,timeout,na,3025,133,13,133,1,0,0,0,0,
no_demodulation,ITP/ITP050^1.p,TH0,Theorem,timeout,na,2743,1360,94,1360,216,2,0,1,0,
no_demodulation,ITP/ITP050^2.p,TH1,Theorem,timeout,na,2676,296,20,296,8,1,0,1,0,
no_demodulation,ITP/ITP051^1.p,TH0,ContradictoryAxioms,timeout,na,2484,3140,256,3140,76,29,0,0,0,
no_demodulation,ITP/ITP051^2.p,TH1,ContradictoryAxioms,timeout,na,2724,1820,84,1820,141,14,0,0,0,
no_demodulation,ITP/ITP052^1.p,TH0,Theorem,timeout,na,2544,1687,83,1687,123,49,0,0,0,
no_demodulation,ITP/ITP052^2.p,TH1,Theorem,timeout,na,3027,415,16,415,25,20,0,0,0,
no_demodulation,ITP/ITP053^1.p,TH0,Theorem,timeout,na,2494,1629,137,1629,80,0,0,1,0,
no_demodulation,ITP/ITP053^2.p,TH1,Theorem,timeout,na,2792,131,13,131,1,0,0,0,0,
no_demodulation,ITP/ITP054^1.p,TH0,Theorem,timeout,na,2529,4876,159,4876,387,238,0,1,0,
no_demodulation,ITP/ITP054^2.p,TH1,Theorem,timeout,na,2881,2730,143,2730,372,87,0,2,0,
no_demodulation,ITP/ITP055^1.p,TH0,Theorem,timeout,na,3015,5602,318,5602,668,0,0,0,0,
no_demodulation,ITP/ITP055^2.p,TH1,Theorem,timeout,na,3368,2251,112,2251,124,176,0,1,0,
no_demodulation,ITP/ITP056^1.p,TH0,Theorem,timeout,na,2343,2164,176,2164,117,0,0,0,0,
no_demodulation,ITP/ITP056^2.p,TH1,Theorem,timeout,na,2468,2387,191,2387,80,0,0,0,0,
no_demodulation,ITP/ITP057^1.p,TH0,Theorem,parser_error,na,0,,,,,,,,,cached: Failed to parse formula 'fact_200_SilentDecisionValueNotInverting': [byte:61243] Type Error: Cannot unify strict function types of different arities.
no_demodulation,ITP/ITP057^2.p,TH1,Theorem,parser_error,na,0,,,,,,,,,cached: Failed to parse formula 'fact_125_SilentDecisionValueNotInverting': [byte:52024] Type Error: Cannot unify strict function types of different arities.
no_demodulation,ITP/ITP058^1.p,TH0,Theorem,timeout,na,2908,0,0,0,1,0,0,0,0,
no_demodulation,ITP/ITP058^2.p,TH1,Theorem,timeout,na,3513,0,0,0,1,0,0,0,0,
no_demodulation,ITP/ITP059^1.p,TH0,Theorem,timeout,na,2518,4903,233,4903,259,544,0,2,0,
no_demodulation,ITP/ITP059^2.p,TH1,Theorem,timeout,na,2788,2486,113,2486,187,216,0,1,0,
no_demodulation,ITP/ITP060^1.p,TH0,Theorem,timeout,na,2693,4183,159,4183,676,401,0,5,0,
no_demodulation,ITP/ITP060^2.p,TH1,Theorem,timeout,na,2788,2433,121,2433,169,161,0,5,0,
no_demodulation,ITP/ITP061^1.p,TH0,Theorem,timeout,na,2809,3593,194,3593,676,0,0,1,0,
no_demodulation,ITP/ITP061^2.p,TH1,Theorem,timeout,na,2816,1866,98,1866,384,0,0,2,0,
no_demodulation,ITP/ITP062^1.p,TH0,Theorem,timeout,na,2566,2135,41,2135,269,51,0,1,0,
no_demodulation,ITP/ITP062^2.p,TH1,Theorem,timeout,na,2444,1647,129,1647,78,6,0,8,0,
no_demodulation,ITP/ITP063^1.p,TH0,Theorem,timeout,na,2818,4983,144,4983,1248,105,0,8,0,
no_demodulation,ITP/ITP063^2.p,TH1,Theorem,timeout,na,2524,3433,256,3433,222,2,0,0,0,
no_demodulation,ITP/ITP064^1.p,TH0,Theorem,timeout,na,2971,4736,116,4736,430,9,0,0,0,
no_demodulation,ITP/ITP064^2.p,TH1,Theorem,timeout,na,2608,3204,249,3204,186,0,0,0,0,
no_demodulation,ITP/ITP065^1.p,TH0,Theorem,timeout,na,2054,1099,59,1099,70,0,0,2,0,
no_demodulation,ITP/ITP065^2.p,TH1,Theorem,timeout,na,3653,155,14,155,2,0,0,0,0,
no_demodulation,ITP/ITP066^1.p,TH0,Theorem,timeout,na,2714,0,0,0,1,0,0,0,0,
no_demodulation,ITP/ITP066^2.p,TH1,Theorem,timeout,na,3167,63,6,63,1,0,0,0,0,
no_demodulation,ITP/ITP067^1.p,TH0,Theorem,timeout,na,2456,2021,159,2021,156,6,0,1,0,
no_demodulation,ITP/ITP067^2.p,TH1,Theorem,timeout,na,2950,1200,85,1200,82,0,0,0,0,
no_demodulation,ITP/ITP068^1.p,TH0,Theorem,timeout,na,3057,1548,55,1548,765,64,0,1,0,
no_demodulation,ITP/ITP068^2.p,TH1,Theorem,timeout,na,3211,86,8,86,1,0,0,0,0,
no_demodulation,ITP/ITP069^1.p,TH0,Theorem,timeout,na,2971,1718,36,1718,1047,0,0,1,0,
no_demodulation,ITP/ITP069^2.p,TH1,Theorem,timeout,na,3219,67,6,67,1,0,0,0,0,
no_demodulation,ITP/ITP070^1.p,TH0,Theorem,timeout,na,2545,0,0,0,1,0,0,0,0,
no_demodulation,ITP/ITP070^2.p,TH1,Theorem,timeout,na,3244,71,7,71,1,0,0,0,0,
no_demodulation,ITP/ITP071^1.p,TH0,Theorem,timeout,na,2706,0,0,0,1,0,0,0,0,
no_demodulation,ITP/ITP071^2.p,TH1,Theorem,timeout,na,3213,56,5,56,1,0,0,0,0,
no_demodulation,ITP/ITP072^1.p,TH0,Theorem,timeout,na,2520,2588,118,2588,197,59,0,0,0,
no_demodulation,ITP/ITP072^2.p,TH1,Theorem,timeout,na,3226,1174,60,1174,354,1,0,0,0,
no_demodulation,ITP/ITP073^1.p,TH0,Theorem,timeout,na,2636,1908,126,1908,100,40,0,4,0,
no_demodulation,ITP/ITP073^2.p,TH1,Theorem,timeout,na,2616,1535,91,1535,92,12,0,1,0,
no_demodulation,ITP/ITP074^1.p,TH0,Theorem,timeout,na,2441,4220,332,4220,104,49,0,0,0,
no_demodulation,ITP/ITP074^2.p,TH1,Theorem,timeout,na,2409,2650,194,2650,105,12,0,0,0,
no_demodulation,ITP/ITP075^1.p,TH0,Theorem,timeout,na,2447,3100,203,3100,143,35,0,0,0,
no_demodulation,ITP/ITP075^2.p,TH1,Theorem,timeout,na,2581,1885,135,1885,184,2,0,0,0,
no_demodulation,ITP/ITP076^1.p,TH0,Theorem,timeout,na,2558,3513,262,3513,183,4,0,0,0,
no_demodulation,ITP/ITP076^2.p,TH1,Theorem,timeout,na,2675,2640,180,2640,166,11,0,0,0,
no_demodulation,ITP/ITP077^1.p,TH0,Theorem,timeout,na,2603,759,60,759,32,0,0,1,0,
no_demodulation,ITP/ITP077^2.p,TH1,Theorem,timeout,na,2663,595,37,595,30,0,0,1,0,
no_demodulation,ITP/ITP078^1.p,TH0,Theorem,timeout,na,2484,2622,230,2622,60,12,0,0,0,
no_demodulation,ITP/ITP078^2.p,TH1,Theorem,timeout,na,2685,1791,113,1791,142,19,0,0,0,
no_demodulation,ITP/ITP079^1.p,TH0,Theorem,timeout,na,2550,671,58,671,14,0,0,0,0,
no_demodulation,ITP/ITP079^2.p,TH1,Theorem,timeout,na,2543,674,52,674,64,0,0,1,0,
no_demodulation,ITP/ITP080^1.p,TH0,Theorem,timeout,na,3022,1097,82,1097,32,8,0,0,0,
no_demodulation,ITP/ITP080^2.p,TH1,Theorem,timeout,na,3250,83,8,83,1,0,0,0,0,
no_demodulation,ITP/ITP081^1.p,TH0,Theorem,timeout,na,2920,1291,82,1291,83,0,0,0,0,
no_demodulation,ITP/ITP081^2.p,TH1,Theorem,timeout,na,3158,158,14,158,2,0,0,0,0,
no_demodulation,ITP/ITP082^1.p,TH0,Theorem,timeout,na,2862,1996,143,1996,112,0,0,0,0,
no_demodulation,ITP/ITP082^2.p,TH1,Theorem,timeout,na,3148,252,18,252,8,0,0,0,0,
no_demodulation,ITP/ITP083^1.p,TH0,Theorem,timeout,na,2764,1822,156,1822,45,0,0,0,0,
no_demodulation,ITP/ITP083^2.p,TH1,Theorem,timeout,na,3125,259,23,259,5,0,0,0,0,
no_demodulation,ITP/ITP084^1.p,TH0,Theorem,timeout,na,2616,0,0,0,1,0,0,0,0,
no_demodulation,ITP/ITP084^2.p,TH1,Theorem,timeout,na,2876,0,0,0,1,0,0,0,0,
no_demodulation,ITP/ITP085^1.p,TH0,Theorem,timeout,na,2627,0,0,0,1,0,0,0,0,
no_demodulation,ITP/ITP085^2.p,TH1,Theorem,timeout,na,2786,0,0,0,1,0,0,0,0,
no_demodulation,ITP/ITP086^1.p,TH0,Theorem,timeout,na,2624,2212,124,2212,224,12,0,0,0,
no_demodulation,ITP/ITP086^2.p,TH1,Theorem,timeout,na,2792,939,62,939,146,0,0,0,0,
no_demodulation,ITP/ITP087^1.p,TH0,Theorem,timeout,na,2645,2345,123,2345,123,57,0,0,0,
no_demodulation,ITP/ITP087^2.p,TH1,Theorem,timeout,na,2904,1388,79,1388,239,0,0,0,0,
no_demodulation,ITP/ITP088^1.p,TH0,Theorem,timeout,na,2701,1909,98,1909,221,47,0,0,0,
no_demodulation,ITP/ITP088^2.p,TH1,Theorem,timeout,na,2850,1054,77,1054,135,6,0,0,0,
no_demodulation,ITP/ITP089^1.p,TH0,Theorem,timeout,na,2668,2318,119,2318,139,55,0,0,0,
no_demodulation,ITP/ITP089^2.p,TH1,Theorem,timeout,na,2897,1343,76,1343,236,8,0,0,0,
no_demodulation,ITP/ITP090^1.p,TH0,Theorem,timeout,na,2791,2498,124,2498,278,51,0,0,0,
no_demodulation,ITP/ITP090^2.p,TH1,Theorem,timeout,na,2819,1485,77,1485,143,59,0,0,0,
no_demodulation,ITP/ITP091^1.p,TH0,Theorem,timeout,na,2708,2345,122,2345,230,86,0,0,0,
no_demodulation,ITP/ITP091^2.p,TH1,Theorem,timeout,na,2885,1166,58,1166,196,28,0,0,0,
no_demodulation,ITP/ITP092^1.p,TH0,Theorem,timeout,na,2902,563,56,563,2,0,0,0,0,
no_demodulation,ITP/ITP092^2.p,TH1,Theorem,timeout,na,4011,38,3,38,1,0,0,0,0,
no_demodulation,ITP/ITP093^1.p,TH0,Theorem,timeout,na,2623,1666,117,1666,101,10,0,0,0,
no_demodulation,ITP/ITP093^2.p,TH1,Theorem,timeout,na,3017,791,53,791,89,0,0,0,0,
no_demodulation,ITP/ITP094^1.p,TH0,Theorem,timeout,na,2984,5679,12,5679,951,0,0,0,0,
no_demodulation,ITP/ITP094^2.p,TH1,Theorem,timeout,na,2601,4082,96,4082,296,258,0,1,0,
no_demodulation,ITP/ITP095^1.p,TH0,Theorem,timeout,na,2676,6411,107,6411,323,183,0,0,0,
no_demodulation,ITP/ITP095^2.p,TH1,Theorem,timeout,na,2530,2328,177,2328,154,16,0,4,0,
no_demodulation,ITP/ITP096^1.p,TH0,ContradictoryAxioms,timeout,na,2647,6176,135,6176,703,385,0,4,0,
no_demodulation,ITP/ITP096^2.p,TH1,ContradictoryAxioms,timeout,na,2553,3220,147,3220,240,135,0,1,0,
no_demodulation,ITP/ITP097^1.p,TH0,Theorem,timeout,na,2903,6475,10,6475,987,0,0,0,0,
no_demodulation,ITP/ITP097^2.p,TH1,Theorem,timeout,na,2593,3286,117,3286,385,55,0,9,0,
no_demodulation,ITP/ITP098^1.p,TH0,Theorem,timeout,na,3027,1411,21,1411,262,0,0,0,0,
no_demodulation,ITP/ITP098^2.p,TH1,Theorem,timeout,na,2630,804,72,804,16,0,0,0,0,
no_demodulation,ITP/ITP099^1.p,TH0,Theorem,timeout,na,2462,1759,123,1759,112,0,0,0,0,
no_demodulation,ITP/ITP099^2.p,TH1,Theorem,timeout,na,2571,1522,123,1522,68,0,0,0,0,
no_demodulation,ITP/ITP100^1.p,TH0,Theorem,timeout,na,2737,0,0,0,1,0,0,0,0,
no_demodulation,ITP/ITP100^2.p,TH1,Theorem,timeout,na,3067,0,0,0,1,0,0,0,0,
no_demodulation,ITP/ITP101^1.p,TH0,Theorem,timeout,na,2624,2238,161,2238,269,0,0,0,0,
no_demodulation,ITP/ITP101^2.p,TH1,Theorem,timeout,na,2634,1926,156,1926,96,0,0,0,0,
no_demodulation,ITP/ITP102^1.p,TH0,Theorem,timeout,na,2539,2064,149,2064,230,0,0,1,0,
no_demodulation,ITP/ITP102^2.p,TH1,Theorem,timeout,na,2826,2969,80,2969,334,0,0,0,0,
no_demodulation,ITP/ITP103^1.p,TH0,Theorem,timeout,na,2576,5071,166,5072,462,321,0,2,0,
no_demodulation,ITP/ITP103^2.p,TH1,Theorem,timeout,na,2674,3603,127,3603,308,214,0,3,0,
no_demodulation,ITP/ITP104^1.p,TH0,Theorem,timeout,na,2542,490,30,490,25,0,0,0,0,
no_demodulation,ITP/ITP104^2.p,TH1,Theorem,timeout,na,2569,1314,102,1314,65,0,0,0,0,
no_demodulation,ITP/ITP105^1.p,TH0,Theorem,timeout,na,2704,6251,138,6251,493,14,0,0,0,
no_demodulation,ITP/ITP105^2.p,TH1,Theorem,timeout,na,2456,3927,222,3927,175,131,0,0,0,
no_demodulation,ITP/ITP106^1.p,TH0,Theorem,timeout,na,3049,1445,77,1445,491,11,0,1,0,
no_demodulation,ITP/ITP106^2.p,TH1,Theorem,timeout,na,3619,0,0,0,1,0,0,0,0,
no_demodulation,ITP/ITP107^1.p,TH0,Theorem,timeout,na,2910,3478,50,3478,280,148,0,0,0,
no_demodulation,ITP/ITP107^2.p,TH1,Theorem,timeout,na,3372,182,16,182,4,2,0,0,0,
no_demodulation,ITP/ITP108^1.p,TH0,Theorem,timeout,na,2480,1587,102,1587,101,27,0,0,0,
no_demodulation,ITP/ITP108^2.p,TH1,Theorem,timeout,na,3450,0,0,0,1,0,0,0,0,
no_demodulation,ITP/ITP109^1.p,TH0,Theorem,timeout,na,2829,2850,165,2850,284,56,0,0,0,
no_demodulation,ITP/ITP109^2.p,TH1,Theorem,timeout,na,2896,1973,142,1973,281,25,0,0,0,
no_demodulation,ITP/ITP110^1.p,TH0,Theorem,timeout,na,2668,5133,196,5133,226,120,0,0,0,
no_demodulation,ITP/ITP110^2.p,TH1,Theorem,timeout,na,2498,1468,90,1468,116,18,0,1,0,
no_demodulation,ITP/ITP111^1.p,TH0,Theorem,timeout,na,2233,3429,184,3429,203,97,0,1,0,
no_demodulation,ITP/ITP111^2.p,TH1,Theorem,timeout,na,2513,3175,166,3175,210,119,0,1,0,
no_demodulation,ITP/ITP112^1.p,TH0,Theorem,timeout,na,2726,101,10,101,1,0,0,0,0,
no_demodulation,ITP/ITP112^2.p,TH1,Theorem,timeout,na,2602,994,63,994,59,24,0,1,0,
no_demodulation,ITP/ITP113^1.p,TH0,Theorem,timeout,na,2481,3380,254,3380,121,38,0,0,0,
no_demodulation,ITP/ITP113^2.p,TH1,Theorem,timeout,na,2525,70,7,70,1,0,0,0,0,
no_demodulation,ITP/ITP114^1.p,TH0,Theorem,thm,yes,670,4,0,4,1,0,0,1,1,
no_demodulation,ITP/ITP114^2.p,TH1,Theorem,thm,yes,360,26,2,26,1,0,0,1,1,
no_demodulation,ITP/ITP115^1.p,TH0,Theorem,timeout,na,2524,3902,149,3902,255,159,0,0,0,
no_demodulation,ITP/ITP115^2.p,TH1,Theorem,timeout,na,3387,1119,34,1119,577,3,0,0,0,
no_demodulation,ITP/ITP116^1.p,TH0,Theorem,timeout,na,2729,764,61,764,22,0,0,1,0,
no_demodulation,ITP/ITP116^2.p,TH1,Theorem,timeout,na,3019,497,38,497,103,0,0,1,0,
no_demodulation,ITP/ITP117^1.p,TH0,Theorem,timeout,na,2796,2647,140,2647,210,51,0,0,0,
no_demodulation,ITP/ITP117^2.p,TH1,Theorem,timeout,na,2706,298,23,298,9,0,0,0,0,
no_demodulation,ITP/ITP118^1.p,TH0,Theorem,timeout,na,2766,6144,228,6144,528,0,0,0,0,
no_demodulation,ITP/ITP118^2.p,TH1,Theorem,timeout,na,3092,1599,51,1599,587,0,0,1,0,
no_demodulation,ITP/ITP119^1.p,TH0,ContradictoryAxioms,timeout,na,2700,0,0,0,1,0,0,0,0,
no_demodulation,ITP/ITP119^2.p,TH1,ContradictoryAxioms,timeout,na,2764,0,0,0,1,0,0,0,0,
no_demodulation,ITP/ITP120^1.p,TH0,Theorem,timeout,na,2549,3496,206,3496,267,0,0,0,0,
no_demodulation,ITP/ITP120^2.p,TH1,Theorem,timeout,na,2615,2161,120,2161,161,0,0,0,0,
no_demodulation,ITP/ITP121^1.p,TH0,Theorem,timeout,na,2542,2306,101,2306,194,43,0,0,0,
no_demodulation,ITP/ITP121^2.p,TH1,Theorem,timeout,na,2583,1397,67,1397,154,5,0,0,0,
no_demodulation,ITP/ITP122^1.p,TH0,Theorem,timeout,na,2491,2663,167,2663,155,32,0,0,0,
no_demodulation,ITP/ITP122^2.p,TH1,Theorem,timeout,na,2619,1433,71,1433,186,7,0,0,0,
no_demodulation,ITP/ITP123^1.p,TH0,Theorem,timeout,na,2581,2177,97,2177,242,6,0,1,0,
no_demodulation,ITP/ITP123^2.p,TH1,Theorem,timeout,na,2581,1457,78,1457,129,5,0,1,0,
no_demodulation,ITP/ITP124^1.p,TH0,Theorem,timeout,na,2423,1527,72,1527,138,16,0,0,0,
no_demodulation,ITP/ITP124^2.p,TH1,Theorem,timeout,na,2474,1177,66,1177,86,8,0,0,0,
no_demodulation,ITP/ITP125^1.p,TH0,Theorem,timeout,na,3243,2169,100,2169,555,0,0,0,0,
no_demodulation,ITP/ITP125^2.p,TH1,Theorem,timeout,na,2571,0,0,0,1,0,0,0,0,
no_demodulation,ITP/ITP126^1.p,TH0,Theorem,timeout,na,2423,5635,258,5635,466,426,0,1,0,
no_demodulation,ITP/ITP126^2.p,TH1,Theorem,timeout,na,2490,3101,172,3101,115,198,0,1,0,
no_demodulation,ITP/ITP127^1.p,TH0,Theorem,timeout,na,2712,1963,158,1963,30,31,0,0,0,
no_demodulation,ITP/ITP127^2.p,TH1,Theorem,timeout,na,2658,995,80,995,24,0,0,0,0,
no_demodulation,ITP/ITP128^1.p,TH0,Theorem,thm,yes,3161,1,0,1,1,1,0,0,0,
no_demodulation,ITP/ITP128^2.p,TH1,Theorem,timeout,na,3125,0,0,0,1,0,0,0,0,
no_demodulation,ITP/ITP129^1.p,TH0,Theorem,timeout,na,2496,5585,356,5585,402,0,0,0,0,
no_demodulation,ITP/ITP129^2.p,TH1,Theorem,timeout,na,2777,2774,46,2774,536,0,0,0,0,
no_demodulation,ITP/ITP130^1.p,TH0,Theorem,timeout,na,2566,6657,138,6657,503,512,0,0,0,
no_demodulation,ITP/ITP130^2.p,TH1,Theorem,timeout,na,2543,4061,187,4061,261,361,0,5,0,
no_demodulation,ITP/ITP131^1.p,TH0,ContradictoryAxioms,timeout,na,2334,4456,297,4456,161,128,0,1,0,
no_demodulation,ITP/ITP131^2.p,TH1,ContradictoryAxioms,timeout,na,2644,4123,162,4123,365,80,0,9,0,
no_demodulation,ITP/ITP132^1.p,TH0,Theorem,timeout,na,2549,4282,191,4282,247,252,0,9,0,
no_demodulation,ITP/ITP132^2.p,TH1,Theorem,timeout,na,2548,2697,164,2697,111,77,0,1,0,
no_demodulation,ITP/ITP133^1.p,TH0,Theorem,timeout,na,2570,4378,163,4378,306,307,0,7,0,
no_demodulation,ITP/ITP133^2.p,TH1,Theorem,timeout,na,2794,2987,96,2987,312,50,0,0,0,
no_demodulation,ITP/ITP134^1.p,TH0,Theorem,timeout,na,2624,1743,153,1743,24,12,0,3,0,
no_demodulation,ITP/ITP134^2.p,TH1,Theorem,timeout,na,2553,1945,102,1945,107,62,0,1,0,
no_demodulation,ITP/ITP135^1.p,TH0,Theorem,timeout,na,2657,1530,52,1530,152,0,0,0,0,
no_demodulation,ITP/ITP135^2.p,TH1,Theorem,timeout,na,2756,213,20,213,2,0,0,0,0,
no_demodulation,ITP/ITP136^1.p,TH0,Theorem,timeout,na,2663,1502,48,1502,152,0,0,0,0,
no_demodulation,ITP/ITP136^2.p,TH1,Theorem,timeout,na,2813,209,19,209,2,0,0,0,0,
no_demodulation,ITP/ITP137^1.p,TH0,Theorem,timeout,na,2792,1406,88,1406,81,6,0,1,0,
no_demodulation,ITP/ITP137^2.p,TH1,Theorem,timeout,na,2993,96,9,96,1,0,0,0,0,
no_demodulation,ITP/ITP138^1.p,TH0,Theorem,timeout,na,2802,2564,106,2564,248,36,0,0,0,
no_demodulation,ITP/ITP138^2.p,TH1,Theorem,timeout,na,2740,918,73,918,12,24,0,0,0,
no_demodulation,ITP/ITP139^1.p,TH0,Theorem,timeout,na,2687,1129,9,1129,155,5,0,0,0,
no_demodulation,ITP/ITP139^2.p,TH1,Theorem,timeout,na,2640,1591,137,1591,64,0,0,0,0,
no_demodulation,ITP/ITP140^1.p,TH0,Theorem,timeout,na,2680,1583,60,1583,152,0,0,0,0,
no_demodulation,ITP/ITP140^2.p,TH1,Theorem,timeout,na,2902,362,29,362,8,0,0,0,0,
no_demodulation,ITP/ITP141^1.p,TH0,Theorem,timeout,na,2605,2223,140,2223,134,19,0,0,0,
no_demodulation,ITP/ITP141^2.p,TH1,Theorem,timeout,na,3005,58,2,58,6,0,0,0,0,
no_demodulation,ITP/ITP142^1.p,TH0,Theorem,timeout,na,2962,748,71,748,4,0,0,0,0,
no_demodulation,ITP/ITP142^2.p,TH1,Theorem,timeout,na,3696,0,0,0,1,0,0,0,0,
no_demodulation,ITP/ITP143^1.p,TH0,Theorem,timeout,na,2891,1064,98,1064,17,0,0,0,0,
no_demodulation,ITP/ITP143^2.p,TH1,Theorem,timeout,na,3564,0,0,0,1,0,0,0,0,
no_demodulation,ITP/ITP144^1.p,TH0,Theorem,timeout,na,2190,1437,58,1437,190,65,0,2,0,
no_demodulation,ITP/ITP144^2.p,TH1,Theorem,timeout,na,3371,601,10,601,370,0,0,2,0,
no_demodulation,ITP/ITP145^1.p,TH0,Theorem,timeout,na,2903,933,90,933,4,0,0,0,0,
no_demodulation,ITP/ITP145^2.p,TH1,Theorem,timeout,na,3736,0,0,0,1,0,0,0,0,
no_demodulation,ITP/ITP146^1.p,TH0,Theorem,timeout,na,2904,3814,132,3814,611,0,0,0,0,
no_demodulation,ITP/ITP146^2.p,TH1,Theorem,timeout,na,2551,1389,103,1389,51,9,0,0,0,
no_demodulation,ITP/ITP147^1.p,TH0,Theorem,timeout,na,2629,4645,232,4645,564,0,0,0,0,
no_demodulation,ITP/ITP147^2.p,TH1,Theorem,timeout,na,2566,1853,100,1853,135,2,0,0,0,
no_demodulation,ITP/ITP148^1.p,TH0,Theorem,timeout,na,2791,1177,104,1177,16,4,0,0,0,
no_demodulation,ITP/ITP148^2.p,TH1,Theorem,timeout,na,2719,893,76,893,24,0,0,0,0,
no_demodulation,ITP/ITP149^1.p,TH0,Theorem,timeout,na,2459,2638,155,2638,176,0,0,0,0,
no_demodulation,ITP/ITP149^2.p,TH1,Theorem,timeout,na,2552,1457,83,1457,142,0,0,0,0,
no_demodulation,ITP/ITP150^1.p,TH0,Theorem,timeout,na,2458,3789,346,3789,61,1,0,0,0,
no_demodulation,ITP/ITP150^2.p,TH1,Theorem,timeout,na,2680,1794,132,1794,86,1,0,0,0,
no_demodulation,ITP/ITP151^1.p,TH0,Theorem,timeout,na,2727,5882,166,5882,919,411,0,4,0,
no_demodulation,ITP/ITP151^2.p,TH1,Theorem,timeout,na,2600,3590,186,3590,379,175,0,4,0,
no_demodulation,ITP/ITP152^1.p,TH0,Theorem,timeout,na,2683,1183,95,1183,32,17,0,1,0,
no_demodulation,ITP/ITP152^2.p,TH1,Theorem,timeout,na,3083,79,7,79,1,0,0,0,0,
no_demodulation,ITP/ITP153^1.p,TH0,Theorem,timeout,na,2628,1909,110,1909,104,39,0,0,0,
no_demodulation,ITP/ITP153^2.p,TH1,Theorem,timeout,na,2790,75,7,75,1,0,0,0,0,
no_demodulation,ITP/ITP154^1.p,TH0,Theorem,timeout,na,2654,1886,116,1886,133,14,0,0,0,
no_demodulation,ITP/ITP154^2.p,TH1,Theorem,timeout,na,3071,769,48,769,74,0,0,0,0,
no_demodulation,ITP/ITP155^1.p,TH0,Theorem,timeout,na,2808,2490,128,2490,244,35,0,0,0,
no_demodulation,ITP/ITP155^2.p,TH1,Theorem,timeout,na,2906,794,54,794,43,3,0,0,0,
no_demodulation,ITP/ITP156^1.p,TH0,Theorem,timeout,na,2557,3964,186,3964,192,261,0,1,0,
no_demodulation,ITP/ITP156^2.p,TH1,Theorem,timeout,na,2567,74,7,74,1,0,0,0,0,
no_demodulation,ITP/ITP157^1.p,TH0,Theorem,timeout,na,2820,2568,127,2568,129,72,0,0,0,
no_demodulation,ITP/ITP157^2.p,TH1,Theorem,timeout,na,2879,51,5,51,1,0,0,0,0,
no_demodulation,ITP/ITP158^1.p,TH0,Theorem,timeout,na,2957,2199,135,2199,142,0,0,0,0,
no_demodulation,ITP/ITP158^2.p,TH1,Theorem,timeout,na,3365,305,28,305,4,0,0,0,0,
no_demodulation,ITP/ITP159^1.p,TH0,Theorem,timeout,na,2596,4059,188,4059,227,119,0,0,0,
no_demodulation,ITP/ITP159^2.p,TH1,Theorem,timeout,na,2745,947,82,947,16,0,0,0,0,
no_demodulation,ITP/ITP160^1.p,TH0,Theorem,timeout,na,3459,51,5,51,1,0,0,0,0,
no_demodulation,ITP/ITP160^2.p,TH1,Theorem,timeout,na,4677,47,4,47,1,0,0,0,0,
no_demodulation,ITP/ITP161^1.p,TH0,Theorem,timeout,na,2831,3013,139,3013,184,93,0,0,0,
no_demodulation,ITP/ITP161^2.p,TH1,Theorem,timeout,na,2817,146,14,146,1,0,0,0,0,
no_demodulation,ITP/ITP162^1.p,TH0,Theorem,timeout,na,2644,2171,143,2171,102,52,0,0,0,
no_demodulation,ITP/ITP162^2.p,TH1,Theorem,timeout,na,2742,1305,79,1305,131,0,0,0,0,
no_demodulation,ITP/ITP163^1.p,TH0,Theorem,timeout,na,2506,1978,137,1978,134,0,0,1,0,
no_demodulation,ITP/ITP163^2.p,TH1,Theorem,timeout,na,2704,95,9,95,1,0,0,0,0,
no_demodulation,ITP/ITP164^1.p,TH0,Theorem,timeout,na,2651,3763,183,3763,370,166,0,1,0,
no_demodulation,ITP/ITP164^2.p,TH1,Theorem,timeout,na,2643,799,71,799,16,0,0,0,0,
no_demodulation,ITP/ITP165^1.p,TH0,Theorem,timeout,na,2597,1725,113,1725,129,25,0,0,0,
no_demodulation,ITP/ITP165^2.p,TH1,Theorem,timeout,na,2637,1035,77,1035,111,0,0,0,0,
no_demodulation,ITP/ITP166^1.p,TH0,Theorem,timeout,na,2733,0,0,0,1,0,0,0,0,
no_demodulation,ITP/ITP166^2.p,TH1,Theorem,timeout,na,3145,63,6,63,1,0,0,0,0,
no_demodulation,ITP/ITP167^1.p,TH0,Theorem,timeout,na,3037,0,0,0,1,0,0,0,0,
no_demodulation,ITP/ITP167^2.p,TH1,Theorem,timeout,na,3257,78,7,78,1,0,0,0,0,
no_demodulation,ITP/ITP168^1.p,TH0,Theorem,timeout,na,2697,160,16,160,1,0,0,0,0,
no_demodulation,ITP/ITP168^2.p,TH1,Theorem,timeout,na,2556,184,18,184,1,0,0,0,0,
no_demodulation,ITP/ITP169^1.p,TH0,Theorem,timeout,na,2910,2182,143,2182,111,13,0,0,0,
no_demodulation,ITP/ITP169^2.p,TH1,Theorem,timeout,na,3130,1300,66,1300,63,73,0,0,0,
no_demodulation,ITP/ITP170^1.p,TH0,Theorem,timeout,na,2932,3559,78,3559,727,62,0,1,0,
no_demodulation,ITP/ITP170^2.p,TH1,Theorem,timeout,na,2572,706,67,706,4,0,0,0,0,
no_demodulation,ITP/ITP171^1.p,TH0,Theorem,timeout,na,3190,1030,66,1030,64,0,0,0,0,
no_demodulation,ITP/ITP171^2.p,TH1,Theorem,parse_timeout,na,0,,,,,,,,,cached: parse exceeded 5000ms
no_demodulation,ITP/ITP172^1.p,TH0,Theorem,timeout,na,2743,4655,397,4655,157,0,0,0,0,
no_demodulation,ITP/ITP172^2.p,TH1,Theorem,timeout,na,3583,73,7,73,1,0,0,0,0,
no_demodulation,ITP/ITP173^1.p,TH0,Theorem,timeout,na,3217,607,58,607,2,0,0,0,0,
no_demodulation,ITP/ITP173^2.p,TH1,Theorem,parse_timeout,na,0,,,,,,,,,cached: parse exceeded 5000ms
no_demodulation,ITP/ITP174^1.p,TH0,Theorem,timeout,na,3213,609,60,609,2,0,0,0,0,
no_demodulation,ITP/ITP174^2.p,TH1,Theorem,parse_timeout,na,0,,,,,,,,,cached: parse exceeded 5000ms
no_demodulation,ITP/ITP175^1.p,TH0,Theorem,timeout,na,2614,1061,57,1061,78,13,0,0,0,
no_demodulation,ITP/ITP175^2.p,TH1,Theorem,timeout,na,3185,59,5,59,1,0,0,0,0,
no_demodulation,ITP/ITP176^1.p,TH0,Theorem,timeout,na,2504,2152,122,2152,144,64,0,0,0,
no_demodulation,ITP/ITP176^2.p,TH1,Theorem,timeout,na,3371,747,40,747,179,0,0,0,0,
no_demodulation,ITP/ITP177^1.p,TH0,Theorem,timeout,na,2646,2386,183,2386,98,71,0,4,0,
no_demodulation,ITP/ITP177^2.p,TH1,Theorem,timeout,na,3383,498,37,498,16,14,0,5,0,
no_demodulation,ITP/ITP178^1.p,TH0,Theorem,timeout,na,2549,3426,323,3426,24,0,0,0,0,
no_demodulation,ITP/ITP178^2.p,TH1,Theorem,timeout,na,3708,0,0,0,1,0,0,0,0,
no_demodulation,ITP/ITP179^1.p,TH0,Theorem,timeout,na,2651,4188,206,4188,279,52,0,0,0,
no_demodulation,ITP/ITP179^2.p,TH1,Theorem,timeout,na,3213,206,7,206,24,0,0,0,0,
no_demodulation,ITP/ITP180^1.p,TH0,Theorem,timeout,na,2579,1502,100,1502,111,1,0,0,0,
no_demodulation,ITP/ITP180^2.p,TH1,Theorem,timeout,na,3097,62,5,62,2,1,0,0,0,
no_demodulation,ITP/ITP181^1.p,TH0,Theorem,timeout,na,2956,801,67,801,109,0,0,1,0,
no_demodulation,ITP/ITP181^2.p,TH1,Theorem,timeout,na,2712,57,5,57,1,0,0,0,0,
no_demodulation,ITP/ITP182^1.p,TH0,Theorem,timeout,na,2979,1728,126,1728,217,0,0,1,0,
no_demodulation,ITP/ITP182^2.p,TH1,Theorem,parser_error,na,0,,,,,,,,,cached: Failed to parse formula 'fact_105_neg__eqvt': [byte:41884] Type Error: Cannot unify strict function types of different arities.
no_demodulation,ITP/ITP183^1.p,TH0,Theorem,timeout,na,3194,883,55,883,321,0,0,1,0,
no_demodulation,ITP/ITP183^2.p,TH1,Theorem,timeout,na,2724,206,20,206,1,0,0,0,0,
no_demodulation,ITP/ITP184^1.p,TH0,Theorem,timeout,na,3165,1228,85,1228,194,0,0,0,0,
no_demodulation,ITP/ITP184^2.p,TH1,Theorem,timeout,na,2799,82,8,82,1,0,0,0,0,
no_demodulation,ITP/ITP185^1.p,TH0,Theorem,timeout,na,3261,299,29,299,1,0,0,0,0,
no_demodulation,ITP/ITP185^2.p,TH1,Theorem,timeout,na,3195,961,56,961,360,0,0,2,0,
no_demodulation,ITP/ITP186^1.p,TH0,Theorem,timeout,na,3495,295,29,295,1,0,0,0,0,
no_demodulation,ITP/ITP186^2.p,TH1,Theorem,timeout,na,3068,1588,115,1588,275,0,0,0,0,
no_demodulation,ITP/ITP187^1.p,TH0,Theorem,timeout,na,3162,757,50,757,189,0,0,1,0,
no_demodulation,ITP/ITP187^2.p,TH1,Theorem,timeout,na,2778,69,6,69,1,0,0,0,0,
no_demodulation,ITP/ITP188^1.p,TH0,Theorem,timeout,na,3054,825,58,825,76,0,0,1,0,
no_demodulation,ITP/ITP188^2.p,TH1,Theorem,timeout,na,2794,61,6,61,1,0,0,0,0,
no_demodulation,ITP/ITP189^1.p,TH0,Theorem,timeout,na,3226,906,54,906,349,0,0,1,0,
no_demodulation,ITP/ITP189^2.p,TH1,Theorem,timeout,na,2746,148,14,148,1,0,0,0,0,
no_demodulation,ITP/ITP190^1.p,TH0,Theorem,timeout,na,3126,1373,97,1373,280,0,0,1,0,
no_demodulation,ITP/ITP190^2.p,TH1,Theorem,parser_error,na,0,,,,,,,,,cached: Failed to parse formula 'fact_91_neg__eqvt': [byte:28038] Type Error: Cannot unify strict function types of different arities.
no_demodulation,ITP/ITP191^1.p,TH0,ContradictoryAxioms,timeout,na,3150,844,54,844,228,0,0,1,0,
no_demodulation,ITP/ITP191^2.p,TH1,ContradictoryAxioms,parser_error,na,0,,,,,,,,,cached: Failed to parse formula 'fact_154_neg__eqvt': [byte:53412] Type Error: Cannot unify strict function types of different arities.
no_demodulation,ITP/ITP192^1.p,TH0,Theorem,timeout,na,3134,902,71,902,148,0,0,1,0,
no_demodulation,ITP/ITP192^2.p,TH1,Theorem,timeout,na,2787,109,10,109,1,0,0,0,0,
no_demodulation,ITP/ITP193^1.p,TH0,Theorem,timeout,na,2899,4847,75,4847,902,0,0,0,0,
no_demodulation,ITP/ITP193^2.p,TH1,Theorem,timeout,na,2498,1229,108,1229,20,3,0,1,0,
no_demodulation,ITP/ITP194^1.p,TH0,Theorem,timeout,na,2671,5592,202,5592,676,51,0,0,0,
no_demodulation,ITP/ITP194^2.p,TH1,Theorem,timeout,na,2545,3372,168,3372,185,96,0,0,0,
no_demodulation,ITP/ITP195^1.p,TH0,Theorem,timeout,na,2934,6713,2,6713,558,196,0,0,0,
no_demodulation,ITP/ITP195^2.p,TH1,Theorem,timeout,na,2589,3224,168,3224,284,104,0,1,0,
no_demodulation,ITP/ITP196^1.p,TH0,Theorem,timeout,na,2760,0,0,0,1,0,0,0,0,
no_demodulation,ITP/ITP196^2.p,TH1,Theorem,timeout,na,3256,0,0,0,1,0,0,0,0,
no_demodulation,ITP/ITP197^1.p,TH0,Theorem,timeout,na,2644,1233,64,1233,194,22,0,0,0,
no_demodulation,ITP/ITP197^2.p,TH1,Theorem,timeout,na,3073,1091,53,1091,403,0,0,0,0,
no_demodulation,ITP/ITP198^1.p,TH0,Theorem,timeout,na,3017,961,79,961,17,10,0,0,0,
no_demodulation,ITP/ITP198^2.p,TH1,Theorem,timeout,na,3034,35,3,35,1,0,0,0,0,
no_demodulation,ITP/ITP199^1.p,TH0,Theorem,timeout,na,2578,1755,58,1755,248,38,0,0,0,
no_demodulation,ITP/ITP199^2.p,TH1,Theorem,timeout,na,3151,1233,60,1233,338,0,0,0,0,
no_demodulation,ITP/ITP200^1.p,TH0,Theorem,timeout,na,2766,2167,150,2167,136,0,0,0,0,
no_demodulation,ITP/ITP200^2.p,TH1,Theorem,timeout,na,3122,893,59,893,45,0,0,0,0,
no_demodulation,ITP/ITP201^1.p,TH0,Theorem,timeout,na,2513,1769,129,1769,147,0,0,0,0,
no_demodulation,ITP/ITP201^2.p,TH1,Theorem,timeout,na,2903,233,19,233,4,0,0,0,0,
no_demodulation,ITP/ITP202^1.p,TH0,Theorem,timeout,na,3140,3133,67,3133,463,0,0,0,0,
no_demodulation,ITP/ITP202^2.p,TH1,Theorem,timeout,na,4354,19,1,19,2,0,0,0,0,
no_demodulation,ITP/ITP203^1.p,TH0,Theorem,timeout,na,2870,1380,58,1380,112,0,0,0,0,
no_demodulation,ITP/ITP203^2.p,TH1,Theorem,timeout,na,4350,0,0,0,1,0,0,0,0,
no_demodulation,ITP/ITP204^1.p,TH0,Theorem,timeout,na,2681,1959,125,1959,136,0,0,0,0,
no_demodulation,ITP/ITP204^2.p,TH1,Theorem,timeout,na,3216,0,0,0,1,0,0,0,0,
no_demodulation,ITP/ITP205^1.p,TH0,Theorem,timeout,na,2512,1273,93,1273,44,0,0,0,0,
no_demodulation,ITP/ITP205^2.p,TH1,Theorem,timeout,na,2964,95,9,95,1,0,0,0,0,
no_demodulation,ITP/ITP206^1.p,TH0,Theorem,parse_timeout,na,0,,,,,,,,,cached: parse exceeded 5000ms
no_demodulation,ITP/ITP206^2.p,TH1,Theorem,parse_timeout,na,0,,,,,,,,,cached: parse exceeded 5000ms
no_demodulation,ITP/ITP206^3.p,TH0,Theorem,parse_timeout,na,0,,,,,,,,,cached: parse exceeded 5000ms
no_demodulation,ITP/ITP206^4.p,TH1,Theorem,parse_timeout,na,0,,,,,,,,,cached: parse exceeded 5000ms
no_demodulation,ITP/ITP207^1.p,TH0,Theorem,parser_error,na,0,,,,,,,,,cached: Failed to parse formula 'fact_1254_of__bool__not__iff': [byte:596062] Type Error: Cannot unify strict function types of different arities.
no_demodulation,ITP/ITP207^2.p,TH1,Theorem,parser_error,na,0,,,,,,,,,cached: Failed to parse formula 'fact_484_of__bool__not__iff': [byte:260957] Type Error: Cannot unify strict function types of different arities.
no_demodulation,ITP/ITP207^3.p,TH0,Theorem,parser_error,na,0,,,,,,,,,cached: Failed to parse formula 'fact_1254_of__bool__not__iff': [byte:596062] Type Error: Cannot unify strict function types of different arities.
no_demodulation,ITP/ITP207^4.p,TH1,Theorem,parser_error,na,0,,,,,,,,,cached: Failed to parse formula 'fact_484_of__bool__not__iff': [byte:260957] Type Error: Cannot unify strict function types of different arities.
no_demodulation,ITP/ITP208^1.p,TH0,Theorem,parse_timeout,na,0,,,,,,,,,cached: parse exceeded 5000ms
no_demodulation,ITP/ITP208^2.p,TH1,Theorem,parser_error,na,0,,,,,,,,,cached: Failed to parse formula 'fact_1166_modulo__int__unfold': [byte:432712] Type Error: Cannot unify strict function types of different arities.
no_demodulation,ITP/ITP208^3.p,TH0,Theorem,parse_timeout,na,0,,,,,,,,,cached: parse exceeded 5000ms
no_demodulation,ITP/ITP208^4.p,TH1,Theorem,parser_error,na,0,,,,,,,,,cached: Failed to parse formula 'fact_1166_modulo__int__unfold': [byte:432712] Type Error: Cannot unify strict function types of different arities.
no_demodulation,ITP/ITP209^1.p,TH0,Theorem,timeout,na,2065,1237,68,1237,106,31,0,0,0,
no_demodulation,ITP/ITP209^2.p,TH1,Theorem,timeout,na,2133,4383,303,4383,267,32,0,0,0,
no_demodulation,ITP/ITP209^3.p,TH0,Theorem,timeout,na,2054,1294,72,1294,114,22,0,0,0,
no_demodulation,ITP/ITP209^4.p,TH1,Theorem,timeout,na,2134,4407,305,4407,268,34,0,0,0,
no_demodulation,ITP/ITP210^1.p,TH0,Theorem,parse_timeout,na,0,,,,,,,,,cached: parse exceeded 5000ms
no_demodulation,ITP/ITP210^2.p,TH1,Theorem,parse_timeout,na,0,,,,,,,,,cached: parse exceeded 5000ms
no_demodulation,ITP/ITP210^3.p,TH0,Theorem,parse_timeout,na,0,,,,,,,,,cached: parse exceeded 5000ms
no_demodulation,ITP/ITP210^4.p,TH1,Theorem,parse_timeout,na,0,,,,,,,,,cached: parse exceeded 5000ms
no_demodulation,ITP/ITP211^1.p,TH0,Theorem,parse_timeout,na,0,,,,,,,,,cached: parse exceeded 5000ms
no_demodulation,ITP/ITP211^2.p,TH1,Theorem,parse_timeout,na,0,,,,,,,,,cached: parse exceeded 5000ms
no_demodulation,ITP/ITP211^3.p,TH0,Theorem,parse_timeout,na,0,,,,,,,,,cached: parse exceeded 5000ms
no_demodulation,ITP/ITP211^4.p,TH1,Theorem,parse_timeout,na,0,,,,,,,,,cached: parse exceeded 5000ms
no_demodulation,ITP/ITP212^1.p,TH0,Theorem,parse_timeout,na,0,,,,,,,,,cached: parse exceeded 5000ms
no_demodulation,ITP/ITP212^2.p,TH1,Theorem,parse_timeout,na,0,,,,,,,,,cached: parse exceeded 5000ms
no_demodulation,ITP/ITP212^3.p,TH0,Theorem,parse_timeout,na,0,,,,,,,,,cached: parse exceeded 5000ms
no_demodulation,ITP/ITP212^4.p,TH1,Theorem,parse_timeout,na,0,,,,,,,,,cached: parse exceeded 5000ms
no_demodulation,ITP/ITP213^1.p,TH0,Theorem,parse_timeout,na,0,,,,,,,,,cached: parse exceeded 5000ms
no_demodulation,ITP/ITP213^2.p,TH1,Theorem,parse_timeout,na,0,,,,,,,,,cached: parse exceeded 5000ms
no_demodulation,ITP/ITP213^3.p,TH0,Theorem,parse_timeout,na,0,,,,,,,,,cached: parse exceeded 5000ms
no_demodulation,ITP/ITP213^4.p,TH1,Theorem,parse_timeout,na,0,,,,,,,,,cached: parse exceeded 5000ms
no_demodulation,ITP/ITP214^1.p,TH0,Theorem,parse_timeout,na,0,,,,,,,,,cached: parse exceeded 5000ms
no_demodulation,ITP/ITP214^2.p,TH1,Theorem,parse_timeout,na,0,,,,,,,,,cached: parse exceeded 5000ms
no_demodulation,ITP/ITP214^3.p,TH0,Theorem,parse_timeout,na,0,,,,,,,,,cached: parse exceeded 5000ms
no_demodulation,ITP/ITP214^4.p,TH1,Theorem,parse_timeout,na,0,,,,,,,,,cached: parse exceeded 5000ms
no_demodulation,ITP/ITP215^1.p,TH0,Theorem,parse_timeout,na,0,,,,,,,,,cached: parse exceeded 5000ms
no_demodulation,ITP/ITP215^2.p,TH1,Theorem,parse_timeout,na,0,,,,,,,,,cached: parse exceeded 5000ms
no_demodulation,ITP/ITP215^3.p,TH0,Theorem,parse_timeout,na,0,,,,,,,,,cached: parse exceeded 5000ms
no_demodulation,ITP/ITP215^4.p,TH1,Theorem,parse_timeout,na,0,,,,,,,,,cached: parse exceeded 5000ms
no_demodulation,ITP/ITP216^1.p,TH0,Theorem,parse_timeout,na,0,,,,,,,,,cached: parse exceeded 5000ms
no_demodulation,ITP/ITP216^2.p,TH1,Theorem,parse_timeout,na,0,,,,,,,,,cached: parse exceeded 5000ms
no_demodulation,ITP/ITP216^3.p,TH0,Theorem,parse_timeout,na,0,,,,,,,,,cached: parse exceeded 5000ms
no_demodulation,ITP/ITP216^4.p,TH1,Theorem,parse_timeout,na,0,,,,,,,,,cached: parse exceeded 5000ms
no_demodulation,ITP/ITP217^1.p,TH0,Theorem,parse_timeout,na,0,,,,,,,,,cached: parse exceeded 5000ms
no_demodulation,ITP/ITP217^2.p,TH1,Theorem,parse_timeout,na,0,,,,,,,,,cached: parse exceeded 5000ms
no_demodulation,ITP/ITP217^3.p,TH0,Theorem,parse_timeout,na,0,,,,,,,,,cached: parse exceeded 5000ms
no_demodulation,ITP/ITP217^4.p,TH1,Theorem,parse_timeout,na,0,,,,,,,,,cached: parse exceeded 5000ms
no_demodulation,ITP/ITP218^1.p,TH0,Theorem,parse_timeout,na,0,,,,,,,,,cached: parse exceeded 5000ms
no_demodulation,ITP/ITP218^2.p,TH1,Theorem,parse_timeout,na,0,,,,,,,,,cached: parse exceeded 5000ms
no_demodulation,ITP/ITP218^3.p,TH0,Theorem,parse_timeout,na,0,,,,,,,,,cached: parse exceeded 5000ms
no_demodulation,ITP/ITP218^4.p,TH1,Theorem,parse_timeout,na,0,,,,,,,,,cached: parse exceeded 5000ms
no_demodulation,ITP/ITP219^1.p,TH0,Theorem,parse_timeout,na,0,,,,,,,,,cached: parse exceeded 5000ms
no_demodulation,ITP/ITP219^2.p,TH1,Theorem,parse_timeout,na,0,,,,,,,,,cached: parse exceeded 5000ms
no_demodulation,ITP/ITP219^3.p,TH0,Theorem,parse_timeout,na,0,,,,,,,,,cached: parse exceeded 5000ms
no_demodulation,ITP/ITP219^4.p,TH1,Theorem,parse_timeout,na,0,,,,,,,,,cached: parse exceeded 5000ms
no_demodulation,ITP/ITP220^1.p,TH0,Theorem,parser_error,na,0,,,,,,,,,cached: Failed to parse formula 'fact_1819_of__bool__not__iff': [byte:567961] Type Error: Cannot unify strict function types of different arities.
no_demodulation,ITP/ITP220^2.p,TH1,Theorem,parser_error,na,0,,,,,,,,,cached: Failed to parse formula 'fact_672_of__bool__not__iff': [byte:271370] Type Error: Cannot unify strict function types of different arities.
no_demodulation,ITP/ITP220^3.p,TH0,Theorem,parser_error,na,0,,,,,,,,,cached: Failed to parse formula 'fact_1819_of__bool__not__iff': [byte:567961] Type Error: Cannot unify strict function types of different arities.
no_demodulation,ITP/ITP220^4.p,TH1,Theorem,parser_error,na,0,,,,,,,,,cached: Failed to parse formula 'fact_672_of__bool__not__iff': [byte:271370] Type Error: Cannot unify strict function types of different arities.
no_demodulation,ITP/ITP221^1.p,TH0,Theorem,parse_timeout,na,0,,,,,,,,,cached: parse exceeded 5000ms
no_demodulation,ITP/ITP221^2.p,TH1,Theorem,parser_error,na,0,,,,,,,,,cached: Failed to parse formula 'fact_1110_of__bool__odd__eq__mod__2': [byte:414489] Type Error: Cannot unify strict function types of different arities.
no_demodulation,ITP/ITP221^3.p,TH0,Theorem,parse_timeout,na,0,,,,,,,,,cached: parse exceeded 5000ms
no_demodulation,ITP/ITP221^4.p,TH1,Theorem,parser_error,na,0,,,,,,,,,cached: Failed to parse formula 'fact_1110_of__bool__odd__eq__mod__2': [byte:414489] Type Error: Cannot unify strict function types of different arities.
no_demodulation,ITP/ITP222^1.p,TH0,Theorem,parse_timeout,na,0,,,,,,,,,cached: parse exceeded 5000ms
no_demodulation,ITP/ITP222^2.p,TH1,Theorem,parse_timeout,na,0,,,,,,,,,cached: parse exceeded 5000ms
no_demodulation,ITP/ITP222^3.p,TH0,Theorem,parse_timeout,na,0,,,,,,,,,cached: parse exceeded 5000ms
no_demodulation,ITP/ITP222^4.p,TH1,Theorem,parse_timeout,na,0,,,,,,,,,cached: parse exceeded 5000ms
no_demodulation,ITP/ITP223^1.p,TH0,Theorem,parse_timeout,na,0,,,,,,,,,cached: parse exceeded 5000ms
no_demodulation,ITP/ITP223^2.p,TH1,Theorem,parse_timeout,na,0,,,,,,,,,cached: parse exceeded 5000ms
no_demodulation,ITP/ITP223^3.p,TH0,Theorem,parse_timeout,na,0,,,,,,,,,cached: parse exceeded 5000ms
no_demodulation,ITP/ITP223^4.p,TH1,Theorem,parse_timeout,na,0,,,,,,,,,cached: parse exceeded 5000ms
no_demodulation,ITP/ITP224^1.p,TH0,ContradictoryAxioms,parse_timeout,na,0,,,,,,,,,cached: parse exceeded 5000ms
no_demodulation,ITP/ITP224^2.p,TH1,ContradictoryAxioms,parser_error,na,0,,,,,,,,,cached: Failed to parse formula 'fact_1485_of__bool__not__iff': [byte:533452] Type Error: Cannot unify strict function types of different arities.
no_demodulation,ITP/ITP224^3.p,TH0,ContradictoryAxioms,parse_timeout,na,0,,,,,,,,,cached: parse exceeded 5000ms
no_demodulation,ITP/ITP224^4.p,TH1,ContradictoryAxioms,parser_error,na,0,,,,,,,,,cached: Failed to parse formula 'fact_1485_of__bool__not__iff': [byte:533452] Type Error: Cannot unify strict function types of different arities.
no_demodulation,ITP/ITP225^1.p,TH0,Theorem,parse_timeout,na,0,,,,,,,,,cached: parse exceeded 5000ms
no_demodulation,ITP/ITP225^2.p,TH1,Theorem,parse_timeout,na,0,,,,,,,,,cached: parse exceeded 5000ms
no_demodulation,ITP/ITP225^3.p,TH0,Theorem,parse_timeout,na,0,,,,,,,,,cached: parse exceeded 5000ms
no_demodulation,ITP/ITP225^4.p,TH1,Theorem,parse_timeout,na,0,,,,,,,,,cached: parse exceeded 5000ms
no_demodulation,ITP/ITP226^1.p,TH0,Theorem,parse_timeout,na,0,,,,,,,,,cached: parse exceeded 5000ms
no_demodulation,ITP/ITP226^2.p,TH1,Theorem,parse_timeout,na,0,,,,,,,,,cached: parse exceeded 5000ms
no_demodulation,ITP/ITP226^3.p,TH0,Theorem,parse_timeout,na,0,,,,,,,,,cached: parse exceeded 5000ms
no_demodulation,ITP/ITP226^4.p,TH1,Theorem,parse_timeout,na,0,,,,,,,,,cached: parse exceeded 5000ms
no_demodulation,ITP/ITP227^1.p,TH0,Theorem,parse_timeout,na,0,,,,,,,,,cached: parse exceeded 5000ms
no_demodulation,ITP/ITP227^2.p,TH1,Theorem,parse_timeout,na,0,,,,,,,,,cached: parse exceeded 5000ms
no_demodulation,ITP/ITP227^3.p,TH0,Theorem,parse_timeout,na,0,,,,,,,,,cached: parse exceeded 5000ms
no_demodulation,ITP/ITP227^4.p,TH1,Theorem,parse_timeout,na,0,,,,,,,,,cached: parse exceeded 5000ms
no_demodulation,ITP/ITP228^1.p,TH0,Theorem,parse_timeout,na,0,,,,,,,,,cached: parse exceeded 5000ms
no_demodulation,ITP/ITP228^2.p,TH1,Theorem,parse_timeout,na,0,,,,,,,,,cached: parse exceeded 5000ms
no_demodulation,ITP/ITP228^3.p,TH0,Theorem,parse_timeout,na,0,,,,,,,,,cached: parse exceeded 5000ms
no_demodulation,ITP/ITP228^4.p,TH1,Theorem,parse_timeout,na,0,,,,,,,,,cached: parse exceeded 5000ms
no_demodulation,ITP/ITP229^1.p,TH0,Theorem,parse_timeout,na,0,,,,,,,,,cached: parse exceeded 5000ms
no_demodulation,ITP/ITP229^2.p,TH1,Theorem,parse_timeout,na,0,,,,,,,,,cached: parse exceeded 5000ms
no_demodulation,ITP/ITP229^3.p,TH0,Theorem,parse_timeout,na,0,,,,,,,,,cached: parse exceeded 5000ms
no_demodulation,ITP/ITP229^4.p,TH1,Theorem,parse_timeout,na,0,,,,,,,,,cached: parse exceeded 5000ms
no_demodulation,ITP/ITP230^1.p,TH0,Theorem,parse_timeout,na,0,,,,,,,,,cached: parse exceeded 5000ms
no_demodulation,ITP/ITP230^2.p,TH1,Theorem,parse_timeout,na,0,,,,,,,,,cached: parse exceeded 5000ms
no_demodulation,ITP/ITP230^3.p,TH0,Theorem,parse_timeout,na,0,,,,,,,,,cached: parse exceeded 5000ms
no_demodulation,ITP/ITP230^4.p,TH1,Theorem,parse_timeout,na,0,,,,,,,,,cached: parse exceeded 5000ms
no_demodulation,ITP/ITP231^1.p,TH0,Theorem,parser_error,na,0,,,,,,,,,cached: Failed to parse formula 'fact_2020_modulo__int__unfold': [byte:753287] Type Error: Cannot unify strict function types of different arities.
no_demodulation,ITP/ITP231^2.p,TH1,Theorem,parse_timeout,na,0,,,,,,,,,cached: parse exceeded 5000ms
no_demodulation,ITP/ITP231^3.p,TH0,Theorem,parser_error,na,0,,,,,,,,,cached: Failed to parse formula 'fact_2020_modulo__int__unfold': [byte:753287] Type Error: Cannot unify strict function types of different arities.
no_demodulation,ITP/ITP231^4.p,TH1,Theorem,parse_timeout,na,0,,,,,,,,,cached: parse exceeded 5000ms
no_demodulation,ITP/ITP232^1.p,TH0,Theorem,parse_timeout,na,0,,,,,,,,,cached: parse exceeded 5000ms
no_demodulation,ITP/ITP232^2.p,TH1,Theorem,parse_timeout,na,0,,,,,,,,,cached: parse exceeded 5000ms
no_demodulation,ITP/ITP232^3.p,TH0,Theorem,parse_timeout,na,0,,,,,,,,,cached: parse exceeded 5000ms
no_demodulation,ITP/ITP232^4.p,TH1,Theorem,parse_timeout,na,0,,,,,,,,,cached: parse exceeded 5000ms
no_demodulation,ITP/ITP233^1.p,TH0,Theorem,parse_timeout,na,0,,,,,,,,,cached: parse exceeded 5000ms
no_demodulation,ITP/ITP233^2.p,TH1,Theorem,parse_timeout,na,0,,,,,,,,,cached: parse exceeded 5000ms
no_demodulation,ITP/ITP233^3.p,TH0,Theorem,parse_timeout,na,0,,,,,,,,,cached: parse exceeded 5000ms
no_demodulation,ITP/ITP233^4.p,TH1,Theorem,parse_timeout,na,0,,,,,,,,,cached: parse exceeded 5000ms
no_demodulation,ITP/ITP234^1.p,TH0,Theorem,parse_timeout,na,0,,,,,,,,,cached: parse exceeded 5000ms
no_demodulation,ITP/ITP234^2.p,TH1,Theorem,parse_timeout,na,0,,,,,,,,,cached: parse exceeded 5000ms
no_demodulation,ITP/ITP234^3.p,TH0,Theorem,parse_timeout,na,0,,,,,,,,,cached: parse exceeded 5000ms
no_demodulation,ITP/ITP234^4.p,TH1,Theorem,parse_timeout,na,0,,,,,,,,,cached: parse exceeded 5000ms
no_demodulation,ITP/ITP235^1.p,TH0,Theorem,parse_timeout,na,0,,,,,,,,,cached: parse exceeded 5000ms
no_demodulation,ITP/ITP235^2.p,TH1,Theorem,parse_timeout,na,0,,,,,,,,,cached: parse exceeded 5000ms
no_demodulation,ITP/ITP235^3.p,TH0,Theorem,parse_timeout,na,0,,,,,,,,,cached: parse exceeded 5000ms
no_demodulation,ITP/ITP235^4.p,TH1,Theorem,parse_timeout,na,0,,,,,,,,,cached: parse exceeded 5000ms
no_demodulation,ITP/ITP236^1.p,TH0,Theorem,parse_timeout,na,0,,,,,,,,,cached: parse exceeded 5000ms
no_demodulation,ITP/ITP236^2.p,TH1,Theorem,parse_timeout,na,0,,,,,,,,,cached: parse exceeded 5000ms
no_demodulation,ITP/ITP236^3.p,TH0,Theorem,parse_timeout,na,0,,,,,,,,,cached: parse exceeded 5000ms
no_demodulation,ITP/ITP236^4.p,TH1,Theorem,parse_timeout,na,0,,,,,,,,,cached: parse exceeded 5000ms
no_demodulation,ITP/ITP237^1.p,TH0,Theorem,parse_timeout,na,0,,,,,,,,,cached: parse exceeded 5000ms
no_demodulation,ITP/ITP237^2.p,TH1,Theorem,parse_timeout,na,0,,,,,,,,,cached: parse exceeded 5000ms
no_demodulation,ITP/ITP237^3.p,TH0,Theorem,parse_timeout,na,0,,,,,,,,,cached: parse exceeded 5000ms
no_demodulation,ITP/ITP237^4.p,TH1,Theorem,parse_timeout,na,0,,,,,,,,,cached: parse exceeded 5000ms
no_demodulation,ITP/ITP238^1.p,TH0,Theorem,parse_timeout,na,0,,,,,,,,,cached: parse exceeded 5000ms
no_demodulation,ITP/ITP238^2.p,TH1,Theorem,parse_timeout,na,0,,,,,,,,,cached: parse exceeded 5000ms
no_demodulation,ITP/ITP238^3.p,TH0,Theorem,parse_timeout,na,0,,,,,,,,,cached: parse exceeded 5000ms
no_demodulation,ITP/ITP238^4.p,TH1,Theorem,parse_timeout,na,0,,,,,,,,,cached: parse exceeded 5000ms
no_demodulation,ITP/ITP239^1.p,TH0,Theorem,parse_timeout,na,0,,,,,,,,,cached: parse exceeded 5000ms
no_demodulation,ITP/ITP239^2.p,TH1,Theorem,parse_timeout,na,0,,,,,,,,,cached: parse exceeded 5000ms
no_demodulation,ITP/ITP239^3.p,TH0,Theorem,parse_timeout,na,0,,,,,,,,,cached: parse exceeded 5000ms
no_demodulation,ITP/ITP239^4.p,TH1,Theorem,parse_timeout,na,0,,,,,,,,,cached: parse exceeded 5000ms
no_demodulation,ITP/ITP240^1.p,TH0,Theorem,parse_timeout,na,0,,,,,,,,,cached: parse exceeded 5000ms
no_demodulation,ITP/ITP240^2.p,TH1,Theorem,parse_timeout,na,0,,,,,,,,,cached: parse exceeded 5000ms
no_demodulation,ITP/ITP240^3.p,TH0,Theorem,parse_timeout,na,0,,,,,,,,,cached: parse exceeded 5000ms
no_demodulation,ITP/ITP240^4.p,TH1,Theorem,parse_timeout,na,0,,,,,,,,,cached: parse exceeded 5000ms
no_demodulation,ITP/ITP241^1.p,TH0,Theorem,parse_timeout,na,0,,,,,,,,,cached: parse exceeded 5000ms
no_demodulation,ITP/ITP241^2.p,TH1,Theorem,parse_timeout,na,0,,,,,,,,,cached: parse exceeded 5000ms
no_demodulation,ITP/ITP241^3.p,TH0,Theorem,parse_timeout,na,0,,,,,,,,,cached: parse exceeded 5000ms
no_demodulation,ITP/ITP241^4.p,TH1,Theorem,parse_timeout,na,0,,,,,,,,,cached: parse exceeded 5000ms
no_demodulation,ITP/ITP242^1.p,TH0,Theorem,parse_timeout,na,0,,,,,,,,,cached: parse exceeded 5000ms
no_demodulation,ITP/ITP242^2.p,TH1,Theorem,parse_timeout,na,0,,,,,,,,,cached: parse exceeded 5000ms
no_demodulation,ITP/ITP242^3.p,TH0,Theorem,parse_timeout,na,0,,,,,,,,,cached: parse exceeded 5000ms
no_demodulation,ITP/ITP242^4.p,TH1,Theorem,parse_timeout,na,0,,,,,,,,,cached: parse exceeded 5000ms
no_demodulation,ITP/ITP243^1.p,TH0,Theorem,parse_timeout,na,0,,,,,,,,,cached: parse exceeded 5000ms
no_demodulation,ITP/ITP243^2.p,TH1,Theorem,parse_timeout,na,0,,,,,,,,,cached: parse exceeded 5000ms
no_demodulation,ITP/ITP243^3.p,TH0,Theorem,parse_timeout,na,0,,,,,,,,,cached: parse exceeded 5000ms
no_demodulation,ITP/ITP243^4.p,TH1,Theorem,parse_timeout,na,0,,,,,,,,,cached: parse exceeded 5000ms
no_demodulation,ITP/ITP244^1.p,TH0,Theorem,parse_timeout,na,0,,,,,,,,,cached: parse exceeded 5000ms
no_demodulation,ITP/ITP244^2.p,TH1,Theorem,parse_timeout,na,0,,,,,,,,,cached: parse exceeded 5000ms
no_demodulation,ITP/ITP244^3.p,TH0,Theorem,parse_timeout,na,0,,,,,,,,,cached: parse exceeded 5000ms
no_demodulation,ITP/ITP244^4.p,TH1,Theorem,parse_timeout,na,0,,,,,,,,,cached: parse exceeded 5000ms
no_demodulation,ITP/ITP245^1.p,TH0,Theorem,parse_timeout,na,0,,,,,,,,,cached: parse exceeded 5000ms
no_demodulation,ITP/ITP245^2.p,TH1,Theorem,parse_timeout,na,0,,,,,,,,,cached: parse exceeded 5000ms
no_demodulation,ITP/ITP245^3.p,TH0,Theorem,parse_timeout,na,0,,,,,,,,,cached: parse exceeded 5000ms
no_demodulation,ITP/ITP245^4.p,TH1,Theorem,parse_timeout,na,0,,,,,,,,,cached: parse exceeded 5000ms
no_demodulation,ITP/ITP246^1.p,TH0,Theorem,parse_timeout,na,0,,,,,,,,,cached: parse exceeded 5000ms
no_demodulation,ITP/ITP246^2.p,TH1,Theorem,parse_timeout,na,0,,,,,,,,,cached: parse exceeded 5000ms
no_demodulation,ITP/ITP246^3.p,TH0,Theorem,parse_timeout,na,0,,,,,,,,,cached: parse exceeded 5000ms
no_demodulation,ITP/ITP246^4.p,TH1,Theorem,parse_timeout,na,0,,,,,,,,,cached: parse exceeded 5000ms
no_demodulation,ITP/ITP247^1.p,TH0,Theorem,parse_timeout,na,0,,,,,,,,,cached: parse exceeded 5000ms
no_demodulation,ITP/ITP247^2.p,TH1,Theorem,parse_timeout,na,0,,,,,,,,,cached: parse exceeded 5000ms
no_demodulation,ITP/ITP247^3.p,TH0,Theorem,parse_timeout,na,0,,,,,,,,,cached: parse exceeded 5000ms
no_demodulation,ITP/ITP247^4.p,TH1,Theorem,parse_timeout,na,0,,,,,,,,,cached: parse exceeded 5000ms
no_demodulation,ITP/ITP248^1.p,TH0,Theorem,parse_timeout,na,0,,,,,,,,,cached: parse exceeded 5000ms
no_demodulation,ITP/ITP248^2.p,TH1,Theorem,parse_timeout,na,0,,,,,,,,,cached: parse exceeded 5000ms
no_demodulation,ITP/ITP248^3.p,TH0,Theorem,parse_timeout,na,0,,,,,,,,,cached: parse exceeded 5000ms
no_demodulation,ITP/ITP248^4.p,TH1,Theorem,parse_timeout,na,0,,,,,,,,,cached: parse exceeded 5000ms
no_demodulation,ITP/ITP249^1.p,TH0,Theorem,parse_timeout,na,0,,,,,,,,,cached: parse exceeded 5000ms
no_demodulation,ITP/ITP249^2.p,TH1,Theorem,parse_timeout,na,0,,,,,,,,,cached: parse exceeded 5000ms
no_demodulation,ITP/ITP249^3.p,TH0,Theorem,parse_timeout,na,0,,,,,,,,,cached: parse exceeded 5000ms
no_demodulation,ITP/ITP249^4.p,TH1,Theorem,parse_timeout,na,0,,,,,,,,,cached: parse exceeded 5000ms
no_demodulation,ITP/ITP250^1.p,TH0,Theorem,parse_timeout,na,0,,,,,,,,,cached: parse exceeded 5000ms
no_demodulation,ITP/ITP250^2.p,TH1,Theorem,parse_timeout,na,0,,,,,,,,,cached: parse exceeded 5000ms
no_demodulation,ITP/ITP250^3.p,TH0,Theorem,parse_timeout,na,0,,,,,,,,,cached: parse exceeded 5000ms
no_demodulation,ITP/ITP250^4.p,TH1,Theorem,parse_timeout,na,0,,,,,,,,,cached: parse exceeded 5000ms
no_demodulation,ITP/ITP251^1.p,TH0,Theorem,parse_timeout,na,0,,,,,,,,,cached: parse exceeded 5000ms
no_demodulation,ITP/ITP251^2.p,TH1,Theorem,parse_timeout,na,0,,,,,,,,,cached: parse exceeded 5000ms
no_demodulation,ITP/ITP251^3.p,TH0,Theorem,parse_timeout,na,0,,,,,,,,,cached: parse exceeded 5000ms
no_demodulation,ITP/ITP251^4.p,TH1,Theorem,parse_timeout,na,0,,,,,,,,,cached: parse exceeded 5000ms
no_demodulation,ITP/ITP252^1.p,TH0,Theorem,parse_timeout,na,0,,,,,,,,,cached: parse exceeded 5000ms
no_demodulation,ITP/ITP252^2.p,TH1,Theorem,parse_timeout,na,0,,,,,,,,,cached: parse exceeded 5000ms
no_demodulation,ITP/ITP252^3.p,TH0,Theorem,parse_timeout,na,0,,,,,,,,,cached: parse exceeded 5000ms
no_demodulation,ITP/ITP252^4.p,TH1,Theorem,parse_timeout,na,0,,,,,,,,,cached: parse exceeded 5000ms
no_demodulation,ITP/ITP253^1.p,TH0,Theorem,parse_timeout,na,0,,,,,,,,,cached: parse exceeded 5000ms
no_demodulation,ITP/ITP253^2.p,TH1,Theorem,parse_timeout,na,0,,,,,,,,,cached: parse exceeded 5000ms
no_demodulation,ITP/ITP253^3.p,TH0,Theorem,parse_timeout,na,0,,,,,,,,,cached: parse exceeded 5000ms
no_demodulation,ITP/ITP253^4.p,TH1,Theorem,parse_timeout,na,0,,,,,,,,,cached: parse exceeded 5000ms
no_demodulation,ITP/ITP254^1.p,TH0,Theorem,parse_timeout,na,0,,,,,,,,,cached: parse exceeded 5000ms
no_demodulation,ITP/ITP254^2.p,TH1,Theorem,parse_timeout,na,0,,,,,,,,,cached: parse exceeded 5000ms
no_demodulation,ITP/ITP254^3.p,TH0,Theorem,parse_timeout,na,0,,,,,,,,,cached: parse exceeded 5000ms
no_demodulation,ITP/ITP254^4.p,TH1,Theorem,parse_timeout,na,0,,,,,,,,,cached: parse exceeded 5000ms
no_demodulation,ITP/ITP255^1.p,TH0,Theorem,parse_timeout,na,0,,,,,,,,,cached: parse exceeded 5000ms
no_demodulation,ITP/ITP255^2.p,TH1,Theorem,parse_timeout,na,0,,,,,,,,,cached: parse exceeded 5000ms
no_demodulation,ITP/ITP255^3.p,TH0,Theorem,parse_timeout,na,0,,,,,,,,,cached: parse exceeded 5000ms
no_demodulation,ITP/ITP255^4.p,TH1,Theorem,parse_timeout,na,0,,,,,,,,,cached: parse exceeded 5000ms
no_demodulation,ITP/ITP256^1.p,TH0,Theorem,parse_timeout,na,0,,,,,,,,,cached: parse exceeded 5000ms
no_demodulation,ITP/ITP256^2.p,TH1,Theorem,parse_timeout,na,0,,,,,,,,,cached: parse exceeded 5000ms
no_demodulation,ITP/ITP256^3.p,TH0,Theorem,parse_timeout,na,0,,,,,,,,,cached: parse exceeded 5000ms
no_demodulation,ITP/ITP256^4.p,TH1,Theorem,parse_timeout,na,0,,,,,,,,,cached: parse exceeded 5000ms
no_demodulation,ITP/ITP257^1.p,TH0,Theorem,parse_timeout,na,0,,,,,,,,,cached: parse exceeded 5000ms
no_demodulation,ITP/ITP257^2.p,TH1,Theorem,parse_timeout,na,0,,,,,,,,,cached: parse exceeded 5000ms
no_demodulation,ITP/ITP257^3.p,TH0,Theorem,parse_timeout,na,0,,,,,,,,,cached: parse exceeded 5000ms
no_demodulation,ITP/ITP257^4.p,TH1,Theorem,parse_timeout,na,0,,,,,,,,,cached: parse exceeded 5000ms
no_demodulation,ITP/ITP258^1.p,TH0,Theorem,parse_timeout,na,0,,,,,,,,,cached: parse exceeded 5000ms
no_demodulation,ITP/ITP258^2.p,TH1,Theorem,parse_timeout,na,0,,,,,,,,,cached: parse exceeded 5000ms
no_demodulation,ITP/ITP258^3.p,TH0,Theorem,parse_timeout,na,0,,,,,,,,,cached: parse exceeded 5000ms
no_demodulation,ITP/ITP258^4.p,TH1,Theorem,parse_timeout,na,0,,,,,,,,,cached: parse exceeded 5000ms
no_demodulation,ITP/ITP259^1.p,TH0,Theorem,parse_timeout,na,0,,,,,,,,,cached: parse exceeded 5000ms
no_demodulation,ITP/ITP259^2.p,TH1,Theorem,parse_timeout,na,0,,,,,,,,,cached: parse exceeded 5000ms
no_demodulation,ITP/ITP259^3.p,TH0,Theorem,parse_timeout,na,0,,,,,,,,,cached: parse exceeded 5000ms
no_demodulation,ITP/ITP259^4.p,TH1,Theorem,parse_timeout,na,0,,,,,,,,,cached: parse exceeded 5000ms
no_demodulation,ITP/ITP260^1.p,TH0,Theorem,parse_timeout,na,0,,,,,,,,,cached: parse exceeded 5000ms
no_demodulation,ITP/ITP260^2.p,TH1,Theorem,parse_timeout,na,0,,,,,,,,,cached: parse exceeded 5000ms
no_demodulation,ITP/ITP260^3.p,TH0,Theorem,parse_timeout,na,0,,,,,,,,,cached: parse exceeded 5000ms
no_demodulation,ITP/ITP260^4.p,TH1,Theorem,parse_timeout,na,0,,,,,,,,,cached: parse exceeded 5000ms
no_demodulation,ITP/ITP261^1.p,TH0,Theorem,parse_timeout,na,0,,,,,,,,,cached: parse exceeded 5000ms
no_demodulation,ITP/ITP261^2.p,TH1,Theorem,parse_timeout,na,0,,,,,,,,,cached: parse exceeded 5000ms
no_demodulation,ITP/ITP261^3.p,TH0,Theorem,parse_timeout,na,0,,,,,,,,,cached: parse exceeded 5000ms
no_demodulation,ITP/ITP261^4.p,TH1,Theorem,parse_timeout,na,0,,,,,,,,,cached: parse exceeded 5000ms
no_demodulation,ITP/ITP262^1.p,TH0,Theorem,parse_timeout,na,0,,,,,,,,,cached: parse exceeded 5000ms
no_demodulation,ITP/ITP262^2.p,TH1,Theorem,parse_timeout,na,0,,,,,,,,,cached: parse exceeded 5000ms
no_demodulation,ITP/ITP262^3.p,TH0,Theorem,parse_timeout,na,0,,,,,,,,,cached: parse exceeded 5000ms
no_demodulation,ITP/ITP262^4.p,TH1,Theorem,parse_timeout,na,0,,,,,,,,,cached: parse exceeded 5000ms
no_demodulation,ITP/ITP263^1.p,TH0,Theorem,parse_timeout,na,0,,,,,,,,,cached: parse exceeded 5000ms
no_demodulation,ITP/ITP263^2.p,TH1,Theorem,parse_timeout,na,0,,,,,,,,,cached: parse exceeded 5000ms
no_demodulation,ITP/ITP263^3.p,TH0,Theorem,parse_timeout,na,0,,,,,,,,,cached: parse exceeded 5000ms
no_demodulation,ITP/ITP263^4.p,TH1,Theorem,parse_timeout,na,0,,,,,,,,,cached: parse exceeded 5000ms
no_demodulation,ITP/ITP264^1.p,TH0,Theorem,parse_timeout,na,0,,,,,,,,,cached: parse exceeded 5000ms
no_demodulation,ITP/ITP264^2.p,TH1,Theorem,parse_timeout,na,0,,,,,,,,,cached: parse exceeded 5000ms
no_demodulation,ITP/ITP264^3.p,TH0,Theorem,parse_timeout,na,0,,,,,,,,,cached: parse exceeded 5000ms
no_demodulation,ITP/ITP264^4.p,TH1,Theorem,parse_timeout,na,0,,,,,,,,,cached: parse exceeded 5000ms
no_demodulation,ITP/ITP265^1.p,TH0,Theorem,parse_timeout,na,0,,,,,,,,,cached: parse exceeded 5000ms
no_demodulation,ITP/ITP265^2.p,TH1,Theorem,parse_timeout,na,0,,,,,,,,,cached: parse exceeded 5000ms
no_demodulation,ITP/ITP265^3.p,TH0,Theorem,parse_timeout,na,0,,,,,,,,,cached: parse exceeded 5000ms
no_demodulation,ITP/ITP265^4.p,TH1,Theorem,parse_timeout,na,0,,,,,,,,,cached: parse exceeded 5000ms
no_demodulation,ITP/ITP266^1.p,TH0,Theorem,parse_timeout,na,0,,,,,,,,,cached: parse exceeded 5000ms
no_demodulation,ITP/ITP266^2.p,TH1,Theorem,parse_timeout,na,0,,,,,,,,,cached: parse exceeded 5000ms
no_demodulation,ITP/ITP266^3.p,TH0,Theorem,parse_timeout,na,0,,,,,,,,,cached: parse exceeded 5000ms
no_demodulation,ITP/ITP266^4.p,TH1,Theorem,parse_timeout,na,0,,,,,,,,,cached: parse exceeded 5000ms
no_demodulation,ITP/ITP267^1.p,TH0,Theorem,parse_timeout,na,0,,,,,,,,,cached: parse exceeded 5000ms
no_demodulation,ITP/ITP267^2.p,TH1,Theorem,parse_timeout,na,0,,,,,,,,,cached: parse exceeded 5000ms
no_demodulation,ITP/ITP267^3.p,TH0,Theorem,parse_timeout,na,0,,,,,,,,,cached: parse exceeded 5000ms
no_demodulation,ITP/ITP267^4.p,TH1,Theorem,parse_timeout,na,0,,,,,,,,,cached: parse exceeded 5000ms
no_demodulation,ITP/ITP268^1.p,TH0,Theorem,parse_timeout,na,0,,,,,,,,,cached: parse exceeded 5000ms
no_demodulation,ITP/ITP268^2.p,TH1,Theorem,parse_timeout,na,0,,,,,,,,,cached: parse exceeded 5000ms
no_demodulation,ITP/ITP268^3.p,TH0,Theorem,parse_timeout,na,0,,,,,,,,,cached: parse exceeded 5000ms
no_demodulation,ITP/ITP268^4.p,TH1,Theorem,parse_timeout,na,0,,,,,,,,,cached: parse exceeded 5000ms
no_demodulation,ITP/ITP269^1.p,TH0,Theorem,parse_timeout,na,0,,,,,,,,,cached: parse exceeded 5000ms
no_demodulation,ITP/ITP269^2.p,TH1,Theorem,parse_timeout,na,0,,,,,,,,,cached: parse exceeded 5000ms
no_demodulation,ITP/ITP269^3.p,TH0,Theorem,parse_timeout,na,0,,,,,,,,,cached: parse exceeded 5000ms
no_demodulation,ITP/ITP269^4.p,TH1,Theorem,parse_timeout,na,0,,,,,,,,,cached: parse exceeded 5000ms
no_demodulation,ITP/ITP270^1.p,TH0,Theorem,parse_timeout,na,0,,,,,,,,,cached: parse exceeded 5000ms
no_demodulation,ITP/ITP270^2.p,TH1,Theorem,parse_timeout,na,0,,,,,,,,,cached: parse exceeded 5000ms
no_demodulation,ITP/ITP270^3.p,TH0,Theorem,parse_timeout,na,0,,,,,,,,,cached: parse exceeded 5000ms
no_demodulation,ITP/ITP270^4.p,TH1,Theorem,parse_timeout,na,0,,,,,,,,,cached: parse exceeded 5000ms
no_demodulation,ITP/ITP271^1.p,TH0,Theorem,parse_timeout,na,0,,,,,,,,,cached: parse exceeded 5000ms
no_demodulation,ITP/ITP271^2.p,TH1,Theorem,parse_timeout,na,0,,,,,,,,,cached: parse exceeded 5000ms
no_demodulation,ITP/ITP271^3.p,TH0,Theorem,parse_timeout,na,0,,,,,,,,,cached: parse exceeded 5000ms
no_demodulation,ITP/ITP271^4.p,TH1,Theorem,parse_timeout,na,0,,,,,,,,,cached: parse exceeded 5000ms
no_demodulation,ITP/ITP272^1.p,TH0,Theorem,parse_timeout,na,0,,,,,,,,,cached: parse exceeded 5000ms
no_demodulation,ITP/ITP272^2.p,TH1,Theorem,parse_timeout,na,0,,,,,,,,,cached: parse exceeded 5000ms
no_demodulation,ITP/ITP272^3.p,TH0,Theorem,parse_timeout,na,0,,,,,,,,,cached: parse exceeded 5000ms
no_demodulation,ITP/ITP272^4.p,TH1,Theorem,parse_timeout,na,0,,,,,,,,,cached: parse exceeded 5000ms
no_demodulation,ITP/ITP273^1.p,TH0,Theorem,parse_timeout,na,0,,,,,,,,,cached: parse exceeded 5000ms
no_demodulation,ITP/ITP273^2.p,TH1,Theorem,parse_timeout,na,0,,,,,,,,,cached: parse exceeded 5000ms
no_demodulation,ITP/ITP273^3.p,TH0,Theorem,parse_timeout,na,0,,,,,,,,,cached: parse exceeded 5000ms
no_demodulation,ITP/ITP273^4.p,TH1,Theorem,parse_timeout,na,0,,,,,,,,,cached: parse exceeded 5000ms
no_demodulation,ITP/ITP274^1.p,TH0,Theorem,parse_timeout,na,0,,,,,,,,,cached: parse exceeded 5000ms
no_demodulation,ITP/ITP274^2.p,TH1,Theorem,parse_timeout,na,0,,,,,,,,,cached: parse exceeded 5000ms
no_demodulation,ITP/ITP274^3.p,TH0,Theorem,parse_timeout,na,0,,,,,,,,,cached: parse exceeded 5000ms
no_demodulation,ITP/ITP274^4.p,TH1,Theorem,parse_timeout,na,0,,,,,,,,,cached: parse exceeded 5000ms
no_demodulation,ITP/ITP275^1.p,TH0,Theorem,parse_timeout,na,0,,,,,,,,,cached: parse exceeded 5000ms
no_demodulation,ITP/ITP275^2.p,TH1,Theorem,parser_error,na,0,,,,,,,,,cached: Failed to parse formula 'fact_1029_of__bool__odd__eq__mod__2': [byte:364945] Type Error: Cannot unify strict function types of different arities.
no_demodulation,ITP/ITP275^3.p,TH0,Theorem,parse_timeout,na,0,,,,,,,,,cached: parse exceeded 5000ms
no_demodulation,ITP/ITP275^4.p,TH1,Theorem,parser_error,na,0,,,,,,,,,cached: Failed to parse formula 'fact_1029_of__bool__odd__eq__mod__2': [byte:364945] Type Error: Cannot unify strict function types of different arities.
no_demodulation,ITP/ITP276^1.p,TH0,ContradictoryAxioms,parse_timeout,na,0,,,,,,,,,cached: parse exceeded 5000ms
no_demodulation,ITP/ITP276^2.p,TH1,ContradictoryAxioms,parse_timeout,na,0,,,,,,,,,cached: parse exceeded 5000ms
no_demodulation,ITP/ITP276^3.p,TH0,ContradictoryAxioms,parse_timeout,na,0,,,,,,,,,cached: parse exceeded 5000ms
no_demodulation,ITP/ITP276^4.p,TH1,ContradictoryAxioms,parse_timeout,na,0,,,,,,,,,cached: parse exceeded 5000ms
no_demodulation,ITP/ITP277^1.p,TH0,Theorem,parse_timeout,na,0,,,,,,,,,cached: parse exceeded 5000ms
no_demodulation,ITP/ITP277^2.p,TH1,Theorem,parse_timeout,na,0,,,,,,,,,cached: parse exceeded 5000ms
no_demodulation,ITP/ITP277^3.p,TH0,Theorem,parse_timeout,na,0,,,,,,,,,cached: parse exceeded 5000ms
no_demodulation,ITP/ITP277^4.p,TH1,Theorem,parse_timeout,na,0,,,,,,,,,cached: parse exceeded 5000ms
no_demodulation,ITP/ITP278^1.p,TH0,Theorem,parse_timeout,na,0,,,,,,,,,cached: parse exceeded 5000ms
no_demodulation,ITP/ITP278^2.p,TH1,Theorem,parse_timeout,na,0,,,,,,,,,cached: parse exceeded 5000ms
no_demodulation,ITP/ITP278^3.p,TH0,Theorem,parse_timeout,na,0,,,,,,,,,cached: parse exceeded 5000ms
no_demodulation,ITP/ITP278^4.p,TH1,Theorem,parse_timeout,na,0,,,,,,,,,cached: parse exceeded 5000ms
no_demodulation,ITP/ITP279^1.p,TH0,Theorem,parse_timeout,na,0,,,,,,,,,cached: parse exceeded 5000ms
no_demodulation,ITP/ITP279^2.p,TH1,Theorem,parse_timeout,na,0,,,,,,,,,cached: parse exceeded 5000ms
no_demodulation,ITP/ITP279^3.p,TH0,Theorem,parse_timeout,na,0,,,,,,,,,cached: parse exceeded 5000ms
no_demodulation,ITP/ITP279^4.p,TH1,Theorem,parse_timeout,na,0,,,,,,,,,cached: parse exceeded 5000ms
no_demodulation,ITP/ITP280^1.p,TH0,Theorem,parse_timeout,na,0,,,,,,,,,cached: parse exceeded 5000ms
no_demodulation,ITP/ITP280^2.p,TH1,Theorem,parser_error,na,0,,,,,,,,,cached: Failed to parse formula 'fact_1609_of__bool__not__iff': [byte:557970] Type Error: Cannot unify strict function types of different arities.
no_demodulation,ITP/ITP280^3.p,TH0,Theorem,parse_timeout,na,0,,,,,,,,,cached: parse exceeded 5000ms
no_demodulation,ITP/ITP280^4.p,TH1,Theorem,parser_error,na,0,,,,,,,,,cached: Failed to parse formula 'fact_1609_of__bool__not__iff': [byte:557970] Type Error: Cannot unify strict function types of different arities.
no_demodulation,ITP/ITP281^1.p,TH0,Theorem,parse_timeout,na,0,,,,,,,,,cached: parse exceeded 5000ms
no_demodulation,ITP/ITP281^2.p,TH1,Theorem,parse_timeout,na,0,,,,,,,,,cached: parse exceeded 5000ms
no_demodulation,ITP/ITP281^3.p,TH0,Theorem,parse_timeout,na,0,,,,,,,,,cached: parse exceeded 5000ms
no_demodulation,ITP/ITP281^4.p,TH1,Theorem,parse_timeout,na,0,,,,,,,,,cached: parse exceeded 5000ms
no_demodulation,ITP/ITP282^1.p,TH0,Theorem,parse_timeout,na,0,,,,,,,,,cached: parse exceeded 5000ms
no_demodulation,ITP/ITP282^2.p,TH1,Theorem,parser_error,na,0,,,,,,,,,cached: Failed to parse formula 'fact_923_of__bool__odd__eq__mod__2': [byte:350737] Type Error: Cannot unify strict function types of different arities.
no_demodulation,ITP/ITP282^3.p,TH0,Theorem,parse_timeout,na,0,,,,,,,,,cached: parse exceeded 5000ms
no_demodulation,ITP/ITP282^4.p,TH1,Theorem,parser_error,na,0,,,,,,,,,cached: Failed to parse formula 'fact_923_of__bool__odd__eq__mod__2': [byte:350737] Type Error: Cannot unify strict function types of different arities.
no_demodulation,ITP/ITP283^1.p,TH0,Theorem,parse_timeout,na,0,,,,,,,,,cached: parse exceeded 5000ms
no_demodulation,ITP/ITP283^2.p,TH1,Theorem,parse_timeout,na,0,,,,,,,,,cached: parse exceeded 5000ms
no_demodulation,ITP/ITP283^3.p,TH0,Theorem,parse_timeout,na,0,,,,,,,,,cached: parse exceeded 5000ms
no_demodulation,ITP/ITP283^4.p,TH1,Theorem,parse_timeout,na,0,,,,,,,,,cached: parse exceeded 5000ms
no_demodulation,ITP/ITP284^1.p,TH0,Theorem,parse_timeout,na,0,,,,,,,,,cached: parse exceeded 5000ms
no_demodulation,ITP/ITP284^2.p,TH1,Theorem,parser_error,na,0,,,,,,,,,cached: Failed to parse formula 'fact_1267_of__bool__odd__eq__mod__2': [byte:465803] Type Error: Cannot unify strict function types of different arities.
no_demodulation,ITP/ITP284^3.p,TH0,Theorem,parse_timeout,na,0,,,,,,,,,cached: parse exceeded 5000ms
no_demodulation,ITP/ITP284^4.p,TH1,Theorem,parser_error,na,0,,,,,,,,,cached: Failed to parse formula 'fact_1267_of__bool__odd__eq__mod__2': [byte:465803] Type Error: Cannot unify strict function types of different arities.
no_demodulation,ITP/ITP285^1.p,TH0,ContradictoryAxioms,parse_timeout,na,0,,,,,,,,,cached: parse exceeded 5000ms
no_demodulation,ITP/ITP285^2.p,TH1,Theorem,parse_timeout,na,0,,,,,,,,,cached: parse exceeded 5000ms
no_demodulation,ITP/ITP285^3.p,TH0,ContradictoryAxioms,parse_timeout,na,0,,,,,,,,,cached: parse exceeded 5000ms
no_demodulation,ITP/ITP285^4.p,TH1,Theorem,parse_timeout,na,0,,,,,,,,,cached: parse exceeded 5000ms
no_demodulation,ITP/ITP286^1.p,TH0,Theorem,parse_timeout,na,0,,,,,,,,,cached: parse exceeded 5000ms
no_demodulation,ITP/ITP286^2.p,TH1,Theorem,parse_timeout,na,0,,,,,,,,,cached: parse exceeded 5000ms
no_demodulation,ITP/ITP286^3.p,TH0,Theorem,parse_timeout,na,0,,,,,,,,,cached: parse exceeded 5000ms
no_demodulation,ITP/ITP286^4.p,TH1,Theorem,parse_timeout,na,0,,,,,,,,,cached: parse exceeded 5000ms
no_demodulation,ITP/ITP287^1.p,TH0,Theorem,parse_timeout,na,0,,,,,,,,,cached: parse exceeded 5000ms
no_demodulation,ITP/ITP287^2.p,TH1,Theorem,parse_timeout,na,0,,,,,,,,,cached: parse exceeded 5000ms
no_demodulation,ITP/ITP287^3.p,TH0,Theorem,parse_timeout,na,0,,,,,,,,,cached: parse exceeded 5000ms
no_demodulation,ITP/ITP287^4.p,TH1,Theorem,parse_timeout,na,0,,,,,,,,,cached: parse exceeded 5000ms
no_demodulation,ITP/ITP288^1.p,TH0,Theorem,parse_timeout,na,0,,,,,,,,,cached: parse exceeded 5000ms
no_demodulation,ITP/ITP288^2.p,TH1,Theorem,parse_timeout,na,0,,,,,,,,,cached: parse exceeded 5000ms
no_demodulation,ITP/ITP288^3.p,TH0,Theorem,parse_timeout,na,0,,,,,,,,,cached: parse exceeded 5000ms
no_demodulation,ITP/ITP288^4.p,TH1,Theorem,parse_timeout,na,0,,,,,,,,,cached: parse exceeded 5000ms
no_demodulation,ITP/ITP289^1.p,TH0,Theorem,parse_timeout,na,0,,,,,,,,,cached: parse exceeded 5000ms
no_demodulation,ITP/ITP289^2.p,TH1,Theorem,parse_timeout,na,0,,,,,,,,,cached: parse exceeded 5000ms
no_demodulation,ITP/ITP289^3.p,TH0,Theorem,parse_timeout,na,0,,,,,,,,,cached: parse exceeded 5000ms
no_demodulation,ITP/ITP289^4.p,TH1,Theorem,parse_timeout,na,0,,,,,,,,,cached: parse exceeded 5000ms
no_demodulation,ITP/ITP290^1.p,TH0,Theorem,parse_timeout,na,0,,,,,,,,,cached: parse exceeded 5000ms
no_demodulation,ITP/ITP290^2.p,TH1,Theorem,parse_timeout,na,0,,,,,,,,,cached: parse exceeded 5000ms
no_demodulation,ITP/ITP290^3.p,TH0,Theorem,parse_timeout,na,0,,,,,,,,,cached: parse exceeded 5000ms
no_demodulation,ITP/ITP290^4.p,TH1,Theorem,parse_timeout,na,0,,,,,,,,,cached: parse exceeded 5000ms
no_demodulation,ITP/ITP291^1.p,TH0,Theorem,parse_timeout,na,0,,,,,,,,,cached: parse exceeded 5000ms
no_demodulation,ITP/ITP291^2.p,TH1,Theorem,parse_timeout,na,0,,,,,,,,,cached: parse exceeded 5000ms
no_demodulation,ITP/ITP291^3.p,TH0,Theorem,parse_timeout,na,0,,,,,,,,,cached: parse exceeded 5000ms
no_demodulation,ITP/ITP291^4.p,TH1,Theorem,parse_timeout,na,0,,,,,,,,,cached: parse exceeded 5000ms
no_demodulation,ITP/ITP292^1.p,TH0,Theorem,parse_timeout,na,0,,,,,,,,,cached: parse exceeded 5000ms
no_demodulation,ITP/ITP292^2.p,TH1,Theorem,parse_timeout,na,0,,,,,,,,,cached: parse exceeded 5000ms
no_demodulation,ITP/ITP292^3.p,TH0,Theorem,parse_timeout,na,0,,,,,,,,,cached: parse exceeded 5000ms
no_demodulation,ITP/ITP292^4.p,TH1,Theorem,parse_timeout,na,0,,,,,,,,,cached: parse exceeded 5000ms
no_demodulation,ITP/ITP293^1.p,TH0,Theorem,parse_timeout,na,0,,,,,,,,,cached: parse exceeded 5000ms
no_demodulation,ITP/ITP293^2.p,TH1,Theorem,parse_timeout,na,0,,,,,,,,,cached: parse exceeded 5000ms
no_demodulation,ITP/ITP293^3.p,TH0,Theorem,parse_timeout,na,0,,,,,,,,,cached: parse exceeded 5000ms
no_demodulation,ITP/ITP293^4.p,TH1,Theorem,parse_timeout,na,0,,,,,,,,,cached: parse exceeded 5000ms
no_demodulation,ITP/ITP294^1.p,TH0,Theorem,parser_error,na,0,,,,,,,,,cached: Failed to parse formula 'fact_2079_Suc__0__xor__eq': [byte:706302] Type Error: Cannot unify strict function types of different arities.
no_demodulation,ITP/ITP294^2.p,TH1,Theorem,parse_timeout,na,0,,,,,,,,,cached: parse exceeded 5000ms
no_demodulation,ITP/ITP294^3.p,TH0,Theorem,parser_error,na,0,,,,,,,,,cached: Failed to parse formula 'fact_2079_Suc__0__xor__eq': [byte:706302] Type Error: Cannot unify strict function types of different arities.
no_demodulation,ITP/ITP294^4.p,TH1,Theorem,parse_timeout,na,0,,,,,,,,,cached: parse exceeded 5000ms
no_demodulation,ITP/ITP415^1.p,unknown,Theorem,parser_error,na,0,,,,,,,,,cached: Syntax Error: expected ' ' or ']' in !> binder  got [{:colon  ":"  1957}  {:atom  "nat"  1959}  {:rbracket  "]"  1962}  {:colon  ":"  1964}  {:lparen  "("  1966}  {:atom  "fin"  1968}  {:app  "@"  197
no_demodulation,ITP/ITP416^1.p,unknown,Theorem,parser_error,na,0,,,,,,,,,cached: Syntax Error: expected ' ' or ']' in !> binder  got [{:colon  ":"  1958}  {:atom  "nat"  1960}  {:rbracket  "]"  1963}  {:colon  ":"  1965}  {:lparen  "("  1967}  {:atom  "fin"  1969}  {:app  "@"  197
no_demodulation,ITP/ITP417^1.p,unknown,Theorem,parser_error,na,0,,,,,,,,,cached: Syntax Error: expected ' ' or ']' in !> binder  got [{:colon  ":"  1964}  {:atom  "nat"  1966}  {:rbracket  "]"  1969}  {:colon  ":"  1971}  {:lparen  "("  1973}  {:atom  "fin"  1975}  {:app  "@"  197
no_demodulation,KRS/KRS272^7.p,TH0,Theorem,timeout,na,2139,1034,56,1034,135,0,0,0,0,
no_demodulation,KRS/KRS273^7.p,TH0,CounterSatisfiable,timeout,na,2198,2848,72,2848,224,64,0,0,0,
no_demodulation,KRS/KRS274^7.p,TH0,CounterSatisfiable,timeout,na,2196,2575,56,2575,203,20,0,0,0,
no_demodulation,KRS/KRS275^7.p,TH0,Theorem,timeout,na,2193,3401,72,3401,160,14,0,0,0,
no_demodulation,KRS/KRS276^7.p,TH0,Theorem,timeout,na,2378,5052,50,5052,152,220,0,0,0,
no_demodulation,KRS/KRS277^7.p,TH0,CounterSatisfiable,timeout,na,2289,4499,82,4499,198,52,0,0,0,
no_demodulation,LCL/LCL181^4.p,TH0,CounterSatisfiable,timeout,na,2249,7627,115,7627,251,198,0,0,0,
no_demodulation,LCL/LCL230^4.p,TH0,CounterSatisfiable,timeout,na,2252,7423,153,7423,290,176,0,0,0,
no_demodulation,LCL/LCL414^7.p,TH0,Theorem,timeout,na,2103,1630,98,1630,117,0,0,0,0,
no_demodulation,LCL/LCL449^7.p,TH0,Theorem,timeout,na,2350,135,13,135,1,0,0,0,0,
no_demodulation,LCL/LCL450^7.p,TH0,Theorem,timeout,na,2341,116,11,116,1,0,0,0,0,
no_demodulation,LCL/LCL452^7.p,TH0,Theorem,timeout,na,2316,134,13,134,1,0,0,0,0,
no_demodulation,LCL/LCL454^7.p,TH0,Theorem,timeout,na,2310,136,13,136,1,0,0,0,0,
no_demodulation,LCL/LCL456^7.p,TH0,Theorem,timeout,na,2306,136,13,136,1,0,0,0,0,
no_demodulation,LCL/LCL460^7.p,TH0,Theorem,timeout,na,2308,135,13,135,1,0,0,0,0,
no_demodulation,LCL/LCL462^7.p,TH0,Theorem,timeout,na,2308,125,12,125,1,0,0,0,0,
no_demodulation,LCL/LCL464^7.p,TH0,Theorem,timeout,na,2305,125,12,125,1,0,0,0,0,
no_demodulation,LCL/LCL466^7.p,TH0,Theorem,timeout,na,2308,125,12,125,1,0,0,0,0,
no_demodulation,LCL/LCL467^7.p,TH0,Theorem,timeout,na,2308,124,12,124,1,0,0,0,0,
no_demodulation,LCL/LCL579^1.p,TH0,Theorem,thm,yes,21,12,0,12,2,0,0,1,1,
no_demodulation,LCL/LCL579^2.p,TH0,Theorem,thm,yes,17,10,0,10,2,0,0,1,1,
no_demodulation,LCL/LCL580^1.p,TH0,Theorem,thm,yes,22,4,0,4,1,1,0,0,0,
no_demodulation,LCL/LCL581^1.p,TH0,Theorem,thm,yes,25,3,0,3,1,1,0,0,0,
no_demodulation,LCL/LCL582^1.p,TH0,CounterSatisfiable,timeout,na,2090,3585,333,3585,512,5,0,0,0,
no_demodulation,LCL/LCL583^1.p,TH0,Theorem,thm,yes,25,4,0,4,1,1,0,0,0,
no_demodulation,LCL/LCL584^1.p,TH0,Theorem,timeout,na,2033,948,9,948,56,129,0,2,0,
no_demodulation,LCL/LCL585^1.p,TH0,Theorem,thm,yes,59,88,1,88,8,4,0,1,1,
no_demodulation,LCL/LCL586^1.p,TH0,Theorem,thm,yes,56,51,0,51,6,0,0,1,1,
no_demodulation,LCL/LCL587^1.p,TH0,Theorem,thm,yes,56,74,0,74,7,3,0,1,1,
no_demodulation,LCL/LCL588^1.p,TH0,Theorem,thm,yes,167,379,4,379,27,54,0,1,1,
no_demodulation,LCL/LCL589^1.p,TH0,Theorem,thm,yes,46,19,1,19,3,0,0,1,1,
no_demodulation,LCL/LCL590^1.p,TH0,Theorem,thm,yes,45,22,1,22,4,0,0,1,1,
no_demodulation,LCL/LCL591^1.p,TH0,Theorem,thm,yes,30,13,1,13,1,0,0,1,1,
no_demodulation,LCL/LCL592^1.p,TH0,Theorem,thm,yes,65,33,1,33,6,0,0,1,1,
no_demodulation,LCL/LCL593^1.p,TH0,CounterSatisfiable,timeout,na,2090,3564,320,3564,511,6,0,0,0,
no_demodulation,LCL/LCL594^1.p,TH0,Theorem,thm,yes,112,15,0,15,3,1,0,1,1,
no_demodulation,LCL/LCL595^1.p,TH0,Theorem,timeout,na,2071,743,54,739,24,14,0,1,0,
no_demodulation,LCL/LCL596^1.p,TH0,CounterSatisfiable,timeout,na,2030,63,1,63,6,4,0,7,0,
no_demodulation,LCL/LCL597^1.p,TH0,Theorem,thm,yes,51,8,0,8,1,0,0,1,1,
no_demodulation,LCL/LCL598^1.p,TH0,CounterSatisfiable,timeout,na,2065,817,59,817,44,5,0,1,0,
no_demodulation,LCL/LCL599^1.p,TH0,CounterSatisfiable,timeout,na,2119,1210,56,1210,166,16,0,1,0,
no_demodulation,LCL/LCL600^1.p,TH0,Theorem,timeout,na,2129,1182,43,1182,210,16,0,1,0,
no_demodulation,LCL/LCL601^1.p,TH0,Theorem,timeout,na,2108,1938,126,1938,91,30,0,1,0,
no_demodulation,LCL/LCL602^1.p,TH0,Theorem,timeout,na,2100,1034,61,1034,95,8,0,1,0,
no_demodulation,LCL/LCL603^1.p,TH0,Theorem,timeout,na,2076,784,60,784,37,1,0,1,0,
no_demodulation,LCL/LCL604^1.p,TH0,Theorem,timeout,na,2305,6037,106,6037,1267,232,0,1,0,
no_demodulation,LCL/LCL607^1.p,TH0,Theorem,thm,yes,53,36,0,36,5,5,0,1,1,
no_demodulation,LCL/LCL608^1.p,TH0,Theorem,thm,yes,34,16,1,16,2,0,0,1,1,
no_demodulation,LCL/LCL609^1.p,TH0,Theorem,thm,yes,26,10,1,10,1,0,0,1,1,
no_demodulation,LCL/LCL612^1.p,TH0,Theorem,thm,yes,37,19,1,19,2,0,0,1,1,
no_demodulation,LCL/LCL613^1.p,TH0,Theorem,thm,yes,52,20,1,20,3,0,0,1,1,
no_demodulation,LCL/LCL614^1.p,TH0,Theorem,thm,yes,42,8,0,8,1,1,0,0,0,
no_demodulation,LCL/LCL615^1.p,TH0,CounterSatisfiable,timeout,na,2100,3599,336,3599,484,5,0,0,0,
no_demodulation,LCL/LCL617^1.p,TH0,CounterSatisfiable,timeout,na,2308,7180,36,7180,236,253,0,0,0,
no_demodulation,LCL/LCL618^1.p,TH0,Theorem,timeout,na,2040,779,41,779,61,13,0,6,0,
no_demodulation,LCL/LCL619^1.p,TH0,Theorem,timeout,na,2045,1674,147,1674,35,6,0,1,0,
no_demodulation,LCL/LCL620^1.p,TH0,Theorem,thm,yes,47,6,0,6,1,1,0,0,0,
no_demodulation,LCL/LCL621^1.p,TH0,Theorem,timeout,na,2041,1819,153,1819,46,9,0,1,0,
no_demodulation,LCL/LCL623^1.p,TH0,Theorem,thm,yes,32,1,0,1,1,1,0,0,0,
no_demodulation,LCL/LCL624^1.p,TH0,Theorem,timeout,na,2344,7328,89,7328,1959,191,0,1,0,
no_demodulation,LCL/LCL625^1.p,TH0,Theorem,timeout,na,2083,1855,149,1855,78,8,0,1,0,
no_demodulation,LCL/LCL626^1.p,TH0,Theorem,timeout,na,2135,1908,106,1908,191,12,0,4,0,
no_demodulation,LCL/LCL629^1.p,TH0,Theorem,timeout,na,2061,1112,70,1112,82,3,0,1,0,
no_demodulation,LCL/LCL630^1.p,TH0,CounterSatisfiable,timeout,na,2125,2130,127,2130,248,0,0,3,0,
no_demodulation,LCL/LCL631^1.p,TH0,CounterSatisfiable,timeout,na,2139,2243,94,2243,342,0,0,3,0,
no_demodulation,LCL/LCL632^1.p,TH0,Theorem,timeout,na,2145,2229,103,2229,327,0,0,3,0,
no_demodulation,LCL/LCL633^1.p,TH0,CounterSatisfiable,timeout,na,2055,1156,68,1156,86,0,0,1,0,
no_demodulation,LCL/LCL634^1.p,TH0,CounterSatisfiable,timeout,na,2106,2002,37,2002,382,28,0,1,0,
no_demodulation,LCL/LCL690^1.p,TH0,Theorem,timeout,na,2085,867,62,867,36,5,0,1,0,
no_demodulation,LCL/LCL691^1.p,TH0,Theorem,timeout,na,2073,1056,82,1056,29,6,0,1,0,
no_demodulation,LCL/LCL692^1.p,TH0,Theorem,timeout,na,2084,756,47,756,46,8,0,1,0,
no_demodulation,LCL/LCL695^1.p,TH0,Satisfiable,no_conjecture,na,31,,,,,,,,,
no_demodulation,LCL/LCL696^1.p,TH0,Satisfiable,no_conjecture,na,25,,,,,,,,,
no_demodulation,LCL/LCL697^1.p,TH0,Satisfiable,no_conjecture,na,20,,,,,,,,,
no_demodulation,LCL/LCL698^1.p,TH0,Satisfiable,no_conjecture,na,41,,,,,,,,,
no_demodulation,LCL/LCL699^1.p,TH0,Theorem,thm,yes,64,16,1,16,2,0,0,1,1,
no_demodulation,LCL/LCL700^1.p,TH0,Theorem,thm,yes,82,35,1,35,5,2,0,1,1,
no_demodulation,LCL/LCL701^1.p,TH0,Theorem,thm,yes,77,26,1,26,4,0,0,1,1,
no_demodulation,LCL/LCL702^1.p,TH0,Theorem,timeout,na,2220,5777,263,5778,842,224,0,4,0,
no_demodulation,LCL/LCL703^1.p,TH0,Theorem,thm,yes,1295,3275,113,3275,716,54,0,2,1,
no_demodulation,LCL/LCL704^1.p,TH0,Theorem,timeout,na,2251,4692,115,4692,251,193,0,0,0,
no_demodulation,LCL/LCL705^1.p,TH0,Theorem,timeout,na,2198,5095,170,5095,849,79,0,1,0,
no_demodulation,LCL/LCL706^1.p,TH0,Theorem,timeout,na,2155,4444,197,4444,438,37,0,1,0,
no_demodulation,LCL/LCL707^1.p,TH0,Theorem,timeout,na,2202,3272,121,3272,651,56,0,4,0,
no_demodulation,LCL/LCL708^1.p,TH0,Theorem,timeout,na,2260,4782,51,4782,1329,26,0,1,0,
no_demodulation,LCL/LCL709^1.p,TH0,Theorem,timeout,na,2067,622,29,622,47,3,0,1,0,
no_demodulation,LCL/LCL710^1.p,TH0,Theorem,timeout,na,2078,830,38,830,82,6,0,2,0,
no_demodulation,LCL/LCL711^1.p,TH0,Theorem,thm,yes,110,20,0,20,3,0,0,2,1,
no_demodulation,LCL/LCL712^1.p,TH0,Theorem,timeout,na,2070,995,60,995,82,1,0,1,0,
no_demodulation,LCL/LCL713^1.p,TH0,Theorem,timeout,na,2119,1809,42,1809,224,42,0,1,0,
no_demodulation,LCL/LCL714^1.p,TH0,Theorem,timeout,na,2172,3067,34,3068,435,170,0,1,0,
no_demodulation,LCL/LCL715^1.p,TH0,Theorem,timeout,na,2069,1044,49,1044,89,9,0,1,0,
no_demodulation,LCL/LCL716^1.p,TH0,Theorem,timeout,na,2111,729,33,729,72,8,0,5,0,
no_demodulation,LCL/LCL717^1.p,TH0,Theorem,timeout,na,2076,650,44,650,48,0,0,1,0,
no_demodulation,LCL/LCL718^1.p,TH0,Theorem,timeout,na,2137,1254,8,1254,263,0,0,1,0,
no_demodulation,LCL/LCL719^1.p,TH0,Theorem,thm,yes,66,30,1,30,3,0,0,1,1,
no_demodulation,LCL/LCL720^1.p,TH0,Theorem,timeout,na,2330,8782,112,8782,279,213,0,0,0,
no_demodulation,LCL/LCL721^1.p,TH0,Theorem,timeout,na,2095,2011,14,2011,143,268,0,2,0,
no_demodulation,LCL/LCL722^1.p,TH0,Theorem,thm,yes,76,96,1,96,11,3,0,1,1,
no_demodulation,LCL/LCL723^1.p,TH0,Theorem,timeout,na,2270,8042,135,8042,242,219,0,0,0,
no_demodulation,LCL/LCL724^1.p,TH0,Theorem,timeout,na,2257,7261,94,7261,224,200,0,0,0,
no_demodulation,LCL/LCL725^1.p,TH0,Theorem,timeout,na,2260,7349,111,7349,219,215,0,0,0,
no_demodulation,LCL/LCL726^5.p,TH0,Theorem,timeout,na,2009,30,0,30,3,0,0,1,0,
no_demodulation,LCL/LCL727^5.p,TH0,Theorem,timeout,na,2043,922,46,922,96,10,0,2,0,
no_demodulation,LCL/LCL728^5.p,TH0,Theorem,timeout,na,2009,28,0,28,3,0,0,1,0,
no_demodulation,LCL/LCL729^5.p,TH0,Theorem,timeout,na,2037,1033,69,1033,62,11,0,1,0,
no_demodulation,LCL/LCL730^5.p,TH0,Theorem,timeout,na,2013,150,9,150,5,2,0,2,0,
no_demodulation,LCL/LCL731^5.p,TH0,Theorem,timeout,na,2042,2015,89,2015,162,5,0,1,0,
no_demodulation,LCL/LCL732^5.p,TH0,Theorem,thm,yes,17,10,0,10,1,1,0,0,0,
no_demodulation,LCL/LCL733^5.p,TH0,Theorem,thm,yes,134,16,0,16,2,1,0,1,1,
no_demodulation,LCL/LCL734^5.p,TH0,Theorem,timeout,na,2021,451,31,451,19,0,0,1,0,
no_demodulation,LCL/LCL735^5.p,TH0,Theorem,timeout,na,2022,476,31,476,20,1,0,1,0,
no_demodulation,LCL/LCL736^5.p,TH0,Theorem,timeout,na,2024,448,29,448,15,4,0,1,0,
no_demodulation,LCL/LCL738^5.p,TH0,Theorem,timeout,na,2062,519,10,519,102,0,0,0,0,
no_demodulation,LCL/LCL739^5.p,TH0,Theorem,timeout,na,2026,339,22,339,13,1,0,1,0,
no_demodulation,LCL/LCL740^5.p,TH0,Theorem,timeout,na,2026,360,25,360,11,2,0,1,0,
no_demodulation,LCL/LCL741^5.p,TH0,Theorem,timeout,na,2027,519,32,519,26,0,0,1,0,
no_demodulation,LCL/LCL742^5.p,TH0,Theorem,timeout,na,2059,1812,24,1812,292,13,0,4,0,
no_demodulation,LCL/LCL743^5.p,TH0,CounterSatisfiable,timeout,na,2062,3096,95,3096,382,47,0,5,0,
no_demodulation,LCL/LCL859^1.p,TH0,Theorem,thm,yes,73,30,1,30,3,0,0,2,1,
no_demodulation,LCL/LCL860^1.p,TH0,Theorem,timeout,na,2381,6485,166,6485,1805,65,0,2,0,
no_demodulation,LCL/LCL861^1.p,TH0,Theorem,timeout,na,2283,5996,176,5996,1080,411,0,3,0,
no_demodulation,LCL/LCL862^1.p,TH0,Theorem,timeout,na,2428,6532,109,6532,1877,203,0,1,0,
no_demodulation,LCL/LCL863^1.p,TH0,Theorem,timeout,na,2310,6362,174,6362,1475,66,0,1,0,
no_demodulation,LCL/LCL864^1.p,TH0,Theorem,timeout,na,2371,6143,102,6143,1902,6,0,1,0,
no_demodulation,LCL/LCL865^1.p,TH0,Theorem,timeout,na,2253,6790,256,6790,1247,161,0,1,0,
no_demodulation,LCL/LCL866^1.p,TH0,Theorem,timeout,na,2604,6988,28,6989,2739,292,0,3,0,
no_demodulation,LCL/LCL867^1.p,TH0,Theorem,timeout,na,2391,6855,169,6855,2071,2,0,2,0,
no_demodulation,LCL/LCL868^1.p,TH0,Theorem,timeout,na,2481,5627,92,5627,1811,73,0,1,0,
no_demodulation,LCL/LCL869^1.p,TH0,CounterSatisfiable,timeout,na,2292,5691,174,5691,1350,131,0,3,0,
no_demodulation,LCL/LCL872^1.p,TH0,Theorem,timeout,na,2107,943,21,943,145,1,0,1,0,
no_demodulation,LCL/LCL873^1.p,TH0,Theorem,timeout,na,2150,1338,29,1338,261,0,0,0,0,
no_demodulation,LCL/LCL874^1.p,TH0,Theorem,timeout,na,2222,2288,13,2288,620,128,0,5,0,
no_demodulation,LCL/LCL877^1.p,TH0,Theorem,timeout,na,2099,1120,26,1120,187,7,0,1,0,
no_demodulation,LCL/LCL877^2.p,TH0,Theorem,timeout,na,2236,4356,130,4356,799,140,0,1,0,
no_demodulation,LCL/LCL878^1.p,TH0,Theorem,timeout,na,2121,1204,34,1204,108,43,0,1,0,
no_demodulation,LCL/LCL879^1.p,TH0,Theorem,timeout,na,2093,865,33,865,103,14,0,1,0,
no_demodulation,LCL/LCL880^1.p,TH0,Theorem,timeout,na,2129,1832,58,1832,305,23,0,1,0,
no_demodulation,LCL/LCL881^1.p,TH0,Theorem,timeout,na,2152,582,21,582,64,1,0,1,0,
no_demodulation,LCL/LCL916^1.p,TH0,Satisfiable,no_conjecture,na,23,,,,,,,,,
no_demodulation,LCL/LCL917^1.p,TH0,Satisfiable,no_conjecture,na,39,,,,,,,,,
no_demodulation,LCL/LCL918^1.p,TH0,Satisfiable,no_conjecture,na,43,,,,,,,,,
no_demodulation,LCL/LCL919^1.p,TH0,Satisfiable,no_conjecture,na,42,,,,,,,,,
no_demodulation,LCL/LCL920^1.p,TH0,Satisfiable,no_conjecture,na,43,,,,,,,,,
no_demodulation,LCL/LCL921^1.p,TH0,Satisfiable,no_conjecture,na,43,,,,,,,,,
no_demodulation,LCL/LCL922^1.p,TH0,Satisfiable,no_conjecture,na,43,,,,,,,,,
no_demodulation,LCL/LCL923^1.p,TH0,Satisfiable,no_conjecture,na,43,,,,,,,,,
no_demodulation,LCL/LCL924^1.p,TH0,Satisfiable,no_conjecture,na,49,,,,,,,,,
no_demodulation,LCL/LCL925^1.p,TH0,Satisfiable,no_conjecture,na,43,,,,,,,,,
no_demodulation,LCL/LCL930^1.p,TH0,Satisfiable,no_conjecture,na,20,,,,,,,,,
no_demodulation,LCL/LCL931^1.p,TH0,Unknown,timeout,na,2798,0,0,0,1,0,0,0,0,
no_demodulation,LCL/LCL932^1.p,TH0,Unknown,timeout,na,2807,0,0,0,1,0,0,0,0,
no_demodulation,LCL/LCL933^1.p,TH0,Unknown,timeout,na,2758,0,0,0,1,0,0,0,0,
no_demodulation,LCL/LCL934^1.p,TH0,Unknown,timeout,na,2766,0,0,0,1,0,0,0,0,
no_demodulation,LCL/LCL935^1.p,TH0,Unknown,timeout,na,2757,0,0,0,1,0,0,0,0,
no_demodulation,LCL/LCL936^1.p,TH0,Unknown,timeout,na,2756,0,0,0,1,0,0,0,0,
no_demodulation,LCL/LCL937^1.p,TH0,Unknown,timeout,na,2813,0,0,0,1,0,0,0,0,
no_demodulation,LCL/LCL938^1.p,TH0,Unknown,timeout,na,2819,0,0,0,1,0,0,0,0,
no_demodulation,LCL/LCL939^1.p,TH0,Unknown,timeout,na,2830,0,0,0,1,0,0,0,0,
no_demodulation,LCL/LCL940^1.p,TH0,Unknown,timeout,na,2834,0,0,0,1,0,0,0,0,
no_demodulation,LCL/LCL941^3.p,TH0,CounterSatisfiable,timeout,na,2910,605,36,605,42,0,0,0,0,
no_demodulation,LCL/LCL941^5.p,TH0,Theorem,timeout,na,2879,599,34,599,42,0,0,0,0,
no_demodulation,LCL/LCL942^2.p,TH0,Theorem,timeout,na,2904,638,33,638,46,0,0,0,0,
no_demodulation,LCL/LCL943^24.p,TH0,Theorem,timeout,na,2316,9119,8,9120,246,161,0,0,0,
no_demodulation,LCL/LCL944^8.p,TH0,Theorem,timeout,na,2272,186,18,186,1,0,0,0,0,
no_demodulation,LCL/LCL945^9.p,TH0,Theorem,timeout,na,2140,119,9,119,4,0,0,0,0,
no_demodulation,LCL/LCL946^10.p,TH0,Theorem,timeout,na,2597,61,6,61,1,0,0,0,0,
no_demodulation,LCL/LCL947^10.p,TH0,Theorem,timeout,na,2141,758,53,758,43,0,0,0,0,
no_demodulation,LCL/LCL948^10.p,TH0,CounterSatisfiable,timeout,na,2231,531,38,531,28,0,0,0,0,
no_demodulation,LCL/LCL949^4.p,TH0,Theorem,timeout,na,2441,175,17,175,1,0,0,0,0,
no_demodulation,LCL/LCL950^17.p,TH0,Theorem,timeout,na,2098,1203,46,1203,178,0,0,0,0,
no_demodulation,LCL/LCL951^24.p,TH0,Theorem,thm,yes,87,1,0,1,1,1,0,0,0,
no_demodulation,LCL/LCL952^12.p,TH0,Theorem,thm,yes,77,1,0,1,1,1,0,0,0,
no_demodulation,LCL/LCL953^8.p,TH0,Theorem,thm,yes,33,1,0,1,1,1,0,0,0,
no_demodulation,LCL/LCL954^19.p,TH0,Theorem,timeout,na,2881,74,7,74,1,0,0,0,0,
no_demodulation,LCL/LCL955^24.p,TH0,Theorem,timeout,na,2884,74,7,74,1,0,0,0,0,
no_demodulation,LCL/LCL956^18.p,TH0,Theorem,timeout,na,2289,5939,68,5939,255,62,0,0,0,
no_demodulation,LCL/LCL957^6.p,TH0,Theorem,timeout,na,2045,2631,205,2631,111,5,0,1,0,
no_demodulation,LCL/LCL958^18.p,TH0,Theorem,timeout,na,2095,2796,171,2796,165,42,0,0,0,
no_demodulation,LCL/LCL959^24.p,TH0,Theorem,timeout,na,2168,4309,127,4309,211,18,0,0,0,
no_demodulation,LCL/LCL960^12.p,TH0,Theorem,timeout,na,2054,512,8,512,75,1,0,0,0,
no_demodulation,LCL/LCL961^1.p,TH0,CounterSatisfiable,timeout,na,2292,8851,16,8851,280,196,0,0,0,
no_demodulation,LCL/LCL961^11.p,TH0,Theorem,timeout,na,2210,6409,139,6410,225,88,0,0,0,
no_demodulation,LCL/LCL962^16.p,TH0,Theorem,timeout,na,2202,6599,154,6599,187,245,0,0,0,
no_demodulation,LCL/LCL963^3.p,TH0,CounterSatisfiable,timeout,na,2287,404,29,404,17,0,0,0,0,
no_demodulation,LCL/LCL964^3.p,TH0,CounterSatisfiable,timeout,na,2295,408,28,408,16,0,0,0,0,
no_demodulation,LCL/LCL965^15.p,TH0,CounterSatisfiable,timeout,na,2087,885,30,885,131,0,0,0,0,
no_demodulation,LCL/LCL966^9.p,TH0,CounterSatisfiable,timeout,na,2120,834,58,834,43,0,0,0,0,
no_demodulation,LCL/LCL967^3.p,TH0,CounterSatisfiable,timeout,na,2902,74,7,74,1,0,0,0,0,
no_demodulation,LCL/LCL968^3.p,TH0,CounterSatisfiable,timeout,na,2913,74,7,74,1,0,0,0,0,
no_demodulation,LCL/LCL969^9.p,TH0,CounterSatisfiable,timeout,na,2305,9329,8,9329,258,208,0,0,0,
no_demodulation,LCL/LCL970^15.p,TH0,CounterSatisfiable,timeout,na,2071,2172,141,2172,138,36,0,0,0,
no_demodulation,LIN/LIN001^1.p,TH1,Theorem,parse_timeout,na,0,,,,,,,,,cached: parse exceeded 5000ms
no_demodulation,LIN/LIN002^1.p,TH1,Theorem,parse_timeout,na,0,,,,,,,,,cached: parse exceeded 5000ms
no_demodulation,LIN/LIN003^1.p,TH1,Theorem,parse_timeout,na,0,,,,,,,,,cached: parse exceeded 5000ms
no_demodulation,LIN/LIN004^1.p,TH1,Theorem,parse_timeout,na,0,,,,,,,,,cached: parse exceeded 5000ms
no_demodulation,LIN/LIN005^1.p,TH1,Theorem,parse_timeout,na,0,,,,,,,,,cached: parse exceeded 5000ms
no_demodulation,LIN/LIN006^1.p,TH1,Theorem,parse_timeout,na,0,,,,,,,,,cached: parse exceeded 5000ms
no_demodulation,LIN/LIN007^1.p,TH1,Theorem,parse_timeout,na,0,,,,,,,,,cached: parse exceeded 5000ms
no_demodulation,LIN/LIN008^1.p,TH1,Theorem,parse_timeout,na,0,,,,,,,,,cached: parse exceeded 5000ms
no_demodulation,LIN/LIN009^1.p,TH1,Theorem,parse_timeout,na,0,,,,,,,,,cached: parse exceeded 5000ms
no_demodulation,LIN/LIN010^1.p,TH1,Theorem,parse_timeout,na,0,,,,,,,,,cached: parse exceeded 5000ms
no_demodulation,LIN/LIN011^1.p,TH1,Theorem,parse_timeout,na,0,,,,,,,,,cached: parse exceeded 5000ms
no_demodulation,LIN/LIN012^1.p,TH1,Theorem,parse_timeout,na,0,,,,,,,,,cached: parse exceeded 5000ms
no_demodulation,LIN/LIN013^1.p,TH1,Theorem,parse_timeout,na,0,,,,,,,,,cached: parse exceeded 5000ms
no_demodulation,LIN/LIN014^1.p,TH1,Theorem,parse_timeout,na,0,,,,,,,,,cached: parse exceeded 5000ms
no_demodulation,LIN/LIN015^1.p,TH1,Theorem,parse_timeout,na,0,,,,,,,,,cached: parse exceeded 5000ms
no_demodulation,MSC/MSC020^5.p,TH0,Theorem,timeout,na,2025,1265,90,1265,60,0,0,4,0,
no_demodulation,MSC/MSC021^5.p,TH0,Theorem,timeout,na,2036,1051,72,1051,69,0,0,4,0,
no_demodulation,MSC/MSC025^1.p,TH0,Theorem,parser_error,na,0,,,,,,,,,cached: Failed to parse formula 'goal': [byte:1641] Type Error: Cannot unify strict function types of different arities.
no_demodulation,MSC/MSC025^2.p,TH0,Theorem,parser_error,na,0,,,,,,,,,cached: Failed to parse formula 'goal': [byte:2175] Type Error: Cannot unify strict function types of different arities.
no_demodulation,MSC/MSC029^1.p,TH1,Theorem,parse_timeout,na,0,,,,,,,,,cached: parse exceeded 5000ms
no_demodulation,MSC/MSC030^1.p,TH1,Theorem,parse_timeout,na,0,,,,,,,,,cached: parse exceeded 5000ms
no_demodulation,MSC/MSC031^1.p,TH1,Theorem,parse_timeout,na,0,,,,,,,,,cached: parse exceeded 5000ms
no_demodulation,MSC/MSC032^1.p,TH1,Theorem,parse_timeout,na,0,,,,,,,,,cached: parse exceeded 5000ms
no_demodulation,MSC/MSC033^1.p,TH1,Theorem,parse_timeout,na,0,,,,,,,,,cached: parse exceeded 5000ms
no_demodulation,NLP/NLP001^17.p,TH0,Theorem,timeout,na,2133,576,38,576,45,5,0,0,0,
no_demodulation,NLP/NLP001^3.p,TH0,Theorem,timeout,na,2149,549,12,549,82,38,0,0,0,
no_demodulation,NLP/NLP001^7.p,TH0,Theorem,timeout,na,2142,152,11,152,6,1,0,0,0,
no_demodulation,NLP/NLP002^7.p,TH0,CounterSatisfiable,timeout,na,2244,542,39,542,24,0,0,0,0,
no_demodulation,NLP/NLP003^7.p,TH0,CounterSatisfiable,timeout,na,2243,555,39,555,24,0,0,0,0,
no_demodulation,NLP/NLP004^12.p,TH0,Theorem,timeout,na,2528,62,5,62,2,0,0,0,0,
no_demodulation,NLP/NLP004^13.p,TH0,Theorem,timeout,na,2529,62,5,62,2,0,0,0,0,
no_demodulation,NLP/NLP004^7.p,TH0,Theorem,timeout,na,2556,0,0,0,1,0,0,0,0,
no_demodulation,NLP/NLP004^8.p,TH0,Theorem,timeout,na,2514,61,5,61,2,0,0,0,0,
no_demodulation,NLP/NLP005^7.p,TH0,CounterSatisfiable,timeout,na,2508,0,0,0,1,0,0,0,0,
no_demodulation,NLP/NLP006^7.p,TH0,CounterSatisfiable,timeout,na,2677,0,0,0,1,0,0,0,0,
no_demodulation,NLP/NLP007^7.p,TH0,Theorem,timeout,na,2734,0,0,0,1,0,0,0,0,
no_demodulation,NLP/NLP008^7.p,TH0,CounterSatisfiable,timeout,na,2675,0,0,0,1,0,0,0,0,
no_demodulation,NLP/NLP009^7.p,TH0,Theorem,timeout,na,2617,0,0,0,1,0,0,0,0,
no_demodulation,NLP/NLP011^7.p,TH0,Theorem,timeout,na,2732,0,0,0,1,0,0,0,0,
no_demodulation,NLP/NLP264^7.p,TH0,Theorem,timeout,na,2484,6928,194,6928,239,64,0,0,0,
no_demodulation,NLP/NLP265^17.p,TH0,ContradictoryAxioms,timeout,na,2214,6380,177,6380,282,137,0,0,0,
no_demodulation,NLP/NLP265^18.p,TH0,Theorem,timeout,na,2297,7952,237,7952,195,404,0,0,0,
no_demodulation,NLP/NLP266^12.p,TH0,CounterSatisfiable,timeout,na,2077,1055,29,1055,149,0,0,0,0,
no_demodulation,NLP/NLP266^23.p,TH0,Theorem,timeout,na,2121,1347,25,1347,212,0,0,0,0,
no_demodulation,NLP/NLP266^3.p,TH0,CounterSatisfiable,timeout,na,2146,2723,56,2723,216,40,0,0,0,
no_demodulation,NLP/NLP266^4.p,TH0,Theorem,timeout,na,2141,2842,57,2842,218,48,0,0,0,
no_demodulation,NLP/NLP267^1.p,TH0,Theorem,timeout,na,2340,9034,60,9034,259,334,0,0,0,
no_demodulation,NLP/NLP267^17.p,TH0,Theorem,timeout,na,2225,6229,122,6229,178,292,0,0,0,
no_demodulation,NLP/NLP267^18.p,TH0,Theorem,timeout,na,2351,8335,58,8335,230,317,0,0,0,
no_demodulation,NLP/NLP267^2.p,TH0,Theorem,timeout,na,2332,8723,105,8723,200,422,0,0,0,
no_demodulation,NLP/NLP267^3.p,TH0,Theorem,timeout,na,2362,9199,61,9199,235,362,0,0,0,
no_demodulation,NLP/NLP267^4.p,TH0,Theorem,timeout,na,2295,7237,119,7237,186,342,0,0,0,
no_demodulation,NLP/NLP267^5.p,TH0,Theorem,timeout,na,2266,7293,195,7293,193,273,0,0,0,
no_demodulation,NUM/NUM016^5.p,TH0,Theorem,timeout,na,2259,8043,281,8043,1633,384,0,1,0,
no_demodulation,NUM/NUM020^1.p,TH0,Theorem,timeout,na,2022,17,0,17,2,0,0,0,0,
no_demodulation,NUM/NUM021^1.p,TH0,Theorem,timeout,na,2033,76,2,76,6,1,0,0,0,
no_demodulation,NUM/NUM415^1.p,TH0,Theorem,thm,yes,109,13,0,13,2,2,0,0,0,
no_demodulation,NUM/NUM416^1.p,TH0,Theorem,timeout,na,2025,7,0,7,2,0,0,0,0,
no_demodulation,NUM/NUM417^1.p,TH0,Theorem,timeout,na,2029,7,0,7,2,0,0,0,0,
no_demodulation,NUM/NUM418^1.p,TH0,Theorem,timeout,na,2023,17,0,17,2,0,0,0,0,
no_demodulation,NUM/NUM419^1.p,TH0,Theorem,timeout,na,2027,17,0,17,2,0,0,0,0,
no_demodulation,NUM/NUM635^1.p,TH0,Theorem,timeout,na,2059,2370,26,2370,322,39,0,3,0,
no_demodulation,NUM/NUM635^2.p,TH0,Theorem,timeout,na,2048,2971,171,2971,204,0,0,1,0,
no_demodulation,NUM/NUM635^4.p,TH0,Theorem,timeout,na,2220,188,18,188,1,0,0,0,0,
no_demodulation,NUM/NUM636^1.p,TH0,Theorem,timeout,na,2054,2972,194,2972,166,8,0,2,0,
no_demodulation,NUM/NUM636^2.p,TH0,Theorem,timeout,na,2053,2949,172,2949,187,10,0,2,0,
no_demodulation,NUM/NUM636^3.p,TH0,Theorem,timeout,na,2051,2908,164,2908,208,0,0,2,0,
no_demodulation,NUM/NUM636^4.p,TH0,Theorem,timeout,na,2220,187,18,187,1,0,0,0,0,
no_demodulation,NUM/NUM637^1.p,TH0,Theorem,timeout,na,2048,2267,135,2267,144,0,0,1,0,
no_demodulation,NUM/NUM637^2.p,TH0,Theorem,timeout,na,2045,2696,157,2696,174,0,0,1,0,
no_demodulation,NUM/NUM637^4.p,TH0,Theorem,timeout,na,2224,190,19,190,1,0,0,0,0,
no_demodulation,NUM/NUM638^1.p,TH0,Theorem,timeout,na,2078,3501,97,3501,199,88,0,0,0,
no_demodulation,NUM/NUM638^4.p,TH0,Theorem,timeout,na,2223,99,8,99,2,0,0,0,0,
no_demodulation,NUM/NUM639^1.p,TH0,Theorem,timeout,na,2003,71,2,71,5,3,0,2,0,
no_demodulation,NUM/NUM639^4.p,TH0,Theorem,timeout,na,2232,14,1,14,1,0,0,0,0,
no_demodulation,NUM/NUM640^1.p,TH0,Theorem,timeout,na,2003,73,4,73,5,3,0,2,0,
no_demodulation,NUM/NUM640^4.p,TH0,Theorem,timeout,na,2232,12,1,12,1,0,0,0,0,
no_demodulation,NUM/NUM641^1.p,TH0,Theorem,timeout,na,2003,71,2,71,5,3,0,2,0,
no_demodulation,NUM/NUM641^4.p,TH0,Theorem,timeout,na,2237,14,1,14,1,0,0,0,0,
no_demodulation,NUM/NUM642^1.p,TH0,Theorem,timeout,na,2004,73,3,73,5,3,0,2,0,
no_demodulation,NUM/NUM642^4.p,TH0,Theorem,timeout,na,2236,12,1,12,1,0,0,0,0,
no_demodulation,NUM/NUM643^1.p,TH0,Theorem,timeout,na,2063,2885,226,2885,100,0,0,1,0,
no_demodulation,NUM/NUM643^4.p,TH0,Theorem,timeout,na,2243,0,0,0,1,0,0,0,0,
no_demodulation,NUM/NUM644^1.p,TH0,Theorem,timeout,na,2060,2816,216,2816,104,0,0,1,0,
no_demodulation,NUM/NUM644^4.p,TH0,Theorem,timeout,na,2239,12,1,12,1,0,0,0,0,
no_demodulation,NUM/NUM645^1.p,TH0,Theorem,timeout,na,2067,2652,137,2652,242,8,0,2,0,
no_demodulation,NUM/NUM645^4.p,TH0,Theorem,timeout,na,2244,14,1,14,1,0,0,0,0,
no_demodulation,NUM/NUM646^1.p,TH0,Theorem,timeout,na,2077,2590,107,2590,246,8,0,2,0,
no_demodulation,NUM/NUM646^4.p,TH0,Theorem,timeout,na,2247,12,1,12,1,0,0,0,0,
no_demodulation,NUM/NUM647^1.p,TH0,Theorem,timeout,na,2058,2340,80,2340,279,27,0,1,0,
no_demodulation,NUM/NUM647^4.p,TH0,Theorem,timeout,na,2245,12,1,12,1,0,0,0,0,
no_demodulation,NUM/NUM648^1.p,TH0,Theorem,timeout,na,2053,2737,130,2737,256,25,0,2,0,
no_demodulation,NUM/NUM648^4.p,TH0,Theorem,timeout,na,2249,12,1,12,1,0,0,0,0,
no_demodulation,NUM/NUM649^1.p,TH0,Theorem,timeout,na,2070,2774,162,2774,219,1,0,1,0,
no_demodulation,NUM/NUM649^4.p,TH0,Theorem,timeout,na,2252,12,1,12,1,0,0,0,0,
no_demodulation,NUM/NUM650^1.p,TH0,Theorem,timeout,na,2068,2633,158,2633,190,0,0,1,0,
no_demodulation,NUM/NUM650^4.p,TH0,Theorem,timeout,na,2263,12,1,12,1,0,0,0,0,
no_demodulation,NUM/NUM651^1.p,TH0,Theorem,timeout,na,2072,2605,94,2605,308,23,0,1,0,
no_demodulation,NUM/NUM651^4.p,TH0,Theorem,timeout,na,2263,12,1,12,1,0,0,0,0,
no_demodulation,NUM/NUM652^1.p,TH0,Theorem,timeout,na,2054,3619,219,3619,146,36,0,0,0,
no_demodulation,NUM/NUM652^4.p,TH0,Theorem,timeout,na,2272,12,1,12,1,0,0,0,0,
no_demodulation,NUM/NUM653^1.p,TH0,Theorem,timeout,na,2048,3501,225,3501,147,36,0,0,0,
no_demodulation,NUM/NUM653^4.p,TH0,Theorem,timeout,na,2270,12,1,12,1,0,0,0,0,
no_demodulation,NUM/NUM654^1.p,TH0,Theorem,timeout,na,2077,3060,83,3060,311,151,0,1,0,
no_demodulation,NUM/NUM654^4.p,TH0,Theorem,timeout,na,2273,12,1,12,1,0,0,0,0,
no_demodulation,NUM/NUM655^1.p,TH0,Theorem,timeout,na,2079,3286,112,3286,308,136,0,1,0,
no_demodulation,NUM/NUM655^4.p,TH0,Theorem,timeout,na,2273,12,1,12,1,0,0,0,0,
no_demodulation,NUM/NUM656^1.p,TH0,Theorem,timeout,na,2056,3547,194,3547,145,37,0,0,0,
no_demodulation,NUM/NUM656^4.p,TH0,Theorem,timeout,na,2272,12,1,12,1,0,0,0,0,
no_demodulation,NUM/NUM657^1.p,TH0,Theorem,timeout,na,2066,3754,186,3754,148,41,0,0,0,
no_demodulation,NUM/NUM657^4.p,TH0,Theorem,timeout,na,2275,12,1,12,1,0,0,0,0,
no_demodulation,NUM/NUM658^1.p,TH0,Theorem,timeout,na,2070,3770,175,3770,286,117,0,1,0,
no_demodulation,NUM/NUM658^4.p,TH0,Theorem,timeout,na,2276,12,1,12,1,0,0,0,0,
no_demodulation,NUM/NUM659^1.p,TH0,Theorem,timeout,na,2082,3794,134,3794,346,156,0,1,0,
no_demodulation,NUM/NUM659^4.p,TH0,Theorem,timeout,na,2278,12,1,12,1,0,0,0,0,
no_demodulation,NUM/NUM660^1.p,TH0,Theorem,timeout,na,2119,3585,26,3585,605,33,0,1,0,
no_demodulation,NUM/NUM660^4.p,TH0,Theorem,timeout,na,2268,12,1,12,1,0,0,0,0,
no_demodulation,NUM/NUM662^1.p,TH0,Theorem,timeout,na,2039,2470,116,2470,176,10,0,4,0,
no_demodulation,NUM/NUM662^4.p,TH0,Theorem,timeout,na,2284,12,1,12,1,0,0,0,0,
no_demodulation,NUM/NUM663^1.p,TH0,Theorem,timeout,na,2143,4600,158,4600,968,95,0,2,0,
no_demodulation,NUM/NUM663^4.p,TH0,Theorem,timeout,na,2284,12,1,12,1,0,0,0,0,
no_demodulation,NUM/NUM664^1.p,TH0,Theorem,timeout,na,2153,4959,144,4959,1020,256,0,2,0,
no_demodulation,NUM/NUM664^4.p,TH0,Theorem,timeout,na,2286,12,1,12,1,0,0,0,0,
no_demodulation,NUM/NUM665^1.p,TH0,Theorem,timeout,na,2241,7446,44,7446,274,363,0,0,0,
no_demodulation,NUM/NUM665^4.p,TH0,Theorem,timeout,na,2280,12,1,12,1,0,0,0,0,
no_demodulation,NUM/NUM666^1.p,TH0,Theorem,timeout,na,2201,7307,74,7307,320,350,0,0,0,
no_demodulation,NUM/NUM666^4.p,TH0,Theorem,timeout,na,2283,12,1,12,1,0,0,0,0,
no_demodulation,NUM/NUM667^1.p,TH0,Theorem,timeout,na,2110,3475,79,3476,190,86,0,0,0,
no_demodulation,NUM/NUM667^4.p,TH0,Theorem,timeout,na,2292,12,1,12,1,0,0,0,0,
no_demodulation,NUM/NUM668^1.p,TH0,Theorem,thm,yes,12,11,0,11,2,0,0,1,1,
no_demodulation,NUM/NUM668^4.p,TH0,Theorem,timeout,na,2291,11,1,11,1,0,0,0,0,
no_demodulation,NUM/NUM669^1.p,TH0,Theorem,thm,yes,81,40,2,40,3,1,0,2,1,
no_demodulation,NUM/NUM669^4.p,TH0,Theorem,timeout,na,2298,14,1,14,1,0,0,0,0,
no_demodulation,NUM/NUM670^1.p,TH0,Theorem,timeout,na,2049,1767,37,1767,218,25,0,4,0,
no_demodulation,NUM/NUM670^4.p,TH0,Theorem,timeout,na,2296,0,0,0,1,0,0,0,0,
no_demodulation,NUM/NUM671^1.p,TH0,Theorem,timeout,na,2004,69,3,69,5,3,0,2,0,
no_demodulation,NUM/NUM671^4.p,TH0,Theorem,timeout,na,2293,12,1,12,1,0,0,0,0,
no_demodulation,NUM/NUM672^1.p,TH0,Theorem,timeout,na,2132,6744,315,6744,1049,104,0,3,0,
no_demodulation,NUM/NUM672^4.p,TH0,Theorem,timeout,na,2296,0,0,0,1,0,0,0,0,
no_demodulation,NUM/NUM673^1.p,TH0,Theorem,timeout,na,2046,2086,78,2086,213,2,0,4,0,
no_demodulation,NUM/NUM673^4.p,TH0,Theorem,timeout,na,2304,0,0,0,1,0,0,0,0,
no_demodulation,NUM/NUM674^1.p,TH0,Theorem,timeout,na,2002,69,2,69,5,3,0,2,0,
no_demodulation,NUM/NUM674^4.p,TH0,Theorem,timeout,na,2303,12,1,12,1,0,0,0,0,
no_demodulation,NUM/NUM676^1.p,TH0,Theorem,timeout,na,2061,2416,45,2416,311,2,0,4,0,
no_demodulation,NUM/NUM676^4.p,TH0,Theorem,timeout,na,2307,0,0,0,1,0,0,0,0,
no_demodulation,NUM/NUM677^1.p,TH0,Theorem,timeout,na,2043,2240,124,2240,189,13,0,1,0,
no_demodulation,NUM/NUM677^4.p,TH0,Theorem,timeout,na,2309,0,0,0,1,0,0,0,0,
no_demodulation,NUM/NUM680^1.p,TH0,Theorem,timeout,na,2093,2944,96,2944,519,49,0,1,0,
no_demodulation,NUM/NUM680^4.p,TH0,Theorem,timeout,na,2323,0,0,0,1,0,0,0,0,
no_demodulation,NUM/NUM681^1.p,TH0,Theorem,timeout,na,2078,3126,135,3126,176,39,0,0,0,
no_demodulation,NUM/NUM681^4.p,TH0,Theorem,timeout,na,2321,12,1,12,1,0,0,0,0,
no_demodulation,NUM/NUM682^1.p,TH0,Theorem,timeout,na,2085,3076,109,3076,185,76,0,0,0,
no_demodulation,NUM/NUM682^4.p,TH0,Theorem,timeout,na,2325,0,0,0,1,0,0,0,0,
no_demodulation,NUM/NUM683^1.p,TH0,Theorem,timeout,na,2040,2150,118,2150,168,2,0,4,0,
no_demodulation,NUM/NUM683^4.p,TH0,Theorem,timeout,na,2330,0,0,0,1,0,0,0,0,
no_demodulation,NUM/NUM684^1.p,TH0,Theorem,timeout,na,2049,2283,94,2283,219,17,0,1,0,
no_demodulation,NUM/NUM684^4.p,TH0,Theorem,timeout,na,2332,12,1,12,1,0,0,0,0,
no_demodulation,NUM/NUM686^1.p,TH0,Theorem,timeout,na,2064,2568,192,2568,136,2,0,0,0,
no_demodulation,NUM/NUM686^4.p,TH0,Theorem,timeout,na,2333,0,0,0,1,0,0,0,0,
no_demodulation,NUM/NUM687^1.p,TH0,Theorem,timeout,na,2122,3076,76,3076,765,23,0,1,0,
no_demodulation,NUM/NUM687^4.p,TH0,Theorem,timeout,na,2342,0,0,0,1,0,0,0,0,
no_demodulation,NUM/NUM688^1.p,TH0,Theorem,timeout,na,2111,2859,108,2859,531,35,0,1,0,
no_demodulation,NUM/NUM688^4.p,TH0,Theorem,timeout,na,2344,0,0,0,1,0,0,0,0,
no_demodulation,NUM/NUM689^1.p,TH0,Theorem,timeout,na,2074,3399,115,3399,247,101,0,0,0,
no_demodulation,NUM/NUM689^4.p,TH0,Theorem,timeout,na,2344,0,0,0,1,0,0,0,0,
no_demodulation,NUM/NUM690^1.p,TH0,Theorem,timeout,na,2208,6135,39,6135,315,323,0,0,0,
no_demodulation,NUM/NUM690^4.p,TH0,Theorem,timeout,na,2346,0,0,0,1,0,0,0,0,
no_demodulation,NUM/NUM691^1.p,TH0,Theorem,timeout,na,2110,2551,77,2551,195,33,0,0,0,
no_demodulation,NUM/NUM691^4.p,TH0,Theorem,timeout,na,2352,0,0,0,1,0,0,0,0,
no_demodulation,NUM/NUM692^1.p,TH0,Theorem,timeout,na,2156,5730,200,5730,1268,46,0,3,0,
no_demodulation,NUM/NUM692^4.p,TH0,Theorem,timeout,na,2348,0,0,0,1,0,0,0,0,
no_demodulation,NUM/NUM693^1.p,TH0,Theorem,timeout,na,2042,2234,105,2234,180,7,0,1,0,
no_demodulation,NUM/NUM693^4.p,TH0,Theorem,timeout,na,2356,14,1,14,1,0,0,0,0,
no_demodulation,NUM/NUM694^1.p,TH0,Theorem,thm,yes,8,8,0,8,2,0,0,1,1,
no_demodulation,NUM/NUM694^4.p,TH0,Theorem,timeout,na,2353,14,1,14,1,0,0,0,0,
no_demodulation,NUM/NUM695^1.p,TH0,Theorem,timeout,na,2055,2525,79,2525,277,24,0,1,0,
no_demodulation,NUM/NUM695^4.p,TH0,Theorem,timeout,na,2357,14,1,14,1,0,0,0,0,
no_demodulation,NUM/NUM696^1.p,TH0,Theorem,timeout,na,2046,2614,137,2614,175,15,0,2,0,
no_demodulation,NUM/NUM696^4.p,TH0,Theorem,timeout,na,2359,0,0,0,1,0,0,0,0,
no_demodulation,NUM/NUM697^1.p,TH0,Theorem,timeout,na,2044,2731,146,2731,199,4,0,1,0,
no_demodulation,NUM/NUM697^4.p,TH0,Theorem,timeout,na,2358,11,1,11,1,0,0,0,0,
no_demodulation,NUM/NUM698^1.p,TH0,Theorem,timeout,na,2191,6727,49,6727,232,194,0,0,0,
no_demodulation,NUM/NUM698^4.p,TH0,Theorem,timeout,na,2355,0,0,0,1,0,0,0,0,
no_demodulation,NUM/NUM699^1.p,TH0,Theorem,timeout,na,2049,2808,140,2808,227,2,0,1,0,
no_demodulation,NUM/NUM699^4.p,TH0,Theorem,timeout,na,2358,11,1,11,1,0,0,0,0,
no_demodulation,NUM/NUM700^1.p,TH0,Theorem,thm,yes,24,47,0,47,9,0,0,1,1,
no_demodulation,NUM/NUM700^4.p,TH0,Theorem,timeout,na,2370,0,0,0,1,0,0,0,0,
no_demodulation,NUM/NUM701^1.p,TH0,Theorem,timeout,na,2045,2613,110,2613,231,4,0,2,0,
no_demodulation,NUM/NUM701^4.p,TH0,ContradictoryAxioms,timeout,na,2360,11,1,11,1,0,0,0,0,
no_demodulation,NUM/NUM702^1.p,TH0,Theorem,timeout,na,2143,5959,232,5959,186,144,0,0,0,
no_demodulation,NUM/NUM702^4.p,TH0,Theorem,timeout,na,2365,0,0,0,1,0,0,0,0,
no_demodulation,NUM/NUM703^1.p,TH0,Theorem,timeout,na,2050,2492,98,2492,267,7,0,1,0,
no_demodulation,NUM/NUM703^4.p,TH0,Theorem,timeout,na,2368,11,1,11,1,0,0,0,0,
no_demodulation,NUM/NUM704^1.p,TH0,Theorem,timeout,na,2042,3280,270,3280,97,0,0,1,0,
no_demodulation,NUM/NUM704^4.p,TH0,Theorem,timeout,na,2372,13,1,13,1,0,0,0,0,
no_demodulation,NUM/NUM705^1.p,TH0,Theorem,timeout,na,2060,2009,76,2009,213,39,0,0,0,
no_demodulation,NUM/NUM705^4.p,TH0,Theorem,timeout,na,2373,13,1,13,1,0,0,0,0,
no_demodulation,NUM/NUM706^1.p,TH0,Theorem,timeout,na,2002,71,2,71,5,3,0,2,0,
no_demodulation,NUM/NUM706^4.p,TH0,Theorem,timeout,na,2381,14,1,14,1,0,0,0,0,
no_demodulation,NUM/NUM707^1.p,TH0,Theorem,timeout,na,2004,73,3,73,5,3,0,2,0,
no_demodulation,NUM/NUM707^4.p,TH0,ContradictoryAxioms,timeout,na,2384,0,0,0,1,0,0,0,0,
no_demodulation,NUM/NUM708^1.p,TH0,Theorem,timeout,na,2003,71,2,71,5,3,0,2,0,
no_demodulation,NUM/NUM708^4.p,TH0,Theorem,timeout,na,2383,14,1,14,1,0,0,0,0,
no_demodulation,NUM/NUM709^1.p,TH0,Theorem,timeout,na,2003,73,3,73,5,3,0,2,0,
no_demodulation,NUM/NUM709^4.p,TH0,ContradictoryAxioms,timeout,na,2387,0,0,0,1,0,0,0,0,
no_demodulation,NUM/NUM710^1.p,TH0,Theorem,timeout,na,2048,2323,163,2323,126,0,0,1,0,
no_demodulation,NUM/NUM710^4.p,TH0,Theorem,timeout,na,2389,0,0,0,1,0,0,0,0,
no_demodulation,NUM/NUM711^1.p,TH0,Theorem,timeout,na,2053,2412,178,2412,107,0,0,1,0,
no_demodulation,NUM/NUM711^4.p,TH0,Theorem,timeout,na,2388,0,0,0,1,0,0,0,0,
no_demodulation,NUM/NUM712^1.p,TH0,Theorem,timeout,na,2065,2732,222,2732,86,0,0,1,0,
no_demodulation,NUM/NUM712^4.p,TH0,Theorem,timeout,na,2396,0,0,0,1,0,0,0,0,
no_demodulation,NUM/NUM713^1.p,TH0,Theorem,timeout,na,2035,1896,102,1896,117,8,0,4,0,
no_demodulation,NUM/NUM713^4.p,TH0,Theorem,timeout,na,2396,0,0,0,1,0,0,0,0,
no_demodulation,NUM/NUM721^1.p,TH0,Theorem,timeout,na,2050,2350,124,2350,187,22,0,0,0,
no_demodulation,NUM/NUM721^4.p,TH0,Theorem,timeout,na,2429,0,0,0,1,0,0,0,0,
no_demodulation,NUM/NUM726^1.p,TH0,Theorem,timeout,na,2003,59,1,59,5,3,0,2,0,
no_demodulation,NUM/NUM726^4.p,TH0,Theorem,timeout,na,2478,0,0,0,1,0,0,0,0,
no_demodulation,NUM/NUM727^1.p,TH0,Theorem,timeout,na,2050,1897,68,1897,171,49,0,1,0,
no_demodulation,NUM/NUM727^4.p,TH0,Theorem,timeout,na,2479,0,0,0,1,0,0,0,0,
no_demodulation,NUM/NUM728^1.p,TH0,Theorem,thm,yes,15,10,0,10,2,0,0,1,1,
no_demodulation,NUM/NUM728^4.p,TH0,Theorem,timeout,na,2482,0,0,0,1,0,0,0,0,
no_demodulation,NUM/NUM729^1.p,TH0,Theorem,thm,yes,17,12,0,12,2,0,0,1,1,
no_demodulation,NUM/NUM729^4.p,TH0,Theorem,timeout,na,2504,0,0,0,1,0,0,0,0,
no_demodulation,NUM/NUM730^1.p,TH0,Theorem,timeout,na,2280,6495,0,6345,220,542,0,0,0,
no_demodulation,NUM/NUM730^4.p,TH0,Theorem,timeout,na,2488,0,0,0,1,0,0,0,0,
no_demodulation,NUM/NUM736^1.p,TH0,Theorem,thm,yes,12,9,0,9,2,0,0,1,1,
no_demodulation,NUM/NUM736^4.p,TH0,Theorem,timeout,na,2513,0,0,0,1,0,0,0,0,
no_demodulation,NUM/NUM737^1.p,TH0,Theorem,timeout,na,2096,2166,53,2166,398,19,0,1,0,
no_demodulation,NUM/NUM737^4.p,TH0,Theorem,timeout,na,2497,0,0,0,1,0,0,0,0,
no_demodulation,NUM/NUM738^1.p,TH0,Theorem,timeout,na,2178,5735,200,5735,1137,296,0,3,0,
no_demodulation,NUM/NUM738^4.p,TH0,Theorem,timeout,na,2508,0,0,0,1,0,0,0,0,
no_demodulation,NUM/NUM739^1.p,TH0,Theorem,timeout,na,2382,6038,40,6038,2287,0,0,1,0,
no_demodulation,NUM/NUM739^4.p,TH0,Theorem,timeout,na,2512,0,0,0,1,0,0,0,0,
no_demodulation,NUM/NUM740^1.p,TH0,Theorem,thm,yes,25,70,0,70,13,0,0,1,1,
no_demodulation,NUM/NUM740^4.p,TH0,Theorem,timeout,na,2528,0,0,0,1,0,0,0,0,
no_demodulation,NUM/NUM741^1.p,TH0,Theorem,timeout,na,2226,3404,90,3404,807,56,0,3,0,
no_demodulation,NUM/NUM741^4.p,TH0,Theorem,timeout,na,2558,0,0,0,1,0,0,0,0,
no_demodulation,NUM/NUM742^1.p,TH0,Theorem,timeout,na,2256,5011,66,5011,1784,70,0,1,0,
no_demodulation,NUM/NUM742^4.p,TH0,Theorem,timeout,na,2553,0,0,0,1,0,0,0,0,
no_demodulation,NUM/NUM743^1.p,TH0,Theorem,timeout,na,2174,5177,154,5177,1257,129,0,2,0,
no_demodulation,NUM/NUM743^4.p,TH0,Theorem,timeout,na,2522,0,0,0,1,0,0,0,0,
no_demodulation,NUM/NUM746^1.p,TH0,Theorem,timeout,na,2215,4445,74,4445,1271,93,0,1,0,
no_demodulation,NUM/NUM746^4.p,TH0,Theorem,timeout,na,2538,0,0,0,1,0,0,0,0,
no_demodulation,NUM/NUM747^1.p,TH0,Theorem,thm,yes,17,13,0,13,2,0,0,1,1,
no_demodulation,NUM/NUM747^4.p,TH0,Theorem,timeout,na,2584,0,0,0,1,0,0,0,0,
no_demodulation,NUM/NUM748^1.p,TH0,Theorem,timeout,na,2031,2260,161,2260,83,10,0,4,0,
no_demodulation,NUM/NUM748^4.p,TH0,Theorem,timeout,na,2584,0,0,0,1,0,0,0,0,
no_demodulation,NUM/NUM749^1.p,TH0,Theorem,thm,yes,10,10,0,10,2,0,0,1,1,
no_demodulation,NUM/NUM749^4.p,TH0,Theorem,timeout,na,2584,0,0,0,1,0,0,0,0,
no_demodulation,NUM/NUM750^1.p,TH0,Theorem,thm,yes,34,26,0,26,3,0,0,3,1,
no_demodulation,NUM/NUM750^4.p,TH0,Theorem,timeout,na,2592,0,0,0,1,0,0,0,0,
no_demodulation,NUM/NUM751^1.p,TH0,Theorem,timeout,na,2180,3371,87,3371,798,26,0,3,0,
no_demodulation,NUM/NUM751^4.p,TH0,Theorem,timeout,na,2556,0,0,0,1,0,0,0,0,
no_demodulation,NUM/NUM752^1.p,TH0,Theorem,thm,yes,27,20,0,20,3,0,0,2,1,
no_demodulation,NUM/NUM752^4.p,TH0,Theorem,timeout,na,2600,0,0,0,1,0,0,0,0,
no_demodulation,NUM/NUM753^1.p,TH0,Theorem,timeout,na,2264,4096,59,4096,1383,0,0,4,0,
no_demodulation,NUM/NUM753^4.p,TH0,Theorem,timeout,na,2603,0,0,0,1,0,0,0,0,
no_demodulation,NUM/NUM754^1.p,TH0,Theorem,timeout,na,2366,4211,37,4211,1723,0,0,4,0,
no_demodulation,NUM/NUM754^4.p,TH0,Theorem,timeout,na,2598,0,0,0,1,0,0,0,0,
no_demodulation,NUM/NUM755^1.p,TH0,Theorem,timeout,na,2139,4733,94,4733,949,98,0,1,0,
no_demodulation,NUM/NUM755^4.p,TH0,Theorem,timeout,na,2573,0,0,0,1,0,0,0,0,
no_demodulation,NUM/NUM756^1.p,TH0,Theorem,timeout,na,2171,4848,10,4848,1263,8,0,3,0,
no_demodulation,NUM/NUM756^4.p,TH0,Theorem,timeout,na,2605,0,0,0,1,0,0,0,0,
no_demodulation,NUM/NUM757^1.p,TH0,Theorem,timeout,na,2152,4701,72,4701,1001,125,0,1,0,
no_demodulation,NUM/NUM757^4.p,TH0,Theorem,timeout,na,2578,0,0,0,1,0,0,0,0,
no_demodulation,NUM/NUM758^1.p,TH0,Theorem,timeout,na,2189,3501,78,3501,922,20,0,3,0,
no_demodulation,NUM/NUM758^4.p,TH0,Theorem,timeout,na,2617,0,0,0,1,0,0,0,0,
no_demodulation,NUM/NUM759^1.p,TH0,Theorem,timeout,na,2240,3963,107,3963,959,0,0,3,0,
no_demodulation,NUM/NUM759^4.p,TH0,Theorem,timeout,na,2620,0,0,0,1,0,0,0,0,
no_demodulation,NUM/NUM760^1.p,TH0,Theorem,timeout,na,2210,4730,104,4730,1248,14,0,2,0,
no_demodulation,NUM/NUM760^4.p,TH0,Theorem,timeout,na,2618,0,0,0,1,0,0,0,0,
no_demodulation,NUM/NUM761^1.p,TH0,Theorem,timeout,na,2192,4148,98,4148,1136,42,0,1,0,
no_demodulation,NUM/NUM761^4.p,TH0,Theorem,timeout,na,2630,0,0,0,1,0,0,0,0,
no_demodulation,NUM/NUM762^1.p,TH0,Theorem,timeout,na,2271,4248,65,4248,1411,0,0,2,0,
no_demodulation,NUM/NUM762^4.p,TH0,Theorem,timeout,na,2602,0,0,0,1,0,0,0,0,
no_demodulation,NUM/NUM765^1.p,TH0,Theorem,timeout,na,2151,2903,43,2903,831,43,0,1,0,
no_demodulation,NUM/NUM765^4.p,TH0,Theorem,timeout,na,2635,0,0,0,1,0,0,0,0,
no_demodulation,NUM/NUM766^1.p,TH0,Theorem,timeout,na,2049,1477,87,1477,96,12,0,1,0,
no_demodulation,NUM/NUM766^4.p,TH0,Theorem,timeout,na,2649,0,0,0,1,0,0,0,0,
no_demodulation,NUM/NUM767^1.p,TH0,Theorem,timeout,na,2422,6259,31,6259,2236,0,0,3,0,
no_demodulation,NUM/NUM767^4.p,TH0,Theorem,timeout,na,2639,0,0,0,1,0,0,0,0,
no_demodulation,NUM/NUM768^1.p,TH0,Theorem,timeout,na,2193,2779,31,2779,867,0,0,2,0,
no_demodulation,NUM/NUM768^4.p,TH0,Theorem,timeout,na,2650,0,0,0,1,0,0,0,0,
no_demodulation,NUM/NUM769^1.p,TH0,Theorem,thm,yes,24,36,0,36,4,0,0,1,1,
no_demodulation,NUM/NUM769^4.p,TH0,Theorem,timeout,na,2630,0,0,0,1,0,0,0,0,
no_demodulation,NUM/NUM770^1.p,TH0,Theorem,timeout,na,2143,4231,89,4231,1051,95,0,1,0,
no_demodulation,NUM/NUM770^4.p,TH0,Theorem,timeout,na,2615,0,0,0,1,0,0,0,0,
no_demodulation,NUM/NUM771^1.p,TH0,Theorem,timeout,na,2047,2290,138,2290,124,5,0,5,0,
no_demodulation,NUM/NUM771^4.p,TH0,Theorem,timeout,na,2659,0,0,0,1,0,0,0,0,
no_demodulation,NUM/NUM781^1.p,TH0,Theorem,thm,yes,1581,69,2,69,5,3,0,2,1,
no_demodulation,NUM/NUM781^2.p,TH0,Theorem,timeout,na,2002,87,4,87,5,3,0,4,0,
no_demodulation,NUM/NUM781^3.p,TH0,Theorem,timeout,na,2002,76,2,76,5,3,0,4,0,
no_demodulation,NUM/NUM781^4.p,TH0,Theorem,timeout,na,2750,14,1,14,1,0,0,0,0,
no_demodulation,NUM/NUM782^1.p,TH0,Theorem,timeout,na,2065,2609,59,2609,350,17,0,2,0,
no_demodulation,NUM/NUM782^4.p,TH0,Theorem,timeout,na,2702,14,1,14,1,0,0,0,0,
no_demodulation,NUM/NUM783^1.p,TH0,Theorem,timeout,na,2287,10113,2,10113,189,684,0,0,0,
no_demodulation,NUM/NUM783^4.p,TH0,Theorem,timeout,na,2703,0,0,0,1,0,0,0,0,
no_demodulation,NUM/NUM784^1.p,TH0,Theorem,thm,yes,47,48,0,48,7,2,0,1,1,
no_demodulation,NUM/NUM784^4.p,TH0,Theorem,timeout,na,2719,0,0,0,1,0,0,0,0,
no_demodulation,NUM/NUM785^1.p,TH0,Theorem,thm,yes,51,53,0,53,7,2,0,1,1,
no_demodulation,NUM/NUM785^4.p,TH0,Theorem,timeout,na,2717,0,0,0,1,0,0,0,0,
no_demodulation,NUM/NUM786^1.p,TH0,Theorem,thm,yes,16,17,0,17,3,0,0,1,1,
no_demodulation,NUM/NUM786^4.p,TH0,Theorem,timeout,na,2711,0,0,0,1,0,0,0,0,
no_demodulation,NUM/NUM787^1.p,TH0,Theorem,thm,yes,16,17,0,17,3,0,0,1,1,
no_demodulation,NUM/NUM787^4.p,TH0,Theorem,timeout,na,2718,0,0,0,1,0,0,0,0,
no_demodulation,NUM/NUM788^1.p,TH0,Theorem,thm,yes,51,51,0,51,6,2,0,1,1,
no_demodulation,NUM/NUM788^4.p,TH0,Theorem,timeout,na,2729,0,0,0,1,0,0,0,0,
no_demodulation,NUM/NUM789^1.p,TH0,Theorem,thm,yes,49,52,2,52,6,2,0,1,1,
no_demodulation,NUM/NUM789^4.p,TH0,Theorem,timeout,na,2725,0,0,0,1,0,0,0,0,
no_demodulation,NUM/NUM790^1.p,TH0,Theorem,thm,yes,14,18,0,18,3,0,0,1,1,
no_demodulation,NUM/NUM790^4.p,TH0,Theorem,timeout,na,2722,0,0,0,1,0,0,0,0,
no_demodulation,NUM/NUM791^1.p,TH0,Theorem,thm,yes,13,16,0,16,3,0,0,1,1,
no_demodulation,NUM/NUM791^4.p,TH0,Theorem,timeout,na,2723,0,0,0,1,0,0,0,0,
no_demodulation,NUM/NUM792^1.p,TH0,Theorem,timeout,na,2090,7657,573,7657,652,67,0,3,0,
no_demodulation,NUM/NUM792^4.p,TH0,Theorem,timeout,na,2724,0,0,0,1,0,0,0,0,
no_demodulation,NUM/NUM793^1.p,TH0,Theorem,timeout,na,2077,7424,558,7424,545,62,0,2,0,
no_demodulation,NUM/NUM793^4.p,TH0,Theorem,timeout,na,2754,0,0,0,1,0,0,0,0,
no_demodulation,NUM/NUM795^1.p,TH0,Theorem,timeout,na,2135,6352,334,6352,983,47,0,1,0,
no_demodulation,NUM/NUM795^4.p,TH0,Theorem,timeout,na,2780,0,0,0,1,0,0,0,0,
no_demodulation,NUM/NUM796^1.p,TH0,Theorem,timeout,na,2112,5703,301,5703,761,77,0,2,0,
no_demodulation,NUM/NUM796^4.p,TH0,Theorem,timeout,na,2799,0,0,0,1,0,0,0,0,
no_demodulation,NUM/NUM797^1.p,TH0,Theorem,timeout,na,2058,2612,95,2612,293,5,0,1,0,
no_demodulation,NUM/NUM797^4.p,TH0,Theorem,timeout,na,2234,14,1,14,1,0,0,0,0,
no_demodulation,NUM/NUM798^1.p,TH0,Theorem,timeout,na,2025,17,0,17,2,0,0,0,0,
no_demodulation,NUM/NUM799^1.p,TH0,Theorem,timeout,na,2026,17,0,17,2,0,0,0,0,
no_demodulation,NUM/NUM800^1.p,TH0,Theorem,timeout,na,2033,76,2,76,6,1,0,0,0,
no_demodulation,NUM/NUM801^1.p,TH0,Theorem,timeout,na,2034,19,1,19,2,0,0,0,0,
no_demodulation,NUM/NUM802^5.p,TH0,Theorem,timeout,na,2115,3931,32,3931,597,27,0,2,0,
no_demodulation,NUM/NUM803^5.p,TH0,CounterSatisfiable,csa,yes,11,10,0,10,2,0,1,0,0,C[YZL0N] (c_star C[1K0KAR] c0)  ¬(C[YZL0N] c0)
no_demodulation,NUM/NUM804^5.p,TH0,CounterSatisfiable,csa,yes,10,10,0,10,2,0,1,0,0,C[25NB0J] (c_plus C[21Z3M3] c0)  ¬(C[25NB0J] C[21Z3M3])
no_demodulation,NUM/NUM805^5.p,TH0,CounterSatisfiable,csa,yes,14,9,0,9,2,0,1,0,0,C[BBZ90] (c_plus C[1CHFTQ] (cS C[VT5WK]))  ¬(C[BBZ90] (cS (c_plus C[1CHFTQ] C[VT5WK])))
no_demodulation,NUM/NUM806^5.p,TH0,CounterSatisfiable,csa,yes,15,9,0,9,2,0,1,0,0,C[P21K9] (c_star C[1NXC3J] (cS C[1VCQ35]))  ¬(C[P21K9] (c_plus (c_star C[1NXC3J] C[1VCQ35]) C[1NXC3J]))
no_demodulation,NUM/NUM807^5.p,TH0,CounterSatisfiable,timeout,na,2063,2714,77,2714,323,37,0,2,0,
no_demodulation,NUM/NUM808^5.p,TH0,Theorem,timeout,na,2034,2166,138,2166,124,12,0,6,0,
no_demodulation,NUM/NUM809^5.p,TH0,Theorem,timeout,na,2072,2444,95,2444,294,0,0,2,0,
no_demodulation,NUM/NUM810^5.p,TH0,Theorem,timeout,na,2091,2454,102,2454,319,0,0,2,0,
no_demodulation,NUM/NUM811^5.p,TH0,Theorem,timeout,na,2052,2210,121,2210,160,0,0,2,0,
no_demodulation,NUM/NUM812^5.p,TH0,Theorem,timeout,na,2048,2685,145,2685,204,0,0,2,0,
no_demodulation,NUM/NUM813^5.p,TH0,Theorem,timeout,na,2051,2376,116,2376,128,64,0,5,0,
no_demodulation,NUM/NUM814^5.p,TH0,Theorem,timeout,na,2050,2631,153,2631,187,0,0,2,0,
no_demodulation,NUM/NUM815^5.p,TH0,Theorem,timeout,na,2052,2801,161,2801,176,0,0,2,0,
no_demodulation,NUM/NUM816^5.p,TH0,Theorem,timeout,na,2038,2489,148,2489,168,0,0,1,0,
no_demodulation,NUM/NUM817^5.p,TH0,Theorem,timeout,na,2041,2655,169,2655,172,0,0,1,0,
no_demodulation,NUM/NUM818^5.p,TH0,CounterSatisfiable,timeout,na,2034,470,12,470,75,1,0,1,0,
no_demodulation,NUM/NUM819^5.p,TH0,Unknown,timeout,na,2081,2026,47,2026,323,34,0,5,0,
no_demodulation,NUM/NUM821^5.p,TH0,Unknown,timeout,na,2056,2186,79,2186,151,62,0,5,0,
no_demodulation,NUM/NUM822^5.p,TH0,Unknown,timeout,na,2067,2582,68,2582,333,51,0,2,0,
no_demodulation,NUM/NUM823^5.p,TH0,Unknown,timeout,na,2063,2406,71,2406,300,69,0,4,0,
no_demodulation,NUM/NUM824^5.p,TH0,Theorem,timeout,na,2022,756,39,756,55,16,0,4,0,
no_demodulation,NUM/NUM825^5.p,TH0,Theorem,timeout,na,2027,874,40,874,55,39,0,1,0,
no_demodulation,NUM/NUM826^5.p,TH0,Theorem,timeout,na,2029,490,31,490,34,0,0,2,0,
no_demodulation,NUM/NUM827^5.p,TH0,Theorem,timeout,na,2068,2582,100,2582,259,55,0,1,0,
no_demodulation,NUM/NUM828^5.p,TH0,Theorem,timeout,na,2065,2567,97,2567,257,56,0,1,0,
no_demodulation,NUM/NUM829^5.p,TH0,Theorem,timeout,na,2075,2471,69,2471,285,65,0,1,0,
no_demodulation,NUM/NUM830^5.p,TH0,Theorem,timeout,na,2035,1070,31,1070,112,21,0,3,0,
no_demodulation,NUM/NUM831^5.p,TH0,Unknown,timeout,na,2055,2186,99,2186,192,0,0,1,0,
no_demodulation,NUM/NUM832^5.p,TH0,Theorem,timeout,na,2050,1942,120,1942,138,0,0,1,0,
no_demodulation,NUM/NUM833^5.p,TH0,Unknown,timeout,na,2044,1294,48,1294,119,26,0,1,0,
no_demodulation,NUM/NUM834^5.p,TH0,Unknown,timeout,na,2042,461,13,461,40,8,0,1,0,
no_demodulation,NUM/NUM863^1.p,TH0,Theorem,timeout,na,2155,1983,4,1983,270,0,0,0,0,
no_demodulation,NUM/NUM923^1.p,TH0,Theorem,timeout,na,2159,2113,157,2113,82,0,0,1,0,
no_demodulation,NUM/NUM923^2.p,TH1,Theorem,parser_error,na,0,,,,,,,,,cached: Failed to parse formula 'fact_81_split__paired__Ex': [byte:26352] Type Error: Cannot unify strict function types of different arities.
no_demodulation,NUM/NUM923^3.p,TH1,Theorem,parser_error,na,0,,,,,,,,,cached: Failed to parse formula 'fact_125_split__paired__Ex': [byte:41018] Type Error: Cannot unify strict function types of different arities.
no_demodulation,NUM/NUM923^4.p,TH1,Theorem,parser_error,na,0,,,,,,,,,cached: Failed to parse formula 'fact_158_split__paired__All': [byte:93412] Type Error: Cannot unify strict function types of different arities.
no_demodulation,NUM/NUM924^1.p,TH0,ContradictoryAxioms,timeout,na,2860,5262,16,5262,524,0,0,0,0,
no_demodulation,NUM/NUM924^2.p,TH0,Theorem,timeout,na,2753,837,83,837,1,0,0,0,0,
no_demodulation,NUM/NUM924^3.p,TH0,ContradictoryAxioms,timeout,na,3383,731,73,731,1,0,0,0,0,
no_demodulation,NUM/NUM924^4.p,TH1,Theorem,parser_error,na,0,,,,,,,,,cached: Failed to parse formula 'fact_2709_ex__nat': [byte:738104] Type Error: Cannot unify strict function types of different arities.
no_demodulation,NUM/NUM925^1.p,TH0,Theorem,timeout,na,2799,6586,11,6586,256,0,0,0,0,
no_demodulation,NUM/NUM925^2.p,TH0,Theorem,timeout,na,2597,884,88,884,1,0,0,0,0,
no_demodulation,NUM/NUM925^3.p,TH0,Theorem,timeout,na,3253,739,73,739,1,0,0,0,0,
no_demodulation,NUM/NUM925^4.p,TH1,Theorem,parser_error,na,0,,,,,,,,,cached: Failed to parse formula 'fact_2744_ex__nat': [byte:691477] Type Error: Cannot unify strict function types of different arities.
no_demodulation,NUM/NUM926^1.p,TH0,Theorem,timeout,na,2212,1437,81,1437,136,2,0,1,0,
no_demodulation,NUM/NUM926^2.p,TH0,Theorem,timeout,na,2702,848,84,848,1,0,0,0,0,
no_demodulation,NUM/NUM926^3.p,TH0,Theorem,timeout,na,3379,741,74,741,1,0,0,0,0,
no_demodulation,NUM/NUM926^4.p,TH1,Theorem,parser_error,na,0,,,,,,,,,cached: Failed to parse formula 'fact_2727_ex__nat': [byte:747317] Type Error: Cannot unify strict function types of different arities.
no_demodulation,NUN/NUN021^1.p,TH0,Satisfiable,no_conjecture,na,19,,,,,,,,,
no_demodulation,NUN/NUN022^1.p,TH0,Satisfiable,timeout,na,2005,1068,126,1068,1,0,0,0,0,
no_demodulation,NUN/NUN023^1.p,TH0,Theorem,timeout,na,2056,2455,101,2455,231,11,0,2,0,
no_demodulation,NUN/NUN023^2.p,TH0,Theorem,timeout,na,2066,2463,110,2463,229,11,0,2,0,
no_demodulation,NUN/NUN024^1.p,TH0,Theorem,timeout,na,2059,2683,137,2683,236,26,0,1,0,
no_demodulation,NUN/NUN024^2.p,TH0,Theorem,timeout,na,2059,2661,145,2661,199,22,0,1,0,
no_demodulation,NUN/NUN025^1.p,TH0,Theorem,timeout,na,2062,2771,100,2771,259,28,0,1,0,
no_demodulation,NUN/NUN025^2.p,TH0,Theorem,timeout,na,2050,2695,151,2695,162,34,0,1,0,
no_demodulation,NUN/NUN025^3.p,TH0,Theorem,timeout,na,2069,2645,119,2645,250,27,0,1,0,
no_demodulation,NUN/NUN026^1.p,TH1,Theorem,parse_timeout,na,0,,,,,,,,,cached: parse exceeded 5000ms
no_demodulation,NUN/NUN027^1.p,TH1,Theorem,parse_timeout,na,0,,,,,,,,,cached: parse exceeded 5000ms
no_demodulation,NUN/NUN028^1.p,TH1,Theorem,parse_timeout,na,0,,,,,,,,,cached: parse exceeded 5000ms
no_demodulation,NUN/NUN029^1.p,TH1,Theorem,parse_timeout,na,0,,,,,,,,,cached: parse exceeded 5000ms
no_demodulation,NUN/NUN030^1.p,TH1,Theorem,parse_timeout,na,0,,,,,,,,,cached: parse exceeded 5000ms
no_demodulation,NUN/NUN031^1.p,TH1,Theorem,parse_timeout,na,0,,,,,,,,,cached: parse exceeded 5000ms
no_demodulation,NUN/NUN032^1.p,TH1,Theorem,parse_timeout,na,0,,,,,,,,,cached: parse exceeded 5000ms
no_demodulation,NUN/NUN033^1.p,TH1,Theorem,parse_timeout,na,0,,,,,,,,,cached: parse exceeded 5000ms
no_demodulation,NUN/NUN034^1.p,TH1,Theorem,parse_timeout,na,0,,,,,,,,,cached: parse exceeded 5000ms
no_demodulation,NUN/NUN035^1.p,TH1,Theorem,parse_timeout,na,0,,,,,,,,,cached: parse exceeded 5000ms
no_demodulation,NUN/NUN036^1.p,TH1,Theorem,parse_timeout,na,0,,,,,,,,,cached: parse exceeded 5000ms
no_demodulation,NUN/NUN037^1.p,TH1,Theorem,parse_timeout,na,0,,,,,,,,,cached: parse exceeded 5000ms
no_demodulation,NUN/NUN038^1.p,TH1,Theorem,parse_timeout,na,0,,,,,,,,,cached: parse exceeded 5000ms
no_demodulation,NUN/NUN039^1.p,TH1,Theorem,parse_timeout,na,0,,,,,,,,,cached: parse exceeded 5000ms
no_demodulation,NUN/NUN040^1.p,TH1,Theorem,parse_timeout,na,0,,,,,,,,,cached: parse exceeded 5000ms
no_demodulation,NUN/NUN041^1.p,TH1,Theorem,parse_timeout,na,0,,,,,,,,,cached: parse exceeded 5000ms
no_demodulation,NUN/NUN042^1.p,TH1,Theorem,parse_timeout,na,0,,,,,,,,,cached: parse exceeded 5000ms
no_demodulation,NUN/NUN043^1.p,TH1,Theorem,parse_timeout,na,0,,,,,,,,,cached: parse exceeded 5000ms
no_demodulation,NUN/NUN044^1.p,TH1,Theorem,parse_timeout,na,0,,,,,,,,,cached: parse exceeded 5000ms
no_demodulation,NUN/NUN045^1.p,TH1,Theorem,parse_timeout,na,0,,,,,,,,,cached: parse exceeded 5000ms
no_demodulation,NUN/NUN046^1.p,TH1,ContradictoryAxioms,timeout,na,2071,2250,72,2250,147,45,0,0,0,
no_demodulation,NUN/NUN047^1.p,TH1,ContradictoryAxioms,timeout,na,2031,1452,77,1452,90,13,0,1,0,
no_demodulation,NUN/NUN048^1.p,TH1,Theorem,timeout,na,2137,4185,89,4185,187,85,0,0,0,
no_demodulation,NUN/NUN049^1.p,TH1,Theorem,timeout,na,2047,2100,129,2100,122,6,0,1,0,
no_demodulation,NUN/NUN050^1.p,TH1,Theorem,timeout,na,2055,2052,129,2048,117,6,0,1,0,
no_demodulation,NUN/NUN051^1.p,TH1,Theorem,timeout,na,2062,1243,33,1243,140,34,0,1,0,
no_demodulation,NUN/NUN052^1.p,TH1,CounterSatisfiable,timeout,na,2077,2082,117,2082,172,0,0,1,0,
no_demodulation,NUN/NUN053^4.p,TH0,Satisfiable,no_conjecture,na,1821,,,,,,,,,
no_demodulation,NUN/NUN093^1.p,TH0,Unknown,timeout,na,3635,0,0,0,1,0,0,0,0,
no_demodulation,NUN/NUN094^1.p,TH0,Unknown,timeout,na,3638,0,0,0,1,0,0,0,0,
no_demodulation,NUN/NUN095^1.p,TH0,Unknown,timeout,na,3502,0,0,0,1,0,0,0,0,
no_demodulation,NUN/NUN096^1.p,TH0,Unknown,timeout,na,3513,0,0,0,1,0,0,0,0,
no_demodulation,NUN/NUN097^1.p,TH0,Unknown,timeout,na,2911,0,0,0,1,0,0,0,0,
no_demodulation,NUN/NUN098^1.p,TH0,Unknown,timeout,na,2895,0,0,0,1,0,0,0,0,
no_demodulation,NUN/NUN099^1.p,TH0,Unknown,timeout,na,3325,0,0,0,1,0,0,0,0,
no_demodulation,NUN/NUN100^1.p,TH0,Unknown,timeout,na,3327,0,0,0,1,0,0,0,0,
no_demodulation,NUN/NUN101^1.p,TH0,Unknown,timeout,na,3187,0,0,0,1,0,0,0,0,
no_demodulation,NUN/NUN102^1.p,TH0,Unknown,timeout,na,3187,0,0,0,1,0,0,0,0,
no_demodulation,NUN/NUN103^1.p,TH0,Unknown,timeout,na,2833,0,0,0,1,0,0,0,0,
no_demodulation,NUN/NUN104^1.p,TH0,Unknown,timeout,na,2839,0,0,0,1,0,0,0,0,
no_demodulation,NUN/NUN105^1.p,TH0,Unknown,timeout,na,3277,0,0,0,1,0,0,0,0,
no_demodulation,NUN/NUN106^1.p,TH0,Unknown,timeout,na,3249,0,0,0,1,0,0,0,0,
no_demodulation,NUN/NUN107^1.p,TH0,Unknown,timeout,na,3275,0,0,0,1,0,0,0,0,
no_demodulation,NUN/NUN108^1.p,TH0,Unknown,timeout,na,3238,0,0,0,1,0,0,0,0,
no_demodulation,NUN/NUN109^1.p,TH0,Unknown,timeout,na,2596,0,0,0,1,0,0,0,0,
no_demodulation,NUN/NUN110^1.p,TH0,Unknown,timeout,na,2597,0,0,0,1,0,0,0,0,
no_demodulation,NUN/NUN111^1.p,TH0,Unknown,timeout,na,3541,0,0,0,1,0,0,0,0,
no_demodulation,NUN/NUN112^1.p,TH0,Unknown,timeout,na,3559,0,0,0,1,0,0,0,0,
no_demodulation,NUN/NUN113^1.p,TH0,Unknown,timeout,na,3195,0,0,0,1,0,0,0,0,
no_demodulation,NUN/NUN114^1.p,TH0,Unknown,timeout,na,3190,0,0,0,1,0,0,0,0,
no_demodulation,NUN/NUN115^1.p,TH0,Unknown,timeout,na,4008,0,0,0,1,0,0,0,0,
no_demodulation,NUN/NUN116^1.p,TH0,Unknown,timeout,na,3976,0,0,0,1,0,0,0,0,
no_demodulation,NUN/NUN117^1.p,TH0,Unknown,timeout,na,3632,0,0,0,1,0,0,0,0,
no_demodulation,NUN/NUN118^1.p,TH0,Unknown,timeout,na,3630,0,0,0,1,0,0,0,0,
no_demodulation,NUN/NUN119^1.p,TH0,Unknown,timeout,na,3348,0,0,0,1,0,0,0,0,
no_demodulation,NUN/NUN120^1.p,TH0,Unknown,timeout,na,3350,0,0,0,1,0,0,0,0,
no_demodulation,NUN/NUN121^1.p,TH0,Unknown,timeout,na,3241,0,0,0,1,0,0,0,0,
no_demodulation,NUN/NUN122^1.p,TH0,Unknown,timeout,na,3218,0,0,0,1,0,0,0,0,
no_demodulation,NUN/NUN123^1.p,TH0,Unknown,timeout,na,4201,0,0,0,1,0,0,0,0,
no_demodulation,NUN/NUN124^1.p,TH0,Unknown,timeout,na,4208,0,0,0,1,0,0,0,0,
no_demodulation,NUN/NUN125^1.p,TH0,Unknown,timeout,na,2974,0,0,0,1,0,0,0,0,
no_demodulation,NUN/NUN126^1.p,TH0,Unknown,timeout,na,2970,0,0,0,1,0,0,0,0,
no_demodulation,NUN/NUN127^1.p,TH0,Unknown,timeout,na,3374,0,0,0,1,0,0,0,0,
no_demodulation,NUN/NUN128^1.p,TH0,Unknown,timeout,na,3381,0,0,0,1,0,0,0,0,
no_demodulation,NUN/NUN129^1.p,TH0,Unknown,timeout,na,3509,0,0,0,1,0,0,0,0,
no_demodulation,NUN/NUN130^1.p,TH0,Unknown,timeout,na,3528,0,0,0,1,0,0,0,0,
no_demodulation,NUN/NUN131^1.p,TH0,Unknown,timeout,na,3679,0,0,0,1,0,0,0,0,
no_demodulation,NUN/NUN132^1.p,TH0,Unknown,timeout,na,3687,0,0,0,1,0,0,0,0,
no_demodulation,PHI/PHI001^1.p,TH0,Satisfiable,no_conjecture,na,43,,,,,,,,,
no_demodulation,PHI/PHI002^1.p,TH0,Theorem,timeout,na,2065,231,6,231,29,0,0,1,0,
no_demodulation,PHI/PHI002^2.p,TH0,Theorem,timeout,na,2060,408,22,408,38,4,0,1,0,
no_demodulation,PHI/PHI002^8.p,unknown,Theorem,parser_error,na,0,,,,,,,,,cached: Lexer failed to parse entire string. Unparsed: {$box} @ ( ! [X: $i] : ( ( Phi @ X ) => ( Psi @ X ) ) ) ) ) => ( positive @ Psi ) ) ). %----T1: Positive properties are possibly exemplified. thf(t1 conj
no_demodulation,PHI/PHI003^1.p,TH0,Theorem,timeout,na,2072,378,13,378,41,4,0,1,0,
no_demodulation,PHI/PHI003^2.p,TH0,Theorem,timeout,na,2057,685,37,685,59,0,0,1,0,
no_demodulation,PHI/PHI003^6.p,unknown,Theorem,parser_error,na,0,,,,,,,,,cached: Lexer failed to parse entire string. Unparsed: {$possible} @ ( ? [X: entity] : ( god_like @ X ) ) ) ). %------------------------------------------------------------------------------ 
no_demodulation,PHI/PHI003^7.p,unknown,CounterSatisfiable,parser_error,na,0,,,,,,,,,cached: Lexer failed to parse entire string. Unparsed: {$possible} @ ( ? [X: entity] : ( god_like @ X ) ) ) ). %------------------------------------------------------------------------------ 
no_demodulation,PHI/PHI003^8.p,unknown,Theorem,parser_error,na,0,,,,,,,,,cached: Lexer failed to parse entire string. Unparsed: {$box} @ ( ! [X: $i] : ( ( Phi @ X ) => ( Psi @ X ) ) ) ) ) => ( positive @ Psi ) ) ). %----D1: A God-like being possesses all positive properties. thf(d
no_demodulation,PHI/PHI004^1.p,TH0,Theorem,timeout,na,2071,571,26,571,51,0,0,1,0,
no_demodulation,PHI/PHI004^2.p,TH0,Theorem,timeout,na,2085,1159,35,1159,134,16,0,1,0,
no_demodulation,PHI/PHI004^4.p,TH0,Theorem,timeout,na,2056,1064,49,1064,111,16,0,1,0,
no_demodulation,PHI/PHI004^8.p,unknown,Theorem,parser_error,na,0,,,,,,,,,cached: Lexer failed to parse entire string. Unparsed: {$box} @ ( ! [X: $i] : ( ( Phi @ X ) => ( Psi @ X ) ) ) ) ) => ( positive @ Psi ) ) ). %----D1: A God-like being possesses all positive properties. thf(d
no_demodulation,PHI/PHI005^1.p,TH0,Theorem,timeout,na,2110,615,10,615,104,8,0,1,0,
no_demodulation,PHI/PHI005^10.p,unknown,Theorem,parser_error,na,0,,,,,,,,,cached: Lexer failed to parse entire string. Unparsed: {$necessary} @ ( ! [X: individual] : ( ( Phi @ X ) <=> ( ^ [Y: individual] : ( ( Phi @ Y ) & ~ ( Phi @ Y ) ) @ X ) ) ) ) => ( ( positive @ Phi ) <=> ( po
no_demodulation,PHI/PHI005^2.p,TH0,Theorem,timeout,na,2107,1882,33,1879,203,20,0,0,0,
no_demodulation,PHI/PHI005^3.p,TH0,CounterSatisfiable,timeout,na,2080,616,34,616,52,4,0,1,0,
no_demodulation,PHI/PHI005^4.p,TH0,Theorem,timeout,na,2055,965,27,965,105,16,0,1,0,
no_demodulation,PHI/PHI005^6.p,unknown,Theorem,parser_error,na,0,,,,,,,,,cached: Lexer failed to parse entire string. Unparsed: {$necessary} @ ( ? [X: entity] : ( god_like @ X ) ) ) ). %------------------------------------------------------------------------------ 
no_demodulation,PHI/PHI005^8.p,unknown,Theorem,parser_error,na,0,,,,,,,,,cached: Lexer failed to parse entire string. Unparsed: {$box} @ ( ! [X: $i] : ( ( Phi @ X ) => ( Psi @ X ) ) ) ) ) => ( positive @ Psi ) ) ). %----D1: A God-like being possesses all positive properties. thf(d
no_demodulation,PHI/PHI005^9.p,unknown,Theorem,parser_error,na,0,,,,,,,,,cached: Lexer failed to parse entire string. Unparsed: {$necessary} @ ( ! [X: individual] : ( ( Phi @ X ) <=> ( Psi @ X ) ) ) ) => ( ( positive @ Phi ) <=> ( positive @ Psi ) ) ) ). %----Contradictory propert
no_demodulation,PHI/PHI006^4.p,TH0,ContradictoryAxioms,timeout,na,2076,1433,98,1433,79,0,0,1,0,
no_demodulation,PHI/PHI006^5.p,TH0,ContradictoryAxioms,timeout,na,2077,748,38,748,53,4,0,1,0,
no_demodulation,PHI/PHI007^4.p,TH0,ContradictoryAxioms,timeout,na,2072,558,39,558,59,0,0,2,0,
no_demodulation,PHI/PHI007^5.p,TH0,ContradictoryAxioms,timeout,na,2047,940,55,940,88,0,0,2,0,
no_demodulation,PHI/PHI008^4.p,TH0,Theorem,timeout,na,2048,826,27,826,88,0,0,1,0,
no_demodulation,PHI/PHI043^1.p,TH0,Theorem,timeout,na,2058,280,7,280,39,4,0,2,0,
no_demodulation,PHI/PHI043^2.p,TH0,Theorem,timeout,na,2075,499,8,499,93,4,0,1,0,
no_demodulation,PHI/PHI045^10.p,unknown,Theorem,parser_error,na,0,,,,,,,,,cached: Lexer failed to parse entire string. Unparsed: {$necessary} @ ( ! [X: individual] : ( ( exists @ X ) => ( ( Phi @ X ) <=> ( ^ [Y: individual] : ( ( Phi @ Y ) & ~ ( Phi @ Y ) ) @ X ) ) ) ) ) => ( ( pos
no_demodulation,PHI/PHI045^6.p,TH0,Theorem,thm,yes,1232,1042,76,1042,44,9,0,1,1,
no_demodulation,PHI/PHI045^7.p,unknown,Theorem,parser_error,na,0,,,,,,,,,cached: Lexer failed to parse entire string. Unparsed: {$necessary} @ ( ! [X: individual] : ( ( Phi @ X ) <=> ( Psi @ X ) ) ) ) => ( ( positive @ Phi ) <=> ( positive @ Psi ) ) ) ). %----Contradictory propert
no_demodulation,PHI/PHI045^8.p,unknown,Theorem,parser_error,na,0,,,,,,,,,cached: Lexer failed to parse entire string. Unparsed: {$necessary} @ ( ! [X: individual] : ( ( Phi @ X ) <=> ( ^ [Y: individual] : ( ( Phi @ Y ) & ~ ( Phi @ Y ) ) @ X ) ) ) ) => ( ( positive @ Phi ) <=> ( po
no_demodulation,PHI/PHI045^9.p,unknown,Theorem,parser_error,na,0,,,,,,,,,cached: Lexer failed to parse entire string. Unparsed: {$necessary} @ ( ! [X: individual] : ( ( exists @ X ) => ( ( Phi @ X ) <=> ( Psi @ X ) ) ) ) ) => ( ( positive @ Phi ) <=> ( positive @ Psi ) ) ) ). %---
no_demodulation,PHI/PHI046^10.p,unknown,Theorem,parser_error,na,0,,,,,,,,,cached: Lexer failed to parse entire string. Unparsed: {$necessary} @ ( ! [X: individual] : ( ( exists @ X ) => ( ( Phi @ X ) <=> ( ^ [Y: individual] : ( ( Phi @ Y ) & ~ ( Phi @ Y ) ) @ X ) ) ) ) ) => ( ( pos
no_demodulation,PHI/PHI046^9.p,unknown,Theorem,parser_error,na,0,,,,,,,,,cached: Lexer failed to parse entire string. Unparsed: {$necessary} @ ( ! [X: individual] : ( ( exists @ X ) => ( ( Phi @ X ) <=> ( Psi @ X ) ) ) ) ) => ( ( positive @ Phi ) <=> ( positive @ Psi ) ) ) ). %---
no_demodulation,PLA/PLA032^7.p,TH0,Theorem,timeout,na,2279,4401,47,4401,192,256,0,0,0,
no_demodulation,PLA/PLA033^7.p,TH0,Theorem,timeout,na,2171,2413,106,2413,188,0,0,0,0,
no_demodulation,PLA/PLA053^15.p,TH0,CounterSatisfiable,timeout,na,2115,2913,54,2913,193,54,0,0,0,
no_demodulation,PLA/PLA053^18.p,TH0,Theorem,timeout,na,2170,3373,32,3373,192,214,0,0,0,
no_demodulation,PLA/PLA053^2.p,TH0,Theorem,timeout,na,2119,2992,82,2992,193,16,0,0,0,
no_demodulation,PLA/PLA053^4.p,TH0,Theorem,timeout,na,2138,3356,100,3356,183,36,0,0,0,
no_demodulation,PLA/PLA053^5.p,TH0,Theorem,timeout,na,2136,3232,93,3232,196,24,0,0,0,
no_demodulation,PLA/PLA054^4.p,TH0,Theorem,timeout,na,2098,1726,66,1726,237,0,0,0,0,
no_demodulation,PRO/PRO019^1.p,TH1,Theorem,timeout,na,3107,361,27,361,18,0,0,0,0,
no_demodulation,PRO/PRO020^1.p,TH1,Theorem,timeout,na,3513,100,10,100,1,0,0,0,0,
no_demodulation,PRO/PRO021^1.p,TH1,Theorem,timeout,na,3941,68,6,68,1,0,0,0,0,
no_demodulation,PRO/PRO022^1.p,TH1,Theorem,timeout,na,3224,149,14,149,1,0,0,0,0,
no_demodulation,PRO/PRO023^1.p,TH1,Theorem,timeout,na,4128,55,5,55,1,0,0,0,0,
no_demodulation,PRO/PRO024^1.p,TH1,Theorem,timeout,na,4575,36,3,36,1,0,0,0,0,
no_demodulation,PRO/PRO025^1.p,TH1,Theorem,timeout,na,4722,45,4,45,1,0,0,0,0,
no_demodulation,PRO/PRO026^1.p,TH1,Theorem,timeout,na,4677,44,4,44,1,0,0,0,0,
no_demodulation,PRO/PRO027^1.p,TH1,Theorem,timeout,na,4531,71,7,71,1,0,0,0,0,
no_demodulation,PRO/PRO028^1.p,TH1,Theorem,timeout,na,4521,76,7,76,1,0,0,0,0,
no_demodulation,PRO/PRO029^16.p,TH0,Theorem,timeout,na,2290,8595,36,8595,288,254,0,0,0,
no_demodulation,PUZ/PUZ031^5.p,TH0,Theorem,timeout,na,2192,1713,6,1713,111,0,0,0,0,
no_demodulation,PUZ/PUZ047^5.p,TH0,Theorem,timeout,na,2344,4732,3,4732,284,0,0,0,0,
no_demodulation,PUZ/PUZ081^1.p,TH0,Theorem,parser_error,na,0,,,,,,,,,cached: Failed to parse formula 'kk_6_6': [byte:2999] Type Error: Cannot unify strict function types of different arities.
no_demodulation,PUZ/PUZ081^2.p,TH0,Theorem,timeout,na,2043,940,10,929,165,23,0,0,0,
no_demodulation,PUZ/PUZ081^3.p,TH0,Theorem,timeout,na,2049,1898,7,1782,123,351,0,2,0,
no_demodulation,PUZ/PUZ082^1.p,TH0,Theorem,timeout,na,2470,1842,0,1703,8,422,0,0,0,
no_demodulation,PUZ/PUZ083^1.p,TH0,Theorem,timeout,na,2196,665,0,600,9,139,0,0,0,
no_demodulation,PUZ/PUZ084^1.p,TH0,Theorem,timeout,na,2239,6715,116,6715,253,195,0,0,0,
no_demodulation,PUZ/PUZ085^1.p,TH0,Theorem,timeout,na,2242,6380,165,6380,244,130,0,0,0,
no_demodulation,PUZ/PUZ086^1.p,TH0,Theorem,timeout,na,2282,3284,76,3284,236,0,0,0,0,
no_demodulation,PUZ/PUZ087^1.p,TH0,Theorem,timeout,na,2609,3151,10,3151,262,0,0,0,0,
no_demodulation,PUZ/PUZ087^2.p,TH0,Theorem,timeout,na,2526,2969,11,2969,335,0,0,0,0,
no_demodulation,PUZ/PUZ088^5.p,TH0,Theorem,thm,yes,13,18,0,18,2,0,0,2,1,
no_demodulation,PUZ/PUZ090^5.p,TH0,Theorem,thm,yes,193,1,0,1,1,1,0,0,0,
no_demodulation,PUZ/PUZ091^5.p,TH0,Theorem,thm,yes,357,1,0,1,1,1,0,0,0,
no_demodulation,PUZ/PUZ092^5.p,TH0,Theorem,timeout,na,2060,1429,53,1429,61,26,0,0,0,
no_demodulation,PUZ/PUZ093^5.p,TH0,Theorem,timeout,na,2036,15,1,15,2,0,0,0,0,
no_demodulation,PUZ/PUZ094^5.p,TH0,Theorem,timeout,na,2717,6008,5,6008,223,0,0,0,0,
no_demodulation,PUZ/PUZ095^5.p,TH0,CounterSatisfiable,timeout,na,2028,413,18,413,31,1,0,2,0,
no_demodulation,PUZ/PUZ096^5.p,TH0,CounterSatisfiable,timeout,na,2028,1,0,1,1,0,0,0,0,
no_demodulation,PUZ/PUZ097^5.p,TH0,CounterSatisfiable,timeout,na,2024,1,0,1,1,0,0,0,0,
no_demodulation,PUZ/PUZ098^5.p,TH0,Unknown,timeout,na,2027,2,0,2,1,0,0,0,0,
no_demodulation,PUZ/PUZ099^5.p,TH0,CounterSatisfiable,timeout,na,2043,2624,157,2624,176,0,0,2,0,
no_demodulation,PUZ/PUZ100^5.p,TH0,Theorem,thm,yes,7,4,0,4,1,1,0,0,0,
no_demodulation,PUZ/PUZ101^5.p,TH0,CounterSatisfiable,timeout,na,2024,7,0,7,2,1,0,0,0,
no_demodulation,PUZ/PUZ102^5.p,TH0,Theorem,thm,yes,15,13,0,13,2,0,0,1,1,
no_demodulation,PUZ/PUZ103^5.p,TH0,Theorem,timeout,na,2051,2671,133,2671,202,8,0,2,0,
no_demodulation,PUZ/PUZ104^5.p,TH0,Theorem,timeout,na,2061,2688,83,2688,381,3,0,2,0,
no_demodulation,PUZ/PUZ105^5.p,TH0,CounterSatisfiable,timeout,na,2085,2236,96,2236,331,12,0,2,0,
no_demodulation,PUZ/PUZ106^5.p,TH0,CounterSatisfiable,timeout,na,2051,1470,83,1470,155,11,0,1,0,
no_demodulation,PUZ/PUZ107^5.p,TH0,Theorem,timeout,na,2118,2505,11,2505,294,85,0,0,0,
no_demodulation,PUZ/PUZ108^5.p,TH0,Theorem,timeout,na,2069,2340,23,2340,458,9,0,2,0,
no_demodulation,PUZ/PUZ109^5.p,TH0,Theorem,timeout,na,2036,996,18,996,149,0,0,2,0,
no_demodulation,PUZ/PUZ110^5.p,TH0,Theorem,timeout,na,2047,1286,19,1286,263,2,0,2,0,
no_demodulation,PUZ/PUZ111^5.p,TH0,CounterSatisfiable,timeout,na,2101,3646,43,3646,311,160,0,0,0,
no_demodulation,PUZ/PUZ112^5.p,TH0,CounterSatisfiable,timeout,na,2102,3672,41,3672,308,163,0,0,0,
no_demodulation,PUZ/PUZ113^5.p,TH0,Theorem,timeout,na,2035,1199,37,1199,143,0,0,2,0,
no_demodulation,PUZ/PUZ114^5.p,TH0,Theorem,timeout,na,2058,1318,14,1318,245,0,0,2,0,
no_demodulation,PUZ/PUZ115^5.p,TH0,CounterSatisfiable,timeout,na,2057,2567,130,2567,259,1,0,2,0,
no_demodulation,PUZ/PUZ116^5.p,TH0,CounterSatisfiable,timeout,na,2033,1584,83,1584,122,0,0,2,0,
no_demodulation,PUZ/PUZ117^5.p,TH0,CounterSatisfiable,timeout,na,2051,2682,152,2682,189,0,0,2,0,
no_demodulation,PUZ/PUZ118^5.p,TH0,CounterSatisfiable,timeout,na,2039,551,0,551,157,39,0,3,0,
no_demodulation,PUZ/PUZ119^5.p,TH0,CounterSatisfiable,timeout,na,2049,2798,178,2798,168,0,0,2,0,
no_demodulation,PUZ/PUZ120^5.p,TH0,CounterSatisfiable,timeout,na,2049,2760,169,2760,175,0,0,2,0,
no_demodulation,PUZ/PUZ121^5.p,TH0,CounterSatisfiable,timeout,na,2026,275,1,275,71,26,0,0,0,
no_demodulation,PUZ/PUZ122^5.p,TH0,Unknown,timeout,na,2061,658,12,658,136,30,0,0,0,
no_demodulation,PUZ/PUZ123^5.p,TH0,CounterSatisfiable,timeout,na,2047,1699,57,1699,248,7,0,1,0,
no_demodulation,PUZ/PUZ124^5.p,TH0,CounterSatisfiable,timeout,na,2068,1589,24,1589,262,51,0,3,0,
no_demodulation,PUZ/PUZ125^5.p,TH0,CounterSatisfiable,timeout,na,2046,528,1,528,152,42,0,3,0,
no_demodulation,PUZ/PUZ126^5.p,TH0,CounterSatisfiable,timeout,na,2037,318,0,318,81,18,0,1,0,
no_demodulation,PUZ/PUZ127^5.p,TH0,Theorem,timeout,na,2082,1714,64,1714,214,82,0,0,0,
no_demodulation,PUZ/PUZ136^1.p,TH0,Theorem,timeout,na,2115,3622,200,3622,333,9,0,4,0,
no_demodulation,PUZ/PUZ137^1.p,TH0,Theorem,timeout,na,2509,2284,0,2103,24,505,0,0,0,
no_demodulation,PUZ/PUZ140^1.p,TH0,Theorem,thm,yes,33,49,0,49,6,1,0,1,1,
no_demodulation,PUZ/PUZ140^2.p,TH0,Theorem,timeout,na,2047,2912,120,2912,268,16,0,1,0,
no_demodulation,PUZ/PUZ141^1.p,TH0,Theorem,timeout,na,2077,2412,74,2412,283,63,0,1,0,
no_demodulation,PUZ/PUZ142^1.p,TH0,Theorem,timeout,na,2060,864,46,864,91,6,0,0,0,
no_demodulation,PUZ/PUZ143^1.p,TH0,CounterSatisfiable,timeout,na,2072,1301,57,1301,100,34,0,2,0,
no_demodulation,PUZ/PUZ144^1.p,TH0,Theorem,timeout,na,2086,465,41,465,20,0,0,1,0,
no_demodulation,PUZ/PUZ145^1.p,TH0,Theorem,timeout,na,2168,709,70,709,1,0,0,0,0,
no_demodulation,PUZ/PUZ146^1.p,TH0,Theorem,thm,yes,15,26,1,26,2,0,0,1,1,
no_demodulation,PUZ/PUZ147^1.p,TH1,Theorem,parse_timeout,na,0,,,,,,,,,cached: parse exceeded 5000ms
no_demodulation,PUZ/PUZ148^1.p,TH1,Theorem,parse_timeout,na,0,,,,,,,,,cached: parse exceeded 5000ms
no_demodulation,PUZ/PUZ149^13.p,TH0,Theorem,timeout,na,2299,8171,143,8171,226,376,0,0,0,
no_demodulation,PUZ/PUZ150^18.p,TH0,Theorem,timeout,na,2306,7631,137,7631,204,297,0,0,0,
no_demodulation,PUZ/PUZ154^1.p,TH0,CounterSatisfiable,timeout,na,2040,2270,143,2270,114,2,0,2,0,
no_demodulation,QUA/QUA001^1.p,TH0,Theorem,timeout,na,2064,2966,176,2966,170,15,0,2,0,
no_demodulation,QUA/QUA002^1.p,TH0,Theorem,timeout,na,2066,2970,187,2970,148,23,0,2,0,
no_demodulation,QUA/QUA003^1.p,TH0,Theorem,timeout,na,2059,2852,177,2852,148,6,0,2,0,
no_demodulation,QUA/QUA004^1.p,TH0,Theorem,timeout,na,2061,3064,186,3064,157,27,0,2,0,
no_demodulation,QUA/QUA005^1.p,TH0,Theorem,timeout,na,2065,3015,184,3015,157,14,0,2,0,
no_demodulation,QUA/QUA006^1.p,TH0,Theorem,timeout,na,2070,3040,187,3040,160,23,0,2,0,
no_demodulation,QUA/QUA007^1.p,TH0,Theorem,timeout,na,2062,2867,178,2867,149,20,0,2,0,
no_demodulation,QUA/QUA008^1.p,TH0,Theorem,timeout,na,2063,2889,186,2889,151,5,0,2,0,
no_demodulation,QUA/QUA009^1.p,TH0,Theorem,timeout,na,2090,3260,126,3260,126,91,0,0,0,
no_demodulation,QUA/QUA010^1.p,TH0,Theorem,timeout,na,2092,2776,79,2776,300,33,0,1,0,
no_demodulation,QUA/QUA011^1.p,TH0,Theorem,timeout,na,2065,3257,201,3257,168,28,0,2,0,
no_demodulation,QUA/QUA012^1.p,TH0,Theorem,timeout,na,2065,3102,167,3102,200,22,0,2,0,
no_demodulation,QUA/QUA013^1.p,TH0,Theorem,timeout,na,2066,1606,45,1606,166,90,0,6,0,
no_demodulation,QUA/QUA014^1.p,TH0,Theorem,timeout,na,2067,1574,47,1574,158,98,0,5,0,
no_demodulation,QUA/QUA015^1.p,TH0,Theorem,timeout,na,2058,1518,65,1518,129,73,0,5,0,
no_demodulation,QUA/QUA016^1.p,TH0,Theorem,timeout,na,2083,1423,37,1423,154,94,0,5,0,
no_demodulation,QUA/QUA017^1.p,TH0,Theorem,timeout,na,2094,3211,135,3211,282,67,0,1,0,
no_demodulation,QUA/QUA018^1.p,TH0,Theorem,timeout,na,2078,3173,161,3173,196,87,0,1,0,
no_demodulation,QUA/QUA019^1.p,TH0,Theorem,timeout,na,2134,3558,82,3558,472,171,0,1,0,
no_demodulation,QUA/QUA020^1.p,TH0,Theorem,timeout,na,2058,2521,148,2521,172,34,0,2,0,
no_demodulation,QUA/QUA021^1.p,TH0,Satisfiable,no_conjecture,na,18,,,,,,,,,
no_demodulation,RAL/RAL001^1.p,TH1,Theorem,parse_timeout,na,0,,,,,,,,,cached: parse exceeded 5000ms
no_demodulation,RAL/RAL002^1.p,TH1,Theorem,parse_timeout,na,0,,,,,,,,,cached: parse exceeded 5000ms
no_demodulation,RAL/RAL003^1.p,TH1,Theorem,parse_timeout,na,0,,,,,,,,,cached: parse exceeded 5000ms
no_demodulation,RAL/RAL004^1.p,TH1,Theorem,parse_timeout,na,0,,,,,,,,,cached: parse exceeded 5000ms
no_demodulation,RAL/RAL005^1.p,TH1,Theorem,parse_timeout,na,0,,,,,,,,,cached: parse exceeded 5000ms
no_demodulation,RAL/RAL006^1.p,TH1,Theorem,parse_timeout,na,0,,,,,,,,,cached: parse exceeded 5000ms
no_demodulation,RAL/RAL007^1.p,TH1,Theorem,parse_timeout,na,0,,,,,,,,,cached: parse exceeded 5000ms
no_demodulation,RAL/RAL008^1.p,TH1,Theorem,parse_timeout,na,0,,,,,,,,,cached: parse exceeded 5000ms
no_demodulation,RAL/RAL009^1.p,TH1,Theorem,parse_timeout,na,0,,,,,,,,,cached: parse exceeded 5000ms
no_demodulation,RAL/RAL010^1.p,TH1,Theorem,parse_timeout,na,0,,,,,,,,,cached: parse exceeded 5000ms
no_demodulation,RAL/RAL011^1.p,TH1,Theorem,parse_timeout,na,0,,,,,,,,,cached: parse exceeded 5000ms
no_demodulation,RAL/RAL012^1.p,TH1,Theorem,parse_timeout,na,0,,,,,,,,,cached: parse exceeded 5000ms
no_demodulation,RAL/RAL013^1.p,TH1,Theorem,parse_timeout,na,0,,,,,,,,,cached: parse exceeded 5000ms
no_demodulation,RAL/RAL014^1.p,TH1,Theorem,parse_timeout,na,0,,,,,,,,,cached: parse exceeded 5000ms
no_demodulation,RAL/RAL015^1.p,TH1,Theorem,parse_timeout,na,0,,,,,,,,,cached: parse exceeded 5000ms
no_demodulation,RAL/RAL016^1.p,TH1,Theorem,parse_timeout,na,0,,,,,,,,,cached: parse exceeded 5000ms
no_demodulation,RAL/RAL017^1.p,TH1,Theorem,parse_timeout,na,0,,,,,,,,,cached: parse exceeded 5000ms
no_demodulation,RAL/RAL018^1.p,TH1,Theorem,parse_timeout,na,0,,,,,,,,,cached: parse exceeded 5000ms
no_demodulation,RAL/RAL019^1.p,TH1,Theorem,parse_timeout,na,0,,,,,,,,,cached: parse exceeded 5000ms
no_demodulation,RAL/RAL020^1.p,TH1,Theorem,parse_timeout,na,0,,,,,,,,,cached: parse exceeded 5000ms
no_demodulation,RAL/RAL021^1.p,TH1,Theorem,parse_timeout,na,0,,,,,,,,,cached: parse exceeded 5000ms
no_demodulation,RAL/RAL022^1.p,TH1,Theorem,parse_timeout,na,0,,,,,,,,,cached: parse exceeded 5000ms
no_demodulation,RAL/RAL023^1.p,TH1,Theorem,parse_timeout,na,0,,,,,,,,,cached: parse exceeded 5000ms
no_demodulation,RAL/RAL024^1.p,TH1,Theorem,parse_timeout,na,0,,,,,,,,,cached: parse exceeded 5000ms
no_demodulation,RAL/RAL025^1.p,TH1,Theorem,parse_timeout,na,0,,,,,,,,,cached: parse exceeded 5000ms
no_demodulation,RAL/RAL026^1.p,TH1,Theorem,parse_timeout,na,0,,,,,,,,,cached: parse exceeded 5000ms
no_demodulation,RAL/RAL027^1.p,TH1,Theorem,parse_timeout,na,0,,,,,,,,,cached: parse exceeded 5000ms
no_demodulation,RAL/RAL028^1.p,TH1,Theorem,parse_timeout,na,0,,,,,,,,,cached: parse exceeded 5000ms
no_demodulation,RAL/RAL029^1.p,TH1,Theorem,parse_timeout,na,0,,,,,,,,,cached: parse exceeded 5000ms
no_demodulation,RAL/RAL030^1.p,TH1,Theorem,parse_timeout,na,0,,,,,,,,,cached: parse exceeded 5000ms
no_demodulation,RAL/RAL031^1.p,TH1,Theorem,parse_timeout,na,0,,,,,,,,,cached: parse exceeded 5000ms
no_demodulation,RAL/RAL032^1.p,TH1,Theorem,parse_timeout,na,0,,,,,,,,,cached: parse exceeded 5000ms
no_demodulation,RAL/RAL033^1.p,TH1,Theorem,parse_timeout,na,0,,,,,,,,,cached: parse exceeded 5000ms
no_demodulation,RAL/RAL034^1.p,TH1,Theorem,parse_timeout,na,0,,,,,,,,,cached: parse exceeded 5000ms
no_demodulation,RAL/RAL035^1.p,TH1,Theorem,parse_timeout,na,0,,,,,,,,,cached: parse exceeded 5000ms
no_demodulation,RAL/RAL036^1.p,TH1,Theorem,parse_timeout,na,0,,,,,,,,,cached: parse exceeded 5000ms
no_demodulation,RAL/RAL037^1.p,TH1,Theorem,parse_timeout,na,0,,,,,,,,,cached: parse exceeded 5000ms
no_demodulation,RAL/RAL038^1.p,TH1,Theorem,parse_timeout,na,0,,,,,,,,,cached: parse exceeded 5000ms
no_demodulation,RAL/RAL039^1.p,TH1,Theorem,parse_timeout,na,0,,,,,,,,,cached: parse exceeded 5000ms
no_demodulation,RAL/RAL040^1.p,TH1,Theorem,parse_timeout,na,0,,,,,,,,,cached: parse exceeded 5000ms
no_demodulation,RAL/RAL041^1.p,TH1,Theorem,parse_timeout,na,0,,,,,,,,,cached: parse exceeded 5000ms
no_demodulation,RAL/RAL042^1.p,TH1,Theorem,parse_timeout,na,0,,,,,,,,,cached: parse exceeded 5000ms
no_demodulation,RAL/RAL043^1.p,TH1,Theorem,parse_timeout,na,0,,,,,,,,,cached: parse exceeded 5000ms
no_demodulation,RAL/RAL044^1.p,TH1,Theorem,parse_timeout,na,0,,,,,,,,,cached: parse exceeded 5000ms
no_demodulation,RAL/RAL045^1.p,TH1,Theorem,parse_timeout,na,0,,,,,,,,,cached: parse exceeded 5000ms
no_demodulation,RAL/RAL046^1.p,TH1,Theorem,parse_timeout,na,0,,,,,,,,,cached: parse exceeded 5000ms
no_demodulation,RAL/RAL047^1.p,TH1,Theorem,parse_timeout,na,0,,,,,,,,,cached: parse exceeded 5000ms
no_demodulation,RAL/RAL048^1.p,TH1,Theorem,parse_timeout,na,0,,,,,,,,,cached: parse exceeded 5000ms
no_demodulation,RAL/RAL049^1.p,TH1,Theorem,parse_timeout,na,0,,,,,,,,,cached: parse exceeded 5000ms
no_demodulation,RAL/RAL050^1.p,TH1,Theorem,parse_timeout,na,0,,,,,,,,,cached: parse exceeded 5000ms
no_demodulation,RAL/RAL051^1.p,TH1,Theorem,parse_timeout,na,0,,,,,,,,,cached: parse exceeded 5000ms
no_demodulation,RAL/RAL052^1.p,TH1,Theorem,parse_timeout,na,0,,,,,,,,,cached: parse exceeded 5000ms
no_demodulation,RAL/RAL053^1.p,TH1,Theorem,parse_timeout,na,0,,,,,,,,,cached: parse exceeded 5000ms
no_demodulation,RAL/RAL054^1.p,TH1,Theorem,parse_timeout,na,0,,,,,,,,,cached: parse exceeded 5000ms
no_demodulation,RAL/RAL055^1.p,TH1,Theorem,parse_timeout,na,0,,,,,,,,,cached: parse exceeded 5000ms
no_demodulation,RAL/RAL056^1.p,TH1,Theorem,parse_timeout,na,0,,,,,,,,,cached: parse exceeded 5000ms
no_demodulation,RAL/RAL057^1.p,TH1,Theorem,parse_timeout,na,0,,,,,,,,,cached: parse exceeded 5000ms
no_demodulation,RAL/RAL058^1.p,TH1,Theorem,parse_timeout,na,0,,,,,,,,,cached: parse exceeded 5000ms
no_demodulation,RAL/RAL059^1.p,TH1,Theorem,parse_timeout,na,0,,,,,,,,,cached: parse exceeded 5000ms
no_demodulation,RAL/RAL060^1.p,TH1,Theorem,parse_timeout,na,0,,,,,,,,,cached: parse exceeded 5000ms
no_demodulation,RAL/RAL061^1.p,TH1,Theorem,parse_timeout,na,0,,,,,,,,,cached: parse exceeded 5000ms
no_demodulation,RAL/RAL062^1.p,TH1,Theorem,parse_timeout,na,0,,,,,,,,,cached: parse exceeded 5000ms
no_demodulation,RAL/RAL063^1.p,TH1,Theorem,parse_timeout,na,0,,,,,,,,,cached: parse exceeded 5000ms
no_demodulation,RAL/RAL064^1.p,TH1,Theorem,parse_timeout,na,0,,,,,,,,,cached: parse exceeded 5000ms
no_demodulation,RAL/RAL065^1.p,TH1,Theorem,parse_timeout,na,0,,,,,,,,,cached: parse exceeded 5000ms
no_demodulation,RAL/RAL066^1.p,TH1,Theorem,parse_timeout,na,0,,,,,,,,,cached: parse exceeded 5000ms
no_demodulation,RAL/RAL067^1.p,TH1,Theorem,parse_timeout,na,0,,,,,,,,,cached: parse exceeded 5000ms
no_demodulation,RAL/RAL068^1.p,TH1,Theorem,parse_timeout,na,0,,,,,,,,,cached: parse exceeded 5000ms
no_demodulation,RAL/RAL069^1.p,TH1,Theorem,parse_timeout,na,0,,,,,,,,,cached: parse exceeded 5000ms
no_demodulation,RAL/RAL070^1.p,TH1,Theorem,parse_timeout,na,0,,,,,,,,,cached: parse exceeded 5000ms
no_demodulation,SCT/SCT169^1.p,TH0,Theorem,timeout,na,3119,4131,18,4131,1454,0,0,1,0,
no_demodulation,SCT/SCT169^2.p,TH0,Theorem,timeout,na,2770,822,82,822,1,0,0,0,0,
no_demodulation,SCT/SCT169^3.p,TH1,Theorem,parser_error,na,0,,,,,,,,,cached: Failed to parse formula 'fact_1119_Skolem__list__nth': Syntax Error: '$o' denotes a type and cannot be used as a term.
no_demodulation,SCT/SCT170^1.p,TH0,Theorem,timeout,na,2744,420,40,420,2,0,0,0,0,
no_demodulation,SCT/SCT170^2.p,TH0,Theorem,timeout,na,4213,328,31,328,2,0,0,0,0,
no_demodulation,SCT/SCT170^3.p,TH0,Theorem,timeout,na,5694,274,27,274,2,0,0,0,0,
no_demodulation,SCT/SCT171^1.p,TH0,Theorem,thm,yes,797,29,1,29,4,4,0,0,0,
no_demodulation,SCT/SCT171^2.p,TH0,Theorem,thm,yes,1846,92,2,92,8,8,0,0,0,
no_demodulation,SCT/SCT171^3.p,TH0,ContradictoryAxioms,thm,na,4427,92,2,92,8,8,0,0,0,
no_demodulation,SET/SET002^3.p,TH0,Theorem,timeout,na,2563,4605,17,4605,199,0,0,0,0,
no_demodulation,SET/SET002^4.p,TH0,Theorem,timeout,na,2416,4074,32,4074,239,0,0,0,0,
no_demodulation,SET/SET002^7.p,TH0,Theorem,timeout,na,2142,2056,121,2056,140,0,0,0,0,
no_demodulation,SET/SET004^4.p,TH0,Theorem,timeout,na,2397,4036,33,4036,206,0,0,0,0,
no_demodulation,SET/SET008^5.p,TH0,Theorem,thm,yes,4,3,0,3,1,1,0,0,0,
no_demodulation,SET/SET009^5.p,TH0,Theorem,thm,yes,22,15,1,15,2,0,0,1,1,
no_demodulation,SET/SET010^5.p,TH0,Theorem,thm,yes,15,4,0,4,1,1,0,0,0,
no_demodulation,SET/SET011^5.p,TH0,Theorem,thm,yes,6,3,0,3,1,1,0,0,0,
no_demodulation,SET/SET013^7.p,TH0,Theorem,timeout,na,2195,1694,108,1694,100,0,0,0,0,
no_demodulation,SET/SET014^4.p,TH0,Theorem,thm,yes,60,69,0,69,7,7,0,1,1,
no_demodulation,SET/SET014^5.p,TH0,Theorem,thm,yes,43,61,0,61,8,7,0,1,1,
no_demodulation,SET/SET014^7.p,TH0,Theorem,timeout,na,2242,206,20,206,2,0,0,0,0,
no_demodulation,SET/SET017^1.p,TH0,Theorem,timeout,na,2071,3784,230,3784,210,42,0,1,0,
no_demodulation,SET/SET018^7.p,TH0,Theorem,timeout,na,2256,592,52,592,10,0,0,0,0,
no_demodulation,SET/SET019^4.p,TH0,Theorem,timeout,na,2214,2134,62,2134,157,0,0,0,0,
no_demodulation,SET/SET020^7.p,TH0,Theorem,timeout,na,2491,88,8,88,1,0,0,0,0,
no_demodulation,SET/SET027^3.p,TH0,Theorem,timeout,na,2187,4902,47,4902,791,87,0,5,0,
no_demodulation,SET/SET027^5.p,TH0,Theorem,thm,yes,27,19,1,20,3,0,0,1,1,
no_demodulation,SET/SET027^7.p,TH0,Theorem,timeout,na,2154,2246,59,2246,226,8,0,0,0,
no_demodulation,SET/SET043^5.p,TH0,Theorem,thm,yes,10,10,0,10,2,0,0,1,1,
no_demodulation,SET/SET044^23.p,TH0,Theorem,timeout,na,2091,2527,39,2527,235,0,0,0,0,
no_demodulation,SET/SET044^5.p,TH0,Theorem,thm,yes,29,30,0,30,5,1,0,1,1,
no_demodulation,SET/SET045^5.p,TH0,Theorem,thm,yes,15,15,0,15,2,1,0,1,1,
no_demodulation,SET/SET045^7.p,TH0,Theorem,timeout,na,2089,725,14,725,102,20,0,0,0,
no_demodulation,SET/SET046^5.p,TH0,Theorem,timeout,na,2196,5529,21,5529,1090,261,0,3,0,
no_demodulation,SET/SET047^1.p,TH0,Theorem,timeout,na,2112,2992,2,2992,597,34,0,3,0,
no_demodulation,SET/SET055^12.p,TH0,Theorem,timeout,na,2303,1680,77,1680,151,0,0,0,0,
no_demodulation,SET/SET062^5.p,TH0,Theorem,thm,yes,4,3,0,3,1,1,0,0,0,
no_demodulation,SET/SET062^6.p,TH0,Theorem,thm,yes,2,2,0,2,1,1,0,0,0,
no_demodulation,SET/SET062^7.p,TH0,Theorem,timeout,na,2193,1665,106,1665,102,0,0,0,0,
no_demodulation,SET/SET063^4.p,TH0,Theorem,timeout,na,2389,4075,29,4075,234,0,0,0,0,
no_demodulation,SET/SET063^5.p,TH0,Theorem,thm,yes,7,8,0,8,1,0,0,1,1,
no_demodulation,SET/SET066^1.p,TH0,Theorem,thm,yes,27,21,0,21,3,5,0,0,0,
no_demodulation,SET/SET067^1.p,TH0,Theorem,thm,yes,21,5,0,5,1,1,0,0,0,
no_demodulation,SET/SET076^1.p,TH0,Theorem,timeout,na,2018,140,9,140,7,4,0,2,0,
no_demodulation,SET/SET086^1.p,TH0,Theorem,thm,yes,23,16,0,16,2,1,0,1,1,
no_demodulation,SET/SET096^1.p,TH0,Theorem,timeout,na,2068,3963,269,3963,177,18,0,2,0,
no_demodulation,SET/SET143^3.p,TH0,Theorem,thm,yes,50,36,0,36,3,7,0,0,0,
no_demodulation,SET/SET143^5.p,TH0,Theorem,thm,yes,10,4,0,4,1,1,0,0,0,
no_demodulation,SET/SET144^5.p,TH0,Theorem,thm,yes,36,21,0,21,2,0,0,1,1,
no_demodulation,SET/SET159^5.p,TH0,Theorem,thm,yes,10,4,0,4,1,1,0,0,0,
no_demodulation,SET/SET162^5.p,TH0,Theorem,thm,yes,4,2,0,2,1,1,0,0,0,
no_demodulation,SET/SET169^5.p,TH0,Theorem,thm,yes,15,4,0,4,1,1,0,0,0,
no_demodulation,SET/SET171^3.p,TH0,Theorem,thm,yes,58,36,0,36,3,7,0,0,0,
no_demodulation,SET/SET171^5.p,TH0,Theorem,thm,yes,15,4,0,4,1,1,0,0,0,
no_demodulation,SET/SET173^5.p,TH0,Theorem,thm,yes,4,3,0,3,1,1,0,0,0,
no_demodulation,SET/SET175^5.p,TH0,Theorem,thm,yes,4,3,0,3,1,1,0,0,0,
no_demodulation,SET/SET183^5.p,TH0,Theorem,thm,yes,17,24,0,24,3,2,0,1,1,
no_demodulation,SET/SET185^5.p,TH0,Theorem,thm,yes,5,3,0,3,1,1,0,0,0,
no_demodulation,SET/SET194^5.p,TH0,Theorem,thm,yes,4,4,0,4,1,1,0,0,0,
no_demodulation,SET/SET196^5.p,TH0,Theorem,thm,yes,4,4,0,4,1,1,0,0,0,
no_demodulation,SET/SET199^5.p,TH0,Theorem,thm,yes,32,17,1,17,2,0,0,1,1,
no_demodulation,SET/SET200^5.p,TH0,Theorem,thm,yes,58,42,0,42,6,1,0,1,1,
no_demodulation,SET/SET201^5.p,TH0,Theorem,thm,yes,55,57,0,57,7,5,0,1,1,
no_demodulation,SET/SET557^1.p,TH0,Theorem,thm,yes,114,25,0,25,3,1,0,1,1,
no_demodulation,SET/SET557^6.p,TH0,Theorem,timeout,na,2048,1384,16,1384,222,9,0,1,0,
no_demodulation,SET/SET574^20.p,TH0,Theorem,timeout,na,2103,2065,53,2065,210,4,0,0,0,
no_demodulation,SET/SET575^7.p,TH0,Theorem,timeout,na,2146,1577,59,1577,154,16,0,0,0,
no_demodulation,SET/SET576^7.p,TH0,Theorem,timeout,na,2232,2947,32,2947,218,160,0,0,0,
no_demodulation,SET/SET579^3.p,TH0,Theorem,timeout,na,2562,4547,21,4547,207,0,0,0,0,
no_demodulation,SET/SET580^3.p,TH0,Theorem,thm,yes,69,46,0,46,5,10,0,0,0,
no_demodulation,SET/SET580^5.p,TH0,Theorem,thm,yes,6,4,0,4,1,1,0,0,0,
no_demodulation,SET/SET582^5.p,TH0,Theorem,thm,yes,122,178,0,178,21,21,0,1,1,
no_demodulation,SET/SET583^7.p,TH0,Theorem,timeout,na,2136,2080,118,2080,137,0,0,0,0,
no_demodulation,SET/SET584^5.p,TH0,Theorem,thm,yes,22,15,1,15,2,0,0,1,1,
no_demodulation,SET/SET585^5.p,TH0,Theorem,thm,yes,5,5,0,5,1,1,0,0,0,
no_demodulation,SET/SET586^5.p,TH0,Theorem,thm,yes,22,16,1,16,2,0,0,1,1,
no_demodulation,SET/SET587^5.p,TH0,Theorem,thm,yes,27,39,0,39,4,1,0,1,1,
no_demodulation,SET/SET588^5.p,TH0,Theorem,thm,yes,24,16,1,16,2,0,0,1,1,
no_demodulation,SET/SET589^5.p,TH0,Theorem,thm,yes,58,45,1,45,6,0,0,1,1,
no_demodulation,SET/SET590^5.p,TH0,Theorem,thm,yes,4,4,0,4,1,1,0,0,0,
no_demodulation,SET/SET591^5.p,TH0,Theorem,thm,yes,11,9,0,9,1,0,0,1,1,
no_demodulation,SET/SET592^5.p,TH0,Theorem,thm,yes,49,88,2,88,9,3,0,1,1,
no_demodulation,SET/SET593^5.p,TH0,Theorem,thm,yes,11,4,0,4,1,1,0,0,0,
no_demodulation,SET/SET594^5.p,TH0,Theorem,thm,yes,39,22,1,22,3,0,0,1,1,
no_demodulation,SET/SET595^5.p,TH0,Theorem,thm,yes,18,24,0,24,3,2,0,1,1,
no_demodulation,SET/SET596^5.p,TH0,Theorem,thm,yes,37,55,0,55,5,1,0,1,1,
no_demodulation,SET/SET597^5.p,TH0,Theorem,timeout,na,2046,1586,24,1586,198,90,0,1,0,
no_demodulation,SET/SET598^5.p,TH0,Theorem,timeout,na,2082,1449,24,1449,189,62,0,0,0,
no_demodulation,SET/SET599^5.p,TH0,Theorem,thm,yes,9,4,0,4,1,1,0,0,0,
no_demodulation,SET/SET600^5.p,TH0,Theorem,thm,yes,48,64,2,64,4,3,0,1,1,
no_demodulation,SET/SET601^3.p,TH0,Theorem,thm,yes,98,78,0,78,8,18,0,0,0,
no_demodulation,SET/SET601^5.p,TH0,Theorem,thm,yes,23,4,0,4,1,1,0,0,0,
no_demodulation,SET/SET603^5.p,TH0,Theorem,thm,yes,3,2,0,2,1,1,0,0,0,
no_demodulation,SET/SET604^5.p,TH0,Theorem,thm,yes,3,2,0,2,1,1,0,0,0,
no_demodulation,SET/SET605^5.p,TH0,Theorem,thm,yes,5,3,0,3,1,1,0,0,0,
no_demodulation,SET/SET606^3.p,TH0,Theorem,thm,yes,42,25,0,25,3,5,0,0,0,
no_demodulation,SET/SET606^5.p,TH0,Theorem,thm,yes,7,3,0,3,1,1,0,0,0,
no_demodulation,SET/SET607^3.p,TH0,Theorem,thm,yes,40,25,0,25,3,5,0,0,0,
no_demodulation,SET/SET607^5.p,TH0,Theorem,thm,yes,6,3,0,3,1,1,0,0,0,
no_demodulation,SET/SET608^5.p,TH0,Theorem,thm,yes,6,3,0,3,1,1,0,0,0,
no_demodulation,SET/SET609^3.p,TH0,Theorem,thm,yes,58,38,0,38,3,7,0,0,0,
no_demodulation,SET/SET609^5.p,TH0,Theorem,thm,yes,17,4,0,4,1,1,0,0,0,
no_demodulation,SET/SET610^5.p,TH0,Theorem,thm,yes,7,3,0,3,1,1,0,0,0,
no_demodulation,SET/SET611^3.p,TH0,Theorem,thm,yes,73,113,1,113,6,13,0,1,1,
no_demodulation,SET/SET611^5.p,TH0,Theorem,thm,yes,36,42,1,42,4,3,0,1,1,
no_demodulation,SET/SET612^3.p,TH0,Theorem,thm,yes,62,36,0,36,3,7,0,0,0,
no_demodulation,SET/SET612^5.p,TH0,Theorem,thm,yes,13,4,0,4,1,1,0,0,0,
no_demodulation,SET/SET613^5.p,TH0,Theorem,thm,yes,12,3,0,3,1,1,0,0,0,
no_demodulation,SET/SET614^3.p,TH0,Theorem,thm,yes,52,36,0,36,3,7,0,0,0,
no_demodulation,SET/SET614^5.p,TH0,Theorem,thm,yes,13,4,0,4,1,1,0,0,0,
no_demodulation,SET/SET615^3.p,TH0,Theorem,thm,yes,63,67,0,67,5,14,0,0,0,
no_demodulation,SET/SET615^5.p,TH0,Theorem,thm,yes,14,4,0,4,1,1,0,0,0,
no_demodulation,SET/SET616^5.p,TH0,Theorem,thm,yes,30,38,0,38,5,2,0,1,1,
no_demodulation,SET/SET617^5.p,TH0,Theorem,thm,yes,6,2,0,2,1,1,0,0,0,
no_demodulation,SET/SET618^5.p,TH0,Theorem,thm,yes,4,2,0,2,1,1,0,0,0,
no_demodulation,SET/SET619^5.p,TH0,Theorem,thm,yes,9,3,0,3,1,1,0,0,0,
no_demodulation,SET/SET620^5.p,TH0,Theorem,thm,yes,13,3,0,3,1,1,0,0,0,
no_demodulation,SET/SET621^5.p,TH0,Theorem,thm,yes,23,4,0,4,1,1,0,0,0,
no_demodulation,SET/SET622^5.p,TH0,Theorem,thm,yes,22,4,0,4,1,1,0,0,0,
no_demodulation,SET/SET623^3.p,TH0,Theorem,thm,yes,84,122,0,122,9,28,0,0,0,
no_demodulation,SET/SET623^5.p,TH0,Theorem,thm,yes,44,4,0,4,1,1,0,0,0,
no_demodulation,SET/SET624^3.p,TH0,Theorem,timeout,na,2034,1134,1,1134,107,206,0,2,0,
no_demodulation,SET/SET624^5.p,TH0,Theorem,thm,yes,89,255,0,255,33,22,0,1,1,
no_demodulation,SET/SET625^5.p,TH0,Theorem,thm,yes,36,30,1,30,5,1,0,1,1,
no_demodulation,SET/SET626^5.p,TH0,Theorem,thm,yes,19,15,1,15,2,0,0,1,1,
no_demodulation,SET/SET627^5.p,TH0,Theorem,thm,yes,3,3,0,3,1,1,0,0,0,
no_demodulation,SET/SET628^5.p,TH0,Theorem,thm,yes,13,21,1,21,3,1,0,1,1,
no_demodulation,SET/SET629^5.p,TH0,Theorem,thm,yes,5,4,0,4,1,1,0,0,0,
no_demodulation,SET/SET630^3.p,TH0,Theorem,thm,yes,28,5,0,5,1,1,0,0,0,
no_demodulation,SET/SET630^5.p,TH0,Theorem,thm,yes,6,4,0,4,1,1,0,0,0,
no_demodulation,SET/SET631^5.p,TH0,Theorem,thm,yes,21,16,1,16,2,0,0,1,1,
no_demodulation,SET/SET632^5.p,TH0,Theorem,thm,yes,41,60,0,60,8,0,0,1,1,
no_demodulation,SET/SET633^5.p,TH0,Theorem,thm,yes,67,171,0,171,27,38,0,1,1,
no_demodulation,SET/SET634^5.p,TH0,Theorem,thm,yes,14,4,0,4,1,1,0,0,0,
no_demodulation,SET/SET635^5.p,TH0,Theorem,thm,yes,15,4,0,4,1,1,0,0,0,
no_demodulation,SET/SET636^5.p,TH0,Theorem,thm,yes,28,42,0,42,5,3,0,1,1,
no_demodulation,SET/SET638^5.p,TH0,Theorem,thm,yes,46,76,1,76,7,6,0,1,1,
no_demodulation,SET/SET640^3.p,TH0,Theorem,thm,yes,398,1141,23,1141,94,97,0,1,1,
no_demodulation,SET/SET646^3.p,TH0,Theorem,timeout,na,2134,3929,205,3929,305,34,0,1,0,
no_demodulation,SET/SET647^3.p,TH0,Theorem,thm,yes,82,34,0,34,4,3,0,1,1,
no_demodulation,SET/SET648^3.p,TH0,Theorem,thm,yes,79,31,0,31,4,2,0,1,1,
no_demodulation,SET/SET649^3.p,TH0,Theorem,thm,yes,103,108,2,108,11,8,0,1,1,
no_demodulation,SET/SET651^3.p,TH0,Theorem,thm,yes,124,189,5,189,13,12,0,1,1,
no_demodulation,SET/SET657^3.p,TH0,Theorem,thm,yes,85,85,2,85,9,2,0,1,1,
no_demodulation,SET/SET669^3.p,TH0,Theorem,timeout,na,2176,3586,130,3586,126,71,0,0,0,
no_demodulation,SET/SET670^3.p,TH0,Theorem,thm,yes,92,28,1,28,3,0,0,1,1,
no_demodulation,SET/SET671^3.p,TH0,Theorem,timeout,na,2068,703,6,703,63,76,0,3,0,
no_demodulation,SET/SET672^3.p,TH0,Theorem,thm,yes,88,26,1,26,3,0,0,1,1,
no_demodulation,SET/SET673^3.p,TH0,Theorem,timeout,na,2120,1759,22,1759,261,281,0,3,0,
no_demodulation,SET/SET680^3.p,TH0,Theorem,thm,yes,116,64,1,64,6,4,0,1,1,
no_demodulation,SET/SET683^3.p,TH0,Theorem,thm,yes,102,38,1,38,4,0,0,1,1,
no_demodulation,SET/SET684^3.p,TH0,Theorem,thm,yes,83,11,0,11,2,2,0,0,0,
no_demodulation,SET/SET716^4.p,TH0,Theorem,timeout,na,2063,2710,122,2710,227,49,0,1,0,
no_demodulation,SET/SET724^4.p,TH0,Theorem,timeout,na,2067,2075,77,2075,180,23,0,4,0,
no_demodulation,SET/SET741^4.p,TH0,Theorem,timeout,na,2079,2871,135,2871,254,30,0,1,0,
no_demodulation,SET/SET747^4.p,TH0,Theorem,timeout,na,2332,5997,16,5997,1965,84,0,2,0,
no_demodulation,SET/SET752^4.p,TH0,Theorem,timeout,na,2100,3866,191,3866,312,51,0,1,0,
no_demodulation,SET/SET753^4.p,TH0,Theorem,timeout,na,2111,3572,188,3572,285,60,0,1,0,
no_demodulation,SET/SET764^4.p,TH0,Theorem,thm,yes,39,14,0,14,2,2,0,0,0,
no_demodulation,SET/SET907^7.p,TH0,Theorem,timeout,na,2163,2006,120,2006,127,0,0,0,0,
no_demodulation,SET/SET908^7.p,TH0,Theorem,timeout,na,2169,530,40,530,22,0,0,0,0,
no_demodulation,SET/SET914^7.p,TH0,Theorem,timeout,na,2176,1879,119,1879,122,0,0,0,0,
no_demodulation,SET/SET916^7.p,TH0,Theorem,timeout,na,2200,414,22,414,31,0,0,0,0,
no_demodulation,SET/SET924^1.p,TH0,Theorem,thm,yes,51,1,0,1,1,1,0,0,0,
no_demodulation,SET/SET925^7.p,TH0,Theorem,thm,yes,116,1,0,1,1,1,0,0,0,
no_demodulation,SET/SET926^11.p,TH0,Theorem,timeout,na,2139,2334,93,2334,170,0,0,0,0,
no_demodulation,SET/SET926^12.p,TH0,Theorem,timeout,na,2131,2340,86,2340,162,0,0,0,0,
no_demodulation,SET/SET926^20.p,TH0,Theorem,timeout,na,2132,2478,98,2478,161,0,0,0,0,
no_demodulation,SET/SET926^7.p,TH0,Theorem,timeout,na,2234,2166,60,2166,158,0,0,0,0,
no_demodulation,SET/SET926^8.p,TH0,Theorem,timeout,na,2185,2210,37,2210,167,0,0,0,0,
no_demodulation,SEU/SEU452^1.p,TH0,Theorem,timeout,na,2080,940,33,940,132,11,0,0,0,
no_demodulation,SEU/SEU453^1.p,TH0,Theorem,thm,yes,68,5,0,5,1,1,0,0,0,
no_demodulation,SEU/SEU454^1.p,TH0,Theorem,thm,yes,57,3,0,3,1,1,0,0,0,
no_demodulation,SEU/SEU455^1.p,TH0,Theorem,thm,yes,56,5,0,5,1,1,0,0,0,
no_demodulation,SEU/SEU456^1.p,TH0,Theorem,thm,yes,76,17,1,17,2,0,0,1,1,
no_demodulation,SEU/SEU457^1.p,TH0,Theorem,thm,yes,59,5,0,5,1,1,0,0,0,
no_demodulation,SEU/SEU458^1.p,TH0,Theorem,thm,yes,60,3,0,3,1,1,0,0,0,
no_demodulation,SEU/SEU459^1.p,TH0,Theorem,thm,yes,57,5,0,5,1,1,0,0,0,
no_demodulation,SEU/SEU460^1.p,TH0,Theorem,thm,yes,95,40,0,40,4,1,0,1,1,
no_demodulation,SEU/SEU461^1.p,TH0,Theorem,timeout,na,2094,861,37,861,78,0,0,1,0,
no_demodulation,SEU/SEU462^1.p,TH0,Theorem,timeout,na,2108,1239,58,1239,102,0,0,1,0,
no_demodulation,SEU/SEU463^1.p,TH0,Theorem,timeout,na,2123,993,40,993,128,0,0,1,0,
no_demodulation,SEU/SEU464^1.p,TH0,Theorem,timeout,na,2105,688,36,688,64,0,0,1,0,
no_demodulation,SEU/SEU465^1.p,TH0,Theorem,thm,yes,75,5,0,5,1,1,0,0,0,
no_demodulation,SEU/SEU466^1.p,TH0,Theorem,timeout,na,2080,950,36,950,96,1,0,0,0,
no_demodulation,SEU/SEU467^1.p,TH0,Theorem,thm,yes,116,19,1,20,2,0,0,1,1,
no_demodulation,SEU/SEU468^1.p,TH0,Theorem,timeout,na,2087,1202,35,1203,142,0,0,1,0,
no_demodulation,SEU/SEU469^1.p,TH0,Theorem,timeout,na,2116,1199,24,1199,188,3,0,0,0,
no_demodulation,SEU/SEU470^1.p,TH0,CounterSatisfiable,timeout,na,2106,806,23,806,156,5,0,0,0,
no_demodulation,SEU/SEU471^1.p,TH0,CounterSatisfiable,timeout,na,2107,1120,30,1120,136,13,0,0,0,
no_demodulation,SEU/SEU472^1.p,TH0,Theorem,thm,yes,164,32,2,32,3,0,0,1,1,
no_demodulation,SEU/SEU473^1.p,TH0,Theorem,timeout,na,2111,1438,59,1438,169,1,0,0,0,
no_demodulation,SEU/SEU474^1.p,TH0,Theorem,timeout,na,2061,118,4,118,6,10,0,2,0,
no_demodulation,SEU/SEU475^1.p,TH0,Theorem,timeout,na,2075,376,17,376,40,3,0,1,0,
no_demodulation,SEU/SEU476^1.p,TH0,Theorem,timeout,na,2132,1468,29,1468,157,38,0,0,0,
no_demodulation,SEU/SEU477^1.p,TH0,Theorem,timeout,na,2149,2179,19,2179,326,63,0,1,0,
no_demodulation,SEU/SEU478^1.p,TH0,Theorem,timeout,na,2124,2015,58,2015,268,0,0,4,0,
no_demodulation,SEU/SEU479^1.p,TH0,Theorem,timeout,na,2098,1255,64,1255,114,0,0,3,0,
no_demodulation,SEU/SEU480^1.p,TH0,Theorem,timeout,na,2152,2224,32,2224,372,0,0,3,0,
no_demodulation,SEU/SEU481^1.p,TH0,Theorem,timeout,na,2071,798,48,798,49,0,0,2,0,
no_demodulation,SEU/SEU482^1.p,TH0,Theorem,timeout,na,2118,1690,87,1690,116,17,0,1,0,
no_demodulation,SEU/SEU483^1.p,TH0,Theorem,timeout,na,2152,2250,43,2250,369,0,0,2,0,
no_demodulation,SEU/SEU484^1.p,TH0,Theorem,timeout,na,2112,1838,55,1838,240,0,0,2,0,
no_demodulation,SEU/SEU485^1.p,TH0,Theorem,timeout,na,2088,922,51,922,73,9,0,0,0,
no_demodulation,SEU/SEU486^1.p,TH0,Theorem,timeout,na,2147,1582,41,1582,237,30,0,0,0,
no_demodulation,SEU/SEU487^1.p,TH0,Theorem,timeout,na,2085,232,10,232,44,2,0,0,0,
no_demodulation,SEU/SEU488^1.p,TH0,Theorem,timeout,na,2120,900,28,900,179,10,0,0,0,
no_demodulation,SEU/SEU489^1.p,TH0,CounterSatisfiable,timeout,na,2112,1121,33,1121,140,19,0,0,0,
no_demodulation,SEU/SEU490^1.p,TH0,Theorem,timeout,na,2119,812,18,812,176,2,0,0,0,
no_demodulation,SEU/SEU491^1.p,TH0,Theorem,timeout,na,2127,1027,34,1027,214,10,0,1,0,
no_demodulation,SEU/SEU492^1.p,TH0,Theorem,timeout,na,2314,7314,244,7314,1529,287,0,1,0,
no_demodulation,SEU/SEU493^1.p,TH0,Theorem,timeout,na,2161,4090,196,4090,572,38,0,1,0,
no_demodulation,SEU/SEU494^1.p,TH0,Theorem,timeout,na,2472,6377,123,6377,1929,152,0,3,0,
no_demodulation,SEU/SEU495^1.p,TH0,Theorem,thm,yes,86,73,1,73,7,5,0,1,1,
no_demodulation,SEU/SEU496^1.p,TH0,Theorem,timeout,na,2113,1104,38,1104,144,0,0,0,0,
no_demodulation,SEU/SEU497^1.p,TH0,Theorem,timeout,na,2342,5444,140,5444,201,35,0,0,0,
no_demodulation,SEU/SEU498^1.p,TH0,Theorem,timeout,na,2241,4266,133,4266,270,64,0,0,0,
no_demodulation,SEU/SEU499^1.p,TH0,Theorem,timeout,na,2132,2528,82,2528,270,3,0,1,0,
no_demodulation,SEU/SEU499^2.p,TH0,Theorem,thm,yes,26,25,0,25,4,2,0,1,1,
no_demodulation,SEU/SEU500^1.p,TH0,Theorem,timeout,na,2163,2216,28,2215,326,1,0,1,0,
no_demodulation,SEU/SEU500^2.p,TH0,Theorem,thm,yes,26,17,0,16,2,1,0,1,1,
no_demodulation,SEU/SEU501^1.p,TH0,Theorem,thm,yes,149,43,4,43,1,0,0,1,1,
no_demodulation,SEU/SEU501^2.p,TH0,Theorem,thm,yes,7,9,0,9,1,0,0,1,1,
no_demodulation,SEU/SEU502^1.p,TH0,Theorem,thm,yes,91,6,0,6,1,1,0,0,0,
no_demodulation,SEU/SEU502^2.p,TH0,Theorem,thm,yes,6,9,0,9,2,1,0,1,1,
no_demodulation,SEU/SEU503^1.p,TH0,Theorem,thm,yes,98,6,0,6,1,1,0,0,0,
no_demodulation,SEU/SEU503^2.p,TH0,Theorem,thm,yes,6,9,0,9,2,1,0,1,1,
no_demodulation,SEU/SEU504^1.p,TH0,Theorem,thm,yes,203,50,5,50,1,0,0,1,1,
no_demodulation,SEU/SEU504^2.p,TH0,Theorem,thm,yes,14,12,1,12,1,0,0,1,1,
no_demodulation,SEU/SEU505^1.p,TH0,Theorem,timeout,na,2138,1692,101,1692,110,0,0,1,0,
no_demodulation,SEU/SEU505^2.p,TH0,Theorem,timeout,na,2167,5589,41,5589,212,325,0,0,0,
no_demodulation,SEU/SEU506^1.p,TH0,Theorem,timeout,na,2132,1533,54,1533,175,16,0,2,0,
no_demodulation,SEU/SEU506^2.p,TH0,Theorem,timeout,na,2190,6354,147,6354,202,192,0,0,0,
no_demodulation,SEU/SEU507^1.p,TH0,Theorem,timeout,na,2153,1664,42,1664,270,16,0,1,0,
no_demodulation,SEU/SEU508^1.p,TH0,Theorem,timeout,na,2113,1347,60,1347,92,32,0,1,0,
no_demodulation,SEU/SEU508^2.p,TH0,Theorem,timeout,na,2051,1804,89,1804,222,20,0,1,0,
no_demodulation,SEU/SEU509^1.p,TH0,Theorem,timeout,na,2146,1498,47,1498,193,16,0,1,0,
no_demodulation,SEU/SEU509^2.p,TH0,Theorem,timeout,na,2239,6183,88,6183,175,312,0,0,0,
no_demodulation,SEU/SEU510^1.p,TH0,Theorem,timeout,na,2080,1304,103,1304,40,0,0,2,0,
no_demodulation,SEU/SEU510^2.p,TH0,Theorem,timeout,na,2043,2494,176,2494,103,3,0,2,0,
no_demodulation,SEU/SEU511^1.p,TH0,Theorem,timeout,na,2101,1356,92,1356,57,2,0,2,0,
no_demodulation,SEU/SEU511^2.p,TH0,Theorem,thm,yes,52,33,1,33,3,2,0,2,1,
no_demodulation,SEU/SEU512^1.p,TH0,Theorem,timeout,na,2100,854,36,854,56,15,0,1,0,
no_demodulation,SEU/SEU512^2.p,TH0,Theorem,timeout,na,2071,2936,64,2937,122,62,0,0,0,
no_demodulation,SEU/SEU513^1.p,TH0,Theorem,thm,yes,715,113,11,113,1,0,0,1,1,
no_demodulation,SEU/SEU513^2.p,TH0,Theorem,thm,yes,5,6,0,6,1,0,0,1,1,
no_demodulation,SEU/SEU514^1.p,TH0,Theorem,timeout,na,2100,1073,59,1073,52,16,0,1,0,
no_demodulation,SEU/SEU514^2.p,TH0,Theorem,thm,yes,93,50,1,50,4,2,0,1,1,
no_demodulation,SEU/SEU515^1.p,TH0,Theorem,timeout,na,2115,995,48,995,58,16,0,1,0,
no_demodulation,SEU/SEU515^2.p,TH0,Theorem,timeout,na,2100,3129,101,3129,363,98,0,1,0,
no_demodulation,SEU/SEU516^1.p,TH0,Theorem,timeout,na,2106,1036,57,1036,52,16,0,1,0,
no_demodulation,SEU/SEU516^2.p,TH0,Theorem,timeout,na,2087,2942,94,2942,340,114,0,1,0,
no_demodulation,SEU/SEU517^1.p,TH0,Theorem,timeout,na,2099,650,34,650,31,14,0,1,0,
no_demodulation,SEU/SEU517^2.p,TH0,Theorem,timeout,na,2060,2410,142,2410,196,0,0,0,0,
no_demodulation,SEU/SEU518^1.p,TH0,Theorem,timeout,na,2108,1153,64,1153,61,8,0,1,0,
no_demodulation,SEU/SEU518^2.p,TH0,Theorem,timeout,na,2143,4584,45,4584,1006,109,0,1,0,
no_demodulation,SEU/SEU519^1.p,TH0,Theorem,timeout,na,2080,419,30,419,22,0,0,2,0,
no_demodulation,SEU/SEU519^2.p,TH0,Theorem,thm,yes,30,26,0,26,3,1,0,1,1,
no_demodulation,SEU/SEU520^1.p,TH0,Theorem,thm,yes,1802,75,7,75,1,1,0,0,0,
no_demodulation,SEU/SEU521^1.p,TH0,Theorem,timeout,na,2103,924,56,924,36,13,0,1,0,
no_demodulation,SEU/SEU521^2.p,TH0,Theorem,thm,yes,41,25,1,25,3,0,0,1,1,
no_demodulation,SEU/SEU522^1.p,TH0,Theorem,timeout,na,2104,1027,64,1027,36,14,0,1,0,
no_demodulation,SEU/SEU522^2.p,TH0,Theorem,thm,yes,52,34,2,34,3,1,0,1,1,
no_demodulation,SEU/SEU523^1.p,TH0,Theorem,timeout,na,2102,938,65,938,29,8,0,1,0,
no_demodulation,SEU/SEU523^2.p,TH0,Theorem,thm,yes,60,41,1,41,5,2,0,1,1,
no_demodulation,SEU/SEU524^1.p,TH0,Theorem,timeout,na,2116,877,48,877,35,14,0,2,0,
no_demodulation,SEU/SEU524^2.p,TH0,Theorem,timeout,na,2119,4196,153,4196,500,36,0,4,0,
no_demodulation,SEU/SEU525^1.p,TH0,Theorem,timeout,na,2121,931,59,931,60,1,0,1,0,
no_demodulation,SEU/SEU525^2.p,TH0,Theorem,timeout,na,2069,3328,160,3328,287,39,0,1,0,
no_demodulation,SEU/SEU526^1.p,TH0,Theorem,timeout,na,2110,795,50,795,29,10,0,1,0,
no_demodulation,SEU/SEU526^2.p,TH0,Theorem,timeout,na,2206,6316,102,6316,177,188,0,0,0,
no_demodulation,SEU/SEU527^1.p,TH0,Theorem,timeout,na,2115,758,44,758,33,15,0,1,0,
no_demodulation,SEU/SEU527^2.p,TH0,Theorem,timeout,na,2242,5037,43,5037,262,4,0,0,0,
no_demodulation,SEU/SEU528^1.p,TH0,Theorem,timeout,na,2103,578,39,578,27,0,0,1,0,
no_demodulation,SEU/SEU528^2.p,TH0,Theorem,timeout,na,2069,2180,40,2180,271,79,0,1,0,
no_demodulation,SEU/SEU529^1.p,TH0,Theorem,timeout,na,2109,545,40,545,26,0,0,1,0,
no_demodulation,SEU/SEU529^2.p,TH0,Theorem,thm,yes,887,1173,57,1173,83,1,0,2,1,
no_demodulation,SEU/SEU530^1.p,TH0,Theorem,timeout,na,2118,494,37,494,22,0,0,1,0,
no_demodulation,SEU/SEU530^2.p,TH0,Theorem,timeout,na,2072,2517,58,2517,468,38,0,4,0,
no_demodulation,SEU/SEU531^1.p,TH0,Theorem,timeout,na,2105,374,28,374,15,0,0,1,0,
no_demodulation,SEU/SEU531^2.p,TH0,Theorem,timeout,na,2203,4790,38,4790,241,3,0,0,0,
no_demodulation,SEU/SEU532^1.p,TH0,Theorem,timeout,na,2089,10,1,10,1,0,0,0,0,
no_demodulation,SEU/SEU532^2.p,TH0,Theorem,thm,yes,9,8,0,8,1,0,0,1,1,
no_demodulation,SEU/SEU533^1.p,TH0,Theorem,timeout,na,2098,10,1,10,1,0,0,0,0,
no_demodulation,SEU/SEU533^2.p,TH0,Theorem,thm,yes,19,20,1,20,2,0,0,1,1,
no_demodulation,SEU/SEU534^1.p,TH0,Theorem,timeout,na,2099,120,12,120,1,0,0,0,0,
no_demodulation,SEU/SEU534^2.p,TH0,Theorem,timeout,na,2044,2134,157,2134,98,4,0,4,0,
no_demodulation,SEU/SEU535^1.p,TH0,Theorem,timeout,na,2101,80,8,80,1,0,0,0,0,
no_demodulation,SEU/SEU535^2.p,TH0,Theorem,thm,yes,10,14,0,14,2,1,0,1,1,
no_demodulation,SEU/SEU536^1.p,TH0,Theorem,timeout,na,2102,65,6,65,1,0,0,0,0,
no_demodulation,SEU/SEU536^2.p,TH0,Theorem,thm,yes,16,11,0,11,2,0,0,1,1,
no_demodulation,SEU/SEU537^1.p,TH0,Theorem,timeout,na,2103,59,5,59,1,0,0,0,0,
no_demodulation,SEU/SEU537^2.p,TH0,Theorem,thm,yes,16,12,0,12,2,0,0,1,1,
no_demodulation,SEU/SEU538^1.p,TH0,Theorem,timeout,na,2105,53,5,53,1,0,0,0,0,
no_demodulation,SEU/SEU538^2.p,TH0,Theorem,thm,yes,16,12,0,12,2,0,0,1,1,
no_demodulation,SEU/SEU539^1.p,TH0,Theorem,timeout,na,2109,49,4,49,1,0,0,0,0,
no_demodulation,SEU/SEU539^2.p,TH0,Theorem,thm,yes,16,13,0,13,2,0,0,1,1,
no_demodulation,SEU/SEU540^1.p,TH0,Theorem,timeout,na,2112,41,4,41,1,0,0,0,0,
no_demodulation,SEU/SEU540^2.p,TH0,Theorem,timeout,na,2057,2154,133,2147,188,5,0,2,0,
no_demodulation,SEU/SEU541^1.p,TH0,Theorem,timeout,na,2114,39,3,39,1,0,0,0,0,
no_demodulation,SEU/SEU541^2.p,TH0,Theorem,thm,yes,8,12,0,11,2,2,0,0,0,
no_demodulation,SEU/SEU542^1.p,TH0,Theorem,timeout,na,2116,41,4,41,1,0,0,0,0,
no_demodulation,SEU/SEU543^1.p,TH0,Theorem,timeout,na,2118,39,3,39,1,0,0,0,0,
no_demodulation,SEU/SEU544^1.p,TH0,Theorem,timeout,na,2115,36,3,36,1,0,0,0,0,
no_demodulation,SEU/SEU544^2.p,TH0,Theorem,timeout,na,2060,3208,206,3208,182,10,0,1,0,
no_demodulation,SEU/SEU545^1.p,TH0,Theorem,timeout,na,2126,34,3,34,1,0,0,0,0,
no_demodulation,SEU/SEU545^2.p,TH0,Theorem,timeout,na,2142,4503,140,4503,195,153,0,0,0,
no_demodulation,SEU/SEU546^1.p,TH0,Theorem,timeout,na,2125,30,3,30,1,0,0,0,0,
no_demodulation,SEU/SEU546^2.p,TH0,Theorem,timeout,na,2067,3822,207,3822,287,65,0,1,0,
no_demodulation,SEU/SEU547^1.p,TH0,Theorem,timeout,na,2132,33,3,33,1,0,0,0,0,
no_demodulation,SEU/SEU547^2.p,TH0,Theorem,thm,yes,1961,2094,13,2094,316,18,0,2,1,
no_demodulation,SEU/SEU548^1.p,TH0,Theorem,timeout,na,2131,45,3,45,2,0,0,0,0,
no_demodulation,SEU/SEU548^2.p,TH0,Theorem,timeout,na,2112,3584,124,3584,249,21,0,0,0,
no_demodulation,SEU/SEU549^1.p,TH0,Theorem,timeout,na,2134,34,3,34,1,0,0,0,0,
no_demodulation,SEU/SEU549^2.p,TH0,Theorem,timeout,na,2059,3520,220,3520,217,34,0,1,0,
no_demodulation,SEU/SEU550^1.p,TH0,Theorem,timeout,na,2140,25,2,25,1,0,0,0,0,
no_demodulation,SEU/SEU550^2.p,TH0,Theorem,timeout,na,2083,3679,156,3679,227,96,0,0,0,
no_demodulation,SEU/SEU551^1.p,TH0,Theorem,timeout,na,2097,21,2,21,1,0,0,0,0,
no_demodulation,SEU/SEU551^2.p,TH0,Theorem,thm,yes,1,1,0,1,1,1,0,0,0,
no_demodulation,SEU/SEU551^3.p,TH0,Theorem,thm,yes,1,2,0,2,1,1,0,0,0,
no_demodulation,SEU/SEU552^1.p,TH0,Theorem,timeout,na,2147,26,2,26,1,0,0,0,0,
no_demodulation,SEU/SEU552^2.p,TH0,Theorem,timeout,na,2066,2872,102,2872,271,18,0,4,0,
no_demodulation,SEU/SEU553^1.p,TH0,Theorem,timeout,na,2144,21,2,21,1,0,0,0,0,
no_demodulation,SEU/SEU553^2.p,TH0,Theorem,timeout,na,2003,85,3,85,5,3,0,5,0,
no_demodulation,SEU/SEU554^1.p,TH0,Theorem,timeout,na,2143,21,2,21,1,0,0,0,0,
no_demodulation,SEU/SEU555^1.p,TH0,Theorem,timeout,na,2101,17,1,17,1,0,0,0,0,
no_demodulation,SEU/SEU556^1.p,TH0,Theorem,timeout,na,2152,28,2,28,1,0,0,0,0,
no_demodulation,SEU/SEU557^1.p,TH0,Theorem,timeout,na,2163,27,2,27,1,0,0,0,0,
no_demodulation,SEU/SEU557^2.p,TH0,Theorem,timeout,na,2065,2220,113,2220,176,0,0,1,0,
no_demodulation,SEU/SEU558^1.p,TH0,Theorem,timeout,na,2167,20,2,20,1,0,0,0,0,
no_demodulation,SEU/SEU558^2.p,TH0,Theorem,timeout,na,2119,2821,104,2821,458,20,0,1,0,
no_demodulation,SEU/SEU559^1.p,TH0,Theorem,timeout,na,2176,22,2,22,1,0,0,0,0,
no_demodulation,SEU/SEU559^2.p,TH0,Theorem,thm,yes,16,13,0,13,2,0,0,1,1,
no_demodulation,SEU/SEU560^1.p,TH0,Theorem,timeout,na,2174,22,2,22,1,0,0,0,0,
no_demodulation,SEU/SEU560^2.p,TH0,Theorem,thm,yes,66,44,2,44,3,1,0,2,1,
no_demodulation,SEU/SEU561^1.p,TH0,Theorem,timeout,na,2179,22,2,22,1,0,0,0,0,
no_demodulation,SEU/SEU561^2.p,TH0,Theorem,thm,yes,52,44,2,44,3,1,0,2,1,
no_demodulation,SEU/SEU562^1.p,TH0,Theorem,timeout,na,2189,19,1,19,1,0,0,0,0,
no_demodulation,SEU/SEU562^2.p,TH0,Theorem,thm,yes,22,18,1,18,2,0,0,1,1,
no_demodulation,SEU/SEU563^1.p,TH0,Theorem,timeout,na,2188,2,0,2,1,0,0,0,0,
no_demodulation,SEU/SEU563^2.p,TH0,Theorem,thm,yes,12,12,1,12,1,0,0,1,1,
no_demodulation,SEU/SEU564^1.p,TH0,Theorem,timeout,na,2192,19,1,19,1,0,0,0,0,
no_demodulation,SEU/SEU564^2.p,TH0,Theorem,thm,yes,16,13,0,13,2,0,0,1,1,
no_demodulation,SEU/SEU565^1.p,TH0,Theorem,timeout,na,2195,19,1,19,1,0,0,0,0,
no_demodulation,SEU/SEU565^2.p,TH0,Theorem,thm,yes,27,21,1,21,3,0,0,1,1,
no_demodulation,SEU/SEU566^1.p,TH0,Theorem,timeout,na,2202,17,1,17,1,0,0,0,0,
no_demodulation,SEU/SEU566^2.p,TH0,Theorem,thm,yes,30,21,1,21,3,0,0,1,1,
no_demodulation,SEU/SEU567^1.p,TH0,Theorem,timeout,na,2199,13,1,13,1,0,0,0,0,
no_demodulation,SEU/SEU567^2.p,TH0,Theorem,timeout,na,2130,4638,83,4638,892,35,0,4,0,
no_demodulation,SEU/SEU568^1.p,TH0,Theorem,timeout,na,2207,16,1,16,1,0,0,0,0,
no_demodulation,SEU/SEU568^2.p,TH0,Theorem,timeout,na,2077,3593,164,3593,413,25,0,1,0,
no_demodulation,SEU/SEU569^1.p,TH0,Theorem,timeout,na,2214,0,0,0,1,0,0,0,0,
no_demodulation,SEU/SEU569^2.p,TH0,Theorem,thm,yes,19,19,0,19,3,0,0,1,1,
no_demodulation,SEU/SEU570^1.p,TH0,Theorem,timeout,na,2219,17,1,17,1,0,0,0,0,
no_demodulation,SEU/SEU570^2.p,TH0,Theorem,timeout,na,2199,5649,41,5649,1355,31,0,4,0,
no_demodulation,SEU/SEU571^1.p,TH0,Theorem,timeout,na,2217,0,0,0,1,0,0,0,0,
no_demodulation,SEU/SEU571^2.p,TH0,Theorem,thm,yes,27,32,1,32,5,0,0,3,1,
no_demodulation,SEU/SEU572^1.p,TH0,Theorem,timeout,na,2229,13,1,13,1,0,0,0,0,
no_demodulation,SEU/SEU572^2.p,TH0,Theorem,thm,yes,46,40,1,40,3,0,0,3,1,
no_demodulation,SEU/SEU573^1.p,TH0,Theorem,timeout,na,2235,12,1,12,1,0,0,0,0,
no_demodulation,SEU/SEU573^2.p,TH0,Theorem,timeout,na,2167,5111,75,5111,1000,34,0,4,0,
no_demodulation,SEU/SEU574^1.p,TH0,Theorem,timeout,na,2222,13,1,13,1,0,0,0,0,
no_demodulation,SEU/SEU574^2.p,TH0,Theorem,timeout,na,2215,5404,46,5404,233,35,0,0,0,
no_demodulation,SEU/SEU575^1.p,TH0,Theorem,timeout,na,2238,10,1,10,1,0,0,0,0,
no_demodulation,SEU/SEU575^2.p,TH0,Theorem,timeout,na,2087,3372,60,3372,158,164,0,0,0,
no_demodulation,SEU/SEU576^1.p,TH0,Theorem,timeout,na,2248,12,1,12,1,0,0,0,0,
no_demodulation,SEU/SEU576^2.p,TH0,Theorem,timeout,na,2146,4722,100,4722,892,0,0,4,0,
no_demodulation,SEU/SEU577^1.p,TH0,Theorem,timeout,na,2245,12,1,12,1,0,0,0,0,
no_demodulation,SEU/SEU577^2.p,TH0,Theorem,timeout,na,2139,4516,127,4516,780,1,0,4,0,
no_demodulation,SEU/SEU578^1.p,TH0,Theorem,timeout,na,2247,0,0,0,1,0,0,0,0,
no_demodulation,SEU/SEU578^2.p,TH0,Theorem,thm,yes,12,15,1,15,2,0,0,1,1,
no_demodulation,SEU/SEU579^1.p,TH0,Theorem,timeout,na,2255,10,1,10,1,0,0,0,0,
no_demodulation,SEU/SEU579^2.p,TH0,Theorem,timeout,na,2163,4473,106,4473,808,0,0,2,0,
no_demodulation,SEU/SEU580^1.p,TH0,Theorem,timeout,na,2260,0,0,0,1,0,0,0,0,
no_demodulation,SEU/SEU580^2.p,TH0,Theorem,thm,yes,905,1893,43,1893,334,13,0,2,1,
no_demodulation,SEU/SEU581^1.p,TH0,Theorem,timeout,na,2262,0,0,0,1,0,0,0,0,
no_demodulation,SEU/SEU581^2.p,TH0,Theorem,thm,yes,21,17,1,17,2,0,0,1,1,
no_demodulation,SEU/SEU582^1.p,TH0,Theorem,timeout,na,2267,8,0,8,1,0,0,0,0,
no_demodulation,SEU/SEU582^2.p,TH0,Theorem,thm,yes,31,27,1,27,3,0,0,1,1,
no_demodulation,SEU/SEU583^1.p,TH0,Theorem,timeout,na,2276,2,0,2,1,0,0,0,0,
no_demodulation,SEU/SEU584^1.p,TH0,Theorem,timeout,na,2283,8,0,8,1,0,0,0,0,
no_demodulation,SEU/SEU584^2.p,TH0,Theorem,thm,yes,31,26,1,26,3,0,0,1,1,
no_demodulation,SEU/SEU585^1.p,TH0,Theorem,timeout,na,2286,8,0,8,1,0,0,0,0,
no_demodulation,SEU/SEU585^2.p,TH0,Theorem,timeout,na,2165,3661,70,3661,256,16,0,0,0,
no_demodulation,SEU/SEU586^1.p,TH0,Theorem,timeout,na,2293,8,0,8,1,0,0,0,0,
no_demodulation,SEU/SEU586^2.p,TH0,Theorem,thm,yes,47,30,1,30,3,0,0,3,1,
no_demodulation,SEU/SEU587^1.p,TH0,Theorem,timeout,na,2295,0,0,0,1,0,0,0,0,
no_demodulation,SEU/SEU587^2.p,TH0,Theorem,thm,yes,29,29,1,29,4,0,0,2,1,
no_demodulation,SEU/SEU588^1.p,TH0,Theorem,timeout,na,2299,0,0,0,1,0,0,0,0,
no_demodulation,SEU/SEU588^2.p,TH0,Theorem,thm,yes,39,45,1,45,7,0,0,3,1,
no_demodulation,SEU/SEU589^1.p,TH0,Theorem,timeout,na,2315,8,0,8,1,0,0,0,0,
no_demodulation,SEU/SEU589^2.p,TH0,Theorem,thm,yes,48,26,1,26,3,0,0,3,1,
no_demodulation,SEU/SEU590^1.p,TH0,Theorem,timeout,na,2318,5,0,5,1,0,0,0,0,
no_demodulation,SEU/SEU590^2.p,TH0,Theorem,timeout,na,2220,4492,32,4492,1410,0,0,3,0,
no_demodulation,SEU/SEU591^1.p,TH0,Theorem,timeout,na,2321,5,0,5,1,0,0,0,0,
no_demodulation,SEU/SEU591^2.p,TH0,Theorem,thm,yes,28,19,1,19,2,0,0,1,1,
no_demodulation,SEU/SEU592^1.p,TH0,Theorem,timeout,na,2325,0,0,0,1,0,0,0,0,
no_demodulation,SEU/SEU592^2.p,TH0,Theorem,thm,yes,36,34,1,34,5,0,0,3,1,
no_demodulation,SEU/SEU593^1.p,TH0,Theorem,timeout,na,2327,5,0,5,1,0,0,0,0,
no_demodulation,SEU/SEU593^2.p,TH0,Theorem,timeout,na,2262,4885,47,4885,247,0,0,0,0,
no_demodulation,SEU/SEU594^1.p,TH0,Theorem,timeout,na,2334,5,0,5,1,0,0,0,0,
no_demodulation,SEU/SEU594^2.p,TH0,Theorem,timeout,na,2143,3845,45,3845,885,61,0,1,0,
no_demodulation,SEU/SEU595^1.p,TH0,Theorem,timeout,na,2337,5,0,5,1,0,0,0,0,
no_demodulation,SEU/SEU595^2.p,TH0,Theorem,thm,yes,39,17,1,17,2,0,0,1,1,
no_demodulation,SEU/SEU596^1.p,TH0,Theorem,timeout,na,2358,5,0,5,1,0,0,0,0,
no_demodulation,SEU/SEU596^2.p,TH0,Theorem,timeout,na,2181,6157,93,6157,237,63,0,0,0,
no_demodulation,SEU/SEU597^1.p,TH0,Theorem,timeout,na,2352,0,0,0,1,0,0,0,0,
no_demodulation,SEU/SEU597^2.p,TH0,Theorem,thm,yes,50,84,1,84,12,0,0,3,1,
no_demodulation,SEU/SEU598^1.p,TH0,Theorem,timeout,na,2366,5,0,5,1,0,0,0,0,
no_demodulation,SEU/SEU598^2.p,TH0,Theorem,timeout,na,2337,5932,48,5932,252,6,0,0,0,
no_demodulation,SEU/SEU599^1.p,TH0,Theorem,timeout,na,2359,5,0,5,1,0,0,0,0,
no_demodulation,SEU/SEU599^2.p,TH0,Theorem,timeout,na,2144,3773,49,3773,787,50,0,1,0,
no_demodulation,SEU/SEU600^1.p,TH0,Theorem,timeout,na,2365,0,0,0,1,0,0,0,0,
no_demodulation,SEU/SEU600^2.p,TH0,Theorem,timeout,na,2364,5542,61,5542,212,0,0,0,0,
no_demodulation,SEU/SEU601^1.p,TH0,Theorem,timeout,na,2371,5,0,5,1,0,0,0,0,
no_demodulation,SEU/SEU601^2.p,TH0,Theorem,thm,yes,58,26,1,26,3,0,0,3,1,
no_demodulation,SEU/SEU602^1.p,TH0,Theorem,timeout,na,2384,5,0,5,1,0,0,0,0,
no_demodulation,SEU/SEU602^2.p,TH0,Theorem,thm,yes,28,20,1,20,2,0,0,1,1,
no_demodulation,SEU/SEU603^1.p,TH0,Theorem,timeout,na,2392,5,0,5,1,0,0,0,0,
no_demodulation,SEU/SEU603^2.p,TH0,Theorem,thm,yes,35,17,1,17,2,0,0,1,1,
no_demodulation,SEU/SEU604^1.p,TH0,Theorem,timeout,na,2399,5,0,5,1,0,0,0,0,
no_demodulation,SEU/SEU604^2.p,TH0,Theorem,timeout,na,2224,5754,109,5754,278,0,0,0,0,
no_demodulation,SEU/SEU605^1.p,TH0,Theorem,timeout,na,2400,2,0,2,1,0,0,0,0,
no_demodulation,SEU/SEU605^2.p,TH0,Theorem,thm,yes,42,31,1,31,3,2,0,3,1,
no_demodulation,SEU/SEU606^1.p,TH0,Theorem,timeout,na,2420,2,0,2,1,0,0,0,0,
no_demodulation,SEU/SEU606^2.p,TH0,Theorem,thm,yes,33,21,1,21,3,0,0,2,1,
no_demodulation,SEU/SEU607^1.p,TH0,Theorem,timeout,na,2412,2,0,2,1,0,0,0,0,
no_demodulation,SEU/SEU607^2.p,TH0,Theorem,thm,yes,24,15,1,15,2,0,0,1,1,
no_demodulation,SEU/SEU608^1.p,TH0,Theorem,timeout,na,2419,2,0,2,1,0,0,0,0,
no_demodulation,SEU/SEU608^2.p,TH0,Theorem,thm,yes,23,15,1,15,2,0,0,1,1,
no_demodulation,SEU/SEU609^1.p,TH0,Theorem,timeout,na,2442,0,0,0,1,0,0,0,0,
no_demodulation,SEU/SEU609^2.p,TH0,Theorem,thm,yes,39,46,1,46,6,0,0,3,1,
no_demodulation,SEU/SEU610^1.p,TH0,Theorem,timeout,na,2447,2,0,2,1,0,0,0,0,
no_demodulation,SEU/SEU610^2.p,TH0,Theorem,timeout,na,2103,3711,107,3711,497,79,0,2,0,
no_demodulation,SEU/SEU611^1.p,TH0,Theorem,timeout,na,2449,2,0,2,1,0,0,0,0,
no_demodulation,SEU/SEU611^2.p,TH0,Theorem,timeout,na,2059,1455,77,1455,177,1,0,1,0,
no_demodulation,SEU/SEU612^1.p,TH0,Theorem,timeout,na,2455,2,0,2,1,0,0,0,0,
no_demodulation,SEU/SEU612^2.p,TH0,Theorem,timeout,na,2050,1444,79,1444,173,0,0,3,0,
no_demodulation,SEU/SEU613^1.p,TH0,Theorem,timeout,na,2470,2,0,2,1,0,0,0,0,
no_demodulation,SEU/SEU613^2.p,TH0,Theorem,timeout,na,2107,1811,33,1811,385,32,0,3,0,
no_demodulation,SEU/SEU614^1.p,TH0,Theorem,timeout,na,2476,2,0,2,1,0,0,0,0,
no_demodulation,SEU/SEU614^2.p,TH0,Theorem,thm,yes,57,29,1,29,4,0,0,1,1,
no_demodulation,SEU/SEU615^1.p,TH0,Theorem,timeout,na,2488,2,0,2,1,0,0,0,0,
no_demodulation,SEU/SEU615^2.p,TH0,Theorem,thm,yes,992,1028,28,1028,180,2,0,2,1,
no_demodulation,SEU/SEU616^1.p,TH0,Theorem,timeout,na,2494,0,0,0,1,0,0,0,0,
no_demodulation,SEU/SEU617^1.p,TH0,Theorem,timeout,na,2509,0,0,0,1,0,0,0,0,
no_demodulation,SEU/SEU617^2.p,TH0,Theorem,timeout,na,2172,3806,41,3806,1084,74,0,4,0,
no_demodulation,SEU/SEU618^1.p,TH0,Theorem,timeout,na,2508,0,0,0,1,0,0,0,0,
no_demodulation,SEU/SEU618^2.p,TH0,Theorem,timeout,na,2143,3742,58,3742,882,82,0,4,0,
no_demodulation,SEU/SEU619^1.p,TH0,Theorem,timeout,na,2521,0,0,0,1,0,0,0,0,
no_demodulation,SEU/SEU619^2.p,TH0,Theorem,timeout,na,2047,655,6,655,72,60,0,1,0,
no_demodulation,SEU/SEU620^1.p,TH0,Theorem,timeout,na,2517,0,0,0,1,0,0,0,0,
no_demodulation,SEU/SEU620^2.p,TH0,Theorem,timeout,na,2056,1208,9,1208,167,11,0,0,0,
no_demodulation,SEU/SEU621^1.p,TH0,Theorem,timeout,na,2545,2,0,2,1,0,0,0,0,
no_demodulation,SEU/SEU621^2.p,TH0,Theorem,timeout,na,2159,5087,90,5087,890,8,0,2,0,
no_demodulation,SEU/SEU622^1.p,TH0,Theorem,timeout,na,2543,2,0,2,1,0,0,0,0,
no_demodulation,SEU/SEU622^2.p,TH0,Theorem,thm,yes,27,26,1,26,4,0,0,1,1,
no_demodulation,SEU/SEU623^1.p,TH0,Theorem,timeout,na,2578,2,0,2,1,0,0,0,0,
no_demodulation,SEU/SEU623^2.p,TH0,Theorem,timeout,na,2202,5743,182,5743,1241,145,0,2,0,
no_demodulation,SEU/SEU624^1.p,TH0,Theorem,timeout,na,2556,2,0,2,1,0,0,0,0,
no_demodulation,SEU/SEU625^1.p,TH0,Theorem,timeout,na,2604,2,0,2,1,0,0,0,0,
no_demodulation,SEU/SEU625^2.p,TH0,Theorem,timeout,na,2272,4668,36,4668,1456,1,0,3,0,
no_demodulation,SEU/SEU626^1.p,TH0,Theorem,timeout,na,2606,2,0,2,1,0,0,0,0,
no_demodulation,SEU/SEU626^2.p,TH0,Theorem,timeout,na,2127,3637,58,3637,694,14,0,3,0,
no_demodulation,SEU/SEU627^1.p,TH0,Theorem,timeout,na,2625,2,0,2,1,0,0,0,0,
no_demodulation,SEU/SEU627^2.p,TH0,Theorem,timeout,na,2151,4154,80,4154,741,0,0,3,0,
no_demodulation,SEU/SEU628^1.p,TH0,Theorem,timeout,na,2623,2,0,2,1,0,0,0,0,
no_demodulation,SEU/SEU628^2.p,TH0,Theorem,timeout,na,2105,2918,41,2918,522,26,0,3,0,
no_demodulation,SEU/SEU629^1.p,TH0,Theorem,timeout,na,2630,2,0,2,1,0,0,0,0,
no_demodulation,SEU/SEU629^2.p,TH0,Theorem,thm,yes,71,34,1,34,4,0,0,3,1,
no_demodulation,SEU/SEU630^1.p,TH0,Theorem,timeout,na,2638,2,0,2,1,0,0,0,0,
no_demodulation,SEU/SEU630^2.p,TH0,Theorem,timeout,na,2066,1385,54,1385,253,0,0,3,0,
no_demodulation,SEU/SEU631^1.p,TH0,Theorem,timeout,na,2637,2,0,2,1,0,0,0,0,
no_demodulation,SEU/SEU631^2.p,TH0,Theorem,timeout,na,2047,1596,83,1596,170,0,0,1,0,
no_demodulation,SEU/SEU632^1.p,TH0,Theorem,timeout,na,2643,2,0,2,1,0,0,0,0,
no_demodulation,SEU/SEU632^2.p,TH0,Theorem,timeout,na,2079,2441,91,2441,212,0,0,0,0,
no_demodulation,SEU/SEU633^1.p,TH0,Theorem,timeout,na,2632,2,0,2,1,0,0,0,0,
no_demodulation,SEU/SEU633^2.p,TH0,Theorem,timeout,na,2110,3066,52,3066,566,55,0,2,0,
no_demodulation,SEU/SEU634^1.p,TH0,Theorem,timeout,na,2653,0,0,0,1,0,0,0,0,
no_demodulation,SEU/SEU634^2.p,TH0,Theorem,timeout,na,2116,4722,131,4722,610,0,0,2,0,
no_demodulation,SEU/SEU635^1.p,TH0,Theorem,timeout,na,2660,0,0,0,1,0,0,0,0,
no_demodulation,SEU/SEU635^2.p,TH0,Theorem,timeout,na,2143,4287,105,4287,691,8,0,4,0,
no_demodulation,SEU/SEU636^1.p,TH0,Theorem,timeout,na,2669,0,0,0,1,0,0,0,0,
no_demodulation,SEU/SEU636^2.p,TH0,Theorem,timeout,na,2099,2463,29,2463,219,25,0,0,0,
no_demodulation,SEU/SEU637^1.p,TH0,Theorem,timeout,na,2698,0,0,0,1,0,0,0,0,
no_demodulation,SEU/SEU637^2.p,TH0,Theorem,timeout,na,2113,2125,62,2125,218,0,0,0,0,
no_demodulation,SEU/SEU638^1.p,TH0,Theorem,timeout,na,2691,0,0,0,1,0,0,0,0,
no_demodulation,SEU/SEU638^2.p,TH0,Theorem,timeout,na,2057,1893,127,1893,150,2,0,1,0,
no_demodulation,SEU/SEU639^1.p,TH0,Theorem,timeout,na,2719,0,0,0,1,0,0,0,0,
no_demodulation,SEU/SEU639^2.p,TH0,Theorem,timeout,na,2109,2210,75,2210,263,0,0,0,0,
no_demodulation,SEU/SEU640^1.p,TH0,Theorem,timeout,na,2720,0,0,0,1,0,0,0,0,
no_demodulation,SEU/SEU640^2.p,TH0,Theorem,timeout,na,2030,731,31,731,86,11,0,0,0,
no_demodulation,SEU/SEU641^1.p,TH0,Theorem,timeout,na,2723,0,0,0,1,0,0,0,0,
no_demodulation,SEU/SEU641^2.p,TH0,Theorem,timeout,na,2033,2427,177,2427,103,11,0,1,0,
no_demodulation,SEU/SEU642^1.p,TH0,Theorem,timeout,na,2737,0,0,0,1,0,0,0,0,
no_demodulation,SEU/SEU642^2.p,TH0,Theorem,timeout,na,2085,2516,77,2516,193,48,0,0,0,
no_demodulation,SEU/SEU643^1.p,TH0,Theorem,timeout,na,2805,0,0,0,1,0,0,0,0,
no_demodulation,SEU/SEU643^2.p,TH0,Theorem,timeout,na,2047,1104,44,1102,128,5,0,0,0,
no_demodulation,SEU/SEU644^1.p,TH0,Theorem,timeout,na,2749,0,0,0,1,0,0,0,0,
no_demodulation,SEU/SEU644^2.p,TH0,Theorem,timeout,na,2052,1990,80,1990,203,12,0,1,0,
no_demodulation,SEU/SEU645^1.p,TH0,Theorem,timeout,na,2753,0,0,0,1,0,0,0,0,
no_demodulation,SEU/SEU645^2.p,TH0,Theorem,timeout,na,2074,1145,60,1145,103,6,0,1,0,
no_demodulation,SEU/SEU646^1.p,TH0,Theorem,timeout,na,2791,0,0,0,1,0,0,0,0,
no_demodulation,SEU/SEU646^2.p,TH0,Theorem,timeout,na,2072,2161,73,2161,161,0,0,0,0,
no_demodulation,SEU/SEU647^1.p,TH0,Theorem,timeout,na,2772,0,0,0,1,0,0,0,0,
no_demodulation,SEU/SEU647^2.p,TH0,Theorem,timeout,na,2043,1009,30,1009,106,14,0,1,0,
no_demodulation,SEU/SEU648^1.p,TH0,Theorem,timeout,na,2779,0,0,0,1,0,0,0,0,
no_demodulation,SEU/SEU648^2.p,TH0,Theorem,timeout,na,2069,1994,41,1994,253,23,0,1,0,
no_demodulation,SEU/SEU649^1.p,TH0,Theorem,timeout,na,2796,0,0,0,1,0,0,0,0,
no_demodulation,SEU/SEU649^2.p,TH0,Theorem,timeout,na,2095,3138,113,3138,236,25,0,0,0,
no_demodulation,SEU/SEU650^1.p,TH0,Theorem,timeout,na,2805,0,0,0,1,0,0,0,0,
no_demodulation,SEU/SEU650^2.p,TH0,Theorem,timeout,na,2052,1805,31,1805,254,21,0,3,0,
no_demodulation,SEU/SEU651^1.p,TH0,Theorem,timeout,na,2820,0,0,0,1,0,0,0,0,
no_demodulation,SEU/SEU651^2.p,TH0,Theorem,timeout,na,2037,2146,131,2146,134,13,0,1,0,
no_demodulation,SEU/SEU652^1.p,TH0,Theorem,timeout,na,2840,0,0,0,1,0,0,0,0,
no_demodulation,SEU/SEU652^2.p,TH0,Theorem,timeout,na,2063,1849,42,1849,229,46,0,1,0,
no_demodulation,SEU/SEU653^1.p,TH0,Theorem,timeout,na,2854,0,0,0,1,0,0,0,0,
no_demodulation,SEU/SEU653^2.p,TH0,Theorem,timeout,na,2072,2536,109,2536,218,37,0,0,0,
no_demodulation,SEU/SEU654^1.p,TH0,Theorem,timeout,na,2834,0,0,0,1,0,0,0,0,
no_demodulation,SEU/SEU654^2.p,TH0,Theorem,timeout,na,2071,1960,44,1960,286,26,0,1,0,
no_demodulation,SEU/SEU655^1.p,TH0,Theorem,timeout,na,2937,0,0,0,1,0,0,0,0,
no_demodulation,SEU/SEU655^2.p,TH0,Theorem,timeout,na,2057,1046,46,1046,159,0,0,0,0,
no_demodulation,SEU/SEU656^1.p,TH0,Theorem,timeout,na,2876,0,0,0,1,0,0,0,0,
no_demodulation,SEU/SEU656^2.p,TH0,Theorem,timeout,na,2041,1273,76,1273,99,0,0,1,0,
no_demodulation,SEU/SEU657^1.p,TH0,Theorem,timeout,na,2921,0,0,0,1,0,0,0,0,
no_demodulation,SEU/SEU657^2.p,TH0,Theorem,timeout,na,2078,1231,59,1231,104,13,0,1,0,
no_demodulation,SEU/SEU658^1.p,TH0,Theorem,timeout,na,2919,0,0,0,1,0,0,0,0,
no_demodulation,SEU/SEU658^2.p,TH0,Theorem,timeout,na,2091,2949,104,2949,187,0,0,0,0,
no_demodulation,SEU/SEU659^1.p,TH0,Theorem,timeout,na,2930,0,0,0,1,0,0,0,0,
no_demodulation,SEU/SEU659^2.p,TH0,Theorem,timeout,na,2094,2984,107,2984,209,0,0,0,0,
no_demodulation,SEU/SEU660^1.p,TH0,Theorem,timeout,na,2940,0,0,0,1,0,0,0,0,
no_demodulation,SEU/SEU660^2.p,TH0,Theorem,timeout,na,2091,3017,114,3017,210,0,0,0,0,
no_demodulation,SEU/SEU661^1.p,TH0,Theorem,timeout,na,2937,0,0,0,1,0,0,0,0,
no_demodulation,SEU/SEU661^2.p,TH0,Theorem,thm,yes,16,8,0,8,1,1,0,0,0,
no_demodulation,SEU/SEU662^1.p,TH0,Theorem,timeout,na,2982,0,0,0,1,0,0,0,0,
no_demodulation,SEU/SEU662^2.p,TH0,Theorem,timeout,na,2331,6040,2,6040,205,364,0,0,0,
no_demodulation,SEU/SEU663^1.p,TH0,Theorem,timeout,na,2996,0,0,0,1,0,0,0,0,
no_demodulation,SEU/SEU663^2.p,TH0,Theorem,timeout,na,2387,5945,3,5945,146,375,0,0,0,
no_demodulation,SEU/SEU664^1.p,TH0,Theorem,timeout,na,3027,0,0,0,1,0,0,0,0,
no_demodulation,SEU/SEU664^2.p,TH0,Theorem,timeout,na,2102,3324,117,3324,208,0,0,0,0,
no_demodulation,SEU/SEU665^1.p,TH0,Theorem,timeout,na,3031,0,0,0,1,0,0,0,0,
no_demodulation,SEU/SEU665^2.p,TH0,Theorem,timeout,na,2154,2523,81,2523,535,0,0,2,0,
no_demodulation,SEU/SEU666^1.p,TH0,Theorem,timeout,na,3039,0,0,0,1,0,0,0,0,
no_demodulation,SEU/SEU666^2.p,TH0,Theorem,timeout,na,2122,3262,58,3262,716,29,0,4,0,
no_demodulation,SEU/SEU667^1.p,TH0,Theorem,timeout,na,3028,0,0,0,1,0,0,0,0,
no_demodulation,SEU/SEU667^2.p,TH0,Theorem,timeout,na,2012,133,11,131,2,4,0,0,0,
no_demodulation,SEU/SEU668^1.p,TH0,Theorem,timeout,na,3090,0,0,0,1,0,0,0,0,
no_demodulation,SEU/SEU668^2.p,TH0,Theorem,timeout,na,2058,1404,41,1387,121,51,0,1,0,
no_demodulation,SEU/SEU669^1.p,TH0,Theorem,timeout,na,3110,0,0,0,1,0,0,0,0,
no_demodulation,SEU/SEU669^2.p,TH0,Theorem,timeout,na,2082,1128,21,1128,269,5,0,1,0,
no_demodulation,SEU/SEU670^1.p,TH0,Theorem,timeout,na,3111,0,0,0,1,0,0,0,0,
no_demodulation,SEU/SEU670^2.p,TH0,Theorem,timeout,na,2122,2634,50,2634,643,26,0,1,0,
no_demodulation,SEU/SEU671^1.p,TH0,Theorem,timeout,na,3123,0,0,0,1,0,0,0,0,
no_demodulation,SEU/SEU671^2.p,TH0,Theorem,timeout,na,2071,1200,20,1200,211,12,0,1,0,
no_demodulation,SEU/SEU672^1.p,TH0,Theorem,timeout,na,3179,0,0,0,1,0,0,0,0,
no_demodulation,SEU/SEU672^2.p,TH0,Theorem,timeout,na,2037,1236,59,1236,85,8,0,2,0,
no_demodulation,SEU/SEU673^1.p,TH0,Theorem,timeout,na,3191,0,0,0,1,0,0,0,0,
no_demodulation,SEU/SEU673^2.p,TH0,Theorem,timeout,na,2199,3276,46,3276,915,35,0,1,0,
no_demodulation,SEU/SEU674^1.p,TH0,Theorem,timeout,na,3170,0,0,0,1,0,0,0,0,
no_demodulation,SEU/SEU674^2.p,TH0,Theorem,timeout,na,2092,1929,21,1929,410,4,0,1,0,
no_demodulation,SEU/SEU675^1.p,TH0,Theorem,timeout,na,3164,0,0,0,1,0,0,0,0,
no_demodulation,SEU/SEU675^2.p,TH0,Theorem,timeout,na,2034,1322,76,1322,97,5,0,1,0,
no_demodulation,SEU/SEU676^1.p,TH0,Theorem,timeout,na,3195,0,0,0,1,0,0,0,0,
no_demodulation,SEU/SEU676^2.p,TH0,Theorem,timeout,na,2073,1263,22,1263,213,3,0,1,0,
no_demodulation,SEU/SEU677^1.p,TH0,Theorem,timeout,na,3187,0,0,0,1,0,0,0,0,
no_demodulation,SEU/SEU677^2.p,TH0,Theorem,timeout,na,2068,1466,46,1466,259,3,0,1,0,
no_demodulation,SEU/SEU678^1.p,TH0,Theorem,timeout,na,3238,0,0,0,1,0,0,0,0,
no_demodulation,SEU/SEU678^2.p,TH0,Theorem,timeout,na,2040,410,22,410,25,4,0,0,0,
no_demodulation,SEU/SEU679^1.p,TH0,Theorem,timeout,na,3256,0,0,0,1,0,0,0,0,
no_demodulation,SEU/SEU679^2.p,TH0,Theorem,timeout,na,2079,695,3,695,163,0,0,0,0,
no_demodulation,SEU/SEU680^1.p,TH0,Theorem,timeout,na,3271,0,0,0,1,0,0,0,0,
no_demodulation,SEU/SEU680^2.p,TH0,Theorem,timeout,na,2062,888,9,888,184,0,0,1,0,
no_demodulation,SEU/SEU681^1.p,TH0,Theorem,timeout,na,3271,0,0,0,1,0,0,0,0,
no_demodulation,SEU/SEU681^2.p,TH0,Theorem,timeout,na,2135,3477,69,3477,243,26,0,0,0,
no_demodulation,SEU/SEU682^1.p,TH0,Theorem,timeout,na,3277,0,0,0,1,0,0,0,0,
no_demodulation,SEU/SEU682^2.p,TH0,Theorem,timeout,na,2061,966,22,966,161,0,0,0,0,
no_demodulation,SEU/SEU683^1.p,TH0,Theorem,timeout,na,3265,0,0,0,1,0,0,0,0,
no_demodulation,SEU/SEU683^2.p,TH0,Theorem,timeout,na,2076,1838,93,1838,241,4,0,1,0,
no_demodulation,SEU/SEU684^1.p,TH0,Theorem,timeout,na,3364,0,0,0,1,0,0,0,0,
no_demodulation,SEU/SEU684^2.p,TH0,Theorem,timeout,na,2058,1016,37,1016,125,21,0,1,0,
no_demodulation,SEU/SEU685^1.p,TH0,Theorem,timeout,na,3367,0,0,0,1,0,0,0,0,
no_demodulation,SEU/SEU685^2.p,TH0,Theorem,timeout,na,2068,1517,32,1517,229,2,0,1,0,
no_demodulation,SEU/SEU686^1.p,TH0,Theorem,timeout,na,3395,0,0,0,1,0,0,0,0,
no_demodulation,SEU/SEU686^2.p,TH0,Theorem,timeout,na,2085,939,30,939,120,12,0,0,0,
no_demodulation,SEU/SEU687^1.p,TH0,Theorem,timeout,na,3403,0,0,0,1,0,0,0,0,
no_demodulation,SEU/SEU687^2.p,TH0,Theorem,timeout,na,2095,2054,52,2054,170,58,0,0,0,
no_demodulation,SEU/SEU688^1.p,TH0,Theorem,timeout,na,3412,0,0,0,1,0,0,0,0,
no_demodulation,SEU/SEU688^2.p,TH0,Theorem,timeout,na,2069,1374,42,1374,170,2,0,0,0,
no_demodulation,SEU/SEU689^1.p,TH0,Theorem,timeout,na,3423,0,0,0,1,0,0,0,0,
no_demodulation,SEU/SEU689^2.p,TH0,Theorem,timeout,na,2083,1697,33,1697,264,0,0,2,0,
no_demodulation,SEU/SEU690^1.p,TH0,Theorem,timeout,na,3437,0,0,0,1,0,0,0,0,
no_demodulation,SEU/SEU690^2.p,TH0,Theorem,timeout,na,2129,2804,49,2804,252,9,0,0,0,
no_demodulation,SEU/SEU691^1.p,TH0,Theorem,timeout,na,3459,0,0,0,1,0,0,0,0,
no_demodulation,SEU/SEU691^2.p,TH0,Theorem,timeout,na,2094,1818,41,1818,206,0,0,0,0,
no_demodulation,SEU/SEU692^1.p,TH0,Theorem,timeout,na,3469,0,0,0,1,0,0,0,0,
no_demodulation,SEU/SEU692^2.p,TH0,Theorem,timeout,na,2110,2563,26,2563,260,1,0,0,0,
no_demodulation,SEU/SEU693^1.p,TH0,Theorem,timeout,na,3482,0,0,0,1,0,0,0,0,
no_demodulation,SEU/SEU693^2.p,TH0,Theorem,thm,yes,23,8,0,8,1,1,0,0,0,
no_demodulation,SEU/SEU694^1.p,TH0,Theorem,timeout,na,3503,0,0,0,1,0,0,0,0,
no_demodulation,SEU/SEU694^2.p,TH0,Theorem,thm,yes,26,8,0,8,1,1,0,0,0,
no_demodulation,SEU/SEU695^1.p,TH0,Theorem,timeout,na,3509,0,0,0,1,0,0,0,0,
no_demodulation,SEU/SEU695^2.p,TH0,Theorem,timeout,na,2056,627,17,627,82,12,0,0,0,
no_demodulation,SEU/SEU696^1.p,TH0,Theorem,timeout,na,3551,0,0,0,1,0,0,0,0,
no_demodulation,SEU/SEU696^2.p,TH0,Theorem,timeout,na,2105,848,8,848,186,0,0,0,0,
no_demodulation,SEU/SEU697^1.p,TH0,Theorem,timeout,na,3536,0,0,0,1,0,0,0,0,
no_demodulation,SEU/SEU697^2.p,TH0,Theorem,thm,yes,20,5,0,5,1,1,0,0,0,
no_demodulation,SEU/SEU698^1.p,TH0,Theorem,timeout,na,3601,0,0,0,1,0,0,0,0,
no_demodulation,SEU/SEU699^1.p,TH0,Theorem,timeout,na,3595,0,0,0,1,0,0,0,0,
no_demodulation,SEU/SEU699^2.p,TH0,Theorem,timeout,na,2074,619,14,619,108,0,0,0,0,
no_demodulation,SEU/SEU700^1.p,TH0,Theorem,timeout,na,3564,0,0,0,1,0,0,0,0,
no_demodulation,SEU/SEU700^2.p,TH0,Theorem,timeout,na,2070,1416,77,1407,170,9,0,5,0,
no_demodulation,SEU/SEU701^1.p,TH0,Theorem,timeout,na,3639,0,0,0,1,0,0,0,0,
no_demodulation,SEU/SEU701^2.p,TH0,Theorem,timeout,na,2150,2641,50,2641,508,54,0,1,0,
no_demodulation,SEU/SEU702^1.p,TH0,Theorem,timeout,na,3575,0,0,0,1,0,0,0,0,
no_demodulation,SEU/SEU702^2.p,TH0,Theorem,timeout,na,2064,1186,45,1153,157,37,0,4,0,
no_demodulation,SEU/SEU703^1.p,TH0,Theorem,timeout,na,3670,0,0,0,1,0,0,0,0,
no_demodulation,SEU/SEU703^2.p,TH0,Theorem,timeout,na,2152,2748,30,2748,561,68,0,1,0,
no_demodulation,SEU/SEU704^1.p,TH0,Theorem,timeout,na,3653,0,0,0,1,0,0,0,0,
no_demodulation,SEU/SEU704^2.p,TH0,Theorem,timeout,na,2429,4242,35,4241,192,374,0,0,0,
no_demodulation,SEU/SEU705^1.p,TH0,Theorem,timeout,na,3662,0,0,0,1,0,0,0,0,
no_demodulation,SEU/SEU705^2.p,TH0,Theorem,timeout,na,2130,2665,36,2664,576,11,0,1,0,
no_demodulation,SEU/SEU706^1.p,TH0,Theorem,timeout,na,3689,0,0,0,1,0,0,0,0,
no_demodulation,SEU/SEU706^2.p,TH0,Theorem,timeout,na,2122,2850,65,2850,229,47,0,0,0,
no_demodulation,SEU/SEU707^1.p,TH0,Theorem,timeout,na,3696,0,0,0,1,0,0,0,0,
no_demodulation,SEU/SEU707^2.p,TH0,Theorem,timeout,na,2169,4061,78,4061,201,36,0,0,0,
no_demodulation,SEU/SEU708^1.p,TH0,Theorem,timeout,na,3728,0,0,0,1,0,0,0,0,
no_demodulation,SEU/SEU708^2.p,TH0,Theorem,timeout,na,2150,3554,114,3554,188,70,0,0,0,
no_demodulation,SEU/SEU709^1.p,TH0,Theorem,timeout,na,3810,0,0,0,1,0,0,0,0,
no_demodulation,SEU/SEU709^2.p,TH0,Theorem,timeout,na,2194,3676,133,3675,666,58,0,1,0,
no_demodulation,SEU/SEU710^1.p,TH0,Theorem,timeout,na,3745,0,0,0,1,0,0,0,0,
no_demodulation,SEU/SEU711^1.p,TH0,Theorem,timeout,na,3882,0,0,0,1,0,0,0,0,
no_demodulation,SEU/SEU711^2.p,TH0,Theorem,timeout,na,2122,3720,147,3720,483,0,0,3,0,
no_demodulation,SEU/SEU712^1.p,TH0,Theorem,timeout,na,3773,0,0,0,1,0,0,0,0,
no_demodulation,SEU/SEU712^2.p,TH0,Theorem,timeout,na,2150,4081,104,4082,813,0,0,3,0,
no_demodulation,SEU/SEU713^1.p,TH0,Theorem,timeout,na,3816,0,0,0,1,0,0,0,0,
no_demodulation,SEU/SEU713^2.p,TH0,Theorem,timeout,na,2131,4309,172,4309,527,0,0,3,0,
no_demodulation,SEU/SEU714^1.p,TH0,Theorem,timeout,na,3840,0,0,0,1,0,0,0,0,
no_demodulation,SEU/SEU714^2.p,TH0,Theorem,thm,yes,66,93,3,93,9,0,0,2,1,
no_demodulation,SEU/SEU715^1.p,TH0,Theorem,timeout,na,3860,0,0,0,1,0,0,0,0,
no_demodulation,SEU/SEU715^2.p,TH0,Theorem,timeout,na,2126,4174,129,4174,233,24,0,0,0,
no_demodulation,SEU/SEU716^1.p,TH0,Theorem,timeout,na,3898,0,0,0,1,0,0,0,0,
no_demodulation,SEU/SEU716^2.p,TH0,Theorem,timeout,na,2163,4397,101,4397,902,0,0,2,0,
no_demodulation,SEU/SEU717^1.p,TH0,Theorem,timeout,na,3886,0,0,0,1,0,0,0,0,
no_demodulation,SEU/SEU717^2.p,TH0,Theorem,timeout,na,2092,2851,42,2851,569,13,0,1,0,
no_demodulation,SEU/SEU718^1.p,TH0,Theorem,timeout,na,3893,0,0,0,1,0,0,0,0,
no_demodulation,SEU/SEU718^2.p,TH0,Theorem,timeout,na,2179,5727,216,5727,946,242,0,1,0,
no_demodulation,SEU/SEU719^1.p,TH0,Theorem,timeout,na,3943,0,0,0,1,0,0,0,0,
no_demodulation,SEU/SEU719^2.p,TH0,Theorem,thm,yes,41,20,1,20,2,0,0,1,1,
no_demodulation,SEU/SEU720^1.p,TH0,Theorem,timeout,na,3963,0,0,0,1,0,0,0,0,
no_demodulation,SEU/SEU720^2.p,TH0,Theorem,thm,yes,72,47,3,47,3,0,0,3,1,
no_demodulation,SEU/SEU721^1.p,TH0,Theorem,timeout,na,4006,0,0,0,1,0,0,0,0,
no_demodulation,SEU/SEU721^2.p,TH0,Theorem,thm,yes,57,23,1,23,2,0,0,1,1,
no_demodulation,SEU/SEU722^1.p,TH0,Theorem,timeout,na,4015,0,0,0,1,0,0,0,0,
no_demodulation,SEU/SEU722^2.p,TH0,Theorem,thm,yes,55,21,1,21,2,0,0,1,1,
no_demodulation,SEU/SEU723^1.p,TH0,Theorem,timeout,na,4080,0,0,0,1,0,0,0,0,
no_demodulation,SEU/SEU723^2.p,TH0,Theorem,timeout,na,2340,5598,105,5598,1771,54,0,1,0,
no_demodulation,SEU/SEU724^1.p,TH0,Theorem,timeout,na,4022,0,0,0,1,0,0,0,0,
no_demodulation,SEU/SEU724^2.p,TH0,Theorem,thm,yes,69,29,2,29,3,0,0,1,1,
no_demodulation,SEU/SEU725^1.p,TH0,Theorem,timeout,na,4100,0,0,0,1,0,0,0,0,
no_demodulation,SEU/SEU725^2.p,TH0,Theorem,timeout,na,2202,3503,46,3503,1045,0,0,1,0,
no_demodulation,SEU/SEU726^1.p,TH0,Theorem,timeout,na,4154,0,0,0,1,0,0,0,0,
no_demodulation,SEU/SEU726^2.p,TH0,Theorem,timeout,na,2092,2711,85,2711,362,0,0,4,0,
no_demodulation,SEU/SEU727^1.p,TH0,Theorem,timeout,na,4122,0,0,0,1,0,0,0,0,
no_demodulation,SEU/SEU727^2.p,TH0,Theorem,timeout,na,2308,5344,79,5344,1782,16,0,3,0,
no_demodulation,SEU/SEU728^1.p,TH0,Theorem,timeout,na,4127,0,0,0,1,0,0,0,0,
no_demodulation,SEU/SEU728^2.p,TH0,Theorem,timeout,na,2257,5184,79,5184,1691,0,0,3,0,
no_demodulation,SEU/SEU729^1.p,TH0,Theorem,timeout,na,4224,0,0,0,1,0,0,0,0,
no_demodulation,SEU/SEU729^2.p,TH0,Theorem,timeout,na,2101,3075,61,3075,211,0,0,0,0,
no_demodulation,SEU/SEU730^1.p,TH0,Theorem,timeout,na,4221,0,0,0,1,0,0,0,0,
no_demodulation,SEU/SEU730^2.p,TH0,Theorem,timeout,na,2111,3137,65,3137,214,0,0,0,0,
no_demodulation,SEU/SEU731^1.p,TH0,Theorem,timeout,na,4212,0,0,0,1,0,0,0,0,
no_demodulation,SEU/SEU731^2.p,TH0,Theorem,timeout,na,2090,2528,62,2528,200,0,0,0,0,
no_demodulation,SEU/SEU732^1.p,TH0,Theorem,timeout,na,4248,0,0,0,1,0,0,0,0,
no_demodulation,SEU/SEU732^2.p,TH0,Theorem,timeout,na,2119,3337,114,3337,491,8,0,4,0,
no_demodulation,SEU/SEU733^1.p,TH0,Theorem,timeout,na,4283,0,0,0,1,0,0,0,0,
no_demodulation,SEU/SEU733^2.p,TH0,Theorem,timeout,na,2148,2948,96,2948,599,0,0,3,0,
no_demodulation,SEU/SEU734^1.p,TH0,Theorem,timeout,na,4346,0,0,0,1,0,0,0,0,
no_demodulation,SEU/SEU734^2.p,TH0,Theorem,timeout,na,2151,3171,49,3171,197,0,0,0,0,
no_demodulation,SEU/SEU735^1.p,TH0,Theorem,timeout,na,4378,0,0,0,1,0,0,0,0,
no_demodulation,SEU/SEU735^2.p,TH0,Theorem,timeout,na,2175,4264,22,4264,1234,20,0,3,0,
no_demodulation,SEU/SEU736^1.p,TH0,Theorem,timeout,na,4399,0,0,0,1,0,0,0,0,
no_demodulation,SEU/SEU736^2.p,TH0,Theorem,timeout,na,2081,2424,107,2424,298,0,0,3,0,
no_demodulation,SEU/SEU737^1.p,TH0,Theorem,timeout,na,4416,0,0,0,1,0,0,0,0,
no_demodulation,SEU/SEU737^2.p,TH0,Theorem,timeout,na,2091,2530,78,2530,184,0,0,0,0,
no_demodulation,SEU/SEU738^1.p,TH0,Theorem,timeout,na,4418,0,0,0,1,0,0,0,0,
no_demodulation,SEU/SEU738^2.p,TH0,Theorem,thm,yes,55,23,1,23,2,0,0,1,1,
no_demodulation,SEU/SEU739^1.p,TH0,Theorem,timeout,na,4442,0,0,0,1,0,0,0,0,
no_demodulation,SEU/SEU739^2.p,TH0,Theorem,thm,yes,56,23,1,23,2,0,0,1,1,
no_demodulation,SEU/SEU740^1.p,TH0,Theorem,timeout,na,4496,0,0,0,1,0,0,0,0,
no_demodulation,SEU/SEU740^2.p,TH0,Theorem,timeout,na,2339,5934,96,5934,1842,24,0,2,0,
no_demodulation,SEU/SEU741^1.p,TH0,Theorem,timeout,na,4509,0,0,0,1,0,0,0,0,
no_demodulation,SEU/SEU741^2.p,TH0,Theorem,timeout,na,2450,5968,44,5968,2071,15,0,2,0,
no_demodulation,SEU/SEU742^1.p,TH0,Theorem,timeout,na,4504,0,0,0,1,0,0,0,0,
no_demodulation,SEU/SEU742^2.p,TH0,Theorem,timeout,na,2064,1807,111,1807,118,0,0,2,0,
no_demodulation,SEU/SEU743^1.p,TH0,Theorem,timeout,na,4584,0,0,0,1,0,0,0,0,
no_demodulation,SEU/SEU743^2.p,TH0,Theorem,timeout,na,2157,2973,52,2973,599,0,0,3,0,
no_demodulation,SEU/SEU744^1.p,TH0,Theorem,timeout,na,4592,0,0,0,1,0,0,0,0,
no_demodulation,SEU/SEU744^2.p,TH0,Theorem,timeout,na,2143,2897,45,2897,718,0,0,3,0,
no_demodulation,SEU/SEU745^1.p,TH0,Theorem,timeout,na,4631,0,0,0,1,0,0,0,0,
no_demodulation,SEU/SEU745^2.p,TH0,Theorem,timeout,na,2102,2552,91,2552,420,0,0,3,0,
no_demodulation,SEU/SEU746^1.p,TH0,Theorem,timeout,na,4577,0,0,0,1,0,0,0,0,
no_demodulation,SEU/SEU746^2.p,TH0,Theorem,thm,yes,94,38,2,38,3,0,0,2,1,
no_demodulation,SEU/SEU747^1.p,TH0,Theorem,timeout,na,4648,0,0,0,1,0,0,0,0,
no_demodulation,SEU/SEU747^2.p,TH0,Theorem,thm,yes,81,38,2,38,3,0,0,2,1,
no_demodulation,SEU/SEU748^1.p,TH0,Theorem,timeout,na,4737,0,0,0,1,0,0,0,0,
no_demodulation,SEU/SEU749^1.p,TH0,Theorem,timeout,na,4728,0,0,0,1,0,0,0,0,
no_demodulation,SEU/SEU749^2.p,TH0,Theorem,timeout,na,2160,3381,47,3381,701,0,0,3,0,
no_demodulation,SEU/SEU750^1.p,TH0,Theorem,timeout,na,4750,0,0,0,1,0,0,0,0,
no_demodulation,SEU/SEU750^2.p,TH0,Theorem,timeout,na,2106,3451,204,3451,338,0,0,3,0,
no_demodulation,SEU/SEU751^1.p,TH0,Theorem,timeout,na,4807,0,0,0,1,0,0,0,0,
no_demodulation,SEU/SEU751^2.p,TH0,Theorem,timeout,na,2199,3999,118,3999,746,0,0,1,0,
no_demodulation,SEU/SEU752^1.p,TH0,Theorem,timeout,na,4863,0,0,0,1,0,0,0,0,
no_demodulation,SEU/SEU752^2.p,TH0,Theorem,timeout,na,2088,2996,200,2996,211,0,0,2,0,
no_demodulation,SEU/SEU753^1.p,TH0,Theorem,timeout,na,4830,0,0,0,1,0,0,0,0,
no_demodulation,SEU/SEU753^2.p,TH0,Theorem,timeout,na,2177,3117,58,3117,168,0,0,0,0,
no_demodulation,SEU/SEU754^1.p,TH0,Theorem,timeout,na,4881,0,0,0,1,0,0,0,0,
no_demodulation,SEU/SEU754^2.p,TH0,Theorem,timeout,na,2141,3127,155,3127,444,0,0,2,0,
no_demodulation,SEU/SEU755^1.p,TH0,Theorem,timeout,na,4878,0,0,0,1,0,0,0,0,
no_demodulation,SEU/SEU755^2.p,TH0,Theorem,timeout,na,2075,2919,196,2919,198,0,0,3,0,
no_demodulation,SEU/SEU756^1.p,TH0,Theorem,timeout,na,5007,0,0,0,1,0,0,0,0,
no_demodulation,SEU/SEU756^2.p,TH0,Theorem,timeout,na,2071,2834,185,2834,195,0,0,3,0,
no_demodulation,SEU/SEU757^1.p,TH0,Theorem,timeout,na,4959,0,0,0,1,0,0,0,0,
no_demodulation,SEU/SEU757^2.p,TH0,Theorem,timeout,na,2153,2828,85,2828,159,0,0,0,0,
no_demodulation,SEU/SEU758^1.p,TH0,Theorem,timeout,na,4909,0,0,0,1,0,0,0,0,
no_demodulation,SEU/SEU758^2.p,TH0,Theorem,timeout,na,2436,5796,46,5796,2193,72,0,2,0,
no_demodulation,SEU/SEU759^1.p,TH0,Theorem,timeout,na,5005,0,0,0,1,0,0,0,0,
no_demodulation,SEU/SEU759^2.p,TH0,Theorem,timeout,na,2237,5153,57,5153,1296,6,0,4,0,
no_demodulation,SEU/SEU760^1.p,TH0,Theorem,timeout,na,4993,0,0,0,1,0,0,0,0,
no_demodulation,SEU/SEU760^2.p,TH0,Theorem,timeout,na,2229,5220,62,5220,1215,5,0,4,0,
no_demodulation,SEU/SEU761^1.p,TH0,Theorem,timeout,na,5038,0,0,0,1,0,0,0,0,
no_demodulation,SEU/SEU761^2.p,TH0,Theorem,timeout,na,2236,4862,53,4862,1248,0,0,3,0,
no_demodulation,SEU/SEU762^1.p,TH0,Theorem,timeout,na,5117,0,0,0,1,0,0,0,0,
no_demodulation,SEU/SEU762^2.p,TH0,Theorem,timeout,na,2141,2607,95,2607,181,0,0,0,0,
no_demodulation,SEU/SEU763^1.p,TH0,Theorem,timeout,na,5101,0,0,0,1,0,0,0,0,
no_demodulation,SEU/SEU764^1.p,TH0,Theorem,timeout,na,5192,0,0,0,1,0,0,0,0,
no_demodulation,SEU/SEU764^2.p,TH0,Theorem,timeout,na,2253,4069,5,4069,183,0,0,0,0,
no_demodulation,SEU/SEU765^1.p,TH0,Theorem,timeout,na,5185,0,0,0,1,0,0,0,0,
no_demodulation,SEU/SEU766^1.p,TH0,Theorem,timeout,na,5283,0,0,0,1,0,0,0,0,
no_demodulation,SEU/SEU767^1.p,TH0,Theorem,timeout,na,5256,0,0,0,1,0,0,0,0,
no_demodulation,SEU/SEU768^1.p,TH0,Theorem,timeout,na,5320,0,0,0,1,0,0,0,0,
no_demodulation,SEU/SEU768^2.p,TH0,Theorem,timeout,na,2052,842,24,842,125,2,0,0,0,
no_demodulation,SEU/SEU769^1.p,TH0,Theorem,timeout,na,5259,0,0,0,1,0,0,0,0,
no_demodulation,SEU/SEU769^2.p,TH0,Theorem,thm,yes,46,18,1,18,2,0,0,1,1,
no_demodulation,SEU/SEU770^1.p,TH0,Theorem,timeout,na,5524,0,0,0,1,0,0,0,0,
no_demodulation,SEU/SEU770^2.p,TH0,Theorem,timeout,na,2136,2088,60,2088,216,0,0,0,0,
no_demodulation,SEU/SEU771^1.p,TH0,Theorem,timeout,na,5227,0,0,0,1,0,0,0,0,
no_demodulation,SEU/SEU771^2.p,TH0,Theorem,thm,yes,27,11,1,11,1,0,0,1,1,
no_demodulation,SEU/SEU772^1.p,TH0,Theorem,timeout,na,5360,0,0,0,1,0,0,0,0,
no_demodulation,SEU/SEU773^1.p,TH0,Theorem,timeout,na,5494,0,0,0,1,0,0,0,0,
no_demodulation,SEU/SEU773^2.p,TH0,Theorem,timeout,na,2071,1834,40,1834,219,0,0,0,0,
no_demodulation,SEU/SEU774^1.p,TH0,Theorem,timeout,na,5421,0,0,0,1,0,0,0,0,
no_demodulation,SEU/SEU774^2.p,TH0,Theorem,timeout,na,2068,1691,31,1691,220,19,0,0,0,
no_demodulation,SEU/SEU775^1.p,TH0,Theorem,timeout,na,5360,0,0,0,1,0,0,0,0,
no_demodulation,SEU/SEU775^2.p,TH0,Theorem,thm,yes,33,14,1,14,1,0,0,1,1,
no_demodulation,SEU/SEU776^1.p,TH0,Theorem,timeout,na,5573,0,0,0,1,0,0,0,0,
no_demodulation,SEU/SEU776^2.p,TH0,Theorem,timeout,na,2055,848,46,848,82,0,0,3,0,
no_demodulation,SEU/SEU777^1.p,TH0,Theorem,timeout,na,5596,0,0,0,1,0,0,0,0,
no_demodulation,SEU/SEU777^2.p,TH0,Theorem,thm,yes,121,30,2,30,2,0,0,1,1,
no_demodulation,SEU/SEU778^1.p,TH0,Theorem,timeout,na,5506,0,0,0,1,0,0,0,0,
no_demodulation,SEU/SEU778^2.p,TH0,Theorem,timeout,na,2020,268,13,247,2,26,0,0,0,
no_demodulation,SEU/SEU779^1.p,TH0,Theorem,timeout,na,5648,0,0,0,1,0,0,0,0,
no_demodulation,SEU/SEU779^2.p,TH0,Theorem,timeout,na,2049,645,36,645,52,0,0,3,0,
no_demodulation,SEU/SEU780^1.p,TH0,Theorem,timeout,na,5666,0,0,0,1,0,0,0,0,
no_demodulation,SEU/SEU780^2.p,TH0,Theorem,timeout,na,2053,964,31,964,89,49,0,1,0,
no_demodulation,SEU/SEU781^1.p,TH0,Theorem,timeout,na,5689,0,0,0,1,0,0,0,0,
no_demodulation,SEU/SEU781^2.p,TH0,Theorem,timeout,na,2053,1303,53,1303,112,25,0,0,0,
no_demodulation,SEU/SEU782^1.p,TH0,Theorem,timeout,na,5656,0,0,0,1,0,0,0,0,
no_demodulation,SEU/SEU782^2.p,TH0,Theorem,timeout,na,2152,3957,98,3957,762,0,0,4,0,
no_demodulation,SEU/SEU783^1.p,TH0,Theorem,timeout,na,5739,0,0,0,1,0,0,0,0,
no_demodulation,SEU/SEU783^2.p,TH0,Theorem,thm,yes,77,24,2,24,2,0,0,1,1,
no_demodulation,SEU/SEU784^1.p,TH0,Theorem,timeout,na,5869,0,0,0,1,0,0,0,0,
no_demodulation,SEU/SEU784^2.p,TH0,Theorem,thm,yes,77,24,2,24,2,0,0,1,1,
no_demodulation,SEU/SEU785^1.p,TH0,Theorem,timeout,na,5776,0,0,0,1,0,0,0,0,
no_demodulation,SEU/SEU785^2.p,TH0,Theorem,timeout,na,2068,1905,94,1905,200,4,0,0,0,
no_demodulation,SEU/SEU786^1.p,TH0,Theorem,timeout,na,5994,0,0,0,1,0,0,0,0,
no_demodulation,SEU/SEU786^2.p,TH0,Theorem,thm,yes,102,37,2,37,3,0,0,2,1,
no_demodulation,SEU/SEU787^1.p,TH0,Theorem,timeout,na,5906,0,0,0,1,0,0,0,0,
no_demodulation,SEU/SEU787^2.p,TH0,Theorem,timeout,na,2063,1678,74,1678,204,16,0,1,0,
no_demodulation,SEU/SEU788^1.p,TH0,Theorem,timeout,na,5769,0,0,0,1,0,0,0,0,
no_demodulation,SEU/SEU788^2.p,TH0,Theorem,timeout,na,2081,1935,91,1935,187,0,0,0,0,
no_demodulation,SEU/SEU789^1.p,TH0,Theorem,timeout,na,5838,0,0,0,1,0,0,0,0,
no_demodulation,SEU/SEU789^2.p,TH0,Theorem,timeout,na,2102,2485,60,2485,266,0,0,0,0,
no_demodulation,SEU/SEU790^1.p,TH0,Theorem,timeout,na,5903,0,0,0,1,0,0,0,0,
no_demodulation,SEU/SEU790^2.p,TH0,Theorem,timeout,na,2090,1776,99,1776,211,0,0,0,0,
no_demodulation,SEU/SEU791^1.p,TH0,Theorem,timeout,na,5959,0,0,0,1,0,0,0,0,
no_demodulation,SEU/SEU791^2.p,TH0,Theorem,timeout,na,2106,1712,80,1712,176,0,0,0,0,
no_demodulation,SEU/SEU792^1.p,TH0,Theorem,timeout,na,6153,0,0,0,1,0,0,0,0,
no_demodulation,SEU/SEU792^2.p,TH0,Theorem,timeout,na,2384,5043,41,5043,177,0,0,0,0,
no_demodulation,SEU/SEU793^1.p,TH0,Theorem,timeout,na,5869,0,0,0,1,0,0,0,0,
no_demodulation,SEU/SEU793^2.p,TH0,Theorem,timeout,na,2033,697,27,697,72,6,0,0,0,
no_demodulation,SEU/SEU794^1.p,TH0,Theorem,timeout,na,6011,0,0,0,1,0,0,0,0,
no_demodulation,SEU/SEU794^2.p,TH0,Theorem,timeout,na,2122,3297,15,3297,259,60,0,0,0,
no_demodulation,SEU/SEU795^1.p,TH0,Theorem,timeout,na,6117,0,0,0,1,0,0,0,0,
no_demodulation,SEU/SEU795^2.p,TH0,Theorem,timeout,na,2089,1882,20,1882,205,7,0,0,0,
no_demodulation,SEU/SEU796^1.p,TH0,Theorem,timeout,na,6064,0,0,0,1,0,0,0,0,
no_demodulation,SEU/SEU796^2.p,TH0,Theorem,timeout,na,2090,2047,52,2047,322,51,0,1,0,
no_demodulation,SEU/SEU797^1.p,TH0,Theorem,timeout,na,6147,0,0,0,1,0,0,0,0,
no_demodulation,SEU/SEU797^2.p,TH0,Theorem,timeout,na,2096,2585,58,2585,411,103,0,2,0,
no_demodulation,SEU/SEU798^1.p,TH0,Theorem,timeout,na,6298,0,0,0,1,0,0,0,0,
no_demodulation,SEU/SEU798^2.p,TH0,Theorem,thm,yes,74,31,1,31,3,0,0,4,1,
no_demodulation,SEU/SEU799^1.p,TH0,Theorem,timeout,na,6219,0,0,0,1,0,0,0,0,
no_demodulation,SEU/SEU799^2.p,TH0,Theorem,thm,yes,33,20,1,20,2,0,0,1,1,
no_demodulation,SEU/SEU800^1.p,TH0,Theorem,timeout,na,6199,0,0,0,1,0,0,0,0,
no_demodulation,SEU/SEU800^2.p,TH0,Theorem,thm,yes,45,17,1,17,2,0,0,1,1,
no_demodulation,SEU/SEU801^1.p,TH0,Theorem,timeout,na,6322,0,0,0,1,0,0,0,0,
no_demodulation,SEU/SEU801^2.p,TH0,Theorem,timeout,na,2062,1639,16,1639,308,11,0,2,0,
no_demodulation,SEU/SEU802^1.p,TH0,Theorem,timeout,na,6310,0,0,0,1,0,0,0,0,
no_demodulation,SEU/SEU802^2.p,TH0,Theorem,timeout,na,2069,2249,127,2249,175,18,0,1,0,
no_demodulation,SEU/SEU803^1.p,TH0,Theorem,timeout,na,6623,0,0,0,1,0,0,0,0,
no_demodulation,SEU/SEU803^2.p,TH0,Theorem,thm,yes,96,122,1,122,13,17,0,1,1,
no_demodulation,SEU/SEU804^1.p,TH0,Theorem,timeout,na,6470,0,0,0,1,0,0,0,0,
no_demodulation,SEU/SEU804^2.p,TH0,Theorem,timeout,na,2133,2743,50,2743,540,0,0,1,0,
no_demodulation,SEU/SEU805^1.p,TH0,Theorem,timeout,na,6486,0,0,0,1,0,0,0,0,
no_demodulation,SEU/SEU805^2.p,TH0,Theorem,timeout,na,2218,6341,143,6341,157,57,0,0,0,
no_demodulation,SEU/SEU806^1.p,TH0,Theorem,timeout,na,6306,0,0,0,1,0,0,0,0,
no_demodulation,SEU/SEU806^2.p,TH0,Theorem,timeout,na,2059,4477,289,4477,178,36,0,1,0,
no_demodulation,SEU/SEU807^1.p,TH0,Theorem,timeout,na,6379,0,0,0,1,0,0,0,0,
no_demodulation,SEU/SEU807^2.p,TH0,Theorem,timeout,na,2095,3968,173,3968,395,15,0,1,0,
no_demodulation,SEU/SEU808^1.p,TH0,Theorem,timeout,na,6546,0,0,0,1,0,0,0,0,
no_demodulation,SEU/SEU808^2.p,TH0,Theorem,thm,yes,17,11,0,11,2,0,0,1,1,
no_demodulation,SEU/SEU809^1.p,TH0,Theorem,timeout,na,6537,0,0,0,1,0,0,0,0,
no_demodulation,SEU/SEU809^2.p,TH0,Theorem,thm,yes,12,11,0,11,2,0,0,1,1,
no_demodulation,SEU/SEU810^1.p,TH0,Theorem,timeout,na,6648,0,0,0,1,0,0,0,0,
no_demodulation,SEU/SEU810^2.p,TH0,Theorem,timeout,na,2094,2817,82,2817,387,73,0,1,0,
no_demodulation,SEU/SEU811^1.p,TH0,Theorem,timeout,na,6562,0,0,0,1,0,0,0,0,
no_demodulation,SEU/SEU811^2.p,TH0,Theorem,timeout,na,2240,4610,62,4610,1173,5,0,1,0,
no_demodulation,SEU/SEU812^1.p,TH0,Theorem,timeout,na,6694,0,0,0,1,0,0,0,0,
no_demodulation,SEU/SEU812^2.p,TH0,Theorem,thm,yes,15,12,0,12,2,0,0,1,1,
no_demodulation,SEU/SEU813^1.p,TH0,Theorem,timeout,na,6688,0,0,0,1,0,0,0,0,
no_demodulation,SEU/SEU813^2.p,TH0,Theorem,timeout,na,2198,5753,215,5753,1119,8,0,1,0,
no_demodulation,SEU/SEU814^1.p,TH0,Theorem,timeout,na,6706,0,0,0,1,0,0,0,0,
no_demodulation,SEU/SEU814^2.p,TH0,Theorem,thm,yes,63,102,3,102,10,4,0,3,1,
no_demodulation,SEU/SEU815^1.p,TH0,Theorem,timeout,na,6766,0,0,0,1,0,0,0,0,
no_demodulation,SEU/SEU815^2.p,TH0,Theorem,timeout,na,2100,4156,207,4156,426,0,0,1,0,
no_demodulation,SEU/SEU816^1.p,TH0,Theorem,timeout,na,6724,0,0,0,1,0,0,0,0,
no_demodulation,SEU/SEU816^2.p,TH0,Theorem,timeout,na,2247,4995,110,4995,284,0,0,0,0,
no_demodulation,SEU/SEU817^1.p,TH0,Theorem,timeout,na,6716,0,0,0,1,0,0,0,0,
no_demodulation,SEU/SEU817^2.p,TH0,Theorem,timeout,na,2136,3704,94,3704,696,32,0,1,0,
no_demodulation,SEU/SEU818^1.p,TH0,Theorem,timeout,na,6915,0,0,0,1,0,0,0,0,
no_demodulation,SEU/SEU818^2.p,TH0,Theorem,thm,yes,75,15,1,15,1,1,0,0,0,
no_demodulation,SEU/SEU819^1.p,TH0,Theorem,timeout,na,6990,0,0,0,1,0,0,0,0,
no_demodulation,SEU/SEU819^2.p,TH0,Theorem,timeout,na,2121,3382,72,3382,674,22,0,1,0,
no_demodulation,SEU/SEU820^1.p,TH0,Theorem,timeout,na,2749,0,0,0,1,0,0,0,0,
no_demodulation,SEU/SEU820^2.p,TH0,Theorem,timeout,na,2146,5347,199,5347,234,21,0,0,0,
no_demodulation,SEU/SEU821^1.p,TH0,Theorem,parse_timeout,na,5004,,,,,,,,,parse exceeded 5000ms
no_demodulation,SEU/SEU821^2.p,TH0,Theorem,thm,yes,48,11,1,11,1,1,0,0,0,
no_demodulation,SEU/SEU822^1.p,TH0,Theorem,timeout,na,7018,0,0,0,1,0,0,0,0,
no_demodulation,SEU/SEU822^2.p,TH0,Theorem,thm,yes,119,46,1,46,6,0,0,1,1,
no_demodulation,SEU/SEU823^1.p,TH0,Theorem,timeout,na,7049,0,0,0,1,0,0,0,0,
no_demodulation,SEU/SEU823^2.p,TH0,Theorem,timeout,na,2071,2520,83,2520,305,32,0,1,0,
no_demodulation,SEU/SEU824^1.p,TH0,Theorem,parse_timeout,na,0,,,,,,,,,cached: parse exceeded 5000ms
no_demodulation,SEU/SEU824^2.p,TH0,Theorem,timeout,na,2103,2340,57,2340,236,0,0,0,0,
no_demodulation,SEU/SEU824^3.p,TH0,CounterSatisfiable,timeout,na,2551,597,59,597,1,0,0,0,0,
no_demodulation,SEU/SEU825^3.p,TH0,CounterSatisfiable,timeout,na,2095,4252,124,4252,570,38,0,1,0,
no_demodulation,SEU/SEU826^1.p,TH0,Theorem,timeout,na,2231,9416,129,9416,268,676,0,0,0,
no_demodulation,SEU/SEU827^1.p,TH0,Theorem,timeout,na,2263,8377,114,8377,337,252,0,0,0,
no_demodulation,SEU/SEU828^1.p,TH0,Theorem,thm,yes,20,23,0,23,2,2,0,1,1,
no_demodulation,SEU/SEU829^1.p,TH0,Theorem,thm,yes,20,37,0,37,3,4,0,1,1,
no_demodulation,SEU/SEU831^5.p,TH0,Theorem,thm,yes,4,2,0,2,1,1,0,0,0,
no_demodulation,SEU/SEU832^5.p,TH0,Theorem,thm,yes,3,2,0,2,1,1,0,0,0,
no_demodulation,SEU/SEU833^5.p,TH0,Theorem,thm,yes,3,2,0,2,1,1,0,0,0,
no_demodulation,SEU/SEU834^5.p,TH0,Theorem,thm,yes,4,4,0,4,1,1,0,0,0,
no_demodulation,SEU/SEU836^5.p,TH0,Theorem,thm,yes,4,4,0,4,1,1,0,0,0,
no_demodulation,SEU/SEU839^5.p,TH0,Theorem,thm,yes,6,3,0,3,1,1,0,0,0,
no_demodulation,SEU/SEU841^5.p,TH0,Theorem,thm,yes,41,141,1,141,10,16,0,1,1,
no_demodulation,SEU/SEU842^5.p,TH0,Theorem,thm,yes,7,3,0,3,1,1,0,0,0,
no_demodulation,SEU/SEU843^5.p,TH0,Theorem,thm,yes,20,14,1,14,2,0,0,1,1,
no_demodulation,SEU/SEU844^5.p,TH0,Theorem,timeout,na,2063,5219,440,5219,63,62,0,1,0,
no_demodulation,SEU/SEU845^5.p,TH0,Theorem,thm,yes,19,20,0,20,2,0,0,1,1,
no_demodulation,SEU/SEU846^5.p,TH0,Theorem,thm,yes,47,24,1,24,3,0,0,1,1,
no_demodulation,SEU/SEU847^5.p,TH0,Theorem,thm,yes,4,2,0,2,1,1,0,0,0,
no_demodulation,SEU/SEU848^5.p,TH0,Theorem,thm,yes,27,42,0,42,5,3,0,1,1,
no_demodulation,SEU/SEU849^5.p,TH0,Theorem,thm,yes,29,43,0,43,5,3,0,1,1,
no_demodulation,SEU/SEU850^5.p,TH0,Theorem,timeout,na,2067,3505,14,3505,425,677,0,2,0,
no_demodulation,SEU/SEU851^5.p,TH0,Theorem,thm,yes,11,3,0,3,1,1,0,0,0,
no_demodulation,SEU/SEU852^5.p,TH0,Theorem,thm,yes,109,236,2,236,38,23,0,1,1,
no_demodulation,SEU/SEU853^5.p,TH0,Theorem,thm,yes,98,173,2,173,19,19,0,1,1,
no_demodulation,SEU/SEU854^5.p,TH0,Theorem,timeout,na,2022,1052,10,1052,85,153,0,2,0,
no_demodulation,SEU/SEU855^5.p,TH0,Theorem,thm,yes,96,218,9,218,15,15,0,1,1,
no_demodulation,SEU/SEU856^5.p,TH0,Theorem,thm,yes,55,82,0,83,8,6,0,1,1,
no_demodulation,SEU/SEU857^5.p,TH0,Theorem,thm,yes,46,4,0,4,1,1,0,0,0,
no_demodulation,SEU/SEU858^5.p,TH0,Theorem,thm,yes,6,2,0,2,1,1,0,0,0,
no_demodulation,SEU/SEU859^5.p,TH0,Theorem,timeout,na,2053,930,24,930,144,0,0,2,0,
no_demodulation,SEU/SEU860^5.p,TH0,Theorem,timeout,na,2044,1114,24,1114,162,5,0,2,0,
no_demodulation,SEU/SEU861^5.p,TH0,Theorem,timeout,na,2041,648,45,648,36,0,0,1,0,
no_demodulation,SEU/SEU862^5.p,TH0,Unknown,timeout,na,2038,364,13,364,42,3,0,1,0,
no_demodulation,SEU/SEU863^5.p,TH0,Theorem,timeout,na,2061,577,24,577,65,0,0,3,0,
no_demodulation,SEU/SEU864^5.p,TH0,Theorem,timeout,na,2052,2063,77,2063,191,50,0,6,0,
no_demodulation,SEU/SEU865^5.p,TH0,Theorem,timeout,na,2043,1185,22,1185,204,0,0,2,0,
no_demodulation,SEU/SEU866^5.p,TH0,Theorem,timeout,na,2046,1865,52,1865,229,0,0,2,0,
no_demodulation,SEU/SEU867^5.p,TH0,Theorem,timeout,na,2045,1278,11,1278,210,12,0,1,0,
no_demodulation,SEU/SEU868^5.p,TH0,Theorem,timeout,na,2036,1192,82,1192,73,1,0,2,0,
no_demodulation,SEU/SEU869^5.p,TH0,Theorem,timeout,na,2036,749,14,749,123,10,0,1,0,
no_demodulation,SEU/SEU871^5.p,TH0,Unknown,timeout,na,2032,560,34,560,39,0,0,1,0,
no_demodulation,SEU/SEU872^5.p,TH0,Theorem,timeout,na,2034,465,11,465,85,1,0,1,0,
no_demodulation,SEU/SEU873^5.p,TH0,Unknown,timeout,na,2038,474,26,474,37,0,0,1,0,
no_demodulation,SEU/SEU874^5.p,TH0,Theorem,timeout,na,2034,893,32,893,95,21,0,1,0,
no_demodulation,SEU/SEU875^5.p,TH0,Theorem,timeout,na,2023,619,28,619,41,10,0,1,0,
no_demodulation,SEU/SEU876^5.p,TH0,Theorem,timeout,na,2057,1006,11,1006,163,8,0,1,0,
no_demodulation,SEU/SEU877^5.p,TH0,Theorem,timeout,na,2053,871,23,871,122,11,0,0,0,
no_demodulation,SEU/SEU878^5.p,TH0,Theorem,timeout,na,2056,261,7,261,26,13,0,0,0,
no_demodulation,SEU/SEU879^5.p,TH0,Theorem,timeout,na,2126,370,8,370,56,0,0,0,0,
no_demodulation,SEU/SEU880^5.p,TH0,CounterSatisfiable,timeout,na,2227,27,2,27,3,0,0,0,0,
no_demodulation,SEU/SEU881^5.p,TH0,Theorem,timeout,na,2354,238,4,238,42,7,0,0,0,
no_demodulation,SEU/SEU882^5.p,TH0,Theorem,thm,yes,25,17,0,17,2,1,0,1,1,
no_demodulation,SEU/SEU883^5.p,TH0,Theorem,thm,yes,4,1,0,1,1,1,0,0,0,
no_demodulation,SEU/SEU884^5.p,TH0,Theorem,timeout,na,2042,3035,185,3035,186,16,0,2,0,
no_demodulation,SEU/SEU885^5.p,TH0,Theorem,timeout,na,2052,3482,235,3482,189,9,0,1,0,
no_demodulation,SEU/SEU886^5.p,TH0,Theorem,timeout,na,2087,3070,153,3070,286,31,0,1,0,
no_demodulation,SEU/SEU887^5.p,TH0,Theorem,timeout,na,2045,3183,200,3183,179,10,0,1,0,
no_demodulation,SEU/SEU888^5.p,TH0,Theorem,timeout,na,2056,3398,146,3398,320,50,0,1,0,
no_demodulation,SEU/SEU889^5.p,TH0,Theorem,timeout,na,2057,3704,232,3704,233,47,0,2,0,
no_demodulation,SEU/SEU890^5.p,TH0,Theorem,timeout,na,2043,3546,226,3546,195,13,0,1,0,
no_demodulation,SEU/SEU891^5.p,TH0,Theorem,timeout,na,2043,3559,238,3559,168,25,0,1,0,
no_demodulation,SEU/SEU892^5.p,TH0,Theorem,timeout,na,2023,1300,81,1300,84,0,0,2,0,
no_demodulation,SEU/SEU893^5.p,TH0,Theorem,timeout,na,2050,3589,229,3589,194,18,0,1,0,
no_demodulation,SEU/SEU894^5.p,TH0,Theorem,timeout,na,2043,2075,78,2075,219,4,0,1,0,
no_demodulation,SEU/SEU895^5.p,TH0,Theorem,timeout,na,2082,4028,170,4028,133,55,0,0,0,
no_demodulation,SEU/SEU896^5.p,TH0,Theorem,timeout,na,2078,3178,93,3178,115,124,0,0,0,
no_demodulation,SEU/SEU897^5.p,TH0,Theorem,timeout,na,2051,2664,116,2664,131,32,0,0,0,
no_demodulation,SEU/SEU898^5.p,TH0,Theorem,timeout,na,2060,2305,50,2305,142,104,0,0,0,
no_demodulation,SEU/SEU899^5.p,TH0,Theorem,timeout,na,2051,3614,213,3614,158,53,0,0,0,
no_demodulation,SEU/SEU901^5.p,TH0,Theorem,timeout,na,2196,5633,178,5633,252,337,0,0,0,
no_demodulation,SEU/SEU902^5.p,TH0,Theorem,timeout,na,2078,1847,58,1847,322,23,0,1,0,
no_demodulation,SEU/SEU903^5.p,TH0,Theorem,timeout,na,2231,6493,228,6493,193,432,0,0,0,
no_demodulation,SEU/SEU904^5.p,TH0,Theorem,timeout,na,2313,4955,37,4955,188,168,0,0,0,
no_demodulation,SEU/SEU905^5.p,TH0,Theorem,timeout,na,2341,6248,10,6248,211,736,0,0,0,
no_demodulation,SEU/SEU906^5.p,TH0,Theorem,timeout,na,2060,2090,89,2090,328,25,0,4,0,
no_demodulation,SEU/SEU907^5.p,TH0,Theorem,timeout,na,2045,1754,46,1754,227,19,0,2,0,
no_demodulation,SEU/SEU908^5.p,TH0,Theorem,thm,yes,33,18,0,18,3,0,0,1,1,
no_demodulation,SEU/SEU909^5.p,TH0,Theorem,timeout,na,2030,651,31,651,56,3,0,1,0,
no_demodulation,SEU/SEU910^5.p,TH0,Theorem,timeout,na,2077,288,5,288,40,3,0,0,0,
no_demodulation,SEU/SEU911^5.p,TH0,CounterSatisfiable,timeout,na,2085,268,4,268,46,0,0,0,0,
no_demodulation,SEU/SEU912^5.p,TH0,Theorem,timeout,na,2081,427,8,427,43,22,0,0,0,
no_demodulation,SEU/SEU913^5.p,TH0,Unknown,timeout,na,2144,118,5,118,12,0,0,0,0,
no_demodulation,SEU/SEU914^5.p,TH0,Theorem,timeout,na,2144,221,7,221,19,5,0,0,0,
no_demodulation,SEU/SEU915^5.p,TH0,Theorem,timeout,na,2145,274,10,274,34,6,0,0,0,
no_demodulation,SEU/SEU916^5.p,TH0,Theorem,timeout,na,2154,64,2,64,8,1,0,0,0,
no_demodulation,SEU/SEU917^5.p,TH0,Theorem,timeout,na,2036,1724,77,1724,139,3,0,1,0,
no_demodulation,SEU/SEU918^5.p,TH0,Theorem,thm,yes,1526,77,4,77,5,3,0,2,1,
no_demodulation,SEU/SEU919^5.p,TH0,Theorem,thm,yes,94,36,1,36,3,1,0,2,1,
no_demodulation,SEU/SEU920^5.p,TH0,Theorem,timeout,na,2052,2614,117,2614,190,18,0,4,0,
no_demodulation,SEU/SEU921^5.p,TH0,Theorem,timeout,na,2049,2551,112,2551,194,44,0,3,0,
no_demodulation,SEU/SEU922^5.p,TH0,Theorem,timeout,na,2032,1586,59,1586,142,8,0,3,0,
no_demodulation,SEU/SEU923^5.p,TH0,Theorem,thm,yes,7,1,0,1,1,1,0,0,0,
no_demodulation,SEU/SEU924^5.p,TH0,Theorem,timeout,na,2006,80,2,80,5,4,0,4,0,
no_demodulation,SEU/SEU925^5.p,TH0,Theorem,timeout,na,2063,2532,61,2532,313,46,0,1,0,
no_demodulation,SEU/SEU926^5.p,TH0,Theorem,thm,yes,39,11,0,11,2,0,0,1,1,
no_demodulation,SEU/SEU927^5.p,TH0,Theorem,thm,yes,31,22,0,22,3,3,0,3,1,
no_demodulation,SEU/SEU928^5.p,TH0,Theorem,timeout,na,2060,2574,81,2574,312,25,0,1,0,
no_demodulation,SEU/SEU929^5.p,TH0,Theorem,timeout,na,2005,139,4,139,11,5,0,3,0,
no_demodulation,SEU/SEU930^5.p,TH0,Theorem,timeout,na,2059,2660,97,2660,300,23,0,2,0,
no_demodulation,SEU/SEU931^5.p,TH0,Theorem,timeout,na,2060,2594,95,2594,295,12,0,2,0,
no_demodulation,SEU/SEU932^5.p,TH0,Theorem,timeout,na,2081,2796,86,2796,366,14,0,2,0,
no_demodulation,SEU/SEU933^5.p,TH0,Theorem,timeout,na,2011,243,8,243,17,8,0,2,0,
no_demodulation,SEU/SEU934^5.p,TH0,Theorem,timeout,na,2074,2798,57,2798,316,97,0,1,0,
no_demodulation,SEU/SEU935^5.p,TH0,Theorem,timeout,na,2050,2121,63,2121,215,7,0,4,0,
no_demodulation,SEU/SEU936^5.p,TH0,Theorem,timeout,na,2057,2468,128,2468,174,36,0,1,0,
no_demodulation,SEU/SEU937^5.p,TH0,Theorem,timeout,na,2049,2980,170,2980,187,40,0,1,0,
no_demodulation,SEU/SEU938^5.p,TH0,Theorem,timeout,na,2057,2319,103,2319,247,25,0,1,0,
no_demodulation,SEU/SEU939^5.p,TH0,Theorem,timeout,na,2023,367,20,367,22,0,0,2,0,
no_demodulation,SEU/SEU940^5.p,TH0,Theorem,timeout,na,2034,610,31,610,54,1,0,1,0,
no_demodulation,SEU/SEU941^5.p,TH0,Theorem,timeout,na,2066,2982,139,2982,251,56,0,1,0,
no_demodulation,SEU/SEU942^5.p,TH0,Theorem,timeout,na,2049,2013,74,2013,249,9,0,1,0,
no_demodulation,SEU/SEU943^5.p,TH0,Theorem,timeout,na,2064,2347,59,2347,349,13,0,3,0,
no_demodulation,SEU/SEU944^5.p,TH0,Theorem,timeout,na,2053,2199,83,2199,259,14,0,3,0,
no_demodulation,SEU/SEU945^5.p,TH0,Theorem,timeout,na,2007,163,4,163,13,5,0,4,0,
no_demodulation,SEU/SEU946^5.p,TH0,Theorem,timeout,na,2058,2196,72,2196,277,12,0,1,0,
no_demodulation,SEU/SEU947^5.p,TH0,Theorem,timeout,na,2044,2125,87,2125,199,8,0,2,0,
no_demodulation,SEU/SEU948^5.p,TH0,Theorem,timeout,na,2029,698,26,698,63,22,0,2,0,
no_demodulation,SEU/SEU949^5.p,TH0,Theorem,timeout,na,2014,314,15,314,18,7,0,1,0,
no_demodulation,SEU/SEU950^5.p,TH0,Theorem,timeout,na,2022,756,46,756,36,9,0,3,0,
no_demodulation,SEU/SEU951^5.p,TH0,Theorem,timeout,na,2033,748,31,748,75,13,0,2,0,
no_demodulation,SEU/SEU953^5.p,TH0,Theorem,timeout,na,2055,2051,43,2051,240,10,0,3,0,
no_demodulation,SEU/SEU954^5.p,TH0,Unknown,timeout,na,2048,1889,35,1889,224,8,0,3,0,
no_demodulation,SEU/SEU955^5.p,TH0,Theorem,timeout,na,2076,2311,7,2311,392,2,0,4,0,
no_demodulation,SEU/SEU956^5.p,TH0,Theorem,timeout,na,2083,2968,67,2968,382,66,0,2,0,
no_demodulation,SEU/SEU957^5.p,TH0,Theorem,timeout,na,2077,2777,4,2777,435,2,0,4,0,
no_demodulation,SEU/SEU958^5.p,TH0,Unknown,timeout,na,2074,2534,22,2534,360,3,0,4,0,
no_demodulation,SEU/SEU959^5.p,TH0,Unknown,timeout,na,2045,1496,30,1496,176,14,0,3,0,
no_demodulation,SEU/SEU960^5.p,TH0,Theorem,timeout,na,2041,1026,12,1026,173,0,0,1,0,
no_demodulation,SEU/SEU961^5.p,TH0,Theorem,timeout,na,2051,1363,20,1363,246,5,0,2,0,
no_demodulation,SEU/SEU963^5.p,TH0,Unknown,timeout,na,2028,717,24,717,60,35,0,2,0,
no_demodulation,SEU/SEU965^5.p,TH0,Unknown,timeout,na,2029,662,18,662,64,19,0,2,0,
no_demodulation,SEU/SEU966^5.p,TH0,CounterSatisfiable,timeout,na,2075,2162,76,2162,293,29,0,1,0,
no_demodulation,SEU/SEU967^5.p,TH0,Theorem,thm,yes,40,4,0,4,1,0,0,1,1,
no_demodulation,SEU/SEU968^5.p,TH0,Theorem,timeout,na,2022,432,12,432,45,18,0,2,0,
no_demodulation,SEU/SEU969^5.p,TH0,Theorem,timeout,na,2042,1784,87,1784,171,5,0,1,0,
no_demodulation,SEU/SEU970^5.p,TH0,Theorem,timeout,na,2042,2617,150,2617,185,0,0,2,0,
no_demodulation,SEU/SEU971^5.p,TH0,Unknown,timeout,na,2058,606,2,606,156,23,0,0,0,
no_demodulation,SEU/SEU972^5.p,TH0,Theorem,timeout,na,2050,980,18,980,142,26,0,1,0,
no_demodulation,SEU/SEU973^5.p,TH0,Unknown,timeout,na,2051,1117,29,1117,158,14,0,1,0,
no_demodulation,SEU/SEU974^5.p,TH0,Theorem,timeout,na,2078,1322,36,1322,223,86,0,1,0,
no_demodulation,SEU/SEU975^5.p,TH0,Theorem,timeout,na,2080,1337,43,1337,230,80,0,1,0,
no_demodulation,SEU/SEU976^5.p,TH0,Unknown,timeout,na,2045,755,24,755,107,0,0,3,0,
no_demodulation,SEU/SEU977^5.p,TH0,Unknown,timeout,na,2047,749,30,749,89,0,0,2,0,
no_demodulation,SEU/SEU978^5.p,TH0,Unknown,timeout,na,2089,921,2,921,182,48,0,0,0,
no_demodulation,SEU/SEU979^5.p,TH0,Unknown,timeout,na,2061,674,15,674,103,3,0,1,0,
no_demodulation,SEU/SEU980^6.p,TH0,Unknown,timeout,na,2070,611,10,611,122,2,0,0,0,
no_demodulation,SEU/SEU982^5.p,TH0,Unknown,timeout,na,2064,840,31,840,93,6,0,0,0,
no_demodulation,SEU/SEU983^5.p,TH0,Unknown,timeout,na,2064,873,47,873,70,0,0,0,0,
no_demodulation,SEU/SEU984^5.p,TH0,Unknown,timeout,na,2076,1352,37,1352,170,10,0,2,0,
no_demodulation,SEU/SEU985^5.p,TH0,Unknown,timeout,na,2036,571,22,571,57,0,0,2,0,
no_demodulation,SEU/SEU986^5.p,TH0,Unknown,timeout,na,2035,735,26,735,84,0,0,2,0,
no_demodulation,SEU/SEU987^5.p,TH0,Theorem,timeout,na,2037,1320,79,1320,106,9,0,3,0,
no_demodulation,SEU/SEU988^5.p,TH0,Unknown,timeout,na,2063,776,27,776,81,31,0,1,0,
no_demodulation,SEU/SEU989^5.p,TH0,Unknown,timeout,na,2053,1511,40,1511,180,0,0,1,0,
no_demodulation,SEU/SEU990^5.p,TH0,Unknown,timeout,na,2048,1984,88,1984,166,12,0,2,0,
no_demodulation,SEU/SEU991^5.p,TH0,Unknown,timeout,na,2036,906,35,906,78,7,0,1,0,
no_demodulation,SEU/SEU992^5.p,TH0,Theorem,timeout,na,2036,1270,75,1270,80,0,0,1,0,
no_demodulation,SEU/SEU993^5.p,TH0,Unknown,timeout,na,2035,1346,73,1346,89,0,0,1,0,
no_demodulation,SEU/SEU994^5.p,TH0,CounterSatisfiable,csa,yes,36,16,0,16,3,0,1,0,0,cR C[1QXT8] C[1Q1YTJ]  cR C[1Q1YTJ] C[1QXT8]  C[1PQF2R] C[1Q1YTJ]  ¬(C[1PQF2R] C[1QXT8])
no_demodulation,SEU/SEU995^5.p,TH0,Theorem,timeout,na,2006,79,3,79,5,3,0,1,0,
no_demodulation,SEU/SEU996^5.p,TH0,Theorem,timeout,na,2062,1831,108,1831,106,16,0,4,0,
no_demodulation,SEU/SEU997^5.p,TH0,Theorem,timeout,na,2112,1741,39,1741,194,6,0,4,0,
no_demodulation,SEU/SEU998^5.p,TH0,Theorem,timeout,na,2064,343,18,343,21,5,0,1,0,
no_demodulation,SEU/SEU999^5.p,TH0,Theorem,timeout,na,2070,375,17,375,25,5,0,1,0,
no_demodulation,SEV/SEV000^5.p,TH0,Theorem,timeout,na,2091,2612,134,2612,210,19,0,1,0,
no_demodulation,SEV/SEV001^5.p,TH0,Theorem,timeout,na,2088,2627,122,2627,228,13,0,2,0,
no_demodulation,SEV/SEV002^5.p,TH0,Theorem,timeout,na,2065,1368,61,1368,108,33,0,3,0,
no_demodulation,SEV/SEV003^5.p,TH0,Theorem,timeout,na,2064,476,23,476,34,8,0,0,0,
no_demodulation,SEV/SEV004^5.p,TH0,Theorem,timeout,na,2061,19,0,19,2,0,0,0,0,
no_demodulation,SEV/SEV005^5.p,TH0,Theorem,timeout,na,2052,21,1,21,2,0,0,0,0,
no_demodulation,SEV/SEV006^5.p,TH0,Theorem,timeout,na,2120,1942,49,1942,122,31,0,0,0,
no_demodulation,SEV/SEV007^5.p,TH0,Unknown,timeout,na,2079,10,0,10,2,0,0,0,0,
no_demodulation,SEV/SEV008^5.p,TH0,Theorem,timeout,na,2083,2332,89,2332,342,14,0,1,0,
no_demodulation,SEV/SEV009^5.p,TH0,Theorem,timeout,na,2103,2113,33,2113,555,17,0,1,0,
no_demodulation,SEV/SEV010^5.p,TH0,Theorem,timeout,na,2035,1010,55,1010,93,3,0,0,0,
no_demodulation,SEV/SEV011^5.p,TH0,Theorem,timeout,na,2030,928,55,928,67,4,0,1,0,
no_demodulation,SEV/SEV012^5.p,TH0,Theorem,thm,yes,12,12,0,12,2,3,0,0,0,
no_demodulation,SEV/SEV013^5.p,TH0,Theorem,timeout,na,2066,2995,109,2995,341,38,0,1,0,
no_demodulation,SEV/SEV014^5.p,TH0,Theorem,thm,yes,13,2,0,2,1,1,0,0,0,
no_demodulation,SEV/SEV015^5.p,TH0,Theorem,timeout,na,2097,5958,376,5958,632,105,0,3,0,
no_demodulation,SEV/SEV016^5.p,TH0,Theorem,timeout,na,2069,2164,11,2164,427,19,0,3,0,
no_demodulation,SEV/SEV017^5.p,TH0,Theorem,thm,yes,15,2,0,2,1,1,0,0,0,
no_demodulation,SEV/SEV018^5.p,TH0,Theorem,timeout,na,2066,2183,26,2183,344,34,0,2,0,
no_demodulation,SEV/SEV019^5.p,TH0,Theorem,timeout,na,2398,6071,30,6071,247,235,0,0,0,
no_demodulation,SEV/SEV020^5.p,TH0,CounterSatisfiable,timeout,na,2021,730,40,730,56,0,0,1,0,
no_demodulation,SEV/SEV021^5.p,TH0,Theorem,timeout,na,2031,1508,116,1508,58,0,0,2,0,
no_demodulation,SEV/SEV021^6.p,TH0,Theorem,timeout,na,2044,1871,120,1871,110,0,0,2,0,
no_demodulation,SEV/SEV021^7.p,TH0,Theorem,timeout,na,2053,1917,111,1917,138,10,0,2,0,
no_demodulation,SEV/SEV022^5.p,TH0,Unknown,timeout,na,2030,971,60,971,59,3,0,1,0,
no_demodulation,SEV/SEV023^5.p,TH0,Theorem,timeout,na,2041,1553,83,1553,78,32,0,3,0,
no_demodulation,SEV/SEV024^5.p,TH0,Theorem,timeout,na,2035,805,45,805,64,0,0,1,0,
no_demodulation,SEV/SEV025^5.p,TH0,Theorem,timeout,na,2031,859,52,859,57,0,0,1,0,
no_demodulation,SEV/SEV026^5.p,TH0,Unknown,timeout,na,2028,267,8,267,36,0,0,1,0,
no_demodulation,SEV/SEV027^5.p,TH0,Theorem,timeout,na,2034,1132,78,1132,56,0,0,3,0,
no_demodulation,SEV/SEV028^5.p,TH0,Theorem,timeout,na,2042,1273,63,1273,103,26,0,0,0,
no_demodulation,SEV/SEV029^5.p,TH0,CounterSatisfiable,timeout,na,2075,1646,67,1646,188,21,0,0,0,
no_demodulation,SEV/SEV030^5.p,TH0,Unknown,timeout,na,2035,829,47,829,60,0,0,1,0,
no_demodulation,SEV/SEV031^5.p,TH0,Theorem,timeout,na,2070,1857,85,1857,188,31,0,0,0,
no_demodulation,SEV/SEV032^5.p,TH0,Theorem,timeout,na,2077,3355,195,3355,223,4,0,1,0,
no_demodulation,SEV/SEV033^5.p,TH0,Theorem,timeout,na,2036,1255,87,1255,57,4,0,3,0,
no_demodulation,SEV/SEV034^5.p,TH0,Theorem,timeout,na,2121,3365,121,3365,215,76,0,0,0,
no_demodulation,SEV/SEV035^5.p,TH0,Theorem,timeout,na,2069,1696,69,1696,260,44,0,0,0,
no_demodulation,SEV/SEV037^5.p,TH0,Theorem,timeout,na,2075,1212,48,1212,158,10,0,0,0,
no_demodulation,SEV/SEV038^5.p,TH0,Unknown,timeout,na,2054,190,7,190,21,0,0,0,0,
no_demodulation,SEV/SEV039^5.p,TH0,Unknown,timeout,na,2062,254,15,254,24,0,0,0,0,
no_demodulation,SEV/SEV040^5.p,TH0,Theorem,timeout,na,2069,925,47,925,117,10,0,0,0,
no_demodulation,SEV/SEV041^5.p,TH0,Theorem,timeout,na,2085,1021,34,1021,136,5,0,0,0,
no_demodulation,SEV/SEV042^5.p,TH0,Theorem,timeout,na,2024,263,11,263,23,0,0,1,0,
no_demodulation,SEV/SEV043^5.p,TH0,Theorem,timeout,na,2112,6235,365,6235,633,187,0,3,0,
no_demodulation,SEV/SEV044^5.p,TH0,Theorem,timeout,na,2096,2579,67,2579,452,72,0,1,0,
no_demodulation,SEV/SEV045^5.p,TH0,Theorem,timeout,na,2174,5721,239,5721,221,41,0,0,0,
no_demodulation,SEV/SEV046^5.p,TH0,Theorem,timeout,na,2130,2459,79,2459,227,1,0,0,0,
no_demodulation,SEV/SEV047^5.p,TH0,Theorem,thm,yes,5,4,0,4,1,1,0,0,0,
no_demodulation,SEV/SEV048^5.p,TH0,Theorem,thm,yes,50,6,0,6,1,0,0,1,1,
no_demodulation,SEV/SEV049^5.p,TH0,Theorem,thm,yes,60,16,0,16,3,0,0,1,1,
no_demodulation,SEV/SEV050^5.p,TH0,Theorem,timeout,na,2017,281,9,281,28,0,0,1,0,
no_demodulation,SEV/SEV051^5.p,TH0,Theorem,timeout,na,2081,2497,32,2497,407,36,0,2,0,
no_demodulation,SEV/SEV052^5.p,TH0,Theorem,timeout,na,2026,436,11,436,58,0,0,2,0,
no_demodulation,SEV/SEV053^5.p,TH0,Theorem,timeout,na,2357,5899,32,5899,1784,360,0,4,0,
no_demodulation,SEV/SEV054^5.p,TH0,Theorem,timeout,na,2051,1056,61,1056,101,12,0,1,0,
no_demodulation,SEV/SEV055^5.p,TH0,Theorem,thm,yes,92,25,1,25,3,0,0,1,1,
no_demodulation,SEV/SEV056^5.p,TH0,Theorem,thm,yes,341,90,2,90,4,6,0,1,1,
no_demodulation,SEV/SEV057^5.p,TH0,Theorem,timeout,na,2038,712,6,712,140,6,0,0,0,
no_demodulation,SEV/SEV058^5.p,TH0,Theorem,timeout,na,2023,235,3,235,33,1,0,2,0,
no_demodulation,SEV/SEV059^5.p,TH0,Theorem,timeout,na,2101,3403,120,3403,480,108,0,4,0,
no_demodulation,SEV/SEV060^5.p,TH0,Theorem,timeout,na,2073,3148,110,3148,309,108,0,1,0,
no_demodulation,SEV/SEV061^5.p,TH0,Theorem,thm,yes,16,5,0,5,1,1,0,0,0,
no_demodulation,SEV/SEV062^5.p,TH0,Theorem,timeout,na,2041,908,38,908,156,0,0,1,0,
no_demodulation,SEV/SEV063^5.p,TH0,Theorem,timeout,na,2057,908,47,908,91,0,0,1,0,
no_demodulation,SEV/SEV064^5.p,TH0,Theorem,timeout,na,2036,334,16,334,25,4,0,1,0,
no_demodulation,SEV/SEV065^5.p,TH0,Theorem,timeout,na,2060,2422,82,2422,227,8,0,2,0,
no_demodulation,SEV/SEV066^5.p,TH0,Theorem,timeout,na,2029,371,17,371,31,4,0,2,0,
no_demodulation,SEV/SEV067^5.p,TH0,Theorem,timeout,na,2132,4702,251,4702,621,108,0,3,0,
no_demodulation,SEV/SEV068^5.p,TH0,Theorem,timeout,na,2020,392,24,392,25,0,0,0,0,
no_demodulation,SEV/SEV069^6.p,TH0,Theorem,timeout,na,2023,204,10,204,15,0,0,0,0,
no_demodulation,SEV/SEV070^5.p,TH0,Theorem,timeout,na,2059,2497,82,2497,268,14,0,2,0,
no_demodulation,SEV/SEV071^5.p,TH0,Theorem,timeout,na,2012,225,8,225,20,0,0,1,0,
no_demodulation,SEV/SEV072^5.p,TH0,Theorem,timeout,na,2083,2041,71,2041,271,47,0,1,0,
no_demodulation,SEV/SEV074^5.p,TH0,Theorem,timeout,na,2043,935,35,935,99,15,0,1,0,
no_demodulation,SEV/SEV075^5.p,TH0,Theorem,timeout,na,2070,1639,45,1639,318,28,0,1,0,
no_demodulation,SEV/SEV076^5.p,TH0,Theorem,timeout,na,2028,797,59,797,46,0,0,1,0,
no_demodulation,SEV/SEV079^5.p,TH0,Theorem,timeout,na,2066,2468,49,2468,298,13,0,4,0,
no_demodulation,SEV/SEV080^5.p,TH0,Theorem,timeout,na,2056,1366,36,1366,170,49,0,0,0,
no_demodulation,SEV/SEV081^5.p,TH0,Theorem,timeout,na,2020,410,13,410,43,0,0,1,0,
no_demodulation,SEV/SEV082^5.p,TH0,Theorem,timeout,na,2023,314,8,314,32,9,0,2,0,
no_demodulation,SEV/SEV083^5.p,TH0,Theorem,timeout,na,2020,445,16,445,50,0,0,2,0,
no_demodulation,SEV/SEV084^5.p,TH0,Theorem,timeout,na,2022,441,9,441,63,0,0,2,0,
no_demodulation,SEV/SEV085^5.p,TH0,Theorem,timeout,na,2033,317,6,317,56,0,0,1,0,
no_demodulation,SEV/SEV086^5.p,TH0,Theorem,timeout,na,2027,247,6,247,34,0,0,1,0,
no_demodulation,SEV/SEV087^5.p,TH0,Theorem,timeout,na,2031,329,2,329,73,0,0,1,0,
no_demodulation,SEV/SEV088^5.p,TH0,Theorem,thm,yes,218,21,1,21,2,0,0,1,1,
no_demodulation,SEV/SEV089^5.p,TH0,Theorem,timeout,na,2084,2660,42,2660,285,103,0,0,0,
no_demodulation,SEV/SEV090^5.p,TH0,Theorem,timeout,na,2027,567,18,567,63,0,0,2,0,
no_demodulation,SEV/SEV091^5.p,TH0,Theorem,timeout,na,2319,7716,177,7716,2088,55,0,3,0,
no_demodulation,SEV/SEV092^5.p,TH0,Unknown,timeout,na,2061,1306,38,1306,304,0,0,1,0,
no_demodulation,SEV/SEV093^5.p,TH0,Theorem,timeout,na,2035,1146,52,1146,116,1,0,0,0,
no_demodulation,SEV/SEV094^5.p,TH0,Theorem,timeout,na,2072,2068,52,2068,246,16,0,0,0,
no_demodulation,SEV/SEV095^5.p,TH0,Theorem,timeout,na,2032,144,5,144,16,0,0,0,0,
no_demodulation,SEV/SEV096^5.p,TH0,Theorem,thm,yes,177,166,6,166,5,10,0,4,1,
no_demodulation,SEV/SEV097^5.p,TH0,Theorem,thm,yes,75,22,1,22,2,0,0,1,1,
no_demodulation,SEV/SEV098^5.p,TH0,CounterSatisfiable,timeout,na,2082,873,20,873,138,10,0,1,0,
no_demodulation,SEV/SEV099^5.p,TH0,Unknown,timeout,na,2052,904,23,904,95,50,0,1,0,
no_demodulation,SEV/SEV100^5.p,TH0,Theorem,timeout,na,2039,346,11,346,35,6,0,1,0,
no_demodulation,SEV/SEV101^5.p,TH0,Theorem,timeout,na,2030,285,13,285,26,0,0,2,0,
no_demodulation,SEV/SEV102^5.p,TH0,Theorem,timeout,na,2104,3281,53,3281,277,44,0,0,0,
no_demodulation,SEV/SEV103^5.p,TH0,Unknown,timeout,na,2036,1400,64,1400,114,0,0,1,0,
no_demodulation,SEV/SEV104^5.p,TH0,Theorem,timeout,na,2251,5914,216,5914,1418,68,0,1,0,
no_demodulation,SEV/SEV105^5.p,TH0,Unknown,timeout,na,2047,858,15,858,125,24,0,1,0,
no_demodulation,SEV/SEV106^5.p,TH0,Theorem,timeout,na,2150,3676,27,3676,284,64,0,0,0,
no_demodulation,SEV/SEV107^5.p,TH0,Theorem,timeout,na,2161,3157,44,3157,560,262,0,1,0,
no_demodulation,SEV/SEV108^5.p,TH0,Theorem,timeout,na,2310,7894,2,7894,302,378,0,0,0,
no_demodulation,SEV/SEV109^5.p,TH0,Theorem,timeout,na,2052,669,34,669,69,8,0,1,0,
no_demodulation,SEV/SEV113^5.p,TH0,Theorem,timeout,na,2036,268,12,268,21,0,0,0,0,
no_demodulation,SEV/SEV114^5.p,TH0,Unknown,timeout,na,2046,347,27,347,23,0,0,3,0,
no_demodulation,SEV/SEV115^5.p,TH0,Unknown,timeout,na,2045,149,5,149,15,0,0,1,0,
no_demodulation,SEV/SEV116^5.p,TH0,Theorem,timeout,na,2031,420,3,420,96,6,0,1,0,
no_demodulation,SEV/SEV117^5.p,TH0,Unknown,timeout,na,2030,999,50,999,78,6,0,1,0,
no_demodulation,SEV/SEV118^5.p,TH0,Unknown,timeout,na,2043,1259,53,1259,144,13,0,0,0,
no_demodulation,SEV/SEV119^5.p,TH0,Theorem,timeout,na,2074,872,16,872,152,13,0,1,0,
no_demodulation,SEV/SEV120^5.p,TH0,Theorem,timeout,na,2034,798,31,798,68,16,0,1,0,
no_demodulation,SEV/SEV121^5.p,TH0,Theorem,timeout,na,2059,3712,181,3712,210,124,0,2,0,
no_demodulation,SEV/SEV122^5.p,TH0,Theorem,thm,yes,25,3,0,3,1,1,0,0,0,
no_demodulation,SEV/SEV123^5.p,TH0,Theorem,timeout,na,2032,604,20,604,62,3,0,1,0,
no_demodulation,SEV/SEV124^5.p,TH0,Theorem,timeout,na,2034,328,10,328,36,0,0,2,0,
no_demodulation,SEV/SEV125^5.p,TH0,Theorem,timeout,na,2044,432,13,432,53,3,0,0,0,
no_demodulation,SEV/SEV126^5.p,TH0,Theorem,timeout,na,2063,1080,26,1080,191,8,0,1,0,
no_demodulation,SEV/SEV127^5.p,TH0,Theorem,timeout,na,2044,670,17,670,83,7,0,1,0,
no_demodulation,SEV/SEV128^5.p,TH0,Theorem,timeout,na,2039,424,25,424,25,0,0,1,0,
no_demodulation,SEV/SEV129^5.p,TH0,Theorem,timeout,na,2040,566,23,566,35,8,0,1,0,
no_demodulation,SEV/SEV130^5.p,TH0,Theorem,timeout,na,2044,503,26,503,38,1,0,0,0,
no_demodulation,SEV/SEV131^5.p,TH0,Theorem,thm,yes,53,20,1,20,3,0,0,3,1,
no_demodulation,SEV/SEV132^5.p,TH0,Unknown,timeout,na,2038,1688,81,1688,134,13,0,1,0,
no_demodulation,SEV/SEV133^5.p,TH0,Unknown,timeout,na,2050,1050,20,1050,163,15,0,1,0,
no_demodulation,SEV/SEV134^5.p,TH0,Theorem,thm,yes,9,4,0,4,1,1,0,0,0,
no_demodulation,SEV/SEV135^5.p,TH0,Theorem,thm,yes,52,15,1,15,2,0,0,1,1,
no_demodulation,SEV/SEV136^5.p,TH0,Theorem,timeout,na,2046,965,12,965,165,0,0,1,0,
no_demodulation,SEV/SEV137^5.p,TH0,Theorem,timeout,na,2040,1615,92,1615,117,0,0,2,0,
no_demodulation,SEV/SEV138^5.p,TH0,Theorem,timeout,na,2036,1237,80,1237,82,0,0,1,0,
no_demodulation,SEV/SEV140^5.p,TH0,Theorem,timeout,na,2035,569,31,569,46,0,0,1,0,
no_demodulation,SEV/SEV141^5.p,TH0,Theorem,timeout,na,2056,915,45,915,99,9,0,0,0,
no_demodulation,SEV/SEV143^5.p,TH0,Theorem,timeout,na,2108,1364,60,1364,166,3,0,0,0,
no_demodulation,SEV/SEV144^5.p,TH0,Theorem,timeout,na,2063,1218,24,1218,137,1,0,0,0,
no_demodulation,SEV/SEV146^5.p,TH0,Theorem,timeout,na,2069,1793,69,1793,178,98,0,1,0,
no_demodulation,SEV/SEV148^5.p,TH0,Theorem,timeout,na,2040,315,15,315,32,6,0,1,0,
no_demodulation,SEV/SEV149^5.p,TH0,Theorem,timeout,na,2055,1113,57,1113,84,9,0,1,0,
no_demodulation,SEV/SEV150^5.p,TH0,Theorem,timeout,na,2050,883,31,883,86,11,0,0,0,
no_demodulation,SEV/SEV152^5.p,TH0,Theorem,timeout,na,2103,1279,19,1279,190,2,0,0,0,
no_demodulation,SEV/SEV153^5.p,TH0,Theorem,timeout,na,2093,1265,19,1265,190,2,0,0,0,
no_demodulation,SEV/SEV154^5.p,TH0,Theorem,timeout,na,2068,979,27,979,129,2,0,0,0,
no_demodulation,SEV/SEV155^5.p,TH0,Theorem,timeout,na,2137,1287,19,1287,147,2,0,0,0,
no_demodulation,SEV/SEV156^5.p,TH0,Theorem,timeout,na,2120,1128,22,1128,183,2,0,0,0,
no_demodulation,SEV/SEV157^5.p,TH0,Theorem,timeout,na,2088,836,21,836,123,2,0,0,0,
no_demodulation,SEV/SEV158^5.p,TH0,Theorem,timeout,na,2028,351,5,351,30,21,0,2,0,
no_demodulation,SEV/SEV159^5.p,TH0,Theorem,thm,yes,3,3,0,3,1,1,0,0,0,
no_demodulation,SEV/SEV160^5.p,TH0,Theorem,thm,yes,4,1,0,1,1,1,0,0,0,
no_demodulation,SEV/SEV161^5.p,TH0,Theorem,thm,yes,7,4,0,4,1,1,0,0,0,
no_demodulation,SEV/SEV162^5.p,TH0,Theorem,thm,yes,32,36,2,36,3,2,0,1,1,
no_demodulation,SEV/SEV163^5.p,TH0,Theorem,timeout,na,2005,69,2,69,5,3,0,4,0,
no_demodulation,SEV/SEV164^5.p,TH0,Theorem,thm,yes,26,25,0,25,3,1,0,1,1,
no_demodulation,SEV/SEV165^5.p,TH0,Theorem,timeout,na,2008,15,0,15,3,0,0,0,0,
no_demodulation,SEV/SEV166^5.p,TH0,Theorem,timeout,na,2074,2816,77,2816,329,47,0,1,0,
no_demodulation,SEV/SEV167^5.p,TH0,Theorem,timeout,na,2052,2466,127,2466,175,18,0,1,0,
no_demodulation,SEV/SEV168^5.p,TH0,Theorem,timeout,na,2046,920,17,920,84,55,0,1,0,
no_demodulation,SEV/SEV169^5.p,TH0,Theorem,timeout,na,2067,2252,72,2252,218,6,0,4,0,
no_demodulation,SEV/SEV170^5.p,TH0,Theorem,timeout,na,2043,618,20,618,56,15,0,0,0,
no_demodulation,SEV/SEV171^5.p,TH0,Theorem,timeout,na,2030,1079,62,1079,72,8,0,0,0,
no_demodulation,SEV/SEV172^5.p,TH0,CounterSatisfiable,timeout,na,2061,2076,80,2076,170,130,0,0,0,
no_demodulation,SEV/SEV173^5.p,TH0,CounterSatisfiable,timeout,na,2059,2157,72,2157,203,109,0,0,0,
no_demodulation,SEV/SEV174^5.p,TH0,Theorem,timeout,na,2039,1204,66,1204,84,28,0,1,0,
no_demodulation,SEV/SEV175^5.p,TH0,Theorem,timeout,na,2043,750,1,750,172,38,0,5,0,
no_demodulation,SEV/SEV176^5.p,TH0,Theorem,timeout,na,2171,4663,37,4663,911,102,0,3,0,
no_demodulation,SEV/SEV177^5.p,TH0,Theorem,timeout,na,2031,1859,97,1859,132,9,0,1,0,
no_demodulation,SEV/SEV179^5.p,TH0,Theorem,timeout,na,2037,774,6,774,150,50,0,5,0,
no_demodulation,SEV/SEV180^5.p,TH0,CounterSatisfiable,timeout,na,2071,3294,51,3294,257,255,0,0,0,
no_demodulation,SEV/SEV181^5.p,TH0,Theorem,timeout,na,2139,2837,79,2837,706,128,0,1,0,
no_demodulation,SEV/SEV182^5.p,TH0,Unknown,timeout,na,2053,1105,12,1105,175,44,0,0,0,
no_demodulation,SEV/SEV183^5.p,TH0,Theorem,timeout,na,2085,654,6,654,119,1,0,0,0,
no_demodulation,SEV/SEV184^5.p,TH0,Unknown,timeout,na,2113,113,3,113,16,0,0,0,0,
no_demodulation,SEV/SEV185^5.p,TH0,Theorem,timeout,na,2044,1131,42,1131,117,14,0,1,0,
no_demodulation,SEV/SEV186^5.p,TH0,Theorem,timeout,na,2038,1100,58,1100,79,13,0,1,0,
no_demodulation,SEV/SEV187^5.p,TH0,Theorem,thm,yes,7,2,0,2,1,1,0,0,0,
no_demodulation,SEV/SEV188^5.p,TH0,Theorem,thm,yes,5,2,0,2,1,1,0,0,0,
no_demodulation,SEV/SEV189^5.p,TH0,Theorem,timeout,na,2027,690,11,690,87,17,0,0,0,
no_demodulation,SEV/SEV190^5.p,TH0,Theorem,timeout,na,2074,1695,59,1695,173,10,0,2,0,
no_demodulation,SEV/SEV191^5.p,TH0,Theorem,timeout,na,2175,3336,98,3336,242,17,0,0,0,
no_demodulation,SEV/SEV192^5.p,TH0,Theorem,timeout,na,2078,112,2,112,11,0,0,1,0,
no_demodulation,SEV/SEV193^5.p,TH0,Unknown,timeout,na,2038,907,17,907,121,3,0,0,0,
no_demodulation,SEV/SEV194^5.p,TH0,Theorem,timeout,na,2038,474,15,474,71,9,0,0,0,
no_demodulation,SEV/SEV195^5.p,TH0,Theorem,timeout,na,2051,1658,42,1658,174,48,0,1,0,
no_demodulation,SEV/SEV196^5.p,TH0,Theorem,timeout,na,2039,657,13,657,95,41,0,0,0,
no_demodulation,SEV/SEV197^5.p,TH0,Theorem,thm,yes,24,1,0,1,1,1,0,0,0,
no_demodulation,SEV/SEV198^5.p,TH0,Theorem,timeout,na,2027,278,10,278,36,4,0,1,0,
no_demodulation,SEV/SEV199^5.p,TH0,Theorem,timeout,na,2065,1194,33,1194,95,88,0,1,0,
no_demodulation,SEV/SEV200^5.p,TH0,Theorem,timeout,na,2058,950,19,950,132,37,0,1,0,
no_demodulation,SEV/SEV203^5.p,TH0,Theorem,timeout,na,2058,895,20,895,147,38,0,1,0,
no_demodulation,SEV/SEV204^5.p,TH0,Theorem,timeout,na,2074,1039,18,1039,160,74,0,1,0,
no_demodulation,SEV/SEV205^5.p,TH0,Theorem,timeout,na,2074,2260,68,2260,270,66,0,1,0,
no_demodulation,SEV/SEV206^5.p,TH0,Theorem,timeout,na,2041,364,12,364,34,8,0,2,0,
no_demodulation,SEV/SEV207^5.p,TH0,Theorem,timeout,na,2053,332,13,332,28,2,0,2,0,
no_demodulation,SEV/SEV208^5.p,TH0,Theorem,timeout,na,2048,167,9,167,12,0,0,5,0,
no_demodulation,SEV/SEV209^5.p,TH0,Unknown,timeout,na,2059,95,0,95,10,5,0,0,0,
no_demodulation,SEV/SEV210^5.p,TH0,Theorem,timeout,na,2063,330,7,330,54,0,0,1,0,
no_demodulation,SEV/SEV211^5.p,TH0,Unknown,timeout,na,2059,281,7,281,37,0,0,2,0,
no_demodulation,SEV/SEV212^5.p,TH0,Theorem,timeout,na,2059,187,7,187,16,0,0,0,0,
no_demodulation,SEV/SEV213^5.p,TH0,Unknown,timeout,na,2094,476,13,476,58,7,0,1,0,
no_demodulation,SEV/SEV214^5.p,TH0,Theorem,timeout,na,2060,1995,48,1995,222,66,0,1,0,
no_demodulation,SEV/SEV215^5.p,TH0,Unknown,timeout,na,2104,271,10,271,33,0,0,0,0,
no_demodulation,SEV/SEV216^5.p,TH0,Unknown,timeout,na,2110,102,4,102,12,1,0,0,0,
no_demodulation,SEV/SEV217^5.p,TH0,Unknown,timeout,na,2165,54,4,54,2,0,0,0,0,
no_demodulation,SEV/SEV218^5.p,TH0,Theorem,timeout,na,2149,4522,76,4522,846,150,0,1,0,
no_demodulation,SEV/SEV219^5.p,TH0,Unknown,timeout,na,2098,110,3,110,10,0,0,0,0,
no_demodulation,SEV/SEV220^5.p,TH0,Theorem,timeout,na,2088,3022,148,3020,236,38,0,4,0,
no_demodulation,SEV/SEV221^5.p,TH0,Theorem,timeout,na,2123,4150,96,4150,599,88,0,1,0,
no_demodulation,SEV/SEV222^5.p,TH0,Theorem,timeout,na,2106,3823,92,3819,557,89,0,1,0,
no_demodulation,SEV/SEV223^5.p,TH0,Theorem,timeout,na,2054,2363,107,2363,132,45,0,0,0,
no_demodulation,SEV/SEV224^5.p,TH0,Theorem,timeout,na,2067,1001,25,1001,40,85,0,3,0,
no_demodulation,SEV/SEV225^5.p,TH0,Theorem,thm,yes,54,31,2,31,3,1,0,2,1,
no_demodulation,SEV/SEV226^5.p,TH0,CounterSatisfiable,timeout,na,2058,1237,43,1237,153,0,0,1,0,
no_demodulation,SEV/SEV227^5.p,TH0,Theorem,timeout,na,2092,2490,74,2490,541,100,0,1,0,
no_demodulation,SEV/SEV228^5.p,TH0,Theorem,timeout,na,2055,1673,33,1673,187,144,0,1,0,
no_demodulation,SEV/SEV229^5.p,TH0,Theorem,timeout,na,2007,307,0,307,26,50,0,2,0,
no_demodulation,SEV/SEV230^5.p,TH0,Theorem,thm,yes,63,82,1,82,10,4,0,1,1,
no_demodulation,SEV/SEV231^5.p,TH0,Theorem,timeout,na,2078,2340,36,2340,191,265,0,1,0,
no_demodulation,SEV/SEV232^5.p,TH0,Theorem,thm,yes,18,1,0,1,1,1,0,0,0,
no_demodulation,SEV/SEV233^5.p,TH0,Theorem,thm,yes,764,120,1,120,8,18,0,3,1,
no_demodulation,SEV/SEV234^5.p,TH0,Theorem,timeout,na,2020,398,17,398,40,3,0,1,0,
no_demodulation,SEV/SEV235^5.p,TH0,Theorem,timeout,na,2008,325,1,325,27,56,0,2,0,
no_demodulation,SEV/SEV236^5.p,TH0,Theorem,timeout,na,2019,676,44,676,34,2,0,1,0,
no_demodulation,SEV/SEV237^5.p,TH0,Theorem,timeout,na,2025,472,14,472,61,4,0,0,0,
no_demodulation,SEV/SEV238^5.p,TH0,Theorem,timeout,na,2048,267,2,267,40,9,0,1,0,
no_demodulation,SEV/SEV239^5.p,TH0,Theorem,timeout,na,2048,2266,96,2266,200,61,0,1,0,
no_demodulation,SEV/SEV240^5.p,TH0,Theorem,thm,yes,27,15,0,15,3,2,0,1,1,
no_demodulation,SEV/SEV241^5.p,TH0,Theorem,thm,yes,60,239,0,239,14,40,0,1,0,
no_demodulation,SEV/SEV242^5.p,TH0,Theorem,timeout,na,2046,867,13,867,152,24,0,1,0,
no_demodulation,SEV/SEV243^5.p,TH0,Theorem,timeout,na,2024,926,56,926,61,7,0,1,0,
no_demodulation,SEV/SEV244^6.p,TH0,Theorem,timeout,na,2038,1089,65,1089,71,5,0,1,0,
no_demodulation,SEV/SEV245^5.p,TH0,Theorem,timeout,na,2031,774,40,774,61,4,0,1,0,
no_demodulation,SEV/SEV245^6.p,TH0,Theorem,timeout,na,2035,954,57,954,52,8,0,1,0,
no_demodulation,SEV/SEV246^5.p,TH0,Theorem,timeout,na,2027,960,60,960,51,7,0,5,0,
no_demodulation,SEV/SEV246^6.p,TH0,Theorem,timeout,na,2026,1041,68,1041,55,0,0,5,0,
no_demodulation,SEV/SEV248^5.p,TH0,Theorem,timeout,na,2041,1220,19,1220,179,97,0,0,0,
no_demodulation,SEV/SEV249^5.p,TH0,Theorem,timeout,na,2028,599,18,599,65,4,0,1,0,
no_demodulation,SEV/SEV250^5.p,TH0,Unknown,timeout,na,2034,424,15,424,59,0,0,0,0,
no_demodulation,SEV/SEV251^5.p,TH0,CounterSatisfiable,timeout,na,2038,1119,49,1119,109,0,0,1,0,
no_demodulation,SEV/SEV252^5.p,TH0,Theorem,timeout,na,2028,753,37,753,60,5,0,1,0,
no_demodulation,SEV/SEV253^5.p,TH0,Theorem,timeout,na,2030,177,4,177,37,0,0,0,0,
no_demodulation,SEV/SEV254^5.p,TH0,Theorem,timeout,na,2043,545,2,545,85,16,0,0,0,
no_demodulation,SEV/SEV256^5.p,TH0,Theorem,timeout,na,2031,691,13,691,87,3,0,0,0,
no_demodulation,SEV/SEV257^5.p,TH0,Theorem,timeout,na,2049,637,19,636,82,21,0,2,0,
no_demodulation,SEV/SEV258^5.p,TH0,Theorem,thm,yes,29,13,0,13,2,3,0,0,0,
no_demodulation,SEV/SEV259^5.p,TH0,Theorem,thm,yes,241,144,3,144,23,0,0,1,1,
no_demodulation,SEV/SEV260^5.p,TH0,Theorem,timeout,na,2118,1409,62,1409,135,0,0,0,0,
no_demodulation,SEV/SEV261^5.p,TH0,Theorem,timeout,na,2046,965,33,965,133,31,0,0,0,
no_demodulation,SEV/SEV262^5.p,TH0,Theorem,timeout,na,2031,911,54,911,91,1,0,0,0,
no_demodulation,SEV/SEV263^5.p,TH0,Theorem,timeout,na,2031,538,6,538,69,21,0,1,0,
no_demodulation,SEV/SEV264^5.p,TH0,Unknown,timeout,na,2035,681,20,681,85,23,0,1,0,
no_demodulation,SEV/SEV265^5.p,TH0,Unknown,timeout,na,2044,712,6,712,126,25,0,1,0,
no_demodulation,SEV/SEV266^5.p,TH0,Theorem,timeout,na,2047,859,31,859,120,11,0,0,0,
no_demodulation,SEV/SEV267^5.p,TH0,Theorem,timeout,na,2043,882,42,882,81,14,0,0,0,
no_demodulation,SEV/SEV268^5.p,TH0,Unknown,timeout,na,2064,475,16,475,87,1,0,0,0,
no_demodulation,SEV/SEV269^5.p,TH0,Unknown,timeout,na,2035,442,13,442,43,4,0,0,0,
no_demodulation,SEV/SEV270^5.p,TH0,Unknown,timeout,na,2039,575,36,575,37,0,0,1,0,
no_demodulation,SEV/SEV271^5.p,TH0,Unknown,timeout,na,2124,960,40,960,103,1,0,0,0,
no_demodulation,SEV/SEV272^5.p,TH0,Theorem,thm,yes,26,1,0,1,1,1,0,0,0,
no_demodulation,SEV/SEV273^5.p,TH0,Theorem,timeout,na,2038,973,22,973,141,0,0,2,0,
no_demodulation,SEV/SEV274^5.p,TH0,Theorem,timeout,na,2045,1409,27,1409,137,53,0,2,0,
no_demodulation,SEV/SEV275^5.p,TH0,Unknown,timeout,na,2040,1628,76,1628,124,0,0,2,0,
no_demodulation,SEV/SEV276^5.p,TH0,Theorem,timeout,na,2061,1358,23,1358,198,0,0,2,0,
no_demodulation,SEV/SEV277^5.p,TH0,Unknown,timeout,na,2050,1312,25,1312,189,0,0,2,0,
no_demodulation,SEV/SEV278^5.p,TH0,Unknown,timeout,na,2024,525,20,525,42,9,0,2,0,
no_demodulation,SEV/SEV279^5.p,TH0,Unknown,timeout,na,2022,748,54,748,30,0,0,2,0,
no_demodulation,SEV/SEV280^5.p,TH0,Unknown,timeout,na,2044,1197,46,1197,103,19,0,1,0,
no_demodulation,SEV/SEV281^5.p,TH0,Unknown,timeout,na,2033,654,37,654,45,0,0,4,0,
no_demodulation,SEV/SEV282^5.p,TH0,Theorem,thm,yes,22,3,0,3,1,1,0,0,0,
no_demodulation,SEV/SEV285^5.p,TH0,Theorem,timeout,na,2004,83,4,83,5,3,0,4,0,
no_demodulation,SEV/SEV286^5.p,TH0,Theorem,timeout,na,2003,94,4,94,5,3,0,4,0,
no_demodulation,SEV/SEV288^5.p,TH0,Theorem,timeout,na,2003,116,4,116,7,4,0,2,0,
no_demodulation,SEV/SEV289^5.p,TH0,Theorem,timeout,na,2017,211,7,211,25,0,0,1,0,
no_demodulation,SEV/SEV290^5.p,TH0,Theorem,thm,yes,41,5,0,5,1,0,0,1,1,
no_demodulation,SEV/SEV291^5.p,TH0,Theorem,timeout,na,2022,144,7,144,15,0,0,1,0,
no_demodulation,SEV/SEV292^5.p,TH0,Theorem,timeout,na,2039,314,3,314,73,5,0,0,0,
no_demodulation,SEV/SEV293^5.p,TH0,Theorem,timeout,na,2077,3470,166,3470,293,58,0,1,0,
no_demodulation,SEV/SEV294^5.p,TH0,Theorem,timeout,na,2027,217,3,217,34,3,0,1,0,
no_demodulation,SEV/SEV295^5.p,TH0,Theorem,timeout,na,2031,222,9,222,22,0,0,0,0,
no_demodulation,SEV/SEV296^5.p,TH0,CounterSatisfiable,timeout,na,2034,148,2,148,12,6,0,2,0,
no_demodulation,SEV/SEV297^5.p,TH0,Unknown,timeout,na,2033,500,22,500,47,0,0,1,0,
no_demodulation,SEV/SEV298^5.p,TH0,CounterSatisfiable,timeout,na,2040,415,8,415,58,12,0,2,0,
no_demodulation,SEV/SEV299^5.p,TH0,Theorem,timeout,na,2027,91,1,91,15,3,0,3,0,
no_demodulation,SEV/SEV300^5.p,TH0,Theorem,timeout,na,2068,3404,179,3404,220,73,0,1,0,
no_demodulation,SEV/SEV301^5.p,TH0,Unknown,timeout,na,2029,255,8,255,22,8,0,1,0,
no_demodulation,SEV/SEV302^5.p,TH0,Theorem,timeout,na,2047,266,1,266,46,8,0,1,0,
no_demodulation,SEV/SEV303^5.p,TH0,Theorem,timeout,na,2056,277,1,277,48,8,0,1,0,
no_demodulation,SEV/SEV304^5.p,TH0,CounterSatisfiable,timeout,na,2044,858,61,858,49,0,0,0,0,
no_demodulation,SEV/SEV305^5.p,TH0,Theorem,timeout,na,2096,1307,44,1307,513,38,0,4,0,
no_demodulation,SEV/SEV305^6.p,TH0,Theorem,timeout,na,2034,965,58,965,152,12,0,4,0,
no_demodulation,SEV/SEV306^5.p,TH0,Theorem,timeout,na,2022,630,37,630,36,8,0,3,0,
no_demodulation,SEV/SEV308^5.p,TH0,Theorem,timeout,na,2028,870,51,870,52,4,0,3,0,
no_demodulation,SEV/SEV309^5.p,TH0,Theorem,timeout,na,2024,708,42,708,40,5,0,1,0,
no_demodulation,SEV/SEV310^5.p,TH0,Theorem,timeout,na,2026,963,64,963,42,1,0,5,0,
no_demodulation,SEV/SEV311^5.p,TH0,Theorem,timeout,na,2031,878,48,878,63,4,0,1,0,
no_demodulation,SEV/SEV312^5.p,TH0,Theorem,timeout,na,2043,858,33,858,150,9,0,4,0,
no_demodulation,SEV/SEV313^5.p,TH0,Unknown,timeout,na,2039,667,33,667,70,0,0,0,0,
no_demodulation,SEV/SEV314^5.p,TH0,Unknown,timeout,na,2037,380,12,380,45,0,0,0,0,
no_demodulation,SEV/SEV315^5.p,TH0,Unknown,timeout,na,2050,230,1,230,55,0,0,0,0,
no_demodulation,SEV/SEV316^5.p,TH0,CounterSatisfiable,timeout,na,2065,138,3,138,20,3,0,0,0,
no_demodulation,SEV/SEV317^5.p,TH0,Theorem,timeout,na,2046,1011,61,1011,102,0,0,1,0,
no_demodulation,SEV/SEV318^5.p,TH0,Theorem,timeout,na,2067,1246,80,1246,115,13,0,1,0,
no_demodulation,SEV/SEV319^5.p,TH0,Theorem,timeout,na,2050,1439,103,1439,104,0,0,1,0,
no_demodulation,SEV/SEV319^6.p,TH0,Theorem,timeout,na,2033,1505,113,1505,99,0,0,1,0,
no_demodulation,SEV/SEV321^5.p,TH0,Theorem,timeout,na,2062,1329,97,1329,98,0,0,1,0,
no_demodulation,SEV/SEV322^5.p,TH0,CounterSatisfiable,csa,yes,3,1,0,1,1,0,1,0,0,cGVB_IN z cGVB_ZERO
no_demodulation,SEV/SEV323^5.p,TH0,CounterSatisfiable,csa,yes,6,4,0,5,2,0,1,0,0,cGVB_IN z cGVB_V  ¬(cGVB_M z)
no_demodulation,SEV/SEV324^5.p,TH0,CounterSatisfiable,csa,yes,10,6,0,6,2,0,1,0,0,C[IQMNA] (cGVB_SING x)  ¬(C[IQMNA] (cGVB_NOP x x))
no_demodulation,SEV/SEV325^5.p,TH0,CounterSatisfiable,csa,yes,3,3,0,3,1,0,1,0,0,¬(cGVB_M x)  cGVB_IN x y
no_demodulation,SEV/SEV326^5.p,TH0,CounterSatisfiable,csa,yes,10,7,0,7,2,0,1,0,0,C[2WD1X] (cGVB_SUCC x)  ¬(C[2WD1X] (cGVB_UNION x (cGVB_SING x)))
no_demodulation,SEV/SEV327^5.p,TH0,CounterSatisfiable,csa,yes,7,7,0,7,3,0,1,0,0,cGVB_FUNCTION z  ¬(cGVB_RELATION z)
no_demodulation,SEV/SEV328^5.p,TH0,CounterSatisfiable,csa,yes,11,9,0,9,2,0,1,0,0,C[18H0TJ] (cGVB_RESTRICT x y)  ¬(C[18H0TJ] (cGVB_INTERSECT x (cGVB_CROSS y cGVB_V)))
no_demodulation,SEV/SEV329^5.p,TH0,CounterSatisfiable,csa,yes,7,7,0,7,3,0,1,0,0,cGVB_ONE_ONE f  ¬(cGVB_FUNCTION f)
no_demodulation,SEV/SEV330^5.p,TH0,CounterSatisfiable,csa,yes,11,6,0,6,2,0,1,0,0,C[169FAD] (cGVB_UNION x y)  ¬(C[169FAD] (cGVB_COMPLEMENT (cGVB_INTERSECT (cGVB_COMPLEMENT x) (cGVB_COMPLEMENT y))))
no_demodulation,SEV/SEV331^5.p,TH0,CounterSatisfiable,csa,yes,11,7,0,7,2,0,1,0,0,C[QCD0V] (cGVB_OP x y)  ¬(C[QCD0V] (cGVB_NOP (cGVB_SING x) (cGVB_NOP x y)))
no_demodulation,SEV/SEV332^5.p,TH0,CounterSatisfiable,csa,yes,12,6,0,6,2,0,1,0,0,C[M2A8S] (cGVB_APP2 f x y)  ¬(C[M2A8S] (cGVB_APPLY f (cGVB_OP x y)))
no_demodulation,SEV/SEV333^5.p,TH0,CounterSatisfiable,csa,yes,8,10,0,10,3,0,1,0,0,cGVB_IN z (cGVB_POWERSET x)  ¬(cGVB_M z)
no_demodulation,SEV/SEV334^5.p,TH0,CounterSatisfiable,csa,yes,8,6,0,6,3,0,1,0,0,cGVB_IN z (cGVB_COMPLEMENT x)  ¬(cGVB_M z)
no_demodulation,SEV/SEV335^5.p,TH0,CounterSatisfiable,csa,yes,10,9,0,9,3,0,1,0,0,cGVB_PROP_SUBSET x y  ¬(cGVB_SUBSET x y)
no_demodulation,SEV/SEV336^5.p,TH0,CounterSatisfiable,csa,yes,19,25,0,25,5,1,1,0,0,cGVB_RELATION z  cGVB_M C[AX9J1]  cGVB_IN C[AX9J1] z  ¬(cGVB_OPP C[AX9J1])
no_demodulation,SEV/SEV337^5.p,TH0,CounterSatisfiable,csa,yes,12,7,0,7,3,0,1,0,0,cGVB_IN z cGVB_ESTIN  ¬(cGVB_M z)
no_demodulation,SEV/SEV338^5.p,TH0,CounterSatisfiable,csa,yes,11,9,0,9,3,0,1,0,0,cGVB_IN z cGVB_IDENT  ¬(cGVB_M z)
no_demodulation,SEV/SEV339^5.p,TH0,CounterSatisfiable,csa,yes,12,7,0,7,3,0,1,0,0,cGVB_IN z (cGVB_INTERSECT x y)  ¬(cGVB_M z)
no_demodulation,SEV/SEV340^5.p,TH0,CounterSatisfiable,csa,yes,18,20,0,20,4,1,1,0,0,¬(cGVB_M C[13QL5O])  cGVB_SUBSET x y
no_demodulation,SEV/SEV341^5.p,TH0,CounterSatisfiable,csa,yes,12,10,0,10,3,0,1,0,0,cGVB_CLOSED x f  ¬(cGVB_M x)
no_demodulation,SEV/SEV342^5.p,TH0,CounterSatisfiable,csa,yes,12,7,0,7,3,0,1,0,0,cGVB_IN u (cGVB_NOP x y)  ¬(cGVB_M u)
no_demodulation,SEV/SEV343^5.p,TH0,CounterSatisfiable,timeout,na,2074,3862,78,3862,415,244,0,0,0,
no_demodulation,SEV/SEV344^5.p,TH0,CounterSatisfiable,timeout,na,2098,4145,181,4145,502,3,0,0,0,
no_demodulation,SEV/SEV345^5.p,TH0,CounterSatisfiable,csa,yes,12,9,0,9,3,0,1,0,0,cGVB_MAPS f x y  ¬(cGVB_FUNCTION f)
no_demodulation,SEV/SEV346^5.p,TH0,CounterSatisfiable,csa,yes,20,25,0,25,6,1,1,0,0,cGVB_DISJOINT x y  cGVB_M C[1POIAQ]  cGVB_IN C[1POIAQ] x  cGVB_IN C[1POIAQ] y
no_demodulation,SEV/SEV347^5.p,TH0,CounterSatisfiable,csa,yes,13,8,0,8,3,0,1,0,0,cGVB_IN z (cGVB_CONVERSE x)  ¬(cGVB_M z)
no_demodulation,SEV/SEV348^5.p,TH0,CounterSatisfiable,timeout,na,2097,2904,58,2904,203,51,0,0,0,
no_demodulation,SEV/SEV349^5.p,TH0,CounterSatisfiable,timeout,na,2144,6179,47,6179,202,257,0,0,0,
no_demodulation,SEV/SEV350^5.p,TH0,CounterSatisfiable,csa,yes,20,25,1,25,4,0,1,0,0,cGVB_IN z (cGVB_SIGMA x)  ¬(cGVB_M z)  cGVB_IN z C[1P40S9]  cGVB_M C[1P40S9]  cGVB_IN C[1P40S9] x
no_demodulation,SEV/SEV351^5.p,TH0,CounterSatisfiable,csa,yes,16,9,0,9,3,0,1,0,0,cGVB_IN z (cGVB_CROSS x y)  ¬(cGVB_M z)
no_demodulation,SEV/SEV352^5.p,TH0,CounterSatisfiable,timeout,na,2138,2911,29,2911,200,63,0,0,0,
no_demodulation,SEV/SEV354^5.p,TH0,CounterSatisfiable,timeout,na,2088,3426,58,3426,125,227,0,0,0,
no_demodulation,SEV/SEV355^5.p,TH0,CounterSatisfiable,timeout,na,2057,3301,183,3301,151,43,0,0,0,
no_demodulation,SEV/SEV356^5.p,TH0,CounterSatisfiable,timeout,na,2053,2758,134,2758,204,58,0,0,0,
no_demodulation,SEV/SEV357^5.p,TH0,CounterSatisfiable,timeout,na,2073,3930,130,3930,249,104,0,0,0,
no_demodulation,SEV/SEV358^5.p,TH0,CounterSatisfiable,timeout,na,2076,3697,204,3697,151,32,0,0,0,
no_demodulation,SEV/SEV359^5.p,TH0,CounterSatisfiable,timeout,na,2145,4838,11,4838,244,239,0,0,0,
no_demodulation,SEV/SEV360^5.p,TH0,CounterSatisfiable,timeout,na,2099,3235,65,3235,143,63,0,0,0,
no_demodulation,SEV/SEV361^5.p,TH0,CounterSatisfiable,csa,yes,81,56,1,56,8,1,1,0,0,cGVB_M C[1B2DG1]  cGVB_IN (cGVB_OP C[1B2DG1] C[1DU70M]) x  cGVB_M C[1DU70M]  cGVB_IN (cGVB_OP C[1B2DG1] C[1V4BVW]) x  cGVB_M C[1V4BVW]  C[16S4E9] C[1DU70M]  ¬(C[16S4E9] C[1V4BVW])  cGVB_SING_VAL x
no_demodulation,SEV/SEV362^5.p,TH0,CounterSatisfiable,timeout,na,2152,2401,47,2401,224,34,0,0,0,
no_demodulation,SEV/SEV363^5.p,TH0,CounterSatisfiable,timeout,na,2170,2482,17,2482,184,59,0,0,0,
no_demodulation,SEV/SEV364^5.p,TH0,CounterSatisfiable,timeout,na,2052,2944,182,2944,144,47,0,0,0,
no_demodulation,SEV/SEV365^5.p,TH0,CounterSatisfiable,csa,yes,164,159,3,159,22,5,1,0,0,cGVB_HOMOM h s1 f1 s2 f2  cGVB_CLOSED s1 f1  cGVB_CLOSED s2 f2  cGVB_MAPS h s1 s2  cGVB_IN C[19RHBQ] s1  cGVB_IN C[1XHHQV] s1  C[11U94I] (cGVB_APPLY h (cGVB_APP2 f1 C[19RHBQ] C[1XHHQV]))  ¬(C[11U94I] 
no_demodulation,SEV/SEV366^5.p,TH0,CounterSatisfiable,csa,yes,2,1,0,1,1,0,1,0,0,¬(cGVB_M (cGVB_OP a b))
no_demodulation,SEV/SEV368^5.p,TH0,CounterSatisfiable,csa,yes,4,3,0,3,1,0,1,0,0,cGVB_M u  ¬(cGVB_M (cGVB_POWERSET u))
no_demodulation,SEV/SEV369^5.p,TH0,CounterSatisfiable,csa,yes,7,5,0,5,1,0,1,0,0,cGVB_M x  cGVB_FUNCTION f  ¬(cGVB_M (cGVB_IMAGE x f))
no_demodulation,SEV/SEV370^5.p,TH0,CounterSatisfiable,csa,yes,12,7,0,7,1,0,1,0,0,cGVB_M C[25RP30]  cGVB_M C[RHEEJ]  ¬(cGVB_M (cGVB_COMPOSE C[25RP30] C[RHEEJ]))
no_demodulation,SEV/SEV371^5.p,TH0,CounterSatisfiable,csa,yes,20,15,0,15,2,0,1,0,0,cGVB_M C[S13QR]  cGVB_M C[1F4D7Q]  C[U3SQT] (cGVB_SECOND (cGVB_OP C[S13QR] C[1F4D7Q]))  ¬(C[U3SQT] C[1F4D7Q])
no_demodulation,SEV/SEV372^5.p,TH0,CounterSatisfiable,csa,yes,20,15,0,15,2,0,1,0,0,cGVB_M C[1AFYMT]  cGVB_M C[F2XIV]  C[14SHCC] (cGVB_FIRST (cGVB_OP C[1AFYMT] C[F2XIV]))  ¬(C[14SHCC] C[1AFYMT])
no_demodulation,SEV/SEV373^5.p,TH0,CounterSatisfiable,csa,yes,17,12,0,12,2,0,1,0,0,C[JW6Y4] (cGVB_COMPOSE C[1E3902] (cGVB_COMPOSE C[1TPHNF] C[BHERB]))  ¬(C[JW6Y4] (cGVB_COMPOSE (cGVB_COMPOSE C[1E3902] C[1TPHNF]) C[BHERB]))
no_demodulation,SEV/SEV374^5.p,TH0,CounterSatisfiable,timeout,na,2031,2474,159,2474,126,10,0,0,0,
no_demodulation,SEV/SEV375^5.p,TH0,CounterSatisfiable,timeout,na,2046,2578,119,2578,136,14,0,0,0,
no_demodulation,SEV/SEV376^5.p,TH0,CounterSatisfiable,csa,yes,15,5,0,5,1,0,1,0,0,cGVB_HOMOM h1 s1 f1 s2 f2  cGVB_HOMOM h2 s2 f2 s3 f3  ¬(cGVB_HOMOM (cGVB_COMPOSE h2 h1) s1 f1 s3 f3)
no_demodulation,SEV/SEV377^5.p,TH0,CounterSatisfiable,csa,yes,29,14,0,14,2,0,1,0,0,cGVB_FUNCTION C[1Z07GN]  cGVB_IN C[1MO22F] (cGVB_DOMAIN C[1Z07GN])  C[1B3TYG] (cGVB_APPLY C[2C8MF] (cGVB_APPLY C[1Z07GN] C[1MO22F]))  ¬(C[1B3TYG] (cGVB_APPLY (cGVB_COMPOSE C[2C8MF] C[1Z07GN]) C[1MO22F
no_demodulation,SEV/SEV378^5.p,TH0,CounterSatisfiable,timeout,na,2062,2521,62,2521,307,37,0,2,0,
no_demodulation,SEV/SEV379^5.p,TH0,CounterSatisfiable,timeout,na,2065,2080,69,2080,199,24,0,1,0,
no_demodulation,SEV/SEV380^5.p,TH0,CounterSatisfiable,timeout,na,2066,3424,172,3424,281,33,0,1,0,
no_demodulation,SEV/SEV381^5.p,TH0,CounterSatisfiable,timeout,na,2065,1872,75,1872,213,13,0,1,0,
no_demodulation,SEV/SEV382^5.p,TH0,Theorem,timeout,na,2078,2354,50,2354,299,40,0,1,0,
no_demodulation,SEV/SEV383^5.p,TH0,Theorem,thm,yes,6,3,0,3,1,0,0,1,1,
no_demodulation,SEV/SEV384^5.p,TH0,Theorem,timeout,na,2139,2626,56,2626,385,115,0,1,0,
no_demodulation,SEV/SEV385^5.p,TH0,Theorem,timeout,na,2041,2383,127,2383,193,35,0,1,0,
no_demodulation,SEV/SEV386^5.p,TH0,Theorem,timeout,na,2057,3806,212,3806,146,58,0,0,0,
no_demodulation,SEV/SEV387^5.p,TH0,Theorem,thm,yes,25,4,0,4,1,1,0,0,0,
no_demodulation,SEV/SEV388^5.p,TH0,Theorem,thm,yes,11,19,0,19,3,1,0,1,1,
no_demodulation,SEV/SEV389^5.p,TH0,Theorem,thm,yes,12,12,0,12,2,0,0,1,1,
no_demodulation,SEV/SEV390^5.p,TH0,Theorem,thm,yes,11,12,0,12,2,0,0,1,1,
no_demodulation,SEV/SEV391^5.p,TH0,Theorem,thm,yes,53,27,1,27,3,1,0,4,1,
no_demodulation,SEV/SEV392^5.p,TH0,Theorem,thm,yes,15,16,0,16,2,0,0,1,1,
no_demodulation,SEV/SEV393^5.p,TH0,Theorem,thm,yes,16,18,0,18,3,1,0,1,1,
no_demodulation,SEV/SEV394^5.p,TH0,Theorem,thm,yes,47,69,1,69,7,5,0,1,1,
no_demodulation,SEV/SEV396^5.p,TH0,Theorem,thm,yes,21,33,0,33,4,1,0,1,1,
no_demodulation,SEV/SEV397^5.p,TH0,Theorem,thm,yes,7,2,0,2,1,1,0,0,0,
no_demodulation,SEV/SEV398^5.p,TH0,Theorem,timeout,na,2026,1041,70,1041,50,9,0,1,0,
no_demodulation,SEV/SEV399^5.p,TH0,Theorem,timeout,na,2028,621,36,621,39,2,0,1,0,
no_demodulation,SEV/SEV400^5.p,TH0,Theorem,timeout,na,2020,701,43,701,48,0,0,4,0,
no_demodulation,SEV/SEV401^5.p,TH0,Theorem,timeout,na,2041,1147,67,1147,74,5,0,1,0,
no_demodulation,SEV/SEV402^5.p,TH0,Theorem,timeout,na,2027,533,29,533,38,4,0,3,0,
no_demodulation,SEV/SEV403^5.p,TH0,Theorem,timeout,na,2044,1180,75,1180,65,0,0,1,0,
no_demodulation,SEV/SEV404^5.p,TH0,Theorem,timeout,na,2023,801,47,801,58,0,0,2,0,
no_demodulation,SEV/SEV405^5.p,TH0,Theorem,thm,yes,16,9,0,9,2,0,0,1,1,
no_demodulation,SEV/SEV406^5.p,TH0,Theorem,timeout,na,2222,8018,48,8018,273,334,0,0,0,
no_demodulation,SEV/SEV408^5.p,TH0,Theorem,thm,yes,19,4,0,4,1,0,0,1,1,
no_demodulation,SEV/SEV409^5.p,TH0,Theorem,thm,yes,53,7,0,7,1,0,0,1,1,
no_demodulation,SEV/SEV410^5.p,TH0,Theorem,timeout,na,2059,2056,76,2056,223,31,0,2,0,
no_demodulation,SEV/SEV411^5.p,TH0,Theorem,thm,yes,5,1,0,1,1,1,0,0,0,
no_demodulation,SEV/SEV412^5.p,TH0,Theorem,thm,yes,7,1,0,1,1,1,0,0,0,
no_demodulation,SEV/SEV413^5.p,TH0,Theorem,thm,yes,5,1,0,1,1,1,0,0,0,
no_demodulation,SEV/SEV414^5.p,TH0,Theorem,timeout,na,2016,880,56,880,50,0,0,1,0,
no_demodulation,SEV/SEV416^5.p,TH0,Theorem,thm,yes,10,1,0,1,1,1,0,0,0,
no_demodulation,SEV/SEV417^5.p,TH0,Theorem,timeout,na,2144,8353,394,8353,383,311,0,0,0,
no_demodulation,SEV/SEV418^5.p,TH0,Unknown,timeout,na,2033,1188,70,1188,62,18,0,1,0,
no_demodulation,SEV/SEV419^5.p,TH0,Unknown,timeout,na,2041,1376,84,1376,87,1,0,1,0,
no_demodulation,SEV/SEV420^1.p,TH0,Theorem,timeout,na,2179,3557,31,3557,301,136,0,0,0,
no_demodulation,SEV/SEV427^1.p,TH0,Theorem,thm,yes,51,40,0,40,4,0,0,1,1,
no_demodulation,SEV/SEV428^1.p,TH0,Theorem,timeout,na,2024,432,12,432,44,15,0,1,0,
no_demodulation,SEV/SEV429^1.p,TH0,Theorem,timeout,na,2049,2372,99,2372,246,28,0,1,0,
no_demodulation,SEV/SEV430^1.p,TH0,Theorem,timeout,na,2047,2211,80,2211,231,3,0,1,0,
no_demodulation,SEV/SEV431^1.p,TH0,Theorem,timeout,na,2044,2430,122,2430,209,12,0,1,0,
no_demodulation,SEV/SEV432^1.p,TH0,Theorem,timeout,na,2049,2364,71,2364,240,3,0,1,0,
no_demodulation,SEV/SEV433^1.p,TH0,Theorem,timeout,na,2167,4731,91,4731,597,222,0,1,0,
no_demodulation,SEV/SEV434^1.p,TH0,Theorem,timeout,na,2005,221,6,221,19,15,0,2,0,
no_demodulation,SEV/SEV440^1.p,TH0,Satisfiable,no_conjecture,na,55,,,,,,,,,
no_demodulation,SEV/SEV441^1.p,TH0,Satisfiable,no_conjecture,na,52,,,,,,,,,
no_demodulation,SEV/SEV442^1.p,TH1,Theorem,parse_timeout,na,0,,,,,,,,,cached: parse exceeded 5000ms
no_demodulation,SEV/SEV443^1.p,TH1,Theorem,parse_timeout,na,0,,,,,,,,,cached: parse exceeded 5000ms
no_demodulation,SEV/SEV444^1.p,TH1,Theorem,timeout,na,2055,2747,131,2747,203,5,0,3,0,
no_demodulation,SEV/SEV445^1.p,TH1,Theorem,timeout,na,2035,1649,81,1649,107,4,0,4,0,
no_demodulation,SEV/SEV446^1.p,TH1,Theorem,timeout,na,2056,1908,54,1908,203,23,0,1,0,
no_demodulation,SEV/SEV447^1.p,TH1,Theorem,timeout,na,2071,2510,76,2510,244,2,0,4,0,
no_demodulation,SEV/SEV448^1.p,TH1,Theorem,timeout,na,2076,2628,93,2628,246,0,0,4,0,
no_demodulation,SEV/SEV449^1.p,TH1,Theorem,timeout,na,2078,3042,118,3042,145,112,0,2,0,
no_demodulation,SEV/SEV450^1.p,TH1,Theorem,timeout,na,2053,1712,59,1712,155,5,0,4,0,
no_demodulation,SEV/SEV451^1.p,TH1,Theorem,timeout,na,2054,2051,99,2051,149,2,0,3,0,
no_demodulation,SEV/SEV452^1.p,TH1,Theorem,timeout,na,2060,1902,55,1902,178,7,0,4,0,
no_demodulation,SEV/SEV453^1.p,TH1,Theorem,timeout,na,2059,2050,94,2050,158,3,0,3,0,
no_demodulation,SEV/SEV454^1.p,TH1,Theorem,timeout,na,2081,2591,113,2591,215,0,0,3,0,
no_demodulation,SEV/SEV455^1.p,TH1,Theorem,timeout,na,2065,2081,81,2081,181,0,0,4,0,
no_demodulation,SEV/SEV456^1.p,TH1,Theorem,timeout,na,2051,1543,86,1543,98,1,0,4,0,
no_demodulation,SEV/SEV457^1.p,TH1,Theorem,timeout,na,2024,725,32,725,42,15,0,0,0,
no_demodulation,SEV/SEV458^1.p,TH1,Theorem,timeout,na,2063,1758,60,1758,158,5,0,4,0,
no_demodulation,SEV/SEV459^1.p,TH1,Theorem,timeout,na,2063,2105,58,2105,205,0,0,4,0,
no_demodulation,SEV/SEV460^1.p,TH1,Theorem,timeout,na,2059,1812,86,1812,136,0,0,4,0,
no_demodulation,SEV/SEV461^1.p,TH1,Theorem,timeout,na,2060,1920,92,1920,144,0,0,3,0,
no_demodulation,SEV/SEV462^1.p,TH1,Theorem,timeout,na,2063,1600,79,1600,121,0,0,4,0,
no_demodulation,SEV/SEV463^1.p,TH1,Theorem,timeout,na,2056,1401,51,1401,125,0,0,4,0,
no_demodulation,SEV/SEV464^1.p,TH1,Theorem,timeout,na,2035,466,23,466,36,13,0,0,0,
no_demodulation,SEV/SEV465^1.p,TH1,Theorem,timeout,na,2066,1446,43,1446,103,23,0,0,0,
no_demodulation,SEV/SEV466^1.p,TH1,Theorem,timeout,na,2066,1857,56,1857,184,0,0,1,0,
no_demodulation,SEV/SEV467^1.p,TH1,Theorem,timeout,na,2031,551,14,551,42,11,0,3,0,
no_demodulation,SEV/SEV468^1.p,TH1,Theorem,timeout,na,2047,488,26,488,30,0,0,4,0,
no_demodulation,SEV/SEV469^1.p,TH1,Theorem,timeout,na,2073,597,36,597,32,0,0,3,0,
no_demodulation,SEV/SEV470^1.p,TH1,Theorem,timeout,na,2058,59,2,59,4,0,0,4,0,
no_demodulation,SEV/SEV471^1.p,TH1,Theorem,timeout,na,2037,11,1,11,1,0,0,0,0,
no_demodulation,SEV/SEV472^1.p,TH1,Theorem,timeout,na,2048,2324,150,2324,140,3,0,1,0,
no_demodulation,SEV/SEV473^1.p,TH1,Theorem,timeout,na,2046,267,1,267,53,21,0,0,0,
no_demodulation,SEV/SEV474^1.p,TH1,Theorem,timeout,na,2041,135,5,135,8,0,0,1,0,
no_demodulation,SEV/SEV475^1.p,TH1,Theorem,timeout,na,2073,292,0,292,69,8,0,0,0,
no_demodulation,SEV/SEV476^1.p,TH1,Theorem,timeout,na,2094,1854,30,1854,219,83,0,0,0,
no_demodulation,SEV/SEV477^1.p,TH1,Theorem,timeout,na,2123,848,17,848,166,20,0,0,0,
no_demodulation,SEV/SEV478^1.p,TH1,Theorem,timeout,na,2115,2249,59,2183,265,90,0,0,0,
no_demodulation,SEV/SEV479^1.p,TH1,Theorem,timeout,na,2126,2944,79,2944,342,0,0,1,0,
no_demodulation,SEV/SEV480^1.p,TH1,Theorem,timeout,na,2097,2524,137,2524,130,24,0,2,0,
no_demodulation,SEV/SEV481^1.p,TH1,Theorem,timeout,na,2150,2346,21,2346,157,124,0,0,0,
no_demodulation,SEV/SEV482^1.p,TH1,Theorem,timeout,na,2075,502,23,502,100,11,0,4,0,
no_demodulation,SEV/SEV483^1.p,TH1,Theorem,timeout,na,2048,346,7,346,29,8,0,4,0,
no_demodulation,SEV/SEV484^1.p,TH1,Theorem,timeout,na,2074,416,19,416,50,2,0,4,0,
no_demodulation,SEV/SEV485^1.p,TH1,Theorem,timeout,na,2111,3059,36,3044,174,39,0,0,0,
no_demodulation,SEV/SEV486^1.p,TH1,Theorem,timeout,na,2047,2491,140,2491,119,34,0,0,0,
no_demodulation,SEV/SEV487^1.p,TH1,Theorem,timeout,na,2009,5,0,5,1,0,0,0,0,
no_demodulation,SEV/SEV488^1.p,TH1,Theorem,timeout,na,2051,166,7,166,8,0,0,5,0,
no_demodulation,SEV/SEV489^1.p,TH1,Theorem,timeout,na,2049,1895,94,1895,121,5,0,1,0,
no_demodulation,SEV/SEV490^1.p,TH1,Theorem,timeout,na,2085,1666,83,1666,127,0,0,3,0,
no_demodulation,SEV/SEV491^1.p,TH1,Theorem,timeout,na,2096,1460,1,1460,311,42,0,0,0,
no_demodulation,SEV/SEV492^1.p,TH1,Theorem,timeout,na,2134,3883,41,3883,260,59,0,0,0,
no_demodulation,SEV/SEV493^1.p,TH1,Theorem,timeout,na,2148,4276,61,4276,252,71,0,0,0,
no_demodulation,SEV/SEV494^1.p,TH1,Theorem,timeout,na,2052,1512,16,1512,140,53,0,0,0,
no_demodulation,SEV/SEV495^1.p,TH1,Theorem,timeout,na,2037,559,26,559,40,7,0,4,0,
no_demodulation,SEV/SEV496^1.p,TH1,ContradictoryAxioms,timeout,na,2072,778,45,778,48,0,0,3,0,
no_demodulation,SEV/SEV497^1.p,TH1,ContradictoryAxioms,timeout,na,2089,1339,46,1323,157,39,0,0,0,
no_demodulation,SEV/SEV498^1.p,TH1,ContradictoryAxioms,timeout,na,2156,1456,27,1456,244,75,0,0,0,
no_demodulation,SEV/SEV499^1.p,TH1,Theorem,timeout,na,2210,2097,2,2097,474,128,0,0,0,
no_demodulation,SEV/SEV500^1.p,TH1,ContradictoryAxioms,timeout,na,2069,632,37,632,35,0,0,1,0,
no_demodulation,SEV/SEV501^1.p,TH1,Theorem,timeout,na,2059,313,10,313,38,2,0,0,0,
no_demodulation,SEV/SEV502^1.p,TH1,Theorem,timeout,na,2045,641,21,641,69,12,0,0,0,
no_demodulation,SEV/SEV503^1.p,TH1,Theorem,timeout,na,2077,1752,33,1752,189,38,0,0,0,
no_demodulation,SEV/SEV504^1.p,TH1,Theorem,timeout,na,2077,1304,33,1304,233,23,0,0,0,
no_demodulation,SEV/SEV505^1.p,TH1,Theorem,timeout,na,2060,712,20,712,118,1,0,0,0,
no_demodulation,SEV/SEV506^1.p,TH1,Theorem,timeout,na,2084,2346,88,2346,190,41,0,0,0,
no_demodulation,SEV/SEV507^1.p,TH1,Theorem,timeout,na,2048,1717,93,1717,117,25,0,0,0,
no_demodulation,SEV/SEV508^1.p,TH1,Theorem,timeout,na,2080,1414,35,1414,237,3,0,0,0,
no_demodulation,SEV/SEV509^1.p,TH1,Theorem,timeout,na,2056,1963,97,1963,164,17,0,1,0,
no_demodulation,SEV/SEV510^1.p,TH1,Theorem,timeout,na,2070,1481,60,1481,201,0,0,0,0,
no_demodulation,SEV/SEV511^1.p,TH1,Theorem,timeout,na,2039,775,45,775,45,10,0,1,0,
no_demodulation,SEV/SEV512^1.p,TH1,Theorem,timeout,na,2074,779,13,779,153,0,0,0,0,
no_demodulation,SEV/SEV513^1.p,TH1,Theorem,timeout,na,2051,431,11,431,45,5,0,0,0,
no_demodulation,SEV/SEV514^1.p,TH1,Theorem,timeout,na,2080,2011,48,2011,204,22,0,0,0,
no_demodulation,SEV/SEV523^1.p,TH0,Theorem,timeout,na,2335,0,0,0,1,0,0,0,0,
no_demodulation,SEV/SEV524^1.p,TH0,Theorem,timeout,na,2339,0,0,0,1,0,0,0,0,
no_demodulation,SEV/SEV525^1.p,TH0,Unknown,timeout,na,2373,0,0,0,1,0,0,0,0,
no_demodulation,SEV/SEV526^1.p,TH0,Theorem,timeout,na,2380,0,0,0,1,0,0,0,0,
no_demodulation,SEV/SEV527^1.p,TH0,Theorem,timeout,na,2336,0,0,0,1,0,0,0,0,
no_demodulation,SEV/SEV528^1.p,TH0,Unknown,timeout,na,2337,0,0,0,1,0,0,0,0,
no_demodulation,SEV/SEV529^1.p,TH0,Theorem,timeout,na,2323,0,0,0,1,0,0,0,0,
no_demodulation,SEV/SEV530^1.p,TH0,Theorem,timeout,na,2326,0,0,0,1,0,0,0,0,
no_demodulation,SEV/SEV531^1.p,TH0,Unknown,timeout,na,2350,0,0,0,1,0,0,0,0,
no_demodulation,SEV/SEV532^1.p,TH0,Unknown,timeout,na,2347,0,0,0,1,0,0,0,0,
no_demodulation,SEV/SEV583^1.p,unknown,Theorem,parser_error,na,0,,,,,,,,,cached: Syntax Error: expected ' ' or ']' in !> binder  got [{:colon  ":"  2474}  {:atom  "nat"  2476}  {:rbracket  "]"  2479}  {:colon  ":"  2481}  {:lparen  "("  2483}  {:atom  "fin"  2485}  {:app  "@"  248
no_demodulation,SEV/SEV584^1.p,unknown,Theorem,parser_error,na,0,,,,,,,,,cached: Syntax Error: expected ' ' or ']' in !> binder  got [{:colon  ":"  2472}  {:atom  "nat"  2474}  {:rbracket  "]"  2477}  {:colon  ":"  2479}  {:lparen  "("  2481}  {:atom  "fin"  2483}  {:app  "@"  248
no_demodulation,SEV/SEV585^1.p,unknown,Theorem,parser_error,na,0,,,,,,,,,cached: Syntax Error: expected ' ' or ']' in !> binder  got [{:colon  ":"  2472}  {:atom  "nat"  2474}  {:rbracket  "]"  2477}  {:colon  ":"  2479}  {:lparen  "("  2481}  {:atom  "fin"  2483}  {:app  "@"  248
no_demodulation,SEV/SEV586^1.p,unknown,Theorem,parser_error,na,0,,,,,,,,,cached: Syntax Error: expected ' ' or ']' in !> binder  got [{:colon  ":"  2472}  {:atom  "nat"  2474}  {:rbracket  "]"  2477}  {:colon  ":"  2479}  {:lparen  "("  2481}  {:atom  "fin"  2483}  {:app  "@"  248
no_demodulation,SEV/SEV587^1.p,unknown,Theorem,parser_error,na,0,,,,,,,,,cached: Syntax Error: expected ' ' or ']' in !> binder  got [{:colon  ":"  2472}  {:atom  "nat"  2474}  {:rbracket  "]"  2477}  {:colon  ":"  2479}  {:lparen  "("  2481}  {:atom  "fin"  2483}  {:app  "@"  248
no_demodulation,SEV/SEV588^1.p,unknown,Theorem,parser_error,na,0,,,,,,,,,cached: Syntax Error: expected ' ' or ']' in !> binder  got [{:colon  ":"  2472}  {:atom  "nat"  2474}  {:rbracket  "]"  2477}  {:colon  ":"  2479}  {:lparen  "("  2481}  {:atom  "fin"  2483}  {:app  "@"  248
no_demodulation,SEV/SEV589^1.p,unknown,Theorem,parser_error,na,0,,,,,,,,,cached: Syntax Error: expected ' ' or ']' in !> binder  got [{:colon  ":"  2472}  {:atom  "nat"  2474}  {:rbracket  "]"  2477}  {:colon  ":"  2479}  {:lparen  "("  2481}  {:atom  "fin"  2483}  {:app  "@"  248
no_demodulation,SEV/SEV590^1.p,unknown,Theorem,parser_error,na,0,,,,,,,,,cached: Syntax Error: expected ' ' or ']' in !> binder  got [{:colon  ":"  2472}  {:atom  "nat"  2474}  {:rbracket  "]"  2477}  {:colon  ":"  2479}  {:lparen  "("  2481}  {:atom  "fin"  2483}  {:app  "@"  248
no_demodulation,SEV/SEV591^1.p,unknown,Theorem,parser_error,na,0,,,,,,,,,cached: Syntax Error: expected ' ' or ']' in !> binder  got [{:colon  ":"  2472}  {:atom  "nat"  2474}  {:rbracket  "]"  2477}  {:colon  ":"  2479}  {:lparen  "("  2481}  {:atom  "fin"  2483}  {:app  "@"  248
no_demodulation,SEV/SEV592^1.p,unknown,Theorem,parser_error,na,0,,,,,,,,,cached: Syntax Error: expected ' ' or ']' in !> binder  got [{:colon  ":"  2472}  {:atom  "nat"  2474}  {:rbracket  "]"  2477}  {:colon  ":"  2479}  {:lparen  "("  2481}  {:atom  "fin"  2483}  {:app  "@"  248
no_demodulation,SEV/SEV593^1.p,unknown,Theorem,parser_error,na,0,,,,,,,,,cached: Syntax Error: expected ' ' or ']' in !> binder  got [{:colon  ":"  2260}  {:atom  "nat"  2262}  {:rbracket  "]"  2265}  {:colon  ":"  2267}  {:lparen  "("  2269}  {:atom  "fin"  2271}  {:app  "@"  227
no_demodulation,SEV/SEV594^1.p,unknown,Theorem,parser_error,na,0,,,,,,,,,cached: Syntax Error: expected ' ' or ']' in !> binder  got [{:colon  ":"  2260}  {:atom  "nat"  2262}  {:rbracket  "]"  2265}  {:colon  ":"  2267}  {:lparen  "("  2269}  {:atom  "fin"  2271}  {:app  "@"  227
no_demodulation,SEV/SEV595^1.p,unknown,Theorem,parser_error,na,0,,,,,,,,,cached: Syntax Error: expected ' ' or ']' in !> binder  got [{:colon  ":"  2260}  {:atom  "nat"  2262}  {:rbracket  "]"  2265}  {:colon  ":"  2267}  {:lparen  "("  2269}  {:atom  "fin"  2271}  {:app  "@"  227
no_demodulation,SEV/SEV596^1.p,unknown,Theorem,parser_error,na,0,,,,,,,,,cached: Syntax Error: expected ' ' or ']' in !> binder  got [{:colon  ":"  2260}  {:atom  "nat"  2262}  {:rbracket  "]"  2265}  {:colon  ":"  2267}  {:lparen  "("  2269}  {:atom  "fin"  2271}  {:app  "@"  227
no_demodulation,SEV/SEV597^1.p,unknown,Theorem,parser_error,na,0,,,,,,,,,cached: Syntax Error: expected ' ' or ']' in !> binder  got [{:colon  ":"  2260}  {:atom  "nat"  2262}  {:rbracket  "]"  2265}  {:colon  ":"  2267}  {:lparen  "("  2269}  {:atom  "fin"  2271}  {:app  "@"  227
no_demodulation,SEV/SEV598^1.p,unknown,Theorem,parser_error,na,0,,,,,,,,,cached: Syntax Error: expected ' ' or ']' in !> binder  got [{:colon  ":"  2260}  {:atom  "nat"  2262}  {:rbracket  "]"  2265}  {:colon  ":"  2267}  {:lparen  "("  2269}  {:atom  "fin"  2271}  {:app  "@"  227
no_demodulation,SEV/SEV599^1.p,unknown,Theorem,parser_error,na,0,,,,,,,,,cached: Syntax Error: expected ' ' or ']' in !> binder  got [{:colon  ":"  2260}  {:atom  "nat"  2262}  {:rbracket  "]"  2265}  {:colon  ":"  2267}  {:lparen  "("  2269}  {:atom  "fin"  2271}  {:app  "@"  227
no_demodulation,SEV/SEV600^1.p,unknown,CounterSatisfiable,parser_error,na,0,,,,,,,,,cached: Syntax Error: expected ' ' or ']' in !> binder  got [{:colon  ":"  2271}  {:atom  "nat"  2273}  {:rbracket  "]"  2276}  {:colon  ":"  2278}  {:lparen  "("  2280}  {:atom  "fin"  2282}  {:app  "@"  228
no_demodulation,SEV/SEV601^1.p,unknown,CounterSatisfiable,parser_error,na,0,,,,,,,,,cached: Syntax Error: expected ' ' or ']' in !> binder  got [{:colon  ":"  2271}  {:atom  "nat"  2273}  {:rbracket  "]"  2276}  {:colon  ":"  2278}  {:lparen  "("  2280}  {:atom  "fin"  2282}  {:app  "@"  228
no_demodulation,SEV/SEV602^1.p,unknown,CounterSatisfiable,parser_error,na,0,,,,,,,,,cached: Syntax Error: expected ' ' or ']' in !> binder  got [{:colon  ":"  2271}  {:atom  "nat"  2273}  {:rbracket  "]"  2276}  {:colon  ":"  2278}  {:lparen  "("  2280}  {:atom  "fin"  2282}  {:app  "@"  228
no_demodulation,SWB/SWB109^15.p,TH0,CounterSatisfiable,timeout,na,2281,4404,40,4404,278,52,0,0,0,
no_demodulation,SWB/SWB109^3.p,TH0,CounterSatisfiable,timeout,na,2159,4651,82,4651,220,151,0,0,0,
no_demodulation,SWC/SWC425^7.p,TH0,CounterSatisfiable,timeout,na,2353,7936,240,7936,261,110,0,0,0,
no_demodulation,SWV/SWV010^7.p,TH0,Satisfiable,no_conjecture,na,130,,,,,,,,,
no_demodulation,SWV/SWV061^7.p,TH0,Theorem,timeout,na,2904,72,7,72,1,0,0,0,0,
no_demodulation,SWV/SWV067^7.p,TH0,Theorem,timeout,na,2920,71,7,71,1,0,0,0,0,
no_demodulation,SWV/SWV073^7.p,TH0,Theorem,timeout,na,2916,72,7,72,1,0,0,0,0,
no_demodulation,SWV/SWV079^7.p,TH0,Theorem,timeout,na,2923,72,7,72,1,0,0,0,0,
no_demodulation,SWV/SWV085^7.p,TH0,Theorem,timeout,na,2902,72,7,72,1,0,0,0,0,
no_demodulation,SWV/SWV091^7.p,TH0,Theorem,timeout,na,3039,71,7,71,1,0,0,0,0,
no_demodulation,SWV/SWV097^7.p,TH0,Theorem,timeout,na,3173,0,0,0,1,0,0,0,0,
no_demodulation,SWV/SWV103^7.p,TH0,Theorem,timeout,na,2952,71,7,71,1,0,0,0,0,
no_demodulation,SWV/SWV107^7.p,TH0,Theorem,timeout,na,2938,72,7,72,1,0,0,0,0,
no_demodulation,SWV/SWV425^1.p,TH0,CounterSatisfiable,timeout,na,2228,7787,224,7787,286,175,0,0,0,
no_demodulation,SWV/SWV425^2.p,TH0,Theorem,timeout,na,2043,1078,85,1078,34,4,0,3,0,
no_demodulation,SWV/SWV426^1.p,TH0,CounterSatisfiable,timeout,na,2334,8386,114,8386,287,181,0,0,0,
no_demodulation,SWV/SWV426^2.p,TH0,Theorem,timeout,na,2049,953,71,953,44,4,0,3,0,
no_demodulation,SWV/SWV426^3.p,TH0,CounterSatisfiable,timeout,na,2357,9799,16,9799,289,340,0,0,0,
no_demodulation,SWV/SWV426^4.p,TH0,Theorem,timeout,na,2044,1010,73,1010,47,4,0,3,0,
no_demodulation,SWV/SWV427^1.p,TH0,CounterSatisfiable,timeout,na,2298,8159,152,8159,263,188,0,0,0,
no_demodulation,SWV/SWV427^2.p,TH0,Theorem,timeout,na,2044,922,69,922,43,4,0,4,0,
no_demodulation,SWV/SWV428^1.p,TH0,CounterSatisfiable,timeout,na,2325,7955,167,7955,211,240,0,0,0,
no_demodulation,SWV/SWV428^2.p,TH0,Theorem,timeout,na,2041,1009,83,1009,31,0,0,3,0,
no_demodulation,SWV/SWV429^1.p,TH0,Theorem,timeout,na,2163,3836,55,3836,334,660,0,2,0,
no_demodulation,SWV/SWV429^2.p,TH0,Theorem,timeout,na,2054,1208,95,1208,46,4,0,3,0,
no_demodulation,SWV/SWV430^1.p,TH0,CounterSatisfiable,timeout,na,2295,8300,81,8300,284,204,0,0,0,
no_demodulation,SWV/SWV430^2.p,TH0,Theorem,timeout,na,2042,926,71,926,30,5,0,3,0,
no_demodulation,SWV/SWV431^1.p,TH0,CounterSatisfiable,timeout,na,2306,8407,111,8407,285,191,0,0,0,
no_demodulation,SWV/SWV431^2.p,TH0,Theorem,timeout,na,2053,1144,93,1144,40,4,0,3,0,
no_demodulation,SWV/SWV432^1.p,TH0,CounterSatisfiable,timeout,na,2298,7970,133,7970,265,196,0,0,0,
no_demodulation,SWV/SWV432^2.p,TH0,Theorem,timeout,na,2046,1184,96,1184,31,12,0,3,0,
no_demodulation,SWV/SWV433^1.p,TH0,CounterSatisfiable,timeout,na,2320,7888,140,7888,194,301,0,0,0,
no_demodulation,SWV/SWV433^2.p,TH0,Theorem,timeout,na,2051,1228,106,1228,33,0,0,2,0,
no_demodulation,SWV/SWV434^3.p,TH0,CounterSatisfiable,timeout,na,2297,8031,89,8031,244,228,0,0,0,
no_demodulation,SWV/SWV434^4.p,TH0,Theorem,timeout,na,2047,778,55,778,39,4,0,3,0,
no_demodulation,SWV/SWV435^3.p,TH0,Theorem,timeout,na,2364,7986,127,7986,975,783,0,1,0,
no_demodulation,SWV/SWV435^4.p,TH0,Theorem,timeout,na,2052,726,51,726,38,4,0,3,0,
no_demodulation,SWV/SWV436^3.p,TH0,CounterSatisfiable,timeout,na,2296,7676,111,7676,239,173,0,0,0,
no_demodulation,SWV/SWV436^4.p,TH0,Theorem,timeout,na,2052,1228,103,1228,31,5,0,3,0,
no_demodulation,SWV/SWV437^1.p,TH0,Theorem,timeout,na,2345,29,2,29,1,0,0,0,0,
no_demodulation,SWV/SWV438^1.p,TH0,Theorem,timeout,na,2341,29,2,29,1,0,0,0,0,
no_demodulation,SWV/SWV439^1.p,TH0,CounterSatisfiable,timeout,na,2339,29,2,29,1,0,0,0,0,
no_demodulation,SWV/SWV440^1.p,TH0,Theorem,timeout,na,2340,29,2,29,1,0,0,0,0,
no_demodulation,SWV/SWV441^1.p,TH0,Theorem,timeout,na,2076,1017,61,1017,62,13,0,1,0,
no_demodulation,SWV/SWV442^1.p,TH0,Theorem,thm,yes,73,6,0,6,1,1,0,0,0,
no_demodulation,SWV/SWV443^1.p,TH0,Theorem,thm,yes,80,7,0,7,1,1,0,0,0,
no_demodulation,SWV/SWV444^1.p,TH0,Theorem,timeout,na,2072,620,41,620,26,9,0,1,0,
no_demodulation,SWV/SWV445^1.p,TH0,Theorem,timeout,na,2077,1041,78,1041,40,7,0,1,0,
no_demodulation,SWV/SWV446^1.p,TH0,Theorem,timeout,na,2088,956,54,956,68,11,0,1,0,
no_demodulation,SWV/SWV447^1.p,TH0,Theorem,timeout,na,2033,1200,53,1200,107,10,0,1,0,
no_demodulation,SWW/SWW469^1.p,TH0,Theorem,timeout,na,2004,108,5,108,5,4,0,3,0,
no_demodulation,SWW/SWW470^1.p,TH0,Theorem,timeout,na,2283,779,46,779,48,0,0,1,0,
no_demodulation,SWW/SWW470^2.p,TH1,Theorem,parser_error,na,0,,,,,,,,,cached: Failed to parse formula 'fact_328_finite__nonempty__imp__fold1Set': [byte:116844] Type Error: Cannot unify strict function types of different arities.
no_demodulation,SWW/SWW470^3.p,TH1,Theorem,parser_error,na,0,,,,,,,,,cached: Failed to parse formula 'fact_311_finite__nonempty__imp__fold1Set': [byte:104766] Type Error: Cannot unify strict function types of different arities.
no_demodulation,SWW/SWW471^1.p,TH0,Theorem,timeout,na,2436,803,55,803,41,0,0,1,0,
no_demodulation,SWW/SWW471^2.p,TH0,ContradictoryAxioms,timeout,na,3612,438,43,438,1,0,0,0,0,
no_demodulation,SWW/SWW471^3.p,TH0,Theorem,timeout,na,4761,416,41,416,1,0,0,0,0,
no_demodulation,SWW/SWW472^1.p,TH0,Theorem,timeout,na,2276,698,47,698,39,0,0,1,0,
no_demodulation,SWW/SWW472^2.p,TH0,Theorem,timeout,na,2674,446,44,446,1,0,0,0,0,
no_demodulation,SWW/SWW472^3.p,TH1,Theorem,parser_error,na,0,,,,,,,,,cached: Failed to parse formula 'fact_409_finite__nonempty__imp__fold1Set': [byte:126226] Type Error: Cannot unify strict function types of different arities.
no_demodulation,SWW/SWW473^1.p,TH0,ContradictoryAxioms,timeout,na,2524,608,60,608,1,0,0,0,0,
no_demodulation,SWW/SWW473^2.p,TH0,Theorem,timeout,na,3314,482,48,482,1,0,0,0,0,
no_demodulation,SWW/SWW473^3.p,TH0,ContradictoryAxioms,timeout,na,4262,405,40,405,1,0,0,0,0,
no_demodulation,SWW/SWW474^1.p,TH0,Theorem,timeout,na,2592,517,51,517,1,0,0,0,0,
no_demodulation,SWW/SWW474^2.p,TH0,Theorem,timeout,na,3758,418,41,418,2,1,0,0,0,
no_demodulation,SWW/SWW474^3.p,TH0,Theorem,timeout,na,5234,361,35,361,2,1,0,0,0,
no_demodulation,SWW/SWW475^1.p,TH1,Theorem,parser_error,na,0,,,,,,,,,cached: Failed to parse formula 'fact_27_split__paired__All': [byte:22227] Type Error: Cannot unify strict function types of different arities.
no_demodulation,SWW/SWW475^2.p,TH1,Theorem,parser_error,na,0,,,,,,,,,cached: Failed to parse formula 'fact_21_split__paired__All': [byte:33084] Type Error: Cannot unify strict function types of different arities.
no_demodulation,SWW/SWW475^3.p,TH1,Theorem,parser_error,na,0,,,,,,,,,cached: Failed to parse formula 'fact_61_split__paired__All': [byte:69960] Type Error: Cannot unify strict function types of different arities.
no_demodulation,SWW/SWW476^1.p,TH1,Theorem,parser_error,na,0,,,,,,,,,cached: Failed to parse formula 'fact_125_split__paired__All': [byte:65316] Type Error: Cannot unify strict function types of different arities.
no_demodulation,SWW/SWW476^2.p,TH1,Theorem,parser_error,na,0,,,,,,,,,cached: Failed to parse formula 'fact_153_split__paired__All': [byte:91639] Type Error: Cannot unify strict function types of different arities.
no_demodulation,SWW/SWW476^3.p,TH1,Theorem,parser_error,na,0,,,,,,,,,cached: Failed to parse formula 'fact_367_split__paired__All': [byte:201188] Type Error: Cannot unify strict function types of different arities.
no_demodulation,SWW/SWW477^1.p,TH1,Theorem,parser_error,na,0,,,,,,,,,cached: Failed to parse formula 'fact_38_split__paired__All': [byte:21078] Type Error: Cannot unify strict function types of different arities.
no_demodulation,SWW/SWW477^2.p,TH1,Theorem,parser_error,na,0,,,,,,,,,cached: Failed to parse formula 'fact_62_split__paired__All': [byte:49406] Type Error: Cannot unify strict function types of different arities.
no_demodulation,SWW/SWW477^3.p,TH1,Theorem,parser_error,na,0,,,,,,,,,cached: Failed to parse formula 'fact_106_split__paired__All': [byte:93347] Type Error: Cannot unify strict function types of different arities.
no_demodulation,SWW/SWW478^1.p,TH1,Theorem,parser_error,na,0,,,,,,,,,cached: Failed to parse formula 'fact_21_split__paired__All': [byte:17638] Type Error: Cannot unify strict function types of different arities.
no_demodulation,SWW/SWW478^2.p,TH1,Theorem,parser_error,na,0,,,,,,,,,cached: Failed to parse formula 'fact_37_split__paired__All': [byte:63382] Type Error: Cannot unify strict function types of different arities.
no_demodulation,SWW/SWW478^3.p,TH1,Theorem,parser_error,na,0,,,,,,,,,cached: Failed to parse formula 'fact_143_split__paired__All': [byte:112259] Type Error: Cannot unify strict function types of different arities.
no_demodulation,SWW/SWW674^1.p,TH0,Satisfiable,no_conjecture,na,34,,,,,,,,,
no_demodulation,SWW/SWW971^15.p,TH0,CounterSatisfiable,timeout,na,2364,8660,95,8660,278,204,0,0,0,
no_demodulation,SWW/SWW971^5.p,TH0,CounterSatisfiable,timeout,na,2410,10519,7,10519,204,574,0,0,0,
no_demodulation,SYN/SYN000^1.p,TH0,Theorem,thm,yes,24,8,0,8,1,0,0,1,1,
no_demodulation,SYN/SYN000^2.p,TH0,Satisfiable,parser_error,na,0,,,,,,,,,cached: Type Error: product types (*) are not part of simple type theory.
no_demodulation,SYN/SYN000^3.p,TH1,Satisfiable,parser_error,na,0,,,,,,,,,cached: Failed to parse formula 'can_prove_this': [byte:2329] Type Error: Cannot unify strict function types of different arities.
no_demodulation,SYN/SYN000^6.p,unknown,Unknown,parser_error,na,0,,,,,,,,,cached: Lexer failed to parse entire string. Unparsed: {$necessary} @ ( ( newp @ ( newf @ newc @ a ) @ a ) & ( newp @ ( newf @ X @ a ) @ a ) ) ) ). thf(new_possible_axiom axiom  ( {$possible} @ ( ! [X: new] :
no_demodulation,SYN/SYN000^7.p,unknown,Unknown,parser_error,na,0,,,,,,,,,cached: Lexer failed to parse entire string. Unparsed: {$necessary(agent)} @ ( ( newp @ ( newf @ newc @ a ) @ a ) & ( newp @ ( newf @ X @ a ) @ a ) ) ) ). thf(new_possible_index_axiom axiom  ( {$possible(agen
no_demodulation,SYN/SYN036^5.p,TH0,Theorem,timeout,na,2086,4154,51,4154,111,458,0,0,0,
no_demodulation,SYN/SYN036^7.p,TH0,Theorem,timeout,na,2167,258,11,258,25,0,0,0,0,
no_demodulation,SYN/SYN040^4.p,TH0,CounterSatisfiable,timeout,na,2267,7669,122,7669,240,223,0,0,0,
no_demodulation,SYN/SYN041^4.p,TH0,Theorem,timeout,na,2248,7109,102,7109,217,260,0,0,0,
no_demodulation,SYN/SYN044^4.p,TH0,Theorem,timeout,na,2241,6462,135,6462,205,218,0,0,0,
no_demodulation,SYN/SYN045^4.p,TH0,Theorem,timeout,na,2289,9771,77,9771,278,310,0,0,0,
no_demodulation,SYN/SYN045^7.p,TH0,Theorem,timeout,na,2253,6292,134,6292,232,104,0,0,0,
no_demodulation,SYN/SYN046^4.p,TH0,CounterSatisfiable,timeout,na,2248,7538,113,7538,241,207,0,0,0,
no_demodulation,SYN/SYN047^4.p,TH0,CounterSatisfiable,timeout,na,2263,7105,124,7105,247,208,0,0,0,
no_demodulation,SYN/SYN049^5.p,TH0,Theorem,thm,yes,64,32,1,32,2,1,0,1,1,
no_demodulation,SYN/SYN051^5.p,TH0,Theorem,thm,yes,25,52,0,52,6,11,0,6,1,
no_demodulation,SYN/SYN052^7.p,TH0,Theorem,timeout,na,2125,2189,89,2189,180,68,0,0,0,
no_demodulation,SYN/SYN055^5.p,TH0,Theorem,thm,yes,112,382,0,382,50,26,0,1,1,
no_demodulation,SYN/SYN056^5.p,TH0,Theorem,timeout,na,2192,4333,13,4333,119,1050,0,1,0,
no_demodulation,SYN/SYN057^5.p,TH0,Theorem,timeout,na,2019,946,33,946,101,74,0,2,0,
no_demodulation,SYN/SYN058^5.p,TH0,Theorem,thm,yes,79,155,0,155,12,24,0,1,1,
no_demodulation,SYN/SYN059^5.p,TH0,Theorem,timeout,na,2034,1774,17,1774,105,338,0,2,0,
no_demodulation,SYN/SYN064^5.p,TH0,Theorem,thm,yes,8,7,0,7,1,0,0,1,1,
no_demodulation,SYN/SYN355^5.p,TH0,Theorem,thm,yes,14,18,0,18,3,0,0,1,1,
no_demodulation,SYN/SYN356^5.p,TH0,Theorem,timeout,na,2070,5062,209,5062,423,298,0,2,0,
no_demodulation,SYN/SYN357^5.p,TH0,Theorem,thm,yes,4,5,0,5,1,0,0,1,1,
no_demodulation,SYN/SYN357^7.p,TH0,Theorem,timeout,na,2470,6446,82,6446,1687,393,0,1,0,
no_demodulation,SYN/SYN358^5.p,TH0,Theorem,thm,yes,18,27,0,27,2,4,0,1,1,
no_demodulation,SYN/SYN360^5.p,TH0,Theorem,thm,yes,17,19,0,19,2,0,0,1,1,
no_demodulation,SYN/SYN361^5.p,TH0,Theorem,thm,yes,28,33,1,33,4,0,0,1,1,
no_demodulation,SYN/SYN364^5.p,TH0,Theorem,timeout,na,2013,631,21,631,36,45,0,2,0,
no_demodulation,SYN/SYN365^5.p,TH0,Theorem,timeout,na,2199,6454,54,6454,814,796,0,1,0,
no_demodulation,SYN/SYN367^7.p,TH0,Theorem,timeout,na,2310,3205,40,3205,182,79,0,0,0,
no_demodulation,SYN/SYN374^5.p,TH0,Theorem,thm,yes,115,170,0,170,10,26,0,2,1,
no_demodulation,SYN/SYN375^5.p,TH0,Theorem,thm,yes,5,1,0,1,1,1,0,0,0,
no_demodulation,SYN/SYN377^5.p,TH0,Theorem,thm,yes,35,62,0,62,6,5,0,1,1,
no_demodulation,SYN/SYN377^7.p,TH0,Theorem,timeout,na,2111,2047,131,2047,133,4,0,0,0,
no_demodulation,SYN/SYN381^5.p,TH0,Theorem,timeout,na,2164,7117,271,7117,822,384,0,4,0,
no_demodulation,SYN/SYN382^5.p,TH0,Theorem,thm,yes,12,12,0,12,2,0,0,1,1,
no_demodulation,SYN/SYN386^5.p,TH0,Theorem,timeout,na,2171,3864,82,3864,806,2,0,4,0,
no_demodulation,SYN/SYN387^4.p,TH0,CounterSatisfiable,timeout,na,2212,7067,241,7067,210,194,0,0,0,
no_demodulation,SYN/SYN387^7.p,TH0,CounterSatisfiable,timeout,na,2235,6573,112,6573,217,154,0,0,0,
no_demodulation,SYN/SYN388^4.p,TH0,CounterSatisfiable,timeout,na,2247,7452,145,7452,214,206,0,0,0,
no_demodulation,SYN/SYN389^4.p,TH0,CounterSatisfiable,timeout,na,2239,7020,99,7020,228,249,0,0,0,
no_demodulation,SYN/SYN390^4.p,TH0,Theorem,timeout,na,2215,7096,203,7096,210,255,0,0,0,
no_demodulation,SYN/SYN391^4.p,TH0,Theorem,timeout,na,2288,8627,78,8627,256,271,0,0,0,
no_demodulation,SYN/SYN392^4.p,TH0,CounterSatisfiable,timeout,na,2267,8305,128,8305,241,257,0,0,0,
no_demodulation,SYN/SYN397^7.p,TH0,Theorem,timeout,na,2218,3715,127,3715,234,49,0,0,0,
no_demodulation,SYN/SYN407^7.p,TH0,CounterSatisfiable,timeout,na,2179,3633,136,3633,193,96,0,0,0,
no_demodulation,SYN/SYN416^4.p,TH0,CounterSatisfiable,timeout,na,2240,7520,148,7520,248,210,0,0,0,
no_demodulation,SYN/SYN416^7.p,TH0,CounterSatisfiable,timeout,na,2243,6469,108,6469,225,145,0,0,0,
no_demodulation,SYN/SYN731^5.p,TH0,Theorem,thm,yes,21,21,2,21,1,0,0,1,1,
no_demodulation,SYN/SYN732^5.p,TH0,Theorem,thm,yes,38,70,3,70,4,0,0,1,1,
no_demodulation,SYN/SYN741^7.p,TH0,ContradictoryAxioms,timeout,na,2494,5410,186,5410,308,103,0,0,0,
no_demodulation,SYN/SYN915^4.p,TH0,Theorem,thm,yes,46,60,1,60,5,2,0,1,1,
no_demodulation,SYN/SYN916^4.p,TH0,CounterSatisfiable,timeout,na,2378,7753,0,7753,151,715,0,0,0,
no_demodulation,SYN/SYN977^4.p,TH0,CounterSatisfiable,timeout,na,2232,7211,159,7211,260,156,0,0,0,
no_demodulation,SYN/SYN978^4.p,TH0,Theorem,timeout,na,2223,6806,120,6806,269,186,0,0,0,
no_demodulation,SYN/SYN983^1.p,TH0,Theorem,thm,yes,20,53,0,44,5,12,0,0,0,
no_demodulation,SYN/SYN984^1.p,TH0,Theorem,timeout,na,2822,5321,1,5321,11,1015,0,0,0,
no_demodulation,SYN/SYN985^1.p,TH0,CounterSatisfiable,timeout,na,2043,2280,182,2280,80,0,0,3,0,
no_demodulation,SYN/SYN987^1.p,TH0,CounterSatisfiable,csa,yes,2,2,0,2,1,0,1,0,0,¬C[RWKXP]
no_demodulation,SYN/SYN987^2.p,TH0,Unsatisfiable,no_conjecture,na,0,,,,,,,,,
no_demodulation,SYN/SYN988^1.p,TH0,CounterSatisfiable,csa,yes,2,2,0,2,1,0,1,0,0,C[1JXRV3]
no_demodulation,SYN/SYN988^2.p,TH0,Unsatisfiable,no_conjecture,na,0,,,,,,,,,
no_demodulation,SYN/SYN989^1.p,TH0,Theorem,thm,yes,2,2,0,2,1,1,0,0,0,
no_demodulation,SYN/SYN989^2.p,TH0,Satisfiable,no_conjecture,na,0,,,,,,,,,
no_demodulation,SYN/SYN989^3.p,TH0,Theorem,thm,yes,2,1,0,1,1,1,0,0,0,
no_demodulation,SYN/SYN990^1.p,TH0,Satisfiable,no_conjecture,na,2,,,,,,,,,
no_demodulation,SYN/SYN991^1.p,TH0,Unsatisfiable,no_conjecture,na,1,,,,,,,,,
no_demodulation,SYN/SYN992^1.p,TH0,Theorem,thm,yes,8,5,0,5,1,0,0,1,1,
no_demodulation,SYN/SYN993^1.p,TH0,CounterSatisfiable,timeout,na,2004,1014,113,1014,1,0,0,0,0,
no_demodulation,SYN/SYN994^1.p,TH0,CounterSatisfiable,timeout,na,2005,983,110,983,1,0,0,0,0,
no_demodulation,SYN/SYN995^1.p,TH0,CounterSatisfiable,timeout,na,2152,6934,84,6934,559,511,0,0,0,
no_demodulation,SYN/SYN996^1.p,TH0,Theorem,thm,yes,89,9,0,9,1,0,0,1,1,
no_demodulation,SYN/SYN997^1.p,TH0,Theorem,timeout,na,2003,124,13,124,1,0,0,0,0,
no_demodulation,SYN/SYN998^1.p,TH0,Theorem,thm,yes,3,4,0,4,1,1,0,0,0,
no_demodulation,SYN/SYN999^1.p,TH0,Theorem,thm,yes,19,14,1,14,2,0,0,1,1,
no_demodulation,SYO/SYO001^1.p,TH0,Theorem,timeout,na,2116,2633,7,2633,647,0,0,2,0,
no_demodulation,SYO/SYO002^1.p,TH0,Theorem,thm,yes,24,15,1,15,2,0,0,1,1,
no_demodulation,SYO/SYO003^1.p,TH0,Theorem,thm,yes,21,20,1,20,2,0,0,1,1,
no_demodulation,SYO/SYO004^1.p,TH0,Theorem,timeout,na,2003,61,1,61,5,2,0,4,0,
no_demodulation,SYO/SYO005^1.p,TH0,Theorem,thm,yes,37,15,1,15,2,0,0,1,1,
no_demodulation,SYO/SYO006^1.p,TH0,Theorem,thm,yes,25,34,0,30,3,7,0,0,0,
no_demodulation,SYO/SYO007^1.p,TH0,Theorem,thm,yes,25,35,0,31,3,7,0,0,0,
no_demodulation,SYO/SYO008^1.p,TH0,Theorem,timeout,na,2073,2148,43,2148,339,0,0,4,0,
no_demodulation,SYO/SYO009^1.p,TH0,Theorem,thm,yes,3,1,0,1,1,1,0,0,0,
no_demodulation,SYO/SYO010^1.p,TH0,Theorem,timeout,na,2059,1974,31,1974,323,2,0,2,0,
no_demodulation,SYO/SYO011^1.p,TH0,Theorem,timeout,na,2067,1956,27,1956,333,2,0,2,0,
no_demodulation,SYO/SYO012^1.p,TH0,Theorem,thm,yes,3,1,0,1,1,1,0,0,0,
no_demodulation,SYO/SYO013^1.p,TH0,Theorem,thm,yes,8,12,0,10,2,3,0,0,0,
no_demodulation,SYO/SYO015^1.p,TH0,Theorem,thm,yes,2,2,0,2,1,1,0,0,0,
no_demodulation,SYO/SYO016^1.p,TH0,Theorem,timeout,na,2088,1671,22,1633,10,219,0,0,0,
no_demodulation,SYO/SYO017^1.p,TH0,Theorem,thm,yes,127,473,0,454,7,83,0,0,0,
no_demodulation,SYO/SYO018^1.p,TH0,Theorem,timeout,na,2046,1610,49,1610,180,6,0,2,0,
no_demodulation,SYO/SYO019^1.p,TH0,Theorem,thm,yes,5,3,0,3,1,1,0,0,0,
no_demodulation,SYO/SYO020^1.p,TH0,Theorem,parser_error,na,0,,,,,,,,,cached: Failed to parse formula 'conj': [byte:1833] Type Error: Cannot unify strict function types of different arities.
no_demodulation,SYO/SYO021^1.p,TH0,Theorem,thm,yes,5,3,0,3,1,1,0,0,0,
no_demodulation,SYO/SYO022^1.p,TH0,Theorem,timeout,na,2205,809,54,770,571,15,0,0,0,
no_demodulation,SYO/SYO023^1.p,TH0,Theorem,thm,yes,6,1,0,1,1,1,0,0,0,
no_demodulation,SYO/SYO024^1.p,TH0,Theorem,timeout,na,2183,804,54,765,571,15,0,0,0,
no_demodulation,SYO/SYO025^1.p,TH0,Theorem,thm,yes,6,1,0,1,1,1,0,0,0,
no_demodulation,SYO/SYO026^1.p,TH0,Theorem,thm,yes,19,14,0,13,4,4,0,0,0,
no_demodulation,SYO/SYO027^1.p,TH0,Theorem,thm,yes,2,2,0,2,1,1,0,0,0,
no_demodulation,SYO/SYO028^1.p,TH0,Theorem,thm,yes,2,2,0,2,1,1,0,0,0,
no_demodulation,SYO/SYO029^1.p,TH0,Theorem,thm,yes,5,3,0,3,1,1,0,0,0,
no_demodulation,SYO/SYO030^1.p,TH0,Theorem,thm,yes,31,92,0,77,9,16,0,0,0,
no_demodulation,SYO/SYO031^1.p,TH0,Theorem,thm,yes,6,10,0,10,1,1,0,0,0,
no_demodulation,SYO/SYO032^1.p,TH0,Theorem,thm,yes,48,20,1,20,1,1,0,0,0,
no_demodulation,SYO/SYO033^1.p,TH0,Theorem,timeout,na,2004,48,3,48,3,1,0,5,0,
no_demodulation,SYO/SYO034^1.p,TH0,Theorem,thm,yes,7,5,0,5,1,1,0,0,0,
no_demodulation,SYO/SYO035^1.p,TH0,Theorem,timeout,na,2063,1244,10,1244,311,6,0,4,0,
no_demodulation,SYO/SYO037^1.p,TH0,ContradictoryAxioms,timeout,na,2096,2682,74,2682,424,131,0,3,0,
no_demodulation,SYO/SYO039^1.p,TH0,Unsatisfiable,parser_error,na,0,,,,,,,,,cached: Failed to parse formula '1': [byte:1601] Type Error: Cannot unify strict function types of different arities.
no_demodulation,SYO/SYO039^2.p,TH0,Theorem,parser_error,na,0,,,,,,,,,cached: Failed to parse formula '1': [byte:1905] Type Error: Cannot unify strict function types of different arities.
no_demodulation,SYO/SYO040^1.p,TH0,Unsatisfiable,no_conjecture,na,0,,,,,,,,,
no_demodulation,SYO/SYO040^2.p,TH0,Theorem,timeout,na,2530,7836,0,7636,42,1319,0,0,0,
no_demodulation,SYO/SYO041^1.p,TH0,Unsatisfiable,no_conjecture,na,1,,,,,,,,,
no_demodulation,SYO/SYO041^2.p,TH0,Theorem,thm,yes,819,2962,16,2839,96,537,0,0,0,
no_demodulation,SYO/SYO042^1.p,TH0,Unsatisfiable,no_conjecture,na,1,,,,,,,,,
no_demodulation,SYO/SYO042^2.p,TH0,Theorem,thm,yes,49,110,0,102,7,26,0,0,0,
no_demodulation,SYO/SYO043^1.p,TH0,Unsatisfiable,no_conjecture,na,2,,,,,,,,,
no_demodulation,SYO/SYO043^2.p,TH0,CounterSatisfiable,csa,yes,12,17,0,11,14,0,4,0,0,[f <- λ. ¬1  x <- ⊥]  Model: ¬(q (λ. f 1) x)  ¬(q (λ. ¬1) x)  ¬(q (λ. ¬1) ⊥)
no_demodulation,SYO/SYO044^1.p,TH0,Theorem,thm,yes,56,5,0,5,1,1,0,0,0,
no_demodulation,SYO/SYO045^1.p,TH0,Theorem,thm,yes,101,42,1,42,7,2,0,1,1,
no_demodulation,SYO/SYO046^1.p,TH0,Theorem,thm,yes,106,52,1,52,9,4,0,1,1,
no_demodulation,SYO/SYO047^1.p,TH0,Theorem,thm,yes,107,48,1,48,7,4,0,1,1,
no_demodulation,SYO/SYO048^1.p,TH0,Theorem,timeout,na,2054,368,2,368,28,54,0,2,0,
no_demodulation,SYO/SYO049^1.p,TH0,Theorem,timeout,na,2049,280,3,280,17,38,0,2,0,
no_demodulation,SYO/SYO050^1.p,TH0,CounterSatisfiable,timeout,na,2121,3588,337,3588,333,5,0,0,0,
no_demodulation,SYO/SYO050^2.p,TH0,Theorem,thm,yes,61,12,0,12,3,0,0,1,1,
no_demodulation,SYO/SYO051^1.p,TH0,CounterSatisfiable,timeout,na,2047,78,1,78,8,6,0,7,0,
no_demodulation,SYO/SYO051^2.p,TH0,CounterSatisfiable,timeout,na,2062,1187,84,1187,52,6,0,3,0,
no_demodulation,SYO/SYO052^1.p,TH0,CounterSatisfiable,timeout,na,2241,9045,483,9045,255,0,0,0,0,
no_demodulation,SYO/SYO052^2.p,TH0,Theorem,thm,yes,124,28,0,28,3,0,0,1,1,
no_demodulation,SYO/SYO053^1.p,TH0,CounterSatisfiable,timeout,na,2052,1369,179,1369,1,0,0,0,0,
no_demodulation,SYO/SYO053^2.p,TH0,Theorem,thm,yes,53,6,0,6,1,0,0,1,1,
no_demodulation,SYO/SYO054^1.p,TH0,CounterSatisfiable,csa,yes,67,13,1,13,1,0,1,0,0,[mand <- λλλ. mnot (λ. mor (λ. mnot (λ. 6 1) 1) (λ. mnot (λ. 5 1) 1) 1) 1  mbox <- λλλ. ∀(λ. (¬(4 2 1)) ∨ (3 1))  mcountersatisfiable <- λ. ∃(λ. ¬(2 1))  mdia <- λλλ. mnot (λ. mbox (λλ. 6 2 1) (λ. mno
no_demodulation,SYO/SYO054^2.p,TH0,CounterSatisfiable,timeout,na,2081,1696,112,1696,83,18,0,2,0,
no_demodulation,SYO/SYO055^1.p,TH0,CounterSatisfiable,timeout,na,2216,6884,442,6884,351,35,0,0,0,
no_demodulation,SYO/SYO055^2.p,TH0,CounterSatisfiable,timeout,na,2063,1119,85,1119,44,0,0,1,0,
no_demodulation,SYO/SYO056^1.p,TH0,CounterSatisfiable,timeout,na,2056,89,1,89,7,12,0,4,0,
no_demodulation,SYO/SYO056^2.p,TH0,CounterSatisfiable,timeout,na,2076,1361,98,1361,72,0,0,2,0,
no_demodulation,SYO/SYO057^1.p,TH0,CounterSatisfiable,timeout,na,2241,5818,39,5818,211,287,0,0,0,
no_demodulation,SYO/SYO057^2.p,TH0,Theorem,timeout,na,2063,1188,88,1188,48,0,0,2,0,
no_demodulation,SYO/SYO058^4.p,TH0,Theorem,thm,yes,97,271,2,271,15,26,0,1,1,
no_demodulation,SYO/SYO059^4.p,TH0,Theorem,timeout,na,2233,6949,143,6949,207,196,0,0,0,
no_demodulation,SYO/SYO060^4.p,TH0,Theorem,timeout,na,2225,7165,203,7166,219,154,0,0,0,
no_demodulation,SYO/SYO061^4.p,TH0,Theorem,timeout,na,2274,7183,151,7183,176,429,0,0,0,
no_demodulation,SYO/SYO063^4.p,TH0,Theorem,timeout,na,2240,6972,138,6972,259,187,0,0,0,
no_demodulation,SYO/SYO076^5.p,TH0,Theorem,thm,yes,3,1,0,1,1,1,0,0,0,
no_demodulation,SYO/SYO077^5.p,TH0,Theorem,thm,yes,5,5,0,5,1,0,0,1,1,
no_demodulation,SYO/SYO078^5.p,TH0,Theorem,thm,yes,4,1,0,1,1,1,0,0,0,
no_demodulation,SYO/SYO079^5.p,TH0,Theorem,thm,yes,5,1,0,1,1,1,0,0,0,
no_demodulation,SYO/SYO080^5.p,TH0,Theorem,thm,yes,2,1,0,1,1,1,0,0,0,
no_demodulation,SYO/SYO081^5.p,TH0,Theorem,thm,yes,5,6,0,6,1,0,0,1,1,
no_demodulation,SYO/SYO082^5.p,TH0,Theorem,thm,yes,12,10,1,10,1,0,0,1,1,
no_demodulation,SYO/SYO083^5.p,TH0,Theorem,thm,yes,12,20,1,20,2,1,0,1,1,
no_demodulation,SYO/SYO084^5.p,TH0,Theorem,thm,yes,63,30,1,30,3,3,0,4,1,
no_demodulation,SYO/SYO085^5.p,TH0,Theorem,thm,yes,6,1,0,1,1,1,0,0,0,
no_demodulation,SYO/SYO086^5.p,TH0,Theorem,thm,yes,6,1,0,1,1,1,0,0,0,
no_demodulation,SYO/SYO087^5.p,TH0,Theorem,thm,yes,7,2,0,2,1,1,0,0,0,
no_demodulation,SYO/SYO088^5.p,TH0,Theorem,thm,yes,11,1,0,1,1,1,0,0,0,
no_demodulation,SYO/SYO089^5.p,TH0,Theorem,thm,yes,14,1,0,1,1,1,0,0,0,
no_demodulation,SYO/SYO090^5.p,TH0,Theorem,thm,yes,16,1,0,1,1,1,0,0,0,
no_demodulation,SYO/SYO091^5.p,TH0,Theorem,thm,yes,7,4,0,4,1,1,0,0,0,
no_demodulation,SYO/SYO092^5.p,TH0,Theorem,timeout,na,2004,287,4,287,21,30,0,4,0,
no_demodulation,SYO/SYO093^5.p,TH0,Theorem,timeout,na,2125,5964,210,5964,622,210,0,6,0,
no_demodulation,SYO/SYO094^5.p,TH0,Theorem,thm,yes,13,17,0,17,2,0,0,1,1,
no_demodulation,SYO/SYO095^5.p,TH0,Theorem,thm,yes,802,261,2,261,7,42,0,3,1,
no_demodulation,SYO/SYO096^5.p,TH0,Theorem,timeout,na,2140,7261,263,7261,762,161,0,2,0,
no_demodulation,SYO/SYO098^5.p,TH0,Theorem,thm,yes,24,22,0,22,3,1,0,1,1,
no_demodulation,SYO/SYO099^5.p,TH0,Theorem,thm,yes,16,18,0,18,2,1,0,1,1,
no_demodulation,SYO/SYO101^5.p,TH0,Theorem,thm,yes,77,117,4,117,5,6,0,6,1,
no_demodulation,SYO/SYO102^5.p,TH0,Theorem,timeout,na,2206,6500,231,6500,980,504,0,3,0,
no_demodulation,SYO/SYO103^5.p,TH0,Theorem,timeout,na,2045,2701,193,2701,80,97,0,4,0,
no_demodulation,SYO/SYO104^5.p,TH0,Theorem,thm,yes,22,39,1,39,4,2,0,1,1,
no_demodulation,SYO/SYO105^5.p,TH0,Theorem,thm,yes,89,84,1,84,6,4,0,1,1,
no_demodulation,SYO/SYO107^5.p,TH0,Theorem,thm,yes,18,22,0,22,3,0,0,1,1,
no_demodulation,SYO/SYO108^5.p,TH0,Theorem,thm,yes,22,21,0,21,3,0,0,1,1,
no_demodulation,SYO/SYO109^5.p,TH0,Theorem,timeout,na,2086,2999,81,2999,515,84,0,2,0,
no_demodulation,SYO/SYO111^5.p,TH0,Theorem,thm,yes,51,48,1,48,4,6,0,1,1,
no_demodulation,SYO/SYO112^5.p,TH0,Theorem,thm,yes,30,53,0,53,6,4,0,1,1,
no_demodulation,SYO/SYO113^5.p,TH0,Theorem,timeout,na,2201,5917,27,5917,1029,428,0,1,0,
no_demodulation,SYO/SYO114^5.p,TH0,Theorem,timeout,na,2239,6765,30,6765,456,1292,0,1,0,
no_demodulation,SYO/SYO118^5.p,TH0,Theorem,thm,yes,2,1,0,1,1,1,0,0,0,
no_demodulation,SYO/SYO119^5.p,TH0,Theorem,thm,yes,3,5,0,5,1,0,0,1,1,
no_demodulation,SYO/SYO120^5.p,TH0,Theorem,thm,yes,2,2,0,2,1,1,0,0,0,
no_demodulation,SYO/SYO121^5.p,TH0,CounterSatisfiable,timeout,na,2003,1594,196,1594,1,0,0,0,0,
no_demodulation,SYO/SYO122^5.p,TH0,CounterSatisfiable,csa,yes,3,4,0,4,1,0,1,0,0,¬(cEQ C[5ZZSI] C[1EBGM1])
no_demodulation,SYO/SYO123^5.p,TH0,Theorem,thm,yes,5,11,0,11,2,1,0,2,1,
no_demodulation,SYO/SYO124^5.p,TH0,Theorem,thm,yes,3,1,0,1,1,1,0,0,0,
no_demodulation,SYO/SYO125^5.p,TH0,Theorem,thm,yes,4,1,0,1,1,1,0,0,0,
no_demodulation,SYO/SYO126^5.p,TH0,CounterSatisfiable,unk,na,12,8,0,8,2,0,0,0,0,
no_demodulation,SYO/SYO128^5.p,TH0,Theorem,thm,yes,3,1,0,1,1,1,0,0,0,
no_demodulation,SYO/SYO129^5.p,TH0,Theorem,thm,yes,10,21,0,21,2,2,0,2,1,
no_demodulation,SYO/SYO130^5.p,TH0,CounterSatisfiable,csa,yes,3,2,0,2,1,0,1,0,0,cP C[24S5VC]
no_demodulation,SYO/SYO131^5.p,TH0,Theorem,thm,yes,5,4,0,4,1,0,0,1,1,
no_demodulation,SYO/SYO132^5.p,TH0,Theorem,timeout,na,2077,3309,58,3309,254,263,0,0,0,
no_demodulation,SYO/SYO133^5.p,TH0,Theorem,thm,yes,153,174,4,174,7,14,0,2,1,
no_demodulation,SYO/SYO134^5.p,TH0,Theorem,thm,yes,14,15,0,15,2,0,0,1,1,
no_demodulation,SYO/SYO135^5.p,TH0,Theorem,thm,yes,10,13,0,13,2,1,0,2,1,
no_demodulation,SYO/SYO136^5.p,TH0,Theorem,thm,yes,14,20,1,20,2,1,0,1,1,
no_demodulation,SYO/SYO137^5.p,TH0,CounterSatisfiable,csa,yes,70,195,0,195,15,32,1,0,0,¬(cM C[140OL1])  ¬(cM C[HNYVU])  ¬(cM C[1M93PH])  ¬(cN C[QQAII])  ¬(cM C[12BE2O])  ¬(cN C[2DXM2])  cM C[1U0M59]  ¬(cN C[1U0M59])
no_demodulation,SYO/SYO138^5.p,TH0,CounterSatisfiable,csa,yes,7,4,0,4,1,0,1,0,0,cP C[SJ251]  ¬(cS C[SJ251])
no_demodulation,SYO/SYO139^5.p,TH0,Theorem,thm,yes,6,5,0,5,1,1,0,0,0,
no_demodulation,SYO/SYO140^5.p,TH0,Theorem,thm,yes,11,13,0,13,2,0,0,1,1,
no_demodulation,SYO/SYO141^5.p,TH0,Theorem,thm,yes,17,19,1,19,2,0,0,1,1,
no_demodulation,SYO/SYO142^5.p,TH0,Theorem,thm,yes,59,34,1,34,3,4,0,1,1,
no_demodulation,SYO/SYO143^5.p,TH0,Theorem,thm,yes,14,16,1,16,1,0,0,1,1,
no_demodulation,SYO/SYO144^5.p,TH0,CounterSatisfiable,csa,yes,33,34,1,34,5,2,1,0,0,cR1 x  ¬cC  ¬(cP C[8AU8N])  ¬(cP C[RYBMR])
no_demodulation,SYO/SYO145^5.p,TH0,Theorem,thm,yes,24,33,2,33,2,0,0,3,1,
no_demodulation,SYO/SYO146^5.p,TH0,Theorem,thm,yes,19,33,0,33,5,3,0,1,1,
no_demodulation,SYO/SYO147^5.p,TH0,Theorem,timeout,na,2038,1576,29,1576,140,98,0,1,0,
no_demodulation,SYO/SYO148^5.p,TH0,Theorem,thm,yes,68,141,0,141,18,14,0,1,1,
no_demodulation,SYO/SYO149^5.p,TH0,Theorem,thm,yes,30,61,0,61,5,11,0,2,1,
no_demodulation,SYO/SYO150^5.p,TH0,CounterSatisfiable,csa,yes,52,24,0,24,4,1,1,0,0,cR1 x  ¬cC  ¬(cP C[IY0FX])  ¬(cP C[1MDQBQ])
no_demodulation,SYO/SYO151^5.p,TH0,CounterSatisfiable,timeout,na,2008,3045,400,3045,3,0,0,0,0,
no_demodulation,SYO/SYO152^5.p,TH0,CounterSatisfiable,timeout,na,2004,225,21,225,3,6,0,0,0,
no_demodulation,SYO/SYO153^5.p,TH0,CounterSatisfiable,csa,yes,16,7,0,7,2,0,1,0,0,cReduct C[1GR3WG] C[4N56K]  ¬(cReduct (cAPP C[1GR3WG] C[254OP2]) (cApp C[4N56K] C[254OP2]))
no_demodulation,SYO/SYO154^5.p,TH0,Theorem,thm,yes,16,16,0,16,3,0,0,1,1,
no_demodulation,SYO/SYO155^5.p,TH0,CounterSatisfiable,csa,yes,5,4,0,4,1,0,1,0,0,cP C[626ZT]  ¬(cS C[626ZT])
no_demodulation,SYO/SYO156^5.p,TH0,CounterSatisfiable,csa,yes,7,1,0,1,1,0,1,0,0,
no_demodulation,SYO/SYO157^5.p,TH0,CounterSatisfiable,timeout,na,2061,3538,310,3538,512,1,0,0,0,
no_demodulation,SYO/SYO158^5.p,TH0,CounterSatisfiable,csa,yes,68,16,1,16,2,0,1,0,0,cQ C[1WA53J] C[TGA9] C[16VNVC]  cQ C[TGA9] C[176KWJ] C[OCELV]  cQ C[16VNVC] C[176KWJ] C[7WDFR]  ¬(cQ C[1WA53J] C[OCELV] C[7WDFR])
no_demodulation,SYO/SYO159^5.p,TH0,Theorem,thm,yes,21,24,0,24,3,2,0,1,1,
no_demodulation,SYO/SYO160^5.p,TH0,Theorem,timeout,na,2020,1895,16,1895,134,234,0,2,0,
no_demodulation,SYO/SYO161^5.p,TH0,Theorem,thm,yes,32,54,0,54,5,8,0,6,1,
no_demodulation,SYO/SYO163^5.p,TH0,CounterSatisfiable,csa,yes,65,12,0,12,4,1,1,0,0,¬(cT C[NWIC5])  ¬(cT (i C[NWIC5] (i C[LOGC7] C[NWIC5])))
no_demodulation,SYO/SYO164^5.p,TH0,CounterSatisfiable,timeout,na,2079,3735,318,3735,384,31,0,0,0,
no_demodulation,SYO/SYO165^5.p,TH0,CounterSatisfiable,timeout,na,2133,4618,67,4618,774,135,0,2,0,
no_demodulation,SYO/SYO166^5.p,TH0,CounterSatisfiable,timeout,na,2012,620,41,620,16,11,0,3,0,
no_demodulation,SYO/SYO167^5.p,TH0,CounterSatisfiable,timeout,na,2020,653,26,653,20,35,0,6,0,
no_demodulation,SYO/SYO168^5.p,TH0,CounterSatisfiable,timeout,na,2020,802,65,802,16,3,0,10,0,
no_demodulation,SYO/SYO169^5.p,TH0,Theorem,timeout,na,2117,1265,39,1265,323,6,0,3,0,
no_demodulation,SYO/SYO170^5.p,TH0,Theorem,timeout,na,2110,1280,39,1280,330,6,0,4,0,
no_demodulation,SYO/SYO171^5.p,TH0,Theorem,timeout,na,2134,6618,262,6618,1055,99,0,2,0,
no_demodulation,SYO/SYO173^5.p,TH0,Theorem,timeout,na,2023,3046,279,3046,30,6,0,3,0,
no_demodulation,SYO/SYO174^5.p,TH0,Theorem,timeout,na,2011,0,0,0,1,0,0,0,0,
no_demodulation,SYO/SYO175^5.p,TH0,Theorem,timeout,na,2188,6336,182,6336,879,236,0,1,0,
no_demodulation,SYO/SYO176^5.p,TH0,CounterSatisfiable,csa,yes,862,10,0,10,4,0,1,0,0,cL  cP  ¬cM
no_demodulation,SYO/SYO178^5.p,TH0,Theorem,thm,yes,90,1,0,1,1,1,0,0,0,
no_demodulation,SYO/SYO179^5.p,TH0,Theorem,timeout,na,2017,0,0,0,1,0,0,0,0,
no_demodulation,SYO/SYO180^5.p,TH0,Theorem,thm,yes,601,12,1,12,1,1,0,0,0,
no_demodulation,SYO/SYO181^5.p,TH0,Theorem,timeout,na,4401,0,0,0,1,0,0,0,0,
no_demodulation,SYO/SYO182^5.p,TH0,Theorem,timeout,na,5682,0,0,0,1,0,0,0,0,
no_demodulation,SYO/SYO183^5.p,TH0,Theorem,thm,yes,2,2,0,2,1,1,0,0,0,
no_demodulation,SYO/SYO183^6.p,TH0,Theorem,thm,yes,2,3,0,3,1,1,0,0,0,
no_demodulation,SYO/SYO184^5.p,TH0,Theorem,thm,yes,2,3,0,3,1,1,0,0,0,
no_demodulation,SYO/SYO185^5.p,TH0,Theorem,thm,yes,2,2,0,2,1,1,0,0,0,
no_demodulation,SYO/SYO186^5.p,TH0,Theorem,thm,yes,2,3,0,3,1,1,0,0,0,
no_demodulation,SYO/SYO187^5.p,TH0,Theorem,thm,yes,2,3,0,3,1,1,0,0,0,
no_demodulation,SYO/SYO188^5.p,TH0,Theorem,thm,yes,51,3,0,3,1,1,0,0,0,
no_demodulation,SYO/SYO189^5.p,TH0,Theorem,thm,yes,4,5,0,5,1,1,0,0,0,
no_demodulation,SYO/SYO190^5.p,TH0,Theorem,thm,yes,3,3,0,3,1,1,0,0,0,
no_demodulation,SYO/SYO191^5.p,TH0,Theorem,thm,yes,2,3,0,3,1,1,0,0,0,
no_demodulation,SYO/SYO192^5.p,TH0,Theorem,thm,yes,3,3,0,3,1,1,0,0,0,
no_demodulation,SYO/SYO193^5.p,TH0,Theorem,thm,yes,48,3,0,3,1,1,0,0,0,
no_demodulation,SYO/SYO194^5.p,TH0,Theorem,thm,yes,12,14,0,14,2,1,0,1,1,
no_demodulation,SYO/SYO195^5.p,TH0,Theorem,thm,yes,3,5,0,5,1,1,0,0,0,
no_demodulation,SYO/SYO196^5.p,TH0,Theorem,thm,yes,3,2,0,2,1,1,0,0,0,
no_demodulation,SYO/SYO197^5.p,TH0,Theorem,thm,yes,5,5,0,5,1,1,0,0,0,
no_demodulation,SYO/SYO198^5.p,TH0,Theorem,thm,yes,9,15,0,15,3,4,0,0,0,
no_demodulation,SYO/SYO199^5.p,TH0,Theorem,thm,yes,9,9,0,9,1,1,0,0,0,
no_demodulation,SYO/SYO200^5.p,TH0,Theorem,thm,yes,7,8,0,8,1,1,0,0,0,
no_demodulation,SYO/SYO202^5.p,TH0,Theorem,thm,yes,3,2,0,2,1,1,0,0,0,
no_demodulation,SYO/SYO203^5.p,TH0,Theorem,thm,yes,3,1,0,1,1,1,0,0,0,
no_demodulation,SYO/SYO204^5.p,TH0,Theorem,thm,yes,5,6,0,6,1,1,0,0,0,
no_demodulation,SYO/SYO205^5.p,TH0,Theorem,thm,yes,4,3,0,3,1,1,0,0,0,
no_demodulation,SYO/SYO206^5.p,TH0,Theorem,thm,yes,16,40,0,40,4,6,0,0,0,
no_demodulation,SYO/SYO207^5.p,TH0,Theorem,thm,yes,15,48,0,48,5,10,0,0,0,
no_demodulation,SYO/SYO208^5.p,TH0,Theorem,thm,yes,82,30,0,30,3,2,0,1,1,
no_demodulation,SYO/SYO209^5.p,TH0,Theorem,timeout,na,2025,761,14,761,115,0,0,3,0,
no_demodulation,SYO/SYO210^5.p,TH0,CounterSatisfiable,csa,yes,6,5,0,5,1,0,1,0,0,
no_demodulation,SYO/SYO211^5.p,TH0,CounterSatisfiable,timeout,na,2178,7469,112,7469,448,511,0,0,0,
no_demodulation,SYO/SYO212^5.p,TH0,Theorem,thm,yes,25,58,0,49,5,12,0,0,0,
no_demodulation,SYO/SYO213^5.p,TH0,Theorem,thm,yes,164,77,0,77,5,12,0,1,1,
no_demodulation,SYO/SYO214^5.p,TH0,Theorem,thm,yes,21,22,1,22,3,1,0,1,1,
no_demodulation,SYO/SYO215^5.p,TH0,Theorem,timeout,na,2003,84,3,84,5,3,0,4,0,
no_demodulation,SYO/SYO216^5.p,TH0,Theorem,thm,yes,5,4,0,4,1,1,0,0,0,
no_demodulation,SYO/SYO217^5.p,TH0,Theorem,timeout,na,2041,2404,5,2404,121,399,0,3,0,
no_demodulation,SYO/SYO218^5.p,TH0,Theorem,timeout,na,2048,2487,109,2487,217,39,0,1,0,
no_demodulation,SYO/SYO219^5.p,TH0,Theorem,timeout,na,2044,1918,82,1918,161,3,0,1,0,
no_demodulation,SYO/SYO220^5.p,TH0,Theorem,thm,yes,56,32,1,32,3,1,0,2,1,
no_demodulation,SYO/SYO221^5.p,TH0,Theorem,timeout,na,2087,1371,50,1371,489,11,0,1,0,
no_demodulation,SYO/SYO222^5.p,TH0,Theorem,timeout,na,2028,955,31,955,110,61,0,1,0,
no_demodulation,SYO/SYO223^5.p,TH0,Theorem,timeout,na,2088,4130,108,4130,393,223,0,1,0,
no_demodulation,SYO/SYO224^5.p,TH0,Theorem,timeout,na,2105,3668,23,3668,530,248,0,1,0,
no_demodulation,SYO/SYO225^5.p,TH0,Theorem,timeout,na,2267,4730,36,4730,204,384,0,0,0,
no_demodulation,SYO/SYO226^5.p,TH0,Theorem,timeout,na,2004,139,1,139,11,19,0,4,0,
no_demodulation,SYO/SYO227^5.p,TH0,Theorem,timeout,na,2056,3539,137,3539,335,2,0,2,0,
no_demodulation,SYO/SYO228^5.p,TH0,Theorem,timeout,na,2307,5724,22,5724,188,736,0,0,0,
no_demodulation,SYO/SYO229^5.p,TH0,Theorem,timeout,na,2004,146,9,146,10,1,0,3,0,
no_demodulation,SYO/SYO230^5.p,TH0,Theorem,timeout,na,2005,137,5,137,9,1,0,4,0,
no_demodulation,SYO/SYO231^5.p,TH0,Theorem,timeout,na,2196,5408,20,5408,729,281,0,4,0,
no_demodulation,SYO/SYO232^5.p,TH0,Theorem,thm,yes,10,11,0,11,2,1,0,1,1,
no_demodulation,SYO/SYO233^5.p,TH0,Theorem,timeout,na,2003,99,4,99,5,2,0,4,0,
no_demodulation,SYO/SYO234^5.p,TH0,Theorem,timeout,na,2005,109,4,109,9,1,0,4,0,
no_demodulation,SYO/SYO235^5.p,TH0,Theorem,thm,yes,31,56,0,56,4,12,0,0,0,
no_demodulation,SYO/SYO236^5.p,TH0,Theorem,timeout,na,2070,1727,52,1727,273,28,0,1,0,
no_demodulation,SYO/SYO237^5.p,TH0,Theorem,timeout,na,2038,1770,80,1770,147,7,0,3,0,
no_demodulation,SYO/SYO238^5.p,TH0,Theorem,timeout,na,2004,93,5,93,5,3,0,3,0,
no_demodulation,SYO/SYO239^5.p,TH0,Theorem,timeout,na,2070,2201,122,2201,397,8,0,4,0,
no_demodulation,SYO/SYO240^5.p,TH0,Unknown,timeout,na,2029,714,31,714,48,19,0,2,0,
no_demodulation,SYO/SYO241^5.p,TH0,Theorem,timeout,na,2125,3085,79,3085,596,167,0,1,0,
no_demodulation,SYO/SYO242^5.p,TH0,CounterSatisfiable,timeout,na,2028,1102,42,1102,90,4,0,2,0,
no_demodulation,SYO/SYO243^5.p,TH0,Theorem,timeout,na,2053,1889,56,1889,200,16,0,3,0,
no_demodulation,SYO/SYO244^5.p,TH0,Theorem,timeout,na,2038,574,13,574,45,21,0,2,0,
no_demodulation,SYO/SYO245^5.p,TH0,ContradictoryAxioms,timeout,na,2099,3772,179,3772,631,26,0,2,0,
no_demodulation,SYO/SYO246^5.p,TH0,Theorem,timeout,na,2021,161,3,161,13,7,0,1,0,
no_demodulation,SYO/SYO247^5.p,TH0,CounterSatisfiable,timeout,na,2047,618,13,618,83,48,0,0,0,
no_demodulation,SYO/SYO248^5.p,TH0,Theorem,timeout,na,2274,7471,1,7471,250,376,0,0,0,
no_demodulation,SYO/SYO249^5.p,TH0,Theorem,timeout,na,2210,1978,5,1978,196,0,0,0,0,
no_demodulation,SYO/SYO250^5.p,TH0,Theorem,timeout,na,2120,2,0,2,1,0,0,0,0,
no_demodulation,SYO/SYO252^5.p,TH0,Theorem,thm,yes,3,3,0,3,1,1,0,0,0,
no_demodulation,SYO/SYO253^5.p,TH0,Theorem,thm,yes,4,2,0,2,1,1,0,0,0,
no_demodulation,SYO/SYO255^5.p,TH0,Theorem,timeout,na,2046,1065,24,1065,106,36,0,3,0,
no_demodulation,SYO/SYO256^5.p,TH0,Theorem,thm,yes,85,139,0,135,6,22,0,0,0,
no_demodulation,SYO/SYO257^5.p,TH0,Theorem,thm,yes,22,9,0,9,1,0,0,1,1,
no_demodulation,SYO/SYO258^5.p,TH0,Theorem,thm,yes,43,18,0,18,3,1,0,2,1,
no_demodulation,SYO/SYO259^5.p,TH0,Theorem,thm,yes,273,59,1,59,5,3,0,1,1,
no_demodulation,SYO/SYO260^5.p,TH0,Theorem,thm,yes,334,68,2,68,5,5,0,1,1,
no_demodulation,SYO/SYO261^5.p,TH0,Theorem,timeout,na,2060,2682,55,2682,402,16,0,4,0,
no_demodulation,SYO/SYO262^5.p,TH0,Theorem,thm,yes,130,7,0,7,1,0,0,1,1,
no_demodulation,SYO/SYO263^5.p,TH0,Theorem,timeout,na,2036,777,11,777,175,25,0,0,0,
no_demodulation,SYO/SYO264^5.p,TH0,Theorem,timeout,na,2029,651,19,651,162,18,0,0,0,
no_demodulation,SYO/SYO265^5.p,TH0,Theorem,timeout,na,2070,3013,100,3013,355,56,0,1,0,
no_demodulation,SYO/SYO266^5.p,TH0,Theorem,timeout,na,2095,2560,105,2560,492,39,0,3,0,
no_demodulation,SYO/SYO267^5.p,TH0,Theorem,thm,yes,64,12,0,12,2,0,0,1,1,
no_demodulation,SYO/SYO268^5.p,TH0,Theorem,thm,yes,93,56,1,56,3,2,0,1,1,
no_demodulation,SYO/SYO269^5.p,TH0,Theorem,timeout,na,2020,359,26,359,16,0,0,0,0,
no_demodulation,SYO/SYO270^5.p,TH0,Theorem,thm,yes,138,21,2,21,1,0,0,1,1,
no_demodulation,SYO/SYO271^5.p,TH0,Theorem,timeout,na,2044,2286,99,2286,196,3,0,4,0,
no_demodulation,SYO/SYO272^5.p,TH0,Theorem,timeout,na,2069,1763,28,1763,322,2,0,5,0,
no_demodulation,SYO/SYO274^5.p,TH0,Theorem,timeout,na,2065,2235,85,2235,354,0,0,2,0,
no_demodulation,SYO/SYO275^5.p,TH0,Theorem,timeout,na,2034,1345,82,1345,94,4,0,5,0,
no_demodulation,SYO/SYO276^5.p,TH0,Theorem,timeout,na,2007,41,2,41,3,0,0,3,0,
no_demodulation,SYO/SYO277^5.p,TH0,Theorem,timeout,na,2098,4484,173,4484,560,15,0,1,0,
no_demodulation,SYO/SYO278^5.p,TH0,CounterSatisfiable,timeout,na,2004,212,21,212,1,0,0,0,0,
no_demodulation,SYO/SYO279^5.p,TH0,CounterSatisfiable,csa,yes,5,3,0,3,1,0,1,0,0,¬(cReduct (cAPP (cLAM (λ. C[13M6F8] 1)) C[1ERIF9]) (C[13M6F8] C[1ERIF9]))
no_demodulation,SYO/SYO280^5.p,TH0,CounterSatisfiable,timeout,na,2067,2027,129,2027,355,3,0,5,0,
no_demodulation,SYO/SYO281^5.p,TH0,Theorem,thm,yes,49,6,0,6,1,0,0,1,1,
no_demodulation,SYO/SYO282^5.p,TH0,Theorem,thm,yes,5,6,0,6,1,0,0,1,1,
no_demodulation,SYO/SYO284^5.p,TH0,CounterSatisfiable,timeout,na,2003,1417,184,1417,1,0,0,0,0,
no_demodulation,SYO/SYO285^5.p,TH0,Theorem,thm,yes,4,3,0,3,1,0,0,1,1,
no_demodulation,SYO/SYO286^5.p,TH0,Theorem,thm,yes,7,8,0,8,1,0,0,1,1,
no_demodulation,SYO/SYO287^5.p,TH0,Theorem,timeout,na,2067,511,11,511,327,5,0,1,0,
no_demodulation,SYO/SYO288^5.p,TH0,Theorem,timeout,na,2023,724,36,724,86,34,0,2,0,
no_demodulation,SYO/SYO289^5.p,TH0,Theorem,thm,yes,10,6,0,6,1,0,0,1,1,
no_demodulation,SYO/SYO290^5.p,TH0,Theorem,thm,yes,4,1,0,1,1,1,0,0,0,
no_demodulation,SYO/SYO291^5.p,TH0,Theorem,thm,yes,6,3,0,3,1,0,0,1,1,
no_demodulation,SYO/SYO292^5.p,TH0,Theorem,thm,yes,136,12,0,12,2,0,0,2,1,
no_demodulation,SYO/SYO293^5.p,TH0,Theorem,thm,yes,14,5,0,5,1,0,0,1,1,
no_demodulation,SYO/SYO294^5.p,TH0,CounterSatisfiable,timeout,na,2048,745,3,745,168,4,0,4,0,
no_demodulation,SYO/SYO295^5.p,TH0,Theorem,timeout,na,2053,2842,149,2842,199,38,0,2,0,
no_demodulation,SYO/SYO296^5.p,TH0,Theorem,thm,yes,252,42,1,42,5,3,0,2,1,
no_demodulation,SYO/SYO297^5.p,TH0,CounterSatisfiable,timeout,na,2035,644,0,644,6,129,0,8,0,
no_demodulation,SYO/SYO298^5.p,TH0,Theorem,thm,yes,106,12,0,12,2,0,0,1,1,
no_demodulation,SYO/SYO299^5.p,TH0,Theorem,thm,yes,50,31,0,31,4,4,0,0,0,
no_demodulation,SYO/SYO300^5.p,TH0,Theorem,thm,yes,20,6,0,6,1,0,0,1,1,
no_demodulation,SYO/SYO301^5.p,TH0,Theorem,timeout,na,2048,1782,59,1782,135,105,0,1,0,
no_demodulation,SYO/SYO302^5.p,TH0,CounterSatisfiable,timeout,na,2078,1538,6,1538,629,0,0,3,0,
no_demodulation,SYO/SYO303^5.p,TH0,Theorem,timeout,na,2103,2794,46,2794,420,8,0,1,0,
no_demodulation,SYO/SYO304^5.p,TH0,Theorem,unk,na,11,4,0,4,1,0,0,0,0,
no_demodulation,SYO/SYO305^5.p,TH0,Theorem,thm,yes,18,18,0,18,3,0,0,1,1,
no_demodulation,SYO/SYO306^5.p,TH0,Theorem,thm,yes,4,1,0,1,1,1,0,0,0,
no_demodulation,SYO/SYO307^5.p,TH0,Theorem,timeout,na,2004,106,2,106,9,7,0,2,0,
no_demodulation,SYO/SYO308^5.p,TH0,Theorem,thm,yes,23,29,0,29,4,2,0,1,1,
no_demodulation,SYO/SYO309^5.p,TH0,Theorem,timeout,na,2037,1275,65,1275,209,4,0,4,0,
no_demodulation,SYO/SYO310^5.p,TH0,Theorem,thm,yes,23,10,0,10,2,2,0,0,0,
no_demodulation,SYO/SYO311^5.p,TH0,Theorem,thm,yes,18,7,0,7,2,2,0,0,0,
no_demodulation,SYO/SYO312^5.p,TH0,Theorem,timeout,na,2019,902,60,902,43,10,0,2,0,
no_demodulation,SYO/SYO313^5.p,TH0,CounterSatisfiable,timeout,na,2228,6952,124,6952,999,528,0,2,0,
no_demodulation,SYO/SYO314^5.p,TH0,Theorem,thm,yes,10,1,0,1,1,1,0,0,0,
no_demodulation,SYO/SYO315^5.p,TH0,Theorem,thm,yes,10,1,0,1,1,1,0,0,0,
no_demodulation,SYO/SYO316^5.p,TH0,CounterSatisfiable,timeout,na,2047,1880,25,1880,269,0,0,1,0,
no_demodulation,SYO/SYO317^5.p,TH0,Theorem,timeout,na,2065,2058,80,2058,177,0,0,2,0,
no_demodulation,SYO/SYO318^5.p,TH0,CounterSatisfiable,timeout,na,2033,825,11,825,95,43,0,1,0,
no_demodulation,SYO/SYO323^5.p,TH0,CounterSatisfiable,csa,yes,28,8,0,8,2,0,1,0,0,cHALF C[N3UV4] C[14BQWN]  ¬(cHALF (cS (cS C[N3UV4])) (cS C[14BQWN]))
no_demodulation,SYO/SYO324^5.p,TH0,Theorem,timeout,na,2028,640,38,640,36,3,0,2,0,
no_demodulation,SYO/SYO325^5.p,TH0,Theorem,timeout,na,2023,512,26,512,37,3,0,2,0,
no_demodulation,SYO/SYO326^5.p,TH0,Theorem,timeout,na,2018,222,6,222,20,0,0,1,0,
no_demodulation,SYO/SYO327^5.p,TH0,Theorem,timeout,na,2033,1193,88,1193,50,0,0,4,0,
no_demodulation,SYO/SYO328^5.p,TH0,CounterSatisfiable,timeout,na,2012,5,0,5,2,0,0,0,0,
no_demodulation,SYO/SYO329^5.p,TH0,Theorem,timeout,na,2067,1570,36,1570,304,0,0,4,0,
no_demodulation,SYO/SYO330^5.p,TH0,Theorem,timeout,na,2021,1161,75,1161,56,25,0,3,0,
no_demodulation,SYO/SYO331^5.p,TH0,Theorem,timeout,na,2029,679,23,679,67,10,0,1,0,
no_demodulation,SYO/SYO332^5.p,TH0,Theorem,timeout,na,2028,1320,105,1320,39,6,0,1,0,
no_demodulation,SYO/SYO333^5.p,TH0,CounterSatisfiable,timeout,na,2034,1096,71,1096,66,0,0,1,0,
no_demodulation,SYO/SYO334^5.p,TH0,Theorem,timeout,na,2085,2112,47,2112,328,0,0,2,0,
no_demodulation,SYO/SYO335^5.p,TH0,Theorem,timeout,na,2074,1499,30,1499,289,0,0,4,0,
no_demodulation,SYO/SYO336^5.p,TH0,Unknown,timeout,na,2022,355,25,355,14,0,0,4,0,
no_demodulation,SYO/SYO337^5.p,TH0,Theorem,timeout,na,2029,361,20,361,19,4,0,2,0,
no_demodulation,SYO/SYO338^5.p,TH0,Theorem,timeout,na,2048,1285,100,1285,81,0,0,1,0,
no_demodulation,SYO/SYO339^5.p,TH0,CounterSatisfiable,timeout,na,2071,1233,25,1233,192,32,0,0,0,
no_demodulation,SYO/SYO340^5.p,TH0,CounterSatisfiable,timeout,na,2046,483,9,483,62,21,0,0,0,
no_demodulation,SYO/SYO341^5.p,TH0,CounterSatisfiable,timeout,na,2043,438,11,438,62,7,0,0,0,
no_demodulation,SYO/SYO344^5.p,TH0,Theorem,thm,yes,37,20,0,20,3,1,0,2,1,
no_demodulation,SYO/SYO345^5.p,TH0,Theorem,timeout,na,2003,143,6,138,6,13,0,2,0,
no_demodulation,SYO/SYO346^5.p,TH0,Theorem,thm,yes,11,28,0,24,3,6,0,0,0,
no_demodulation,SYO/SYO347^5.p,TH0,Theorem,timeout,na,2065,3256,45,3256,259,255,0,0,0,
no_demodulation,SYO/SYO348^5.p,TH0,Theorem,thm,yes,11,24,0,20,4,6,0,0,0,
no_demodulation,SYO/SYO349^5.p,TH0,Theorem,thm,yes,7,12,0,10,2,3,0,0,0,
no_demodulation,SYO/SYO350^5.p,TH0,Theorem,timeout,na,2042,1876,45,1876,225,32,0,3,0,
no_demodulation,SYO/SYO351^5.p,TH0,Theorem,thm,yes,19,23,0,23,2,2,0,1,1,
no_demodulation,SYO/SYO352^5.p,TH0,Theorem,timeout,na,2061,2199,67,2199,364,0,0,4,0,
no_demodulation,SYO/SYO353^5.p,TH0,Theorem,thm,yes,25,24,1,24,2,0,0,1,1,
no_demodulation,SYO/SYO354^5.p,TH0,Theorem,timeout,na,2065,2115,61,2115,363,0,0,4,0,
no_demodulation,SYO/SYO355^5.p,TH0,Theorem,timeout,na,2004,90,5,90,5,3,0,4,0,
no_demodulation,SYO/SYO356^5.p,TH0,Theorem,timeout,na,2080,1813,25,1814,396,8,0,3,0,
no_demodulation,SYO/SYO357^5.p,TH0,Theorem,thm,yes,8,1,0,1,1,1,0,0,0,
no_demodulation,SYO/SYO358^5.p,TH0,Theorem,thm,yes,6,1,0,1,1,1,0,0,0,
no_demodulation,SYO/SYO359^5.p,TH0,Theorem,timeout,na,2117,3915,0,3915,869,7,0,3,0,
no_demodulation,SYO/SYO360^5.p,TH0,Theorem,timeout,na,2048,1613,36,1613,209,7,0,4,0,
no_demodulation,SYO/SYO361^5.p,TH0,Theorem,timeout,na,2070,3476,168,3476,233,16,0,1,0,
no_demodulation,SYO/SYO362^5.p,TH0,Theorem,timeout,na,2046,1979,67,1979,110,109,0,2,0,
no_demodulation,SYO/SYO363^5.p,TH0,Theorem,timeout,na,2036,884,10,884,128,9,0,2,0,
no_demodulation,SYO/SYO364^5.p,TH0,Theorem,timeout,na,2044,905,15,905,196,0,0,2,0,
no_demodulation,SYO/SYO365^5.p,TH0,Theorem,parser_error,na,0,,,,,,,,,cached: Failed to parse formula 'cEXT2_def': [byte:1966] Type Error: Cannot unify strict function types of different arities.
no_demodulation,SYO/SYO366^5.p,TH0,Theorem,thm,yes,2,1,0,1,1,1,0,0,0,
no_demodulation,SYO/SYO367^5.p,TH0,Theorem,parser_error,na,0,,,,,,,,,cached: Failed to parse formula 'cEXT2': [byte:1793] Type Error: Cannot unify strict function types of different arities.
no_demodulation,SYO/SYO368^5.p,TH0,Theorem,thm,yes,16,27,0,23,3,7,0,0,0,
no_demodulation,SYO/SYO369^5.p,TH0,Theorem,thm,yes,3,1,0,1,1,1,0,0,0,
no_demodulation,SYO/SYO370^5.p,TH0,Theorem,timeout,na,2067,3262,58,3262,259,255,0,0,0,
no_demodulation,SYO/SYO371^5.p,TH0,Theorem,thm,yes,9,17,0,17,3,5,0,0,0,
no_demodulation,SYO/SYO372^5.p,TH0,Theorem,timeout,na,2057,3012,51,3012,279,255,0,0,0,
no_demodulation,SYO/SYO373^5.p,TH0,Theorem,timeout,na,2052,3022,49,3022,258,255,0,0,0,
no_demodulation,SYO/SYO374^5.p,TH0,Theorem,timeout,na,2004,73,2,73,5,3,0,2,0,
no_demodulation,SYO/SYO375^5.p,TH0,Theorem,thm,yes,4,3,0,3,1,1,0,0,0,
no_demodulation,SYO/SYO376^5.p,TH0,Theorem,thm,yes,843,2758,3,2701,336,483,0,0,0,
no_demodulation,SYO/SYO377^5.p,TH0,Theorem,thm,yes,33,60,0,51,5,12,0,0,0,
no_demodulation,SYO/SYO378^5.p,TH0,Theorem,timeout,na,2012,512,26,512,29,7,0,3,0,
no_demodulation,SYO/SYO379^5.p,TH0,Theorem,timeout,na,2166,5157,89,5157,670,166,0,4,0,
no_demodulation,SYO/SYO380^5.p,TH0,Theorem,thm,yes,8,5,0,5,1,0,0,1,1,
no_demodulation,SYO/SYO381^5.p,TH0,Theorem,thm,yes,14,14,0,14,2,0,0,1,1,
no_demodulation,SYO/SYO382^5.p,TH0,Theorem,thm,yes,14,1,0,1,1,1,0,0,0,
no_demodulation,SYO/SYO383^5.p,TH0,Theorem,timeout,na,2203,3998,102,3998,201,0,0,0,0,
no_demodulation,SYO/SYO384^5.p,TH0,Theorem,thm,yes,27,1,0,1,1,1,0,0,0,
no_demodulation,SYO/SYO385^5.p,TH0,Theorem,timeout,na,2456,5519,18,5519,245,0,0,0,0,
no_demodulation,SYO/SYO386^5.p,TH0,Theorem,timeout,na,2376,3681,17,3681,192,0,0,0,0,
no_demodulation,SYO/SYO387^5.p,TH0,Theorem,timeout,na,2056,79,7,79,1,0,0,0,0,
no_demodulation,SYO/SYO388^5.p,TH0,Theorem,timeout,na,2079,13,1,13,1,0,0,0,0,
no_demodulation,SYO/SYO389^5.p,TH0,Theorem,thm,yes,1,1,0,1,1,1,0,0,0,
no_demodulation,SYO/SYO390^5.p,TH0,Theorem,thm,yes,16,25,0,25,3,5,0,0,0,
no_demodulation,SYO/SYO391^5.p,TH0,Theorem,timeout,na,2108,7,0,7,1,0,0,0,0,
no_demodulation,SYO/SYO392^1.p,TH0,Theorem,timeout,na,2318,8818,84,8818,251,257,0,0,0,
no_demodulation,SYO/SYO393^1.p,TH0,Theorem,timeout,na,2333,9795,110,9795,281,321,0,0,0,
no_demodulation,SYO/SYO394^1.p,TH0,Theorem,timeout,na,2309,8363,109,8363,277,312,0,0,0,
no_demodulation,SYO/SYO395^1.p,TH0,Theorem,timeout,na,2286,7921,85,7922,286,326,0,0,0,
no_demodulation,SYO/SYO396^1.p,TH0,Theorem,timeout,na,2309,8433,48,8433,205,482,0,0,0,
no_demodulation,SYO/SYO397^1.p,TH0,Theorem,timeout,na,2290,8817,38,8817,247,568,0,0,0,
no_demodulation,SYO/SYO398^1.p,TH0,Theorem,timeout,na,2301,8578,54,8578,265,451,0,0,0,
no_demodulation,SYO/SYO399^1.p,TH0,Theorem,timeout,na,2303,8238,26,8238,245,328,0,0,0,
no_demodulation,SYO/SYO400^1.p,TH0,Theorem,timeout,na,2302,8722,136,8722,278,194,0,0,0,
no_demodulation,SYO/SYO401^1.p,TH0,Theorem,timeout,na,2303,8690,83,8690,255,394,0,0,0,
no_demodulation,SYO/SYO402^1.p,TH0,Theorem,timeout,na,2286,7487,30,7487,311,264,0,0,0,
no_demodulation,SYO/SYO403^1.p,TH0,Theorem,timeout,na,2309,9108,101,9108,262,265,0,0,0,
no_demodulation,SYO/SYO404^1.p,TH0,Theorem,timeout,na,2299,8736,174,8736,279,215,0,0,0,
no_demodulation,SYO/SYO405^1.p,TH0,Theorem,timeout,na,2292,8411,205,8411,280,206,0,0,0,
no_demodulation,SYO/SYO406^1.p,TH0,Theorem,timeout,na,2312,8882,62,8882,274,237,0,0,0,
no_demodulation,SYO/SYO407^1.p,TH0,Theorem,timeout,na,2309,9053,100,9053,288,267,0,0,0,
no_demodulation,SYO/SYO408^1.p,TH0,Theorem,timeout,na,2281,8042,57,8042,271,346,0,0,0,
no_demodulation,SYO/SYO409^1.p,TH0,Theorem,timeout,na,2301,8333,87,8333,291,248,0,0,0,
no_demodulation,SYO/SYO410^1.p,TH0,Theorem,timeout,na,2297,8528,137,8529,238,429,0,0,0,
no_demodulation,SYO/SYO411^1.p,TH0,Theorem,timeout,na,2294,8470,233,8470,298,215,0,0,0,
no_demodulation,SYO/SYO412^1.p,TH0,Theorem,timeout,na,2310,8168,39,8168,279,267,0,0,0,
no_demodulation,SYO/SYO413^1.p,TH0,Theorem,timeout,na,2287,8882,21,8882,264,382,0,0,0,
no_demodulation,SYO/SYO414^1.p,TH0,Theorem,timeout,na,2309,8419,112,8419,286,210,0,0,0,
no_demodulation,SYO/SYO415^1.p,TH0,Theorem,timeout,na,2301,8558,180,8558,261,210,0,0,0,
no_demodulation,SYO/SYO416^1.p,TH0,Theorem,timeout,na,2292,8159,181,8159,234,173,0,0,0,
no_demodulation,SYO/SYO417^1.p,TH0,Theorem,timeout,na,2306,8238,139,8238,264,187,0,0,0,
no_demodulation,SYO/SYO418^1.p,TH0,Theorem,timeout,na,2283,8709,57,8709,232,609,0,0,0,
no_demodulation,SYO/SYO419^1.p,TH0,Theorem,timeout,na,2135,3125,33,3125,200,366,0,2,0,
no_demodulation,SYO/SYO420^1.p,TH0,Theorem,timeout,na,2312,8861,149,8861,258,282,0,0,0,
no_demodulation,SYO/SYO421^1.p,TH0,Theorem,timeout,na,2272,10034,195,10034,252,943,0,0,0,
no_demodulation,SYO/SYO422^1.p,TH0,Theorem,timeout,na,2366,8497,127,8497,1301,526,0,1,0,
no_demodulation,SYO/SYO423^1.p,TH0,Theorem,timeout,na,2316,7981,93,7981,211,249,0,0,0,
no_demodulation,SYO/SYO424^1.p,TH0,Theorem,timeout,na,2301,8066,126,8066,262,274,0,0,0,
no_demodulation,SYO/SYO425^1.p,TH0,Theorem,timeout,na,2275,7722,161,7722,244,214,0,0,0,
no_demodulation,SYO/SYO426^1.p,TH0,Theorem,timeout,na,2259,7780,156,7780,272,207,0,0,0,
no_demodulation,SYO/SYO427^1.p,TH0,Theorem,timeout,na,2275,8281,171,8281,269,163,0,0,0,
no_demodulation,SYO/SYO428^1.p,TH0,Theorem,timeout,na,2286,8342,185,8342,242,174,0,0,0,
no_demodulation,SYO/SYO429^1.p,TH0,Theorem,timeout,na,2287,7579,150,7579,221,124,0,0,0,
no_demodulation,SYO/SYO430^1.p,TH0,Theorem,timeout,na,2259,7878,183,7878,216,121,0,0,0,
no_demodulation,SYO/SYO431^1.p,TH0,Theorem,timeout,na,2305,8128,127,8128,200,249,0,0,0,
no_demodulation,SYO/SYO432^1.p,TH0,Theorem,timeout,na,2278,8092,174,8092,219,170,0,0,0,
no_demodulation,SYO/SYO433^1.p,TH0,Theorem,timeout,na,2251,6435,141,6435,219,116,0,0,0,
no_demodulation,SYO/SYO434^1.p,TH0,Theorem,timeout,na,2254,6637,125,6637,225,123,0,0,0,
no_demodulation,SYO/SYO435^1.p,TH0,Theorem,timeout,na,2249,6568,145,6568,226,98,0,0,0,
no_demodulation,SYO/SYO436^1.p,TH0,Theorem,timeout,na,2267,6901,75,6901,224,107,0,0,0,
no_demodulation,SYO/SYO437^1.p,TH0,Theorem,timeout,na,2277,7577,73,7577,269,274,0,0,0,
no_demodulation,SYO/SYO438^1.p,TH0,Theorem,timeout,na,2247,6439,135,6439,211,169,0,0,0,
no_demodulation,SYO/SYO439^1.p,TH0,Theorem,timeout,na,2226,6458,186,6458,235,118,0,0,0,
no_demodulation,SYO/SYO440^1.p,TH0,Theorem,timeout,na,2231,6478,164,6478,216,128,0,0,0,
no_demodulation,SYO/SYO441^1.p,TH0,Theorem,timeout,na,2256,6576,184,6576,203,89,0,0,0,
no_demodulation,SYO/SYO442^1.p,TH0,Theorem,timeout,na,2259,6544,139,6544,219,104,0,0,0,
no_demodulation,SYO/SYO443^1.p,TH0,Theorem,timeout,na,2291,7403,89,7403,248,158,0,0,0,
no_demodulation,SYO/SYO444^1.p,TH0,Theorem,timeout,na,2280,7131,136,7131,237,142,0,0,0,
no_demodulation,SYO/SYO445^1.p,TH0,Theorem,timeout,na,2274,6703,124,6703,206,140,0,0,0,
no_demodulation,SYO/SYO446^1.p,TH0,Theorem,timeout,na,2264,6644,132,6644,206,168,0,0,0,
no_demodulation,SYO/SYO447^1.p,TH0,Theorem,timeout,na,2249,6490,149,6490,203,46,0,0,0,
no_demodulation,SYO/SYO448^1.p,TH0,Theorem,timeout,na,2263,6613,114,6613,211,74,0,0,0,
no_demodulation,SYO/SYO449^1.p,TH0,Theorem,timeout,na,2268,6658,152,6658,241,74,0,0,0,
no_demodulation,SYO/SYO450^1.p,TH0,CounterSatisfiable,timeout,na,2315,8892,116,8892,263,223,0,0,0,
no_demodulation,SYO/SYO450^2.p,TH0,CounterSatisfiable,timeout,na,2300,8484,103,8484,278,194,0,0,0,
no_demodulation,SYO/SYO450^3.p,TH0,Theorem,timeout,na,2340,8346,149,8346,276,175,0,0,0,
no_demodulation,SYO/SYO450^4.p,TH0,Theorem,timeout,na,2275,8161,103,8161,273,158,0,0,0,
no_demodulation,SYO/SYO450^5.p,TH0,Theorem,timeout,na,2263,7328,137,7328,253,153,0,0,0,
no_demodulation,SYO/SYO450^6.p,TH0,Theorem,timeout,na,2279,7136,98,7136,220,135,0,0,0,
no_demodulation,SYO/SYO451^1.p,TH0,CounterSatisfiable,timeout,na,2313,8601,91,8601,274,230,0,0,0,
no_demodulation,SYO/SYO451^2.p,TH0,CounterSatisfiable,timeout,na,2298,8376,121,8376,270,193,0,0,0,
no_demodulation,SYO/SYO451^3.p,TH0,CounterSatisfiable,timeout,na,2279,8004,142,8004,264,152,0,0,0,
no_demodulation,SYO/SYO451^4.p,TH0,CounterSatisfiable,timeout,na,2285,7804,108,7804,239,110,0,0,0,
no_demodulation,SYO/SYO451^5.p,TH0,Theorem,timeout,na,2253,6563,92,6563,245,114,0,0,0,
no_demodulation,SYO/SYO451^6.p,TH0,Theorem,timeout,na,2273,6960,131,6960,222,155,0,0,0,
no_demodulation,SYO/SYO452^1.p,TH0,CounterSatisfiable,timeout,na,2304,8341,143,8341,250,225,0,0,0,
no_demodulation,SYO/SYO452^2.p,TH0,CounterSatisfiable,timeout,na,2301,8216,147,8217,246,200,0,0,0,
no_demodulation,SYO/SYO452^3.p,TH0,CounterSatisfiable,timeout,na,2317,7917,141,7917,238,174,0,0,0,
no_demodulation,SYO/SYO452^4.p,TH0,CounterSatisfiable,timeout,na,2272,7878,166,7878,243,130,0,0,0,
no_demodulation,SYO/SYO452^5.p,TH0,CounterSatisfiable,timeout,na,2262,6445,125,6445,245,120,0,0,0,
no_demodulation,SYO/SYO452^6.p,TH0,CounterSatisfiable,timeout,na,2257,6865,180,6865,219,128,0,0,0,
no_demodulation,SYO/SYO453^1.p,TH0,CounterSatisfiable,timeout,na,2312,7919,10,7919,292,309,0,0,0,
no_demodulation,SYO/SYO453^2.p,TH0,CounterSatisfiable,timeout,na,2297,7637,6,7637,277,245,0,0,0,
no_demodulation,SYO/SYO453^3.p,TH0,CounterSatisfiable,timeout,na,2317,7768,37,7768,273,251,0,0,0,
no_demodulation,SYO/SYO453^4.p,TH0,CounterSatisfiable,timeout,na,2284,7473,68,7473,250,173,0,0,0,
no_demodulation,SYO/SYO453^5.p,TH0,CounterSatisfiable,timeout,na,2266,6643,95,6643,247,180,0,0,0,
no_demodulation,SYO/SYO453^6.p,TH0,CounterSatisfiable,timeout,na,2267,6427,132,6427,194,113,0,0,0,
no_demodulation,SYO/SYO454^1.p,TH0,CounterSatisfiable,timeout,na,2309,8794,127,8794,276,262,0,0,0,
no_demodulation,SYO/SYO454^2.p,TH0,CounterSatisfiable,timeout,na,2319,8470,96,8470,271,259,0,0,0,
no_demodulation,SYO/SYO454^3.p,TH0,CounterSatisfiable,timeout,na,2305,8302,117,8302,306,257,0,0,0,
no_demodulation,SYO/SYO454^4.p,TH0,CounterSatisfiable,timeout,na,2286,8140,116,8140,253,193,0,0,0,
no_demodulation,SYO/SYO454^5.p,TH0,CounterSatisfiable,timeout,na,2257,6918,129,6918,233,147,0,0,0,
no_demodulation,SYO/SYO454^6.p,TH0,Theorem,timeout,na,2277,7029,124,7029,191,131,0,0,0,
no_demodulation,SYO/SYO455^1.p,TH0,CounterSatisfiable,timeout,na,2321,9244,213,9245,264,350,0,0,0,
no_demodulation,SYO/SYO455^2.p,TH0,Theorem,timeout,na,2335,9039,200,9039,252,297,0,0,0,
no_demodulation,SYO/SYO455^3.p,TH0,Theorem,timeout,na,2295,9037,218,9037,278,314,0,0,0,
no_demodulation,SYO/SYO455^4.p,TH0,Theorem,timeout,na,2290,8523,230,8523,254,134,0,0,0,
no_demodulation,SYO/SYO455^5.p,TH0,Theorem,timeout,na,2273,7514,173,7514,257,115,0,0,0,
no_demodulation,SYO/SYO455^6.p,TH0,Theorem,timeout,na,2272,7162,182,7162,254,94,0,0,0,
no_demodulation,SYO/SYO456^1.p,TH0,CounterSatisfiable,timeout,na,2290,8336,117,8336,260,168,0,0,0,
no_demodulation,SYO/SYO456^2.p,TH0,CounterSatisfiable,timeout,na,2291,8156,131,8156,243,188,0,0,0,
no_demodulation,SYO/SYO456^3.p,TH0,CounterSatisfiable,timeout,na,2277,7996,175,7996,242,168,0,0,0,
no_demodulation,SYO/SYO456^4.p,TH0,Theorem,timeout,na,2270,7785,166,7785,229,129,0,0,0,
no_demodulation,SYO/SYO456^6.p,TH0,Theorem,timeout,na,2263,6640,163,6640,214,71,0,0,0,
no_demodulation,SYO/SYO457^1.p,TH0,CounterSatisfiable,timeout,na,2303,8491,79,8491,276,363,0,0,0,
no_demodulation,SYO/SYO457^2.p,TH0,CounterSatisfiable,timeout,na,2309,8406,106,8406,270,264,0,0,0,
no_demodulation,SYO/SYO457^3.p,TH0,Theorem,timeout,na,2312,8302,140,8303,260,247,0,0,0,
no_demodulation,SYO/SYO457^4.p,TH0,Theorem,timeout,na,2269,7971,155,7971,248,167,0,0,0,
no_demodulation,SYO/SYO457^5.p,TH0,Theorem,timeout,na,2246,6623,130,6623,232,150,0,0,0,
no_demodulation,SYO/SYO457^6.p,TH0,Theorem,timeout,na,2264,6598,97,6598,213,96,0,0,0,
no_demodulation,SYO/SYO458^2.p,TH0,Theorem,timeout,na,2279,7442,61,7442,283,398,0,0,0,
no_demodulation,SYO/SYO458^3.p,TH0,Theorem,timeout,na,2281,7639,66,7639,266,345,0,0,0,
no_demodulation,SYO/SYO458^4.p,TH0,Theorem,timeout,na,2277,7513,87,7513,258,140,0,0,0,
no_demodulation,SYO/SYO458^5.p,TH0,Theorem,timeout,na,2244,6462,101,6462,218,114,0,0,0,
no_demodulation,SYO/SYO458^6.p,TH0,Theorem,timeout,na,2257,6611,116,6611,199,91,0,0,0,
no_demodulation,SYO/SYO459^1.p,TH0,CounterSatisfiable,timeout,na,2311,8522,105,8522,258,223,0,0,0,
no_demodulation,SYO/SYO459^2.p,TH0,CounterSatisfiable,timeout,na,2304,8161,113,8161,274,212,0,0,0,
no_demodulation,SYO/SYO459^3.p,TH0,CounterSatisfiable,timeout,na,2288,8240,187,8240,246,147,0,0,0,
no_demodulation,SYO/SYO459^4.p,TH0,Theorem,timeout,na,2271,7712,171,7712,222,110,0,0,0,
no_demodulation,SYO/SYO459^6.p,TH0,Theorem,timeout,na,2231,6551,171,6551,195,107,0,0,0,
no_demodulation,SYO/SYO460^1.p,TH0,Theorem,timeout,na,2296,8068,155,8068,283,261,0,0,0,
no_demodulation,SYO/SYO460^2.p,TH0,Theorem,timeout,na,2312,8270,124,8271,268,265,0,0,0,
no_demodulation,SYO/SYO460^3.p,TH0,Theorem,timeout,na,2289,7937,152,7937,287,247,0,0,0,
no_demodulation,SYO/SYO460^4.p,TH0,Theorem,timeout,na,2282,7735,175,7735,273,140,0,0,0,
no_demodulation,SYO/SYO460^5.p,TH0,Theorem,timeout,na,2282,6976,137,6976,280,197,0,0,0,
no_demodulation,SYO/SYO460^6.p,TH0,Theorem,timeout,na,2279,7109,179,7109,254,153,0,0,0,
no_demodulation,SYO/SYO461^1.p,TH0,CounterSatisfiable,timeout,na,2294,8638,73,8638,236,633,0,0,0,
no_demodulation,SYO/SYO461^2.p,TH0,CounterSatisfiable,timeout,na,2304,8441,47,8441,237,536,0,0,0,
no_demodulation,SYO/SYO461^3.p,TH0,CounterSatisfiable,timeout,na,2285,8498,66,8498,237,605,0,0,0,
no_demodulation,SYO/SYO461^4.p,TH0,CounterSatisfiable,timeout,na,2302,8135,104,8135,240,291,0,0,0,
no_demodulation,SYO/SYO461^5.p,TH0,CounterSatisfiable,timeout,na,2282,7608,120,7608,241,251,0,0,0,
no_demodulation,SYO/SYO461^6.p,TH0,CounterSatisfiable,timeout,na,2277,7558,147,7558,245,171,0,0,0,
no_demodulation,SYO/SYO462^2.p,TH0,Theorem,timeout,na,2292,7669,27,7669,266,195,0,0,0,
no_demodulation,SYO/SYO462^3.p,TH0,Theorem,timeout,na,2299,7835,40,7835,270,212,0,0,0,
no_demodulation,SYO/SYO462^4.p,TH0,Theorem,timeout,na,2288,7680,43,7680,248,158,0,0,0,
no_demodulation,SYO/SYO462^5.p,TH0,Theorem,timeout,na,2249,6992,72,6992,250,178,0,0,0,
no_demodulation,SYO/SYO462^6.p,TH0,Theorem,timeout,na,2263,6801,82,6801,297,170,0,0,0,
no_demodulation,SYO/SYO463^1.p,TH0,CounterSatisfiable,timeout,na,2302,8149,21,8149,276,269,0,0,0,
no_demodulation,SYO/SYO463^2.p,TH0,CounterSatisfiable,timeout,na,2305,8028,20,8028,296,285,0,0,0,
no_demodulation,SYO/SYO463^3.p,TH0,CounterSatisfiable,timeout,na,2288,7924,40,7924,263,287,0,0,0,
no_demodulation,SYO/SYO463^4.p,TH0,CounterSatisfiable,timeout,na,2284,7757,35,7757,245,227,0,0,0,
no_demodulation,SYO/SYO463^5.p,TH0,Theorem,timeout,na,2274,7072,46,7072,255,240,0,0,0,
no_demodulation,SYO/SYO463^6.p,TH0,Theorem,timeout,na,2254,6747,95,6747,299,159,0,0,0,
no_demodulation,SYO/SYO464^1.p,TH0,CounterSatisfiable,timeout,na,2314,8546,90,8546,278,201,0,0,0,
no_demodulation,SYO/SYO464^2.p,TH0,CounterSatisfiable,timeout,na,2319,8369,84,8369,259,245,0,0,0,
no_demodulation,SYO/SYO464^3.p,TH0,CounterSatisfiable,timeout,na,2294,8150,128,8150,253,215,0,0,0,
no_demodulation,SYO/SYO464^4.p,TH0,Theorem,timeout,na,2304,7926,114,7926,249,162,0,0,0,
no_demodulation,SYO/SYO464^5.p,TH0,Theorem,timeout,na,2284,6783,136,6783,232,204,0,0,0,
no_demodulation,SYO/SYO464^6.p,TH0,Theorem,timeout,na,2260,6583,143,6583,228,140,0,0,0,
no_demodulation,SYO/SYO465^1.p,TH0,CounterSatisfiable,timeout,na,2307,8604,147,8604,245,262,0,0,0,
no_demodulation,SYO/SYO465^2.p,TH0,CounterSatisfiable,timeout,na,2292,8513,141,8514,241,182,0,0,0,
no_demodulation,SYO/SYO465^3.p,TH0,CounterSatisfiable,timeout,na,2278,8138,176,8138,261,182,0,0,0,
no_demodulation,SYO/SYO465^4.p,TH0,CounterSatisfiable,timeout,na,2286,7847,141,7847,248,131,0,0,0,
no_demodulation,SYO/SYO465^5.p,TH0,CounterSatisfiable,timeout,na,2232,6517,162,6517,205,124,0,0,0,
no_demodulation,SYO/SYO465^6.p,TH0,CounterSatisfiable,timeout,na,2251,6531,160,6531,219,85,0,0,0,
no_demodulation,SYO/SYO467^1.p,TH0,CounterSatisfiable,timeout,na,2303,8188,97,8188,263,274,0,0,0,
no_demodulation,SYO/SYO467^2.p,TH0,CounterSatisfiable,timeout,na,2291,7826,129,7826,257,187,0,0,0,
no_demodulation,SYO/SYO467^3.p,TH0,CounterSatisfiable,timeout,na,2277,7880,133,7880,233,159,0,0,0,
no_demodulation,SYO/SYO467^4.p,TH0,CounterSatisfiable,timeout,na,2278,7742,148,7742,214,97,0,0,0,
no_demodulation,SYO/SYO467^5.p,TH0,CounterSatisfiable,timeout,na,2247,6425,164,6425,216,131,0,0,0,
no_demodulation,SYO/SYO467^6.p,TH0,CounterSatisfiable,timeout,na,2260,6631,142,6631,203,109,0,0,0,
no_demodulation,SYO/SYO468^1.p,TH0,CounterSatisfiable,timeout,na,2302,9011,78,9011,298,213,0,0,0,
no_demodulation,SYO/SYO468^2.p,TH0,CounterSatisfiable,timeout,na,2291,8732,57,8732,270,292,0,0,0,
no_demodulation,SYO/SYO468^3.p,TH0,CounterSatisfiable,timeout,na,2282,8649,96,8649,273,229,0,0,0,
no_demodulation,SYO/SYO468^4.p,TH0,CounterSatisfiable,timeout,na,2284,8081,111,8081,248,136,0,0,0,
no_demodulation,SYO/SYO468^5.p,TH0,CounterSatisfiable,timeout,na,2256,6909,114,6909,239,164,0,0,0,
no_demodulation,SYO/SYO468^6.p,TH0,Theorem,timeout,na,2273,6953,96,6953,218,129,0,0,0,
no_demodulation,SYO/SYO469^1.p,TH0,CounterSatisfiable,timeout,na,2314,9329,58,9329,294,209,0,0,0,
no_demodulation,SYO/SYO469^2.p,TH0,CounterSatisfiable,timeout,na,2319,8802,52,8802,267,179,0,0,0,
no_demodulation,SYO/SYO469^3.p,TH0,CounterSatisfiable,timeout,na,2306,8482,129,8482,272,221,0,0,0,
no_demodulation,SYO/SYO469^4.p,TH0,CounterSatisfiable,timeout,na,2274,7905,140,7905,268,115,0,0,0,
no_demodulation,SYO/SYO469^5.p,TH0,Theorem,timeout,na,2237,6858,115,6858,234,119,0,0,0,
no_demodulation,SYO/SYO469^6.p,TH0,Theorem,timeout,na,2267,6768,115,6768,222,104,0,0,0,
no_demodulation,SYO/SYO470^1.p,TH0,CounterSatisfiable,timeout,na,2309,8069,43,8069,268,197,0,0,0,
no_demodulation,SYO/SYO470^2.p,TH0,CounterSatisfiable,timeout,na,2287,7829,75,7829,249,209,0,0,0,
no_demodulation,SYO/SYO470^3.p,TH0,CounterSatisfiable,timeout,na,2281,7574,91,7574,268,169,0,0,0,
no_demodulation,SYO/SYO470^4.p,TH0,CounterSatisfiable,timeout,na,2274,7539,156,7539,278,120,0,0,0,
no_demodulation,SYO/SYO470^5.p,TH0,CounterSatisfiable,timeout,na,2265,6187,142,6187,219,111,0,0,0,
no_demodulation,SYO/SYO470^6.p,TH0,Theorem,timeout,na,2252,6597,153,6597,208,108,0,0,0,
no_demodulation,SYO/SYO471^1.p,TH0,CounterSatisfiable,timeout,na,2285,7870,124,7870,260,195,0,0,0,
no_demodulation,SYO/SYO471^2.p,TH0,CounterSatisfiable,timeout,na,2299,8059,119,8059,243,178,0,0,0,
no_demodulation,SYO/SYO471^3.p,TH0,CounterSatisfiable,timeout,na,2256,7702,205,7702,240,165,0,0,0,
no_demodulation,SYO/SYO471^4.p,TH0,CounterSatisfiable,timeout,na,2266,7558,188,7558,218,114,0,0,0,
no_demodulation,SYO/SYO471^5.p,TH0,CounterSatisfiable,timeout,na,2262,6617,136,6617,215,113,0,0,0,
no_demodulation,SYO/SYO471^6.p,TH0,Theorem,timeout,na,2263,6622,163,6622,215,107,0,0,0,
no_demodulation,SYO/SYO472^1.p,TH0,CounterSatisfiable,timeout,na,2298,9158,52,9158,310,252,0,0,0,
no_demodulation,SYO/SYO472^2.p,TH0,CounterSatisfiable,timeout,na,2286,8170,40,8170,240,184,0,0,0,
no_demodulation,SYO/SYO472^3.p,TH0,CounterSatisfiable,timeout,na,2275,8160,88,8160,299,177,0,0,0,
no_demodulation,SYO/SYO472^4.p,TH0,CounterSatisfiable,timeout,na,2283,7872,37,7872,264,208,0,0,0,
no_demodulation,SYO/SYO472^5.p,TH0,CounterSatisfiable,timeout,na,2284,7538,47,7538,259,159,0,0,0,
no_demodulation,SYO/SYO472^6.p,TH0,CounterSatisfiable,timeout,na,2269,6715,112,6715,239,92,0,0,0,
no_demodulation,SYO/SYO473^1.p,TH0,CounterSatisfiable,timeout,na,2324,7370,48,7370,304,211,0,0,0,
no_demodulation,SYO/SYO473^2.p,TH0,CounterSatisfiable,timeout,na,2296,7607,41,7607,270,276,0,0,0,
no_demodulation,SYO/SYO473^3.p,TH0,CounterSatisfiable,timeout,na,2263,7098,78,7098,209,199,0,0,0,
no_demodulation,SYO/SYO473^4.p,TH0,CounterSatisfiable,timeout,na,2290,7037,59,7037,267,211,0,0,0,
no_demodulation,SYO/SYO473^5.p,TH0,CounterSatisfiable,timeout,na,2256,6184,84,6184,260,157,0,0,0,
no_demodulation,SYO/SYO473^6.p,TH0,CounterSatisfiable,timeout,na,2261,6484,83,6484,235,166,0,0,0,
no_demodulation,SYO/SYO474^1.p,TH0,CounterSatisfiable,timeout,na,2277,7947,126,7947,258,202,0,0,0,
no_demodulation,SYO/SYO474^2.p,TH0,CounterSatisfiable,timeout,na,2289,7821,102,7821,246,196,0,0,0,
no_demodulation,SYO/SYO474^3.p,TH0,CounterSatisfiable,timeout,na,2262,7719,170,7719,244,199,0,0,0,
no_demodulation,SYO/SYO474^4.p,TH0,CounterSatisfiable,timeout,na,2256,7404,162,7404,243,115,0,0,0,
no_demodulation,SYO/SYO474^5.p,TH0,CounterSatisfiable,timeout,na,2252,6667,101,6667,224,134,0,0,0,
no_demodulation,SYO/SYO474^6.p,TH0,Theorem,timeout,na,2257,6471,93,6471,206,101,0,0,0,
no_demodulation,SYO/SYO475^6.p,TH0,Theorem,thm,yes,76,35,2,35,4,0,0,1,1,
no_demodulation,SYO/SYO476^6.p,TH0,Theorem,thm,yes,76,27,1,27,3,0,0,1,1,
no_demodulation,SYO/SYO477^6.p,TH0,CounterSatisfiable,timeout,na,2160,6479,383,6479,172,232,0,0,0,
no_demodulation,SYO/SYO478^6.p,TH0,Theorem,thm,yes,77,24,2,24,2,0,0,1,1,
no_demodulation,SYO/SYO479^6.p,TH0,CounterSatisfiable,timeout,na,2150,7074,458,7074,168,264,0,0,0,
no_demodulation,SYO/SYO480^6.p,TH0,Theorem,thm,yes,77,24,2,24,2,0,0,1,1,
no_demodulation,SYO/SYO481^6.p,TH0,Theorem,thm,yes,67,11,1,11,1,1,0,0,0,
no_demodulation,SYO/SYO482^6.p,TH0,Theorem,timeout,na,2234,8204,307,8204,156,451,0,0,0,
no_demodulation,SYO/SYO483^6.p,TH0,Theorem,timeout,na,2227,7621,295,7621,151,357,0,0,0,
no_demodulation,SYO/SYO484^6.p,TH0,CounterSatisfiable,timeout,na,2229,8141,324,8141,180,361,0,0,0,
no_demodulation,SYO/SYO485^6.p,TH0,Theorem,timeout,na,2110,4299,233,4299,151,50,0,0,0,
no_demodulation,SYO/SYO486^6.p,TH0,CounterSatisfiable,timeout,na,2100,3801,273,3801,225,75,0,0,0,
no_demodulation,SYO/SYO487^6.p,TH0,Theorem,thm,yes,83,32,2,32,4,0,0,1,1,
no_demodulation,SYO/SYO488^6.p,TH0,Theorem,thm,yes,82,24,2,24,2,0,0,1,1,
no_demodulation,SYO/SYO489^6.p,TH0,CounterSatisfiable,timeout,na,2254,6540,149,6540,268,119,0,0,0,
no_demodulation,SYO/SYO490^6.p,TH0,CounterSatisfiable,timeout,na,2331,5795,120,5795,164,42,0,0,0,
no_demodulation,SYO/SYO491^6.p,TH0,CounterSatisfiable,timeout,na,2364,6710,192,6710,1712,58,0,1,0,
no_demodulation,SYO/SYO492^6.p,TH0,CounterSatisfiable,timeout,na,2615,7799,83,7799,2789,63,0,1,0,
no_demodulation,SYO/SYO493^6.p,TH0,CounterSatisfiable,timeout,na,2215,7561,445,7561,192,173,0,0,0,
no_demodulation,SYO/SYO494^6.p,TH0,CounterSatisfiable,timeout,na,2225,6010,149,6010,201,61,0,0,0,
no_demodulation,SYO/SYO495^6.p,TH0,Theorem,timeout,na,2238,6475,239,6475,1151,172,0,1,0,
no_demodulation,SYO/SYO496^6.p,TH0,CounterSatisfiable,timeout,na,2251,6952,287,6952,1199,188,0,1,0,
no_demodulation,SYO/SYO497^6.p,TH0,Theorem,timeout,na,2397,5614,76,5614,160,36,0,0,0,
no_demodulation,SYO/SYO498^6.p,TH0,CounterSatisfiable,timeout,na,2158,4196,199,4196,179,118,0,0,0,
no_demodulation,SYO/SYO499^1.p,TH0,Theorem,timeout,na,2056,2213,59,2213,240,54,0,2,0,
no_demodulation,SYO/SYO500^1.p,TH0,Theorem,thm,yes,39,176,0,164,10,37,0,0,0,
no_demodulation,SYO/SYO501^1.p,TH0,Theorem,parser_error,na,0,,,,,,,,,cached: Failed to parse formula 'claim': [byte:1943] Type Error: Cannot unify strict function types of different arities.
no_demodulation,SYO/SYO502^1.p,TH0,Theorem,timeout,na,2065,2506,61,2506,275,19,0,4,0,
no_demodulation,SYO/SYO503^1.p,TH0,Theorem,thm,yes,40,62,0,50,5,23,0,0,0,
no_demodulation,SYO/SYO504^1.p,TH0,Theorem,timeout,na,2005,7,0,7,2,0,0,0,0,
no_demodulation,SYO/SYO505^1.p,TH0,ContradictoryAxioms,timeout,na,2038,1444,50,1444,139,19,0,4,0,
no_demodulation,SYO/SYO506^1.p,TH0,Theorem,timeout,na,2026,943,33,936,50,61,0,1,0,
no_demodulation,SYO/SYO507^1.p,TH0,Theorem,timeout,na,2067,3264,53,3264,263,255,0,0,0,
no_demodulation,SYO/SYO509^1.p,TH0,Theorem,timeout,na,2006,41,4,41,1,0,0,0,0,
no_demodulation,SYO/SYO511^1.p,TH0,CounterSatisfiable,timeout,na,2069,2660,18,2660,485,1,0,3,0,
no_demodulation,SYO/SYO512^1.p,TH0,Theorem,thm,yes,144,138,7,138,8,1,0,1,1,
no_demodulation,SYO/SYO513^1.p,TH0,Theorem,timeout,na,2669,11517,5,11517,495,0,0,0,0,
no_demodulation,SYO/SYO514^1.p,TH0,Theorem,timeout,na,2004,0,0,0,1,0,0,0,0,
no_demodulation,SYO/SYO515^1.p,TH0,Theorem,thm,yes,341,128,0,123,61,76,0,0,0,
no_demodulation,SYO/SYO516^1.p,TH0,Theorem,thm,yes,106,140,3,140,11,8,0,1,1,
no_demodulation,SYO/SYO517^1.p,TH0,Theorem,timeout,na,2016,1218,93,1218,32,10,0,2,0,
no_demodulation,SYO/SYO518^1.p,TH0,Theorem,timeout,na,2029,836,40,836,79,5,0,1,0,
no_demodulation,SYO/SYO520^1.p,TH0,Unsatisfiable,no_conjecture,na,3,,,,,,,,,
no_demodulation,SYO/SYO526^1.p,TH0,Theorem,thm,yes,29,108,0,108,6,14,0,1,1,
no_demodulation,SYO/SYO527^1.p,TH0,Theorem,thm,yes,77,8,0,8,1,0,0,1,1,
no_demodulation,SYO/SYO528^1.p,TH0,Satisfiable,no_conjecture,na,5,,,,,,,,,
no_demodulation,SYO/SYO529^1.p,TH0,Unsatisfiable,no_conjecture,na,8,,,,,,,,,
no_demodulation,SYO/SYO530^1.p,TH0,Theorem,timeout,na,2021,437,13,437,36,10,0,2,0,
no_demodulation,SYO/SYO531^1.p,TH0,Theorem,timeout,na,2031,746,14,746,95,0,0,2,0,
no_demodulation,SYO/SYO532^1.p,TH0,Theorem,timeout,na,2041,832,4,832,119,0,0,2,0,
no_demodulation,SYO/SYO533^1.p,TH0,Theorem,timeout,na,2007,41,4,41,1,0,0,0,0,
no_demodulation,SYO/SYO534^1.p,TH0,Theorem,timeout,na,2087,1062,3,1062,499,1,0,2,0,
no_demodulation,SYO/SYO535^1.p,TH0,Theorem,timeout,na,2019,320,10,320,31,6,0,2,0,
no_demodulation,SYO/SYO536^1.p,TH0,Theorem,timeout,na,2022,218,7,218,22,2,0,3,0,
no_demodulation,SYO/SYO537^1.p,TH0,Theorem,timeout,na,2019,17,0,17,2,0,0,2,0,
no_demodulation,SYO/SYO538^1.p,TH0,Theorem,timeout,na,2066,2084,44,2084,276,70,0,2,0,
no_demodulation,SYO/SYO539^1.p,TH0,Theorem,timeout,na,2120,2770,43,2736,441,122,0,4,0,
no_demodulation,SYO/SYO540^1.p,TH0,Theorem,timeout,na,2007,228,4,224,16,22,0,4,0,
no_demodulation,SYO/SYO541^1.p,TH0,Theorem,timeout,na,2043,894,16,894,105,13,0,2,0,
no_demodulation,SYO/SYO542^1.p,TH0,Theorem,timeout,na,2043,410,2,396,52,26,0,3,0,
no_demodulation,SYO/SYO543^1.p,TH0,Theorem,timeout,na,2017,186,2,182,13,17,0,3,0,
no_demodulation,SYO/SYO544^1.p,TH0,Theorem,timeout,na,2064,1268,28,1261,145,84,0,1,0,
no_demodulation,SYO/SYO545^1.p,TH0,Theorem,timeout,na,2075,1280,5,1274,202,110,0,4,0,
no_demodulation,SYO/SYO546^1.p,TH0,Theorem,timeout,na,2123,2914,40,2803,276,340,0,4,0,
no_demodulation,SYO/SYO547^1.p,TH0,Theorem,thm,yes,25,14,0,14,2,0,0,1,1,
no_demodulation,SYO/SYO548^1.p,TH0,Theorem,timeout,na,2004,124,13,124,1,0,0,0,0,
no_demodulation,SYO/SYO549^1.p,TH0,Theorem,parser_error,na,0,,,,,,,,,cached: Failed to parse formula 'pfg': [byte:1759] Type Error: Cannot unify strict function types of different arities.
no_demodulation,SYO/SYO550^1.p,TH0,Theorem,thm,yes,256,14,0,14,3,1,0,1,1,
no_demodulation,SYO/SYO551^1.p,TH0,Theorem,timeout,na,2006,12,0,12,2,0,0,0,0,
no_demodulation,SYO/SYO552^1.p,TH0,Theorem,thm,yes,900,15,0,15,3,1,0,1,1,
no_demodulation,SYO/SYO553^1.p,TH0,Theorem,thm,yes,993,26,0,26,3,1,0,1,1,
no_demodulation,SYO/SYO554^1.p,TH0,Unsatisfiable,no_conjecture,na,1,,,,,,,,,
no_demodulation,SYO/SYO555^1.p,TH0,Theorem,timeout,na,2066,1960,9,1936,378,1,0,3,0,
no_demodulation,SYO/SYO556^1.p,TH0,Theorem,timeout,na,2093,3174,114,3036,347,70,0,5,0,
no_demodulation,SYO/SYO557^1.p,TH1,Theorem,parser_error,na,0,,,,,,,,,cached: Failed to parse formula 'conj': Syntax Error: '$i' denotes a type and cannot be used as a term.
no_demodulation,SYO/SYO558^1.p,TH1,Theorem,parser_error,na,0,,,,,,,,,cached: Failed to parse formula 'conj': Syntax Error: '$i' denotes a type and cannot be used as a term.
no_demodulation,SYO/SYO559^1.p,TH0,Theorem,timeout,na,2016,267,0,267,35,34,0,0,0,
no_demodulation,SYO/SYO560^1.p,TH0,Theorem,timeout,na,2015,279,0,279,39,34,0,0,0,
no_demodulation,SYO/SYO565^7.p,TH0,CounterSatisfiable,timeout,na,2313,5397,102,5397,1259,61,0,1,0,
no_demodulation,SYO/SYO566^7.p,TH0,Theorem,timeout,na,2369,6358,169,6358,202,129,0,0,0,
no_demodulation,SYO/SYO567^7.p,TH0,CounterSatisfiable,timeout,na,2363,5837,109,5837,1668,78,0,1,0,
no_demodulation,SYO/SYO568^7.p,TH0,Theorem,timeout,na,2256,6801,207,6801,236,86,0,0,0,
no_demodulation,SYO/SYO569^7.p,TH0,CounterSatisfiable,timeout,na,2310,5001,94,5001,214,212,0,0,0,
no_demodulation,SYO/SYO570^7.p,TH0,Theorem,timeout,na,2361,5304,87,5304,201,272,0,0,0,
no_demodulation,SYO/SYO571^7.p,TH0,CounterSatisfiable,timeout,na,2342,5485,78,5485,231,12,0,0,0,
no_demodulation,SYO/SYO572^7.p,TH0,Theorem,timeout,na,2397,6310,129,6310,1881,53,0,1,0,
no_demodulation,SYO/SYO573^7.p,TH0,CounterSatisfiable,timeout,na,2249,7654,196,7654,280,221,0,0,0,
no_demodulation,SYO/SYO574^7.p,TH0,Theorem,timeout,na,2264,6698,107,6698,239,115,0,0,0,
no_demodulation,SYO/SYO575^7.p,TH0,CounterSatisfiable,timeout,na,2243,6746,145,6746,231,220,0,0,0,
no_demodulation,SYO/SYO576^7.p,TH0,Theorem,timeout,na,2233,6529,149,6529,224,191,0,0,0,
no_demodulation,SYO/SYO577^7.p,TH0,CounterSatisfiable,timeout,na,2265,7105,99,7105,239,221,0,0,0,
no_demodulation,SYO/SYO842^1.p,TH0,Unknown,timeout,na,2561,0,0,0,1,0,0,0,0,
no_demodulation,SYO/SYO843^1.p,TH0,Unknown,timeout,na,2569,0,0,0,1,0,0,0,0,
no_demodulation,SYO/SYO844^1.p,TH0,Unknown,timeout,na,2704,0,0,0,1,0,0,0,0,
no_demodulation,SYO/SYO845^1.p,TH0,Unknown,timeout,na,2690,0,0,0,1,0,0,0,0,
no_demodulation,SYO/SYO846^1.p,TH0,Unknown,timeout,na,2646,0,0,0,1,0,0,0,0,
no_demodulation,SYO/SYO847^1.p,TH0,Unknown,timeout,na,2640,0,0,0,1,0,0,0,0,
no_demodulation,SYO/SYO848^1.p,TH0,Unknown,timeout,na,2690,0,0,0,1,0,0,0,0,
no_demodulation,SYO/SYO849^1.p,TH0,Unknown,timeout,na,2695,0,0,0,1,0,0,0,0,
no_demodulation,SYO/SYO850^1.p,TH0,Unknown,timeout,na,2621,0,0,0,1,0,0,0,0,
no_demodulation,SYO/SYO851^1.p,TH0,Unknown,timeout,na,2618,0,0,0,1,0,0,0,0,
no_demodulation,SYO/SYO852^1.p,TH0,Theorem,timeout,na,2361,0,0,0,1,0,0,0,0,
no_demodulation,SYO/SYO853^1.p,TH0,Unknown,timeout,na,2361,0,0,0,1,0,0,0,0,
no_demodulation,SYO/SYO854^1.p,TH0,Theorem,timeout,na,2466,0,0,0,1,0,0,0,0,
no_demodulation,SYO/SYO855^1.p,TH0,Unknown,timeout,na,2449,0,0,0,1,0,0,0,0,
no_demodulation,SYO/SYO856^1.p,TH0,Theorem,timeout,na,2468,0,0,0,1,0,0,0,0,
no_demodulation,SYO/SYO857^1.p,TH0,Unknown,timeout,na,2466,0,0,0,1,0,0,0,0,
no_demodulation,SYO/SYO858^1.p,TH0,Theorem,timeout,na,2331,0,0,0,1,0,0,0,0,
no_demodulation,SYO/SYO859^1.p,TH0,Unknown,timeout,na,2329,0,0,0,1,0,0,0,0,
no_demodulation,SYO/SYO860^1.p,TH0,Unknown,timeout,na,2547,0,0,0,1,0,0,0,0,
no_demodulation,SYO/SYO861^1.p,TH0,Unknown,timeout,na,2563,0,0,0,1,0,0,0,0,
no_demodulation,SYO/SYO862^1.p,TH0,Unknown,timeout,na,2296,0,0,0,1,0,0,0,0,
no_demodulation,SYO/SYO863^1.p,TH0,Unknown,timeout,na,2295,0,0,0,1,0,0,0,0,
no_demodulation,SYO/SYO864^1.p,TH0,Unknown,timeout,na,2283,0,0,0,1,0,0,0,0,
no_demodulation,SYO/SYO865^1.p,TH0,Unknown,timeout,na,2285,0,0,0,1,0,0,0,0,
no_demodulation,SYO/SYO866^1.p,TH0,Unknown,timeout,na,2287,0,0,0,1,0,0,0,0,
no_demodulation,SYO/SYO867^1.p,TH0,Unknown,timeout,na,2286,0,0,0,1,0,0,0,0,
no_demodulation,SYO/SYO868^1.p,TH0,Theorem,timeout,na,2281,0,0,0,1,0,0,0,0,
no_demodulation,SYO/SYO869^1.p,TH0,Unknown,timeout,na,2280,0,0,0,1,0,0,0,0,
no_demodulation,SYO/SYO870^1.p,TH0,Unknown,timeout,na,2291,0,0,0,1,0,0,0,0,
no_demodulation,SYO/SYO871^1.p,TH0,Unknown,timeout,na,2291,0,0,0,1,0,0,0,0,
no_demodulation,SYO/SYO872^1.p,TH0,Unknown,timeout,na,2282,0,0,0,1,0,0,0,0,
no_demodulation,SYO/SYO873^1.p,TH0,Theorem,timeout,na,2284,0,0,0,1,0,0,0,0,
no_demodulation,SYO/SYO874^1.p,TH0,Unknown,timeout,na,2289,0,0,0,1,0,0,0,0,
no_demodulation,SYO/SYO875^1.p,TH0,Theorem,timeout,na,2290,0,0,0,1,0,0,0,0,
no_demodulation,SYO/SYO876^1.p,TH0,Unknown,timeout,na,2310,0,0,0,1,0,0,0,0,
no_demodulation,SYO/SYO877^1.p,TH0,Theorem,timeout,na,2310,0,0,0,1,0,0,0,0,
no_demodulation,SYO/SYO878^1.p,TH0,Theorem,timeout,na,2284,0,0,0,1,0,0,0,0,
no_demodulation,SYO/SYO879^1.p,TH0,Theorem,timeout,na,2283,0,0,0,1,0,0,0,0,
no_demodulation,SYO/SYO880^1.p,TH0,Unknown,timeout,na,2289,0,0,0,1,0,0,0,0,
no_demodulation,SYO/SYO881^1.p,TH0,Theorem,timeout,na,2291,0,0,0,1,0,0,0,0,
no_demodulation,SYO/SYO882^1.p,TH0,Unsatisfiable,no_conjecture,na,2,,,,,,,,,
no_demodulation,SYO/SYO883^1.p,TH0,Unsatisfiable,no_conjecture,na,6,,,,,,,,,
no_demodulation,SYO/SYO884^1.p,TH0,Unsatisfiable,no_conjecture,na,9,,,,,,,,,
no_demodulation,SYO/SYO886^10.p,TH0,Theorem,thm,yes,65,15,1,15,2,0,0,1,1,
no_demodulation,SYO/SYO886^6.p,TH0,Theorem,thm,yes,28,17,1,17,2,0,0,1,1,
no_demodulation,SYO/SYO886^7.p,TH0,CounterSatisfiable,timeout,na,2430,5590,51,5590,1856,47,0,1,0,
no_demodulation,SYO/SYO886^8.p,TH0,Theorem,thm,yes,50,16,1,16,2,0,0,1,1,
no_demodulation,SYO/SYO886^9.p,TH0,Theorem,timeout,na,2074,1188,76,1188,53,26,0,1,0,
no_demodulation,SYO/SYO887^22.p,TH0,Theorem,timeout,na,2256,5855,81,5855,1458,46,0,1,0,
no_demodulation,SYO/SYO888^10.p,TH0,Theorem,timeout,na,2210,5961,165,5961,1207,154,0,1,0,
no_demodulation,SYO/SYO889^16.p,TH0,Theorem,timeout,na,2258,5111,64,5111,156,200,0,0,0,
no_demodulation,SYO/SYO890^16.p,TH0,Theorem,timeout,na,2173,6575,354,6575,909,97,0,2,0,
no_demodulation,SYO/SYO891^16.p,TH0,Theorem,timeout,na,2327,5168,10,5168,224,384,0,0,0,
no_demodulation,SYO/SYO892^15.p,TH0,Theorem,timeout,na,2204,6428,248,6428,1183,212,0,2,0,
no_demodulation,SYO/SYO893^11.p,TH0,Theorem,timeout,na,2210,6270,121,6270,207,110,0,0,0,
no_demodulation,SYO/SYO894^8.p,TH0,Theorem,timeout,na,2277,9069,124,9069,214,465,0,0,0,
no_demodulation,SYO/SYO895^9.p,TH0,Theorem,timeout,na,2241,9097,143,9097,242,366,0,0,0,
no_demodulation,SYO/SYO896^7.p,TH0,Theorem,timeout,na,2254,8834,198,8834,268,203,0,0,0,
no_demodulation,SYO/SYO897^6.p,TH0,Theorem,timeout,na,2253,9060,29,9060,251,451,0,0,0,
no_demodulation,SYO/SYO898^9.p,TH0,Theorem,timeout,na,2252,9503,38,9503,248,772,0,0,0,
no_demodulation,SYO/SYO899^8.p,TH0,Theorem,timeout,na,2260,8660,179,8660,247,190,0,0,0,
no_demodulation,SYO/SYO900^11.p,TH0,Theorem,timeout,na,2218,6638,85,6638,208,180,0,0,0,
no_demodulation,SYO/SYO901^11.p,TH0,Theorem,timeout,na,2243,7446,57,7446,233,243,0,0,0,
no_demodulation,SYO/SYO902^8.p,TH0,Theorem,timeout,na,2249,8305,173,8305,273,232,0,0,0,
no_demodulation,SYO/SYO903^10.p,TH0,ContradictoryAxioms,timeout,na,2402,3493,87,3493,304,56,0,0,0,
no_demodulation,SYO/SYO904^12.p,TH0,ContradictoryAxioms,timeout,na,2747,820,16,820,93,17,0,0,0,
no_demodulation,SYO/SYO905^6.p,TH0,ContradictoryAxioms,timeout,na,2784,599,12,599,55,14,0,0,0,
no_demodulation,SYO/SYO906^7.p,TH0,CounterSatisfiable,timeout,na,2201,5884,53,5884,232,96,0,0,0,
no_demodulation,SYO/SYO907^15.p,TH0,CounterSatisfiable,timeout,na,2309,6150,112,6150,266,124,0,0,0,
no_demodulation,SYO/SYO908^13.p,TH0,CounterSatisfiable,timeout,na,2259,6034,171,6034,1538,153,0,1,0,
no_demodulation,SYO/SYO909^8.p,TH0,CounterSatisfiable,timeout,na,2293,9621,192,9621,250,432,0,0,0,
no_demodulation,SYO/SYO910^13.p,TH0,CounterSatisfiable,timeout,na,2271,9400,190,9400,261,259,0,0,0,
no_demodulation,SYO/SYO911^15.p,TH0,CounterSatisfiable,timeout,na,2277,8746,160,8746,272,264,0,0,0,
no_demodulation,SYO/SYO912^9.p,TH0,CounterSatisfiable,timeout,na,2254,9269,68,9269,268,206,0,0,0,
no_demodulation,SYO/SYO913^15.p,TH0,CounterSatisfiable,timeout,na,2410,6809,5,6809,282,291,0,0,0,
no_demodulation,SYO/SYO914^12.p,TH0,CounterSatisfiable,timeout,na,2428,4618,80,4619,350,101,0,0,0,
no_demodulation,SYO/SYO915^14.p,TH0,CounterSatisfiable,timeout,na,2431,3759,81,3759,334,69,0,0,0,
no_demodulation,SYO/SYO926^1.p,unknown,Theorem,parser_error,na,0,,,,,,,,,cached: Lexer failed to parse entire string. Unparsed: <.> A ) ). %------------------------------------------------------------------------------ 
no_demodulation,SYO/SYO927^1.p,unknown,Theorem,parser_error,na,0,,,,,,,,,cached: Lexer failed to parse entire string. Unparsed: <.> [.] ( P @ ( F @ X ) ) => [.] ( P @ ( G @ X ) ) ) ). %------------------------------------------------------------------------------ 
no_demodulation,SYO/SYO928^1.p,unknown,Theorem,parser_error,na,0,,,,,,,,,cached: Failed to parse formula 'spec': Syntax Error: tuples ([...]) and sequents (-->) have no counterpart in simple type theory and are not supported.
no_demodulation,SYO/SYO929^1.p,unknown,Theorem,parser_error,na,0,,,,,,,,,cached: Failed to parse formula 'spec': Syntax Error: tuples ([...]) and sequents (-->) have no counterpart in simple type theory and are not supported.
no_demodulation,SYO/SYO930^1.p,unknown,Theorem,parser_error,na,0,,,,,,,,,cached: Failed to parse formula 'spec': Syntax Error: tuples ([...]) and sequents (-->) have no counterpart in simple type theory and are not supported.
no_demodulation,SYO/SYO931^1.p,unknown,Theorem,parser_error,na,0,,,,,,,,,cached: Failed to parse formula 'spec': Syntax Error: tuples ([...]) and sequents (-->) have no counterpart in simple type theory and are not supported.
no_demodulation,SYO/SYO932^10.p,TH0,Theorem,thm,yes,67,15,0,15,2,0,0,1,1,
no_demodulation,SYO/SYO932^8.p,TH0,Theorem,thm,yes,49,16,1,16,2,0,0,1,1,
no_demodulation,SYO/SYO932^9.p,TH0,Theorem,timeout,na,2069,758,54,758,33,7,0,1,0,
no_demodulation,SYO/SYO997^1.p,unknown,Theorem,parser_error,na,0,,,,,,,,,cached: Syntax Error: expected ' ' or ']' in !> binder  got [{:colon  ":"  1919}  {:atom  "nat"  1921}  {:rbracket  "]"  1924}  {:colon  ":"  1926}  {:lparen  "("  1928}  {:atom  "fin"  1930}  {:app  "@"  193
no_demodulation,SYO/SYO998^1.p,unknown,Theorem,parser_error,na,0,,,,,,,,,cached: Syntax Error: expected ' ' or ']' in !> binder  got [{:colon  ":"  1920}  {:atom  "nat"  1922}  {:rbracket  "]"  1925}  {:colon  ":"  1927}  {:lparen  "("  1929}  {:atom  "fin"  1931}  {:app  "@"  193
no_demodulation,SYO/SYO999^1.p,unknown,Theorem,parser_error,na,0,,,,,,,,,cached: Syntax Error: expected ' ' or ']' in !> binder  got [{:colon  ":"  1835}  {:atom  "a"  1837}  {:rbracket  "]"  1838}  {:colon  ":"  1840}  {:lparen  "("  1842}  {:lparen  "("  1844}  {:atom  "b"  1846
no_demodulation,SYP/SYP000^1.p,unknown,Theorem,parser_error,na,0,,,,,,,,,cached: Syntax Error: expected ' ' or ']' in !> binder  got [{:colon  ":"  1899}  {:atom  "nat"  1901}  {:rbracket  "]"  1904}  {:colon  ":"  1906}  {:lparen  "("  1908}  {:atom  "fin"  1910}  {:app  "@"  191
no_demodulation,SYP/SYP001^1.p,unknown,Theorem,parser_error,na,0,,,,,,,,,cached: Syntax Error: expected ' ' or ']' in !> binder  got [{:colon  ":"  1899}  {:atom  "nat"  1901}  {:rbracket  "]"  1904}  {:colon  ":"  1906}  {:lparen  "("  1908}  {:atom  "fin"  1910}  {:app  "@"  191
no_demodulation,SYP/SYP002^1.p,unknown,Theorem,parser_error,na,0,,,,,,,,,cached: Syntax Error: expected ' ' or ']' in !> binder  got [{:colon  ":"  1830}  {:atom  "nat"  1832}  {:rbracket  "]"  1835}  {:colon  ":"  1837}  {:lparen  "("  1839}  {:atom  "fin"  1841}  {:app  "@"  184
no_demodulation,SYP/SYP003^1.p,unknown,Theorem,parser_error,na,0,,,,,,,,,cached: Syntax Error: expected ' ' or ']' in !> binder  got [{:colon  ":"  1640}  {:atom  "a"  1642}  {:rbracket  "]"  1643}  {:colon  ":"  1645}  {:lparen  "("  1647}  {:lparen  "("  1649}  {:atom  "b"  1651
no_demodulation,SYP/SYP004^1.p,unknown,Theorem,parser_error,na,0,,,,,,,,,cached: Syntax Error: expected ' ' or ']' in !> binder  got [{:colon  ":"  2279}  {:atom  "nat"  2281}  {:rbracket  "]"  2284}  {:colon  ":"  2286}  {:lparen  "("  2288}  {:atom  "fin"  2290}  {:app  "@"  229
no_demodulation,SYP/SYP005^1.p,unknown,Theorem,parser_error,na,0,,,,,,,,,cached: Syntax Error: expected ' ' or ']' in !> binder  got [{:colon  ":"  1915}  {:atom  "nat"  1917}  {:rbracket  "]"  1920}  {:colon  ":"  1922}  {:lparen  "("  1924}  {:atom  "fin"  1926}  {:app  "@"  193
no_demodulation,SYP/SYP006^1.p,unknown,Theorem,parser_error,na,0,,,,,,,,,cached: Syntax Error: expected ' ' or ']' in !> binder  got [{:colon  ":"  2039}  {:atom  "nat"  2041}  {:rbracket  "]"  2044}  {:colon  ":"  2046}  {:lparen  "("  2048}  {:atom  "fin"  2050}  {:app  "@"  205
no_demodulation,SYP/SYP007^1.p,unknown,Theorem,parser_error,na,0,,,,,,,,,cached: Syntax Error: expected ' ' or ']' in !> binder  got [{:colon  ":"  1662}  {:atom  "nat"  1664}  {:rbracket  "]"  1667}  {:colon  ":"  1669}  {:lparen  "("  1671}  {:lparen  "("  1673}  {:atom  "fin"  
