run_label,problem,language,expected_szs,result,correct,time_ms,steps,worker_yields,rules_total,active_branches_max,branches_closed,branches_saturated,csp_calls,csp_succeeded,details
no_finite_o_quantification,AGT/AGT027^1.p,TH0,Theorem,timeout,na,2136,654,32,654,68,0,0,1,0,
no_finite_o_quantification,AGT/AGT027^2.p,TH0,Theorem,timeout,na,2140,1202,25,1202,134,0,0,0,0,
no_finite_o_quantification,AGT/AGT028^1.p,TH0,Theorem,timeout,na,2255,787,48,787,71,0,0,1,0,
no_finite_o_quantification,AGT/AGT028^2.p,TH0,Theorem,timeout,na,2429,4465,25,4465,409,0,0,0,0,
no_finite_o_quantification,AGT/AGT029^1.p,TH0,Theorem,timeout,na,2252,815,48,815,70,0,0,1,0,
no_finite_o_quantification,AGT/AGT030^1.p,TH0,Theorem,timeout,na,2280,909,46,909,104,0,0,0,0,
no_finite_o_quantification,AGT/AGT031^1.p,TH0,Theorem,timeout,na,2757,3596,14,3596,359,0,0,0,0,
no_finite_o_quantification,AGT/AGT031^2.p,TH0,Theorem,timeout,na,2468,4584,39,4584,338,0,0,0,0,
no_finite_o_quantification,AGT/AGT032^1.p,TH0,Theorem,timeout,na,2801,4058,16,4058,1519,0,0,1,0,
no_finite_o_quantification,AGT/AGT032^2.p,TH0,Theorem,timeout,na,2423,4347,44,4347,289,0,0,0,0,
no_finite_o_quantification,AGT/AGT033^1.p,TH0,Theorem,timeout,na,2835,4203,14,4203,381,0,0,0,0,
no_finite_o_quantification,AGT/AGT033^2.p,TH0,Theorem,timeout,na,2363,4112,55,4112,297,0,0,0,0,
no_finite_o_quantification,AGT/AGT034^1.p,TH0,Theorem,timeout,na,2895,4591,14,4591,380,0,0,0,0,
no_finite_o_quantification,AGT/AGT034^2.p,TH0,Theorem,timeout,na,2325,4119,84,4119,332,0,0,0,0,
no_finite_o_quantification,AGT/AGT035^1.p,TH0,Theorem,timeout,na,2660,3102,14,3102,1157,0,0,4,0,
no_finite_o_quantification,AGT/AGT035^2.p,TH0,Theorem,timeout,na,2292,3554,87,3554,793,0,0,5,0,
no_finite_o_quantification,AGT/AGT036^1.p,TH0,Theorem,timeout,na,2728,3570,14,3570,1345,0,0,2,0,
no_finite_o_quantification,AGT/AGT037^1.p,TH0,Theorem,timeout,na,2833,4273,14,4273,355,0,0,0,0,
no_finite_o_quantification,AGT/AGT037^2.p,TH0,Theorem,timeout,na,2368,3520,56,3520,277,0,0,0,0,
no_finite_o_quantification,AGT/AGT038^1.p,TH0,Theorem,timeout,na,2813,4301,14,4301,287,0,0,0,0,
no_finite_o_quantification,AGT/AGT039^1.p,TH0,Theorem,timeout,na,2775,3907,14,3907,384,0,0,0,0,
no_finite_o_quantification,AGT/AGT040^1.p,TH0,Theorem,timeout,na,2933,4870,14,4870,403,0,0,0,0,
no_finite_o_quantification,AGT/AGT041^1.p,TH0,Theorem,timeout,na,2787,3828,14,3828,370,0,0,0,0,
no_finite_o_quantification,ALG/ALG001^5.p,TH0,Theorem,timeout,na,2046,1377,43,1377,156,15,0,2,0,
no_finite_o_quantification,ALG/ALG014^7.p,TH0,Theorem,timeout,na,2883,0,0,0,1,0,0,0,0,
no_finite_o_quantification,ALG/ALG015^7.p,TH0,Theorem,timeout,na,6792,0,0,0,1,0,0,0,0,
no_finite_o_quantification,ALG/ALG016^7.p,TH0,Theorem,timeout,na,4086,0,0,0,1,0,0,0,0,
no_finite_o_quantification,ALG/ALG017^7.p,TH0,Theorem,timeout,na,2866,0,0,0,1,0,0,0,0,
no_finite_o_quantification,ALG/ALG018^7.p,TH0,Theorem,timeout,na,2152,491,31,491,32,0,0,0,0,
no_finite_o_quantification,ALG/ALG020^7.p,TH0,Theorem,timeout,na,2388,0,0,0,1,0,0,0,0,
no_finite_o_quantification,ALG/ALG021^7.p,TH0,Theorem,timeout,na,3217,0,0,0,1,0,0,0,0,
no_finite_o_quantification,ALG/ALG022^7.p,TH0,Theorem,timeout,na,3236,0,0,0,1,0,0,0,0,
no_finite_o_quantification,ALG/ALG023^7.p,TH0,Unsatisfiable,no_conjecture,na,882,,,,,,,,,
no_finite_o_quantification,ALG/ALG247^2.p,TH0,Theorem,thm,yes,409,23,0,23,3,1,0,1,1,
no_finite_o_quantification,ALG/ALG248^1.p,TH0,Theorem,timeout,na,2363,988,20,988,258,64,0,1,0,
no_finite_o_quantification,ALG/ALG248^2.p,TH0,CounterSatisfiable,timeout,na,2310,1833,100,1833,176,40,0,2,0,
no_finite_o_quantification,ALG/ALG248^3.p,TH0,Theorem,timeout,na,2306,2324,127,2324,155,5,0,1,0,
no_finite_o_quantification,ALG/ALG249^3.p,TH0,Theorem,timeout,na,2337,2469,86,2469,280,23,0,5,0,
no_finite_o_quantification,ALG/ALG250^3.p,TH0,Theorem,thm,yes,312,42,1,42,5,3,0,1,1,
no_finite_o_quantification,ALG/ALG251^1.p,TH0,Theorem,timeout,na,2296,611,27,611,85,0,0,1,0,
no_finite_o_quantification,ALG/ALG251^2.p,TH0,Theorem,timeout,na,2308,1648,106,1648,66,40,0,2,0,
no_finite_o_quantification,ALG/ALG251^3.p,TH0,Theorem,timeout,na,2364,1574,20,1574,365,56,0,1,0,
no_finite_o_quantification,ALG/ALG252^1.p,TH0,Theorem,timeout,na,2291,739,48,739,51,0,0,2,0,
no_finite_o_quantification,ALG/ALG252^2.p,TH0,Theorem,timeout,na,2290,1276,96,1276,56,0,0,2,0,
no_finite_o_quantification,ALG/ALG253^1.p,TH0,Theorem,timeout,na,2265,138,9,138,8,0,0,1,0,
no_finite_o_quantification,ALG/ALG253^2.p,TH0,Theorem,timeout,na,2287,1111,55,1111,74,17,0,1,0,
no_finite_o_quantification,ALG/ALG254^1.p,TH0,Theorem,thm,yes,477,2,0,2,1,1,0,0,0,
no_finite_o_quantification,ALG/ALG254^2.p,TH0,Theorem,thm,yes,262,2,0,2,1,1,0,0,0,
no_finite_o_quantification,ALG/ALG255^1.p,TH0,Theorem,thm,yes,557,2,0,2,1,1,0,0,0,
no_finite_o_quantification,ALG/ALG256^1.p,TH0,Theorem,timeout,na,2258,20,2,20,1,0,0,0,0,
no_finite_o_quantification,ALG/ALG256^2.p,TH0,Theorem,timeout,na,2334,2433,89,2433,261,30,0,1,0,
no_finite_o_quantification,ALG/ALG257^1.p,TH0,Theorem,timeout,na,2258,17,1,17,1,0,0,0,0,
no_finite_o_quantification,ALG/ALG257^2.p,TH0,Theorem,timeout,na,2352,2619,46,2619,311,58,0,2,0,
no_finite_o_quantification,ALG/ALG258^1.p,TH0,Theorem,timeout,na,2259,17,1,17,1,0,0,0,0,
no_finite_o_quantification,ALG/ALG258^2.p,TH0,Theorem,timeout,na,2309,2248,129,2248,125,34,0,1,0,
no_finite_o_quantification,ALG/ALG259^1.p,TH0,Theorem,timeout,na,2263,13,1,13,1,0,0,0,0,
no_finite_o_quantification,ALG/ALG259^2.p,TH0,Theorem,timeout,na,2306,1707,60,1707,158,9,0,4,0,
no_finite_o_quantification,ALG/ALG260^1.p,TH0,Theorem,timeout,na,2259,10,1,10,1,0,0,0,0,
no_finite_o_quantification,ALG/ALG260^2.p,TH0,Theorem,timeout,na,2319,2021,100,2021,142,4,0,2,0,
no_finite_o_quantification,ALG/ALG261^1.p,TH0,Theorem,timeout,na,2264,6,0,6,1,0,0,0,0,
no_finite_o_quantification,ALG/ALG261^2.p,TH0,Theorem,thm,yes,460,158,10,158,7,1,0,2,1,
no_finite_o_quantification,ALG/ALG262^2.p,TH0,Theorem,thm,yes,361,18,0,18,3,1,0,1,1,
no_finite_o_quantification,ALG/ALG263^1.p,TH0,Theorem,timeout,na,2261,14,1,14,1,0,0,0,0,
no_finite_o_quantification,ALG/ALG263^3.p,TH0,Theorem,timeout,na,2258,11,1,11,1,0,0,0,0,
no_finite_o_quantification,ALG/ALG264^1.p,TH0,Theorem,timeout,na,2259,14,1,14,1,0,0,0,0,
no_finite_o_quantification,ALG/ALG264^3.p,TH0,Theorem,timeout,na,2260,11,1,11,1,0,0,0,0,
no_finite_o_quantification,ALG/ALG265^2.p,TH0,Theorem,timeout,na,2300,1286,46,1286,140,11,0,1,0,
no_finite_o_quantification,ALG/ALG266^1.p,TH0,Theorem,timeout,na,2270,7,0,7,1,0,0,0,0,
no_finite_o_quantification,ALG/ALG266^2.p,TH0,Theorem,timeout,na,2278,369,8,369,52,0,0,1,0,
no_finite_o_quantification,ALG/ALG267^1.p,TH0,Theorem,timeout,na,2270,5,0,5,1,0,0,0,0,
no_finite_o_quantification,ALG/ALG267^2.p,TH0,Theorem,thm,yes,285,21,0,21,3,2,0,1,1,
no_finite_o_quantification,ALG/ALG268^1.p,TH0,Theorem,timeout,na,2261,7,0,7,1,0,0,0,0,
no_finite_o_quantification,ALG/ALG268^2.p,TH0,Theorem,timeout,na,2281,506,21,506,64,0,0,0,0,
no_finite_o_quantification,ALG/ALG268^3.p,TH0,Theorem,timeout,na,2341,2084,69,2084,226,77,0,1,0,
no_finite_o_quantification,ALG/ALG268^4.p,TH0,Theorem,thm,yes,481,28,1,28,3,1,0,1,1,
no_finite_o_quantification,ALG/ALG268^5.p,TH0,Theorem,timeout,na,2263,9,0,9,1,0,0,0,0,
no_finite_o_quantification,ALG/ALG268^6.p,TH0,Theorem,timeout,na,2313,1226,55,1226,139,36,0,0,0,
no_finite_o_quantification,ALG/ALG269^1.p,TH0,Theorem,timeout,na,2269,7,0,7,1,0,0,0,0,
no_finite_o_quantification,ALG/ALG269^2.p,TH0,Theorem,timeout,na,2283,450,11,450,52,0,0,2,0,
no_finite_o_quantification,ALG/ALG269^3.p,TH0,Theorem,timeout,na,2285,726,47,726,50,0,0,2,0,
no_finite_o_quantification,ALG/ALG269^4.p,TH0,CounterSatisfiable,timeout,na,2288,789,49,789,49,0,0,2,0,
no_finite_o_quantification,ALG/ALG270^5.p,TH0,Theorem,timeout,na,2050,1345,25,1345,176,32,0,1,0,
no_finite_o_quantification,ALG/ALG271^5.p,TH0,Theorem,timeout,na,2087,3139,155,3139,261,38,0,1,0,
no_finite_o_quantification,ALG/ALG272^5.p,TH0,Theorem,timeout,na,2063,2996,182,2996,198,33,0,1,0,
no_finite_o_quantification,ALG/ALG273^5.p,TH0,Theorem,timeout,na,2083,2809,147,2809,261,27,0,1,0,
no_finite_o_quantification,ALG/ALG274^5.p,TH0,Theorem,timeout,na,2072,2686,129,2686,259,20,0,1,0,
no_finite_o_quantification,ALG/ALG275^5.p,TH0,CounterSatisfiable,timeout,na,2068,2439,97,2439,223,26,0,1,0,
no_finite_o_quantification,ALG/ALG276^5.p,TH0,Theorem,timeout,na,2062,2618,129,2618,193,24,0,1,0,
no_finite_o_quantification,ALG/ALG277^5.p,TH0,Theorem,timeout,na,2065,1924,54,1924,250,16,0,2,0,
no_finite_o_quantification,ALG/ALG278^5.p,TH0,Theorem,timeout,na,2070,1956,44,1956,264,30,0,2,0,
no_finite_o_quantification,ALG/ALG279^5.p,TH0,Theorem,timeout,na,2063,1967,51,1967,236,12,0,2,0,
no_finite_o_quantification,ALG/ALG280^5.p,TH0,Theorem,timeout,na,2063,1952,28,1952,291,20,0,2,0,
no_finite_o_quantification,ALG/ALG281^5.p,TH0,Theorem,timeout,na,2051,1934,61,1934,203,13,0,2,0,
no_finite_o_quantification,ALG/ALG282^5.p,TH0,Theorem,timeout,na,2058,2331,79,2331,214,8,0,4,0,
no_finite_o_quantification,ALG/ALG283^5.p,TH0,Theorem,timeout,na,2061,2404,58,2404,272,20,0,4,0,
no_finite_o_quantification,ALG/ALG284^5.p,TH0,Theorem,timeout,na,2052,1692,55,1692,181,16,0,1,0,
no_finite_o_quantification,ALG/ALG285^5.p,TH0,Theorem,timeout,na,2058,2555,108,2555,232,16,0,2,0,
no_finite_o_quantification,ALG/ALG286^5.p,TH0,Theorem,timeout,na,2059,2575,119,2575,210,13,0,2,0,
no_finite_o_quantification,ALG/ALG287^5.p,TH0,Theorem,timeout,na,2054,2757,141,2757,215,24,0,1,0,
no_finite_o_quantification,ALG/ALG288^5.p,TH0,Unknown,timeout,na,2074,2325,66,2325,278,37,0,1,0,
no_finite_o_quantification,ALG/ALG289^5.p,TH0,Unknown,timeout,na,2085,2497,73,2497,329,37,0,2,0,
no_finite_o_quantification,ALG/ALG290^5.p,TH0,Theorem,timeout,na,2082,2084,36,2084,296,18,0,3,0,
no_finite_o_quantification,ALG/ALG291^5.p,TH0,Unknown,timeout,na,2076,2357,92,2357,223,1,0,2,0,
no_finite_o_quantification,ALG/ALG292^5.p,TH0,Theorem,timeout,na,2087,2081,69,2081,181,29,0,0,0,
no_finite_o_quantification,ALG/ALG293^5.p,TH0,Unknown,timeout,na,2063,1827,66,1827,185,1,0,2,0,
no_finite_o_quantification,ALG/ALG294^5.p,TH0,Theorem,timeout,na,2056,942,45,942,66,22,0,4,0,
no_finite_o_quantification,ALG/ALG295^5.p,TH0,Unknown,timeout,na,2075,2122,78,2122,279,23,0,1,0,
no_finite_o_quantification,ALG/ALG296^5.p,TH0,Unknown,timeout,na,2062,1528,36,1528,196,18,0,4,0,
no_finite_o_quantification,ALG/ALG297^5.p,TH0,Unknown,timeout,na,2055,1736,98,1736,125,0,0,2,0,
no_finite_o_quantification,ALG/ALG298^5.p,TH0,Theorem,timeout,na,2058,1784,74,1784,168,18,0,1,0,
no_finite_o_quantification,ALG/ALG444^1.p,TH0,Satisfiable,no_conjecture,na,261,,,,,,,,,
no_finite_o_quantification,ANA/ANA046^1.p,TH1,Theorem,parse_timeout,na,0,,,,,,,,,cached: parse exceeded 5000ms
no_finite_o_quantification,ANA/ANA047^1.p,TH1,Theorem,parse_timeout,na,0,,,,,,,,,cached: parse exceeded 5000ms
no_finite_o_quantification,ANA/ANA048^1.p,TH1,Theorem,parse_timeout,na,0,,,,,,,,,cached: parse exceeded 5000ms
no_finite_o_quantification,ANA/ANA049^1.p,TH1,Theorem,parse_timeout,na,0,,,,,,,,,cached: parse exceeded 5000ms
no_finite_o_quantification,ANA/ANA050^1.p,TH1,Theorem,parse_timeout,na,0,,,,,,,,,cached: parse exceeded 5000ms
no_finite_o_quantification,ANA/ANA051^1.p,TH1,Theorem,parse_timeout,na,0,,,,,,,,,cached: parse exceeded 5000ms
no_finite_o_quantification,ANA/ANA052^1.p,TH1,Theorem,parse_timeout,na,0,,,,,,,,,cached: parse exceeded 5000ms
no_finite_o_quantification,ANA/ANA053^1.p,TH1,Theorem,parse_timeout,na,0,,,,,,,,,cached: parse exceeded 5000ms
no_finite_o_quantification,ANA/ANA054^1.p,TH1,Theorem,parse_timeout,na,0,,,,,,,,,cached: parse exceeded 5000ms
no_finite_o_quantification,ANA/ANA055^1.p,TH1,Theorem,parse_timeout,na,0,,,,,,,,,cached: parse exceeded 5000ms
no_finite_o_quantification,ANA/ANA056^1.p,TH1,Theorem,parse_timeout,na,0,,,,,,,,,cached: parse exceeded 5000ms
no_finite_o_quantification,ANA/ANA057^1.p,TH1,Theorem,parse_timeout,na,0,,,,,,,,,cached: parse exceeded 5000ms
no_finite_o_quantification,ANA/ANA058^1.p,TH1,Theorem,parse_timeout,na,0,,,,,,,,,cached: parse exceeded 5000ms
no_finite_o_quantification,ANA/ANA059^1.p,TH1,Theorem,parse_timeout,na,0,,,,,,,,,cached: parse exceeded 5000ms
no_finite_o_quantification,ANA/ANA060^1.p,TH1,Theorem,parse_timeout,na,0,,,,,,,,,cached: parse exceeded 5000ms
no_finite_o_quantification,ANA/ANA061^1.p,TH1,Theorem,parse_timeout,na,0,,,,,,,,,cached: parse exceeded 5000ms
no_finite_o_quantification,ANA/ANA062^1.p,TH1,Theorem,parse_timeout,na,0,,,,,,,,,cached: parse exceeded 5000ms
no_finite_o_quantification,ANA/ANA063^1.p,TH1,Theorem,parse_timeout,na,0,,,,,,,,,cached: parse exceeded 5000ms
no_finite_o_quantification,ANA/ANA064^1.p,TH1,Theorem,parse_timeout,na,0,,,,,,,,,cached: parse exceeded 5000ms
no_finite_o_quantification,ANA/ANA065^1.p,TH1,Theorem,parse_timeout,na,0,,,,,,,,,cached: parse exceeded 5000ms
no_finite_o_quantification,ANA/ANA066^1.p,TH1,Theorem,parse_timeout,na,0,,,,,,,,,cached: parse exceeded 5000ms
no_finite_o_quantification,ANA/ANA067^1.p,TH1,Theorem,parse_timeout,na,0,,,,,,,,,cached: parse exceeded 5000ms
no_finite_o_quantification,ANA/ANA068^1.p,TH1,Theorem,timeout,na,2147,3668,12,3668,212,131,0,0,0,
no_finite_o_quantification,ANA/ANA069^1.p,TH1,Theorem,timeout,na,2166,4248,34,4248,261,58,0,0,0,
no_finite_o_quantification,ANA/ANA070^1.p,TH1,Theorem,timeout,na,2148,3699,10,3699,253,55,0,0,0,
no_finite_o_quantification,ANA/ANA071^1.p,TH1,Theorem,timeout,na,2137,3002,71,3002,266,65,0,0,0,
no_finite_o_quantification,ANA/ANA072^1.p,TH1,Theorem,timeout,na,2154,4227,15,4227,285,80,0,0,0,
no_finite_o_quantification,ANA/ANA073^1.p,TH1,ContradictoryAxioms,timeout,na,2103,3347,61,3347,237,91,0,0,0,
no_finite_o_quantification,ANA/ANA074^1.p,TH1,Theorem,timeout,na,2138,4173,30,4173,225,77,0,0,0,
no_finite_o_quantification,ANA/ANA075^1.p,TH1,Theorem,timeout,na,2087,2436,70,2436,183,58,0,2,0,
no_finite_o_quantification,ANA/ANA076^1.p,TH1,Theorem,timeout,na,2144,4185,64,4185,251,65,0,0,0,
no_finite_o_quantification,ANA/ANA077^1.p,TH1,Theorem,timeout,na,2067,2078,35,2078,204,66,0,0,0,
no_finite_o_quantification,ANA/ANA078^1.p,TH1,Theorem,timeout,na,2041,1403,33,1403,149,25,0,0,0,
no_finite_o_quantification,ANA/ANA079^1.p,TH1,Theorem,timeout,na,2160,3965,66,3965,777,53,0,1,0,
no_finite_o_quantification,ANA/ANA080^1.p,TH1,Theorem,timeout,na,2145,4466,74,4466,204,54,0,0,0,
no_finite_o_quantification,ANA/ANA081^1.p,TH1,Theorem,timeout,na,2175,4376,22,4376,256,47,0,0,0,
no_finite_o_quantification,ANA/ANA082^1.p,TH1,Theorem,timeout,na,2172,4358,23,4358,231,58,0,0,0,
no_finite_o_quantification,ANA/ANA083^1.p,TH1,Theorem,timeout,na,2168,4242,3,4242,318,99,0,0,0,
no_finite_o_quantification,ANA/ANA084^1.p,TH1,Theorem,timeout,na,2146,3990,15,3990,267,50,0,0,0,
no_finite_o_quantification,ANA/ANA085^1.p,TH1,ContradictoryAxioms,timeout,na,2119,3910,102,3910,219,135,0,0,0,
no_finite_o_quantification,ANA/ANA086^1.p,TH1,Theorem,timeout,na,2108,3635,45,3635,255,57,0,0,0,
no_finite_o_quantification,ANA/ANA087^1.p,TH1,Theorem,timeout,na,2083,2655,65,2655,204,64,0,2,0,
no_finite_o_quantification,ANA/ANA088^1.p,TH1,Theorem,timeout,na,2099,2518,47,2518,254,19,0,0,0,
no_finite_o_quantification,ANA/ANA089^1.p,TH1,Theorem,timeout,na,2112,2710,47,2710,244,59,0,0,0,
no_finite_o_quantification,ANA/ANA090^1.p,TH1,Theorem,timeout,na,2111,3370,149,3370,219,40,0,2,0,
no_finite_o_quantification,ANA/ANA091^1.p,TH1,Theorem,timeout,na,2153,3971,65,3971,746,60,0,1,0,
no_finite_o_quantification,ANA/ANA092^1.p,TH1,Theorem,timeout,na,2234,4735,25,4735,244,90,0,0,0,
no_finite_o_quantification,ANA/ANA093^1.p,TH1,ContradictoryAxioms,timeout,na,2030,1391,74,1391,97,15,0,1,0,
no_finite_o_quantification,ANA/ANA094^1.p,TH1,ContradictoryAxioms,timeout,na,2034,1300,55,1300,108,21,0,1,0,
no_finite_o_quantification,ANA/ANA095^1.p,TH1,Theorem,timeout,na,2048,544,11,544,74,10,0,0,0,
no_finite_o_quantification,ANA/ANA096^1.p,TH1,Theorem,timeout,na,2054,636,12,636,79,17,0,0,0,
no_finite_o_quantification,ANA/ANA097^1.p,TH1,Theorem,timeout,na,2064,947,39,947,90,19,0,0,0,
no_finite_o_quantification,ANA/ANA098^1.p,TH1,Theorem,timeout,na,2034,505,26,505,26,7,0,1,0,
no_finite_o_quantification,ANA/ANA099^1.p,TH1,Theorem,timeout,na,2039,365,3,365,47,8,0,0,0,
no_finite_o_quantification,ANA/ANA100^1.p,TH1,Theorem,timeout,na,2047,1376,49,1376,140,16,0,1,0,
no_finite_o_quantification,ANA/ANA101^1.p,TH1,Theorem,timeout,na,2046,1411,62,1411,124,19,0,1,0,
no_finite_o_quantification,ANA/ANA102^1.p,TH1,Theorem,timeout,na,2079,1675,69,1675,128,72,0,0,0,
no_finite_o_quantification,ANA/ANA103^1.p,TH1,Theorem,timeout,na,2049,361,13,361,46,0,0,0,0,
no_finite_o_quantification,ANA/ANA104^1.p,TH1,ContradictoryAxioms,timeout,na,2051,523,22,523,46,13,0,0,0,
no_finite_o_quantification,ANA/ANA105^1.p,TH1,Theorem,timeout,na,2054,1407,58,1407,156,7,0,0,0,
no_finite_o_quantification,ANA/ANA106^1.p,TH1,Theorem,timeout,na,2054,1424,63,1424,144,7,0,0,0,
no_finite_o_quantification,ANA/ANA107^1.p,TH1,Theorem,timeout,na,2066,2305,102,2305,239,0,0,0,0,
no_finite_o_quantification,ANA/ANA108^1.p,TH1,Theorem,timeout,na,2150,4512,93,4512,218,65,0,0,0,
no_finite_o_quantification,ANA/ANA109^1.p,TH1,Theorem,timeout,na,2044,1536,58,1536,140,9,0,1,0,
no_finite_o_quantification,ANA/ANA110^1.p,TH1,Theorem,timeout,na,2049,1055,54,1039,64,36,0,0,0,
no_finite_o_quantification,ANA/ANA111^1.p,TH1,Theorem,timeout,na,2064,1107,64,1090,60,27,0,0,0,
no_finite_o_quantification,ANA/ANA112^1.p,TH1,Theorem,timeout,na,2033,1112,72,1112,58,6,0,0,0,
no_finite_o_quantification,ANA/ANA113^1.p,TH1,Theorem,timeout,na,2039,1426,77,1426,95,27,0,1,0,
no_finite_o_quantification,ANA/ANA114^1.p,TH1,CounterSatisfiable,timeout,na,2066,2063,122,2063,159,0,0,1,0,
no_finite_o_quantification,ANA/ANA115^1.p,TH1,Theorem,timeout,na,2056,1600,31,1600,140,21,0,0,0,
no_finite_o_quantification,ANA/ANA116^1.p,TH1,Theorem,timeout,na,2057,786,31,778,54,22,0,0,0,
no_finite_o_quantification,ANA/ANA117^1.p,TH1,Theorem,timeout,na,2064,1164,48,1140,104,35,0,1,0,
no_finite_o_quantification,ANA/ANA118^1.p,TH1,Theorem,timeout,na,2074,1744,28,1744,214,55,0,1,0,
no_finite_o_quantification,ANA/ANA119^1.p,TH1,Theorem,timeout,na,2057,2056,91,2056,180,24,0,1,0,
no_finite_o_quantification,ANA/ANA120^1.p,TH1,Theorem,timeout,na,2053,733,36,733,57,0,0,1,0,
no_finite_o_quantification,ANA/ANA121^1.p,TH1,Theorem,timeout,na,2052,687,32,687,51,0,0,1,0,
no_finite_o_quantification,ANA/ANA122^1.p,TH1,Theorem,timeout,na,2047,2033,125,2033,110,11,0,1,0,
no_finite_o_quantification,ANA/ANA123^1.p,TH1,Theorem,thm,yes,6,3,0,3,1,1,0,0,0,
no_finite_o_quantification,ANA/ANA124^1.p,TH1,Theorem,timeout,na,2038,1151,54,1151,80,14,0,5,0,
no_finite_o_quantification,ANA/ANA125^1.p,TH0,Theorem,timeout,na,2049,1904,62,1904,208,13,0,4,0,
no_finite_o_quantification,ANA/ANA126^1.p,TH0,Theorem,timeout,na,2041,1757,71,1757,162,26,0,2,0,
no_finite_o_quantification,ANA/ANA127^1.p,TH0,Theorem,timeout,na,2048,1594,76,1594,145,43,0,2,0,
no_finite_o_quantification,ANA/ANA128^1.p,TH1,Theorem,timeout,na,2030,247,14,247,11,0,0,2,0,
no_finite_o_quantification,ANA/ANA129^1.p,TH0,Theorem,timeout,na,2059,1902,112,1902,166,1,0,1,0,
no_finite_o_quantification,ANA/ANA130^1.p,TH1,Theorem,timeout,na,2087,1695,80,1695,165,4,0,1,0,
no_finite_o_quantification,ANA/ANA131^1.p,TH1,Theorem,timeout,na,2040,404,21,404,35,0,0,1,0,
no_finite_o_quantification,ANA/ANA132^1.p,TH1,Theorem,timeout,na,2052,472,15,472,41,6,0,1,0,
no_finite_o_quantification,CAT/CAT038^1.p,TH0,Theorem,timeout,na,2039,2913,167,2913,167,8,0,2,0,
no_finite_o_quantification,CAT/CAT038^2.p,TH0,Theorem,timeout,na,2046,2792,114,2792,217,12,0,2,0,
no_finite_o_quantification,CAT/CAT039^1.p,unknown,Theorem,parser_error,na,0,,,,,,,,,cached: Syntax Error: expected ' ' or ']' in !> binder  got [{:colon  ":"  1679}  {:atom  "obj"  1681}  {:rbracket  "]"  1684}  {:colon  ":"  1686}  {:lparen  "("  1688}  {:atom  "mor"  1690}  {:app  "@"  169
no_finite_o_quantification,CAT/CAT040^1.p,unknown,Theorem,parser_error,na,0,,,,,,,,,cached: Syntax Error: expected ' ' or ']' in !> binder  got [{:colon  ":"  1679}  {:atom  "obj"  1681}  {:rbracket  "]"  1684}  {:colon  ":"  1686}  {:lparen  "("  1688}  {:atom  "mor"  1690}  {:app  "@"  169
no_finite_o_quantification,CAT/CAT041^1.p,unknown,Theorem,parser_error,na,0,,,,,,,,,cached: Syntax Error: expected ' ' or ']' in !> binder  got [{:colon  ":"  1679}  {:atom  "obj"  1681}  {:rbracket  "]"  1684}  {:colon  ":"  1686}  {:lparen  "("  1688}  {:atom  "mor"  1690}  {:app  "@"  169
no_finite_o_quantification,CAT/CAT042^1.p,unknown,Theorem,parser_error,na,0,,,,,,,,,cached: Syntax Error: expected ' ' or ']' in !> binder  got [{:colon  ":"  1679}  {:atom  "obj"  1681}  {:rbracket  "]"  1684}  {:colon  ":"  1686}  {:lparen  "("  1688}  {:atom  "mor"  1690}  {:app  "@"  169
no_finite_o_quantification,CAT/CAT043^1.p,unknown,Theorem,parser_error,na,0,,,,,,,,,cached: Syntax Error: expected ' ' or ']' in !> binder  got [{:colon  ":"  1679}  {:atom  "obj"  1681}  {:rbracket  "]"  1684}  {:colon  ":"  1686}  {:lparen  "("  1688}  {:atom  "mor"  1690}  {:app  "@"  169
no_finite_o_quantification,COL/COL125^1.p,TH0,Unknown,timeout,na,2487,0,0,0,1,0,0,0,0,
no_finite_o_quantification,COL/COL126^1.p,TH0,Unknown,timeout,na,2493,0,0,0,1,0,0,0,0,
no_finite_o_quantification,COM/COM024^5.p,TH0,Theorem,timeout,na,2039,1473,38,1473,151,11,0,4,0,
no_finite_o_quantification,COM/COM152^1.p,TH1,Theorem,timeout,na,3206,51,5,51,1,0,0,0,0,
no_finite_o_quantification,COM/COM153^1.p,TH1,Theorem,timeout,na,3020,0,0,0,1,0,0,0,0,
no_finite_o_quantification,COM/COM154^1.p,TH1,Theorem,timeout,na,2345,72,6,72,2,0,0,0,0,
no_finite_o_quantification,COM/COM155^1.p,TH1,Theorem,timeout,na,2843,0,0,0,1,0,0,0,0,
no_finite_o_quantification,COM/COM156^1.p,TH1,Theorem,timeout,na,2909,0,0,0,1,0,0,0,0,
no_finite_o_quantification,COM/COM157^1.p,TH1,Theorem,timeout,na,3107,0,0,0,1,0,0,0,0,
no_finite_o_quantification,COM/COM158^1.p,TH1,Theorem,timeout,na,2283,199,14,199,8,0,0,0,0,
no_finite_o_quantification,COM/COM159^1.p,TH1,Theorem,timeout,na,2951,0,0,0,1,0,0,0,0,
no_finite_o_quantification,COM/COM160^1.p,TH1,Theorem,timeout,na,3019,0,0,0,1,0,0,0,0,
no_finite_o_quantification,COM/COM161^1.p,TH1,Theorem,timeout,na,2769,0,0,0,1,0,0,0,0,
no_finite_o_quantification,COM/COM162^1.p,TH1,Theorem,timeout,na,2328,145,14,145,1,0,0,0,0,
no_finite_o_quantification,COM/COM163^1.p,TH1,Theorem,thm,yes,557,2,0,2,1,1,0,0,0,
no_finite_o_quantification,COM/COM164^1.p,TH1,Theorem,timeout,na,2423,91,9,91,1,0,0,0,0,
no_finite_o_quantification,COM/COM165^1.p,TH1,Theorem,timeout,na,2410,71,6,71,2,0,0,0,0,
no_finite_o_quantification,COM/COM166^1.p,TH1,Theorem,timeout,na,2413,71,6,71,2,0,0,0,0,
no_finite_o_quantification,COM/COM167^1.p,TH1,Theorem,timeout,na,2526,88,6,88,4,0,0,0,0,
no_finite_o_quantification,COM/COM168^1.p,TH1,Theorem,timeout,na,2474,164,13,164,7,0,0,0,0,
no_finite_o_quantification,COM/COM169^1.p,TH1,Theorem,timeout,na,2493,212,12,212,18,0,0,0,0,
no_finite_o_quantification,COM/COM170^1.p,TH1,Theorem,timeout,na,2526,278,16,278,34,0,0,0,0,
no_finite_o_quantification,COM/COM171^1.p,TH1,Theorem,timeout,na,2700,79,7,79,1,0,0,0,0,
no_finite_o_quantification,COM/COM172^1.p,TH1,Theorem,timeout,na,2738,470,40,470,8,0,0,0,0,
no_finite_o_quantification,COM/COM173^1.p,TH1,Theorem,timeout,na,2771,0,0,0,1,0,0,0,0,
no_finite_o_quantification,COM/COM174^1.p,TH1,Theorem,timeout,na,2734,225,19,225,4,0,0,0,0,
no_finite_o_quantification,COM/COM175^1.p,TH1,Theorem,timeout,na,2806,0,0,0,1,0,0,0,0,
no_finite_o_quantification,COM/COM176^1.p,TH1,Theorem,timeout,na,2506,165,10,165,6,0,0,0,0,
no_finite_o_quantification,COM/COM177^1.p,TH1,Theorem,timeout,na,2665,445,31,445,41,0,0,0,0,
no_finite_o_quantification,COM/COM178^1.p,TH1,Theorem,timeout,na,2917,0,0,0,1,0,0,0,0,
no_finite_o_quantification,COM/COM179^1.p,TH1,Theorem,timeout,na,2660,525,39,525,35,0,0,0,0,
no_finite_o_quantification,COM/COM180^1.p,TH1,Theorem,timeout,na,2720,0,0,0,1,0,0,0,0,
no_finite_o_quantification,COM/COM181^1.p,TH1,Theorem,timeout,na,2630,263,20,263,16,0,0,0,0,
no_finite_o_quantification,COM/COM182^1.p,TH1,Theorem,timeout,na,2793,0,0,0,1,0,0,0,0,
no_finite_o_quantification,COM/COM183^1.p,TH1,Theorem,timeout,na,2408,234,18,234,9,0,0,0,0,
no_finite_o_quantification,COM/COM184^1.p,TH1,Theorem,timeout,na,2830,0,0,0,1,0,0,0,0,
no_finite_o_quantification,COM/COM185^1.p,TH1,Theorem,timeout,na,2828,0,0,0,1,0,0,0,0,
no_finite_o_quantification,COM/COM186^1.p,TH1,Theorem,timeout,na,2714,0,0,0,1,0,0,0,0,
no_finite_o_quantification,COM/COM187^1.p,TH1,Theorem,timeout,na,3014,0,0,0,1,0,0,0,0,
no_finite_o_quantification,COM/COM188^1.p,TH1,Theorem,timeout,na,2716,0,0,0,1,0,0,0,0,
no_finite_o_quantification,COM/COM189^1.p,TH1,Theorem,timeout,na,2760,0,0,0,1,0,0,0,0,
no_finite_o_quantification,COM/COM190^1.p,TH1,Theorem,thm,yes,724,1,0,1,1,1,0,0,0,
no_finite_o_quantification,COM/COM191^1.p,TH1,Theorem,timeout,na,2721,0,0,0,1,0,0,0,0,
no_finite_o_quantification,COM/COM192^1.p,TH1,Theorem,timeout,na,2915,0,0,0,1,0,0,0,0,
no_finite_o_quantification,COM/COM193^1.p,TH1,Theorem,timeout,na,2423,111,4,111,10,0,0,0,0,
no_finite_o_quantification,COM/COM194^1.p,TH1,Theorem,timeout,na,2734,0,0,0,1,0,0,0,0,
no_finite_o_quantification,COM/COM195^1.p,TH1,Theorem,thm,yes,1041,16,1,16,1,1,0,0,0,
no_finite_o_quantification,COM/COM196^1.p,TH1,Theorem,timeout,na,2446,131,8,131,8,0,0,0,0,
no_finite_o_quantification,COM/COM197^1.p,TH1,Theorem,timeout,na,2961,50,5,50,1,0,0,0,0,
no_finite_o_quantification,COM/COM198^1.p,TH1,Theorem,timeout,na,3046,7,0,7,1,0,0,0,0,
no_finite_o_quantification,COM/COM199^1.p,TH1,Theorem,timeout,na,3110,16,1,16,1,0,0,0,0,
no_finite_o_quantification,COM/COM200^1.p,TH1,Theorem,timeout,na,2476,873,32,873,99,0,0,0,0,
no_finite_o_quantification,COM/COM201^1.p,TH1,Theorem,timeout,na,2391,100,10,100,1,0,0,0,0,
no_finite_o_quantification,COM/COM202^1.p,TH1,Theorem,timeout,na,2811,93,9,93,1,0,0,0,0,
no_finite_o_quantification,COM/COM203^1.p,TH1,Theorem,timeout,na,2823,136,9,136,16,0,0,0,0,
no_finite_o_quantification,COM/COM204^1.p,TH1,Theorem,timeout,na,2915,0,0,0,1,0,0,0,0,
no_finite_o_quantification,COM/COM205^1.p,TH1,Theorem,timeout,na,2786,43,2,43,16,0,0,0,0,
no_finite_o_quantification,COM/COM206^1.p,TH1,Theorem,timeout,na,2912,44,4,44,1,0,0,0,0,
no_finite_o_quantification,COM/COM207^1.p,TH1,Theorem,timeout,na,2873,44,4,44,1,0,0,0,0,
no_finite_o_quantification,COM/COM208^1.p,TH1,Theorem,timeout,na,2903,59,5,59,1,0,0,0,0,
no_finite_o_quantification,COM/COM209^1.p,TH1,Theorem,timeout,na,2917,42,4,42,1,0,0,0,0,
no_finite_o_quantification,COM/COM210^1.p,TH1,Theorem,timeout,na,2668,75,7,75,1,0,0,0,0,
no_finite_o_quantification,COM/COM211^1.p,TH1,Theorem,timeout,na,2839,45,4,45,1,0,0,0,0,
no_finite_o_quantification,CSR/CSR119^1.p,TH0,Theorem,timeout,na,2264,5605,65,5575,255,430,0,0,0,
no_finite_o_quantification,CSR/CSR119^2.p,TH0,Theorem,timeout,na,2109,604,41,604,24,2,0,0,0,
no_finite_o_quantification,CSR/CSR119^3.p,TH0,Theorem,timeout,na,5301,257,25,257,1,0,0,0,0,
no_finite_o_quantification,CSR/CSR120^1.p,TH0,Theorem,timeout,na,2161,5038,85,4995,326,385,0,0,0,
no_finite_o_quantification,CSR/CSR120^2.p,TH0,Theorem,timeout,na,2113,577,40,577,24,2,0,0,0,
no_finite_o_quantification,CSR/CSR120^3.p,TH0,Theorem,timeout,na,5316,256,25,256,1,0,0,0,0,
no_finite_o_quantification,CSR/CSR121^1.p,TH0,Theorem,prover_error,na,2198,,,,,,,,,{{%RuntimeError{message: "ShotTx.Proof.interior_event/2: unhandled trace entry {192641830  {:instantiate  #Stream<[enum: [540948514  540948546]  funs: [#Function<49.48511117/1 in Stream.map/2>  #Function<49.48511117/1 in Stream.map/2>]]>  2}  []}"}  [{ShotTx.Proof  :interior_event  2  [file: ~c"lib/shot_tx/proof.ex"  line: 474  error_info: %{module: Exception}]}  {Enum  :"-reduce/3-lists^foldl/2-0-"  3  [file: ~c"lib/enum.ex"  line: 2622]}  {ShotTx.Proof  :linearize  2  [file: ~c"lib/shot_tx/proof.ex"  line: 367]}  {Enum  :"-map/2-fun-0-"  3  [file: ~c"lib/enum.ex"  line: 1733]}  {:maps  :fold_1  4  [file: ~c"maps.erl"  line: 894]}  {Enum  :map  2  [file: ~c"lib/enum.ex"  line: 2634]}  {ShotTx.Proof  :from_refutation  4  [file: ~c"lib/shot_tx/proof.ex"  line: 117]}  {ShotTx.Prover.Manager  :finish_with_timeout  1  [file: ~c"lib/shot_tx/prover/manager.ex"  line: 221]}]}  {GenServer  :call  [{:via  Registry  {ShotTx.Prover.ProcessRegistry  {"#Reference<0.2996409411.1345060866.127148>"  :manager}}}  :start_proof  :infinity]}}
no_finite_o_quantification,CSR/CSR121^2.p,TH0,Theorem,timeout,na,2137,801,54,801,40,10,0,0,0,
no_finite_o_quantification,CSR/CSR122^1.p,TH0,Theorem,timeout,na,2091,354,0,269,2,87,0,0,0,
no_finite_o_quantification,CSR/CSR122^2.p,TH0,Theorem,timeout,na,2081,303,24,303,6,2,0,0,0,
no_finite_o_quantification,CSR/CSR123^1.p,TH0,Theorem,timeout,na,2009,354,11,341,11,32,0,1,0,
no_finite_o_quantification,CSR/CSR123^2.p,TH0,Theorem,timeout,na,2089,324,29,324,4,0,0,0,0,
no_finite_o_quantification,CSR/CSR124^1.p,TH0,Theorem,thm,yes,114,96,0,86,4,23,0,0,0,
no_finite_o_quantification,CSR/CSR124^2.p,TH0,Theorem,timeout,na,2095,475,33,471,12,12,0,0,0,
no_finite_o_quantification,CSR/CSR125^1.p,TH0,Theorem,thm,yes,30,56,0,55,4,7,0,1,1,
no_finite_o_quantification,CSR/CSR125^2.p,TH0,Theorem,timeout,na,2190,638,40,638,40,4,0,0,0,
no_finite_o_quantification,CSR/CSR126^1.p,TH0,Theorem,timeout,na,2301,6869,12,6776,141,971,0,0,0,
no_finite_o_quantification,CSR/CSR126^2.p,TH0,Theorem,timeout,na,2212,1497,91,1480,66,52,0,0,0,
no_finite_o_quantification,CSR/CSR127^1.p,TH0,Theorem,prover_error,na,2204,,,,,,,,,{{%RuntimeError{message: "ShotTx.Proof.interior_event/2: unhandled trace entry {228933797  {:instantiate  #Stream<[enum: [556967970  556968002]  funs: [#Function<49.48511117/1 in Stream.map/2>  #Function<49.48511117/1 in Stream.map/2>]]>  2}  []}"}  [{ShotTx.Proof  :interior_event  2  [file: ~c"lib/shot_tx/proof.ex"  line: 474  error_info: %{module: Exception}]}  {Enum  :"-reduce/3-lists^foldl/2-0-"  3  [file: ~c"lib/enum.ex"  line: 2622]}  {ShotTx.Proof  :linearize  2  [file: ~c"lib/shot_tx/proof.ex"  line: 367]}  {Enum  :"-map/2-fun-0-"  3  [file: ~c"lib/enum.ex"  line: 1733]}  {:maps  :fold_1  4  [file: ~c"maps.erl"  line: 894]}  {Enum  :map  2  [file: ~c"lib/enum.ex"  line: 2634]}  {ShotTx.Proof  :from_refutation  4  [file: ~c"lib/shot_tx/proof.ex"  line: 117]}  {ShotTx.Prover.Manager  :finish_with_timeout  1  [file: ~c"lib/shot_tx/prover/manager.ex"  line: 221]}]}  {GenServer  :call  [{:via  Registry  {ShotTx.Prover.ProcessRegistry  {"#Reference<0.2996409411.1350303745.73314>"  :manager}}}  :start_proof  :infinity]}}
no_finite_o_quantification,CSR/CSR127^2.p,TH0,Theorem,timeout,na,2170,960,52,960,52,25,0,0,0,
no_finite_o_quantification,CSR/CSR128^1.p,TH0,Theorem,timeout,na,2346,7745,69,7629,181,906,0,0,0,
no_finite_o_quantification,CSR/CSR128^2.p,TH0,Theorem,timeout,na,2237,1299,81,1299,76,31,0,0,0,
no_finite_o_quantification,CSR/CSR129^1.p,TH0,Theorem,timeout,na,2114,3043,7,2958,518,0,0,0,0,
no_finite_o_quantification,CSR/CSR129^2.p,TH0,Theorem,timeout,na,2187,4286,4,4286,438,28,0,0,0,
no_finite_o_quantification,CSR/CSR130^1.p,TH0,Theorem,timeout,na,2114,2613,4,2613,510,0,0,0,0,
no_finite_o_quantification,CSR/CSR130^2.p,TH0,Theorem,timeout,na,2153,3343,4,3343,418,28,0,0,0,
no_finite_o_quantification,CSR/CSR131^1.p,TH0,Theorem,timeout,na,2188,5232,0,5232,514,0,0,0,0,
no_finite_o_quantification,CSR/CSR131^2.p,TH0,Theorem,timeout,na,2294,5883,4,5883,251,508,0,0,0,
no_finite_o_quantification,CSR/CSR132^1.p,TH0,Theorem,timeout,na,2128,4423,0,4423,504,0,0,0,0,
no_finite_o_quantification,CSR/CSR132^2.p,TH0,Theorem,timeout,na,2188,1966,47,1966,125,116,0,0,0,
no_finite_o_quantification,CSR/CSR133^1.p,TH0,Theorem,timeout,na,2201,5742,0,5742,501,0,0,0,0,
no_finite_o_quantification,CSR/CSR133^2.p,TH0,Theorem,timeout,na,2255,5732,4,5732,252,398,0,0,0,
no_finite_o_quantification,CSR/CSR134^1.p,TH0,Theorem,timeout,na,2273,8291,0,8291,503,0,0,0,0,
no_finite_o_quantification,CSR/CSR134^2.p,TH0,Theorem,timeout,na,2255,5859,4,5859,251,448,0,0,0,
no_finite_o_quantification,CSR/CSR135^1.p,TH0,Theorem,thm,yes,26,13,0,13,2,0,0,1,1,
no_finite_o_quantification,CSR/CSR135^2.p,TH0,Theorem,thm,yes,30,13,0,13,2,0,0,1,1,
no_finite_o_quantification,CSR/CSR136^1.p,TH0,Theorem,timeout,na,2006,23,0,23,3,0,0,1,0,
no_finite_o_quantification,CSR/CSR136^2.p,TH0,Theorem,timeout,na,2005,23,0,23,3,0,0,1,0,
no_finite_o_quantification,CSR/CSR137^1.p,TH0,Theorem,timeout,na,2163,1495,28,1495,69,231,0,2,0,
no_finite_o_quantification,CSR/CSR137^2.p,TH0,Theorem,timeout,na,2086,1061,41,1061,137,0,0,1,0,
no_finite_o_quantification,CSR/CSR138^1.p,TH0,Theorem,timeout,na,2163,1076,26,1076,294,159,0,1,0,
no_finite_o_quantification,CSR/CSR138^2.p,TH0,Theorem,timeout,na,2140,377,30,377,16,0,0,0,0,
no_finite_o_quantification,CSR/CSR139^1.p,TH0,Theorem,timeout,na,2091,1034,50,1034,160,28,0,1,0,
no_finite_o_quantification,CSR/CSR139^2.p,TH0,Theorem,timeout,na,2175,2042,71,2042,428,0,0,1,0,
no_finite_o_quantification,CSR/CSR140^1.p,TH0,Theorem,thm,yes,44,18,1,18,2,0,0,1,1,
no_finite_o_quantification,CSR/CSR140^2.p,TH0,Theorem,timeout,na,2070,1033,54,1033,125,0,0,1,0,
no_finite_o_quantification,CSR/CSR141^1.p,TH0,Theorem,timeout,na,2303,4312,0,3992,136,568,0,0,0,
no_finite_o_quantification,CSR/CSR141^2.p,TH0,Theorem,timeout,na,2221,1712,44,1710,256,5,0,0,0,
no_finite_o_quantification,CSR/CSR141^3.p,TH0,CounterSatisfiable,unk,na,99,69,0,61,3,14,0,0,0,
no_finite_o_quantification,CSR/CSR142^1.p,TH0,Theorem,timeout,na,2026,354,16,354,40,2,0,2,0,
no_finite_o_quantification,CSR/CSR142^2.p,TH0,Theorem,timeout,na,2172,473,28,473,37,0,0,0,0,
no_finite_o_quantification,CSR/CSR142^3.p,TH0,CounterSatisfiable,timeout,na,2005,1409,185,1409,1,0,0,0,0,
no_finite_o_quantification,CSR/CSR143^1.p,TH0,Theorem,timeout,na,2026,664,40,660,38,10,0,1,0,
no_finite_o_quantification,CSR/CSR143^2.p,TH0,Theorem,timeout,na,2149,586,53,586,4,2,0,0,0,
no_finite_o_quantification,CSR/CSR143^3.p,TH0,CounterSatisfiable,timeout,na,2145,6896,248,6892,282,294,0,0,0,
no_finite_o_quantification,CSR/CSR144^1.p,TH0,Theorem,timeout,na,2028,609,20,609,77,7,0,0,0,
no_finite_o_quantification,CSR/CSR144^2.p,TH0,Theorem,timeout,na,2162,391,38,391,2,0,0,0,0,
no_finite_o_quantification,CSR/CSR144^3.p,TH0,CounterSatisfiable,timeout,na,2283,10859,125,10859,232,989,0,0,0,
no_finite_o_quantification,CSR/CSR145^1.p,TH0,Theorem,timeout,na,2031,510,12,510,72,17,0,2,0,
no_finite_o_quantification,CSR/CSR145^2.p,TH0,Theorem,timeout,na,2160,378,37,378,1,0,0,0,0,
no_finite_o_quantification,CSR/CSR145^3.p,TH0,CounterSatisfiable,timeout,na,2004,137,8,137,6,7,0,3,0,
no_finite_o_quantification,CSR/CSR146^1.p,TH0,Theorem,timeout,na,2022,512,27,508,37,9,0,0,0,
no_finite_o_quantification,CSR/CSR146^2.p,TH0,Theorem,timeout,na,2168,308,30,308,1,0,0,0,0,
no_finite_o_quantification,CSR/CSR146^3.p,TH0,Theorem,timeout,na,2015,390,16,386,32,13,0,1,0,
no_finite_o_quantification,CSR/CSR148^1.p,TH0,Theorem,timeout,na,2273,5986,80,5766,702,453,0,1,0,
no_finite_o_quantification,CSR/CSR148^2.p,TH0,Theorem,timeout,na,2192,1079,58,1049,72,26,0,0,0,
no_finite_o_quantification,CSR/CSR148^3.p,TH0,ContradictoryAxioms,timeout,na,5297,256,25,256,1,0,0,0,0,
no_finite_o_quantification,CSR/CSR149^1.p,TH0,Theorem,timeout,na,2332,8203,78,8160,73,1055,0,0,0,
no_finite_o_quantification,CSR/CSR149^2.p,TH0,Theorem,timeout,na,2119,569,38,561,22,12,0,0,0,
no_finite_o_quantification,CSR/CSR149^3.p,TH0,ContradictoryAxioms,timeout,na,5310,258,25,258,1,0,0,0,0,
no_finite_o_quantification,CSR/CSR150^1.p,TH0,Theorem,timeout,na,2075,3121,81,3121,220,36,0,0,0,
no_finite_o_quantification,CSR/CSR150^2.p,TH0,Theorem,timeout,na,2162,466,32,466,24,0,0,0,0,
no_finite_o_quantification,CSR/CSR150^3.p,TH0,Theorem,timeout,na,5327,248,24,248,1,0,0,0,0,
no_finite_o_quantification,CSR/CSR151^1.p,TH0,Theorem,unk,na,64,118,0,106,6,23,0,0,0,
no_finite_o_quantification,CSR/CSR151^2.p,TH0,Theorem,timeout,na,2122,513,33,513,24,2,0,0,0,
no_finite_o_quantification,CSR/CSR151^3.p,TH0,Theorem,timeout,na,5302,255,25,255,1,0,0,0,0,
no_finite_o_quantification,CSR/CSR152^1.p,TH0,Theorem,unk,na,38,82,0,73,5,15,0,0,0,
no_finite_o_quantification,CSR/CSR152^2.p,TH0,Theorem,timeout,na,2356,4127,99,4083,722,72,0,1,0,
no_finite_o_quantification,CSR/CSR152^3.p,TH0,ContradictoryAxioms,timeout,na,5298,256,25,256,1,0,0,0,0,
no_finite_o_quantification,CSR/CSR153^1.p,TH0,Theorem,timeout,na,2176,4907,58,4907,653,209,0,2,0,
no_finite_o_quantification,CSR/CSR153^2.p,TH0,Theorem,timeout,na,2089,523,33,523,22,0,0,1,0,
no_finite_o_quantification,CSR/CSR153^3.p,TH0,ContradictoryAxioms,timeout,na,5281,255,25,255,1,0,0,0,0,
no_finite_o_quantification,DAT/DAT002^1.p,TH0,Theorem,timeout,na,2322,4551,16,4551,313,49,0,0,0,
no_finite_o_quantification,DAT/DAT056^1.p,TH0,Theorem,timeout,na,2056,1768,43,1768,178,60,0,1,0,
no_finite_o_quantification,DAT/DAT056^2.p,TH0,Theorem,timeout,na,2079,2356,29,2356,454,1,0,4,0,
no_finite_o_quantification,DAT/DAT113^1.p,TH1,Theorem,timeout,na,2438,142,12,142,2,0,0,0,0,
no_finite_o_quantification,DAT/DAT114^1.p,TH1,Theorem,timeout,na,2672,531,48,531,8,0,0,0,0,
no_finite_o_quantification,DAT/DAT115^1.p,TH1,Theorem,timeout,na,2805,720,62,720,16,0,0,0,0,
no_finite_o_quantification,DAT/DAT117^1.p,TH1,Theorem,timeout,na,2690,750,65,750,16,0,0,0,0,
no_finite_o_quantification,DAT/DAT118^1.p,TH1,Theorem,timeout,na,2831,812,60,812,41,0,0,0,0,
no_finite_o_quantification,DAT/DAT119^1.p,TH1,Theorem,timeout,na,2390,0,0,0,1,0,0,0,0,
no_finite_o_quantification,DAT/DAT120^1.p,TH1,Theorem,timeout,na,2556,0,0,0,1,0,0,0,0,
no_finite_o_quantification,DAT/DAT121^1.p,TH1,Theorem,timeout,na,2362,1164,90,1164,26,12,0,0,0,
no_finite_o_quantification,DAT/DAT122^1.p,TH1,Theorem,timeout,na,2747,0,0,0,1,0,0,0,0,
no_finite_o_quantification,DAT/DAT123^1.p,TH1,Theorem,timeout,na,2755,1783,16,1784,346,0,0,0,0,
no_finite_o_quantification,DAT/DAT124^1.p,TH1,Theorem,timeout,na,2670,1785,98,1785,160,0,0,0,0,
no_finite_o_quantification,DAT/DAT125^1.p,TH1,Theorem,timeout,na,2821,108,9,108,2,0,0,0,0,
no_finite_o_quantification,DAT/DAT126^1.p,TH1,Theorem,timeout,na,2491,20,2,20,1,0,0,0,0,
no_finite_o_quantification,DAT/DAT127^1.p,TH1,Theorem,timeout,na,2501,600,20,600,54,0,0,1,0,
no_finite_o_quantification,DAT/DAT128^1.p,TH1,Theorem,timeout,na,2534,891,50,891,52,0,0,0,0,
no_finite_o_quantification,DAT/DAT129^1.p,TH1,Theorem,timeout,na,2522,3473,165,3473,240,196,0,1,0,
no_finite_o_quantification,DAT/DAT130^1.p,TH1,Theorem,timeout,na,2679,0,0,0,1,0,0,0,0,
no_finite_o_quantification,DAT/DAT131^1.p,TH1,Theorem,timeout,na,2789,0,0,0,1,0,0,0,0,
no_finite_o_quantification,DAT/DAT132^1.p,TH1,Theorem,timeout,na,2717,0,0,0,1,0,0,0,0,
no_finite_o_quantification,DAT/DAT133^1.p,TH1,Theorem,timeout,na,2474,147,11,147,6,0,0,0,0,
no_finite_o_quantification,DAT/DAT134^1.p,TH1,Theorem,timeout,na,2888,0,0,0,1,0,0,0,0,
no_finite_o_quantification,DAT/DAT135^1.p,TH1,Theorem,timeout,na,2482,567,43,567,43,0,0,0,0,
no_finite_o_quantification,DAT/DAT136^1.p,TH1,Theorem,timeout,na,2387,999,67,999,46,2,0,0,0,
no_finite_o_quantification,DAT/DAT137^1.p,TH1,Theorem,timeout,na,2479,937,54,937,52,0,0,0,0,
no_finite_o_quantification,DAT/DAT138^1.p,TH1,Theorem,timeout,na,2761,0,0,0,1,0,0,0,0,
no_finite_o_quantification,DAT/DAT139^1.p,TH1,Theorem,timeout,na,2016,1326,129,1326,32,0,0,0,0,
no_finite_o_quantification,DAT/DAT140^1.p,TH1,Theorem,timeout,na,2539,812,60,812,27,0,0,0,0,
no_finite_o_quantification,DAT/DAT141^1.p,TH1,Theorem,timeout,na,2978,0,0,0,1,0,0,0,0,
no_finite_o_quantification,DAT/DAT142^1.p,TH1,Theorem,timeout,na,2370,189,15,189,5,0,0,0,0,
no_finite_o_quantification,DAT/DAT143^1.p,TH1,Theorem,timeout,na,2018,1250,120,1250,32,0,0,0,0,
no_finite_o_quantification,DAT/DAT144^1.p,TH1,Theorem,timeout,na,2433,19,1,19,1,0,0,0,0,
no_finite_o_quantification,DAT/DAT145^1.p,TH1,Theorem,timeout,na,3157,0,0,0,1,0,0,0,0,
no_finite_o_quantification,DAT/DAT146^1.p,TH1,Theorem,timeout,na,2902,0,0,0,1,0,0,0,0,
no_finite_o_quantification,DAT/DAT147^1.p,TH1,Theorem,timeout,na,2609,269,18,269,13,0,0,0,0,
no_finite_o_quantification,DAT/DAT148^1.p,TH1,Theorem,timeout,na,3386,0,0,0,1,0,0,0,0,
no_finite_o_quantification,DAT/DAT149^1.p,TH1,Theorem,timeout,na,2652,0,0,0,1,0,0,0,0,
no_finite_o_quantification,DAT/DAT150^1.p,TH1,Theorem,timeout,na,2571,118,11,118,1,0,0,0,0,
no_finite_o_quantification,DAT/DAT151^1.p,TH1,Theorem,timeout,na,2393,186,16,186,4,0,0,0,0,
no_finite_o_quantification,DAT/DAT152^1.p,TH1,Theorem,timeout,na,2484,731,60,731,23,6,0,1,0,
no_finite_o_quantification,DAT/DAT153^1.p,TH1,Theorem,timeout,na,2396,392,20,392,22,4,0,0,0,
no_finite_o_quantification,DAT/DAT154^1.p,TH1,Theorem,timeout,na,2857,0,0,0,1,0,0,0,0,
no_finite_o_quantification,DAT/DAT155^1.p,TH1,Theorem,timeout,na,3075,0,0,0,1,0,0,0,0,
no_finite_o_quantification,DAT/DAT156^1.p,TH1,Theorem,timeout,na,3008,0,0,0,1,0,0,0,0,
no_finite_o_quantification,DAT/DAT157^1.p,TH1,Theorem,timeout,na,2499,546,44,546,39,0,0,0,0,
no_finite_o_quantification,DAT/DAT158^1.p,TH1,Theorem,timeout,na,2615,819,63,819,33,0,0,0,0,
no_finite_o_quantification,DAT/DAT159^1.p,TH1,Theorem,thm,yes,567,104,6,104,7,3,0,1,1,
no_finite_o_quantification,DAT/DAT160^1.p,TH1,Theorem,timeout,na,2343,342,17,342,16,11,0,8,0,
no_finite_o_quantification,DAT/DAT161^1.p,TH1,Theorem,timeout,na,2739,2605,26,2605,418,7,0,11,0,
no_finite_o_quantification,DAT/DAT162^1.p,TH1,Theorem,timeout,na,2446,1180,90,1180,55,2,0,1,0,
no_finite_o_quantification,DAT/DAT163^1.p,TH1,Theorem,timeout,na,2510,590,32,590,32,8,0,0,0,
no_finite_o_quantification,DAT/DAT164^1.p,TH1,Theorem,timeout,na,2572,513,39,513,17,0,0,0,0,
no_finite_o_quantification,DAT/DAT165^1.p,TH1,Theorem,timeout,na,2423,131,12,131,2,0,0,0,0,
no_finite_o_quantification,DAT/DAT166^1.p,TH1,Theorem,timeout,na,2590,580,48,580,16,4,0,0,0,
no_finite_o_quantification,DAT/DAT167^1.p,TH1,Theorem,timeout,na,2506,69,5,69,4,0,0,0,0,
no_finite_o_quantification,DAT/DAT168^1.p,TH1,Theorem,timeout,na,2580,595,47,595,13,8,0,0,0,
no_finite_o_quantification,DAT/DAT169^1.p,TH1,Theorem,timeout,na,2542,440,36,440,7,4,0,0,0,
no_finite_o_quantification,DAT/DAT170^1.p,TH1,Theorem,timeout,na,2470,451,40,451,8,2,0,1,0,
no_finite_o_quantification,DAT/DAT171^1.p,TH1,Theorem,timeout,na,2548,419,29,419,15,2,0,1,0,
no_finite_o_quantification,DAT/DAT172^1.p,TH1,Theorem,timeout,na,2457,367,27,367,7,10,0,12,0,
no_finite_o_quantification,DAT/DAT173^1.p,TH1,Theorem,timeout,na,2694,366,34,366,4,0,0,0,0,
no_finite_o_quantification,DAT/DAT174^1.p,TH1,Theorem,timeout,na,2464,116,3,116,12,0,0,0,0,
no_finite_o_quantification,DAT/DAT175^1.p,TH1,Theorem,timeout,na,2941,12,1,12,1,0,0,0,0,
no_finite_o_quantification,DAT/DAT176^1.p,TH1,Theorem,timeout,na,2510,282,18,282,16,0,0,0,0,
no_finite_o_quantification,DAT/DAT177^1.p,TH1,Theorem,timeout,na,2577,253,23,253,5,0,0,0,0,
no_finite_o_quantification,DAT/DAT178^1.p,TH1,Theorem,timeout,na,2701,524,26,524,32,0,0,0,0,
no_finite_o_quantification,DAT/DAT179^1.p,TH1,Theorem,timeout,na,2441,650,49,650,21,0,0,0,0,
no_finite_o_quantification,DAT/DAT180^1.p,TH1,Theorem,timeout,na,2534,1537,127,1537,40,0,0,0,0,
no_finite_o_quantification,DAT/DAT181^1.p,TH1,Theorem,timeout,na,2697,553,41,553,19,0,0,0,0,
no_finite_o_quantification,DAT/DAT182^1.p,TH1,Theorem,timeout,na,2746,1014,49,1014,105,0,0,0,0,
no_finite_o_quantification,DAT/DAT183^1.p,TH1,Theorem,timeout,na,2713,1343,88,1343,64,0,0,0,0,
no_finite_o_quantification,DAT/DAT184^1.p,TH1,Theorem,timeout,na,2656,1343,122,1343,32,0,0,0,0,
no_finite_o_quantification,DAT/DAT185^1.p,TH1,Theorem,timeout,na,2666,1101,97,1101,27,0,0,0,0,
no_finite_o_quantification,DAT/DAT186^1.p,TH1,Theorem,timeout,na,2786,0,0,0,1,0,0,0,0,
no_finite_o_quantification,DAT/DAT187^1.p,TH1,Theorem,timeout,na,2800,0,0,0,1,0,0,0,0,
no_finite_o_quantification,DAT/DAT188^1.p,TH1,Theorem,timeout,na,2771,0,0,0,1,0,0,0,0,
no_finite_o_quantification,DAT/DAT189^1.p,TH1,Theorem,timeout,na,2729,0,0,0,1,0,0,0,0,
no_finite_o_quantification,DAT/DAT190^1.p,TH1,Theorem,timeout,na,2903,0,0,0,1,0,0,0,0,
no_finite_o_quantification,DAT/DAT191^1.p,TH1,Theorem,timeout,na,2601,733,65,733,8,0,0,0,0,
no_finite_o_quantification,DAT/DAT192^1.p,TH1,Theorem,timeout,na,2613,697,62,697,8,0,0,0,0,
no_finite_o_quantification,DAT/DAT193^1.p,TH1,Theorem,timeout,na,2727,0,0,0,1,0,0,0,0,
no_finite_o_quantification,DAT/DAT194^1.p,TH1,Theorem,timeout,na,2675,1058,94,1058,32,0,0,0,0,
no_finite_o_quantification,DAT/DAT195^1.p,TH1,Theorem,timeout,na,2586,698,54,698,16,0,0,0,0,
no_finite_o_quantification,DAT/DAT196^1.p,TH1,Theorem,timeout,na,2648,567,42,567,16,0,0,0,0,
no_finite_o_quantification,DAT/DAT197^1.p,TH1,Theorem,timeout,na,3059,72,7,72,1,0,0,0,0,
no_finite_o_quantification,DAT/DAT198^1.p,TH1,Theorem,timeout,na,3365,0,0,0,1,0,0,0,0,
no_finite_o_quantification,DAT/DAT199^1.p,TH1,Theorem,timeout,na,2689,144,13,144,3,0,0,0,0,
no_finite_o_quantification,DAT/DAT200^1.p,TH1,Theorem,timeout,na,2768,212,20,212,2,0,0,0,0,
no_finite_o_quantification,DAT/DAT201^1.p,TH1,Theorem,timeout,na,2482,363,32,363,11,0,0,1,0,
no_finite_o_quantification,DAT/DAT202^1.p,TH1,Theorem,timeout,na,2808,347,31,347,5,0,0,0,0,
no_finite_o_quantification,DAT/DAT203^1.p,TH1,Theorem,timeout,na,2681,483,28,483,30,0,0,1,0,
no_finite_o_quantification,DAT/DAT204^1.p,TH1,Theorem,timeout,na,2757,183,17,183,2,0,0,0,0,
no_finite_o_quantification,DAT/DAT205^1.p,TH1,Theorem,timeout,na,2800,257,23,257,4,0,0,0,0,
no_finite_o_quantification,DAT/DAT206^1.p,TH1,Theorem,timeout,na,2630,310,23,310,8,0,0,1,0,
no_finite_o_quantification,DAT/DAT207^1.p,TH1,Theorem,timeout,na,2993,0,0,0,1,0,0,0,0,
no_finite_o_quantification,DAT/DAT208^1.p,TH1,Theorem,timeout,na,2531,554,34,554,38,0,0,1,0,
no_finite_o_quantification,DAT/DAT209^1.p,TH1,Theorem,timeout,na,2342,735,54,735,21,0,0,0,0,
no_finite_o_quantification,DAT/DAT210^1.p,TH1,Theorem,timeout,na,2701,202,18,202,4,0,0,0,0,
no_finite_o_quantification,DAT/DAT211^1.p,TH1,Theorem,timeout,na,2377,296,24,296,9,4,0,10,0,
no_finite_o_quantification,DAT/DAT212^1.p,TH1,Theorem,timeout,na,2735,392,36,392,5,1,0,1,0,
no_finite_o_quantification,DAT/DAT213^1.p,TH1,Theorem,timeout,na,2747,550,47,550,8,0,0,1,0,
no_finite_o_quantification,DAT/DAT214^1.p,TH1,Theorem,timeout,na,2555,524,18,524,49,15,0,0,0,
no_finite_o_quantification,DAT/DAT215^1.p,TH1,Theorem,timeout,na,3098,112,11,112,1,0,0,0,0,
no_finite_o_quantification,DAT/DAT216^1.p,TH1,ContradictoryAxioms,timeout,na,2631,1649,73,1649,176,15,0,2,0,
no_finite_o_quantification,DAT/DAT217^1.p,TH1,Theorem,timeout,na,2513,1028,76,1028,61,5,0,6,0,
no_finite_o_quantification,DAT/DAT218^1.p,TH1,Theorem,timeout,na,2316,599,48,599,14,11,0,2,0,
no_finite_o_quantification,DAT/DAT219^1.p,TH1,Theorem,timeout,na,2850,23,2,23,1,0,0,0,0,
no_finite_o_quantification,DAT/DAT220^1.p,TH1,Theorem,timeout,na,3284,0,0,0,1,0,0,0,0,
no_finite_o_quantification,DAT/DAT221^1.p,TH1,Theorem,timeout,na,3632,0,0,0,1,0,0,0,0,
no_finite_o_quantification,DAT/DAT222^1.p,TH1,Theorem,timeout,na,3058,0,0,0,1,0,0,0,0,
no_finite_o_quantification,DAT/DAT223^1.p,TH1,Theorem,timeout,na,3868,0,0,0,1,0,0,0,0,
no_finite_o_quantification,DAT/DAT224^1.p,TH1,Theorem,timeout,na,3113,0,0,0,1,0,0,0,0,
no_finite_o_quantification,DAT/DAT225^1.p,TH1,Theorem,timeout,na,2833,34,3,34,1,0,0,0,0,
no_finite_o_quantification,DAT/DAT226^1.p,TH1,Theorem,timeout,na,2485,55,5,55,1,0,0,0,0,
no_finite_o_quantification,DAT/DAT227^1.p,TH1,Theorem,timeout,na,3341,0,0,0,1,0,0,0,0,
no_finite_o_quantification,DAT/DAT228^1.p,TH1,Theorem,timeout,na,2519,46,4,46,1,0,0,0,0,
no_finite_o_quantification,DAT/DAT229^1.p,TH1,Theorem,timeout,na,2905,83,8,83,2,0,0,0,0,
no_finite_o_quantification,DAT/DAT230^1.p,TH1,Theorem,timeout,na,2922,0,0,0,1,0,0,0,0,
no_finite_o_quantification,DAT/DAT231^1.p,TH1,Theorem,timeout,na,2697,342,32,342,2,0,0,1,0,
no_finite_o_quantification,DAT/DAT232^1.p,TH1,Theorem,timeout,na,3030,0,0,0,1,0,0,0,0,
no_finite_o_quantification,DAT/DAT233^1.p,TH1,Theorem,timeout,na,3664,95,9,95,1,0,0,0,0,
no_finite_o_quantification,DAT/DAT234^1.p,TH1,Theorem,timeout,na,4140,0,0,0,1,0,0,0,0,
no_finite_o_quantification,DAT/DAT235^1.p,TH1,Theorem,timeout,na,4026,0,0,0,1,0,0,0,0,
no_finite_o_quantification,DAT/DAT236^1.p,TH1,Theorem,timeout,na,4312,97,8,97,2,0,0,0,0,
no_finite_o_quantification,DAT/DAT237^1.p,TH1,Theorem,timeout,na,4323,0,0,0,1,0,0,0,0,
no_finite_o_quantification,DAT/DAT238^1.p,TH1,Theorem,timeout,na,2450,1184,43,1184,132,20,0,0,0,
no_finite_o_quantification,DAT/DAT239^1.p,TH1,Theorem,timeout,na,2507,3133,185,3133,196,68,0,1,0,
no_finite_o_quantification,DAT/DAT240^1.p,TH1,Theorem,timeout,na,2770,107,10,107,1,0,0,0,0,
no_finite_o_quantification,DAT/DAT241^1.p,TH1,Theorem,timeout,na,3900,33,3,33,1,0,0,0,0,
no_finite_o_quantification,DAT/DAT242^1.p,TH1,Theorem,timeout,na,4525,142,14,142,1,0,0,0,0,
no_finite_o_quantification,DAT/DAT243^1.p,TH1,Theorem,timeout,na,4625,0,0,0,1,0,0,0,0,
no_finite_o_quantification,DAT/DAT244^1.p,TH1,Theorem,timeout,na,2638,96,9,96,2,0,0,0,0,
no_finite_o_quantification,DAT/DAT245^1.p,TH1,Theorem,timeout,na,2540,103,9,103,4,0,0,0,0,
no_finite_o_quantification,DAT/DAT246^1.p,TH1,Theorem,timeout,na,2596,1307,64,1307,126,8,0,0,0,
no_finite_o_quantification,DAT/DAT247^1.p,TH1,Theorem,timeout,na,2648,77,7,77,1,0,0,0,0,
no_finite_o_quantification,DAT/DAT248^1.p,TH1,Theorem,timeout,na,2503,147,13,147,3,1,0,3,0,
no_finite_o_quantification,DAT/DAT249^1.p,TH1,Theorem,timeout,na,2885,0,0,0,1,0,0,0,0,
no_finite_o_quantification,DAT/DAT250^1.p,TH1,Theorem,timeout,na,2720,188,17,188,4,0,0,0,0,
no_finite_o_quantification,DAT/DAT251^1.p,TH1,Theorem,timeout,na,2967,0,0,0,1,0,0,0,0,
no_finite_o_quantification,DAT/DAT252^1.p,TH1,Theorem,timeout,na,2730,269,21,269,8,0,0,0,0,
no_finite_o_quantification,DAT/DAT253^1.p,TH1,Theorem,timeout,na,2344,447,37,447,10,0,0,1,0,
no_finite_o_quantification,DAT/DAT254^1.p,TH1,Theorem,timeout,na,3683,49,4,49,1,0,0,0,0,
no_finite_o_quantification,DAT/DAT255^1.p,TH1,Theorem,timeout,na,3088,52,5,52,1,0,0,0,0,
no_finite_o_quantification,DAT/DAT256^1.p,TH1,Theorem,timeout,na,3573,0,0,0,1,0,0,0,0,
no_finite_o_quantification,DAT/DAT257^1.p,TH1,Theorem,timeout,na,3433,0,0,0,1,0,0,0,0,
no_finite_o_quantification,DAT/DAT258^1.p,TH1,Theorem,timeout,na,3137,58,5,58,1,0,0,0,0,
no_finite_o_quantification,DAT/DAT259^1.p,TH1,Theorem,timeout,na,2035,843,32,843,86,10,0,2,0,
no_finite_o_quantification,DAT/DAT260^1.p,TH1,Theorem,timeout,na,2031,999,44,999,74,4,0,4,0,
no_finite_o_quantification,DAT/DAT261^1.p,TH1,Theorem,timeout,na,2029,1057,49,1057,73,3,0,4,0,
no_finite_o_quantification,DAT/DAT262^1.p,TH1,Theorem,timeout,na,2038,1090,39,1090,101,10,0,1,0,
no_finite_o_quantification,DAT/DAT263^1.p,TH1,Theorem,timeout,na,2029,1052,55,1052,71,6,0,4,0,
no_finite_o_quantification,DAT/DAT264^1.p,TH1,Theorem,timeout,na,2047,934,31,925,79,26,0,0,0,
no_finite_o_quantification,DAT/DAT265^1.p,TH1,Theorem,timeout,na,2037,1053,48,1051,75,8,0,4,0,
no_finite_o_quantification,DAT/DAT266^1.p,TH1,Theorem,timeout,na,2044,1468,43,1468,135,20,0,4,0,
no_finite_o_quantification,DAT/DAT267^1.p,TH1,Theorem,timeout,na,2039,815,8,815,113,3,0,2,0,
no_finite_o_quantification,DAT/DAT268^1.p,TH1,Theorem,timeout,na,2036,896,40,896,70,11,0,1,0,
no_finite_o_quantification,DAT/DAT269^1.p,TH1,Theorem,timeout,na,2033,905,40,905,66,9,0,1,0,
no_finite_o_quantification,DAT/DAT270^1.p,TH1,Theorem,timeout,na,2031,741,34,741,54,7,0,3,0,
no_finite_o_quantification,DAT/DAT271^1.p,TH1,Theorem,timeout,na,2042,987,41,987,76,17,0,1,0,
no_finite_o_quantification,DAT/DAT272^1.p,TH1,Theorem,timeout,na,2064,1096,43,1064,59,65,0,0,0,
no_finite_o_quantification,DAT/DAT273^1.p,TH1,Theorem,timeout,na,2032,328,11,328,26,19,0,0,0,
no_finite_o_quantification,DAT/DAT274^1.p,TH1,Theorem,timeout,na,2124,844,2,844,130,0,0,0,0,
no_finite_o_quantification,DAT/DAT275^1.p,TH1,Theorem,timeout,na,2044,1091,52,1091,76,7,0,4,0,
no_finite_o_quantification,DAT/DAT276^1.p,TH1,Theorem,timeout,na,2040,779,41,779,45,12,0,4,0,
no_finite_o_quantification,DAT/DAT277^1.p,TH1,Theorem,timeout,na,2037,868,23,868,114,10,0,1,0,
no_finite_o_quantification,DAT/DAT278^1.p,TH1,Theorem,timeout,na,2039,910,41,910,66,4,0,4,0,
no_finite_o_quantification,DAT/DAT279^1.p,TH1,Theorem,timeout,na,2033,913,43,913,64,9,0,2,0,
no_finite_o_quantification,DAT/DAT280^1.p,TH1,Theorem,timeout,na,2009,69,3,69,5,3,0,2,0,
no_finite_o_quantification,DAT/DAT281^1.p,TH1,Theorem,timeout,na,2028,1053,49,1053,74,3,0,4,0,
no_finite_o_quantification,DAT/DAT282^1.p,TH1,Theorem,timeout,na,2008,67,2,67,5,3,0,2,0,
no_finite_o_quantification,DAT/DAT283^1.p,TH1,Theorem,timeout,na,2026,910,44,910,64,4,0,2,0,
no_finite_o_quantification,DAT/DAT284^1.p,TH1,Theorem,timeout,na,2075,2730,165,2730,155,40,0,1,0,
no_finite_o_quantification,DAT/DAT285^1.p,TH1,Theorem,timeout,na,2029,790,27,790,72,9,0,2,0,
no_finite_o_quantification,DAT/DAT286^1.p,TH1,Theorem,timeout,na,2055,1607,76,1607,130,2,0,3,0,
no_finite_o_quantification,DAT/DAT287^1.p,TH1,Theorem,timeout,na,2077,1599,56,1599,181,13,0,2,0,
no_finite_o_quantification,DAT/DAT288^1.p,TH1,Theorem,timeout,na,2055,1685,60,1685,154,16,0,1,0,
no_finite_o_quantification,DAT/DAT289^1.p,TH1,Theorem,timeout,na,2059,1616,88,1616,110,0,0,2,0,
no_finite_o_quantification,DAT/DAT290^1.p,TH1,Theorem,timeout,na,2049,1607,65,1607,141,8,0,1,0,
no_finite_o_quantification,DAT/DAT291^1.p,TH1,Theorem,timeout,na,2056,1747,85,1747,123,8,0,2,0,
no_finite_o_quantification,DAT/DAT292^1.p,TH1,Theorem,timeout,na,2049,1169,25,1169,96,17,0,2,0,
no_finite_o_quantification,DAT/DAT293^1.p,TH1,Theorem,timeout,na,2044,1042,55,1042,74,0,0,2,0,
no_finite_o_quantification,DAT/DAT294^1.p,TH1,Theorem,timeout,na,2034,740,20,740,53,12,0,2,0,
no_finite_o_quantification,DAT/DAT295^1.p,TH1,Theorem,timeout,na,2053,723,38,723,46,1,0,2,0,
no_finite_o_quantification,DAT/DAT296^1.p,TH1,Theorem,timeout,na,2050,674,37,674,42,0,0,2,0,
no_finite_o_quantification,DAT/DAT297^1.p,TH1,Theorem,timeout,na,2050,952,53,952,64,8,0,3,0,
no_finite_o_quantification,DAT/DAT298^1.p,TH1,Theorem,timeout,na,2053,1262,46,1262,128,4,0,3,0,
no_finite_o_quantification,DAT/DAT299^1.p,TH1,Theorem,timeout,na,2049,1080,41,1080,110,0,0,2,0,
no_finite_o_quantification,DAT/DAT300^1.p,TH1,Theorem,timeout,na,2059,1101,55,1101,78,2,0,3,0,
no_finite_o_quantification,DAT/DAT301^1.p,TH1,Theorem,timeout,na,2054,1367,67,1367,116,4,0,3,0,
no_finite_o_quantification,DAT/DAT302^1.p,TH1,Theorem,timeout,na,2071,758,7,758,136,11,0,0,0,
no_finite_o_quantification,DAT/DAT303^1.p,TH1,Theorem,timeout,na,2069,1604,84,1604,118,8,0,2,0,
no_finite_o_quantification,DAT/DAT304^1.p,TH1,Theorem,timeout,na,2050,1205,44,1205,107,0,0,2,0,
no_finite_o_quantification,DAT/DAT305^1.p,TH1,Theorem,timeout,na,2077,1663,83,1663,144,6,0,1,0,
no_finite_o_quantification,DAT/DAT306^1.p,TH1,Theorem,timeout,na,2050,1201,60,1201,80,9,0,3,0,
no_finite_o_quantification,DAT/DAT307^1.p,TH1,Theorem,timeout,na,2134,1923,20,1923,319,58,0,5,0,
no_finite_o_quantification,DAT/DAT308^1.p,TH1,Theorem,timeout,na,2053,479,23,479,34,0,0,2,0,
no_finite_o_quantification,DAT/DAT309^1.p,TH1,Theorem,timeout,na,2047,789,37,789,59,0,0,2,0,
no_finite_o_quantification,DAT/DAT310^1.p,TH1,Theorem,timeout,na,2073,1663,69,1663,153,2,0,1,0,
no_finite_o_quantification,DAT/DAT311^1.p,TH1,Theorem,timeout,na,2086,1718,42,1718,248,25,0,1,0,
no_finite_o_quantification,DAT/DAT312^1.p,TH1,Theorem,timeout,na,2042,1525,75,1525,107,9,0,2,0,
no_finite_o_quantification,DAT/DAT313^1.p,TH1,Theorem,timeout,na,2064,1675,86,1675,114,8,0,2,0,
no_finite_o_quantification,DAT/DAT314^1.p,TH1,Theorem,timeout,na,2054,1724,73,1724,134,16,0,2,0,
no_finite_o_quantification,DAT/DAT315^1.p,TH1,Theorem,timeout,na,2026,985,38,985,80,13,0,2,0,
no_finite_o_quantification,DAT/DAT316^1.p,TH1,Theorem,timeout,na,2074,1758,63,1758,165,20,0,1,0,
no_finite_o_quantification,DAT/DAT317^1.p,TH1,Theorem,timeout,na,2049,1752,83,1752,126,16,0,2,0,
no_finite_o_quantification,DAT/DAT318^1.p,TH1,Theorem,timeout,na,2062,1615,73,1615,138,0,0,2,0,
no_finite_o_quantification,DAT/DAT319^1.p,TH1,Theorem,timeout,na,2030,819,24,819,71,9,0,2,0,
no_finite_o_quantification,DAT/DAT320^1.p,TH1,Theorem,timeout,na,2063,1496,63,1496,131,54,0,0,0,
no_finite_o_quantification,DAT/DAT321^1.p,TH1,Theorem,timeout,na,2037,326,6,326,39,5,0,0,0,
no_finite_o_quantification,DAT/DAT322^1.p,TH1,Theorem,timeout,na,2049,1133,26,1134,140,9,0,1,0,
no_finite_o_quantification,DAT/DAT323^1.p,TH1,Theorem,timeout,na,2058,411,18,411,53,2,0,0,0,
no_finite_o_quantification,DAT/DAT324^1.p,TH1,Theorem,timeout,na,2046,1155,16,1150,189,34,0,0,0,
no_finite_o_quantification,DAT/DAT325^1.p,TH1,Theorem,timeout,na,2044,936,22,936,134,0,0,1,0,
no_finite_o_quantification,DAT/DAT326^1.p,TH1,Theorem,timeout,na,2058,860,27,860,102,43,0,0,0,
no_finite_o_quantification,DAT/DAT327^1.p,TH1,Theorem,timeout,na,2067,1709,59,1709,179,2,0,1,0,
no_finite_o_quantification,DAT/DAT328^1.p,TH1,Theorem,timeout,na,2125,1505,9,1505,236,72,0,0,0,
no_finite_o_quantification,DAT/DAT333^3.p,TH0,Theorem,timeout,na,2218,6990,153,6990,226,312,0,0,0,
no_finite_o_quantification,DAT/DAT333^6.p,TH0,Theorem,timeout,na,2174,4561,69,4561,181,307,0,0,0,
no_finite_o_quantification,DAT/DAT334^12.p,TH0,Theorem,timeout,na,2266,8708,177,8708,272,314,0,0,0,
no_finite_o_quantification,DAT/DAT334^19.p,TH0,Theorem,timeout,na,2156,5091,142,5091,231,191,0,0,0,
no_finite_o_quantification,DAT/DAT334^21.p,TH0,Theorem,timeout,na,2245,5987,125,5987,225,193,0,0,0,
no_finite_o_quantification,DAT/DAT334^23.p,TH0,Theorem,timeout,na,2270,6517,117,6517,203,231,0,0,0,
no_finite_o_quantification,DAT/DAT334^8.p,TH0,Theorem,timeout,na,2179,5238,41,5238,241,253,0,0,0,
no_finite_o_quantification,DAT/DAT335^12.p,TH0,CounterSatisfiable,timeout,na,2149,4947,103,4947,274,115,0,0,0,
no_finite_o_quantification,DAT/DAT335^18.p,TH0,CounterSatisfiable,timeout,na,2145,4461,74,4461,236,88,0,0,0,
no_finite_o_quantification,DAT/DAT335^2.p,TH0,CounterSatisfiable,timeout,na,2193,6290,104,6290,254,202,0,0,0,
no_finite_o_quantification,DAT/DAT338^1.p,unknown,Theorem,parser_error,na,0,,,,,,,,,cached: Syntax Error: expected ' ' or ']' in !> binder  got [{:colon  ":"  2358}  {:atom  "nat"  2360}  {:rbracket  "]"  2363}  {:colon  ":"  2365}  {:lparen  "("  2367}  {:atom  "elem"  2369}  {:arrow  ">"  
no_finite_o_quantification,DAT/DAT339^1.p,unknown,Theorem,parser_error,na,0,,,,,,,,,cached: Syntax Error: expected ' ' or ']' in !> binder  got [{:colon  ":"  2370}  {:atom  "nat"  2372}  {:rbracket  "]"  2375}  {:colon  ":"  2377}  {:lparen  "("  2379}  {:atom  "elem"  2381}  {:arrow  ">"  
no_finite_o_quantification,DAT/DAT340^1.p,unknown,Theorem,parser_error,na,0,,,,,,,,,cached: Syntax Error: expected ' ' or ']' in !> binder  got [{:colon  ":"  2361}  {:atom  "nat"  2363}  {:rbracket  "]"  2366}  {:colon  ":"  2368}  {:lparen  "("  2370}  {:atom  "elem"  2372}  {:arrow  ">"  
no_finite_o_quantification,DAT/DAT341^1.p,unknown,Theorem,parser_error,na,0,,,,,,,,,cached: Syntax Error: expected ' ' or ']' in !> binder  got [{:colon  ":"  2342}  {:atom  "nat"  2344}  {:rbracket  "]"  2347}  {:colon  ":"  2349}  {:lparen  "("  2351}  {:atom  "elem"  2353}  {:arrow  ">"  
no_finite_o_quantification,DAT/DAT342^1.p,unknown,Theorem,parser_error,na,0,,,,,,,,,cached: Syntax Error: expected ' ' or ']' in !> binder  got [{:colon  ":"  2413}  {:atom  "nat"  2415}  {:rbracket  "]"  2418}  {:colon  ":"  2420}  {:lparen  "("  2422}  {:var  "A"  2424}  {:arrow  ">"  2426
no_finite_o_quantification,DAT/DAT343^1.p,unknown,Theorem,parser_error,na,0,,,,,,,,,cached: Syntax Error: expected ' ' or ']' in !> binder  got [{:colon  ":"  2420}  {:atom  "nat"  2422}  {:rbracket  "]"  2425}  {:colon  ":"  2427}  {:lparen  "("  2429}  {:var  "A"  2431}  {:arrow  ">"  2433
no_finite_o_quantification,DAT/DAT344^1.p,unknown,Theorem,parser_error,na,0,,,,,,,,,cached: Syntax Error: expected ' ' or ']' in !> binder  got [{:colon  ":"  2416}  {:atom  "nat"  2418}  {:rbracket  "]"  2421}  {:colon  ":"  2423}  {:lparen  "("  2425}  {:var  "A"  2427}  {:arrow  ">"  2429
no_finite_o_quantification,DAT/DAT345^1.p,unknown,Theorem,parser_error,na,0,,,,,,,,,cached: Syntax Error: expected ' ' or ']' in !> binder  got [{:colon  ":"  2397}  {:atom  "nat"  2399}  {:rbracket  "]"  2402}  {:colon  ":"  2404}  {:lparen  "("  2406}  {:var  "A"  2408}  {:arrow  ">"  2410
no_finite_o_quantification,DAT/DAT346^1.p,unknown,Theorem,parser_error,na,0,,,,,,,,,cached: Syntax Error: expected ' ' or ']' in !> binder  got [{:colon  ":"  1895}  {:atom  "nat"  1897}  {:rbracket  "]"  1900}  {:colon  ":"  1902}  {:lparen  "("  1904}  {:atom  "nat"  1906}  {:arrow  ">"  1
no_finite_o_quantification,DAT/DAT347^1.p,unknown,Theorem,parser_error,na,0,,,,,,,,,cached: Syntax Error: expected ' ' or ']' in !> binder  got [{:colon  ":"  1949}  {:atom  "nat"  1951}  {:rbracket  "]"  1954}  {:colon  ":"  1956}  {:lparen  "("  1958}  {:atom  "nat"  1960}  {:arrow  ">"  1
no_finite_o_quantification,DAT/DAT348^1.p,unknown,Theorem,parser_error,na,0,,,,,,,,,cached: Syntax Error: expected ' ' or ']' in !> binder  got [{:colon  ":"  1908}  {:atom  "nat"  1910}  {:rbracket  "]"  1913}  {:colon  ":"  1915}  {:lparen  "("  1917}  {:atom  "nat"  1919}  {:arrow  ">"  1
no_finite_o_quantification,DAT/DAT349^1.p,unknown,Theorem,parser_error,na,0,,,,,,,,,cached: Syntax Error: expected ' ' or ']' in !> binder  got [{:colon  ":"  2083}  {:atom  "nat"  2085}  {:rbracket  "]"  2088}  {:colon  ":"  2090}  {:lparen  "("  2092}  {:atom  "elem"  2094}  {:arrow  ">"  
no_finite_o_quantification,DAT/DAT350^1.p,unknown,Theorem,parser_error,na,0,,,,,,,,,cached: Syntax Error: expected ' ' or ']' in !> binder  got [{:colon  ":"  2083}  {:atom  "nat"  2085}  {:rbracket  "]"  2088}  {:colon  ":"  2090}  {:lparen  "("  2092}  {:atom  "elem"  2094}  {:arrow  ">"  
no_finite_o_quantification,DAT/DAT351^1.p,unknown,Theorem,parser_error,na,0,,,,,,,,,cached: Syntax Error: expected ' ' or ']' in !> binder  got [{:colon  ":"  2082}  {:atom  "nat"  2084}  {:rbracket  "]"  2087}  {:colon  ":"  2089}  {:lparen  "("  2091}  {:atom  "elem"  2093}  {:arrow  ">"  
no_finite_o_quantification,DAT/DAT352^1.p,unknown,Theorem,parser_error,na,0,,,,,,,,,cached: Syntax Error: expected ' ' or ']' in !> binder  got [{:colon  ":"  2082}  {:atom  "nat"  2084}  {:rbracket  "]"  2087}  {:colon  ":"  2089}  {:lparen  "("  2091}  {:atom  "elem"  2093}  {:arrow  ">"  
no_finite_o_quantification,DAT/DAT353^1.p,unknown,Theorem,parser_error,na,0,,,,,,,,,cached: Syntax Error: expected ' ' or ']' in !> binder  got [{:colon  ":"  2082}  {:atom  "nat"  2084}  {:rbracket  "]"  2087}  {:colon  ":"  2089}  {:lparen  "("  2091}  {:atom  "elem"  2093}  {:arrow  ">"  
no_finite_o_quantification,DAT/DAT354^1.p,unknown,Theorem,parser_error,na,0,,,,,,,,,cached: Syntax Error: expected ' ' or ']' in !> binder  got [{:colon  ":"  1886}  {:atom  "nat"  1888}  {:rbracket  "]"  1891}  {:colon  ":"  1893}  {:lparen  "("  1895}  {:atom  "elem"  1897}  {:arrow  ">"  
no_finite_o_quantification,DAT/DAT355^1.p,unknown,Theorem,parser_error,na,0,,,,,,,,,cached: Syntax Error: expected ' ' or ']' in !> binder  got [{:colon  ":"  1890}  {:atom  "nat"  1892}  {:rbracket  "]"  1895}  {:colon  ":"  1897}  {:lparen  "("  1899}  {:atom  "elem"  1901}  {:arrow  ">"  
no_finite_o_quantification,DAT/DAT356^1.p,unknown,Theorem,parser_error,na,0,,,,,,,,,cached: Syntax Error: expected ' ' or ']' in !> binder  got [{:colon  ":"  1890}  {:atom  "nat"  1892}  {:rbracket  "]"  1895}  {:colon  ":"  1897}  {:lparen  "("  1899}  {:atom  "elem"  1901}  {:arrow  ">"  
no_finite_o_quantification,DAT/DAT357^1.p,unknown,Theorem,parser_error,na,0,,,,,,,,,cached: Syntax Error: expected ' ' or ']' in !> binder  got [{:colon  ":"  1890}  {:atom  "nat"  1892}  {:rbracket  "]"  1895}  {:colon  ":"  1897}  {:lparen  "("  1899}  {:atom  "elem"  1901}  {:arrow  ">"  
no_finite_o_quantification,DAT/DAT358^1.p,unknown,Theorem,parser_error,na,0,,,,,,,,,cached: Syntax Error: expected ' ' or ']' in !> binder  got [{:colon  ":"  1890}  {:atom  "nat"  1892}  {:rbracket  "]"  1895}  {:colon  ":"  1897}  {:lparen  "("  1899}  {:atom  "elem"  1901}  {:arrow  ">"  
no_finite_o_quantification,DAT/DAT359^1.p,unknown,Theorem,parser_error,na,0,,,,,,,,,cached: Syntax Error: expected ' ' or ']' in !> binder  got [{:colon  ":"  1890}  {:atom  "nat"  1892}  {:rbracket  "]"  1895}  {:colon  ":"  1897}  {:lparen  "("  1899}  {:atom  "elem"  1901}  {:arrow  ">"  
no_finite_o_quantification,DAT/DAT360^1.p,unknown,Theorem,parser_error,na,0,,,,,,,,,cached: Syntax Error: expected ' ' or ']' in !> binder  got [{:colon  ":"  2325}  {:atom  "nat"  2327}  {:rbracket  "]"  2330}  {:colon  ":"  2332}  {:lparen  "("  2334}  {:atom  "elem"  2336}  {:arrow  ">"  
no_finite_o_quantification,DAT/DAT361^1.p,unknown,Theorem,parser_error,na,0,,,,,,,,,cached: Syntax Error: expected ' ' or ']' in !> binder  got [{:colon  ":"  2337}  {:atom  "nat"  2339}  {:rbracket  "]"  2342}  {:colon  ":"  2344}  {:lparen  "("  2346}  {:atom  "elem"  2348}  {:arrow  ">"  
no_finite_o_quantification,DAT/DAT362^1.p,unknown,Theorem,parser_error,na,0,,,,,,,,,cached: Syntax Error: expected ' ' or ']' in !> binder  got [{:colon  ":"  2309}  {:atom  "nat"  2311}  {:rbracket  "]"  2314}  {:colon  ":"  2316}  {:lparen  "("  2318}  {:atom  "elem"  2320}  {:arrow  ">"  
no_finite_o_quantification,DAT/DAT363^1.p,unknown,Theorem,parser_error,na,0,,,,,,,,,cached: Syntax Error: expected ' ' or ']' in !> binder  got [{:colon  ":"  1923}  {:atom  "nat"  1925}  {:rbracket  "]"  1928}  {:colon  ":"  1930}  {:lparen  "("  1932}  {:var  "A"  1934}  {:arrow  ">"  1936
no_finite_o_quantification,DAT/DAT364^1.p,unknown,Theorem,parser_error,na,0,,,,,,,,,cached: Syntax Error: expected ' ' or ']' in !> binder  got [{:colon  ":"  1934}  {:atom  "nat"  1936}  {:rbracket  "]"  1939}  {:colon  ":"  1941}  {:lparen  "("  1943}  {:var  "A"  1945}  {:arrow  ">"  1947
no_finite_o_quantification,DAT/DAT365^1.p,unknown,Theorem,parser_error,na,0,,,,,,,,,cached: Syntax Error: expected ' ' or ']' in !> binder  got [{:colon  ":"  1911}  {:atom  "nat"  1913}  {:rbracket  "]"  1916}  {:colon  ":"  1918}  {:lparen  "("  1920}  {:var  "A"  1922}  {:arrow  ">"  1924
no_finite_o_quantification,DAT/DAT366^1.p,unknown,Theorem,parser_error,na,0,,,,,,,,,cached: Syntax Error: expected ' ' or ']' in !> binder  got [{:colon  ":"  1934}  {:atom  "nat"  1936}  {:rbracket  "]"  1939}  {:colon  ":"  1941}  {:lparen  "("  1943}  {:var  "A"  1945}  {:arrow  ">"  1947
no_finite_o_quantification,DAT/DAT367^1.p,unknown,Theorem,parser_error,na,0,,,,,,,,,cached: Syntax Error: expected ' ' or ']' in !> binder  got [{:colon  ":"  1911}  {:atom  "nat"  1913}  {:rbracket  "]"  1916}  {:colon  ":"  1918}  {:lparen  "("  1920}  {:var  "A"  1922}  {:arrow  ">"  1924
no_finite_o_quantification,DAT/DAT368^1.p,unknown,Theorem,parser_error,na,0,,,,,,,,,cached: Syntax Error: expected ' ' or ']' in !> binder  got [{:colon  ":"  1934}  {:atom  "nat"  1936}  {:rbracket  "]"  1939}  {:colon  ":"  1941}  {:lparen  "("  1943}  {:var  "A"  1945}  {:arrow  ">"  1947
no_finite_o_quantification,DAT/DAT369^1.p,unknown,Theorem,parser_error,na,0,,,,,,,,,cached: Syntax Error: expected ' ' or ']' in !> binder  got [{:colon  ":"  1911}  {:atom  "nat"  1913}  {:rbracket  "]"  1916}  {:colon  ":"  1918}  {:lparen  "("  1920}  {:var  "A"  1922}  {:arrow  ">"  1924
no_finite_o_quantification,DAT/DAT370^1.p,unknown,Theorem,parser_error,na,0,,,,,,,,,cached: Syntax Error: expected ' ' or ']' in !> binder  got [{:colon  ":"  1934}  {:atom  "nat"  1936}  {:rbracket  "]"  1939}  {:colon  ":"  1941}  {:lparen  "("  1943}  {:var  "A"  1945}  {:arrow  ">"  1947
no_finite_o_quantification,DAT/DAT371^1.p,unknown,Theorem,parser_error,na,0,,,,,,,,,cached: Syntax Error: expected ' ' or ']' in !> binder  got [{:colon  ":"  1911}  {:atom  "nat"  1913}  {:rbracket  "]"  1916}  {:colon  ":"  1918}  {:lparen  "("  1920}  {:var  "A"  1922}  {:arrow  ">"  1924
no_finite_o_quantification,DAT/DAT372^1.p,unknown,Theorem,parser_error,na,0,,,,,,,,,cached: Syntax Error: expected ' ' or ']' in !> binder  got [{:colon  ":"  1939}  {:atom  "nat"  1941}  {:rbracket  "]"  1944}  {:colon  ":"  1946}  {:lparen  "("  1948}  {:var  "A"  1950}  {:arrow  ">"  1952
no_finite_o_quantification,DAT/DAT373^1.p,unknown,Theorem,parser_error,na,0,,,,,,,,,cached: Syntax Error: expected ' ' or ']' in !> binder  got [{:colon  ":"  1934}  {:atom  "nat"  1936}  {:rbracket  "]"  1939}  {:colon  ":"  1941}  {:lparen  "("  1943}  {:var  "A"  1945}  {:arrow  ">"  1947
no_finite_o_quantification,DAT/DAT374^1.p,unknown,Theorem,parser_error,na,0,,,,,,,,,cached: Syntax Error: expected ' ' or ']' in !> binder  got [{:colon  ":"  1925}  {:atom  "nat"  1927}  {:rbracket  "]"  1930}  {:colon  ":"  1932}  {:lparen  "("  1934}  {:var  "A"  1936}  {:arrow  ">"  1938
no_finite_o_quantification,DAT/DAT375^1.p,unknown,Theorem,parser_error,na,0,,,,,,,,,cached: Syntax Error: expected ' ' or ']' in !> binder  got [{:colon  ":"  1923}  {:atom  "nat"  1925}  {:rbracket  "]"  1928}  {:colon  ":"  1930}  {:lparen  "("  1932}  {:var  "A"  1934}  {:arrow  ">"  1936
no_finite_o_quantification,DAT/DAT376^1.p,unknown,Theorem,parser_error,na,0,,,,,,,,,cached: Syntax Error: expected ' ' or ']' in !> binder  got [{:colon  ":"  1911}  {:atom  "nat"  1913}  {:rbracket  "]"  1916}  {:colon  ":"  1918}  {:lparen  "("  1920}  {:var  "A"  1922}  {:arrow  ">"  1924
no_finite_o_quantification,DAT/DAT377^1.p,unknown,Theorem,parser_error,na,0,,,,,,,,,cached: Syntax Error: expected ' ' or ']' in !> binder  got [{:colon  ":"  2346}  {:atom  "nat"  2348}  {:rbracket  "]"  2351}  {:colon  ":"  2353}  {:lparen  "("  2355}  {:var  "A"  2357}  {:arrow  ">"  2359
no_finite_o_quantification,DAT/DAT378^1.p,unknown,Theorem,parser_error,na,0,,,,,,,,,cached: Syntax Error: expected ' ' or ']' in !> binder  got [{:colon  ":"  1932}  {:atom  "nat"  1934}  {:rbracket  "]"  1937}  {:colon  ":"  1939}  {:lparen  "("  1941}  {:var  "A"  1943}  {:arrow  ">"  1945
no_finite_o_quantification,DAT/DAT379^1.p,unknown,Theorem,parser_error,na,0,,,,,,,,,cached: Syntax Error: expected ' ' or ']' in !> binder  got [{:colon  ":"  2409}  {:atom  "nat"  2411}  {:rbracket  "]"  2414}  {:colon  ":"  2416}  {:lparen  "("  2418}  {:var  "A"  2420}  {:arrow  ">"  2422
no_finite_o_quantification,DAT/DAT380^1.p,unknown,Theorem,parser_error,na,0,,,,,,,,,cached: Syntax Error: expected ' ' or ']' in !> binder  got [{:colon  ":"  2381}  {:atom  "nat"  2383}  {:rbracket  "]"  2386}  {:colon  ":"  2388}  {:lparen  "("  2390}  {:var  "A"  2392}  {:arrow  ">"  2394
no_finite_o_quantification,DAT/DAT381^1.p,unknown,Theorem,parser_error,na,0,,,,,,,,,cached: Syntax Error: expected ' ' or ']' in !> binder  got [{:colon  ":"  2020}  {:atom  "nat"  2022}  {:rbracket  "]"  2025}  {:colon  ":"  2027}  {:lparen  "("  2029}  {:atom  "nat"  2031}  {:arrow  ">"  2
no_finite_o_quantification,DAT/DAT382^1.p,unknown,Theorem,parser_error,na,0,,,,,,,,,cached: Syntax Error: expected ' ' or ']' in !> binder  got [{:colon  ":"  2454}  {:atom  "nat"  2456}  {:rbracket  "]"  2459}  {:colon  ":"  2461}  {:lparen  "("  2463}  {:atom  "elem"  2465}  {:arrow  ">"  
no_finite_o_quantification,DAT/DAT383^1.p,unknown,Theorem,parser_error,na,0,,,,,,,,,cached: Syntax Error: expected ' ' or ']' in !> binder  got [{:colon  ":"  2462}  {:atom  "nat"  2464}  {:rbracket  "]"  2467}  {:colon  ":"  2469}  {:lparen  "("  2471}  {:atom  "elem"  2473}  {:arrow  ">"  
no_finite_o_quantification,DAT/DAT384^1.p,unknown,Theorem,parser_error,na,0,,,,,,,,,cached: Syntax Error: expected ' ' or ']' in !> binder  got [{:colon  ":"  2438}  {:atom  "nat"  2440}  {:rbracket  "]"  2443}  {:colon  ":"  2445}  {:lparen  "("  2447}  {:atom  "elem"  2449}  {:arrow  ">"  
no_finite_o_quantification,DAT/DAT385^1.p,unknown,Theorem,parser_error,na,0,,,,,,,,,cached: Syntax Error: expected ' ' or ']' in !> binder  got [{:colon  ":"  2462}  {:atom  "nat"  2464}  {:rbracket  "]"  2467}  {:colon  ":"  2469}  {:lparen  "("  2471}  {:atom  "elem"  2473}  {:arrow  ">"  
no_finite_o_quantification,DAT/DAT386^1.p,unknown,Theorem,parser_error,na,0,,,,,,,,,cached: Syntax Error: expected ' ' or ']' in !> binder  got [{:colon  ":"  2462}  {:atom  "nat"  2464}  {:rbracket  "]"  2467}  {:colon  ":"  2469}  {:lparen  "("  2471}  {:atom  "elem"  2473}  {:arrow  ">"  
no_finite_o_quantification,DAT/DAT387^1.p,unknown,Theorem,parser_error,na,0,,,,,,,,,cached: Syntax Error: expected ' ' or ']' in !> binder  got [{:colon  ":"  2462}  {:atom  "nat"  2464}  {:rbracket  "]"  2467}  {:colon  ":"  2469}  {:lparen  "("  2471}  {:atom  "elem"  2473}  {:arrow  ">"  
no_finite_o_quantification,DAT/DAT388^1.p,unknown,Theorem,parser_error,na,0,,,,,,,,,cached: Syntax Error: expected ' ' or ']' in !> binder  got [{:colon  ":"  2465}  {:atom  "nat"  2467}  {:rbracket  "]"  2470}  {:colon  ":"  2472}  {:lparen  "("  2474}  {:atom  "elem"  2476}  {:arrow  ">"  
no_finite_o_quantification,DAT/DAT389^1.p,unknown,Theorem,parser_error,na,0,,,,,,,,,cached: Syntax Error: expected ' ' or ']' in !> binder  got [{:colon  ":"  2465}  {:atom  "nat"  2467}  {:rbracket  "]"  2470}  {:colon  ":"  2472}  {:lparen  "("  2474}  {:atom  "elem"  2476}  {:arrow  ">"  
no_finite_o_quantification,DAT/DAT390^1.p,unknown,Theorem,parser_error,na,0,,,,,,,,,cached: Syntax Error: expected ' ' or ']' in !> binder  got [{:colon  ":"  2465}  {:atom  "nat"  2467}  {:rbracket  "]"  2470}  {:colon  ":"  2472}  {:lparen  "("  2474}  {:atom  "elem"  2476}  {:arrow  ">"  
no_finite_o_quantification,DAT/DAT391^1.p,unknown,Theorem,parser_error,na,0,,,,,,,,,cached: Syntax Error: expected ' ' or ']' in !> binder  got [{:colon  ":"  2465}  {:atom  "nat"  2467}  {:rbracket  "]"  2470}  {:colon  ":"  2472}  {:lparen  "("  2474}  {:atom  "elem"  2476}  {:arrow  ">"  
no_finite_o_quantification,DAT/DAT392^1.p,unknown,Theorem,parser_error,na,0,,,,,,,,,cached: Syntax Error: expected ' ' or ']' in !> binder  got [{:colon  ":"  2465}  {:atom  "nat"  2467}  {:rbracket  "]"  2470}  {:colon  ":"  2472}  {:lparen  "("  2474}  {:atom  "elem"  2476}  {:arrow  ">"  
no_finite_o_quantification,DAT/DAT393^1.p,unknown,Theorem,parser_error,na,0,,,,,,,,,cached: Syntax Error: expected ' ' or ']' in !> binder  got [{:colon  ":"  2465}  {:atom  "nat"  2467}  {:rbracket  "]"  2470}  {:colon  ":"  2472}  {:lparen  "("  2474}  {:atom  "elem"  2476}  {:arrow  ">"  
no_finite_o_quantification,DAT/DAT394^1.p,unknown,Theorem,parser_error,na,0,,,,,,,,,cached: Syntax Error: expected ' ' or ']' in !> binder  got [{:colon  ":"  2465}  {:atom  "nat"  2467}  {:rbracket  "]"  2470}  {:colon  ":"  2472}  {:lparen  "("  2474}  {:atom  "elem"  2476}  {:arrow  ">"  
no_finite_o_quantification,DAT/DAT395^1.p,unknown,Theorem,parser_error,na,0,,,,,,,,,cached: Syntax Error: expected ' ' or ']' in !> binder  got [{:colon  ":"  2462}  {:atom  "nat"  2464}  {:rbracket  "]"  2467}  {:colon  ":"  2469}  {:lparen  "("  2471}  {:atom  "elem"  2473}  {:arrow  ">"  
no_finite_o_quantification,DAT/DAT396^1.p,unknown,Theorem,parser_error,na,0,,,,,,,,,cached: Syntax Error: expected ' ' or ']' in !> binder  got [{:colon  ":"  2055}  {:atom  "nat"  2057}  {:rbracket  "]"  2060}  {:colon  ":"  2062}  {:lparen  "("  2064}  {:atom  "elem"  2066}  {:arrow  ">"  
no_finite_o_quantification,DAT/DAT397^1.p,unknown,Theorem,parser_error,na,0,,,,,,,,,cached: Syntax Error: expected ' ' or ']' in !> binder  got [{:colon  ":"  2055}  {:atom  "nat"  2057}  {:rbracket  "]"  2060}  {:colon  ":"  2062}  {:lparen  "("  2064}  {:atom  "elem"  2066}  {:arrow  ">"  
no_finite_o_quantification,DAT/DAT398^1.p,unknown,Theorem,parser_error,na,0,,,,,,,,,cached: Syntax Error: expected ' ' or ']' in !> binder  got [{:colon  ":"  2055}  {:atom  "nat"  2057}  {:rbracket  "]"  2060}  {:colon  ":"  2062}  {:lparen  "("  2064}  {:atom  "elem"  2066}  {:arrow  ">"  
no_finite_o_quantification,DAT/DAT399^1.p,unknown,Theorem,parser_error,na,0,,,,,,,,,cached: Syntax Error: expected ' ' or ']' in !> binder  got [{:colon  ":"  2055}  {:atom  "nat"  2057}  {:rbracket  "]"  2060}  {:colon  ":"  2062}  {:lparen  "("  2064}  {:atom  "elem"  2066}  {:arrow  ">"  
no_finite_o_quantification,DAT/DAT400^1.p,unknown,Theorem,parser_error,na,0,,,,,,,,,cached: Syntax Error: expected ' ' or ']' in !> binder  got [{:colon  ":"  2055}  {:atom  "nat"  2057}  {:rbracket  "]"  2060}  {:colon  ":"  2062}  {:lparen  "("  2064}  {:atom  "elem"  2066}  {:arrow  ">"  
no_finite_o_quantification,DAT/DAT401^1.p,unknown,Theorem,parser_error,na,0,,,,,,,,,cached: Syntax Error: expected ' ' or ']' in !> binder  got [{:colon  ":"  2041}  {:atom  "nat"  2043}  {:rbracket  "]"  2046}  {:colon  ":"  2048}  {:lparen  "("  2050}  {:atom  "elem"  2052}  {:arrow  ">"  
no_finite_o_quantification,DAT/DAT402^1.p,unknown,Theorem,parser_error,na,0,,,,,,,,,cached: Syntax Error: expected ' ' or ']' in !> binder  got [{:colon  ":"  2146}  {:atom  "nat"  2148}  {:rbracket  "]"  2151}  {:colon  ":"  2153}  {:lparen  "("  2155}  {:var  "A"  2157}  {:arrow  ">"  2159
no_finite_o_quantification,DAT/DAT403^1.p,unknown,Theorem,parser_error,na,0,,,,,,,,,cached: Syntax Error: expected ' ' or ']' in !> binder  got [{:colon  ":"  2111}  {:atom  "nat"  2113}  {:rbracket  "]"  2116}  {:colon  ":"  2118}  {:lparen  "("  2120}  {:var  "A"  2122}  {:arrow  ">"  2124
no_finite_o_quantification,DAT/DAT404^1.p,unknown,Theorem,parser_error,na,0,,,,,,,,,cached: Syntax Error: expected ' ' or ']' in !> binder  got [{:colon  ":"  2146}  {:atom  "nat"  2148}  {:rbracket  "]"  2151}  {:colon  ":"  2153}  {:lparen  "("  2155}  {:var  "A"  2157}  {:arrow  ">"  2159
no_finite_o_quantification,DAT/DAT405^1.p,unknown,Theorem,parser_error,na,0,,,,,,,,,cached: Syntax Error: expected ' ' or ']' in !> binder  got [{:colon  ":"  2112}  {:atom  "nat"  2114}  {:rbracket  "]"  2117}  {:colon  ":"  2119}  {:lparen  "("  2121}  {:var  "A"  2123}  {:arrow  ">"  2125
no_finite_o_quantification,DAT/DAT406^1.p,unknown,Theorem,parser_error,na,0,,,,,,,,,cached: Syntax Error: expected ' ' or ']' in !> binder  got [{:colon  ":"  2111}  {:atom  "nat"  2113}  {:rbracket  "]"  2116}  {:colon  ":"  2118}  {:lparen  "("  2120}  {:var  "A"  2122}  {:arrow  ">"  2124
no_finite_o_quantification,DAT/DAT407^1.p,unknown,Theorem,parser_error,na,0,,,,,,,,,cached: Syntax Error: expected ' ' or ']' in !> binder  got [{:colon  ":"  2146}  {:atom  "nat"  2148}  {:rbracket  "]"  2151}  {:colon  ":"  2153}  {:lparen  "("  2155}  {:var  "A"  2157}  {:arrow  ">"  2159
no_finite_o_quantification,DAT/DAT408^1.p,unknown,Theorem,parser_error,na,0,,,,,,,,,cached: Syntax Error: expected ' ' or ']' in !> binder  got [{:colon  ":"  2146}  {:atom  "nat"  2148}  {:rbracket  "]"  2151}  {:colon  ":"  2153}  {:lparen  "("  2155}  {:var  "A"  2157}  {:arrow  ">"  2159
no_finite_o_quantification,DAT/DAT409^1.p,unknown,Theorem,parser_error,na,0,,,,,,,,,cached: Syntax Error: expected ' ' or ']' in !> binder  got [{:colon  ":"  2111}  {:atom  "nat"  2113}  {:rbracket  "]"  2116}  {:colon  ":"  2118}  {:lparen  "("  2120}  {:var  "A"  2122}  {:arrow  ">"  2124
no_finite_o_quantification,DAT/DAT410^1.p,unknown,Theorem,parser_error,na,0,,,,,,,,,cached: Syntax Error: expected ' ' or ']' in !> binder  got [{:colon  ":"  2147}  {:atom  "nat"  2149}  {:rbracket  "]"  2152}  {:colon  ":"  2154}  {:lparen  "("  2156}  {:var  "A"  2158}  {:arrow  ">"  2160
no_finite_o_quantification,DAT/DAT411^1.p,unknown,Theorem,parser_error,na,0,,,,,,,,,cached: Syntax Error: expected ' ' or ']' in !> binder  got [{:colon  ":"  2152}  {:atom  "nat"  2154}  {:rbracket  "]"  2157}  {:colon  ":"  2159}  {:lparen  "("  2161}  {:var  "A"  2163}  {:arrow  ">"  2165
no_finite_o_quantification,DAT/DAT412^1.p,unknown,Theorem,parser_error,na,0,,,,,,,,,cached: Syntax Error: expected ' ' or ']' in !> binder  got [{:colon  ":"  2112}  {:atom  "nat"  2114}  {:rbracket  "]"  2117}  {:colon  ":"  2119}  {:lparen  "("  2121}  {:var  "A"  2123}  {:arrow  ">"  2125
no_finite_o_quantification,DAT/DAT413^1.p,unknown,Theorem,parser_error,na,0,,,,,,,,,cached: Syntax Error: expected ' ' or ']' in !> binder  got [{:colon  ":"  2134}  {:atom  "nat"  2136}  {:rbracket  "]"  2139}  {:colon  ":"  2141}  {:lparen  "("  2143}  {:var  "A"  2145}  {:arrow  ">"  2147
no_finite_o_quantification,DAT/DAT414^1.p,unknown,Theorem,parser_error,na,0,,,,,,,,,cached: Syntax Error: expected ' ' or ']' in !> binder  got [{:colon  ":"  2117}  {:atom  "nat"  2119}  {:rbracket  "]"  2122}  {:colon  ":"  2124}  {:lparen  "("  2126}  {:var  "A"  2128}  {:arrow  ">"  2130
no_finite_o_quantification,DAT/DAT415^1.p,unknown,Theorem,parser_error,na,0,,,,,,,,,cached: Syntax Error: expected ' ' or ']' in !> binder  got [{:colon  ":"  1820}  {:atom  "nat"  1822}  {:rbracket  "]"  1825}  {:colon  ":"  1827}  {:lparen  "("  1829}  {:atom  "nat"  1831}  {:arrow  ">"  1
no_finite_o_quantification,DAT/DAT416^1.p,unknown,Theorem,parser_error,na,0,,,,,,,,,cached: Syntax Error: expected ' ' or ']' in !> binder  got [{:colon  ":"  1818}  {:atom  "nat"  1820}  {:rbracket  "]"  1823}  {:colon  ":"  1825}  {:lparen  "("  1827}  {:atom  "nat"  1829}  {:arrow  ">"  1
no_finite_o_quantification,DAT/DAT417^1.p,unknown,Theorem,parser_error,na,0,,,,,,,,,cached: Syntax Error: expected ' ' or ']' in !> binder  got [{:colon  ":"  1824}  {:atom  "nat"  1826}  {:rbracket  "]"  1829}  {:colon  ":"  1831}  {:lparen  "("  1833}  {:atom  "nat"  1835}  {:arrow  ">"  1
no_finite_o_quantification,DAT/DAT418^1.p,unknown,Theorem,parser_error,na,0,,,,,,,,,cached: Syntax Error: expected ' ' or ']' in !> binder  got [{:colon  ":"  1822}  {:atom  "nat"  1824}  {:rbracket  "]"  1827}  {:colon  ":"  1829}  {:lparen  "("  1831}  {:atom  "nat"  1833}  {:arrow  ">"  1
no_finite_o_quantification,DAT/DAT419^1.p,unknown,Theorem,parser_error,na,0,,,,,,,,,cached: Syntax Error: expected ' ' or ']' in !> binder  got [{:colon  ":"  2524}  {:atom  "nat"  2526}  {:rbracket  "]"  2529}  {:colon  ":"  2531}  {:lparen  "("  2533}  {:lparen  "("  2535}  {:atom  "tree" 
no_finite_o_quantification,DAT/DAT420^1.p,unknown,Theorem,parser_error,na,0,,,,,,,,,cached: Syntax Error: expected ' ' or ']' in !> binder  got [{:colon  ":"  2512}  {:atom  "nat"  2514}  {:rbracket  "]"  2517}  {:colon  ":"  2519}  {:lparen  "("  2521}  {:lparen  "("  2523}  {:atom  "tree" 
no_finite_o_quantification,DAT/DAT421^1.p,unknown,Theorem,parser_error,na,0,,,,,,,,,cached: Syntax Error: expected ' ' or ']' in !> binder  got [{:colon  ":"  2005}  {:atom  "nat"  2007}  {:rbracket  "]"  2010}  {:colon  ":"  2012}  {:lparen  "("  2014}  {:lparen  "("  2016}  {:atom  "tree" 
no_finite_o_quantification,DAT/DAT422^1.p,unknown,Theorem,parser_error,na,0,,,,,,,,,cached: Syntax Error: expected ' ' or ']' in !> binder  got [{:colon  ":"  2005}  {:atom  "nat"  2007}  {:rbracket  "]"  2010}  {:colon  ":"  2012}  {:lparen  "("  2014}  {:lparen  "("  2016}  {:atom  "tree" 
no_finite_o_quantification,DAT/DAT423^1.p,unknown,Theorem,parser_error,na,0,,,,,,,,,cached: Syntax Error: expected ' ' or ']' in !> binder  got [{:colon  ":"  2005}  {:atom  "nat"  2007}  {:rbracket  "]"  2010}  {:colon  ":"  2012}  {:lparen  "("  2014}  {:lparen  "("  2016}  {:atom  "tree" 
no_finite_o_quantification,DAT/DAT424^1.p,unknown,Theorem,parser_error,na,0,,,,,,,,,cached: Syntax Error: expected ' ' or ']' in !> binder  got [{:colon  ":"  2527}  {:atom  "nat"  2529}  {:rbracket  "]"  2532}  {:colon  ":"  2534}  {:lparen  "("  2536}  {:lparen  "("  2538}  {:atom  "tree" 
no_finite_o_quantification,DAT/DAT425^1.p,unknown,Theorem,parser_error,na,0,,,,,,,,,cached: Syntax Error: expected ' ' or ']' in !> binder  got [{:colon  ":"  2517}  {:atom  "nat"  2519}  {:rbracket  "]"  2522}  {:colon  ":"  2524}  {:lparen  "("  2526}  {:lparen  "("  2528}  {:atom  "tree" 
no_finite_o_quantification,DAT/DAT426^1.p,unknown,Theorem,parser_error,na,0,,,,,,,,,cached: Syntax Error: expected ' ' or ']' in !> binder  got [{:colon  ":"  2004}  {:atom  "nat"  2006}  {:rbracket  "]"  2009}  {:colon  ":"  2011}  {:lparen  "("  2013}  {:lparen  "("  2015}  {:atom  "tree" 
no_finite_o_quantification,DAT/DAT427^1.p,unknown,Theorem,parser_error,na,0,,,,,,,,,cached: Syntax Error: expected ' ' or ']' in !> binder  got [{:colon  ":"  1996}  {:atom  "nat"  1998}  {:rbracket  "]"  2001}  {:colon  ":"  2003}  {:lparen  "("  2005}  {:lparen  "("  2007}  {:atom  "tree" 
no_finite_o_quantification,DAT/DAT428^1.p,unknown,Theorem,parser_error,na,0,,,,,,,,,cached: Syntax Error: expected ' ' or ']' in !> binder  got [{:colon  ":"  1980}  {:atom  "nat"  1982}  {:rbracket  "]"  1985}  {:colon  ":"  1987}  {:lparen  "("  1989}  {:lparen  "("  1991}  {:atom  "tree" 
no_finite_o_quantification,DAT/DAT429^1.p,unknown,Theorem,parser_error,na,0,,,,,,,,,cached: Syntax Error: expected ' ' or ']' in !> binder  got [{:colon  ":"  1985}  {:atom  "nat"  1987}  {:rbracket  "]"  1990}  {:colon  ":"  1992}  {:lparen  "("  1994}  {:lparen  "("  1996}  {:atom  "tree" 
no_finite_o_quantification,GEG/GEG002^1.p,TH0,Theorem,timeout,na,2120,4999,167,4999,508,22,0,3,0,
no_finite_o_quantification,GEG/GEG003^1.p,TH0,Theorem,timeout,na,2110,3123,176,3123,279,5,0,1,0,
no_finite_o_quantification,GEG/GEG004^1.p,TH0,CounterSatisfiable,timeout,na,2161,1729,20,1729,452,0,0,1,0,
no_finite_o_quantification,GEG/GEG005^1.p,TH0,Theorem,timeout,na,2104,1094,56,1094,153,0,0,1,0,
no_finite_o_quantification,GEG/GEG006^1.p,TH0,Theorem,timeout,na,2189,1888,16,1888,535,0,0,1,0,
no_finite_o_quantification,GEG/GEG007^1.p,TH0,Theorem,timeout,na,2138,1447,17,1447,304,0,0,1,0,
no_finite_o_quantification,GEG/GEG008^1.p,TH0,Theorem,timeout,na,2159,1723,16,1723,394,16,0,1,0,
no_finite_o_quantification,GEG/GEG009^1.p,TH0,Theorem,timeout,na,2109,1126,51,1126,164,0,0,1,0,
no_finite_o_quantification,GEG/GEG010^1.p,TH0,Theorem,timeout,na,2134,923,20,923,208,0,0,1,0,
no_finite_o_quantification,GEG/GEG011^1.p,TH0,Theorem,timeout,na,2161,1721,25,1721,437,0,0,1,0,
no_finite_o_quantification,GEG/GEG012^1.p,TH0,Theorem,timeout,na,2113,1019,41,1019,159,0,0,1,0,
no_finite_o_quantification,GEG/GEG013^1.p,TH0,Theorem,timeout,na,2117,1290,56,1290,211,0,0,2,0,
no_finite_o_quantification,GEG/GEG014^1.p,TH0,Theorem,timeout,na,2087,641,9,641,89,0,0,1,0,
no_finite_o_quantification,GEG/GEG015^1.p,TH0,Theorem,timeout,na,2111,1010,30,1010,159,0,0,2,0,
no_finite_o_quantification,GEG/GEG016^1.p,TH0,Theorem,timeout,na,2115,916,26,916,145,0,0,1,0,
no_finite_o_quantification,GEG/GEG018^1.p,TH0,Theorem,timeout,na,2070,43,2,43,2,0,0,0,0,
no_finite_o_quantification,GEG/GEG019^1.p,TH0,Theorem,timeout,na,2172,1657,16,1657,464,4,0,1,0,
no_finite_o_quantification,GEG/GEG020^1.p,TH0,Theorem,timeout,na,2116,1310,51,1310,157,1,0,1,0,
no_finite_o_quantification,GEO/GEO356^1.p,TH1,Theorem,parse_timeout,na,0,,,,,,,,,cached: parse exceeded 5000ms
no_finite_o_quantification,GEO/GEO357^1.p,TH1,Theorem,parse_timeout,na,0,,,,,,,,,cached: parse exceeded 5000ms
no_finite_o_quantification,GEO/GEO358^1.p,TH1,Theorem,parse_timeout,na,0,,,,,,,,,cached: parse exceeded 5000ms
no_finite_o_quantification,GEO/GEO359^1.p,TH1,Theorem,parse_timeout,na,0,,,,,,,,,cached: parse exceeded 5000ms
no_finite_o_quantification,GEO/GEO360^1.p,TH1,Theorem,parse_timeout,na,0,,,,,,,,,cached: parse exceeded 5000ms
no_finite_o_quantification,GEO/GEO361^1.p,TH1,Theorem,parse_timeout,na,0,,,,,,,,,cached: parse exceeded 5000ms
no_finite_o_quantification,GEO/GEO362^1.p,TH1,Theorem,parse_timeout,na,0,,,,,,,,,cached: parse exceeded 5000ms
no_finite_o_quantification,GEO/GEO363^1.p,TH1,Theorem,parse_timeout,na,0,,,,,,,,,cached: parse exceeded 5000ms
no_finite_o_quantification,GEO/GEO364^1.p,TH1,Theorem,parse_timeout,na,0,,,,,,,,,cached: parse exceeded 5000ms
no_finite_o_quantification,GEO/GEO365^1.p,TH1,Theorem,parse_timeout,na,0,,,,,,,,,cached: parse exceeded 5000ms
no_finite_o_quantification,GEO/GEO366^1.p,TH1,Theorem,parse_timeout,na,0,,,,,,,,,cached: parse exceeded 5000ms
no_finite_o_quantification,GEO/GEO367^1.p,TH1,Theorem,parse_timeout,na,0,,,,,,,,,cached: parse exceeded 5000ms
no_finite_o_quantification,GEO/GEO368^1.p,TH1,Theorem,parse_timeout,na,0,,,,,,,,,cached: parse exceeded 5000ms
no_finite_o_quantification,GEO/GEO369^1.p,TH1,Theorem,parse_timeout,na,0,,,,,,,,,cached: parse exceeded 5000ms
no_finite_o_quantification,GEO/GEO370^1.p,TH1,Theorem,parse_timeout,na,0,,,,,,,,,cached: parse exceeded 5000ms
no_finite_o_quantification,GEO/GEO371^1.p,TH1,Theorem,parse_timeout,na,0,,,,,,,,,cached: parse exceeded 5000ms
no_finite_o_quantification,GEO/GEO372^1.p,TH1,Theorem,parse_timeout,na,0,,,,,,,,,cached: parse exceeded 5000ms
no_finite_o_quantification,GEO/GEO373^1.p,TH1,Theorem,parse_timeout,na,0,,,,,,,,,cached: parse exceeded 5000ms
no_finite_o_quantification,GEO/GEO374^1.p,TH1,Theorem,parse_timeout,na,0,,,,,,,,,cached: parse exceeded 5000ms
no_finite_o_quantification,GEO/GEO375^1.p,TH1,Theorem,parse_timeout,na,0,,,,,,,,,cached: parse exceeded 5000ms
no_finite_o_quantification,GEO/GEO376^1.p,TH1,Theorem,parse_timeout,na,0,,,,,,,,,cached: parse exceeded 5000ms
no_finite_o_quantification,GEO/GEO377^1.p,TH1,Theorem,parse_timeout,na,0,,,,,,,,,cached: parse exceeded 5000ms
no_finite_o_quantification,GEO/GEO378^1.p,TH1,Theorem,parse_timeout,na,0,,,,,,,,,cached: parse exceeded 5000ms
no_finite_o_quantification,GEO/GEO379^1.p,TH1,Theorem,parse_timeout,na,0,,,,,,,,,cached: parse exceeded 5000ms
no_finite_o_quantification,GEO/GEO380^1.p,TH1,Theorem,parse_timeout,na,0,,,,,,,,,cached: parse exceeded 5000ms
no_finite_o_quantification,GEO/GEO381^1.p,TH1,Theorem,parse_timeout,na,0,,,,,,,,,cached: parse exceeded 5000ms
no_finite_o_quantification,GEO/GEO382^1.p,TH1,Theorem,parse_timeout,na,0,,,,,,,,,cached: parse exceeded 5000ms
no_finite_o_quantification,GEO/GEO383^1.p,TH1,Theorem,parse_timeout,na,0,,,,,,,,,cached: parse exceeded 5000ms
no_finite_o_quantification,GEO/GEO384^1.p,TH1,Theorem,parse_timeout,na,0,,,,,,,,,cached: parse exceeded 5000ms
no_finite_o_quantification,GEO/GEO385^1.p,TH1,Theorem,parse_timeout,na,0,,,,,,,,,cached: parse exceeded 5000ms
no_finite_o_quantification,GEO/GEO386^1.p,TH1,Theorem,parse_timeout,na,0,,,,,,,,,cached: parse exceeded 5000ms
no_finite_o_quantification,GEO/GEO387^1.p,TH1,Theorem,parse_timeout,na,0,,,,,,,,,cached: parse exceeded 5000ms
no_finite_o_quantification,GEO/GEO388^1.p,TH1,Theorem,parse_timeout,na,0,,,,,,,,,cached: parse exceeded 5000ms
no_finite_o_quantification,GEO/GEO389^1.p,TH1,Theorem,parse_timeout,na,0,,,,,,,,,cached: parse exceeded 5000ms
no_finite_o_quantification,GEO/GEO390^1.p,TH1,Theorem,parse_timeout,na,0,,,,,,,,,cached: parse exceeded 5000ms
no_finite_o_quantification,GEO/GEO391^1.p,TH1,Theorem,parse_timeout,na,0,,,,,,,,,cached: parse exceeded 5000ms
no_finite_o_quantification,GEO/GEO392^1.p,TH1,Theorem,parse_timeout,na,0,,,,,,,,,cached: parse exceeded 5000ms
no_finite_o_quantification,GEO/GEO393^1.p,TH1,Theorem,parse_timeout,na,0,,,,,,,,,cached: parse exceeded 5000ms
no_finite_o_quantification,GEO/GEO394^1.p,TH1,Theorem,parse_timeout,na,0,,,,,,,,,cached: parse exceeded 5000ms
no_finite_o_quantification,GEO/GEO395^1.p,TH1,Theorem,parse_timeout,na,0,,,,,,,,,cached: parse exceeded 5000ms
no_finite_o_quantification,GEO/GEO396^1.p,TH1,Theorem,parse_timeout,na,0,,,,,,,,,cached: parse exceeded 5000ms
no_finite_o_quantification,GEO/GEO397^1.p,TH1,Theorem,parse_timeout,na,0,,,,,,,,,cached: parse exceeded 5000ms
no_finite_o_quantification,GEO/GEO398^1.p,TH1,Theorem,parse_timeout,na,0,,,,,,,,,cached: parse exceeded 5000ms
no_finite_o_quantification,GEO/GEO399^1.p,TH1,Theorem,parse_timeout,na,0,,,,,,,,,cached: parse exceeded 5000ms
no_finite_o_quantification,GEO/GEO400^1.p,TH1,Theorem,parse_timeout,na,0,,,,,,,,,cached: parse exceeded 5000ms
no_finite_o_quantification,GEO/GEO401^1.p,TH1,Theorem,parse_timeout,na,0,,,,,,,,,cached: parse exceeded 5000ms
no_finite_o_quantification,GEO/GEO402^1.p,TH1,Theorem,parse_timeout,na,0,,,,,,,,,cached: parse exceeded 5000ms
no_finite_o_quantification,GEO/GEO403^1.p,TH1,Theorem,parse_timeout,na,0,,,,,,,,,cached: parse exceeded 5000ms
no_finite_o_quantification,GEO/GEO404^1.p,TH1,Theorem,parse_timeout,na,0,,,,,,,,,cached: parse exceeded 5000ms
no_finite_o_quantification,GEO/GEO405^1.p,TH1,Theorem,parse_timeout,na,0,,,,,,,,,cached: parse exceeded 5000ms
no_finite_o_quantification,GEO/GEO406^1.p,TH1,Theorem,parse_timeout,na,0,,,,,,,,,cached: parse exceeded 5000ms
no_finite_o_quantification,GEO/GEO407^1.p,TH1,Theorem,parse_timeout,na,0,,,,,,,,,cached: parse exceeded 5000ms
no_finite_o_quantification,GEO/GEO408^1.p,TH1,Theorem,parse_timeout,na,0,,,,,,,,,cached: parse exceeded 5000ms
no_finite_o_quantification,GEO/GEO409^1.p,TH1,Theorem,parse_timeout,na,0,,,,,,,,,cached: parse exceeded 5000ms
no_finite_o_quantification,GEO/GEO410^1.p,TH1,Theorem,parse_timeout,na,0,,,,,,,,,cached: parse exceeded 5000ms
no_finite_o_quantification,GEO/GEO411^1.p,TH1,Theorem,parse_timeout,na,0,,,,,,,,,cached: parse exceeded 5000ms
no_finite_o_quantification,GEO/GEO412^1.p,TH1,Theorem,parse_timeout,na,0,,,,,,,,,cached: parse exceeded 5000ms
no_finite_o_quantification,GEO/GEO413^1.p,TH1,Theorem,parse_timeout,na,0,,,,,,,,,cached: parse exceeded 5000ms
no_finite_o_quantification,GEO/GEO414^1.p,TH1,Theorem,parse_timeout,na,0,,,,,,,,,cached: parse exceeded 5000ms
no_finite_o_quantification,GEO/GEO415^1.p,TH1,Theorem,parse_timeout,na,0,,,,,,,,,cached: parse exceeded 5000ms
no_finite_o_quantification,GEO/GEO416^1.p,TH1,Theorem,parse_timeout,na,0,,,,,,,,,cached: parse exceeded 5000ms
no_finite_o_quantification,GEO/GEO417^1.p,TH1,Theorem,parse_timeout,na,0,,,,,,,,,cached: parse exceeded 5000ms
no_finite_o_quantification,GEO/GEO418^1.p,TH1,Theorem,parse_timeout,na,0,,,,,,,,,cached: parse exceeded 5000ms
no_finite_o_quantification,GEO/GEO419^1.p,TH1,Theorem,parse_timeout,na,0,,,,,,,,,cached: parse exceeded 5000ms
no_finite_o_quantification,GEO/GEO420^1.p,TH1,Theorem,parse_timeout,na,0,,,,,,,,,cached: parse exceeded 5000ms
no_finite_o_quantification,GEO/GEO421^1.p,TH1,Theorem,parse_timeout,na,0,,,,,,,,,cached: parse exceeded 5000ms
no_finite_o_quantification,GEO/GEO422^1.p,TH1,Theorem,parse_timeout,na,0,,,,,,,,,cached: parse exceeded 5000ms
no_finite_o_quantification,GEO/GEO423^1.p,TH1,Theorem,parse_timeout,na,0,,,,,,,,,cached: parse exceeded 5000ms
no_finite_o_quantification,GEO/GEO424^1.p,TH1,Theorem,parse_timeout,na,0,,,,,,,,,cached: parse exceeded 5000ms
no_finite_o_quantification,GEO/GEO425^1.p,TH1,Theorem,parse_timeout,na,0,,,,,,,,,cached: parse exceeded 5000ms
no_finite_o_quantification,GEO/GEO426^1.p,TH1,Theorem,parse_timeout,na,0,,,,,,,,,cached: parse exceeded 5000ms
no_finite_o_quantification,GEO/GEO427^1.p,TH1,Theorem,parse_timeout,na,0,,,,,,,,,cached: parse exceeded 5000ms
no_finite_o_quantification,GEO/GEO428^1.p,TH1,Theorem,parse_timeout,na,0,,,,,,,,,cached: parse exceeded 5000ms
no_finite_o_quantification,GEO/GEO429^1.p,TH1,Theorem,parse_timeout,na,0,,,,,,,,,cached: parse exceeded 5000ms
no_finite_o_quantification,GEO/GEO430^1.p,TH1,Theorem,parse_timeout,na,0,,,,,,,,,cached: parse exceeded 5000ms
no_finite_o_quantification,GEO/GEO431^1.p,TH1,Theorem,parse_timeout,na,0,,,,,,,,,cached: parse exceeded 5000ms
no_finite_o_quantification,GEO/GEO432^1.p,TH1,Theorem,parse_timeout,na,0,,,,,,,,,cached: parse exceeded 5000ms
no_finite_o_quantification,GEO/GEO433^1.p,TH1,Theorem,parse_timeout,na,0,,,,,,,,,cached: parse exceeded 5000ms
no_finite_o_quantification,GEO/GEO434^1.p,TH1,Theorem,parse_timeout,na,0,,,,,,,,,cached: parse exceeded 5000ms
no_finite_o_quantification,GEO/GEO435^1.p,TH1,Theorem,parse_timeout,na,0,,,,,,,,,cached: parse exceeded 5000ms
no_finite_o_quantification,GEO/GEO436^1.p,TH1,Theorem,parse_timeout,na,0,,,,,,,,,cached: parse exceeded 5000ms
no_finite_o_quantification,GEO/GEO437^1.p,TH1,Theorem,parse_timeout,na,0,,,,,,,,,cached: parse exceeded 5000ms
no_finite_o_quantification,GEO/GEO438^1.p,TH1,Theorem,parse_timeout,na,0,,,,,,,,,cached: parse exceeded 5000ms
no_finite_o_quantification,GEO/GEO439^1.p,TH1,Theorem,parse_timeout,na,0,,,,,,,,,cached: parse exceeded 5000ms
no_finite_o_quantification,GRA/GRA027^1.p,TH0,Theorem,timeout,na,2023,45,3,45,4,0,0,1,0,
no_finite_o_quantification,GRA/GRA028^1.p,TH0,Theorem,timeout,na,2059,622,38,622,66,1,0,0,0,
no_finite_o_quantification,GRA/GRA029^1.p,TH0,Theorem,timeout,na,2062,49,3,49,4,0,0,1,0,
no_finite_o_quantification,GRA/GRA029^2.p,TH0,Theorem,timeout,na,2058,44,2,44,4,0,0,0,0,
no_finite_o_quantification,GRA/GRA030^1.p,TH0,Theorem,timeout,na,2049,33,0,33,4,0,0,0,0,
no_finite_o_quantification,GRA/GRA031^1.p,TH0,CounterSatisfiable,timeout,na,2079,18,1,18,1,0,0,0,0,
no_finite_o_quantification,GRA/GRA031^2.p,TH0,Theorem,timeout,na,2072,18,1,18,1,0,0,0,0,
no_finite_o_quantification,GRA/GRA032^1.p,TH0,Theorem,timeout,na,2095,7,0,7,2,0,0,0,0,
no_finite_o_quantification,GRA/GRA032^2.p,TH0,Theorem,timeout,na,2099,7,0,7,2,0,0,0,0,
no_finite_o_quantification,GRA/GRA033^1.p,TH0,CounterSatisfiable,timeout,na,2282,3,0,3,1,0,0,0,0,
no_finite_o_quantification,GRA/GRA033^2.p,TH0,CounterSatisfiable,timeout,na,2273,3,0,3,1,0,0,0,0,
no_finite_o_quantification,GRA/GRA034^1.p,TH0,Theorem,timeout,na,2288,1,0,1,1,0,0,0,0,
no_finite_o_quantification,GRA/GRA034^2.p,TH0,Theorem,timeout,na,2278,2,0,2,2,0,0,0,0,
no_finite_o_quantification,GRA/GRA035^1.p,TH0,CounterSatisfiable,timeout,na,2403,1,0,1,1,0,0,0,0,
no_finite_o_quantification,GRA/GRA035^2.p,TH0,CounterSatisfiable,timeout,na,2394,1,0,1,1,0,0,0,0,
no_finite_o_quantification,GRA/GRA036^1.p,TH0,Theorem,timeout,na,2367,1,0,1,1,0,0,0,0,
no_finite_o_quantification,GRA/GRA036^2.p,TH0,Theorem,timeout,na,2345,1,0,1,1,0,0,0,0,
no_finite_o_quantification,GRA/GRA037^1.p,TH0,CounterSatisfiable,timeout,na,2516,1,0,1,1,0,0,0,0,
no_finite_o_quantification,GRA/GRA037^2.p,TH0,CounterSatisfiable,timeout,na,2499,1,0,1,1,0,0,0,0,
no_finite_o_quantification,GRA/GRA038^1.p,TH0,CounterSatisfiable,timeout,na,2523,1,0,1,1,0,0,0,0,
no_finite_o_quantification,GRA/GRA038^2.p,TH0,CounterSatisfiable,timeout,na,2511,1,0,1,1,0,0,0,0,
no_finite_o_quantification,GRA/GRA039^1.p,TH0,Theorem,timeout,na,2394,1,0,1,1,0,0,0,0,
no_finite_o_quantification,GRA/GRA039^2.p,TH0,Theorem,timeout,na,2392,1,0,1,1,0,0,0,0,
no_finite_o_quantification,GRA/GRA040^1.p,TH0,CounterSatisfiable,timeout,na,2602,0,0,0,1,0,0,0,0,
no_finite_o_quantification,GRA/GRA040^2.p,TH0,CounterSatisfiable,timeout,na,2593,0,0,0,1,0,0,0,0,
no_finite_o_quantification,GRA/GRA041^1.p,TH0,Theorem,timeout,na,2474,1,0,1,1,0,0,0,0,
no_finite_o_quantification,GRA/GRA041^2.p,TH0,Theorem,timeout,na,2469,1,0,1,1,0,0,0,0,
no_finite_o_quantification,GRA/GRA042^1.p,TH0,CounterSatisfiable,timeout,na,2715,0,0,0,1,0,0,0,0,
no_finite_o_quantification,GRA/GRA042^2.p,TH0,CounterSatisfiable,timeout,na,2698,0,0,0,1,0,0,0,0,
no_finite_o_quantification,GRA/GRA043^1.p,TH0,Theorem,timeout,na,2579,1,0,1,1,0,0,0,0,
no_finite_o_quantification,GRA/GRA043^2.p,TH0,Theorem,timeout,na,2567,1,0,1,1,0,0,0,0,
no_finite_o_quantification,GRA/GRA044^1.p,TH0,Theorem,timeout,na,2505,1,0,1,1,0,0,0,0,
no_finite_o_quantification,GRA/GRA044^2.p,TH0,Theorem,timeout,na,2504,1,0,1,1,0,0,0,0,
no_finite_o_quantification,GRA/GRA045^1.p,TH0,CounterSatisfiable,timeout,na,2800,0,0,0,1,0,0,0,0,
no_finite_o_quantification,GRA/GRA045^2.p,TH0,CounterSatisfiable,timeout,na,2839,0,0,0,1,0,0,0,0,
no_finite_o_quantification,GRA/GRA046^1.p,TH0,Theorem,timeout,na,2563,1,0,1,1,0,0,0,0,
no_finite_o_quantification,GRA/GRA046^2.p,TH0,Theorem,timeout,na,2539,1,0,1,1,0,0,0,0,
no_finite_o_quantification,GRA/GRA047^1.p,TH0,CounterSatisfiable,timeout,na,2881,0,0,0,1,0,0,0,0,
no_finite_o_quantification,GRA/GRA047^2.p,TH0,CounterSatisfiable,timeout,na,2880,0,0,0,1,0,0,0,0,
no_finite_o_quantification,GRA/GRA048^1.p,TH0,Theorem,timeout,na,2647,1,0,1,1,0,0,0,0,
no_finite_o_quantification,GRA/GRA048^2.p,TH0,Theorem,timeout,na,2636,1,0,1,1,0,0,0,0,
no_finite_o_quantification,GRA/GRA049^1.p,TH0,CounterSatisfiable,timeout,na,2984,0,0,0,1,0,0,0,0,
no_finite_o_quantification,GRA/GRA049^2.p,TH0,CounterSatisfiable,timeout,na,2990,0,0,0,1,0,0,0,0,
no_finite_o_quantification,GRA/GRA050^1.p,TH0,Theorem,timeout,na,2752,0,0,0,1,0,0,0,0,
no_finite_o_quantification,GRA/GRA050^2.p,TH0,Theorem,timeout,na,2742,0,0,0,1,0,0,0,0,
no_finite_o_quantification,GRA/GRA051^1.p,TH0,CounterSatisfiable,timeout,na,3252,0,0,0,1,0,0,0,0,
no_finite_o_quantification,GRA/GRA051^2.p,TH0,CounterSatisfiable,timeout,na,3237,0,0,0,1,0,0,0,0,
no_finite_o_quantification,GRA/GRA052^1.p,TH0,Theorem,timeout,na,2787,0,0,0,1,0,0,0,0,
no_finite_o_quantification,GRA/GRA052^2.p,TH0,Theorem,timeout,na,2774,0,0,0,1,0,0,0,0,
no_finite_o_quantification,GRA/GRA053^1.p,TH0,CounterSatisfiable,timeout,na,3296,0,0,0,1,0,0,0,0,
no_finite_o_quantification,GRA/GRA053^2.p,TH0,CounterSatisfiable,timeout,na,3300,0,0,0,1,0,0,0,0,
no_finite_o_quantification,GRA/GRA054^1.p,TH0,Theorem,timeout,na,2865,0,0,0,1,0,0,0,0,
no_finite_o_quantification,GRA/GRA054^2.p,TH0,Theorem,timeout,na,2867,0,0,0,1,0,0,0,0,
no_finite_o_quantification,GRA/GRA055^1.p,TH0,Theorem,timeout,na,3073,0,0,0,1,0,0,0,0,
no_finite_o_quantification,GRA/GRA055^2.p,TH0,Theorem,timeout,na,3072,0,0,0,1,0,0,0,0,
no_finite_o_quantification,GRA/GRA056^1.p,TH0,CounterSatisfiable,timeout,na,3803,0,0,0,1,0,0,0,0,
no_finite_o_quantification,GRA/GRA056^2.p,TH0,CounterSatisfiable,timeout,na,3835,0,0,0,1,0,0,0,0,
no_finite_o_quantification,GRA/GRA057^1.p,TH0,Open,timeout,na,3127,0,0,0,1,0,0,0,0,
no_finite_o_quantification,GRA/GRA057^2.p,TH0,Open,timeout,na,3111,0,0,0,1,0,0,0,0,
no_finite_o_quantification,GRA/GRA058^1.p,TH0,CounterSatisfiable,timeout,na,3876,0,0,0,1,0,0,0,0,
no_finite_o_quantification,GRA/GRA058^2.p,TH0,CounterSatisfiable,timeout,na,3885,0,0,0,1,0,0,0,0,
no_finite_o_quantification,GRA/GRA059^1.p,TH0,CounterSatisfiable,timeout,na,4581,0,0,0,1,0,0,0,0,
no_finite_o_quantification,GRA/GRA059^2.p,TH0,CounterSatisfiable,timeout,na,4570,0,0,0,1,0,0,0,0,
no_finite_o_quantification,GRA/GRA060^1.p,TH0,Open,timeout,na,3497,0,0,0,1,0,0,0,0,
no_finite_o_quantification,GRA/GRA060^2.p,TH0,Open,timeout,na,3544,0,0,0,1,0,0,0,0,
no_finite_o_quantification,GRA/GRA061^1.p,TH0,CounterSatisfiable,timeout,na,4633,0,0,0,1,0,0,0,0,
no_finite_o_quantification,GRA/GRA061^2.p,TH0,CounterSatisfiable,timeout,na,4629,0,0,0,1,0,0,0,0,
no_finite_o_quantification,GRA/GRA062^1.p,TH0,Theorem,timeout,na,3548,0,0,0,1,0,0,0,0,
no_finite_o_quantification,GRA/GRA062^2.p,TH0,Theorem,timeout,na,3556,0,0,0,1,0,0,0,0,
no_finite_o_quantification,GRA/GRA063^1.p,TH0,Open,timeout,na,4055,0,0,0,1,0,0,0,0,
no_finite_o_quantification,GRA/GRA063^2.p,TH0,Theorem,timeout,na,4059,0,0,0,1,0,0,0,0,
no_finite_o_quantification,GRA/GRA064^1.p,TH0,CounterSatisfiable,timeout,na,5611,0,0,0,1,0,0,0,0,
no_finite_o_quantification,GRA/GRA064^2.p,TH0,CounterSatisfiable,timeout,na,5620,0,0,0,1,0,0,0,0,
no_finite_o_quantification,GRA/GRA065^1.p,TH0,Open,timeout,na,4083,0,0,0,1,0,0,0,0,
no_finite_o_quantification,GRA/GRA065^2.p,TH0,Theorem,timeout,na,4091,0,0,0,1,0,0,0,0,
no_finite_o_quantification,GRA/GRA066^1.p,TH0,CounterSatisfiable,timeout,na,5673,0,0,0,1,0,0,0,0,
no_finite_o_quantification,GRA/GRA066^2.p,TH0,CounterSatisfiable,timeout,na,5665,0,0,0,1,0,0,0,0,
no_finite_o_quantification,GRA/GRA067^1.p,TH0,Open,timeout,na,4806,0,0,0,1,0,0,0,0,
no_finite_o_quantification,GRA/GRA067^2.p,TH0,Theorem,timeout,na,4801,0,0,0,1,0,0,0,0,
no_finite_o_quantification,GRA/GRA068^1.p,TH0,CounterSatisfiable,parse_timeout,na,0,,,,,,,,,cached: parse exceeded 5000ms
no_finite_o_quantification,GRA/GRA068^2.p,TH0,CounterSatisfiable,parse_timeout,na,0,,,,,,,,,cached: parse exceeded 5000ms
no_finite_o_quantification,GRA/GRA069^1.p,TH0,Open,timeout,na,4820,0,0,0,1,0,0,0,0,
no_finite_o_quantification,GRA/GRA069^2.p,TH0,Theorem,timeout,na,4824,0,0,0,1,0,0,0,0,
no_finite_o_quantification,GRA/GRA070^1.p,TH0,CounterSatisfiable,parse_timeout,na,0,,,,,,,,,cached: parse exceeded 5000ms
no_finite_o_quantification,GRA/GRA070^2.p,TH0,CounterSatisfiable,parse_timeout,na,0,,,,,,,,,cached: parse exceeded 5000ms
no_finite_o_quantification,GRA/GRA071^1.p,TH0,CounterSatisfiable,parse_timeout,na,0,,,,,,,,,cached: parse exceeded 5000ms
no_finite_o_quantification,GRA/GRA071^2.p,TH0,CounterSatisfiable,parse_timeout,na,0,,,,,,,,,cached: parse exceeded 5000ms
no_finite_o_quantification,GRA/GRA072^1.p,TH0,Open,timeout,na,5747,0,0,0,1,0,0,0,0,
no_finite_o_quantification,GRA/GRA072^2.p,TH0,Theorem,timeout,na,5721,0,0,0,1,0,0,0,0,
no_finite_o_quantification,GRA/GRA073^1.p,TH0,CounterSatisfiable,parse_timeout,na,0,,,,,,,,,cached: parse exceeded 5000ms
no_finite_o_quantification,GRA/GRA073^2.p,TH0,CounterSatisfiable,parse_timeout,na,0,,,,,,,,,cached: parse exceeded 5000ms
no_finite_o_quantification,GRA/GRA074^1.p,TH0,Theorem,timeout,na,5753,0,0,0,1,0,0,0,0,
no_finite_o_quantification,GRA/GRA074^2.p,TH0,Theorem,timeout,na,5796,0,0,0,1,0,0,0,0,
no_finite_o_quantification,GRA/GRA081^1.p,TH0,Unsatisfiable,no_conjecture,na,7,,,,,,,,,
no_finite_o_quantification,GRA/GRA082^1.p,TH0,Unsatisfiable,no_conjecture,na,9,,,,,,,,,
no_finite_o_quantification,GRA/GRA083^1.p,TH0,Unsatisfiable,no_conjecture,na,10,,,,,,,,,
no_finite_o_quantification,GRA/GRA084^1.p,TH0,Unsatisfiable,no_conjecture,na,13,,,,,,,,,
no_finite_o_quantification,GRA/GRA085^1.p,TH0,Unsatisfiable,no_conjecture,na,13,,,,,,,,,
no_finite_o_quantification,GRA/GRA086^1.p,TH0,Unsatisfiable,no_conjecture,na,10,,,,,,,,,
no_finite_o_quantification,GRA/GRA087^1.p,TH0,Unsatisfiable,no_conjecture,na,8,,,,,,,,,
no_finite_o_quantification,GRA/GRA088^1.p,TH0,Unsatisfiable,no_conjecture,na,8,,,,,,,,,
no_finite_o_quantification,GRA/GRA089^1.p,TH0,Unsatisfiable,no_conjecture,na,9,,,,,,,,,
no_finite_o_quantification,GRA/GRA090^1.p,TH0,Unsatisfiable,no_conjecture,na,9,,,,,,,,,
no_finite_o_quantification,GRA/GRA091^1.p,TH0,Unsatisfiable,no_conjecture,na,9,,,,,,,,,
no_finite_o_quantification,GRA/GRA092^1.p,TH0,Unsatisfiable,no_conjecture,na,9,,,,,,,,,
no_finite_o_quantification,GRA/GRA093^1.p,TH0,Unsatisfiable,no_conjecture,na,9,,,,,,,,,
no_finite_o_quantification,GRA/GRA094^1.p,TH0,Unsatisfiable,no_conjecture,na,12,,,,,,,,,
no_finite_o_quantification,GRA/GRA095^1.p,TH0,Unsatisfiable,no_conjecture,na,12,,,,,,,,,
no_finite_o_quantification,GRA/GRA096^1.p,TH0,Unsatisfiable,no_conjecture,na,10,,,,,,,,,
no_finite_o_quantification,GRA/GRA097^1.p,TH0,Unsatisfiable,no_conjecture,na,9,,,,,,,,,
no_finite_o_quantification,GRA/GRA098^1.p,TH0,Unsatisfiable,no_conjecture,na,10,,,,,,,,,
no_finite_o_quantification,GRA/GRA099^1.p,TH0,Unsatisfiable,no_conjecture,na,9,,,,,,,,,
no_finite_o_quantification,GRA/GRA100^1.p,TH0,Unsatisfiable,no_conjecture,na,10,,,,,,,,,
no_finite_o_quantification,GRA/GRA101^1.p,TH0,Unsatisfiable,no_conjecture,na,11,,,,,,,,,
no_finite_o_quantification,GRA/GRA102^1.p,TH0,Unsatisfiable,no_conjecture,na,10,,,,,,,,,
no_finite_o_quantification,GRA/GRA103^1.p,TH0,Unsatisfiable,no_conjecture,na,12,,,,,,,,,
no_finite_o_quantification,GRA/GRA104^1.p,TH0,Unsatisfiable,no_conjecture,na,11,,,,,,,,,
no_finite_o_quantification,GRA/GRA105^1.p,TH0,Unsatisfiable,no_conjecture,na,8,,,,,,,,,
no_finite_o_quantification,GRA/GRA106^1.p,TH0,Unsatisfiable,no_conjecture,na,9,,,,,,,,,
no_finite_o_quantification,GRA/GRA107^1.p,TH0,Unsatisfiable,no_conjecture,na,9,,,,,,,,,
no_finite_o_quantification,GRA/GRA108^1.p,TH0,Unsatisfiable,no_conjecture,na,9,,,,,,,,,
no_finite_o_quantification,GRA/GRA109^1.p,TH0,Unsatisfiable,no_conjecture,na,10,,,,,,,,,
no_finite_o_quantification,GRA/GRA110^1.p,TH0,Unsatisfiable,no_conjecture,na,10,,,,,,,,,
no_finite_o_quantification,GRA/GRA111^1.p,TH0,Unsatisfiable,no_conjecture,na,9,,,,,,,,,
no_finite_o_quantification,GRA/GRA112^1.p,TH0,Unsatisfiable,no_conjecture,na,9,,,,,,,,,
no_finite_o_quantification,GRA/GRA113^1.p,TH0,Unsatisfiable,no_conjecture,na,9,,,,,,,,,
no_finite_o_quantification,GRA/GRA114^1.p,TH0,Unsatisfiable,no_conjecture,na,10,,,,,,,,,
no_finite_o_quantification,GRA/GRA115^1.p,TH0,Unsatisfiable,no_conjecture,na,11,,,,,,,,,
no_finite_o_quantification,GRA/GRA116^1.p,TH0,Unsatisfiable,no_conjecture,na,11,,,,,,,,,
no_finite_o_quantification,GRP/GRP001^5.p,TH0,Theorem,timeout,na,2061,1994,49,1994,253,18,0,1,0,
no_finite_o_quantification,GRP/GRP782^1.p,TH0,Unknown,timeout,na,2656,0,0,0,1,0,0,0,0,
no_finite_o_quantification,GRP/GRP783^1.p,TH0,Unknown,timeout,na,2675,0,0,0,1,0,0,0,0,
no_finite_o_quantification,GRP/GRP784^1.p,TH0,Unknown,timeout,na,2621,0,0,0,1,0,0,0,0,
no_finite_o_quantification,GRP/GRP785^1.p,TH0,Unknown,timeout,na,2645,0,0,0,1,0,0,0,0,
no_finite_o_quantification,GRP/GRP786^1.p,TH0,Unknown,timeout,na,2673,0,0,0,1,0,0,0,0,
no_finite_o_quantification,GRP/GRP787^1.p,TH0,Unknown,timeout,na,2672,0,0,0,1,0,0,0,0,
no_finite_o_quantification,GRP/GRP788^1.p,TH0,Unknown,timeout,na,2621,0,0,0,1,0,0,0,0,
no_finite_o_quantification,GRP/GRP789^1.p,TH0,Unknown,timeout,na,2625,0,0,0,1,0,0,0,0,
no_finite_o_quantification,GRP/GRP790^1.p,TH0,Unknown,timeout,na,2646,0,0,0,1,0,0,0,0,
no_finite_o_quantification,GRP/GRP791^1.p,TH0,Unknown,timeout,na,2672,0,0,0,1,0,0,0,0,
no_finite_o_quantification,GRP/GRP792^1.p,TH0,Theorem,timeout,na,2681,0,0,0,1,0,0,0,0,
no_finite_o_quantification,GRP/GRP793^1.p,TH0,Unknown,timeout,na,2656,0,0,0,1,0,0,0,0,
no_finite_o_quantification,GRP/GRP794^1.p,TH0,Theorem,timeout,na,2608,0,0,0,1,0,0,0,0,
no_finite_o_quantification,GRP/GRP795^1.p,TH0,Unknown,timeout,na,2612,0,0,0,1,0,0,0,0,
no_finite_o_quantification,GRP/GRP796^1.p,TH0,Unknown,timeout,na,2615,0,0,0,1,0,0,0,0,
no_finite_o_quantification,GRP/GRP797^1.p,TH0,Unknown,timeout,na,2613,0,0,0,1,0,0,0,0,
no_finite_o_quantification,GRP/GRP798^1.p,TH0,Unknown,timeout,na,2642,0,0,0,1,0,0,0,0,
no_finite_o_quantification,GRP/GRP799^1.p,TH0,Unknown,timeout,na,2645,0,0,0,1,0,0,0,0,
no_finite_o_quantification,GRP/GRP800^1.p,TH0,Unknown,timeout,na,2658,0,0,0,1,0,0,0,0,
no_finite_o_quantification,GRP/GRP801^1.p,TH0,Unknown,timeout,na,2665,0,0,0,1,0,0,0,0,
no_finite_o_quantification,GRP/GRP802^1.p,TH0,Theorem,timeout,na,2675,0,0,0,1,0,0,0,0,
no_finite_o_quantification,GRP/GRP803^1.p,TH0,Unknown,timeout,na,2655,0,0,0,1,0,0,0,0,
no_finite_o_quantification,GRP/GRP804^1.p,TH0,Theorem,timeout,na,2612,0,0,0,1,0,0,0,0,
no_finite_o_quantification,GRP/GRP805^1.p,TH0,Unknown,timeout,na,2614,0,0,0,1,0,0,0,0,
no_finite_o_quantification,GRP/GRP806^1.p,TH0,Unknown,timeout,na,2681,0,0,0,1,0,0,0,0,
no_finite_o_quantification,GRP/GRP807^1.p,TH0,Unknown,timeout,na,2655,0,0,0,1,0,0,0,0,
no_finite_o_quantification,GRP/GRP808^1.p,TH0,Theorem,timeout,na,2646,0,0,0,1,0,0,0,0,
no_finite_o_quantification,GRP/GRP809^1.p,TH0,Unknown,timeout,na,2647,0,0,0,1,0,0,0,0,
no_finite_o_quantification,GRP/GRP810^1.p,TH0,Unknown,timeout,na,2615,0,0,0,1,0,0,0,0,
no_finite_o_quantification,GRP/GRP811^1.p,TH0,Unknown,timeout,na,2651,0,0,0,1,0,0,0,0,
no_finite_o_quantification,GRP/GRP812^1.p,TH0,Unknown,timeout,na,2648,0,0,0,1,0,0,0,0,
no_finite_o_quantification,GRP/GRP813^1.p,TH0,Unknown,timeout,na,2677,0,0,0,1,0,0,0,0,
no_finite_o_quantification,GRP/GRP814^1.p,TH0,Unknown,timeout,na,2645,0,0,0,1,0,0,0,0,
no_finite_o_quantification,GRP/GRP815^1.p,TH0,Unknown,timeout,na,2676,0,0,0,1,0,0,0,0,
no_finite_o_quantification,GRP/GRP816^1.p,TH0,Unknown,timeout,na,2669,0,0,0,1,0,0,0,0,
no_finite_o_quantification,GRP/GRP817^1.p,TH0,Unknown,timeout,na,2672,0,0,0,1,0,0,0,0,
no_finite_o_quantification,GRP/GRP818^1.p,TH0,Unknown,timeout,na,2695,0,0,0,1,0,0,0,0,
no_finite_o_quantification,GRP/GRP819^1.p,TH0,Unknown,timeout,na,2651,0,0,0,1,0,0,0,0,
no_finite_o_quantification,GRP/GRP820^1.p,TH0,Unknown,timeout,na,2633,0,0,0,1,0,0,0,0,
no_finite_o_quantification,GRP/GRP821^1.p,TH0,Unknown,timeout,na,2651,0,0,0,1,0,0,0,0,
no_finite_o_quantification,ITP/ITP001^1.p,TH0,Theorem,thm,yes,58,7,0,7,2,2,0,0,0,
no_finite_o_quantification,ITP/ITP001^2.p,TH0,Theorem,thm,yes,18,1,0,1,1,1,0,0,0,
no_finite_o_quantification,ITP/ITP001^3.p,TH1,Theorem,thm,yes,9,6,0,6,2,2,0,0,0,
no_finite_o_quantification,ITP/ITP001^4.p,TH0,Theorem,thm,yes,308,31,0,31,4,4,0,0,0,
no_finite_o_quantification,ITP/ITP001^5.p,TH0,Theorem,thm,yes,118,1,0,1,1,1,0,0,0,
no_finite_o_quantification,ITP/ITP001^7.p,TH1,Theorem,thm,yes,334,25,0,25,4,4,0,0,0,
no_finite_o_quantification,ITP/ITP002^1.p,TH0,Theorem,timeout,na,2315,2400,83,2400,314,132,0,8,0,
no_finite_o_quantification,ITP/ITP002^2.p,TH0,Theorem,timeout,na,2604,3559,21,3559,2551,0,0,1,0,
no_finite_o_quantification,ITP/ITP002^3.p,TH1,Theorem,timeout,na,2102,3122,155,3122,236,66,0,1,0,
no_finite_o_quantification,ITP/ITP002^4.p,TH0,Theorem,parse_timeout,na,0,,,,,,,,,cached: parse exceeded 5000ms
no_finite_o_quantification,ITP/ITP002^5.p,TH0,Theorem,timeout,na,4568,222,18,222,4,0,0,1,0,
no_finite_o_quantification,ITP/ITP002^7.p,TH1,Theorem,timeout,na,3320,203,9,203,22,8,0,0,0,
no_finite_o_quantification,ITP/ITP003^1.p,TH0,Theorem,timeout,na,2371,2238,120,2238,193,76,0,4,0,
no_finite_o_quantification,ITP/ITP003^2.p,TH0,Theorem,timeout,na,2964,2636,22,2636,2405,0,0,4,0,
no_finite_o_quantification,ITP/ITP003^3.p,TH1,Theorem,timeout,na,2138,2763,196,2763,156,14,0,0,0,
no_finite_o_quantification,ITP/ITP003^4.p,TH0,Theorem,parse_timeout,na,0,,,,,,,,,cached: parse exceeded 5000ms
no_finite_o_quantification,ITP/ITP003^5.p,TH0,Theorem,parse_timeout,na,0,,,,,,,,,cached: parse exceeded 5000ms
no_finite_o_quantification,ITP/ITP003^7.p,TH1,Theorem,timeout,na,4470,55,1,55,13,0,0,0,0,
no_finite_o_quantification,ITP/ITP004^1.p,TH0,Theorem,timeout,na,2188,1237,61,1237,232,10,0,3,0,
no_finite_o_quantification,ITP/ITP004^2.p,TH0,Theorem,timeout,na,2642,3406,9,3406,3180,0,0,3,0,
no_finite_o_quantification,ITP/ITP004^3.p,TH1,Theorem,timeout,na,2064,2710,161,2710,188,0,0,4,0,
no_finite_o_quantification,ITP/ITP004^4.p,TH0,Theorem,parse_timeout,na,0,,,,,,,,,cached: parse exceeded 5000ms
no_finite_o_quantification,ITP/ITP004^5.p,TH0,Theorem,parse_timeout,na,0,,,,,,,,,cached: parse exceeded 5000ms
no_finite_o_quantification,ITP/ITP004^7.p,TH1,Theorem,timeout,na,6206,0,0,0,1,0,0,0,0,
no_finite_o_quantification,ITP/ITP005^1.p,TH0,Theorem,timeout,na,2311,1610,86,1610,321,25,0,8,0,
no_finite_o_quantification,ITP/ITP005^2.p,TH0,Theorem,timeout,na,2823,3985,11,3985,3703,0,0,3,0,
no_finite_o_quantification,ITP/ITP005^3.p,TH1,Theorem,timeout,na,2124,3008,142,3008,175,80,0,4,0,
no_finite_o_quantification,ITP/ITP005^4.p,TH0,Theorem,parse_timeout,na,0,,,,,,,,,cached: parse exceeded 5000ms
no_finite_o_quantification,ITP/ITP005^5.p,TH0,Theorem,parse_timeout,na,0,,,,,,,,,cached: parse exceeded 5000ms
no_finite_o_quantification,ITP/ITP005^7.p,TH1,Theorem,parse_timeout,na,0,,,,,,,,,cached: parse exceeded 5000ms
no_finite_o_quantification,ITP/ITP006^1.p,TH0,Theorem,timeout,na,2278,2587,66,2587,146,291,0,4,0,
no_finite_o_quantification,ITP/ITP006^2.p,TH0,Theorem,timeout,na,2824,2912,16,2912,2730,0,0,3,0,
no_finite_o_quantification,ITP/ITP006^3.p,TH1,Theorem,timeout,na,2105,2320,132,2320,126,33,0,3,0,
no_finite_o_quantification,ITP/ITP006^4.p,TH0,Theorem,parse_timeout,na,0,,,,,,,,,cached: parse exceeded 5000ms
no_finite_o_quantification,ITP/ITP006^5.p,TH0,Theorem,parse_timeout,na,0,,,,,,,,,cached: parse exceeded 5000ms
no_finite_o_quantification,ITP/ITP006^7.p,TH1,Theorem,parse_timeout,na,0,,,,,,,,,cached: parse exceeded 5000ms
no_finite_o_quantification,ITP/ITP007^1.p,TH0,Theorem,timeout,na,2460,481,35,481,23,12,0,10,0,
no_finite_o_quantification,ITP/ITP007^2.p,TH0,Theorem,timeout,na,3063,2755,17,2755,2574,0,0,3,0,
no_finite_o_quantification,ITP/ITP007^3.p,TH1,Theorem,timeout,na,2364,3343,76,3343,449,17,0,4,0,
no_finite_o_quantification,ITP/ITP007^4.p,TH0,Theorem,parse_timeout,na,0,,,,,,,,,cached: parse exceeded 5000ms
no_finite_o_quantification,ITP/ITP007^5.p,TH0,Theorem,parse_timeout,na,0,,,,,,,,,cached: parse exceeded 5000ms
no_finite_o_quantification,ITP/ITP007^7.p,TH1,Theorem,parse_timeout,na,0,,,,,,,,,cached: parse exceeded 5000ms
no_finite_o_quantification,ITP/ITP008^1.p,TH0,Theorem,timeout,na,2240,1881,85,1881,315,6,0,4,0,
no_finite_o_quantification,ITP/ITP008^2.p,TH0,Theorem,timeout,na,2513,3941,81,3941,1718,220,0,3,0,
no_finite_o_quantification,ITP/ITP008^3.p,TH1,Theorem,timeout,na,2027,330,17,330,20,0,0,2,0,
no_finite_o_quantification,ITP/ITP008^4.p,TH0,Theorem,parse_timeout,na,0,,,,,,,,,cached: parse exceeded 5000ms
no_finite_o_quantification,ITP/ITP008^5.p,TH0,Theorem,parse_timeout,na,0,,,,,,,,,cached: parse exceeded 5000ms
no_finite_o_quantification,ITP/ITP008^7.p,TH1,Theorem,parse_timeout,na,0,,,,,,,,,cached: parse exceeded 5000ms
no_finite_o_quantification,ITP/ITP009^1.p,TH0,Theorem,timeout,na,2353,765,15,765,508,16,0,2,0,
no_finite_o_quantification,ITP/ITP009^2.p,TH0,Theorem,timeout,na,2460,1683,39,1683,957,96,0,1,0,
no_finite_o_quantification,ITP/ITP009^3.p,TH1,Theorem,timeout,na,2061,546,34,546,32,1,0,1,0,
no_finite_o_quantification,ITP/ITP009^4.p,TH0,Theorem,parse_timeout,na,0,,,,,,,,,cached: parse exceeded 5000ms
no_finite_o_quantification,ITP/ITP009^5.p,TH0,Theorem,parse_timeout,na,0,,,,,,,,,cached: parse exceeded 5000ms
no_finite_o_quantification,ITP/ITP009^7.p,TH1,Theorem,parse_timeout,na,0,,,,,,,,,cached: parse exceeded 5000ms
no_finite_o_quantification,ITP/ITP010^1.p,TH0,Theorem,thm,yes,105,7,0,7,1,1,0,0,0,
no_finite_o_quantification,ITP/ITP010^2.p,TH0,Theorem,thm,yes,70,15,1,15,1,1,0,0,0,
no_finite_o_quantification,ITP/ITP010^3.p,TH1,Theorem,thm,yes,29,5,0,5,1,1,0,0,0,
no_finite_o_quantification,ITP/ITP010^4.p,TH0,Theorem,parse_timeout,na,0,,,,,,,,,cached: parse exceeded 5000ms
no_finite_o_quantification,ITP/ITP010^5.p,TH0,Theorem,parse_timeout,na,0,,,,,,,,,cached: parse exceeded 5000ms
no_finite_o_quantification,ITP/ITP010^7.p,TH1,Theorem,parse_timeout,na,0,,,,,,,,,cached: parse exceeded 5000ms
no_finite_o_quantification,ITP/ITP011^1.p,TH0,Theorem,timeout,na,2238,1342,78,1342,77,31,0,5,0,
no_finite_o_quantification,ITP/ITP011^2.p,TH0,Theorem,timeout,na,2721,2674,27,2674,2309,0,0,1,0,
no_finite_o_quantification,ITP/ITP011^3.p,TH1,Theorem,timeout,na,2088,447,25,447,22,11,0,1,0,
no_finite_o_quantification,ITP/ITP011^4.p,TH0,Theorem,parse_timeout,na,0,,,,,,,,,cached: parse exceeded 5000ms
no_finite_o_quantification,ITP/ITP011^5.p,TH0,Theorem,parse_timeout,na,0,,,,,,,,,cached: parse exceeded 5000ms
no_finite_o_quantification,ITP/ITP011^7.p,TH1,Theorem,parse_timeout,na,0,,,,,,,,,cached: parse exceeded 5000ms
no_finite_o_quantification,ITP/ITP012^1.p,TH0,Theorem,timeout,na,2501,3441,149,3441,684,88,0,3,0,
no_finite_o_quantification,ITP/ITP012^2.p,TH0,Theorem,timeout,na,2620,3440,16,3440,2120,0,0,4,0,
no_finite_o_quantification,ITP/ITP012^3.p,TH1,Theorem,timeout,na,2109,2891,174,2891,148,73,0,2,0,
no_finite_o_quantification,ITP/ITP012^4.p,TH0,Theorem,parse_timeout,na,0,,,,,,,,,cached: parse exceeded 5000ms
no_finite_o_quantification,ITP/ITP012^5.p,TH0,Theorem,parse_timeout,na,0,,,,,,,,,cached: parse exceeded 5000ms
no_finite_o_quantification,ITP/ITP012^7.p,TH1,Theorem,parse_timeout,na,0,,,,,,,,,cached: parse exceeded 5000ms
no_finite_o_quantification,ITP/ITP013^1.p,TH0,Theorem,timeout,na,2425,1580,81,1580,416,36,0,9,0,
no_finite_o_quantification,ITP/ITP013^2.p,TH0,Theorem,timeout,na,2678,3510,13,3510,2320,0,0,3,0,
no_finite_o_quantification,ITP/ITP013^3.p,TH1,Theorem,timeout,na,2097,2543,134,2543,147,40,0,4,0,
no_finite_o_quantification,ITP/ITP013^4.p,TH0,Theorem,parse_timeout,na,0,,,,,,,,,cached: parse exceeded 5000ms
no_finite_o_quantification,ITP/ITP013^5.p,TH0,Theorem,parse_timeout,na,0,,,,,,,,,cached: parse exceeded 5000ms
no_finite_o_quantification,ITP/ITP013^7.p,TH1,Theorem,parse_timeout,na,0,,,,,,,,,cached: parse exceeded 5000ms
no_finite_o_quantification,ITP/ITP014^1.p,TH0,Theorem,timeout,na,2411,13,1,13,1,0,0,0,0,
no_finite_o_quantification,ITP/ITP014^2.p,TH0,Theorem,timeout,na,2370,39,3,39,1,0,0,0,0,
no_finite_o_quantification,ITP/ITP014^3.p,TH1,Theorem,timeout,na,2177,14,1,14,1,0,0,0,0,
no_finite_o_quantification,ITP/ITP014^4.p,TH0,Theorem,parse_timeout,na,0,,,,,,,,,cached: parse exceeded 5000ms
no_finite_o_quantification,ITP/ITP014^5.p,TH0,Theorem,parse_timeout,na,0,,,,,,,,,cached: parse exceeded 5000ms
no_finite_o_quantification,ITP/ITP014^7.p,TH1,Theorem,parse_timeout,na,0,,,,,,,,,cached: parse exceeded 5000ms
no_finite_o_quantification,ITP/ITP015^1.p,TH0,Theorem,timeout,na,2303,2199,132,2199,264,30,0,3,0,
no_finite_o_quantification,ITP/ITP015^2.p,TH0,Theorem,timeout,na,2920,3364,17,3364,3118,0,0,3,0,
no_finite_o_quantification,ITP/ITP015^3.p,TH1,Theorem,timeout,na,2091,2554,144,2554,172,16,0,3,0,
no_finite_o_quantification,ITP/ITP015^4.p,TH0,Theorem,parse_timeout,na,0,,,,,,,,,cached: parse exceeded 5000ms
no_finite_o_quantification,ITP/ITP015^5.p,TH0,Theorem,parse_timeout,na,0,,,,,,,,,cached: parse exceeded 5000ms
no_finite_o_quantification,ITP/ITP015^7.p,TH1,Theorem,parse_timeout,na,0,,,,,,,,,cached: parse exceeded 5000ms
no_finite_o_quantification,ITP/ITP016^1.p,TH0,Theorem,timeout,na,2367,2659,131,2659,200,155,0,3,0,
no_finite_o_quantification,ITP/ITP016^2.p,TH0,Theorem,timeout,na,2954,2289,30,2289,1907,0,0,5,0,
no_finite_o_quantification,ITP/ITP016^3.p,TH1,Theorem,timeout,na,2262,3585,110,3585,341,11,0,1,0,
no_finite_o_quantification,ITP/ITP016^4.p,TH0,Theorem,parse_timeout,na,0,,,,,,,,,cached: parse exceeded 5000ms
no_finite_o_quantification,ITP/ITP016^5.p,TH0,Theorem,parse_timeout,na,0,,,,,,,,,cached: parse exceeded 5000ms
no_finite_o_quantification,ITP/ITP016^7.p,TH1,Theorem,parse_timeout,na,0,,,,,,,,,cached: parse exceeded 5000ms
no_finite_o_quantification,ITP/ITP017^1.p,TH0,Theorem,timeout,na,2382,20,2,20,1,0,0,0,0,
no_finite_o_quantification,ITP/ITP017^2.p,TH0,Theorem,timeout,na,2348,57,5,57,1,0,0,0,0,
no_finite_o_quantification,ITP/ITP017^3.p,TH1,Theorem,timeout,na,2166,20,2,20,1,0,0,0,0,
no_finite_o_quantification,ITP/ITP017^4.p,TH0,Theorem,parse_timeout,na,0,,,,,,,,,cached: parse exceeded 5000ms
no_finite_o_quantification,ITP/ITP017^5.p,TH0,Theorem,parse_timeout,na,0,,,,,,,,,cached: parse exceeded 5000ms
no_finite_o_quantification,ITP/ITP017^7.p,TH1,Theorem,parse_timeout,na,0,,,,,,,,,cached: parse exceeded 5000ms
no_finite_o_quantification,ITP/ITP018^1.p,TH0,Theorem,timeout,na,2281,2326,112,2326,503,42,0,7,0,
no_finite_o_quantification,ITP/ITP018^2.p,TH0,Theorem,timeout,na,2272,5516,134,5516,533,545,0,3,0,
no_finite_o_quantification,ITP/ITP018^3.p,TH1,Theorem,timeout,na,2065,2676,157,2676,167,8,0,4,0,
no_finite_o_quantification,ITP/ITP018^4.p,TH0,Theorem,parse_timeout,na,0,,,,,,,,,cached: parse exceeded 5000ms
no_finite_o_quantification,ITP/ITP018^5.p,TH0,Theorem,parse_timeout,na,0,,,,,,,,,cached: parse exceeded 5000ms
no_finite_o_quantification,ITP/ITP018^7.p,TH1,Theorem,parse_timeout,na,0,,,,,,,,,cached: parse exceeded 5000ms
no_finite_o_quantification,ITP/ITP019^1.p,TH0,Theorem,timeout,na,2264,2430,106,2430,460,45,0,5,0,
no_finite_o_quantification,ITP/ITP019^2.p,TH0,Theorem,timeout,na,2616,3362,13,3362,2712,128,0,4,0,
no_finite_o_quantification,ITP/ITP019^3.p,TH1,Theorem,timeout,na,2073,2988,158,2988,253,0,0,4,0,
no_finite_o_quantification,ITP/ITP019^4.p,TH0,Theorem,parse_timeout,na,0,,,,,,,,,cached: parse exceeded 5000ms
no_finite_o_quantification,ITP/ITP019^5.p,TH0,Theorem,parse_timeout,na,0,,,,,,,,,cached: parse exceeded 5000ms
no_finite_o_quantification,ITP/ITP019^7.p,TH1,Theorem,parse_timeout,na,0,,,,,,,,,cached: parse exceeded 5000ms
no_finite_o_quantification,ITP/ITP020^1.p,TH0,ContradictoryAxioms,timeout,na,2481,1442,42,1442,263,157,0,4,0,
no_finite_o_quantification,ITP/ITP020^2.p,TH0,Theorem,timeout,na,2635,2563,13,2563,2391,16,0,3,0,
no_finite_o_quantification,ITP/ITP020^3.p,TH1,Theorem,timeout,na,2084,1653,98,1653,62,41,0,3,0,
no_finite_o_quantification,ITP/ITP020^4.p,TH0,Theorem,parse_timeout,na,0,,,,,,,,,cached: parse exceeded 5000ms
no_finite_o_quantification,ITP/ITP020^5.p,TH0,Theorem,parse_timeout,na,0,,,,,,,,,cached: parse exceeded 5000ms
no_finite_o_quantification,ITP/ITP020^7.p,TH1,Theorem,parse_timeout,na,0,,,,,,,,,cached: parse exceeded 5000ms
no_finite_o_quantification,ITP/ITP021^1.p,TH0,Theorem,timeout,na,2289,2835,103,2835,202,246,0,2,0,
no_finite_o_quantification,ITP/ITP021^2.p,TH0,Theorem,timeout,na,2587,2737,27,2737,2178,0,0,1,0,
no_finite_o_quantification,ITP/ITP021^3.p,TH1,Theorem,timeout,na,2109,3035,130,3035,170,147,0,1,0,
no_finite_o_quantification,ITP/ITP021^4.p,TH0,Theorem,parse_timeout,na,0,,,,,,,,,cached: parse exceeded 5000ms
no_finite_o_quantification,ITP/ITP021^5.p,TH0,Theorem,parse_timeout,na,0,,,,,,,,,cached: parse exceeded 5000ms
no_finite_o_quantification,ITP/ITP021^7.p,TH1,Theorem,parse_timeout,na,0,,,,,,,,,cached: parse exceeded 5000ms
no_finite_o_quantification,ITP/ITP022^1.p,TH0,Theorem,timeout,na,2318,17,1,17,1,0,0,0,0,
no_finite_o_quantification,ITP/ITP022^2.p,TH0,Theorem,timeout,na,2282,44,4,44,1,0,0,0,0,
no_finite_o_quantification,ITP/ITP022^3.p,TH1,Theorem,timeout,na,2136,13,1,13,1,0,0,0,0,
no_finite_o_quantification,ITP/ITP022^4.p,TH0,Theorem,parse_timeout,na,0,,,,,,,,,cached: parse exceeded 5000ms
no_finite_o_quantification,ITP/ITP022^5.p,TH0,Theorem,parse_timeout,na,0,,,,,,,,,cached: parse exceeded 5000ms
no_finite_o_quantification,ITP/ITP022^7.p,TH1,Theorem,parse_timeout,na,0,,,,,,,,,cached: parse exceeded 5000ms
no_finite_o_quantification,ITP/ITP023^1.p,TH0,Theorem,timeout,na,2374,2002,71,2002,355,100,0,3,0,
no_finite_o_quantification,ITP/ITP023^2.p,TH0,Theorem,timeout,na,2847,3113,15,3113,2932,0,0,5,0,
no_finite_o_quantification,ITP/ITP023^3.p,TH1,Theorem,timeout,na,2089,1110,57,1110,49,39,0,2,0,
no_finite_o_quantification,ITP/ITP023^4.p,TH0,Theorem,parse_timeout,na,0,,,,,,,,,cached: parse exceeded 5000ms
no_finite_o_quantification,ITP/ITP023^5.p,TH0,Theorem,parse_timeout,na,0,,,,,,,,,cached: parse exceeded 5000ms
no_finite_o_quantification,ITP/ITP023^7.p,TH1,Theorem,parse_timeout,na,0,,,,,,,,,cached: parse exceeded 5000ms
no_finite_o_quantification,ITP/ITP024^1.p,TH0,Theorem,timeout,na,3410,19,1,19,1,0,0,0,0,
no_finite_o_quantification,ITP/ITP024^2.p,TH0,Theorem,timeout,na,2501,57,5,57,1,0,0,0,0,
no_finite_o_quantification,ITP/ITP024^3.p,TH1,Theorem,timeout,na,2247,20,2,20,1,0,0,0,0,
no_finite_o_quantification,ITP/ITP024^4.p,TH0,Theorem,parse_timeout,na,0,,,,,,,,,cached: parse exceeded 5000ms
no_finite_o_quantification,ITP/ITP024^5.p,TH0,Theorem,parse_timeout,na,0,,,,,,,,,cached: parse exceeded 5000ms
no_finite_o_quantification,ITP/ITP024^7.p,TH1,Theorem,parse_timeout,na,0,,,,,,,,,cached: parse exceeded 5000ms
no_finite_o_quantification,ITP/ITP025^1.p,TH0,Theorem,timeout,na,2505,1187,55,1187,126,143,0,4,0,
no_finite_o_quantification,ITP/ITP025^2.p,TH0,Theorem,timeout,na,2973,2178,30,2178,1606,128,0,2,0,
no_finite_o_quantification,ITP/ITP025^3.p,TH1,Theorem,timeout,na,2123,463,27,463,11,12,0,3,0,
no_finite_o_quantification,ITP/ITP025^4.p,TH0,Theorem,parse_timeout,na,0,,,,,,,,,cached: parse exceeded 5000ms
no_finite_o_quantification,ITP/ITP025^5.p,TH0,Theorem,parse_timeout,na,0,,,,,,,,,cached: parse exceeded 5000ms
no_finite_o_quantification,ITP/ITP025^7.p,TH1,Theorem,parse_timeout,na,0,,,,,,,,,cached: parse exceeded 5000ms
no_finite_o_quantification,ITP/ITP026^1.p,TH0,Theorem,timeout,na,2749,1006,73,1006,49,20,0,6,0,
no_finite_o_quantification,ITP/ITP026^2.p,TH1,Theorem,timeout,na,3187,535,40,535,15,12,0,6,0,
no_finite_o_quantification,ITP/ITP027^1.p,TH0,Theorem,timeout,na,3269,250,25,250,1,0,0,0,0,
no_finite_o_quantification,ITP/ITP027^2.p,TH1,Theorem,timeout,na,4223,71,7,71,1,0,0,0,0,
no_finite_o_quantification,ITP/ITP028^1.p,TH0,Theorem,timeout,na,2533,555,50,555,5,4,0,0,0,
no_finite_o_quantification,ITP/ITP028^2.p,TH1,Theorem,timeout,na,2812,10,1,10,1,0,0,0,0,
no_finite_o_quantification,ITP/ITP029^1.p,TH0,ContradictoryAxioms,timeout,na,2505,252,14,252,16,5,0,0,0,
no_finite_o_quantification,ITP/ITP029^2.p,TH1,ContradictoryAxioms,timeout,na,2507,64,4,64,4,0,0,0,0,
no_finite_o_quantification,ITP/ITP030^1.p,TH0,ContradictoryAxioms,thm,na,643,1,0,1,1,1,0,0,0,
no_finite_o_quantification,ITP/ITP030^2.p,TH1,ContradictoryAxioms,thm,na,817,1,0,1,1,1,0,0,0,
no_finite_o_quantification,ITP/ITP031^1.p,TH0,Theorem,timeout,na,2473,560,23,560,128,27,0,0,0,
no_finite_o_quantification,ITP/ITP031^2.p,TH1,Theorem,timeout,na,2484,47,4,47,1,0,0,0,0,
no_finite_o_quantification,ITP/ITP032^1.p,TH0,Theorem,timeout,na,2502,362,20,362,20,7,0,0,0,
no_finite_o_quantification,ITP/ITP032^2.p,TH1,Theorem,timeout,na,2508,76,5,76,4,0,0,0,0,
no_finite_o_quantification,ITP/ITP033^1.p,TH0,Theorem,timeout,na,2610,639,28,639,110,4,0,0,0,
no_finite_o_quantification,ITP/ITP033^2.p,TH1,Theorem,timeout,na,2534,132,3,132,10,0,0,0,0,
no_finite_o_quantification,ITP/ITP034^1.p,TH0,Theorem,thm,yes,684,2,0,2,1,1,0,0,0,
no_finite_o_quantification,ITP/ITP034^2.p,TH1,Theorem,timeout,na,2476,157,7,157,8,0,0,0,0,
no_finite_o_quantification,ITP/ITP035^1.p,TH0,Theorem,timeout,na,2508,160,1,160,31,0,0,0,0,
no_finite_o_quantification,ITP/ITP035^2.p,TH1,Theorem,timeout,na,2484,97,8,97,2,0,0,0,0,
no_finite_o_quantification,ITP/ITP036^1.p,TH0,Theorem,timeout,na,2396,0,0,0,1,0,0,0,0,
no_finite_o_quantification,ITP/ITP036^2.p,TH1,Theorem,timeout,na,3275,113,11,113,1,0,0,0,0,
no_finite_o_quantification,ITP/ITP037^1.p,TH0,Theorem,thm,yes,764,9,0,9,1,0,0,1,1,
no_finite_o_quantification,ITP/ITP037^2.p,TH1,Theorem,timeout,na,3174,0,0,0,1,0,0,0,0,
no_finite_o_quantification,ITP/ITP038^1.p,TH0,Theorem,timeout,na,2481,202,20,202,1,0,0,0,0,
no_finite_o_quantification,ITP/ITP038^2.p,TH1,Theorem,timeout,na,3722,41,4,41,1,0,0,0,0,
no_finite_o_quantification,ITP/ITP039^1.p,TH0,Theorem,thm,yes,1089,1,0,1,1,1,0,0,0,
no_finite_o_quantification,ITP/ITP039^2.p,TH1,Theorem,thm,yes,3141,1,0,1,1,1,0,0,0,
no_finite_o_quantification,ITP/ITP040^1.p,TH0,ContradictoryAxioms,timeout,na,2614,13,1,13,1,0,0,0,0,
no_finite_o_quantification,ITP/ITP040^2.p,TH1,ContradictoryAxioms,timeout,na,3492,82,3,82,32,10,0,0,0,
no_finite_o_quantification,ITP/ITP041^1.p,TH0,Theorem,thm,yes,864,21,2,21,1,1,0,0,0,
no_finite_o_quantification,ITP/ITP041^2.p,TH1,Theorem,timeout,na,3093,70,7,70,1,0,0,0,0,
no_finite_o_quantification,ITP/ITP042^1.p,TH0,Theorem,timeout,na,2380,119,11,119,1,0,0,0,0,
no_finite_o_quantification,ITP/ITP042^2.p,TH1,Theorem,timeout,na,2711,48,4,48,1,0,0,0,0,
no_finite_o_quantification,ITP/ITP043^1.p,TH0,Theorem,timeout,na,2568,2995,199,2995,198,24,0,0,0,
no_finite_o_quantification,ITP/ITP043^2.p,TH1,Theorem,timeout,na,2704,1135,62,1135,97,12,0,0,0,
no_finite_o_quantification,ITP/ITP044^1.p,TH0,Theorem,timeout,na,2553,3534,45,3534,285,0,0,0,0,
no_finite_o_quantification,ITP/ITP044^2.p,TH1,Theorem,timeout,na,2540,882,39,882,52,45,0,0,0,
no_finite_o_quantification,ITP/ITP045^1.p,TH0,Theorem,timeout,na,3492,253,4,253,45,0,0,0,0,
no_finite_o_quantification,ITP/ITP045^2.p,TH1,Theorem,parse_timeout,na,0,,,,,,,,,cached: parse exceeded 5000ms
no_finite_o_quantification,ITP/ITP046^1.p,TH0,Theorem,timeout,na,3854,587,2,587,502,14,0,0,0,
no_finite_o_quantification,ITP/ITP046^2.p,TH1,Theorem,parse_timeout,na,0,,,,,,,,,cached: parse exceeded 5000ms
no_finite_o_quantification,ITP/ITP047^1.p,TH0,Theorem,timeout,na,3583,521,2,521,365,0,0,0,0,
no_finite_o_quantification,ITP/ITP047^2.p,TH1,Theorem,parse_timeout,na,0,,,,,,,,,cached: parse exceeded 5000ms
no_finite_o_quantification,ITP/ITP048^1.p,TH0,Theorem,timeout,na,2386,223,21,223,2,0,0,0,0,
no_finite_o_quantification,ITP/ITP048^2.p,TH1,Theorem,timeout,na,2566,889,68,889,33,0,0,1,0,
no_finite_o_quantification,ITP/ITP049^1.p,TH0,Theorem,timeout,na,2582,309,30,309,1,0,0,0,0,
no_finite_o_quantification,ITP/ITP049^2.p,TH1,Theorem,timeout,na,3010,129,12,129,1,0,0,0,0,
no_finite_o_quantification,ITP/ITP050^1.p,TH0,Theorem,timeout,na,2437,346,31,346,4,0,0,1,0,
no_finite_o_quantification,ITP/ITP050^2.p,TH1,Theorem,timeout,na,2677,327,24,327,8,0,0,1,0,
no_finite_o_quantification,ITP/ITP051^1.p,TH0,ContradictoryAxioms,timeout,na,2393,129,8,129,5,2,0,0,0,
no_finite_o_quantification,ITP/ITP051^2.p,TH1,ContradictoryAxioms,timeout,na,2646,1606,78,1606,114,6,0,0,0,
no_finite_o_quantification,ITP/ITP052^1.p,TH0,Theorem,timeout,na,2458,502,34,502,24,6,0,0,0,
no_finite_o_quantification,ITP/ITP052^2.p,TH1,Theorem,timeout,na,3026,409,16,409,35,6,0,0,0,
no_finite_o_quantification,ITP/ITP053^1.p,TH0,Theorem,timeout,na,2405,1246,108,1246,24,0,0,1,0,
no_finite_o_quantification,ITP/ITP053^2.p,TH1,Theorem,timeout,na,2745,131,13,131,1,0,0,0,0,
no_finite_o_quantification,ITP/ITP054^1.p,TH0,Theorem,timeout,na,2319,681,14,681,61,29,0,1,0,
no_finite_o_quantification,ITP/ITP054^2.p,TH1,Theorem,timeout,na,2616,961,35,961,91,24,0,2,0,
no_finite_o_quantification,ITP/ITP055^1.p,TH0,Theorem,timeout,na,2903,3671,142,3671,608,0,0,0,0,
no_finite_o_quantification,ITP/ITP055^2.p,TH1,Theorem,timeout,na,3292,441,22,441,54,9,0,2,0,
no_finite_o_quantification,ITP/ITP056^1.p,TH0,Theorem,timeout,na,2319,1862,152,1862,109,0,0,0,0,
no_finite_o_quantification,ITP/ITP056^2.p,TH1,Theorem,timeout,na,2428,1728,142,1728,53,0,0,0,0,
no_finite_o_quantification,ITP/ITP057^1.p,TH0,Theorem,parser_error,na,0,,,,,,,,,cached: Failed to parse formula 'fact_200_SilentDecisionValueNotInverting': [byte:61243] Type Error: Cannot unify strict function types of different arities.
no_finite_o_quantification,ITP/ITP057^2.p,TH1,Theorem,parser_error,na,0,,,,,,,,,cached: Failed to parse formula 'fact_125_SilentDecisionValueNotInverting': [byte:52024] Type Error: Cannot unify strict function types of different arities.
no_finite_o_quantification,ITP/ITP058^1.p,TH0,Theorem,timeout,na,2888,0,0,0,1,0,0,0,0,
no_finite_o_quantification,ITP/ITP058^2.p,TH1,Theorem,timeout,na,3493,0,0,0,1,0,0,0,0,
no_finite_o_quantification,ITP/ITP059^1.p,TH0,Theorem,timeout,na,2316,2117,87,2117,146,174,0,4,0,
no_finite_o_quantification,ITP/ITP059^2.p,TH1,Theorem,timeout,na,2595,1095,55,1095,60,82,0,3,0,
no_finite_o_quantification,ITP/ITP060^1.p,TH0,Theorem,timeout,na,2364,1717,54,1717,236,80,0,6,0,
no_finite_o_quantification,ITP/ITP060^2.p,TH1,Theorem,timeout,na,2699,1155,34,1155,129,19,0,7,0,
no_finite_o_quantification,ITP/ITP061^1.p,TH0,Theorem,timeout,na,2640,1725,100,1725,498,0,0,1,0,
no_finite_o_quantification,ITP/ITP061^2.p,TH1,Theorem,timeout,na,3014,1129,33,1129,647,0,0,2,0,
no_finite_o_quantification,ITP/ITP062^1.p,TH0,Theorem,timeout,na,2513,1217,23,1217,215,3,0,1,0,
no_finite_o_quantification,ITP/ITP062^2.p,TH1,Theorem,timeout,na,2376,699,48,699,20,6,0,9,0,
no_finite_o_quantification,ITP/ITP063^1.p,TH0,Theorem,timeout,na,2621,3534,160,3534,775,83,0,6,0,
no_finite_o_quantification,ITP/ITP063^2.p,TH1,Theorem,timeout,na,2496,3341,253,3341,195,2,0,0,0,
no_finite_o_quantification,ITP/ITP064^1.p,TH0,Theorem,timeout,na,2407,721,51,721,41,3,0,0,0,
no_finite_o_quantification,ITP/ITP064^2.p,TH1,Theorem,timeout,na,2555,2894,228,2894,170,0,0,0,0,
no_finite_o_quantification,ITP/ITP065^1.p,TH0,Theorem,timeout,na,2062,1357,81,1357,88,3,0,2,0,
no_finite_o_quantification,ITP/ITP065^2.p,TH1,Theorem,timeout,na,3604,154,14,154,2,0,0,0,0,
no_finite_o_quantification,ITP/ITP066^1.p,TH0,Theorem,timeout,na,2694,0,0,0,1,0,0,0,0,
no_finite_o_quantification,ITP/ITP066^2.p,TH1,Theorem,timeout,na,3134,60,6,60,1,0,0,0,0,
no_finite_o_quantification,ITP/ITP067^1.p,TH0,Theorem,timeout,na,2388,1798,147,1798,83,3,0,0,0,
no_finite_o_quantification,ITP/ITP067^2.p,TH1,Theorem,timeout,na,2808,347,20,347,17,0,0,0,0,
no_finite_o_quantification,ITP/ITP068^1.p,TH0,Theorem,timeout,na,2520,750,50,750,159,0,0,1,0,
no_finite_o_quantification,ITP/ITP068^2.p,TH1,Theorem,timeout,na,3173,86,8,86,1,0,0,0,0,
no_finite_o_quantification,ITP/ITP069^1.p,TH0,Theorem,timeout,na,2708,1224,36,1224,658,0,0,1,0,
no_finite_o_quantification,ITP/ITP069^2.p,TH1,Theorem,timeout,na,3199,67,6,67,1,0,0,0,0,
no_finite_o_quantification,ITP/ITP070^1.p,TH0,Theorem,timeout,na,2542,0,0,0,1,0,0,0,0,
no_finite_o_quantification,ITP/ITP070^2.p,TH1,Theorem,timeout,na,3218,71,7,71,1,0,0,0,0,
no_finite_o_quantification,ITP/ITP071^1.p,TH0,Theorem,timeout,na,2694,0,0,0,1,0,0,0,0,
no_finite_o_quantification,ITP/ITP071^2.p,TH1,Theorem,timeout,na,3140,25,2,25,1,0,0,0,0,
no_finite_o_quantification,ITP/ITP072^1.p,TH0,Theorem,timeout,na,2478,1044,24,1044,128,12,0,0,0,
no_finite_o_quantification,ITP/ITP072^2.p,TH1,Theorem,timeout,na,2514,187,13,187,9,0,0,0,0,
no_finite_o_quantification,ITP/ITP073^1.p,TH0,Theorem,timeout,na,2467,217,21,217,1,0,0,0,0,
no_finite_o_quantification,ITP/ITP073^2.p,TH1,Theorem,timeout,na,2481,102,9,102,2,0,0,0,0,
no_finite_o_quantification,ITP/ITP074^1.p,TH0,Theorem,timeout,na,2346,1298,95,1298,32,24,0,0,0,
no_finite_o_quantification,ITP/ITP074^2.p,TH1,Theorem,timeout,na,2379,1446,96,1446,74,13,0,0,0,
no_finite_o_quantification,ITP/ITP075^1.p,TH0,Theorem,timeout,na,2319,32,3,32,1,0,0,0,0,
no_finite_o_quantification,ITP/ITP075^2.p,TH1,Theorem,timeout,na,2326,55,5,55,1,0,0,0,0,
no_finite_o_quantification,ITP/ITP076^1.p,TH0,Theorem,timeout,na,2381,1192,105,1192,18,2,0,0,0,
no_finite_o_quantification,ITP/ITP076^2.p,TH1,Theorem,timeout,na,2445,626,48,626,28,4,0,0,0,
no_finite_o_quantification,ITP/ITP077^1.p,TH0,Theorem,timeout,na,2556,67,6,67,1,0,0,0,0,
no_finite_o_quantification,ITP/ITP077^2.p,TH1,Theorem,timeout,na,2584,204,16,204,6,0,0,0,0,
no_finite_o_quantification,ITP/ITP078^1.p,TH0,Theorem,timeout,na,2489,673,25,673,94,4,0,0,0,
no_finite_o_quantification,ITP/ITP078^2.p,TH1,Theorem,timeout,na,2422,136,10,136,4,2,0,0,0,
no_finite_o_quantification,ITP/ITP079^1.p,TH0,Theorem,timeout,na,2512,236,23,236,1,0,0,0,0,
no_finite_o_quantification,ITP/ITP079^2.p,TH1,Theorem,timeout,na,2491,398,29,398,50,0,0,1,0,
no_finite_o_quantification,ITP/ITP080^1.p,TH0,Theorem,timeout,na,2995,1092,83,1092,32,8,0,0,0,
no_finite_o_quantification,ITP/ITP080^2.p,TH1,Theorem,timeout,na,3211,0,0,0,1,0,0,0,0,
no_finite_o_quantification,ITP/ITP081^1.p,TH0,Theorem,timeout,na,2850,1266,84,1266,79,0,0,0,0,
no_finite_o_quantification,ITP/ITP081^2.p,TH1,Theorem,timeout,na,3122,0,0,0,1,0,0,0,0,
no_finite_o_quantification,ITP/ITP082^1.p,TH0,Theorem,timeout,na,2838,1985,141,1985,112,0,0,0,0,
no_finite_o_quantification,ITP/ITP082^2.p,TH1,Theorem,timeout,na,3110,0,0,0,1,0,0,0,0,
no_finite_o_quantification,ITP/ITP083^1.p,TH0,Theorem,timeout,na,2671,141,12,141,2,0,0,0,0,
no_finite_o_quantification,ITP/ITP083^2.p,TH1,Theorem,timeout,na,3102,0,0,0,1,0,0,0,0,
no_finite_o_quantification,ITP/ITP084^1.p,TH0,Theorem,timeout,na,2596,0,0,0,1,0,0,0,0,
no_finite_o_quantification,ITP/ITP084^2.p,TH1,Theorem,timeout,na,2863,0,0,0,1,0,0,0,0,
no_finite_o_quantification,ITP/ITP085^1.p,TH0,Theorem,timeout,na,2613,0,0,0,1,0,0,0,0,
no_finite_o_quantification,ITP/ITP085^2.p,TH1,Theorem,timeout,na,2761,0,0,0,1,0,0,0,0,
no_finite_o_quantification,ITP/ITP086^1.p,TH0,Theorem,timeout,na,2485,359,16,359,23,5,0,0,0,
no_finite_o_quantification,ITP/ITP086^2.p,TH1,Theorem,timeout,na,2600,96,3,96,9,0,0,0,0,
no_finite_o_quantification,ITP/ITP087^1.p,TH0,Theorem,timeout,na,2587,613,8,613,56,22,0,0,0,
no_finite_o_quantification,ITP/ITP087^2.p,TH1,Theorem,timeout,na,2692,134,2,134,10,0,0,0,0,
no_finite_o_quantification,ITP/ITP088^1.p,TH0,Theorem,timeout,na,2716,587,19,587,242,0,0,0,0,
no_finite_o_quantification,ITP/ITP088^2.p,TH1,Theorem,timeout,na,2685,128,9,128,5,0,0,0,0,
no_finite_o_quantification,ITP/ITP089^1.p,TH0,Theorem,timeout,na,2593,508,11,508,40,19,0,0,0,
no_finite_o_quantification,ITP/ITP089^2.p,TH1,Theorem,timeout,na,2697,118,4,118,10,0,0,0,0,
no_finite_o_quantification,ITP/ITP090^1.p,TH0,Theorem,timeout,na,2689,449,13,449,163,0,0,0,0,
no_finite_o_quantification,ITP/ITP090^2.p,TH1,Theorem,timeout,na,2690,100,5,100,5,0,0,0,0,
no_finite_o_quantification,ITP/ITP091^1.p,TH0,Theorem,timeout,na,2661,473,19,473,196,0,0,0,0,
no_finite_o_quantification,ITP/ITP091^2.p,TH1,Theorem,timeout,na,2690,103,6,103,5,0,0,0,0,
no_finite_o_quantification,ITP/ITP092^1.p,TH0,Theorem,timeout,na,2898,521,51,521,2,0,0,0,0,
no_finite_o_quantification,ITP/ITP092^2.p,TH1,Theorem,timeout,na,3976,38,3,38,1,0,0,0,0,
no_finite_o_quantification,ITP/ITP093^1.p,TH0,Theorem,timeout,na,2478,206,20,206,1,0,0,0,0,
no_finite_o_quantification,ITP/ITP093^2.p,TH1,Theorem,timeout,na,2751,109,8,109,5,0,0,0,0,
no_finite_o_quantification,ITP/ITP094^1.p,TH0,Theorem,timeout,na,2339,510,12,510,87,0,0,0,0,
no_finite_o_quantification,ITP/ITP094^2.p,TH1,Theorem,timeout,na,2541,2861,62,2861,255,127,0,1,0,
no_finite_o_quantification,ITP/ITP095^1.p,TH0,Theorem,timeout,na,2497,4355,118,4355,330,158,0,0,0,
no_finite_o_quantification,ITP/ITP095^2.p,TH1,Theorem,timeout,na,2375,1510,121,1510,38,12,0,5,0,
no_finite_o_quantification,ITP/ITP096^1.p,TH0,ContradictoryAxioms,timeout,na,2523,4287,84,4287,635,435,0,5,0,
no_finite_o_quantification,ITP/ITP096^2.p,TH1,ContradictoryAxioms,timeout,na,2527,3313,159,3313,237,94,0,0,0,
no_finite_o_quantification,ITP/ITP097^1.p,TH0,Theorem,timeout,na,2465,2211,10,2211,504,0,0,0,0,
no_finite_o_quantification,ITP/ITP097^2.p,TH1,Theorem,timeout,na,2543,2998,113,2998,374,28,0,5,0,
no_finite_o_quantification,ITP/ITP098^1.p,TH0,Theorem,timeout,na,2688,164,16,164,1,0,0,0,0,
no_finite_o_quantification,ITP/ITP098^2.p,TH1,Theorem,timeout,na,2582,469,43,469,4,0,0,0,0,
no_finite_o_quantification,ITP/ITP099^1.p,TH0,Theorem,timeout,na,2333,471,44,471,5,0,0,0,0,
no_finite_o_quantification,ITP/ITP099^2.p,TH1,Theorem,timeout,na,2471,510,39,510,12,0,0,0,0,
no_finite_o_quantification,ITP/ITP100^1.p,TH0,Theorem,timeout,na,2721,0,0,0,1,0,0,0,0,
no_finite_o_quantification,ITP/ITP100^2.p,TH1,Theorem,timeout,na,2994,0,0,0,1,0,0,0,0,
no_finite_o_quantification,ITP/ITP101^1.p,TH0,Theorem,timeout,na,2355,498,38,498,16,0,0,0,0,
no_finite_o_quantification,ITP/ITP101^2.p,TH1,Theorem,timeout,na,2533,480,34,480,32,0,0,0,0,
no_finite_o_quantification,ITP/ITP102^1.p,TH0,Theorem,timeout,na,2297,443,38,443,8,0,0,0,0,
no_finite_o_quantification,ITP/ITP102^2.p,TH1,Theorem,timeout,na,2701,1555,61,1555,301,16,0,0,0,
no_finite_o_quantification,ITP/ITP103^1.p,TH0,Theorem,timeout,na,2423,4311,186,4311,328,158,0,3,0,
no_finite_o_quantification,ITP/ITP103^2.p,TH1,Theorem,timeout,na,2600,3486,150,3486,280,154,0,2,0,
no_finite_o_quantification,ITP/ITP104^1.p,TH0,Theorem,timeout,na,2525,412,29,412,16,0,0,0,0,
no_finite_o_quantification,ITP/ITP104^2.p,TH1,Theorem,timeout,na,2517,600,44,600,38,0,0,0,0,
no_finite_o_quantification,ITP/ITP105^1.p,TH0,Theorem,timeout,na,2308,338,12,338,37,7,0,0,0,
no_finite_o_quantification,ITP/ITP105^2.p,TH1,Theorem,timeout,na,2342,528,10,528,54,1,0,0,0,
no_finite_o_quantification,ITP/ITP106^1.p,TH0,Theorem,timeout,na,2441,448,41,448,4,0,0,1,0,
no_finite_o_quantification,ITP/ITP106^2.p,TH1,Theorem,timeout,na,3601,0,0,0,1,0,0,0,0,
no_finite_o_quantification,ITP/ITP107^1.p,TH0,Theorem,timeout,na,2823,3078,52,3078,277,141,0,0,0,
no_finite_o_quantification,ITP/ITP107^2.p,TH1,Theorem,timeout,na,3344,166,15,166,4,2,0,0,0,
no_finite_o_quantification,ITP/ITP108^1.p,TH0,Theorem,timeout,na,2382,359,21,359,14,3,0,0,0,
no_finite_o_quantification,ITP/ITP108^2.p,TH1,Theorem,timeout,na,3469,0,0,0,1,0,0,0,0,
no_finite_o_quantification,ITP/ITP109^1.p,TH0,Theorem,timeout,na,2720,1132,64,1133,192,4,0,0,0,
no_finite_o_quantification,ITP/ITP109^2.p,TH1,Theorem,timeout,na,2537,115,7,115,5,0,0,0,0,
no_finite_o_quantification,ITP/ITP110^1.p,TH0,Theorem,timeout,na,2487,2700,153,2700,111,70,0,0,0,
no_finite_o_quantification,ITP/ITP110^2.p,TH1,Theorem,timeout,na,2418,1109,78,1109,45,16,0,0,0,
no_finite_o_quantification,ITP/ITP111^1.p,TH0,Theorem,timeout,na,2225,2891,144,2891,169,94,0,1,0,
no_finite_o_quantification,ITP/ITP111^2.p,TH1,Theorem,timeout,na,2472,2326,105,2326,168,98,0,1,0,
no_finite_o_quantification,ITP/ITP112^1.p,TH0,Theorem,timeout,na,2699,32,3,32,1,0,0,0,0,
no_finite_o_quantification,ITP/ITP112^2.p,TH1,Theorem,timeout,na,2529,271,14,271,21,8,0,0,0,
no_finite_o_quantification,ITP/ITP113^1.p,TH0,Theorem,timeout,na,2401,1347,107,1347,36,13,0,0,0,
no_finite_o_quantification,ITP/ITP113^2.p,TH1,Theorem,timeout,na,2524,70,7,70,1,0,0,0,0,
no_finite_o_quantification,ITP/ITP114^1.p,TH0,Theorem,thm,yes,851,4,0,4,1,0,0,1,1,
no_finite_o_quantification,ITP/ITP114^2.p,TH1,Theorem,thm,yes,359,26,2,26,1,0,0,1,1,
no_finite_o_quantification,ITP/ITP115^1.p,TH0,Theorem,timeout,na,2406,981,43,981,196,42,0,0,0,
no_finite_o_quantification,ITP/ITP115^2.p,TH1,Theorem,timeout,na,2643,425,26,425,116,0,0,0,0,
no_finite_o_quantification,ITP/ITP116^1.p,TH0,Theorem,timeout,na,2635,238,23,238,1,0,0,0,0,
no_finite_o_quantification,ITP/ITP116^2.p,TH1,Theorem,timeout,na,2702,78,7,78,1,0,0,0,0,
no_finite_o_quantification,ITP/ITP117^1.p,TH0,Theorem,timeout,na,2515,534,42,534,11,8,0,0,0,
no_finite_o_quantification,ITP/ITP117^2.p,TH1,Theorem,timeout,na,2674,65,6,65,1,0,0,0,0,
no_finite_o_quantification,ITP/ITP118^1.p,TH0,Theorem,timeout,na,2349,1146,100,1146,26,0,0,0,0,
no_finite_o_quantification,ITP/ITP118^2.p,TH1,Theorem,timeout,na,2473,392,26,392,68,0,0,1,0,
no_finite_o_quantification,ITP/ITP119^1.p,TH0,ContradictoryAxioms,timeout,na,2678,0,0,0,1,0,0,0,0,
no_finite_o_quantification,ITP/ITP119^2.p,TH1,ContradictoryAxioms,timeout,na,2754,0,0,0,1,0,0,0,0,
no_finite_o_quantification,ITP/ITP120^1.p,TH0,Theorem,timeout,na,2297,600,45,600,16,0,0,0,0,
no_finite_o_quantification,ITP/ITP120^2.p,TH1,Theorem,timeout,na,2405,640,44,640,34,0,0,0,0,
no_finite_o_quantification,ITP/ITP121^1.p,TH0,Theorem,timeout,na,2372,763,54,763,32,5,0,0,0,
no_finite_o_quantification,ITP/ITP121^2.p,TH1,Theorem,timeout,na,2498,756,46,756,72,7,0,0,0,
no_finite_o_quantification,ITP/ITP122^1.p,TH0,Theorem,timeout,na,2374,753,51,753,32,5,0,0,0,
no_finite_o_quantification,ITP/ITP122^2.p,TH1,Theorem,timeout,na,2501,923,59,923,81,7,0,0,0,
no_finite_o_quantification,ITP/ITP123^1.p,TH0,Theorem,timeout,na,2347,438,30,438,20,0,0,1,0,
no_finite_o_quantification,ITP/ITP123^2.p,TH1,Theorem,timeout,na,2388,298,26,298,4,0,0,0,0,
no_finite_o_quantification,ITP/ITP124^1.p,TH0,Theorem,timeout,na,2328,813,60,813,37,5,0,0,0,
no_finite_o_quantification,ITP/ITP124^2.p,TH1,Theorem,timeout,na,2438,736,36,736,65,6,0,0,0,
no_finite_o_quantification,ITP/ITP125^1.p,TH0,Theorem,timeout,na,2494,752,51,752,167,0,0,0,0,
no_finite_o_quantification,ITP/ITP125^2.p,TH1,Theorem,timeout,na,2558,0,0,0,1,0,0,0,0,
no_finite_o_quantification,ITP/ITP126^1.p,TH0,Theorem,timeout,na,2395,3381,157,3381,310,145,0,1,0,
no_finite_o_quantification,ITP/ITP126^2.p,TH1,Theorem,timeout,na,2365,432,28,432,16,0,0,0,0,
no_finite_o_quantification,ITP/ITP127^1.p,TH0,Theorem,timeout,na,2648,100,10,100,1,0,0,0,0,
no_finite_o_quantification,ITP/ITP127^2.p,TH1,Theorem,timeout,na,2583,84,7,84,2,0,0,0,0,
no_finite_o_quantification,ITP/ITP128^1.p,TH0,Theorem,timeout,na,4397,0,0,0,1,0,0,0,0,
no_finite_o_quantification,ITP/ITP128^2.p,TH1,Theorem,timeout,na,3117,0,0,0,1,0,0,0,0,
no_finite_o_quantification,ITP/ITP129^1.p,TH0,Theorem,timeout,na,2412,3380,225,3380,280,0,0,0,0,
no_finite_o_quantification,ITP/ITP129^2.p,TH1,Theorem,timeout,na,2531,1378,14,1378,274,0,0,0,0,
no_finite_o_quantification,ITP/ITP130^1.p,TH0,Theorem,timeout,na,2377,2345,85,2345,265,11,0,0,0,
no_finite_o_quantification,ITP/ITP130^2.p,TH1,Theorem,timeout,na,2357,1369,66,1369,134,93,0,6,0,
no_finite_o_quantification,ITP/ITP131^1.p,TH0,ContradictoryAxioms,timeout,na,2277,4265,324,4265,176,36,0,1,0,
no_finite_o_quantification,ITP/ITP131^2.p,TH1,ContradictoryAxioms,timeout,na,2584,3659,148,3659,311,90,0,5,0,
no_finite_o_quantification,ITP/ITP132^1.p,TH0,Theorem,timeout,na,2290,598,50,598,14,6,0,8,0,
no_finite_o_quantification,ITP/ITP132^2.p,TH1,Theorem,timeout,na,2461,969,44,969,57,42,0,1,0,
no_finite_o_quantification,ITP/ITP133^1.p,TH0,Theorem,timeout,na,2282,335,23,335,10,6,0,5,0,
no_finite_o_quantification,ITP/ITP133^2.p,TH1,Theorem,timeout,na,2621,1876,67,1876,187,20,0,0,0,
no_finite_o_quantification,ITP/ITP134^1.p,TH0,Theorem,timeout,na,2586,441,32,441,16,12,0,4,0,
no_finite_o_quantification,ITP/ITP134^2.p,TH1,Theorem,timeout,na,2407,754,50,754,34,16,0,0,0,
no_finite_o_quantification,ITP/ITP135^1.p,TH0,Theorem,timeout,na,2572,261,10,261,23,0,0,0,0,
no_finite_o_quantification,ITP/ITP135^2.p,TH1,Theorem,timeout,na,2742,136,13,136,2,0,0,0,0,
no_finite_o_quantification,ITP/ITP136^1.p,TH0,Theorem,timeout,na,2592,475,9,475,56,0,0,0,0,
no_finite_o_quantification,ITP/ITP136^2.p,TH1,Theorem,timeout,na,2800,119,11,119,2,0,0,0,0,
no_finite_o_quantification,ITP/ITP137^1.p,TH0,Theorem,timeout,na,2606,94,9,94,1,0,0,0,0,
no_finite_o_quantification,ITP/ITP137^2.p,TH1,Theorem,timeout,na,2978,0,0,0,1,0,0,0,0,
no_finite_o_quantification,ITP/ITP138^1.p,TH0,Theorem,timeout,na,2552,1376,97,1376,39,31,0,0,0,
no_finite_o_quantification,ITP/ITP138^2.p,TH1,Theorem,timeout,na,2666,563,54,563,4,0,0,0,0,
no_finite_o_quantification,ITP/ITP139^1.p,TH0,Theorem,timeout,na,2588,333,6,333,41,0,0,0,0,
no_finite_o_quantification,ITP/ITP139^2.p,TH1,Theorem,timeout,na,2662,1591,137,1591,64,0,0,0,0,
no_finite_o_quantification,ITP/ITP140^1.p,TH0,Theorem,timeout,na,2580,228,11,228,17,0,0,0,0,
no_finite_o_quantification,ITP/ITP140^2.p,TH1,Theorem,timeout,na,2937,106,9,106,2,0,0,0,0,
no_finite_o_quantification,ITP/ITP141^1.p,TH0,Theorem,timeout,na,2517,177,6,177,13,2,0,0,0,
no_finite_o_quantification,ITP/ITP141^2.p,TH1,Theorem,timeout,na,3046,0,0,0,1,0,0,0,0,
no_finite_o_quantification,ITP/ITP142^1.p,TH0,Theorem,timeout,na,2944,673,63,673,4,0,0,0,0,
no_finite_o_quantification,ITP/ITP142^2.p,TH1,Theorem,timeout,na,3659,0,0,0,1,0,0,0,0,
no_finite_o_quantification,ITP/ITP143^1.p,TH0,Theorem,timeout,na,2837,890,86,890,4,0,0,0,0,
no_finite_o_quantification,ITP/ITP143^2.p,TH1,Theorem,timeout,na,3471,0,0,0,1,0,0,0,0,
no_finite_o_quantification,ITP/ITP144^1.p,TH0,Theorem,timeout,na,2151,1027,48,1027,67,86,0,2,0,
no_finite_o_quantification,ITP/ITP144^2.p,TH1,Theorem,timeout,na,2561,20,2,20,1,0,0,0,0,
no_finite_o_quantification,ITP/ITP145^1.p,TH0,Theorem,timeout,na,2943,872,84,872,4,0,0,0,0,
no_finite_o_quantification,ITP/ITP145^2.p,TH1,Theorem,timeout,na,3675,0,0,0,1,0,0,0,0,
no_finite_o_quantification,ITP/ITP146^1.p,TH0,Theorem,timeout,na,2423,83,4,83,4,0,0,0,0,
no_finite_o_quantification,ITP/ITP146^2.p,TH1,Theorem,timeout,na,2481,57,5,57,1,0,0,0,0,
no_finite_o_quantification,ITP/ITP147^1.p,TH0,Theorem,timeout,na,2392,97,2,97,14,0,0,0,0,
no_finite_o_quantification,ITP/ITP147^2.p,TH1,Theorem,timeout,na,2417,114,9,114,2,0,0,0,0,
no_finite_o_quantification,ITP/ITP148^1.p,TH0,Theorem,timeout,na,2749,105,10,105,1,0,0,0,0,
no_finite_o_quantification,ITP/ITP148^2.p,TH1,Theorem,timeout,na,2642,218,17,218,6,0,0,0,0,
no_finite_o_quantification,ITP/ITP149^1.p,TH0,Theorem,timeout,na,2390,197,2,197,24,0,0,0,0,
no_finite_o_quantification,ITP/ITP149^2.p,TH1,Theorem,timeout,na,2463,387,12,387,51,0,0,0,0,
no_finite_o_quantification,ITP/ITP150^1.p,TH0,Theorem,timeout,na,2415,3396,310,3396,40,0,0,0,0,
no_finite_o_quantification,ITP/ITP150^2.p,TH1,Theorem,timeout,na,2557,385,24,385,20,0,0,0,0,
no_finite_o_quantification,ITP/ITP151^1.p,TH0,Theorem,timeout,na,2474,2816,89,2816,344,50,0,4,0,
no_finite_o_quantification,ITP/ITP151^2.p,TH1,Theorem,timeout,na,2514,3591,205,3591,295,98,0,5,0,
no_finite_o_quantification,ITP/ITP152^1.p,TH0,Theorem,timeout,na,2582,130,13,130,1,0,0,0,0,
no_finite_o_quantification,ITP/ITP152^2.p,TH1,Theorem,timeout,na,3062,29,2,29,1,0,0,0,0,
no_finite_o_quantification,ITP/ITP153^1.p,TH0,Theorem,timeout,na,2511,340,21,340,13,8,0,0,0,
no_finite_o_quantification,ITP/ITP153^2.p,TH1,Theorem,timeout,na,2817,75,7,75,1,0,0,0,0,
no_finite_o_quantification,ITP/ITP154^1.p,TH0,Theorem,timeout,na,2539,620,37,620,27,15,0,0,0,
no_finite_o_quantification,ITP/ITP154^2.p,TH1,Theorem,timeout,na,2886,126,6,126,10,0,0,0,0,
no_finite_o_quantification,ITP/ITP155^1.p,TH0,Theorem,timeout,na,2568,320,20,320,14,2,0,0,0,
no_finite_o_quantification,ITP/ITP155^2.p,TH1,Theorem,timeout,na,2826,138,8,138,9,0,0,0,0,
no_finite_o_quantification,ITP/ITP156^1.p,TH0,Theorem,timeout,na,2470,518,26,518,89,12,0,1,0,
no_finite_o_quantification,ITP/ITP156^2.p,TH1,Theorem,timeout,na,2568,74,7,74,1,0,0,0,0,
no_finite_o_quantification,ITP/ITP157^1.p,TH0,Theorem,timeout,na,2556,186,18,186,1,0,0,0,0,
no_finite_o_quantification,ITP/ITP157^2.p,TH1,Theorem,timeout,na,2858,34,3,34,1,0,0,0,0,
no_finite_o_quantification,ITP/ITP158^1.p,TH0,Theorem,timeout,na,2780,602,48,602,16,0,0,0,0,
no_finite_o_quantification,ITP/ITP158^2.p,TH1,Theorem,timeout,na,3353,294,25,294,4,0,0,0,0,
no_finite_o_quantification,ITP/ITP159^1.p,TH0,Theorem,timeout,na,2540,2257,82,2257,159,84,0,0,0,
no_finite_o_quantification,ITP/ITP159^2.p,TH1,Theorem,timeout,na,2728,701,58,701,16,0,0,0,0,
no_finite_o_quantification,ITP/ITP160^1.p,TH0,Theorem,timeout,na,3437,0,0,0,1,0,0,0,0,
no_finite_o_quantification,ITP/ITP160^2.p,TH1,Theorem,timeout,na,4626,7,0,7,1,0,0,0,0,
no_finite_o_quantification,ITP/ITP161^1.p,TH0,Theorem,timeout,na,2596,1027,66,1027,58,16,0,0,0,
no_finite_o_quantification,ITP/ITP161^2.p,TH1,Theorem,timeout,na,2803,124,12,124,1,0,0,0,0,
no_finite_o_quantification,ITP/ITP162^1.p,TH0,Theorem,timeout,na,2558,472,31,472,39,8,0,0,0,
no_finite_o_quantification,ITP/ITP162^2.p,TH1,Theorem,timeout,na,2499,203,17,204,4,0,0,0,0,
no_finite_o_quantification,ITP/ITP163^1.p,TH0,Theorem,timeout,na,2394,344,24,344,22,0,0,0,0,
no_finite_o_quantification,ITP/ITP163^2.p,TH1,Theorem,timeout,na,2699,95,9,95,1,0,0,0,0,
no_finite_o_quantification,ITP/ITP164^1.p,TH0,Theorem,timeout,na,2474,424,12,424,48,10,0,0,0,
no_finite_o_quantification,ITP/ITP164^2.p,TH1,Theorem,timeout,na,2643,767,64,767,16,0,0,0,0,
no_finite_o_quantification,ITP/ITP165^1.p,TH0,Theorem,timeout,na,2558,502,33,502,76,3,0,0,0,
no_finite_o_quantification,ITP/ITP165^2.p,TH1,Theorem,timeout,na,2438,220,15,220,10,0,0,0,0,
no_finite_o_quantification,ITP/ITP166^1.p,TH0,Theorem,timeout,na,2723,0,0,0,1,0,0,0,0,
no_finite_o_quantification,ITP/ITP166^2.p,TH1,Theorem,timeout,na,3129,9,0,9,1,0,0,0,0,
no_finite_o_quantification,ITP/ITP167^1.p,TH0,Theorem,timeout,na,2979,0,0,0,1,0,0,0,0,
no_finite_o_quantification,ITP/ITP167^2.p,TH1,Theorem,timeout,na,3234,5,0,5,1,0,0,0,0,
no_finite_o_quantification,ITP/ITP168^1.p,TH0,Theorem,timeout,na,2659,29,2,29,1,0,0,0,0,
no_finite_o_quantification,ITP/ITP168^2.p,TH1,Theorem,timeout,na,2542,147,14,147,1,0,0,0,0,
no_finite_o_quantification,ITP/ITP169^1.p,TH0,Theorem,timeout,na,2898,2292,141,2292,125,12,0,0,0,
no_finite_o_quantification,ITP/ITP169^2.p,TH1,Theorem,timeout,na,3099,1235,76,1235,76,39,0,0,0,
no_finite_o_quantification,ITP/ITP170^1.p,TH0,Theorem,timeout,na,2580,2258,59,2258,215,0,0,0,0,
no_finite_o_quantification,ITP/ITP170^2.p,TH1,Theorem,timeout,na,2562,674,64,674,4,0,0,0,0,
no_finite_o_quantification,ITP/ITP171^1.p,TH0,Theorem,timeout,na,3057,57,5,57,1,0,0,0,0,
no_finite_o_quantification,ITP/ITP171^2.p,TH1,Theorem,parse_timeout,na,0,,,,,,,,,cached: parse exceeded 5000ms
no_finite_o_quantification,ITP/ITP172^1.p,TH0,Theorem,timeout,na,2676,2849,239,2849,95,0,0,0,0,
no_finite_o_quantification,ITP/ITP172^2.p,TH1,Theorem,timeout,na,3542,60,6,60,1,0,0,0,0,
no_finite_o_quantification,ITP/ITP173^1.p,TH0,Theorem,timeout,na,3199,272,25,272,2,0,0,0,0,
no_finite_o_quantification,ITP/ITP173^2.p,TH1,Theorem,parse_timeout,na,0,,,,,,,,,cached: parse exceeded 5000ms
no_finite_o_quantification,ITP/ITP174^1.p,TH0,Theorem,timeout,na,3195,236,22,236,2,0,0,0,0,
no_finite_o_quantification,ITP/ITP174^2.p,TH1,Theorem,parse_timeout,na,0,,,,,,,,,cached: parse exceeded 5000ms
no_finite_o_quantification,ITP/ITP175^1.p,TH0,Theorem,timeout,na,2542,382,23,382,16,8,0,0,0,
no_finite_o_quantification,ITP/ITP175^2.p,TH1,Theorem,timeout,na,3125,50,5,50,1,0,0,0,0,
no_finite_o_quantification,ITP/ITP176^1.p,TH0,Theorem,timeout,na,2484,537,25,537,116,11,0,0,0,
no_finite_o_quantification,ITP/ITP176^2.p,TH1,Theorem,timeout,na,2859,22,2,22,1,0,0,0,0,
no_finite_o_quantification,ITP/ITP177^1.p,TH0,Theorem,timeout,na,2629,1674,138,1674,85,14,0,6,0,
no_finite_o_quantification,ITP/ITP177^2.p,TH1,Theorem,timeout,na,3305,34,3,34,2,0,0,2,0,
no_finite_o_quantification,ITP/ITP178^1.p,TH0,Theorem,timeout,na,2511,581,45,581,16,0,0,0,0,
no_finite_o_quantification,ITP/ITP178^2.p,TH1,Theorem,timeout,na,3651,0,0,0,1,0,0,0,0,
no_finite_o_quantification,ITP/ITP179^1.p,TH0,Theorem,timeout,na,2586,3658,206,3658,251,6,0,0,0,
no_finite_o_quantification,ITP/ITP179^2.p,TH1,Theorem,timeout,na,3099,26,2,26,1,0,0,0,0,
no_finite_o_quantification,ITP/ITP180^1.p,TH0,Theorem,timeout,na,2495,584,38,584,32,1,0,0,0,
no_finite_o_quantification,ITP/ITP180^2.p,TH1,Theorem,timeout,na,3086,52,4,52,2,1,0,0,0,
no_finite_o_quantification,ITP/ITP181^1.p,TH0,Theorem,timeout,na,2707,510,50,510,2,0,0,1,0,
no_finite_o_quantification,ITP/ITP181^2.p,TH1,Theorem,timeout,na,2714,57,5,57,1,0,0,0,0,
no_finite_o_quantification,ITP/ITP182^1.p,TH0,Theorem,timeout,na,2842,1591,127,1591,176,6,0,1,0,
no_finite_o_quantification,ITP/ITP182^2.p,TH1,Theorem,parser_error,na,0,,,,,,,,,cached: Failed to parse formula 'fact_105_neg__eqvt': [byte:41884] Type Error: Cannot unify strict function types of different arities.
no_finite_o_quantification,ITP/ITP183^1.p,TH0,Theorem,timeout,na,2643,437,43,437,2,0,0,1,0,
no_finite_o_quantification,ITP/ITP183^2.p,TH1,Theorem,timeout,na,2711,206,20,206,1,0,0,0,0,
no_finite_o_quantification,ITP/ITP184^1.p,TH0,Theorem,timeout,na,3103,755,47,755,156,1,0,0,0,
no_finite_o_quantification,ITP/ITP184^2.p,TH1,Theorem,timeout,na,2772,82,8,82,1,0,0,0,0,
no_finite_o_quantification,ITP/ITP185^1.p,TH0,Theorem,timeout,na,3300,181,18,181,1,0,0,0,0,
no_finite_o_quantification,ITP/ITP185^2.p,TH1,Theorem,timeout,na,2667,309,28,309,4,0,0,0,0,
no_finite_o_quantification,ITP/ITP186^1.p,TH0,Theorem,timeout,na,3459,220,22,220,1,0,0,0,0,
no_finite_o_quantification,ITP/ITP186^2.p,TH1,Theorem,timeout,na,2692,297,26,297,5,0,0,0,0,
no_finite_o_quantification,ITP/ITP187^1.p,TH0,Theorem,timeout,na,2867,411,40,411,2,0,0,1,0,
no_finite_o_quantification,ITP/ITP187^2.p,TH1,Theorem,timeout,na,2776,69,6,69,1,0,0,0,0,
no_finite_o_quantification,ITP/ITP188^1.p,TH0,Theorem,timeout,na,2864,445,44,445,2,0,0,1,0,
no_finite_o_quantification,ITP/ITP188^2.p,TH1,Theorem,timeout,na,2790,61,6,61,1,0,0,0,0,
no_finite_o_quantification,ITP/ITP189^1.p,TH0,Theorem,timeout,na,2676,433,41,433,2,0,0,1,0,
no_finite_o_quantification,ITP/ITP189^2.p,TH1,Theorem,timeout,na,2735,150,15,150,1,0,0,0,0,
no_finite_o_quantification,ITP/ITP190^1.p,TH0,Theorem,timeout,na,2667,859,78,859,17,1,0,1,0,
no_finite_o_quantification,ITP/ITP190^2.p,TH1,Theorem,parser_error,na,0,,,,,,,,,cached: Failed to parse formula 'fact_91_neg__eqvt': [byte:28038] Type Error: Cannot unify strict function types of different arities.
no_finite_o_quantification,ITP/ITP191^1.p,TH0,ContradictoryAxioms,timeout,na,2744,520,50,520,2,0,0,1,0,
no_finite_o_quantification,ITP/ITP191^2.p,TH1,ContradictoryAxioms,parser_error,na,0,,,,,,,,,cached: Failed to parse formula 'fact_154_neg__eqvt': [byte:53412] Type Error: Cannot unify strict function types of different arities.
no_finite_o_quantification,ITP/ITP192^1.p,TH0,Theorem,timeout,na,2898,445,39,445,4,0,0,1,0,
no_finite_o_quantification,ITP/ITP192^2.p,TH1,Theorem,timeout,na,2782,109,10,109,1,0,0,0,0,
no_finite_o_quantification,ITP/ITP193^1.p,TH0,Theorem,timeout,na,2481,596,35,596,69,0,0,0,0,
no_finite_o_quantification,ITP/ITP193^2.p,TH1,Theorem,timeout,na,2466,586,49,586,10,3,0,1,0,
no_finite_o_quantification,ITP/ITP194^1.p,TH0,Theorem,timeout,na,2410,739,2,739,123,9,0,0,0,
no_finite_o_quantification,ITP/ITP194^2.p,TH1,Theorem,timeout,na,2490,2673,147,2673,153,50,0,0,0,
no_finite_o_quantification,ITP/ITP195^1.p,TH0,Theorem,timeout,na,2537,2805,2,2805,400,50,0,0,0,
no_finite_o_quantification,ITP/ITP195^2.p,TH1,Theorem,timeout,na,2489,2368,125,2368,185,31,0,1,0,
no_finite_o_quantification,ITP/ITP196^1.p,TH0,Theorem,timeout,na,2746,0,0,0,1,0,0,0,0,
no_finite_o_quantification,ITP/ITP196^2.p,TH1,Theorem,timeout,na,3209,0,0,0,1,0,0,0,0,
no_finite_o_quantification,ITP/ITP197^1.p,TH0,Theorem,timeout,na,2498,136,7,136,9,0,0,0,0,
no_finite_o_quantification,ITP/ITP197^2.p,TH1,Theorem,timeout,na,2527,122,6,122,9,0,0,0,0,
no_finite_o_quantification,ITP/ITP198^1.p,TH0,Theorem,timeout,na,2955,80,8,80,1,0,0,0,0,
no_finite_o_quantification,ITP/ITP198^2.p,TH1,Theorem,timeout,na,3007,0,0,0,1,0,0,0,0,
no_finite_o_quantification,ITP/ITP199^1.p,TH0,Theorem,timeout,na,2465,350,8,350,40,9,0,0,0,
no_finite_o_quantification,ITP/ITP199^2.p,TH1,Theorem,timeout,na,2609,114,4,114,7,0,0,0,0,
no_finite_o_quantification,ITP/ITP200^1.p,TH0,Theorem,timeout,na,2661,211,15,211,12,0,0,0,0,
no_finite_o_quantification,ITP/ITP200^2.p,TH1,Theorem,timeout,na,3056,415,30,415,16,0,0,0,0,
no_finite_o_quantification,ITP/ITP201^1.p,TH0,Theorem,timeout,na,2400,242,15,242,8,0,0,0,0,
no_finite_o_quantification,ITP/ITP201^2.p,TH1,Theorem,timeout,na,2898,74,6,74,2,0,0,0,0,
no_finite_o_quantification,ITP/ITP202^1.p,TH0,Theorem,timeout,na,2837,1,0,1,1,0,0,0,0,
no_finite_o_quantification,ITP/ITP202^2.p,TH1,Theorem,timeout,na,4282,0,0,0,1,0,0,0,0,
no_finite_o_quantification,ITP/ITP203^1.p,TH0,Theorem,timeout,na,2758,0,0,0,1,0,0,0,0,
no_finite_o_quantification,ITP/ITP203^2.p,TH1,Theorem,timeout,na,4322,0,0,0,1,0,0,0,0,
no_finite_o_quantification,ITP/ITP204^1.p,TH0,Theorem,timeout,na,2584,0,0,0,1,0,0,0,0,
no_finite_o_quantification,ITP/ITP204^2.p,TH1,Theorem,timeout,na,3217,0,0,0,1,0,0,0,0,
no_finite_o_quantification,ITP/ITP205^1.p,TH0,Theorem,timeout,na,2440,113,11,113,1,0,0,0,0,
no_finite_o_quantification,ITP/ITP205^2.p,TH1,Theorem,timeout,na,2945,77,7,77,1,0,0,0,0,
no_finite_o_quantification,ITP/ITP206^1.p,TH0,Theorem,parse_timeout,na,0,,,,,,,,,cached: parse exceeded 5000ms
no_finite_o_quantification,ITP/ITP206^2.p,TH1,Theorem,parse_timeout,na,0,,,,,,,,,cached: parse exceeded 5000ms
no_finite_o_quantification,ITP/ITP206^3.p,TH0,Theorem,parse_timeout,na,0,,,,,,,,,cached: parse exceeded 5000ms
no_finite_o_quantification,ITP/ITP206^4.p,TH1,Theorem,parse_timeout,na,0,,,,,,,,,cached: parse exceeded 5000ms
no_finite_o_quantification,ITP/ITP207^1.p,TH0,Theorem,parser_error,na,0,,,,,,,,,cached: Failed to parse formula 'fact_1254_of__bool__not__iff': [byte:596062] Type Error: Cannot unify strict function types of different arities.
no_finite_o_quantification,ITP/ITP207^2.p,TH1,Theorem,parser_error,na,0,,,,,,,,,cached: Failed to parse formula 'fact_484_of__bool__not__iff': [byte:260957] Type Error: Cannot unify strict function types of different arities.
no_finite_o_quantification,ITP/ITP207^3.p,TH0,Theorem,parser_error,na,0,,,,,,,,,cached: Failed to parse formula 'fact_1254_of__bool__not__iff': [byte:596062] Type Error: Cannot unify strict function types of different arities.
no_finite_o_quantification,ITP/ITP207^4.p,TH1,Theorem,parser_error,na,0,,,,,,,,,cached: Failed to parse formula 'fact_484_of__bool__not__iff': [byte:260957] Type Error: Cannot unify strict function types of different arities.
no_finite_o_quantification,ITP/ITP208^1.p,TH0,Theorem,parse_timeout,na,0,,,,,,,,,cached: parse exceeded 5000ms
no_finite_o_quantification,ITP/ITP208^2.p,TH1,Theorem,parser_error,na,0,,,,,,,,,cached: Failed to parse formula 'fact_1166_modulo__int__unfold': [byte:432712] Type Error: Cannot unify strict function types of different arities.
no_finite_o_quantification,ITP/ITP208^3.p,TH0,Theorem,parse_timeout,na,0,,,,,,,,,cached: parse exceeded 5000ms
no_finite_o_quantification,ITP/ITP208^4.p,TH1,Theorem,parser_error,na,0,,,,,,,,,cached: Failed to parse formula 'fact_1166_modulo__int__unfold': [byte:432712] Type Error: Cannot unify strict function types of different arities.
no_finite_o_quantification,ITP/ITP209^1.p,TH0,Theorem,timeout,na,2070,1591,71,1591,129,81,0,0,0,
no_finite_o_quantification,ITP/ITP209^2.p,TH1,Theorem,timeout,na,2055,1306,90,1306,91,0,0,0,0,
no_finite_o_quantification,ITP/ITP209^3.p,TH0,Theorem,timeout,na,2051,1300,73,1300,107,47,0,0,0,
no_finite_o_quantification,ITP/ITP209^4.p,TH1,Theorem,timeout,na,2057,1387,98,1387,96,0,0,0,0,
no_finite_o_quantification,ITP/ITP210^1.p,TH0,Theorem,parse_timeout,na,0,,,,,,,,,cached: parse exceeded 5000ms
no_finite_o_quantification,ITP/ITP210^2.p,TH1,Theorem,parse_timeout,na,0,,,,,,,,,cached: parse exceeded 5000ms
no_finite_o_quantification,ITP/ITP210^3.p,TH0,Theorem,parse_timeout,na,0,,,,,,,,,cached: parse exceeded 5000ms
no_finite_o_quantification,ITP/ITP210^4.p,TH1,Theorem,parse_timeout,na,0,,,,,,,,,cached: parse exceeded 5000ms
no_finite_o_quantification,ITP/ITP211^1.p,TH0,Theorem,parse_timeout,na,0,,,,,,,,,cached: parse exceeded 5000ms
no_finite_o_quantification,ITP/ITP211^2.p,TH1,Theorem,parse_timeout,na,0,,,,,,,,,cached: parse exceeded 5000ms
no_finite_o_quantification,ITP/ITP211^3.p,TH0,Theorem,parse_timeout,na,0,,,,,,,,,cached: parse exceeded 5000ms
no_finite_o_quantification,ITP/ITP211^4.p,TH1,Theorem,parse_timeout,na,0,,,,,,,,,cached: parse exceeded 5000ms
no_finite_o_quantification,ITP/ITP212^1.p,TH0,Theorem,parse_timeout,na,0,,,,,,,,,cached: parse exceeded 5000ms
no_finite_o_quantification,ITP/ITP212^2.p,TH1,Theorem,parse_timeout,na,0,,,,,,,,,cached: parse exceeded 5000ms
no_finite_o_quantification,ITP/ITP212^3.p,TH0,Theorem,parse_timeout,na,0,,,,,,,,,cached: parse exceeded 5000ms
no_finite_o_quantification,ITP/ITP212^4.p,TH1,Theorem,parse_timeout,na,0,,,,,,,,,cached: parse exceeded 5000ms
no_finite_o_quantification,ITP/ITP213^1.p,TH0,Theorem,parse_timeout,na,0,,,,,,,,,cached: parse exceeded 5000ms
no_finite_o_quantification,ITP/ITP213^2.p,TH1,Theorem,parse_timeout,na,0,,,,,,,,,cached: parse exceeded 5000ms
no_finite_o_quantification,ITP/ITP213^3.p,TH0,Theorem,parse_timeout,na,0,,,,,,,,,cached: parse exceeded 5000ms
no_finite_o_quantification,ITP/ITP213^4.p,TH1,Theorem,parse_timeout,na,0,,,,,,,,,cached: parse exceeded 5000ms
no_finite_o_quantification,ITP/ITP214^1.p,TH0,Theorem,parse_timeout,na,0,,,,,,,,,cached: parse exceeded 5000ms
no_finite_o_quantification,ITP/ITP214^2.p,TH1,Theorem,parse_timeout,na,0,,,,,,,,,cached: parse exceeded 5000ms
no_finite_o_quantification,ITP/ITP214^3.p,TH0,Theorem,parse_timeout,na,0,,,,,,,,,cached: parse exceeded 5000ms
no_finite_o_quantification,ITP/ITP214^4.p,TH1,Theorem,parse_timeout,na,0,,,,,,,,,cached: parse exceeded 5000ms
no_finite_o_quantification,ITP/ITP215^1.p,TH0,Theorem,parse_timeout,na,0,,,,,,,,,cached: parse exceeded 5000ms
no_finite_o_quantification,ITP/ITP215^2.p,TH1,Theorem,parse_timeout,na,0,,,,,,,,,cached: parse exceeded 5000ms
no_finite_o_quantification,ITP/ITP215^3.p,TH0,Theorem,parse_timeout,na,0,,,,,,,,,cached: parse exceeded 5000ms
no_finite_o_quantification,ITP/ITP215^4.p,TH1,Theorem,parse_timeout,na,0,,,,,,,,,cached: parse exceeded 5000ms
no_finite_o_quantification,ITP/ITP216^1.p,TH0,Theorem,parse_timeout,na,0,,,,,,,,,cached: parse exceeded 5000ms
no_finite_o_quantification,ITP/ITP216^2.p,TH1,Theorem,parse_timeout,na,0,,,,,,,,,cached: parse exceeded 5000ms
no_finite_o_quantification,ITP/ITP216^3.p,TH0,Theorem,parse_timeout,na,0,,,,,,,,,cached: parse exceeded 5000ms
no_finite_o_quantification,ITP/ITP216^4.p,TH1,Theorem,parse_timeout,na,0,,,,,,,,,cached: parse exceeded 5000ms
no_finite_o_quantification,ITP/ITP217^1.p,TH0,Theorem,parse_timeout,na,0,,,,,,,,,cached: parse exceeded 5000ms
no_finite_o_quantification,ITP/ITP217^2.p,TH1,Theorem,parse_timeout,na,0,,,,,,,,,cached: parse exceeded 5000ms
no_finite_o_quantification,ITP/ITP217^3.p,TH0,Theorem,parse_timeout,na,0,,,,,,,,,cached: parse exceeded 5000ms
no_finite_o_quantification,ITP/ITP217^4.p,TH1,Theorem,parse_timeout,na,0,,,,,,,,,cached: parse exceeded 5000ms
no_finite_o_quantification,ITP/ITP218^1.p,TH0,Theorem,parse_timeout,na,0,,,,,,,,,cached: parse exceeded 5000ms
no_finite_o_quantification,ITP/ITP218^2.p,TH1,Theorem,parse_timeout,na,0,,,,,,,,,cached: parse exceeded 5000ms
no_finite_o_quantification,ITP/ITP218^3.p,TH0,Theorem,parse_timeout,na,0,,,,,,,,,cached: parse exceeded 5000ms
no_finite_o_quantification,ITP/ITP218^4.p,TH1,Theorem,parse_timeout,na,0,,,,,,,,,cached: parse exceeded 5000ms
no_finite_o_quantification,ITP/ITP219^1.p,TH0,Theorem,parse_timeout,na,0,,,,,,,,,cached: parse exceeded 5000ms
no_finite_o_quantification,ITP/ITP219^2.p,TH1,Theorem,parse_timeout,na,0,,,,,,,,,cached: parse exceeded 5000ms
no_finite_o_quantification,ITP/ITP219^3.p,TH0,Theorem,parse_timeout,na,0,,,,,,,,,cached: parse exceeded 5000ms
no_finite_o_quantification,ITP/ITP219^4.p,TH1,Theorem,parse_timeout,na,0,,,,,,,,,cached: parse exceeded 5000ms
no_finite_o_quantification,ITP/ITP220^1.p,TH0,Theorem,parser_error,na,0,,,,,,,,,cached: Failed to parse formula 'fact_1819_of__bool__not__iff': [byte:567961] Type Error: Cannot unify strict function types of different arities.
no_finite_o_quantification,ITP/ITP220^2.p,TH1,Theorem,parser_error,na,0,,,,,,,,,cached: Failed to parse formula 'fact_672_of__bool__not__iff': [byte:271370] Type Error: Cannot unify strict function types of different arities.
no_finite_o_quantification,ITP/ITP220^3.p,TH0,Theorem,parser_error,na,0,,,,,,,,,cached: Failed to parse formula 'fact_1819_of__bool__not__iff': [byte:567961] Type Error: Cannot unify strict function types of different arities.
no_finite_o_quantification,ITP/ITP220^4.p,TH1,Theorem,parser_error,na,0,,,,,,,,,cached: Failed to parse formula 'fact_672_of__bool__not__iff': [byte:271370] Type Error: Cannot unify strict function types of different arities.
no_finite_o_quantification,ITP/ITP221^1.p,TH0,Theorem,parse_timeout,na,0,,,,,,,,,cached: parse exceeded 5000ms
no_finite_o_quantification,ITP/ITP221^2.p,TH1,Theorem,parser_error,na,0,,,,,,,,,cached: Failed to parse formula 'fact_1110_of__bool__odd__eq__mod__2': [byte:414489] Type Error: Cannot unify strict function types of different arities.
no_finite_o_quantification,ITP/ITP221^3.p,TH0,Theorem,parse_timeout,na,0,,,,,,,,,cached: parse exceeded 5000ms
no_finite_o_quantification,ITP/ITP221^4.p,TH1,Theorem,parser_error,na,0,,,,,,,,,cached: Failed to parse formula 'fact_1110_of__bool__odd__eq__mod__2': [byte:414489] Type Error: Cannot unify strict function types of different arities.
no_finite_o_quantification,ITP/ITP222^1.p,TH0,Theorem,parse_timeout,na,0,,,,,,,,,cached: parse exceeded 5000ms
no_finite_o_quantification,ITP/ITP222^2.p,TH1,Theorem,parse_timeout,na,0,,,,,,,,,cached: parse exceeded 5000ms
no_finite_o_quantification,ITP/ITP222^3.p,TH0,Theorem,parse_timeout,na,0,,,,,,,,,cached: parse exceeded 5000ms
no_finite_o_quantification,ITP/ITP222^4.p,TH1,Theorem,parse_timeout,na,0,,,,,,,,,cached: parse exceeded 5000ms
no_finite_o_quantification,ITP/ITP223^1.p,TH0,Theorem,parse_timeout,na,0,,,,,,,,,cached: parse exceeded 5000ms
no_finite_o_quantification,ITP/ITP223^2.p,TH1,Theorem,parse_timeout,na,0,,,,,,,,,cached: parse exceeded 5000ms
no_finite_o_quantification,ITP/ITP223^3.p,TH0,Theorem,parse_timeout,na,0,,,,,,,,,cached: parse exceeded 5000ms
no_finite_o_quantification,ITP/ITP223^4.p,TH1,Theorem,parse_timeout,na,0,,,,,,,,,cached: parse exceeded 5000ms
no_finite_o_quantification,ITP/ITP224^1.p,TH0,ContradictoryAxioms,parse_timeout,na,0,,,,,,,,,cached: parse exceeded 5000ms
no_finite_o_quantification,ITP/ITP224^2.p,TH1,ContradictoryAxioms,parser_error,na,0,,,,,,,,,cached: Failed to parse formula 'fact_1485_of__bool__not__iff': [byte:533452] Type Error: Cannot unify strict function types of different arities.
no_finite_o_quantification,ITP/ITP224^3.p,TH0,ContradictoryAxioms,parse_timeout,na,0,,,,,,,,,cached: parse exceeded 5000ms
no_finite_o_quantification,ITP/ITP224^4.p,TH1,ContradictoryAxioms,parser_error,na,0,,,,,,,,,cached: Failed to parse formula 'fact_1485_of__bool__not__iff': [byte:533452] Type Error: Cannot unify strict function types of different arities.
no_finite_o_quantification,ITP/ITP225^1.p,TH0,Theorem,parse_timeout,na,0,,,,,,,,,cached: parse exceeded 5000ms
no_finite_o_quantification,ITP/ITP225^2.p,TH1,Theorem,parse_timeout,na,0,,,,,,,,,cached: parse exceeded 5000ms
no_finite_o_quantification,ITP/ITP225^3.p,TH0,Theorem,parse_timeout,na,0,,,,,,,,,cached: parse exceeded 5000ms
no_finite_o_quantification,ITP/ITP225^4.p,TH1,Theorem,parse_timeout,na,0,,,,,,,,,cached: parse exceeded 5000ms
no_finite_o_quantification,ITP/ITP226^1.p,TH0,Theorem,parse_timeout,na,0,,,,,,,,,cached: parse exceeded 5000ms
no_finite_o_quantification,ITP/ITP226^2.p,TH1,Theorem,parse_timeout,na,0,,,,,,,,,cached: parse exceeded 5000ms
no_finite_o_quantification,ITP/ITP226^3.p,TH0,Theorem,parse_timeout,na,0,,,,,,,,,cached: parse exceeded 5000ms
no_finite_o_quantification,ITP/ITP226^4.p,TH1,Theorem,parse_timeout,na,0,,,,,,,,,cached: parse exceeded 5000ms
no_finite_o_quantification,ITP/ITP227^1.p,TH0,Theorem,parse_timeout,na,0,,,,,,,,,cached: parse exceeded 5000ms
no_finite_o_quantification,ITP/ITP227^2.p,TH1,Theorem,parse_timeout,na,0,,,,,,,,,cached: parse exceeded 5000ms
no_finite_o_quantification,ITP/ITP227^3.p,TH0,Theorem,parse_timeout,na,0,,,,,,,,,cached: parse exceeded 5000ms
no_finite_o_quantification,ITP/ITP227^4.p,TH1,Theorem,parse_timeout,na,0,,,,,,,,,cached: parse exceeded 5000ms
no_finite_o_quantification,ITP/ITP228^1.p,TH0,Theorem,parse_timeout,na,0,,,,,,,,,cached: parse exceeded 5000ms
no_finite_o_quantification,ITP/ITP228^2.p,TH1,Theorem,parse_timeout,na,0,,,,,,,,,cached: parse exceeded 5000ms
no_finite_o_quantification,ITP/ITP228^3.p,TH0,Theorem,parse_timeout,na,0,,,,,,,,,cached: parse exceeded 5000ms
no_finite_o_quantification,ITP/ITP228^4.p,TH1,Theorem,parse_timeout,na,0,,,,,,,,,cached: parse exceeded 5000ms
no_finite_o_quantification,ITP/ITP229^1.p,TH0,Theorem,parse_timeout,na,0,,,,,,,,,cached: parse exceeded 5000ms
no_finite_o_quantification,ITP/ITP229^2.p,TH1,Theorem,parse_timeout,na,0,,,,,,,,,cached: parse exceeded 5000ms
no_finite_o_quantification,ITP/ITP229^3.p,TH0,Theorem,parse_timeout,na,0,,,,,,,,,cached: parse exceeded 5000ms
no_finite_o_quantification,ITP/ITP229^4.p,TH1,Theorem,parse_timeout,na,0,,,,,,,,,cached: parse exceeded 5000ms
no_finite_o_quantification,ITP/ITP230^1.p,TH0,Theorem,parse_timeout,na,0,,,,,,,,,cached: parse exceeded 5000ms
no_finite_o_quantification,ITP/ITP230^2.p,TH1,Theorem,parse_timeout,na,0,,,,,,,,,cached: parse exceeded 5000ms
no_finite_o_quantification,ITP/ITP230^3.p,TH0,Theorem,parse_timeout,na,0,,,,,,,,,cached: parse exceeded 5000ms
no_finite_o_quantification,ITP/ITP230^4.p,TH1,Theorem,parse_timeout,na,0,,,,,,,,,cached: parse exceeded 5000ms
no_finite_o_quantification,ITP/ITP231^1.p,TH0,Theorem,parser_error,na,0,,,,,,,,,cached: Failed to parse formula 'fact_2020_modulo__int__unfold': [byte:753287] Type Error: Cannot unify strict function types of different arities.
no_finite_o_quantification,ITP/ITP231^2.p,TH1,Theorem,parse_timeout,na,0,,,,,,,,,cached: parse exceeded 5000ms
no_finite_o_quantification,ITP/ITP231^3.p,TH0,Theorem,parser_error,na,0,,,,,,,,,cached: Failed to parse formula 'fact_2020_modulo__int__unfold': [byte:753287] Type Error: Cannot unify strict function types of different arities.
no_finite_o_quantification,ITP/ITP231^4.p,TH1,Theorem,parse_timeout,na,0,,,,,,,,,cached: parse exceeded 5000ms
no_finite_o_quantification,ITP/ITP232^1.p,TH0,Theorem,parse_timeout,na,0,,,,,,,,,cached: parse exceeded 5000ms
no_finite_o_quantification,ITP/ITP232^2.p,TH1,Theorem,parse_timeout,na,0,,,,,,,,,cached: parse exceeded 5000ms
no_finite_o_quantification,ITP/ITP232^3.p,TH0,Theorem,parse_timeout,na,0,,,,,,,,,cached: parse exceeded 5000ms
no_finite_o_quantification,ITP/ITP232^4.p,TH1,Theorem,parse_timeout,na,0,,,,,,,,,cached: parse exceeded 5000ms
no_finite_o_quantification,ITP/ITP233^1.p,TH0,Theorem,parse_timeout,na,0,,,,,,,,,cached: parse exceeded 5000ms
no_finite_o_quantification,ITP/ITP233^2.p,TH1,Theorem,parse_timeout,na,0,,,,,,,,,cached: parse exceeded 5000ms
no_finite_o_quantification,ITP/ITP233^3.p,TH0,Theorem,parse_timeout,na,0,,,,,,,,,cached: parse exceeded 5000ms
no_finite_o_quantification,ITP/ITP233^4.p,TH1,Theorem,parse_timeout,na,0,,,,,,,,,cached: parse exceeded 5000ms
no_finite_o_quantification,ITP/ITP234^1.p,TH0,Theorem,parse_timeout,na,0,,,,,,,,,cached: parse exceeded 5000ms
no_finite_o_quantification,ITP/ITP234^2.p,TH1,Theorem,parse_timeout,na,0,,,,,,,,,cached: parse exceeded 5000ms
no_finite_o_quantification,ITP/ITP234^3.p,TH0,Theorem,parse_timeout,na,0,,,,,,,,,cached: parse exceeded 5000ms
no_finite_o_quantification,ITP/ITP234^4.p,TH1,Theorem,parse_timeout,na,0,,,,,,,,,cached: parse exceeded 5000ms
no_finite_o_quantification,ITP/ITP235^1.p,TH0,Theorem,parse_timeout,na,0,,,,,,,,,cached: parse exceeded 5000ms
no_finite_o_quantification,ITP/ITP235^2.p,TH1,Theorem,parse_timeout,na,0,,,,,,,,,cached: parse exceeded 5000ms
no_finite_o_quantification,ITP/ITP235^3.p,TH0,Theorem,parse_timeout,na,0,,,,,,,,,cached: parse exceeded 5000ms
no_finite_o_quantification,ITP/ITP235^4.p,TH1,Theorem,parse_timeout,na,0,,,,,,,,,cached: parse exceeded 5000ms
no_finite_o_quantification,ITP/ITP236^1.p,TH0,Theorem,parse_timeout,na,0,,,,,,,,,cached: parse exceeded 5000ms
no_finite_o_quantification,ITP/ITP236^2.p,TH1,Theorem,parse_timeout,na,0,,,,,,,,,cached: parse exceeded 5000ms
no_finite_o_quantification,ITP/ITP236^3.p,TH0,Theorem,parse_timeout,na,0,,,,,,,,,cached: parse exceeded 5000ms
no_finite_o_quantification,ITP/ITP236^4.p,TH1,Theorem,parse_timeout,na,0,,,,,,,,,cached: parse exceeded 5000ms
no_finite_o_quantification,ITP/ITP237^1.p,TH0,Theorem,parse_timeout,na,0,,,,,,,,,cached: parse exceeded 5000ms
no_finite_o_quantification,ITP/ITP237^2.p,TH1,Theorem,parse_timeout,na,0,,,,,,,,,cached: parse exceeded 5000ms
no_finite_o_quantification,ITP/ITP237^3.p,TH0,Theorem,parse_timeout,na,0,,,,,,,,,cached: parse exceeded 5000ms
no_finite_o_quantification,ITP/ITP237^4.p,TH1,Theorem,parse_timeout,na,0,,,,,,,,,cached: parse exceeded 5000ms
no_finite_o_quantification,ITP/ITP238^1.p,TH0,Theorem,parse_timeout,na,0,,,,,,,,,cached: parse exceeded 5000ms
no_finite_o_quantification,ITP/ITP238^2.p,TH1,Theorem,parse_timeout,na,0,,,,,,,,,cached: parse exceeded 5000ms
no_finite_o_quantification,ITP/ITP238^3.p,TH0,Theorem,parse_timeout,na,0,,,,,,,,,cached: parse exceeded 5000ms
no_finite_o_quantification,ITP/ITP238^4.p,TH1,Theorem,parse_timeout,na,0,,,,,,,,,cached: parse exceeded 5000ms
no_finite_o_quantification,ITP/ITP239^1.p,TH0,Theorem,parse_timeout,na,0,,,,,,,,,cached: parse exceeded 5000ms
no_finite_o_quantification,ITP/ITP239^2.p,TH1,Theorem,parse_timeout,na,0,,,,,,,,,cached: parse exceeded 5000ms
no_finite_o_quantification,ITP/ITP239^3.p,TH0,Theorem,parse_timeout,na,0,,,,,,,,,cached: parse exceeded 5000ms
no_finite_o_quantification,ITP/ITP239^4.p,TH1,Theorem,parse_timeout,na,0,,,,,,,,,cached: parse exceeded 5000ms
no_finite_o_quantification,ITP/ITP240^1.p,TH0,Theorem,parse_timeout,na,0,,,,,,,,,cached: parse exceeded 5000ms
no_finite_o_quantification,ITP/ITP240^2.p,TH1,Theorem,parse_timeout,na,0,,,,,,,,,cached: parse exceeded 5000ms
no_finite_o_quantification,ITP/ITP240^3.p,TH0,Theorem,parse_timeout,na,0,,,,,,,,,cached: parse exceeded 5000ms
no_finite_o_quantification,ITP/ITP240^4.p,TH1,Theorem,parse_timeout,na,0,,,,,,,,,cached: parse exceeded 5000ms
no_finite_o_quantification,ITP/ITP241^1.p,TH0,Theorem,parse_timeout,na,0,,,,,,,,,cached: parse exceeded 5000ms
no_finite_o_quantification,ITP/ITP241^2.p,TH1,Theorem,parse_timeout,na,0,,,,,,,,,cached: parse exceeded 5000ms
no_finite_o_quantification,ITP/ITP241^3.p,TH0,Theorem,parse_timeout,na,0,,,,,,,,,cached: parse exceeded 5000ms
no_finite_o_quantification,ITP/ITP241^4.p,TH1,Theorem,parse_timeout,na,0,,,,,,,,,cached: parse exceeded 5000ms
no_finite_o_quantification,ITP/ITP242^1.p,TH0,Theorem,parse_timeout,na,0,,,,,,,,,cached: parse exceeded 5000ms
no_finite_o_quantification,ITP/ITP242^2.p,TH1,Theorem,parse_timeout,na,0,,,,,,,,,cached: parse exceeded 5000ms
no_finite_o_quantification,ITP/ITP242^3.p,TH0,Theorem,parse_timeout,na,0,,,,,,,,,cached: parse exceeded 5000ms
no_finite_o_quantification,ITP/ITP242^4.p,TH1,Theorem,parse_timeout,na,0,,,,,,,,,cached: parse exceeded 5000ms
no_finite_o_quantification,ITP/ITP243^1.p,TH0,Theorem,parse_timeout,na,0,,,,,,,,,cached: parse exceeded 5000ms
no_finite_o_quantification,ITP/ITP243^2.p,TH1,Theorem,parse_timeout,na,0,,,,,,,,,cached: parse exceeded 5000ms
no_finite_o_quantification,ITP/ITP243^3.p,TH0,Theorem,parse_timeout,na,0,,,,,,,,,cached: parse exceeded 5000ms
no_finite_o_quantification,ITP/ITP243^4.p,TH1,Theorem,parse_timeout,na,0,,,,,,,,,cached: parse exceeded 5000ms
no_finite_o_quantification,ITP/ITP244^1.p,TH0,Theorem,parse_timeout,na,0,,,,,,,,,cached: parse exceeded 5000ms
no_finite_o_quantification,ITP/ITP244^2.p,TH1,Theorem,parse_timeout,na,0,,,,,,,,,cached: parse exceeded 5000ms
no_finite_o_quantification,ITP/ITP244^3.p,TH0,Theorem,parse_timeout,na,0,,,,,,,,,cached: parse exceeded 5000ms
no_finite_o_quantification,ITP/ITP244^4.p,TH1,Theorem,parse_timeout,na,0,,,,,,,,,cached: parse exceeded 5000ms
no_finite_o_quantification,ITP/ITP245^1.p,TH0,Theorem,parse_timeout,na,0,,,,,,,,,cached: parse exceeded 5000ms
no_finite_o_quantification,ITP/ITP245^2.p,TH1,Theorem,parse_timeout,na,0,,,,,,,,,cached: parse exceeded 5000ms
no_finite_o_quantification,ITP/ITP245^3.p,TH0,Theorem,parse_timeout,na,0,,,,,,,,,cached: parse exceeded 5000ms
no_finite_o_quantification,ITP/ITP245^4.p,TH1,Theorem,parse_timeout,na,0,,,,,,,,,cached: parse exceeded 5000ms
no_finite_o_quantification,ITP/ITP246^1.p,TH0,Theorem,parse_timeout,na,0,,,,,,,,,cached: parse exceeded 5000ms
no_finite_o_quantification,ITP/ITP246^2.p,TH1,Theorem,parse_timeout,na,0,,,,,,,,,cached: parse exceeded 5000ms
no_finite_o_quantification,ITP/ITP246^3.p,TH0,Theorem,parse_timeout,na,0,,,,,,,,,cached: parse exceeded 5000ms
no_finite_o_quantification,ITP/ITP246^4.p,TH1,Theorem,parse_timeout,na,0,,,,,,,,,cached: parse exceeded 5000ms
no_finite_o_quantification,ITP/ITP247^1.p,TH0,Theorem,parse_timeout,na,0,,,,,,,,,cached: parse exceeded 5000ms
no_finite_o_quantification,ITP/ITP247^2.p,TH1,Theorem,parse_timeout,na,0,,,,,,,,,cached: parse exceeded 5000ms
no_finite_o_quantification,ITP/ITP247^3.p,TH0,Theorem,parse_timeout,na,0,,,,,,,,,cached: parse exceeded 5000ms
no_finite_o_quantification,ITP/ITP247^4.p,TH1,Theorem,parse_timeout,na,0,,,,,,,,,cached: parse exceeded 5000ms
no_finite_o_quantification,ITP/ITP248^1.p,TH0,Theorem,parse_timeout,na,0,,,,,,,,,cached: parse exceeded 5000ms
no_finite_o_quantification,ITP/ITP248^2.p,TH1,Theorem,parse_timeout,na,0,,,,,,,,,cached: parse exceeded 5000ms
no_finite_o_quantification,ITP/ITP248^3.p,TH0,Theorem,parse_timeout,na,0,,,,,,,,,cached: parse exceeded 5000ms
no_finite_o_quantification,ITP/ITP248^4.p,TH1,Theorem,parse_timeout,na,0,,,,,,,,,cached: parse exceeded 5000ms
no_finite_o_quantification,ITP/ITP249^1.p,TH0,Theorem,parse_timeout,na,0,,,,,,,,,cached: parse exceeded 5000ms
no_finite_o_quantification,ITP/ITP249^2.p,TH1,Theorem,parse_timeout,na,0,,,,,,,,,cached: parse exceeded 5000ms
no_finite_o_quantification,ITP/ITP249^3.p,TH0,Theorem,parse_timeout,na,0,,,,,,,,,cached: parse exceeded 5000ms
no_finite_o_quantification,ITP/ITP249^4.p,TH1,Theorem,parse_timeout,na,0,,,,,,,,,cached: parse exceeded 5000ms
no_finite_o_quantification,ITP/ITP250^1.p,TH0,Theorem,parse_timeout,na,0,,,,,,,,,cached: parse exceeded 5000ms
no_finite_o_quantification,ITP/ITP250^2.p,TH1,Theorem,parse_timeout,na,0,,,,,,,,,cached: parse exceeded 5000ms
no_finite_o_quantification,ITP/ITP250^3.p,TH0,Theorem,parse_timeout,na,0,,,,,,,,,cached: parse exceeded 5000ms
no_finite_o_quantification,ITP/ITP250^4.p,TH1,Theorem,parse_timeout,na,0,,,,,,,,,cached: parse exceeded 5000ms
no_finite_o_quantification,ITP/ITP251^1.p,TH0,Theorem,parse_timeout,na,0,,,,,,,,,cached: parse exceeded 5000ms
no_finite_o_quantification,ITP/ITP251^2.p,TH1,Theorem,parse_timeout,na,0,,,,,,,,,cached: parse exceeded 5000ms
no_finite_o_quantification,ITP/ITP251^3.p,TH0,Theorem,parse_timeout,na,0,,,,,,,,,cached: parse exceeded 5000ms
no_finite_o_quantification,ITP/ITP251^4.p,TH1,Theorem,parse_timeout,na,0,,,,,,,,,cached: parse exceeded 5000ms
no_finite_o_quantification,ITP/ITP252^1.p,TH0,Theorem,parse_timeout,na,0,,,,,,,,,cached: parse exceeded 5000ms
no_finite_o_quantification,ITP/ITP252^2.p,TH1,Theorem,parse_timeout,na,0,,,,,,,,,cached: parse exceeded 5000ms
no_finite_o_quantification,ITP/ITP252^3.p,TH0,Theorem,parse_timeout,na,0,,,,,,,,,cached: parse exceeded 5000ms
no_finite_o_quantification,ITP/ITP252^4.p,TH1,Theorem,parse_timeout,na,0,,,,,,,,,cached: parse exceeded 5000ms
no_finite_o_quantification,ITP/ITP253^1.p,TH0,Theorem,parse_timeout,na,0,,,,,,,,,cached: parse exceeded 5000ms
no_finite_o_quantification,ITP/ITP253^2.p,TH1,Theorem,parse_timeout,na,0,,,,,,,,,cached: parse exceeded 5000ms
no_finite_o_quantification,ITP/ITP253^3.p,TH0,Theorem,parse_timeout,na,0,,,,,,,,,cached: parse exceeded 5000ms
no_finite_o_quantification,ITP/ITP253^4.p,TH1,Theorem,parse_timeout,na,0,,,,,,,,,cached: parse exceeded 5000ms
no_finite_o_quantification,ITP/ITP254^1.p,TH0,Theorem,parse_timeout,na,0,,,,,,,,,cached: parse exceeded 5000ms
no_finite_o_quantification,ITP/ITP254^2.p,TH1,Theorem,parse_timeout,na,0,,,,,,,,,cached: parse exceeded 5000ms
no_finite_o_quantification,ITP/ITP254^3.p,TH0,Theorem,parse_timeout,na,0,,,,,,,,,cached: parse exceeded 5000ms
no_finite_o_quantification,ITP/ITP254^4.p,TH1,Theorem,parse_timeout,na,0,,,,,,,,,cached: parse exceeded 5000ms
no_finite_o_quantification,ITP/ITP255^1.p,TH0,Theorem,parse_timeout,na,0,,,,,,,,,cached: parse exceeded 5000ms
no_finite_o_quantification,ITP/ITP255^2.p,TH1,Theorem,parse_timeout,na,0,,,,,,,,,cached: parse exceeded 5000ms
no_finite_o_quantification,ITP/ITP255^3.p,TH0,Theorem,parse_timeout,na,0,,,,,,,,,cached: parse exceeded 5000ms
no_finite_o_quantification,ITP/ITP255^4.p,TH1,Theorem,parse_timeout,na,0,,,,,,,,,cached: parse exceeded 5000ms
no_finite_o_quantification,ITP/ITP256^1.p,TH0,Theorem,parse_timeout,na,0,,,,,,,,,cached: parse exceeded 5000ms
no_finite_o_quantification,ITP/ITP256^2.p,TH1,Theorem,parse_timeout,na,0,,,,,,,,,cached: parse exceeded 5000ms
no_finite_o_quantification,ITP/ITP256^3.p,TH0,Theorem,parse_timeout,na,0,,,,,,,,,cached: parse exceeded 5000ms
no_finite_o_quantification,ITP/ITP256^4.p,TH1,Theorem,parse_timeout,na,0,,,,,,,,,cached: parse exceeded 5000ms
no_finite_o_quantification,ITP/ITP257^1.p,TH0,Theorem,parse_timeout,na,0,,,,,,,,,cached: parse exceeded 5000ms
no_finite_o_quantification,ITP/ITP257^2.p,TH1,Theorem,parse_timeout,na,0,,,,,,,,,cached: parse exceeded 5000ms
no_finite_o_quantification,ITP/ITP257^3.p,TH0,Theorem,parse_timeout,na,0,,,,,,,,,cached: parse exceeded 5000ms
no_finite_o_quantification,ITP/ITP257^4.p,TH1,Theorem,parse_timeout,na,0,,,,,,,,,cached: parse exceeded 5000ms
no_finite_o_quantification,ITP/ITP258^1.p,TH0,Theorem,parse_timeout,na,0,,,,,,,,,cached: parse exceeded 5000ms
no_finite_o_quantification,ITP/ITP258^2.p,TH1,Theorem,parse_timeout,na,0,,,,,,,,,cached: parse exceeded 5000ms
no_finite_o_quantification,ITP/ITP258^3.p,TH0,Theorem,parse_timeout,na,0,,,,,,,,,cached: parse exceeded 5000ms
no_finite_o_quantification,ITP/ITP258^4.p,TH1,Theorem,parse_timeout,na,0,,,,,,,,,cached: parse exceeded 5000ms
no_finite_o_quantification,ITP/ITP259^1.p,TH0,Theorem,parse_timeout,na,0,,,,,,,,,cached: parse exceeded 5000ms
no_finite_o_quantification,ITP/ITP259^2.p,TH1,Theorem,parse_timeout,na,0,,,,,,,,,cached: parse exceeded 5000ms
no_finite_o_quantification,ITP/ITP259^3.p,TH0,Theorem,parse_timeout,na,0,,,,,,,,,cached: parse exceeded 5000ms
no_finite_o_quantification,ITP/ITP259^4.p,TH1,Theorem,parse_timeout,na,0,,,,,,,,,cached: parse exceeded 5000ms
no_finite_o_quantification,ITP/ITP260^1.p,TH0,Theorem,parse_timeout,na,0,,,,,,,,,cached: parse exceeded 5000ms
no_finite_o_quantification,ITP/ITP260^2.p,TH1,Theorem,parse_timeout,na,0,,,,,,,,,cached: parse exceeded 5000ms
no_finite_o_quantification,ITP/ITP260^3.p,TH0,Theorem,parse_timeout,na,0,,,,,,,,,cached: parse exceeded 5000ms
no_finite_o_quantification,ITP/ITP260^4.p,TH1,Theorem,parse_timeout,na,0,,,,,,,,,cached: parse exceeded 5000ms
no_finite_o_quantification,ITP/ITP261^1.p,TH0,Theorem,parse_timeout,na,0,,,,,,,,,cached: parse exceeded 5000ms
no_finite_o_quantification,ITP/ITP261^2.p,TH1,Theorem,parse_timeout,na,0,,,,,,,,,cached: parse exceeded 5000ms
no_finite_o_quantification,ITP/ITP261^3.p,TH0,Theorem,parse_timeout,na,0,,,,,,,,,cached: parse exceeded 5000ms
no_finite_o_quantification,ITP/ITP261^4.p,TH1,Theorem,parse_timeout,na,0,,,,,,,,,cached: parse exceeded 5000ms
no_finite_o_quantification,ITP/ITP262^1.p,TH0,Theorem,parse_timeout,na,0,,,,,,,,,cached: parse exceeded 5000ms
no_finite_o_quantification,ITP/ITP262^2.p,TH1,Theorem,parse_timeout,na,0,,,,,,,,,cached: parse exceeded 5000ms
no_finite_o_quantification,ITP/ITP262^3.p,TH0,Theorem,parse_timeout,na,0,,,,,,,,,cached: parse exceeded 5000ms
no_finite_o_quantification,ITP/ITP262^4.p,TH1,Theorem,parse_timeout,na,0,,,,,,,,,cached: parse exceeded 5000ms
no_finite_o_quantification,ITP/ITP263^1.p,TH0,Theorem,parse_timeout,na,0,,,,,,,,,cached: parse exceeded 5000ms
no_finite_o_quantification,ITP/ITP263^2.p,TH1,Theorem,parse_timeout,na,0,,,,,,,,,cached: parse exceeded 5000ms
no_finite_o_quantification,ITP/ITP263^3.p,TH0,Theorem,parse_timeout,na,0,,,,,,,,,cached: parse exceeded 5000ms
no_finite_o_quantification,ITP/ITP263^4.p,TH1,Theorem,parse_timeout,na,0,,,,,,,,,cached: parse exceeded 5000ms
no_finite_o_quantification,ITP/ITP264^1.p,TH0,Theorem,parse_timeout,na,0,,,,,,,,,cached: parse exceeded 5000ms
no_finite_o_quantification,ITP/ITP264^2.p,TH1,Theorem,parse_timeout,na,0,,,,,,,,,cached: parse exceeded 5000ms
no_finite_o_quantification,ITP/ITP264^3.p,TH0,Theorem,parse_timeout,na,0,,,,,,,,,cached: parse exceeded 5000ms
no_finite_o_quantification,ITP/ITP264^4.p,TH1,Theorem,parse_timeout,na,0,,,,,,,,,cached: parse exceeded 5000ms
no_finite_o_quantification,ITP/ITP265^1.p,TH0,Theorem,parse_timeout,na,0,,,,,,,,,cached: parse exceeded 5000ms
no_finite_o_quantification,ITP/ITP265^2.p,TH1,Theorem,parse_timeout,na,0,,,,,,,,,cached: parse exceeded 5000ms
no_finite_o_quantification,ITP/ITP265^3.p,TH0,Theorem,parse_timeout,na,0,,,,,,,,,cached: parse exceeded 5000ms
no_finite_o_quantification,ITP/ITP265^4.p,TH1,Theorem,parse_timeout,na,0,,,,,,,,,cached: parse exceeded 5000ms
no_finite_o_quantification,ITP/ITP266^1.p,TH0,Theorem,parse_timeout,na,0,,,,,,,,,cached: parse exceeded 5000ms
no_finite_o_quantification,ITP/ITP266^2.p,TH1,Theorem,parse_timeout,na,0,,,,,,,,,cached: parse exceeded 5000ms
no_finite_o_quantification,ITP/ITP266^3.p,TH0,Theorem,parse_timeout,na,0,,,,,,,,,cached: parse exceeded 5000ms
no_finite_o_quantification,ITP/ITP266^4.p,TH1,Theorem,parse_timeout,na,0,,,,,,,,,cached: parse exceeded 5000ms
no_finite_o_quantification,ITP/ITP267^1.p,TH0,Theorem,parse_timeout,na,0,,,,,,,,,cached: parse exceeded 5000ms
no_finite_o_quantification,ITP/ITP267^2.p,TH1,Theorem,parse_timeout,na,0,,,,,,,,,cached: parse exceeded 5000ms
no_finite_o_quantification,ITP/ITP267^3.p,TH0,Theorem,parse_timeout,na,0,,,,,,,,,cached: parse exceeded 5000ms
no_finite_o_quantification,ITP/ITP267^4.p,TH1,Theorem,parse_timeout,na,0,,,,,,,,,cached: parse exceeded 5000ms
no_finite_o_quantification,ITP/ITP268^1.p,TH0,Theorem,parse_timeout,na,0,,,,,,,,,cached: parse exceeded 5000ms
no_finite_o_quantification,ITP/ITP268^2.p,TH1,Theorem,parse_timeout,na,0,,,,,,,,,cached: parse exceeded 5000ms
no_finite_o_quantification,ITP/ITP268^3.p,TH0,Theorem,parse_timeout,na,0,,,,,,,,,cached: parse exceeded 5000ms
no_finite_o_quantification,ITP/ITP268^4.p,TH1,Theorem,parse_timeout,na,0,,,,,,,,,cached: parse exceeded 5000ms
no_finite_o_quantification,ITP/ITP269^1.p,TH0,Theorem,parse_timeout,na,0,,,,,,,,,cached: parse exceeded 5000ms
no_finite_o_quantification,ITP/ITP269^2.p,TH1,Theorem,parse_timeout,na,0,,,,,,,,,cached: parse exceeded 5000ms
no_finite_o_quantification,ITP/ITP269^3.p,TH0,Theorem,parse_timeout,na,0,,,,,,,,,cached: parse exceeded 5000ms
no_finite_o_quantification,ITP/ITP269^4.p,TH1,Theorem,parse_timeout,na,0,,,,,,,,,cached: parse exceeded 5000ms
no_finite_o_quantification,ITP/ITP270^1.p,TH0,Theorem,parse_timeout,na,0,,,,,,,,,cached: parse exceeded 5000ms
no_finite_o_quantification,ITP/ITP270^2.p,TH1,Theorem,parse_timeout,na,0,,,,,,,,,cached: parse exceeded 5000ms
no_finite_o_quantification,ITP/ITP270^3.p,TH0,Theorem,parse_timeout,na,0,,,,,,,,,cached: parse exceeded 5000ms
no_finite_o_quantification,ITP/ITP270^4.p,TH1,Theorem,parse_timeout,na,0,,,,,,,,,cached: parse exceeded 5000ms
no_finite_o_quantification,ITP/ITP271^1.p,TH0,Theorem,parse_timeout,na,0,,,,,,,,,cached: parse exceeded 5000ms
no_finite_o_quantification,ITP/ITP271^2.p,TH1,Theorem,parse_timeout,na,0,,,,,,,,,cached: parse exceeded 5000ms
no_finite_o_quantification,ITP/ITP271^3.p,TH0,Theorem,parse_timeout,na,0,,,,,,,,,cached: parse exceeded 5000ms
no_finite_o_quantification,ITP/ITP271^4.p,TH1,Theorem,parse_timeout,na,0,,,,,,,,,cached: parse exceeded 5000ms
no_finite_o_quantification,ITP/ITP272^1.p,TH0,Theorem,parse_timeout,na,0,,,,,,,,,cached: parse exceeded 5000ms
no_finite_o_quantification,ITP/ITP272^2.p,TH1,Theorem,parse_timeout,na,0,,,,,,,,,cached: parse exceeded 5000ms
no_finite_o_quantification,ITP/ITP272^3.p,TH0,Theorem,parse_timeout,na,0,,,,,,,,,cached: parse exceeded 5000ms
no_finite_o_quantification,ITP/ITP272^4.p,TH1,Theorem,parse_timeout,na,0,,,,,,,,,cached: parse exceeded 5000ms
no_finite_o_quantification,ITP/ITP273^1.p,TH0,Theorem,parse_timeout,na,0,,,,,,,,,cached: parse exceeded 5000ms
no_finite_o_quantification,ITP/ITP273^2.p,TH1,Theorem,parse_timeout,na,0,,,,,,,,,cached: parse exceeded 5000ms
no_finite_o_quantification,ITP/ITP273^3.p,TH0,Theorem,parse_timeout,na,0,,,,,,,,,cached: parse exceeded 5000ms
no_finite_o_quantification,ITP/ITP273^4.p,TH1,Theorem,parse_timeout,na,0,,,,,,,,,cached: parse exceeded 5000ms
no_finite_o_quantification,ITP/ITP274^1.p,TH0,Theorem,parse_timeout,na,0,,,,,,,,,cached: parse exceeded 5000ms
no_finite_o_quantification,ITP/ITP274^2.p,TH1,Theorem,parse_timeout,na,0,,,,,,,,,cached: parse exceeded 5000ms
no_finite_o_quantification,ITP/ITP274^3.p,TH0,Theorem,parse_timeout,na,0,,,,,,,,,cached: parse exceeded 5000ms
no_finite_o_quantification,ITP/ITP274^4.p,TH1,Theorem,parse_timeout,na,0,,,,,,,,,cached: parse exceeded 5000ms
no_finite_o_quantification,ITP/ITP275^1.p,TH0,Theorem,parse_timeout,na,0,,,,,,,,,cached: parse exceeded 5000ms
no_finite_o_quantification,ITP/ITP275^2.p,TH1,Theorem,parser_error,na,0,,,,,,,,,cached: Failed to parse formula 'fact_1029_of__bool__odd__eq__mod__2': [byte:364945] Type Error: Cannot unify strict function types of different arities.
no_finite_o_quantification,ITP/ITP275^3.p,TH0,Theorem,parse_timeout,na,0,,,,,,,,,cached: parse exceeded 5000ms
no_finite_o_quantification,ITP/ITP275^4.p,TH1,Theorem,parser_error,na,0,,,,,,,,,cached: Failed to parse formula 'fact_1029_of__bool__odd__eq__mod__2': [byte:364945] Type Error: Cannot unify strict function types of different arities.
no_finite_o_quantification,ITP/ITP276^1.p,TH0,ContradictoryAxioms,parse_timeout,na,0,,,,,,,,,cached: parse exceeded 5000ms
no_finite_o_quantification,ITP/ITP276^2.p,TH1,ContradictoryAxioms,parse_timeout,na,0,,,,,,,,,cached: parse exceeded 5000ms
no_finite_o_quantification,ITP/ITP276^3.p,TH0,ContradictoryAxioms,parse_timeout,na,0,,,,,,,,,cached: parse exceeded 5000ms
no_finite_o_quantification,ITP/ITP276^4.p,TH1,ContradictoryAxioms,parse_timeout,na,0,,,,,,,,,cached: parse exceeded 5000ms
no_finite_o_quantification,ITP/ITP277^1.p,TH0,Theorem,parse_timeout,na,0,,,,,,,,,cached: parse exceeded 5000ms
no_finite_o_quantification,ITP/ITP277^2.p,TH1,Theorem,parse_timeout,na,0,,,,,,,,,cached: parse exceeded 5000ms
no_finite_o_quantification,ITP/ITP277^3.p,TH0,Theorem,parse_timeout,na,0,,,,,,,,,cached: parse exceeded 5000ms
no_finite_o_quantification,ITP/ITP277^4.p,TH1,Theorem,parse_timeout,na,0,,,,,,,,,cached: parse exceeded 5000ms
no_finite_o_quantification,ITP/ITP278^1.p,TH0,Theorem,parse_timeout,na,0,,,,,,,,,cached: parse exceeded 5000ms
no_finite_o_quantification,ITP/ITP278^2.p,TH1,Theorem,parse_timeout,na,0,,,,,,,,,cached: parse exceeded 5000ms
no_finite_o_quantification,ITP/ITP278^3.p,TH0,Theorem,parse_timeout,na,0,,,,,,,,,cached: parse exceeded 5000ms
no_finite_o_quantification,ITP/ITP278^4.p,TH1,Theorem,parse_timeout,na,0,,,,,,,,,cached: parse exceeded 5000ms
no_finite_o_quantification,ITP/ITP279^1.p,TH0,Theorem,parse_timeout,na,0,,,,,,,,,cached: parse exceeded 5000ms
no_finite_o_quantification,ITP/ITP279^2.p,TH1,Theorem,parse_timeout,na,0,,,,,,,,,cached: parse exceeded 5000ms
no_finite_o_quantification,ITP/ITP279^3.p,TH0,Theorem,parse_timeout,na,0,,,,,,,,,cached: parse exceeded 5000ms
no_finite_o_quantification,ITP/ITP279^4.p,TH1,Theorem,parse_timeout,na,0,,,,,,,,,cached: parse exceeded 5000ms
no_finite_o_quantification,ITP/ITP280^1.p,TH0,Theorem,parse_timeout,na,0,,,,,,,,,cached: parse exceeded 5000ms
no_finite_o_quantification,ITP/ITP280^2.p,TH1,Theorem,parser_error,na,0,,,,,,,,,cached: Failed to parse formula 'fact_1609_of__bool__not__iff': [byte:557970] Type Error: Cannot unify strict function types of different arities.
no_finite_o_quantification,ITP/ITP280^3.p,TH0,Theorem,parse_timeout,na,0,,,,,,,,,cached: parse exceeded 5000ms
no_finite_o_quantification,ITP/ITP280^4.p,TH1,Theorem,parser_error,na,0,,,,,,,,,cached: Failed to parse formula 'fact_1609_of__bool__not__iff': [byte:557970] Type Error: Cannot unify strict function types of different arities.
no_finite_o_quantification,ITP/ITP281^1.p,TH0,Theorem,parse_timeout,na,0,,,,,,,,,cached: parse exceeded 5000ms
no_finite_o_quantification,ITP/ITP281^2.p,TH1,Theorem,parse_timeout,na,0,,,,,,,,,cached: parse exceeded 5000ms
no_finite_o_quantification,ITP/ITP281^3.p,TH0,Theorem,parse_timeout,na,0,,,,,,,,,cached: parse exceeded 5000ms
no_finite_o_quantification,ITP/ITP281^4.p,TH1,Theorem,parse_timeout,na,0,,,,,,,,,cached: parse exceeded 5000ms
no_finite_o_quantification,ITP/ITP282^1.p,TH0,Theorem,parse_timeout,na,0,,,,,,,,,cached: parse exceeded 5000ms
no_finite_o_quantification,ITP/ITP282^2.p,TH1,Theorem,parser_error,na,0,,,,,,,,,cached: Failed to parse formula 'fact_923_of__bool__odd__eq__mod__2': [byte:350737] Type Error: Cannot unify strict function types of different arities.
no_finite_o_quantification,ITP/ITP282^3.p,TH0,Theorem,parse_timeout,na,0,,,,,,,,,cached: parse exceeded 5000ms
no_finite_o_quantification,ITP/ITP282^4.p,TH1,Theorem,parser_error,na,0,,,,,,,,,cached: Failed to parse formula 'fact_923_of__bool__odd__eq__mod__2': [byte:350737] Type Error: Cannot unify strict function types of different arities.
no_finite_o_quantification,ITP/ITP283^1.p,TH0,Theorem,parse_timeout,na,0,,,,,,,,,cached: parse exceeded 5000ms
no_finite_o_quantification,ITP/ITP283^2.p,TH1,Theorem,parse_timeout,na,0,,,,,,,,,cached: parse exceeded 5000ms
no_finite_o_quantification,ITP/ITP283^3.p,TH0,Theorem,parse_timeout,na,0,,,,,,,,,cached: parse exceeded 5000ms
no_finite_o_quantification,ITP/ITP283^4.p,TH1,Theorem,parse_timeout,na,0,,,,,,,,,cached: parse exceeded 5000ms
no_finite_o_quantification,ITP/ITP284^1.p,TH0,Theorem,parse_timeout,na,0,,,,,,,,,cached: parse exceeded 5000ms
no_finite_o_quantification,ITP/ITP284^2.p,TH1,Theorem,parser_error,na,0,,,,,,,,,cached: Failed to parse formula 'fact_1267_of__bool__odd__eq__mod__2': [byte:465803] Type Error: Cannot unify strict function types of different arities.
no_finite_o_quantification,ITP/ITP284^3.p,TH0,Theorem,parse_timeout,na,0,,,,,,,,,cached: parse exceeded 5000ms
no_finite_o_quantification,ITP/ITP284^4.p,TH1,Theorem,parser_error,na,0,,,,,,,,,cached: Failed to parse formula 'fact_1267_of__bool__odd__eq__mod__2': [byte:465803] Type Error: Cannot unify strict function types of different arities.
no_finite_o_quantification,ITP/ITP285^1.p,TH0,ContradictoryAxioms,parse_timeout,na,0,,,,,,,,,cached: parse exceeded 5000ms
no_finite_o_quantification,ITP/ITP285^2.p,TH1,Theorem,parse_timeout,na,0,,,,,,,,,cached: parse exceeded 5000ms
no_finite_o_quantification,ITP/ITP285^3.p,TH0,ContradictoryAxioms,parse_timeout,na,0,,,,,,,,,cached: parse exceeded 5000ms
no_finite_o_quantification,ITP/ITP285^4.p,TH1,Theorem,parse_timeout,na,0,,,,,,,,,cached: parse exceeded 5000ms
no_finite_o_quantification,ITP/ITP286^1.p,TH0,Theorem,parse_timeout,na,0,,,,,,,,,cached: parse exceeded 5000ms
no_finite_o_quantification,ITP/ITP286^2.p,TH1,Theorem,parse_timeout,na,0,,,,,,,,,cached: parse exceeded 5000ms
no_finite_o_quantification,ITP/ITP286^3.p,TH0,Theorem,parse_timeout,na,0,,,,,,,,,cached: parse exceeded 5000ms
no_finite_o_quantification,ITP/ITP286^4.p,TH1,Theorem,parse_timeout,na,0,,,,,,,,,cached: parse exceeded 5000ms
no_finite_o_quantification,ITP/ITP287^1.p,TH0,Theorem,parse_timeout,na,0,,,,,,,,,cached: parse exceeded 5000ms
no_finite_o_quantification,ITP/ITP287^2.p,TH1,Theorem,parse_timeout,na,0,,,,,,,,,cached: parse exceeded 5000ms
no_finite_o_quantification,ITP/ITP287^3.p,TH0,Theorem,parse_timeout,na,0,,,,,,,,,cached: parse exceeded 5000ms
no_finite_o_quantification,ITP/ITP287^4.p,TH1,Theorem,parse_timeout,na,0,,,,,,,,,cached: parse exceeded 5000ms
no_finite_o_quantification,ITP/ITP288^1.p,TH0,Theorem,parse_timeout,na,0,,,,,,,,,cached: parse exceeded 5000ms
no_finite_o_quantification,ITP/ITP288^2.p,TH1,Theorem,parse_timeout,na,0,,,,,,,,,cached: parse exceeded 5000ms
no_finite_o_quantification,ITP/ITP288^3.p,TH0,Theorem,parse_timeout,na,0,,,,,,,,,cached: parse exceeded 5000ms
no_finite_o_quantification,ITP/ITP288^4.p,TH1,Theorem,parse_timeout,na,0,,,,,,,,,cached: parse exceeded 5000ms
no_finite_o_quantification,ITP/ITP289^1.p,TH0,Theorem,parse_timeout,na,0,,,,,,,,,cached: parse exceeded 5000ms
no_finite_o_quantification,ITP/ITP289^2.p,TH1,Theorem,parse_timeout,na,0,,,,,,,,,cached: parse exceeded 5000ms
no_finite_o_quantification,ITP/ITP289^3.p,TH0,Theorem,parse_timeout,na,0,,,,,,,,,cached: parse exceeded 5000ms
no_finite_o_quantification,ITP/ITP289^4.p,TH1,Theorem,parse_timeout,na,0,,,,,,,,,cached: parse exceeded 5000ms
no_finite_o_quantification,ITP/ITP290^1.p,TH0,Theorem,parse_timeout,na,0,,,,,,,,,cached: parse exceeded 5000ms
no_finite_o_quantification,ITP/ITP290^2.p,TH1,Theorem,parse_timeout,na,0,,,,,,,,,cached: parse exceeded 5000ms
no_finite_o_quantification,ITP/ITP290^3.p,TH0,Theorem,parse_timeout,na,0,,,,,,,,,cached: parse exceeded 5000ms
no_finite_o_quantification,ITP/ITP290^4.p,TH1,Theorem,parse_timeout,na,0,,,,,,,,,cached: parse exceeded 5000ms
no_finite_o_quantification,ITP/ITP291^1.p,TH0,Theorem,parse_timeout,na,0,,,,,,,,,cached: parse exceeded 5000ms
no_finite_o_quantification,ITP/ITP291^2.p,TH1,Theorem,parse_timeout,na,0,,,,,,,,,cached: parse exceeded 5000ms
no_finite_o_quantification,ITP/ITP291^3.p,TH0,Theorem,parse_timeout,na,0,,,,,,,,,cached: parse exceeded 5000ms
no_finite_o_quantification,ITP/ITP291^4.p,TH1,Theorem,parse_timeout,na,0,,,,,,,,,cached: parse exceeded 5000ms
no_finite_o_quantification,ITP/ITP292^1.p,TH0,Theorem,parse_timeout,na,0,,,,,,,,,cached: parse exceeded 5000ms
no_finite_o_quantification,ITP/ITP292^2.p,TH1,Theorem,parse_timeout,na,0,,,,,,,,,cached: parse exceeded 5000ms
no_finite_o_quantification,ITP/ITP292^3.p,TH0,Theorem,parse_timeout,na,0,,,,,,,,,cached: parse exceeded 5000ms
no_finite_o_quantification,ITP/ITP292^4.p,TH1,Theorem,parse_timeout,na,0,,,,,,,,,cached: parse exceeded 5000ms
no_finite_o_quantification,ITP/ITP293^1.p,TH0,Theorem,parse_timeout,na,0,,,,,,,,,cached: parse exceeded 5000ms
no_finite_o_quantification,ITP/ITP293^2.p,TH1,Theorem,parse_timeout,na,0,,,,,,,,,cached: parse exceeded 5000ms
no_finite_o_quantification,ITP/ITP293^3.p,TH0,Theorem,parse_timeout,na,0,,,,,,,,,cached: parse exceeded 5000ms
no_finite_o_quantification,ITP/ITP293^4.p,TH1,Theorem,parse_timeout,na,0,,,,,,,,,cached: parse exceeded 5000ms
no_finite_o_quantification,ITP/ITP294^1.p,TH0,Theorem,parser_error,na,0,,,,,,,,,cached: Failed to parse formula 'fact_2079_Suc__0__xor__eq': [byte:706302] Type Error: Cannot unify strict function types of different arities.
no_finite_o_quantification,ITP/ITP294^2.p,TH1,Theorem,parse_timeout,na,0,,,,,,,,,cached: parse exceeded 5000ms
no_finite_o_quantification,ITP/ITP294^3.p,TH0,Theorem,parser_error,na,0,,,,,,,,,cached: Failed to parse formula 'fact_2079_Suc__0__xor__eq': [byte:706302] Type Error: Cannot unify strict function types of different arities.
no_finite_o_quantification,ITP/ITP294^4.p,TH1,Theorem,parse_timeout,na,0,,,,,,,,,cached: parse exceeded 5000ms
no_finite_o_quantification,ITP/ITP415^1.p,unknown,Theorem,parser_error,na,0,,,,,,,,,cached: Syntax Error: expected ' ' or ']' in !> binder  got [{:colon  ":"  1957}  {:atom  "nat"  1959}  {:rbracket  "]"  1962}  {:colon  ":"  1964}  {:lparen  "("  1966}  {:atom  "fin"  1968}  {:app  "@"  197
no_finite_o_quantification,ITP/ITP416^1.p,unknown,Theorem,parser_error,na,0,,,,,,,,,cached: Syntax Error: expected ' ' or ']' in !> binder  got [{:colon  ":"  1958}  {:atom  "nat"  1960}  {:rbracket  "]"  1963}  {:colon  ":"  1965}  {:lparen  "("  1967}  {:atom  "fin"  1969}  {:app  "@"  197
no_finite_o_quantification,ITP/ITP417^1.p,unknown,Theorem,parser_error,na,0,,,,,,,,,cached: Syntax Error: expected ' ' or ']' in !> binder  got [{:colon  ":"  1964}  {:atom  "nat"  1966}  {:rbracket  "]"  1969}  {:colon  ":"  1971}  {:lparen  "("  1973}  {:atom  "fin"  1975}  {:app  "@"  197
no_finite_o_quantification,KRS/KRS272^7.p,TH0,Theorem,timeout,na,2128,1042,62,1042,140,0,0,0,0,
no_finite_o_quantification,KRS/KRS273^7.p,TH0,CounterSatisfiable,timeout,na,2166,2042,30,2042,221,47,0,0,0,
no_finite_o_quantification,KRS/KRS274^7.p,TH0,CounterSatisfiable,timeout,na,2161,2057,28,2057,243,16,0,0,0,
no_finite_o_quantification,KRS/KRS275^7.p,TH0,Theorem,timeout,na,2191,3358,72,3358,175,12,0,0,0,
no_finite_o_quantification,KRS/KRS276^7.p,TH0,Theorem,timeout,na,2228,4721,111,4721,164,259,0,0,0,
no_finite_o_quantification,KRS/KRS277^7.p,TH0,CounterSatisfiable,timeout,na,2235,3597,69,3597,219,80,0,0,0,
no_finite_o_quantification,LCL/LCL181^4.p,TH0,CounterSatisfiable,timeout,na,2201,4272,57,4272,223,89,0,0,0,
no_finite_o_quantification,LCL/LCL230^4.p,TH0,CounterSatisfiable,timeout,na,2121,3002,71,3002,231,58,0,0,0,
no_finite_o_quantification,LCL/LCL414^7.p,TH0,Theorem,timeout,na,2146,2163,90,2163,179,0,0,0,0,
no_finite_o_quantification,LCL/LCL449^7.p,TH0,Theorem,timeout,na,2328,64,6,64,1,0,0,0,0,
no_finite_o_quantification,LCL/LCL450^7.p,TH0,Theorem,timeout,na,2337,42,4,42,1,0,0,0,0,
no_finite_o_quantification,LCL/LCL452^7.p,TH0,Theorem,timeout,na,2310,45,4,45,1,0,0,0,0,
no_finite_o_quantification,LCL/LCL454^7.p,TH0,Theorem,timeout,na,2304,45,4,45,1,0,0,0,0,
no_finite_o_quantification,LCL/LCL456^7.p,TH0,Theorem,timeout,na,2304,49,4,49,1,0,0,0,0,
no_finite_o_quantification,LCL/LCL460^7.p,TH0,Theorem,timeout,na,2309,46,4,46,1,0,0,0,0,
no_finite_o_quantification,LCL/LCL462^7.p,TH0,Theorem,timeout,na,2302,80,8,80,1,0,0,0,0,
no_finite_o_quantification,LCL/LCL464^7.p,TH0,Theorem,timeout,na,2303,49,4,49,1,0,0,0,0,
no_finite_o_quantification,LCL/LCL466^7.p,TH0,Theorem,timeout,na,2301,45,4,45,1,0,0,0,0,
no_finite_o_quantification,LCL/LCL467^7.p,TH0,Theorem,timeout,na,2301,57,5,57,1,0,0,0,0,
no_finite_o_quantification,LCL/LCL579^1.p,TH0,Theorem,thm,yes,23,23,1,23,2,0,0,1,1,
no_finite_o_quantification,LCL/LCL579^2.p,TH0,Theorem,thm,yes,18,10,0,10,2,0,0,1,1,
no_finite_o_quantification,LCL/LCL580^1.p,TH0,Theorem,thm,yes,21,4,0,4,1,1,0,0,0,
no_finite_o_quantification,LCL/LCL581^1.p,TH0,Theorem,thm,yes,24,3,0,3,1,1,0,0,0,
no_finite_o_quantification,LCL/LCL582^1.p,TH0,CounterSatisfiable,timeout,na,2088,3591,335,3591,512,5,0,0,0,
no_finite_o_quantification,LCL/LCL583^1.p,TH0,Theorem,thm,yes,25,4,0,4,1,1,0,0,0,
no_finite_o_quantification,LCL/LCL584^1.p,TH0,Theorem,timeout,na,2033,765,17,765,61,65,0,2,0,
no_finite_o_quantification,LCL/LCL585^1.p,TH0,Theorem,thm,yes,57,76,1,76,7,4,0,1,1,
no_finite_o_quantification,LCL/LCL586^1.p,TH0,Theorem,thm,yes,52,47,0,47,6,0,0,1,1,
no_finite_o_quantification,LCL/LCL587^1.p,TH0,Theorem,thm,yes,47,16,1,16,2,0,0,1,1,
no_finite_o_quantification,LCL/LCL588^1.p,TH0,Theorem,timeout,na,2023,330,1,330,30,42,0,2,0,
no_finite_o_quantification,LCL/LCL589^1.p,TH0,Theorem,thm,yes,47,23,1,23,4,0,0,1,1,
no_finite_o_quantification,LCL/LCL590^1.p,TH0,Theorem,thm,yes,45,24,1,24,4,0,0,1,1,
no_finite_o_quantification,LCL/LCL591^1.p,TH0,Theorem,thm,yes,30,13,1,13,1,0,0,1,1,
no_finite_o_quantification,LCL/LCL592^1.p,TH0,Theorem,thm,yes,64,45,1,45,7,2,0,1,1,
no_finite_o_quantification,LCL/LCL593^1.p,TH0,CounterSatisfiable,timeout,na,2090,3578,331,3578,512,4,0,0,0,
no_finite_o_quantification,LCL/LCL594^1.p,TH0,Theorem,thm,yes,109,15,0,15,3,1,0,1,1,
no_finite_o_quantification,LCL/LCL595^1.p,TH0,Theorem,timeout,na,2063,1044,80,1038,23,17,0,1,0,
no_finite_o_quantification,LCL/LCL596^1.p,TH0,CounterSatisfiable,timeout,na,2029,87,1,87,9,8,0,8,0,
no_finite_o_quantification,LCL/LCL597^1.p,TH0,Theorem,thm,yes,48,8,0,8,1,0,0,1,1,
no_finite_o_quantification,LCL/LCL598^1.p,TH0,CounterSatisfiable,timeout,na,2077,942,65,942,58,3,0,2,0,
no_finite_o_quantification,LCL/LCL599^1.p,TH0,CounterSatisfiable,timeout,na,2109,1521,71,1521,189,16,0,1,0,
no_finite_o_quantification,LCL/LCL600^1.p,TH0,Theorem,timeout,na,2124,1101,33,1101,213,13,0,1,0,
no_finite_o_quantification,LCL/LCL601^1.p,TH0,Theorem,timeout,na,2090,1819,131,1819,87,6,0,1,0,
no_finite_o_quantification,LCL/LCL602^1.p,TH0,Theorem,timeout,na,2095,937,56,937,81,16,0,1,0,
no_finite_o_quantification,LCL/LCL603^1.p,TH0,Theorem,timeout,na,2070,745,62,745,25,1,0,1,0,
no_finite_o_quantification,LCL/LCL604^1.p,TH0,Theorem,timeout,na,2374,6303,176,6303,1431,125,0,1,0,
no_finite_o_quantification,LCL/LCL607^1.p,TH0,Theorem,thm,yes,51,34,0,34,4,3,0,1,1,
no_finite_o_quantification,LCL/LCL608^1.p,TH0,Theorem,thm,yes,31,17,1,17,2,0,0,1,1,
no_finite_o_quantification,LCL/LCL609^1.p,TH0,Theorem,thm,yes,26,11,1,11,1,0,0,1,1,
no_finite_o_quantification,LCL/LCL612^1.p,TH0,Theorem,thm,yes,37,19,1,19,2,0,0,1,1,
no_finite_o_quantification,LCL/LCL613^1.p,TH0,Theorem,thm,yes,52,20,1,20,3,0,0,1,1,
no_finite_o_quantification,LCL/LCL614^1.p,TH0,Theorem,thm,yes,42,8,0,8,1,1,0,0,0,
no_finite_o_quantification,LCL/LCL615^1.p,TH0,CounterSatisfiable,timeout,na,2102,3598,334,3598,501,5,0,0,0,
no_finite_o_quantification,LCL/LCL617^1.p,TH0,CounterSatisfiable,timeout,na,2227,6540,44,6540,196,347,0,0,0,
no_finite_o_quantification,LCL/LCL618^1.p,TH0,Theorem,timeout,na,2032,796,55,796,29,13,0,4,0,
no_finite_o_quantification,LCL/LCL619^1.p,TH0,Theorem,timeout,na,2046,1629,136,1629,46,4,0,1,0,
no_finite_o_quantification,LCL/LCL620^1.p,TH0,Theorem,thm,yes,42,6,0,6,1,1,0,0,0,
no_finite_o_quantification,LCL/LCL621^1.p,TH0,Theorem,timeout,na,2042,2021,173,2021,50,14,0,1,0,
no_finite_o_quantification,LCL/LCL623^1.p,TH0,Theorem,thm,yes,29,1,0,1,1,1,0,0,0,
no_finite_o_quantification,LCL/LCL624^1.p,TH0,Theorem,timeout,na,2329,7434,120,7434,1972,126,0,1,0,
no_finite_o_quantification,LCL/LCL625^1.p,TH0,Theorem,timeout,na,2099,1830,128,1830,107,0,0,1,0,
no_finite_o_quantification,LCL/LCL626^1.p,TH0,Theorem,timeout,na,2110,2101,157,2101,109,12,0,5,0,
no_finite_o_quantification,LCL/LCL629^1.p,TH0,Theorem,timeout,na,2063,1033,58,1033,100,3,0,1,0,
no_finite_o_quantification,LCL/LCL630^1.p,TH0,CounterSatisfiable,timeout,na,2092,1730,111,1730,136,0,0,3,0,
no_finite_o_quantification,LCL/LCL631^1.p,TH0,CounterSatisfiable,timeout,na,2080,1611,125,1611,106,0,0,3,0,
no_finite_o_quantification,LCL/LCL632^1.p,TH0,Theorem,timeout,na,2103,1601,94,1601,190,0,0,3,0,
no_finite_o_quantification,LCL/LCL633^1.p,TH0,CounterSatisfiable,timeout,na,2059,791,25,791,95,10,0,1,0,
no_finite_o_quantification,LCL/LCL634^1.p,TH0,CounterSatisfiable,timeout,na,2085,1452,31,1452,241,0,0,1,0,
no_finite_o_quantification,LCL/LCL690^1.p,TH0,Theorem,timeout,na,2077,601,34,601,32,12,0,1,0,
no_finite_o_quantification,LCL/LCL691^1.p,TH0,Theorem,timeout,na,2059,674,49,674,29,6,0,1,0,
no_finite_o_quantification,LCL/LCL692^1.p,TH0,Theorem,timeout,na,2072,1083,78,1083,44,8,0,1,0,
no_finite_o_quantification,LCL/LCL695^1.p,TH0,Satisfiable,no_conjecture,na,28,,,,,,,,,
no_finite_o_quantification,LCL/LCL696^1.p,TH0,Satisfiable,no_conjecture,na,23,,,,,,,,,
no_finite_o_quantification,LCL/LCL697^1.p,TH0,Satisfiable,no_conjecture,na,19,,,,,,,,,
no_finite_o_quantification,LCL/LCL698^1.p,TH0,Satisfiable,no_conjecture,na,39,,,,,,,,,
no_finite_o_quantification,LCL/LCL699^1.p,TH0,Theorem,thm,yes,61,18,1,18,2,0,0,1,1,
no_finite_o_quantification,LCL/LCL700^1.p,TH0,Theorem,thm,yes,80,37,1,37,5,2,0,1,1,
no_finite_o_quantification,LCL/LCL701^1.p,TH0,Theorem,thm,yes,73,28,1,28,4,0,0,1,1,
no_finite_o_quantification,LCL/LCL702^1.p,TH0,Theorem,thm,yes,94,61,1,61,6,5,0,4,1,
no_finite_o_quantification,LCL/LCL703^1.p,TH0,Theorem,timeout,na,2251,6689,334,6689,788,412,0,2,0,
no_finite_o_quantification,LCL/LCL704^1.p,TH0,Theorem,timeout,na,2183,4506,162,4506,161,200,0,0,0,
no_finite_o_quantification,LCL/LCL705^1.p,TH0,Theorem,timeout,na,2201,4521,153,4521,170,84,0,0,0,
no_finite_o_quantification,LCL/LCL706^1.p,TH0,Theorem,timeout,na,2157,4399,176,4399,437,28,0,1,0,
no_finite_o_quantification,LCL/LCL707^1.p,TH0,Theorem,timeout,na,2143,3301,181,3301,381,72,0,3,0,
no_finite_o_quantification,LCL/LCL708^1.p,TH0,Theorem,timeout,na,2232,4851,97,4851,1026,37,0,1,0,
no_finite_o_quantification,LCL/LCL709^1.p,TH0,Theorem,timeout,na,2085,1680,63,1680,169,2,0,1,0,
no_finite_o_quantification,LCL/LCL710^1.p,TH0,Theorem,timeout,na,2077,977,47,977,88,4,0,1,0,
no_finite_o_quantification,LCL/LCL711^1.p,TH0,Theorem,thm,yes,105,19,0,19,3,0,0,2,1,
no_finite_o_quantification,LCL/LCL712^1.p,TH0,Theorem,timeout,na,2076,730,38,730,69,0,0,1,0,
no_finite_o_quantification,LCL/LCL713^1.p,TH0,Theorem,timeout,na,2100,1561,54,1561,136,53,0,1,0,
no_finite_o_quantification,LCL/LCL714^1.p,TH0,Theorem,timeout,na,2143,2825,71,2825,347,121,0,1,0,
no_finite_o_quantification,LCL/LCL715^1.p,TH0,Theorem,timeout,na,2077,1175,23,1175,132,22,0,1,0,
no_finite_o_quantification,LCL/LCL716^1.p,TH0,Theorem,timeout,na,2077,564,18,564,72,8,0,5,0,
no_finite_o_quantification,LCL/LCL717^1.p,TH0,Theorem,timeout,na,2084,654,40,654,55,0,0,1,0,
no_finite_o_quantification,LCL/LCL718^1.p,TH0,Theorem,timeout,na,2089,912,13,912,151,4,0,1,0,
no_finite_o_quantification,LCL/LCL719^1.p,TH0,Theorem,thm,yes,63,28,1,28,3,0,0,1,1,
no_finite_o_quantification,LCL/LCL720^1.p,TH0,Theorem,timeout,na,2151,3686,124,3686,254,86,0,0,0,
no_finite_o_quantification,LCL/LCL721^1.p,TH0,Theorem,timeout,na,2063,1236,15,1236,107,116,0,2,0,
no_finite_o_quantification,LCL/LCL722^1.p,TH0,Theorem,thm,yes,72,92,1,92,10,2,0,1,1,
no_finite_o_quantification,LCL/LCL723^1.p,TH0,Theorem,timeout,na,2280,8179,114,8179,248,197,0,0,0,
no_finite_o_quantification,LCL/LCL724^1.p,TH0,Theorem,timeout,na,2210,6165,78,6165,227,169,0,0,0,
no_finite_o_quantification,LCL/LCL725^1.p,TH0,Theorem,timeout,na,2226,6185,83,6185,221,108,0,0,0,
no_finite_o_quantification,LCL/LCL726^5.p,TH0,Theorem,timeout,na,2008,31,0,31,3,0,0,1,0,
no_finite_o_quantification,LCL/LCL727^5.p,TH0,Theorem,timeout,na,2040,921,45,921,83,16,0,2,0,
no_finite_o_quantification,LCL/LCL728^5.p,TH0,Theorem,timeout,na,2037,1037,34,1037,64,37,0,1,0,
no_finite_o_quantification,LCL/LCL729^5.p,TH0,Theorem,timeout,na,2021,923,74,923,35,5,0,1,0,
no_finite_o_quantification,LCL/LCL730^5.p,TH0,Theorem,timeout,na,2008,157,10,157,4,1,0,3,0,
no_finite_o_quantification,LCL/LCL731^5.p,TH0,Theorem,timeout,na,2050,2661,147,2661,164,10,0,1,0,
no_finite_o_quantification,LCL/LCL732^5.p,TH0,Theorem,thm,yes,15,10,0,10,1,1,0,0,0,
no_finite_o_quantification,LCL/LCL733^5.p,TH0,Theorem,thm,yes,136,16,0,16,2,1,0,1,1,
no_finite_o_quantification,LCL/LCL734^5.p,TH0,Theorem,timeout,na,2021,655,41,655,30,0,0,1,0,
no_finite_o_quantification,LCL/LCL735^5.p,TH0,Theorem,timeout,na,2029,478,25,478,26,0,0,1,0,
no_finite_o_quantification,LCL/LCL736^5.p,TH0,Theorem,timeout,na,2025,514,34,514,19,4,0,1,0,
no_finite_o_quantification,LCL/LCL738^5.p,TH0,Theorem,timeout,na,2034,552,13,552,97,0,0,0,0,
no_finite_o_quantification,LCL/LCL739^5.p,TH0,Theorem,timeout,na,2019,392,26,392,10,4,0,1,0,
no_finite_o_quantification,LCL/LCL740^5.p,TH0,Theorem,timeout,na,2025,355,21,355,11,3,0,1,0,
no_finite_o_quantification,LCL/LCL741^5.p,TH0,Theorem,timeout,na,2025,436,25,436,19,3,0,1,0,
no_finite_o_quantification,LCL/LCL742^5.p,TH0,Theorem,timeout,na,2064,1757,29,1757,297,11,0,3,0,
no_finite_o_quantification,LCL/LCL743^5.p,TH0,CounterSatisfiable,timeout,na,2056,3526,182,3526,270,9,0,5,0,
no_finite_o_quantification,LCL/LCL859^1.p,TH0,Theorem,thm,yes,70,28,1,28,3,0,0,2,1,
no_finite_o_quantification,LCL/LCL860^1.p,TH0,Theorem,timeout,na,2358,6346,163,6346,1765,58,0,2,0,
no_finite_o_quantification,LCL/LCL861^1.p,TH0,Theorem,timeout,na,2321,6751,168,6751,1051,774,0,3,0,
no_finite_o_quantification,LCL/LCL862^1.p,TH0,Theorem,timeout,na,2393,6521,111,6521,1802,82,0,1,0,
no_finite_o_quantification,LCL/LCL863^1.p,TH0,Theorem,timeout,na,2329,6421,137,6421,1597,62,0,1,0,
no_finite_o_quantification,LCL/LCL864^1.p,TH0,Theorem,timeout,na,2364,6677,190,6677,1720,44,0,1,0,
no_finite_o_quantification,LCL/LCL865^1.p,TH0,Theorem,timeout,na,2327,7122,185,7122,1641,207,0,1,0,
no_finite_o_quantification,LCL/LCL866^1.p,TH0,Theorem,timeout,na,2335,6691,269,6691,1429,301,0,3,0,
no_finite_o_quantification,LCL/LCL867^1.p,TH0,Theorem,timeout,na,2525,6723,65,6723,2412,86,0,2,0,
no_finite_o_quantification,LCL/LCL868^1.p,TH0,Theorem,timeout,na,2472,6933,78,6933,1471,905,0,4,0,
no_finite_o_quantification,LCL/LCL869^1.p,TH0,CounterSatisfiable,timeout,na,2272,6608,192,6608,1456,233,0,3,0,
no_finite_o_quantification,LCL/LCL872^1.p,TH0,Theorem,timeout,na,2115,1684,35,1684,267,16,0,1,0,
no_finite_o_quantification,LCL/LCL873^1.p,TH0,Theorem,timeout,na,2161,1596,31,1596,269,0,0,0,0,
no_finite_o_quantification,LCL/LCL874^1.p,TH0,Theorem,timeout,na,2248,2730,13,2730,699,192,0,5,0,
no_finite_o_quantification,LCL/LCL877^1.p,TH0,Theorem,timeout,na,2107,1071,14,1071,187,15,0,1,0,
no_finite_o_quantification,LCL/LCL877^2.p,TH0,Theorem,timeout,na,2227,4360,175,4360,678,178,0,1,0,
no_finite_o_quantification,LCL/LCL878^1.p,TH0,Theorem,timeout,na,2114,1154,48,1154,115,28,0,1,0,
no_finite_o_quantification,LCL/LCL879^1.p,TH0,Theorem,timeout,na,2102,690,30,690,97,6,0,1,0,
no_finite_o_quantification,LCL/LCL880^1.p,TH0,Theorem,timeout,na,2107,1268,47,1268,181,12,0,1,0,
no_finite_o_quantification,LCL/LCL881^1.p,TH0,Theorem,timeout,na,2157,579,19,579,70,1,0,1,0,
no_finite_o_quantification,LCL/LCL916^1.p,TH0,Satisfiable,no_conjecture,na,21,,,,,,,,,
no_finite_o_quantification,LCL/LCL917^1.p,TH0,Satisfiable,no_conjecture,na,37,,,,,,,,,
no_finite_o_quantification,LCL/LCL918^1.p,TH0,Satisfiable,no_conjecture,na,43,,,,,,,,,
no_finite_o_quantification,LCL/LCL919^1.p,TH0,Satisfiable,no_conjecture,na,42,,,,,,,,,
no_finite_o_quantification,LCL/LCL920^1.p,TH0,Satisfiable,no_conjecture,na,42,,,,,,,,,
no_finite_o_quantification,LCL/LCL921^1.p,TH0,Satisfiable,no_conjecture,na,44,,,,,,,,,
no_finite_o_quantification,LCL/LCL922^1.p,TH0,Satisfiable,no_conjecture,na,43,,,,,,,,,
no_finite_o_quantification,LCL/LCL923^1.p,TH0,Satisfiable,no_conjecture,na,43,,,,,,,,,
no_finite_o_quantification,LCL/LCL924^1.p,TH0,Satisfiable,no_conjecture,na,49,,,,,,,,,
no_finite_o_quantification,LCL/LCL925^1.p,TH0,Satisfiable,no_conjecture,na,43,,,,,,,,,
no_finite_o_quantification,LCL/LCL930^1.p,TH0,Satisfiable,no_conjecture,na,19,,,,,,,,,
no_finite_o_quantification,LCL/LCL931^1.p,TH0,Unknown,timeout,na,2790,0,0,0,1,0,0,0,0,
no_finite_o_quantification,LCL/LCL932^1.p,TH0,Unknown,timeout,na,2802,0,0,0,1,0,0,0,0,
no_finite_o_quantification,LCL/LCL933^1.p,TH0,Unknown,timeout,na,2760,0,0,0,1,0,0,0,0,
no_finite_o_quantification,LCL/LCL934^1.p,TH0,Unknown,timeout,na,2751,0,0,0,1,0,0,0,0,
no_finite_o_quantification,LCL/LCL935^1.p,TH0,Unknown,timeout,na,2733,0,0,0,1,0,0,0,0,
no_finite_o_quantification,LCL/LCL936^1.p,TH0,Unknown,timeout,na,2751,0,0,0,1,0,0,0,0,
no_finite_o_quantification,LCL/LCL937^1.p,TH0,Unknown,timeout,na,2803,0,0,0,1,0,0,0,0,
no_finite_o_quantification,LCL/LCL938^1.p,TH0,Unknown,timeout,na,2810,0,0,0,1,0,0,0,0,
no_finite_o_quantification,LCL/LCL939^1.p,TH0,Unknown,timeout,na,2816,0,0,0,1,0,0,0,0,
no_finite_o_quantification,LCL/LCL940^1.p,TH0,Unknown,timeout,na,2821,0,0,0,1,0,0,0,0,
no_finite_o_quantification,LCL/LCL941^3.p,TH0,CounterSatisfiable,timeout,na,2820,0,0,0,1,0,0,0,0,
no_finite_o_quantification,LCL/LCL941^5.p,TH0,Theorem,timeout,na,2837,0,0,0,1,0,0,0,0,
no_finite_o_quantification,LCL/LCL942^2.p,TH0,Theorem,timeout,na,2836,0,0,0,1,0,0,0,0,
no_finite_o_quantification,LCL/LCL943^24.p,TH0,Theorem,timeout,na,2081,2263,35,2263,237,48,0,0,0,
no_finite_o_quantification,LCL/LCL944^8.p,TH0,Theorem,timeout,na,2267,96,9,96,1,0,0,0,0,
no_finite_o_quantification,LCL/LCL945^9.p,TH0,Theorem,timeout,na,2139,124,9,124,5,0,0,0,0,
no_finite_o_quantification,LCL/LCL946^10.p,TH0,Theorem,timeout,na,2585,62,6,62,2,0,0,0,0,
no_finite_o_quantification,LCL/LCL947^10.p,TH0,Theorem,timeout,na,2135,812,56,812,48,0,0,0,0,
no_finite_o_quantification,LCL/LCL948^10.p,TH0,CounterSatisfiable,timeout,na,2227,564,38,564,33,0,0,0,0,
no_finite_o_quantification,LCL/LCL949^4.p,TH0,Theorem,timeout,na,2430,170,17,170,1,0,0,0,0,
no_finite_o_quantification,LCL/LCL950^17.p,TH0,Theorem,timeout,na,2089,1219,51,1219,182,0,0,0,0,
no_finite_o_quantification,LCL/LCL951^24.p,TH0,Theorem,thm,yes,86,1,0,1,1,1,0,0,0,
no_finite_o_quantification,LCL/LCL952^12.p,TH0,Theorem,thm,yes,75,1,0,1,1,1,0,0,0,
no_finite_o_quantification,LCL/LCL953^8.p,TH0,Theorem,thm,yes,32,1,0,1,1,1,0,0,0,
no_finite_o_quantification,LCL/LCL954^19.p,TH0,Theorem,timeout,na,2869,71,7,71,1,0,0,0,0,
no_finite_o_quantification,LCL/LCL955^24.p,TH0,Theorem,timeout,na,2880,70,7,70,1,0,0,0,0,
no_finite_o_quantification,LCL/LCL956^18.p,TH0,Theorem,timeout,na,2248,6371,113,6371,287,33,0,0,0,
no_finite_o_quantification,LCL/LCL957^6.p,TH0,Theorem,timeout,na,2048,2911,222,2911,121,9,0,1,0,
no_finite_o_quantification,LCL/LCL958^18.p,TH0,Theorem,timeout,na,2085,2745,178,2745,143,44,0,0,0,
no_finite_o_quantification,LCL/LCL959^24.p,TH0,Theorem,timeout,na,2269,5113,92,5113,230,32,0,0,0,
no_finite_o_quantification,LCL/LCL960^12.p,TH0,Theorem,timeout,na,2055,482,6,482,75,1,0,0,0,
no_finite_o_quantification,LCL/LCL961^1.p,TH0,CounterSatisfiable,timeout,na,2133,3555,24,3555,246,70,0,0,0,
no_finite_o_quantification,LCL/LCL961^11.p,TH0,Theorem,timeout,na,2132,4438,84,4438,234,88,0,0,0,
no_finite_o_quantification,LCL/LCL962^16.p,TH0,Theorem,timeout,na,2139,4381,65,4381,198,152,0,0,0,
no_finite_o_quantification,LCL/LCL963^3.p,TH0,CounterSatisfiable,timeout,na,2264,100,10,100,1,0,0,0,0,
no_finite_o_quantification,LCL/LCL964^3.p,TH0,CounterSatisfiable,timeout,na,2262,85,8,85,1,0,0,0,0,
no_finite_o_quantification,LCL/LCL965^15.p,TH0,CounterSatisfiable,timeout,na,2077,854,32,854,128,0,0,0,0,
no_finite_o_quantification,LCL/LCL966^9.p,TH0,CounterSatisfiable,timeout,na,2118,790,52,790,43,0,0,0,0,
no_finite_o_quantification,LCL/LCL967^3.p,TH0,CounterSatisfiable,timeout,na,2880,70,7,70,1,0,0,0,0,
no_finite_o_quantification,LCL/LCL968^3.p,TH0,CounterSatisfiable,timeout,na,2895,58,5,58,1,0,0,0,0,
no_finite_o_quantification,LCL/LCL969^9.p,TH0,CounterSatisfiable,timeout,na,2120,4031,62,4031,287,77,0,0,0,
no_finite_o_quantification,LCL/LCL970^15.p,TH0,CounterSatisfiable,timeout,na,2097,2289,119,2289,169,56,0,0,0,
no_finite_o_quantification,LIN/LIN001^1.p,TH1,Theorem,parse_timeout,na,0,,,,,,,,,cached: parse exceeded 5000ms
no_finite_o_quantification,LIN/LIN002^1.p,TH1,Theorem,parse_timeout,na,0,,,,,,,,,cached: parse exceeded 5000ms
no_finite_o_quantification,LIN/LIN003^1.p,TH1,Theorem,parse_timeout,na,0,,,,,,,,,cached: parse exceeded 5000ms
no_finite_o_quantification,LIN/LIN004^1.p,TH1,Theorem,parse_timeout,na,0,,,,,,,,,cached: parse exceeded 5000ms
no_finite_o_quantification,LIN/LIN005^1.p,TH1,Theorem,parse_timeout,na,0,,,,,,,,,cached: parse exceeded 5000ms
no_finite_o_quantification,LIN/LIN006^1.p,TH1,Theorem,parse_timeout,na,0,,,,,,,,,cached: parse exceeded 5000ms
no_finite_o_quantification,LIN/LIN007^1.p,TH1,Theorem,parse_timeout,na,0,,,,,,,,,cached: parse exceeded 5000ms
no_finite_o_quantification,LIN/LIN008^1.p,TH1,Theorem,parse_timeout,na,0,,,,,,,,,cached: parse exceeded 5000ms
no_finite_o_quantification,LIN/LIN009^1.p,TH1,Theorem,parse_timeout,na,0,,,,,,,,,cached: parse exceeded 5000ms
no_finite_o_quantification,LIN/LIN010^1.p,TH1,Theorem,parse_timeout,na,0,,,,,,,,,cached: parse exceeded 5000ms
no_finite_o_quantification,LIN/LIN011^1.p,TH1,Theorem,parse_timeout,na,0,,,,,,,,,cached: parse exceeded 5000ms
no_finite_o_quantification,LIN/LIN012^1.p,TH1,Theorem,parse_timeout,na,0,,,,,,,,,cached: parse exceeded 5000ms
no_finite_o_quantification,LIN/LIN013^1.p,TH1,Theorem,parse_timeout,na,0,,,,,,,,,cached: parse exceeded 5000ms
no_finite_o_quantification,LIN/LIN014^1.p,TH1,Theorem,parse_timeout,na,0,,,,,,,,,cached: parse exceeded 5000ms
no_finite_o_quantification,LIN/LIN015^1.p,TH1,Theorem,parse_timeout,na,0,,,,,,,,,cached: parse exceeded 5000ms
no_finite_o_quantification,MSC/MSC020^5.p,TH0,Theorem,timeout,na,2022,1260,94,1260,51,0,0,4,0,
no_finite_o_quantification,MSC/MSC021^5.p,TH0,Theorem,timeout,na,2026,944,76,944,32,0,0,4,0,
no_finite_o_quantification,MSC/MSC025^1.p,TH0,Theorem,parser_error,na,0,,,,,,,,,cached: Failed to parse formula 'goal': [byte:1641] Type Error: Cannot unify strict function types of different arities.
no_finite_o_quantification,MSC/MSC025^2.p,TH0,Theorem,parser_error,na,0,,,,,,,,,cached: Failed to parse formula 'goal': [byte:2175] Type Error: Cannot unify strict function types of different arities.
no_finite_o_quantification,MSC/MSC029^1.p,TH1,Theorem,parse_timeout,na,0,,,,,,,,,cached: parse exceeded 5000ms
no_finite_o_quantification,MSC/MSC030^1.p,TH1,Theorem,parse_timeout,na,0,,,,,,,,,cached: parse exceeded 5000ms
no_finite_o_quantification,MSC/MSC031^1.p,TH1,Theorem,parse_timeout,na,0,,,,,,,,,cached: parse exceeded 5000ms
no_finite_o_quantification,MSC/MSC032^1.p,TH1,Theorem,parse_timeout,na,0,,,,,,,,,cached: parse exceeded 5000ms
no_finite_o_quantification,MSC/MSC033^1.p,TH1,Theorem,parse_timeout,na,0,,,,,,,,,cached: parse exceeded 5000ms
no_finite_o_quantification,NLP/NLP001^17.p,TH0,Theorem,timeout,na,2129,580,37,580,42,4,0,0,0,
no_finite_o_quantification,NLP/NLP001^3.p,TH0,Theorem,timeout,na,2143,560,12,560,111,9,0,0,0,
no_finite_o_quantification,NLP/NLP001^7.p,TH0,Theorem,timeout,na,2142,154,11,154,6,1,0,0,0,
no_finite_o_quantification,NLP/NLP002^7.p,TH0,CounterSatisfiable,timeout,na,2246,606,41,606,28,0,0,0,0,
no_finite_o_quantification,NLP/NLP003^7.p,TH0,CounterSatisfiable,timeout,na,2251,580,35,580,47,0,0,0,0,
no_finite_o_quantification,NLP/NLP004^12.p,TH0,Theorem,timeout,na,2508,62,5,62,2,0,0,0,0,
no_finite_o_quantification,NLP/NLP004^13.p,TH0,Theorem,timeout,na,2505,62,5,62,2,0,0,0,0,
no_finite_o_quantification,NLP/NLP004^7.p,TH0,Theorem,timeout,na,2537,0,0,0,1,0,0,0,0,
no_finite_o_quantification,NLP/NLP004^8.p,TH0,Theorem,timeout,na,2510,61,5,61,2,0,0,0,0,
no_finite_o_quantification,NLP/NLP005^7.p,TH0,CounterSatisfiable,timeout,na,2497,0,0,0,1,0,0,0,0,
no_finite_o_quantification,NLP/NLP006^7.p,TH0,CounterSatisfiable,timeout,na,2661,0,0,0,1,0,0,0,0,
no_finite_o_quantification,NLP/NLP007^7.p,TH0,Theorem,timeout,na,2720,0,0,0,1,0,0,0,0,
no_finite_o_quantification,NLP/NLP008^7.p,TH0,CounterSatisfiable,timeout,na,2666,0,0,0,1,0,0,0,0,
no_finite_o_quantification,NLP/NLP009^7.p,TH0,Theorem,timeout,na,2588,0,0,0,1,0,0,0,0,
no_finite_o_quantification,NLP/NLP011^7.p,TH0,Theorem,timeout,na,2709,0,0,0,1,0,0,0,0,
no_finite_o_quantification,NLP/NLP264^7.p,TH0,Theorem,timeout,na,2306,3873,103,3873,204,69,0,0,0,
no_finite_o_quantification,NLP/NLP265^17.p,TH0,ContradictoryAxioms,timeout,na,2098,3190,136,3190,272,43,0,0,0,
no_finite_o_quantification,NLP/NLP265^18.p,TH0,Theorem,timeout,na,2187,4333,17,4333,200,224,0,0,0,
no_finite_o_quantification,NLP/NLP266^12.p,TH0,CounterSatisfiable,timeout,na,2074,1034,28,1034,146,0,0,0,0,
no_finite_o_quantification,NLP/NLP266^23.p,TH0,Theorem,timeout,na,2121,1455,24,1455,241,0,0,0,0,
no_finite_o_quantification,NLP/NLP266^3.p,TH0,CounterSatisfiable,timeout,na,2142,2560,29,2560,238,24,0,0,0,
no_finite_o_quantification,NLP/NLP266^4.p,TH0,Theorem,timeout,na,2164,3222,31,3222,200,32,0,0,0,
no_finite_o_quantification,NLP/NLP267^1.p,TH0,Theorem,timeout,na,2142,3517,72,3517,239,85,0,0,0,
no_finite_o_quantification,NLP/NLP267^17.p,TH0,Theorem,timeout,na,2141,2649,6,2649,271,398,0,0,0,
no_finite_o_quantification,NLP/NLP267^18.p,TH0,Theorem,timeout,na,2102,2299,39,2299,172,62,0,0,0,
no_finite_o_quantification,NLP/NLP267^2.p,TH0,Theorem,timeout,na,2055,1774,55,1774,142,111,0,0,0,
no_finite_o_quantification,NLP/NLP267^3.p,TH0,Theorem,timeout,na,2116,3479,42,3479,290,151,0,0,0,
no_finite_o_quantification,NLP/NLP267^4.p,TH0,Theorem,timeout,na,2108,3202,80,3202,188,95,0,0,0,
no_finite_o_quantification,NLP/NLP267^5.p,TH0,Theorem,timeout,na,2078,2394,101,2394,153,146,0,0,0,
no_finite_o_quantification,NUM/NUM016^5.p,TH0,Theorem,timeout,na,2379,8142,213,8142,2053,304,0,1,0,
no_finite_o_quantification,NUM/NUM020^1.p,TH0,Theorem,timeout,na,2021,17,0,17,2,0,0,0,0,
no_finite_o_quantification,NUM/NUM021^1.p,TH0,Theorem,timeout,na,2032,76,2,76,6,1,0,0,0,
no_finite_o_quantification,NUM/NUM415^1.p,TH0,Theorem,thm,yes,111,13,0,13,2,2,0,0,0,
no_finite_o_quantification,NUM/NUM416^1.p,TH0,Theorem,timeout,na,2025,7,0,7,2,0,0,0,0,
no_finite_o_quantification,NUM/NUM417^1.p,TH0,Theorem,timeout,na,2026,7,0,7,2,0,0,0,0,
no_finite_o_quantification,NUM/NUM418^1.p,TH0,Theorem,timeout,na,2024,17,0,17,2,0,0,0,0,
no_finite_o_quantification,NUM/NUM419^1.p,TH0,Theorem,timeout,na,2024,17,0,17,2,0,0,0,0,
no_finite_o_quantification,NUM/NUM635^1.p,TH0,Theorem,timeout,na,2055,2139,48,2139,267,25,0,4,0,
no_finite_o_quantification,NUM/NUM635^2.p,TH0,Theorem,timeout,na,2042,2766,166,2766,175,0,0,1,0,
no_finite_o_quantification,NUM/NUM635^4.p,TH0,Theorem,timeout,na,2212,175,17,175,1,0,0,0,0,
no_finite_o_quantification,NUM/NUM636^1.p,TH0,Theorem,timeout,na,2057,2992,182,2992,191,8,0,2,0,
no_finite_o_quantification,NUM/NUM636^2.p,TH0,Theorem,timeout,na,2057,3017,107,3017,319,14,0,2,0,
no_finite_o_quantification,NUM/NUM636^3.p,TH0,Theorem,timeout,na,2046,3003,155,3003,208,14,0,2,0,
no_finite_o_quantification,NUM/NUM636^4.p,TH0,Theorem,timeout,na,2216,174,17,174,1,0,0,0,0,
no_finite_o_quantification,NUM/NUM637^1.p,TH0,Theorem,timeout,na,2060,2324,159,2324,136,0,0,1,0,
no_finite_o_quantification,NUM/NUM637^2.p,TH0,Theorem,timeout,na,2044,2694,156,2694,176,0,0,1,0,
no_finite_o_quantification,NUM/NUM637^4.p,TH0,Theorem,timeout,na,2219,148,14,148,1,0,0,0,0,
no_finite_o_quantification,NUM/NUM638^1.p,TH0,Theorem,timeout,na,2081,3470,68,3470,168,97,0,0,0,
no_finite_o_quantification,NUM/NUM638^4.p,TH0,Theorem,timeout,na,2217,101,8,101,2,0,0,0,0,
no_finite_o_quantification,NUM/NUM639^1.p,TH0,Theorem,timeout,na,2005,71,2,71,5,3,0,2,0,
no_finite_o_quantification,NUM/NUM639^4.p,TH0,Theorem,timeout,na,2226,14,1,14,1,0,0,0,0,
no_finite_o_quantification,NUM/NUM640^1.p,TH0,Theorem,timeout,na,2003,65,1,65,5,3,0,2,0,
no_finite_o_quantification,NUM/NUM640^4.p,TH0,Theorem,timeout,na,2230,12,1,12,1,0,0,0,0,
no_finite_o_quantification,NUM/NUM641^1.p,TH0,Theorem,timeout,na,2002,71,3,71,5,3,0,2,0,
no_finite_o_quantification,NUM/NUM641^4.p,TH0,Theorem,timeout,na,2231,14,1,14,1,0,0,0,0,
no_finite_o_quantification,NUM/NUM642^1.p,TH0,Theorem,timeout,na,2003,73,3,73,5,3,0,2,0,
no_finite_o_quantification,NUM/NUM642^4.p,TH0,Theorem,timeout,na,2230,12,1,12,1,0,0,0,0,
no_finite_o_quantification,NUM/NUM643^1.p,TH0,Theorem,timeout,na,2047,2754,216,2754,106,0,0,1,0,
no_finite_o_quantification,NUM/NUM643^4.p,TH0,Theorem,timeout,na,2236,0,0,0,1,0,0,0,0,
no_finite_o_quantification,NUM/NUM644^1.p,TH0,Theorem,timeout,na,2041,2596,180,2596,137,0,0,1,0,
no_finite_o_quantification,NUM/NUM644^4.p,TH0,Theorem,timeout,na,2238,12,1,12,1,0,0,0,0,
no_finite_o_quantification,NUM/NUM645^1.p,TH0,Theorem,timeout,na,2047,2797,214,2797,117,8,0,2,0,
no_finite_o_quantification,NUM/NUM645^4.p,TH0,Theorem,timeout,na,2236,12,1,12,1,0,0,0,0,
no_finite_o_quantification,NUM/NUM646^1.p,TH0,Theorem,timeout,na,2062,2737,170,2737,191,8,0,2,0,
no_finite_o_quantification,NUM/NUM646^4.p,TH0,Theorem,timeout,na,2241,12,1,12,1,0,0,0,0,
no_finite_o_quantification,NUM/NUM647^1.p,TH0,Theorem,timeout,na,2004,176,2,176,13,10,0,2,0,
no_finite_o_quantification,NUM/NUM647^4.p,TH0,Theorem,timeout,na,2242,12,1,12,1,0,0,0,0,
no_finite_o_quantification,NUM/NUM648^1.p,TH0,Theorem,timeout,na,2045,2332,80,2332,227,12,0,2,0,
no_finite_o_quantification,NUM/NUM648^4.p,TH0,Theorem,timeout,na,2247,12,1,12,1,0,0,0,0,
no_finite_o_quantification,NUM/NUM649^1.p,TH0,Theorem,timeout,na,2077,2964,174,2964,225,18,0,1,0,
no_finite_o_quantification,NUM/NUM649^4.p,TH0,Theorem,timeout,na,2248,12,1,12,1,0,0,0,0,
no_finite_o_quantification,NUM/NUM650^1.p,TH0,Theorem,timeout,na,2051,2949,212,2949,135,0,0,1,0,
no_finite_o_quantification,NUM/NUM650^4.p,TH0,Theorem,timeout,na,2256,12,1,12,1,0,0,0,0,
no_finite_o_quantification,NUM/NUM651^1.p,TH0,Theorem,timeout,na,2062,2532,125,2532,234,18,0,2,0,
no_finite_o_quantification,NUM/NUM651^4.p,TH0,Theorem,timeout,na,2257,12,1,12,1,0,0,0,0,
no_finite_o_quantification,NUM/NUM652^1.p,TH0,Theorem,timeout,na,2063,3776,181,3776,135,44,0,0,0,
no_finite_o_quantification,NUM/NUM652^4.p,TH0,Theorem,timeout,na,2263,11,1,11,1,0,0,0,0,
no_finite_o_quantification,NUM/NUM653^1.p,TH0,Theorem,timeout,na,2087,4019,145,4019,130,62,0,0,0,
no_finite_o_quantification,NUM/NUM653^4.p,TH0,Theorem,timeout,na,2264,11,1,11,1,0,0,0,0,
no_finite_o_quantification,NUM/NUM654^1.p,TH0,Theorem,timeout,na,2081,3643,108,3643,383,110,0,1,0,
no_finite_o_quantification,NUM/NUM654^4.p,TH0,Theorem,timeout,na,2264,12,1,12,1,0,0,0,0,
no_finite_o_quantification,NUM/NUM655^1.p,TH0,Theorem,timeout,na,2086,3152,99,3152,334,131,0,1,0,
no_finite_o_quantification,NUM/NUM655^4.p,TH0,Theorem,timeout,na,2268,11,1,11,1,0,0,0,0,
no_finite_o_quantification,NUM/NUM656^1.p,TH0,Theorem,timeout,na,2077,4002,154,4002,126,67,0,0,0,
no_finite_o_quantification,NUM/NUM656^4.p,TH0,Theorem,timeout,na,2266,11,1,11,1,0,0,0,0,
no_finite_o_quantification,NUM/NUM657^1.p,TH0,Theorem,timeout,na,2062,3856,188,3856,138,69,0,0,0,
no_finite_o_quantification,NUM/NUM657^4.p,TH0,Theorem,timeout,na,2268,11,1,11,1,0,0,0,0,
no_finite_o_quantification,NUM/NUM658^1.p,TH0,Theorem,timeout,na,2059,2702,104,2702,241,95,0,1,0,
no_finite_o_quantification,NUM/NUM658^4.p,TH0,Theorem,timeout,na,2272,11,1,11,1,0,0,0,0,
no_finite_o_quantification,NUM/NUM659^1.p,TH0,Theorem,timeout,na,2066,3685,156,3685,301,101,0,1,0,
no_finite_o_quantification,NUM/NUM659^4.p,TH0,Theorem,timeout,na,2273,10,1,10,1,0,0,0,0,
no_finite_o_quantification,NUM/NUM660^1.p,TH0,Theorem,timeout,na,2005,221,0,221,18,21,0,2,0,
no_finite_o_quantification,NUM/NUM660^4.p,TH0,Theorem,timeout,na,2262,12,1,12,1,0,0,0,0,
no_finite_o_quantification,NUM/NUM662^1.p,TH0,Theorem,timeout,na,2052,2655,109,2655,227,8,0,4,0,
no_finite_o_quantification,NUM/NUM662^4.p,TH0,Theorem,timeout,na,2275,12,1,12,1,0,0,0,0,
no_finite_o_quantification,NUM/NUM663^1.p,TH0,Theorem,thm,yes,19,21,0,21,3,1,0,3,1,
no_finite_o_quantification,NUM/NUM663^4.p,TH0,Theorem,timeout,na,2277,7,0,7,1,0,0,0,0,
no_finite_o_quantification,NUM/NUM664^1.p,TH0,Theorem,thm,yes,26,28,0,28,3,1,0,3,1,
no_finite_o_quantification,NUM/NUM664^4.p,TH0,Theorem,timeout,na,2281,7,0,7,1,0,0,0,0,
no_finite_o_quantification,NUM/NUM665^1.p,TH0,Theorem,timeout,na,2233,7315,51,7315,279,362,0,0,0,
no_finite_o_quantification,NUM/NUM665^4.p,TH0,Theorem,timeout,na,2273,8,0,8,1,0,0,0,0,
no_finite_o_quantification,NUM/NUM666^1.p,TH0,Theorem,timeout,na,2199,7343,85,7343,312,343,0,0,0,
no_finite_o_quantification,NUM/NUM666^4.p,TH0,Theorem,timeout,na,2274,6,0,6,1,0,0,0,0,
no_finite_o_quantification,NUM/NUM667^1.p,TH0,Theorem,timeout,na,2222,4495,14,4495,215,224,0,0,0,
no_finite_o_quantification,NUM/NUM667^4.p,TH0,Theorem,timeout,na,2278,12,1,12,1,0,0,0,0,
no_finite_o_quantification,NUM/NUM668^1.p,TH0,Theorem,thm,yes,13,13,0,13,2,1,0,1,1,
no_finite_o_quantification,NUM/NUM668^4.p,TH0,Theorem,timeout,na,2285,0,0,0,1,0,0,0,0,
no_finite_o_quantification,NUM/NUM669^1.p,TH0,Theorem,thm,yes,79,43,2,43,3,1,0,2,1,
no_finite_o_quantification,NUM/NUM669^4.p,TH0,Theorem,timeout,na,2288,12,1,12,1,0,0,0,0,
no_finite_o_quantification,NUM/NUM670^1.p,TH0,Theorem,timeout,na,2047,1881,39,1881,219,9,0,4,0,
no_finite_o_quantification,NUM/NUM670^4.p,TH0,Theorem,timeout,na,2287,0,0,0,1,0,0,0,0,
no_finite_o_quantification,NUM/NUM671^1.p,TH0,Theorem,thm,yes,4,3,0,3,1,1,0,0,0,
no_finite_o_quantification,NUM/NUM671^4.p,TH0,Theorem,timeout,na,2285,12,1,12,1,0,0,0,0,
no_finite_o_quantification,NUM/NUM672^1.p,TH0,Theorem,timeout,na,2155,7038,289,7038,1319,62,0,2,0,
no_finite_o_quantification,NUM/NUM672^4.p,TH0,Theorem,timeout,na,2283,0,0,0,1,0,0,0,0,
no_finite_o_quantification,NUM/NUM673^1.p,TH0,Theorem,timeout,na,2046,2177,83,2177,220,2,0,4,0,
no_finite_o_quantification,NUM/NUM673^4.p,TH0,Theorem,timeout,na,2294,0,0,0,1,0,0,0,0,
no_finite_o_quantification,NUM/NUM674^1.p,TH0,Theorem,thm,yes,4,3,0,3,1,1,0,0,0,
no_finite_o_quantification,NUM/NUM674^4.p,TH0,Theorem,timeout,na,2295,12,1,12,1,0,0,0,0,
no_finite_o_quantification,NUM/NUM676^1.p,TH0,Theorem,thm,yes,13,8,0,8,2,0,0,1,1,
no_finite_o_quantification,NUM/NUM676^4.p,TH0,Theorem,timeout,na,2301,0,0,0,1,0,0,0,0,
no_finite_o_quantification,NUM/NUM677^1.p,TH0,Theorem,timeout,na,2066,2269,91,2269,297,7,0,1,0,
no_finite_o_quantification,NUM/NUM677^4.p,TH0,Theorem,timeout,na,2304,0,0,0,1,0,0,0,0,
no_finite_o_quantification,NUM/NUM680^1.p,TH0,Theorem,timeout,na,2117,2972,68,2972,791,36,0,1,0,
no_finite_o_quantification,NUM/NUM680^4.p,TH0,Theorem,timeout,na,2313,0,0,0,1,0,0,0,0,
no_finite_o_quantification,NUM/NUM681^1.p,TH0,Theorem,timeout,na,2071,3908,200,3908,182,45,0,0,0,
no_finite_o_quantification,NUM/NUM681^4.p,TH0,Theorem,timeout,na,2313,11,1,11,1,0,0,0,0,
no_finite_o_quantification,NUM/NUM682^1.p,TH0,Theorem,timeout,na,2081,3115,115,3115,250,73,0,0,0,
no_finite_o_quantification,NUM/NUM682^4.p,TH0,Theorem,timeout,na,2316,0,0,0,1,0,0,0,0,
no_finite_o_quantification,NUM/NUM683^1.p,TH0,Theorem,timeout,na,2050,2113,74,2113,205,5,0,5,0,
no_finite_o_quantification,NUM/NUM683^4.p,TH0,Theorem,timeout,na,2320,0,0,0,1,0,0,0,0,
no_finite_o_quantification,NUM/NUM684^1.p,TH0,Theorem,timeout,na,2042,2111,99,2111,177,16,0,1,0,
no_finite_o_quantification,NUM/NUM684^4.p,TH0,Theorem,timeout,na,2322,9,0,9,1,0,0,0,0,
no_finite_o_quantification,NUM/NUM686^1.p,TH0,Theorem,timeout,na,2045,2522,195,2522,108,6,0,0,0,
no_finite_o_quantification,NUM/NUM686^4.p,TH0,Theorem,timeout,na,2325,0,0,0,1,0,0,0,0,
no_finite_o_quantification,NUM/NUM687^1.p,TH0,Theorem,timeout,na,2139,3746,124,3746,807,33,0,1,0,
no_finite_o_quantification,NUM/NUM687^4.p,TH0,Theorem,timeout,na,2331,0,0,0,1,0,0,0,0,
no_finite_o_quantification,NUM/NUM688^1.p,TH0,Theorem,timeout,na,2193,3881,94,3881,1142,38,0,1,0,
no_finite_o_quantification,NUM/NUM688^4.p,TH0,Theorem,timeout,na,2334,0,0,0,1,0,0,0,0,
no_finite_o_quantification,NUM/NUM689^1.p,TH0,Theorem,timeout,na,2062,3200,129,3200,261,63,0,0,0,
no_finite_o_quantification,NUM/NUM689^4.p,TH0,Theorem,timeout,na,2335,0,0,0,1,0,0,0,0,
no_finite_o_quantification,NUM/NUM690^1.p,TH0,Theorem,timeout,na,2213,6211,38,6211,276,312,0,0,0,
no_finite_o_quantification,NUM/NUM690^4.p,TH0,Theorem,timeout,na,2335,0,0,0,1,0,0,0,0,
no_finite_o_quantification,NUM/NUM691^1.p,TH0,Theorem,timeout,na,2142,2559,56,2559,225,29,0,0,0,
no_finite_o_quantification,NUM/NUM691^4.p,TH0,Theorem,timeout,na,2341,0,0,0,1,0,0,0,0,
no_finite_o_quantification,NUM/NUM692^1.p,TH0,Theorem,timeout,na,2147,5920,265,5920,1133,40,0,2,0,
no_finite_o_quantification,NUM/NUM692^4.p,TH0,Theorem,timeout,na,2337,0,0,0,1,0,0,0,0,
no_finite_o_quantification,NUM/NUM693^1.p,TH0,Theorem,timeout,na,2053,2562,131,2562,207,16,0,1,0,
no_finite_o_quantification,NUM/NUM693^4.p,TH0,Theorem,timeout,na,2346,12,1,12,1,0,0,0,0,
no_finite_o_quantification,NUM/NUM694^1.p,TH0,Theorem,thm,yes,8,8,0,8,2,0,0,1,1,
no_finite_o_quantification,NUM/NUM694^4.p,TH0,Theorem,timeout,na,2350,12,1,12,1,0,0,0,0,
no_finite_o_quantification,NUM/NUM695^1.p,TH0,Theorem,timeout,na,2051,2453,132,2453,193,6,0,1,0,
no_finite_o_quantification,NUM/NUM695^4.p,TH0,Theorem,timeout,na,2347,12,1,12,1,0,0,0,0,
no_finite_o_quantification,NUM/NUM696^1.p,TH0,Theorem,timeout,na,2058,2834,123,2834,235,33,0,2,0,
no_finite_o_quantification,NUM/NUM696^4.p,TH0,Theorem,timeout,na,2351,0,0,0,1,0,0,0,0,
no_finite_o_quantification,NUM/NUM697^1.p,TH0,Theorem,timeout,na,2045,2730,156,2730,193,4,0,1,0,
no_finite_o_quantification,NUM/NUM697^4.p,TH0,Theorem,timeout,na,2350,0,0,0,1,0,0,0,0,
no_finite_o_quantification,NUM/NUM698^1.p,TH0,Theorem,timeout,na,2194,6756,31,6756,240,218,0,0,0,
no_finite_o_quantification,NUM/NUM698^4.p,TH0,Theorem,timeout,na,2346,0,0,0,1,0,0,0,0,
no_finite_o_quantification,NUM/NUM699^1.p,TH0,Theorem,timeout,na,2048,2946,137,2946,245,2,0,1,0,
no_finite_o_quantification,NUM/NUM699^4.p,TH0,Theorem,timeout,na,2352,0,0,0,1,0,0,0,0,
no_finite_o_quantification,NUM/NUM700^1.p,TH0,Theorem,thm,yes,26,60,0,60,9,0,0,1,1,
no_finite_o_quantification,NUM/NUM700^4.p,TH0,Theorem,timeout,na,2353,0,0,0,1,0,0,0,0,
no_finite_o_quantification,NUM/NUM701^1.p,TH0,Theorem,timeout,na,2036,2599,157,2599,153,2,0,2,0,
no_finite_o_quantification,NUM/NUM701^4.p,TH0,ContradictoryAxioms,timeout,na,2360,0,0,0,1,0,0,0,0,
no_finite_o_quantification,NUM/NUM702^1.p,TH0,Theorem,timeout,na,2190,6176,44,6176,243,65,0,0,0,
no_finite_o_quantification,NUM/NUM702^4.p,TH0,Theorem,timeout,na,2348,0,0,0,1,0,0,0,0,
no_finite_o_quantification,NUM/NUM703^1.p,TH0,Theorem,timeout,na,2057,2749,90,2749,286,7,0,2,0,
no_finite_o_quantification,NUM/NUM703^4.p,TH0,Theorem,timeout,na,2359,0,0,0,1,0,0,0,0,
no_finite_o_quantification,NUM/NUM704^1.p,TH0,Theorem,timeout,na,2051,3368,237,3368,152,0,0,1,0,
no_finite_o_quantification,NUM/NUM704^4.p,TH0,Theorem,timeout,na,2362,11,1,11,1,0,0,0,0,
no_finite_o_quantification,NUM/NUM705^1.p,TH0,Theorem,timeout,na,2062,2113,65,2113,219,52,0,0,0,
no_finite_o_quantification,NUM/NUM705^4.p,TH0,Theorem,timeout,na,2363,11,1,11,1,0,0,0,0,
no_finite_o_quantification,NUM/NUM706^1.p,TH0,Theorem,timeout,na,2003,71,3,71,5,3,0,2,0,
no_finite_o_quantification,NUM/NUM706^4.p,TH0,Theorem,timeout,na,2375,8,0,8,1,0,0,0,0,
no_finite_o_quantification,NUM/NUM707^1.p,TH0,Theorem,timeout,na,2004,73,3,73,5,3,0,2,0,
no_finite_o_quantification,NUM/NUM707^4.p,TH0,ContradictoryAxioms,timeout,na,2374,0,0,0,1,0,0,0,0,
no_finite_o_quantification,NUM/NUM708^1.p,TH0,Theorem,timeout,na,2003,71,3,71,5,3,0,2,0,
no_finite_o_quantification,NUM/NUM708^4.p,TH0,Theorem,timeout,na,2374,7,0,7,1,0,0,0,0,
no_finite_o_quantification,NUM/NUM709^1.p,TH0,Theorem,timeout,na,2003,73,3,73,5,3,0,2,0,
no_finite_o_quantification,NUM/NUM709^4.p,TH0,ContradictoryAxioms,timeout,na,2376,0,0,0,1,0,0,0,0,
no_finite_o_quantification,NUM/NUM710^1.p,TH0,Theorem,timeout,na,2071,3008,232,3008,123,0,0,1,0,
no_finite_o_quantification,NUM/NUM710^4.p,TH0,Theorem,timeout,na,2382,0,0,0,1,0,0,0,0,
no_finite_o_quantification,NUM/NUM711^1.p,TH0,Theorem,timeout,na,2050,2809,219,2809,101,0,0,1,0,
no_finite_o_quantification,NUM/NUM711^4.p,TH0,Theorem,timeout,na,2384,0,0,0,1,0,0,0,0,
no_finite_o_quantification,NUM/NUM712^1.p,TH0,Theorem,timeout,na,2060,2237,138,2237,142,0,0,1,0,
no_finite_o_quantification,NUM/NUM712^4.p,TH0,Theorem,timeout,na,2385,0,0,0,1,0,0,0,0,
no_finite_o_quantification,NUM/NUM713^1.p,TH0,Theorem,timeout,na,2037,2054,117,2054,117,10,0,4,0,
no_finite_o_quantification,NUM/NUM713^4.p,TH0,Theorem,timeout,na,2387,0,0,0,1,0,0,0,0,
no_finite_o_quantification,NUM/NUM721^1.p,TH0,Theorem,timeout,na,2054,1797,98,1797,256,0,0,5,0,
no_finite_o_quantification,NUM/NUM721^4.p,TH0,Theorem,timeout,na,2424,0,0,0,1,0,0,0,0,
no_finite_o_quantification,NUM/NUM726^1.p,TH0,Theorem,thm,yes,6,3,0,3,1,1,0,0,0,
no_finite_o_quantification,NUM/NUM726^4.p,TH0,Theorem,timeout,na,2469,0,0,0,1,0,0,0,0,
no_finite_o_quantification,NUM/NUM727^1.p,TH0,Theorem,timeout,na,2072,1740,34,1740,191,55,0,1,0,
no_finite_o_quantification,NUM/NUM727^4.p,TH0,Theorem,timeout,na,2474,0,0,0,1,0,0,0,0,
no_finite_o_quantification,NUM/NUM728^1.p,TH0,Theorem,thm,yes,14,11,0,11,2,0,0,1,1,
no_finite_o_quantification,NUM/NUM728^4.p,TH0,Theorem,timeout,na,2474,0,0,0,1,0,0,0,0,
no_finite_o_quantification,NUM/NUM729^1.p,TH0,Theorem,thm,yes,14,12,0,12,2,0,0,1,1,
no_finite_o_quantification,NUM/NUM729^4.p,TH0,Theorem,timeout,na,2492,0,0,0,1,0,0,0,0,
no_finite_o_quantification,NUM/NUM730^1.p,TH0,Theorem,timeout,na,2231,5567,0,5320,173,643,0,0,0,
no_finite_o_quantification,NUM/NUM730^4.p,TH0,Theorem,timeout,na,2486,0,0,0,1,0,0,0,0,
no_finite_o_quantification,NUM/NUM736^1.p,TH0,Theorem,thm,yes,10,9,0,9,2,0,0,1,1,
no_finite_o_quantification,NUM/NUM736^4.p,TH0,Theorem,timeout,na,2503,0,0,0,1,0,0,0,0,
no_finite_o_quantification,NUM/NUM737^1.p,TH0,Theorem,timeout,na,2087,2082,42,2082,401,24,0,1,0,
no_finite_o_quantification,NUM/NUM737^4.p,TH0,Theorem,timeout,na,2501,0,0,0,1,0,0,0,0,
no_finite_o_quantification,NUM/NUM738^1.p,TH0,Theorem,timeout,na,2111,5159,255,5159,774,78,0,3,0,
no_finite_o_quantification,NUM/NUM738^4.p,TH0,Theorem,timeout,na,2487,0,0,0,1,0,0,0,0,
no_finite_o_quantification,NUM/NUM739^1.p,TH0,Theorem,timeout,na,2326,6117,55,6117,2201,0,0,1,0,
no_finite_o_quantification,NUM/NUM739^4.p,TH0,Theorem,timeout,na,2500,0,0,0,1,0,0,0,0,
no_finite_o_quantification,NUM/NUM740^1.p,TH0,Theorem,thm,yes,21,55,0,55,9,0,0,1,1,
no_finite_o_quantification,NUM/NUM740^4.p,TH0,Theorem,timeout,na,2516,0,0,0,1,0,0,0,0,
no_finite_o_quantification,NUM/NUM741^1.p,TH0,Theorem,timeout,na,2246,3512,91,3512,850,16,0,2,0,
no_finite_o_quantification,NUM/NUM741^4.p,TH0,Theorem,timeout,na,2530,0,0,0,1,0,0,0,0,
no_finite_o_quantification,NUM/NUM742^1.p,TH0,Theorem,timeout,na,2313,6071,113,6071,2098,9,0,1,0,
no_finite_o_quantification,NUM/NUM742^4.p,TH0,Theorem,timeout,na,2540,0,0,0,1,0,0,0,0,
no_finite_o_quantification,NUM/NUM743^1.p,TH0,Theorem,timeout,na,2269,5666,108,5666,1726,86,0,2,0,
no_finite_o_quantification,NUM/NUM743^4.p,TH0,Theorem,timeout,na,2512,0,0,0,1,0,0,0,0,
no_finite_o_quantification,NUM/NUM746^1.p,TH0,Theorem,timeout,na,2158,4116,113,4116,1068,70,0,1,0,
no_finite_o_quantification,NUM/NUM746^4.p,TH0,Theorem,timeout,na,2522,0,0,0,1,0,0,0,0,
no_finite_o_quantification,NUM/NUM747^1.p,TH0,Theorem,thm,yes,17,14,0,14,2,0,0,1,1,
no_finite_o_quantification,NUM/NUM747^4.p,TH0,Theorem,timeout,na,2571,0,0,0,1,0,0,0,0,
no_finite_o_quantification,NUM/NUM748^1.p,TH0,Theorem,timeout,na,2032,2407,182,2407,86,6,0,4,0,
no_finite_o_quantification,NUM/NUM748^4.p,TH0,Theorem,timeout,na,2567,0,0,0,1,0,0,0,0,
no_finite_o_quantification,NUM/NUM749^1.p,TH0,Theorem,thm,yes,9,10,0,10,2,0,0,1,1,
no_finite_o_quantification,NUM/NUM749^4.p,TH0,Theorem,timeout,na,2574,0,0,0,1,0,0,0,0,
no_finite_o_quantification,NUM/NUM750^1.p,TH0,Theorem,thm,yes,23,17,0,17,3,0,0,2,1,
no_finite_o_quantification,NUM/NUM750^4.p,TH0,Theorem,timeout,na,2577,0,0,0,1,0,0,0,0,
no_finite_o_quantification,NUM/NUM751^1.p,TH0,Theorem,timeout,na,2288,4206,60,4206,1390,52,0,3,0,
no_finite_o_quantification,NUM/NUM751^4.p,TH0,Theorem,timeout,na,2542,0,0,0,1,0,0,0,0,
no_finite_o_quantification,NUM/NUM752^1.p,TH0,Theorem,thm,yes,25,21,0,21,3,0,0,2,1,
no_finite_o_quantification,NUM/NUM752^4.p,TH0,Theorem,timeout,na,2591,0,0,0,1,0,0,0,0,
no_finite_o_quantification,NUM/NUM753^1.p,TH0,Theorem,timeout,na,2272,3950,40,3950,1369,0,0,4,0,
no_finite_o_quantification,NUM/NUM753^4.p,TH0,Theorem,timeout,na,2580,0,0,0,1,0,0,0,0,
no_finite_o_quantification,NUM/NUM754^1.p,TH0,Theorem,timeout,na,2292,4149,56,4149,1555,0,0,4,0,
no_finite_o_quantification,NUM/NUM754^4.p,TH0,Theorem,timeout,na,2577,0,0,0,1,0,0,0,0,
no_finite_o_quantification,NUM/NUM755^1.p,TH0,Theorem,timeout,na,2156,4922,92,4922,1013,162,0,1,0,
no_finite_o_quantification,NUM/NUM755^4.p,TH0,Theorem,timeout,na,2555,0,0,0,1,0,0,0,0,
no_finite_o_quantification,NUM/NUM756^1.p,TH0,Theorem,timeout,na,2179,5190,67,5190,1116,213,0,3,0,
no_finite_o_quantification,NUM/NUM756^4.p,TH0,Theorem,timeout,na,2594,0,0,0,1,0,0,0,0,
no_finite_o_quantification,NUM/NUM757^1.p,TH0,Theorem,timeout,na,2141,4831,101,4831,954,97,0,1,0,
no_finite_o_quantification,NUM/NUM757^4.p,TH0,Theorem,timeout,na,2565,0,0,0,1,0,0,0,0,
no_finite_o_quantification,NUM/NUM758^1.p,TH0,Theorem,timeout,na,2194,3913,92,3913,1032,28,0,4,0,
no_finite_o_quantification,NUM/NUM758^4.p,TH0,Theorem,timeout,na,2595,0,0,0,1,0,0,0,0,
no_finite_o_quantification,NUM/NUM759^1.p,TH0,Theorem,timeout,na,2428,4571,103,4572,1249,128,0,3,0,
no_finite_o_quantification,NUM/NUM759^4.p,TH0,Theorem,timeout,na,2596,0,0,0,1,0,0,0,0,
no_finite_o_quantification,NUM/NUM760^1.p,TH0,Theorem,timeout,na,2354,6216,124,6216,1883,2,0,2,0,
no_finite_o_quantification,NUM/NUM760^4.p,TH0,Theorem,timeout,na,2598,0,0,0,1,0,0,0,0,
no_finite_o_quantification,NUM/NUM761^1.p,TH0,Theorem,timeout,na,2179,4192,97,4192,1195,15,0,1,0,
no_finite_o_quantification,NUM/NUM761^4.p,TH0,Theorem,timeout,na,2613,0,0,0,1,0,0,0,0,
no_finite_o_quantification,NUM/NUM762^1.p,TH0,Theorem,timeout,na,2277,4448,89,4448,1365,0,0,2,0,
no_finite_o_quantification,NUM/NUM762^4.p,TH0,Theorem,timeout,na,2587,0,0,0,1,0,0,0,0,
no_finite_o_quantification,NUM/NUM765^1.p,TH0,Theorem,timeout,na,2166,3250,52,3250,978,30,0,1,0,
no_finite_o_quantification,NUM/NUM765^4.p,TH0,Theorem,timeout,na,2620,0,0,0,1,0,0,0,0,
no_finite_o_quantification,NUM/NUM766^1.p,TH0,Theorem,timeout,na,2052,1347,60,1347,131,12,0,1,0,
no_finite_o_quantification,NUM/NUM766^4.p,TH0,Theorem,timeout,na,2633,0,0,0,1,0,0,0,0,
no_finite_o_quantification,NUM/NUM767^1.p,TH0,Theorem,timeout,na,2426,6319,12,6319,2097,0,0,2,0,
no_finite_o_quantification,NUM/NUM767^4.p,TH0,Theorem,timeout,na,2629,0,0,0,1,0,0,0,0,
no_finite_o_quantification,NUM/NUM768^1.p,TH0,Theorem,timeout,na,2119,2045,50,2045,451,10,0,2,0,
no_finite_o_quantification,NUM/NUM768^4.p,TH0,Theorem,timeout,na,2633,0,0,0,1,0,0,0,0,
no_finite_o_quantification,NUM/NUM769^1.p,TH0,Theorem,thm,yes,20,32,0,32,5,0,0,1,1,
no_finite_o_quantification,NUM/NUM769^4.p,TH0,Theorem,timeout,na,2607,0,0,0,1,0,0,0,0,
no_finite_o_quantification,NUM/NUM770^1.p,TH0,Theorem,timeout,na,2164,4650,81,4650,1182,150,0,1,0,
no_finite_o_quantification,NUM/NUM770^4.p,TH0,Theorem,timeout,na,2602,0,0,0,1,0,0,0,0,
no_finite_o_quantification,NUM/NUM771^1.p,TH0,Theorem,timeout,na,2039,2371,129,2371,136,21,0,5,0,
no_finite_o_quantification,NUM/NUM771^4.p,TH0,Theorem,timeout,na,2649,0,0,0,1,0,0,0,0,
no_finite_o_quantification,NUM/NUM781^1.p,TH0,Theorem,thm,yes,4,3,0,3,1,1,0,0,0,
no_finite_o_quantification,NUM/NUM781^2.p,TH0,Theorem,thm,yes,11,10,0,10,1,1,0,0,0,
no_finite_o_quantification,NUM/NUM781^3.p,TH0,Theorem,thm,yes,8,8,0,8,1,1,0,0,0,
no_finite_o_quantification,NUM/NUM781^4.p,TH0,Theorem,timeout,na,2722,0,0,0,1,0,0,0,0,
no_finite_o_quantification,NUM/NUM782^1.p,TH0,Theorem,thm,yes,4,3,0,3,1,1,0,0,0,
no_finite_o_quantification,NUM/NUM782^4.p,TH0,Theorem,timeout,na,2676,0,0,0,1,0,0,0,0,
no_finite_o_quantification,NUM/NUM783^1.p,TH0,Theorem,timeout,na,2344,8195,0,7997,174,1084,0,0,0,
no_finite_o_quantification,NUM/NUM783^4.p,TH0,Theorem,timeout,na,2681,0,0,0,1,0,0,0,0,
no_finite_o_quantification,NUM/NUM784^1.p,TH0,Theorem,thm,yes,47,53,2,53,7,2,0,1,1,
no_finite_o_quantification,NUM/NUM784^4.p,TH0,Theorem,timeout,na,2711,0,0,0,1,0,0,0,0,
no_finite_o_quantification,NUM/NUM785^1.p,TH0,Theorem,thm,yes,44,45,1,45,5,2,0,1,1,
no_finite_o_quantification,NUM/NUM785^4.p,TH0,Theorem,timeout,na,2702,0,0,0,1,0,0,0,0,
no_finite_o_quantification,NUM/NUM786^1.p,TH0,Theorem,thm,yes,13,18,0,18,3,0,0,1,1,
no_finite_o_quantification,NUM/NUM786^4.p,TH0,Theorem,timeout,na,2703,0,0,0,1,0,0,0,0,
no_finite_o_quantification,NUM/NUM787^1.p,TH0,Theorem,thm,yes,13,17,0,17,3,0,0,1,1,
no_finite_o_quantification,NUM/NUM787^4.p,TH0,Theorem,timeout,na,2697,0,0,0,1,0,0,0,0,
no_finite_o_quantification,NUM/NUM788^1.p,TH0,Theorem,thm,yes,49,55,1,55,6,2,0,1,1,
no_finite_o_quantification,NUM/NUM788^4.p,TH0,Theorem,timeout,na,2707,0,0,0,1,0,0,0,0,
no_finite_o_quantification,NUM/NUM789^1.p,TH0,Theorem,thm,yes,36,42,0,42,6,2,0,1,1,
no_finite_o_quantification,NUM/NUM789^4.p,TH0,Theorem,timeout,na,2704,0,0,0,1,0,0,0,0,
no_finite_o_quantification,NUM/NUM790^1.p,TH0,Theorem,thm,yes,14,18,0,18,3,0,0,1,1,
no_finite_o_quantification,NUM/NUM790^4.p,TH0,Theorem,timeout,na,2702,0,0,0,1,0,0,0,0,
no_finite_o_quantification,NUM/NUM791^1.p,TH0,Theorem,thm,yes,14,18,0,18,3,0,0,1,1,
no_finite_o_quantification,NUM/NUM791^4.p,TH0,Theorem,timeout,na,2709,0,0,0,1,0,0,0,0,
no_finite_o_quantification,NUM/NUM792^1.p,TH0,Theorem,timeout,na,2098,8045,570,8045,758,50,0,3,0,
no_finite_o_quantification,NUM/NUM792^4.p,TH0,Theorem,timeout,na,2701,0,0,0,1,0,0,0,0,
no_finite_o_quantification,NUM/NUM793^1.p,TH0,Theorem,timeout,na,2074,7881,605,7881,543,88,0,2,0,
no_finite_o_quantification,NUM/NUM793^4.p,TH0,Theorem,timeout,na,2738,0,0,0,1,0,0,0,0,
no_finite_o_quantification,NUM/NUM795^1.p,TH0,Theorem,timeout,na,2099,6353,399,6353,731,50,0,2,0,
no_finite_o_quantification,NUM/NUM795^4.p,TH0,Theorem,timeout,na,2768,0,0,0,1,0,0,0,0,
no_finite_o_quantification,NUM/NUM796^1.p,TH0,Theorem,timeout,na,2131,6662,385,6662,974,29,0,3,0,
no_finite_o_quantification,NUM/NUM796^4.p,TH0,Theorem,timeout,na,2772,0,0,0,1,0,0,0,0,
no_finite_o_quantification,NUM/NUM797^1.p,TH0,Theorem,timeout,na,2051,2965,140,2965,247,5,0,1,0,
no_finite_o_quantification,NUM/NUM797^4.p,TH0,Theorem,timeout,na,2224,14,1,14,1,0,0,0,0,
no_finite_o_quantification,NUM/NUM798^1.p,TH0,Theorem,timeout,na,2023,17,0,17,2,0,0,0,0,
no_finite_o_quantification,NUM/NUM799^1.p,TH0,Theorem,timeout,na,2026,17,0,17,2,0,0,0,0,
no_finite_o_quantification,NUM/NUM800^1.p,TH0,Theorem,timeout,na,2030,76,2,76,6,1,0,0,0,
no_finite_o_quantification,NUM/NUM801^1.p,TH0,Theorem,timeout,na,2029,19,1,19,2,0,0,0,0,
no_finite_o_quantification,NUM/NUM802^5.p,TH0,Theorem,timeout,na,2107,4146,52,4146,601,46,0,2,0,
no_finite_o_quantification,NUM/NUM803^5.p,TH0,CounterSatisfiable,csa,yes,10,7,0,7,2,0,1,0,0,C[1CT4F4] (c_star C[22NNCF] c0)  ¬(C[1CT4F4] c0)
no_finite_o_quantification,NUM/NUM804^5.p,TH0,CounterSatisfiable,csa,yes,9,10,0,10,2,0,1,0,0,C[14HXHL] (c_plus C[1IHN7A] c0)  ¬(C[14HXHL] C[1IHN7A])
no_finite_o_quantification,NUM/NUM805^5.p,TH0,CounterSatisfiable,csa,yes,13,11,0,11,2,0,1,0,0,C[2AOIE] (c_plus C[3GX20] (cS C[24VMHA]))  ¬(C[2AOIE] (cS (c_plus C[3GX20] C[24VMHA])))
no_finite_o_quantification,NUM/NUM806^5.p,TH0,CounterSatisfiable,csa,yes,13,8,0,8,2,0,1,0,0,C[YXTS4] (c_star C[P28VP] (cS C[DCPYU]))  ¬(C[YXTS4] (c_plus (c_star C[P28VP] C[DCPYU]) C[P28VP]))
no_finite_o_quantification,NUM/NUM807^5.p,TH0,CounterSatisfiable,timeout,na,2028,2316,159,2316,99,19,0,0,0,
no_finite_o_quantification,NUM/NUM808^5.p,TH0,Theorem,timeout,na,2031,2026,127,2026,122,12,0,4,0,
no_finite_o_quantification,NUM/NUM809^5.p,TH0,Theorem,timeout,na,2068,2489,97,2489,318,0,0,3,0,
no_finite_o_quantification,NUM/NUM810^5.p,TH0,Theorem,timeout,na,2060,2308,126,2308,190,0,0,2,0,
no_finite_o_quantification,NUM/NUM811^5.p,TH0,Theorem,timeout,na,2089,2180,86,2180,291,0,0,2,0,
no_finite_o_quantification,NUM/NUM812^5.p,TH0,Theorem,timeout,na,2038,2738,171,2738,165,0,0,2,0,
no_finite_o_quantification,NUM/NUM813^5.p,TH0,Theorem,timeout,na,2049,2358,136,2358,118,37,0,4,0,
no_finite_o_quantification,NUM/NUM814^5.p,TH0,Theorem,timeout,na,2048,2773,160,2773,184,0,0,2,0,
no_finite_o_quantification,NUM/NUM815^5.p,TH0,Theorem,timeout,na,2051,2766,170,2766,160,0,0,2,0,
no_finite_o_quantification,NUM/NUM816^5.p,TH0,Theorem,timeout,na,2038,2564,149,2564,174,0,0,1,0,
no_finite_o_quantification,NUM/NUM817^5.p,TH0,Theorem,timeout,na,2035,2548,159,2548,155,0,0,1,0,
no_finite_o_quantification,NUM/NUM818^5.p,TH0,CounterSatisfiable,timeout,na,2027,354,12,354,48,2,0,2,0,
no_finite_o_quantification,NUM/NUM819^5.p,TH0,Unknown,timeout,na,2090,2679,13,2679,513,124,0,3,0,
no_finite_o_quantification,NUM/NUM821^5.p,TH0,Unknown,timeout,na,2061,2519,110,2519,172,64,0,4,0,
no_finite_o_quantification,NUM/NUM822^5.p,TH0,Unknown,timeout,na,2096,2982,28,2982,451,170,0,2,0,
no_finite_o_quantification,NUM/NUM823^5.p,TH0,Unknown,timeout,na,2082,3106,50,3106,465,117,0,4,0,
no_finite_o_quantification,NUM/NUM824^5.p,TH0,Theorem,timeout,na,2021,797,49,797,42,19,0,4,0,
no_finite_o_quantification,NUM/NUM825^5.p,TH0,Theorem,timeout,na,2026,921,47,921,58,33,0,0,0,
no_finite_o_quantification,NUM/NUM826^5.p,TH0,Theorem,timeout,na,2032,522,29,522,35,10,0,1,0,
no_finite_o_quantification,NUM/NUM827^5.p,TH0,Theorem,timeout,na,2073,2664,93,2664,284,52,0,1,0,
no_finite_o_quantification,NUM/NUM828^5.p,TH0,Theorem,timeout,na,2074,2624,97,2624,272,54,0,1,0,
no_finite_o_quantification,NUM/NUM829^5.p,TH0,Theorem,timeout,na,2062,2584,95,2584,257,58,0,1,0,
no_finite_o_quantification,NUM/NUM830^5.p,TH0,Theorem,timeout,na,2035,1169,43,1169,119,21,0,3,0,
no_finite_o_quantification,NUM/NUM831^5.p,TH0,Unknown,timeout,na,2050,1917,89,1917,176,0,0,1,0,
no_finite_o_quantification,NUM/NUM832^5.p,TH0,Theorem,timeout,na,2063,1705,29,1705,287,0,0,1,0,
no_finite_o_quantification,NUM/NUM833^5.p,TH0,Unknown,timeout,na,2041,1300,51,1300,132,1,0,1,0,
no_finite_o_quantification,NUM/NUM834^5.p,TH0,Unknown,timeout,na,2030,425,15,425,42,0,0,1,0,
no_finite_o_quantification,NUM/NUM863^1.p,TH0,Theorem,timeout,na,2154,1926,3,1926,288,0,0,0,0,
no_finite_o_quantification,NUM/NUM923^1.p,TH0,Theorem,timeout,na,2157,2115,162,2115,79,0,0,1,0,
no_finite_o_quantification,NUM/NUM923^2.p,TH1,Theorem,parser_error,na,0,,,,,,,,,cached: Failed to parse formula 'fact_81_split__paired__Ex': [byte:26352] Type Error: Cannot unify strict function types of different arities.
no_finite_o_quantification,NUM/NUM923^3.p,TH1,Theorem,parser_error,na,0,,,,,,,,,cached: Failed to parse formula 'fact_125_split__paired__Ex': [byte:41018] Type Error: Cannot unify strict function types of different arities.
no_finite_o_quantification,NUM/NUM923^4.p,TH1,Theorem,parser_error,na,0,,,,,,,,,cached: Failed to parse formula 'fact_158_split__paired__All': [byte:93412] Type Error: Cannot unify strict function types of different arities.
no_finite_o_quantification,NUM/NUM924^1.p,TH0,ContradictoryAxioms,timeout,na,2756,4824,16,4824,526,0,0,0,0,
no_finite_o_quantification,NUM/NUM924^2.p,TH0,Theorem,timeout,na,2736,628,62,628,1,0,0,0,0,
no_finite_o_quantification,NUM/NUM924^3.p,TH0,ContradictoryAxioms,timeout,na,3359,577,57,577,1,0,0,0,0,
no_finite_o_quantification,NUM/NUM924^4.p,TH1,Theorem,parser_error,na,0,,,,,,,,,cached: Failed to parse formula 'fact_2709_ex__nat': [byte:738104] Type Error: Cannot unify strict function types of different arities.
no_finite_o_quantification,NUM/NUM925^1.p,TH0,Theorem,timeout,na,2735,6028,11,6028,1467,0,0,1,0,
no_finite_o_quantification,NUM/NUM925^2.p,TH0,Theorem,timeout,na,2588,751,75,751,1,0,0,0,0,
no_finite_o_quantification,NUM/NUM925^3.p,TH0,Theorem,timeout,na,3231,554,55,554,1,0,0,0,0,
no_finite_o_quantification,NUM/NUM925^4.p,TH1,Theorem,parser_error,na,0,,,,,,,,,cached: Failed to parse formula 'fact_2744_ex__nat': [byte:691477] Type Error: Cannot unify strict function types of different arities.
no_finite_o_quantification,NUM/NUM926^1.p,TH0,Theorem,timeout,na,2211,1442,83,1442,136,2,0,1,0,
no_finite_o_quantification,NUM/NUM926^2.p,TH0,Theorem,timeout,na,2699,624,62,624,1,0,0,0,0,
no_finite_o_quantification,NUM/NUM926^3.p,TH0,Theorem,timeout,na,3365,574,57,574,1,0,0,0,0,
no_finite_o_quantification,NUM/NUM926^4.p,TH1,Theorem,parser_error,na,0,,,,,,,,,cached: Failed to parse formula 'fact_2727_ex__nat': [byte:747317] Type Error: Cannot unify strict function types of different arities.
no_finite_o_quantification,NUN/NUN021^1.p,TH0,Satisfiable,no_conjecture,na,19,,,,,,,,,
no_finite_o_quantification,NUN/NUN022^1.p,TH0,Satisfiable,timeout,na,2006,1087,129,1087,1,0,0,0,0,
no_finite_o_quantification,NUN/NUN023^1.p,TH0,Theorem,timeout,na,2072,3257,182,3257,235,37,0,1,0,
no_finite_o_quantification,NUN/NUN023^2.p,TH0,Theorem,timeout,na,2056,3166,202,3166,166,45,0,1,0,
no_finite_o_quantification,NUN/NUN024^1.p,TH0,Theorem,timeout,na,2084,3348,205,3348,275,79,0,1,0,
no_finite_o_quantification,NUN/NUN024^2.p,TH0,Theorem,timeout,na,2069,3386,216,3386,225,44,0,1,0,
no_finite_o_quantification,NUN/NUN025^1.p,TH0,Theorem,timeout,na,2083,3162,154,3162,302,33,0,1,0,
no_finite_o_quantification,NUN/NUN025^2.p,TH0,Theorem,timeout,na,2067,3251,202,3251,202,55,0,1,0,
no_finite_o_quantification,NUN/NUN025^3.p,TH0,Theorem,timeout,na,2096,3459,174,3459,288,45,0,1,0,
no_finite_o_quantification,NUN/NUN026^1.p,TH1,Theorem,parse_timeout,na,0,,,,,,,,,cached: parse exceeded 5000ms
no_finite_o_quantification,NUN/NUN027^1.p,TH1,Theorem,parse_timeout,na,0,,,,,,,,,cached: parse exceeded 5000ms
no_finite_o_quantification,NUN/NUN028^1.p,TH1,Theorem,parse_timeout,na,0,,,,,,,,,cached: parse exceeded 5000ms
no_finite_o_quantification,NUN/NUN029^1.p,TH1,Theorem,parse_timeout,na,0,,,,,,,,,cached: parse exceeded 5000ms
no_finite_o_quantification,NUN/NUN030^1.p,TH1,Theorem,parse_timeout,na,0,,,,,,,,,cached: parse exceeded 5000ms
no_finite_o_quantification,NUN/NUN031^1.p,TH1,Theorem,parse_timeout,na,0,,,,,,,,,cached: parse exceeded 5000ms
no_finite_o_quantification,NUN/NUN032^1.p,TH1,Theorem,parse_timeout,na,0,,,,,,,,,cached: parse exceeded 5000ms
no_finite_o_quantification,NUN/NUN033^1.p,TH1,Theorem,parse_timeout,na,0,,,,,,,,,cached: parse exceeded 5000ms
no_finite_o_quantification,NUN/NUN034^1.p,TH1,Theorem,parse_timeout,na,0,,,,,,,,,cached: parse exceeded 5000ms
no_finite_o_quantification,NUN/NUN035^1.p,TH1,Theorem,parse_timeout,na,0,,,,,,,,,cached: parse exceeded 5000ms
no_finite_o_quantification,NUN/NUN036^1.p,TH1,Theorem,parse_timeout,na,0,,,,,,,,,cached: parse exceeded 5000ms
no_finite_o_quantification,NUN/NUN037^1.p,TH1,Theorem,parse_timeout,na,0,,,,,,,,,cached: parse exceeded 5000ms
no_finite_o_quantification,NUN/NUN038^1.p,TH1,Theorem,parse_timeout,na,0,,,,,,,,,cached: parse exceeded 5000ms
no_finite_o_quantification,NUN/NUN039^1.p,TH1,Theorem,parse_timeout,na,0,,,,,,,,,cached: parse exceeded 5000ms
no_finite_o_quantification,NUN/NUN040^1.p,TH1,Theorem,parse_timeout,na,0,,,,,,,,,cached: parse exceeded 5000ms
no_finite_o_quantification,NUN/NUN041^1.p,TH1,Theorem,parse_timeout,na,0,,,,,,,,,cached: parse exceeded 5000ms
no_finite_o_quantification,NUN/NUN042^1.p,TH1,Theorem,parse_timeout,na,0,,,,,,,,,cached: parse exceeded 5000ms
no_finite_o_quantification,NUN/NUN043^1.p,TH1,Theorem,parse_timeout,na,0,,,,,,,,,cached: parse exceeded 5000ms
no_finite_o_quantification,NUN/NUN044^1.p,TH1,Theorem,parse_timeout,na,0,,,,,,,,,cached: parse exceeded 5000ms
no_finite_o_quantification,NUN/NUN045^1.p,TH1,Theorem,parse_timeout,na,0,,,,,,,,,cached: parse exceeded 5000ms
no_finite_o_quantification,NUN/NUN046^1.p,TH1,ContradictoryAxioms,timeout,na,2050,2281,136,2281,129,28,0,0,0,
no_finite_o_quantification,NUN/NUN047^1.p,TH1,ContradictoryAxioms,timeout,na,2047,1453,56,1453,130,20,0,1,0,
no_finite_o_quantification,NUN/NUN048^1.p,TH1,Theorem,timeout,na,2145,4154,70,4154,202,78,0,0,0,
no_finite_o_quantification,NUN/NUN049^1.p,TH1,Theorem,timeout,na,2046,1135,43,1118,74,46,0,0,0,
no_finite_o_quantification,NUN/NUN050^1.p,TH1,Theorem,timeout,na,2048,986,43,968,61,32,0,0,0,
no_finite_o_quantification,NUN/NUN051^1.p,TH1,Theorem,timeout,na,2062,1200,26,1200,145,36,0,1,0,
no_finite_o_quantification,NUN/NUN052^1.p,TH1,CounterSatisfiable,timeout,na,2067,2174,110,2174,181,0,0,1,0,
no_finite_o_quantification,NUN/NUN053^4.p,TH0,Satisfiable,no_conjecture,na,1763,,,,,,,,,
no_finite_o_quantification,NUN/NUN093^1.p,TH0,Unknown,timeout,na,3584,0,0,0,1,0,0,0,0,
no_finite_o_quantification,NUN/NUN094^1.p,TH0,Unknown,timeout,na,3621,0,0,0,1,0,0,0,0,
no_finite_o_quantification,NUN/NUN095^1.p,TH0,Unknown,timeout,na,3488,0,0,0,1,0,0,0,0,
no_finite_o_quantification,NUN/NUN096^1.p,TH0,Unknown,timeout,na,3525,0,0,0,1,0,0,0,0,
no_finite_o_quantification,NUN/NUN097^1.p,TH0,Unknown,timeout,na,2878,0,0,0,1,0,0,0,0,
no_finite_o_quantification,NUN/NUN098^1.p,TH0,Unknown,timeout,na,2871,0,0,0,1,0,0,0,0,
no_finite_o_quantification,NUN/NUN099^1.p,TH0,Unknown,timeout,na,3279,0,0,0,1,0,0,0,0,
no_finite_o_quantification,NUN/NUN100^1.p,TH0,Unknown,timeout,na,3332,0,0,0,1,0,0,0,0,
no_finite_o_quantification,NUN/NUN101^1.p,TH0,Unknown,timeout,na,3199,0,0,0,1,0,0,0,0,
no_finite_o_quantification,NUN/NUN102^1.p,TH0,Unknown,timeout,na,3193,0,0,0,1,0,0,0,0,
no_finite_o_quantification,NUN/NUN103^1.p,TH0,Unknown,timeout,na,2843,0,0,0,1,0,0,0,0,
no_finite_o_quantification,NUN/NUN104^1.p,TH0,Unknown,timeout,na,2836,0,0,0,1,0,0,0,0,
no_finite_o_quantification,NUN/NUN105^1.p,TH0,Unknown,timeout,na,3245,0,0,0,1,0,0,0,0,
no_finite_o_quantification,NUN/NUN106^1.p,TH0,Unknown,timeout,na,3235,0,0,0,1,0,0,0,0,
no_finite_o_quantification,NUN/NUN107^1.p,TH0,Unknown,timeout,na,3275,0,0,0,1,0,0,0,0,
no_finite_o_quantification,NUN/NUN108^1.p,TH0,Unknown,timeout,na,3252,0,0,0,1,0,0,0,0,
no_finite_o_quantification,NUN/NUN109^1.p,TH0,Unknown,timeout,na,2582,0,0,0,1,0,0,0,0,
no_finite_o_quantification,NUN/NUN110^1.p,TH0,Unknown,timeout,na,2583,0,0,0,1,0,0,0,0,
no_finite_o_quantification,NUN/NUN111^1.p,TH0,Unknown,timeout,na,3510,0,0,0,1,0,0,0,0,
no_finite_o_quantification,NUN/NUN112^1.p,TH0,Unknown,timeout,na,3542,0,0,0,1,0,0,0,0,
no_finite_o_quantification,NUN/NUN113^1.p,TH0,Unknown,timeout,na,3162,0,0,0,1,0,0,0,0,
no_finite_o_quantification,NUN/NUN114^1.p,TH0,Unknown,timeout,na,3169,0,0,0,1,0,0,0,0,
no_finite_o_quantification,NUN/NUN115^1.p,TH0,Unknown,timeout,na,4008,0,0,0,1,0,0,0,0,
no_finite_o_quantification,NUN/NUN116^1.p,TH0,Unknown,timeout,na,4020,0,0,0,1,0,0,0,0,
no_finite_o_quantification,NUN/NUN117^1.p,TH0,Unknown,timeout,na,3635,0,0,0,1,0,0,0,0,
no_finite_o_quantification,NUN/NUN118^1.p,TH0,Unknown,timeout,na,3669,0,0,0,1,0,0,0,0,
no_finite_o_quantification,NUN/NUN119^1.p,TH0,Unknown,timeout,na,3311,0,0,0,1,0,0,0,0,
no_finite_o_quantification,NUN/NUN120^1.p,TH0,Unknown,timeout,na,3337,0,0,0,1,0,0,0,0,
no_finite_o_quantification,NUN/NUN121^1.p,TH0,Unknown,timeout,na,3227,0,0,0,1,0,0,0,0,
no_finite_o_quantification,NUN/NUN122^1.p,TH0,Unknown,timeout,na,3206,0,0,0,1,0,0,0,0,
no_finite_o_quantification,NUN/NUN123^1.p,TH0,Unknown,timeout,na,4275,0,0,0,1,0,0,0,0,
no_finite_o_quantification,NUN/NUN124^1.p,TH0,Unknown,timeout,na,4244,0,0,0,1,0,0,0,0,
no_finite_o_quantification,NUN/NUN125^1.p,TH0,Unknown,timeout,na,2950,0,0,0,1,0,0,0,0,
no_finite_o_quantification,NUN/NUN126^1.p,TH0,Unknown,timeout,na,2947,0,0,0,1,0,0,0,0,
no_finite_o_quantification,NUN/NUN127^1.p,TH0,Unknown,timeout,na,3316,0,0,0,1,0,0,0,0,
no_finite_o_quantification,NUN/NUN128^1.p,TH0,Unknown,timeout,na,3351,0,0,0,1,0,0,0,0,
no_finite_o_quantification,NUN/NUN129^1.p,TH0,Unknown,timeout,na,3546,0,0,0,1,0,0,0,0,
no_finite_o_quantification,NUN/NUN130^1.p,TH0,Unknown,timeout,na,3491,0,0,0,1,0,0,0,0,
no_finite_o_quantification,NUN/NUN131^1.p,TH0,Unknown,timeout,na,3751,0,0,0,1,0,0,0,0,
no_finite_o_quantification,NUN/NUN132^1.p,TH0,Unknown,timeout,na,3732,0,0,0,1,0,0,0,0,
no_finite_o_quantification,PHI/PHI001^1.p,TH0,Satisfiable,no_conjecture,na,42,,,,,,,,,
no_finite_o_quantification,PHI/PHI002^1.p,TH0,Theorem,timeout,na,2066,529,13,529,69,8,0,1,0,
no_finite_o_quantification,PHI/PHI002^2.p,TH0,Theorem,timeout,na,2060,409,16,409,47,4,0,1,0,
no_finite_o_quantification,PHI/PHI002^8.p,unknown,Theorem,parser_error,na,0,,,,,,,,,cached: Lexer failed to parse entire string. Unparsed: {$box} @ ( ! [X: $i] : ( ( Phi @ X ) => ( Psi @ X ) ) ) ) ) => ( positive @ Psi ) ) ). %----T1: Positive properties are possibly exemplified. thf(t1 conj
no_finite_o_quantification,PHI/PHI003^1.p,TH0,Theorem,timeout,na,2071,417,19,417,40,4,0,1,0,
no_finite_o_quantification,PHI/PHI003^2.p,TH0,Theorem,timeout,na,2059,490,15,490,46,2,0,0,0,
no_finite_o_quantification,PHI/PHI003^6.p,unknown,Theorem,parser_error,na,0,,,,,,,,,cached: Lexer failed to parse entire string. Unparsed: {$possible} @ ( ? [X: entity] : ( god_like @ X ) ) ) ). %------------------------------------------------------------------------------ 
no_finite_o_quantification,PHI/PHI003^7.p,unknown,CounterSatisfiable,parser_error,na,0,,,,,,,,,cached: Lexer failed to parse entire string. Unparsed: {$possible} @ ( ? [X: entity] : ( god_like @ X ) ) ) ). %------------------------------------------------------------------------------ 
no_finite_o_quantification,PHI/PHI003^8.p,unknown,Theorem,parser_error,na,0,,,,,,,,,cached: Lexer failed to parse entire string. Unparsed: {$box} @ ( ! [X: $i] : ( ( Phi @ X ) => ( Psi @ X ) ) ) ) ) => ( positive @ Psi ) ) ). %----D1: A God-like being possesses all positive properties. thf(d
no_finite_o_quantification,PHI/PHI004^1.p,TH0,Theorem,timeout,na,2079,457,18,457,39,0,0,1,0,
no_finite_o_quantification,PHI/PHI004^2.p,TH0,Theorem,timeout,na,2082,1140,39,1140,142,8,0,1,0,
no_finite_o_quantification,PHI/PHI004^4.p,TH0,Theorem,timeout,na,2059,1477,88,1477,106,17,0,1,0,
no_finite_o_quantification,PHI/PHI004^8.p,unknown,Theorem,parser_error,na,0,,,,,,,,,cached: Lexer failed to parse entire string. Unparsed: {$box} @ ( ! [X: $i] : ( ( Phi @ X ) => ( Psi @ X ) ) ) ) ) => ( positive @ Psi ) ) ). %----D1: A God-like being possesses all positive properties. thf(d
no_finite_o_quantification,PHI/PHI005^1.p,TH0,Theorem,timeout,na,2080,364,6,364,49,0,0,0,0,
no_finite_o_quantification,PHI/PHI005^10.p,unknown,Theorem,parser_error,na,0,,,,,,,,,cached: Lexer failed to parse entire string. Unparsed: {$necessary} @ ( ! [X: individual] : ( ( Phi @ X ) <=> ( ^ [Y: individual] : ( ( Phi @ Y ) & ~ ( Phi @ Y ) ) @ X ) ) ) ) => ( ( positive @ Phi ) <=> ( po
no_finite_o_quantification,PHI/PHI005^2.p,TH0,Theorem,timeout,na,2106,1692,28,1690,223,8,0,0,0,
no_finite_o_quantification,PHI/PHI005^3.p,TH0,CounterSatisfiable,timeout,na,2076,851,42,851,69,4,0,1,0,
no_finite_o_quantification,PHI/PHI005^4.p,TH0,Theorem,timeout,na,2056,1035,36,1035,140,0,0,1,0,
no_finite_o_quantification,PHI/PHI005^6.p,unknown,Theorem,parser_error,na,0,,,,,,,,,cached: Lexer failed to parse entire string. Unparsed: {$necessary} @ ( ? [X: entity] : ( god_like @ X ) ) ) ). %------------------------------------------------------------------------------ 
no_finite_o_quantification,PHI/PHI005^8.p,unknown,Theorem,parser_error,na,0,,,,,,,,,cached: Lexer failed to parse entire string. Unparsed: {$box} @ ( ! [X: $i] : ( ( Phi @ X ) => ( Psi @ X ) ) ) ) ) => ( positive @ Psi ) ) ). %----D1: A God-like being possesses all positive properties. thf(d
no_finite_o_quantification,PHI/PHI005^9.p,unknown,Theorem,parser_error,na,0,,,,,,,,,cached: Lexer failed to parse entire string. Unparsed: {$necessary} @ ( ! [X: individual] : ( ( Phi @ X ) <=> ( Psi @ X ) ) ) ) => ( ( positive @ Phi ) <=> ( positive @ Psi ) ) ) ). %----Contradictory propert
no_finite_o_quantification,PHI/PHI006^4.p,TH0,ContradictoryAxioms,timeout,na,2070,1422,106,1422,65,0,0,1,0,
no_finite_o_quantification,PHI/PHI006^5.p,TH0,ContradictoryAxioms,timeout,na,2064,858,50,858,70,0,0,1,0,
no_finite_o_quantification,PHI/PHI007^4.p,TH0,ContradictoryAxioms,timeout,na,2075,562,35,562,70,0,0,2,0,
no_finite_o_quantification,PHI/PHI007^5.p,TH0,ContradictoryAxioms,timeout,na,2029,274,11,274,26,0,0,2,0,
no_finite_o_quantification,PHI/PHI008^4.p,TH0,Theorem,timeout,na,2078,1579,54,1579,226,8,0,1,0,
no_finite_o_quantification,PHI/PHI043^1.p,TH0,Theorem,timeout,na,2049,289,8,289,37,4,0,2,0,
no_finite_o_quantification,PHI/PHI043^2.p,TH0,Theorem,timeout,na,2070,363,11,363,51,4,0,1,0,
no_finite_o_quantification,PHI/PHI045^10.p,unknown,Theorem,parser_error,na,0,,,,,,,,,cached: Lexer failed to parse entire string. Unparsed: {$necessary} @ ( ! [X: individual] : ( ( exists @ X ) => ( ( Phi @ X ) <=> ( ^ [Y: individual] : ( ( Phi @ Y ) & ~ ( Phi @ Y ) ) @ X ) ) ) ) ) => ( ( pos
no_finite_o_quantification,PHI/PHI045^6.p,TH0,Theorem,thm,yes,128,99,3,99,12,0,0,1,1,
no_finite_o_quantification,PHI/PHI045^7.p,unknown,Theorem,parser_error,na,0,,,,,,,,,cached: Lexer failed to parse entire string. Unparsed: {$necessary} @ ( ! [X: individual] : ( ( Phi @ X ) <=> ( Psi @ X ) ) ) ) => ( ( positive @ Phi ) <=> ( positive @ Psi ) ) ) ). %----Contradictory propert
no_finite_o_quantification,PHI/PHI045^8.p,unknown,Theorem,parser_error,na,0,,,,,,,,,cached: Lexer failed to parse entire string. Unparsed: {$necessary} @ ( ! [X: individual] : ( ( Phi @ X ) <=> ( ^ [Y: individual] : ( ( Phi @ Y ) & ~ ( Phi @ Y ) ) @ X ) ) ) ) => ( ( positive @ Phi ) <=> ( po
no_finite_o_quantification,PHI/PHI045^9.p,unknown,Theorem,parser_error,na,0,,,,,,,,,cached: Lexer failed to parse entire string. Unparsed: {$necessary} @ ( ! [X: individual] : ( ( exists @ X ) => ( ( Phi @ X ) <=> ( Psi @ X ) ) ) ) ) => ( ( positive @ Phi ) <=> ( positive @ Psi ) ) ) ). %---
no_finite_o_quantification,PHI/PHI046^10.p,unknown,Theorem,parser_error,na,0,,,,,,,,,cached: Lexer failed to parse entire string. Unparsed: {$necessary} @ ( ! [X: individual] : ( ( exists @ X ) => ( ( Phi @ X ) <=> ( ^ [Y: individual] : ( ( Phi @ Y ) & ~ ( Phi @ Y ) ) @ X ) ) ) ) ) => ( ( pos
no_finite_o_quantification,PHI/PHI046^9.p,unknown,Theorem,parser_error,na,0,,,,,,,,,cached: Lexer failed to parse entire string. Unparsed: {$necessary} @ ( ! [X: individual] : ( ( exists @ X ) => ( ( Phi @ X ) <=> ( Psi @ X ) ) ) ) ) => ( ( positive @ Phi ) <=> ( positive @ Psi ) ) ) ). %---
no_finite_o_quantification,PLA/PLA032^7.p,TH0,Theorem,timeout,na,2268,4174,67,4174,191,261,0,0,0,
no_finite_o_quantification,PLA/PLA033^7.p,TH0,Theorem,timeout,na,2202,1845,28,1845,216,0,0,0,0,
no_finite_o_quantification,PLA/PLA053^15.p,TH0,CounterSatisfiable,timeout,na,2113,3117,49,3117,207,64,0,0,0,
no_finite_o_quantification,PLA/PLA053^18.p,TH0,Theorem,timeout,na,2142,3481,31,3481,213,257,0,0,0,
no_finite_o_quantification,PLA/PLA053^2.p,TH0,Theorem,timeout,na,2143,3234,60,3234,192,58,0,0,0,
no_finite_o_quantification,PLA/PLA053^4.p,TH0,Theorem,timeout,na,2123,3238,124,3238,197,32,0,0,0,
no_finite_o_quantification,PLA/PLA053^5.p,TH0,Theorem,timeout,na,2147,3652,96,3652,168,58,0,0,0,
no_finite_o_quantification,PLA/PLA054^4.p,TH0,Theorem,timeout,na,2095,2788,153,2788,231,0,0,0,0,
no_finite_o_quantification,PRO/PRO019^1.p,TH1,Theorem,timeout,na,3034,97,9,97,1,0,0,0,0,
no_finite_o_quantification,PRO/PRO020^1.p,TH1,Theorem,timeout,na,3445,56,5,56,1,0,0,0,0,
no_finite_o_quantification,PRO/PRO021^1.p,TH1,Theorem,timeout,na,3950,32,3,32,1,0,0,0,0,
no_finite_o_quantification,PRO/PRO022^1.p,TH1,Theorem,timeout,na,3204,44,4,44,1,0,0,0,0,
no_finite_o_quantification,PRO/PRO023^1.p,TH1,Theorem,timeout,na,4114,0,0,0,1,0,0,0,0,
no_finite_o_quantification,PRO/PRO024^1.p,TH1,Theorem,timeout,na,4598,0,0,0,1,0,0,0,0,
no_finite_o_quantification,PRO/PRO025^1.p,TH1,Theorem,timeout,na,4673,0,0,0,1,0,0,0,0,
no_finite_o_quantification,PRO/PRO026^1.p,TH1,Theorem,timeout,na,4679,0,0,0,1,0,0,0,0,
no_finite_o_quantification,PRO/PRO027^1.p,TH1,Theorem,timeout,na,4465,0,0,0,1,0,0,0,0,
no_finite_o_quantification,PRO/PRO028^1.p,TH1,Theorem,timeout,na,4464,0,0,0,1,0,0,0,0,
no_finite_o_quantification,PRO/PRO029^16.p,TH0,Theorem,timeout,na,2109,3072,50,3072,284,77,0,0,0,
no_finite_o_quantification,PUZ/PUZ031^5.p,TH0,Theorem,timeout,na,2486,4721,6,4721,221,0,0,0,0,
no_finite_o_quantification,PUZ/PUZ047^5.p,TH0,Theorem,timeout,na,2342,4837,3,4837,302,0,0,0,0,
no_finite_o_quantification,PUZ/PUZ081^1.p,TH0,Theorem,parser_error,na,0,,,,,,,,,cached: Failed to parse formula 'kk_6_6': [byte:2999] Type Error: Cannot unify strict function types of different arities.
no_finite_o_quantification,PUZ/PUZ081^2.p,TH0,Theorem,timeout,na,2050,972,9,958,191,25,0,0,0,
no_finite_o_quantification,PUZ/PUZ081^3.p,TH0,Theorem,timeout,na,2213,5352,87,4987,157,794,0,0,0,
no_finite_o_quantification,PUZ/PUZ082^1.p,TH0,Theorem,timeout,na,2091,2601,35,2374,252,314,0,3,0,
no_finite_o_quantification,PUZ/PUZ083^1.p,TH0,Theorem,timeout,na,2278,4356,26,3827,892,655,0,3,0,
no_finite_o_quantification,PUZ/PUZ084^1.p,TH0,Theorem,thm,yes,129,30,2,30,2,0,0,1,1,
no_finite_o_quantification,PUZ/PUZ085^1.p,TH0,Theorem,timeout,na,2087,2129,126,2129,143,58,0,4,0,
no_finite_o_quantification,PUZ/PUZ086^1.p,TH0,Theorem,timeout,na,2198,2152,51,2152,231,0,0,0,0,
no_finite_o_quantification,PUZ/PUZ087^1.p,TH0,Theorem,timeout,na,2545,3286,10,3286,309,0,0,0,0,
no_finite_o_quantification,PUZ/PUZ087^2.p,TH0,Theorem,timeout,na,2653,3287,11,3287,321,0,0,0,0,
no_finite_o_quantification,PUZ/PUZ088^5.p,TH0,Theorem,thm,yes,14,20,0,20,2,0,0,2,1,
no_finite_o_quantification,PUZ/PUZ090^5.p,TH0,Theorem,thm,yes,186,1,0,1,1,1,0,0,0,
no_finite_o_quantification,PUZ/PUZ091^5.p,TH0,Theorem,thm,yes,349,1,0,1,1,1,0,0,0,
no_finite_o_quantification,PUZ/PUZ092^5.p,TH0,Theorem,thm,yes,1507,234,7,234,8,24,0,2,0,
no_finite_o_quantification,PUZ/PUZ093^5.p,TH0,Theorem,timeout,na,2036,16,1,16,2,0,0,0,0,
no_finite_o_quantification,PUZ/PUZ094^5.p,TH0,Theorem,timeout,na,2495,4962,5,4962,235,0,0,0,0,
no_finite_o_quantification,PUZ/PUZ095^5.p,TH0,CounterSatisfiable,timeout,na,2030,474,17,474,51,4,0,1,0,
no_finite_o_quantification,PUZ/PUZ096^5.p,TH0,CounterSatisfiable,timeout,na,2027,1,0,1,1,0,0,0,0,
no_finite_o_quantification,PUZ/PUZ097^5.p,TH0,CounterSatisfiable,timeout,na,2024,1,0,1,1,0,0,0,0,
no_finite_o_quantification,PUZ/PUZ098^5.p,TH0,Unknown,timeout,na,2027,2,0,2,1,0,0,0,0,
no_finite_o_quantification,PUZ/PUZ099^5.p,TH0,CounterSatisfiable,timeout,na,2045,2762,167,2762,177,0,0,2,0,
no_finite_o_quantification,PUZ/PUZ100^5.p,TH0,Theorem,thm,yes,7,4,0,4,1,1,0,0,0,
no_finite_o_quantification,PUZ/PUZ101^5.p,TH0,CounterSatisfiable,timeout,na,2022,7,0,7,2,1,0,0,0,
no_finite_o_quantification,PUZ/PUZ102^5.p,TH0,Theorem,thm,yes,13,12,0,12,2,0,0,1,1,
no_finite_o_quantification,PUZ/PUZ103^5.p,TH0,Theorem,timeout,na,2046,2733,148,2733,212,4,0,2,0,
no_finite_o_quantification,PUZ/PUZ104^5.p,TH0,Theorem,timeout,na,2077,2798,91,2798,368,48,0,2,0,
no_finite_o_quantification,PUZ/PUZ105^5.p,TH0,CounterSatisfiable,timeout,na,2068,2292,133,2292,237,11,0,2,0,
no_finite_o_quantification,PUZ/PUZ106^5.p,TH0,CounterSatisfiable,timeout,na,2074,1406,51,1406,251,10,0,1,0,
no_finite_o_quantification,PUZ/PUZ107^5.p,TH0,Theorem,timeout,na,2104,2437,20,2437,276,66,0,0,0,
no_finite_o_quantification,PUZ/PUZ108^5.p,TH0,Theorem,timeout,na,2075,2464,25,2464,434,44,0,2,0,
no_finite_o_quantification,PUZ/PUZ109^5.p,TH0,Theorem,timeout,na,2049,1420,19,1420,234,0,0,2,0,
no_finite_o_quantification,PUZ/PUZ110^5.p,TH0,Theorem,timeout,na,2037,1300,40,1300,176,0,0,2,0,
no_finite_o_quantification,PUZ/PUZ111^5.p,TH0,CounterSatisfiable,timeout,na,2144,5715,46,5715,215,342,0,0,0,
no_finite_o_quantification,PUZ/PUZ112^5.p,TH0,CounterSatisfiable,timeout,na,2214,8954,88,8954,290,550,0,0,0,
no_finite_o_quantification,PUZ/PUZ113^5.p,TH0,Theorem,timeout,na,2036,1206,18,1206,200,0,0,2,0,
no_finite_o_quantification,PUZ/PUZ114^5.p,TH0,Theorem,timeout,na,2025,1157,64,1157,79,0,0,2,0,
no_finite_o_quantification,PUZ/PUZ115^5.p,TH0,CounterSatisfiable,timeout,na,2048,2623,153,2623,183,0,0,2,0,
no_finite_o_quantification,PUZ/PUZ116^5.p,TH0,CounterSatisfiable,timeout,na,2031,1615,90,1615,122,0,0,2,0,
no_finite_o_quantification,PUZ/PUZ117^5.p,TH0,CounterSatisfiable,timeout,na,2043,2857,183,2857,170,0,0,2,0,
no_finite_o_quantification,PUZ/PUZ118^5.p,TH0,CounterSatisfiable,timeout,na,2036,627,4,627,127,28,0,3,0,
no_finite_o_quantification,PUZ/PUZ119^5.p,TH0,CounterSatisfiable,timeout,na,2056,2958,143,2958,229,0,0,2,0,
no_finite_o_quantification,PUZ/PUZ120^5.p,TH0,CounterSatisfiable,timeout,na,2040,2629,163,2629,159,0,0,2,0,
no_finite_o_quantification,PUZ/PUZ121^5.p,TH0,CounterSatisfiable,timeout,na,2021,200,0,200,57,11,0,0,0,
no_finite_o_quantification,PUZ/PUZ122^5.p,TH0,Unknown,timeout,na,2082,983,6,983,271,28,0,0,0,
no_finite_o_quantification,PUZ/PUZ123^5.p,TH0,CounterSatisfiable,timeout,na,2039,1788,86,1788,164,17,0,1,0,
no_finite_o_quantification,PUZ/PUZ124^5.p,TH0,CounterSatisfiable,timeout,na,2034,452,0,452,94,23,0,1,0,
no_finite_o_quantification,PUZ/PUZ125^5.p,TH0,CounterSatisfiable,timeout,na,2047,498,1,498,139,25,0,4,0,
no_finite_o_quantification,PUZ/PUZ126^5.p,TH0,CounterSatisfiable,timeout,na,2038,416,0,416,109,21,0,1,0,
no_finite_o_quantification,PUZ/PUZ127^5.p,TH0,Theorem,timeout,na,2081,2097,116,2097,224,87,0,0,0,
no_finite_o_quantification,PUZ/PUZ136^1.p,TH0,Theorem,timeout,na,2091,4352,305,4352,219,9,0,4,0,
no_finite_o_quantification,PUZ/PUZ137^1.p,TH0,Theorem,timeout,na,2489,4726,67,4700,1944,326,0,1,0,
no_finite_o_quantification,PUZ/PUZ140^1.p,TH0,Theorem,thm,yes,29,26,0,26,4,0,0,1,1,
no_finite_o_quantification,PUZ/PUZ140^2.p,TH0,Theorem,timeout,na,2058,3295,119,3295,333,9,0,1,0,
no_finite_o_quantification,PUZ/PUZ141^1.p,TH0,Theorem,timeout,na,2082,2658,97,2658,270,77,0,1,0,
no_finite_o_quantification,PUZ/PUZ142^1.p,TH0,Theorem,timeout,na,3029,9417,2,9417,448,2,0,0,0,
no_finite_o_quantification,PUZ/PUZ143^1.p,TH0,CounterSatisfiable,timeout,na,2069,2220,65,2220,128,169,0,2,0,
no_finite_o_quantification,PUZ/PUZ144^1.p,TH0,Theorem,timeout,na,3924,7137,7,7137,437,0,0,0,0,
no_finite_o_quantification,PUZ/PUZ145^1.p,TH0,Theorem,timeout,na,4285,3023,31,3023,979,0,0,0,0,
no_finite_o_quantification,PUZ/PUZ146^1.p,TH0,Theorem,thm,yes,15,26,1,26,2,0,0,1,1,
no_finite_o_quantification,PUZ/PUZ147^1.p,TH1,Theorem,parse_timeout,na,0,,,,,,,,,cached: parse exceeded 5000ms
no_finite_o_quantification,PUZ/PUZ148^1.p,TH1,Theorem,parse_timeout,na,0,,,,,,,,,cached: parse exceeded 5000ms
no_finite_o_quantification,PUZ/PUZ149^13.p,TH0,Theorem,timeout,na,2073,2407,59,2407,267,57,0,0,0,
no_finite_o_quantification,PUZ/PUZ150^18.p,TH0,Theorem,timeout,na,2081,1669,36,1669,189,70,0,0,0,
no_finite_o_quantification,PUZ/PUZ154^1.p,TH0,CounterSatisfiable,timeout,na,2033,2389,186,2389,75,2,0,2,0,
no_finite_o_quantification,QUA/QUA001^1.p,TH0,Theorem,timeout,na,2057,1336,23,1336,141,44,0,1,0,
no_finite_o_quantification,QUA/QUA002^1.p,TH0,Theorem,thm,yes,73,67,3,67,4,5,0,0,0,
no_finite_o_quantification,QUA/QUA003^1.p,TH0,Theorem,timeout,na,2058,2193,109,2193,153,25,0,1,0,
no_finite_o_quantification,QUA/QUA004^1.p,TH0,Theorem,timeout,na,2059,2303,103,2303,162,49,0,1,0,
no_finite_o_quantification,QUA/QUA005^1.p,TH0,Theorem,timeout,na,2043,2124,149,2124,86,16,0,1,0,
no_finite_o_quantification,QUA/QUA006^1.p,TH0,Theorem,timeout,na,2048,2215,157,2215,89,12,0,1,0,
no_finite_o_quantification,QUA/QUA007^1.p,TH0,Theorem,timeout,na,2056,1682,67,1682,134,31,0,1,0,
no_finite_o_quantification,QUA/QUA008^1.p,TH0,Theorem,timeout,na,2066,1623,44,1623,156,56,0,1,0,
no_finite_o_quantification,QUA/QUA009^1.p,TH0,Theorem,timeout,na,2070,2917,159,2917,135,72,0,0,0,
no_finite_o_quantification,QUA/QUA010^1.p,TH0,Theorem,timeout,na,2079,2327,69,2327,211,63,0,1,0,
no_finite_o_quantification,QUA/QUA011^1.p,TH0,Theorem,timeout,na,2058,2256,106,2256,158,34,0,1,0,
no_finite_o_quantification,QUA/QUA012^1.p,TH0,Theorem,timeout,na,2042,2066,146,2066,80,12,0,1,0,
no_finite_o_quantification,QUA/QUA013^1.p,TH0,Theorem,timeout,na,2066,1614,46,1614,153,89,0,6,0,
no_finite_o_quantification,QUA/QUA014^1.p,TH0,Theorem,timeout,na,2071,1565,29,1565,168,105,0,4,0,
no_finite_o_quantification,QUA/QUA015^1.p,TH0,Theorem,timeout,na,2065,1369,38,1369,132,76,0,6,0,
no_finite_o_quantification,QUA/QUA016^1.p,TH0,Theorem,timeout,na,2053,1341,48,1341,115,73,0,6,0,
no_finite_o_quantification,QUA/QUA017^1.p,TH0,Theorem,timeout,na,2064,2875,179,2875,161,34,0,1,0,
no_finite_o_quantification,QUA/QUA018^1.p,TH0,Theorem,timeout,na,2082,3092,142,3092,165,101,0,0,0,
no_finite_o_quantification,QUA/QUA019^1.p,TH0,Theorem,timeout,na,2077,2774,134,2774,194,102,0,1,0,
no_finite_o_quantification,QUA/QUA020^1.p,TH0,Theorem,timeout,na,2066,2242,87,2242,188,112,0,2,0,
no_finite_o_quantification,QUA/QUA021^1.p,TH0,Satisfiable,no_conjecture,na,16,,,,,,,,,
no_finite_o_quantification,RAL/RAL001^1.p,TH1,Theorem,parse_timeout,na,0,,,,,,,,,cached: parse exceeded 5000ms
no_finite_o_quantification,RAL/RAL002^1.p,TH1,Theorem,parse_timeout,na,0,,,,,,,,,cached: parse exceeded 5000ms
no_finite_o_quantification,RAL/RAL003^1.p,TH1,Theorem,parse_timeout,na,0,,,,,,,,,cached: parse exceeded 5000ms
no_finite_o_quantification,RAL/RAL004^1.p,TH1,Theorem,parse_timeout,na,0,,,,,,,,,cached: parse exceeded 5000ms
no_finite_o_quantification,RAL/RAL005^1.p,TH1,Theorem,parse_timeout,na,0,,,,,,,,,cached: parse exceeded 5000ms
no_finite_o_quantification,RAL/RAL006^1.p,TH1,Theorem,parse_timeout,na,0,,,,,,,,,cached: parse exceeded 5000ms
no_finite_o_quantification,RAL/RAL007^1.p,TH1,Theorem,parse_timeout,na,0,,,,,,,,,cached: parse exceeded 5000ms
no_finite_o_quantification,RAL/RAL008^1.p,TH1,Theorem,parse_timeout,na,0,,,,,,,,,cached: parse exceeded 5000ms
no_finite_o_quantification,RAL/RAL009^1.p,TH1,Theorem,parse_timeout,na,0,,,,,,,,,cached: parse exceeded 5000ms
no_finite_o_quantification,RAL/RAL010^1.p,TH1,Theorem,parse_timeout,na,0,,,,,,,,,cached: parse exceeded 5000ms
no_finite_o_quantification,RAL/RAL011^1.p,TH1,Theorem,parse_timeout,na,0,,,,,,,,,cached: parse exceeded 5000ms
no_finite_o_quantification,RAL/RAL012^1.p,TH1,Theorem,parse_timeout,na,0,,,,,,,,,cached: parse exceeded 5000ms
no_finite_o_quantification,RAL/RAL013^1.p,TH1,Theorem,parse_timeout,na,0,,,,,,,,,cached: parse exceeded 5000ms
no_finite_o_quantification,RAL/RAL014^1.p,TH1,Theorem,parse_timeout,na,0,,,,,,,,,cached: parse exceeded 5000ms
no_finite_o_quantification,RAL/RAL015^1.p,TH1,Theorem,parse_timeout,na,0,,,,,,,,,cached: parse exceeded 5000ms
no_finite_o_quantification,RAL/RAL016^1.p,TH1,Theorem,parse_timeout,na,0,,,,,,,,,cached: parse exceeded 5000ms
no_finite_o_quantification,RAL/RAL017^1.p,TH1,Theorem,parse_timeout,na,0,,,,,,,,,cached: parse exceeded 5000ms
no_finite_o_quantification,RAL/RAL018^1.p,TH1,Theorem,parse_timeout,na,0,,,,,,,,,cached: parse exceeded 5000ms
no_finite_o_quantification,RAL/RAL019^1.p,TH1,Theorem,parse_timeout,na,0,,,,,,,,,cached: parse exceeded 5000ms
no_finite_o_quantification,RAL/RAL020^1.p,TH1,Theorem,parse_timeout,na,0,,,,,,,,,cached: parse exceeded 5000ms
no_finite_o_quantification,RAL/RAL021^1.p,TH1,Theorem,parse_timeout,na,0,,,,,,,,,cached: parse exceeded 5000ms
no_finite_o_quantification,RAL/RAL022^1.p,TH1,Theorem,parse_timeout,na,0,,,,,,,,,cached: parse exceeded 5000ms
no_finite_o_quantification,RAL/RAL023^1.p,TH1,Theorem,parse_timeout,na,0,,,,,,,,,cached: parse exceeded 5000ms
no_finite_o_quantification,RAL/RAL024^1.p,TH1,Theorem,parse_timeout,na,0,,,,,,,,,cached: parse exceeded 5000ms
no_finite_o_quantification,RAL/RAL025^1.p,TH1,Theorem,parse_timeout,na,0,,,,,,,,,cached: parse exceeded 5000ms
no_finite_o_quantification,RAL/RAL026^1.p,TH1,Theorem,parse_timeout,na,0,,,,,,,,,cached: parse exceeded 5000ms
no_finite_o_quantification,RAL/RAL027^1.p,TH1,Theorem,parse_timeout,na,0,,,,,,,,,cached: parse exceeded 5000ms
no_finite_o_quantification,RAL/RAL028^1.p,TH1,Theorem,parse_timeout,na,0,,,,,,,,,cached: parse exceeded 5000ms
no_finite_o_quantification,RAL/RAL029^1.p,TH1,Theorem,parse_timeout,na,0,,,,,,,,,cached: parse exceeded 5000ms
no_finite_o_quantification,RAL/RAL030^1.p,TH1,Theorem,parse_timeout,na,0,,,,,,,,,cached: parse exceeded 5000ms
no_finite_o_quantification,RAL/RAL031^1.p,TH1,Theorem,parse_timeout,na,0,,,,,,,,,cached: parse exceeded 5000ms
no_finite_o_quantification,RAL/RAL032^1.p,TH1,Theorem,parse_timeout,na,0,,,,,,,,,cached: parse exceeded 5000ms
no_finite_o_quantification,RAL/RAL033^1.p,TH1,Theorem,parse_timeout,na,0,,,,,,,,,cached: parse exceeded 5000ms
no_finite_o_quantification,RAL/RAL034^1.p,TH1,Theorem,parse_timeout,na,0,,,,,,,,,cached: parse exceeded 5000ms
no_finite_o_quantification,RAL/RAL035^1.p,TH1,Theorem,parse_timeout,na,0,,,,,,,,,cached: parse exceeded 5000ms
no_finite_o_quantification,RAL/RAL036^1.p,TH1,Theorem,parse_timeout,na,0,,,,,,,,,cached: parse exceeded 5000ms
no_finite_o_quantification,RAL/RAL037^1.p,TH1,Theorem,parse_timeout,na,0,,,,,,,,,cached: parse exceeded 5000ms
no_finite_o_quantification,RAL/RAL038^1.p,TH1,Theorem,parse_timeout,na,0,,,,,,,,,cached: parse exceeded 5000ms
no_finite_o_quantification,RAL/RAL039^1.p,TH1,Theorem,parse_timeout,na,0,,,,,,,,,cached: parse exceeded 5000ms
no_finite_o_quantification,RAL/RAL040^1.p,TH1,Theorem,parse_timeout,na,0,,,,,,,,,cached: parse exceeded 5000ms
no_finite_o_quantification,RAL/RAL041^1.p,TH1,Theorem,parse_timeout,na,0,,,,,,,,,cached: parse exceeded 5000ms
no_finite_o_quantification,RAL/RAL042^1.p,TH1,Theorem,parse_timeout,na,0,,,,,,,,,cached: parse exceeded 5000ms
no_finite_o_quantification,RAL/RAL043^1.p,TH1,Theorem,parse_timeout,na,0,,,,,,,,,cached: parse exceeded 5000ms
no_finite_o_quantification,RAL/RAL044^1.p,TH1,Theorem,parse_timeout,na,0,,,,,,,,,cached: parse exceeded 5000ms
no_finite_o_quantification,RAL/RAL045^1.p,TH1,Theorem,parse_timeout,na,0,,,,,,,,,cached: parse exceeded 5000ms
no_finite_o_quantification,RAL/RAL046^1.p,TH1,Theorem,parse_timeout,na,0,,,,,,,,,cached: parse exceeded 5000ms
no_finite_o_quantification,RAL/RAL047^1.p,TH1,Theorem,parse_timeout,na,0,,,,,,,,,cached: parse exceeded 5000ms
no_finite_o_quantification,RAL/RAL048^1.p,TH1,Theorem,parse_timeout,na,0,,,,,,,,,cached: parse exceeded 5000ms
no_finite_o_quantification,RAL/RAL049^1.p,TH1,Theorem,parse_timeout,na,0,,,,,,,,,cached: parse exceeded 5000ms
no_finite_o_quantification,RAL/RAL050^1.p,TH1,Theorem,parse_timeout,na,0,,,,,,,,,cached: parse exceeded 5000ms
no_finite_o_quantification,RAL/RAL051^1.p,TH1,Theorem,parse_timeout,na,0,,,,,,,,,cached: parse exceeded 5000ms
no_finite_o_quantification,RAL/RAL052^1.p,TH1,Theorem,parse_timeout,na,0,,,,,,,,,cached: parse exceeded 5000ms
no_finite_o_quantification,RAL/RAL053^1.p,TH1,Theorem,parse_timeout,na,0,,,,,,,,,cached: parse exceeded 5000ms
no_finite_o_quantification,RAL/RAL054^1.p,TH1,Theorem,parse_timeout,na,0,,,,,,,,,cached: parse exceeded 5000ms
no_finite_o_quantification,RAL/RAL055^1.p,TH1,Theorem,parse_timeout,na,0,,,,,,,,,cached: parse exceeded 5000ms
no_finite_o_quantification,RAL/RAL056^1.p,TH1,Theorem,parse_timeout,na,0,,,,,,,,,cached: parse exceeded 5000ms
no_finite_o_quantification,RAL/RAL057^1.p,TH1,Theorem,parse_timeout,na,0,,,,,,,,,cached: parse exceeded 5000ms
no_finite_o_quantification,RAL/RAL058^1.p,TH1,Theorem,parse_timeout,na,0,,,,,,,,,cached: parse exceeded 5000ms
no_finite_o_quantification,RAL/RAL059^1.p,TH1,Theorem,parse_timeout,na,0,,,,,,,,,cached: parse exceeded 5000ms
no_finite_o_quantification,RAL/RAL060^1.p,TH1,Theorem,parse_timeout,na,0,,,,,,,,,cached: parse exceeded 5000ms
no_finite_o_quantification,RAL/RAL061^1.p,TH1,Theorem,parse_timeout,na,0,,,,,,,,,cached: parse exceeded 5000ms
no_finite_o_quantification,RAL/RAL062^1.p,TH1,Theorem,parse_timeout,na,0,,,,,,,,,cached: parse exceeded 5000ms
no_finite_o_quantification,RAL/RAL063^1.p,TH1,Theorem,parse_timeout,na,0,,,,,,,,,cached: parse exceeded 5000ms
no_finite_o_quantification,RAL/RAL064^1.p,TH1,Theorem,parse_timeout,na,0,,,,,,,,,cached: parse exceeded 5000ms
no_finite_o_quantification,RAL/RAL065^1.p,TH1,Theorem,parse_timeout,na,0,,,,,,,,,cached: parse exceeded 5000ms
no_finite_o_quantification,RAL/RAL066^1.p,TH1,Theorem,parse_timeout,na,0,,,,,,,,,cached: parse exceeded 5000ms
no_finite_o_quantification,RAL/RAL067^1.p,TH1,Theorem,parse_timeout,na,0,,,,,,,,,cached: parse exceeded 5000ms
no_finite_o_quantification,RAL/RAL068^1.p,TH1,Theorem,parse_timeout,na,0,,,,,,,,,cached: parse exceeded 5000ms
no_finite_o_quantification,RAL/RAL069^1.p,TH1,Theorem,parse_timeout,na,0,,,,,,,,,cached: parse exceeded 5000ms
no_finite_o_quantification,RAL/RAL070^1.p,TH1,Theorem,parse_timeout,na,0,,,,,,,,,cached: parse exceeded 5000ms
no_finite_o_quantification,SCT/SCT169^1.p,TH0,Theorem,timeout,na,2734,2271,18,2271,967,0,0,1,0,
no_finite_o_quantification,SCT/SCT169^2.p,TH0,Theorem,timeout,na,2696,626,62,626,1,0,0,0,0,
no_finite_o_quantification,SCT/SCT169^3.p,TH1,Theorem,parser_error,na,0,,,,,,,,,cached: Failed to parse formula 'fact_1119_Skolem__list__nth': Syntax Error: '$o' denotes a type and cannot be used as a term.
no_finite_o_quantification,SCT/SCT170^1.p,TH0,Theorem,timeout,na,2728,343,33,343,2,0,0,0,0,
no_finite_o_quantification,SCT/SCT170^2.p,TH0,Theorem,timeout,na,4066,181,17,181,2,0,0,0,0,
no_finite_o_quantification,SCT/SCT170^3.p,TH0,Theorem,timeout,na,5625,156,15,156,2,0,0,0,0,
no_finite_o_quantification,SCT/SCT171^1.p,TH0,Theorem,thm,yes,870,29,1,29,4,4,0,0,0,
no_finite_o_quantification,SCT/SCT171^2.p,TH0,Theorem,thm,yes,2176,92,2,92,8,8,0,0,0,
no_finite_o_quantification,SCT/SCT171^3.p,TH0,ContradictoryAxioms,thm,na,4773,92,2,92,8,8,0,0,0,
no_finite_o_quantification,SET/SET002^3.p,TH0,Theorem,thm,yes,779,698,15,698,132,0,0,3,1,
no_finite_o_quantification,SET/SET002^4.p,TH0,Theorem,timeout,na,2354,3618,36,3618,216,0,0,0,0,
no_finite_o_quantification,SET/SET002^7.p,TH0,Theorem,timeout,na,2135,1855,109,1855,131,0,0,0,0,
no_finite_o_quantification,SET/SET004^4.p,TH0,Theorem,timeout,na,2390,4067,35,4067,214,0,0,0,0,
no_finite_o_quantification,SET/SET008^5.p,TH0,Theorem,thm,yes,4,3,0,3,1,1,0,0,0,
no_finite_o_quantification,SET/SET009^5.p,TH0,Theorem,thm,yes,20,14,1,14,2,0,0,1,1,
no_finite_o_quantification,SET/SET010^5.p,TH0,Theorem,thm,yes,16,4,0,4,1,1,0,0,0,
no_finite_o_quantification,SET/SET011^5.p,TH0,Theorem,thm,yes,6,3,0,3,1,1,0,0,0,
no_finite_o_quantification,SET/SET013^7.p,TH0,Theorem,timeout,na,2190,1640,104,1640,95,0,0,0,0,
no_finite_o_quantification,SET/SET014^4.p,TH0,Theorem,thm,yes,49,56,0,56,9,3,0,1,1,
no_finite_o_quantification,SET/SET014^5.p,TH0,Theorem,thm,yes,40,56,0,56,7,6,0,1,1,
no_finite_o_quantification,SET/SET014^7.p,TH0,Theorem,timeout,na,2240,212,20,212,2,0,0,0,0,
no_finite_o_quantification,SET/SET017^1.p,TH0,Theorem,timeout,na,2075,3672,216,3672,210,42,0,1,0,
no_finite_o_quantification,SET/SET018^7.p,TH0,Theorem,timeout,na,2248,561,51,561,7,0,0,0,0,
no_finite_o_quantification,SET/SET019^4.p,TH0,Theorem,timeout,na,2158,2117,120,2117,138,0,0,0,0,
no_finite_o_quantification,SET/SET020^7.p,TH0,Theorem,timeout,na,2477,87,8,87,1,0,0,0,0,
no_finite_o_quantification,SET/SET027^3.p,TH0,Theorem,timeout,na,2176,4866,41,4866,760,79,0,4,0,
no_finite_o_quantification,SET/SET027^5.p,TH0,Theorem,thm,yes,26,19,1,19,3,0,0,1,1,
no_finite_o_quantification,SET/SET027^7.p,TH0,Theorem,timeout,na,2154,2280,60,2280,230,8,0,0,0,
no_finite_o_quantification,SET/SET043^5.p,TH0,Theorem,thm,yes,11,11,0,11,2,1,0,1,1,
no_finite_o_quantification,SET/SET044^23.p,TH0,Theorem,timeout,na,2099,2447,37,2447,224,2,0,0,0,
no_finite_o_quantification,SET/SET044^5.p,TH0,Theorem,thm,yes,28,33,0,33,5,1,0,1,1,
no_finite_o_quantification,SET/SET045^5.p,TH0,Theorem,thm,yes,15,14,0,15,2,1,0,1,1,
no_finite_o_quantification,SET/SET045^7.p,TH0,Theorem,timeout,na,2090,739,10,739,107,20,0,0,0,
no_finite_o_quantification,SET/SET046^5.p,TH0,Theorem,timeout,na,2186,5625,29,5625,1048,302,0,3,0,
no_finite_o_quantification,SET/SET047^1.p,TH0,Theorem,timeout,na,2116,3273,4,3273,651,38,0,3,0,
no_finite_o_quantification,SET/SET055^12.p,TH0,Theorem,thm,yes,245,3,0,3,1,1,0,0,0,
no_finite_o_quantification,SET/SET062^5.p,TH0,Theorem,thm,yes,3,3,0,3,1,1,0,0,0,
no_finite_o_quantification,SET/SET062^6.p,TH0,Theorem,thm,yes,1,2,0,2,1,1,0,0,0,
no_finite_o_quantification,SET/SET062^7.p,TH0,Theorem,timeout,na,2201,1768,107,1768,111,0,0,0,0,
no_finite_o_quantification,SET/SET063^4.p,TH0,Theorem,timeout,na,2350,3525,36,3525,221,0,0,0,0,
no_finite_o_quantification,SET/SET063^5.p,TH0,Theorem,thm,yes,7,8,0,8,1,0,0,1,1,
no_finite_o_quantification,SET/SET066^1.p,TH0,Theorem,thm,yes,28,21,0,21,3,5,0,0,0,
no_finite_o_quantification,SET/SET067^1.p,TH0,Theorem,thm,yes,19,5,0,5,1,1,0,0,0,
no_finite_o_quantification,SET/SET076^1.p,TH0,Theorem,thm,yes,33,14,1,14,2,2,0,0,0,
no_finite_o_quantification,SET/SET086^1.p,TH0,Theorem,thm,yes,22,16,0,16,2,1,0,1,1,
no_finite_o_quantification,SET/SET096^1.p,TH0,Theorem,thm,yes,86,123,1,123,6,13,0,2,1,
no_finite_o_quantification,SET/SET143^3.p,TH0,Theorem,thm,yes,53,36,0,36,3,7,0,0,0,
no_finite_o_quantification,SET/SET143^5.p,TH0,Theorem,thm,yes,10,4,0,4,1,1,0,0,0,
no_finite_o_quantification,SET/SET144^5.p,TH0,Theorem,thm,yes,36,22,0,22,2,0,0,1,1,
no_finite_o_quantification,SET/SET159^5.p,TH0,Theorem,thm,yes,10,4,0,4,1,1,0,0,0,
no_finite_o_quantification,SET/SET162^5.p,TH0,Theorem,thm,yes,3,2,0,2,1,1,0,0,0,
no_finite_o_quantification,SET/SET169^5.p,TH0,Theorem,thm,yes,15,4,0,4,1,1,0,0,0,
no_finite_o_quantification,SET/SET171^3.p,TH0,Theorem,thm,yes,57,36,0,36,3,7,0,0,0,
no_finite_o_quantification,SET/SET171^5.p,TH0,Theorem,thm,yes,15,4,0,4,1,1,0,0,0,
no_finite_o_quantification,SET/SET173^5.p,TH0,Theorem,thm,yes,4,3,0,3,1,1,0,0,0,
no_finite_o_quantification,SET/SET175^5.p,TH0,Theorem,thm,yes,6,3,0,3,1,1,0,0,0,
no_finite_o_quantification,SET/SET183^5.p,TH0,Theorem,thm,yes,17,21,0,21,2,0,0,1,1,
no_finite_o_quantification,SET/SET185^5.p,TH0,Theorem,thm,yes,5,3,0,3,1,1,0,0,0,
no_finite_o_quantification,SET/SET194^5.p,TH0,Theorem,thm,yes,5,4,0,4,1,1,0,0,0,
no_finite_o_quantification,SET/SET196^5.p,TH0,Theorem,thm,yes,4,4,0,4,1,1,0,0,0,
no_finite_o_quantification,SET/SET199^5.p,TH0,Theorem,thm,yes,30,17,1,17,2,0,0,1,1,
no_finite_o_quantification,SET/SET200^5.p,TH0,Theorem,thm,yes,59,71,0,71,8,8,0,1,1,
no_finite_o_quantification,SET/SET201^5.p,TH0,Theorem,thm,yes,54,61,0,61,7,7,0,1,1,
no_finite_o_quantification,SET/SET557^1.p,TH0,Theorem,thm,yes,114,32,2,32,3,1,0,1,1,
no_finite_o_quantification,SET/SET557^6.p,TH0,Theorem,timeout,na,2030,1328,37,1328,138,29,0,1,0,
no_finite_o_quantification,SET/SET574^20.p,TH0,Theorem,timeout,na,2103,2038,50,2038,211,4,0,0,0,
no_finite_o_quantification,SET/SET575^7.p,TH0,Theorem,timeout,na,2091,987,56,987,72,0,0,0,0,
no_finite_o_quantification,SET/SET576^7.p,TH0,Theorem,timeout,na,2245,3205,39,3205,205,272,0,0,0,
no_finite_o_quantification,SET/SET579^3.p,TH0,Theorem,timeout,na,2373,3184,22,3184,1291,0,0,2,0,
no_finite_o_quantification,SET/SET580^3.p,TH0,Theorem,thm,yes,61,46,0,46,5,10,0,0,0,
no_finite_o_quantification,SET/SET580^5.p,TH0,Theorem,thm,yes,5,4,0,4,1,1,0,0,0,
no_finite_o_quantification,SET/SET582^5.p,TH0,Theorem,thm,yes,100,148,1,148,18,14,0,1,1,
no_finite_o_quantification,SET/SET583^7.p,TH0,Theorem,timeout,na,2132,1963,115,1963,133,0,0,0,0,
no_finite_o_quantification,SET/SET584^5.p,TH0,Theorem,thm,yes,22,15,1,15,2,0,0,1,1,
no_finite_o_quantification,SET/SET585^5.p,TH0,Theorem,thm,yes,5,5,0,5,1,1,0,0,0,
no_finite_o_quantification,SET/SET586^5.p,TH0,Theorem,thm,yes,24,14,1,14,2,0,0,1,1,
no_finite_o_quantification,SET/SET587^5.p,TH0,Theorem,thm,yes,29,40,0,40,4,1,0,1,1,
no_finite_o_quantification,SET/SET588^5.p,TH0,Theorem,thm,yes,24,14,1,14,2,0,0,1,1,
no_finite_o_quantification,SET/SET589^5.p,TH0,Theorem,thm,yes,59,37,1,37,6,0,0,1,1,
no_finite_o_quantification,SET/SET590^5.p,TH0,Theorem,thm,yes,4,4,0,4,1,1,0,0,0,
no_finite_o_quantification,SET/SET591^5.p,TH0,Theorem,thm,yes,11,9,0,9,1,0,0,1,1,
no_finite_o_quantification,SET/SET592^5.p,TH0,Theorem,thm,yes,45,75,0,75,7,0,0,1,1,
no_finite_o_quantification,SET/SET593^5.p,TH0,Theorem,thm,yes,10,4,0,4,1,1,0,0,0,
no_finite_o_quantification,SET/SET594^5.p,TH0,Theorem,thm,yes,36,19,1,19,3,0,0,1,1,
no_finite_o_quantification,SET/SET595^5.p,TH0,Theorem,thm,yes,17,20,0,20,2,0,0,1,1,
no_finite_o_quantification,SET/SET596^5.p,TH0,Theorem,thm,yes,37,55,1,55,5,1,0,1,1,
no_finite_o_quantification,SET/SET597^5.p,TH0,Theorem,timeout,na,2051,2138,51,2138,209,71,0,0,0,
no_finite_o_quantification,SET/SET598^5.p,TH0,Theorem,timeout,na,2061,2015,27,2015,196,86,0,0,0,
no_finite_o_quantification,SET/SET599^5.p,TH0,Theorem,thm,yes,7,4,0,4,1,1,0,0,0,
no_finite_o_quantification,SET/SET600^5.p,TH0,Theorem,thm,yes,54,59,3,59,4,4,0,1,1,
no_finite_o_quantification,SET/SET601^3.p,TH0,Theorem,thm,yes,90,78,0,78,7,18,0,0,0,
no_finite_o_quantification,SET/SET601^5.p,TH0,Theorem,thm,yes,22,4,0,4,1,1,0,0,0,
no_finite_o_quantification,SET/SET603^5.p,TH0,Theorem,thm,yes,3,2,0,2,1,1,0,0,0,
no_finite_o_quantification,SET/SET604^5.p,TH0,Theorem,thm,yes,3,2,0,2,1,1,0,0,0,
no_finite_o_quantification,SET/SET605^5.p,TH0,Theorem,thm,yes,4,3,0,3,1,1,0,0,0,
no_finite_o_quantification,SET/SET606^3.p,TH0,Theorem,thm,yes,41,25,0,25,3,5,0,0,0,
no_finite_o_quantification,SET/SET606^5.p,TH0,Theorem,thm,yes,7,3,0,3,1,1,0,0,0,
no_finite_o_quantification,SET/SET607^3.p,TH0,Theorem,thm,yes,40,25,0,25,3,5,0,0,0,
no_finite_o_quantification,SET/SET607^5.p,TH0,Theorem,thm,yes,6,3,0,3,1,1,0,0,0,
no_finite_o_quantification,SET/SET608^5.p,TH0,Theorem,thm,yes,5,3,0,3,1,1,0,0,0,
no_finite_o_quantification,SET/SET609^3.p,TH0,Theorem,thm,yes,57,38,0,38,4,7,0,0,0,
no_finite_o_quantification,SET/SET609^5.p,TH0,Theorem,thm,yes,16,4,0,4,1,1,0,0,0,
no_finite_o_quantification,SET/SET610^5.p,TH0,Theorem,thm,yes,7,3,0,3,1,1,0,0,0,
no_finite_o_quantification,SET/SET611^3.p,TH0,Theorem,timeout,na,2020,930,124,930,5,13,0,0,0,
no_finite_o_quantification,SET/SET611^5.p,TH0,Theorem,thm,yes,29,43,1,43,4,3,0,1,1,
no_finite_o_quantification,SET/SET612^3.p,TH0,Theorem,thm,yes,57,36,0,36,3,7,0,0,0,
no_finite_o_quantification,SET/SET612^5.p,TH0,Theorem,thm,yes,14,4,0,4,1,1,0,0,0,
no_finite_o_quantification,SET/SET613^5.p,TH0,Theorem,thm,yes,12,3,0,3,1,1,0,0,0,
no_finite_o_quantification,SET/SET614^3.p,TH0,Theorem,thm,yes,53,36,0,36,3,7,0,0,0,
no_finite_o_quantification,SET/SET614^5.p,TH0,Theorem,thm,yes,13,4,0,4,1,1,0,0,0,
no_finite_o_quantification,SET/SET615^3.p,TH0,Theorem,thm,yes,62,67,0,67,6,14,0,0,0,
no_finite_o_quantification,SET/SET615^5.p,TH0,Theorem,thm,yes,15,4,0,4,1,1,0,0,0,
no_finite_o_quantification,SET/SET616^5.p,TH0,Theorem,thm,yes,28,40,0,40,5,3,0,1,1,
no_finite_o_quantification,SET/SET617^5.p,TH0,Theorem,thm,yes,6,2,0,2,1,1,0,0,0,
no_finite_o_quantification,SET/SET618^5.p,TH0,Theorem,thm,yes,4,2,0,2,1,1,0,0,0,
no_finite_o_quantification,SET/SET619^5.p,TH0,Theorem,thm,yes,9,3,0,3,1,1,0,0,0,
no_finite_o_quantification,SET/SET620^5.p,TH0,Theorem,thm,yes,12,3,0,3,1,1,0,0,0,
no_finite_o_quantification,SET/SET621^5.p,TH0,Theorem,thm,yes,21,4,0,4,1,1,0,0,0,
no_finite_o_quantification,SET/SET622^5.p,TH0,Theorem,thm,yes,21,4,0,4,1,1,0,0,0,
no_finite_o_quantification,SET/SET623^3.p,TH0,Theorem,thm,yes,83,122,0,122,9,28,0,0,0,
no_finite_o_quantification,SET/SET623^5.p,TH0,Theorem,thm,yes,42,4,0,4,1,1,0,0,0,
no_finite_o_quantification,SET/SET624^3.p,TH0,Theorem,timeout,na,2034,1102,3,1102,98,179,0,2,0,
no_finite_o_quantification,SET/SET624^5.p,TH0,Theorem,thm,yes,89,250,0,250,30,26,0,1,1,
no_finite_o_quantification,SET/SET625^5.p,TH0,Theorem,thm,yes,35,32,1,32,5,2,0,1,1,
no_finite_o_quantification,SET/SET626^5.p,TH0,Theorem,thm,yes,18,14,1,14,2,0,0,1,1,
no_finite_o_quantification,SET/SET627^5.p,TH0,Theorem,thm,yes,3,3,0,3,1,1,0,0,0,
no_finite_o_quantification,SET/SET628^5.p,TH0,Theorem,thm,yes,13,14,0,14,2,2,0,1,1,
no_finite_o_quantification,SET/SET629^5.p,TH0,Theorem,thm,yes,5,4,0,4,1,1,0,0,0,
no_finite_o_quantification,SET/SET630^3.p,TH0,Theorem,thm,yes,25,5,0,5,1,1,0,0,0,
no_finite_o_quantification,SET/SET630^5.p,TH0,Theorem,thm,yes,6,4,0,4,1,1,0,0,0,
no_finite_o_quantification,SET/SET631^5.p,TH0,Theorem,thm,yes,21,17,1,17,2,0,0,1,1,
no_finite_o_quantification,SET/SET632^5.p,TH0,Theorem,thm,yes,42,87,0,87,9,1,0,1,1,
no_finite_o_quantification,SET/SET633^5.p,TH0,Theorem,thm,yes,75,190,0,190,23,45,0,1,1,
no_finite_o_quantification,SET/SET634^5.p,TH0,Theorem,thm,yes,13,4,0,4,1,1,0,0,0,
no_finite_o_quantification,SET/SET635^5.p,TH0,Theorem,thm,yes,15,4,0,4,1,1,0,0,0,
no_finite_o_quantification,SET/SET636^5.p,TH0,Theorem,thm,yes,26,41,0,42,5,3,0,1,1,
no_finite_o_quantification,SET/SET638^5.p,TH0,Theorem,thm,yes,42,65,1,65,7,3,0,1,1,
no_finite_o_quantification,SET/SET640^3.p,TH0,Theorem,thm,yes,245,683,12,683,64,46,0,1,1,
no_finite_o_quantification,SET/SET646^3.p,TH0,Theorem,thm,yes,115,126,3,126,8,6,0,1,1,
no_finite_o_quantification,SET/SET647^3.p,TH0,Theorem,thm,yes,86,34,0,34,4,3,0,1,1,
no_finite_o_quantification,SET/SET648^3.p,TH0,Theorem,thm,yes,77,31,0,31,4,2,0,1,1,
no_finite_o_quantification,SET/SET649^3.p,TH0,Theorem,thm,yes,94,63,1,63,9,3,0,1,1,
no_finite_o_quantification,SET/SET651^3.p,TH0,Theorem,thm,yes,107,118,6,118,8,4,0,1,1,
no_finite_o_quantification,SET/SET657^3.p,TH0,Theorem,thm,yes,80,71,2,71,6,0,0,1,1,
no_finite_o_quantification,SET/SET669^3.p,TH0,Theorem,timeout,na,2196,3618,98,3618,145,138,0,0,0,
no_finite_o_quantification,SET/SET670^3.p,TH0,Theorem,thm,yes,88,28,1,28,4,1,0,1,1,
no_finite_o_quantification,SET/SET671^3.p,TH0,Theorem,timeout,na,2055,411,1,411,33,70,0,2,0,
no_finite_o_quantification,SET/SET672^3.p,TH0,Theorem,thm,yes,85,26,1,26,3,0,0,1,1,
no_finite_o_quantification,SET/SET673^3.p,TH0,Theorem,timeout,na,2268,6374,4,6374,453,1114,0,2,0,
no_finite_o_quantification,SET/SET680^3.p,TH0,Theorem,thm,yes,107,65,1,65,6,4,0,1,1,
no_finite_o_quantification,SET/SET683^3.p,TH0,Theorem,thm,yes,99,44,1,44,6,0,0,1,1,
no_finite_o_quantification,SET/SET684^3.p,TH0,Theorem,thm,yes,81,11,0,11,2,2,0,0,0,
no_finite_o_quantification,SET/SET716^4.p,TH0,Theorem,timeout,na,2122,3166,66,3166,425,88,0,1,0,
no_finite_o_quantification,SET/SET724^4.p,TH0,Theorem,timeout,na,2061,1909,47,1909,200,12,0,4,0,
no_finite_o_quantification,SET/SET741^4.p,TH0,Theorem,timeout,na,2075,2711,131,2711,252,25,0,1,0,
no_finite_o_quantification,SET/SET747^4.p,TH0,Theorem,timeout,na,2346,6704,55,6704,1969,192,0,3,0,
no_finite_o_quantification,SET/SET752^4.p,TH0,Theorem,timeout,na,2098,4541,241,4541,160,84,0,0,0,
no_finite_o_quantification,SET/SET753^4.p,TH0,Theorem,timeout,na,2032,1255,108,1255,9,27,0,0,0,
no_finite_o_quantification,SET/SET764^4.p,TH0,Theorem,thm,yes,39,14,0,14,2,2,0,0,0,
no_finite_o_quantification,SET/SET907^7.p,TH0,Theorem,timeout,na,2161,1948,122,1948,129,0,0,0,0,
no_finite_o_quantification,SET/SET908^7.p,TH0,Theorem,timeout,na,2167,509,37,509,22,0,0,0,0,
no_finite_o_quantification,SET/SET914^7.p,TH0,Theorem,timeout,na,2176,1895,114,1895,119,0,0,0,0,
no_finite_o_quantification,SET/SET916^7.p,TH0,Theorem,timeout,na,2198,432,21,432,33,0,0,0,0,
no_finite_o_quantification,SET/SET924^1.p,TH0,Theorem,thm,yes,53,1,0,1,1,1,0,0,0,
no_finite_o_quantification,SET/SET925^7.p,TH0,Theorem,thm,yes,113,1,0,1,1,1,0,0,0,
no_finite_o_quantification,SET/SET926^11.p,TH0,Theorem,timeout,na,2166,2152,49,2152,164,0,0,0,0,
no_finite_o_quantification,SET/SET926^12.p,TH0,Theorem,timeout,na,2114,2367,113,2367,151,0,0,0,0,
no_finite_o_quantification,SET/SET926^20.p,TH0,Theorem,timeout,na,2123,2526,119,2526,157,0,0,0,0,
no_finite_o_quantification,SET/SET926^7.p,TH0,Theorem,timeout,na,2171,2295,102,2295,144,0,0,0,0,
no_finite_o_quantification,SET/SET926^8.p,TH0,Theorem,timeout,na,2119,2289,96,2289,157,0,0,0,0,
no_finite_o_quantification,SEU/SEU452^1.p,TH0,Theorem,timeout,na,2027,1159,74,1159,69,6,0,0,0,
no_finite_o_quantification,SEU/SEU453^1.p,TH0,Theorem,thm,yes,66,5,0,5,1,1,0,0,0,
no_finite_o_quantification,SEU/SEU454^1.p,TH0,Theorem,thm,yes,56,3,0,3,1,1,0,0,0,
no_finite_o_quantification,SEU/SEU455^1.p,TH0,Theorem,thm,yes,55,5,0,5,1,1,0,0,0,
no_finite_o_quantification,SEU/SEU456^1.p,TH0,Theorem,thm,yes,74,16,1,16,2,0,0,1,1,
no_finite_o_quantification,SEU/SEU457^1.p,TH0,Theorem,thm,yes,57,5,0,5,1,1,0,0,0,
no_finite_o_quantification,SEU/SEU458^1.p,TH0,Theorem,thm,yes,58,3,0,3,1,1,0,0,0,
no_finite_o_quantification,SEU/SEU459^1.p,TH0,Theorem,thm,yes,57,5,0,5,1,1,0,0,0,
no_finite_o_quantification,SEU/SEU460^1.p,TH0,Theorem,thm,yes,97,40,0,40,4,1,0,1,1,
no_finite_o_quantification,SEU/SEU461^1.p,TH0,Theorem,timeout,na,2089,1240,53,1240,133,0,0,1,0,
no_finite_o_quantification,SEU/SEU462^1.p,TH0,Theorem,timeout,na,2103,909,53,909,102,0,0,1,0,
no_finite_o_quantification,SEU/SEU463^1.p,TH0,Theorem,timeout,na,2096,995,55,995,76,0,0,1,0,
no_finite_o_quantification,SEU/SEU464^1.p,TH0,Theorem,timeout,na,2116,1267,41,1267,152,0,0,1,0,
no_finite_o_quantification,SEU/SEU465^1.p,TH0,Theorem,thm,yes,78,5,0,5,1,1,0,0,0,
no_finite_o_quantification,SEU/SEU466^1.p,TH0,Theorem,timeout,na,2080,972,41,972,97,1,0,0,0,
no_finite_o_quantification,SEU/SEU467^1.p,TH0,Theorem,thm,yes,116,21,1,21,2,0,0,1,1,
no_finite_o_quantification,SEU/SEU468^1.p,TH0,Theorem,timeout,na,2086,1260,49,1260,144,0,0,1,0,
no_finite_o_quantification,SEU/SEU469^1.p,TH0,Theorem,timeout,na,2083,974,46,974,93,5,0,0,0,
no_finite_o_quantification,SEU/SEU470^1.p,TH0,CounterSatisfiable,timeout,na,2133,956,28,956,158,5,0,0,0,
no_finite_o_quantification,SEU/SEU471^1.p,TH0,CounterSatisfiable,timeout,na,2104,1138,28,1138,156,5,0,0,0,
no_finite_o_quantification,SEU/SEU472^1.p,TH0,Theorem,thm,yes,159,34,2,34,3,0,0,1,1,
no_finite_o_quantification,SEU/SEU473^1.p,TH0,Theorem,timeout,na,2116,1448,60,1448,171,1,0,0,0,
no_finite_o_quantification,SEU/SEU474^1.p,TH0,Theorem,thm,yes,91,37,0,37,4,8,0,0,0,
no_finite_o_quantification,SEU/SEU475^1.p,TH0,Theorem,timeout,na,2080,443,18,443,45,3,0,0,0,
no_finite_o_quantification,SEU/SEU476^1.p,TH0,Theorem,timeout,na,2134,1532,31,1532,172,26,0,0,0,
no_finite_o_quantification,SEU/SEU477^1.p,TH0,Theorem,timeout,na,2160,2450,17,2450,400,63,0,1,0,
no_finite_o_quantification,SEU/SEU478^1.p,TH0,Theorem,timeout,na,2142,1914,36,1914,298,0,0,4,0,
no_finite_o_quantification,SEU/SEU479^1.p,TH0,Theorem,timeout,na,2160,2391,43,2391,385,0,0,3,0,
no_finite_o_quantification,SEU/SEU480^1.p,TH0,Theorem,timeout,na,2140,1990,37,1990,304,0,0,3,0,
no_finite_o_quantification,SEU/SEU481^1.p,TH0,Theorem,timeout,na,2073,843,50,843,48,4,0,2,0,
no_finite_o_quantification,SEU/SEU482^1.p,TH0,Theorem,timeout,na,2093,1421,75,1421,98,8,0,1,0,
no_finite_o_quantification,SEU/SEU483^1.p,TH0,Theorem,timeout,na,2168,2650,33,2650,440,0,0,2,0,
no_finite_o_quantification,SEU/SEU484^1.p,TH0,Theorem,timeout,na,2121,2203,54,2203,306,0,0,3,0,
no_finite_o_quantification,SEU/SEU485^1.p,TH0,Theorem,timeout,na,2106,1041,42,1041,167,7,0,0,0,
no_finite_o_quantification,SEU/SEU486^1.p,TH0,Theorem,timeout,na,2129,1222,39,1222,225,26,0,0,0,
no_finite_o_quantification,SEU/SEU487^1.p,TH0,Theorem,timeout,na,2082,262,9,262,45,5,0,0,0,
no_finite_o_quantification,SEU/SEU488^1.p,TH0,Theorem,timeout,na,2117,789,14,789,148,14,0,0,0,
no_finite_o_quantification,SEU/SEU489^1.p,TH0,CounterSatisfiable,timeout,na,2117,1321,69,1321,187,1,0,0,0,
no_finite_o_quantification,SEU/SEU490^1.p,TH0,Theorem,timeout,na,2109,1242,49,1242,206,2,0,0,0,
no_finite_o_quantification,SEU/SEU491^1.p,TH0,Theorem,timeout,na,2108,1823,89,1823,174,8,0,1,0,
no_finite_o_quantification,SEU/SEU492^1.p,TH0,Theorem,timeout,na,2393,7116,192,7116,1821,235,0,1,0,
no_finite_o_quantification,SEU/SEU493^1.p,TH0,Theorem,timeout,na,2214,5045,191,5045,956,127,0,1,0,
no_finite_o_quantification,SEU/SEU494^1.p,TH0,Theorem,timeout,na,2499,6803,125,6803,2345,22,0,3,0,
no_finite_o_quantification,SEU/SEU495^1.p,TH0,Theorem,thm,yes,83,73,1,73,7,5,0,1,1,
no_finite_o_quantification,SEU/SEU496^1.p,TH0,Theorem,timeout,na,2113,1206,44,1206,175,0,0,0,0,
no_finite_o_quantification,SEU/SEU497^1.p,TH0,Theorem,timeout,na,2325,4951,84,4951,1397,81,0,1,0,
no_finite_o_quantification,SEU/SEU498^1.p,TH0,Theorem,timeout,na,2369,4952,60,4952,190,46,0,0,0,
no_finite_o_quantification,SEU/SEU499^1.p,TH0,Theorem,thm,yes,341,93,7,93,4,2,0,1,1,
no_finite_o_quantification,SEU/SEU499^2.p,TH0,Theorem,timeout,na,2055,3025,180,3025,206,10,0,1,0,
no_finite_o_quantification,SEU/SEU500^1.p,TH0,Theorem,timeout,na,2169,2427,44,2426,308,1,0,1,0,
no_finite_o_quantification,SEU/SEU500^2.p,TH0,Theorem,thm,yes,27,17,0,16,2,1,0,1,1,
no_finite_o_quantification,SEU/SEU501^1.p,TH0,Theorem,thm,yes,149,43,4,43,1,0,0,1,1,
no_finite_o_quantification,SEU/SEU501^2.p,TH0,Theorem,thm,yes,7,10,0,10,1,0,0,1,1,
no_finite_o_quantification,SEU/SEU502^1.p,TH0,Theorem,thm,yes,89,6,0,6,1,1,0,0,0,
no_finite_o_quantification,SEU/SEU502^2.p,TH0,Theorem,thm,yes,7,10,0,10,2,0,0,1,1,
no_finite_o_quantification,SEU/SEU503^1.p,TH0,Theorem,thm,yes,97,6,0,6,1,1,0,0,0,
no_finite_o_quantification,SEU/SEU503^2.p,TH0,Theorem,thm,yes,7,12,0,12,2,0,0,1,1,
no_finite_o_quantification,SEU/SEU504^1.p,TH0,Theorem,thm,yes,198,50,5,50,1,0,0,1,1,
no_finite_o_quantification,SEU/SEU504^2.p,TH0,Theorem,thm,yes,15,12,1,12,1,0,0,1,1,
no_finite_o_quantification,SEU/SEU505^1.p,TH0,Theorem,timeout,na,2110,2156,122,2156,156,0,0,1,0,
no_finite_o_quantification,SEU/SEU505^2.p,TH0,Theorem,timeout,na,2157,5151,99,5151,201,167,0,0,0,
no_finite_o_quantification,SEU/SEU506^1.p,TH0,Theorem,timeout,na,2125,1840,61,1840,174,42,0,2,0,
no_finite_o_quantification,SEU/SEU506^2.p,TH0,Theorem,timeout,na,2203,6584,139,6584,214,226,0,0,0,
no_finite_o_quantification,SEU/SEU507^1.p,TH0,Theorem,timeout,na,2121,1789,64,1789,156,31,0,2,0,
no_finite_o_quantification,SEU/SEU508^1.p,TH0,Theorem,timeout,na,2132,1523,50,1523,195,0,0,1,0,
no_finite_o_quantification,SEU/SEU508^2.p,TH0,Theorem,timeout,na,2045,1983,135,1983,123,4,0,1,0,
no_finite_o_quantification,SEU/SEU509^1.p,TH0,Theorem,timeout,na,2135,1486,61,1486,158,0,0,1,0,
no_finite_o_quantification,SEU/SEU509^2.p,TH0,Theorem,timeout,na,2180,6213,107,6213,208,229,0,0,0,
no_finite_o_quantification,SEU/SEU510^1.p,TH0,Theorem,timeout,na,2137,1696,68,1696,177,0,0,2,0,
no_finite_o_quantification,SEU/SEU510^2.p,TH0,Theorem,timeout,na,2061,1953,64,1953,214,6,0,1,0,
no_finite_o_quantification,SEU/SEU511^1.p,TH0,Theorem,timeout,na,2148,2050,92,2050,175,0,0,2,0,
no_finite_o_quantification,SEU/SEU511^2.p,TH0,Theorem,timeout,na,2079,2494,73,2494,339,3,0,2,0,
no_finite_o_quantification,SEU/SEU512^1.p,TH0,Theorem,timeout,na,2118,1071,36,1071,115,0,0,1,0,
no_finite_o_quantification,SEU/SEU512^2.p,TH0,Theorem,timeout,na,2076,3203,75,3203,142,23,0,0,0,
no_finite_o_quantification,SEU/SEU513^1.p,TH0,Theorem,thm,yes,703,111,11,111,1,0,0,1,1,
no_finite_o_quantification,SEU/SEU513^2.p,TH0,Theorem,thm,yes,5,6,0,6,1,0,0,1,1,
no_finite_o_quantification,SEU/SEU514^1.p,TH0,Theorem,timeout,na,2129,1308,49,1308,133,3,0,1,0,
no_finite_o_quantification,SEU/SEU514^2.p,TH0,Theorem,thm,yes,87,49,1,49,4,2,0,1,1,
no_finite_o_quantification,SEU/SEU515^1.p,TH0,Theorem,timeout,na,2142,1235,49,1235,122,0,0,1,0,
no_finite_o_quantification,SEU/SEU515^2.p,TH0,Theorem,timeout,na,2121,3105,74,3105,188,181,0,0,0,
no_finite_o_quantification,SEU/SEU516^1.p,TH0,Theorem,timeout,na,2126,1237,61,1237,110,0,0,1,0,
no_finite_o_quantification,SEU/SEU516^2.p,TH0,Theorem,timeout,na,2117,3149,48,3149,182,173,0,0,0,
no_finite_o_quantification,SEU/SEU517^1.p,TH0,Theorem,timeout,na,2108,750,32,750,72,0,0,1,0,
no_finite_o_quantification,SEU/SEU517^2.p,TH0,Theorem,timeout,na,2052,2169,123,2169,229,0,0,1,0,
no_finite_o_quantification,SEU/SEU518^1.p,TH0,Theorem,timeout,na,2152,1433,60,1433,143,0,0,1,0,
no_finite_o_quantification,SEU/SEU518^2.p,TH0,Theorem,timeout,na,2101,4295,68,4295,686,77,0,1,0,
no_finite_o_quantification,SEU/SEU519^1.p,TH0,Theorem,timeout,na,2077,436,28,436,24,0,0,1,0,
no_finite_o_quantification,SEU/SEU519^2.p,TH0,Theorem,thm,yes,37,36,0,36,3,2,0,1,1,
no_finite_o_quantification,SEU/SEU520^1.p,TH0,Theorem,thm,yes,1756,75,7,75,1,1,0,0,0,
no_finite_o_quantification,SEU/SEU521^1.p,TH0,Theorem,timeout,na,2121,1152,67,1152,80,1,0,1,0,
no_finite_o_quantification,SEU/SEU521^2.p,TH0,Theorem,thm,yes,36,23,1,23,3,0,0,1,1,
no_finite_o_quantification,SEU/SEU522^1.p,TH0,Theorem,timeout,na,2139,999,48,999,95,0,0,1,0,
no_finite_o_quantification,SEU/SEU522^2.p,TH0,Theorem,thm,yes,50,33,2,33,3,1,0,1,1,
no_finite_o_quantification,SEU/SEU523^1.p,TH0,Theorem,timeout,na,2126,1024,56,1024,67,1,0,2,0,
no_finite_o_quantification,SEU/SEU523^2.p,TH0,Theorem,thm,yes,58,42,1,42,5,1,0,1,1,
no_finite_o_quantification,SEU/SEU524^1.p,TH0,Theorem,timeout,na,2121,969,55,969,63,1,0,1,0,
no_finite_o_quantification,SEU/SEU524^2.p,TH0,Theorem,timeout,na,2167,4592,102,4592,842,58,0,4,0,
no_finite_o_quantification,SEU/SEU525^1.p,TH0,Theorem,timeout,na,2117,1070,63,1070,69,1,0,1,0,
no_finite_o_quantification,SEU/SEU525^2.p,TH0,Theorem,timeout,na,2077,3508,133,3508,382,24,0,1,0,
no_finite_o_quantification,SEU/SEU526^1.p,TH0,Theorem,timeout,na,2126,885,48,885,65,0,0,1,0,
no_finite_o_quantification,SEU/SEU526^2.p,TH0,Theorem,timeout,na,2112,4021,153,4021,223,90,0,0,0,
no_finite_o_quantification,SEU/SEU527^1.p,TH0,Theorem,timeout,na,2138,786,41,786,68,0,0,1,0,
no_finite_o_quantification,SEU/SEU527^2.p,TH0,Theorem,timeout,na,2177,5050,154,5050,221,5,0,0,0,
no_finite_o_quantification,SEU/SEU528^1.p,TH0,Theorem,timeout,na,2122,709,37,709,54,0,0,1,0,
no_finite_o_quantification,SEU/SEU528^2.p,TH0,Theorem,thm,yes,86,140,0,140,17,12,0,1,1,
no_finite_o_quantification,SEU/SEU529^1.p,TH0,Theorem,thm,yes,1738,162,16,162,1,0,0,1,1,
no_finite_o_quantification,SEU/SEU529^2.p,TH0,Theorem,thm,yes,12,10,1,10,1,0,0,1,1,
no_finite_o_quantification,SEU/SEU530^1.p,TH0,Theorem,timeout,na,2107,474,33,474,24,0,0,1,0,
no_finite_o_quantification,SEU/SEU530^2.p,TH0,Theorem,timeout,na,2068,2395,73,2395,338,49,0,4,0,
no_finite_o_quantification,SEU/SEU531^1.p,TH0,Theorem,timeout,na,2111,415,29,415,18,0,0,1,0,
no_finite_o_quantification,SEU/SEU531^2.p,TH0,Theorem,timeout,na,2215,5209,73,5209,234,121,0,0,0,
no_finite_o_quantification,SEU/SEU532^1.p,TH0,Theorem,timeout,na,2085,13,1,13,1,0,0,0,0,
no_finite_o_quantification,SEU/SEU532^2.p,TH0,Theorem,thm,yes,8,8,0,8,1,0,0,1,1,
no_finite_o_quantification,SEU/SEU533^1.p,TH0,Theorem,timeout,na,2094,10,1,10,1,0,0,0,0,
no_finite_o_quantification,SEU/SEU533^2.p,TH0,Theorem,thm,yes,17,18,1,18,2,0,0,1,1,
no_finite_o_quantification,SEU/SEU534^1.p,TH0,Theorem,timeout,na,2097,121,12,121,1,0,0,0,0,
no_finite_o_quantification,SEU/SEU534^2.p,TH0,Theorem,timeout,na,2057,2151,137,2151,155,15,0,4,0,
no_finite_o_quantification,SEU/SEU535^1.p,TH0,Theorem,timeout,na,2097,80,8,80,1,0,0,0,0,
no_finite_o_quantification,SEU/SEU535^2.p,TH0,Theorem,thm,yes,10,14,0,14,2,0,0,1,1,
no_finite_o_quantification,SEU/SEU536^1.p,TH0,Theorem,timeout,na,2099,67,6,67,1,0,0,0,0,
no_finite_o_quantification,SEU/SEU536^2.p,TH0,Theorem,thm,yes,16,13,0,13,2,0,0,1,1,
no_finite_o_quantification,SEU/SEU537^1.p,TH0,Theorem,timeout,na,2102,59,5,59,1,0,0,0,0,
no_finite_o_quantification,SEU/SEU537^2.p,TH0,Theorem,thm,yes,16,13,0,13,2,0,0,1,1,
no_finite_o_quantification,SEU/SEU538^1.p,TH0,Theorem,timeout,na,2104,55,5,55,1,0,0,0,0,
no_finite_o_quantification,SEU/SEU538^2.p,TH0,Theorem,thm,yes,15,12,0,12,2,0,0,1,1,
no_finite_o_quantification,SEU/SEU539^1.p,TH0,Theorem,timeout,na,2108,51,5,51,1,0,0,0,0,
no_finite_o_quantification,SEU/SEU539^2.p,TH0,Theorem,thm,yes,16,12,0,12,2,0,0,1,1,
no_finite_o_quantification,SEU/SEU540^1.p,TH0,Theorem,timeout,na,2109,43,4,43,1,0,0,0,0,
no_finite_o_quantification,SEU/SEU540^2.p,TH0,Theorem,timeout,na,2086,2702,132,2701,336,1,0,2,0,
no_finite_o_quantification,SEU/SEU541^1.p,TH0,Theorem,timeout,na,2109,41,4,41,1,0,0,0,0,
no_finite_o_quantification,SEU/SEU541^2.p,TH0,Theorem,thm,yes,10,15,0,14,2,1,0,1,1,
no_finite_o_quantification,SEU/SEU542^1.p,TH0,Theorem,timeout,na,2114,41,4,41,1,0,0,0,0,
no_finite_o_quantification,SEU/SEU543^1.p,TH0,Theorem,timeout,na,2119,39,3,39,1,0,0,0,0,
no_finite_o_quantification,SEU/SEU544^1.p,TH0,Theorem,timeout,na,2114,36,3,36,1,0,0,0,0,
no_finite_o_quantification,SEU/SEU544^2.p,TH0,Theorem,timeout,na,2057,3202,226,3202,146,14,0,1,0,
no_finite_o_quantification,SEU/SEU545^1.p,TH0,Theorem,timeout,na,2125,34,3,34,1,0,0,0,0,
no_finite_o_quantification,SEU/SEU545^2.p,TH0,Theorem,timeout,na,2178,4996,99,4996,169,263,0,0,0,
no_finite_o_quantification,SEU/SEU546^1.p,TH0,Theorem,timeout,na,2122,30,3,30,1,0,0,0,0,
no_finite_o_quantification,SEU/SEU546^2.p,TH0,Theorem,timeout,na,2065,3931,217,3931,130,54,0,0,0,
no_finite_o_quantification,SEU/SEU547^1.p,TH0,Theorem,thm,yes,1370,23,2,23,1,1,0,0,0,
no_finite_o_quantification,SEU/SEU547^2.p,TH0,Theorem,thm,yes,21,9,0,9,1,1,0,0,0,
no_finite_o_quantification,SEU/SEU548^1.p,TH0,Theorem,thm,yes,1645,35,1,35,2,2,0,0,0,
no_finite_o_quantification,SEU/SEU548^2.p,TH0,Theorem,thm,yes,42,16,0,16,2,2,0,0,0,
no_finite_o_quantification,SEU/SEU549^1.p,TH0,Theorem,timeout,na,2130,34,3,34,1,0,0,0,0,
no_finite_o_quantification,SEU/SEU549^2.p,TH0,Theorem,timeout,na,2072,3949,211,3949,209,59,0,2,0,
no_finite_o_quantification,SEU/SEU550^1.p,TH0,Theorem,timeout,na,2133,25,2,25,1,0,0,0,0,
no_finite_o_quantification,SEU/SEU550^2.p,TH0,Theorem,timeout,na,2076,3750,129,3750,270,142,0,0,0,
no_finite_o_quantification,SEU/SEU551^1.p,TH0,Theorem,timeout,na,2097,21,2,21,1,0,0,0,0,
no_finite_o_quantification,SEU/SEU551^2.p,TH0,Theorem,thm,yes,2,1,0,1,1,1,0,0,0,
no_finite_o_quantification,SEU/SEU551^3.p,TH0,Theorem,thm,yes,2,2,0,2,1,1,0,0,0,
no_finite_o_quantification,SEU/SEU552^1.p,TH0,Theorem,timeout,na,2143,26,2,26,1,0,0,0,0,
no_finite_o_quantification,SEU/SEU552^2.p,TH0,Theorem,thm,yes,26,17,1,17,1,1,0,0,0,
no_finite_o_quantification,SEU/SEU553^1.p,TH0,Theorem,timeout,na,2140,21,2,21,1,0,0,0,0,
no_finite_o_quantification,SEU/SEU553^2.p,TH0,Theorem,thm,yes,12,10,0,10,1,1,0,0,0,
no_finite_o_quantification,SEU/SEU554^1.p,TH0,Theorem,timeout,na,2143,21,2,21,1,0,0,0,0,
no_finite_o_quantification,SEU/SEU555^1.p,TH0,Theorem,timeout,na,2095,19,1,19,1,0,0,0,0,
no_finite_o_quantification,SEU/SEU556^1.p,TH0,Theorem,timeout,na,2149,28,2,28,1,0,0,0,0,
no_finite_o_quantification,SEU/SEU557^1.p,TH0,Theorem,timeout,na,2162,29,2,29,1,0,0,0,0,
no_finite_o_quantification,SEU/SEU557^2.p,TH0,Theorem,timeout,na,2078,2443,123,2443,261,0,0,1,0,
no_finite_o_quantification,SEU/SEU558^1.p,TH0,Theorem,timeout,na,2164,20,2,20,1,0,0,0,0,
no_finite_o_quantification,SEU/SEU558^2.p,TH0,Theorem,timeout,na,2111,2476,109,2476,400,16,0,1,0,
no_finite_o_quantification,SEU/SEU559^1.p,TH0,Theorem,timeout,na,2179,22,2,22,1,0,0,0,0,
no_finite_o_quantification,SEU/SEU559^2.p,TH0,Theorem,thm,yes,16,13,0,13,2,0,0,1,1,
no_finite_o_quantification,SEU/SEU560^1.p,TH0,Theorem,thm,yes,1366,13,1,13,1,1,0,0,0,
no_finite_o_quantification,SEU/SEU560^2.p,TH0,Theorem,thm,yes,11,8,0,8,1,1,0,0,0,
no_finite_o_quantification,SEU/SEU561^1.p,TH0,Theorem,thm,yes,1388,13,1,13,1,1,0,0,0,
no_finite_o_quantification,SEU/SEU561^2.p,TH0,Theorem,thm,yes,10,8,0,8,1,1,0,0,0,
no_finite_o_quantification,SEU/SEU562^1.p,TH0,Theorem,timeout,na,2180,19,1,19,1,0,0,0,0,
no_finite_o_quantification,SEU/SEU562^2.p,TH0,Theorem,thm,yes,23,20,1,20,2,0,0,1,1,
no_finite_o_quantification,SEU/SEU563^1.p,TH0,Theorem,timeout,na,2182,2,0,2,1,0,0,0,0,
no_finite_o_quantification,SEU/SEU563^2.p,TH0,Theorem,thm,yes,12,12,1,12,1,0,0,1,1,
no_finite_o_quantification,SEU/SEU564^1.p,TH0,Theorem,timeout,na,2187,19,1,19,1,0,0,0,0,
no_finite_o_quantification,SEU/SEU564^2.p,TH0,Theorem,thm,yes,18,15,0,15,2,0,0,1,1,
no_finite_o_quantification,SEU/SEU565^1.p,TH0,Theorem,timeout,na,2192,19,1,19,1,0,0,0,0,
no_finite_o_quantification,SEU/SEU565^2.p,TH0,Theorem,thm,yes,26,20,1,20,3,0,0,1,1,
no_finite_o_quantification,SEU/SEU566^1.p,TH0,Theorem,timeout,na,2196,19,1,19,1,0,0,0,0,
no_finite_o_quantification,SEU/SEU566^2.p,TH0,Theorem,thm,yes,28,22,1,22,3,0,0,1,1,
no_finite_o_quantification,SEU/SEU567^1.p,TH0,Theorem,timeout,na,2196,13,1,13,1,0,0,0,0,
no_finite_o_quantification,SEU/SEU567^2.p,TH0,Theorem,thm,yes,22,19,0,19,3,0,0,1,1,
no_finite_o_quantification,SEU/SEU568^1.p,TH0,Theorem,thm,yes,1995,15,1,15,1,1,0,0,0,
no_finite_o_quantification,SEU/SEU568^2.p,TH0,Theorem,thm,yes,17,10,0,10,1,1,0,0,0,
no_finite_o_quantification,SEU/SEU569^1.p,TH0,Theorem,timeout,na,2204,0,0,0,1,0,0,0,0,
no_finite_o_quantification,SEU/SEU569^2.p,TH0,Theorem,thm,yes,17,18,0,18,3,0,0,1,1,
no_finite_o_quantification,SEU/SEU570^1.p,TH0,Theorem,timeout,na,2209,17,1,17,1,0,0,0,0,
no_finite_o_quantification,SEU/SEU570^2.p,TH0,Theorem,timeout,na,2249,5975,32,5975,1769,10,0,3,0,
no_finite_o_quantification,SEU/SEU571^1.p,TH0,Theorem,timeout,na,2210,0,0,0,1,0,0,0,0,
no_finite_o_quantification,SEU/SEU571^2.p,TH0,Theorem,thm,yes,42,58,1,58,8,0,0,3,1,
no_finite_o_quantification,SEU/SEU572^1.p,TH0,Theorem,timeout,na,2225,13,1,13,1,0,0,0,0,
no_finite_o_quantification,SEU/SEU572^2.p,TH0,Theorem,thm,yes,52,47,3,47,3,0,0,3,1,
no_finite_o_quantification,SEU/SEU573^1.p,TH0,Theorem,timeout,na,2228,12,1,12,1,0,0,0,0,
no_finite_o_quantification,SEU/SEU573^2.p,TH0,Theorem,thm,yes,52,74,1,74,8,0,0,4,1,
no_finite_o_quantification,SEU/SEU574^1.p,TH0,Theorem,timeout,na,2233,13,1,13,1,0,0,0,0,
no_finite_o_quantification,SEU/SEU574^2.p,TH0,Theorem,timeout,na,2176,5176,80,5176,265,47,0,0,0,
no_finite_o_quantification,SEU/SEU575^1.p,TH0,Theorem,timeout,na,2216,10,1,10,1,0,0,0,0,
no_finite_o_quantification,SEU/SEU575^2.p,TH0,Theorem,timeout,na,2089,3457,68,3457,154,194,0,0,0,
no_finite_o_quantification,SEU/SEU576^1.p,TH0,Theorem,timeout,na,2244,12,1,12,1,0,0,0,0,
no_finite_o_quantification,SEU/SEU576^2.p,TH0,Theorem,thm,yes,37,37,1,37,5,0,0,4,1,
no_finite_o_quantification,SEU/SEU577^1.p,TH0,Theorem,timeout,na,2245,12,1,12,1,0,0,0,0,
no_finite_o_quantification,SEU/SEU577^2.p,TH0,Theorem,timeout,na,2160,4552,86,4552,994,0,0,4,0,
no_finite_o_quantification,SEU/SEU578^1.p,TH0,Theorem,timeout,na,2239,0,0,0,1,0,0,0,0,
no_finite_o_quantification,SEU/SEU578^2.p,TH0,Theorem,thm,yes,11,14,1,14,2,0,0,1,1,
no_finite_o_quantification,SEU/SEU579^1.p,TH0,Theorem,timeout,na,2250,10,1,10,1,0,0,0,0,
no_finite_o_quantification,SEU/SEU579^2.p,TH0,Theorem,timeout,na,2139,4670,125,4670,719,0,0,2,0,
no_finite_o_quantification,SEU/SEU580^1.p,TH0,Theorem,timeout,na,2254,0,0,0,1,0,0,0,0,
no_finite_o_quantification,SEU/SEU580^2.p,TH0,Theorem,thm,yes,37,33,1,33,4,0,0,3,1,
no_finite_o_quantification,SEU/SEU581^1.p,TH0,Theorem,timeout,na,2267,0,0,0,1,0,0,0,0,
no_finite_o_quantification,SEU/SEU581^2.p,TH0,Theorem,thm,yes,18,15,1,15,2,0,0,1,1,
no_finite_o_quantification,SEU/SEU582^1.p,TH0,Theorem,timeout,na,2266,8,0,8,1,0,0,0,0,
no_finite_o_quantification,SEU/SEU582^2.p,TH0,Theorem,thm,yes,30,25,1,25,3,0,0,1,1,
no_finite_o_quantification,SEU/SEU583^1.p,TH0,Theorem,timeout,na,2273,2,0,2,1,0,0,0,0,
no_finite_o_quantification,SEU/SEU584^1.p,TH0,Theorem,timeout,na,2281,8,0,8,1,0,0,0,0,
no_finite_o_quantification,SEU/SEU584^2.p,TH0,Theorem,thm,yes,31,26,1,26,3,0,0,1,1,
no_finite_o_quantification,SEU/SEU585^1.p,TH0,Theorem,timeout,na,2283,8,0,8,1,0,0,0,0,
no_finite_o_quantification,SEU/SEU585^2.p,TH0,Theorem,timeout,na,2118,3609,111,3609,450,102,0,1,0,
no_finite_o_quantification,SEU/SEU586^1.p,TH0,Theorem,timeout,na,2281,8,0,8,1,0,0,0,0,
no_finite_o_quantification,SEU/SEU586^2.p,TH0,Theorem,timeout,na,2302,4811,43,4811,1690,223,0,5,0,
no_finite_o_quantification,SEU/SEU587^1.p,TH0,Theorem,timeout,na,2283,0,0,0,1,0,0,0,0,
no_finite_o_quantification,SEU/SEU587^2.p,TH0,Theorem,thm,yes,34,39,1,39,5,0,0,3,1,
no_finite_o_quantification,SEU/SEU588^1.p,TH0,Theorem,timeout,na,2301,0,0,0,1,0,0,0,0,
no_finite_o_quantification,SEU/SEU588^2.p,TH0,Theorem,thm,yes,44,65,1,65,9,0,0,3,1,
no_finite_o_quantification,SEU/SEU589^1.p,TH0,Theorem,timeout,na,2310,8,0,8,1,0,0,0,0,
no_finite_o_quantification,SEU/SEU589^2.p,TH0,Theorem,thm,yes,49,27,1,27,3,0,0,3,1,
no_finite_o_quantification,SEU/SEU590^1.p,TH0,Theorem,timeout,na,2309,8,0,8,1,0,0,0,0,
no_finite_o_quantification,SEU/SEU590^2.p,TH0,Theorem,timeout,na,2223,4689,42,4689,1368,88,0,3,0,
no_finite_o_quantification,SEU/SEU591^1.p,TH0,Theorem,timeout,na,2304,5,0,5,1,0,0,0,0,
no_finite_o_quantification,SEU/SEU591^2.p,TH0,Theorem,thm,yes,28,19,1,19,2,0,0,1,1,
no_finite_o_quantification,SEU/SEU592^1.p,TH0,Theorem,timeout,na,2318,0,0,0,1,0,0,0,0,
no_finite_o_quantification,SEU/SEU592^2.p,TH0,Theorem,thm,yes,40,44,1,44,7,0,0,3,1,
no_finite_o_quantification,SEU/SEU593^1.p,TH0,Theorem,timeout,na,2329,5,0,5,1,0,0,0,0,
no_finite_o_quantification,SEU/SEU593^2.p,TH0,Theorem,timeout,na,2246,4776,54,4776,242,13,0,0,0,
no_finite_o_quantification,SEU/SEU594^1.p,TH0,Theorem,timeout,na,2321,5,0,5,1,0,0,0,0,
no_finite_o_quantification,SEU/SEU594^2.p,TH0,Theorem,timeout,na,2135,3561,37,3561,823,25,0,1,0,
no_finite_o_quantification,SEU/SEU595^1.p,TH0,Theorem,timeout,na,2325,5,0,5,1,0,0,0,0,
no_finite_o_quantification,SEU/SEU595^2.p,TH0,Theorem,thm,yes,33,18,1,18,2,0,0,1,1,
no_finite_o_quantification,SEU/SEU596^1.p,TH0,Theorem,timeout,na,2347,5,0,5,1,0,0,0,0,
no_finite_o_quantification,SEU/SEU596^2.p,TH0,Theorem,timeout,na,2193,5890,148,5890,202,31,0,0,0,
no_finite_o_quantification,SEU/SEU597^1.p,TH0,Theorem,timeout,na,2347,0,0,0,1,0,0,0,0,
no_finite_o_quantification,SEU/SEU597^2.p,TH0,Theorem,thm,yes,35,43,1,43,6,0,0,3,1,
no_finite_o_quantification,SEU/SEU598^1.p,TH0,Theorem,timeout,na,2363,5,0,5,1,0,0,0,0,
no_finite_o_quantification,SEU/SEU598^2.p,TH0,Theorem,timeout,na,2320,5757,44,5757,255,4,0,0,0,
no_finite_o_quantification,SEU/SEU599^1.p,TH0,Theorem,timeout,na,2363,5,0,5,1,0,0,0,0,
no_finite_o_quantification,SEU/SEU599^2.p,TH0,Theorem,timeout,na,2177,4086,37,4086,1032,35,0,1,0,
no_finite_o_quantification,SEU/SEU600^1.p,TH0,Theorem,timeout,na,2363,0,0,0,1,0,0,0,0,
no_finite_o_quantification,SEU/SEU600^2.p,TH0,Theorem,timeout,na,2258,5367,175,5367,226,0,0,0,0,
no_finite_o_quantification,SEU/SEU601^1.p,TH0,Theorem,timeout,na,2358,5,0,5,1,0,0,0,0,
no_finite_o_quantification,SEU/SEU601^2.p,TH0,Theorem,thm,yes,57,27,1,27,3,0,0,3,1,
no_finite_o_quantification,SEU/SEU602^1.p,TH0,Theorem,timeout,na,2383,5,0,5,1,0,0,0,0,
no_finite_o_quantification,SEU/SEU602^2.p,TH0,Theorem,thm,yes,27,18,1,18,2,0,0,1,1,
no_finite_o_quantification,SEU/SEU603^1.p,TH0,Theorem,timeout,na,2393,5,0,5,1,0,0,0,0,
no_finite_o_quantification,SEU/SEU603^2.p,TH0,Theorem,thm,yes,33,16,1,16,2,0,0,1,1,
no_finite_o_quantification,SEU/SEU604^1.p,TH0,Theorem,timeout,na,2401,5,0,5,1,0,0,0,0,
no_finite_o_quantification,SEU/SEU604^2.p,TH0,Theorem,timeout,na,2224,5837,110,5837,277,0,0,0,0,
no_finite_o_quantification,SEU/SEU605^1.p,TH0,Theorem,timeout,na,2386,5,0,5,1,0,0,0,0,
no_finite_o_quantification,SEU/SEU605^2.p,TH0,Theorem,thm,yes,36,29,1,29,3,2,0,3,1,
no_finite_o_quantification,SEU/SEU606^1.p,TH0,Theorem,timeout,na,2411,2,0,2,1,0,0,0,0,
no_finite_o_quantification,SEU/SEU606^2.p,TH0,Theorem,thm,yes,38,29,1,29,3,1,0,3,1,
no_finite_o_quantification,SEU/SEU607^1.p,TH0,Theorem,timeout,na,2409,2,0,2,1,0,0,0,0,
no_finite_o_quantification,SEU/SEU607^2.p,TH0,Theorem,thm,yes,21,15,1,15,2,0,0,1,1,
no_finite_o_quantification,SEU/SEU608^1.p,TH0,Theorem,timeout,na,2412,2,0,2,1,0,0,0,0,
no_finite_o_quantification,SEU/SEU608^2.p,TH0,Theorem,thm,yes,24,15,1,15,2,0,0,1,1,
no_finite_o_quantification,SEU/SEU609^1.p,TH0,Theorem,timeout,na,2420,0,0,0,1,0,0,0,0,
no_finite_o_quantification,SEU/SEU609^2.p,TH0,Theorem,thm,yes,2146,5544,49,5544,1299,17,0,3,1,
no_finite_o_quantification,SEU/SEU610^1.p,TH0,Theorem,timeout,na,2432,2,0,2,1,0,0,0,0,
no_finite_o_quantification,SEU/SEU610^2.p,TH0,Theorem,timeout,na,2085,3353,137,3353,339,46,0,1,0,
no_finite_o_quantification,SEU/SEU611^1.p,TH0,Theorem,timeout,na,2446,2,0,2,1,0,0,0,0,
no_finite_o_quantification,SEU/SEU611^2.p,TH0,Theorem,timeout,na,2052,1695,109,1695,162,3,0,1,0,
no_finite_o_quantification,SEU/SEU612^1.p,TH0,Theorem,timeout,na,2450,2,0,2,1,0,0,0,0,
no_finite_o_quantification,SEU/SEU612^2.p,TH0,Theorem,timeout,na,2059,1438,72,1438,208,0,0,2,0,
no_finite_o_quantification,SEU/SEU613^1.p,TH0,Theorem,timeout,na,2455,2,0,2,1,0,0,0,0,
no_finite_o_quantification,SEU/SEU613^2.p,TH0,Theorem,timeout,na,2063,1878,127,1878,170,5,0,3,0,
no_finite_o_quantification,SEU/SEU614^1.p,TH0,Theorem,timeout,na,2463,2,0,2,1,0,0,0,0,
no_finite_o_quantification,SEU/SEU614^2.p,TH0,Theorem,thm,yes,93,63,3,63,6,1,0,1,1,
no_finite_o_quantification,SEU/SEU615^1.p,TH0,Theorem,timeout,na,2477,2,0,2,1,0,0,0,0,
no_finite_o_quantification,SEU/SEU615^2.p,TH0,Theorem,timeout,na,2096,2706,48,2706,447,66,0,3,0,
no_finite_o_quantification,SEU/SEU616^1.p,TH0,Theorem,timeout,na,2477,0,0,0,1,0,0,0,0,
no_finite_o_quantification,SEU/SEU617^1.p,TH0,Theorem,timeout,na,2550,0,0,0,1,0,0,0,0,
no_finite_o_quantification,SEU/SEU617^2.p,TH0,Theorem,timeout,na,2211,4530,43,4530,1482,60,0,4,0,
no_finite_o_quantification,SEU/SEU618^1.p,TH0,Theorem,timeout,na,2495,0,0,0,1,0,0,0,0,
no_finite_o_quantification,SEU/SEU618^2.p,TH0,Theorem,timeout,na,2184,4361,77,4361,1048,242,0,3,0,
no_finite_o_quantification,SEU/SEU619^1.p,TH0,Theorem,timeout,na,2502,0,0,0,1,0,0,0,0,
no_finite_o_quantification,SEU/SEU619^2.p,TH0,Theorem,timeout,na,2067,2115,50,2115,93,61,0,0,0,
no_finite_o_quantification,SEU/SEU620^1.p,TH0,Theorem,timeout,na,2505,0,0,0,1,0,0,0,0,
no_finite_o_quantification,SEU/SEU620^2.p,TH0,Theorem,timeout,na,2062,1037,24,1037,189,42,0,0,0,
no_finite_o_quantification,SEU/SEU621^1.p,TH0,Theorem,timeout,na,2540,2,0,2,1,0,0,0,0,
no_finite_o_quantification,SEU/SEU621^2.p,TH0,Theorem,timeout,na,2183,5126,57,5126,1124,64,0,1,0,
no_finite_o_quantification,SEU/SEU622^1.p,TH0,Theorem,timeout,na,2527,2,0,2,1,0,0,0,0,
no_finite_o_quantification,SEU/SEU622^2.p,TH0,Theorem,thm,yes,25,22,1,22,3,0,0,1,1,
no_finite_o_quantification,SEU/SEU623^1.p,TH0,Theorem,timeout,na,2574,2,0,2,1,0,0,0,0,
no_finite_o_quantification,SEU/SEU623^2.p,TH0,Theorem,timeout,na,2187,5825,206,5825,1212,61,0,2,0,
no_finite_o_quantification,SEU/SEU624^1.p,TH0,Theorem,timeout,na,2544,2,0,2,1,0,0,0,0,
no_finite_o_quantification,SEU/SEU625^1.p,TH0,Theorem,timeout,na,2583,2,0,2,1,0,0,0,0,
no_finite_o_quantification,SEU/SEU625^2.p,TH0,Theorem,timeout,na,2247,5045,54,5045,1253,16,0,4,0,
no_finite_o_quantification,SEU/SEU626^1.p,TH0,Theorem,timeout,na,2589,2,0,2,1,0,0,0,0,
no_finite_o_quantification,SEU/SEU626^2.p,TH0,Theorem,timeout,na,2137,3857,54,3857,734,42,0,3,0,
no_finite_o_quantification,SEU/SEU627^1.p,TH0,Theorem,timeout,na,2621,2,0,2,1,0,0,0,0,
no_finite_o_quantification,SEU/SEU627^2.p,TH0,Theorem,timeout,na,2229,4457,50,4457,1156,2,0,3,0,
no_finite_o_quantification,SEU/SEU628^1.p,TH0,Theorem,timeout,na,2610,2,0,2,1,0,0,0,0,
no_finite_o_quantification,SEU/SEU628^2.p,TH0,Theorem,timeout,na,2124,2993,30,2993,706,8,0,2,0,
no_finite_o_quantification,SEU/SEU629^1.p,TH0,Theorem,timeout,na,2611,2,0,2,1,0,0,0,0,
no_finite_o_quantification,SEU/SEU629^2.p,TH0,Theorem,thm,yes,69,34,1,34,4,0,0,3,1,
no_finite_o_quantification,SEU/SEU630^1.p,TH0,Theorem,timeout,na,2630,2,0,2,1,0,0,0,0,
no_finite_o_quantification,SEU/SEU630^2.p,TH0,Theorem,timeout,na,2087,1558,49,1558,325,0,0,3,0,
no_finite_o_quantification,SEU/SEU631^1.p,TH0,Theorem,timeout,na,2633,2,0,2,1,0,0,0,0,
no_finite_o_quantification,SEU/SEU631^2.p,TH0,Theorem,timeout,na,2050,1457,64,1457,199,1,0,1,0,
no_finite_o_quantification,SEU/SEU632^1.p,TH0,Theorem,timeout,na,2638,2,0,2,1,0,0,0,0,
no_finite_o_quantification,SEU/SEU632^2.p,TH0,Theorem,timeout,na,2072,2370,91,2370,207,0,0,0,0,
no_finite_o_quantification,SEU/SEU633^1.p,TH0,Theorem,timeout,na,2626,2,0,2,1,0,0,0,0,
no_finite_o_quantification,SEU/SEU633^2.p,TH0,Theorem,timeout,na,2077,3756,113,3756,402,126,0,2,0,
no_finite_o_quantification,SEU/SEU634^1.p,TH0,Theorem,timeout,na,2646,0,0,0,1,0,0,0,0,
no_finite_o_quantification,SEU/SEU634^2.p,TH0,Theorem,timeout,na,2121,4588,124,4588,631,2,0,2,0,
no_finite_o_quantification,SEU/SEU635^1.p,TH0,Theorem,timeout,na,2655,0,0,0,1,0,0,0,0,
no_finite_o_quantification,SEU/SEU635^2.p,TH0,Theorem,thm,yes,56,75,1,75,8,0,0,3,1,
no_finite_o_quantification,SEU/SEU636^1.p,TH0,Theorem,timeout,na,2668,0,0,0,1,0,0,0,0,
no_finite_o_quantification,SEU/SEU636^2.p,TH0,Theorem,timeout,na,2120,2955,19,2955,181,42,0,0,0,
no_finite_o_quantification,SEU/SEU637^1.p,TH0,Theorem,timeout,na,2688,0,0,0,1,0,0,0,0,
no_finite_o_quantification,SEU/SEU637^2.p,TH0,Theorem,timeout,na,2118,2251,69,2251,252,0,0,0,0,
no_finite_o_quantification,SEU/SEU638^1.p,TH0,Theorem,timeout,na,2673,2,0,2,1,0,0,0,0,
no_finite_o_quantification,SEU/SEU638^2.p,TH0,Theorem,timeout,na,2059,2083,110,2083,199,0,0,1,0,
no_finite_o_quantification,SEU/SEU639^1.p,TH0,Theorem,timeout,na,2700,0,0,0,1,0,0,0,0,
no_finite_o_quantification,SEU/SEU639^2.p,TH0,Theorem,timeout,na,2111,2367,86,2367,260,0,0,0,0,
no_finite_o_quantification,SEU/SEU640^1.p,TH0,Theorem,timeout,na,2712,0,0,0,1,0,0,0,0,
no_finite_o_quantification,SEU/SEU640^2.p,TH0,Theorem,timeout,na,2035,1027,41,1027,114,14,0,0,0,
no_finite_o_quantification,SEU/SEU641^1.p,TH0,Theorem,timeout,na,2706,0,0,0,1,0,0,0,0,
no_finite_o_quantification,SEU/SEU641^2.p,TH0,Theorem,timeout,na,2023,2192,174,2192,66,12,0,1,0,
no_finite_o_quantification,SEU/SEU642^1.p,TH0,Theorem,timeout,na,2733,0,0,0,1,0,0,0,0,
no_finite_o_quantification,SEU/SEU642^2.p,TH0,Theorem,timeout,na,2094,2936,77,2936,172,65,0,0,0,
no_finite_o_quantification,SEU/SEU643^1.p,TH0,Theorem,timeout,na,2791,0,0,0,1,0,0,0,0,
no_finite_o_quantification,SEU/SEU643^2.p,TH0,Theorem,timeout,na,2054,1070,49,1070,135,2,0,0,0,
no_finite_o_quantification,SEU/SEU644^1.p,TH0,Theorem,timeout,na,2742,0,0,0,1,0,0,0,0,
no_finite_o_quantification,SEU/SEU644^2.p,TH0,Theorem,timeout,na,2064,2675,86,2675,305,3,0,1,0,
no_finite_o_quantification,SEU/SEU645^1.p,TH0,Theorem,timeout,na,2746,0,0,0,1,0,0,0,0,
no_finite_o_quantification,SEU/SEU645^2.p,TH0,Theorem,timeout,na,2042,1351,92,1351,95,0,0,1,0,
no_finite_o_quantification,SEU/SEU646^1.p,TH0,Theorem,timeout,na,2775,0,0,0,1,0,0,0,0,
no_finite_o_quantification,SEU/SEU646^2.p,TH0,Theorem,timeout,na,2070,2339,91,2339,160,0,0,0,0,
no_finite_o_quantification,SEU/SEU647^1.p,TH0,Theorem,timeout,na,2759,0,0,0,1,0,0,0,0,
no_finite_o_quantification,SEU/SEU647^2.p,TH0,Theorem,timeout,na,2049,1116,52,1116,75,6,0,1,0,
no_finite_o_quantification,SEU/SEU648^1.p,TH0,Theorem,timeout,na,2766,0,0,0,1,0,0,0,0,
no_finite_o_quantification,SEU/SEU648^2.p,TH0,Theorem,timeout,na,2082,2541,80,2541,287,37,0,1,0,
no_finite_o_quantification,SEU/SEU649^1.p,TH0,Theorem,timeout,na,2784,0,0,0,1,0,0,0,0,
no_finite_o_quantification,SEU/SEU649^2.p,TH0,Theorem,timeout,na,2116,3107,93,3107,250,16,0,0,0,
no_finite_o_quantification,SEU/SEU650^1.p,TH0,Theorem,timeout,na,2790,0,0,0,1,0,0,0,0,
no_finite_o_quantification,SEU/SEU650^2.p,TH0,Theorem,timeout,na,2080,2405,66,2405,365,42,0,2,0,
no_finite_o_quantification,SEU/SEU651^1.p,TH0,Theorem,timeout,na,2801,0,0,0,1,0,0,0,0,
no_finite_o_quantification,SEU/SEU651^2.p,TH0,Theorem,timeout,na,2059,2123,79,2123,231,22,0,1,0,
no_finite_o_quantification,SEU/SEU652^1.p,TH0,Theorem,timeout,na,2816,0,0,0,1,0,0,0,0,
no_finite_o_quantification,SEU/SEU652^2.p,TH0,Theorem,timeout,na,2069,2319,76,2319,233,12,0,1,0,
no_finite_o_quantification,SEU/SEU653^1.p,TH0,Theorem,timeout,na,2846,0,0,0,1,0,0,0,0,
no_finite_o_quantification,SEU/SEU653^2.p,TH0,Theorem,timeout,na,2102,3409,108,3409,197,67,0,0,0,
no_finite_o_quantification,SEU/SEU654^1.p,TH0,Theorem,timeout,na,2834,0,0,0,1,0,0,0,0,
no_finite_o_quantification,SEU/SEU654^2.p,TH0,Theorem,timeout,na,2083,2534,48,2534,309,20,0,1,0,
no_finite_o_quantification,SEU/SEU655^1.p,TH0,Theorem,timeout,na,2925,0,0,0,1,0,0,0,0,
no_finite_o_quantification,SEU/SEU655^2.p,TH0,Theorem,timeout,na,2058,1200,48,1199,165,6,0,0,0,
no_finite_o_quantification,SEU/SEU656^1.p,TH0,Theorem,timeout,na,2873,0,0,0,1,0,0,0,0,
no_finite_o_quantification,SEU/SEU656^2.p,TH0,Theorem,timeout,na,2038,1581,111,1581,93,0,0,1,0,
no_finite_o_quantification,SEU/SEU657^1.p,TH0,Theorem,timeout,na,2906,0,0,0,1,0,0,0,0,
no_finite_o_quantification,SEU/SEU657^2.p,TH0,Theorem,timeout,na,2036,970,48,970,74,7,0,1,0,
no_finite_o_quantification,SEU/SEU658^1.p,TH0,Theorem,timeout,na,2901,0,0,0,1,0,0,0,0,
no_finite_o_quantification,SEU/SEU658^2.p,TH0,Theorem,timeout,na,2081,2900,129,2900,188,0,0,0,0,
no_finite_o_quantification,SEU/SEU659^1.p,TH0,Theorem,timeout,na,2914,0,0,0,1,0,0,0,0,
no_finite_o_quantification,SEU/SEU659^2.p,TH0,Theorem,timeout,na,2094,3040,113,3040,210,0,0,0,0,
no_finite_o_quantification,SEU/SEU660^1.p,TH0,Theorem,timeout,na,2916,0,0,0,1,0,0,0,0,
no_finite_o_quantification,SEU/SEU660^2.p,TH0,Theorem,timeout,na,2099,3175,101,3175,196,2,0,0,0,
no_finite_o_quantification,SEU/SEU661^1.p,TH0,Theorem,timeout,na,2918,0,0,0,1,0,0,0,0,
no_finite_o_quantification,SEU/SEU661^2.p,TH0,Theorem,thm,yes,18,8,0,8,1,1,0,0,0,
no_finite_o_quantification,SEU/SEU662^1.p,TH0,Theorem,timeout,na,2951,0,0,0,1,0,0,0,0,
no_finite_o_quantification,SEU/SEU662^2.p,TH0,Theorem,timeout,na,2306,6582,3,6582,123,737,0,0,0,
no_finite_o_quantification,SEU/SEU663^1.p,TH0,Theorem,timeout,na,2961,0,0,0,1,0,0,0,0,
no_finite_o_quantification,SEU/SEU663^2.p,TH0,Theorem,timeout,na,2286,6261,5,6261,152,476,0,0,0,
no_finite_o_quantification,SEU/SEU664^1.p,TH0,Theorem,timeout,na,3018,0,0,0,1,0,0,0,0,
no_finite_o_quantification,SEU/SEU664^2.p,TH0,Theorem,timeout,na,2103,3366,124,3366,214,0,0,0,0,
no_finite_o_quantification,SEU/SEU665^1.p,TH0,Theorem,timeout,na,3007,0,0,0,1,0,0,0,0,
no_finite_o_quantification,SEU/SEU665^2.p,TH0,Theorem,timeout,na,2075,1972,106,1972,232,0,0,2,0,
no_finite_o_quantification,SEU/SEU666^1.p,TH0,Theorem,timeout,na,3031,0,0,0,1,0,0,0,0,
no_finite_o_quantification,SEU/SEU666^2.p,TH0,Theorem,timeout,na,2129,4017,47,4017,753,0,0,3,0,
no_finite_o_quantification,SEU/SEU667^1.p,TH0,Theorem,timeout,na,3031,0,0,0,1,0,0,0,0,
no_finite_o_quantification,SEU/SEU667^2.p,TH0,Theorem,timeout,na,2012,130,10,126,3,5,0,0,0,
no_finite_o_quantification,SEU/SEU668^1.p,TH0,Theorem,timeout,na,3075,0,0,0,1,0,0,0,0,
no_finite_o_quantification,SEU/SEU668^2.p,TH0,Theorem,timeout,na,2063,1404,44,1402,170,27,0,1,0,
no_finite_o_quantification,SEU/SEU669^1.p,TH0,Theorem,timeout,na,3086,0,0,0,1,0,0,0,0,
no_finite_o_quantification,SEU/SEU669^2.p,TH0,Theorem,timeout,na,2098,1743,48,1743,348,13,0,1,0,
no_finite_o_quantification,SEU/SEU670^1.p,TH0,Theorem,timeout,na,3075,0,0,0,1,0,0,0,0,
no_finite_o_quantification,SEU/SEU670^2.p,TH0,Theorem,timeout,na,2133,2301,35,2301,573,8,0,1,0,
no_finite_o_quantification,SEU/SEU671^1.p,TH0,Theorem,timeout,na,3097,0,0,0,1,0,0,0,0,
no_finite_o_quantification,SEU/SEU671^2.p,TH0,Theorem,timeout,na,2059,1235,29,1235,189,4,0,1,0,
no_finite_o_quantification,SEU/SEU672^1.p,TH0,Theorem,timeout,na,3153,0,0,0,1,0,0,0,0,
no_finite_o_quantification,SEU/SEU672^2.p,TH0,Theorem,timeout,na,2048,1443,60,1443,119,8,0,2,0,
no_finite_o_quantification,SEU/SEU673^1.p,TH0,Theorem,timeout,na,3164,0,0,0,1,0,0,0,0,
no_finite_o_quantification,SEU/SEU673^2.p,TH0,Theorem,timeout,na,2145,3249,79,3249,657,68,0,1,0,
no_finite_o_quantification,SEU/SEU674^1.p,TH0,Theorem,timeout,na,3138,0,0,0,1,0,0,0,0,
no_finite_o_quantification,SEU/SEU674^2.p,TH0,Theorem,timeout,na,2085,1952,25,1952,388,4,0,1,0,
no_finite_o_quantification,SEU/SEU675^1.p,TH0,Theorem,timeout,na,3149,0,0,0,1,0,0,0,0,
no_finite_o_quantification,SEU/SEU675^2.p,TH0,Theorem,timeout,na,2047,1986,101,1986,179,8,0,1,0,
no_finite_o_quantification,SEU/SEU676^1.p,TH0,Theorem,timeout,na,3148,0,0,0,1,0,0,0,0,
no_finite_o_quantification,SEU/SEU676^2.p,TH0,Theorem,timeout,na,2072,1297,23,1297,225,2,0,1,0,
no_finite_o_quantification,SEU/SEU677^1.p,TH0,Theorem,timeout,na,3160,0,0,0,1,0,0,0,0,
no_finite_o_quantification,SEU/SEU677^2.p,TH0,Theorem,timeout,na,2055,1392,52,1392,252,5,0,1,0,
no_finite_o_quantification,SEU/SEU678^1.p,TH0,Theorem,timeout,na,3208,0,0,0,1,0,0,0,0,
no_finite_o_quantification,SEU/SEU678^2.p,TH0,Theorem,timeout,na,2041,508,32,508,28,1,0,0,0,
no_finite_o_quantification,SEU/SEU679^1.p,TH0,Theorem,timeout,na,3216,0,0,0,1,0,0,0,0,
no_finite_o_quantification,SEU/SEU679^2.p,TH0,Theorem,timeout,na,2057,507,4,507,100,0,0,0,0,
no_finite_o_quantification,SEU/SEU680^1.p,TH0,Theorem,timeout,na,3238,0,0,0,1,0,0,0,0,
no_finite_o_quantification,SEU/SEU680^2.p,TH0,Theorem,timeout,na,2057,811,8,811,167,0,0,1,0,
no_finite_o_quantification,SEU/SEU681^1.p,TH0,Theorem,timeout,na,3238,0,0,0,1,0,0,0,0,
no_finite_o_quantification,SEU/SEU681^2.p,TH0,Theorem,timeout,na,2161,3776,61,3776,257,47,0,0,0,
no_finite_o_quantification,SEU/SEU682^1.p,TH0,Theorem,timeout,na,3242,0,0,0,1,0,0,0,0,
no_finite_o_quantification,SEU/SEU682^2.p,TH0,Theorem,timeout,na,2067,1102,23,1102,194,0,0,0,0,
no_finite_o_quantification,SEU/SEU683^1.p,TH0,Theorem,timeout,na,3242,0,0,0,1,0,0,0,0,
no_finite_o_quantification,SEU/SEU683^2.p,TH0,Theorem,timeout,na,2146,2306,75,2306,580,1,0,1,0,
no_finite_o_quantification,SEU/SEU684^1.p,TH0,Theorem,timeout,na,3337,0,0,0,1,0,0,0,0,
no_finite_o_quantification,SEU/SEU684^2.p,TH0,Theorem,timeout,na,2046,948,35,948,106,16,0,1,0,
no_finite_o_quantification,SEU/SEU685^1.p,TH0,Theorem,timeout,na,3344,0,0,0,1,0,0,0,0,
no_finite_o_quantification,SEU/SEU685^2.p,TH0,Theorem,timeout,na,2069,1578,27,1578,236,2,0,1,0,
no_finite_o_quantification,SEU/SEU686^1.p,TH0,Theorem,timeout,na,3335,0,0,0,1,0,0,0,0,
no_finite_o_quantification,SEU/SEU686^2.p,TH0,Theorem,timeout,na,2060,898,35,898,98,12,0,0,0,
no_finite_o_quantification,SEU/SEU687^1.p,TH0,Theorem,timeout,na,3401,0,0,0,1,0,0,0,0,
no_finite_o_quantification,SEU/SEU687^2.p,TH0,Theorem,timeout,na,2096,2154,56,2154,179,70,0,0,0,
no_finite_o_quantification,SEU/SEU688^1.p,TH0,Theorem,timeout,na,3375,0,0,0,1,0,0,0,0,
no_finite_o_quantification,SEU/SEU688^2.p,TH0,Theorem,timeout,na,2079,1477,30,1477,199,2,0,0,0,
no_finite_o_quantification,SEU/SEU689^1.p,TH0,Theorem,timeout,na,3406,0,0,0,1,0,0,0,0,
no_finite_o_quantification,SEU/SEU689^2.p,TH0,Theorem,timeout,na,2175,2008,31,2008,296,0,0,2,0,
no_finite_o_quantification,SEU/SEU690^1.p,TH0,Theorem,timeout,na,3384,0,0,0,1,0,0,0,0,
no_finite_o_quantification,SEU/SEU690^2.p,TH0,Theorem,timeout,na,2168,3239,34,3239,261,31,0,0,0,
no_finite_o_quantification,SEU/SEU691^1.p,TH0,Theorem,timeout,na,3407,0,0,0,1,0,0,0,0,
no_finite_o_quantification,SEU/SEU691^2.p,TH0,Theorem,timeout,na,2081,1752,56,1752,202,0,0,0,0,
no_finite_o_quantification,SEU/SEU692^1.p,TH0,Theorem,timeout,na,3441,0,0,0,1,0,0,0,0,
no_finite_o_quantification,SEU/SEU692^2.p,TH0,Theorem,timeout,na,2114,2715,33,2715,260,9,0,0,0,
no_finite_o_quantification,SEU/SEU693^1.p,TH0,Theorem,timeout,na,3441,0,0,0,1,0,0,0,0,
no_finite_o_quantification,SEU/SEU693^2.p,TH0,Theorem,thm,yes,22,8,0,8,1,1,0,0,0,
no_finite_o_quantification,SEU/SEU694^1.p,TH0,Theorem,timeout,na,3482,0,0,0,1,0,0,0,0,
no_finite_o_quantification,SEU/SEU694^2.p,TH0,Theorem,thm,yes,24,8,0,8,1,1,0,0,0,
no_finite_o_quantification,SEU/SEU695^1.p,TH0,Theorem,timeout,na,3520,0,0,0,1,0,0,0,0,
no_finite_o_quantification,SEU/SEU695^2.p,TH0,Theorem,timeout,na,2053,695,24,695,83,12,0,0,0,
no_finite_o_quantification,SEU/SEU696^1.p,TH0,Theorem,timeout,na,3528,0,0,0,1,0,0,0,0,
no_finite_o_quantification,SEU/SEU696^2.p,TH0,Theorem,timeout,na,2103,868,5,868,208,0,0,0,0,
no_finite_o_quantification,SEU/SEU697^1.p,TH0,Theorem,timeout,na,3484,0,0,0,1,0,0,0,0,
no_finite_o_quantification,SEU/SEU697^2.p,TH0,Theorem,thm,yes,20,5,0,5,1,1,0,0,0,
no_finite_o_quantification,SEU/SEU698^1.p,TH0,Theorem,timeout,na,3533,0,0,0,1,0,0,0,0,
no_finite_o_quantification,SEU/SEU699^1.p,TH0,Theorem,timeout,na,3595,0,0,0,1,0,0,0,0,
no_finite_o_quantification,SEU/SEU699^2.p,TH0,Theorem,timeout,na,2091,673,18,673,101,0,0,0,0,
no_finite_o_quantification,SEU/SEU700^1.p,TH0,Theorem,timeout,na,3541,0,0,0,1,0,0,0,0,
no_finite_o_quantification,SEU/SEU700^2.p,TH0,Theorem,timeout,na,2069,1248,47,1215,192,1,0,5,0,
no_finite_o_quantification,SEU/SEU701^1.p,TH0,Theorem,timeout,na,3600,0,0,0,1,0,0,0,0,
no_finite_o_quantification,SEU/SEU701^2.p,TH0,Theorem,timeout,na,2083,1643,53,1643,219,23,0,1,0,
no_finite_o_quantification,SEU/SEU702^1.p,TH0,Theorem,timeout,na,3566,0,0,0,1,0,0,0,0,
no_finite_o_quantification,SEU/SEU702^2.p,TH0,Theorem,timeout,na,2057,1647,100,1638,137,9,0,5,0,
no_finite_o_quantification,SEU/SEU703^1.p,TH0,Theorem,timeout,na,3618,0,0,0,1,0,0,0,0,
no_finite_o_quantification,SEU/SEU703^2.p,TH0,Theorem,timeout,na,2085,1649,67,1649,215,18,0,1,0,
no_finite_o_quantification,SEU/SEU704^1.p,TH0,Theorem,timeout,na,3630,0,0,0,1,0,0,0,0,
no_finite_o_quantification,SEU/SEU704^2.p,TH0,Theorem,timeout,na,2099,1452,41,1451,182,18,0,0,0,
no_finite_o_quantification,SEU/SEU705^1.p,TH0,Theorem,timeout,na,3654,0,0,0,1,0,0,0,0,
no_finite_o_quantification,SEU/SEU705^2.p,TH0,Theorem,timeout,na,2060,1221,40,1220,193,0,0,1,0,
no_finite_o_quantification,SEU/SEU706^1.p,TH0,Theorem,timeout,na,3656,0,0,0,1,0,0,0,0,
no_finite_o_quantification,SEU/SEU706^2.p,TH0,Theorem,timeout,na,2101,2982,113,2982,278,35,0,0,0,
no_finite_o_quantification,SEU/SEU707^1.p,TH0,Theorem,timeout,na,3669,0,0,0,1,0,0,0,0,
no_finite_o_quantification,SEU/SEU707^2.p,TH0,Theorem,timeout,na,2061,1615,65,1615,112,59,0,0,0,
no_finite_o_quantification,SEU/SEU708^1.p,TH0,Theorem,timeout,na,3695,0,0,0,1,0,0,0,0,
no_finite_o_quantification,SEU/SEU708^2.p,TH0,Theorem,timeout,na,2076,1335,57,1335,181,20,0,0,0,
no_finite_o_quantification,SEU/SEU709^1.p,TH0,Theorem,timeout,na,3776,0,0,0,1,0,0,0,0,
no_finite_o_quantification,SEU/SEU709^2.p,TH0,Theorem,timeout,na,2135,2977,141,2976,154,19,0,0,0,
no_finite_o_quantification,SEU/SEU710^1.p,TH0,Theorem,timeout,na,3725,0,0,0,1,0,0,0,0,
no_finite_o_quantification,SEU/SEU711^1.p,TH0,Theorem,timeout,na,3744,0,0,0,1,0,0,0,0,
no_finite_o_quantification,SEU/SEU711^2.p,TH0,Theorem,timeout,na,2138,3763,158,3763,523,0,0,4,0,
no_finite_o_quantification,SEU/SEU712^1.p,TH0,Theorem,timeout,na,3753,0,0,0,1,0,0,0,0,
no_finite_o_quantification,SEU/SEU712^2.p,TH0,Theorem,timeout,na,2154,4425,129,4425,700,0,0,3,0,
no_finite_o_quantification,SEU/SEU713^1.p,TH0,Theorem,timeout,na,3778,0,0,0,1,0,0,0,0,
no_finite_o_quantification,SEU/SEU713^2.p,TH0,Theorem,timeout,na,2143,4527,167,4527,672,0,0,3,0,
no_finite_o_quantification,SEU/SEU714^1.p,TH0,Theorem,timeout,na,3782,0,0,0,1,0,0,0,0,
no_finite_o_quantification,SEU/SEU714^2.p,TH0,Theorem,thm,yes,63,95,1,95,10,0,0,2,1,
no_finite_o_quantification,SEU/SEU715^1.p,TH0,Theorem,timeout,na,3830,0,0,0,1,0,0,0,0,
no_finite_o_quantification,SEU/SEU715^2.p,TH0,Theorem,timeout,na,2120,4083,132,4083,273,32,0,0,0,
no_finite_o_quantification,SEU/SEU716^1.p,TH0,Theorem,timeout,na,3871,0,0,0,1,0,0,0,0,
no_finite_o_quantification,SEU/SEU716^2.p,TH0,Theorem,timeout,na,2167,4413,82,4413,944,0,0,1,0,
no_finite_o_quantification,SEU/SEU717^1.p,TH0,Theorem,timeout,na,3845,0,0,0,1,0,0,0,0,
no_finite_o_quantification,SEU/SEU717^2.p,TH0,Theorem,timeout,na,2097,2857,50,2857,240,4,0,0,0,
no_finite_o_quantification,SEU/SEU718^1.p,TH0,Theorem,timeout,na,3895,0,0,0,1,0,0,0,0,
no_finite_o_quantification,SEU/SEU718^2.p,TH0,Theorem,thm,yes,147,249,7,249,48,0,0,1,1,
no_finite_o_quantification,SEU/SEU719^1.p,TH0,Theorem,timeout,na,3915,0,0,0,1,0,0,0,0,
no_finite_o_quantification,SEU/SEU719^2.p,TH0,Theorem,thm,yes,40,19,1,19,2,0,0,1,1,
no_finite_o_quantification,SEU/SEU720^1.p,TH0,Theorem,timeout,na,3927,0,0,0,1,0,0,0,0,
no_finite_o_quantification,SEU/SEU720^2.p,TH0,Theorem,thm,yes,524,1110,4,1110,439,3,0,2,1,
no_finite_o_quantification,SEU/SEU721^1.p,TH0,Theorem,timeout,na,3966,0,0,0,1,0,0,0,0,
no_finite_o_quantification,SEU/SEU721^2.p,TH0,Theorem,thm,yes,52,22,1,22,2,0,0,1,1,
no_finite_o_quantification,SEU/SEU722^1.p,TH0,Theorem,timeout,na,3972,0,0,0,1,0,0,0,0,
no_finite_o_quantification,SEU/SEU722^2.p,TH0,Theorem,thm,yes,57,23,1,23,2,0,0,1,1,
no_finite_o_quantification,SEU/SEU723^1.p,TH0,Theorem,timeout,na,4055,0,0,0,1,0,0,0,0,
no_finite_o_quantification,SEU/SEU723^2.p,TH0,Theorem,timeout,na,2430,6109,16,6109,2304,49,0,1,0,
no_finite_o_quantification,SEU/SEU724^1.p,TH0,Theorem,timeout,na,4012,0,0,0,1,0,0,0,0,
no_finite_o_quantification,SEU/SEU724^2.p,TH0,Theorem,thm,yes,67,27,2,27,3,0,0,1,1,
no_finite_o_quantification,SEU/SEU725^1.p,TH0,Theorem,timeout,na,4099,0,0,0,1,0,0,0,0,
no_finite_o_quantification,SEU/SEU725^2.p,TH0,Theorem,timeout,na,2162,3782,90,3782,716,0,0,1,0,
no_finite_o_quantification,SEU/SEU726^1.p,TH0,Theorem,timeout,na,4062,0,0,0,1,0,0,0,0,
no_finite_o_quantification,SEU/SEU726^2.p,TH0,Theorem,timeout,na,2122,2888,78,2888,470,0,0,4,0,
no_finite_o_quantification,SEU/SEU727^1.p,TH0,Theorem,timeout,na,4055,0,0,0,1,0,0,0,0,
no_finite_o_quantification,SEU/SEU727^2.p,TH0,Theorem,timeout,na,2330,5255,54,5255,1839,0,0,3,0,
no_finite_o_quantification,SEU/SEU728^1.p,TH0,Theorem,timeout,na,4121,0,0,0,1,0,0,0,0,
no_finite_o_quantification,SEU/SEU728^2.p,TH0,Theorem,timeout,na,2315,5424,83,5424,1780,8,0,2,0,
no_finite_o_quantification,SEU/SEU729^1.p,TH0,Theorem,timeout,na,4165,0,0,0,1,0,0,0,0,
no_finite_o_quantification,SEU/SEU729^2.p,TH0,Theorem,timeout,na,2089,2852,56,2852,510,4,0,1,0,
no_finite_o_quantification,SEU/SEU730^1.p,TH0,Theorem,timeout,na,4164,0,0,0,1,0,0,0,0,
no_finite_o_quantification,SEU/SEU730^2.p,TH0,Theorem,timeout,na,2079,2911,76,2911,212,0,0,0,0,
no_finite_o_quantification,SEU/SEU731^1.p,TH0,Theorem,timeout,na,4126,0,0,0,1,0,0,0,0,
no_finite_o_quantification,SEU/SEU731^2.p,TH0,Theorem,timeout,na,2084,2532,62,2532,203,0,0,0,0,
no_finite_o_quantification,SEU/SEU732^1.p,TH0,Theorem,timeout,na,4218,0,0,0,1,0,0,0,0,
no_finite_o_quantification,SEU/SEU732^2.p,TH0,Theorem,timeout,na,2112,3285,116,3285,447,4,0,3,0,
no_finite_o_quantification,SEU/SEU733^1.p,TH0,Theorem,timeout,na,4244,0,0,0,1,0,0,0,0,
no_finite_o_quantification,SEU/SEU733^2.p,TH0,Theorem,timeout,na,2157,3060,110,3060,583,30,0,3,0,
no_finite_o_quantification,SEU/SEU734^1.p,TH0,Theorem,timeout,na,4314,0,0,0,1,0,0,0,0,
no_finite_o_quantification,SEU/SEU734^2.p,TH0,Theorem,timeout,na,2127,3217,74,3217,199,0,0,0,0,
no_finite_o_quantification,SEU/SEU735^1.p,TH0,Theorem,timeout,na,4289,0,0,0,1,0,0,0,0,
no_finite_o_quantification,SEU/SEU735^2.p,TH0,Theorem,timeout,na,2189,4257,13,4257,1284,5,0,3,0,
no_finite_o_quantification,SEU/SEU736^1.p,TH0,Theorem,timeout,na,4328,0,0,0,1,0,0,0,0,
no_finite_o_quantification,SEU/SEU736^2.p,TH0,Theorem,timeout,na,2071,2473,133,2473,240,8,0,3,0,
no_finite_o_quantification,SEU/SEU737^1.p,TH0,Theorem,timeout,na,4328,0,0,0,1,0,0,0,0,
no_finite_o_quantification,SEU/SEU737^2.p,TH0,Theorem,timeout,na,2079,2533,84,2533,193,0,0,0,0,
no_finite_o_quantification,SEU/SEU738^1.p,TH0,Theorem,timeout,na,4344,0,0,0,1,0,0,0,0,
no_finite_o_quantification,SEU/SEU738^2.p,TH0,Theorem,thm,yes,52,23,1,23,2,0,0,1,1,
no_finite_o_quantification,SEU/SEU739^1.p,TH0,Theorem,timeout,na,4346,0,0,0,1,0,0,0,0,
no_finite_o_quantification,SEU/SEU739^2.p,TH0,Theorem,thm,yes,50,22,1,22,2,0,0,1,1,
no_finite_o_quantification,SEU/SEU740^1.p,TH0,Theorem,timeout,na,4468,0,0,0,1,0,0,0,0,
no_finite_o_quantification,SEU/SEU740^2.p,TH0,Theorem,thm,yes,889,1901,16,1901,620,0,0,2,1,
no_finite_o_quantification,SEU/SEU741^1.p,TH0,Theorem,timeout,na,4460,0,0,0,1,0,0,0,0,
no_finite_o_quantification,SEU/SEU741^2.p,TH0,Theorem,timeout,na,2393,5939,87,5939,1914,8,0,2,0,
no_finite_o_quantification,SEU/SEU742^1.p,TH0,Theorem,timeout,na,4480,0,0,0,1,0,0,0,0,
no_finite_o_quantification,SEU/SEU742^2.p,TH0,Theorem,timeout,na,2054,1849,121,1849,105,0,0,2,0,
no_finite_o_quantification,SEU/SEU743^1.p,TH0,Theorem,timeout,na,4525,0,0,0,1,0,0,0,0,
no_finite_o_quantification,SEU/SEU743^2.p,TH0,Theorem,timeout,na,2217,3412,36,3412,915,0,0,3,0,
no_finite_o_quantification,SEU/SEU744^1.p,TH0,Theorem,timeout,na,4562,0,0,0,1,0,0,0,0,
no_finite_o_quantification,SEU/SEU744^2.p,TH0,Theorem,timeout,na,2145,3364,90,3364,675,31,0,3,0,
no_finite_o_quantification,SEU/SEU745^1.p,TH0,Theorem,timeout,na,4550,0,0,0,1,0,0,0,0,
no_finite_o_quantification,SEU/SEU745^2.p,TH0,Theorem,timeout,na,2095,2694,104,2694,412,0,0,3,0,
no_finite_o_quantification,SEU/SEU746^1.p,TH0,Theorem,timeout,na,4564,0,0,0,1,0,0,0,0,
no_finite_o_quantification,SEU/SEU746^2.p,TH0,Theorem,thm,yes,92,39,2,39,3,0,0,2,1,
no_finite_o_quantification,SEU/SEU747^1.p,TH0,Theorem,timeout,na,4565,0,0,0,1,0,0,0,0,
no_finite_o_quantification,SEU/SEU747^2.p,TH0,Theorem,thm,yes,71,35,2,35,3,0,0,2,1,
no_finite_o_quantification,SEU/SEU748^1.p,TH0,Theorem,timeout,na,4625,0,0,0,1,0,0,0,0,
no_finite_o_quantification,SEU/SEU749^1.p,TH0,Theorem,timeout,na,4643,0,0,0,1,0,0,0,0,
no_finite_o_quantification,SEU/SEU749^2.p,TH0,Theorem,timeout,na,2149,3087,75,3087,668,0,0,2,0,
no_finite_o_quantification,SEU/SEU750^1.p,TH0,Theorem,timeout,na,4710,0,0,0,1,0,0,0,0,
no_finite_o_quantification,SEU/SEU750^2.p,TH0,Theorem,timeout,na,2084,3428,232,3428,238,0,0,3,0,
no_finite_o_quantification,SEU/SEU751^1.p,TH0,Theorem,timeout,na,4717,0,0,0,1,0,0,0,0,
no_finite_o_quantification,SEU/SEU751^2.p,TH0,Theorem,timeout,na,2229,3842,90,3842,820,0,0,1,0,
no_finite_o_quantification,SEU/SEU752^1.p,TH0,Theorem,timeout,na,4738,0,0,0,1,0,0,0,0,
no_finite_o_quantification,SEU/SEU752^2.p,TH0,Theorem,timeout,na,2088,3224,209,3224,247,0,0,2,0,
no_finite_o_quantification,SEU/SEU753^1.p,TH0,Theorem,timeout,na,4817,0,0,0,1,0,0,0,0,
no_finite_o_quantification,SEU/SEU753^2.p,TH0,Theorem,timeout,na,2098,2535,96,2535,176,0,0,0,0,
no_finite_o_quantification,SEU/SEU754^1.p,TH0,Theorem,timeout,na,4882,0,0,0,1,0,0,0,0,
no_finite_o_quantification,SEU/SEU754^2.p,TH0,Theorem,timeout,na,2093,3160,197,3160,251,0,0,2,0,
no_finite_o_quantification,SEU/SEU755^1.p,TH0,Theorem,timeout,na,4855,0,0,0,1,0,0,0,0,
no_finite_o_quantification,SEU/SEU755^2.p,TH0,Theorem,timeout,na,2077,3061,194,3061,240,0,0,3,0,
no_finite_o_quantification,SEU/SEU756^1.p,TH0,Theorem,timeout,na,4836,0,0,0,1,0,0,0,0,
no_finite_o_quantification,SEU/SEU756^2.p,TH0,Theorem,timeout,na,2070,3038,210,3038,178,0,0,3,0,
no_finite_o_quantification,SEU/SEU757^1.p,TH0,Theorem,timeout,na,4929,0,0,0,1,0,0,0,0,
no_finite_o_quantification,SEU/SEU757^2.p,TH0,Theorem,timeout,na,2081,2433,114,2433,157,0,0,0,0,
no_finite_o_quantification,SEU/SEU758^1.p,TH0,Theorem,timeout,na,4875,0,0,0,1,0,0,0,0,
no_finite_o_quantification,SEU/SEU758^2.p,TH0,Theorem,timeout,na,2488,6306,56,6306,2412,32,0,2,0,
no_finite_o_quantification,SEU/SEU759^1.p,TH0,Theorem,timeout,na,4905,0,0,0,1,0,0,0,0,
no_finite_o_quantification,SEU/SEU759^2.p,TH0,Theorem,timeout,na,2297,5871,56,5871,1510,208,0,4,0,
no_finite_o_quantification,SEU/SEU760^1.p,TH0,Theorem,timeout,na,4958,0,0,0,1,0,0,0,0,
no_finite_o_quantification,SEU/SEU760^2.p,TH0,Theorem,timeout,na,2319,5566,52,5566,1693,0,0,3,0,
no_finite_o_quantification,SEU/SEU761^1.p,TH0,Theorem,timeout,na,5005,0,0,0,1,0,0,0,0,
no_finite_o_quantification,SEU/SEU761^2.p,TH0,Theorem,timeout,na,2379,5137,30,5137,1845,0,0,3,0,
no_finite_o_quantification,SEU/SEU762^1.p,TH0,Theorem,timeout,na,5038,0,0,0,1,0,0,0,0,
no_finite_o_quantification,SEU/SEU762^2.p,TH0,Theorem,timeout,na,2132,2592,91,2592,177,0,0,0,0,
no_finite_o_quantification,SEU/SEU763^1.p,TH0,Theorem,timeout,na,5069,0,0,0,1,0,0,0,0,
no_finite_o_quantification,SEU/SEU764^1.p,TH0,Theorem,timeout,na,5221,0,0,0,1,0,0,0,0,
no_finite_o_quantification,SEU/SEU764^2.p,TH0,Theorem,timeout,na,2179,3879,34,3879,194,0,0,0,0,
no_finite_o_quantification,SEU/SEU765^1.p,TH0,Theorem,timeout,na,5118,0,0,0,1,0,0,0,0,
no_finite_o_quantification,SEU/SEU766^1.p,TH0,Theorem,timeout,na,5155,0,0,0,1,0,0,0,0,
no_finite_o_quantification,SEU/SEU767^1.p,TH0,Theorem,timeout,na,5188,0,0,0,1,0,0,0,0,
no_finite_o_quantification,SEU/SEU768^1.p,TH0,Theorem,timeout,na,5240,0,0,0,1,0,0,0,0,
no_finite_o_quantification,SEU/SEU768^2.p,TH0,Theorem,timeout,na,2051,1077,20,1077,165,0,0,0,0,
no_finite_o_quantification,SEU/SEU769^1.p,TH0,Theorem,timeout,na,5143,0,0,0,1,0,0,0,0,
no_finite_o_quantification,SEU/SEU769^2.p,TH0,Theorem,thm,yes,44,18,1,18,2,0,0,1,1,
no_finite_o_quantification,SEU/SEU770^1.p,TH0,Theorem,timeout,na,5410,0,0,0,1,0,0,0,0,
no_finite_o_quantification,SEU/SEU770^2.p,TH0,Theorem,timeout,na,2140,2005,59,2005,180,0,0,0,0,
no_finite_o_quantification,SEU/SEU771^1.p,TH0,Theorem,timeout,na,5282,0,0,0,1,0,0,0,0,
no_finite_o_quantification,SEU/SEU771^2.p,TH0,Theorem,thm,yes,26,10,1,10,1,0,0,1,1,
no_finite_o_quantification,SEU/SEU772^1.p,TH0,Theorem,timeout,na,5310,0,0,0,1,0,0,0,0,
no_finite_o_quantification,SEU/SEU773^1.p,TH0,Theorem,timeout,na,5440,0,0,0,1,0,0,0,0,
no_finite_o_quantification,SEU/SEU773^2.p,TH0,Theorem,timeout,na,2075,2059,46,2059,225,0,0,0,0,
no_finite_o_quantification,SEU/SEU774^1.p,TH0,Theorem,timeout,na,5433,0,0,0,1,0,0,0,0,
no_finite_o_quantification,SEU/SEU774^2.p,TH0,Theorem,timeout,na,2066,1626,54,1626,191,0,0,0,0,
no_finite_o_quantification,SEU/SEU775^1.p,TH0,Theorem,timeout,na,5330,0,0,0,1,0,0,0,0,
no_finite_o_quantification,SEU/SEU775^2.p,TH0,Theorem,thm,yes,30,14,1,14,1,0,0,1,1,
no_finite_o_quantification,SEU/SEU776^1.p,TH0,Theorem,timeout,na,5532,0,0,0,1,0,0,0,0,
no_finite_o_quantification,SEU/SEU776^2.p,TH0,Theorem,timeout,na,2052,381,13,381,64,0,0,3,0,
no_finite_o_quantification,SEU/SEU777^1.p,TH0,Theorem,timeout,na,5526,0,0,0,1,0,0,0,0,
no_finite_o_quantification,SEU/SEU777^2.p,TH0,Theorem,thm,yes,114,30,2,30,2,0,0,1,1,
no_finite_o_quantification,SEU/SEU778^1.p,TH0,Theorem,timeout,na,5452,0,0,0,1,0,0,0,0,
no_finite_o_quantification,SEU/SEU778^2.p,TH0,Theorem,timeout,na,2016,386,30,372,3,15,0,0,0,
no_finite_o_quantification,SEU/SEU779^1.p,TH0,Theorem,timeout,na,5546,0,0,0,1,0,0,0,0,
no_finite_o_quantification,SEU/SEU779^2.p,TH0,Theorem,timeout,na,2068,509,29,509,50,0,0,3,0,
no_finite_o_quantification,SEU/SEU780^1.p,TH0,Theorem,timeout,na,5619,0,0,0,1,0,0,0,0,
no_finite_o_quantification,SEU/SEU780^2.p,TH0,Theorem,timeout,na,2088,1071,47,1071,99,29,0,1,0,
no_finite_o_quantification,SEU/SEU781^1.p,TH0,Theorem,timeout,na,5724,0,0,0,1,0,0,0,0,
no_finite_o_quantification,SEU/SEU781^2.p,TH0,Theorem,timeout,na,2053,1357,65,1357,145,3,0,0,0,
no_finite_o_quantification,SEU/SEU782^1.p,TH0,Theorem,timeout,na,5540,0,0,0,1,0,0,0,0,
no_finite_o_quantification,SEU/SEU782^2.p,TH0,Theorem,timeout,na,2163,4105,102,4105,866,0,0,4,0,
no_finite_o_quantification,SEU/SEU783^1.p,TH0,Theorem,timeout,na,5646,0,0,0,1,0,0,0,0,
no_finite_o_quantification,SEU/SEU783^2.p,TH0,Theorem,thm,yes,73,26,2,26,2,0,0,1,1,
no_finite_o_quantification,SEU/SEU784^1.p,TH0,Theorem,timeout,na,5770,0,0,0,1,0,0,0,0,
no_finite_o_quantification,SEU/SEU784^2.p,TH0,Theorem,thm,yes,76,26,2,26,2,0,0,1,1,
no_finite_o_quantification,SEU/SEU785^1.p,TH0,Theorem,timeout,na,5729,0,0,0,1,0,0,0,0,
no_finite_o_quantification,SEU/SEU785^2.p,TH0,Theorem,timeout,na,2065,1937,99,1937,188,4,0,0,0,
no_finite_o_quantification,SEU/SEU786^1.p,TH0,Theorem,timeout,na,5833,0,0,0,1,0,0,0,0,
no_finite_o_quantification,SEU/SEU786^2.p,TH0,Theorem,thm,yes,106,36,2,36,3,0,0,2,1,
no_finite_o_quantification,SEU/SEU787^1.p,TH0,Theorem,timeout,na,5837,0,0,0,1,0,0,0,0,
no_finite_o_quantification,SEU/SEU787^2.p,TH0,Theorem,timeout,na,2060,1730,79,1730,173,24,0,1,0,
no_finite_o_quantification,SEU/SEU788^1.p,TH0,Theorem,timeout,na,5733,0,0,0,1,0,0,0,0,
no_finite_o_quantification,SEU/SEU788^2.p,TH0,Theorem,timeout,na,2083,1988,85,1988,196,0,0,0,0,
no_finite_o_quantification,SEU/SEU789^1.p,TH0,Theorem,timeout,na,5796,0,0,0,1,0,0,0,0,
no_finite_o_quantification,SEU/SEU789^2.p,TH0,Theorem,timeout,na,2102,2460,74,2460,274,0,0,0,0,
no_finite_o_quantification,SEU/SEU790^1.p,TH0,Theorem,timeout,na,5909,0,0,0,1,0,0,0,0,
no_finite_o_quantification,SEU/SEU790^2.p,TH0,Theorem,timeout,na,2087,1844,103,1844,213,0,0,0,0,
no_finite_o_quantification,SEU/SEU791^1.p,TH0,Theorem,timeout,na,5889,0,0,0,1,0,0,0,0,
no_finite_o_quantification,SEU/SEU791^2.p,TH0,Theorem,timeout,na,2106,1805,88,1805,184,0,0,0,0,
no_finite_o_quantification,SEU/SEU792^1.p,TH0,Theorem,timeout,na,6066,0,0,0,1,0,0,0,0,
no_finite_o_quantification,SEU/SEU792^2.p,TH0,Theorem,timeout,na,2259,4383,76,4383,202,0,0,0,0,
no_finite_o_quantification,SEU/SEU793^1.p,TH0,Theorem,timeout,na,5855,0,0,0,1,0,0,0,0,
no_finite_o_quantification,SEU/SEU793^2.p,TH0,Theorem,timeout,na,2031,430,17,430,53,1,0,0,0,
no_finite_o_quantification,SEU/SEU794^1.p,TH0,Theorem,timeout,na,5987,0,0,0,1,0,0,0,0,
no_finite_o_quantification,SEU/SEU794^2.p,TH0,Theorem,timeout,na,2126,3418,24,3418,258,58,0,0,0,
no_finite_o_quantification,SEU/SEU795^1.p,TH0,Theorem,timeout,na,6005,0,0,0,1,0,0,0,0,
no_finite_o_quantification,SEU/SEU795^2.p,TH0,Theorem,timeout,na,2076,1851,29,1851,204,9,0,0,0,
no_finite_o_quantification,SEU/SEU796^1.p,TH0,Theorem,timeout,na,6023,0,0,0,1,0,0,0,0,
no_finite_o_quantification,SEU/SEU796^2.p,TH0,Theorem,timeout,na,2059,1875,49,1875,271,27,0,1,0,
no_finite_o_quantification,SEU/SEU797^1.p,TH0,Theorem,timeout,na,6028,0,0,0,1,0,0,0,0,
no_finite_o_quantification,SEU/SEU797^2.p,TH0,Theorem,timeout,na,2099,2500,59,2500,406,63,0,2,0,
no_finite_o_quantification,SEU/SEU798^1.p,TH0,Theorem,timeout,na,6168,0,0,0,1,0,0,0,0,
no_finite_o_quantification,SEU/SEU798^2.p,TH0,Theorem,thm,yes,68,31,2,31,3,0,0,3,1,
no_finite_o_quantification,SEU/SEU799^1.p,TH0,Theorem,timeout,na,6249,0,0,0,1,0,0,0,0,
no_finite_o_quantification,SEU/SEU799^2.p,TH0,Theorem,thm,yes,36,20,1,20,2,0,0,1,1,
no_finite_o_quantification,SEU/SEU800^1.p,TH0,Theorem,timeout,na,6192,0,0,0,1,0,0,0,0,
no_finite_o_quantification,SEU/SEU800^2.p,TH0,Theorem,thm,yes,46,18,1,18,2,0,0,1,1,
no_finite_o_quantification,SEU/SEU801^1.p,TH0,Theorem,timeout,na,6202,0,0,0,1,0,0,0,0,
no_finite_o_quantification,SEU/SEU801^2.p,TH0,Theorem,timeout,na,2058,1694,26,1694,291,17,0,2,0,
no_finite_o_quantification,SEU/SEU802^1.p,TH0,Theorem,timeout,na,6270,0,0,0,1,0,0,0,0,
no_finite_o_quantification,SEU/SEU802^2.p,TH0,Theorem,timeout,na,2044,2039,134,2039,101,26,0,1,0,
no_finite_o_quantification,SEU/SEU803^1.p,TH0,Theorem,timeout,na,6403,0,0,0,1,0,0,0,0,
no_finite_o_quantification,SEU/SEU803^2.p,TH0,Theorem,timeout,na,2085,2844,91,2844,305,68,0,1,0,
no_finite_o_quantification,SEU/SEU804^1.p,TH0,Theorem,timeout,na,6416,0,0,0,1,0,0,0,0,
no_finite_o_quantification,SEU/SEU804^2.p,TH0,Theorem,timeout,na,2110,2560,78,2560,434,0,0,1,0,
no_finite_o_quantification,SEU/SEU805^1.p,TH0,Theorem,timeout,na,6433,0,0,0,1,0,0,0,0,
no_finite_o_quantification,SEU/SEU805^2.p,TH0,Theorem,timeout,na,2205,5148,118,5148,154,57,0,0,0,
no_finite_o_quantification,SEU/SEU806^1.p,TH0,Theorem,timeout,na,6318,0,0,0,1,0,0,0,0,
no_finite_o_quantification,SEU/SEU806^2.p,TH0,Theorem,timeout,na,2075,4757,275,4757,109,37,0,0,0,
no_finite_o_quantification,SEU/SEU807^1.p,TH0,Theorem,timeout,na,6222,0,0,0,1,0,0,0,0,
no_finite_o_quantification,SEU/SEU807^2.p,TH0,Theorem,timeout,na,2089,3650,169,3650,310,34,0,1,0,
no_finite_o_quantification,SEU/SEU808^1.p,TH0,Theorem,timeout,na,6477,0,0,0,1,0,0,0,0,
no_finite_o_quantification,SEU/SEU808^2.p,TH0,Theorem,thm,yes,13,12,0,12,2,0,0,1,1,
no_finite_o_quantification,SEU/SEU809^1.p,TH0,Theorem,timeout,na,6487,0,0,0,1,0,0,0,0,
no_finite_o_quantification,SEU/SEU809^2.p,TH0,Theorem,thm,yes,12,11,0,11,2,0,0,1,1,
no_finite_o_quantification,SEU/SEU810^1.p,TH0,Theorem,timeout,na,6513,0,0,0,1,0,0,0,0,
no_finite_o_quantification,SEU/SEU810^2.p,TH0,Theorem,thm,yes,31,22,1,22,2,0,0,1,1,
no_finite_o_quantification,SEU/SEU811^1.p,TH0,Theorem,timeout,na,6617,0,0,0,1,0,0,0,0,
no_finite_o_quantification,SEU/SEU811^2.p,TH0,Theorem,timeout,na,2209,4158,82,4158,1030,7,0,1,0,
no_finite_o_quantification,SEU/SEU812^1.p,TH0,Theorem,timeout,na,6688,0,0,0,1,0,0,0,0,
no_finite_o_quantification,SEU/SEU812^2.p,TH0,Theorem,thm,yes,13,12,0,12,2,0,0,1,1,
no_finite_o_quantification,SEU/SEU813^1.p,TH0,Theorem,timeout,na,6563,0,0,0,1,0,0,0,0,
no_finite_o_quantification,SEU/SEU813^2.p,TH0,Theorem,timeout,na,2189,6070,275,6070,1031,9,0,1,0,
no_finite_o_quantification,SEU/SEU814^1.p,TH0,Theorem,timeout,na,6542,0,0,0,1,0,0,0,0,
no_finite_o_quantification,SEU/SEU814^2.p,TH0,Theorem,timeout,na,2119,6280,400,6280,581,208,0,4,0,
no_finite_o_quantification,SEU/SEU815^1.p,TH0,Theorem,timeout,na,6724,0,0,0,1,0,0,0,0,
no_finite_o_quantification,SEU/SEU815^2.p,TH0,Theorem,timeout,na,2134,4490,162,4490,574,0,0,1,0,
no_finite_o_quantification,SEU/SEU816^1.p,TH0,Theorem,timeout,na,6734,0,0,0,1,0,0,0,0,
no_finite_o_quantification,SEU/SEU816^2.p,TH0,Theorem,timeout,na,2257,4816,94,4816,300,0,0,0,0,
no_finite_o_quantification,SEU/SEU817^1.p,TH0,Theorem,timeout,na,6785,0,0,0,1,0,0,0,0,
no_finite_o_quantification,SEU/SEU817^2.p,TH0,Theorem,timeout,na,2111,3493,92,3493,512,96,0,1,0,
no_finite_o_quantification,SEU/SEU818^1.p,TH0,Theorem,timeout,na,6863,0,0,0,1,0,0,0,0,
no_finite_o_quantification,SEU/SEU818^2.p,TH0,Theorem,thm,yes,73,15,1,15,1,1,0,0,0,
no_finite_o_quantification,SEU/SEU819^1.p,TH0,Theorem,timeout,na,6905,0,0,0,1,0,0,0,0,
no_finite_o_quantification,SEU/SEU819^2.p,TH0,Theorem,timeout,na,2107,2929,69,2929,579,0,0,1,0,
no_finite_o_quantification,SEU/SEU820^1.p,TH0,Theorem,timeout,na,2731,0,0,0,1,0,0,0,0,
no_finite_o_quantification,SEU/SEU820^2.p,TH0,Theorem,timeout,na,2142,5463,235,5463,266,21,0,0,0,
no_finite_o_quantification,SEU/SEU821^1.p,TH0,Theorem,parse_timeout,na,0,,,,,,,,,cached: parse exceeded 5000ms
no_finite_o_quantification,SEU/SEU821^2.p,TH0,Theorem,thm,yes,48,11,1,11,1,1,0,0,0,
no_finite_o_quantification,SEU/SEU822^1.p,TH0,Theorem,timeout,na,6870,0,0,0,1,0,0,0,0,
no_finite_o_quantification,SEU/SEU822^2.p,TH0,Theorem,thm,yes,116,47,1,47,6,0,0,1,1,
no_finite_o_quantification,SEU/SEU823^1.p,TH0,Theorem,parse_timeout,na,0,,,,,,,,,cached: parse exceeded 5000ms
no_finite_o_quantification,SEU/SEU823^2.p,TH0,Theorem,timeout,na,2078,2817,112,2817,219,16,0,0,0,
no_finite_o_quantification,SEU/SEU824^1.p,TH0,Theorem,parse_timeout,na,0,,,,,,,,,cached: parse exceeded 5000ms
no_finite_o_quantification,SEU/SEU824^2.p,TH0,Theorem,timeout,na,2081,2699,92,2699,212,16,0,0,0,
no_finite_o_quantification,SEU/SEU824^3.p,TH0,CounterSatisfiable,timeout,na,2532,602,60,602,1,0,0,0,0,
no_finite_o_quantification,SEU/SEU825^3.p,TH0,CounterSatisfiable,timeout,na,2097,4453,124,4454,574,64,0,1,0,
no_finite_o_quantification,SEU/SEU826^1.p,TH0,Theorem,timeout,na,2146,7234,212,7234,317,576,0,0,0,
no_finite_o_quantification,SEU/SEU827^1.p,TH0,Theorem,timeout,na,2243,7970,114,7970,339,230,0,0,0,
no_finite_o_quantification,SEU/SEU828^1.p,TH0,Theorem,thm,yes,15,13,0,13,2,1,0,1,1,
no_finite_o_quantification,SEU/SEU829^1.p,TH0,Theorem,thm,yes,14,23,0,23,2,2,0,1,1,
no_finite_o_quantification,SEU/SEU831^5.p,TH0,Theorem,thm,yes,3,2,0,2,1,1,0,0,0,
no_finite_o_quantification,SEU/SEU832^5.p,TH0,Theorem,thm,yes,2,2,0,2,1,1,0,0,0,
no_finite_o_quantification,SEU/SEU833^5.p,TH0,Theorem,thm,yes,2,2,0,2,1,1,0,0,0,
no_finite_o_quantification,SEU/SEU834^5.p,TH0,Theorem,thm,yes,3,4,0,4,1,1,0,0,0,
no_finite_o_quantification,SEU/SEU836^5.p,TH0,Theorem,thm,yes,3,4,0,4,1,1,0,0,0,
no_finite_o_quantification,SEU/SEU839^5.p,TH0,Theorem,thm,yes,5,3,0,3,1,1,0,0,0,
no_finite_o_quantification,SEU/SEU841^5.p,TH0,Theorem,thm,yes,17,6,0,6,1,1,0,0,0,
no_finite_o_quantification,SEU/SEU842^5.p,TH0,Theorem,thm,yes,5,3,0,3,1,1,0,0,0,
no_finite_o_quantification,SEU/SEU843^5.p,TH0,Theorem,thm,yes,17,14,1,14,2,0,0,1,1,
no_finite_o_quantification,SEU/SEU844^5.p,TH0,Theorem,timeout,na,2049,3688,300,3688,44,57,0,1,0,
no_finite_o_quantification,SEU/SEU845^5.p,TH0,Theorem,thm,yes,21,24,0,24,3,2,0,1,1,
no_finite_o_quantification,SEU/SEU846^5.p,TH0,Theorem,thm,yes,46,37,1,37,5,0,0,1,1,
no_finite_o_quantification,SEU/SEU847^5.p,TH0,Theorem,thm,yes,4,2,0,2,1,1,0,0,0,
no_finite_o_quantification,SEU/SEU848^5.p,TH0,Theorem,thm,yes,27,42,0,42,5,3,0,1,1,
no_finite_o_quantification,SEU/SEU849^5.p,TH0,Theorem,thm,yes,28,42,0,42,5,3,0,1,1,
no_finite_o_quantification,SEU/SEU850^5.p,TH0,Theorem,thm,yes,105,32,0,32,4,4,0,1,1,
no_finite_o_quantification,SEU/SEU851^5.p,TH0,Theorem,thm,yes,11,3,0,3,1,1,0,0,0,
no_finite_o_quantification,SEU/SEU852^5.p,TH0,Theorem,thm,yes,105,276,3,276,33,33,0,1,1,
no_finite_o_quantification,SEU/SEU853^5.p,TH0,Theorem,thm,yes,99,177,3,177,18,18,0,1,1,
no_finite_o_quantification,SEU/SEU854^5.p,TH0,Theorem,timeout,na,2020,1075,8,1075,75,165,0,2,0,
no_finite_o_quantification,SEU/SEU855^5.p,TH0,Theorem,timeout,na,2009,437,7,437,24,57,0,2,0,
no_finite_o_quantification,SEU/SEU856^5.p,TH0,Theorem,thm,yes,36,49,0,49,5,4,0,1,1,
no_finite_o_quantification,SEU/SEU857^5.p,TH0,Theorem,thm,yes,37,4,0,4,1,1,0,0,0,
no_finite_o_quantification,SEU/SEU858^5.p,TH0,Theorem,thm,yes,6,2,0,2,1,1,0,0,0,
no_finite_o_quantification,SEU/SEU859^5.p,TH0,Theorem,timeout,na,2035,868,20,868,128,8,0,2,0,
no_finite_o_quantification,SEU/SEU860^5.p,TH0,Theorem,timeout,na,2042,1023,19,1023,139,2,0,2,0,
no_finite_o_quantification,SEU/SEU861^5.p,TH0,Theorem,timeout,na,2042,939,14,939,166,7,0,1,0,
no_finite_o_quantification,SEU/SEU862^5.p,TH0,Unknown,timeout,na,2025,380,14,380,37,2,0,1,0,
no_finite_o_quantification,SEU/SEU863^5.p,TH0,Theorem,timeout,na,2042,568,10,568,75,0,0,3,0,
no_finite_o_quantification,SEU/SEU864^5.p,TH0,Theorem,timeout,na,2047,2012,51,2012,245,43,0,6,0,
no_finite_o_quantification,SEU/SEU865^5.p,TH0,Theorem,timeout,na,2052,1517,9,1517,279,23,0,1,0,
no_finite_o_quantification,SEU/SEU866^5.p,TH0,Theorem,timeout,na,2047,1824,63,1824,233,0,0,2,0,
no_finite_o_quantification,SEU/SEU867^5.p,TH0,Theorem,timeout,na,2040,1198,13,1198,174,15,0,1,0,
no_finite_o_quantification,SEU/SEU868^5.p,TH0,Theorem,timeout,na,2048,1159,57,1159,116,3,0,2,0,
no_finite_o_quantification,SEU/SEU869^5.p,TH0,Theorem,timeout,na,2033,617,15,617,89,6,0,1,0,
no_finite_o_quantification,SEU/SEU871^5.p,TH0,Unknown,timeout,na,2031,542,32,542,39,0,0,1,0,
no_finite_o_quantification,SEU/SEU872^5.p,TH0,Theorem,timeout,na,2032,629,18,629,65,0,0,1,0,
no_finite_o_quantification,SEU/SEU873^5.p,TH0,Unknown,timeout,na,2038,458,25,458,37,0,0,1,0,
no_finite_o_quantification,SEU/SEU874^5.p,TH0,Theorem,timeout,na,2035,910,35,910,87,15,0,1,0,
no_finite_o_quantification,SEU/SEU875^5.p,TH0,Theorem,timeout,na,2026,607,21,607,50,12,0,1,0,
no_finite_o_quantification,SEU/SEU876^5.p,TH0,Theorem,timeout,na,2041,922,28,922,117,2,0,1,0,
no_finite_o_quantification,SEU/SEU877^5.p,TH0,Theorem,timeout,na,2090,801,10,801,153,17,0,0,0,
no_finite_o_quantification,SEU/SEU878^5.p,TH0,Theorem,timeout,na,2065,293,5,293,42,9,0,0,0,
no_finite_o_quantification,SEU/SEU879^5.p,TH0,Theorem,timeout,na,2111,316,5,316,60,0,0,0,0,
no_finite_o_quantification,SEU/SEU880^5.p,TH0,CounterSatisfiable,timeout,na,2221,27,2,27,3,0,0,0,0,
no_finite_o_quantification,SEU/SEU881^5.p,TH0,Theorem,timeout,na,2327,214,4,214,36,5,0,0,0,
no_finite_o_quantification,SEU/SEU882^5.p,TH0,Theorem,thm,yes,23,17,0,17,2,1,0,1,1,
no_finite_o_quantification,SEU/SEU883^5.p,TH0,Theorem,thm,yes,5,1,0,1,1,1,0,0,0,
no_finite_o_quantification,SEU/SEU884^5.p,TH0,Theorem,timeout,na,2041,3350,238,3350,122,12,0,2,0,
no_finite_o_quantification,SEU/SEU885^5.p,TH0,Theorem,timeout,na,2018,2748,220,2748,41,91,0,0,0,
no_finite_o_quantification,SEU/SEU886^5.p,TH0,Theorem,timeout,na,2057,3697,241,3697,193,12,0,1,0,
no_finite_o_quantification,SEU/SEU887^5.p,TH0,Theorem,timeout,na,2060,3010,144,3010,221,13,0,1,0,
no_finite_o_quantification,SEU/SEU888^5.p,TH0,Theorem,timeout,na,2073,3791,131,3791,394,97,0,1,0,
no_finite_o_quantification,SEU/SEU889^5.p,TH0,Theorem,timeout,na,2049,3362,204,3362,184,17,0,2,0,
no_finite_o_quantification,SEU/SEU890^5.p,TH0,Theorem,timeout,na,2049,3196,187,3196,234,13,0,1,0,
no_finite_o_quantification,SEU/SEU891^5.p,TH0,Theorem,timeout,na,2058,4108,242,4108,166,48,0,0,0,
no_finite_o_quantification,SEU/SEU892^5.p,TH0,Theorem,timeout,na,2021,677,37,677,52,0,0,2,0,
no_finite_o_quantification,SEU/SEU893^5.p,TH0,Theorem,thm,yes,65,157,0,157,12,17,0,1,1,
no_finite_o_quantification,SEU/SEU894^5.p,TH0,Theorem,timeout,na,2056,2002,52,2002,279,5,0,1,0,
no_finite_o_quantification,SEU/SEU895^5.p,TH0,Theorem,timeout,na,2061,3888,233,3888,130,49,0,0,0,
no_finite_o_quantification,SEU/SEU896^5.p,TH0,Theorem,timeout,na,2079,3707,151,3707,402,73,0,1,0,
no_finite_o_quantification,SEU/SEU897^5.p,TH0,Theorem,timeout,na,2044,2423,103,2423,210,39,0,1,0,
no_finite_o_quantification,SEU/SEU898^5.p,TH0,Theorem,timeout,na,2072,2345,52,2345,235,138,0,1,0,
no_finite_o_quantification,SEU/SEU899^5.p,TH0,Theorem,timeout,na,2064,4334,222,4334,162,74,0,0,0,
no_finite_o_quantification,SEU/SEU901^5.p,TH0,Theorem,timeout,na,2189,5394,154,5394,250,342,0,0,0,
no_finite_o_quantification,SEU/SEU902^5.p,TH0,Theorem,timeout,na,2243,2446,48,2446,1522,41,0,1,0,
no_finite_o_quantification,SEU/SEU903^5.p,TH0,Theorem,timeout,na,2209,6405,199,6405,187,468,0,0,0,
no_finite_o_quantification,SEU/SEU904^5.p,TH0,Theorem,timeout,na,2376,5699,35,5699,188,544,0,0,0,
no_finite_o_quantification,SEU/SEU905^5.p,TH0,Theorem,timeout,na,2306,6324,22,6324,196,804,0,0,0,
no_finite_o_quantification,SEU/SEU906^5.p,TH0,Theorem,timeout,na,2066,2034,62,2034,370,45,0,4,0,
no_finite_o_quantification,SEU/SEU907^5.p,TH0,Theorem,timeout,na,2043,1706,39,1706,217,11,0,2,0,
no_finite_o_quantification,SEU/SEU908^5.p,TH0,Theorem,thm,yes,29,14,0,14,2,0,0,1,1,
no_finite_o_quantification,SEU/SEU909^5.p,TH0,Theorem,timeout,na,2034,769,28,769,79,3,0,1,0,
no_finite_o_quantification,SEU/SEU910^5.p,TH0,Theorem,timeout,na,2071,308,8,308,37,4,0,0,0,
no_finite_o_quantification,SEU/SEU911^5.p,TH0,CounterSatisfiable,timeout,na,2076,314,9,314,37,0,0,0,0,
no_finite_o_quantification,SEU/SEU912^5.p,TH0,Theorem,timeout,na,2083,509,10,509,83,0,0,0,0,
no_finite_o_quantification,SEU/SEU913^5.p,TH0,Unknown,timeout,na,2135,138,6,138,14,0,0,0,0,
no_finite_o_quantification,SEU/SEU914^5.p,TH0,Theorem,timeout,na,2137,192,6,192,24,3,0,0,0,
no_finite_o_quantification,SEU/SEU915^5.p,TH0,Theorem,timeout,na,2137,243,9,243,23,2,0,0,0,
no_finite_o_quantification,SEU/SEU916^5.p,TH0,Theorem,timeout,na,2154,101,2,101,14,1,0,0,0,
no_finite_o_quantification,SEU/SEU917^5.p,TH0,Theorem,timeout,na,2035,1797,92,1797,130,3,0,1,0,
no_finite_o_quantification,SEU/SEU918^5.p,TH0,Theorem,thm,yes,1460,77,4,77,5,3,0,2,1,
no_finite_o_quantification,SEU/SEU919^5.p,TH0,Theorem,thm,yes,69,36,1,36,3,1,0,2,1,
no_finite_o_quantification,SEU/SEU920^5.p,TH0,Theorem,timeout,na,2061,2794,89,2794,270,14,0,4,0,
no_finite_o_quantification,SEU/SEU921^5.p,TH0,Theorem,timeout,na,2057,2269,81,2269,217,39,0,3,0,
no_finite_o_quantification,SEU/SEU922^5.p,TH0,Theorem,timeout,na,2041,1508,47,1508,156,9,0,3,0,
no_finite_o_quantification,SEU/SEU923^5.p,TH0,Theorem,thm,yes,7,1,0,1,1,1,0,0,0,
no_finite_o_quantification,SEU/SEU924^5.p,TH0,Theorem,timeout,na,2005,110,6,110,7,4,0,4,0,
no_finite_o_quantification,SEU/SEU925^5.p,TH0,Theorem,timeout,na,2074,2744,63,2744,375,50,0,1,0,
no_finite_o_quantification,SEU/SEU926^5.p,TH0,Theorem,thm,yes,36,11,0,11,2,0,0,1,1,
no_finite_o_quantification,SEU/SEU927^5.p,TH0,Theorem,thm,yes,34,37,0,37,4,8,0,5,0,
no_finite_o_quantification,SEU/SEU928^5.p,TH0,Theorem,timeout,na,2076,2468,31,2468,327,35,0,1,0,
no_finite_o_quantification,SEU/SEU929^5.p,TH0,Theorem,timeout,na,2006,107,5,107,7,3,0,3,0,
no_finite_o_quantification,SEU/SEU930^5.p,TH0,Theorem,timeout,na,2057,2610,133,2610,188,24,0,1,0,
no_finite_o_quantification,SEU/SEU931^5.p,TH0,Theorem,timeout,na,2051,2825,156,2825,217,26,0,1,0,
no_finite_o_quantification,SEU/SEU932^5.p,TH0,Theorem,timeout,na,2049,2692,159,2692,168,18,0,1,0,
no_finite_o_quantification,SEU/SEU933^5.p,TH0,Theorem,timeout,na,2012,237,10,237,17,8,0,2,0,
no_finite_o_quantification,SEU/SEU934^5.p,TH0,Theorem,timeout,na,2074,2883,74,2883,367,40,0,1,0,
no_finite_o_quantification,SEU/SEU935^5.p,TH0,Theorem,timeout,na,2057,2498,89,2498,234,15,0,4,0,
no_finite_o_quantification,SEU/SEU936^5.p,TH0,Theorem,timeout,na,2083,2456,24,2456,332,31,0,1,0,
no_finite_o_quantification,SEU/SEU937^5.p,TH0,Theorem,timeout,na,2069,2842,108,2842,322,48,0,1,0,
no_finite_o_quantification,SEU/SEU938^5.p,TH0,Theorem,timeout,na,2052,1845,70,1845,214,38,0,2,0,
no_finite_o_quantification,SEU/SEU939^5.p,TH0,Theorem,timeout,na,2023,324,19,324,17,0,0,0,0,
no_finite_o_quantification,SEU/SEU940^5.p,TH0,Theorem,timeout,na,2025,706,29,706,70,1,0,2,0,
no_finite_o_quantification,SEU/SEU941^5.p,TH0,Theorem,timeout,na,2091,3251,100,3251,387,53,0,1,0,
no_finite_o_quantification,SEU/SEU942^5.p,TH0,Theorem,timeout,na,2045,2095,69,2095,243,7,0,1,0,
no_finite_o_quantification,SEU/SEU943^5.p,TH0,Theorem,timeout,na,2061,1827,24,1827,354,8,0,3,0,
no_finite_o_quantification,SEU/SEU944^5.p,TH0,Theorem,timeout,na,2062,2035,40,2035,371,7,0,3,0,
no_finite_o_quantification,SEU/SEU945^5.p,TH0,Theorem,timeout,na,2007,227,7,227,14,7,0,4,0,
no_finite_o_quantification,SEU/SEU946^5.p,TH0,Theorem,timeout,na,2051,1922,53,1922,255,7,0,1,0,
no_finite_o_quantification,SEU/SEU947^5.p,TH0,Theorem,timeout,na,2050,1819,47,1819,224,9,0,1,0,
no_finite_o_quantification,SEU/SEU948^5.p,TH0,Theorem,timeout,na,2025,928,29,928,82,22,0,2,0,
no_finite_o_quantification,SEU/SEU949^5.p,TH0,Theorem,timeout,na,2012,321,13,321,22,8,0,1,0,
no_finite_o_quantification,SEU/SEU950^5.p,TH0,Theorem,timeout,na,2025,863,48,863,52,9,0,3,0,
no_finite_o_quantification,SEU/SEU951^5.p,TH0,Theorem,timeout,na,2034,702,32,702,53,10,0,2,0,
no_finite_o_quantification,SEU/SEU953^5.p,TH0,Theorem,timeout,na,2064,2155,39,2155,279,8,0,3,0,
no_finite_o_quantification,SEU/SEU954^5.p,TH0,Unknown,timeout,na,2059,2096,55,2096,245,10,0,3,0,
no_finite_o_quantification,SEU/SEU955^5.p,TH0,Theorem,timeout,na,2071,2534,30,2534,347,2,0,4,0,
no_finite_o_quantification,SEU/SEU956^5.p,TH0,Theorem,timeout,na,2077,2954,101,2954,270,63,0,2,0,
no_finite_o_quantification,SEU/SEU957^5.p,TH0,Theorem,timeout,na,2066,2533,55,2533,292,3,0,4,0,
no_finite_o_quantification,SEU/SEU958^5.p,TH0,Unknown,timeout,na,2071,2542,42,2542,316,3,0,4,0,
no_finite_o_quantification,SEU/SEU959^5.p,TH0,Unknown,timeout,na,2044,1491,17,1491,194,13,0,3,0,
no_finite_o_quantification,SEU/SEU960^5.p,TH0,Theorem,timeout,na,2036,1214,32,1214,149,0,0,1,0,
no_finite_o_quantification,SEU/SEU961^5.p,TH0,Theorem,timeout,na,2066,1336,23,1336,286,10,0,2,0,
no_finite_o_quantification,SEU/SEU963^5.p,TH0,Unknown,timeout,na,2026,559,23,559,60,2,0,2,0,
no_finite_o_quantification,SEU/SEU965^5.p,TH0,Unknown,timeout,na,2036,560,24,560,56,0,0,2,0,
no_finite_o_quantification,SEU/SEU966^5.p,TH0,CounterSatisfiable,timeout,na,2075,2167,49,2167,238,75,0,1,0,
no_finite_o_quantification,SEU/SEU967^5.p,TH0,Theorem,thm,yes,38,4,0,4,1,0,0,1,1,
no_finite_o_quantification,SEU/SEU968^5.p,TH0,Theorem,timeout,na,2028,713,29,713,54,22,0,2,0,
no_finite_o_quantification,SEU/SEU969^5.p,TH0,Theorem,timeout,na,2048,1866,105,1866,200,5,0,1,0,
no_finite_o_quantification,SEU/SEU970^5.p,TH0,Theorem,timeout,na,2046,2479,139,2479,200,6,0,2,0,
no_finite_o_quantification,SEU/SEU971^5.p,TH0,Unknown,timeout,na,2059,777,7,777,193,25,0,0,0,
no_finite_o_quantification,SEU/SEU972^5.p,TH0,Theorem,timeout,na,2042,921,22,921,136,16,0,1,0,
no_finite_o_quantification,SEU/SEU973^5.p,TH0,Unknown,timeout,na,2048,1078,35,1078,131,4,0,1,0,
no_finite_o_quantification,SEU/SEU974^5.p,TH0,Theorem,timeout,na,2062,943,6,943,161,44,0,1,0,
no_finite_o_quantification,SEU/SEU975^5.p,TH0,Theorem,timeout,na,2058,1148,44,1148,166,56,0,1,0,
no_finite_o_quantification,SEU/SEU976^5.p,TH0,Unknown,timeout,na,2047,770,13,770,117,0,0,3,0,
no_finite_o_quantification,SEU/SEU977^5.p,TH0,Unknown,timeout,na,2042,849,35,849,105,0,0,2,0,
no_finite_o_quantification,SEU/SEU978^5.p,TH0,Unknown,timeout,na,2080,850,3,850,209,25,0,0,0,
no_finite_o_quantification,SEU/SEU979^5.p,TH0,Unknown,timeout,na,2062,768,21,768,107,3,0,1,0,
no_finite_o_quantification,SEU/SEU980^6.p,TH0,Unknown,timeout,na,2062,597,14,597,105,2,0,0,0,
no_finite_o_quantification,SEU/SEU982^5.p,TH0,Unknown,timeout,na,2064,701,24,701,80,3,0,0,0,
no_finite_o_quantification,SEU/SEU983^5.p,TH0,Unknown,timeout,na,2066,865,42,865,68,0,0,0,0,
no_finite_o_quantification,SEU/SEU984^5.p,TH0,Unknown,timeout,na,2091,1211,18,1211,214,8,0,1,0,
no_finite_o_quantification,SEU/SEU985^5.p,TH0,Unknown,timeout,na,2026,478,16,478,56,0,0,2,0,
no_finite_o_quantification,SEU/SEU986^5.p,TH0,Unknown,timeout,na,2034,877,39,877,90,0,0,2,0,
no_finite_o_quantification,SEU/SEU987^5.p,TH0,Theorem,timeout,na,2061,2290,85,2290,220,68,0,3,0,
no_finite_o_quantification,SEU/SEU988^5.p,TH0,Unknown,timeout,na,2045,651,19,651,80,37,0,1,0,
no_finite_o_quantification,SEU/SEU989^5.p,TH0,Unknown,timeout,na,2046,1627,47,1627,163,0,0,1,0,
no_finite_o_quantification,SEU/SEU990^5.p,TH0,Unknown,timeout,na,2050,2089,90,2089,191,4,0,2,0,
no_finite_o_quantification,SEU/SEU991^5.p,TH0,Unknown,timeout,na,2043,1424,41,1424,155,7,0,1,0,
no_finite_o_quantification,SEU/SEU992^5.p,TH0,Theorem,timeout,na,2038,1402,52,1402,121,6,0,1,0,
no_finite_o_quantification,SEU/SEU993^5.p,TH0,Unknown,timeout,na,2037,1424,64,1424,117,0,0,1,0,
no_finite_o_quantification,SEU/SEU994^5.p,TH0,CounterSatisfiable,csa,yes,36,17,0,17,3,0,1,0,0,cR C[1AV3VU] C[1ZLI64]  cR C[1ZLI64] C[1AV3VU]  C[153DID] C[1ZLI64]  ¬(C[153DID] C[1AV3VU])
no_finite_o_quantification,SEU/SEU995^5.p,TH0,Theorem,timeout,na,2005,79,4,79,5,3,0,1,0,
no_finite_o_quantification,SEU/SEU996^5.p,TH0,Theorem,timeout,na,2075,1621,58,1621,149,23,0,1,0,
no_finite_o_quantification,SEU/SEU997^5.p,TH0,Theorem,timeout,na,2121,1743,48,1743,212,19,0,2,0,
no_finite_o_quantification,SEU/SEU998^5.p,TH0,Theorem,timeout,na,2055,300,17,300,13,6,0,1,0,
no_finite_o_quantification,SEU/SEU999^5.p,TH0,Theorem,timeout,na,2093,921,59,921,65,21,0,0,0,
no_finite_o_quantification,SEV/SEV000^5.p,TH0,Theorem,timeout,na,2081,2541,115,2541,209,22,0,1,0,
no_finite_o_quantification,SEV/SEV001^5.p,TH0,Theorem,timeout,na,2087,2764,106,2764,241,35,0,2,0,
no_finite_o_quantification,SEV/SEV002^5.p,TH0,Theorem,timeout,na,2063,1306,57,1306,109,20,0,3,0,
no_finite_o_quantification,SEV/SEV003^5.p,TH0,Theorem,timeout,na,2067,557,25,557,47,6,0,0,0,
no_finite_o_quantification,SEV/SEV004^5.p,TH0,Theorem,timeout,na,2056,32,2,32,2,0,0,0,0,
no_finite_o_quantification,SEV/SEV005^5.p,TH0,Theorem,timeout,na,2048,33,2,33,2,0,0,0,0,
no_finite_o_quantification,SEV/SEV006^5.p,TH0,Theorem,timeout,na,2125,2048,51,2048,129,43,0,0,0,
no_finite_o_quantification,SEV/SEV007^5.p,TH0,Unknown,timeout,na,2080,10,0,10,2,0,0,0,0,
no_finite_o_quantification,SEV/SEV008^5.p,TH0,Theorem,timeout,na,2074,2494,117,2494,302,4,0,1,0,
no_finite_o_quantification,SEV/SEV009^5.p,TH0,Theorem,timeout,na,2090,2342,50,2342,497,17,0,1,0,
no_finite_o_quantification,SEV/SEV010^5.p,TH0,Theorem,timeout,na,2039,1047,54,1047,94,3,0,0,0,
no_finite_o_quantification,SEV/SEV011^5.p,TH0,Theorem,timeout,na,2029,930,55,930,73,4,0,1,0,
no_finite_o_quantification,SEV/SEV012^5.p,TH0,Theorem,thm,yes,11,12,0,12,2,3,0,0,0,
no_finite_o_quantification,SEV/SEV013^5.p,TH0,Theorem,thm,yes,74,115,5,115,5,9,0,2,0,
no_finite_o_quantification,SEV/SEV014^5.p,TH0,Theorem,thm,yes,12,2,0,2,1,1,0,0,0,
no_finite_o_quantification,SEV/SEV015^5.p,TH0,Theorem,timeout,na,2131,7073,402,7073,739,308,0,3,0,
no_finite_o_quantification,SEV/SEV016^5.p,TH0,Theorem,timeout,na,2056,2664,102,2664,241,34,0,3,0,
no_finite_o_quantification,SEV/SEV017^5.p,TH0,Theorem,thm,yes,15,2,0,2,1,1,0,0,0,
no_finite_o_quantification,SEV/SEV018^5.p,TH0,Theorem,timeout,na,2065,2197,51,2197,265,15,0,3,0,
no_finite_o_quantification,SEV/SEV019^5.p,TH0,Theorem,timeout,na,2189,5147,89,5147,1052,189,0,1,0,
no_finite_o_quantification,SEV/SEV020^5.p,TH0,CounterSatisfiable,timeout,na,2024,849,49,849,65,0,0,1,0,
no_finite_o_quantification,SEV/SEV021^5.p,TH0,Theorem,timeout,na,2047,2027,130,2027,109,4,0,2,0,
no_finite_o_quantification,SEV/SEV021^6.p,TH0,Theorem,timeout,na,2041,2069,133,2069,122,3,0,2,0,
no_finite_o_quantification,SEV/SEV021^7.p,TH0,Theorem,timeout,na,2049,1969,110,1969,138,6,0,2,0,
no_finite_o_quantification,SEV/SEV022^5.p,TH0,Unknown,timeout,na,2027,1003,63,1003,59,0,0,1,0,
no_finite_o_quantification,SEV/SEV023^5.p,TH0,Theorem,timeout,na,2055,2290,132,2290,102,48,0,3,0,
no_finite_o_quantification,SEV/SEV024^5.p,TH0,Theorem,timeout,na,2026,829,46,829,61,0,0,1,0,
no_finite_o_quantification,SEV/SEV025^5.p,TH0,Theorem,timeout,na,2033,914,58,914,59,0,0,1,0,
no_finite_o_quantification,SEV/SEV026^5.p,TH0,Unknown,timeout,na,2032,418,15,418,52,0,0,1,0,
no_finite_o_quantification,SEV/SEV027^5.p,TH0,Theorem,timeout,na,2040,1068,55,1068,67,8,0,3,0,
no_finite_o_quantification,SEV/SEV028^5.p,TH0,Theorem,timeout,na,2042,1303,73,1303,108,7,0,0,0,
no_finite_o_quantification,SEV/SEV029^5.p,TH0,CounterSatisfiable,timeout,na,2080,1666,64,1666,189,22,0,0,0,
no_finite_o_quantification,SEV/SEV030^5.p,TH0,Unknown,timeout,na,2033,857,54,857,48,0,0,1,0,
no_finite_o_quantification,SEV/SEV031^5.p,TH0,Theorem,timeout,na,2117,2388,68,2388,182,76,0,0,0,
no_finite_o_quantification,SEV/SEV032^5.p,TH0,Theorem,timeout,na,2107,3149,42,3149,413,100,0,1,0,
no_finite_o_quantification,SEV/SEV033^5.p,TH0,Theorem,timeout,na,2031,1164,78,1164,63,0,0,3,0,
no_finite_o_quantification,SEV/SEV034^5.p,TH0,Theorem,timeout,na,2135,3741,143,3741,207,66,0,0,0,
no_finite_o_quantification,SEV/SEV035^5.p,TH0,Theorem,timeout,na,2083,1892,49,1892,220,28,0,0,0,
no_finite_o_quantification,SEV/SEV037^5.p,TH0,Theorem,timeout,na,2073,1411,49,1411,166,12,0,0,0,
no_finite_o_quantification,SEV/SEV038^5.p,TH0,Unknown,timeout,na,2045,233,12,233,21,0,0,0,0,
no_finite_o_quantification,SEV/SEV039^5.p,TH0,Unknown,timeout,na,2057,281,17,281,26,0,0,0,0,
no_finite_o_quantification,SEV/SEV040^5.p,TH0,Theorem,timeout,na,2328,4779,43,4779,1579,25,0,1,0,
no_finite_o_quantification,SEV/SEV041^5.p,TH0,Theorem,timeout,na,2082,1160,34,1160,180,5,0,0,0,
no_finite_o_quantification,SEV/SEV042^5.p,TH0,Theorem,timeout,na,2020,245,10,245,23,0,0,1,0,
no_finite_o_quantification,SEV/SEV043^5.p,TH0,Theorem,timeout,na,2124,7156,369,7156,787,328,0,3,0,
no_finite_o_quantification,SEV/SEV044^5.p,TH0,Theorem,timeout,na,2115,2555,67,2555,403,99,0,1,0,
no_finite_o_quantification,SEV/SEV045^5.p,TH0,Theorem,timeout,na,2178,5863,271,5863,228,16,0,0,0,
no_finite_o_quantification,SEV/SEV046^5.p,TH0,Theorem,timeout,na,2151,2694,59,2694,228,65,0,0,0,
no_finite_o_quantification,SEV/SEV047^5.p,TH0,Theorem,thm,yes,4,4,0,4,1,1,0,0,0,
no_finite_o_quantification,SEV/SEV048^5.p,TH0,Theorem,thm,yes,48,6,0,6,1,0,0,1,1,
no_finite_o_quantification,SEV/SEV049^5.p,TH0,Theorem,thm,yes,74,21,0,21,3,1,0,1,1,
no_finite_o_quantification,SEV/SEV050^5.p,TH0,Theorem,timeout,na,2017,302,8,302,30,0,0,1,0,
no_finite_o_quantification,SEV/SEV051^5.p,TH0,Theorem,thm,yes,77,85,2,85,5,8,0,1,0,
no_finite_o_quantification,SEV/SEV052^5.p,TH0,Theorem,timeout,na,2018,268,9,268,31,6,0,1,0,
no_finite_o_quantification,SEV/SEV053^5.p,TH0,Theorem,timeout,na,2100,4282,204,4282,628,58,0,4,0,
no_finite_o_quantification,SEV/SEV054^5.p,TH0,Theorem,timeout,na,2025,1172,97,1172,55,0,0,1,0,
no_finite_o_quantification,SEV/SEV055^5.p,TH0,Theorem,thm,yes,93,25,1,25,3,0,0,1,1,
no_finite_o_quantification,SEV/SEV056^5.p,TH0,Theorem,thm,yes,335,86,2,86,4,6,0,1,1,
no_finite_o_quantification,SEV/SEV057^5.p,TH0,Theorem,timeout,na,2030,591,4,591,122,6,0,0,0,
no_finite_o_quantification,SEV/SEV058^5.p,TH0,Theorem,timeout,na,2021,321,10,321,34,0,0,2,0,
no_finite_o_quantification,SEV/SEV059^5.p,TH0,Theorem,timeout,na,2221,4442,72,4442,1260,58,0,5,0,
no_finite_o_quantification,SEV/SEV060^5.p,TH0,Theorem,timeout,na,2079,3945,126,3945,381,109,0,1,0,
no_finite_o_quantification,SEV/SEV061^5.p,TH0,Theorem,thm,yes,14,5,0,5,1,1,0,0,0,
no_finite_o_quantification,SEV/SEV062^5.p,TH0,Theorem,timeout,na,2036,637,22,637,67,0,0,1,0,
no_finite_o_quantification,SEV/SEV063^5.p,TH0,Theorem,timeout,na,2050,1162,51,1162,122,0,0,1,0,
no_finite_o_quantification,SEV/SEV064^5.p,TH0,Theorem,timeout,na,2031,386,14,386,35,7,0,1,0,
no_finite_o_quantification,SEV/SEV065^5.p,TH0,Theorem,thm,yes,43,11,1,11,1,1,0,0,0,
no_finite_o_quantification,SEV/SEV066^5.p,TH0,Theorem,timeout,na,2027,437,18,437,34,10,0,2,0,
no_finite_o_quantification,SEV/SEV067^5.p,TH0,Theorem,timeout,na,2150,5488,273,5488,801,117,0,2,0,
no_finite_o_quantification,SEV/SEV068^5.p,TH0,Theorem,timeout,na,2024,268,11,268,22,0,0,1,0,
no_finite_o_quantification,SEV/SEV069^6.p,TH0,Theorem,timeout,na,2023,211,5,211,22,0,0,1,0,
no_finite_o_quantification,SEV/SEV070^5.p,TH0,Theorem,timeout,na,2060,2560,118,2560,226,14,0,2,0,
no_finite_o_quantification,SEV/SEV071^5.p,TH0,Theorem,timeout,na,2013,219,9,219,19,0,0,0,0,
no_finite_o_quantification,SEV/SEV072^5.p,TH0,Theorem,timeout,na,2041,1267,73,1267,104,18,0,1,0,
no_finite_o_quantification,SEV/SEV074^5.p,TH0,Theorem,timeout,na,2043,1341,45,1341,150,20,0,1,0,
no_finite_o_quantification,SEV/SEV075^5.p,TH0,Theorem,timeout,na,2099,2127,58,2127,500,28,0,1,0,
no_finite_o_quantification,SEV/SEV076^5.p,TH0,Theorem,timeout,na,2021,1283,112,1283,35,1,0,1,0,
no_finite_o_quantification,SEV/SEV079^5.p,TH0,Theorem,thm,yes,16,6,0,6,1,1,0,0,0,
no_finite_o_quantification,SEV/SEV080^5.p,TH0,Theorem,timeout,na,2053,1875,43,1875,148,80,0,0,0,
no_finite_o_quantification,SEV/SEV081^5.p,TH0,Theorem,timeout,na,2022,454,16,454,47,0,0,1,0,
no_finite_o_quantification,SEV/SEV082^5.p,TH0,Theorem,timeout,na,2023,458,22,458,43,0,0,2,0,
no_finite_o_quantification,SEV/SEV083^5.p,TH0,Theorem,timeout,na,2022,456,16,456,53,0,0,1,0,
no_finite_o_quantification,SEV/SEV084^5.p,TH0,Theorem,timeout,na,2023,325,12,325,25,11,0,2,0,
no_finite_o_quantification,SEV/SEV085^5.p,TH0,Theorem,timeout,na,2029,344,7,344,36,17,0,1,0,
no_finite_o_quantification,SEV/SEV086^5.p,TH0,Theorem,timeout,na,2022,240,7,240,31,0,0,1,0,
no_finite_o_quantification,SEV/SEV087^5.p,TH0,Theorem,timeout,na,2030,351,3,351,66,1,0,1,0,
no_finite_o_quantification,SEV/SEV088^5.p,TH0,Theorem,thm,yes,212,23,0,23,3,0,0,1,1,
no_finite_o_quantification,SEV/SEV089^5.p,TH0,Theorem,timeout,na,2108,3195,45,3195,277,162,0,0,0,
no_finite_o_quantification,SEV/SEV090^5.p,TH0,Theorem,timeout,na,2025,596,19,596,68,1,0,2,0,
no_finite_o_quantification,SEV/SEV091^5.p,TH0,Theorem,timeout,na,2317,7936,246,7937,2175,1,0,2,0,
no_finite_o_quantification,SEV/SEV092^5.p,TH0,Unknown,timeout,na,2026,806,40,806,68,0,0,1,0,
no_finite_o_quantification,SEV/SEV093^5.p,TH0,Theorem,timeout,na,2052,1389,45,1389,165,1,0,0,0,
no_finite_o_quantification,SEV/SEV094^5.p,TH0,Theorem,timeout,na,2082,2586,53,2586,245,30,0,0,0,
no_finite_o_quantification,SEV/SEV095^5.p,TH0,Theorem,timeout,na,2030,277,14,277,16,4,0,0,0,
no_finite_o_quantification,SEV/SEV096^5.p,TH0,Theorem,thm,yes,134,83,5,83,4,3,0,6,1,
no_finite_o_quantification,SEV/SEV097^5.p,TH0,Theorem,thm,yes,70,25,1,25,2,0,0,1,1,
no_finite_o_quantification,SEV/SEV098^5.p,TH0,CounterSatisfiable,timeout,na,2062,838,17,838,96,16,0,1,0,
no_finite_o_quantification,SEV/SEV099^5.p,TH0,Unknown,timeout,na,2048,1056,24,1056,123,8,0,1,0,
no_finite_o_quantification,SEV/SEV100^5.p,TH0,Theorem,timeout,na,2039,341,13,341,34,5,0,1,0,
no_finite_o_quantification,SEV/SEV101^5.p,TH0,Theorem,timeout,na,2035,323,16,323,25,2,0,1,0,
no_finite_o_quantification,SEV/SEV102^5.p,TH0,Theorem,timeout,na,2102,3132,65,3132,275,60,0,0,0,
no_finite_o_quantification,SEV/SEV103^5.p,TH0,Unknown,timeout,na,2033,1460,79,1460,116,0,0,1,0,
no_finite_o_quantification,SEV/SEV104^5.p,TH0,Theorem,timeout,na,2267,6370,186,6370,1642,56,0,1,0,
no_finite_o_quantification,SEV/SEV105^5.p,TH0,Unknown,timeout,na,2041,923,15,923,143,24,0,1,0,
no_finite_o_quantification,SEV/SEV106^5.p,TH0,Theorem,timeout,na,2138,3509,13,3509,286,64,0,0,0,
no_finite_o_quantification,SEV/SEV107^5.p,TH0,Theorem,timeout,na,2097,2392,48,2392,375,112,0,1,0,
no_finite_o_quantification,SEV/SEV108^5.p,TH0,Theorem,timeout,na,2322,7918,2,7918,305,378,0,0,0,
no_finite_o_quantification,SEV/SEV109^5.p,TH0,Theorem,timeout,na,2033,751,39,751,63,4,0,1,0,
no_finite_o_quantification,SEV/SEV113^5.p,TH0,Theorem,timeout,na,2033,202,6,202,20,0,0,0,0,
no_finite_o_quantification,SEV/SEV114^5.p,TH0,Unknown,timeout,na,2043,301,23,301,18,0,0,4,0,
no_finite_o_quantification,SEV/SEV115^5.p,TH0,Unknown,timeout,na,2043,162,5,162,16,0,0,1,0,
no_finite_o_quantification,SEV/SEV116^5.p,TH0,Theorem,timeout,na,2026,228,6,228,39,2,0,1,0,
no_finite_o_quantification,SEV/SEV117^5.p,TH0,Unknown,timeout,na,2029,1016,60,1016,68,5,0,1,0,
no_finite_o_quantification,SEV/SEV118^5.p,TH0,Unknown,timeout,na,2042,1203,54,1203,145,14,0,0,0,
no_finite_o_quantification,SEV/SEV119^5.p,TH0,Theorem,timeout,na,2050,836,28,836,112,9,0,1,0,
no_finite_o_quantification,SEV/SEV120^5.p,TH0,Theorem,timeout,na,2032,864,46,864,60,5,0,1,0,
no_finite_o_quantification,SEV/SEV121^5.p,TH0,Theorem,timeout,na,2007,141,2,141,9,16,0,4,0,
no_finite_o_quantification,SEV/SEV122^5.p,TH0,Theorem,thm,yes,23,3,0,3,1,1,0,0,0,
no_finite_o_quantification,SEV/SEV123^5.p,TH0,Theorem,timeout,na,2030,517,14,517,60,0,0,1,0,
no_finite_o_quantification,SEV/SEV124^5.p,TH0,Theorem,timeout,na,2039,361,13,361,38,0,0,2,0,
no_finite_o_quantification,SEV/SEV125^5.p,TH0,Theorem,timeout,na,2042,427,8,427,56,4,0,1,0,
no_finite_o_quantification,SEV/SEV126^5.p,TH0,Theorem,timeout,na,2064,1016,29,1016,144,8,0,1,0,
no_finite_o_quantification,SEV/SEV127^5.p,TH0,Theorem,timeout,na,2044,642,20,642,78,17,0,1,0,
no_finite_o_quantification,SEV/SEV128^5.p,TH0,Theorem,timeout,na,2038,405,22,405,26,0,0,1,0,
no_finite_o_quantification,SEV/SEV129^5.p,TH0,Theorem,timeout,na,2045,576,26,576,38,7,0,1,0,
no_finite_o_quantification,SEV/SEV130^5.p,TH0,Theorem,timeout,na,2039,374,17,374,28,1,0,0,0,
no_finite_o_quantification,SEV/SEV131^5.p,TH0,Theorem,thm,yes,53,21,1,21,3,0,0,3,1,
no_finite_o_quantification,SEV/SEV132^5.p,TH0,Unknown,timeout,na,2046,1868,65,1868,189,8,0,1,0,
no_finite_o_quantification,SEV/SEV133^5.p,TH0,Unknown,timeout,na,2052,1241,33,1241,194,13,0,1,0,
no_finite_o_quantification,SEV/SEV134^5.p,TH0,Theorem,thm,yes,10,4,0,4,1,1,0,0,0,
no_finite_o_quantification,SEV/SEV135^5.p,TH0,Theorem,thm,yes,51,18,1,18,3,0,0,1,1,
no_finite_o_quantification,SEV/SEV136^5.p,TH0,Theorem,timeout,na,2045,1077,35,1077,143,0,0,1,0,
no_finite_o_quantification,SEV/SEV137^5.p,TH0,Theorem,timeout,na,2042,1603,77,1603,149,0,0,3,0,
no_finite_o_quantification,SEV/SEV138^5.p,TH0,Theorem,timeout,na,2027,1208,78,1208,73,0,0,1,0,
no_finite_o_quantification,SEV/SEV140^5.p,TH0,Theorem,timeout,na,2037,549,28,549,44,4,0,1,0,
no_finite_o_quantification,SEV/SEV141^5.p,TH0,Theorem,timeout,na,2088,927,27,927,107,9,0,0,0,
no_finite_o_quantification,SEV/SEV143^5.p,TH0,Theorem,timeout,na,2063,1132,20,1132,137,1,0,0,0,
no_finite_o_quantification,SEV/SEV144^5.p,TH0,Theorem,timeout,na,2063,1715,50,1715,172,1,0,0,0,
no_finite_o_quantification,SEV/SEV146^5.p,TH0,Theorem,timeout,na,2067,1824,80,1824,169,111,0,0,0,
no_finite_o_quantification,SEV/SEV148^5.p,TH0,Theorem,timeout,na,2036,355,17,355,35,0,0,1,0,
no_finite_o_quantification,SEV/SEV149^5.p,TH0,Theorem,timeout,na,2052,912,24,912,67,48,0,1,0,
no_finite_o_quantification,SEV/SEV150^5.p,TH0,Theorem,timeout,na,2050,749,17,749,86,15,0,0,0,
no_finite_o_quantification,SEV/SEV152^5.p,TH0,Theorem,timeout,na,2098,1230,21,1230,178,2,0,0,0,
no_finite_o_quantification,SEV/SEV153^5.p,TH0,Theorem,timeout,na,2069,1027,32,1027,129,2,0,0,0,
no_finite_o_quantification,SEV/SEV154^5.p,TH0,Theorem,timeout,na,2091,1237,15,1237,174,2,0,0,0,
no_finite_o_quantification,SEV/SEV155^5.p,TH0,Theorem,timeout,na,2116,1219,25,1219,212,2,0,0,0,
no_finite_o_quantification,SEV/SEV156^5.p,TH0,Theorem,timeout,na,2117,1235,27,1235,206,2,0,0,0,
no_finite_o_quantification,SEV/SEV157^5.p,TH0,Theorem,timeout,na,2123,1245,27,1245,209,2,0,0,0,
no_finite_o_quantification,SEV/SEV158^5.p,TH0,Theorem,timeout,na,2026,269,7,269,37,0,0,1,0,
no_finite_o_quantification,SEV/SEV159^5.p,TH0,Theorem,thm,yes,5,3,0,3,1,1,0,0,0,
no_finite_o_quantification,SEV/SEV160^5.p,TH0,Theorem,thm,yes,4,1,0,1,1,1,0,0,0,
no_finite_o_quantification,SEV/SEV161^5.p,TH0,Theorem,thm,yes,5,4,0,4,1,1,0,0,0,
no_finite_o_quantification,SEV/SEV162^5.p,TH0,Theorem,thm,yes,33,36,2,36,3,2,0,1,1,
no_finite_o_quantification,SEV/SEV163^5.p,TH0,Theorem,timeout,na,2005,71,2,71,5,3,0,5,0,
no_finite_o_quantification,SEV/SEV164^5.p,TH0,Theorem,thm,yes,24,25,0,25,3,1,0,1,1,
no_finite_o_quantification,SEV/SEV165^5.p,TH0,Theorem,timeout,na,2008,15,0,15,3,0,0,0,0,
no_finite_o_quantification,SEV/SEV166^5.p,TH0,Theorem,timeout,na,2061,2096,67,2096,236,21,0,1,0,
no_finite_o_quantification,SEV/SEV167^5.p,TH0,Theorem,timeout,na,2050,655,14,655,71,19,0,1,0,
no_finite_o_quantification,SEV/SEV168^5.p,TH0,Theorem,timeout,na,2011,83,3,83,5,3,0,1,0,
no_finite_o_quantification,SEV/SEV169^5.p,TH0,Theorem,timeout,na,2032,1257,67,1257,81,8,0,4,0,
no_finite_o_quantification,SEV/SEV170^5.p,TH0,Theorem,timeout,na,2109,952,13,952,186,55,0,0,0,
no_finite_o_quantification,SEV/SEV171^5.p,TH0,Theorem,timeout,na,2030,389,12,389,40,8,0,0,0,
no_finite_o_quantification,SEV/SEV172^5.p,TH0,CounterSatisfiable,timeout,na,2044,1676,71,1676,149,90,0,0,0,
no_finite_o_quantification,SEV/SEV173^5.p,TH0,CounterSatisfiable,timeout,na,2055,1742,32,1742,238,131,0,0,0,
no_finite_o_quantification,SEV/SEV174^5.p,TH0,Theorem,timeout,na,2029,1373,73,1373,67,42,0,1,0,
no_finite_o_quantification,SEV/SEV175^5.p,TH0,Theorem,timeout,na,2029,592,3,592,100,38,0,5,0,
no_finite_o_quantification,SEV/SEV176^5.p,TH0,Theorem,timeout,na,2191,5484,23,5484,1049,237,0,4,0,
no_finite_o_quantification,SEV/SEV177^5.p,TH0,Theorem,timeout,na,2037,2062,92,2062,172,12,0,1,0,
no_finite_o_quantification,SEV/SEV179^5.p,TH0,Theorem,timeout,na,2022,497,1,497,95,24,0,5,0,
no_finite_o_quantification,SEV/SEV180^5.p,TH0,CounterSatisfiable,timeout,na,2072,3188,40,3188,271,255,0,0,0,
no_finite_o_quantification,SEV/SEV181^5.p,TH0,Theorem,timeout,na,2175,1766,18,1766,1076,40,0,1,0,
no_finite_o_quantification,SEV/SEV182^5.p,TH0,Unknown,timeout,na,2043,1015,8,1015,168,22,0,0,0,
no_finite_o_quantification,SEV/SEV183^5.p,TH0,Theorem,timeout,na,2086,674,5,674,122,1,0,0,0,
no_finite_o_quantification,SEV/SEV184^5.p,TH0,Unknown,timeout,na,2115,193,4,193,29,0,0,0,0,
no_finite_o_quantification,SEV/SEV185^5.p,TH0,Theorem,timeout,na,2039,1196,66,1196,89,5,0,1,0,
no_finite_o_quantification,SEV/SEV186^5.p,TH0,Theorem,timeout,na,2051,1286,52,1286,101,35,0,1,0,
no_finite_o_quantification,SEV/SEV187^5.p,TH0,Theorem,thm,yes,6,2,0,2,1,1,0,0,0,
no_finite_o_quantification,SEV/SEV188^5.p,TH0,Theorem,thm,yes,5,2,0,2,1,1,0,0,0,
no_finite_o_quantification,SEV/SEV189^5.p,TH0,Theorem,timeout,na,2032,771,11,771,124,12,0,0,0,
no_finite_o_quantification,SEV/SEV190^5.p,TH0,Theorem,timeout,na,2069,1617,66,1617,149,10,0,1,0,
no_finite_o_quantification,SEV/SEV191^5.p,TH0,Theorem,timeout,na,2189,3355,111,3355,204,15,0,0,0,
no_finite_o_quantification,SEV/SEV192^5.p,TH0,Theorem,timeout,na,2074,111,3,111,12,0,0,1,0,
no_finite_o_quantification,SEV/SEV193^5.p,TH0,Unknown,timeout,na,2048,858,14,858,112,3,0,0,0,
no_finite_o_quantification,SEV/SEV194^5.p,TH0,Theorem,timeout,na,2038,489,15,489,66,7,0,0,0,
no_finite_o_quantification,SEV/SEV195^5.p,TH0,Theorem,timeout,na,2040,1781,71,1781,141,35,0,1,0,
no_finite_o_quantification,SEV/SEV196^5.p,TH0,Theorem,timeout,na,2035,631,20,631,82,26,0,0,0,
no_finite_o_quantification,SEV/SEV197^5.p,TH0,Theorem,thm,yes,23,1,0,1,1,1,0,0,0,
no_finite_o_quantification,SEV/SEV198^5.p,TH0,Theorem,timeout,na,2029,239,5,239,38,4,0,1,0,
no_finite_o_quantification,SEV/SEV199^5.p,TH0,Theorem,timeout,na,2051,1118,34,1118,119,35,0,1,0,
no_finite_o_quantification,SEV/SEV200^5.p,TH0,Theorem,timeout,na,2058,1046,20,1046,124,43,0,1,0,
no_finite_o_quantification,SEV/SEV203^5.p,TH0,Theorem,timeout,na,2052,823,7,823,116,24,0,1,0,
no_finite_o_quantification,SEV/SEV204^5.p,TH0,Theorem,timeout,na,2053,804,21,804,104,19,0,1,0,
no_finite_o_quantification,SEV/SEV205^5.p,TH0,Theorem,timeout,na,2078,2295,61,2295,258,90,0,1,0,
no_finite_o_quantification,SEV/SEV206^5.p,TH0,Theorem,timeout,na,2044,370,11,370,37,6,0,2,0,
no_finite_o_quantification,SEV/SEV207^5.p,TH0,Theorem,timeout,na,2047,311,14,311,24,1,0,2,0,
no_finite_o_quantification,SEV/SEV208^5.p,TH0,Theorem,timeout,na,2044,178,9,178,14,0,0,5,0,
no_finite_o_quantification,SEV/SEV209^5.p,TH0,Unknown,timeout,na,2055,97,5,97,12,2,0,0,0,
no_finite_o_quantification,SEV/SEV210^5.p,TH0,Theorem,timeout,na,2050,207,11,207,14,0,0,2,0,
no_finite_o_quantification,SEV/SEV211^5.p,TH0,Unknown,timeout,na,2064,303,9,303,31,3,0,2,0,
no_finite_o_quantification,SEV/SEV212^5.p,TH0,Theorem,timeout,na,2057,203,9,203,16,0,0,0,0,
no_finite_o_quantification,SEV/SEV213^5.p,TH0,Unknown,timeout,na,2096,550,14,550,64,15,0,1,0,
no_finite_o_quantification,SEV/SEV214^5.p,TH0,Theorem,timeout,na,2063,2269,57,2269,262,45,0,1,0,
no_finite_o_quantification,SEV/SEV215^5.p,TH0,Unknown,timeout,na,2091,313,13,313,37,0,0,0,0,
no_finite_o_quantification,SEV/SEV216^5.p,TH0,Unknown,timeout,na,2106,59,3,59,5,0,0,0,0,
no_finite_o_quantification,SEV/SEV217^5.p,TH0,Unknown,timeout,na,2154,48,4,48,2,0,0,0,0,
no_finite_o_quantification,SEV/SEV218^5.p,TH0,Theorem,timeout,na,2144,4452,99,4452,798,113,0,1,0,
no_finite_o_quantification,SEV/SEV219^5.p,TH0,Unknown,timeout,na,2095,113,5,113,13,0,0,0,0,
no_finite_o_quantification,SEV/SEV220^5.p,TH0,Theorem,timeout,na,2074,2310,61,2309,296,18,0,3,0,
no_finite_o_quantification,SEV/SEV221^5.p,TH0,Theorem,timeout,na,2061,1778,28,1778,118,47,0,0,0,
no_finite_o_quantification,SEV/SEV222^5.p,TH0,Theorem,timeout,na,2064,2414,59,2413,301,55,0,1,0,
no_finite_o_quantification,SEV/SEV223^5.p,TH0,Theorem,timeout,na,2034,1308,50,1308,120,32,0,0,0,
no_finite_o_quantification,SEV/SEV224^5.p,TH0,Theorem,timeout,na,2023,131,3,131,11,6,0,2,0,
no_finite_o_quantification,SEV/SEV225^5.p,TH0,Theorem,thm,yes,12,7,0,7,1,0,0,1,1,
no_finite_o_quantification,SEV/SEV226^5.p,TH0,CounterSatisfiable,timeout,na,2062,1249,40,1249,150,0,0,1,0,
no_finite_o_quantification,SEV/SEV227^5.p,TH0,Theorem,timeout,na,2100,2639,91,2639,265,93,0,0,0,
no_finite_o_quantification,SEV/SEV228^5.p,TH0,Theorem,timeout,na,2095,2385,17,2385,504,68,0,1,0,
no_finite_o_quantification,SEV/SEV229^5.p,TH0,Theorem,timeout,na,2010,664,0,664,54,126,0,2,0,
no_finite_o_quantification,SEV/SEV230^5.p,TH0,Theorem,thm,yes,59,72,1,72,9,6,0,1,1,
no_finite_o_quantification,SEV/SEV231^5.p,TH0,Theorem,timeout,na,2104,2565,26,2565,581,159,0,1,0,
no_finite_o_quantification,SEV/SEV232^5.p,TH0,Theorem,thm,yes,16,1,0,1,1,1,0,0,0,
no_finite_o_quantification,SEV/SEV233^5.p,TH0,Theorem,thm,yes,44,90,0,90,11,8,0,1,1,
no_finite_o_quantification,SEV/SEV234^5.p,TH0,Theorem,timeout,na,2025,470,14,470,75,9,0,1,0,
no_finite_o_quantification,SEV/SEV235^5.p,TH0,Theorem,thm,yes,106,315,2,315,31,47,0,1,1,
no_finite_o_quantification,SEV/SEV236^5.p,TH0,Theorem,timeout,na,2028,740,38,740,51,7,0,1,0,
no_finite_o_quantification,SEV/SEV237^5.p,TH0,Theorem,timeout,na,2029,494,15,494,66,5,0,1,0,
no_finite_o_quantification,SEV/SEV238^5.p,TH0,Theorem,timeout,na,2039,287,3,287,32,16,0,1,0,
no_finite_o_quantification,SEV/SEV239^5.p,TH0,Theorem,timeout,na,2044,2319,109,2319,193,47,0,1,0,
no_finite_o_quantification,SEV/SEV240^5.p,TH0,Theorem,thm,yes,24,11,0,11,2,0,0,1,1,
no_finite_o_quantification,SEV/SEV241^5.p,TH0,Theorem,thm,yes,27,12,0,12,2,2,0,0,0,
no_finite_o_quantification,SEV/SEV242^5.p,TH0,Theorem,timeout,na,2041,887,18,887,157,15,0,1,0,
no_finite_o_quantification,SEV/SEV243^5.p,TH0,Theorem,timeout,na,2024,934,50,934,68,9,0,1,0,
no_finite_o_quantification,SEV/SEV244^6.p,TH0,Theorem,timeout,na,2029,811,38,811,64,6,0,1,0,
no_finite_o_quantification,SEV/SEV245^5.p,TH0,Theorem,timeout,na,2032,1004,58,1004,61,8,0,1,0,
no_finite_o_quantification,SEV/SEV245^6.p,TH0,Theorem,timeout,na,2036,1338,79,1338,92,10,0,1,0,
no_finite_o_quantification,SEV/SEV246^5.p,TH0,Theorem,timeout,na,2025,761,33,761,44,16,0,5,0,
no_finite_o_quantification,SEV/SEV246^6.p,TH0,Theorem,timeout,na,2027,1043,60,1043,63,4,0,5,0,
no_finite_o_quantification,SEV/SEV248^5.p,TH0,Theorem,timeout,na,2047,1288,11,1288,210,95,0,0,0,
no_finite_o_quantification,SEV/SEV249^5.p,TH0,Theorem,timeout,na,2027,595,21,595,76,4,0,1,0,
no_finite_o_quantification,SEV/SEV250^5.p,TH0,Unknown,timeout,na,2051,553,17,553,93,0,0,0,0,
no_finite_o_quantification,SEV/SEV251^5.p,TH0,CounterSatisfiable,timeout,na,2035,1054,40,1054,107,0,0,1,0,
no_finite_o_quantification,SEV/SEV252^5.p,TH0,Theorem,timeout,na,2032,940,45,940,75,6,0,1,0,
no_finite_o_quantification,SEV/SEV253^5.p,TH0,Theorem,timeout,na,2029,249,8,249,32,0,0,0,0,
no_finite_o_quantification,SEV/SEV254^5.p,TH0,Theorem,timeout,na,2045,560,5,560,85,16,0,0,0,
no_finite_o_quantification,SEV/SEV256^5.p,TH0,Theorem,timeout,na,2030,714,22,714,90,4,0,0,0,
no_finite_o_quantification,SEV/SEV257^5.p,TH0,Theorem,timeout,na,2061,1711,46,1711,187,77,0,0,0,
no_finite_o_quantification,SEV/SEV258^5.p,TH0,Theorem,thm,yes,21,13,0,13,2,3,0,0,0,
no_finite_o_quantification,SEV/SEV259^5.p,TH0,Theorem,timeout,na,2039,382,11,382,58,0,0,1,0,
no_finite_o_quantification,SEV/SEV260^5.p,TH0,Theorem,timeout,na,2096,1010,29,1010,145,0,0,0,0,
no_finite_o_quantification,SEV/SEV261^5.p,TH0,Theorem,timeout,na,2038,785,35,785,106,22,0,0,0,
no_finite_o_quantification,SEV/SEV262^5.p,TH0,Theorem,timeout,na,2044,966,53,966,95,16,0,0,0,
no_finite_o_quantification,SEV/SEV263^5.p,TH0,Theorem,timeout,na,2026,633,32,633,57,4,0,1,0,
no_finite_o_quantification,SEV/SEV264^5.p,TH0,Unknown,timeout,na,2030,713,19,713,102,16,0,1,0,
no_finite_o_quantification,SEV/SEV265^5.p,TH0,Unknown,timeout,na,2038,711,12,711,132,2,0,0,0,
no_finite_o_quantification,SEV/SEV266^5.p,TH0,Theorem,timeout,na,2052,899,28,899,133,18,0,0,0,
no_finite_o_quantification,SEV/SEV267^5.p,TH0,Theorem,timeout,na,2046,1027,41,1027,124,15,0,0,0,
no_finite_o_quantification,SEV/SEV268^5.p,TH0,Unknown,timeout,na,2058,497,16,497,87,1,0,0,0,
no_finite_o_quantification,SEV/SEV269^5.p,TH0,Unknown,timeout,na,2043,398,14,398,55,3,0,0,0,
no_finite_o_quantification,SEV/SEV270^5.p,TH0,Unknown,timeout,na,2048,663,43,663,38,0,0,1,0,
no_finite_o_quantification,SEV/SEV271^5.p,TH0,Unknown,timeout,na,2105,912,31,912,103,1,0,0,0,
no_finite_o_quantification,SEV/SEV272^5.p,TH0,Theorem,thm,yes,25,1,0,1,1,1,0,0,0,
no_finite_o_quantification,SEV/SEV273^5.p,TH0,Theorem,timeout,na,2036,916,12,916,145,0,0,2,0,
no_finite_o_quantification,SEV/SEV274^5.p,TH0,Theorem,timeout,na,2039,1317,40,1317,152,0,0,2,0,
no_finite_o_quantification,SEV/SEV275^5.p,TH0,Unknown,timeout,na,2024,1368,100,1368,55,0,0,2,0,
no_finite_o_quantification,SEV/SEV276^5.p,TH0,Theorem,timeout,na,2061,1309,20,1309,200,0,0,2,0,
no_finite_o_quantification,SEV/SEV277^5.p,TH0,Unknown,timeout,na,2052,1226,20,1226,179,0,0,2,0,
no_finite_o_quantification,SEV/SEV278^5.p,TH0,Unknown,timeout,na,2028,526,14,526,45,8,0,2,0,
no_finite_o_quantification,SEV/SEV279^5.p,TH0,Unknown,timeout,na,2023,731,46,731,36,0,0,2,0,
no_finite_o_quantification,SEV/SEV280^5.p,TH0,Unknown,timeout,na,2040,1127,53,1127,113,8,0,1,0,
no_finite_o_quantification,SEV/SEV281^5.p,TH0,Unknown,timeout,na,2032,659,39,659,46,0,0,4,0,
no_finite_o_quantification,SEV/SEV282^5.p,TH0,Theorem,thm,yes,21,3,0,3,1,1,0,0,0,
no_finite_o_quantification,SEV/SEV285^5.p,TH0,Theorem,timeout,na,2004,89,3,89,5,3,0,4,0,
no_finite_o_quantification,SEV/SEV286^5.p,TH0,Theorem,thm,yes,13,11,1,11,1,1,0,0,0,
no_finite_o_quantification,SEV/SEV288^5.p,TH0,Theorem,timeout,na,2002,79,3,79,5,4,0,4,0,
no_finite_o_quantification,SEV/SEV289^5.p,TH0,Theorem,timeout,na,2012,90,3,90,14,0,0,1,0,
no_finite_o_quantification,SEV/SEV290^5.p,TH0,Theorem,thm,yes,37,4,0,4,1,0,0,1,1,
no_finite_o_quantification,SEV/SEV291^5.p,TH0,Theorem,timeout,na,2019,203,11,203,21,0,0,1,0,
no_finite_o_quantification,SEV/SEV292^5.p,TH0,Theorem,timeout,na,2036,371,4,371,62,8,0,0,0,
no_finite_o_quantification,SEV/SEV293^5.p,TH0,Theorem,timeout,na,2081,3927,163,3927,215,64,0,0,0,
no_finite_o_quantification,SEV/SEV294^5.p,TH0,Theorem,timeout,na,2033,265,1,265,56,4,0,1,0,
no_finite_o_quantification,SEV/SEV295^5.p,TH0,Theorem,timeout,na,2033,167,7,167,19,0,0,1,0,
no_finite_o_quantification,SEV/SEV296^5.p,TH0,CounterSatisfiable,timeout,na,2036,159,2,159,12,6,0,2,0,
no_finite_o_quantification,SEV/SEV297^5.p,TH0,Unknown,timeout,na,2030,375,12,375,47,0,0,1,0,
no_finite_o_quantification,SEV/SEV298^5.p,TH0,CounterSatisfiable,timeout,na,2031,555,15,555,65,16,0,2,0,
no_finite_o_quantification,SEV/SEV299^5.p,TH0,Theorem,timeout,na,2024,162,2,162,23,2,0,3,0,
no_finite_o_quantification,SEV/SEV300^5.p,TH0,Theorem,timeout,na,2067,3602,199,3602,241,70,0,1,0,
no_finite_o_quantification,SEV/SEV301^5.p,TH0,Unknown,timeout,na,2034,262,7,262,26,8,0,1,0,
no_finite_o_quantification,SEV/SEV302^5.p,TH0,Theorem,timeout,na,2053,297,1,297,54,14,0,1,0,
no_finite_o_quantification,SEV/SEV303^5.p,TH0,Theorem,timeout,na,2057,268,1,268,48,8,0,1,0,
no_finite_o_quantification,SEV/SEV304^5.p,TH0,CounterSatisfiable,timeout,na,2041,879,69,879,37,0,0,0,0,
no_finite_o_quantification,SEV/SEV305^5.p,TH0,Theorem,timeout,na,2038,998,48,998,144,1,0,3,0,
no_finite_o_quantification,SEV/SEV305^6.p,TH0,Theorem,timeout,na,2042,1015,58,1015,138,9,0,4,0,
no_finite_o_quantification,SEV/SEV306^5.p,TH0,Theorem,timeout,na,2047,1451,83,1451,92,8,0,3,0,
no_finite_o_quantification,SEV/SEV308^5.p,TH0,Theorem,timeout,na,2022,652,29,652,47,14,0,2,0,
no_finite_o_quantification,SEV/SEV309^5.p,TH0,Theorem,timeout,na,2025,866,58,866,45,5,0,1,0,
no_finite_o_quantification,SEV/SEV310^5.p,TH0,Theorem,timeout,na,2024,1124,72,1124,58,2,0,5,0,
no_finite_o_quantification,SEV/SEV311^5.p,TH0,Theorem,timeout,na,2030,973,53,973,62,12,0,1,0,
no_finite_o_quantification,SEV/SEV312^5.p,TH0,Theorem,timeout,na,2113,1434,12,1434,695,1,0,4,0,
no_finite_o_quantification,SEV/SEV313^5.p,TH0,Unknown,timeout,na,2021,638,34,638,59,0,0,0,0,
no_finite_o_quantification,SEV/SEV314^5.p,TH0,Unknown,timeout,na,2042,285,4,285,55,0,0,0,0,
no_finite_o_quantification,SEV/SEV315^5.p,TH0,Unknown,timeout,na,2049,271,10,271,34,0,0,0,0,
no_finite_o_quantification,SEV/SEV316^5.p,TH0,CounterSatisfiable,timeout,na,2058,141,3,141,20,3,0,0,0,
no_finite_o_quantification,SEV/SEV317^5.p,TH0,Theorem,timeout,na,2066,1398,95,1398,102,6,0,1,0,
no_finite_o_quantification,SEV/SEV318^5.p,TH0,Theorem,timeout,na,2046,1500,110,1500,104,0,0,1,0,
no_finite_o_quantification,SEV/SEV319^5.p,TH0,Theorem,timeout,na,2038,1595,119,1595,88,0,0,1,0,
no_finite_o_quantification,SEV/SEV319^6.p,TH0,Theorem,timeout,na,2051,1516,109,1516,115,0,0,1,0,
no_finite_o_quantification,SEV/SEV321^5.p,TH0,Theorem,timeout,na,2036,1488,112,1488,99,0,0,1,0,
no_finite_o_quantification,SEV/SEV322^5.p,TH0,CounterSatisfiable,csa,yes,3,1,0,1,1,0,1,0,0,cGVB_IN z cGVB_ZERO
no_finite_o_quantification,SEV/SEV323^5.p,TH0,CounterSatisfiable,csa,yes,5,6,0,6,2,0,1,0,0,cGVB_IN z cGVB_V  ¬(cGVB_M z)
no_finite_o_quantification,SEV/SEV324^5.p,TH0,CounterSatisfiable,csa,yes,10,6,0,6,2,0,1,0,0,C[10PVS5] (cGVB_SING x)  ¬(C[10PVS5] (cGVB_NOP x x))
no_finite_o_quantification,SEV/SEV325^5.p,TH0,CounterSatisfiable,csa,yes,3,3,0,3,1,0,1,0,0,cGVB_IN x y  ¬(cGVB_M x)
no_finite_o_quantification,SEV/SEV326^5.p,TH0,CounterSatisfiable,csa,yes,10,6,0,6,2,0,1,0,0,C[IFMD5] (cGVB_SUCC x)  ¬(C[IFMD5] (cGVB_UNION x (cGVB_SING x)))
no_finite_o_quantification,SEV/SEV327^5.p,TH0,CounterSatisfiable,csa,yes,7,8,0,8,3,0,1,0,0,cGVB_FUNCTION z  ¬(cGVB_RELATION z)
no_finite_o_quantification,SEV/SEV328^5.p,TH0,CounterSatisfiable,csa,yes,11,7,0,7,2,0,1,0,0,C[RY88B] (cGVB_RESTRICT x y)  ¬(C[RY88B] (cGVB_INTERSECT x (cGVB_CROSS y cGVB_V)))
no_finite_o_quantification,SEV/SEV329^5.p,TH0,CounterSatisfiable,csa,yes,7,6,0,6,3,0,1,0,0,cGVB_ONE_ONE f  ¬(cGVB_FUNCTION f)
no_finite_o_quantification,SEV/SEV330^5.p,TH0,CounterSatisfiable,csa,yes,11,7,0,7,2,0,1,0,0,C[24K7M9] (cGVB_UNION x y)  ¬(C[24K7M9] (cGVB_COMPLEMENT (cGVB_INTERSECT (cGVB_COMPLEMENT x) (cGVB_COMPLEMENT y))))
no_finite_o_quantification,SEV/SEV331^5.p,TH0,CounterSatisfiable,csa,yes,10,7,0,7,2,0,1,0,0,C[2299IV] (cGVB_OP x y)  ¬(C[2299IV] (cGVB_NOP (cGVB_SING x) (cGVB_NOP x y)))
no_finite_o_quantification,SEV/SEV332^5.p,TH0,CounterSatisfiable,csa,yes,11,8,0,8,2,0,1,0,0,C[1ACNZD] (cGVB_APP2 f x y)  ¬(C[1ACNZD] (cGVB_APPLY f (cGVB_OP x y)))
no_finite_o_quantification,SEV/SEV333^5.p,TH0,CounterSatisfiable,csa,yes,8,8,0,8,3,0,1,0,0,cGVB_IN z (cGVB_POWERSET x)  ¬(cGVB_M z)
no_finite_o_quantification,SEV/SEV334^5.p,TH0,CounterSatisfiable,csa,yes,7,7,0,7,3,0,1,0,0,cGVB_IN z (cGVB_COMPLEMENT x)  ¬(cGVB_M z)
no_finite_o_quantification,SEV/SEV335^5.p,TH0,CounterSatisfiable,csa,yes,9,7,0,7,3,0,1,0,0,¬(cGVB_SUBSET x y)  cGVB_PROP_SUBSET x y
no_finite_o_quantification,SEV/SEV336^5.p,TH0,CounterSatisfiable,csa,yes,18,28,0,28,6,1,1,0,0,cGVB_RELATION z  cGVB_M C[AS51]  cGVB_IN C[AS51] z  ¬(cGVB_OPP C[AS51])
no_finite_o_quantification,SEV/SEV337^5.p,TH0,CounterSatisfiable,csa,yes,12,12,0,12,3,0,1,0,0,cGVB_IN z cGVB_ESTIN  ¬(cGVB_M z)
no_finite_o_quantification,SEV/SEV338^5.p,TH0,CounterSatisfiable,csa,yes,11,7,0,7,3,0,1,0,0,cGVB_IN z cGVB_IDENT  ¬(cGVB_M z)
no_finite_o_quantification,SEV/SEV339^5.p,TH0,CounterSatisfiable,csa,yes,11,8,0,8,3,0,1,0,0,cGVB_IN z (cGVB_INTERSECT x y)  ¬(cGVB_M z)
no_finite_o_quantification,SEV/SEV340^5.p,TH0,CounterSatisfiable,csa,yes,18,20,0,20,4,1,1,0,0,¬(cGVB_M C[QLBEV])  cGVB_SUBSET x y
no_finite_o_quantification,SEV/SEV341^5.p,TH0,CounterSatisfiable,csa,yes,11,9,0,9,3,0,1,0,0,cGVB_CLOSED x f  ¬(cGVB_M x)
no_finite_o_quantification,SEV/SEV342^5.p,TH0,CounterSatisfiable,csa,yes,11,9,0,9,3,0,1,0,0,¬(cGVB_M u)  cGVB_IN u (cGVB_NOP x y)
no_finite_o_quantification,SEV/SEV343^5.p,TH0,CounterSatisfiable,timeout,na,2075,3782,71,3782,427,244,0,0,0,
no_finite_o_quantification,SEV/SEV344^5.p,TH0,CounterSatisfiable,timeout,na,2108,4306,157,4306,506,3,0,0,0,
no_finite_o_quantification,SEV/SEV345^5.p,TH0,CounterSatisfiable,csa,yes,11,9,0,9,3,0,1,0,0,¬(cGVB_FUNCTION f)  cGVB_MAPS f x y
no_finite_o_quantification,SEV/SEV346^5.p,TH0,CounterSatisfiable,csa,yes,17,24,0,24,5,1,1,0,0,cGVB_DISJOINT x y  cGVB_M C[Q0V75]  cGVB_IN C[Q0V75] x  cGVB_IN C[Q0V75] y
no_finite_o_quantification,SEV/SEV347^5.p,TH0,CounterSatisfiable,csa,yes,12,7,0,7,3,0,1,0,0,cGVB_IN z (cGVB_CONVERSE x)  ¬(cGVB_M z)
no_finite_o_quantification,SEV/SEV348^5.p,TH0,CounterSatisfiable,timeout,na,2049,3553,214,3553,132,23,0,0,0,
no_finite_o_quantification,SEV/SEV349^5.p,TH0,CounterSatisfiable,timeout,na,2141,6125,25,6125,205,238,0,0,0,
no_finite_o_quantification,SEV/SEV350^5.p,TH0,CounterSatisfiable,csa,yes,19,26,2,26,4,0,1,0,0,cGVB_IN z C[1ZML5Z]  cGVB_M C[1ZML5Z]  cGVB_IN C[1ZML5Z] x  cGVB_IN z (cGVB_SIGMA x)  ¬(cGVB_M z)
no_finite_o_quantification,SEV/SEV351^5.p,TH0,CounterSatisfiable,csa,yes,15,9,0,9,3,0,1,0,0,cGVB_IN z (cGVB_CROSS x y)  ¬(cGVB_M z)
no_finite_o_quantification,SEV/SEV352^5.p,TH0,CounterSatisfiable,timeout,na,2085,4031,162,4031,199,78,0,0,0,
no_finite_o_quantification,SEV/SEV354^5.p,TH0,CounterSatisfiable,timeout,na,2159,5615,71,5615,160,337,0,0,0,
no_finite_o_quantification,SEV/SEV355^5.p,TH0,CounterSatisfiable,timeout,na,2062,3119,151,3119,177,57,0,0,0,
no_finite_o_quantification,SEV/SEV356^5.p,TH0,CounterSatisfiable,timeout,na,2065,3427,155,3427,163,91,0,0,0,
no_finite_o_quantification,SEV/SEV357^5.p,TH0,CounterSatisfiable,timeout,na,2115,4486,69,4486,301,113,0,0,0,
no_finite_o_quantification,SEV/SEV358^5.p,TH0,CounterSatisfiable,timeout,na,2080,3385,53,3385,248,126,0,0,0,
no_finite_o_quantification,SEV/SEV359^5.p,TH0,CounterSatisfiable,timeout,na,2168,4497,39,4497,184,190,0,0,0,
no_finite_o_quantification,SEV/SEV360^5.p,TH0,CounterSatisfiable,timeout,na,2047,3613,234,3613,153,22,0,0,0,
no_finite_o_quantification,SEV/SEV361^5.p,TH0,CounterSatisfiable,csa,yes,81,62,1,62,9,2,1,0,0,cGVB_M C[1JT93K]  cGVB_IN (cGVB_OP C[1JT93K] C[276OMW]) x  cGVB_M C[276OMW]  cGVB_IN (cGVB_OP C[1JT93K] C[1QVPWR]) x  cGVB_M C[1QVPWR]  C[J0FZE] C[276OMW]  ¬(C[J0FZE] C[1QVPWR])  cGVB_SING_VAL x
no_finite_o_quantification,SEV/SEV362^5.p,TH0,CounterSatisfiable,timeout,na,2053,2419,122,2419,219,53,0,0,0,
no_finite_o_quantification,SEV/SEV363^5.p,TH0,CounterSatisfiable,timeout,na,2050,2453,123,2453,192,45,0,0,0,
no_finite_o_quantification,SEV/SEV364^5.p,TH0,CounterSatisfiable,timeout,na,2061,2589,136,2589,222,35,0,0,0,
no_finite_o_quantification,SEV/SEV365^5.p,TH0,CounterSatisfiable,csa,yes,184,169,1,169,24,5,1,0,0,cGVB_IN C[66U3U] s1  cGVB_IN C[JS6JV] s1  C[11SZK2] (cGVB_APPLY h (cGVB_APP2 f1 C[66U3U] C[JS6JV]))  ¬(C[11SZK2] (cGVB_APP2 f2 (cGVB_APPLY h C[66U3U]) (cGVB_APPLY h C[JS6JV])))  cGVB_HOMOM h s1 f1 s2 
no_finite_o_quantification,SEV/SEV366^5.p,TH0,CounterSatisfiable,csa,yes,3,1,0,1,1,0,1,0,0,¬(cGVB_M (cGVB_OP a b))
no_finite_o_quantification,SEV/SEV368^5.p,TH0,CounterSatisfiable,csa,yes,4,3,0,3,1,0,1,0,0,cGVB_M u  ¬(cGVB_M (cGVB_POWERSET u))
no_finite_o_quantification,SEV/SEV369^5.p,TH0,CounterSatisfiable,csa,yes,6,5,0,5,1,0,1,0,0,cGVB_M x  cGVB_FUNCTION f  ¬(cGVB_M (cGVB_IMAGE x f))
no_finite_o_quantification,SEV/SEV370^5.p,TH0,CounterSatisfiable,csa,yes,11,7,0,7,1,0,1,0,0,cGVB_M C[YBBDL]  cGVB_M C[1XTAMG]  ¬(cGVB_M (cGVB_COMPOSE C[YBBDL] C[1XTAMG]))
no_finite_o_quantification,SEV/SEV371^5.p,TH0,CounterSatisfiable,csa,yes,19,12,0,12,2,0,1,0,0,cGVB_M C[LBJW2]  cGVB_M C[1J52SZ]  C[7ZSBG] (cGVB_SECOND (cGVB_OP C[LBJW2] C[1J52SZ]))  ¬(C[7ZSBG] C[1J52SZ])
no_finite_o_quantification,SEV/SEV372^5.p,TH0,CounterSatisfiable,csa,yes,17,12,0,12,2,0,1,0,0,cGVB_M C[T14J5]  cGVB_M C[16Q5QD]  C[1POJXQ] (cGVB_FIRST (cGVB_OP C[T14J5] C[16Q5QD]))  ¬(C[1POJXQ] C[T14J5])
no_finite_o_quantification,SEV/SEV373^5.p,TH0,CounterSatisfiable,csa,yes,16,10,0,10,2,0,1,0,0,C[27PF9A] (cGVB_COMPOSE C[22V7XN] (cGVB_COMPOSE C[E9Q83] C[22XCTL]))  ¬(C[27PF9A] (cGVB_COMPOSE (cGVB_COMPOSE C[22V7XN] C[E9Q83]) C[22XCTL]))
no_finite_o_quantification,SEV/SEV374^5.p,TH0,CounterSatisfiable,timeout,na,2038,2625,155,2625,123,3,0,0,0,
no_finite_o_quantification,SEV/SEV375^5.p,TH0,CounterSatisfiable,timeout,na,2042,2525,105,2525,136,16,0,0,0,
no_finite_o_quantification,SEV/SEV376^5.p,TH0,CounterSatisfiable,csa,yes,11,5,0,5,1,0,1,0,0,cGVB_HOMOM h1 s1 f1 s2 f2  cGVB_HOMOM h2 s2 f2 s3 f3  ¬(cGVB_HOMOM (cGVB_COMPOSE h2 h1) s1 f1 s3 f3)
no_finite_o_quantification,SEV/SEV377^5.p,TH0,CounterSatisfiable,csa,yes,26,16,0,16,2,0,1,0,0,cGVB_FUNCTION C[1T0029]  cGVB_IN C[1XHT6B] (cGVB_DOMAIN C[1T0029])  C[23DO8B] (cGVB_APPLY C[241DAX] (cGVB_APPLY C[1T0029] C[1XHT6B]))  ¬(C[23DO8B] (cGVB_APPLY (cGVB_COMPOSE C[241DAX] C[1T0029]) C[1XHT
no_finite_o_quantification,SEV/SEV378^5.p,TH0,CounterSatisfiable,timeout,na,2046,2400,126,2400,115,16,0,0,0,
no_finite_o_quantification,SEV/SEV379^5.p,TH0,CounterSatisfiable,timeout,na,2008,843,81,843,5,3,0,0,0,
no_finite_o_quantification,SEV/SEV380^5.p,TH0,CounterSatisfiable,timeout,na,2063,3626,235,3626,125,17,0,0,0,
no_finite_o_quantification,SEV/SEV381^5.p,TH0,CounterSatisfiable,timeout,na,2061,2343,125,2343,110,25,0,0,0,
no_finite_o_quantification,SEV/SEV382^5.p,TH0,Theorem,timeout,na,2142,3320,19,3320,383,219,0,1,0,
no_finite_o_quantification,SEV/SEV383^5.p,TH0,Theorem,thm,yes,5,3,0,3,1,0,0,1,1,
no_finite_o_quantification,SEV/SEV384^5.p,TH0,Theorem,timeout,na,2102,2461,82,2461,259,89,0,1,0,
no_finite_o_quantification,SEV/SEV385^5.p,TH0,Theorem,timeout,na,2041,2478,131,2478,175,26,0,1,0,
no_finite_o_quantification,SEV/SEV386^5.p,TH0,Theorem,timeout,na,2053,3529,187,3529,262,67,0,1,0,
no_finite_o_quantification,SEV/SEV387^5.p,TH0,Theorem,thm,yes,25,4,0,4,1,1,0,0,0,
no_finite_o_quantification,SEV/SEV388^5.p,TH0,Theorem,thm,yes,6,3,0,3,1,1,0,0,0,
no_finite_o_quantification,SEV/SEV389^5.p,TH0,Theorem,thm,yes,11,12,0,12,2,0,0,1,1,
no_finite_o_quantification,SEV/SEV390^5.p,TH0,Theorem,thm,yes,12,12,0,12,2,0,0,1,1,
no_finite_o_quantification,SEV/SEV391^5.p,TH0,Theorem,thm,yes,54,28,1,28,3,2,0,4,1,
no_finite_o_quantification,SEV/SEV392^5.p,TH0,Theorem,thm,yes,15,16,0,16,2,0,0,1,1,
no_finite_o_quantification,SEV/SEV393^5.p,TH0,Theorem,thm,yes,15,16,0,16,2,0,0,1,1,
no_finite_o_quantification,SEV/SEV394^5.p,TH0,Theorem,thm,yes,71,210,1,210,20,27,0,1,1,
no_finite_o_quantification,SEV/SEV396^5.p,TH0,Theorem,thm,yes,26,48,1,48,5,3,0,1,1,
no_finite_o_quantification,SEV/SEV397^5.p,TH0,Theorem,thm,yes,7,2,0,2,1,1,0,0,0,
no_finite_o_quantification,SEV/SEV398^5.p,TH0,Theorem,timeout,na,2036,1002,61,1002,59,21,0,1,0,
no_finite_o_quantification,SEV/SEV399^5.p,TH0,Theorem,timeout,na,2041,1232,85,1232,61,2,0,1,0,
no_finite_o_quantification,SEV/SEV400^5.p,TH0,Theorem,timeout,na,2024,828,47,828,67,0,0,2,0,
no_finite_o_quantification,SEV/SEV401^5.p,TH0,Theorem,timeout,na,2030,1252,92,1252,60,1,0,1,0,
no_finite_o_quantification,SEV/SEV402^5.p,TH0,Theorem,timeout,na,2031,676,36,676,49,2,0,2,0,
no_finite_o_quantification,SEV/SEV403^5.p,TH0,Theorem,timeout,na,2036,876,56,876,46,3,0,1,0,
no_finite_o_quantification,SEV/SEV404^5.p,TH0,Theorem,timeout,na,2019,772,46,772,56,0,0,2,0,
no_finite_o_quantification,SEV/SEV405^5.p,TH0,Theorem,thm,yes,15,9,0,9,2,0,0,1,1,
no_finite_o_quantification,SEV/SEV406^5.p,TH0,Theorem,thm,yes,9,3,0,3,1,1,0,0,0,
no_finite_o_quantification,SEV/SEV408^5.p,TH0,Theorem,thm,yes,21,4,0,4,1,0,0,1,1,
no_finite_o_quantification,SEV/SEV409^5.p,TH0,Theorem,thm,yes,50,7,0,7,1,0,0,1,1,
no_finite_o_quantification,SEV/SEV410^5.p,TH0,Theorem,thm,yes,126,25,1,25,3,2,0,1,1,
no_finite_o_quantification,SEV/SEV411^5.p,TH0,Theorem,thm,yes,4,1,0,1,1,1,0,0,0,
no_finite_o_quantification,SEV/SEV412^5.p,TH0,Theorem,thm,yes,5,1,0,1,1,1,0,0,0,
no_finite_o_quantification,SEV/SEV413^5.p,TH0,Theorem,thm,yes,4,1,0,1,1,1,0,0,0,
no_finite_o_quantification,SEV/SEV414^5.p,TH0,Theorem,timeout,na,2021,838,49,838,53,0,0,1,0,
no_finite_o_quantification,SEV/SEV416^5.p,TH0,Theorem,thm,yes,10,1,0,1,1,1,0,0,0,
no_finite_o_quantification,SEV/SEV417^5.p,TH0,Theorem,thm,yes,133,208,8,208,11,20,0,1,1,
no_finite_o_quantification,SEV/SEV418^5.p,TH0,Unknown,timeout,na,2026,1176,78,1176,54,11,0,1,0,
no_finite_o_quantification,SEV/SEV419^5.p,TH0,Unknown,timeout,na,2041,1225,62,1225,92,4,0,1,0,
no_finite_o_quantification,SEV/SEV420^1.p,TH0,Theorem,timeout,na,2165,3255,29,3255,312,136,0,0,0,
no_finite_o_quantification,SEV/SEV427^1.p,TH0,Theorem,thm,yes,71,81,5,81,6,2,0,1,1,
no_finite_o_quantification,SEV/SEV428^1.p,TH0,Theorem,timeout,na,2027,410,11,410,47,11,0,1,0,
no_finite_o_quantification,SEV/SEV429^1.p,TH0,Theorem,timeout,na,2045,2408,120,2408,168,7,0,1,0,
no_finite_o_quantification,SEV/SEV430^1.p,TH0,Theorem,timeout,na,2043,2404,118,2404,192,3,0,1,0,
no_finite_o_quantification,SEV/SEV431^1.p,TH0,Theorem,timeout,na,2046,2665,123,2665,232,15,0,1,0,
no_finite_o_quantification,SEV/SEV432^1.p,TH0,Theorem,timeout,na,2045,2265,114,2265,193,3,0,2,0,
no_finite_o_quantification,SEV/SEV433^1.p,TH0,Theorem,timeout,na,2085,4085,191,4085,352,46,0,1,0,
no_finite_o_quantification,SEV/SEV434^1.p,TH0,Theorem,timeout,na,2007,221,6,221,19,15,0,2,0,
no_finite_o_quantification,SEV/SEV440^1.p,TH0,Satisfiable,no_conjecture,na,54,,,,,,,,,
no_finite_o_quantification,SEV/SEV441^1.p,TH0,Satisfiable,no_conjecture,na,50,,,,,,,,,
no_finite_o_quantification,SEV/SEV442^1.p,TH1,Theorem,parse_timeout,na,0,,,,,,,,,cached: parse exceeded 5000ms
no_finite_o_quantification,SEV/SEV443^1.p,TH1,Theorem,parse_timeout,na,0,,,,,,,,,cached: parse exceeded 5000ms
no_finite_o_quantification,SEV/SEV444^1.p,TH1,Theorem,timeout,na,2074,2622,40,2622,301,4,0,4,0,
no_finite_o_quantification,SEV/SEV445^1.p,TH1,Theorem,timeout,na,2076,2261,50,2261,237,8,0,5,0,
no_finite_o_quantification,SEV/SEV446^1.p,TH1,Theorem,timeout,na,2045,2166,94,2166,155,35,0,1,0,
no_finite_o_quantification,SEV/SEV447^1.p,TH1,Theorem,timeout,na,2071,3048,159,3048,199,3,0,4,0,
no_finite_o_quantification,SEV/SEV448^1.p,TH1,Theorem,timeout,na,2060,2257,91,2257,188,0,0,4,0,
no_finite_o_quantification,SEV/SEV449^1.p,TH1,Theorem,timeout,na,2081,2729,63,2729,163,116,0,2,0,
no_finite_o_quantification,SEV/SEV450^1.p,TH1,Theorem,timeout,na,2043,1635,81,1635,119,4,0,4,0,
no_finite_o_quantification,SEV/SEV451^1.p,TH1,Theorem,timeout,na,2056,2270,115,2270,160,4,0,3,0,
no_finite_o_quantification,SEV/SEV452^1.p,TH1,Theorem,timeout,na,2041,1530,94,1530,83,4,0,4,0,
no_finite_o_quantification,SEV/SEV453^1.p,TH1,Theorem,timeout,na,2062,2272,105,2272,182,2,0,3,0,
no_finite_o_quantification,SEV/SEV454^1.p,TH1,Theorem,timeout,na,2093,3034,144,3034,237,0,0,3,0,
no_finite_o_quantification,SEV/SEV455^1.p,TH1,Theorem,timeout,na,2054,1815,92,1815,137,0,0,4,0,
no_finite_o_quantification,SEV/SEV456^1.p,TH1,Theorem,timeout,na,2061,1841,79,1841,148,1,0,4,0,
no_finite_o_quantification,SEV/SEV457^1.p,TH1,Theorem,timeout,na,2020,676,35,676,33,14,0,0,0,
no_finite_o_quantification,SEV/SEV458^1.p,TH1,Theorem,timeout,na,2050,1639,87,1639,97,2,0,4,0,
no_finite_o_quantification,SEV/SEV459^1.p,TH1,Theorem,timeout,na,2062,1893,54,1893,187,0,0,4,0,
no_finite_o_quantification,SEV/SEV460^1.p,TH1,Theorem,timeout,na,2058,2012,108,2012,128,0,0,4,0,
no_finite_o_quantification,SEV/SEV461^1.p,TH1,Theorem,timeout,na,2056,1714,73,1714,141,3,0,3,0,
no_finite_o_quantification,SEV/SEV462^1.p,TH1,Theorem,timeout,na,2061,1633,83,1633,116,0,0,4,0,
no_finite_o_quantification,SEV/SEV463^1.p,TH1,Theorem,timeout,na,2057,1510,56,1510,133,0,0,4,0,
no_finite_o_quantification,SEV/SEV464^1.p,TH1,Theorem,timeout,na,2031,435,17,435,37,13,0,0,0,
no_finite_o_quantification,SEV/SEV465^1.p,TH1,Theorem,timeout,na,2044,1730,92,1730,102,18,0,0,0,
no_finite_o_quantification,SEV/SEV466^1.p,TH1,Theorem,timeout,na,2063,1739,42,1739,185,0,0,1,0,
no_finite_o_quantification,SEV/SEV467^1.p,TH1,Theorem,timeout,na,2038,654,15,654,67,2,0,3,0,
no_finite_o_quantification,SEV/SEV468^1.p,TH1,Theorem,timeout,na,2034,420,22,420,23,0,0,4,0,
no_finite_o_quantification,SEV/SEV469^1.p,TH1,Theorem,timeout,na,2084,402,17,402,32,0,0,3,0,
no_finite_o_quantification,SEV/SEV470^1.p,TH1,Theorem,timeout,na,2073,60,2,60,4,0,0,4,0,
no_finite_o_quantification,SEV/SEV471^1.p,TH1,Theorem,timeout,na,2037,11,1,11,1,0,0,0,0,
no_finite_o_quantification,SEV/SEV472^1.p,TH1,Theorem,timeout,na,2062,2447,101,2447,212,3,0,1,0,
no_finite_o_quantification,SEV/SEV473^1.p,TH1,Theorem,timeout,na,2059,283,1,283,54,26,0,0,0,
no_finite_o_quantification,SEV/SEV474^1.p,TH1,Theorem,timeout,na,2044,135,5,135,8,0,0,1,0,
no_finite_o_quantification,SEV/SEV475^1.p,TH1,Theorem,timeout,na,2068,287,0,287,69,8,0,0,0,
no_finite_o_quantification,SEV/SEV476^1.p,TH1,Theorem,timeout,na,2105,2061,15,2061,255,55,0,0,0,
no_finite_o_quantification,SEV/SEV477^1.p,TH1,Theorem,timeout,na,2139,954,23,954,168,20,0,0,0,
no_finite_o_quantification,SEV/SEV478^1.p,TH1,Theorem,timeout,na,2100,1992,71,1923,169,93,0,0,0,
no_finite_o_quantification,SEV/SEV479^1.p,TH1,Theorem,timeout,na,2120,2847,78,2847,327,0,0,1,0,
no_finite_o_quantification,SEV/SEV480^1.p,TH1,Theorem,timeout,na,2086,2224,101,2224,118,40,0,2,0,
no_finite_o_quantification,SEV/SEV481^1.p,TH1,Theorem,timeout,na,2097,1496,4,1496,248,7,0,0,0,
no_finite_o_quantification,SEV/SEV482^1.p,TH1,Theorem,timeout,na,2067,690,21,690,159,23,0,4,0,
no_finite_o_quantification,SEV/SEV483^1.p,TH1,Theorem,timeout,na,2041,421,16,421,32,9,0,4,0,
no_finite_o_quantification,SEV/SEV484^1.p,TH1,Theorem,timeout,na,2073,411,18,411,51,2,0,4,0,
no_finite_o_quantification,SEV/SEV485^1.p,TH1,Theorem,timeout,na,2115,3013,53,2955,182,61,0,0,0,
no_finite_o_quantification,SEV/SEV486^1.p,TH1,Theorem,timeout,na,2044,2465,129,2465,125,22,0,0,0,
no_finite_o_quantification,SEV/SEV487^1.p,TH1,Theorem,timeout,na,2009,5,0,5,1,0,0,0,0,
no_finite_o_quantification,SEV/SEV488^1.p,TH1,Theorem,timeout,na,2060,140,4,140,8,0,0,5,0,
no_finite_o_quantification,SEV/SEV489^1.p,TH1,Theorem,timeout,na,2046,1701,75,1701,125,5,0,1,0,
no_finite_o_quantification,SEV/SEV490^1.p,TH1,Theorem,timeout,na,2077,1940,104,1940,131,0,0,3,0,
no_finite_o_quantification,SEV/SEV491^1.p,TH1,Theorem,timeout,na,2099,1708,2,1708,352,61,0,0,0,
no_finite_o_quantification,SEV/SEV492^1.p,TH1,Theorem,timeout,na,2165,4298,45,4298,250,123,0,0,0,
no_finite_o_quantification,SEV/SEV493^1.p,TH1,Theorem,timeout,na,2153,4397,61,4397,255,68,0,0,0,
no_finite_o_quantification,SEV/SEV494^1.p,TH1,Theorem,timeout,na,2057,1763,24,1763,147,65,0,0,0,
no_finite_o_quantification,SEV/SEV495^1.p,TH1,Theorem,timeout,na,2037,587,27,587,43,8,0,4,0,
no_finite_o_quantification,SEV/SEV496^1.p,TH1,ContradictoryAxioms,timeout,na,2079,747,38,747,48,0,0,3,0,
no_finite_o_quantification,SEV/SEV497^1.p,TH1,ContradictoryAxioms,timeout,na,2098,1305,40,1289,167,39,0,0,0,
no_finite_o_quantification,SEV/SEV498^1.p,TH1,ContradictoryAxioms,timeout,na,2156,1650,43,1650,238,73,0,0,0,
no_finite_o_quantification,SEV/SEV499^1.p,TH1,Theorem,timeout,na,2227,2097,2,2097,462,128,0,0,0,
no_finite_o_quantification,SEV/SEV500^1.p,TH1,ContradictoryAxioms,timeout,na,2069,673,39,673,41,0,0,1,0,
no_finite_o_quantification,SEV/SEV501^1.p,TH1,Theorem,timeout,na,2060,434,21,434,45,4,0,0,0,
no_finite_o_quantification,SEV/SEV502^1.p,TH1,Theorem,timeout,na,2058,856,18,856,115,10,0,0,0,
no_finite_o_quantification,SEV/SEV503^1.p,TH1,Theorem,timeout,na,2054,1408,36,1408,163,44,0,1,0,
no_finite_o_quantification,SEV/SEV504^1.p,TH1,Theorem,timeout,na,2075,1447,36,1447,224,43,0,0,0,
no_finite_o_quantification,SEV/SEV505^1.p,TH1,Theorem,timeout,na,2065,847,25,847,133,1,0,0,0,
no_finite_o_quantification,SEV/SEV506^1.p,TH1,Theorem,timeout,na,2097,2983,107,2983,210,48,0,0,0,
no_finite_o_quantification,SEV/SEV507^1.p,TH1,Theorem,timeout,na,2060,1234,47,1234,157,25,0,0,0,
no_finite_o_quantification,SEV/SEV508^1.p,TH1,Theorem,timeout,na,2094,1519,39,1519,270,5,0,0,0,
no_finite_o_quantification,SEV/SEV509^1.p,TH1,Theorem,timeout,na,2069,2058,66,2058,227,11,0,1,0,
no_finite_o_quantification,SEV/SEV510^1.p,TH1,Theorem,timeout,na,2054,1217,65,1217,149,0,0,0,0,
no_finite_o_quantification,SEV/SEV511^1.p,TH1,Theorem,timeout,na,2042,736,43,736,40,9,0,1,0,
no_finite_o_quantification,SEV/SEV512^1.p,TH1,Theorem,timeout,na,2080,993,28,993,180,1,0,0,0,
no_finite_o_quantification,SEV/SEV513^1.p,TH1,Theorem,timeout,na,2037,340,16,340,17,10,0,0,0,
no_finite_o_quantification,SEV/SEV514^1.p,TH1,Theorem,timeout,na,2073,1910,48,1910,233,24,0,0,0,
no_finite_o_quantification,SEV/SEV523^1.p,TH0,Theorem,timeout,na,2323,0,0,0,1,0,0,0,0,
no_finite_o_quantification,SEV/SEV524^1.p,TH0,Theorem,timeout,na,2323,0,0,0,1,0,0,0,0,
no_finite_o_quantification,SEV/SEV525^1.p,TH0,Unknown,timeout,na,2360,0,0,0,1,0,0,0,0,
no_finite_o_quantification,SEV/SEV526^1.p,TH0,Theorem,timeout,na,2368,0,0,0,1,0,0,0,0,
no_finite_o_quantification,SEV/SEV527^1.p,TH0,Theorem,timeout,na,2326,0,0,0,1,0,0,0,0,
no_finite_o_quantification,SEV/SEV528^1.p,TH0,Unknown,timeout,na,2327,0,0,0,1,0,0,0,0,
no_finite_o_quantification,SEV/SEV529^1.p,TH0,Theorem,timeout,na,2313,0,0,0,1,0,0,0,0,
no_finite_o_quantification,SEV/SEV530^1.p,TH0,Theorem,timeout,na,2313,0,0,0,1,0,0,0,0,
no_finite_o_quantification,SEV/SEV531^1.p,TH0,Unknown,timeout,na,2334,0,0,0,1,0,0,0,0,
no_finite_o_quantification,SEV/SEV532^1.p,TH0,Unknown,timeout,na,2337,0,0,0,1,0,0,0,0,
no_finite_o_quantification,SEV/SEV583^1.p,unknown,Theorem,parser_error,na,0,,,,,,,,,cached: Syntax Error: expected ' ' or ']' in !> binder  got [{:colon  ":"  2474}  {:atom  "nat"  2476}  {:rbracket  "]"  2479}  {:colon  ":"  2481}  {:lparen  "("  2483}  {:atom  "fin"  2485}  {:app  "@"  248
no_finite_o_quantification,SEV/SEV584^1.p,unknown,Theorem,parser_error,na,0,,,,,,,,,cached: Syntax Error: expected ' ' or ']' in !> binder  got [{:colon  ":"  2472}  {:atom  "nat"  2474}  {:rbracket  "]"  2477}  {:colon  ":"  2479}  {:lparen  "("  2481}  {:atom  "fin"  2483}  {:app  "@"  248
no_finite_o_quantification,SEV/SEV585^1.p,unknown,Theorem,parser_error,na,0,,,,,,,,,cached: Syntax Error: expected ' ' or ']' in !> binder  got [{:colon  ":"  2472}  {:atom  "nat"  2474}  {:rbracket  "]"  2477}  {:colon  ":"  2479}  {:lparen  "("  2481}  {:atom  "fin"  2483}  {:app  "@"  248
no_finite_o_quantification,SEV/SEV586^1.p,unknown,Theorem,parser_error,na,0,,,,,,,,,cached: Syntax Error: expected ' ' or ']' in !> binder  got [{:colon  ":"  2472}  {:atom  "nat"  2474}  {:rbracket  "]"  2477}  {:colon  ":"  2479}  {:lparen  "("  2481}  {:atom  "fin"  2483}  {:app  "@"  248
no_finite_o_quantification,SEV/SEV587^1.p,unknown,Theorem,parser_error,na,0,,,,,,,,,cached: Syntax Error: expected ' ' or ']' in !> binder  got [{:colon  ":"  2472}  {:atom  "nat"  2474}  {:rbracket  "]"  2477}  {:colon  ":"  2479}  {:lparen  "("  2481}  {:atom  "fin"  2483}  {:app  "@"  248
no_finite_o_quantification,SEV/SEV588^1.p,unknown,Theorem,parser_error,na,0,,,,,,,,,cached: Syntax Error: expected ' ' or ']' in !> binder  got [{:colon  ":"  2472}  {:atom  "nat"  2474}  {:rbracket  "]"  2477}  {:colon  ":"  2479}  {:lparen  "("  2481}  {:atom  "fin"  2483}  {:app  "@"  248
no_finite_o_quantification,SEV/SEV589^1.p,unknown,Theorem,parser_error,na,0,,,,,,,,,cached: Syntax Error: expected ' ' or ']' in !> binder  got [{:colon  ":"  2472}  {:atom  "nat"  2474}  {:rbracket  "]"  2477}  {:colon  ":"  2479}  {:lparen  "("  2481}  {:atom  "fin"  2483}  {:app  "@"  248
no_finite_o_quantification,SEV/SEV590^1.p,unknown,Theorem,parser_error,na,0,,,,,,,,,cached: Syntax Error: expected ' ' or ']' in !> binder  got [{:colon  ":"  2472}  {:atom  "nat"  2474}  {:rbracket  "]"  2477}  {:colon  ":"  2479}  {:lparen  "("  2481}  {:atom  "fin"  2483}  {:app  "@"  248
no_finite_o_quantification,SEV/SEV591^1.p,unknown,Theorem,parser_error,na,0,,,,,,,,,cached: Syntax Error: expected ' ' or ']' in !> binder  got [{:colon  ":"  2472}  {:atom  "nat"  2474}  {:rbracket  "]"  2477}  {:colon  ":"  2479}  {:lparen  "("  2481}  {:atom  "fin"  2483}  {:app  "@"  248
no_finite_o_quantification,SEV/SEV592^1.p,unknown,Theorem,parser_error,na,0,,,,,,,,,cached: Syntax Error: expected ' ' or ']' in !> binder  got [{:colon  ":"  2472}  {:atom  "nat"  2474}  {:rbracket  "]"  2477}  {:colon  ":"  2479}  {:lparen  "("  2481}  {:atom  "fin"  2483}  {:app  "@"  248
no_finite_o_quantification,SEV/SEV593^1.p,unknown,Theorem,parser_error,na,0,,,,,,,,,cached: Syntax Error: expected ' ' or ']' in !> binder  got [{:colon  ":"  2260}  {:atom  "nat"  2262}  {:rbracket  "]"  2265}  {:colon  ":"  2267}  {:lparen  "("  2269}  {:atom  "fin"  2271}  {:app  "@"  227
no_finite_o_quantification,SEV/SEV594^1.p,unknown,Theorem,parser_error,na,0,,,,,,,,,cached: Syntax Error: expected ' ' or ']' in !> binder  got [{:colon  ":"  2260}  {:atom  "nat"  2262}  {:rbracket  "]"  2265}  {:colon  ":"  2267}  {:lparen  "("  2269}  {:atom  "fin"  2271}  {:app  "@"  227
no_finite_o_quantification,SEV/SEV595^1.p,unknown,Theorem,parser_error,na,0,,,,,,,,,cached: Syntax Error: expected ' ' or ']' in !> binder  got [{:colon  ":"  2260}  {:atom  "nat"  2262}  {:rbracket  "]"  2265}  {:colon  ":"  2267}  {:lparen  "("  2269}  {:atom  "fin"  2271}  {:app  "@"  227
no_finite_o_quantification,SEV/SEV596^1.p,unknown,Theorem,parser_error,na,0,,,,,,,,,cached: Syntax Error: expected ' ' or ']' in !> binder  got [{:colon  ":"  2260}  {:atom  "nat"  2262}  {:rbracket  "]"  2265}  {:colon  ":"  2267}  {:lparen  "("  2269}  {:atom  "fin"  2271}  {:app  "@"  227
no_finite_o_quantification,SEV/SEV597^1.p,unknown,Theorem,parser_error,na,0,,,,,,,,,cached: Syntax Error: expected ' ' or ']' in !> binder  got [{:colon  ":"  2260}  {:atom  "nat"  2262}  {:rbracket  "]"  2265}  {:colon  ":"  2267}  {:lparen  "("  2269}  {:atom  "fin"  2271}  {:app  "@"  227
no_finite_o_quantification,SEV/SEV598^1.p,unknown,Theorem,parser_error,na,0,,,,,,,,,cached: Syntax Error: expected ' ' or ']' in !> binder  got [{:colon  ":"  2260}  {:atom  "nat"  2262}  {:rbracket  "]"  2265}  {:colon  ":"  2267}  {:lparen  "("  2269}  {:atom  "fin"  2271}  {:app  "@"  227
no_finite_o_quantification,SEV/SEV599^1.p,unknown,Theorem,parser_error,na,0,,,,,,,,,cached: Syntax Error: expected ' ' or ']' in !> binder  got [{:colon  ":"  2260}  {:atom  "nat"  2262}  {:rbracket  "]"  2265}  {:colon  ":"  2267}  {:lparen  "("  2269}  {:atom  "fin"  2271}  {:app  "@"  227
no_finite_o_quantification,SEV/SEV600^1.p,unknown,CounterSatisfiable,parser_error,na,0,,,,,,,,,cached: Syntax Error: expected ' ' or ']' in !> binder  got [{:colon  ":"  2271}  {:atom  "nat"  2273}  {:rbracket  "]"  2276}  {:colon  ":"  2278}  {:lparen  "("  2280}  {:atom  "fin"  2282}  {:app  "@"  228
no_finite_o_quantification,SEV/SEV601^1.p,unknown,CounterSatisfiable,parser_error,na,0,,,,,,,,,cached: Syntax Error: expected ' ' or ']' in !> binder  got [{:colon  ":"  2271}  {:atom  "nat"  2273}  {:rbracket  "]"  2276}  {:colon  ":"  2278}  {:lparen  "("  2280}  {:atom  "fin"  2282}  {:app  "@"  228
no_finite_o_quantification,SEV/SEV602^1.p,unknown,CounterSatisfiable,parser_error,na,0,,,,,,,,,cached: Syntax Error: expected ' ' or ']' in !> binder  got [{:colon  ":"  2271}  {:atom  "nat"  2273}  {:rbracket  "]"  2276}  {:colon  ":"  2278}  {:lparen  "("  2280}  {:atom  "fin"  2282}  {:app  "@"  228
no_finite_o_quantification,SWB/SWB109^15.p,TH0,CounterSatisfiable,timeout,na,2183,3533,29,3533,266,41,0,0,0,
no_finite_o_quantification,SWB/SWB109^3.p,TH0,CounterSatisfiable,timeout,na,2135,3183,11,3183,262,136,0,0,0,
no_finite_o_quantification,SWC/SWC425^7.p,TH0,CounterSatisfiable,timeout,na,2219,2784,63,2784,242,16,0,0,0,
no_finite_o_quantification,SWV/SWV010^7.p,TH0,Satisfiable,no_conjecture,na,126,,,,,,,,,
no_finite_o_quantification,SWV/SWV061^7.p,TH0,Theorem,timeout,na,2891,69,6,69,1,0,0,0,0,
no_finite_o_quantification,SWV/SWV067^7.p,TH0,Theorem,timeout,na,2909,59,5,59,1,0,0,0,0,
no_finite_o_quantification,SWV/SWV073^7.p,TH0,Theorem,timeout,na,2922,68,6,68,1,0,0,0,0,
no_finite_o_quantification,SWV/SWV079^7.p,TH0,Theorem,timeout,na,2894,61,6,61,1,0,0,0,0,
no_finite_o_quantification,SWV/SWV085^7.p,TH0,Theorem,timeout,na,2885,68,6,68,1,0,0,0,0,
no_finite_o_quantification,SWV/SWV091^7.p,TH0,Theorem,timeout,na,3026,32,3,32,1,0,0,0,0,
no_finite_o_quantification,SWV/SWV097^7.p,TH0,Theorem,timeout,na,3161,0,0,0,1,0,0,0,0,
no_finite_o_quantification,SWV/SWV103^7.p,TH0,Theorem,timeout,na,2941,58,5,58,1,0,0,0,0,
no_finite_o_quantification,SWV/SWV107^7.p,TH0,Theorem,timeout,na,2921,52,5,52,1,0,0,0,0,
no_finite_o_quantification,SWV/SWV425^1.p,TH0,CounterSatisfiable,timeout,na,2133,4357,182,4357,234,72,0,0,0,
no_finite_o_quantification,SWV/SWV425^2.p,TH0,Theorem,timeout,na,2040,875,68,875,31,4,0,3,0,
no_finite_o_quantification,SWV/SWV426^1.p,TH0,CounterSatisfiable,timeout,na,2192,4351,53,4351,300,65,0,0,0,
no_finite_o_quantification,SWV/SWV426^2.p,TH0,Theorem,timeout,na,2048,1289,94,1289,42,20,0,3,0,
no_finite_o_quantification,SWV/SWV426^3.p,TH0,CounterSatisfiable,timeout,na,2169,4807,24,4808,290,160,0,0,0,
no_finite_o_quantification,SWV/SWV426^4.p,TH0,Theorem,timeout,na,2042,818,59,818,30,7,0,2,0,
no_finite_o_quantification,SWV/SWV427^1.p,TH0,CounterSatisfiable,timeout,na,2192,5731,165,5731,256,134,0,0,0,
no_finite_o_quantification,SWV/SWV427^2.p,TH0,Theorem,timeout,na,2041,994,78,994,42,4,0,3,0,
no_finite_o_quantification,SWV/SWV428^1.p,TH0,CounterSatisfiable,timeout,na,2137,3241,45,3241,276,79,0,0,0,
no_finite_o_quantification,SWV/SWV428^2.p,TH0,Theorem,timeout,na,2047,1307,106,1307,54,0,0,3,0,
no_finite_o_quantification,SWV/SWV429^1.p,TH0,Theorem,timeout,na,2047,901,12,901,51,82,0,2,0,
no_finite_o_quantification,SWV/SWV429^2.p,TH0,Theorem,timeout,na,2051,1072,80,1069,50,4,0,3,0,
no_finite_o_quantification,SWV/SWV430^1.p,TH0,CounterSatisfiable,timeout,na,2131,3266,45,3266,278,102,0,0,0,
no_finite_o_quantification,SWV/SWV430^2.p,TH0,Theorem,timeout,na,2047,1128,84,1128,49,4,0,3,0,
no_finite_o_quantification,SWV/SWV431^1.p,TH0,CounterSatisfiable,timeout,na,2153,3988,71,3988,294,85,0,0,0,
no_finite_o_quantification,SWV/SWV431^2.p,TH0,Theorem,timeout,na,2047,1281,101,1281,32,17,0,3,0,
no_finite_o_quantification,SWV/SWV432^1.p,TH0,CounterSatisfiable,timeout,na,2188,3773,34,3773,250,135,0,0,0,
no_finite_o_quantification,SWV/SWV432^2.p,TH0,Theorem,timeout,na,2055,1227,92,1227,39,16,0,3,0,
no_finite_o_quantification,SWV/SWV433^1.p,TH0,CounterSatisfiable,timeout,na,2104,2065,35,2065,298,32,0,0,0,
no_finite_o_quantification,SWV/SWV433^2.p,TH0,Theorem,timeout,na,2051,1255,100,1255,63,0,0,3,0,
no_finite_o_quantification,SWV/SWV434^3.p,TH0,CounterSatisfiable,timeout,na,2207,6032,66,6032,271,268,0,0,0,
no_finite_o_quantification,SWV/SWV434^4.p,TH0,Theorem,timeout,na,2046,1364,104,1364,38,22,0,3,0,
no_finite_o_quantification,SWV/SWV435^3.p,TH0,Theorem,timeout,na,2045,707,10,707,26,70,0,2,0,
no_finite_o_quantification,SWV/SWV435^4.p,TH0,Theorem,timeout,na,2052,1363,104,1363,34,23,0,3,0,
no_finite_o_quantification,SWV/SWV436^3.p,TH0,CounterSatisfiable,timeout,na,2128,3100,98,3100,250,74,0,0,0,
no_finite_o_quantification,SWV/SWV436^4.p,TH0,Theorem,timeout,na,2044,1414,121,1414,37,4,0,3,0,
no_finite_o_quantification,SWV/SWV437^1.p,TH0,Theorem,timeout,na,2335,22,2,22,1,0,0,0,0,
no_finite_o_quantification,SWV/SWV438^1.p,TH0,Theorem,timeout,na,2334,18,1,18,1,0,0,0,0,
no_finite_o_quantification,SWV/SWV439^1.p,TH0,CounterSatisfiable,timeout,na,2333,19,1,19,1,0,0,0,0,
no_finite_o_quantification,SWV/SWV440^1.p,TH0,Theorem,timeout,na,2332,20,2,20,1,0,0,0,0,
no_finite_o_quantification,SWV/SWV441^1.p,TH0,Theorem,timeout,na,2096,969,53,969,69,14,0,1,0,
no_finite_o_quantification,SWV/SWV442^1.p,TH0,Theorem,thm,yes,72,6,0,6,1,1,0,0,0,
no_finite_o_quantification,SWV/SWV443^1.p,TH0,Theorem,thm,yes,79,7,0,7,1,1,0,0,0,
no_finite_o_quantification,SWV/SWV444^1.p,TH0,Theorem,timeout,na,2063,847,60,847,27,6,0,1,0,
no_finite_o_quantification,SWV/SWV445^1.p,TH0,Theorem,timeout,na,2081,1010,74,1010,34,8,0,1,0,
no_finite_o_quantification,SWV/SWV446^1.p,TH0,Theorem,timeout,na,2081,1017,68,1017,53,7,0,1,0,
no_finite_o_quantification,SWV/SWV447^1.p,TH0,Theorem,timeout,na,2039,1444,52,1444,135,7,0,1,0,
no_finite_o_quantification,SWW/SWW469^1.p,TH0,Theorem,timeout,na,2003,108,5,108,5,4,0,3,0,
no_finite_o_quantification,SWW/SWW470^1.p,TH0,Theorem,timeout,na,2248,711,54,711,26,0,0,1,0,
no_finite_o_quantification,SWW/SWW470^2.p,TH1,Theorem,parser_error,na,0,,,,,,,,,cached: Failed to parse formula 'fact_328_finite__nonempty__imp__fold1Set': [byte:116844] Type Error: Cannot unify strict function types of different arities.
no_finite_o_quantification,SWW/SWW470^3.p,TH1,Theorem,parser_error,na,0,,,,,,,,,cached: Failed to parse formula 'fact_311_finite__nonempty__imp__fold1Set': [byte:104766] Type Error: Cannot unify strict function types of different arities.
no_finite_o_quantification,SWW/SWW471^1.p,TH0,Theorem,timeout,na,2346,385,38,385,1,0,0,0,0,
no_finite_o_quantification,SWW/SWW471^2.p,TH0,ContradictoryAxioms,timeout,na,3596,381,38,381,1,0,0,0,0,
no_finite_o_quantification,SWW/SWW471^3.p,TH0,Theorem,timeout,na,4662,318,31,318,1,0,0,0,0,
no_finite_o_quantification,SWW/SWW472^1.p,TH0,Theorem,timeout,na,2260,700,48,700,35,0,0,1,0,
no_finite_o_quantification,SWW/SWW472^2.p,TH0,Theorem,timeout,na,2668,311,31,311,1,0,0,0,0,
no_finite_o_quantification,SWW/SWW472^3.p,TH1,Theorem,parser_error,na,0,,,,,,,,,cached: Failed to parse formula 'fact_409_finite__nonempty__imp__fold1Set': [byte:126226] Type Error: Cannot unify strict function types of different arities.
no_finite_o_quantification,SWW/SWW473^1.p,TH0,ContradictoryAxioms,timeout,na,2518,609,60,609,1,0,0,0,0,
no_finite_o_quantification,SWW/SWW473^2.p,TH0,Theorem,timeout,na,3246,343,34,343,1,0,0,0,0,
no_finite_o_quantification,SWW/SWW473^3.p,TH0,ContradictoryAxioms,timeout,na,4183,343,34,343,1,0,0,0,0,
no_finite_o_quantification,SWW/SWW474^1.p,TH0,Theorem,timeout,na,2575,349,34,349,1,0,0,0,0,
no_finite_o_quantification,SWW/SWW474^2.p,TH0,Theorem,timeout,na,3734,250,24,250,2,1,0,0,0,
no_finite_o_quantification,SWW/SWW474^3.p,TH0,Theorem,timeout,na,5171,162,15,162,2,1,0,0,0,
no_finite_o_quantification,SWW/SWW475^1.p,TH1,Theorem,parser_error,na,0,,,,,,,,,cached: Failed to parse formula 'fact_27_split__paired__All': [byte:22227] Type Error: Cannot unify strict function types of different arities.
no_finite_o_quantification,SWW/SWW475^2.p,TH1,Theorem,parser_error,na,0,,,,,,,,,cached: Failed to parse formula 'fact_21_split__paired__All': [byte:33084] Type Error: Cannot unify strict function types of different arities.
no_finite_o_quantification,SWW/SWW475^3.p,TH1,Theorem,parser_error,na,0,,,,,,,,,cached: Failed to parse formula 'fact_61_split__paired__All': [byte:69960] Type Error: Cannot unify strict function types of different arities.
no_finite_o_quantification,SWW/SWW476^1.p,TH1,Theorem,parser_error,na,0,,,,,,,,,cached: Failed to parse formula 'fact_125_split__paired__All': [byte:65316] Type Error: Cannot unify strict function types of different arities.
no_finite_o_quantification,SWW/SWW476^2.p,TH1,Theorem,parser_error,na,0,,,,,,,,,cached: Failed to parse formula 'fact_153_split__paired__All': [byte:91639] Type Error: Cannot unify strict function types of different arities.
no_finite_o_quantification,SWW/SWW476^3.p,TH1,Theorem,parser_error,na,0,,,,,,,,,cached: Failed to parse formula 'fact_367_split__paired__All': [byte:201188] Type Error: Cannot unify strict function types of different arities.
no_finite_o_quantification,SWW/SWW477^1.p,TH1,Theorem,parser_error,na,0,,,,,,,,,cached: Failed to parse formula 'fact_38_split__paired__All': [byte:21078] Type Error: Cannot unify strict function types of different arities.
no_finite_o_quantification,SWW/SWW477^2.p,TH1,Theorem,parser_error,na,0,,,,,,,,,cached: Failed to parse formula 'fact_62_split__paired__All': [byte:49406] Type Error: Cannot unify strict function types of different arities.
no_finite_o_quantification,SWW/SWW477^3.p,TH1,Theorem,parser_error,na,0,,,,,,,,,cached: Failed to parse formula 'fact_106_split__paired__All': [byte:93347] Type Error: Cannot unify strict function types of different arities.
no_finite_o_quantification,SWW/SWW478^1.p,TH1,Theorem,parser_error,na,0,,,,,,,,,cached: Failed to parse formula 'fact_21_split__paired__All': [byte:17638] Type Error: Cannot unify strict function types of different arities.
no_finite_o_quantification,SWW/SWW478^2.p,TH1,Theorem,parser_error,na,0,,,,,,,,,cached: Failed to parse formula 'fact_37_split__paired__All': [byte:63382] Type Error: Cannot unify strict function types of different arities.
no_finite_o_quantification,SWW/SWW478^3.p,TH1,Theorem,parser_error,na,0,,,,,,,,,cached: Failed to parse formula 'fact_143_split__paired__All': [byte:112259] Type Error: Cannot unify strict function types of different arities.
no_finite_o_quantification,SWW/SWW674^1.p,TH0,Satisfiable,no_conjecture,na,33,,,,,,,,,
no_finite_o_quantification,SWW/SWW971^15.p,TH0,CounterSatisfiable,timeout,na,2107,2166,37,2166,253,62,0,0,0,
no_finite_o_quantification,SWW/SWW971^5.p,TH0,CounterSatisfiable,timeout,na,2092,2460,75,2460,226,82,0,0,0,
no_finite_o_quantification,SYN/SYN000^1.p,TH0,Theorem,thm,yes,31,8,0,8,1,0,0,1,1,
no_finite_o_quantification,SYN/SYN000^2.p,TH0,Satisfiable,parser_error,na,0,,,,,,,,,cached: Type Error: product types (*) are not part of simple type theory.
no_finite_o_quantification,SYN/SYN000^3.p,TH1,Satisfiable,parser_error,na,0,,,,,,,,,cached: Failed to parse formula 'can_prove_this': [byte:2329] Type Error: Cannot unify strict function types of different arities.
no_finite_o_quantification,SYN/SYN000^6.p,unknown,Unknown,parser_error,na,0,,,,,,,,,cached: Lexer failed to parse entire string. Unparsed: {$necessary} @ ( ( newp @ ( newf @ newc @ a ) @ a ) & ( newp @ ( newf @ X @ a ) @ a ) ) ) ). thf(new_possible_axiom axiom  ( {$possible} @ ( ! [X: new] :
no_finite_o_quantification,SYN/SYN000^7.p,unknown,Unknown,parser_error,na,0,,,,,,,,,cached: Lexer failed to parse entire string. Unparsed: {$necessary(agent)} @ ( ( newp @ ( newf @ newc @ a ) @ a ) & ( newp @ ( newf @ X @ a ) @ a ) ) ) ). thf(new_possible_index_axiom axiom  ( {$possible(agen
no_finite_o_quantification,SYN/SYN036^5.p,TH0,Theorem,timeout,na,2088,4527,61,4527,127,450,0,0,0,
no_finite_o_quantification,SYN/SYN036^7.p,TH0,Theorem,timeout,na,2167,310,15,310,30,0,0,0,0,
no_finite_o_quantification,SYN/SYN040^4.p,TH0,CounterSatisfiable,timeout,na,2159,4364,115,4364,186,203,0,0,0,
no_finite_o_quantification,SYN/SYN041^4.p,TH0,Theorem,timeout,na,2168,4966,74,4966,217,143,0,0,0,
no_finite_o_quantification,SYN/SYN044^4.p,TH0,Theorem,timeout,na,2095,2804,62,2804,244,71,0,0,0,
no_finite_o_quantification,SYN/SYN045^4.p,TH0,Theorem,timeout,na,2080,2009,67,2009,188,52,0,0,0,
no_finite_o_quantification,SYN/SYN045^7.p,TH0,Theorem,timeout,na,2130,2854,82,2854,236,37,0,0,0,
no_finite_o_quantification,SYN/SYN046^4.p,TH0,CounterSatisfiable,timeout,na,2127,3957,118,3957,205,74,0,0,0,
no_finite_o_quantification,SYN/SYN047^4.p,TH0,CounterSatisfiable,timeout,na,2097,2264,65,2264,215,52,0,0,0,
no_finite_o_quantification,SYN/SYN049^5.p,TH0,Theorem,thm,yes,64,32,1,32,2,1,0,1,1,
no_finite_o_quantification,SYN/SYN051^5.p,TH0,Theorem,thm,yes,32,55,0,55,6,12,0,3,1,
no_finite_o_quantification,SYN/SYN052^7.p,TH0,Theorem,timeout,na,2130,2070,73,2070,186,99,0,0,0,
no_finite_o_quantification,SYN/SYN055^5.p,TH0,Theorem,timeout,na,2011,662,3,662,79,107,0,2,0,
no_finite_o_quantification,SYN/SYN056^5.p,TH0,Theorem,timeout,na,2289,5520,14,5520,944,887,0,1,0,
no_finite_o_quantification,SYN/SYN057^5.p,TH0,Theorem,timeout,na,2019,819,27,819,92,67,0,2,0,
no_finite_o_quantification,SYN/SYN058^5.p,TH0,Theorem,thm,yes,82,204,0,204,34,26,0,1,1,
no_finite_o_quantification,SYN/SYN059^5.p,TH0,Theorem,timeout,na,2087,4212,43,4212,331,707,0,1,0,
no_finite_o_quantification,SYN/SYN064^5.p,TH0,Theorem,thm,yes,8,7,0,7,1,0,0,1,1,
no_finite_o_quantification,SYN/SYN355^5.p,TH0,Theorem,thm,yes,14,20,0,20,4,0,0,1,1,
no_finite_o_quantification,SYN/SYN356^5.p,TH0,Theorem,timeout,na,2014,1008,33,1008,88,71,0,2,0,
no_finite_o_quantification,SYN/SYN357^5.p,TH0,Theorem,thm,yes,4,5,0,5,1,0,0,1,1,
no_finite_o_quantification,SYN/SYN357^7.p,TH0,Theorem,timeout,na,2505,5606,62,5606,2060,64,0,1,0,
no_finite_o_quantification,SYN/SYN358^5.p,TH0,Theorem,thm,yes,16,27,0,27,2,4,0,1,1,
no_finite_o_quantification,SYN/SYN360^5.p,TH0,Theorem,thm,yes,13,19,0,19,2,0,0,1,1,
no_finite_o_quantification,SYN/SYN361^5.p,TH0,Theorem,thm,yes,23,32,1,32,4,0,0,1,1,
no_finite_o_quantification,SYN/SYN364^5.p,TH0,Theorem,timeout,na,2129,5544,241,5544,372,360,0,2,0,
no_finite_o_quantification,SYN/SYN365^5.p,TH0,Theorem,timeout,na,2277,6926,28,6926,1678,479,0,1,0,
no_finite_o_quantification,SYN/SYN367^7.p,TH0,Theorem,timeout,na,2259,2577,39,2577,169,62,0,0,0,
no_finite_o_quantification,SYN/SYN374^5.p,TH0,Theorem,thm,yes,350,169,0,169,13,26,0,2,1,
no_finite_o_quantification,SYN/SYN375^5.p,TH0,Theorem,thm,yes,5,1,0,1,1,1,0,0,0,
no_finite_o_quantification,SYN/SYN377^5.p,TH0,Theorem,thm,yes,32,61,0,61,7,5,0,1,1,
no_finite_o_quantification,SYN/SYN377^7.p,TH0,Theorem,timeout,na,2142,1773,64,1773,201,12,0,0,0,
no_finite_o_quantification,SYN/SYN381^5.p,TH0,Theorem,timeout,na,2181,6715,189,6715,1420,95,0,4,0,
no_finite_o_quantification,SYN/SYN382^5.p,TH0,Theorem,thm,yes,13,14,0,14,2,0,0,1,1,
no_finite_o_quantification,SYN/SYN386^5.p,TH0,Theorem,timeout,na,2197,3726,56,3726,832,20,0,4,0,
no_finite_o_quantification,SYN/SYN387^4.p,TH0,CounterSatisfiable,timeout,na,2195,5529,132,5529,810,192,0,1,0,
no_finite_o_quantification,SYN/SYN387^7.p,TH0,CounterSatisfiable,timeout,na,2219,6032,113,6032,229,154,0,0,0,
no_finite_o_quantification,SYN/SYN388^4.p,TH0,CounterSatisfiable,timeout,na,2230,4956,86,4956,188,195,0,0,0,
no_finite_o_quantification,SYN/SYN389^4.p,TH0,CounterSatisfiable,timeout,na,2197,4782,73,4782,200,88,0,0,0,
no_finite_o_quantification,SYN/SYN390^4.p,TH0,Theorem,timeout,na,2214,5487,93,5487,207,215,0,0,0,
no_finite_o_quantification,SYN/SYN391^4.p,TH0,Theorem,timeout,na,2112,2978,82,2978,172,112,0,0,0,
no_finite_o_quantification,SYN/SYN392^4.p,TH0,CounterSatisfiable,timeout,na,2130,3409,72,3409,235,76,0,0,0,
no_finite_o_quantification,SYN/SYN397^7.p,TH0,Theorem,timeout,na,2522,5883,27,5883,211,112,0,0,0,
no_finite_o_quantification,SYN/SYN407^7.p,TH0,CounterSatisfiable,timeout,na,2397,3983,32,3983,199,176,0,0,0,
no_finite_o_quantification,SYN/SYN416^4.p,TH0,CounterSatisfiable,timeout,na,2139,4058,88,4058,223,112,0,0,0,
no_finite_o_quantification,SYN/SYN416^7.p,TH0,CounterSatisfiable,timeout,na,2168,3882,115,3882,234,35,0,0,0,
no_finite_o_quantification,SYN/SYN731^5.p,TH0,Theorem,thm,yes,19,20,2,20,1,0,0,1,1,
no_finite_o_quantification,SYN/SYN732^5.p,TH0,Theorem,thm,yes,30,42,3,42,3,0,0,1,1,
no_finite_o_quantification,SYN/SYN741^7.p,TH0,ContradictoryAxioms,timeout,na,2108,0,0,0,1,0,0,0,0,
no_finite_o_quantification,SYN/SYN915^4.p,TH0,Theorem,thm,yes,25,3,0,3,1,1,0,0,0,
no_finite_o_quantification,SYN/SYN916^4.p,TH0,CounterSatisfiable,timeout,na,2167,7033,383,7033,159,329,0,0,0,
no_finite_o_quantification,SYN/SYN977^4.p,TH0,CounterSatisfiable,timeout,na,2133,4188,126,4188,236,86,0,0,0,
no_finite_o_quantification,SYN/SYN978^4.p,TH0,Theorem,timeout,na,2135,4081,117,4081,267,86,0,0,0,
no_finite_o_quantification,SYN/SYN983^1.p,TH0,Theorem,thm,yes,19,53,0,44,5,12,0,0,0,
no_finite_o_quantification,SYN/SYN984^1.p,TH0,Theorem,timeout,na,2184,2356,19,2356,6,387,0,0,0,
no_finite_o_quantification,SYN/SYN985^1.p,TH0,CounterSatisfiable,timeout,na,2044,2338,180,2338,98,0,0,3,0,
no_finite_o_quantification,SYN/SYN987^1.p,TH0,CounterSatisfiable,csa,yes,2,2,0,2,1,0,1,0,0,¬C[H03ZB]
no_finite_o_quantification,SYN/SYN987^2.p,TH0,Unsatisfiable,no_conjecture,na,0,,,,,,,,,
no_finite_o_quantification,SYN/SYN988^1.p,TH0,CounterSatisfiable,csa,yes,2,2,0,2,1,0,1,0,0,C[1ABRDP]
no_finite_o_quantification,SYN/SYN988^2.p,TH0,Unsatisfiable,no_conjecture,na,0,,,,,,,,,
no_finite_o_quantification,SYN/SYN989^1.p,TH0,Theorem,thm,yes,2,2,0,2,1,1,0,0,0,
no_finite_o_quantification,SYN/SYN989^2.p,TH0,Satisfiable,no_conjecture,na,0,,,,,,,,,
no_finite_o_quantification,SYN/SYN989^3.p,TH0,Theorem,thm,yes,2,1,0,1,1,1,0,0,0,
no_finite_o_quantification,SYN/SYN990^1.p,TH0,Satisfiable,no_conjecture,na,1,,,,,,,,,
no_finite_o_quantification,SYN/SYN991^1.p,TH0,Unsatisfiable,no_conjecture,na,1,,,,,,,,,
no_finite_o_quantification,SYN/SYN992^1.p,TH0,Theorem,thm,yes,8,5,0,5,1,0,0,1,1,
no_finite_o_quantification,SYN/SYN993^1.p,TH0,CounterSatisfiable,timeout,na,2005,1030,111,1030,1,0,0,0,0,
no_finite_o_quantification,SYN/SYN994^1.p,TH0,CounterSatisfiable,timeout,na,2004,990,111,990,1,0,0,0,0,
no_finite_o_quantification,SYN/SYN995^1.p,TH0,CounterSatisfiable,timeout,na,2147,6919,90,6919,559,511,0,0,0,
no_finite_o_quantification,SYN/SYN996^1.p,TH0,Theorem,thm,yes,83,9,0,9,1,0,0,1,1,
no_finite_o_quantification,SYN/SYN997^1.p,TH0,Theorem,timeout,na,2004,124,14,124,1,0,0,0,0,
no_finite_o_quantification,SYN/SYN998^1.p,TH0,Theorem,thm,yes,3,4,0,4,1,1,0,0,0,
no_finite_o_quantification,SYN/SYN999^1.p,TH0,Theorem,thm,yes,19,15,1,15,2,0,0,1,1,
no_finite_o_quantification,SYO/SYO001^1.p,TH0,Theorem,timeout,na,2117,2869,8,2869,680,0,0,2,0,
no_finite_o_quantification,SYO/SYO002^1.p,TH0,Theorem,thm,yes,25,15,1,15,2,0,0,1,1,
no_finite_o_quantification,SYO/SYO003^1.p,TH0,Theorem,thm,yes,20,19,0,19,2,0,0,1,1,
no_finite_o_quantification,SYO/SYO004^1.p,TH0,Theorem,timeout,na,2004,71,3,71,5,2,0,4,0,
no_finite_o_quantification,SYO/SYO005^1.p,TH0,Theorem,thm,yes,36,15,1,15,2,0,0,1,1,
no_finite_o_quantification,SYO/SYO006^1.p,TH0,Theorem,timeout,na,2100,2481,32,2477,485,5,0,1,0,
no_finite_o_quantification,SYO/SYO007^1.p,TH0,Theorem,thm,yes,24,35,0,31,3,7,0,0,0,
no_finite_o_quantification,SYO/SYO008^1.p,TH0,Theorem,timeout,na,2078,2198,47,2198,410,0,0,4,0,
no_finite_o_quantification,SYO/SYO009^1.p,TH0,Theorem,thm,yes,3,1,0,1,1,1,0,0,0,
no_finite_o_quantification,SYO/SYO010^1.p,TH0,Theorem,timeout,na,2078,2576,68,2576,461,0,0,4,0,
no_finite_o_quantification,SYO/SYO011^1.p,TH0,Theorem,timeout,na,2073,2943,109,2943,371,0,0,4,0,
no_finite_o_quantification,SYO/SYO012^1.p,TH0,Theorem,thm,yes,3,1,0,1,1,1,0,0,0,
no_finite_o_quantification,SYO/SYO013^1.p,TH0,Theorem,thm,yes,9,12,0,10,2,3,0,0,0,
no_finite_o_quantification,SYO/SYO015^1.p,TH0,Theorem,thm,yes,2,2,0,2,1,1,0,0,0,
no_finite_o_quantification,SYO/SYO016^1.p,TH0,Theorem,timeout,na,2054,1007,4,928,15,127,0,0,0,
no_finite_o_quantification,SYO/SYO017^1.p,TH0,Theorem,unk,na,71,209,0,184,9,44,0,0,0,
no_finite_o_quantification,SYO/SYO018^1.p,TH0,Theorem,timeout,na,2034,1225,27,1225,157,8,0,2,0,
no_finite_o_quantification,SYO/SYO019^1.p,TH0,Theorem,thm,yes,5,3,0,3,1,1,0,0,0,
no_finite_o_quantification,SYO/SYO020^1.p,TH0,Theorem,parser_error,na,0,,,,,,,,,cached: Failed to parse formula 'conj': [byte:1833] Type Error: Cannot unify strict function types of different arities.
no_finite_o_quantification,SYO/SYO021^1.p,TH0,Theorem,thm,yes,5,3,0,3,1,1,0,0,0,
no_finite_o_quantification,SYO/SYO022^1.p,TH0,Theorem,timeout,na,2099,729,44,702,425,7,0,0,0,
no_finite_o_quantification,SYO/SYO023^1.p,TH0,Theorem,thm,yes,6,1,0,1,1,1,0,0,0,
no_finite_o_quantification,SYO/SYO024^1.p,TH0,Theorem,timeout,na,2140,768,48,742,410,6,0,0,0,
no_finite_o_quantification,SYO/SYO025^1.p,TH0,Theorem,thm,yes,5,1,0,1,1,1,0,0,0,
no_finite_o_quantification,SYO/SYO026^1.p,TH0,Theorem,thm,yes,19,14,0,13,4,4,0,0,0,
no_finite_o_quantification,SYO/SYO027^1.p,TH0,Theorem,thm,yes,2,3,0,3,1,0,0,1,1,
no_finite_o_quantification,SYO/SYO028^1.p,TH0,Theorem,thm,yes,2,3,0,3,1,0,0,1,1,
no_finite_o_quantification,SYO/SYO029^1.p,TH0,Theorem,thm,yes,133,16,0,16,3,1,0,1,1,
no_finite_o_quantification,SYO/SYO030^1.p,TH0,Theorem,timeout,na,2027,752,21,746,142,13,0,1,0,
no_finite_o_quantification,SYO/SYO031^1.p,TH0,Theorem,thm,yes,144,27,1,27,3,2,0,1,1,
no_finite_o_quantification,SYO/SYO032^1.p,TH0,Theorem,timeout,na,2030,359,18,359,134,3,0,1,0,
no_finite_o_quantification,SYO/SYO033^1.p,TH0,Theorem,timeout,na,2005,33,1,33,3,1,0,4,0,
no_finite_o_quantification,SYO/SYO034^1.p,TH0,Theorem,thm,yes,321,16,0,16,3,1,0,1,1,
no_finite_o_quantification,SYO/SYO035^1.p,TH0,Theorem,timeout,na,2076,1847,20,1847,437,3,0,4,0,
no_finite_o_quantification,SYO/SYO037^1.p,TH0,ContradictoryAxioms,timeout,na,2102,4112,169,4112,801,30,0,2,0,
no_finite_o_quantification,SYO/SYO039^1.p,TH0,Unsatisfiable,parser_error,na,0,,,,,,,,,cached: Failed to parse formula '1': [byte:1601] Type Error: Cannot unify strict function types of different arities.
no_finite_o_quantification,SYO/SYO039^2.p,TH0,Theorem,parser_error,na,0,,,,,,,,,cached: Failed to parse formula '1': [byte:1905] Type Error: Cannot unify strict function types of different arities.
no_finite_o_quantification,SYO/SYO040^1.p,TH0,Unsatisfiable,no_conjecture,na,0,,,,,,,,,
no_finite_o_quantification,SYO/SYO040^2.p,TH0,Theorem,csa,no,58,234,0,208,13,39,1,0,0,[C[10HKXB] <- ⊥  C[1LWF44] <- ⊥  C[21U23Z] <- ⊤  C[IKM1Z] <- ⊤]  Model: C[1OV1N4] (h (f (f C[10HKXB])))  ¬(C[1OV1N4] (h C[1LWF44]))  ¬C[10HKXB]  ¬C[1LWF44]  C[IKM1Z]  C[1OV1N4] (h (f C[IKM1Z]))  ¬(C[1
no_finite_o_quantification,SYO/SYO041^1.p,TH0,Unsatisfiable,no_conjecture,na,2,,,,,,,,,
no_finite_o_quantification,SYO/SYO041^2.p,TH0,Theorem,unk,na,199,612,1,562,16,138,0,0,0,
no_finite_o_quantification,SYO/SYO042^1.p,TH0,Unsatisfiable,no_conjecture,na,2,,,,,,,,,
no_finite_o_quantification,SYO/SYO042^2.p,TH0,Theorem,unk,na,198,226,0,205,7,56,0,0,0,
no_finite_o_quantification,SYO/SYO043^1.p,TH0,Unsatisfiable,no_conjecture,na,1,,,,,,,,,
no_finite_o_quantification,SYO/SYO043^2.p,TH0,CounterSatisfiable,csa,yes,8,8,0,4,6,0,2,0,0,[f <- λ. ¬1  x <- ⊤]  Model: ¬(q (λ. f 1) x)  ¬(q (λ. ¬1) x)  ¬(q (λ. ¬1) ⊤)
no_finite_o_quantification,SYO/SYO044^1.p,TH0,Theorem,thm,yes,47,5,0,5,1,1,0,0,0,
no_finite_o_quantification,SYO/SYO045^1.p,TH0,Theorem,thm,yes,94,38,1,38,6,2,0,1,1,
no_finite_o_quantification,SYO/SYO046^1.p,TH0,Theorem,thm,yes,106,52,1,52,9,4,0,1,1,
no_finite_o_quantification,SYO/SYO047^1.p,TH0,Theorem,thm,yes,106,61,1,61,7,4,0,1,1,
no_finite_o_quantification,SYO/SYO048^1.p,TH0,Theorem,timeout,na,2052,324,0,324,23,54,0,2,0,
no_finite_o_quantification,SYO/SYO049^1.p,TH0,Theorem,timeout,na,2057,678,7,678,51,80,0,1,0,
no_finite_o_quantification,SYO/SYO050^1.p,TH0,CounterSatisfiable,timeout,na,2123,3597,335,3597,347,5,0,0,0,
no_finite_o_quantification,SYO/SYO050^2.p,TH0,Theorem,thm,yes,64,16,0,16,3,0,0,1,1,
no_finite_o_quantification,SYO/SYO051^1.p,TH0,CounterSatisfiable,timeout,na,2047,95,1,95,10,8,0,8,0,
no_finite_o_quantification,SYO/SYO051^2.p,TH0,CounterSatisfiable,timeout,na,2072,1414,101,1414,60,11,0,2,0,
no_finite_o_quantification,SYO/SYO052^1.p,TH0,CounterSatisfiable,timeout,na,2152,3913,167,3913,357,0,0,0,0,
no_finite_o_quantification,SYO/SYO052^2.p,TH0,Theorem,thm,yes,119,28,0,28,3,0,0,1,1,
no_finite_o_quantification,SYO/SYO053^1.p,TH0,CounterSatisfiable,timeout,na,2049,1417,187,1417,1,0,0,0,0,
no_finite_o_quantification,SYO/SYO053^2.p,TH0,Theorem,thm,yes,50,6,0,6,1,0,0,1,1,
no_finite_o_quantification,SYO/SYO054^1.p,TH0,CounterSatisfiable,csa,yes,63,13,1,13,1,0,1,0,0,[mand <- λλλ. mnot (λ. mor (λ. mnot (λ. 6 1) 1) (λ. mnot (λ. 5 1) 1) 1) 1  mbox <- λλλ. ∀(λ. (¬(4 2 1)) ∨ (3 1))  mcountersatisfiable <- λ. ∃(λ. ¬(2 1))  mdia <- λλλ. mnot (λ. mbox (λλ. 6 2 1) (λ. mno
no_finite_o_quantification,SYO/SYO054^2.p,TH0,CounterSatisfiable,timeout,na,2089,1771,118,1771,87,26,0,2,0,
no_finite_o_quantification,SYO/SYO055^1.p,TH0,CounterSatisfiable,timeout,na,2234,7871,530,7871,305,68,0,0,0,
no_finite_o_quantification,SYO/SYO055^2.p,TH0,CounterSatisfiable,timeout,na,2062,1094,86,1094,46,0,0,1,0,
no_finite_o_quantification,SYO/SYO056^1.p,TH0,CounterSatisfiable,timeout,na,2052,89,1,89,7,12,0,5,0,
no_finite_o_quantification,SYO/SYO056^2.p,TH0,CounterSatisfiable,timeout,na,2073,1399,102,1399,70,0,0,2,0,
no_finite_o_quantification,SYO/SYO057^1.p,TH0,CounterSatisfiable,timeout,na,2247,5544,28,5544,261,257,0,0,0,
no_finite_o_quantification,SYO/SYO057^2.p,TH0,Theorem,timeout,na,2066,1442,110,1442,55,0,0,2,0,
no_finite_o_quantification,SYO/SYO058^4.p,TH0,Theorem,thm,yes,85,234,3,234,14,14,0,1,1,
no_finite_o_quantification,SYO/SYO059^4.p,TH0,Theorem,timeout,na,2260,6899,150,6899,208,204,0,0,0,
no_finite_o_quantification,SYO/SYO060^4.p,TH0,Theorem,timeout,na,2126,3126,73,3126,190,72,0,0,0,
no_finite_o_quantification,SYO/SYO061^4.p,TH0,Theorem,timeout,na,2131,4165,88,4165,231,112,0,0,0,
no_finite_o_quantification,SYO/SYO063^4.p,TH0,Theorem,timeout,na,2128,3192,63,3192,246,71,0,0,0,
no_finite_o_quantification,SYO/SYO076^5.p,TH0,Theorem,thm,yes,2,1,0,1,1,1,0,0,0,
no_finite_o_quantification,SYO/SYO077^5.p,TH0,Theorem,thm,yes,4,5,0,5,1,0,0,1,1,
no_finite_o_quantification,SYO/SYO078^5.p,TH0,Theorem,thm,yes,3,1,0,1,1,1,0,0,0,
no_finite_o_quantification,SYO/SYO079^5.p,TH0,Theorem,thm,yes,5,1,0,1,1,1,0,0,0,
no_finite_o_quantification,SYO/SYO080^5.p,TH0,Theorem,thm,yes,2,1,0,1,1,1,0,0,0,
no_finite_o_quantification,SYO/SYO081^5.p,TH0,Theorem,thm,yes,4,5,0,5,1,0,0,1,1,
no_finite_o_quantification,SYO/SYO082^5.p,TH0,Theorem,thm,yes,11,10,1,10,1,0,0,1,1,
no_finite_o_quantification,SYO/SYO083^5.p,TH0,Theorem,thm,yes,12,16,0,16,2,0,0,1,1,
no_finite_o_quantification,SYO/SYO084^5.p,TH0,Theorem,thm,yes,57,28,1,28,3,2,0,3,1,
no_finite_o_quantification,SYO/SYO085^5.p,TH0,Theorem,thm,yes,5,1,0,1,1,1,0,0,0,
no_finite_o_quantification,SYO/SYO086^5.p,TH0,Theorem,thm,yes,6,1,0,1,1,1,0,0,0,
no_finite_o_quantification,SYO/SYO087^5.p,TH0,Theorem,thm,yes,6,2,0,2,1,1,0,0,0,
no_finite_o_quantification,SYO/SYO088^5.p,TH0,Theorem,thm,yes,10,1,0,1,1,1,0,0,0,
no_finite_o_quantification,SYO/SYO089^5.p,TH0,Theorem,thm,yes,12,1,0,1,1,1,0,0,0,
no_finite_o_quantification,SYO/SYO090^5.p,TH0,Theorem,thm,yes,16,1,0,1,1,1,0,0,0,
no_finite_o_quantification,SYO/SYO091^5.p,TH0,Theorem,thm,yes,7,4,0,4,1,1,0,0,0,
no_finite_o_quantification,SYO/SYO092^5.p,TH0,Theorem,timeout,na,2007,410,3,410,17,54,0,4,0,
no_finite_o_quantification,SYO/SYO093^5.p,TH0,Theorem,timeout,na,2203,6775,152,6775,1026,289,0,4,0,
no_finite_o_quantification,SYO/SYO094^5.p,TH0,Theorem,thm,yes,12,14,0,14,2,0,0,1,1,
no_finite_o_quantification,SYO/SYO095^5.p,TH0,Theorem,thm,yes,452,264,2,264,7,44,0,3,1,
no_finite_o_quantification,SYO/SYO096^5.p,TH0,Theorem,timeout,na,2109,7185,266,7185,625,149,0,2,0,
no_finite_o_quantification,SYO/SYO098^5.p,TH0,Theorem,thm,yes,23,23,0,23,3,1,0,1,1,
no_finite_o_quantification,SYO/SYO099^5.p,TH0,Theorem,thm,yes,15,18,0,18,2,1,0,1,1,
no_finite_o_quantification,SYO/SYO101^5.p,TH0,Theorem,thm,yes,325,176,6,176,4,11,0,6,1,
no_finite_o_quantification,SYO/SYO102^5.p,TH0,Theorem,timeout,na,2375,7091,29,7091,2319,315,0,3,0,
no_finite_o_quantification,SYO/SYO103^5.p,TH0,Theorem,timeout,na,2194,4357,32,4357,821,664,0,4,0,
no_finite_o_quantification,SYO/SYO104^5.p,TH0,Theorem,thm,yes,19,37,0,37,3,2,0,1,1,
no_finite_o_quantification,SYO/SYO105^5.p,TH0,Theorem,timeout,na,2168,4062,34,4062,215,564,0,1,0,
no_finite_o_quantification,SYO/SYO107^5.p,TH0,Theorem,thm,yes,13,20,0,20,3,0,0,1,1,
no_finite_o_quantification,SYO/SYO108^5.p,TH0,Theorem,thm,yes,18,23,0,23,3,0,0,1,1,
no_finite_o_quantification,SYO/SYO109^5.p,TH0,Theorem,timeout,na,2086,3310,104,3310,529,70,0,2,0,
no_finite_o_quantification,SYO/SYO111^5.p,TH0,Theorem,thm,yes,49,45,1,46,4,4,0,1,1,
no_finite_o_quantification,SYO/SYO112^5.p,TH0,Theorem,thm,yes,29,51,0,51,6,3,0,1,1,
no_finite_o_quantification,SYO/SYO113^5.p,TH0,Theorem,timeout,na,2211,5971,19,5971,1148,435,0,1,0,
no_finite_o_quantification,SYO/SYO114^5.p,TH0,Theorem,timeout,na,2196,6053,34,6053,572,850,0,1,0,
no_finite_o_quantification,SYO/SYO118^5.p,TH0,Theorem,thm,yes,2,1,0,1,1,1,0,0,0,
no_finite_o_quantification,SYO/SYO119^5.p,TH0,Theorem,thm,yes,2,5,0,5,1,0,0,1,1,
no_finite_o_quantification,SYO/SYO120^5.p,TH0,Theorem,thm,yes,2,2,0,2,1,1,0,0,0,
no_finite_o_quantification,SYO/SYO121^5.p,TH0,CounterSatisfiable,timeout,na,2004,1620,199,1620,1,0,0,0,0,
no_finite_o_quantification,SYO/SYO122^5.p,TH0,CounterSatisfiable,csa,yes,4,4,0,4,1,0,1,0,0,¬(cEQ C[1K71YR] C[W02VC])
no_finite_o_quantification,SYO/SYO123^5.p,TH0,Theorem,thm,yes,6,12,0,12,2,1,0,2,1,
no_finite_o_quantification,SYO/SYO124^5.p,TH0,Theorem,thm,yes,3,1,0,1,1,1,0,0,0,
no_finite_o_quantification,SYO/SYO125^5.p,TH0,Theorem,thm,yes,4,1,0,1,1,1,0,0,0,
no_finite_o_quantification,SYO/SYO126^5.p,TH0,CounterSatisfiable,unk,na,12,7,0,7,2,0,0,0,0,
no_finite_o_quantification,SYO/SYO128^5.p,TH0,Theorem,thm,yes,3,1,0,1,1,1,0,0,0,
no_finite_o_quantification,SYO/SYO129^5.p,TH0,Theorem,thm,yes,11,23,0,23,2,1,0,2,1,
no_finite_o_quantification,SYO/SYO130^5.p,TH0,CounterSatisfiable,csa,yes,3,2,0,2,1,0,1,0,0,cP C[NKDII]
no_finite_o_quantification,SYO/SYO131^5.p,TH0,Theorem,thm,yes,5,4,0,4,1,0,0,1,1,
no_finite_o_quantification,SYO/SYO132^5.p,TH0,Theorem,thm,yes,13,9,0,9,2,2,0,0,0,
no_finite_o_quantification,SYO/SYO133^5.p,TH0,Theorem,thm,yes,73,64,1,64,5,6,0,2,1,
no_finite_o_quantification,SYO/SYO134^5.p,TH0,Theorem,thm,yes,11,16,0,16,2,0,0,1,1,
no_finite_o_quantification,SYO/SYO135^5.p,TH0,Theorem,thm,yes,8,11,0,11,2,1,0,1,1,
no_finite_o_quantification,SYO/SYO136^5.p,TH0,Theorem,thm,yes,12,20,1,20,2,1,0,1,1,
no_finite_o_quantification,SYO/SYO137^5.p,TH0,CounterSatisfiable,csa,yes,66,187,0,187,14,29,1,0,0,¬(cM C[1264GH])  ¬(cM C[4SOJV])  ¬(cM C[1G3RXC])  ¬(cM C[51WX7])  ¬(cN C[1JMYZ5])  cM C[1TFGA2]  ¬(cN C[1TFGA2])  ¬(cN C[12MDCL])
no_finite_o_quantification,SYO/SYO138^5.p,TH0,CounterSatisfiable,csa,yes,6,4,0,4,1,0,1,0,0,cP C[26DD8G]  ¬(cS C[26DD8G])
no_finite_o_quantification,SYO/SYO139^5.p,TH0,Theorem,thm,yes,7,5,0,5,1,1,0,0,0,
no_finite_o_quantification,SYO/SYO140^5.p,TH0,Theorem,thm,yes,11,12,0,12,2,0,0,1,1,
no_finite_o_quantification,SYO/SYO141^5.p,TH0,Theorem,thm,yes,18,23,1,23,3,2,0,1,1,
no_finite_o_quantification,SYO/SYO142^5.p,TH0,Theorem,thm,yes,86,79,1,79,5,7,0,2,1,
no_finite_o_quantification,SYO/SYO143^5.p,TH0,Theorem,thm,yes,17,16,1,16,1,0,0,1,1,
no_finite_o_quantification,SYO/SYO144^5.p,TH0,CounterSatisfiable,csa,yes,35,32,1,32,4,1,1,0,0,¬(cP C[1BUHVS])  ¬(cP C[14TDML])  cR1 x  ¬cC
no_finite_o_quantification,SYO/SYO145^5.p,TH0,Theorem,thm,yes,22,25,1,25,2,0,0,3,1,
no_finite_o_quantification,SYO/SYO146^5.p,TH0,Theorem,thm,yes,19,41,0,41,5,4,0,1,1,
no_finite_o_quantification,SYO/SYO147^5.p,TH0,Theorem,timeout,na,2044,1756,11,1756,151,169,0,1,0,
no_finite_o_quantification,SYO/SYO148^5.p,TH0,Theorem,thm,yes,66,136,0,136,18,12,0,1,1,
no_finite_o_quantification,SYO/SYO149^5.p,TH0,Theorem,thm,yes,25,40,0,40,5,3,0,2,1,
no_finite_o_quantification,SYO/SYO150^5.p,TH0,CounterSatisfiable,csa,yes,50,30,1,30,4,1,1,0,0,cR1 x  ¬cC  ¬(cP C[NOASO])  ¬(cP C[12UT3Z])
no_finite_o_quantification,SYO/SYO151^5.p,TH0,CounterSatisfiable,timeout,na,2009,3139,414,3139,3,0,0,0,0,
no_finite_o_quantification,SYO/SYO152^5.p,TH0,CounterSatisfiable,timeout,na,2005,229,22,229,3,6,0,0,0,
no_finite_o_quantification,SYO/SYO153^5.p,TH0,CounterSatisfiable,csa,yes,16,7,0,7,2,0,1,0,0,cReduct C[23TMW4] C[262O5B]  ¬(cReduct (cAPP C[23TMW4] C[20VD27]) (cApp C[262O5B] C[20VD27]))
no_finite_o_quantification,SYO/SYO154^5.p,TH0,Theorem,thm,yes,15,20,0,20,3,0,0,1,1,
no_finite_o_quantification,SYO/SYO155^5.p,TH0,CounterSatisfiable,csa,yes,5,4,0,4,1,0,1,0,0,cP C[ABG2T]  ¬(cS C[ABG2T])
no_finite_o_quantification,SYO/SYO156^5.p,TH0,CounterSatisfiable,csa,yes,7,1,0,1,1,0,1,0,0,
no_finite_o_quantification,SYO/SYO157^5.p,TH0,CounterSatisfiable,timeout,na,2063,3546,319,3546,512,1,0,0,0,
no_finite_o_quantification,SYO/SYO158^5.p,TH0,CounterSatisfiable,csa,yes,64,15,1,15,2,0,1,0,0,cQ C[QF8ZN] C[1AF89G] C[7PDNB]  cQ C[1AF89G] C[ZFB0O] C[1RNBTI]  cQ C[7PDNB] C[ZFB0O] C[2013RK]  ¬(cQ C[QF8ZN] C[1RNBTI] C[2013RK])
no_finite_o_quantification,SYO/SYO159^5.p,TH0,Theorem,thm,yes,20,24,0,24,3,2,0,1,1,
no_finite_o_quantification,SYO/SYO160^5.p,TH0,Theorem,timeout,na,2008,500,15,500,60,30,0,2,0,
no_finite_o_quantification,SYO/SYO161^5.p,TH0,Theorem,thm,yes,24,53,0,53,5,9,0,2,0,
no_finite_o_quantification,SYO/SYO163^5.p,TH0,CounterSatisfiable,csa,yes,63,12,0,12,4,1,1,0,0,¬(cT C[1PZGX4])  ¬(cT (i C[1PZGX4] (i C[16X4E3] C[1PZGX4])))
no_finite_o_quantification,SYO/SYO164^5.p,TH0,CounterSatisfiable,timeout,na,2070,3653,322,3653,398,15,0,0,0,
no_finite_o_quantification,SYO/SYO165^5.p,TH0,CounterSatisfiable,timeout,na,2147,4551,69,4551,827,91,0,1,0,
no_finite_o_quantification,SYO/SYO166^5.p,TH0,CounterSatisfiable,timeout,na,2047,1115,30,1115,121,68,0,2,0,
no_finite_o_quantification,SYO/SYO167^5.p,TH0,CounterSatisfiable,timeout,na,2020,830,38,830,44,21,0,1,0,
no_finite_o_quantification,SYO/SYO168^5.p,TH0,CounterSatisfiable,timeout,na,2018,730,47,730,25,12,0,11,0,
no_finite_o_quantification,SYO/SYO169^5.p,TH0,Theorem,timeout,na,2117,1399,37,1399,324,4,0,4,0,
no_finite_o_quantification,SYO/SYO170^5.p,TH0,Theorem,timeout,na,2159,1619,40,1619,525,1,0,4,0,
no_finite_o_quantification,SYO/SYO171^5.p,TH0,Theorem,timeout,na,2175,7634,222,7634,1330,270,0,1,0,
no_finite_o_quantification,SYO/SYO173^5.p,TH0,Theorem,timeout,na,2115,3733,139,3733,412,271,0,4,0,
no_finite_o_quantification,SYO/SYO174^5.p,TH0,Theorem,timeout,na,2008,0,0,0,1,0,0,0,0,
no_finite_o_quantification,SYO/SYO175^5.p,TH0,Theorem,timeout,na,2176,6323,245,6323,725,270,0,1,0,
no_finite_o_quantification,SYO/SYO176^5.p,TH0,CounterSatisfiable,csa,yes,832,10,0,11,4,0,1,0,0,cL  cP  ¬cM
no_finite_o_quantification,SYO/SYO178^5.p,TH0,Theorem,thm,yes,90,1,0,1,1,1,0,0,0,
no_finite_o_quantification,SYO/SYO179^5.p,TH0,Theorem,timeout,na,2017,0,0,0,1,0,0,0,0,
no_finite_o_quantification,SYO/SYO180^5.p,TH0,Theorem,thm,yes,561,12,1,12,1,1,0,0,0,
no_finite_o_quantification,SYO/SYO181^5.p,TH0,Theorem,timeout,na,4357,0,0,0,1,0,0,0,0,
no_finite_o_quantification,SYO/SYO182^5.p,TH0,Theorem,timeout,na,5610,0,0,0,1,0,0,0,0,
no_finite_o_quantification,SYO/SYO183^5.p,TH0,Theorem,thm,yes,3,3,0,3,1,0,0,1,1,
no_finite_o_quantification,SYO/SYO183^6.p,TH0,Theorem,thm,yes,3,4,0,4,1,0,0,1,1,
no_finite_o_quantification,SYO/SYO184^5.p,TH0,Theorem,thm,yes,3,5,0,5,1,0,0,1,1,
no_finite_o_quantification,SYO/SYO185^5.p,TH0,Theorem,thm,yes,2,2,0,2,1,1,0,0,0,
no_finite_o_quantification,SYO/SYO186^5.p,TH0,Theorem,thm,yes,2,4,0,4,1,0,0,1,1,
no_finite_o_quantification,SYO/SYO187^5.p,TH0,Theorem,thm,yes,3,4,0,4,1,0,0,1,1,
no_finite_o_quantification,SYO/SYO188^5.p,TH0,Theorem,thm,yes,10,4,0,4,1,0,0,1,1,
no_finite_o_quantification,SYO/SYO189^5.p,TH0,Theorem,thm,yes,5,5,0,5,1,0,0,1,1,
no_finite_o_quantification,SYO/SYO190^5.p,TH0,Theorem,thm,yes,5,5,0,5,1,0,0,1,1,
no_finite_o_quantification,SYO/SYO191^5.p,TH0,Theorem,thm,yes,3,3,0,3,1,1,0,0,0,
no_finite_o_quantification,SYO/SYO192^5.p,TH0,Theorem,thm,yes,6,10,0,10,2,0,0,1,1,
no_finite_o_quantification,SYO/SYO193^5.p,TH0,Theorem,thm,yes,9,5,0,5,1,0,0,1,1,
no_finite_o_quantification,SYO/SYO194^5.p,TH0,Theorem,thm,yes,15,12,0,12,2,0,0,1,1,
no_finite_o_quantification,SYO/SYO195^5.p,TH0,Theorem,thm,yes,14,30,1,30,3,2,0,2,1,
no_finite_o_quantification,SYO/SYO196^5.p,TH0,Theorem,thm,yes,5,3,0,3,1,0,0,1,1,
no_finite_o_quantification,SYO/SYO197^5.p,TH0,Theorem,thm,yes,6,6,0,6,1,0,0,1,1,
no_finite_o_quantification,SYO/SYO198^5.p,TH0,Theorem,thm,yes,8,7,0,7,2,0,0,1,1,
no_finite_o_quantification,SYO/SYO199^5.p,TH0,Theorem,thm,yes,12,8,0,8,2,0,0,1,1,
no_finite_o_quantification,SYO/SYO200^5.p,TH0,Theorem,thm,yes,8,5,0,5,1,0,0,1,1,
no_finite_o_quantification,SYO/SYO202^5.p,TH0,Theorem,thm,yes,3,2,0,2,1,1,0,0,0,
no_finite_o_quantification,SYO/SYO203^5.p,TH0,Theorem,thm,yes,3,1,0,1,1,1,0,0,0,
no_finite_o_quantification,SYO/SYO204^5.p,TH0,Theorem,thm,yes,5,6,0,6,1,0,0,1,1,
no_finite_o_quantification,SYO/SYO205^5.p,TH0,Theorem,thm,yes,15,48,0,48,6,8,0,1,1,
no_finite_o_quantification,SYO/SYO206^5.p,TH0,Theorem,thm,yes,21,60,0,60,5,10,0,3,0,
no_finite_o_quantification,SYO/SYO207^5.p,TH0,Theorem,thm,yes,14,28,0,28,4,6,0,0,0,
no_finite_o_quantification,SYO/SYO208^5.p,TH0,Theorem,thm,yes,161,75,0,75,5,6,0,1,1,
no_finite_o_quantification,SYO/SYO209^5.p,TH0,Theorem,timeout,na,2031,801,14,801,120,0,0,3,0,
no_finite_o_quantification,SYO/SYO210^5.p,TH0,CounterSatisfiable,timeout,na,2007,1430,143,1430,1,0,0,0,0,
no_finite_o_quantification,SYO/SYO211^5.p,TH0,CounterSatisfiable,timeout,na,2177,7430,117,7430,554,511,0,0,0,
no_finite_o_quantification,SYO/SYO212^5.p,TH0,Theorem,thm,yes,21,54,0,45,5,12,0,0,0,
no_finite_o_quantification,SYO/SYO213^5.p,TH0,Theorem,timeout,na,2052,2104,46,2104,320,0,0,4,0,
no_finite_o_quantification,SYO/SYO214^5.p,TH0,Theorem,thm,yes,13,5,0,5,1,1,0,0,0,
no_finite_o_quantification,SYO/SYO215^5.p,TH0,Theorem,timeout,na,2003,82,3,82,5,3,0,4,0,
no_finite_o_quantification,SYO/SYO216^5.p,TH0,Theorem,thm,yes,5,4,0,4,1,1,0,0,0,
no_finite_o_quantification,SYO/SYO217^5.p,TH0,Theorem,timeout,na,2010,559,2,559,26,82,0,4,0,
no_finite_o_quantification,SYO/SYO218^5.p,TH0,Theorem,timeout,na,2059,2375,49,2375,267,14,0,2,0,
no_finite_o_quantification,SYO/SYO219^5.p,TH0,Theorem,timeout,na,2042,1971,109,1971,147,3,0,1,0,
no_finite_o_quantification,SYO/SYO220^5.p,TH0,Theorem,thm,yes,17,9,0,9,1,0,0,1,1,
no_finite_o_quantification,SYO/SYO221^5.p,TH0,Theorem,timeout,na,2053,1325,49,1325,349,8,0,1,0,
no_finite_o_quantification,SYO/SYO222^5.p,TH0,Theorem,timeout,na,2021,1031,54,1031,112,16,0,1,0,
no_finite_o_quantification,SYO/SYO223^5.p,TH0,Theorem,timeout,na,2116,4602,96,4602,455,318,0,1,0,
no_finite_o_quantification,SYO/SYO224^5.p,TH0,Theorem,timeout,na,2117,3896,28,3896,507,285,0,1,0,
no_finite_o_quantification,SYO/SYO225^5.p,TH0,Theorem,timeout,na,2255,4798,48,4798,211,452,0,0,0,
no_finite_o_quantification,SYO/SYO226^5.p,TH0,Theorem,timeout,na,2005,160,2,160,13,14,0,4,0,
no_finite_o_quantification,SYO/SYO227^5.p,TH0,Theorem,timeout,na,2067,3837,139,3837,385,1,0,2,0,
no_finite_o_quantification,SYO/SYO228^5.p,TH0,Theorem,timeout,na,2314,5749,34,5749,189,720,0,0,0,
no_finite_o_quantification,SYO/SYO229^5.p,TH0,Theorem,timeout,na,2004,135,7,135,10,1,0,3,0,
no_finite_o_quantification,SYO/SYO230^5.p,TH0,Theorem,timeout,na,2005,112,4,112,9,1,0,4,0,
no_finite_o_quantification,SYO/SYO231^5.p,TH0,Theorem,timeout,na,2324,4805,14,4805,571,376,0,4,0,
no_finite_o_quantification,SYO/SYO232^5.p,TH0,Theorem,thm,yes,10,12,0,12,2,1,0,1,1,
no_finite_o_quantification,SYO/SYO233^5.p,TH0,Theorem,timeout,na,2003,97,4,97,5,2,0,4,0,
no_finite_o_quantification,SYO/SYO234^5.p,TH0,Theorem,timeout,na,2005,119,4,119,9,1,0,4,0,
no_finite_o_quantification,SYO/SYO235^5.p,TH0,Theorem,timeout,na,2111,3612,80,3612,547,88,0,1,0,
no_finite_o_quantification,SYO/SYO236^5.p,TH0,Theorem,timeout,na,2105,2650,43,2650,520,42,0,1,0,
no_finite_o_quantification,SYO/SYO237^5.p,TH0,Theorem,timeout,na,2036,1745,63,1745,158,6,0,3,0,
no_finite_o_quantification,SYO/SYO238^5.p,TH0,Theorem,timeout,na,2004,93,5,93,5,3,0,4,0,
no_finite_o_quantification,SYO/SYO239^5.p,TH0,Theorem,timeout,na,2087,1878,94,1878,455,10,0,4,0,
no_finite_o_quantification,SYO/SYO240^5.p,TH0,Unknown,timeout,na,2028,668,24,668,44,20,0,2,0,
no_finite_o_quantification,SYO/SYO241^5.p,TH0,Theorem,timeout,na,2098,2132,29,2132,471,35,0,2,0,
no_finite_o_quantification,SYO/SYO242^5.p,TH0,CounterSatisfiable,timeout,na,2020,1195,76,1195,52,7,0,2,0,
no_finite_o_quantification,SYO/SYO243^5.p,TH0,Theorem,timeout,na,2069,2486,56,2486,286,13,0,3,0,
no_finite_o_quantification,SYO/SYO244^5.p,TH0,Theorem,timeout,na,2036,458,11,458,46,16,0,2,0,
no_finite_o_quantification,SYO/SYO245^5.p,TH0,ContradictoryAxioms,timeout,na,2304,4253,130,4253,2174,98,0,2,0,
no_finite_o_quantification,SYO/SYO246^5.p,TH0,Theorem,timeout,na,2019,148,4,148,12,7,0,2,0,
no_finite_o_quantification,SYO/SYO247^5.p,TH0,CounterSatisfiable,timeout,na,2045,587,24,587,105,22,0,0,0,
no_finite_o_quantification,SYO/SYO248^5.p,TH0,Theorem,timeout,na,2237,6742,2,6742,262,324,0,0,0,
no_finite_o_quantification,SYO/SYO249^5.p,TH0,Theorem,timeout,na,2215,2004,5,2004,201,0,0,0,0,
no_finite_o_quantification,SYO/SYO250^5.p,TH0,Theorem,timeout,na,2114,2,0,2,1,0,0,0,0,
no_finite_o_quantification,SYO/SYO252^5.p,TH0,Theorem,thm,yes,4,4,0,4,1,0,0,1,1,
no_finite_o_quantification,SYO/SYO253^5.p,TH0,Theorem,thm,yes,8,9,0,9,2,0,0,1,1,
no_finite_o_quantification,SYO/SYO255^5.p,TH0,Theorem,timeout,na,2128,1417,40,1417,139,46,0,6,0,
no_finite_o_quantification,SYO/SYO256^5.p,TH0,Theorem,thm,yes,61,94,0,90,7,16,0,1,1,
no_finite_o_quantification,SYO/SYO257^5.p,TH0,Theorem,thm,yes,23,9,0,9,1,0,0,1,1,
no_finite_o_quantification,SYO/SYO258^5.p,TH0,Theorem,thm,yes,50,24,0,24,3,0,0,2,1,
no_finite_o_quantification,SYO/SYO259^5.p,TH0,Theorem,thm,yes,259,58,2,58,5,3,0,1,1,
no_finite_o_quantification,SYO/SYO260^5.p,TH0,Theorem,thm,yes,228,62,0,62,5,5,0,1,1,
no_finite_o_quantification,SYO/SYO261^5.p,TH0,Theorem,timeout,na,2036,2796,137,2796,215,8,0,3,0,
no_finite_o_quantification,SYO/SYO262^5.p,TH0,Theorem,thm,yes,121,7,0,7,1,0,0,1,1,
no_finite_o_quantification,SYO/SYO263^5.p,TH0,Theorem,timeout,na,2015,454,16,454,63,25,0,1,0,
no_finite_o_quantification,SYO/SYO264^5.p,TH0,Theorem,timeout,na,2027,536,18,536,114,26,0,0,0,
no_finite_o_quantification,SYO/SYO265^5.p,TH0,Theorem,timeout,na,2068,2633,89,2633,309,10,0,3,0,
no_finite_o_quantification,SYO/SYO266^5.p,TH0,Theorem,timeout,na,2160,2977,124,2977,848,33,0,3,0,
no_finite_o_quantification,SYO/SYO267^5.p,TH0,Theorem,thm,yes,61,12,0,12,2,0,0,1,1,
no_finite_o_quantification,SYO/SYO268^5.p,TH0,Theorem,thm,yes,92,58,1,58,5,2,0,1,1,
no_finite_o_quantification,SYO/SYO269^5.p,TH0,Theorem,timeout,na,2027,402,21,402,24,0,0,2,0,
no_finite_o_quantification,SYO/SYO270^5.p,TH0,Theorem,thm,yes,135,21,2,21,1,0,0,1,1,
no_finite_o_quantification,SYO/SYO271^5.p,TH0,Theorem,timeout,na,2006,147,3,147,11,13,0,5,0,
no_finite_o_quantification,SYO/SYO272^5.p,TH0,Theorem,timeout,na,2066,1785,51,1785,246,16,0,5,0,
no_finite_o_quantification,SYO/SYO274^5.p,TH0,Theorem,timeout,na,2072,2825,105,2825,379,0,0,2,0,
no_finite_o_quantification,SYO/SYO275^5.p,TH0,Theorem,timeout,na,2050,1502,57,1502,173,12,0,5,0,
no_finite_o_quantification,SYO/SYO276^5.p,TH0,Theorem,timeout,na,2008,41,3,41,3,0,0,3,0,
no_finite_o_quantification,SYO/SYO277^5.p,TH0,Theorem,timeout,na,2101,3603,47,3603,643,16,0,1,0,
no_finite_o_quantification,SYO/SYO278^5.p,TH0,CounterSatisfiable,timeout,na,2004,214,21,214,1,0,0,0,0,
no_finite_o_quantification,SYO/SYO279^5.p,TH0,CounterSatisfiable,csa,yes,5,3,0,3,1,0,1,0,0,¬(cReduct (cAPP (cLAM (λ. C[1O53TG] 1)) C[21OFSX]) (C[1O53TG] C[21OFSX]))
no_finite_o_quantification,SYO/SYO280^5.p,TH0,CounterSatisfiable,timeout,na,2069,2102,139,2102,381,4,0,5,0,
no_finite_o_quantification,SYO/SYO281^5.p,TH0,Theorem,thm,yes,47,6,0,6,1,0,0,1,1,
no_finite_o_quantification,SYO/SYO282^5.p,TH0,Theorem,thm,yes,5,6,0,6,1,0,0,1,1,
no_finite_o_quantification,SYO/SYO284^5.p,TH0,CounterSatisfiable,timeout,na,2004,1424,186,1424,1,0,0,0,0,
no_finite_o_quantification,SYO/SYO285^5.p,TH0,Theorem,thm,yes,5,3,0,3,1,0,0,1,1,
no_finite_o_quantification,SYO/SYO286^5.p,TH0,Theorem,thm,yes,7,8,0,8,1,0,0,1,1,
no_finite_o_quantification,SYO/SYO287^5.p,TH0,Theorem,timeout,na,2068,567,8,567,371,5,0,1,0,
no_finite_o_quantification,SYO/SYO288^5.p,TH0,Theorem,timeout,na,2031,1207,20,1207,145,157,0,2,0,
no_finite_o_quantification,SYO/SYO289^5.p,TH0,Theorem,thm,yes,8,5,0,5,1,0,0,1,1,
no_finite_o_quantification,SYO/SYO290^5.p,TH0,Theorem,thm,yes,4,1,0,1,1,1,0,0,0,
no_finite_o_quantification,SYO/SYO291^5.p,TH0,Theorem,thm,yes,5,3,0,3,1,0,0,1,1,
no_finite_o_quantification,SYO/SYO292^5.p,TH0,Theorem,thm,yes,123,12,0,12,2,0,0,2,1,
no_finite_o_quantification,SYO/SYO293^5.p,TH0,Theorem,thm,yes,14,5,0,5,1,0,0,1,1,
no_finite_o_quantification,SYO/SYO294^5.p,TH0,CounterSatisfiable,timeout,na,2027,286,0,286,88,4,0,4,0,
no_finite_o_quantification,SYO/SYO295^5.p,TH0,Theorem,timeout,na,2048,3032,167,3032,171,20,0,2,0,
no_finite_o_quantification,SYO/SYO296^5.p,TH0,Theorem,thm,yes,1004,45,1,45,5,3,0,2,1,
no_finite_o_quantification,SYO/SYO297^5.p,TH0,CounterSatisfiable,timeout,na,2137,4324,33,4324,615,378,0,6,0,
no_finite_o_quantification,SYO/SYO298^5.p,TH0,Theorem,thm,yes,102,12,0,12,2,0,0,1,1,
no_finite_o_quantification,SYO/SYO299^5.p,TH0,Theorem,thm,yes,107,60,1,60,6,13,0,1,1,
no_finite_o_quantification,SYO/SYO300^5.p,TH0,Theorem,thm,yes,26,6,0,6,1,0,0,1,1,
no_finite_o_quantification,SYO/SYO301^5.p,TH0,Theorem,timeout,na,2083,2202,30,2202,316,68,0,1,0,
no_finite_o_quantification,SYO/SYO302^5.p,TH0,CounterSatisfiable,timeout,na,2091,1561,4,1561,709,0,0,3,0,
no_finite_o_quantification,SYO/SYO303^5.p,TH0,Theorem,timeout,na,2097,2677,45,2677,404,11,0,1,0,
no_finite_o_quantification,SYO/SYO304^5.p,TH0,Theorem,unk,na,11,4,0,4,1,0,0,0,0,
no_finite_o_quantification,SYO/SYO305^5.p,TH0,Theorem,thm,yes,19,19,0,19,4,0,0,1,1,
no_finite_o_quantification,SYO/SYO306^5.p,TH0,Theorem,thm,yes,4,1,0,1,1,1,0,0,0,
no_finite_o_quantification,SYO/SYO307^5.p,TH0,Theorem,timeout,na,2007,133,5,133,9,8,0,2,0,
no_finite_o_quantification,SYO/SYO308^5.p,TH0,Theorem,thm,yes,23,29,0,29,4,2,0,1,1,
no_finite_o_quantification,SYO/SYO309^5.p,TH0,Theorem,timeout,na,2035,1483,91,1483,164,3,0,4,0,
no_finite_o_quantification,SYO/SYO310^5.p,TH0,Theorem,timeout,na,2005,41,2,41,4,1,0,4,0,
no_finite_o_quantification,SYO/SYO311^5.p,TH0,Theorem,timeout,na,2003,43,0,43,4,1,0,4,0,
no_finite_o_quantification,SYO/SYO312^5.p,TH0,Theorem,timeout,na,2033,864,55,864,51,4,0,2,0,
no_finite_o_quantification,SYO/SYO313^5.p,TH0,CounterSatisfiable,timeout,na,2199,6047,68,6047,1030,296,0,2,0,
no_finite_o_quantification,SYO/SYO314^5.p,TH0,Theorem,thm,yes,10,1,0,1,1,1,0,0,0,
no_finite_o_quantification,SYO/SYO315^5.p,TH0,Theorem,thm,yes,9,1,0,1,1,1,0,0,0,
no_finite_o_quantification,SYO/SYO316^5.p,TH0,CounterSatisfiable,timeout,na,2038,1783,46,1783,212,0,0,1,0,
no_finite_o_quantification,SYO/SYO317^5.p,TH0,Theorem,timeout,na,2063,3703,173,3703,221,96,0,2,0,
no_finite_o_quantification,SYO/SYO318^5.p,TH0,CounterSatisfiable,timeout,na,2026,623,14,623,59,26,0,1,0,
no_finite_o_quantification,SYO/SYO323^5.p,TH0,CounterSatisfiable,csa,yes,28,8,0,8,2,0,1,0,0,cHALF C[196B47] C[138TTO]  ¬(cHALF (cS (cS C[196B47])) (cS C[138TTO]))
no_finite_o_quantification,SYO/SYO324^5.p,TH0,Theorem,timeout,na,2033,712,44,712,37,2,0,2,0,
no_finite_o_quantification,SYO/SYO325^5.p,TH0,Theorem,timeout,na,2031,544,25,544,39,10,0,2,0,
no_finite_o_quantification,SYO/SYO326^5.p,TH0,Theorem,timeout,na,2016,222,7,222,19,0,0,1,0,
no_finite_o_quantification,SYO/SYO327^5.p,TH0,Theorem,timeout,na,2034,1280,91,1280,56,0,0,4,0,
no_finite_o_quantification,SYO/SYO328^5.p,TH0,CounterSatisfiable,timeout,na,2011,11,0,11,4,0,0,0,0,
no_finite_o_quantification,SYO/SYO329^5.p,TH0,Theorem,timeout,na,2069,1615,29,1615,326,0,0,4,0,
no_finite_o_quantification,SYO/SYO330^5.p,TH0,Theorem,timeout,na,2025,1154,81,1154,46,18,0,3,0,
no_finite_o_quantification,SYO/SYO331^5.p,TH0,Theorem,timeout,na,2027,627,25,627,61,10,0,1,0,
no_finite_o_quantification,SYO/SYO332^5.p,TH0,Theorem,timeout,na,2035,1212,67,1212,62,25,0,1,0,
no_finite_o_quantification,SYO/SYO333^5.p,TH0,CounterSatisfiable,timeout,na,2029,1131,79,1131,63,0,0,1,0,
no_finite_o_quantification,SYO/SYO334^5.p,TH0,Theorem,timeout,na,2087,2257,52,2257,327,0,0,2,0,
no_finite_o_quantification,SYO/SYO335^5.p,TH0,Theorem,timeout,na,2069,1539,40,1539,290,0,0,4,0,
no_finite_o_quantification,SYO/SYO336^5.p,TH0,Unknown,timeout,na,2023,355,25,355,19,1,0,4,0,
no_finite_o_quantification,SYO/SYO337^5.p,TH0,Theorem,timeout,na,2034,423,24,423,29,4,0,2,0,
no_finite_o_quantification,SYO/SYO338^5.p,TH0,Theorem,timeout,na,2047,1338,91,1338,100,0,0,1,0,
no_finite_o_quantification,SYO/SYO339^5.p,TH0,CounterSatisfiable,timeout,na,2067,1168,24,1168,194,32,0,0,0,
no_finite_o_quantification,SYO/SYO340^5.p,TH0,CounterSatisfiable,timeout,na,2051,619,8,619,102,36,0,0,0,
no_finite_o_quantification,SYO/SYO341^5.p,TH0,CounterSatisfiable,timeout,na,2043,515,11,515,63,23,0,0,0,
no_finite_o_quantification,SYO/SYO344^5.p,TH0,Theorem,thm,yes,7,3,0,3,1,1,0,0,0,
no_finite_o_quantification,SYO/SYO345^5.p,TH0,Theorem,thm,yes,21,33,0,29,5,10,0,0,0,
no_finite_o_quantification,SYO/SYO346^5.p,TH0,Theorem,thm,yes,5,4,0,4,1,1,0,0,0,
no_finite_o_quantification,SYO/SYO347^5.p,TH0,Theorem,thm,yes,8,3,0,3,1,1,0,0,0,
no_finite_o_quantification,SYO/SYO348^5.p,TH0,Theorem,thm,yes,13,24,0,20,3,6,0,0,0,
no_finite_o_quantification,SYO/SYO349^5.p,TH0,Theorem,thm,yes,8,12,0,10,2,3,0,0,0,
no_finite_o_quantification,SYO/SYO350^5.p,TH0,Theorem,timeout,na,2040,1894,73,1894,165,7,0,3,0,
no_finite_o_quantification,SYO/SYO351^5.p,TH0,Theorem,thm,yes,14,13,0,13,2,1,0,1,1,
no_finite_o_quantification,SYO/SYO352^5.p,TH0,Theorem,timeout,na,2063,2302,73,2302,356,0,0,4,0,
no_finite_o_quantification,SYO/SYO353^5.p,TH0,Theorem,thm,yes,23,12,0,12,2,0,0,1,1,
no_finite_o_quantification,SYO/SYO354^5.p,TH0,Theorem,timeout,na,2058,1988,44,1988,358,0,0,4,0,
no_finite_o_quantification,SYO/SYO355^5.p,TH0,Theorem,timeout,na,2004,90,5,90,5,3,0,4,0,
no_finite_o_quantification,SYO/SYO356^5.p,TH0,Theorem,timeout,na,2065,1651,23,1651,329,8,0,4,0,
no_finite_o_quantification,SYO/SYO357^5.p,TH0,Theorem,thm,yes,7,1,0,1,1,1,0,0,0,
no_finite_o_quantification,SYO/SYO358^5.p,TH0,Theorem,thm,yes,6,1,0,1,1,1,0,0,0,
no_finite_o_quantification,SYO/SYO359^5.p,TH0,Theorem,timeout,na,2070,4239,158,4239,445,2,0,3,0,
no_finite_o_quantification,SYO/SYO360^5.p,TH0,Theorem,timeout,na,2052,1744,25,1744,257,10,0,4,0,
no_finite_o_quantification,SYO/SYO361^5.p,TH0,Theorem,timeout,na,2006,164,1,164,12,25,0,4,0,
no_finite_o_quantification,SYO/SYO362^5.p,TH0,Theorem,timeout,na,2035,1595,53,1595,150,23,0,2,0,
no_finite_o_quantification,SYO/SYO363^5.p,TH0,Theorem,timeout,na,2036,959,7,959,132,15,0,2,0,
no_finite_o_quantification,SYO/SYO364^5.p,TH0,Theorem,timeout,na,2050,905,10,905,215,0,0,2,0,
no_finite_o_quantification,SYO/SYO365^5.p,TH0,Theorem,parser_error,na,0,,,,,,,,,cached: Failed to parse formula 'cEXT2_def': [byte:1966] Type Error: Cannot unify strict function types of different arities.
no_finite_o_quantification,SYO/SYO366^5.p,TH0,Theorem,thm,yes,3,1,0,1,1,1,0,0,0,
no_finite_o_quantification,SYO/SYO367^5.p,TH0,Theorem,parser_error,na,0,,,,,,,,,cached: Failed to parse formula 'cEXT2': [byte:1793] Type Error: Cannot unify strict function types of different arities.
no_finite_o_quantification,SYO/SYO368^5.p,TH0,Theorem,thm,yes,15,27,0,23,3,7,0,0,0,
no_finite_o_quantification,SYO/SYO369^5.p,TH0,Theorem,thm,yes,3,1,0,1,1,1,0,0,0,
no_finite_o_quantification,SYO/SYO370^5.p,TH0,Theorem,timeout,na,2063,3303,55,3303,263,255,0,0,0,
no_finite_o_quantification,SYO/SYO371^5.p,TH0,Theorem,timeout,na,2103,3765,57,3765,539,108,0,2,0,
no_finite_o_quantification,SYO/SYO372^5.p,TH0,Theorem,timeout,na,2059,3003,45,3003,278,255,0,0,0,
no_finite_o_quantification,SYO/SYO373^5.p,TH0,Theorem,timeout,na,2056,3027,68,3027,259,255,0,0,0,
no_finite_o_quantification,SYO/SYO374^5.p,TH0,Theorem,timeout,na,2004,73,3,73,5,3,0,2,0,
no_finite_o_quantification,SYO/SYO375^5.p,TH0,Theorem,thm,yes,4,3,0,3,1,1,0,0,0,
no_finite_o_quantification,SYO/SYO376^5.p,TH0,Theorem,timeout,na,2043,1804,32,1752,143,210,0,0,0,
no_finite_o_quantification,SYO/SYO377^5.p,TH0,Theorem,thm,yes,36,58,0,49,5,12,0,0,0,
no_finite_o_quantification,SYO/SYO378^5.p,TH0,Theorem,timeout,na,2041,786,29,786,89,11,0,2,0,
no_finite_o_quantification,SYO/SYO379^5.p,TH0,Theorem,timeout,na,2083,2994,100,2994,323,73,0,4,0,
no_finite_o_quantification,SYO/SYO380^5.p,TH0,Theorem,thm,yes,5,5,0,5,1,0,0,1,1,
no_finite_o_quantification,SYO/SYO381^5.p,TH0,Theorem,thm,yes,12,14,0,14,2,0,0,1,1,
no_finite_o_quantification,SYO/SYO382^5.p,TH0,Theorem,thm,yes,12,1,0,1,1,1,0,0,0,
no_finite_o_quantification,SYO/SYO383^5.p,TH0,Theorem,timeout,na,2184,3976,149,3976,152,1,0,0,0,
no_finite_o_quantification,SYO/SYO384^5.p,TH0,Theorem,thm,yes,26,1,0,1,1,1,0,0,0,
no_finite_o_quantification,SYO/SYO385^5.p,TH0,Theorem,timeout,na,2513,5688,37,5688,204,0,0,0,0,
no_finite_o_quantification,SYO/SYO386^5.p,TH0,Theorem,timeout,na,2381,3772,17,3772,190,0,0,0,0,
no_finite_o_quantification,SYO/SYO387^5.p,TH0,Theorem,timeout,na,2053,95,8,95,4,0,0,0,0,
no_finite_o_quantification,SYO/SYO388^5.p,TH0,Theorem,timeout,na,2080,13,1,13,1,0,0,0,0,
no_finite_o_quantification,SYO/SYO389^5.p,TH0,Theorem,thm,yes,2,1,0,1,1,1,0,0,0,
no_finite_o_quantification,SYO/SYO390^5.p,TH0,Theorem,thm,yes,15,25,0,25,3,5,0,0,0,
no_finite_o_quantification,SYO/SYO391^5.p,TH0,Theorem,timeout,na,2108,7,0,7,1,0,0,0,0,
no_finite_o_quantification,SYO/SYO392^1.p,TH0,Theorem,timeout,na,2198,4821,120,4821,268,85,0,0,0,
no_finite_o_quantification,SYO/SYO393^1.p,TH0,Theorem,timeout,na,2245,6324,60,6324,267,197,0,0,0,
no_finite_o_quantification,SYO/SYO394^1.p,TH0,Theorem,timeout,na,2223,5791,116,5791,242,328,0,0,0,
no_finite_o_quantification,SYO/SYO395^1.p,TH0,Theorem,timeout,na,2212,5975,46,5975,299,721,0,0,0,
no_finite_o_quantification,SYO/SYO396^1.p,TH0,Theorem,timeout,na,2188,4149,55,4149,514,244,0,1,0,
no_finite_o_quantification,SYO/SYO397^1.p,TH0,Theorem,timeout,na,2253,8318,98,8318,239,576,0,0,0,
no_finite_o_quantification,SYO/SYO398^1.p,TH0,Theorem,timeout,na,2249,8345,197,8345,268,493,0,0,0,
no_finite_o_quantification,SYO/SYO399^1.p,TH0,Theorem,timeout,na,2192,5201,63,5201,278,231,0,0,0,
no_finite_o_quantification,SYO/SYO400^1.p,TH0,Theorem,timeout,na,2171,3989,40,3989,301,76,0,0,0,
no_finite_o_quantification,SYO/SYO401^1.p,TH0,Theorem,timeout,na,2259,6504,33,6504,286,214,0,0,0,
no_finite_o_quantification,SYO/SYO402^1.p,TH0,Theorem,timeout,na,2213,4739,37,4739,283,211,0,0,0,
no_finite_o_quantification,SYO/SYO403^1.p,TH0,Theorem,timeout,na,2170,4351,138,4351,240,205,0,0,0,
no_finite_o_quantification,SYO/SYO404^1.p,TH0,Theorem,timeout,na,2177,4780,69,4780,294,112,0,0,0,
no_finite_o_quantification,SYO/SYO405^1.p,TH0,Theorem,timeout,na,2158,4191,92,4191,260,121,0,0,0,
no_finite_o_quantification,SYO/SYO406^1.p,TH0,Theorem,timeout,na,2217,5889,68,5889,275,187,0,0,0,
no_finite_o_quantification,SYO/SYO407^1.p,TH0,Theorem,timeout,na,2181,4818,53,4818,308,121,0,0,0,
no_finite_o_quantification,SYO/SYO408^1.p,TH0,Theorem,timeout,na,2281,7973,53,7973,279,430,0,0,0,
no_finite_o_quantification,SYO/SYO409^1.p,TH0,Theorem,timeout,na,2193,5274,109,5274,295,153,0,0,0,
no_finite_o_quantification,SYO/SYO410^1.p,TH0,Theorem,timeout,na,2277,8208,156,8208,246,421,0,0,0,
no_finite_o_quantification,SYO/SYO411^1.p,TH0,Theorem,timeout,na,2190,4837,60,4837,271,163,0,0,0,
no_finite_o_quantification,SYO/SYO412^1.p,TH0,Theorem,timeout,na,2297,8105,70,8105,278,274,0,0,0,
no_finite_o_quantification,SYO/SYO413^1.p,TH0,Theorem,timeout,na,2155,4496,65,4496,374,373,0,2,0,
no_finite_o_quantification,SYO/SYO414^1.p,TH0,Theorem,timeout,na,2232,6678,170,6678,288,159,0,0,0,
no_finite_o_quantification,SYO/SYO415^1.p,TH0,Theorem,timeout,na,2287,8182,150,8182,273,229,0,0,0,
no_finite_o_quantification,SYO/SYO416^1.p,TH0,Theorem,timeout,na,2212,5903,137,5903,254,93,0,0,0,
no_finite_o_quantification,SYO/SYO417^1.p,TH0,Theorem,timeout,na,2264,5179,55,5179,226,96,0,0,0,
no_finite_o_quantification,SYO/SYO418^1.p,TH0,Theorem,timeout,na,2104,2222,40,2222,195,220,0,2,0,
no_finite_o_quantification,SYO/SYO419^1.p,TH0,Theorem,timeout,na,2092,1933,28,1933,150,189,0,2,0,
no_finite_o_quantification,SYO/SYO420^1.p,TH0,Theorem,timeout,na,2249,5876,121,5876,287,206,0,0,0,
no_finite_o_quantification,SYO/SYO421^1.p,TH0,Theorem,thm,yes,169,276,7,276,28,10,0,1,1,
no_finite_o_quantification,SYO/SYO422^1.p,TH0,Theorem,timeout,na,2117,2040,27,2040,195,200,0,2,0,
no_finite_o_quantification,SYO/SYO423^1.p,TH0,Theorem,timeout,na,2175,4238,61,4238,268,98,0,0,0,
no_finite_o_quantification,SYO/SYO424^1.p,TH0,Theorem,timeout,na,2195,4733,66,4733,235,225,0,0,0,
no_finite_o_quantification,SYO/SYO425^1.p,TH0,Theorem,timeout,na,2206,5536,133,5536,724,144,0,1,0,
no_finite_o_quantification,SYO/SYO426^1.p,TH0,Theorem,timeout,na,2165,4565,91,4565,243,255,0,0,0,
no_finite_o_quantification,SYO/SYO427^1.p,TH0,Theorem,timeout,na,2199,5023,76,5023,239,126,0,0,0,
no_finite_o_quantification,SYO/SYO428^1.p,TH0,Theorem,timeout,na,2179,4902,96,4902,259,93,0,0,0,
no_finite_o_quantification,SYO/SYO429^1.p,TH0,Theorem,timeout,na,2226,5876,98,5876,238,82,0,0,0,
no_finite_o_quantification,SYO/SYO430^1.p,TH0,Theorem,timeout,na,2224,6391,151,6391,220,91,0,0,0,
no_finite_o_quantification,SYO/SYO431^1.p,TH0,Theorem,timeout,na,2227,5808,81,5808,217,139,0,0,0,
no_finite_o_quantification,SYO/SYO432^1.p,TH0,Theorem,timeout,na,2199,5630,128,5630,238,135,0,0,0,
no_finite_o_quantification,SYO/SYO433^1.p,TH0,Theorem,timeout,na,2191,5059,107,5059,219,125,0,0,0,
no_finite_o_quantification,SYO/SYO434^1.p,TH0,Theorem,timeout,na,2174,4143,99,4143,181,172,0,0,0,
no_finite_o_quantification,SYO/SYO435^1.p,TH0,Theorem,timeout,na,2218,5701,130,5701,222,58,0,0,0,
no_finite_o_quantification,SYO/SYO436^1.p,TH0,Theorem,timeout,na,2199,4485,97,4485,214,100,0,0,0,
no_finite_o_quantification,SYO/SYO437^1.p,TH0,Theorem,timeout,na,2175,3529,78,3529,203,142,0,0,0,
no_finite_o_quantification,SYO/SYO438^1.p,TH0,Theorem,timeout,na,2200,4750,146,4750,222,89,0,0,0,
no_finite_o_quantification,SYO/SYO439^1.p,TH0,Theorem,timeout,na,2152,4233,139,4233,214,41,0,0,0,
no_finite_o_quantification,SYO/SYO440^1.p,TH0,Theorem,timeout,na,2213,4513,100,4513,224,33,0,0,0,
no_finite_o_quantification,SYO/SYO441^1.p,TH0,Theorem,timeout,na,2196,5525,149,5525,225,73,0,0,0,
no_finite_o_quantification,SYO/SYO442^1.p,TH0,Theorem,timeout,na,2268,6618,147,6618,244,89,0,0,0,
no_finite_o_quantification,SYO/SYO443^1.p,TH0,Theorem,timeout,na,2217,5703,130,5703,232,76,0,0,0,
no_finite_o_quantification,SYO/SYO444^1.p,TH0,Theorem,timeout,na,2277,7396,127,7396,240,136,0,0,0,
no_finite_o_quantification,SYO/SYO445^1.p,TH0,Theorem,timeout,na,2222,5580,126,5580,218,65,0,0,0,
no_finite_o_quantification,SYO/SYO446^1.p,TH0,Theorem,timeout,na,2186,4617,134,4617,218,40,0,0,0,
no_finite_o_quantification,SYO/SYO447^1.p,TH0,Theorem,timeout,na,2282,6356,119,6356,194,77,0,0,0,
no_finite_o_quantification,SYO/SYO448^1.p,TH0,Theorem,timeout,na,2207,5160,110,5160,229,88,0,0,0,
no_finite_o_quantification,SYO/SYO449^1.p,TH0,Theorem,timeout,na,2190,4559,111,4559,215,44,0,0,0,
no_finite_o_quantification,SYO/SYO450^1.p,TH0,CounterSatisfiable,timeout,na,2208,5264,59,5264,296,125,0,0,0,
no_finite_o_quantification,SYO/SYO450^2.p,TH0,CounterSatisfiable,timeout,na,2204,4872,41,4872,281,112,0,0,0,
no_finite_o_quantification,SYO/SYO450^3.p,TH0,Theorem,timeout,na,2175,4313,39,4313,292,92,0,0,0,
no_finite_o_quantification,SYO/SYO450^4.p,TH0,Theorem,timeout,na,2228,5643,107,5643,272,102,0,0,0,
no_finite_o_quantification,SYO/SYO450^5.p,TH0,Theorem,timeout,na,2197,4554,52,4554,267,102,0,0,0,
no_finite_o_quantification,SYO/SYO450^6.p,TH0,Theorem,timeout,na,2199,4787,83,4787,255,90,0,0,0,
no_finite_o_quantification,SYO/SYO451^1.p,TH0,CounterSatisfiable,timeout,na,2252,6640,46,6640,269,169,0,0,0,
no_finite_o_quantification,SYO/SYO451^2.p,TH0,CounterSatisfiable,timeout,na,2229,5721,74,5721,268,125,0,0,0,
no_finite_o_quantification,SYO/SYO451^3.p,TH0,CounterSatisfiable,timeout,na,2206,4703,75,4703,242,113,0,0,0,
no_finite_o_quantification,SYO/SYO451^4.p,TH0,CounterSatisfiable,timeout,na,2217,5942,63,5942,258,92,0,0,0,
no_finite_o_quantification,SYO/SYO451^5.p,TH0,Theorem,timeout,na,2160,3883,107,3883,209,98,0,0,0,
no_finite_o_quantification,SYO/SYO451^6.p,TH0,Theorem,timeout,na,2176,4089,101,4089,212,75,0,0,0,
no_finite_o_quantification,SYO/SYO452^1.p,TH0,CounterSatisfiable,timeout,na,2199,4945,112,4945,280,99,0,0,0,
no_finite_o_quantification,SYO/SYO452^2.p,TH0,CounterSatisfiable,timeout,na,2205,5049,94,5049,271,153,0,0,0,
no_finite_o_quantification,SYO/SYO452^3.p,TH0,CounterSatisfiable,timeout,na,2179,4242,91,4242,257,89,0,0,0,
no_finite_o_quantification,SYO/SYO452^4.p,TH0,CounterSatisfiable,timeout,na,2166,4069,107,4069,251,50,0,0,0,
no_finite_o_quantification,SYO/SYO452^5.p,TH0,CounterSatisfiable,timeout,na,2174,4197,73,4197,237,106,0,0,0,
no_finite_o_quantification,SYO/SYO452^6.p,TH0,CounterSatisfiable,timeout,na,2251,6371,144,6371,211,99,0,0,0,
no_finite_o_quantification,SYO/SYO453^1.p,TH0,CounterSatisfiable,timeout,na,2145,3515,74,3515,282,117,0,0,0,
no_finite_o_quantification,SYO/SYO453^2.p,TH0,CounterSatisfiable,timeout,na,2133,3270,72,3270,291,90,0,0,0,
no_finite_o_quantification,SYO/SYO453^3.p,TH0,CounterSatisfiable,timeout,na,2181,4357,35,4357,250,143,0,0,0,
no_finite_o_quantification,SYO/SYO453^4.p,TH0,CounterSatisfiable,timeout,na,2210,5309,41,5309,250,143,0,0,0,
no_finite_o_quantification,SYO/SYO453^5.p,TH0,CounterSatisfiable,timeout,na,2170,3942,66,3942,240,125,0,0,0,
no_finite_o_quantification,SYO/SYO453^6.p,TH0,CounterSatisfiable,timeout,na,2197,4643,83,4643,218,85,0,0,0,
no_finite_o_quantification,SYO/SYO454^1.p,TH0,CounterSatisfiable,timeout,na,2162,4242,94,4242,285,112,0,0,0,
no_finite_o_quantification,SYO/SYO454^2.p,TH0,CounterSatisfiable,timeout,na,2127,3107,79,3107,215,134,0,0,0,
no_finite_o_quantification,SYO/SYO454^3.p,TH0,CounterSatisfiable,timeout,na,2186,4586,85,4586,267,162,0,0,0,
no_finite_o_quantification,SYO/SYO454^4.p,TH0,CounterSatisfiable,timeout,na,2227,6008,105,6008,249,123,0,0,0,
no_finite_o_quantification,SYO/SYO454^5.p,TH0,CounterSatisfiable,timeout,na,2167,4001,87,4001,230,114,0,0,0,
no_finite_o_quantification,SYO/SYO454^6.p,TH0,Theorem,timeout,na,2234,5568,127,5568,222,83,0,0,0,
no_finite_o_quantification,SYO/SYO455^1.p,TH0,CounterSatisfiable,timeout,na,2252,6743,100,6743,275,240,0,0,0,
no_finite_o_quantification,SYO/SYO455^2.p,TH0,Theorem,timeout,na,2191,5050,79,5050,275,139,0,0,0,
no_finite_o_quantification,SYO/SYO455^3.p,TH0,Theorem,timeout,na,2320,8443,184,8443,247,259,0,0,0,
no_finite_o_quantification,SYO/SYO455^4.p,TH0,Theorem,timeout,na,2218,5802,93,5802,245,119,0,0,0,
no_finite_o_quantification,SYO/SYO455^5.p,TH0,Theorem,timeout,na,2213,5934,140,5934,277,106,0,0,0,
no_finite_o_quantification,SYO/SYO455^6.p,TH0,Theorem,timeout,na,2189,4642,111,4642,209,104,0,0,0,
no_finite_o_quantification,SYO/SYO456^1.p,TH0,CounterSatisfiable,timeout,na,2257,6338,111,6338,275,125,0,0,0,
no_finite_o_quantification,SYO/SYO456^2.p,TH0,CounterSatisfiable,timeout,na,2196,4846,72,4846,269,109,0,0,0,
no_finite_o_quantification,SYO/SYO456^3.p,TH0,CounterSatisfiable,timeout,na,2201,5033,86,5033,250,89,0,0,0,
no_finite_o_quantification,SYO/SYO456^4.p,TH0,Theorem,timeout,na,2257,7708,204,7708,228,101,0,0,0,
no_finite_o_quantification,SYO/SYO456^6.p,TH0,Theorem,timeout,na,2241,6699,193,6699,224,98,0,0,0,
no_finite_o_quantification,SYO/SYO457^1.p,TH0,CounterSatisfiable,timeout,na,2294,8140,110,8140,272,315,0,0,0,
no_finite_o_quantification,SYO/SYO457^2.p,TH0,CounterSatisfiable,timeout,na,2298,8186,112,8186,266,273,0,0,0,
no_finite_o_quantification,SYO/SYO457^3.p,TH0,Theorem,timeout,na,2208,5135,119,5135,747,151,0,1,0,
no_finite_o_quantification,SYO/SYO457^4.p,TH0,Theorem,timeout,na,2282,7807,118,7807,259,118,0,0,0,
no_finite_o_quantification,SYO/SYO457^5.p,TH0,Theorem,timeout,na,2217,5237,92,5237,250,89,0,0,0,
no_finite_o_quantification,SYO/SYO457^6.p,TH0,Theorem,timeout,na,2208,5518,91,5518,218,121,0,0,0,
no_finite_o_quantification,SYO/SYO458^2.p,TH0,Theorem,timeout,na,2174,4107,80,4107,261,148,0,0,0,
no_finite_o_quantification,SYO/SYO458^3.p,TH0,Theorem,timeout,na,2213,5403,51,5403,264,316,0,0,0,
no_finite_o_quantification,SYO/SYO458^4.p,TH0,Theorem,timeout,na,2165,3716,37,3716,213,119,0,0,0,
no_finite_o_quantification,SYO/SYO458^5.p,TH0,Theorem,timeout,na,2190,3935,29,3935,220,126,0,0,0,
no_finite_o_quantification,SYO/SYO458^6.p,TH0,Theorem,timeout,na,2176,4548,89,4548,215,71,0,0,0,
no_finite_o_quantification,SYO/SYO459^1.p,TH0,CounterSatisfiable,timeout,na,2231,5925,75,5925,249,164,0,0,0,
no_finite_o_quantification,SYO/SYO459^2.p,TH0,CounterSatisfiable,timeout,na,2225,6114,114,6114,269,137,0,0,0,
no_finite_o_quantification,SYO/SYO459^3.p,TH0,CounterSatisfiable,timeout,na,2184,5235,131,5235,242,108,0,0,0,
no_finite_o_quantification,SYO/SYO459^4.p,TH0,Theorem,timeout,na,2253,5793,95,5793,235,55,0,0,0,
no_finite_o_quantification,SYO/SYO459^6.p,TH0,Theorem,timeout,na,2218,5689,153,5689,204,59,0,0,0,
no_finite_o_quantification,SYO/SYO460^1.p,TH0,Theorem,timeout,na,2191,4579,78,4579,295,144,0,0,0,
no_finite_o_quantification,SYO/SYO460^2.p,TH0,Theorem,timeout,na,2315,7924,129,7924,284,293,0,0,0,
no_finite_o_quantification,SYO/SYO460^3.p,TH0,Theorem,timeout,na,2223,5965,95,5965,276,172,0,0,0,
no_finite_o_quantification,SYO/SYO460^4.p,TH0,Theorem,timeout,na,2221,5950,86,5950,258,130,0,0,0,
no_finite_o_quantification,SYO/SYO460^5.p,TH0,Theorem,timeout,na,2176,4055,107,4055,260,109,0,0,0,
no_finite_o_quantification,SYO/SYO460^6.p,TH0,Theorem,timeout,na,2230,5170,130,5170,240,88,0,0,0,
no_finite_o_quantification,SYO/SYO461^1.p,TH0,CounterSatisfiable,timeout,na,2210,6454,73,6454,216,543,0,0,0,
no_finite_o_quantification,SYO/SYO461^2.p,TH0,CounterSatisfiable,timeout,na,2209,4626,44,4626,155,359,0,0,0,
no_finite_o_quantification,SYO/SYO461^3.p,TH0,CounterSatisfiable,timeout,na,2188,5079,75,5079,201,402,0,0,0,
no_finite_o_quantification,SYO/SYO461^4.p,TH0,CounterSatisfiable,timeout,na,2165,4227,74,4227,243,169,0,0,0,
no_finite_o_quantification,SYO/SYO461^5.p,TH0,CounterSatisfiable,timeout,na,2216,4919,57,4919,170,223,0,0,0,
no_finite_o_quantification,SYO/SYO461^6.p,TH0,CounterSatisfiable,timeout,na,2200,5567,106,5567,243,152,0,0,0,
no_finite_o_quantification,SYO/SYO462^2.p,TH0,Theorem,timeout,na,2159,3261,34,3261,236,132,0,0,0,
no_finite_o_quantification,SYO/SYO462^3.p,TH0,Theorem,timeout,na,2177,4028,38,4028,284,143,0,0,0,
no_finite_o_quantification,SYO/SYO462^4.p,TH0,Theorem,timeout,na,2172,4492,73,4492,250,63,0,0,0,
no_finite_o_quantification,SYO/SYO462^5.p,TH0,Theorem,timeout,na,2169,3683,59,3683,236,81,0,0,0,
no_finite_o_quantification,SYO/SYO462^6.p,TH0,Theorem,timeout,na,2166,4437,44,4437,222,198,0,0,0,
no_finite_o_quantification,SYO/SYO463^1.p,TH0,CounterSatisfiable,timeout,na,2236,6039,20,6039,298,117,0,0,0,
no_finite_o_quantification,SYO/SYO463^2.p,TH0,CounterSatisfiable,timeout,na,2180,3856,19,3856,281,126,0,0,0,
no_finite_o_quantification,SYO/SYO463^3.p,TH0,CounterSatisfiable,timeout,na,2239,5713,23,5713,284,142,0,0,0,
no_finite_o_quantification,SYO/SYO463^4.p,TH0,CounterSatisfiable,timeout,na,2239,6177,34,6177,265,169,0,0,0,
no_finite_o_quantification,SYO/SYO463^5.p,TH0,Theorem,timeout,na,2159,4158,49,4158,223,172,0,0,0,
no_finite_o_quantification,SYO/SYO463^6.p,TH0,Theorem,timeout,na,2167,4064,81,4064,242,84,0,0,0,
no_finite_o_quantification,SYO/SYO464^1.p,TH0,CounterSatisfiable,timeout,na,2181,4360,68,4360,282,136,0,0,0,
no_finite_o_quantification,SYO/SYO464^2.p,TH0,CounterSatisfiable,timeout,na,2153,3801,97,3801,285,114,0,0,0,
no_finite_o_quantification,SYO/SYO464^3.p,TH0,CounterSatisfiable,timeout,na,2226,5700,109,5700,277,115,0,0,0,
no_finite_o_quantification,SYO/SYO464^4.p,TH0,Theorem,timeout,na,2225,5549,60,5549,238,119,0,0,0,
no_finite_o_quantification,SYO/SYO464^5.p,TH0,Theorem,timeout,na,2158,3774,106,3774,258,64,0,0,0,
no_finite_o_quantification,SYO/SYO464^6.p,TH0,Theorem,timeout,na,2169,3877,84,3877,214,45,0,0,0,
no_finite_o_quantification,SYO/SYO465^1.p,TH0,CounterSatisfiable,timeout,na,2183,4938,118,4938,233,149,0,0,0,
no_finite_o_quantification,SYO/SYO465^2.p,TH0,CounterSatisfiable,timeout,na,2243,5811,92,5811,259,198,0,0,0,
no_finite_o_quantification,SYO/SYO465^3.p,TH0,CounterSatisfiable,timeout,na,2241,6171,112,6171,257,160,0,0,0,
no_finite_o_quantification,SYO/SYO465^4.p,TH0,CounterSatisfiable,timeout,na,2262,7838,197,7838,225,96,0,0,0,
no_finite_o_quantification,SYO/SYO465^5.p,TH0,CounterSatisfiable,timeout,na,2193,5174,156,5174,240,38,0,0,0,
no_finite_o_quantification,SYO/SYO465^6.p,TH0,CounterSatisfiable,timeout,na,2285,7093,112,7093,214,146,0,0,0,
no_finite_o_quantification,SYO/SYO467^1.p,TH0,CounterSatisfiable,timeout,na,2212,5682,116,5682,244,175,0,0,0,
no_finite_o_quantification,SYO/SYO467^2.p,TH0,CounterSatisfiable,timeout,na,2292,7659,101,7659,248,165,0,0,0,
no_finite_o_quantification,SYO/SYO467^3.p,TH0,CounterSatisfiable,timeout,na,2184,4795,102,4795,215,119,0,0,0,
no_finite_o_quantification,SYO/SYO467^4.p,TH0,CounterSatisfiable,timeout,na,2270,7645,179,7645,235,128,0,0,0,
no_finite_o_quantification,SYO/SYO467^5.p,TH0,CounterSatisfiable,timeout,na,2172,4647,126,4647,226,62,0,0,0,
no_finite_o_quantification,SYO/SYO467^6.p,TH0,CounterSatisfiable,timeout,na,2203,5628,122,5628,231,94,0,0,0,
no_finite_o_quantification,SYO/SYO468^1.p,TH0,CounterSatisfiable,timeout,na,2140,3951,140,3951,267,74,0,0,0,
no_finite_o_quantification,SYO/SYO468^2.p,TH0,CounterSatisfiable,timeout,na,2202,4837,27,4837,289,217,0,0,0,
no_finite_o_quantification,SYO/SYO468^3.p,TH0,CounterSatisfiable,timeout,na,2206,5755,89,5755,256,171,0,0,0,
no_finite_o_quantification,SYO/SYO468^4.p,TH0,CounterSatisfiable,timeout,na,2231,6202,66,6202,267,131,0,0,0,
no_finite_o_quantification,SYO/SYO468^5.p,TH0,CounterSatisfiable,timeout,na,2163,3376,68,3376,242,19,0,0,0,
no_finite_o_quantification,SYO/SYO468^6.p,TH0,Theorem,timeout,na,2274,6919,112,6919,207,86,0,0,0,
no_finite_o_quantification,SYO/SYO469^1.p,TH0,CounterSatisfiable,timeout,na,2163,4230,47,4230,293,66,0,0,0,
no_finite_o_quantification,SYO/SYO469^2.p,TH0,CounterSatisfiable,timeout,na,2154,3638,78,3638,272,63,0,0,0,
no_finite_o_quantification,SYO/SYO469^3.p,TH0,CounterSatisfiable,timeout,na,2302,8397,118,8397,261,147,0,0,0,
no_finite_o_quantification,SYO/SYO469^4.p,TH0,CounterSatisfiable,timeout,na,2162,4504,93,4504,228,73,0,0,0,
no_finite_o_quantification,SYO/SYO469^5.p,TH0,Theorem,timeout,na,2209,5898,113,5898,236,102,0,0,0,
no_finite_o_quantification,SYO/SYO469^6.p,TH0,Theorem,timeout,na,2253,5662,68,5662,222,77,0,0,0,
no_finite_o_quantification,SYO/SYO470^1.p,TH0,CounterSatisfiable,timeout,na,2205,5694,128,5694,265,145,0,0,0,
no_finite_o_quantification,SYO/SYO470^2.p,TH0,CounterSatisfiable,timeout,na,2197,4851,94,4851,266,107,0,0,0,
no_finite_o_quantification,SYO/SYO470^3.p,TH0,CounterSatisfiable,timeout,na,2182,4712,104,4712,221,160,0,0,0,
no_finite_o_quantification,SYO/SYO470^4.p,TH0,CounterSatisfiable,timeout,na,2281,7718,160,7718,215,99,0,0,0,
no_finite_o_quantification,SYO/SYO470^5.p,TH0,CounterSatisfiable,timeout,na,2185,4566,110,4566,230,99,0,0,0,
no_finite_o_quantification,SYO/SYO470^6.p,TH0,Theorem,timeout,na,2215,6925,216,6925,207,132,0,0,0,
no_finite_o_quantification,SYO/SYO471^1.p,TH0,CounterSatisfiable,timeout,na,2208,6131,174,6131,250,163,0,0,0,
no_finite_o_quantification,SYO/SYO471^2.p,TH0,CounterSatisfiable,timeout,na,2208,5994,153,5994,249,141,0,0,0,
no_finite_o_quantification,SYO/SYO471^3.p,TH0,CounterSatisfiable,timeout,na,2170,4509,125,4509,612,88,0,1,0,
no_finite_o_quantification,SYO/SYO471^4.p,TH0,CounterSatisfiable,timeout,na,2224,6220,101,6220,234,95,0,0,0,
no_finite_o_quantification,SYO/SYO471^5.p,TH0,CounterSatisfiable,timeout,na,2195,4707,125,4707,219,114,0,0,0,
no_finite_o_quantification,SYO/SYO471^6.p,TH0,Theorem,timeout,na,2188,4711,129,4711,210,109,0,0,0,
no_finite_o_quantification,SYO/SYO472^1.p,TH0,CounterSatisfiable,timeout,na,2117,2697,21,2697,208,161,0,0,0,
no_finite_o_quantification,SYO/SYO472^2.p,TH0,CounterSatisfiable,timeout,na,2170,4025,84,4025,279,125,0,0,0,
no_finite_o_quantification,SYO/SYO472^3.p,TH0,CounterSatisfiable,timeout,na,2217,5844,100,5844,301,131,0,0,0,
no_finite_o_quantification,SYO/SYO472^4.p,TH0,CounterSatisfiable,timeout,na,2171,5249,143,5249,276,77,0,0,0,
no_finite_o_quantification,SYO/SYO472^5.p,TH0,CounterSatisfiable,timeout,na,2179,4204,71,4204,240,109,0,0,0,
no_finite_o_quantification,SYO/SYO472^6.p,TH0,CounterSatisfiable,timeout,na,2161,4803,136,4803,244,97,0,0,0,
no_finite_o_quantification,SYO/SYO473^1.p,TH0,CounterSatisfiable,timeout,na,2103,2135,65,2135,246,64,0,0,0,
no_finite_o_quantification,SYO/SYO473^2.p,TH0,CounterSatisfiable,timeout,na,2165,3509,26,3509,272,91,0,0,0,
no_finite_o_quantification,SYO/SYO473^3.p,TH0,CounterSatisfiable,timeout,na,2144,3184,18,3184,278,80,0,0,0,
no_finite_o_quantification,SYO/SYO473^4.p,TH0,CounterSatisfiable,timeout,na,2215,4821,57,4821,261,119,0,0,0,
no_finite_o_quantification,SYO/SYO473^5.p,TH0,CounterSatisfiable,timeout,na,2165,3892,47,3892,269,88,0,0,0,
no_finite_o_quantification,SYO/SYO473^6.p,TH0,CounterSatisfiable,timeout,na,2226,5378,62,5378,240,133,0,0,0,
no_finite_o_quantification,SYO/SYO474^1.p,TH0,CounterSatisfiable,timeout,na,2137,3710,60,3710,261,84,0,0,0,
no_finite_o_quantification,SYO/SYO474^2.p,TH0,CounterSatisfiable,timeout,na,2154,3672,81,3672,253,75,0,0,0,
no_finite_o_quantification,SYO/SYO474^3.p,TH0,CounterSatisfiable,timeout,na,2178,4114,46,4114,257,117,0,0,0,
no_finite_o_quantification,SYO/SYO474^4.p,TH0,CounterSatisfiable,timeout,na,2129,3378,81,3378,218,75,0,0,0,
no_finite_o_quantification,SYO/SYO474^5.p,TH0,CounterSatisfiable,timeout,na,2224,5087,76,5087,246,85,0,0,0,
no_finite_o_quantification,SYO/SYO474^6.p,TH0,Theorem,timeout,na,2190,4812,101,4812,231,64,0,0,0,
no_finite_o_quantification,SYO/SYO475^6.p,TH0,Theorem,thm,yes,74,41,2,41,4,0,0,1,1,
no_finite_o_quantification,SYO/SYO476^6.p,TH0,Theorem,thm,yes,71,26,1,26,3,0,0,1,1,
no_finite_o_quantification,SYO/SYO477^6.p,TH0,CounterSatisfiable,timeout,na,2222,7073,384,7073,128,117,0,0,0,
no_finite_o_quantification,SYO/SYO478^6.p,TH0,Theorem,thm,yes,75,25,2,25,3,0,0,1,1,
no_finite_o_quantification,SYO/SYO479^6.p,TH0,CounterSatisfiable,timeout,na,2143,6586,430,6586,170,213,0,0,0,
no_finite_o_quantification,SYO/SYO480^6.p,TH0,Theorem,thm,yes,74,26,2,26,3,0,0,1,1,
no_finite_o_quantification,SYO/SYO481^6.p,TH0,Theorem,thm,yes,64,11,1,11,1,1,0,0,0,
no_finite_o_quantification,SYO/SYO482^6.p,TH0,Theorem,timeout,na,2206,7612,287,7612,174,368,0,0,0,
no_finite_o_quantification,SYO/SYO483^6.p,TH0,Theorem,timeout,na,2189,7025,301,7026,164,220,0,0,0,
no_finite_o_quantification,SYO/SYO484^6.p,TH0,CounterSatisfiable,timeout,na,2206,7980,344,7980,169,387,0,0,0,
no_finite_o_quantification,SYO/SYO485^6.p,TH0,Theorem,timeout,na,2104,4267,227,4267,153,40,0,0,0,
no_finite_o_quantification,SYO/SYO486^6.p,TH0,CounterSatisfiable,timeout,na,2242,6540,194,6540,194,133,0,0,0,
no_finite_o_quantification,SYO/SYO487^6.p,TH0,Theorem,thm,yes,78,34,2,34,4,0,0,1,1,
no_finite_o_quantification,SYO/SYO488^6.p,TH0,Theorem,thm,yes,77,23,2,23,2,0,0,1,1,
no_finite_o_quantification,SYO/SYO489^6.p,TH0,CounterSatisfiable,timeout,na,2194,5094,120,5094,235,89,0,0,0,
no_finite_o_quantification,SYO/SYO490^6.p,TH0,CounterSatisfiable,timeout,na,2297,6169,160,6169,162,69,0,0,0,
no_finite_o_quantification,SYO/SYO491^6.p,TH0,CounterSatisfiable,timeout,na,2394,7268,243,7268,1895,43,0,1,0,
no_finite_o_quantification,SYO/SYO492^6.p,TH0,CounterSatisfiable,timeout,na,2333,7044,232,7044,1509,167,0,1,0,
no_finite_o_quantification,SYO/SYO493^6.p,TH0,CounterSatisfiable,timeout,na,2160,8062,554,8062,171,221,0,0,0,
no_finite_o_quantification,SYO/SYO494^6.p,TH0,CounterSatisfiable,timeout,na,2343,6616,113,6616,174,69,0,0,0,
no_finite_o_quantification,SYO/SYO495^6.p,TH0,Theorem,timeout,na,2232,6643,252,6643,1164,146,0,1,0,
no_finite_o_quantification,SYO/SYO496^6.p,TH0,CounterSatisfiable,timeout,na,2194,7599,489,7599,806,128,0,1,0,
no_finite_o_quantification,SYO/SYO497^6.p,TH0,Theorem,timeout,na,2423,5779,79,5779,154,122,0,0,0,
no_finite_o_quantification,SYO/SYO498^6.p,TH0,CounterSatisfiable,timeout,na,2152,4167,219,4167,171,107,0,0,0,
no_finite_o_quantification,SYO/SYO499^1.p,TH0,Theorem,timeout,na,2062,2294,79,2294,233,43,0,2,0,
no_finite_o_quantification,SYO/SYO500^1.p,TH0,Theorem,prover_error,na,37,,,,,,,,,ShotTx.Proof.interior_event/2: unhandled trace entry {2805540390  {:instantiate  #Stream<[enum: [2807838311  2807838343]  funs: [#Function<49.48511117/1 in Stream.map/2>]]>  2}  []}
no_finite_o_quantification,SYO/SYO501^1.p,TH0,Theorem,parser_error,na,0,,,,,,,,,cached: Failed to parse formula 'claim': [byte:1943] Type Error: Cannot unify strict function types of different arities.
no_finite_o_quantification,SYO/SYO502^1.p,TH0,Theorem,thm,yes,8,3,0,3,1,1,0,0,0,
no_finite_o_quantification,SYO/SYO503^1.p,TH0,Theorem,thm,yes,42,62,0,50,5,23,0,0,0,
no_finite_o_quantification,SYO/SYO504^1.p,TH0,Theorem,timeout,na,2006,7,0,7,2,0,0,0,0,
no_finite_o_quantification,SYO/SYO505^1.p,TH0,ContradictoryAxioms,timeout,na,2064,2846,117,2846,190,60,0,4,0,
no_finite_o_quantification,SYO/SYO506^1.p,TH0,Theorem,timeout,na,2075,2289,78,2261,152,125,0,1,0,
no_finite_o_quantification,SYO/SYO507^1.p,TH0,Theorem,timeout,na,2066,3268,61,3268,265,255,0,0,0,
no_finite_o_quantification,SYO/SYO509^1.p,TH0,Theorem,timeout,na,2004,41,4,41,1,0,0,0,0,
no_finite_o_quantification,SYO/SYO511^1.p,TH0,CounterSatisfiable,timeout,na,2075,2861,8,2861,509,0,0,3,0,
no_finite_o_quantification,SYO/SYO512^1.p,TH0,Theorem,thm,yes,143,159,7,159,9,0,0,1,1,
no_finite_o_quantification,SYO/SYO513^1.p,TH0,Theorem,timeout,na,2004,6,0,6,1,0,0,0,0,
no_finite_o_quantification,SYO/SYO514^1.p,TH0,Theorem,timeout,na,2004,4,0,4,1,0,0,0,0,
no_finite_o_quantification,SYO/SYO515^1.p,TH0,Theorem,thm,yes,333,108,0,103,63,76,0,0,0,
no_finite_o_quantification,SYO/SYO516^1.p,TH0,Theorem,thm,yes,270,346,8,346,37,9,0,1,1,
no_finite_o_quantification,SYO/SYO517^1.p,TH0,Theorem,timeout,na,2029,1331,69,1331,85,3,0,2,0,
no_finite_o_quantification,SYO/SYO518^1.p,TH0,Theorem,timeout,na,2021,407,2,407,81,4,0,1,0,
no_finite_o_quantification,SYO/SYO520^1.p,TH0,Unsatisfiable,no_conjecture,na,2,,,,,,,,,
no_finite_o_quantification,SYO/SYO526^1.p,TH0,Theorem,thm,yes,26,50,0,50,4,6,0,1,1,
no_finite_o_quantification,SYO/SYO527^1.p,TH0,Theorem,thm,yes,73,8,0,8,1,0,0,1,1,
no_finite_o_quantification,SYO/SYO528^1.p,TH0,Satisfiable,no_conjecture,na,5,,,,,,,,,
no_finite_o_quantification,SYO/SYO529^1.p,TH0,Unsatisfiable,no_conjecture,na,8,,,,,,,,,
no_finite_o_quantification,SYO/SYO530^1.p,TH0,Theorem,timeout,na,2016,529,20,529,36,11,0,2,0,
no_finite_o_quantification,SYO/SYO531^1.p,TH0,Theorem,timeout,na,2027,796,28,796,72,0,0,2,0,
no_finite_o_quantification,SYO/SYO532^1.p,TH0,Theorem,timeout,na,2012,20,0,20,2,0,0,2,0,
no_finite_o_quantification,SYO/SYO533^1.p,TH0,Theorem,timeout,na,2004,41,3,41,1,0,0,0,0,
no_finite_o_quantification,SYO/SYO534^1.p,TH0,Theorem,timeout,na,2078,985,3,985,462,1,0,2,0,
no_finite_o_quantification,SYO/SYO535^1.p,TH0,Theorem,timeout,na,2024,299,9,299,30,7,0,2,0,
no_finite_o_quantification,SYO/SYO536^1.p,TH0,Theorem,timeout,na,2025,240,5,240,24,2,0,3,0,
no_finite_o_quantification,SYO/SYO537^1.p,TH0,Theorem,timeout,na,2017,17,0,17,2,0,0,2,0,
no_finite_o_quantification,SYO/SYO538^1.p,TH0,Theorem,timeout,na,2068,2455,38,2455,355,54,0,2,0,
no_finite_o_quantification,SYO/SYO539^1.p,TH0,Theorem,timeout,na,2177,3406,115,3360,425,268,0,4,0,
no_finite_o_quantification,SYO/SYO540^1.p,TH0,Theorem,timeout,na,2011,272,5,268,20,29,0,4,0,
no_finite_o_quantification,SYO/SYO541^1.p,TH0,Theorem,timeout,na,2038,1060,39,1060,99,12,0,2,0,
no_finite_o_quantification,SYO/SYO542^1.p,TH0,Theorem,timeout,na,2032,305,6,291,40,20,0,3,0,
no_finite_o_quantification,SYO/SYO543^1.p,TH0,Theorem,timeout,na,2015,193,3,189,13,17,0,3,0,
no_finite_o_quantification,SYO/SYO544^1.p,TH0,Theorem,timeout,na,2143,988,15,964,106,73,0,1,0,
no_finite_o_quantification,SYO/SYO545^1.p,TH0,Theorem,timeout,na,2074,902,9,890,102,62,0,4,0,
no_finite_o_quantification,SYO/SYO546^1.p,TH0,Theorem,timeout,na,2105,1005,8,973,98,74,0,4,0,
no_finite_o_quantification,SYO/SYO547^1.p,TH0,Theorem,thm,yes,35,14,0,14,2,0,0,1,1,
no_finite_o_quantification,SYO/SYO548^1.p,TH0,Theorem,timeout,na,2004,124,13,124,1,0,0,0,0,
no_finite_o_quantification,SYO/SYO549^1.p,TH0,Theorem,parser_error,na,0,,,,,,,,,cached: Failed to parse formula 'pfg': [byte:1759] Type Error: Cannot unify strict function types of different arities.
no_finite_o_quantification,SYO/SYO550^1.p,TH0,Theorem,thm,yes,246,14,0,14,3,1,0,1,1,
no_finite_o_quantification,SYO/SYO551^1.p,TH0,Theorem,timeout,na,2005,12,0,12,2,0,0,0,0,
no_finite_o_quantification,SYO/SYO552^1.p,TH0,Theorem,thm,yes,869,15,0,15,3,1,0,1,1,
no_finite_o_quantification,SYO/SYO553^1.p,TH0,Theorem,thm,yes,960,26,1,26,3,1,0,1,1,
no_finite_o_quantification,SYO/SYO554^1.p,TH0,Unsatisfiable,no_conjecture,na,1,,,,,,,,,
no_finite_o_quantification,SYO/SYO555^1.p,TH0,Theorem,timeout,na,2068,2072,12,2048,384,1,0,3,0,
no_finite_o_quantification,SYO/SYO556^1.p,TH0,Theorem,timeout,na,2097,3296,89,3187,384,132,0,5,0,
no_finite_o_quantification,SYO/SYO557^1.p,TH1,Theorem,parser_error,na,0,,,,,,,,,cached: Failed to parse formula 'conj': Syntax Error: '$i' denotes a type and cannot be used as a term.
no_finite_o_quantification,SYO/SYO558^1.p,TH1,Theorem,parser_error,na,0,,,,,,,,,cached: Failed to parse formula 'conj': Syntax Error: '$i' denotes a type and cannot be used as a term.
no_finite_o_quantification,SYO/SYO559^1.p,TH0,Theorem,timeout,na,2035,773,20,771,122,0,0,3,0,
no_finite_o_quantification,SYO/SYO560^1.p,TH0,Theorem,timeout,na,2037,858,7,857,129,19,0,2,0,
no_finite_o_quantification,SYO/SYO565^7.p,TH0,CounterSatisfiable,timeout,na,2301,5745,116,5745,215,83,0,0,0,
no_finite_o_quantification,SYO/SYO566^7.p,TH0,Theorem,timeout,na,2550,6454,69,6454,203,103,0,0,0,
no_finite_o_quantification,SYO/SYO567^7.p,TH0,CounterSatisfiable,timeout,na,2373,6279,148,6279,1653,181,0,1,0,
no_finite_o_quantification,SYO/SYO568^7.p,TH0,Theorem,timeout,na,2234,5277,178,5277,236,26,0,0,0,
no_finite_o_quantification,SYO/SYO569^7.p,TH0,CounterSatisfiable,timeout,na,2352,5079,79,5079,202,52,0,0,0,
no_finite_o_quantification,SYO/SYO570^7.p,TH0,Theorem,timeout,na,2518,5521,44,5521,188,152,0,0,0,
no_finite_o_quantification,SYO/SYO571^7.p,TH0,CounterSatisfiable,timeout,na,2435,6381,52,6381,200,104,0,0,0,
no_finite_o_quantification,SYO/SYO572^7.p,TH0,Theorem,timeout,na,2415,6216,73,6216,1928,48,0,1,0,
no_finite_o_quantification,SYO/SYO573^7.p,TH0,CounterSatisfiable,timeout,na,2143,4414,204,4414,265,75,0,0,0,
no_finite_o_quantification,SYO/SYO574^7.p,TH0,Theorem,timeout,na,2187,4777,107,4777,243,84,0,0,0,
no_finite_o_quantification,SYO/SYO575^7.p,TH0,CounterSatisfiable,timeout,na,2175,4859,146,4859,239,76,0,0,0,
no_finite_o_quantification,SYO/SYO576^7.p,TH0,Theorem,timeout,na,2169,4149,118,4149,241,65,0,0,0,
no_finite_o_quantification,SYO/SYO577^7.p,TH0,CounterSatisfiable,timeout,na,2180,4552,83,4552,247,93,0,0,0,
no_finite_o_quantification,SYO/SYO842^1.p,TH0,Unknown,timeout,na,2550,0,0,0,1,0,0,0,0,
no_finite_o_quantification,SYO/SYO843^1.p,TH0,Unknown,timeout,na,2552,0,0,0,1,0,0,0,0,
no_finite_o_quantification,SYO/SYO844^1.p,TH0,Unknown,timeout,na,2689,0,0,0,1,0,0,0,0,
no_finite_o_quantification,SYO/SYO845^1.p,TH0,Unknown,timeout,na,2671,0,0,0,1,0,0,0,0,
no_finite_o_quantification,SYO/SYO846^1.p,TH0,Unknown,timeout,na,2628,0,0,0,1,0,0,0,0,
no_finite_o_quantification,SYO/SYO847^1.p,TH0,Unknown,timeout,na,2630,0,0,0,1,0,0,0,0,
no_finite_o_quantification,SYO/SYO848^1.p,TH0,Unknown,timeout,na,2679,0,0,0,1,0,0,0,0,
no_finite_o_quantification,SYO/SYO849^1.p,TH0,Unknown,timeout,na,2674,0,0,0,1,0,0,0,0,
no_finite_o_quantification,SYO/SYO850^1.p,TH0,Unknown,timeout,na,2607,0,0,0,1,0,0,0,0,
no_finite_o_quantification,SYO/SYO851^1.p,TH0,Unknown,timeout,na,2605,0,0,0,1,0,0,0,0,
no_finite_o_quantification,SYO/SYO852^1.p,TH0,Theorem,timeout,na,2351,0,0,0,1,0,0,0,0,
no_finite_o_quantification,SYO/SYO853^1.p,TH0,Unknown,timeout,na,2350,0,0,0,1,0,0,0,0,
no_finite_o_quantification,SYO/SYO854^1.p,TH0,Theorem,timeout,na,2454,0,0,0,1,0,0,0,0,
no_finite_o_quantification,SYO/SYO855^1.p,TH0,Unknown,timeout,na,2440,0,0,0,1,0,0,0,0,
no_finite_o_quantification,SYO/SYO856^1.p,TH0,Theorem,timeout,na,2454,0,0,0,1,0,0,0,0,
no_finite_o_quantification,SYO/SYO857^1.p,TH0,Unknown,timeout,na,2457,0,0,0,1,0,0,0,0,
no_finite_o_quantification,SYO/SYO858^1.p,TH0,Theorem,timeout,na,2324,0,0,0,1,0,0,0,0,
no_finite_o_quantification,SYO/SYO859^1.p,TH0,Unknown,timeout,na,2323,0,0,0,1,0,0,0,0,
no_finite_o_quantification,SYO/SYO860^1.p,TH0,Unknown,timeout,na,2534,0,0,0,1,0,0,0,0,
no_finite_o_quantification,SYO/SYO861^1.p,TH0,Unknown,timeout,na,2536,0,0,0,1,0,0,0,0,
no_finite_o_quantification,SYO/SYO862^1.p,TH0,Unknown,timeout,na,2285,0,0,0,1,0,0,0,0,
no_finite_o_quantification,SYO/SYO863^1.p,TH0,Unknown,timeout,na,2287,0,0,0,1,0,0,0,0,
no_finite_o_quantification,SYO/SYO864^1.p,TH0,Unknown,timeout,na,2273,0,0,0,1,0,0,0,0,
no_finite_o_quantification,SYO/SYO865^1.p,TH0,Unknown,timeout,na,2272,0,0,0,1,0,0,0,0,
no_finite_o_quantification,SYO/SYO866^1.p,TH0,Unknown,timeout,na,2278,0,0,0,1,0,0,0,0,
no_finite_o_quantification,SYO/SYO867^1.p,TH0,Unknown,timeout,na,2279,0,0,0,1,0,0,0,0,
no_finite_o_quantification,SYO/SYO868^1.p,TH0,Theorem,timeout,na,2273,0,0,0,1,0,0,0,0,
no_finite_o_quantification,SYO/SYO869^1.p,TH0,Unknown,timeout,na,2274,0,0,0,1,0,0,0,0,
no_finite_o_quantification,SYO/SYO870^1.p,TH0,Unknown,timeout,na,2278,0,0,0,1,0,0,0,0,
no_finite_o_quantification,SYO/SYO871^1.p,TH0,Unknown,timeout,na,2269,0,0,0,1,0,0,0,0,
no_finite_o_quantification,SYO/SYO872^1.p,TH0,Unknown,timeout,na,2272,0,0,0,1,0,0,0,0,
no_finite_o_quantification,SYO/SYO873^1.p,TH0,Theorem,timeout,na,2273,0,0,0,1,0,0,0,0,
no_finite_o_quantification,SYO/SYO874^1.p,TH0,Unknown,timeout,na,2281,0,0,0,1,0,0,0,0,
no_finite_o_quantification,SYO/SYO875^1.p,TH0,Theorem,timeout,na,2269,0,0,0,1,0,0,0,0,
no_finite_o_quantification,SYO/SYO876^1.p,TH0,Unknown,timeout,na,2298,0,0,0,1,0,0,0,0,
no_finite_o_quantification,SYO/SYO877^1.p,TH0,Theorem,timeout,na,2300,0,0,0,1,0,0,0,0,
no_finite_o_quantification,SYO/SYO878^1.p,TH0,Theorem,timeout,na,2274,0,0,0,1,0,0,0,0,
no_finite_o_quantification,SYO/SYO879^1.p,TH0,Theorem,timeout,na,2274,0,0,0,1,0,0,0,0,
no_finite_o_quantification,SYO/SYO880^1.p,TH0,Unknown,timeout,na,2281,0,0,0,1,0,0,0,0,
no_finite_o_quantification,SYO/SYO881^1.p,TH0,Theorem,timeout,na,2281,0,0,0,1,0,0,0,0,
no_finite_o_quantification,SYO/SYO882^1.p,TH0,Unsatisfiable,no_conjecture,na,1,,,,,,,,,
no_finite_o_quantification,SYO/SYO883^1.p,TH0,Unsatisfiable,no_conjecture,na,6,,,,,,,,,
no_finite_o_quantification,SYO/SYO884^1.p,TH0,Unsatisfiable,no_conjecture,na,9,,,,,,,,,
no_finite_o_quantification,SYO/SYO886^10.p,TH0,Theorem,thm,yes,63,15,1,15,2,0,0,1,1,
no_finite_o_quantification,SYO/SYO886^6.p,TH0,Theorem,thm,yes,28,16,1,16,2,0,0,1,1,
no_finite_o_quantification,SYO/SYO886^7.p,TH0,CounterSatisfiable,timeout,na,2440,6084,71,6084,1877,112,0,1,0,
no_finite_o_quantification,SYO/SYO886^8.p,TH0,Theorem,thm,yes,46,17,1,17,2,0,0,1,1,
no_finite_o_quantification,SYO/SYO886^9.p,TH0,Theorem,timeout,na,2059,1041,76,1041,32,17,0,1,0,
no_finite_o_quantification,SYO/SYO887^22.p,TH0,Theorem,timeout,na,2282,6053,81,6053,1454,24,0,1,0,
no_finite_o_quantification,SYO/SYO888^10.p,TH0,Theorem,timeout,na,2218,6513,179,6513,1264,262,0,1,0,
no_finite_o_quantification,SYO/SYO889^16.p,TH0,Theorem,timeout,na,2225,5164,67,5164,155,172,0,0,0,
no_finite_o_quantification,SYO/SYO890^16.p,TH0,Theorem,timeout,na,2174,6683,308,6683,994,187,0,2,0,
no_finite_o_quantification,SYO/SYO891^16.p,TH0,Theorem,timeout,na,2243,4088,38,4088,217,192,0,0,0,
no_finite_o_quantification,SYO/SYO892^15.p,TH0,Theorem,timeout,na,2332,6479,178,6479,1745,81,0,2,0,
no_finite_o_quantification,SYO/SYO893^11.p,TH0,Theorem,timeout,na,2095,3124,66,3124,227,53,0,0,0,
no_finite_o_quantification,SYO/SYO894^8.p,TH0,Theorem,timeout,na,2161,4359,39,4359,239,209,0,0,0,
no_finite_o_quantification,SYO/SYO895^9.p,TH0,Theorem,timeout,na,2106,3927,109,3927,254,136,0,0,0,
no_finite_o_quantification,SYO/SYO896^7.p,TH0,Theorem,timeout,na,2142,4581,115,4581,288,136,0,0,0,
no_finite_o_quantification,SYO/SYO897^6.p,TH0,Theorem,timeout,na,2221,7998,65,7998,239,387,0,0,0,
no_finite_o_quantification,SYO/SYO898^9.p,TH0,Theorem,timeout,na,2210,8377,102,8377,930,555,0,1,0,
no_finite_o_quantification,SYO/SYO899^8.p,TH0,Theorem,timeout,na,2132,3471,12,3471,258,94,0,0,0,
no_finite_o_quantification,SYO/SYO900^11.p,TH0,Theorem,timeout,na,2146,3693,81,3693,208,161,0,0,0,
no_finite_o_quantification,SYO/SYO901^11.p,TH0,Theorem,timeout,na,2142,3897,41,3897,238,90,0,0,0,
no_finite_o_quantification,SYO/SYO902^8.p,TH0,Theorem,timeout,na,2206,6263,141,6263,258,136,0,0,0,
no_finite_o_quantification,SYO/SYO903^10.p,TH0,ContradictoryAxioms,timeout,na,2104,0,0,0,1,0,0,0,0,
no_finite_o_quantification,SYO/SYO904^12.p,TH0,ContradictoryAxioms,timeout,na,2598,0,0,0,1,0,0,0,0,
no_finite_o_quantification,SYO/SYO905^6.p,TH0,ContradictoryAxioms,timeout,na,2658,0,0,0,1,0,0,0,0,
no_finite_o_quantification,SYO/SYO906^7.p,TH0,CounterSatisfiable,timeout,na,2191,5943,67,5943,259,174,0,0,0,
no_finite_o_quantification,SYO/SYO907^15.p,TH0,CounterSatisfiable,timeout,na,2210,6438,209,6438,272,187,0,0,0,
no_finite_o_quantification,SYO/SYO908^13.p,TH0,CounterSatisfiable,timeout,na,2303,6345,107,6345,1743,310,0,1,0,
no_finite_o_quantification,SYO/SYO909^8.p,TH0,CounterSatisfiable,timeout,na,2231,7162,134,7162,250,310,0,0,0,
no_finite_o_quantification,SYO/SYO910^13.p,TH0,CounterSatisfiable,timeout,na,2141,4805,68,4805,296,139,0,0,0,
no_finite_o_quantification,SYO/SYO911^15.p,TH0,CounterSatisfiable,timeout,na,2136,3978,92,3978,258,118,0,0,0,
no_finite_o_quantification,SYO/SYO912^9.p,TH0,CounterSatisfiable,timeout,na,2118,4212,79,4212,278,70,0,0,0,
no_finite_o_quantification,SYO/SYO913^15.p,TH0,CounterSatisfiable,timeout,na,2053,189,4,189,30,2,0,0,0,
no_finite_o_quantification,SYO/SYO914^12.p,TH0,CounterSatisfiable,timeout,na,2102,0,0,0,1,0,0,0,0,
no_finite_o_quantification,SYO/SYO915^14.p,TH0,CounterSatisfiable,timeout,na,2113,0,0,0,1,0,0,0,0,
no_finite_o_quantification,SYO/SYO926^1.p,unknown,Theorem,parser_error,na,0,,,,,,,,,cached: Lexer failed to parse entire string. Unparsed: <.> A ) ). %------------------------------------------------------------------------------ 
no_finite_o_quantification,SYO/SYO927^1.p,unknown,Theorem,parser_error,na,0,,,,,,,,,cached: Lexer failed to parse entire string. Unparsed: <.> [.] ( P @ ( F @ X ) ) => [.] ( P @ ( G @ X ) ) ) ). %------------------------------------------------------------------------------ 
no_finite_o_quantification,SYO/SYO928^1.p,unknown,Theorem,parser_error,na,0,,,,,,,,,cached: Failed to parse formula 'spec': Syntax Error: tuples ([...]) and sequents (-->) have no counterpart in simple type theory and are not supported.
no_finite_o_quantification,SYO/SYO929^1.p,unknown,Theorem,parser_error,na,0,,,,,,,,,cached: Failed to parse formula 'spec': Syntax Error: tuples ([...]) and sequents (-->) have no counterpart in simple type theory and are not supported.
no_finite_o_quantification,SYO/SYO930^1.p,unknown,Theorem,parser_error,na,0,,,,,,,,,cached: Failed to parse formula 'spec': Syntax Error: tuples ([...]) and sequents (-->) have no counterpart in simple type theory and are not supported.
no_finite_o_quantification,SYO/SYO931^1.p,unknown,Theorem,parser_error,na,0,,,,,,,,,cached: Failed to parse formula 'spec': Syntax Error: tuples ([...]) and sequents (-->) have no counterpart in simple type theory and are not supported.
no_finite_o_quantification,SYO/SYO932^10.p,TH0,Theorem,thm,yes,64,13,0,13,2,0,0,1,1,
no_finite_o_quantification,SYO/SYO932^8.p,TH0,Theorem,thm,yes,46,16,1,16,2,0,0,1,1,
no_finite_o_quantification,SYO/SYO932^9.p,TH0,Theorem,timeout,na,2068,938,57,938,50,22,0,1,0,
no_finite_o_quantification,SYO/SYO997^1.p,unknown,Theorem,parser_error,na,0,,,,,,,,,cached: Syntax Error: expected ' ' or ']' in !> binder  got [{:colon  ":"  1919}  {:atom  "nat"  1921}  {:rbracket  "]"  1924}  {:colon  ":"  1926}  {:lparen  "("  1928}  {:atom  "fin"  1930}  {:app  "@"  193
no_finite_o_quantification,SYO/SYO998^1.p,unknown,Theorem,parser_error,na,0,,,,,,,,,cached: Syntax Error: expected ' ' or ']' in !> binder  got [{:colon  ":"  1920}  {:atom  "nat"  1922}  {:rbracket  "]"  1925}  {:colon  ":"  1927}  {:lparen  "("  1929}  {:atom  "fin"  1931}  {:app  "@"  193
no_finite_o_quantification,SYO/SYO999^1.p,unknown,Theorem,parser_error,na,0,,,,,,,,,cached: Syntax Error: expected ' ' or ']' in !> binder  got [{:colon  ":"  1835}  {:atom  "a"  1837}  {:rbracket  "]"  1838}  {:colon  ":"  1840}  {:lparen  "("  1842}  {:lparen  "("  1844}  {:atom  "b"  1846
no_finite_o_quantification,SYP/SYP000^1.p,unknown,Theorem,parser_error,na,0,,,,,,,,,cached: Syntax Error: expected ' ' or ']' in !> binder  got [{:colon  ":"  1899}  {:atom  "nat"  1901}  {:rbracket  "]"  1904}  {:colon  ":"  1906}  {:lparen  "("  1908}  {:atom  "fin"  1910}  {:app  "@"  191
no_finite_o_quantification,SYP/SYP001^1.p,unknown,Theorem,parser_error,na,0,,,,,,,,,cached: Syntax Error: expected ' ' or ']' in !> binder  got [{:colon  ":"  1899}  {:atom  "nat"  1901}  {:rbracket  "]"  1904}  {:colon  ":"  1906}  {:lparen  "("  1908}  {:atom  "fin"  1910}  {:app  "@"  191
no_finite_o_quantification,SYP/SYP002^1.p,unknown,Theorem,parser_error,na,0,,,,,,,,,cached: Syntax Error: expected ' ' or ']' in !> binder  got [{:colon  ":"  1830}  {:atom  "nat"  1832}  {:rbracket  "]"  1835}  {:colon  ":"  1837}  {:lparen  "("  1839}  {:atom  "fin"  1841}  {:app  "@"  184
no_finite_o_quantification,SYP/SYP003^1.p,unknown,Theorem,parser_error,na,0,,,,,,,,,cached: Syntax Error: expected ' ' or ']' in !> binder  got [{:colon  ":"  1640}  {:atom  "a"  1642}  {:rbracket  "]"  1643}  {:colon  ":"  1645}  {:lparen  "("  1647}  {:lparen  "("  1649}  {:atom  "b"  1651
no_finite_o_quantification,SYP/SYP004^1.p,unknown,Theorem,parser_error,na,0,,,,,,,,,cached: Syntax Error: expected ' ' or ']' in !> binder  got [{:colon  ":"  2279}  {:atom  "nat"  2281}  {:rbracket  "]"  2284}  {:colon  ":"  2286}  {:lparen  "("  2288}  {:atom  "fin"  2290}  {:app  "@"  229
no_finite_o_quantification,SYP/SYP005^1.p,unknown,Theorem,parser_error,na,0,,,,,,,,,cached: Syntax Error: expected ' ' or ']' in !> binder  got [{:colon  ":"  1915}  {:atom  "nat"  1917}  {:rbracket  "]"  1920}  {:colon  ":"  1922}  {:lparen  "("  1924}  {:atom  "fin"  1926}  {:app  "@"  193
no_finite_o_quantification,SYP/SYP006^1.p,unknown,Theorem,parser_error,na,0,,,,,,,,,cached: Syntax Error: expected ' ' or ']' in !> binder  got [{:colon  ":"  2039}  {:atom  "nat"  2041}  {:rbracket  "]"  2044}  {:colon  ":"  2046}  {:lparen  "("  2048}  {:atom  "fin"  2050}  {:app  "@"  205
no_finite_o_quantification,SYP/SYP007^1.p,unknown,Theorem,parser_error,na,0,,,,,,,,,cached: Syntax Error: expected ' ' or ']' in !> binder  got [{:colon  ":"  1662}  {:atom  "nat"  1664}  {:rbracket  "]"  1667}  {:colon  ":"  1669}  {:lparen  "("  1671}  {:lparen  "("  1673}  {:atom  "fin"  
