run_label,problem,language,expected_szs,result,correct,time_ms,steps,worker_yields,rules_total,active_branches_max,branches_closed,branches_saturated,csp_calls,csp_succeeded,details
no_iterative_deepening,AGT/AGT027^1.p,TH0,Theorem,timeout,na,2139,641,31,641,64,0,0,1,0,
no_iterative_deepening,AGT/AGT027^2.p,TH0,Theorem,timeout,na,2164,1435,20,1435,138,0,0,0,0,
no_iterative_deepening,AGT/AGT028^1.p,TH0,Theorem,timeout,na,2256,770,47,770,68,0,0,1,0,
no_iterative_deepening,AGT/AGT028^2.p,TH0,Theorem,timeout,na,2443,4635,19,4635,481,0,0,0,0,
no_iterative_deepening,AGT/AGT029^1.p,TH0,Theorem,timeout,na,2244,804,48,804,71,0,0,1,0,
no_iterative_deepening,AGT/AGT030^1.p,TH0,Theorem,timeout,na,2287,904,50,904,101,0,0,0,0,
no_iterative_deepening,AGT/AGT031^1.p,TH0,Theorem,timeout,na,3035,5406,14,5406,400,0,0,0,0,
no_iterative_deepening,AGT/AGT031^2.p,TH0,Theorem,timeout,na,2379,4267,74,4267,331,0,0,0,0,
no_iterative_deepening,AGT/AGT032^1.p,TH0,Theorem,timeout,na,3013,5500,14,5500,359,0,0,0,0,
no_iterative_deepening,AGT/AGT032^2.p,TH0,Theorem,timeout,na,2398,4150,43,4150,284,0,0,0,0,
no_iterative_deepening,AGT/AGT033^1.p,TH0,Theorem,timeout,na,2910,4627,14,4627,378,0,0,0,0,
no_iterative_deepening,AGT/AGT033^2.p,TH0,Theorem,timeout,na,2421,3672,24,3672,292,0,0,0,0,
no_iterative_deepening,AGT/AGT034^1.p,TH0,Theorem,timeout,na,2834,4247,14,4247,397,0,0,0,0,
no_iterative_deepening,AGT/AGT034^2.p,TH0,Theorem,timeout,na,2425,4106,43,4106,319,0,0,0,0,
no_iterative_deepening,AGT/AGT035^1.p,TH0,Theorem,timeout,na,2731,3559,14,3559,1340,0,0,4,0,
no_iterative_deepening,AGT/AGT035^2.p,TH0,Theorem,timeout,na,2242,3476,71,3476,597,0,0,5,0,
no_iterative_deepening,AGT/AGT036^1.p,TH0,Theorem,timeout,na,2796,4080,14,4080,1550,0,0,2,0,
no_iterative_deepening,AGT/AGT037^1.p,TH0,Theorem,timeout,na,2806,4136,14,4136,383,0,0,0,0,
no_iterative_deepening,AGT/AGT037^2.p,TH0,Theorem,timeout,na,2414,3627,26,3627,290,0,0,0,0,
no_iterative_deepening,AGT/AGT038^1.p,TH0,Theorem,timeout,na,2720,3454,14,3454,350,0,0,0,0,
no_iterative_deepening,AGT/AGT039^1.p,TH0,Theorem,timeout,na,2835,4268,14,4268,371,0,0,0,0,
no_iterative_deepening,AGT/AGT040^1.p,TH0,Theorem,timeout,na,2759,3681,14,3681,369,0,0,0,0,
no_iterative_deepening,AGT/AGT041^1.p,TH0,Theorem,timeout,na,2789,4144,14,4144,269,0,0,0,0,
no_iterative_deepening,ALG/ALG001^5.p,TH0,Theorem,timeout,na,2042,1356,52,1356,139,7,0,2,0,
no_iterative_deepening,ALG/ALG014^7.p,TH0,Theorem,timeout,na,2860,0,0,0,1,0,0,0,0,
no_iterative_deepening,ALG/ALG015^7.p,TH0,Theorem,timeout,na,6823,0,0,0,1,0,0,0,0,
no_iterative_deepening,ALG/ALG016^7.p,TH0,Theorem,timeout,na,4097,0,0,0,1,0,0,0,0,
no_iterative_deepening,ALG/ALG017^7.p,TH0,Theorem,timeout,na,2871,0,0,0,1,0,0,0,0,
no_iterative_deepening,ALG/ALG018^7.p,TH0,Theorem,timeout,na,2151,523,33,523,33,0,0,0,0,
no_iterative_deepening,ALG/ALG020^7.p,TH0,Theorem,timeout,na,2383,0,0,0,1,0,0,0,0,
no_iterative_deepening,ALG/ALG021^7.p,TH0,Theorem,timeout,na,3236,0,0,0,1,0,0,0,0,
no_iterative_deepening,ALG/ALG022^7.p,TH0,Theorem,timeout,na,3229,0,0,0,1,0,0,0,0,
no_iterative_deepening,ALG/ALG023^7.p,TH0,Unsatisfiable,no_conjecture,na,888,,,,,,,,,
no_iterative_deepening,ALG/ALG247^2.p,TH0,Theorem,thm,yes,410,23,0,23,3,1,0,1,1,
no_iterative_deepening,ALG/ALG248^1.p,TH0,Theorem,timeout,na,2363,1061,20,1061,259,64,0,1,0,
no_iterative_deepening,ALG/ALG248^2.p,TH0,CounterSatisfiable,timeout,na,2288,1313,62,1313,99,38,0,2,0,
no_iterative_deepening,ALG/ALG248^3.p,TH0,Theorem,unk,na,327,50,1,50,4,3,0,0,0,
no_iterative_deepening,ALG/ALG249^3.p,TH0,Theorem,timeout,na,2328,2263,99,2263,194,37,0,4,0,
no_iterative_deepening,ALG/ALG250^3.p,TH0,Theorem,thm,yes,312,40,1,40,5,2,0,1,1,
no_iterative_deepening,ALG/ALG251^1.p,TH0,Theorem,timeout,na,2282,578,35,578,50,0,0,1,0,
no_iterative_deepening,ALG/ALG251^2.p,TH0,Theorem,timeout,na,2294,1560,110,1560,71,25,0,2,0,
no_iterative_deepening,ALG/ALG251^3.p,TH0,Theorem,timeout,na,2316,1224,37,1224,151,39,0,2,0,
no_iterative_deepening,ALG/ALG252^1.p,TH0,Theorem,timeout,na,2278,392,21,392,30,0,0,2,0,
no_iterative_deepening,ALG/ALG252^2.p,TH0,Theorem,timeout,na,2287,1277,97,1277,53,0,0,2,0,
no_iterative_deepening,ALG/ALG253^1.p,TH0,Theorem,timeout,na,2264,167,8,167,12,0,0,2,0,
no_iterative_deepening,ALG/ALG253^2.p,TH0,Theorem,timeout,na,2286,947,53,947,61,4,0,1,0,
no_iterative_deepening,ALG/ALG254^1.p,TH0,Theorem,thm,yes,479,2,0,2,1,1,0,0,0,
no_iterative_deepening,ALG/ALG254^2.p,TH0,Theorem,thm,yes,257,2,0,2,1,1,0,0,0,
no_iterative_deepening,ALG/ALG255^1.p,TH0,Theorem,thm,yes,551,2,0,2,1,1,0,0,0,
no_iterative_deepening,ALG/ALG256^1.p,TH0,Theorem,timeout,na,2256,20,2,20,1,0,0,0,0,
no_iterative_deepening,ALG/ALG256^2.p,TH0,Theorem,timeout,na,2337,2361,79,2361,305,15,0,1,0,
no_iterative_deepening,ALG/ALG257^1.p,TH0,Theorem,timeout,na,2257,17,1,17,1,0,0,0,0,
no_iterative_deepening,ALG/ALG257^2.p,TH0,Theorem,unk,na,317,94,1,94,9,3,0,0,0,
no_iterative_deepening,ALG/ALG258^1.p,TH0,Theorem,timeout,na,2265,17,1,17,1,0,0,0,0,
no_iterative_deepening,ALG/ALG258^2.p,TH0,Theorem,timeout,na,2312,2228,134,2228,147,23,0,1,0,
no_iterative_deepening,ALG/ALG259^1.p,TH0,Theorem,timeout,na,2262,13,1,13,1,0,0,0,0,
no_iterative_deepening,ALG/ALG259^2.p,TH0,Theorem,timeout,na,2304,1555,72,1555,122,10,0,4,0,
no_iterative_deepening,ALG/ALG260^1.p,TH0,Theorem,timeout,na,2260,10,1,10,1,0,0,0,0,
no_iterative_deepening,ALG/ALG260^2.p,TH0,Theorem,thm,yes,343,48,2,48,3,1,0,2,1,
no_iterative_deepening,ALG/ALG261^1.p,TH0,Theorem,timeout,na,2267,6,0,6,1,0,0,0,0,
no_iterative_deepening,ALG/ALG261^2.p,TH0,Theorem,thm,yes,460,154,2,154,13,5,0,2,1,
no_iterative_deepening,ALG/ALG262^2.p,TH0,Theorem,thm,yes,365,18,0,18,3,1,0,1,1,
no_iterative_deepening,ALG/ALG263^1.p,TH0,Theorem,timeout,na,2262,14,1,14,1,0,0,0,0,
no_iterative_deepening,ALG/ALG263^3.p,TH0,Theorem,timeout,na,2257,11,1,11,1,0,0,0,0,
no_iterative_deepening,ALG/ALG264^1.p,TH0,Theorem,timeout,na,2256,14,1,14,1,0,0,0,0,
no_iterative_deepening,ALG/ALG264^3.p,TH0,Theorem,timeout,na,2254,11,1,11,1,0,0,0,0,
no_iterative_deepening,ALG/ALG265^2.p,TH0,Theorem,timeout,na,2294,1323,49,1323,134,21,0,1,0,
no_iterative_deepening,ALG/ALG266^1.p,TH0,Theorem,timeout,na,2263,7,0,7,1,0,0,0,0,
no_iterative_deepening,ALG/ALG266^2.p,TH0,Theorem,timeout,na,2281,347,9,347,54,0,0,1,0,
no_iterative_deepening,ALG/ALG267^1.p,TH0,Theorem,timeout,na,2267,5,0,5,1,0,0,0,0,
no_iterative_deepening,ALG/ALG267^2.p,TH0,Theorem,unk,na,277,12,0,12,2,0,0,0,0,
no_iterative_deepening,ALG/ALG268^1.p,TH0,Theorem,timeout,na,2262,7,0,7,1,0,0,0,0,
no_iterative_deepening,ALG/ALG268^2.p,TH0,Theorem,timeout,na,2285,483,18,483,62,0,0,0,0,
no_iterative_deepening,ALG/ALG268^3.p,TH0,Theorem,timeout,na,2318,2093,118,2093,130,54,0,0,0,
no_iterative_deepening,ALG/ALG268^4.p,TH0,Theorem,unk,na,373,14,0,14,2,0,0,0,0,
no_iterative_deepening,ALG/ALG268^5.p,TH0,Theorem,timeout,na,2258,9,0,9,1,0,0,0,0,
no_iterative_deepening,ALG/ALG268^6.p,TH0,Theorem,timeout,na,2313,1362,50,1362,146,64,0,0,0,
no_iterative_deepening,ALG/ALG269^1.p,TH0,Theorem,timeout,na,2260,7,0,7,1,0,0,0,0,
no_iterative_deepening,ALG/ALG269^2.p,TH0,Theorem,timeout,na,2287,438,14,438,54,0,0,2,0,
no_iterative_deepening,ALG/ALG269^3.p,TH0,Theorem,timeout,na,2285,692,41,692,57,0,0,0,0,
no_iterative_deepening,ALG/ALG269^4.p,TH0,CounterSatisfiable,timeout,na,2280,861,61,861,42,0,0,1,0,
no_iterative_deepening,ALG/ALG270^5.p,TH0,Theorem,timeout,na,2041,1397,54,1397,118,27,0,1,0,
no_iterative_deepening,ALG/ALG271^5.p,TH0,Theorem,timeout,na,2064,2966,181,2966,191,24,0,1,0,
no_iterative_deepening,ALG/ALG272^5.p,TH0,Theorem,timeout,na,2085,3063,148,3063,266,34,0,1,0,
no_iterative_deepening,ALG/ALG273^5.p,TH0,Theorem,timeout,na,2088,2784,130,2784,280,34,0,1,0,
no_iterative_deepening,ALG/ALG274^5.p,TH0,Theorem,timeout,na,2074,2701,127,2701,275,19,0,1,0,
no_iterative_deepening,ALG/ALG275^5.p,TH0,CounterSatisfiable,timeout,na,2064,2455,111,2455,220,25,0,1,0,
no_iterative_deepening,ALG/ALG276^5.p,TH0,Theorem,timeout,na,2082,2695,113,2695,290,24,0,1,0,
no_iterative_deepening,ALG/ALG277^5.p,TH0,Theorem,timeout,na,2080,2236,46,2236,310,14,0,1,0,
no_iterative_deepening,ALG/ALG278^5.p,TH0,Theorem,timeout,na,2067,2250,98,2250,200,14,0,2,0,
no_iterative_deepening,ALG/ALG279^5.p,TH0,Theorem,timeout,na,2074,2153,52,2153,284,16,0,2,0,
no_iterative_deepening,ALG/ALG280^5.p,TH0,Theorem,timeout,na,2070,2062,38,2062,303,39,0,2,0,
no_iterative_deepening,ALG/ALG281^5.p,TH0,Theorem,timeout,na,2054,2026,81,2026,195,13,0,2,0,
no_iterative_deepening,ALG/ALG282^5.p,TH0,Theorem,timeout,na,2060,2556,88,2556,242,6,0,4,0,
no_iterative_deepening,ALG/ALG283^5.p,TH0,Theorem,timeout,na,2057,2169,65,2169,232,19,0,4,0,
no_iterative_deepening,ALG/ALG284^5.p,TH0,Theorem,timeout,na,2049,1671,53,1671,190,28,0,1,0,
no_iterative_deepening,ALG/ALG285^5.p,TH0,Theorem,timeout,na,2057,2566,124,2566,216,24,0,2,0,
no_iterative_deepening,ALG/ALG286^5.p,TH0,Theorem,timeout,na,2063,2512,105,2512,209,37,0,2,0,
no_iterative_deepening,ALG/ALG287^5.p,TH0,Theorem,timeout,na,2072,2821,126,2821,270,23,0,1,0,
no_iterative_deepening,ALG/ALG288^5.p,TH0,Unknown,timeout,na,2075,2312,68,2312,256,42,0,2,0,
no_iterative_deepening,ALG/ALG289^5.p,TH0,Unknown,timeout,na,2062,2276,113,2276,195,24,0,2,0,
no_iterative_deepening,ALG/ALG290^5.p,TH0,Theorem,timeout,na,2064,2202,82,2202,203,28,0,3,0,
no_iterative_deepening,ALG/ALG291^5.p,TH0,Unknown,timeout,na,2081,2293,80,2293,229,1,0,2,0,
no_iterative_deepening,ALG/ALG292^5.p,TH0,Theorem,timeout,na,2086,2045,55,2045,248,38,0,1,0,
no_iterative_deepening,ALG/ALG293^5.p,TH0,Unknown,timeout,na,2077,2114,70,2114,229,1,0,2,0,
no_iterative_deepening,ALG/ALG294^5.p,TH0,Theorem,timeout,na,2065,924,46,924,66,12,0,1,0,
no_iterative_deepening,ALG/ALG295^5.p,TH0,Unknown,timeout,na,2070,1954,77,1954,229,29,0,2,0,
no_iterative_deepening,ALG/ALG296^5.p,TH0,Unknown,timeout,na,2059,1450,49,1450,165,11,0,4,0,
no_iterative_deepening,ALG/ALG297^5.p,TH0,Unknown,timeout,na,2056,1839,113,1839,118,0,0,2,0,
no_iterative_deepening,ALG/ALG298^5.p,TH0,Theorem,timeout,na,2061,1756,67,1756,180,14,0,1,0,
no_iterative_deepening,ALG/ALG444^1.p,TH0,Satisfiable,no_conjecture,na,260,,,,,,,,,
no_iterative_deepening,ANA/ANA046^1.p,TH1,Theorem,parse_timeout,na,0,,,,,,,,,cached: parse exceeded 5000ms
no_iterative_deepening,ANA/ANA047^1.p,TH1,Theorem,parse_timeout,na,0,,,,,,,,,cached: parse exceeded 5000ms
no_iterative_deepening,ANA/ANA048^1.p,TH1,Theorem,parse_timeout,na,0,,,,,,,,,cached: parse exceeded 5000ms
no_iterative_deepening,ANA/ANA049^1.p,TH1,Theorem,parse_timeout,na,0,,,,,,,,,cached: parse exceeded 5000ms
no_iterative_deepening,ANA/ANA050^1.p,TH1,Theorem,parse_timeout,na,0,,,,,,,,,cached: parse exceeded 5000ms
no_iterative_deepening,ANA/ANA051^1.p,TH1,Theorem,parse_timeout,na,0,,,,,,,,,cached: parse exceeded 5000ms
no_iterative_deepening,ANA/ANA052^1.p,TH1,Theorem,parse_timeout,na,0,,,,,,,,,cached: parse exceeded 5000ms
no_iterative_deepening,ANA/ANA053^1.p,TH1,Theorem,parse_timeout,na,0,,,,,,,,,cached: parse exceeded 5000ms
no_iterative_deepening,ANA/ANA054^1.p,TH1,Theorem,parse_timeout,na,0,,,,,,,,,cached: parse exceeded 5000ms
no_iterative_deepening,ANA/ANA055^1.p,TH1,Theorem,parse_timeout,na,0,,,,,,,,,cached: parse exceeded 5000ms
no_iterative_deepening,ANA/ANA056^1.p,TH1,Theorem,parse_timeout,na,0,,,,,,,,,cached: parse exceeded 5000ms
no_iterative_deepening,ANA/ANA057^1.p,TH1,Theorem,parse_timeout,na,0,,,,,,,,,cached: parse exceeded 5000ms
no_iterative_deepening,ANA/ANA058^1.p,TH1,Theorem,parse_timeout,na,0,,,,,,,,,cached: parse exceeded 5000ms
no_iterative_deepening,ANA/ANA059^1.p,TH1,Theorem,parse_timeout,na,0,,,,,,,,,cached: parse exceeded 5000ms
no_iterative_deepening,ANA/ANA060^1.p,TH1,Theorem,parse_timeout,na,0,,,,,,,,,cached: parse exceeded 5000ms
no_iterative_deepening,ANA/ANA061^1.p,TH1,Theorem,parse_timeout,na,0,,,,,,,,,cached: parse exceeded 5000ms
no_iterative_deepening,ANA/ANA062^1.p,TH1,Theorem,parse_timeout,na,0,,,,,,,,,cached: parse exceeded 5000ms
no_iterative_deepening,ANA/ANA063^1.p,TH1,Theorem,parse_timeout,na,0,,,,,,,,,cached: parse exceeded 5000ms
no_iterative_deepening,ANA/ANA064^1.p,TH1,Theorem,parse_timeout,na,0,,,,,,,,,cached: parse exceeded 5000ms
no_iterative_deepening,ANA/ANA065^1.p,TH1,Theorem,parse_timeout,na,0,,,,,,,,,cached: parse exceeded 5000ms
no_iterative_deepening,ANA/ANA066^1.p,TH1,Theorem,parse_timeout,na,0,,,,,,,,,cached: parse exceeded 5000ms
no_iterative_deepening,ANA/ANA067^1.p,TH1,Theorem,parse_timeout,na,0,,,,,,,,,cached: parse exceeded 5000ms
no_iterative_deepening,ANA/ANA068^1.p,TH1,Theorem,unk,na,33,44,0,44,6,1,0,0,0,
no_iterative_deepening,ANA/ANA069^1.p,TH1,Theorem,timeout,na,2130,3283,54,3283,241,75,0,0,0,
no_iterative_deepening,ANA/ANA070^1.p,TH1,Theorem,timeout,na,2166,4533,23,4533,255,148,0,0,0,
no_iterative_deepening,ANA/ANA071^1.p,TH1,Theorem,timeout,na,2153,4300,37,4300,253,93,0,0,0,
no_iterative_deepening,ANA/ANA072^1.p,TH1,Theorem,timeout,na,2147,4137,19,4137,290,104,0,0,0,
no_iterative_deepening,ANA/ANA073^1.p,TH1,ContradictoryAxioms,timeout,na,2192,5338,60,5338,213,122,0,0,0,
no_iterative_deepening,ANA/ANA074^1.p,TH1,Theorem,timeout,na,2116,3375,25,3375,243,69,0,0,0,
no_iterative_deepening,ANA/ANA075^1.p,TH1,Theorem,timeout,na,2093,2586,58,2586,214,50,0,2,0,
no_iterative_deepening,ANA/ANA076^1.p,TH1,Theorem,timeout,na,2154,4436,45,4436,233,75,0,0,0,
no_iterative_deepening,ANA/ANA077^1.p,TH1,Theorem,timeout,na,2111,3113,15,3113,172,118,0,0,0,
no_iterative_deepening,ANA/ANA078^1.p,TH1,Theorem,unk,na,31,21,0,21,4,0,0,0,0,
no_iterative_deepening,ANA/ANA079^1.p,TH1,Theorem,timeout,na,2183,4299,45,4299,935,85,0,1,0,
no_iterative_deepening,ANA/ANA080^1.p,TH1,Theorem,timeout,na,2154,4453,101,4453,235,31,0,0,0,
no_iterative_deepening,ANA/ANA081^1.p,TH1,Theorem,timeout,na,2250,4397,15,4397,260,131,0,0,0,
no_iterative_deepening,ANA/ANA082^1.p,TH1,Theorem,timeout,na,2166,4214,35,4214,229,64,0,0,0,
no_iterative_deepening,ANA/ANA083^1.p,TH1,Theorem,timeout,na,2147,4199,6,4199,277,105,0,0,0,
no_iterative_deepening,ANA/ANA084^1.p,TH1,Theorem,timeout,na,2146,4016,10,4016,261,55,0,0,0,
no_iterative_deepening,ANA/ANA085^1.p,TH1,ContradictoryAxioms,timeout,na,2095,3443,76,3443,236,135,0,0,0,
no_iterative_deepening,ANA/ANA086^1.p,TH1,Theorem,timeout,na,2092,2956,52,2956,257,42,0,0,0,
no_iterative_deepening,ANA/ANA087^1.p,TH1,Theorem,timeout,na,2080,2387,90,2387,182,30,0,2,0,
no_iterative_deepening,ANA/ANA088^1.p,TH1,Theorem,timeout,na,2145,4207,48,4207,246,50,0,0,0,
no_iterative_deepening,ANA/ANA089^1.p,TH1,Theorem,timeout,na,2077,2332,35,2332,204,66,0,0,0,
no_iterative_deepening,ANA/ANA090^1.p,TH1,Theorem,timeout,na,2105,2959,114,2959,269,0,0,2,0,
no_iterative_deepening,ANA/ANA091^1.p,TH1,Theorem,timeout,na,2177,4115,59,4115,901,64,0,1,0,
no_iterative_deepening,ANA/ANA092^1.p,TH1,Theorem,timeout,na,2147,4294,88,4294,208,49,0,0,0,
no_iterative_deepening,ANA/ANA093^1.p,TH1,ContradictoryAxioms,timeout,na,2034,1329,63,1329,116,13,0,1,0,
no_iterative_deepening,ANA/ANA094^1.p,TH1,ContradictoryAxioms,timeout,na,2033,1345,62,1345,90,24,0,1,0,
no_iterative_deepening,ANA/ANA095^1.p,TH1,Theorem,timeout,na,2045,689,22,689,79,15,0,0,0,
no_iterative_deepening,ANA/ANA096^1.p,TH1,Theorem,timeout,na,2075,1171,30,1171,159,24,0,0,0,
no_iterative_deepening,ANA/ANA097^1.p,TH1,Theorem,timeout,na,2058,965,48,965,112,19,0,0,0,
no_iterative_deepening,ANA/ANA098^1.p,TH1,Theorem,timeout,na,2032,466,23,466,27,7,0,2,0,
no_iterative_deepening,ANA/ANA099^1.p,TH1,Theorem,timeout,na,2036,349,4,349,45,9,0,0,0,
no_iterative_deepening,ANA/ANA100^1.p,TH1,Theorem,timeout,na,2040,1364,75,1364,92,16,0,1,0,
no_iterative_deepening,ANA/ANA101^1.p,TH1,Theorem,timeout,na,2057,1763,78,1763,165,27,0,1,0,
no_iterative_deepening,ANA/ANA102^1.p,TH1,Theorem,timeout,na,2168,3785,44,3785,280,192,0,0,0,
no_iterative_deepening,ANA/ANA103^1.p,TH1,Theorem,timeout,na,2048,846,35,846,72,7,0,1,0,
no_iterative_deepening,ANA/ANA104^1.p,TH1,ContradictoryAxioms,timeout,na,2045,576,24,576,46,14,0,0,0,
no_iterative_deepening,ANA/ANA105^1.p,TH1,Theorem,timeout,na,2036,1293,83,1293,69,4,0,0,0,
no_iterative_deepening,ANA/ANA106^1.p,TH1,Theorem,unk,na,82,38,1,38,4,0,0,0,0,
no_iterative_deepening,ANA/ANA107^1.p,TH1,Theorem,unk,na,34,19,0,19,2,0,0,0,0,
no_iterative_deepening,ANA/ANA108^1.p,TH1,Theorem,timeout,na,2138,4116,57,4116,212,50,0,0,0,
no_iterative_deepening,ANA/ANA109^1.p,TH1,Theorem,timeout,na,2044,1505,51,1505,160,13,0,1,0,
no_iterative_deepening,ANA/ANA110^1.p,TH1,Theorem,unk,na,190,254,1,248,24,27,0,0,0,
no_iterative_deepening,ANA/ANA111^1.p,TH1,Theorem,unk,na,192,97,2,92,8,7,0,0,0,
no_iterative_deepening,ANA/ANA112^1.p,TH1,Theorem,unk,na,102,44,1,44,4,0,0,0,0,
no_iterative_deepening,ANA/ANA113^1.p,TH1,Theorem,timeout,na,2036,1471,86,1471,91,26,0,1,0,
no_iterative_deepening,ANA/ANA114^1.p,TH1,CounterSatisfiable,timeout,na,2067,2204,124,2204,172,6,0,1,0,
no_iterative_deepening,ANA/ANA115^1.p,TH1,Theorem,unk,na,55,39,0,39,5,1,0,0,0,
no_iterative_deepening,ANA/ANA116^1.p,TH1,Theorem,timeout,na,2047,731,28,725,59,18,0,1,0,
no_iterative_deepening,ANA/ANA117^1.p,TH1,Theorem,timeout,na,2061,1200,60,1187,95,26,0,1,0,
no_iterative_deepening,ANA/ANA118^1.p,TH1,Theorem,timeout,na,2065,1752,41,1752,215,50,0,1,0,
no_iterative_deepening,ANA/ANA119^1.p,TH1,Theorem,timeout,na,2048,1882,86,1882,161,19,0,1,0,
no_iterative_deepening,ANA/ANA120^1.p,TH1,Theorem,timeout,na,2056,841,38,841,69,2,0,1,0,
no_iterative_deepening,ANA/ANA121^1.p,TH1,Theorem,timeout,na,2061,833,33,833,70,0,0,1,0,
no_iterative_deepening,ANA/ANA122^1.p,TH1,Theorem,timeout,na,2037,1988,135,1988,100,7,0,1,0,
no_iterative_deepening,ANA/ANA123^1.p,TH1,Theorem,thm,yes,6,3,0,3,1,1,0,0,0,
no_iterative_deepening,ANA/ANA124^1.p,TH1,Theorem,timeout,na,2047,1393,57,1393,124,8,0,5,0,
no_iterative_deepening,ANA/ANA125^1.p,TH0,Theorem,timeout,na,2036,1925,105,1925,119,16,0,4,0,
no_iterative_deepening,ANA/ANA126^1.p,TH0,Theorem,timeout,na,2052,1742,54,1742,184,42,0,2,0,
no_iterative_deepening,ANA/ANA127^1.p,TH0,Theorem,timeout,na,2080,3162,200,3162,288,35,0,2,0,
no_iterative_deepening,ANA/ANA128^1.p,TH1,Theorem,timeout,na,2033,260,15,260,10,0,0,2,0,
no_iterative_deepening,ANA/ANA129^1.p,TH0,Theorem,timeout,na,2055,2033,128,2033,136,6,0,2,0,
no_iterative_deepening,ANA/ANA130^1.p,TH1,Theorem,timeout,na,2098,1829,81,1829,187,4,0,1,0,
no_iterative_deepening,ANA/ANA131^1.p,TH1,Theorem,timeout,na,2030,342,17,342,36,0,0,1,0,
no_iterative_deepening,ANA/ANA132^1.p,TH1,Theorem,timeout,na,2055,578,17,578,51,6,0,1,0,
no_iterative_deepening,CAT/CAT038^1.p,TH0,Theorem,unk,na,21,19,0,19,4,0,0,0,0,
no_iterative_deepening,CAT/CAT038^2.p,TH0,Theorem,unk,na,22,20,0,20,4,0,0,0,0,
no_iterative_deepening,CAT/CAT039^1.p,unknown,Theorem,parser_error,na,0,,,,,,,,,cached: Syntax Error: expected ' ' or ']' in !> binder  got [{:colon  ":"  1679}  {:atom  "obj"  1681}  {:rbracket  "]"  1684}  {:colon  ":"  1686}  {:lparen  "("  1688}  {:atom  "mor"  1690}  {:app  "@"  169
no_iterative_deepening,CAT/CAT040^1.p,unknown,Theorem,parser_error,na,0,,,,,,,,,cached: Syntax Error: expected ' ' or ']' in !> binder  got [{:colon  ":"  1679}  {:atom  "obj"  1681}  {:rbracket  "]"  1684}  {:colon  ":"  1686}  {:lparen  "("  1688}  {:atom  "mor"  1690}  {:app  "@"  169
no_iterative_deepening,CAT/CAT041^1.p,unknown,Theorem,parser_error,na,0,,,,,,,,,cached: Syntax Error: expected ' ' or ']' in !> binder  got [{:colon  ":"  1679}  {:atom  "obj"  1681}  {:rbracket  "]"  1684}  {:colon  ":"  1686}  {:lparen  "("  1688}  {:atom  "mor"  1690}  {:app  "@"  169
no_iterative_deepening,CAT/CAT042^1.p,unknown,Theorem,parser_error,na,0,,,,,,,,,cached: Syntax Error: expected ' ' or ']' in !> binder  got [{:colon  ":"  1679}  {:atom  "obj"  1681}  {:rbracket  "]"  1684}  {:colon  ":"  1686}  {:lparen  "("  1688}  {:atom  "mor"  1690}  {:app  "@"  169
no_iterative_deepening,CAT/CAT043^1.p,unknown,Theorem,parser_error,na,0,,,,,,,,,cached: Syntax Error: expected ' ' or ']' in !> binder  got [{:colon  ":"  1679}  {:atom  "obj"  1681}  {:rbracket  "]"  1684}  {:colon  ":"  1686}  {:lparen  "("  1688}  {:atom  "mor"  1690}  {:app  "@"  169
no_iterative_deepening,COL/COL125^1.p,TH0,Unknown,timeout,na,2472,0,0,0,1,0,0,0,0,
no_iterative_deepening,COL/COL126^1.p,TH0,Unknown,timeout,na,2494,0,0,0,1,0,0,0,0,
no_iterative_deepening,COM/COM024^5.p,TH0,Theorem,timeout,na,2043,1445,16,1445,182,7,0,4,0,
no_iterative_deepening,COM/COM152^1.p,TH1,Theorem,timeout,na,3154,52,5,52,1,0,0,0,0,
no_iterative_deepening,COM/COM153^1.p,TH1,Theorem,timeout,na,3018,0,0,0,1,0,0,0,0,
no_iterative_deepening,COM/COM154^1.p,TH1,Theorem,timeout,na,2343,74,7,74,2,0,0,0,0,
no_iterative_deepening,COM/COM155^1.p,TH1,Theorem,timeout,na,2843,0,0,0,1,0,0,0,0,
no_iterative_deepening,COM/COM156^1.p,TH1,Theorem,timeout,na,2871,0,0,0,1,0,0,0,0,
no_iterative_deepening,COM/COM157^1.p,TH1,Theorem,timeout,na,3104,0,0,0,1,0,0,0,0,
no_iterative_deepening,COM/COM158^1.p,TH1,Theorem,timeout,na,2277,200,14,200,8,0,0,0,0,
no_iterative_deepening,COM/COM159^1.p,TH1,Theorem,timeout,na,2949,0,0,0,1,0,0,0,0,
no_iterative_deepening,COM/COM160^1.p,TH1,Theorem,timeout,na,3009,0,0,0,1,0,0,0,0,
no_iterative_deepening,COM/COM161^1.p,TH1,Theorem,timeout,na,2774,0,0,0,1,0,0,0,0,
no_iterative_deepening,COM/COM162^1.p,TH1,Theorem,timeout,na,2327,146,14,146,1,0,0,0,0,
no_iterative_deepening,COM/COM163^1.p,TH1,Theorem,thm,yes,556,2,0,2,1,1,0,0,0,
no_iterative_deepening,COM/COM164^1.p,TH1,Theorem,timeout,na,2419,90,9,90,1,0,0,0,0,
no_iterative_deepening,COM/COM165^1.p,TH1,Theorem,timeout,na,2411,71,6,71,2,0,0,0,0,
no_iterative_deepening,COM/COM166^1.p,TH1,Theorem,timeout,na,2409,71,6,71,2,0,0,0,0,
no_iterative_deepening,COM/COM167^1.p,TH1,Theorem,timeout,na,2526,90,6,90,4,0,0,0,0,
no_iterative_deepening,COM/COM168^1.p,TH1,Theorem,timeout,na,2479,161,13,161,7,0,0,0,0,
no_iterative_deepening,COM/COM169^1.p,TH1,Theorem,timeout,na,2465,201,13,201,8,0,0,0,0,
no_iterative_deepening,COM/COM170^1.p,TH1,Theorem,timeout,na,2529,285,19,285,39,0,0,0,0,
no_iterative_deepening,COM/COM171^1.p,TH1,Theorem,timeout,na,2662,79,7,79,1,0,0,0,0,
no_iterative_deepening,COM/COM172^1.p,TH1,Theorem,timeout,na,2722,488,42,488,8,0,0,0,0,
no_iterative_deepening,COM/COM173^1.p,TH1,Theorem,timeout,na,2767,0,0,0,1,0,0,0,0,
no_iterative_deepening,COM/COM174^1.p,TH1,Theorem,timeout,na,2726,231,19,231,4,0,0,0,0,
no_iterative_deepening,COM/COM175^1.p,TH1,Theorem,timeout,na,2802,0,0,0,1,0,0,0,0,
no_iterative_deepening,COM/COM176^1.p,TH1,Theorem,timeout,na,2514,153,5,153,11,0,0,0,0,
no_iterative_deepening,COM/COM177^1.p,TH1,Theorem,timeout,na,2658,421,31,421,36,0,0,0,0,
no_iterative_deepening,COM/COM178^1.p,TH1,Theorem,timeout,na,2897,0,0,0,1,0,0,0,0,
no_iterative_deepening,COM/COM179^1.p,TH1,Theorem,timeout,na,2657,516,39,516,33,0,0,0,0,
no_iterative_deepening,COM/COM180^1.p,TH1,Theorem,timeout,na,2725,0,0,0,1,0,0,0,0,
no_iterative_deepening,COM/COM181^1.p,TH1,Theorem,timeout,na,2656,273,20,273,16,0,0,0,0,
no_iterative_deepening,COM/COM182^1.p,TH1,Theorem,timeout,na,2789,0,0,0,1,0,0,0,0,
no_iterative_deepening,COM/COM183^1.p,TH1,Theorem,timeout,na,2425,222,15,222,13,0,0,0,0,
no_iterative_deepening,COM/COM184^1.p,TH1,Theorem,timeout,na,2798,0,0,0,1,0,0,0,0,
no_iterative_deepening,COM/COM185^1.p,TH1,Theorem,timeout,na,2819,0,0,0,1,0,0,0,0,
no_iterative_deepening,COM/COM186^1.p,TH1,Theorem,timeout,na,2710,0,0,0,1,0,0,0,0,
no_iterative_deepening,COM/COM187^1.p,TH1,Theorem,timeout,na,3014,0,0,0,1,0,0,0,0,
no_iterative_deepening,COM/COM188^1.p,TH1,Theorem,timeout,na,2712,0,0,0,1,0,0,0,0,
no_iterative_deepening,COM/COM189^1.p,TH1,Theorem,timeout,na,2756,0,0,0,1,0,0,0,0,
no_iterative_deepening,COM/COM190^1.p,TH1,Theorem,thm,yes,712,1,0,1,1,1,0,0,0,
no_iterative_deepening,COM/COM191^1.p,TH1,Theorem,timeout,na,2712,0,0,0,1,0,0,0,0,
no_iterative_deepening,COM/COM192^1.p,TH1,Theorem,timeout,na,2901,0,0,0,1,0,0,0,0,
no_iterative_deepening,COM/COM193^1.p,TH1,Theorem,timeout,na,2421,112,4,112,10,0,0,0,0,
no_iterative_deepening,COM/COM194^1.p,TH1,Theorem,timeout,na,2735,0,0,0,1,0,0,0,0,
no_iterative_deepening,COM/COM195^1.p,TH1,Theorem,thm,yes,1027,16,1,16,1,1,0,0,0,
no_iterative_deepening,COM/COM196^1.p,TH1,Theorem,timeout,na,2439,133,8,133,8,0,0,0,0,
no_iterative_deepening,COM/COM197^1.p,TH1,Theorem,timeout,na,2919,51,5,51,1,0,0,0,0,
no_iterative_deepening,COM/COM198^1.p,TH1,Theorem,timeout,na,3043,7,0,7,1,0,0,0,0,
no_iterative_deepening,COM/COM199^1.p,TH1,Theorem,timeout,na,3055,16,1,16,1,0,0,0,0,
no_iterative_deepening,COM/COM200^1.p,TH1,Theorem,timeout,na,2510,1065,32,1065,129,0,0,0,0,
no_iterative_deepening,COM/COM201^1.p,TH1,Theorem,timeout,na,2389,100,10,100,1,0,0,0,0,
no_iterative_deepening,COM/COM202^1.p,TH1,Theorem,timeout,na,2806,92,9,92,1,0,0,0,0,
no_iterative_deepening,COM/COM203^1.p,TH1,Theorem,timeout,na,2814,148,9,148,16,0,0,0,0,
no_iterative_deepening,COM/COM204^1.p,TH1,Theorem,timeout,na,2913,0,0,0,1,0,0,0,0,
no_iterative_deepening,COM/COM205^1.p,TH1,Theorem,timeout,na,2740,43,2,43,16,0,0,0,0,
no_iterative_deepening,COM/COM206^1.p,TH1,Theorem,timeout,na,2870,44,4,44,1,0,0,0,0,
no_iterative_deepening,COM/COM207^1.p,TH1,Theorem,timeout,na,2874,45,4,45,1,0,0,0,0,
no_iterative_deepening,COM/COM208^1.p,TH1,Theorem,timeout,na,2854,59,5,59,1,0,0,0,0,
no_iterative_deepening,COM/COM209^1.p,TH1,Theorem,timeout,na,2874,42,4,42,1,0,0,0,0,
no_iterative_deepening,COM/COM210^1.p,TH1,Theorem,timeout,na,2659,75,7,75,1,0,0,0,0,
no_iterative_deepening,COM/COM211^1.p,TH1,Theorem,timeout,na,2875,45,4,45,1,0,0,0,0,
no_iterative_deepening,CSR/CSR119^1.p,TH0,Theorem,unk,na,31,145,0,137,13,20,0,0,0,
no_iterative_deepening,CSR/CSR119^2.p,TH0,Theorem,timeout,na,2138,658,45,658,32,4,0,0,0,
no_iterative_deepening,CSR/CSR119^3.p,TH0,Theorem,timeout,na,5313,255,25,255,1,0,0,0,0,
no_iterative_deepening,CSR/CSR120^1.p,TH0,Theorem,unk,na,49,191,0,177,12,32,0,0,0,
no_iterative_deepening,CSR/CSR120^2.p,TH0,Theorem,timeout,na,2122,562,42,562,20,4,0,0,0,
no_iterative_deepening,CSR/CSR120^3.p,TH0,Theorem,timeout,na,5335,255,25,255,1,0,0,0,0,
no_iterative_deepening,CSR/CSR121^1.p,TH0,Theorem,unk,na,51,175,0,170,10,29,0,0,0,
no_iterative_deepening,CSR/CSR121^2.p,TH0,Theorem,timeout,na,2171,832,55,832,44,9,0,0,0,
no_iterative_deepening,CSR/CSR122^1.p,TH0,Theorem,unk,na,64,37,0,31,2,9,0,0,0,
no_iterative_deepening,CSR/CSR122^2.p,TH0,Theorem,timeout,na,2081,305,24,305,6,2,0,0,0,
no_iterative_deepening,CSR/CSR123^1.p,TH0,Theorem,timeout,na,2010,329,12,320,10,31,0,1,0,
no_iterative_deepening,CSR/CSR123^2.p,TH0,Theorem,timeout,na,2088,329,31,329,4,0,0,0,0,
no_iterative_deepening,CSR/CSR124^1.p,TH0,Theorem,prover_error,na,120,,,,,,,,,ShotTx.Proof.interior_event/2: unhandled trace entry {189106214  {:instantiate  #Stream<[enum: [230353219  230353251]  funs: [#Function<49.48511117/1 in Stream.map/2>  #Function<49.48511117/1 in Stream.map/2>]]>  2}  []}
no_iterative_deepening,CSR/CSR124^2.p,TH0,Theorem,timeout,na,2106,476,33,472,16,8,0,0,0,
no_iterative_deepening,CSR/CSR125^1.p,TH0,Theorem,thm,yes,31,53,0,52,4,8,0,1,1,
no_iterative_deepening,CSR/CSR125^2.p,TH0,Theorem,timeout,na,2193,640,42,640,40,4,0,0,0,
no_iterative_deepening,CSR/CSR126^1.p,TH0,Theorem,unk,na,271,1063,0,1000,36,205,0,0,0,
no_iterative_deepening,CSR/CSR126^2.p,TH0,Theorem,timeout,na,2289,1562,91,1545,76,61,0,0,0,
no_iterative_deepening,CSR/CSR127^1.p,TH0,Theorem,unk,na,130,528,0,505,23,97,0,0,0,
no_iterative_deepening,CSR/CSR127^2.p,TH0,Theorem,timeout,na,2174,958,54,958,44,29,0,0,0,
no_iterative_deepening,CSR/CSR128^1.p,TH0,Theorem,unk,na,120,658,0,642,30,100,0,0,0,
no_iterative_deepening,CSR/CSR128^2.p,TH0,Theorem,timeout,na,2210,1326,81,1326,80,30,0,0,0,
no_iterative_deepening,CSR/CSR129^1.p,TH0,Theorem,timeout,na,2114,2886,8,2795,519,0,0,0,0,
no_iterative_deepening,CSR/CSR129^2.p,TH0,Theorem,timeout,na,2347,4104,4,4104,431,28,0,0,0,
no_iterative_deepening,CSR/CSR130^1.p,TH0,Theorem,timeout,na,2106,2630,3,2630,496,0,0,0,0,
no_iterative_deepening,CSR/CSR130^2.p,TH0,Theorem,timeout,na,2153,3395,4,3395,417,28,0,0,0,
no_iterative_deepening,CSR/CSR131^1.p,TH0,Theorem,timeout,na,2194,5343,0,5343,516,0,0,0,0,
no_iterative_deepening,CSR/CSR131^2.p,TH0,Theorem,timeout,na,2251,5751,4,5751,251,398,0,0,0,
no_iterative_deepening,CSR/CSR132^1.p,TH0,Theorem,timeout,na,2123,4482,0,4482,512,0,0,0,0,
no_iterative_deepening,CSR/CSR132^2.p,TH0,Theorem,timeout,na,2202,2098,87,2098,201,24,0,0,0,
no_iterative_deepening,CSR/CSR133^1.p,TH0,Theorem,timeout,na,2238,7188,0,7188,504,0,0,0,0,
no_iterative_deepening,CSR/CSR133^2.p,TH0,Theorem,timeout,na,2246,5698,4,5698,253,350,0,0,0,
no_iterative_deepening,CSR/CSR134^1.p,TH0,Theorem,timeout,na,2258,7280,0,7280,499,0,0,0,0,
no_iterative_deepening,CSR/CSR134^2.p,TH0,Theorem,timeout,na,2229,5336,4,5336,251,326,0,0,0,
no_iterative_deepening,CSR/CSR135^1.p,TH0,Theorem,thm,yes,26,13,0,13,2,0,0,1,1,
no_iterative_deepening,CSR/CSR135^2.p,TH0,Theorem,thm,yes,26,13,0,13,2,0,0,1,1,
no_iterative_deepening,CSR/CSR136^1.p,TH0,Theorem,timeout,na,2004,23,0,23,3,0,0,2,0,
no_iterative_deepening,CSR/CSR136^2.p,TH0,Theorem,timeout,na,2005,23,0,23,3,0,0,1,0,
no_iterative_deepening,CSR/CSR137^1.p,TH0,Theorem,timeout,na,2059,798,33,798,65,19,0,2,0,
no_iterative_deepening,CSR/CSR137^2.p,TH0,Theorem,timeout,na,2108,748,25,748,109,10,0,1,0,
no_iterative_deepening,CSR/CSR138^1.p,TH0,Theorem,timeout,na,2070,884,34,884,154,11,0,1,0,
no_iterative_deepening,CSR/CSR138^2.p,TH0,Theorem,timeout,na,2138,381,30,381,16,0,0,0,0,
no_iterative_deepening,CSR/CSR139^1.p,TH0,Theorem,timeout,na,2334,1477,28,1477,1030,16,0,1,0,
no_iterative_deepening,CSR/CSR139^2.p,TH0,Theorem,timeout,na,2125,1533,57,1533,302,10,0,1,0,
no_iterative_deepening,CSR/CSR140^1.p,TH0,Theorem,thm,yes,44,17,1,17,2,0,0,1,1,
no_iterative_deepening,CSR/CSR140^2.p,TH0,Theorem,timeout,na,2068,711,24,711,122,10,0,1,0,
no_iterative_deepening,CSR/CSR141^1.p,TH0,Theorem,timeout,na,2269,2805,38,2582,168,423,0,0,0,
no_iterative_deepening,CSR/CSR141^2.p,TH0,Theorem,timeout,na,2220,1743,46,1741,255,5,0,0,0,
no_iterative_deepening,CSR/CSR141^3.p,TH0,CounterSatisfiable,unk,na,42,44,0,39,3,8,0,0,0,
no_iterative_deepening,CSR/CSR142^1.p,TH0,Theorem,timeout,na,2025,380,20,380,33,2,0,2,0,
no_iterative_deepening,CSR/CSR142^2.p,TH0,Theorem,timeout,na,2174,475,28,475,37,0,0,0,0,
no_iterative_deepening,CSR/CSR142^3.p,TH0,CounterSatisfiable,unk,na,6,4,0,4,1,0,0,0,0,
no_iterative_deepening,CSR/CSR143^1.p,TH0,Theorem,timeout,na,2017,630,40,626,33,9,0,1,0,
no_iterative_deepening,CSR/CSR143^2.p,TH0,Theorem,timeout,na,2148,619,57,619,4,2,0,0,0,
no_iterative_deepening,CSR/CSR143^3.p,TH0,CounterSatisfiable,unk,na,21,43,0,40,5,3,0,0,0,
no_iterative_deepening,CSR/CSR144^1.p,TH0,Theorem,timeout,na,2025,758,32,758,98,4,0,0,0,
no_iterative_deepening,CSR/CSR144^2.p,TH0,Theorem,timeout,na,2161,391,38,391,2,0,0,0,0,
no_iterative_deepening,CSR/CSR144^3.p,TH0,CounterSatisfiable,unk,na,24,76,0,76,9,1,0,0,0,
no_iterative_deepening,CSR/CSR145^1.p,TH0,Theorem,timeout,na,2028,431,12,431,49,27,0,2,0,
no_iterative_deepening,CSR/CSR145^2.p,TH0,Theorem,timeout,na,2160,386,38,386,1,0,0,0,0,
no_iterative_deepening,CSR/CSR145^3.p,TH0,CounterSatisfiable,unk,na,927,136,9,136,5,6,0,9,0,
no_iterative_deepening,CSR/CSR146^1.p,TH0,Theorem,timeout,na,2035,623,21,619,62,20,0,1,0,
no_iterative_deepening,CSR/CSR146^2.p,TH0,Theorem,timeout,na,2167,305,30,305,1,0,0,0,0,
no_iterative_deepening,CSR/CSR146^3.p,TH0,Theorem,timeout,na,2030,710,32,706,66,12,0,0,0,
no_iterative_deepening,CSR/CSR148^1.p,TH0,Theorem,timeout,na,2158,3079,26,2666,181,695,0,0,0,
no_iterative_deepening,CSR/CSR148^2.p,TH0,Theorem,timeout,na,2134,577,42,569,22,12,0,0,0,
no_iterative_deepening,CSR/CSR148^3.p,TH0,ContradictoryAxioms,timeout,na,5302,256,25,256,1,0,0,0,0,
no_iterative_deepening,CSR/CSR149^1.p,TH0,Theorem,unk,na,37,69,0,64,6,7,0,0,0,
no_iterative_deepening,CSR/CSR149^2.p,TH0,Theorem,timeout,na,2132,560,42,552,20,12,0,0,0,
no_iterative_deepening,CSR/CSR149^3.p,TH0,ContradictoryAxioms,timeout,na,5332,256,25,256,1,0,0,0,0,
no_iterative_deepening,CSR/CSR150^1.p,TH0,Theorem,timeout,na,2100,3836,75,3836,209,58,0,0,0,
no_iterative_deepening,CSR/CSR150^2.p,TH0,Theorem,timeout,na,2150,468,32,468,24,0,0,0,0,
no_iterative_deepening,CSR/CSR150^3.p,TH0,Theorem,timeout,na,5352,252,25,252,1,0,0,0,0,
no_iterative_deepening,CSR/CSR151^1.p,TH0,Theorem,thm,yes,77,146,0,133,6,31,0,0,0,
no_iterative_deepening,CSR/CSR151^2.p,TH0,Theorem,timeout,na,2115,523,33,523,24,4,0,0,0,
no_iterative_deepening,CSR/CSR151^3.p,TH0,Theorem,timeout,na,5314,255,25,255,1,0,0,0,0,
no_iterative_deepening,CSR/CSR152^1.p,TH0,Theorem,unk,na,42,91,0,82,6,15,0,0,0,
no_iterative_deepening,CSR/CSR152^2.p,TH0,Theorem,timeout,na,2311,2592,50,2516,311,174,0,0,0,
no_iterative_deepening,CSR/CSR152^3.p,TH0,ContradictoryAxioms,timeout,na,5295,255,25,255,1,0,0,0,0,
no_iterative_deepening,CSR/CSR153^1.p,TH0,Theorem,timeout,na,2194,4935,51,4935,684,189,0,2,0,
no_iterative_deepening,CSR/CSR153^2.p,TH0,Theorem,timeout,na,2091,489,29,489,21,0,0,1,0,
no_iterative_deepening,CSR/CSR153^3.p,TH0,ContradictoryAxioms,timeout,na,5342,256,25,256,1,0,0,0,0,
no_iterative_deepening,DAT/DAT002^1.p,TH0,Theorem,unk,na,66,84,1,84,8,0,0,0,0,
no_iterative_deepening,DAT/DAT056^1.p,TH0,Theorem,timeout,na,2067,1782,36,1782,192,67,0,1,0,
no_iterative_deepening,DAT/DAT056^2.p,TH0,Theorem,timeout,na,2063,2535,59,2535,334,0,0,4,0,
no_iterative_deepening,DAT/DAT113^1.p,TH1,Theorem,timeout,na,2435,142,12,142,2,0,0,0,0,
no_iterative_deepening,DAT/DAT114^1.p,TH1,Theorem,timeout,na,2678,544,49,544,8,0,0,0,0,
no_iterative_deepening,DAT/DAT115^1.p,TH1,Theorem,timeout,na,2792,731,64,731,16,0,0,0,0,
no_iterative_deepening,DAT/DAT117^1.p,TH1,Theorem,timeout,na,2700,749,66,749,16,0,0,0,0,
no_iterative_deepening,DAT/DAT118^1.p,TH1,Theorem,timeout,na,2825,801,60,801,40,0,0,0,0,
no_iterative_deepening,DAT/DAT119^1.p,TH1,Theorem,timeout,na,2388,0,0,0,1,0,0,0,0,
no_iterative_deepening,DAT/DAT120^1.p,TH1,Theorem,timeout,na,2555,0,0,0,1,0,0,0,0,
no_iterative_deepening,DAT/DAT121^1.p,TH1,Theorem,timeout,na,2368,1108,86,1108,27,11,0,0,0,
no_iterative_deepening,DAT/DAT122^1.p,TH1,Theorem,timeout,na,2747,0,0,0,1,0,0,0,0,
no_iterative_deepening,DAT/DAT123^1.p,TH1,Theorem,timeout,na,2701,1676,16,1676,292,0,0,0,0,
no_iterative_deepening,DAT/DAT124^1.p,TH1,Theorem,timeout,na,2639,1334,64,1334,128,0,0,0,0,
no_iterative_deepening,DAT/DAT125^1.p,TH1,Theorem,timeout,na,2824,106,9,106,2,0,0,0,0,
no_iterative_deepening,DAT/DAT126^1.p,TH1,Theorem,timeout,na,2497,12,1,12,1,0,0,0,0,
no_iterative_deepening,DAT/DAT127^1.p,TH1,Theorem,timeout,na,2493,547,20,547,47,0,0,1,0,
no_iterative_deepening,DAT/DAT128^1.p,TH1,Theorem,timeout,na,2529,809,50,809,40,0,0,0,0,
no_iterative_deepening,DAT/DAT129^1.p,TH1,Theorem,timeout,na,2496,3501,153,3501,208,276,0,1,0,
no_iterative_deepening,DAT/DAT130^1.p,TH1,Theorem,timeout,na,2679,0,0,0,1,0,0,0,0,
no_iterative_deepening,DAT/DAT131^1.p,TH1,Theorem,timeout,na,2806,0,0,0,1,0,0,0,0,
no_iterative_deepening,DAT/DAT132^1.p,TH1,Theorem,timeout,na,2720,0,0,0,1,0,0,0,0,
no_iterative_deepening,DAT/DAT133^1.p,TH1,Theorem,timeout,na,2480,142,11,142,6,0,0,0,0,
no_iterative_deepening,DAT/DAT134^1.p,TH1,Theorem,timeout,na,2851,0,0,0,1,0,0,0,0,
no_iterative_deepening,DAT/DAT135^1.p,TH1,Theorem,timeout,na,2482,553,41,553,41,0,0,0,0,
no_iterative_deepening,DAT/DAT136^1.p,TH1,Theorem,timeout,na,2392,1033,67,1033,48,2,0,0,0,
no_iterative_deepening,DAT/DAT137^1.p,TH1,Theorem,timeout,na,2465,780,46,780,43,0,0,0,0,
no_iterative_deepening,DAT/DAT138^1.p,TH1,Theorem,timeout,na,2727,0,0,0,1,0,0,0,0,
no_iterative_deepening,DAT/DAT139^1.p,TH1,Theorem,unk,na,759,528,43,528,32,0,0,0,0,
no_iterative_deepening,DAT/DAT140^1.p,TH1,Theorem,timeout,na,2533,796,59,796,27,0,0,0,0,
no_iterative_deepening,DAT/DAT141^1.p,TH1,Theorem,timeout,na,2962,0,0,0,1,0,0,0,0,
no_iterative_deepening,DAT/DAT142^1.p,TH1,Theorem,timeout,na,2370,184,15,184,4,1,0,0,0,
no_iterative_deepening,DAT/DAT143^1.p,TH1,Theorem,unk,na,791,539,43,539,32,0,0,0,0,
no_iterative_deepening,DAT/DAT144^1.p,TH1,Theorem,timeout,na,2430,18,1,18,1,0,0,0,0,
no_iterative_deepening,DAT/DAT145^1.p,TH1,Theorem,timeout,na,3149,0,0,0,1,0,0,0,0,
no_iterative_deepening,DAT/DAT146^1.p,TH1,Theorem,timeout,na,2914,0,0,0,1,0,0,0,0,
no_iterative_deepening,DAT/DAT147^1.p,TH1,Theorem,timeout,na,2575,249,18,249,9,0,0,0,0,
no_iterative_deepening,DAT/DAT148^1.p,TH1,Theorem,timeout,na,3382,0,0,0,1,0,0,0,0,
no_iterative_deepening,DAT/DAT149^1.p,TH1,Theorem,timeout,na,2650,0,0,0,1,0,0,0,0,
no_iterative_deepening,DAT/DAT150^1.p,TH1,Theorem,timeout,na,2569,122,12,122,1,0,0,0,0,
no_iterative_deepening,DAT/DAT151^1.p,TH1,Theorem,timeout,na,2389,193,17,193,4,0,0,0,0,
no_iterative_deepening,DAT/DAT152^1.p,TH1,Theorem,timeout,na,2480,777,63,777,22,7,0,0,0,
no_iterative_deepening,DAT/DAT153^1.p,TH1,Theorem,timeout,na,2387,403,21,403,22,4,0,0,0,
no_iterative_deepening,DAT/DAT154^1.p,TH1,Theorem,timeout,na,2856,0,0,0,1,0,0,0,0,
no_iterative_deepening,DAT/DAT155^1.p,TH1,Theorem,timeout,na,3135,0,0,0,1,0,0,0,0,
no_iterative_deepening,DAT/DAT156^1.p,TH1,Theorem,timeout,na,3058,0,0,0,1,0,0,0,0,
no_iterative_deepening,DAT/DAT157^1.p,TH1,Theorem,timeout,na,2526,561,44,561,37,0,0,0,0,
no_iterative_deepening,DAT/DAT158^1.p,TH1,Theorem,timeout,na,2612,810,64,810,30,0,0,0,0,
no_iterative_deepening,DAT/DAT159^1.p,TH1,Theorem,timeout,na,2515,1147,76,1147,102,10,0,0,0,
no_iterative_deepening,DAT/DAT160^1.p,TH1,Theorem,timeout,na,2310,256,17,256,12,11,0,6,0,
no_iterative_deepening,DAT/DAT161^1.p,TH1,Theorem,timeout,na,2737,2556,23,2556,405,7,0,9,0,
no_iterative_deepening,DAT/DAT162^1.p,TH1,Theorem,timeout,na,2426,1179,99,1179,38,2,0,1,0,
no_iterative_deepening,DAT/DAT163^1.p,TH1,Theorem,timeout,na,2507,626,34,626,35,8,0,0,0,
no_iterative_deepening,DAT/DAT164^1.p,TH1,Theorem,timeout,na,2574,517,39,517,19,0,0,0,0,
no_iterative_deepening,DAT/DAT165^1.p,TH1,Theorem,timeout,na,2430,121,10,121,2,0,0,0,0,
no_iterative_deepening,DAT/DAT166^1.p,TH1,Theorem,timeout,na,2605,551,46,551,14,4,0,0,0,
no_iterative_deepening,DAT/DAT167^1.p,TH1,Theorem,timeout,na,2508,74,5,74,4,0,0,0,0,
no_iterative_deepening,DAT/DAT168^1.p,TH1,Theorem,timeout,na,2571,678,52,678,20,8,0,0,0,
no_iterative_deepening,DAT/DAT169^1.p,TH1,Theorem,timeout,na,2569,458,35,458,8,4,0,0,0,
no_iterative_deepening,DAT/DAT170^1.p,TH1,Theorem,timeout,na,2472,444,39,444,8,2,0,1,0,
no_iterative_deepening,DAT/DAT171^1.p,TH1,Theorem,timeout,na,2541,416,28,416,16,2,0,1,0,
no_iterative_deepening,DAT/DAT172^1.p,TH1,Theorem,timeout,na,2452,462,33,462,8,10,0,13,0,
no_iterative_deepening,DAT/DAT173^1.p,TH1,Theorem,timeout,na,2698,395,38,395,4,0,0,0,0,
no_iterative_deepening,DAT/DAT174^1.p,TH1,Theorem,timeout,na,2456,113,3,113,8,0,0,0,0,
no_iterative_deepening,DAT/DAT175^1.p,TH1,Theorem,timeout,na,2958,12,1,12,1,0,0,0,0,
no_iterative_deepening,DAT/DAT176^1.p,TH1,Theorem,timeout,na,2516,281,18,281,16,0,0,0,0,
no_iterative_deepening,DAT/DAT177^1.p,TH1,Theorem,timeout,na,2584,258,23,258,6,0,0,0,0,
no_iterative_deepening,DAT/DAT178^1.p,TH1,Theorem,timeout,na,2700,542,28,542,32,0,0,0,0,
no_iterative_deepening,DAT/DAT179^1.p,TH1,Theorem,timeout,na,2435,662,49,662,22,0,0,0,0,
no_iterative_deepening,DAT/DAT180^1.p,TH1,Theorem,timeout,na,2520,1277,104,1277,32,0,0,0,0,
no_iterative_deepening,DAT/DAT181^1.p,TH1,Theorem,timeout,na,2700,557,41,557,18,0,0,0,0,
no_iterative_deepening,DAT/DAT182^1.p,TH1,Theorem,timeout,na,2747,1025,49,1025,106,0,0,0,0,
no_iterative_deepening,DAT/DAT183^1.p,TH1,Theorem,timeout,na,2710,1358,88,1358,64,0,0,0,0,
no_iterative_deepening,DAT/DAT184^1.p,TH1,Theorem,timeout,na,2653,1344,121,1344,32,0,0,0,0,
no_iterative_deepening,DAT/DAT185^1.p,TH1,Theorem,timeout,na,2661,1101,99,1101,24,0,0,0,0,
no_iterative_deepening,DAT/DAT186^1.p,TH1,Theorem,timeout,na,2785,0,0,0,1,0,0,0,0,
no_iterative_deepening,DAT/DAT187^1.p,TH1,Theorem,timeout,na,2778,0,0,0,1,0,0,0,0,
no_iterative_deepening,DAT/DAT188^1.p,TH1,Theorem,timeout,na,2765,0,0,0,1,0,0,0,0,
no_iterative_deepening,DAT/DAT189^1.p,TH1,Theorem,timeout,na,2733,0,0,0,1,0,0,0,0,
no_iterative_deepening,DAT/DAT190^1.p,TH1,Theorem,timeout,na,2910,0,0,0,1,0,0,0,0,
no_iterative_deepening,DAT/DAT191^1.p,TH1,Theorem,timeout,na,2607,714,62,714,8,0,0,0,0,
no_iterative_deepening,DAT/DAT192^1.p,TH1,Theorem,timeout,na,2615,717,64,717,8,0,0,0,0,
no_iterative_deepening,DAT/DAT193^1.p,TH1,Theorem,timeout,na,2719,0,0,0,1,0,0,0,0,
no_iterative_deepening,DAT/DAT194^1.p,TH1,Theorem,timeout,na,2675,1081,94,1081,32,0,0,0,0,
no_iterative_deepening,DAT/DAT195^1.p,TH1,Theorem,timeout,na,2596,687,53,687,16,0,0,0,0,
no_iterative_deepening,DAT/DAT196^1.p,TH1,Theorem,timeout,na,2650,520,36,520,16,0,0,0,0,
no_iterative_deepening,DAT/DAT197^1.p,TH1,Theorem,timeout,na,3077,72,7,72,1,0,0,0,0,
no_iterative_deepening,DAT/DAT198^1.p,TH1,Theorem,timeout,na,3372,0,0,0,1,0,0,0,0,
no_iterative_deepening,DAT/DAT199^1.p,TH1,Theorem,timeout,na,2692,141,13,141,2,0,0,0,0,
no_iterative_deepening,DAT/DAT200^1.p,TH1,Theorem,timeout,na,2770,142,12,142,2,0,0,0,0,
no_iterative_deepening,DAT/DAT201^1.p,TH1,Theorem,timeout,na,2467,259,23,259,4,0,0,1,0,
no_iterative_deepening,DAT/DAT202^1.p,TH1,Theorem,timeout,na,2847,341,31,341,5,0,0,0,0,
no_iterative_deepening,DAT/DAT203^1.p,TH1,Theorem,timeout,na,2661,325,22,325,16,0,0,0,0,
no_iterative_deepening,DAT/DAT204^1.p,TH1,Theorem,timeout,na,2752,187,18,187,2,0,0,0,0,
no_iterative_deepening,DAT/DAT205^1.p,TH1,Theorem,timeout,na,2786,276,27,276,4,0,0,0,0,
no_iterative_deepening,DAT/DAT206^1.p,TH1,Theorem,timeout,na,2624,314,23,314,10,0,0,0,0,
no_iterative_deepening,DAT/DAT207^1.p,TH1,Theorem,timeout,na,2974,0,0,0,1,0,0,0,0,
no_iterative_deepening,DAT/DAT208^1.p,TH1,Theorem,timeout,na,2529,519,31,519,38,0,0,1,0,
no_iterative_deepening,DAT/DAT209^1.p,TH1,Theorem,timeout,na,2336,496,33,496,18,0,0,0,0,
no_iterative_deepening,DAT/DAT210^1.p,TH1,Theorem,timeout,na,2742,202,18,202,4,0,0,0,0,
no_iterative_deepening,DAT/DAT211^1.p,TH1,Theorem,timeout,na,2424,0,0,0,1,0,0,0,0,
no_iterative_deepening,DAT/DAT212^1.p,TH1,Theorem,timeout,na,2886,574,40,574,98,8,0,1,0,
no_iterative_deepening,DAT/DAT213^1.p,TH1,Theorem,timeout,na,2737,553,48,553,8,0,0,1,0,
no_iterative_deepening,DAT/DAT214^1.p,TH1,Theorem,timeout,na,2578,931,37,931,71,34,0,0,0,
no_iterative_deepening,DAT/DAT215^1.p,TH1,Theorem,timeout,na,3098,112,11,112,1,0,0,0,0,
no_iterative_deepening,DAT/DAT216^1.p,TH1,ContradictoryAxioms,timeout,na,2463,1696,89,1696,154,14,0,2,0,
no_iterative_deepening,DAT/DAT217^1.p,TH1,Theorem,timeout,na,2483,1020,76,1020,60,5,0,5,0,
no_iterative_deepening,DAT/DAT218^1.p,TH1,Theorem,timeout,na,2317,566,46,566,14,7,0,2,0,
no_iterative_deepening,DAT/DAT219^1.p,TH1,Theorem,timeout,na,2848,23,2,23,1,0,0,0,0,
no_iterative_deepening,DAT/DAT220^1.p,TH1,Theorem,timeout,na,3220,0,0,0,1,0,0,0,0,
no_iterative_deepening,DAT/DAT221^1.p,TH1,Theorem,timeout,na,3621,0,0,0,1,0,0,0,0,
no_iterative_deepening,DAT/DAT222^1.p,TH1,Theorem,timeout,na,3044,0,0,0,1,0,0,0,0,
no_iterative_deepening,DAT/DAT223^1.p,TH1,Theorem,timeout,na,3845,0,0,0,1,0,0,0,0,
no_iterative_deepening,DAT/DAT224^1.p,TH1,Theorem,timeout,na,3176,0,0,0,1,0,0,0,0,
no_iterative_deepening,DAT/DAT225^1.p,TH1,Theorem,timeout,na,2840,34,3,34,1,0,0,0,0,
no_iterative_deepening,DAT/DAT226^1.p,TH1,Theorem,timeout,na,2490,55,5,55,1,0,0,0,0,
no_iterative_deepening,DAT/DAT227^1.p,TH1,Theorem,timeout,na,3337,0,0,0,1,0,0,0,0,
no_iterative_deepening,DAT/DAT228^1.p,TH1,Theorem,timeout,na,2528,46,4,46,1,0,0,0,0,
no_iterative_deepening,DAT/DAT229^1.p,TH1,Theorem,timeout,na,2909,83,8,83,2,0,0,0,0,
no_iterative_deepening,DAT/DAT230^1.p,TH1,Theorem,timeout,na,2914,0,0,0,1,0,0,0,0,
no_iterative_deepening,DAT/DAT231^1.p,TH1,Theorem,timeout,na,2696,344,33,344,2,0,0,1,0,
no_iterative_deepening,DAT/DAT232^1.p,TH1,Theorem,timeout,na,3044,0,0,0,1,0,0,0,0,
no_iterative_deepening,DAT/DAT233^1.p,TH1,Theorem,timeout,na,3677,94,9,94,1,0,0,0,0,
no_iterative_deepening,DAT/DAT234^1.p,TH1,Theorem,timeout,na,4256,0,0,0,1,0,0,0,0,
no_iterative_deepening,DAT/DAT235^1.p,TH1,Theorem,timeout,na,4057,0,0,0,1,0,0,0,0,
no_iterative_deepening,DAT/DAT236^1.p,TH1,Theorem,timeout,na,4236,91,8,91,2,0,0,0,0,
no_iterative_deepening,DAT/DAT237^1.p,TH1,Theorem,timeout,na,4431,0,0,0,1,0,0,0,0,
no_iterative_deepening,DAT/DAT238^1.p,TH1,Theorem,timeout,na,2449,1341,55,1341,126,18,0,0,0,
no_iterative_deepening,DAT/DAT239^1.p,TH1,Theorem,timeout,na,2479,3157,176,3157,191,87,0,1,0,
no_iterative_deepening,DAT/DAT240^1.p,TH1,Theorem,timeout,na,2764,107,10,107,1,0,0,0,0,
no_iterative_deepening,DAT/DAT241^1.p,TH1,Theorem,timeout,na,3888,33,3,33,1,0,0,0,0,
no_iterative_deepening,DAT/DAT242^1.p,TH1,Theorem,timeout,na,4518,143,14,143,1,0,0,0,0,
no_iterative_deepening,DAT/DAT243^1.p,TH1,Theorem,timeout,na,4623,0,0,0,1,0,0,0,0,
no_iterative_deepening,DAT/DAT244^1.p,TH1,Theorem,timeout,na,2644,92,8,92,2,0,0,0,0,
no_iterative_deepening,DAT/DAT245^1.p,TH1,Theorem,timeout,na,2538,101,9,101,3,0,0,0,0,
no_iterative_deepening,DAT/DAT246^1.p,TH1,Theorem,timeout,na,2641,1265,64,1265,158,4,0,0,0,
no_iterative_deepening,DAT/DAT247^1.p,TH1,Theorem,timeout,na,2647,77,7,77,1,0,0,0,0,
no_iterative_deepening,DAT/DAT248^1.p,TH1,Theorem,timeout,na,2504,138,12,138,3,1,0,3,0,
no_iterative_deepening,DAT/DAT249^1.p,TH1,Theorem,timeout,na,2878,0,0,0,1,0,0,0,0,
no_iterative_deepening,DAT/DAT250^1.p,TH1,Theorem,timeout,na,2714,186,17,186,4,0,0,0,0,
no_iterative_deepening,DAT/DAT251^1.p,TH1,Theorem,timeout,na,2959,0,0,0,1,0,0,0,0,
no_iterative_deepening,DAT/DAT252^1.p,TH1,Theorem,timeout,na,2746,270,22,270,8,0,0,0,0,
no_iterative_deepening,DAT/DAT253^1.p,TH1,Theorem,timeout,na,2360,572,45,572,22,8,0,1,0,
no_iterative_deepening,DAT/DAT254^1.p,TH1,Theorem,timeout,na,3698,47,4,47,1,0,0,0,0,
no_iterative_deepening,DAT/DAT255^1.p,TH1,Theorem,timeout,na,3090,52,5,52,1,0,0,0,0,
no_iterative_deepening,DAT/DAT256^1.p,TH1,Theorem,timeout,na,3563,0,0,0,1,0,0,0,0,
no_iterative_deepening,DAT/DAT257^1.p,TH1,Theorem,timeout,na,3436,5,0,5,1,0,0,0,0,
no_iterative_deepening,DAT/DAT258^1.p,TH1,Theorem,timeout,na,3094,58,5,58,1,0,0,0,0,
no_iterative_deepening,DAT/DAT259^1.p,TH1,Theorem,timeout,na,2040,828,19,828,106,12,0,2,0,
no_iterative_deepening,DAT/DAT260^1.p,TH1,Theorem,timeout,na,2032,987,37,987,84,4,0,4,0,
no_iterative_deepening,DAT/DAT261^1.p,TH1,Theorem,timeout,na,2027,1025,54,1025,72,3,0,4,0,
no_iterative_deepening,DAT/DAT262^1.p,TH1,Theorem,timeout,na,2045,1046,30,1046,129,16,0,1,0,
no_iterative_deepening,DAT/DAT263^1.p,TH1,Theorem,timeout,na,2037,1057,37,1057,96,4,0,4,0,
no_iterative_deepening,DAT/DAT264^1.p,TH1,Theorem,timeout,na,2067,1279,24,1275,114,74,0,1,0,
no_iterative_deepening,DAT/DAT265^1.p,TH1,Theorem,timeout,na,2032,1006,45,1004,74,7,0,4,0,
no_iterative_deepening,DAT/DAT266^1.p,TH1,Theorem,timeout,na,2035,1532,67,1532,111,8,0,4,0,
no_iterative_deepening,DAT/DAT267^1.p,TH1,Theorem,timeout,na,2030,847,28,847,81,3,0,2,0,
no_iterative_deepening,DAT/DAT268^1.p,TH1,Theorem,timeout,na,2032,933,42,933,70,11,0,1,0,
no_iterative_deepening,DAT/DAT269^1.p,TH1,Theorem,timeout,na,2042,944,29,944,96,10,0,1,0,
no_iterative_deepening,DAT/DAT270^1.p,TH1,Theorem,timeout,na,2033,758,38,758,57,7,0,3,0,
no_iterative_deepening,DAT/DAT271^1.p,TH1,Theorem,timeout,na,2042,943,34,943,89,14,0,1,0,
no_iterative_deepening,DAT/DAT272^1.p,TH1,Theorem,timeout,na,2060,1178,54,1145,58,61,0,0,0,
no_iterative_deepening,DAT/DAT273^1.p,TH1,Theorem,timeout,na,2034,461,15,461,35,28,0,0,0,
no_iterative_deepening,DAT/DAT274^1.p,TH1,Theorem,timeout,na,2114,895,2,895,135,4,0,0,0,
no_iterative_deepening,DAT/DAT275^1.p,TH1,Theorem,timeout,na,2040,935,45,935,68,6,0,5,0,
no_iterative_deepening,DAT/DAT276^1.p,TH1,Theorem,timeout,na,2045,777,45,777,46,10,0,4,0,
no_iterative_deepening,DAT/DAT277^1.p,TH1,Theorem,timeout,na,2038,977,35,977,99,17,0,1,0,
no_iterative_deepening,DAT/DAT278^1.p,TH1,Theorem,timeout,na,2042,1132,55,1132,80,6,0,4,0,
no_iterative_deepening,DAT/DAT279^1.p,TH1,Theorem,timeout,na,2035,912,40,912,66,9,0,2,0,
no_iterative_deepening,DAT/DAT280^1.p,TH1,Theorem,timeout,na,2011,69,3,69,5,3,0,2,0,
no_iterative_deepening,DAT/DAT281^1.p,TH1,Theorem,timeout,na,2032,999,42,999,78,7,0,4,0,
no_iterative_deepening,DAT/DAT282^1.p,TH1,Theorem,timeout,na,2009,67,2,67,5,3,0,2,0,
no_iterative_deepening,DAT/DAT283^1.p,TH1,Theorem,timeout,na,2042,862,11,862,129,6,0,2,0,
no_iterative_deepening,DAT/DAT284^1.p,TH1,Theorem,timeout,na,2075,2920,185,2920,161,34,0,1,0,
no_iterative_deepening,DAT/DAT285^1.p,TH1,Theorem,timeout,na,2033,760,23,760,74,11,0,2,0,
no_iterative_deepening,DAT/DAT286^1.p,TH1,Theorem,timeout,na,2044,1487,85,1487,102,0,0,2,0,
no_iterative_deepening,DAT/DAT287^1.p,TH1,Theorem,timeout,na,2055,1595,84,1595,111,6,0,2,0,
no_iterative_deepening,DAT/DAT288^1.p,TH1,Theorem,timeout,na,2060,1774,64,1774,184,19,0,1,0,
no_iterative_deepening,DAT/DAT289^1.p,TH1,Theorem,timeout,na,2056,1541,75,1541,115,0,0,2,0,
no_iterative_deepening,DAT/DAT290^1.p,TH1,Theorem,timeout,na,2043,1638,79,1638,145,3,0,1,0,
no_iterative_deepening,DAT/DAT291^1.p,TH1,Theorem,timeout,na,2061,1759,81,1759,146,16,0,2,0,
no_iterative_deepening,DAT/DAT292^1.p,TH1,Theorem,timeout,na,2060,1009,43,1009,106,2,0,2,0,
no_iterative_deepening,DAT/DAT293^1.p,TH1,Theorem,timeout,na,2044,903,43,903,70,0,0,2,0,
no_iterative_deepening,DAT/DAT294^1.p,TH1,Theorem,timeout,na,2039,940,54,940,59,4,0,2,0,
no_iterative_deepening,DAT/DAT295^1.p,TH1,Theorem,timeout,na,2059,841,45,841,58,0,0,3,0,
no_iterative_deepening,DAT/DAT296^1.p,TH1,Theorem,timeout,na,2055,615,33,615,37,0,0,2,0,
no_iterative_deepening,DAT/DAT297^1.p,TH1,Theorem,timeout,na,2052,880,41,880,60,9,0,3,0,
no_iterative_deepening,DAT/DAT298^1.p,TH1,Theorem,timeout,na,2060,1287,60,1287,153,10,0,3,0,
no_iterative_deepening,DAT/DAT299^1.p,TH1,Theorem,timeout,na,2051,1049,40,1049,93,0,0,2,0,
no_iterative_deepening,DAT/DAT300^1.p,TH1,Theorem,timeout,na,2058,987,49,987,82,2,0,3,0,
no_iterative_deepening,DAT/DAT301^1.p,TH1,Theorem,timeout,na,2054,1218,42,1218,113,5,0,3,0,
no_iterative_deepening,DAT/DAT302^1.p,TH1,Theorem,timeout,na,2061,867,23,867,110,10,0,0,0,
no_iterative_deepening,DAT/DAT303^1.p,TH1,Theorem,timeout,na,2072,1642,80,1642,120,8,0,2,0,
no_iterative_deepening,DAT/DAT304^1.p,TH1,Theorem,timeout,na,2048,1097,34,1097,109,0,0,2,0,
no_iterative_deepening,DAT/DAT305^1.p,TH1,Theorem,timeout,na,2077,1663,69,1663,132,10,0,1,0,
no_iterative_deepening,DAT/DAT306^1.p,TH1,Theorem,timeout,na,2058,1202,42,1202,108,3,0,3,0,
no_iterative_deepening,DAT/DAT307^1.p,TH1,Theorem,timeout,na,2133,2492,48,2492,336,63,0,4,0,
no_iterative_deepening,DAT/DAT308^1.p,TH1,Theorem,timeout,na,2058,601,32,601,46,0,0,2,0,
no_iterative_deepening,DAT/DAT309^1.p,TH1,Theorem,timeout,na,2048,818,37,818,65,0,0,2,0,
no_iterative_deepening,DAT/DAT310^1.p,TH1,Theorem,timeout,na,2070,1663,71,1663,136,10,0,1,0,
no_iterative_deepening,DAT/DAT311^1.p,TH1,Theorem,timeout,na,2089,1814,38,1814,258,32,0,1,0,
no_iterative_deepening,DAT/DAT312^1.p,TH1,Theorem,timeout,na,2047,1662,72,1662,124,16,0,2,0,
no_iterative_deepening,DAT/DAT313^1.p,TH1,Theorem,timeout,na,2060,1635,85,1635,113,4,0,2,0,
no_iterative_deepening,DAT/DAT314^1.p,TH1,Theorem,timeout,na,2050,1652,81,1652,112,10,0,2,0,
no_iterative_deepening,DAT/DAT315^1.p,TH1,Theorem,timeout,na,2025,1304,69,1304,82,18,0,2,0,
no_iterative_deepening,DAT/DAT316^1.p,TH1,Theorem,timeout,na,2071,1705,51,1705,166,17,0,1,0,
no_iterative_deepening,DAT/DAT317^1.p,TH1,Theorem,timeout,na,2047,1526,57,1526,136,10,0,2,0,
no_iterative_deepening,DAT/DAT318^1.p,TH1,Theorem,timeout,na,2063,1702,85,1702,125,8,0,2,0,
no_iterative_deepening,DAT/DAT319^1.p,TH1,Theorem,timeout,na,2030,803,22,803,73,10,0,2,0,
no_iterative_deepening,DAT/DAT320^1.p,TH1,Theorem,timeout,na,2052,1573,81,1573,107,49,0,0,0,
no_iterative_deepening,DAT/DAT321^1.p,TH1,Theorem,timeout,na,2036,231,1,231,36,0,0,0,0,
no_iterative_deepening,DAT/DAT322^1.p,TH1,Theorem,timeout,na,2041,1092,38,1092,102,7,0,2,0,
no_iterative_deepening,DAT/DAT323^1.p,TH1,Theorem,timeout,na,2046,381,16,381,49,2,0,0,0,
no_iterative_deepening,DAT/DAT324^1.p,TH1,Theorem,unk,na,44,20,0,20,4,0,0,0,0,
no_iterative_deepening,DAT/DAT325^1.p,TH1,Theorem,timeout,na,2042,1001,29,1001,139,0,0,1,0,
no_iterative_deepening,DAT/DAT326^1.p,TH1,Theorem,timeout,na,2056,778,20,778,101,43,0,0,0,
no_iterative_deepening,DAT/DAT327^1.p,TH1,Theorem,timeout,na,2053,1515,63,1515,131,10,0,1,0,
no_iterative_deepening,DAT/DAT328^1.p,TH1,Theorem,timeout,na,2131,1539,5,1539,243,72,0,0,0,
no_iterative_deepening,DAT/DAT333^3.p,TH0,Theorem,timeout,na,2226,7387,144,7387,232,266,0,0,0,
no_iterative_deepening,DAT/DAT333^6.p,TH0,Theorem,thm,yes,511,1661,26,1661,172,79,0,1,1,
no_iterative_deepening,DAT/DAT334^12.p,TH0,Theorem,timeout,na,2158,5292,85,5292,240,225,0,0,0,
no_iterative_deepening,DAT/DAT334^19.p,TH0,Theorem,timeout,na,2215,7165,182,7165,240,245,0,0,0,
no_iterative_deepening,DAT/DAT334^21.p,TH0,Theorem,timeout,na,2212,4131,77,4131,242,138,0,0,0,
no_iterative_deepening,DAT/DAT334^23.p,TH0,Theorem,timeout,na,2250,4713,48,4713,195,263,0,0,0,
no_iterative_deepening,DAT/DAT334^8.p,TH0,Theorem,timeout,na,2287,8471,85,8471,239,337,0,0,0,
no_iterative_deepening,DAT/DAT335^12.p,TH0,CounterSatisfiable,timeout,na,2178,4931,73,4931,271,149,0,0,0,
no_iterative_deepening,DAT/DAT335^18.p,TH0,CounterSatisfiable,timeout,na,2118,3476,65,3476,260,83,0,0,0,
no_iterative_deepening,DAT/DAT335^2.p,TH0,CounterSatisfiable,timeout,na,2110,3912,86,3912,253,136,0,0,0,
no_iterative_deepening,DAT/DAT338^1.p,unknown,Theorem,parser_error,na,0,,,,,,,,,cached: Syntax Error: expected ' ' or ']' in !> binder  got [{:colon  ":"  2358}  {:atom  "nat"  2360}  {:rbracket  "]"  2363}  {:colon  ":"  2365}  {:lparen  "("  2367}  {:atom  "elem"  2369}  {:arrow  ">"  
no_iterative_deepening,DAT/DAT339^1.p,unknown,Theorem,parser_error,na,0,,,,,,,,,cached: Syntax Error: expected ' ' or ']' in !> binder  got [{:colon  ":"  2370}  {:atom  "nat"  2372}  {:rbracket  "]"  2375}  {:colon  ":"  2377}  {:lparen  "("  2379}  {:atom  "elem"  2381}  {:arrow  ">"  
no_iterative_deepening,DAT/DAT340^1.p,unknown,Theorem,parser_error,na,0,,,,,,,,,cached: Syntax Error: expected ' ' or ']' in !> binder  got [{:colon  ":"  2361}  {:atom  "nat"  2363}  {:rbracket  "]"  2366}  {:colon  ":"  2368}  {:lparen  "("  2370}  {:atom  "elem"  2372}  {:arrow  ">"  
no_iterative_deepening,DAT/DAT341^1.p,unknown,Theorem,parser_error,na,0,,,,,,,,,cached: Syntax Error: expected ' ' or ']' in !> binder  got [{:colon  ":"  2342}  {:atom  "nat"  2344}  {:rbracket  "]"  2347}  {:colon  ":"  2349}  {:lparen  "("  2351}  {:atom  "elem"  2353}  {:arrow  ">"  
no_iterative_deepening,DAT/DAT342^1.p,unknown,Theorem,parser_error,na,0,,,,,,,,,cached: Syntax Error: expected ' ' or ']' in !> binder  got [{:colon  ":"  2413}  {:atom  "nat"  2415}  {:rbracket  "]"  2418}  {:colon  ":"  2420}  {:lparen  "("  2422}  {:var  "A"  2424}  {:arrow  ">"  2426
no_iterative_deepening,DAT/DAT343^1.p,unknown,Theorem,parser_error,na,0,,,,,,,,,cached: Syntax Error: expected ' ' or ']' in !> binder  got [{:colon  ":"  2420}  {:atom  "nat"  2422}  {:rbracket  "]"  2425}  {:colon  ":"  2427}  {:lparen  "("  2429}  {:var  "A"  2431}  {:arrow  ">"  2433
no_iterative_deepening,DAT/DAT344^1.p,unknown,Theorem,parser_error,na,0,,,,,,,,,cached: Syntax Error: expected ' ' or ']' in !> binder  got [{:colon  ":"  2416}  {:atom  "nat"  2418}  {:rbracket  "]"  2421}  {:colon  ":"  2423}  {:lparen  "("  2425}  {:var  "A"  2427}  {:arrow  ">"  2429
no_iterative_deepening,DAT/DAT345^1.p,unknown,Theorem,parser_error,na,0,,,,,,,,,cached: Syntax Error: expected ' ' or ']' in !> binder  got [{:colon  ":"  2397}  {:atom  "nat"  2399}  {:rbracket  "]"  2402}  {:colon  ":"  2404}  {:lparen  "("  2406}  {:var  "A"  2408}  {:arrow  ">"  2410
no_iterative_deepening,DAT/DAT346^1.p,unknown,Theorem,parser_error,na,0,,,,,,,,,cached: Syntax Error: expected ' ' or ']' in !> binder  got [{:colon  ":"  1895}  {:atom  "nat"  1897}  {:rbracket  "]"  1900}  {:colon  ":"  1902}  {:lparen  "("  1904}  {:atom  "nat"  1906}  {:arrow  ">"  1
no_iterative_deepening,DAT/DAT347^1.p,unknown,Theorem,parser_error,na,0,,,,,,,,,cached: Syntax Error: expected ' ' or ']' in !> binder  got [{:colon  ":"  1949}  {:atom  "nat"  1951}  {:rbracket  "]"  1954}  {:colon  ":"  1956}  {:lparen  "("  1958}  {:atom  "nat"  1960}  {:arrow  ">"  1
no_iterative_deepening,DAT/DAT348^1.p,unknown,Theorem,parser_error,na,0,,,,,,,,,cached: Syntax Error: expected ' ' or ']' in !> binder  got [{:colon  ":"  1908}  {:atom  "nat"  1910}  {:rbracket  "]"  1913}  {:colon  ":"  1915}  {:lparen  "("  1917}  {:atom  "nat"  1919}  {:arrow  ">"  1
no_iterative_deepening,DAT/DAT349^1.p,unknown,Theorem,parser_error,na,0,,,,,,,,,cached: Syntax Error: expected ' ' or ']' in !> binder  got [{:colon  ":"  2083}  {:atom  "nat"  2085}  {:rbracket  "]"  2088}  {:colon  ":"  2090}  {:lparen  "("  2092}  {:atom  "elem"  2094}  {:arrow  ">"  
no_iterative_deepening,DAT/DAT350^1.p,unknown,Theorem,parser_error,na,0,,,,,,,,,cached: Syntax Error: expected ' ' or ']' in !> binder  got [{:colon  ":"  2083}  {:atom  "nat"  2085}  {:rbracket  "]"  2088}  {:colon  ":"  2090}  {:lparen  "("  2092}  {:atom  "elem"  2094}  {:arrow  ">"  
no_iterative_deepening,DAT/DAT351^1.p,unknown,Theorem,parser_error,na,0,,,,,,,,,cached: Syntax Error: expected ' ' or ']' in !> binder  got [{:colon  ":"  2082}  {:atom  "nat"  2084}  {:rbracket  "]"  2087}  {:colon  ":"  2089}  {:lparen  "("  2091}  {:atom  "elem"  2093}  {:arrow  ">"  
no_iterative_deepening,DAT/DAT352^1.p,unknown,Theorem,parser_error,na,0,,,,,,,,,cached: Syntax Error: expected ' ' or ']' in !> binder  got [{:colon  ":"  2082}  {:atom  "nat"  2084}  {:rbracket  "]"  2087}  {:colon  ":"  2089}  {:lparen  "("  2091}  {:atom  "elem"  2093}  {:arrow  ">"  
no_iterative_deepening,DAT/DAT353^1.p,unknown,Theorem,parser_error,na,0,,,,,,,,,cached: Syntax Error: expected ' ' or ']' in !> binder  got [{:colon  ":"  2082}  {:atom  "nat"  2084}  {:rbracket  "]"  2087}  {:colon  ":"  2089}  {:lparen  "("  2091}  {:atom  "elem"  2093}  {:arrow  ">"  
no_iterative_deepening,DAT/DAT354^1.p,unknown,Theorem,parser_error,na,0,,,,,,,,,cached: Syntax Error: expected ' ' or ']' in !> binder  got [{:colon  ":"  1886}  {:atom  "nat"  1888}  {:rbracket  "]"  1891}  {:colon  ":"  1893}  {:lparen  "("  1895}  {:atom  "elem"  1897}  {:arrow  ">"  
no_iterative_deepening,DAT/DAT355^1.p,unknown,Theorem,parser_error,na,0,,,,,,,,,cached: Syntax Error: expected ' ' or ']' in !> binder  got [{:colon  ":"  1890}  {:atom  "nat"  1892}  {:rbracket  "]"  1895}  {:colon  ":"  1897}  {:lparen  "("  1899}  {:atom  "elem"  1901}  {:arrow  ">"  
no_iterative_deepening,DAT/DAT356^1.p,unknown,Theorem,parser_error,na,0,,,,,,,,,cached: Syntax Error: expected ' ' or ']' in !> binder  got [{:colon  ":"  1890}  {:atom  "nat"  1892}  {:rbracket  "]"  1895}  {:colon  ":"  1897}  {:lparen  "("  1899}  {:atom  "elem"  1901}  {:arrow  ">"  
no_iterative_deepening,DAT/DAT357^1.p,unknown,Theorem,parser_error,na,0,,,,,,,,,cached: Syntax Error: expected ' ' or ']' in !> binder  got [{:colon  ":"  1890}  {:atom  "nat"  1892}  {:rbracket  "]"  1895}  {:colon  ":"  1897}  {:lparen  "("  1899}  {:atom  "elem"  1901}  {:arrow  ">"  
no_iterative_deepening,DAT/DAT358^1.p,unknown,Theorem,parser_error,na,0,,,,,,,,,cached: Syntax Error: expected ' ' or ']' in !> binder  got [{:colon  ":"  1890}  {:atom  "nat"  1892}  {:rbracket  "]"  1895}  {:colon  ":"  1897}  {:lparen  "("  1899}  {:atom  "elem"  1901}  {:arrow  ">"  
no_iterative_deepening,DAT/DAT359^1.p,unknown,Theorem,parser_error,na,0,,,,,,,,,cached: Syntax Error: expected ' ' or ']' in !> binder  got [{:colon  ":"  1890}  {:atom  "nat"  1892}  {:rbracket  "]"  1895}  {:colon  ":"  1897}  {:lparen  "("  1899}  {:atom  "elem"  1901}  {:arrow  ">"  
no_iterative_deepening,DAT/DAT360^1.p,unknown,Theorem,parser_error,na,0,,,,,,,,,cached: Syntax Error: expected ' ' or ']' in !> binder  got [{:colon  ":"  2325}  {:atom  "nat"  2327}  {:rbracket  "]"  2330}  {:colon  ":"  2332}  {:lparen  "("  2334}  {:atom  "elem"  2336}  {:arrow  ">"  
no_iterative_deepening,DAT/DAT361^1.p,unknown,Theorem,parser_error,na,0,,,,,,,,,cached: Syntax Error: expected ' ' or ']' in !> binder  got [{:colon  ":"  2337}  {:atom  "nat"  2339}  {:rbracket  "]"  2342}  {:colon  ":"  2344}  {:lparen  "("  2346}  {:atom  "elem"  2348}  {:arrow  ">"  
no_iterative_deepening,DAT/DAT362^1.p,unknown,Theorem,parser_error,na,0,,,,,,,,,cached: Syntax Error: expected ' ' or ']' in !> binder  got [{:colon  ":"  2309}  {:atom  "nat"  2311}  {:rbracket  "]"  2314}  {:colon  ":"  2316}  {:lparen  "("  2318}  {:atom  "elem"  2320}  {:arrow  ">"  
no_iterative_deepening,DAT/DAT363^1.p,unknown,Theorem,parser_error,na,0,,,,,,,,,cached: Syntax Error: expected ' ' or ']' in !> binder  got [{:colon  ":"  1923}  {:atom  "nat"  1925}  {:rbracket  "]"  1928}  {:colon  ":"  1930}  {:lparen  "("  1932}  {:var  "A"  1934}  {:arrow  ">"  1936
no_iterative_deepening,DAT/DAT364^1.p,unknown,Theorem,parser_error,na,0,,,,,,,,,cached: Syntax Error: expected ' ' or ']' in !> binder  got [{:colon  ":"  1934}  {:atom  "nat"  1936}  {:rbracket  "]"  1939}  {:colon  ":"  1941}  {:lparen  "("  1943}  {:var  "A"  1945}  {:arrow  ">"  1947
no_iterative_deepening,DAT/DAT365^1.p,unknown,Theorem,parser_error,na,0,,,,,,,,,cached: Syntax Error: expected ' ' or ']' in !> binder  got [{:colon  ":"  1911}  {:atom  "nat"  1913}  {:rbracket  "]"  1916}  {:colon  ":"  1918}  {:lparen  "("  1920}  {:var  "A"  1922}  {:arrow  ">"  1924
no_iterative_deepening,DAT/DAT366^1.p,unknown,Theorem,parser_error,na,0,,,,,,,,,cached: Syntax Error: expected ' ' or ']' in !> binder  got [{:colon  ":"  1934}  {:atom  "nat"  1936}  {:rbracket  "]"  1939}  {:colon  ":"  1941}  {:lparen  "("  1943}  {:var  "A"  1945}  {:arrow  ">"  1947
no_iterative_deepening,DAT/DAT367^1.p,unknown,Theorem,parser_error,na,0,,,,,,,,,cached: Syntax Error: expected ' ' or ']' in !> binder  got [{:colon  ":"  1911}  {:atom  "nat"  1913}  {:rbracket  "]"  1916}  {:colon  ":"  1918}  {:lparen  "("  1920}  {:var  "A"  1922}  {:arrow  ">"  1924
no_iterative_deepening,DAT/DAT368^1.p,unknown,Theorem,parser_error,na,0,,,,,,,,,cached: Syntax Error: expected ' ' or ']' in !> binder  got [{:colon  ":"  1934}  {:atom  "nat"  1936}  {:rbracket  "]"  1939}  {:colon  ":"  1941}  {:lparen  "("  1943}  {:var  "A"  1945}  {:arrow  ">"  1947
no_iterative_deepening,DAT/DAT369^1.p,unknown,Theorem,parser_error,na,0,,,,,,,,,cached: Syntax Error: expected ' ' or ']' in !> binder  got [{:colon  ":"  1911}  {:atom  "nat"  1913}  {:rbracket  "]"  1916}  {:colon  ":"  1918}  {:lparen  "("  1920}  {:var  "A"  1922}  {:arrow  ">"  1924
no_iterative_deepening,DAT/DAT370^1.p,unknown,Theorem,parser_error,na,0,,,,,,,,,cached: Syntax Error: expected ' ' or ']' in !> binder  got [{:colon  ":"  1934}  {:atom  "nat"  1936}  {:rbracket  "]"  1939}  {:colon  ":"  1941}  {:lparen  "("  1943}  {:var  "A"  1945}  {:arrow  ">"  1947
no_iterative_deepening,DAT/DAT371^1.p,unknown,Theorem,parser_error,na,0,,,,,,,,,cached: Syntax Error: expected ' ' or ']' in !> binder  got [{:colon  ":"  1911}  {:atom  "nat"  1913}  {:rbracket  "]"  1916}  {:colon  ":"  1918}  {:lparen  "("  1920}  {:var  "A"  1922}  {:arrow  ">"  1924
no_iterative_deepening,DAT/DAT372^1.p,unknown,Theorem,parser_error,na,0,,,,,,,,,cached: Syntax Error: expected ' ' or ']' in !> binder  got [{:colon  ":"  1939}  {:atom  "nat"  1941}  {:rbracket  "]"  1944}  {:colon  ":"  1946}  {:lparen  "("  1948}  {:var  "A"  1950}  {:arrow  ">"  1952
no_iterative_deepening,DAT/DAT373^1.p,unknown,Theorem,parser_error,na,0,,,,,,,,,cached: Syntax Error: expected ' ' or ']' in !> binder  got [{:colon  ":"  1934}  {:atom  "nat"  1936}  {:rbracket  "]"  1939}  {:colon  ":"  1941}  {:lparen  "("  1943}  {:var  "A"  1945}  {:arrow  ">"  1947
no_iterative_deepening,DAT/DAT374^1.p,unknown,Theorem,parser_error,na,0,,,,,,,,,cached: Syntax Error: expected ' ' or ']' in !> binder  got [{:colon  ":"  1925}  {:atom  "nat"  1927}  {:rbracket  "]"  1930}  {:colon  ":"  1932}  {:lparen  "("  1934}  {:var  "A"  1936}  {:arrow  ">"  1938
no_iterative_deepening,DAT/DAT375^1.p,unknown,Theorem,parser_error,na,0,,,,,,,,,cached: Syntax Error: expected ' ' or ']' in !> binder  got [{:colon  ":"  1923}  {:atom  "nat"  1925}  {:rbracket  "]"  1928}  {:colon  ":"  1930}  {:lparen  "("  1932}  {:var  "A"  1934}  {:arrow  ">"  1936
no_iterative_deepening,DAT/DAT376^1.p,unknown,Theorem,parser_error,na,0,,,,,,,,,cached: Syntax Error: expected ' ' or ']' in !> binder  got [{:colon  ":"  1911}  {:atom  "nat"  1913}  {:rbracket  "]"  1916}  {:colon  ":"  1918}  {:lparen  "("  1920}  {:var  "A"  1922}  {:arrow  ">"  1924
no_iterative_deepening,DAT/DAT377^1.p,unknown,Theorem,parser_error,na,0,,,,,,,,,cached: Syntax Error: expected ' ' or ']' in !> binder  got [{:colon  ":"  2346}  {:atom  "nat"  2348}  {:rbracket  "]"  2351}  {:colon  ":"  2353}  {:lparen  "("  2355}  {:var  "A"  2357}  {:arrow  ">"  2359
no_iterative_deepening,DAT/DAT378^1.p,unknown,Theorem,parser_error,na,0,,,,,,,,,cached: Syntax Error: expected ' ' or ']' in !> binder  got [{:colon  ":"  1932}  {:atom  "nat"  1934}  {:rbracket  "]"  1937}  {:colon  ":"  1939}  {:lparen  "("  1941}  {:var  "A"  1943}  {:arrow  ">"  1945
no_iterative_deepening,DAT/DAT379^1.p,unknown,Theorem,parser_error,na,0,,,,,,,,,cached: Syntax Error: expected ' ' or ']' in !> binder  got [{:colon  ":"  2409}  {:atom  "nat"  2411}  {:rbracket  "]"  2414}  {:colon  ":"  2416}  {:lparen  "("  2418}  {:var  "A"  2420}  {:arrow  ">"  2422
no_iterative_deepening,DAT/DAT380^1.p,unknown,Theorem,parser_error,na,0,,,,,,,,,cached: Syntax Error: expected ' ' or ']' in !> binder  got [{:colon  ":"  2381}  {:atom  "nat"  2383}  {:rbracket  "]"  2386}  {:colon  ":"  2388}  {:lparen  "("  2390}  {:var  "A"  2392}  {:arrow  ">"  2394
no_iterative_deepening,DAT/DAT381^1.p,unknown,Theorem,parser_error,na,0,,,,,,,,,cached: Syntax Error: expected ' ' or ']' in !> binder  got [{:colon  ":"  2020}  {:atom  "nat"  2022}  {:rbracket  "]"  2025}  {:colon  ":"  2027}  {:lparen  "("  2029}  {:atom  "nat"  2031}  {:arrow  ">"  2
no_iterative_deepening,DAT/DAT382^1.p,unknown,Theorem,parser_error,na,0,,,,,,,,,cached: Syntax Error: expected ' ' or ']' in !> binder  got [{:colon  ":"  2454}  {:atom  "nat"  2456}  {:rbracket  "]"  2459}  {:colon  ":"  2461}  {:lparen  "("  2463}  {:atom  "elem"  2465}  {:arrow  ">"  
no_iterative_deepening,DAT/DAT383^1.p,unknown,Theorem,parser_error,na,0,,,,,,,,,cached: Syntax Error: expected ' ' or ']' in !> binder  got [{:colon  ":"  2462}  {:atom  "nat"  2464}  {:rbracket  "]"  2467}  {:colon  ":"  2469}  {:lparen  "("  2471}  {:atom  "elem"  2473}  {:arrow  ">"  
no_iterative_deepening,DAT/DAT384^1.p,unknown,Theorem,parser_error,na,0,,,,,,,,,cached: Syntax Error: expected ' ' or ']' in !> binder  got [{:colon  ":"  2438}  {:atom  "nat"  2440}  {:rbracket  "]"  2443}  {:colon  ":"  2445}  {:lparen  "("  2447}  {:atom  "elem"  2449}  {:arrow  ">"  
no_iterative_deepening,DAT/DAT385^1.p,unknown,Theorem,parser_error,na,0,,,,,,,,,cached: Syntax Error: expected ' ' or ']' in !> binder  got [{:colon  ":"  2462}  {:atom  "nat"  2464}  {:rbracket  "]"  2467}  {:colon  ":"  2469}  {:lparen  "("  2471}  {:atom  "elem"  2473}  {:arrow  ">"  
no_iterative_deepening,DAT/DAT386^1.p,unknown,Theorem,parser_error,na,0,,,,,,,,,cached: Syntax Error: expected ' ' or ']' in !> binder  got [{:colon  ":"  2462}  {:atom  "nat"  2464}  {:rbracket  "]"  2467}  {:colon  ":"  2469}  {:lparen  "("  2471}  {:atom  "elem"  2473}  {:arrow  ">"  
no_iterative_deepening,DAT/DAT387^1.p,unknown,Theorem,parser_error,na,0,,,,,,,,,cached: Syntax Error: expected ' ' or ']' in !> binder  got [{:colon  ":"  2462}  {:atom  "nat"  2464}  {:rbracket  "]"  2467}  {:colon  ":"  2469}  {:lparen  "("  2471}  {:atom  "elem"  2473}  {:arrow  ">"  
no_iterative_deepening,DAT/DAT388^1.p,unknown,Theorem,parser_error,na,0,,,,,,,,,cached: Syntax Error: expected ' ' or ']' in !> binder  got [{:colon  ":"  2465}  {:atom  "nat"  2467}  {:rbracket  "]"  2470}  {:colon  ":"  2472}  {:lparen  "("  2474}  {:atom  "elem"  2476}  {:arrow  ">"  
no_iterative_deepening,DAT/DAT389^1.p,unknown,Theorem,parser_error,na,0,,,,,,,,,cached: Syntax Error: expected ' ' or ']' in !> binder  got [{:colon  ":"  2465}  {:atom  "nat"  2467}  {:rbracket  "]"  2470}  {:colon  ":"  2472}  {:lparen  "("  2474}  {:atom  "elem"  2476}  {:arrow  ">"  
no_iterative_deepening,DAT/DAT390^1.p,unknown,Theorem,parser_error,na,0,,,,,,,,,cached: Syntax Error: expected ' ' or ']' in !> binder  got [{:colon  ":"  2465}  {:atom  "nat"  2467}  {:rbracket  "]"  2470}  {:colon  ":"  2472}  {:lparen  "("  2474}  {:atom  "elem"  2476}  {:arrow  ">"  
no_iterative_deepening,DAT/DAT391^1.p,unknown,Theorem,parser_error,na,0,,,,,,,,,cached: Syntax Error: expected ' ' or ']' in !> binder  got [{:colon  ":"  2465}  {:atom  "nat"  2467}  {:rbracket  "]"  2470}  {:colon  ":"  2472}  {:lparen  "("  2474}  {:atom  "elem"  2476}  {:arrow  ">"  
no_iterative_deepening,DAT/DAT392^1.p,unknown,Theorem,parser_error,na,0,,,,,,,,,cached: Syntax Error: expected ' ' or ']' in !> binder  got [{:colon  ":"  2465}  {:atom  "nat"  2467}  {:rbracket  "]"  2470}  {:colon  ":"  2472}  {:lparen  "("  2474}  {:atom  "elem"  2476}  {:arrow  ">"  
no_iterative_deepening,DAT/DAT393^1.p,unknown,Theorem,parser_error,na,0,,,,,,,,,cached: Syntax Error: expected ' ' or ']' in !> binder  got [{:colon  ":"  2465}  {:atom  "nat"  2467}  {:rbracket  "]"  2470}  {:colon  ":"  2472}  {:lparen  "("  2474}  {:atom  "elem"  2476}  {:arrow  ">"  
no_iterative_deepening,DAT/DAT394^1.p,unknown,Theorem,parser_error,na,0,,,,,,,,,cached: Syntax Error: expected ' ' or ']' in !> binder  got [{:colon  ":"  2465}  {:atom  "nat"  2467}  {:rbracket  "]"  2470}  {:colon  ":"  2472}  {:lparen  "("  2474}  {:atom  "elem"  2476}  {:arrow  ">"  
no_iterative_deepening,DAT/DAT395^1.p,unknown,Theorem,parser_error,na,0,,,,,,,,,cached: Syntax Error: expected ' ' or ']' in !> binder  got [{:colon  ":"  2462}  {:atom  "nat"  2464}  {:rbracket  "]"  2467}  {:colon  ":"  2469}  {:lparen  "("  2471}  {:atom  "elem"  2473}  {:arrow  ">"  
no_iterative_deepening,DAT/DAT396^1.p,unknown,Theorem,parser_error,na,0,,,,,,,,,cached: Syntax Error: expected ' ' or ']' in !> binder  got [{:colon  ":"  2055}  {:atom  "nat"  2057}  {:rbracket  "]"  2060}  {:colon  ":"  2062}  {:lparen  "("  2064}  {:atom  "elem"  2066}  {:arrow  ">"  
no_iterative_deepening,DAT/DAT397^1.p,unknown,Theorem,parser_error,na,0,,,,,,,,,cached: Syntax Error: expected ' ' or ']' in !> binder  got [{:colon  ":"  2055}  {:atom  "nat"  2057}  {:rbracket  "]"  2060}  {:colon  ":"  2062}  {:lparen  "("  2064}  {:atom  "elem"  2066}  {:arrow  ">"  
no_iterative_deepening,DAT/DAT398^1.p,unknown,Theorem,parser_error,na,0,,,,,,,,,cached: Syntax Error: expected ' ' or ']' in !> binder  got [{:colon  ":"  2055}  {:atom  "nat"  2057}  {:rbracket  "]"  2060}  {:colon  ":"  2062}  {:lparen  "("  2064}  {:atom  "elem"  2066}  {:arrow  ">"  
no_iterative_deepening,DAT/DAT399^1.p,unknown,Theorem,parser_error,na,0,,,,,,,,,cached: Syntax Error: expected ' ' or ']' in !> binder  got [{:colon  ":"  2055}  {:atom  "nat"  2057}  {:rbracket  "]"  2060}  {:colon  ":"  2062}  {:lparen  "("  2064}  {:atom  "elem"  2066}  {:arrow  ">"  
no_iterative_deepening,DAT/DAT400^1.p,unknown,Theorem,parser_error,na,0,,,,,,,,,cached: Syntax Error: expected ' ' or ']' in !> binder  got [{:colon  ":"  2055}  {:atom  "nat"  2057}  {:rbracket  "]"  2060}  {:colon  ":"  2062}  {:lparen  "("  2064}  {:atom  "elem"  2066}  {:arrow  ">"  
no_iterative_deepening,DAT/DAT401^1.p,unknown,Theorem,parser_error,na,0,,,,,,,,,cached: Syntax Error: expected ' ' or ']' in !> binder  got [{:colon  ":"  2041}  {:atom  "nat"  2043}  {:rbracket  "]"  2046}  {:colon  ":"  2048}  {:lparen  "("  2050}  {:atom  "elem"  2052}  {:arrow  ">"  
no_iterative_deepening,DAT/DAT402^1.p,unknown,Theorem,parser_error,na,0,,,,,,,,,cached: Syntax Error: expected ' ' or ']' in !> binder  got [{:colon  ":"  2146}  {:atom  "nat"  2148}  {:rbracket  "]"  2151}  {:colon  ":"  2153}  {:lparen  "("  2155}  {:var  "A"  2157}  {:arrow  ">"  2159
no_iterative_deepening,DAT/DAT403^1.p,unknown,Theorem,parser_error,na,0,,,,,,,,,cached: Syntax Error: expected ' ' or ']' in !> binder  got [{:colon  ":"  2111}  {:atom  "nat"  2113}  {:rbracket  "]"  2116}  {:colon  ":"  2118}  {:lparen  "("  2120}  {:var  "A"  2122}  {:arrow  ">"  2124
no_iterative_deepening,DAT/DAT404^1.p,unknown,Theorem,parser_error,na,0,,,,,,,,,cached: Syntax Error: expected ' ' or ']' in !> binder  got [{:colon  ":"  2146}  {:atom  "nat"  2148}  {:rbracket  "]"  2151}  {:colon  ":"  2153}  {:lparen  "("  2155}  {:var  "A"  2157}  {:arrow  ">"  2159
no_iterative_deepening,DAT/DAT405^1.p,unknown,Theorem,parser_error,na,0,,,,,,,,,cached: Syntax Error: expected ' ' or ']' in !> binder  got [{:colon  ":"  2112}  {:atom  "nat"  2114}  {:rbracket  "]"  2117}  {:colon  ":"  2119}  {:lparen  "("  2121}  {:var  "A"  2123}  {:arrow  ">"  2125
no_iterative_deepening,DAT/DAT406^1.p,unknown,Theorem,parser_error,na,0,,,,,,,,,cached: Syntax Error: expected ' ' or ']' in !> binder  got [{:colon  ":"  2111}  {:atom  "nat"  2113}  {:rbracket  "]"  2116}  {:colon  ":"  2118}  {:lparen  "("  2120}  {:var  "A"  2122}  {:arrow  ">"  2124
no_iterative_deepening,DAT/DAT407^1.p,unknown,Theorem,parser_error,na,0,,,,,,,,,cached: Syntax Error: expected ' ' or ']' in !> binder  got [{:colon  ":"  2146}  {:atom  "nat"  2148}  {:rbracket  "]"  2151}  {:colon  ":"  2153}  {:lparen  "("  2155}  {:var  "A"  2157}  {:arrow  ">"  2159
no_iterative_deepening,DAT/DAT408^1.p,unknown,Theorem,parser_error,na,0,,,,,,,,,cached: Syntax Error: expected ' ' or ']' in !> binder  got [{:colon  ":"  2146}  {:atom  "nat"  2148}  {:rbracket  "]"  2151}  {:colon  ":"  2153}  {:lparen  "("  2155}  {:var  "A"  2157}  {:arrow  ">"  2159
no_iterative_deepening,DAT/DAT409^1.p,unknown,Theorem,parser_error,na,0,,,,,,,,,cached: Syntax Error: expected ' ' or ']' in !> binder  got [{:colon  ":"  2111}  {:atom  "nat"  2113}  {:rbracket  "]"  2116}  {:colon  ":"  2118}  {:lparen  "("  2120}  {:var  "A"  2122}  {:arrow  ">"  2124
no_iterative_deepening,DAT/DAT410^1.p,unknown,Theorem,parser_error,na,0,,,,,,,,,cached: Syntax Error: expected ' ' or ']' in !> binder  got [{:colon  ":"  2147}  {:atom  "nat"  2149}  {:rbracket  "]"  2152}  {:colon  ":"  2154}  {:lparen  "("  2156}  {:var  "A"  2158}  {:arrow  ">"  2160
no_iterative_deepening,DAT/DAT411^1.p,unknown,Theorem,parser_error,na,0,,,,,,,,,cached: Syntax Error: expected ' ' or ']' in !> binder  got [{:colon  ":"  2152}  {:atom  "nat"  2154}  {:rbracket  "]"  2157}  {:colon  ":"  2159}  {:lparen  "("  2161}  {:var  "A"  2163}  {:arrow  ">"  2165
no_iterative_deepening,DAT/DAT412^1.p,unknown,Theorem,parser_error,na,0,,,,,,,,,cached: Syntax Error: expected ' ' or ']' in !> binder  got [{:colon  ":"  2112}  {:atom  "nat"  2114}  {:rbracket  "]"  2117}  {:colon  ":"  2119}  {:lparen  "("  2121}  {:var  "A"  2123}  {:arrow  ">"  2125
no_iterative_deepening,DAT/DAT413^1.p,unknown,Theorem,parser_error,na,0,,,,,,,,,cached: Syntax Error: expected ' ' or ']' in !> binder  got [{:colon  ":"  2134}  {:atom  "nat"  2136}  {:rbracket  "]"  2139}  {:colon  ":"  2141}  {:lparen  "("  2143}  {:var  "A"  2145}  {:arrow  ">"  2147
no_iterative_deepening,DAT/DAT414^1.p,unknown,Theorem,parser_error,na,0,,,,,,,,,cached: Syntax Error: expected ' ' or ']' in !> binder  got [{:colon  ":"  2117}  {:atom  "nat"  2119}  {:rbracket  "]"  2122}  {:colon  ":"  2124}  {:lparen  "("  2126}  {:var  "A"  2128}  {:arrow  ">"  2130
no_iterative_deepening,DAT/DAT415^1.p,unknown,Theorem,parser_error,na,0,,,,,,,,,cached: Syntax Error: expected ' ' or ']' in !> binder  got [{:colon  ":"  1820}  {:atom  "nat"  1822}  {:rbracket  "]"  1825}  {:colon  ":"  1827}  {:lparen  "("  1829}  {:atom  "nat"  1831}  {:arrow  ">"  1
no_iterative_deepening,DAT/DAT416^1.p,unknown,Theorem,parser_error,na,0,,,,,,,,,cached: Syntax Error: expected ' ' or ']' in !> binder  got [{:colon  ":"  1818}  {:atom  "nat"  1820}  {:rbracket  "]"  1823}  {:colon  ":"  1825}  {:lparen  "("  1827}  {:atom  "nat"  1829}  {:arrow  ">"  1
no_iterative_deepening,DAT/DAT417^1.p,unknown,Theorem,parser_error,na,0,,,,,,,,,cached: Syntax Error: expected ' ' or ']' in !> binder  got [{:colon  ":"  1824}  {:atom  "nat"  1826}  {:rbracket  "]"  1829}  {:colon  ":"  1831}  {:lparen  "("  1833}  {:atom  "nat"  1835}  {:arrow  ">"  1
no_iterative_deepening,DAT/DAT418^1.p,unknown,Theorem,parser_error,na,0,,,,,,,,,cached: Syntax Error: expected ' ' or ']' in !> binder  got [{:colon  ":"  1822}  {:atom  "nat"  1824}  {:rbracket  "]"  1827}  {:colon  ":"  1829}  {:lparen  "("  1831}  {:atom  "nat"  1833}  {:arrow  ">"  1
no_iterative_deepening,DAT/DAT419^1.p,unknown,Theorem,parser_error,na,0,,,,,,,,,cached: Syntax Error: expected ' ' or ']' in !> binder  got [{:colon  ":"  2524}  {:atom  "nat"  2526}  {:rbracket  "]"  2529}  {:colon  ":"  2531}  {:lparen  "("  2533}  {:lparen  "("  2535}  {:atom  "tree" 
no_iterative_deepening,DAT/DAT420^1.p,unknown,Theorem,parser_error,na,0,,,,,,,,,cached: Syntax Error: expected ' ' or ']' in !> binder  got [{:colon  ":"  2512}  {:atom  "nat"  2514}  {:rbracket  "]"  2517}  {:colon  ":"  2519}  {:lparen  "("  2521}  {:lparen  "("  2523}  {:atom  "tree" 
no_iterative_deepening,DAT/DAT421^1.p,unknown,Theorem,parser_error,na,0,,,,,,,,,cached: Syntax Error: expected ' ' or ']' in !> binder  got [{:colon  ":"  2005}  {:atom  "nat"  2007}  {:rbracket  "]"  2010}  {:colon  ":"  2012}  {:lparen  "("  2014}  {:lparen  "("  2016}  {:atom  "tree" 
no_iterative_deepening,DAT/DAT422^1.p,unknown,Theorem,parser_error,na,0,,,,,,,,,cached: Syntax Error: expected ' ' or ']' in !> binder  got [{:colon  ":"  2005}  {:atom  "nat"  2007}  {:rbracket  "]"  2010}  {:colon  ":"  2012}  {:lparen  "("  2014}  {:lparen  "("  2016}  {:atom  "tree" 
no_iterative_deepening,DAT/DAT423^1.p,unknown,Theorem,parser_error,na,0,,,,,,,,,cached: Syntax Error: expected ' ' or ']' in !> binder  got [{:colon  ":"  2005}  {:atom  "nat"  2007}  {:rbracket  "]"  2010}  {:colon  ":"  2012}  {:lparen  "("  2014}  {:lparen  "("  2016}  {:atom  "tree" 
no_iterative_deepening,DAT/DAT424^1.p,unknown,Theorem,parser_error,na,0,,,,,,,,,cached: Syntax Error: expected ' ' or ']' in !> binder  got [{:colon  ":"  2527}  {:atom  "nat"  2529}  {:rbracket  "]"  2532}  {:colon  ":"  2534}  {:lparen  "("  2536}  {:lparen  "("  2538}  {:atom  "tree" 
no_iterative_deepening,DAT/DAT425^1.p,unknown,Theorem,parser_error,na,0,,,,,,,,,cached: Syntax Error: expected ' ' or ']' in !> binder  got [{:colon  ":"  2517}  {:atom  "nat"  2519}  {:rbracket  "]"  2522}  {:colon  ":"  2524}  {:lparen  "("  2526}  {:lparen  "("  2528}  {:atom  "tree" 
no_iterative_deepening,DAT/DAT426^1.p,unknown,Theorem,parser_error,na,0,,,,,,,,,cached: Syntax Error: expected ' ' or ']' in !> binder  got [{:colon  ":"  2004}  {:atom  "nat"  2006}  {:rbracket  "]"  2009}  {:colon  ":"  2011}  {:lparen  "("  2013}  {:lparen  "("  2015}  {:atom  "tree" 
no_iterative_deepening,DAT/DAT427^1.p,unknown,Theorem,parser_error,na,0,,,,,,,,,cached: Syntax Error: expected ' ' or ']' in !> binder  got [{:colon  ":"  1996}  {:atom  "nat"  1998}  {:rbracket  "]"  2001}  {:colon  ":"  2003}  {:lparen  "("  2005}  {:lparen  "("  2007}  {:atom  "tree" 
no_iterative_deepening,DAT/DAT428^1.p,unknown,Theorem,parser_error,na,0,,,,,,,,,cached: Syntax Error: expected ' ' or ']' in !> binder  got [{:colon  ":"  1980}  {:atom  "nat"  1982}  {:rbracket  "]"  1985}  {:colon  ":"  1987}  {:lparen  "("  1989}  {:lparen  "("  1991}  {:atom  "tree" 
no_iterative_deepening,DAT/DAT429^1.p,unknown,Theorem,parser_error,na,0,,,,,,,,,cached: Syntax Error: expected ' ' or ']' in !> binder  got [{:colon  ":"  1985}  {:atom  "nat"  1987}  {:rbracket  "]"  1990}  {:colon  ":"  1992}  {:lparen  "("  1994}  {:lparen  "("  1996}  {:atom  "tree" 
no_iterative_deepening,GEG/GEG002^1.p,TH0,Theorem,timeout,na,2117,4551,157,4551,486,0,0,3,0,
no_iterative_deepening,GEG/GEG003^1.p,TH0,Theorem,timeout,na,2121,2118,66,2118,304,29,0,1,0,
no_iterative_deepening,GEG/GEG004^1.p,TH0,CounterSatisfiable,timeout,na,2232,1186,13,1186,296,0,0,1,0,
no_iterative_deepening,GEG/GEG005^1.p,TH0,Theorem,timeout,na,2173,1763,17,1763,484,0,0,1,0,
no_iterative_deepening,GEG/GEG006^1.p,TH0,Theorem,timeout,na,2253,1373,22,1373,296,0,0,1,0,
no_iterative_deepening,GEG/GEG007^1.p,TH0,Theorem,timeout,na,2203,1870,23,1870,455,0,0,1,0,
no_iterative_deepening,GEG/GEG008^1.p,TH0,Theorem,timeout,na,2168,966,16,966,232,0,0,1,0,
no_iterative_deepening,GEG/GEG009^1.p,TH0,Theorem,timeout,na,2099,501,20,501,62,0,0,1,0,
no_iterative_deepening,GEG/GEG010^1.p,TH0,Theorem,timeout,na,2174,2064,19,2064,506,16,0,1,0,
no_iterative_deepening,GEG/GEG011^1.p,TH0,Theorem,timeout,na,2110,780,28,780,99,1,0,1,0,
no_iterative_deepening,GEG/GEG012^1.p,TH0,Theorem,timeout,na,2158,1464,15,1464,320,34,0,1,0,
no_iterative_deepening,GEG/GEG013^1.p,TH0,Theorem,timeout,na,2246,2498,14,2498,804,0,0,2,0,
no_iterative_deepening,GEG/GEG014^1.p,TH0,Theorem,timeout,na,2086,417,24,417,36,0,0,1,0,
no_iterative_deepening,GEG/GEG015^1.p,TH0,Theorem,timeout,na,2128,1309,16,1309,254,0,0,2,0,
no_iterative_deepening,GEG/GEG016^1.p,TH0,Theorem,timeout,na,2094,981,51,981,113,0,0,1,0,
no_iterative_deepening,GEG/GEG018^1.p,TH0,Theorem,timeout,na,2070,43,2,43,2,0,0,0,0,
no_iterative_deepening,GEG/GEG019^1.p,TH0,Theorem,timeout,na,2201,1699,18,1699,430,28,0,1,0,
no_iterative_deepening,GEG/GEG020^1.p,TH0,Theorem,timeout,na,2162,1568,25,1568,368,0,0,1,0,
no_iterative_deepening,GEO/GEO356^1.p,TH1,Theorem,parse_timeout,na,0,,,,,,,,,cached: parse exceeded 5000ms
no_iterative_deepening,GEO/GEO357^1.p,TH1,Theorem,parse_timeout,na,0,,,,,,,,,cached: parse exceeded 5000ms
no_iterative_deepening,GEO/GEO358^1.p,TH1,Theorem,parse_timeout,na,0,,,,,,,,,cached: parse exceeded 5000ms
no_iterative_deepening,GEO/GEO359^1.p,TH1,Theorem,parse_timeout,na,0,,,,,,,,,cached: parse exceeded 5000ms
no_iterative_deepening,GEO/GEO360^1.p,TH1,Theorem,parse_timeout,na,0,,,,,,,,,cached: parse exceeded 5000ms
no_iterative_deepening,GEO/GEO361^1.p,TH1,Theorem,parse_timeout,na,0,,,,,,,,,cached: parse exceeded 5000ms
no_iterative_deepening,GEO/GEO362^1.p,TH1,Theorem,parse_timeout,na,0,,,,,,,,,cached: parse exceeded 5000ms
no_iterative_deepening,GEO/GEO363^1.p,TH1,Theorem,parse_timeout,na,0,,,,,,,,,cached: parse exceeded 5000ms
no_iterative_deepening,GEO/GEO364^1.p,TH1,Theorem,parse_timeout,na,0,,,,,,,,,cached: parse exceeded 5000ms
no_iterative_deepening,GEO/GEO365^1.p,TH1,Theorem,parse_timeout,na,0,,,,,,,,,cached: parse exceeded 5000ms
no_iterative_deepening,GEO/GEO366^1.p,TH1,Theorem,parse_timeout,na,0,,,,,,,,,cached: parse exceeded 5000ms
no_iterative_deepening,GEO/GEO367^1.p,TH1,Theorem,parse_timeout,na,0,,,,,,,,,cached: parse exceeded 5000ms
no_iterative_deepening,GEO/GEO368^1.p,TH1,Theorem,parse_timeout,na,0,,,,,,,,,cached: parse exceeded 5000ms
no_iterative_deepening,GEO/GEO369^1.p,TH1,Theorem,parse_timeout,na,0,,,,,,,,,cached: parse exceeded 5000ms
no_iterative_deepening,GEO/GEO370^1.p,TH1,Theorem,parse_timeout,na,0,,,,,,,,,cached: parse exceeded 5000ms
no_iterative_deepening,GEO/GEO371^1.p,TH1,Theorem,parse_timeout,na,0,,,,,,,,,cached: parse exceeded 5000ms
no_iterative_deepening,GEO/GEO372^1.p,TH1,Theorem,parse_timeout,na,0,,,,,,,,,cached: parse exceeded 5000ms
no_iterative_deepening,GEO/GEO373^1.p,TH1,Theorem,parse_timeout,na,0,,,,,,,,,cached: parse exceeded 5000ms
no_iterative_deepening,GEO/GEO374^1.p,TH1,Theorem,parse_timeout,na,0,,,,,,,,,cached: parse exceeded 5000ms
no_iterative_deepening,GEO/GEO375^1.p,TH1,Theorem,parse_timeout,na,0,,,,,,,,,cached: parse exceeded 5000ms
no_iterative_deepening,GEO/GEO376^1.p,TH1,Theorem,parse_timeout,na,0,,,,,,,,,cached: parse exceeded 5000ms
no_iterative_deepening,GEO/GEO377^1.p,TH1,Theorem,parse_timeout,na,0,,,,,,,,,cached: parse exceeded 5000ms
no_iterative_deepening,GEO/GEO378^1.p,TH1,Theorem,parse_timeout,na,0,,,,,,,,,cached: parse exceeded 5000ms
no_iterative_deepening,GEO/GEO379^1.p,TH1,Theorem,parse_timeout,na,0,,,,,,,,,cached: parse exceeded 5000ms
no_iterative_deepening,GEO/GEO380^1.p,TH1,Theorem,parse_timeout,na,0,,,,,,,,,cached: parse exceeded 5000ms
no_iterative_deepening,GEO/GEO381^1.p,TH1,Theorem,parse_timeout,na,0,,,,,,,,,cached: parse exceeded 5000ms
no_iterative_deepening,GEO/GEO382^1.p,TH1,Theorem,parse_timeout,na,0,,,,,,,,,cached: parse exceeded 5000ms
no_iterative_deepening,GEO/GEO383^1.p,TH1,Theorem,parse_timeout,na,0,,,,,,,,,cached: parse exceeded 5000ms
no_iterative_deepening,GEO/GEO384^1.p,TH1,Theorem,parse_timeout,na,0,,,,,,,,,cached: parse exceeded 5000ms
no_iterative_deepening,GEO/GEO385^1.p,TH1,Theorem,parse_timeout,na,0,,,,,,,,,cached: parse exceeded 5000ms
no_iterative_deepening,GEO/GEO386^1.p,TH1,Theorem,parse_timeout,na,0,,,,,,,,,cached: parse exceeded 5000ms
no_iterative_deepening,GEO/GEO387^1.p,TH1,Theorem,parse_timeout,na,0,,,,,,,,,cached: parse exceeded 5000ms
no_iterative_deepening,GEO/GEO388^1.p,TH1,Theorem,parse_timeout,na,0,,,,,,,,,cached: parse exceeded 5000ms
no_iterative_deepening,GEO/GEO389^1.p,TH1,Theorem,parse_timeout,na,0,,,,,,,,,cached: parse exceeded 5000ms
no_iterative_deepening,GEO/GEO390^1.p,TH1,Theorem,parse_timeout,na,0,,,,,,,,,cached: parse exceeded 5000ms
no_iterative_deepening,GEO/GEO391^1.p,TH1,Theorem,parse_timeout,na,0,,,,,,,,,cached: parse exceeded 5000ms
no_iterative_deepening,GEO/GEO392^1.p,TH1,Theorem,parse_timeout,na,0,,,,,,,,,cached: parse exceeded 5000ms
no_iterative_deepening,GEO/GEO393^1.p,TH1,Theorem,parse_timeout,na,0,,,,,,,,,cached: parse exceeded 5000ms
no_iterative_deepening,GEO/GEO394^1.p,TH1,Theorem,parse_timeout,na,0,,,,,,,,,cached: parse exceeded 5000ms
no_iterative_deepening,GEO/GEO395^1.p,TH1,Theorem,parse_timeout,na,0,,,,,,,,,cached: parse exceeded 5000ms
no_iterative_deepening,GEO/GEO396^1.p,TH1,Theorem,parse_timeout,na,0,,,,,,,,,cached: parse exceeded 5000ms
no_iterative_deepening,GEO/GEO397^1.p,TH1,Theorem,parse_timeout,na,0,,,,,,,,,cached: parse exceeded 5000ms
no_iterative_deepening,GEO/GEO398^1.p,TH1,Theorem,parse_timeout,na,0,,,,,,,,,cached: parse exceeded 5000ms
no_iterative_deepening,GEO/GEO399^1.p,TH1,Theorem,parse_timeout,na,0,,,,,,,,,cached: parse exceeded 5000ms
no_iterative_deepening,GEO/GEO400^1.p,TH1,Theorem,parse_timeout,na,0,,,,,,,,,cached: parse exceeded 5000ms
no_iterative_deepening,GEO/GEO401^1.p,TH1,Theorem,parse_timeout,na,0,,,,,,,,,cached: parse exceeded 5000ms
no_iterative_deepening,GEO/GEO402^1.p,TH1,Theorem,parse_timeout,na,0,,,,,,,,,cached: parse exceeded 5000ms
no_iterative_deepening,GEO/GEO403^1.p,TH1,Theorem,parse_timeout,na,0,,,,,,,,,cached: parse exceeded 5000ms
no_iterative_deepening,GEO/GEO404^1.p,TH1,Theorem,parse_timeout,na,0,,,,,,,,,cached: parse exceeded 5000ms
no_iterative_deepening,GEO/GEO405^1.p,TH1,Theorem,parse_timeout,na,0,,,,,,,,,cached: parse exceeded 5000ms
no_iterative_deepening,GEO/GEO406^1.p,TH1,Theorem,parse_timeout,na,0,,,,,,,,,cached: parse exceeded 5000ms
no_iterative_deepening,GEO/GEO407^1.p,TH1,Theorem,parse_timeout,na,0,,,,,,,,,cached: parse exceeded 5000ms
no_iterative_deepening,GEO/GEO408^1.p,TH1,Theorem,parse_timeout,na,0,,,,,,,,,cached: parse exceeded 5000ms
no_iterative_deepening,GEO/GEO409^1.p,TH1,Theorem,parse_timeout,na,0,,,,,,,,,cached: parse exceeded 5000ms
no_iterative_deepening,GEO/GEO410^1.p,TH1,Theorem,parse_timeout,na,0,,,,,,,,,cached: parse exceeded 5000ms
no_iterative_deepening,GEO/GEO411^1.p,TH1,Theorem,parse_timeout,na,0,,,,,,,,,cached: parse exceeded 5000ms
no_iterative_deepening,GEO/GEO412^1.p,TH1,Theorem,parse_timeout,na,0,,,,,,,,,cached: parse exceeded 5000ms
no_iterative_deepening,GEO/GEO413^1.p,TH1,Theorem,parse_timeout,na,0,,,,,,,,,cached: parse exceeded 5000ms
no_iterative_deepening,GEO/GEO414^1.p,TH1,Theorem,parse_timeout,na,0,,,,,,,,,cached: parse exceeded 5000ms
no_iterative_deepening,GEO/GEO415^1.p,TH1,Theorem,parse_timeout,na,0,,,,,,,,,cached: parse exceeded 5000ms
no_iterative_deepening,GEO/GEO416^1.p,TH1,Theorem,parse_timeout,na,0,,,,,,,,,cached: parse exceeded 5000ms
no_iterative_deepening,GEO/GEO417^1.p,TH1,Theorem,parse_timeout,na,0,,,,,,,,,cached: parse exceeded 5000ms
no_iterative_deepening,GEO/GEO418^1.p,TH1,Theorem,parse_timeout,na,0,,,,,,,,,cached: parse exceeded 5000ms
no_iterative_deepening,GEO/GEO419^1.p,TH1,Theorem,parse_timeout,na,0,,,,,,,,,cached: parse exceeded 5000ms
no_iterative_deepening,GEO/GEO420^1.p,TH1,Theorem,parse_timeout,na,0,,,,,,,,,cached: parse exceeded 5000ms
no_iterative_deepening,GEO/GEO421^1.p,TH1,Theorem,parse_timeout,na,0,,,,,,,,,cached: parse exceeded 5000ms
no_iterative_deepening,GEO/GEO422^1.p,TH1,Theorem,parse_timeout,na,0,,,,,,,,,cached: parse exceeded 5000ms
no_iterative_deepening,GEO/GEO423^1.p,TH1,Theorem,parse_timeout,na,0,,,,,,,,,cached: parse exceeded 5000ms
no_iterative_deepening,GEO/GEO424^1.p,TH1,Theorem,parse_timeout,na,0,,,,,,,,,cached: parse exceeded 5000ms
no_iterative_deepening,GEO/GEO425^1.p,TH1,Theorem,parse_timeout,na,0,,,,,,,,,cached: parse exceeded 5000ms
no_iterative_deepening,GEO/GEO426^1.p,TH1,Theorem,parse_timeout,na,0,,,,,,,,,cached: parse exceeded 5000ms
no_iterative_deepening,GEO/GEO427^1.p,TH1,Theorem,parse_timeout,na,0,,,,,,,,,cached: parse exceeded 5000ms
no_iterative_deepening,GEO/GEO428^1.p,TH1,Theorem,parse_timeout,na,0,,,,,,,,,cached: parse exceeded 5000ms
no_iterative_deepening,GEO/GEO429^1.p,TH1,Theorem,parse_timeout,na,0,,,,,,,,,cached: parse exceeded 5000ms
no_iterative_deepening,GEO/GEO430^1.p,TH1,Theorem,parse_timeout,na,0,,,,,,,,,cached: parse exceeded 5000ms
no_iterative_deepening,GEO/GEO431^1.p,TH1,Theorem,parse_timeout,na,0,,,,,,,,,cached: parse exceeded 5000ms
no_iterative_deepening,GEO/GEO432^1.p,TH1,Theorem,parse_timeout,na,0,,,,,,,,,cached: parse exceeded 5000ms
no_iterative_deepening,GEO/GEO433^1.p,TH1,Theorem,parse_timeout,na,0,,,,,,,,,cached: parse exceeded 5000ms
no_iterative_deepening,GEO/GEO434^1.p,TH1,Theorem,parse_timeout,na,0,,,,,,,,,cached: parse exceeded 5000ms
no_iterative_deepening,GEO/GEO435^1.p,TH1,Theorem,parse_timeout,na,0,,,,,,,,,cached: parse exceeded 5000ms
no_iterative_deepening,GEO/GEO436^1.p,TH1,Theorem,parse_timeout,na,0,,,,,,,,,cached: parse exceeded 5000ms
no_iterative_deepening,GEO/GEO437^1.p,TH1,Theorem,parse_timeout,na,0,,,,,,,,,cached: parse exceeded 5000ms
no_iterative_deepening,GEO/GEO438^1.p,TH1,Theorem,parse_timeout,na,0,,,,,,,,,cached: parse exceeded 5000ms
no_iterative_deepening,GEO/GEO439^1.p,TH1,Theorem,parse_timeout,na,0,,,,,,,,,cached: parse exceeded 5000ms
no_iterative_deepening,GRA/GRA027^1.p,TH0,Theorem,timeout,na,2022,0,0,0,1,0,0,0,0,
no_iterative_deepening,GRA/GRA028^1.p,TH0,Theorem,timeout,na,2029,66,6,66,1,0,0,0,0,
no_iterative_deepening,GRA/GRA029^1.p,TH0,Theorem,timeout,na,2051,0,0,0,1,0,0,0,0,
no_iterative_deepening,GRA/GRA029^2.p,TH0,Theorem,timeout,na,2048,0,0,0,1,0,0,0,0,
no_iterative_deepening,GRA/GRA030^1.p,TH0,Theorem,timeout,na,2041,0,0,0,1,0,0,0,0,
no_iterative_deepening,GRA/GRA031^1.p,TH0,CounterSatisfiable,timeout,na,2074,12,1,12,1,0,0,0,0,
no_iterative_deepening,GRA/GRA031^2.p,TH0,Theorem,timeout,na,2073,11,1,11,1,0,0,0,0,
no_iterative_deepening,GRA/GRA032^1.p,TH0,Theorem,timeout,na,2096,0,0,0,1,0,0,0,0,
no_iterative_deepening,GRA/GRA032^2.p,TH0,Theorem,timeout,na,2093,0,0,0,1,0,0,0,0,
no_iterative_deepening,GRA/GRA033^1.p,TH0,CounterSatisfiable,timeout,na,2281,3,0,3,1,0,0,0,0,
no_iterative_deepening,GRA/GRA033^2.p,TH0,CounterSatisfiable,timeout,na,2271,3,0,3,1,0,0,0,0,
no_iterative_deepening,GRA/GRA034^1.p,TH0,Theorem,timeout,na,2284,0,0,0,1,0,0,0,0,
no_iterative_deepening,GRA/GRA034^2.p,TH0,Theorem,timeout,na,2279,0,0,0,1,0,0,0,0,
no_iterative_deepening,GRA/GRA035^1.p,TH0,CounterSatisfiable,timeout,na,2404,1,0,1,1,0,0,0,0,
no_iterative_deepening,GRA/GRA035^2.p,TH0,CounterSatisfiable,timeout,na,2402,1,0,1,1,0,0,0,0,
no_iterative_deepening,GRA/GRA036^1.p,TH0,Theorem,timeout,na,2355,0,0,0,1,0,0,0,0,
no_iterative_deepening,GRA/GRA036^2.p,TH0,Theorem,timeout,na,2349,0,0,0,1,0,0,0,0,
no_iterative_deepening,GRA/GRA037^1.p,TH0,CounterSatisfiable,timeout,na,2525,1,0,1,1,0,0,0,0,
no_iterative_deepening,GRA/GRA037^2.p,TH0,CounterSatisfiable,timeout,na,2503,1,0,1,1,0,0,0,0,
no_iterative_deepening,GRA/GRA038^1.p,TH0,CounterSatisfiable,timeout,na,2532,1,0,1,1,0,0,0,0,
no_iterative_deepening,GRA/GRA038^2.p,TH0,CounterSatisfiable,timeout,na,2514,1,0,1,1,0,0,0,0,
no_iterative_deepening,GRA/GRA039^1.p,TH0,Theorem,timeout,na,2399,0,0,0,1,0,0,0,0,
no_iterative_deepening,GRA/GRA039^2.p,TH0,Theorem,timeout,na,2396,0,0,0,1,0,0,0,0,
no_iterative_deepening,GRA/GRA040^1.p,TH0,CounterSatisfiable,timeout,na,2592,0,0,0,1,0,0,0,0,
no_iterative_deepening,GRA/GRA040^2.p,TH0,CounterSatisfiable,timeout,na,2584,0,0,0,1,0,0,0,0,
no_iterative_deepening,GRA/GRA041^1.p,TH0,Theorem,timeout,na,2506,0,0,0,1,0,0,0,0,
no_iterative_deepening,GRA/GRA041^2.p,TH0,Theorem,timeout,na,2463,0,0,0,1,0,0,0,0,
no_iterative_deepening,GRA/GRA042^1.p,TH0,CounterSatisfiable,timeout,na,2706,0,0,0,1,0,0,0,0,
no_iterative_deepening,GRA/GRA042^2.p,TH0,CounterSatisfiable,timeout,na,2718,0,0,0,1,0,0,0,0,
no_iterative_deepening,GRA/GRA043^1.p,TH0,Theorem,timeout,na,2583,0,0,0,1,0,0,0,0,
no_iterative_deepening,GRA/GRA043^2.p,TH0,Theorem,timeout,na,2606,0,0,0,1,0,0,0,0,
no_iterative_deepening,GRA/GRA044^1.p,TH0,Theorem,timeout,na,2514,0,0,0,1,0,0,0,0,
no_iterative_deepening,GRA/GRA044^2.p,TH0,Theorem,timeout,na,2501,0,0,0,1,0,0,0,0,
no_iterative_deepening,GRA/GRA045^1.p,TH0,CounterSatisfiable,timeout,na,2820,0,0,0,1,0,0,0,0,
no_iterative_deepening,GRA/GRA045^2.p,TH0,CounterSatisfiable,timeout,na,2812,0,0,0,1,0,0,0,0,
no_iterative_deepening,GRA/GRA046^1.p,TH0,Theorem,timeout,na,2584,0,0,0,1,0,0,0,0,
no_iterative_deepening,GRA/GRA046^2.p,TH0,Theorem,timeout,na,2551,0,0,0,1,0,0,0,0,
no_iterative_deepening,GRA/GRA047^1.p,TH0,CounterSatisfiable,timeout,na,2881,0,0,0,1,0,0,0,0,
no_iterative_deepening,GRA/GRA047^2.p,TH0,CounterSatisfiable,timeout,na,2904,0,0,0,1,0,0,0,0,
no_iterative_deepening,GRA/GRA048^1.p,TH0,Theorem,timeout,na,2641,0,0,0,1,0,0,0,0,
no_iterative_deepening,GRA/GRA048^2.p,TH0,Theorem,timeout,na,2629,0,0,0,1,0,0,0,0,
no_iterative_deepening,GRA/GRA049^1.p,TH0,CounterSatisfiable,timeout,na,3001,0,0,0,1,0,0,0,0,
no_iterative_deepening,GRA/GRA049^2.p,TH0,CounterSatisfiable,timeout,na,2998,0,0,0,1,0,0,0,0,
no_iterative_deepening,GRA/GRA050^1.p,TH0,Theorem,timeout,na,2752,0,0,0,1,0,0,0,0,
no_iterative_deepening,GRA/GRA050^2.p,TH0,Theorem,timeout,na,2737,0,0,0,1,0,0,0,0,
no_iterative_deepening,GRA/GRA051^1.p,TH0,CounterSatisfiable,timeout,na,3234,0,0,0,1,0,0,0,0,
no_iterative_deepening,GRA/GRA051^2.p,TH0,CounterSatisfiable,timeout,na,3263,0,0,0,1,0,0,0,0,
no_iterative_deepening,GRA/GRA052^1.p,TH0,Theorem,timeout,na,2804,0,0,0,1,0,0,0,0,
no_iterative_deepening,GRA/GRA052^2.p,TH0,Theorem,timeout,na,2790,0,0,0,1,0,0,0,0,
no_iterative_deepening,GRA/GRA053^1.p,TH0,CounterSatisfiable,timeout,na,3314,0,0,0,1,0,0,0,0,
no_iterative_deepening,GRA/GRA053^2.p,TH0,CounterSatisfiable,timeout,na,3332,0,0,0,1,0,0,0,0,
no_iterative_deepening,GRA/GRA054^1.p,TH0,Theorem,timeout,na,2878,0,0,0,1,0,0,0,0,
no_iterative_deepening,GRA/GRA054^2.p,TH0,Theorem,timeout,na,2855,0,0,0,1,0,0,0,0,
no_iterative_deepening,GRA/GRA055^1.p,TH0,Theorem,timeout,na,3084,0,0,0,1,0,0,0,0,
no_iterative_deepening,GRA/GRA055^2.p,TH0,Theorem,timeout,na,3076,0,0,0,1,0,0,0,0,
no_iterative_deepening,GRA/GRA056^1.p,TH0,CounterSatisfiable,timeout,na,3821,0,0,0,1,0,0,0,0,
no_iterative_deepening,GRA/GRA056^2.p,TH0,CounterSatisfiable,timeout,na,3823,0,0,0,1,0,0,0,0,
no_iterative_deepening,GRA/GRA057^1.p,TH0,Open,timeout,na,3132,0,0,0,1,0,0,0,0,
no_iterative_deepening,GRA/GRA057^2.p,TH0,Open,timeout,na,3133,0,0,0,1,0,0,0,0,
no_iterative_deepening,GRA/GRA058^1.p,TH0,CounterSatisfiable,timeout,na,3909,0,0,0,1,0,0,0,0,
no_iterative_deepening,GRA/GRA058^2.p,TH0,CounterSatisfiable,timeout,na,3900,0,0,0,1,0,0,0,0,
no_iterative_deepening,GRA/GRA059^1.p,TH0,CounterSatisfiable,timeout,na,4599,0,0,0,1,0,0,0,0,
no_iterative_deepening,GRA/GRA059^2.p,TH0,CounterSatisfiable,timeout,na,4585,0,0,0,1,0,0,0,0,
no_iterative_deepening,GRA/GRA060^1.p,TH0,Open,timeout,na,3514,0,0,0,1,0,0,0,0,
no_iterative_deepening,GRA/GRA060^2.p,TH0,Open,timeout,na,3525,0,0,0,1,0,0,0,0,
no_iterative_deepening,GRA/GRA061^1.p,TH0,CounterSatisfiable,timeout,na,4637,0,0,0,1,0,0,0,0,
no_iterative_deepening,GRA/GRA061^2.p,TH0,CounterSatisfiable,timeout,na,4638,0,0,0,1,0,0,0,0,
no_iterative_deepening,GRA/GRA062^1.p,TH0,Theorem,timeout,na,3561,0,0,0,1,0,0,0,0,
no_iterative_deepening,GRA/GRA062^2.p,TH0,Theorem,timeout,na,3564,0,0,0,1,0,0,0,0,
no_iterative_deepening,GRA/GRA063^1.p,TH0,Open,timeout,na,4073,0,0,0,1,0,0,0,0,
no_iterative_deepening,GRA/GRA063^2.p,TH0,Theorem,timeout,na,4095,0,0,0,1,0,0,0,0,
no_iterative_deepening,GRA/GRA064^1.p,TH0,CounterSatisfiable,timeout,na,5624,0,0,0,1,0,0,0,0,
no_iterative_deepening,GRA/GRA064^2.p,TH0,CounterSatisfiable,timeout,na,5684,0,0,0,1,0,0,0,0,
no_iterative_deepening,GRA/GRA065^1.p,TH0,Open,timeout,na,4099,0,0,0,1,0,0,0,0,
no_iterative_deepening,GRA/GRA065^2.p,TH0,Theorem,timeout,na,4127,0,0,0,1,0,0,0,0,
no_iterative_deepening,GRA/GRA066^1.p,TH0,CounterSatisfiable,timeout,na,5687,0,0,0,1,0,0,0,0,
no_iterative_deepening,GRA/GRA066^2.p,TH0,CounterSatisfiable,timeout,na,5716,0,0,0,1,0,0,0,0,
no_iterative_deepening,GRA/GRA067^1.p,TH0,Open,timeout,na,4787,0,0,0,1,0,0,0,0,
no_iterative_deepening,GRA/GRA067^2.p,TH0,Theorem,timeout,na,4819,0,0,0,1,0,0,0,0,
no_iterative_deepening,GRA/GRA068^1.p,TH0,CounterSatisfiable,parse_timeout,na,0,,,,,,,,,cached: parse exceeded 5000ms
no_iterative_deepening,GRA/GRA068^2.p,TH0,CounterSatisfiable,parse_timeout,na,0,,,,,,,,,cached: parse exceeded 5000ms
no_iterative_deepening,GRA/GRA069^1.p,TH0,Open,timeout,na,4854,0,0,0,1,0,0,0,0,
no_iterative_deepening,GRA/GRA069^2.p,TH0,Theorem,timeout,na,4862,0,0,0,1,0,0,0,0,
no_iterative_deepening,GRA/GRA070^1.p,TH0,CounterSatisfiable,parse_timeout,na,0,,,,,,,,,cached: parse exceeded 5000ms
no_iterative_deepening,GRA/GRA070^2.p,TH0,CounterSatisfiable,parse_timeout,na,0,,,,,,,,,cached: parse exceeded 5000ms
no_iterative_deepening,GRA/GRA071^1.p,TH0,CounterSatisfiable,parse_timeout,na,0,,,,,,,,,cached: parse exceeded 5000ms
no_iterative_deepening,GRA/GRA071^2.p,TH0,CounterSatisfiable,parse_timeout,na,0,,,,,,,,,cached: parse exceeded 5000ms
no_iterative_deepening,GRA/GRA072^1.p,TH0,Open,timeout,na,5750,0,0,0,1,0,0,0,0,
no_iterative_deepening,GRA/GRA072^2.p,TH0,Theorem,timeout,na,5762,0,0,0,1,0,0,0,0,
no_iterative_deepening,GRA/GRA073^1.p,TH0,CounterSatisfiable,parse_timeout,na,0,,,,,,,,,cached: parse exceeded 5000ms
no_iterative_deepening,GRA/GRA073^2.p,TH0,CounterSatisfiable,parse_timeout,na,0,,,,,,,,,cached: parse exceeded 5000ms
no_iterative_deepening,GRA/GRA074^1.p,TH0,Theorem,timeout,na,5752,0,0,0,1,0,0,0,0,
no_iterative_deepening,GRA/GRA074^2.p,TH0,Theorem,timeout,na,5782,0,0,0,1,0,0,0,0,
no_iterative_deepening,GRA/GRA081^1.p,TH0,Unsatisfiable,no_conjecture,na,6,,,,,,,,,
no_iterative_deepening,GRA/GRA082^1.p,TH0,Unsatisfiable,no_conjecture,na,7,,,,,,,,,
no_iterative_deepening,GRA/GRA083^1.p,TH0,Unsatisfiable,no_conjecture,na,9,,,,,,,,,
no_iterative_deepening,GRA/GRA084^1.p,TH0,Unsatisfiable,no_conjecture,na,11,,,,,,,,,
no_iterative_deepening,GRA/GRA085^1.p,TH0,Unsatisfiable,no_conjecture,na,10,,,,,,,,,
no_iterative_deepening,GRA/GRA086^1.p,TH0,Unsatisfiable,no_conjecture,na,8,,,,,,,,,
no_iterative_deepening,GRA/GRA087^1.p,TH0,Unsatisfiable,no_conjecture,na,7,,,,,,,,,
no_iterative_deepening,GRA/GRA088^1.p,TH0,Unsatisfiable,no_conjecture,na,8,,,,,,,,,
no_iterative_deepening,GRA/GRA089^1.p,TH0,Unsatisfiable,no_conjecture,na,9,,,,,,,,,
no_iterative_deepening,GRA/GRA090^1.p,TH0,Unsatisfiable,no_conjecture,na,9,,,,,,,,,
no_iterative_deepening,GRA/GRA091^1.p,TH0,Unsatisfiable,no_conjecture,na,9,,,,,,,,,
no_iterative_deepening,GRA/GRA092^1.p,TH0,Unsatisfiable,no_conjecture,na,9,,,,,,,,,
no_iterative_deepening,GRA/GRA093^1.p,TH0,Unsatisfiable,no_conjecture,na,9,,,,,,,,,
no_iterative_deepening,GRA/GRA094^1.p,TH0,Unsatisfiable,no_conjecture,na,12,,,,,,,,,
no_iterative_deepening,GRA/GRA095^1.p,TH0,Unsatisfiable,no_conjecture,na,11,,,,,,,,,
no_iterative_deepening,GRA/GRA096^1.p,TH0,Unsatisfiable,no_conjecture,na,10,,,,,,,,,
no_iterative_deepening,GRA/GRA097^1.p,TH0,Unsatisfiable,no_conjecture,na,10,,,,,,,,,
no_iterative_deepening,GRA/GRA098^1.p,TH0,Unsatisfiable,no_conjecture,na,10,,,,,,,,,
no_iterative_deepening,GRA/GRA099^1.p,TH0,Unsatisfiable,no_conjecture,na,10,,,,,,,,,
no_iterative_deepening,GRA/GRA100^1.p,TH0,Unsatisfiable,no_conjecture,na,10,,,,,,,,,
no_iterative_deepening,GRA/GRA101^1.p,TH0,Unsatisfiable,no_conjecture,na,11,,,,,,,,,
no_iterative_deepening,GRA/GRA102^1.p,TH0,Unsatisfiable,no_conjecture,na,9,,,,,,,,,
no_iterative_deepening,GRA/GRA103^1.p,TH0,Unsatisfiable,no_conjecture,na,12,,,,,,,,,
no_iterative_deepening,GRA/GRA104^1.p,TH0,Unsatisfiable,no_conjecture,na,11,,,,,,,,,
no_iterative_deepening,GRA/GRA105^1.p,TH0,Unsatisfiable,no_conjecture,na,8,,,,,,,,,
no_iterative_deepening,GRA/GRA106^1.p,TH0,Unsatisfiable,no_conjecture,na,9,,,,,,,,,
no_iterative_deepening,GRA/GRA107^1.p,TH0,Unsatisfiable,no_conjecture,na,9,,,,,,,,,
no_iterative_deepening,GRA/GRA108^1.p,TH0,Unsatisfiable,no_conjecture,na,9,,,,,,,,,
no_iterative_deepening,GRA/GRA109^1.p,TH0,Unsatisfiable,no_conjecture,na,9,,,,,,,,,
no_iterative_deepening,GRA/GRA110^1.p,TH0,Unsatisfiable,no_conjecture,na,10,,,,,,,,,
no_iterative_deepening,GRA/GRA111^1.p,TH0,Unsatisfiable,no_conjecture,na,9,,,,,,,,,
no_iterative_deepening,GRA/GRA112^1.p,TH0,Unsatisfiable,no_conjecture,na,9,,,,,,,,,
no_iterative_deepening,GRA/GRA113^1.p,TH0,Unsatisfiable,no_conjecture,na,10,,,,,,,,,
no_iterative_deepening,GRA/GRA114^1.p,TH0,Unsatisfiable,no_conjecture,na,10,,,,,,,,,
no_iterative_deepening,GRA/GRA115^1.p,TH0,Unsatisfiable,no_conjecture,na,11,,,,,,,,,
no_iterative_deepening,GRA/GRA116^1.p,TH0,Unsatisfiable,no_conjecture,na,11,,,,,,,,,
no_iterative_deepening,GRP/GRP001^5.p,TH0,Theorem,timeout,na,2053,2126,95,2126,198,9,0,2,0,
no_iterative_deepening,GRP/GRP782^1.p,TH0,Unknown,timeout,na,2651,0,0,0,1,0,0,0,0,
no_iterative_deepening,GRP/GRP783^1.p,TH0,Unknown,timeout,na,2655,0,0,0,1,0,0,0,0,
no_iterative_deepening,GRP/GRP784^1.p,TH0,Unknown,timeout,na,2653,0,0,0,1,0,0,0,0,
no_iterative_deepening,GRP/GRP785^1.p,TH0,Unknown,timeout,na,2633,0,0,0,1,0,0,0,0,
no_iterative_deepening,GRP/GRP786^1.p,TH0,Unknown,timeout,na,2667,0,0,0,1,0,0,0,0,
no_iterative_deepening,GRP/GRP787^1.p,TH0,Unknown,timeout,na,2645,0,0,0,1,0,0,0,0,
no_iterative_deepening,GRP/GRP788^1.p,TH0,Unknown,timeout,na,2625,0,0,0,1,0,0,0,0,
no_iterative_deepening,GRP/GRP789^1.p,TH0,Unknown,timeout,na,2647,0,0,0,1,0,0,0,0,
no_iterative_deepening,GRP/GRP790^1.p,TH0,Unknown,timeout,na,2647,0,0,0,1,0,0,0,0,
no_iterative_deepening,GRP/GRP791^1.p,TH0,Unknown,timeout,na,2645,0,0,0,1,0,0,0,0,
no_iterative_deepening,GRP/GRP792^1.p,TH0,Theorem,timeout,na,2683,0,0,0,1,0,0,0,0,
no_iterative_deepening,GRP/GRP793^1.p,TH0,Unknown,timeout,na,2657,0,0,0,1,0,0,0,0,
no_iterative_deepening,GRP/GRP794^1.p,TH0,Theorem,timeout,na,2641,0,0,0,1,0,0,0,0,
no_iterative_deepening,GRP/GRP795^1.p,TH0,Unknown,timeout,na,2614,0,0,0,1,0,0,0,0,
no_iterative_deepening,GRP/GRP796^1.p,TH0,Unknown,timeout,na,2636,0,0,0,1,0,0,0,0,
no_iterative_deepening,GRP/GRP797^1.p,TH0,Unknown,timeout,na,2601,0,0,0,1,0,0,0,0,
no_iterative_deepening,GRP/GRP798^1.p,TH0,Unknown,timeout,na,2641,0,0,0,1,0,0,0,0,
no_iterative_deepening,GRP/GRP799^1.p,TH0,Unknown,timeout,na,2636,0,0,0,1,0,0,0,0,
no_iterative_deepening,GRP/GRP800^1.p,TH0,Unknown,timeout,na,2664,0,0,0,1,0,0,0,0,
no_iterative_deepening,GRP/GRP801^1.p,TH0,Unknown,timeout,na,2645,0,0,0,1,0,0,0,0,
no_iterative_deepening,GRP/GRP802^1.p,TH0,Theorem,timeout,na,2664,0,0,0,1,0,0,0,0,
no_iterative_deepening,GRP/GRP803^1.p,TH0,Unknown,timeout,na,2662,0,0,0,1,0,0,0,0,
no_iterative_deepening,GRP/GRP804^1.p,TH0,Theorem,timeout,na,2649,0,0,0,1,0,0,0,0,
no_iterative_deepening,GRP/GRP805^1.p,TH0,Unknown,timeout,na,2621,0,0,0,1,0,0,0,0,
no_iterative_deepening,GRP/GRP806^1.p,TH0,Unknown,timeout,na,2684,0,0,0,1,0,0,0,0,
no_iterative_deepening,GRP/GRP807^1.p,TH0,Unknown,timeout,na,2658,0,0,0,1,0,0,0,0,
no_iterative_deepening,GRP/GRP808^1.p,TH0,Theorem,timeout,na,2646,0,0,0,1,0,0,0,0,
no_iterative_deepening,GRP/GRP809^1.p,TH0,Unknown,timeout,na,2652,0,0,0,1,0,0,0,0,
no_iterative_deepening,GRP/GRP810^1.p,TH0,Unknown,timeout,na,2626,0,0,0,1,0,0,0,0,
no_iterative_deepening,GRP/GRP811^1.p,TH0,Unknown,timeout,na,2630,0,0,0,1,0,0,0,0,
no_iterative_deepening,GRP/GRP812^1.p,TH0,Unknown,timeout,na,2647,0,0,0,1,0,0,0,0,
no_iterative_deepening,GRP/GRP813^1.p,TH0,Unknown,timeout,na,2647,0,0,0,1,0,0,0,0,
no_iterative_deepening,GRP/GRP814^1.p,TH0,Unknown,timeout,na,2643,0,0,0,1,0,0,0,0,
no_iterative_deepening,GRP/GRP815^1.p,TH0,Unknown,timeout,na,2649,0,0,0,1,0,0,0,0,
no_iterative_deepening,GRP/GRP816^1.p,TH0,Unknown,timeout,na,2667,0,0,0,1,0,0,0,0,
no_iterative_deepening,GRP/GRP817^1.p,TH0,Unknown,timeout,na,2674,0,0,0,1,0,0,0,0,
no_iterative_deepening,GRP/GRP818^1.p,TH0,Unknown,timeout,na,2689,0,0,0,1,0,0,0,0,
no_iterative_deepening,GRP/GRP819^1.p,TH0,Unknown,timeout,na,2663,0,0,0,1,0,0,0,0,
no_iterative_deepening,GRP/GRP820^1.p,TH0,Unknown,timeout,na,2675,0,0,0,1,0,0,0,0,
no_iterative_deepening,GRP/GRP821^1.p,TH0,Unknown,timeout,na,2643,0,0,0,1,0,0,0,0,
no_iterative_deepening,ITP/ITP001^1.p,TH0,Theorem,thm,yes,59,7,0,7,2,2,0,0,0,
no_iterative_deepening,ITP/ITP001^2.p,TH0,Theorem,thm,yes,18,1,0,1,1,1,0,0,0,
no_iterative_deepening,ITP/ITP001^3.p,TH1,Theorem,thm,yes,10,6,0,6,2,2,0,0,0,
no_iterative_deepening,ITP/ITP001^4.p,TH0,Theorem,thm,yes,323,31,0,31,4,4,0,0,0,
no_iterative_deepening,ITP/ITP001^5.p,TH0,Theorem,thm,yes,117,1,0,1,1,1,0,0,0,
no_iterative_deepening,ITP/ITP001^7.p,TH1,Theorem,thm,yes,310,25,0,25,4,4,0,0,0,
no_iterative_deepening,ITP/ITP002^1.p,TH0,Theorem,timeout,na,2161,1260,96,1260,48,0,0,0,0,
no_iterative_deepening,ITP/ITP002^2.p,TH0,Theorem,timeout,na,2154,1927,77,1927,158,49,0,0,0,
no_iterative_deepening,ITP/ITP002^3.p,TH1,Theorem,timeout,na,2132,2576,49,2576,209,185,0,1,0,
no_iterative_deepening,ITP/ITP002^4.p,TH0,Theorem,parse_timeout,na,0,,,,,,,,,cached: parse exceeded 5000ms
no_iterative_deepening,ITP/ITP002^5.p,TH0,Theorem,timeout,na,4589,226,21,226,2,0,0,0,0,
no_iterative_deepening,ITP/ITP002^7.p,TH1,Theorem,timeout,na,3299,192,9,192,20,8,0,0,0,
no_iterative_deepening,ITP/ITP003^1.p,TH0,Theorem,timeout,na,2196,31,3,31,1,0,0,0,0,
no_iterative_deepening,ITP/ITP003^2.p,TH0,Theorem,timeout,na,2314,1610,19,1610,324,0,0,1,0,
no_iterative_deepening,ITP/ITP003^3.p,TH1,Theorem,timeout,na,2275,3967,226,3967,162,82,0,0,0,
no_iterative_deepening,ITP/ITP003^4.p,TH0,Theorem,parse_timeout,na,0,,,,,,,,,cached: parse exceeded 5000ms
no_iterative_deepening,ITP/ITP003^5.p,TH0,Theorem,parse_timeout,na,0,,,,,,,,,cached: parse exceeded 5000ms
no_iterative_deepening,ITP/ITP003^7.p,TH1,Theorem,timeout,na,4416,48,1,48,9,0,0,0,0,
no_iterative_deepening,ITP/ITP004^1.p,TH0,Theorem,timeout,na,2134,748,52,748,46,0,0,0,0,
no_iterative_deepening,ITP/ITP004^2.p,TH0,Theorem,timeout,na,2128,1534,29,1534,209,0,0,0,0,
no_iterative_deepening,ITP/ITP004^3.p,TH1,Theorem,timeout,na,2089,2461,42,2461,115,160,0,1,0,
no_iterative_deepening,ITP/ITP004^4.p,TH0,Theorem,parse_timeout,na,0,,,,,,,,,cached: parse exceeded 5000ms
no_iterative_deepening,ITP/ITP004^5.p,TH0,Theorem,parse_timeout,na,0,,,,,,,,,cached: parse exceeded 5000ms
no_iterative_deepening,ITP/ITP004^7.p,TH1,Theorem,timeout,na,6212,0,0,0,1,0,0,0,0,
no_iterative_deepening,ITP/ITP005^1.p,TH0,Theorem,timeout,na,2186,783,65,783,16,0,0,0,0,
no_iterative_deepening,ITP/ITP005^2.p,TH0,Theorem,timeout,na,2188,1741,37,1741,211,36,0,1,0,
no_iterative_deepening,ITP/ITP005^3.p,TH1,Theorem,timeout,na,2091,1959,140,1959,90,4,0,1,0,
no_iterative_deepening,ITP/ITP005^4.p,TH0,Theorem,parse_timeout,na,0,,,,,,,,,cached: parse exceeded 5000ms
no_iterative_deepening,ITP/ITP005^5.p,TH0,Theorem,parse_timeout,na,0,,,,,,,,,cached: parse exceeded 5000ms
no_iterative_deepening,ITP/ITP005^7.p,TH1,Theorem,parse_timeout,na,0,,,,,,,,,cached: parse exceeded 5000ms
no_iterative_deepening,ITP/ITP006^1.p,TH0,Theorem,timeout,na,2183,716,40,716,48,0,0,0,0,
no_iterative_deepening,ITP/ITP006^2.p,TH0,Theorem,timeout,na,2141,570,10,570,90,4,0,1,0,
no_iterative_deepening,ITP/ITP006^3.p,TH1,Theorem,timeout,na,2075,746,42,746,52,1,0,1,0,
no_iterative_deepening,ITP/ITP006^4.p,TH0,Theorem,parse_timeout,na,0,,,,,,,,,cached: parse exceeded 5000ms
no_iterative_deepening,ITP/ITP006^5.p,TH0,Theorem,parse_timeout,na,0,,,,,,,,,cached: parse exceeded 5000ms
no_iterative_deepening,ITP/ITP006^7.p,TH1,Theorem,parse_timeout,na,0,,,,,,,,,cached: parse exceeded 5000ms
no_iterative_deepening,ITP/ITP007^1.p,TH0,Theorem,timeout,na,2439,223,17,223,4,0,0,0,0,
no_iterative_deepening,ITP/ITP007^2.p,TH0,Theorem,timeout,na,2466,1893,19,1893,156,426,0,1,0,
no_iterative_deepening,ITP/ITP007^3.p,TH1,Theorem,timeout,na,2192,1865,95,1865,111,13,0,1,0,
no_iterative_deepening,ITP/ITP007^4.p,TH0,Theorem,parse_timeout,na,0,,,,,,,,,cached: parse exceeded 5000ms
no_iterative_deepening,ITP/ITP007^5.p,TH0,Theorem,parse_timeout,na,0,,,,,,,,,cached: parse exceeded 5000ms
no_iterative_deepening,ITP/ITP007^7.p,TH1,Theorem,parse_timeout,na,0,,,,,,,,,cached: parse exceeded 5000ms
no_iterative_deepening,ITP/ITP008^1.p,TH0,Theorem,timeout,na,2138,1139,75,1139,48,0,0,0,0,
no_iterative_deepening,ITP/ITP008^2.p,TH0,Theorem,timeout,na,2198,1650,89,1650,167,0,0,0,0,
no_iterative_deepening,ITP/ITP008^3.p,TH1,Theorem,timeout,na,2048,1033,35,1033,36,50,0,1,0,
no_iterative_deepening,ITP/ITP008^4.p,TH0,Theorem,parse_timeout,na,0,,,,,,,,,cached: parse exceeded 5000ms
no_iterative_deepening,ITP/ITP008^5.p,TH0,Theorem,parse_timeout,na,0,,,,,,,,,cached: parse exceeded 5000ms
no_iterative_deepening,ITP/ITP008^7.p,TH1,Theorem,parse_timeout,na,0,,,,,,,,,cached: parse exceeded 5000ms
no_iterative_deepening,ITP/ITP009^1.p,TH0,Theorem,timeout,na,2212,804,73,804,8,0,0,0,0,
no_iterative_deepening,ITP/ITP009^2.p,TH0,Theorem,timeout,na,2175,851,18,851,171,4,0,1,0,
no_iterative_deepening,ITP/ITP009^3.p,TH1,Theorem,timeout,na,2065,843,66,843,26,1,0,1,0,
no_iterative_deepening,ITP/ITP009^4.p,TH0,Theorem,parse_timeout,na,0,,,,,,,,,cached: parse exceeded 5000ms
no_iterative_deepening,ITP/ITP009^5.p,TH0,Theorem,parse_timeout,na,0,,,,,,,,,cached: parse exceeded 5000ms
no_iterative_deepening,ITP/ITP009^7.p,TH1,Theorem,parse_timeout,na,0,,,,,,,,,cached: parse exceeded 5000ms
no_iterative_deepening,ITP/ITP010^1.p,TH0,Theorem,thm,yes,102,7,0,7,1,1,0,0,0,
no_iterative_deepening,ITP/ITP010^2.p,TH0,Theorem,thm,yes,68,15,1,15,1,1,0,0,0,
no_iterative_deepening,ITP/ITP010^3.p,TH1,Theorem,thm,yes,28,5,0,5,1,1,0,0,0,
no_iterative_deepening,ITP/ITP010^4.p,TH0,Theorem,parse_timeout,na,0,,,,,,,,,cached: parse exceeded 5000ms
no_iterative_deepening,ITP/ITP010^5.p,TH0,Theorem,parse_timeout,na,0,,,,,,,,,cached: parse exceeded 5000ms
no_iterative_deepening,ITP/ITP010^7.p,TH1,Theorem,parse_timeout,na,0,,,,,,,,,cached: parse exceeded 5000ms
no_iterative_deepening,ITP/ITP011^1.p,TH0,Theorem,timeout,na,2207,728,57,728,16,0,0,0,0,
no_iterative_deepening,ITP/ITP011^2.p,TH0,Theorem,timeout,na,2158,285,15,285,25,1,0,0,0,
no_iterative_deepening,ITP/ITP011^3.p,TH1,Theorem,timeout,na,2095,414,30,414,12,10,0,1,0,
no_iterative_deepening,ITP/ITP011^4.p,TH0,Theorem,parse_timeout,na,0,,,,,,,,,cached: parse exceeded 5000ms
no_iterative_deepening,ITP/ITP011^5.p,TH0,Theorem,parse_timeout,na,0,,,,,,,,,cached: parse exceeded 5000ms
no_iterative_deepening,ITP/ITP011^7.p,TH1,Theorem,parse_timeout,na,0,,,,,,,,,cached: parse exceeded 5000ms
no_iterative_deepening,ITP/ITP012^1.p,TH0,Theorem,timeout,na,2234,1678,89,1678,118,57,0,0,0,
no_iterative_deepening,ITP/ITP012^2.p,TH0,Theorem,timeout,na,2215,1845,10,1845,372,10,0,1,0,
no_iterative_deepening,ITP/ITP012^3.p,TH1,Theorem,timeout,na,2201,4222,195,4222,180,319,0,0,0,
no_iterative_deepening,ITP/ITP012^4.p,TH0,Theorem,parse_timeout,na,0,,,,,,,,,cached: parse exceeded 5000ms
no_iterative_deepening,ITP/ITP012^5.p,TH0,Theorem,parse_timeout,na,0,,,,,,,,,cached: parse exceeded 5000ms
no_iterative_deepening,ITP/ITP012^7.p,TH1,Theorem,parse_timeout,na,0,,,,,,,,,cached: parse exceeded 5000ms
no_iterative_deepening,ITP/ITP013^1.p,TH0,Theorem,timeout,na,2140,559,53,559,4,0,0,0,0,
no_iterative_deepening,ITP/ITP013^2.p,TH0,Theorem,timeout,na,2183,2205,21,2205,220,128,0,2,0,
no_iterative_deepening,ITP/ITP013^3.p,TH1,Theorem,prover_error,na,2132,,,,,,,,,{{%RuntimeError{message: "ShotTx.Proof.interior_event/2: unhandled trace entry {445038504  {:instantiate  #Stream<[enum: [503224996  503225028]  funs: [#Function<49.48511117/1 in Stream.map/2>  #Function<49.48511117/1 in Stream.map/2>]]>  2}  []}"}  [{ShotTx.Proof  :interior_event  2  [file: ~c"lib/shot_tx/proof.ex"  line: 474  error_info: %{module: Exception}]}  {Enum  :"-reduce/3-lists^foldl/2-0-"  3  [file: ~c"lib/enum.ex"  line: 2622]}  {ShotTx.Proof  :linearize  2  [file: ~c"lib/shot_tx/proof.ex"  line: 367]}  {Enum  :"-map/2-fun-0-"  3  [file: ~c"lib/enum.ex"  line: 1733]}  {:maps  :fold_1  4  [file: ~c"maps.erl"  line: 894]}  {Enum  :map  2  [file: ~c"lib/enum.ex"  line: 2634]}  {ShotTx.Proof  :from_refutation  4  [file: ~c"lib/shot_tx/proof.ex"  line: 117]}  {ShotTx.Prover.Manager  :finish_with_timeout  1  [file: ~c"lib/shot_tx/prover/manager.ex"  line: 221]}]}  {GenServer  :call  [{:via  Registry  {ShotTx.Prover.ProcessRegistry  {"#Reference<0.1844185829.1660944387.112905>"  :manager}}}  :start_proof  :infinity]}}
no_iterative_deepening,ITP/ITP013^4.p,TH0,Theorem,parse_timeout,na,0,,,,,,,,,cached: parse exceeded 5000ms
no_iterative_deepening,ITP/ITP013^5.p,TH0,Theorem,parse_timeout,na,0,,,,,,,,,cached: parse exceeded 5000ms
no_iterative_deepening,ITP/ITP013^7.p,TH1,Theorem,parse_timeout,na,0,,,,,,,,,cached: parse exceeded 5000ms
no_iterative_deepening,ITP/ITP014^1.p,TH0,Theorem,timeout,na,2411,13,1,13,1,0,0,0,0,
no_iterative_deepening,ITP/ITP014^2.p,TH0,Theorem,timeout,na,2367,39,3,39,1,0,0,0,0,
no_iterative_deepening,ITP/ITP014^3.p,TH1,Theorem,timeout,na,2181,14,1,14,1,0,0,0,0,
no_iterative_deepening,ITP/ITP014^4.p,TH0,Theorem,parse_timeout,na,0,,,,,,,,,cached: parse exceeded 5000ms
no_iterative_deepening,ITP/ITP014^5.p,TH0,Theorem,parse_timeout,na,0,,,,,,,,,cached: parse exceeded 5000ms
no_iterative_deepening,ITP/ITP014^7.p,TH1,Theorem,parse_timeout,na,0,,,,,,,,,cached: parse exceeded 5000ms
no_iterative_deepening,ITP/ITP015^1.p,TH0,Theorem,timeout,na,2146,571,55,571,4,0,0,0,0,
no_iterative_deepening,ITP/ITP015^2.p,TH0,Theorem,timeout,na,2319,2747,23,2747,193,240,0,0,0,
no_iterative_deepening,ITP/ITP015^3.p,TH1,Theorem,timeout,na,2109,2059,104,2059,169,28,0,1,0,
no_iterative_deepening,ITP/ITP015^4.p,TH0,Theorem,parse_timeout,na,0,,,,,,,,,cached: parse exceeded 5000ms
no_iterative_deepening,ITP/ITP015^5.p,TH0,Theorem,parse_timeout,na,0,,,,,,,,,cached: parse exceeded 5000ms
no_iterative_deepening,ITP/ITP015^7.p,TH1,Theorem,parse_timeout,na,0,,,,,,,,,cached: parse exceeded 5000ms
no_iterative_deepening,ITP/ITP016^1.p,TH0,Theorem,timeout,na,2267,1463,106,1463,64,0,0,0,0,
no_iterative_deepening,ITP/ITP016^2.p,TH0,Theorem,timeout,na,2332,1322,22,1322,278,0,0,1,0,
no_iterative_deepening,ITP/ITP016^3.p,TH1,Theorem,timeout,na,2279,3808,156,3808,219,6,0,0,0,
no_iterative_deepening,ITP/ITP016^4.p,TH0,Theorem,parse_timeout,na,0,,,,,,,,,cached: parse exceeded 5000ms
no_iterative_deepening,ITP/ITP016^5.p,TH0,Theorem,parse_timeout,na,0,,,,,,,,,cached: parse exceeded 5000ms
no_iterative_deepening,ITP/ITP016^7.p,TH1,Theorem,parse_timeout,na,0,,,,,,,,,cached: parse exceeded 5000ms
no_iterative_deepening,ITP/ITP017^1.p,TH0,Theorem,timeout,na,2384,20,2,20,1,0,0,0,0,
no_iterative_deepening,ITP/ITP017^2.p,TH0,Theorem,timeout,na,2350,57,5,57,1,0,0,0,0,
no_iterative_deepening,ITP/ITP017^3.p,TH1,Theorem,timeout,na,2169,20,2,20,1,0,0,0,0,
no_iterative_deepening,ITP/ITP017^4.p,TH0,Theorem,parse_timeout,na,0,,,,,,,,,cached: parse exceeded 5000ms
no_iterative_deepening,ITP/ITP017^5.p,TH0,Theorem,parse_timeout,na,0,,,,,,,,,cached: parse exceeded 5000ms
no_iterative_deepening,ITP/ITP017^7.p,TH1,Theorem,parse_timeout,na,0,,,,,,,,,cached: parse exceeded 5000ms
no_iterative_deepening,ITP/ITP018^1.p,TH0,Theorem,timeout,na,2173,1421,59,1421,141,34,0,0,0,
no_iterative_deepening,ITP/ITP018^2.p,TH0,Theorem,timeout,na,2095,877,39,877,77,16,0,0,0,
no_iterative_deepening,ITP/ITP018^3.p,TH1,Theorem,timeout,na,2100,3335,71,3335,79,304,0,1,0,
no_iterative_deepening,ITP/ITP018^4.p,TH0,Theorem,parse_timeout,na,0,,,,,,,,,cached: parse exceeded 5000ms
no_iterative_deepening,ITP/ITP018^5.p,TH0,Theorem,parse_timeout,na,0,,,,,,,,,cached: parse exceeded 5000ms
no_iterative_deepening,ITP/ITP018^7.p,TH1,Theorem,parse_timeout,na,0,,,,,,,,,cached: parse exceeded 5000ms
no_iterative_deepening,ITP/ITP019^1.p,TH0,Theorem,timeout,na,2184,1475,56,1475,178,23,0,0,0,
no_iterative_deepening,ITP/ITP019^2.p,TH0,Theorem,timeout,na,2258,2381,15,2381,924,0,0,3,0,
no_iterative_deepening,ITP/ITP019^3.p,TH1,Theorem,timeout,na,2110,3860,46,3860,151,364,0,1,0,
no_iterative_deepening,ITP/ITP019^4.p,TH0,Theorem,parse_timeout,na,0,,,,,,,,,cached: parse exceeded 5000ms
no_iterative_deepening,ITP/ITP019^5.p,TH0,Theorem,parse_timeout,na,0,,,,,,,,,cached: parse exceeded 5000ms
no_iterative_deepening,ITP/ITP019^7.p,TH1,Theorem,parse_timeout,na,0,,,,,,,,,cached: parse exceeded 5000ms
no_iterative_deepening,ITP/ITP020^1.p,TH0,ContradictoryAxioms,timeout,na,2247,437,41,437,4,0,0,0,0,
no_iterative_deepening,ITP/ITP020^2.p,TH0,Theorem,timeout,na,2266,1711,12,1711,363,0,0,1,0,
no_iterative_deepening,ITP/ITP020^3.p,TH1,Theorem,timeout,na,2058,917,75,917,21,1,0,1,0,
no_iterative_deepening,ITP/ITP020^4.p,TH0,Theorem,parse_timeout,na,0,,,,,,,,,cached: parse exceeded 5000ms
no_iterative_deepening,ITP/ITP020^5.p,TH0,Theorem,parse_timeout,na,0,,,,,,,,,cached: parse exceeded 5000ms
no_iterative_deepening,ITP/ITP020^7.p,TH1,Theorem,parse_timeout,na,0,,,,,,,,,cached: parse exceeded 5000ms
no_iterative_deepening,ITP/ITP021^1.p,TH0,Theorem,timeout,na,2135,973,92,973,8,0,0,0,0,
no_iterative_deepening,ITP/ITP021^2.p,TH0,Theorem,timeout,na,2191,1566,16,1566,242,1,0,0,0,
no_iterative_deepening,ITP/ITP021^3.p,TH1,Theorem,timeout,na,2271,3617,99,3569,387,263,0,1,0,
no_iterative_deepening,ITP/ITP021^4.p,TH0,Theorem,parse_timeout,na,0,,,,,,,,,cached: parse exceeded 5000ms
no_iterative_deepening,ITP/ITP021^5.p,TH0,Theorem,parse_timeout,na,0,,,,,,,,,cached: parse exceeded 5000ms
no_iterative_deepening,ITP/ITP021^7.p,TH1,Theorem,parse_timeout,na,0,,,,,,,,,cached: parse exceeded 5000ms
no_iterative_deepening,ITP/ITP022^1.p,TH0,Theorem,timeout,na,2319,17,1,17,1,0,0,0,0,
no_iterative_deepening,ITP/ITP022^2.p,TH0,Theorem,timeout,na,2290,44,4,44,1,0,0,0,0,
no_iterative_deepening,ITP/ITP022^3.p,TH1,Theorem,timeout,na,2136,13,1,13,1,0,0,0,0,
no_iterative_deepening,ITP/ITP022^4.p,TH0,Theorem,parse_timeout,na,0,,,,,,,,,cached: parse exceeded 5000ms
no_iterative_deepening,ITP/ITP022^5.p,TH0,Theorem,parse_timeout,na,0,,,,,,,,,cached: parse exceeded 5000ms
no_iterative_deepening,ITP/ITP022^7.p,TH1,Theorem,parse_timeout,na,0,,,,,,,,,cached: parse exceeded 5000ms
no_iterative_deepening,ITP/ITP023^1.p,TH0,Theorem,timeout,na,2213,1166,63,1166,90,10,0,0,0,
no_iterative_deepening,ITP/ITP023^2.p,TH0,Theorem,timeout,na,2181,1515,16,1515,226,4,0,0,0,
no_iterative_deepening,ITP/ITP023^3.p,TH1,Theorem,timeout,na,2093,1619,97,1619,111,1,0,1,0,
no_iterative_deepening,ITP/ITP023^4.p,TH0,Theorem,parse_timeout,na,0,,,,,,,,,cached: parse exceeded 5000ms
no_iterative_deepening,ITP/ITP023^5.p,TH0,Theorem,parse_timeout,na,0,,,,,,,,,cached: parse exceeded 5000ms
no_iterative_deepening,ITP/ITP023^7.p,TH1,Theorem,parse_timeout,na,0,,,,,,,,,cached: parse exceeded 5000ms
no_iterative_deepening,ITP/ITP024^1.p,TH0,Theorem,timeout,na,3421,18,1,18,1,0,0,0,0,
no_iterative_deepening,ITP/ITP024^2.p,TH0,Theorem,timeout,na,2508,57,5,57,1,0,0,0,0,
no_iterative_deepening,ITP/ITP024^3.p,TH1,Theorem,timeout,na,2239,20,2,20,1,0,0,0,0,
no_iterative_deepening,ITP/ITP024^4.p,TH0,Theorem,parse_timeout,na,0,,,,,,,,,cached: parse exceeded 5000ms
no_iterative_deepening,ITP/ITP024^5.p,TH0,Theorem,parse_timeout,na,0,,,,,,,,,cached: parse exceeded 5000ms
no_iterative_deepening,ITP/ITP024^7.p,TH1,Theorem,parse_timeout,na,0,,,,,,,,,cached: parse exceeded 5000ms
no_iterative_deepening,ITP/ITP025^1.p,TH0,Theorem,timeout,na,2471,466,33,466,16,3,0,0,0,
no_iterative_deepening,ITP/ITP025^2.p,TH0,Theorem,timeout,na,2352,904,26,904,158,0,0,0,0,
no_iterative_deepening,ITP/ITP025^3.p,TH1,Theorem,timeout,na,2112,341,23,341,4,15,0,2,0,
no_iterative_deepening,ITP/ITP025^4.p,TH0,Theorem,parse_timeout,na,0,,,,,,,,,cached: parse exceeded 5000ms
no_iterative_deepening,ITP/ITP025^5.p,TH0,Theorem,parse_timeout,na,0,,,,,,,,,cached: parse exceeded 5000ms
no_iterative_deepening,ITP/ITP025^7.p,TH1,Theorem,parse_timeout,na,0,,,,,,,,,cached: parse exceeded 5000ms
no_iterative_deepening,ITP/ITP026^1.p,TH0,Theorem,timeout,na,2741,1123,82,1123,45,29,0,6,0,
no_iterative_deepening,ITP/ITP026^2.p,TH1,Theorem,timeout,na,3146,401,28,401,9,10,0,6,0,
no_iterative_deepening,ITP/ITP027^1.p,TH0,Theorem,timeout,na,3287,240,24,240,1,0,0,0,0,
no_iterative_deepening,ITP/ITP027^2.p,TH1,Theorem,timeout,na,4232,71,7,71,1,0,0,0,0,
no_iterative_deepening,ITP/ITP028^1.p,TH0,Theorem,timeout,na,2538,550,50,550,5,4,0,0,0,
no_iterative_deepening,ITP/ITP028^2.p,TH1,Theorem,timeout,na,2828,8,0,8,1,0,0,0,0,
no_iterative_deepening,ITP/ITP029^1.p,TH0,ContradictoryAxioms,timeout,na,2514,256,14,256,15,7,0,0,0,
no_iterative_deepening,ITP/ITP029^2.p,TH1,ContradictoryAxioms,timeout,na,2508,70,4,70,5,0,0,0,0,
no_iterative_deepening,ITP/ITP030^1.p,TH0,ContradictoryAxioms,thm,na,638,1,0,1,1,1,0,0,0,
no_iterative_deepening,ITP/ITP030^2.p,TH1,ContradictoryAxioms,thm,na,808,1,0,1,1,1,0,0,0,
no_iterative_deepening,ITP/ITP031^1.p,TH0,Theorem,timeout,na,2474,527,14,527,128,18,0,0,0,
no_iterative_deepening,ITP/ITP031^2.p,TH1,Theorem,timeout,na,2488,48,4,48,1,0,0,0,0,
no_iterative_deepening,ITP/ITP032^1.p,TH0,Theorem,timeout,na,2488,359,22,359,20,5,0,0,0,
no_iterative_deepening,ITP/ITP032^2.p,TH1,Theorem,timeout,na,2504,73,5,73,4,0,0,0,0,
no_iterative_deepening,ITP/ITP033^1.p,TH0,Theorem,timeout,na,2605,687,38,687,100,4,0,0,0,
no_iterative_deepening,ITP/ITP033^2.p,TH1,Theorem,timeout,na,2541,140,3,140,12,0,0,0,0,
no_iterative_deepening,ITP/ITP034^1.p,TH0,Theorem,thm,yes,683,2,0,2,1,1,0,0,0,
no_iterative_deepening,ITP/ITP034^2.p,TH1,Theorem,timeout,na,2474,152,7,152,8,0,0,0,0,
no_iterative_deepening,ITP/ITP035^1.p,TH0,Theorem,timeout,na,2503,161,1,161,32,0,0,0,0,
no_iterative_deepening,ITP/ITP035^2.p,TH1,Theorem,timeout,na,2490,98,9,98,2,0,0,0,0,
no_iterative_deepening,ITP/ITP036^1.p,TH0,Theorem,timeout,na,2398,0,0,0,1,0,0,0,0,
no_iterative_deepening,ITP/ITP036^2.p,TH1,Theorem,timeout,na,3286,114,11,114,1,0,0,0,0,
no_iterative_deepening,ITP/ITP037^1.p,TH0,Theorem,thm,yes,762,9,0,9,1,0,0,1,1,
no_iterative_deepening,ITP/ITP037^2.p,TH1,Theorem,timeout,na,3172,0,0,0,1,0,0,0,0,
no_iterative_deepening,ITP/ITP038^1.p,TH0,Theorem,timeout,na,2483,205,20,205,1,0,0,0,0,
no_iterative_deepening,ITP/ITP038^2.p,TH1,Theorem,timeout,na,3743,41,4,41,1,0,0,0,0,
no_iterative_deepening,ITP/ITP039^1.p,TH0,Theorem,thm,yes,1075,1,0,1,1,1,0,0,0,
no_iterative_deepening,ITP/ITP039^2.p,TH1,Theorem,thm,yes,3073,1,0,1,1,1,0,0,0,
no_iterative_deepening,ITP/ITP040^1.p,TH0,ContradictoryAxioms,timeout,na,2615,13,1,13,1,0,0,0,0,
no_iterative_deepening,ITP/ITP040^2.p,TH1,ContradictoryAxioms,timeout,na,3530,59,3,59,29,0,0,0,0,
no_iterative_deepening,ITP/ITP041^1.p,TH0,Theorem,thm,yes,863,21,2,21,1,1,0,0,0,
no_iterative_deepening,ITP/ITP041^2.p,TH1,Theorem,timeout,na,3050,70,7,70,1,0,0,0,0,
no_iterative_deepening,ITP/ITP042^1.p,TH0,Theorem,timeout,na,2370,121,12,121,1,0,0,0,0,
no_iterative_deepening,ITP/ITP042^2.p,TH1,Theorem,timeout,na,2713,48,4,48,1,0,0,0,0,
no_iterative_deepening,ITP/ITP043^1.p,TH0,Theorem,timeout,na,2569,2986,199,2986,195,24,0,0,0,
no_iterative_deepening,ITP/ITP043^2.p,TH1,Theorem,timeout,na,2695,1156,63,1156,99,7,0,0,0,
no_iterative_deepening,ITP/ITP044^1.p,TH0,Theorem,timeout,na,2558,3612,40,3613,294,0,0,0,0,
no_iterative_deepening,ITP/ITP044^2.p,TH1,Theorem,timeout,na,2548,1142,51,1142,57,54,0,0,0,
no_iterative_deepening,ITP/ITP045^1.p,TH0,Theorem,timeout,na,3475,215,4,215,36,0,0,0,0,
no_iterative_deepening,ITP/ITP045^2.p,TH1,Theorem,parse_timeout,na,0,,,,,,,,,cached: parse exceeded 5000ms
no_iterative_deepening,ITP/ITP046^1.p,TH0,Theorem,timeout,na,3844,654,2,654,500,36,0,0,0,
no_iterative_deepening,ITP/ITP046^2.p,TH1,Theorem,parse_timeout,na,0,,,,,,,,,cached: parse exceeded 5000ms
no_iterative_deepening,ITP/ITP047^1.p,TH0,Theorem,timeout,na,3602,570,2,570,413,0,0,0,0,
no_iterative_deepening,ITP/ITP047^2.p,TH1,Theorem,parse_timeout,na,0,,,,,,,,,cached: parse exceeded 5000ms
no_iterative_deepening,ITP/ITP048^1.p,TH0,Theorem,timeout,na,2388,223,21,223,2,0,0,0,0,
no_iterative_deepening,ITP/ITP048^2.p,TH1,Theorem,timeout,na,2574,909,71,909,33,0,0,1,0,
no_iterative_deepening,ITP/ITP049^1.p,TH0,Theorem,timeout,na,2585,300,30,300,1,0,0,0,0,
no_iterative_deepening,ITP/ITP049^2.p,TH1,Theorem,timeout,na,3004,130,13,130,1,0,0,0,0,
no_iterative_deepening,ITP/ITP050^1.p,TH0,Theorem,timeout,na,2431,344,31,344,4,0,0,1,0,
no_iterative_deepening,ITP/ITP050^2.p,TH1,Theorem,timeout,na,2692,333,25,333,15,0,0,1,0,
no_iterative_deepening,ITP/ITP051^1.p,TH0,ContradictoryAxioms,timeout,na,2403,126,8,126,5,2,0,0,0,
no_iterative_deepening,ITP/ITP051^2.p,TH1,ContradictoryAxioms,timeout,na,2648,1600,81,1600,112,6,0,0,0,
no_iterative_deepening,ITP/ITP052^1.p,TH0,Theorem,timeout,na,2462,522,34,522,28,6,0,0,0,
no_iterative_deepening,ITP/ITP052^2.p,TH1,Theorem,timeout,na,3071,448,19,448,41,6,0,0,0,
no_iterative_deepening,ITP/ITP053^1.p,TH0,Theorem,timeout,na,2412,1231,107,1231,24,0,0,1,0,
no_iterative_deepening,ITP/ITP053^2.p,TH1,Theorem,timeout,na,2784,131,13,131,1,0,0,0,0,
no_iterative_deepening,ITP/ITP054^1.p,TH0,Theorem,timeout,na,2315,666,16,666,60,27,0,1,0,
no_iterative_deepening,ITP/ITP054^2.p,TH1,Theorem,timeout,na,2629,945,31,945,102,16,0,2,0,
no_iterative_deepening,ITP/ITP055^1.p,TH0,Theorem,timeout,na,2900,3568,132,3568,607,0,0,0,0,
no_iterative_deepening,ITP/ITP055^2.p,TH1,Theorem,timeout,na,3275,438,28,438,35,8,0,1,0,
no_iterative_deepening,ITP/ITP056^1.p,TH0,Theorem,timeout,na,2329,1780,144,1780,103,0,0,0,0,
no_iterative_deepening,ITP/ITP056^2.p,TH1,Theorem,timeout,na,2430,1863,158,1863,54,0,0,0,0,
no_iterative_deepening,ITP/ITP057^1.p,TH0,Theorem,parser_error,na,0,,,,,,,,,cached: Failed to parse formula 'fact_200_SilentDecisionValueNotInverting': [byte:61243] Type Error: Cannot unify strict function types of different arities.
no_iterative_deepening,ITP/ITP057^2.p,TH1,Theorem,parser_error,na,0,,,,,,,,,cached: Failed to parse formula 'fact_125_SilentDecisionValueNotInverting': [byte:52024] Type Error: Cannot unify strict function types of different arities.
no_iterative_deepening,ITP/ITP058^1.p,TH0,Theorem,timeout,na,2921,0,0,0,1,0,0,0,0,
no_iterative_deepening,ITP/ITP058^2.p,TH1,Theorem,timeout,na,3490,0,0,0,1,0,0,0,0,
no_iterative_deepening,ITP/ITP059^1.p,TH0,Theorem,timeout,na,2311,1837,95,1837,102,105,0,4,0,
no_iterative_deepening,ITP/ITP059^2.p,TH1,Theorem,timeout,na,2617,1124,52,1124,63,92,0,2,0,
no_iterative_deepening,ITP/ITP060^1.p,TH0,Theorem,timeout,na,2384,1747,48,1747,267,88,0,6,0,
no_iterative_deepening,ITP/ITP060^2.p,TH1,Theorem,timeout,na,2700,1150,32,1150,136,29,0,7,0,
no_iterative_deepening,ITP/ITP061^1.p,TH0,Theorem,timeout,na,2480,1782,103,1782,312,0,0,1,0,
no_iterative_deepening,ITP/ITP061^2.p,TH1,Theorem,timeout,na,3006,1113,33,1113,688,0,0,1,0,
no_iterative_deepening,ITP/ITP062^1.p,TH0,Theorem,timeout,na,2520,1282,23,1282,240,3,0,1,0,
no_iterative_deepening,ITP/ITP062^2.p,TH1,Theorem,timeout,na,2372,733,50,733,22,6,0,9,0,
no_iterative_deepening,ITP/ITP063^1.p,TH0,Theorem,timeout,na,2638,3679,164,3679,818,95,0,8,0,
no_iterative_deepening,ITP/ITP063^2.p,TH1,Theorem,timeout,na,2465,3296,252,3296,181,2,0,0,0,
no_iterative_deepening,ITP/ITP064^1.p,TH0,Theorem,timeout,na,2409,709,51,709,40,2,0,0,0,
no_iterative_deepening,ITP/ITP064^2.p,TH1,Theorem,timeout,na,2555,2870,223,2870,167,0,0,0,0,
no_iterative_deepening,ITP/ITP065^1.p,TH0,Theorem,timeout,na,2043,1060,59,1060,27,32,0,2,0,
no_iterative_deepening,ITP/ITP065^2.p,TH1,Theorem,timeout,na,3619,154,14,154,2,0,0,0,0,
no_iterative_deepening,ITP/ITP066^1.p,TH0,Theorem,timeout,na,2699,0,0,0,1,0,0,0,0,
no_iterative_deepening,ITP/ITP066^2.p,TH1,Theorem,timeout,na,3130,60,6,60,1,0,0,0,0,
no_iterative_deepening,ITP/ITP067^1.p,TH0,Theorem,timeout,na,2376,1723,141,1723,67,3,0,0,0,
no_iterative_deepening,ITP/ITP067^2.p,TH1,Theorem,timeout,na,2817,327,19,327,19,0,0,0,0,
no_iterative_deepening,ITP/ITP068^1.p,TH0,Theorem,timeout,na,2471,722,54,722,107,0,0,1,0,
no_iterative_deepening,ITP/ITP068^2.p,TH1,Theorem,timeout,na,3251,86,8,86,1,0,0,0,0,
no_iterative_deepening,ITP/ITP069^1.p,TH0,Theorem,timeout,na,2774,1168,36,1168,738,0,0,1,0,
no_iterative_deepening,ITP/ITP069^2.p,TH1,Theorem,timeout,na,3154,67,6,67,1,0,0,0,0,
no_iterative_deepening,ITP/ITP070^1.p,TH0,Theorem,timeout,na,2543,0,0,0,1,0,0,0,0,
no_iterative_deepening,ITP/ITP070^2.p,TH1,Theorem,timeout,na,3234,71,7,71,1,0,0,0,0,
no_iterative_deepening,ITP/ITP071^1.p,TH0,Theorem,timeout,na,2738,0,0,0,1,0,0,0,0,
no_iterative_deepening,ITP/ITP071^2.p,TH1,Theorem,timeout,na,3154,25,2,25,1,0,0,0,0,
no_iterative_deepening,ITP/ITP072^1.p,TH0,Theorem,timeout,na,2475,1040,26,1040,113,14,0,0,0,
no_iterative_deepening,ITP/ITP072^2.p,TH1,Theorem,timeout,na,2508,157,9,157,8,0,0,0,0,
no_iterative_deepening,ITP/ITP073^1.p,TH0,Theorem,timeout,na,2469,218,21,218,1,0,0,0,0,
no_iterative_deepening,ITP/ITP073^2.p,TH1,Theorem,timeout,na,2481,101,9,101,2,0,0,0,0,
no_iterative_deepening,ITP/ITP074^1.p,TH0,Theorem,timeout,na,2341,1296,94,1296,34,22,0,0,0,
no_iterative_deepening,ITP/ITP074^2.p,TH1,Theorem,timeout,na,2380,1418,96,1418,71,15,0,0,0,
no_iterative_deepening,ITP/ITP075^1.p,TH0,Theorem,timeout,na,2324,33,3,33,1,0,0,0,0,
no_iterative_deepening,ITP/ITP075^2.p,TH1,Theorem,timeout,na,2322,55,5,55,1,0,0,0,0,
no_iterative_deepening,ITP/ITP076^1.p,TH0,Theorem,timeout,na,2378,1186,101,1186,18,2,0,0,0,
no_iterative_deepening,ITP/ITP076^2.p,TH1,Theorem,timeout,na,2458,628,49,628,28,4,0,0,0,
no_iterative_deepening,ITP/ITP077^1.p,TH0,Theorem,timeout,na,2533,67,6,67,1,0,0,0,0,
no_iterative_deepening,ITP/ITP077^2.p,TH1,Theorem,timeout,na,2590,201,16,201,6,0,0,0,0,
no_iterative_deepening,ITP/ITP078^1.p,TH0,Theorem,timeout,na,2469,825,48,825,64,7,0,0,0,
no_iterative_deepening,ITP/ITP078^2.p,TH1,Theorem,timeout,na,2410,129,10,129,3,2,0,0,0,
no_iterative_deepening,ITP/ITP079^1.p,TH0,Theorem,timeout,na,2508,232,23,232,1,0,0,0,0,
no_iterative_deepening,ITP/ITP079^2.p,TH1,Theorem,timeout,na,2489,397,28,397,54,0,0,1,0,
no_iterative_deepening,ITP/ITP080^1.p,TH0,Theorem,timeout,na,2997,1091,85,1091,32,8,0,0,0,
no_iterative_deepening,ITP/ITP080^2.p,TH1,Theorem,timeout,na,3224,0,0,0,1,0,0,0,0,
no_iterative_deepening,ITP/ITP081^1.p,TH0,Theorem,timeout,na,2896,1217,82,1217,75,0,0,0,0,
no_iterative_deepening,ITP/ITP081^2.p,TH1,Theorem,timeout,na,3122,0,0,0,1,0,0,0,0,
no_iterative_deepening,ITP/ITP082^1.p,TH0,Theorem,timeout,na,2835,1989,141,1989,112,0,0,0,0,
no_iterative_deepening,ITP/ITP082^2.p,TH1,Theorem,timeout,na,3114,0,0,0,1,0,0,0,0,
no_iterative_deepening,ITP/ITP083^1.p,TH0,Theorem,timeout,na,2678,141,12,141,2,0,0,0,0,
no_iterative_deepening,ITP/ITP083^2.p,TH1,Theorem,timeout,na,3176,0,0,0,1,0,0,0,0,
no_iterative_deepening,ITP/ITP084^1.p,TH0,Theorem,timeout,na,2597,0,0,0,1,0,0,0,0,
no_iterative_deepening,ITP/ITP084^2.p,TH1,Theorem,timeout,na,2855,0,0,0,1,0,0,0,0,
no_iterative_deepening,ITP/ITP085^1.p,TH0,Theorem,timeout,na,2609,0,0,0,1,0,0,0,0,
no_iterative_deepening,ITP/ITP085^2.p,TH1,Theorem,timeout,na,2772,0,0,0,1,0,0,0,0,
no_iterative_deepening,ITP/ITP086^1.p,TH0,Theorem,timeout,na,2487,396,22,396,23,5,0,0,0,
no_iterative_deepening,ITP/ITP086^2.p,TH1,Theorem,timeout,na,2602,99,3,99,10,0,0,0,0,
no_iterative_deepening,ITP/ITP087^1.p,TH0,Theorem,timeout,na,2596,621,8,621,60,20,0,0,0,
no_iterative_deepening,ITP/ITP087^2.p,TH1,Theorem,timeout,na,2723,129,2,129,10,0,0,0,0,
no_iterative_deepening,ITP/ITP088^1.p,TH0,Theorem,timeout,na,2712,539,18,539,235,0,0,0,0,
no_iterative_deepening,ITP/ITP088^2.p,TH1,Theorem,timeout,na,2694,129,9,129,5,0,0,0,0,
no_iterative_deepening,ITP/ITP089^1.p,TH0,Theorem,timeout,na,2592,501,8,501,40,19,0,0,0,
no_iterative_deepening,ITP/ITP089^2.p,TH1,Theorem,timeout,na,2713,119,4,119,10,0,0,0,0,
no_iterative_deepening,ITP/ITP090^1.p,TH0,Theorem,timeout,na,2590,190,15,190,5,0,0,0,0,
no_iterative_deepening,ITP/ITP090^2.p,TH1,Theorem,timeout,na,2701,99,4,99,5,0,0,0,0,
no_iterative_deepening,ITP/ITP091^1.p,TH0,Theorem,timeout,na,2674,514,19,514,194,0,0,0,0,
no_iterative_deepening,ITP/ITP091^2.p,TH1,Theorem,timeout,na,2690,107,7,107,5,0,0,0,0,
no_iterative_deepening,ITP/ITP092^1.p,TH0,Theorem,timeout,na,2901,520,51,520,2,0,0,0,0,
no_iterative_deepening,ITP/ITP092^2.p,TH1,Theorem,timeout,na,3985,38,3,38,1,0,0,0,0,
no_iterative_deepening,ITP/ITP093^1.p,TH0,Theorem,timeout,na,2472,207,20,207,1,0,0,0,0,
no_iterative_deepening,ITP/ITP093^2.p,TH1,Theorem,timeout,na,2745,126,8,126,7,0,0,0,0,
no_iterative_deepening,ITP/ITP094^1.p,TH0,Theorem,timeout,na,2331,482,12,482,80,0,0,0,0,
no_iterative_deepening,ITP/ITP094^2.p,TH1,Theorem,timeout,na,2443,1719,34,1719,135,103,0,1,0,
no_iterative_deepening,ITP/ITP095^1.p,TH0,Theorem,timeout,na,2469,3974,131,3974,227,121,0,0,0,
no_iterative_deepening,ITP/ITP095^2.p,TH1,Theorem,timeout,na,2381,1410,107,1410,46,12,0,4,0,
no_iterative_deepening,ITP/ITP096^1.p,TH0,ContradictoryAxioms,timeout,na,2421,4042,87,4042,415,537,0,6,0,
no_iterative_deepening,ITP/ITP096^2.p,TH1,ContradictoryAxioms,timeout,na,2508,2861,140,2861,188,81,0,0,0,
no_iterative_deepening,ITP/ITP097^1.p,TH0,Theorem,timeout,na,2455,2061,10,2061,479,0,0,0,0,
no_iterative_deepening,ITP/ITP097^2.p,TH1,Theorem,timeout,na,2434,2495,127,2495,251,28,0,9,0,
no_iterative_deepening,ITP/ITP098^1.p,TH0,Theorem,timeout,na,2700,163,16,163,1,0,0,0,0,
no_iterative_deepening,ITP/ITP098^2.p,TH1,Theorem,timeout,na,2583,469,42,469,4,0,0,0,0,
no_iterative_deepening,ITP/ITP099^1.p,TH0,Theorem,timeout,na,2333,468,44,468,6,0,0,0,0,
no_iterative_deepening,ITP/ITP099^2.p,TH1,Theorem,timeout,na,2475,541,43,541,12,0,0,0,0,
no_iterative_deepening,ITP/ITP100^1.p,TH0,Theorem,timeout,na,2734,0,0,0,1,0,0,0,0,
no_iterative_deepening,ITP/ITP100^2.p,TH1,Theorem,timeout,na,3045,0,0,0,1,0,0,0,0,
no_iterative_deepening,ITP/ITP101^1.p,TH0,Theorem,timeout,na,2349,417,34,417,10,0,0,0,0,
no_iterative_deepening,ITP/ITP101^2.p,TH1,Theorem,timeout,na,2546,481,35,481,32,0,0,0,0,
no_iterative_deepening,ITP/ITP102^1.p,TH0,Theorem,timeout,na,2307,443,38,443,8,0,0,0,0,
no_iterative_deepening,ITP/ITP102^2.p,TH1,Theorem,timeout,na,2632,1787,109,1787,200,16,0,0,0,
no_iterative_deepening,ITP/ITP103^1.p,TH0,Theorem,timeout,na,2416,3814,158,3814,357,142,0,4,0,
no_iterative_deepening,ITP/ITP103^2.p,TH1,Theorem,timeout,na,2583,3152,139,3152,281,107,0,2,0,
no_iterative_deepening,ITP/ITP104^1.p,TH0,Theorem,timeout,na,2502,398,29,398,14,0,0,0,0,
no_iterative_deepening,ITP/ITP104^2.p,TH1,Theorem,timeout,na,2526,597,45,597,38,0,0,0,0,
no_iterative_deepening,ITP/ITP105^1.p,TH0,Theorem,timeout,na,2308,316,12,316,30,8,0,0,0,
no_iterative_deepening,ITP/ITP105^2.p,TH1,Theorem,timeout,na,2342,508,8,508,55,0,0,0,0,
no_iterative_deepening,ITP/ITP106^1.p,TH0,Theorem,timeout,na,2455,493,44,493,7,0,0,1,0,
no_iterative_deepening,ITP/ITP106^2.p,TH1,Theorem,timeout,na,3496,0,0,0,1,0,0,0,0,
no_iterative_deepening,ITP/ITP107^1.p,TH0,Theorem,timeout,na,2827,3061,51,3061,285,139,0,0,0,
no_iterative_deepening,ITP/ITP107^2.p,TH1,Theorem,timeout,na,3342,159,15,159,3,2,0,0,0,
no_iterative_deepening,ITP/ITP108^1.p,TH0,Theorem,timeout,na,2384,372,21,372,14,3,0,0,0,
no_iterative_deepening,ITP/ITP108^2.p,TH1,Theorem,timeout,na,3376,0,0,0,1,0,0,0,0,
no_iterative_deepening,ITP/ITP109^1.p,TH0,Theorem,timeout,na,2699,1421,82,1421,188,9,0,0,0,
no_iterative_deepening,ITP/ITP109^2.p,TH1,Theorem,timeout,na,2533,96,5,96,5,0,0,0,0,
no_iterative_deepening,ITP/ITP110^1.p,TH0,Theorem,timeout,na,2500,2853,159,2853,127,67,0,0,0,
no_iterative_deepening,ITP/ITP110^2.p,TH1,Theorem,timeout,na,2422,1216,83,1216,52,16,0,0,0,
no_iterative_deepening,ITP/ITP111^1.p,TH0,Theorem,timeout,na,2212,2443,133,2443,156,56,0,1,0,
no_iterative_deepening,ITP/ITP111^2.p,TH1,Theorem,timeout,na,2432,1951,99,1951,101,74,0,1,0,
no_iterative_deepening,ITP/ITP112^1.p,TH0,Theorem,timeout,na,2699,31,3,31,1,0,0,0,0,
no_iterative_deepening,ITP/ITP112^2.p,TH1,Theorem,timeout,na,2542,258,12,258,21,4,0,0,0,
no_iterative_deepening,ITP/ITP113^1.p,TH0,Theorem,timeout,na,2413,1456,108,1456,50,15,0,0,0,
no_iterative_deepening,ITP/ITP113^2.p,TH1,Theorem,timeout,na,2519,70,7,70,1,0,0,0,0,
no_iterative_deepening,ITP/ITP114^1.p,TH0,Theorem,thm,yes,853,4,0,4,1,0,0,1,1,
no_iterative_deepening,ITP/ITP114^2.p,TH1,Theorem,thm,yes,367,26,2,26,1,0,0,1,1,
no_iterative_deepening,ITP/ITP115^1.p,TH0,Theorem,timeout,na,2394,1055,58,1055,136,43,0,0,0,
no_iterative_deepening,ITP/ITP115^2.p,TH1,Theorem,timeout,na,2629,422,26,422,112,0,0,0,0,
no_iterative_deepening,ITP/ITP116^1.p,TH0,Theorem,timeout,na,2642,238,23,238,1,0,0,0,0,
no_iterative_deepening,ITP/ITP116^2.p,TH1,Theorem,timeout,na,2706,76,7,76,1,0,0,0,0,
no_iterative_deepening,ITP/ITP117^1.p,TH0,Theorem,timeout,na,2518,497,39,497,12,6,0,0,0,
no_iterative_deepening,ITP/ITP117^2.p,TH1,Theorem,timeout,na,2674,65,6,65,1,0,0,0,0,
no_iterative_deepening,ITP/ITP118^1.p,TH0,Theorem,timeout,na,2352,1164,100,1164,30,0,0,0,0,
no_iterative_deepening,ITP/ITP118^2.p,TH1,Theorem,timeout,na,2389,222,16,222,11,0,0,1,0,
no_iterative_deepening,ITP/ITP119^1.p,TH0,ContradictoryAxioms,timeout,na,2680,0,0,0,1,0,0,0,0,
no_iterative_deepening,ITP/ITP119^2.p,TH1,ContradictoryAxioms,timeout,na,2749,0,0,0,1,0,0,0,0,
no_iterative_deepening,ITP/ITP120^1.p,TH0,Theorem,timeout,na,2298,599,45,599,16,0,0,0,0,
no_iterative_deepening,ITP/ITP120^2.p,TH1,Theorem,timeout,na,2409,642,42,642,36,0,0,0,0,
no_iterative_deepening,ITP/ITP121^1.p,TH0,Theorem,timeout,na,2391,724,51,724,32,5,0,0,0,
no_iterative_deepening,ITP/ITP121^2.p,TH1,Theorem,timeout,na,2496,861,51,861,75,6,0,0,0,
no_iterative_deepening,ITP/ITP122^1.p,TH0,Theorem,timeout,na,2380,710,48,710,30,5,0,0,0,
no_iterative_deepening,ITP/ITP122^2.p,TH1,Theorem,timeout,na,2541,1021,65,1021,113,6,0,0,0,
no_iterative_deepening,ITP/ITP123^1.p,TH0,Theorem,timeout,na,2354,423,30,423,17,0,0,1,0,
no_iterative_deepening,ITP/ITP123^2.p,TH1,Theorem,timeout,na,2384,290,26,290,4,0,0,0,0,
no_iterative_deepening,ITP/ITP124^1.p,TH0,Theorem,timeout,na,2332,768,56,768,34,5,0,0,0,
no_iterative_deepening,ITP/ITP124^2.p,TH1,Theorem,timeout,na,2433,716,37,716,52,7,0,0,0,
no_iterative_deepening,ITP/ITP125^1.p,TH0,Theorem,timeout,na,2746,854,37,854,292,0,0,0,0,
no_iterative_deepening,ITP/ITP125^2.p,TH1,Theorem,timeout,na,2507,0,0,0,1,0,0,0,0,
no_iterative_deepening,ITP/ITP126^1.p,TH0,Theorem,timeout,na,2405,3131,147,3131,293,114,0,1,0,
no_iterative_deepening,ITP/ITP126^2.p,TH1,Theorem,timeout,na,2362,395,25,395,16,0,0,0,0,
no_iterative_deepening,ITP/ITP127^1.p,TH0,Theorem,timeout,na,2641,102,10,102,1,0,0,0,0,
no_iterative_deepening,ITP/ITP127^2.p,TH1,Theorem,timeout,na,2576,87,7,87,2,0,0,0,0,
no_iterative_deepening,ITP/ITP128^1.p,TH0,Theorem,thm,yes,4402,1,0,1,1,1,0,0,0,
no_iterative_deepening,ITP/ITP128^2.p,TH1,Theorem,timeout,na,3122,0,0,0,1,0,0,0,0,
no_iterative_deepening,ITP/ITP129^1.p,TH0,Theorem,timeout,na,2404,3084,209,3084,262,0,0,0,0,
no_iterative_deepening,ITP/ITP129^2.p,TH1,Theorem,timeout,na,2511,1300,14,1300,257,0,0,0,0,
no_iterative_deepening,ITP/ITP130^1.p,TH0,Theorem,timeout,na,2366,2193,87,2193,230,6,0,0,0,
no_iterative_deepening,ITP/ITP130^2.p,TH1,Theorem,timeout,na,2415,1425,64,1425,244,83,0,6,0,
no_iterative_deepening,ITP/ITP131^1.p,TH0,ContradictoryAxioms,timeout,na,2268,3728,280,3728,143,42,0,1,0,
no_iterative_deepening,ITP/ITP131^2.p,TH1,ContradictoryAxioms,timeout,na,2570,3476,137,3476,299,105,0,5,0,
no_iterative_deepening,ITP/ITP132^1.p,TH0,Theorem,timeout,na,2288,547,48,547,11,6,0,9,0,
no_iterative_deepening,ITP/ITP132^2.p,TH1,Theorem,timeout,na,2514,1376,92,1376,96,25,0,1,0,
no_iterative_deepening,ITP/ITP133^1.p,TH0,Theorem,timeout,na,2286,326,23,326,8,6,0,5,0,
no_iterative_deepening,ITP/ITP133^2.p,TH1,Theorem,timeout,na,2572,1553,55,1553,156,20,0,0,0,
no_iterative_deepening,ITP/ITP134^1.p,TH0,Theorem,timeout,na,2587,422,28,422,13,12,0,4,0,
no_iterative_deepening,ITP/ITP134^2.p,TH1,Theorem,timeout,na,2404,753,49,753,36,15,0,0,0,
no_iterative_deepening,ITP/ITP135^1.p,TH0,Theorem,timeout,na,2563,245,10,245,22,0,0,0,0,
no_iterative_deepening,ITP/ITP135^2.p,TH1,Theorem,timeout,na,2743,126,11,126,2,0,0,0,0,
no_iterative_deepening,ITP/ITP136^1.p,TH0,Theorem,timeout,na,2589,456,9,456,52,0,0,0,0,
no_iterative_deepening,ITP/ITP136^2.p,TH1,Theorem,timeout,na,2806,115,10,115,2,0,0,0,0,
no_iterative_deepening,ITP/ITP137^1.p,TH0,Theorem,timeout,na,2605,93,9,93,1,0,0,0,0,
no_iterative_deepening,ITP/ITP137^2.p,TH1,Theorem,timeout,na,2940,0,0,0,1,0,0,0,0,
no_iterative_deepening,ITP/ITP138^1.p,TH0,Theorem,timeout,na,2553,1188,80,1188,38,24,0,0,0,
no_iterative_deepening,ITP/ITP138^2.p,TH1,Theorem,timeout,na,2672,561,54,561,4,0,0,0,0,
no_iterative_deepening,ITP/ITP139^1.p,TH0,Theorem,timeout,na,2585,334,6,334,41,0,0,0,0,
no_iterative_deepening,ITP/ITP139^2.p,TH1,Theorem,timeout,na,2608,1571,135,1571,60,0,0,0,0,
no_iterative_deepening,ITP/ITP140^1.p,TH0,Theorem,timeout,na,2581,236,11,236,19,0,0,0,0,
no_iterative_deepening,ITP/ITP140^2.p,TH1,Theorem,timeout,na,2944,109,9,109,2,0,0,0,0,
no_iterative_deepening,ITP/ITP141^1.p,TH0,Theorem,timeout,na,2515,160,5,160,9,7,0,0,0,
no_iterative_deepening,ITP/ITP141^2.p,TH1,Theorem,timeout,na,2990,0,0,0,1,0,0,0,0,
no_iterative_deepening,ITP/ITP142^1.p,TH0,Theorem,timeout,na,2932,669,63,669,4,0,0,0,0,
no_iterative_deepening,ITP/ITP142^2.p,TH1,Theorem,timeout,na,3670,0,0,0,1,0,0,0,0,
no_iterative_deepening,ITP/ITP143^1.p,TH0,Theorem,timeout,na,2900,876,82,876,4,0,0,0,0,
no_iterative_deepening,ITP/ITP143^2.p,TH1,Theorem,timeout,na,3554,0,0,0,1,0,0,0,0,
no_iterative_deepening,ITP/ITP144^1.p,TH0,Theorem,timeout,na,2155,965,47,965,68,86,0,2,0,
no_iterative_deepening,ITP/ITP144^2.p,TH1,Theorem,timeout,na,2561,20,2,20,1,0,0,0,0,
no_iterative_deepening,ITP/ITP145^1.p,TH0,Theorem,timeout,na,2937,873,84,873,4,0,0,0,0,
no_iterative_deepening,ITP/ITP145^2.p,TH1,Theorem,timeout,na,3605,0,0,0,1,0,0,0,0,
no_iterative_deepening,ITP/ITP146^1.p,TH0,Theorem,timeout,na,2425,83,4,83,4,0,0,0,0,
no_iterative_deepening,ITP/ITP146^2.p,TH1,Theorem,timeout,na,2486,68,5,68,2,0,0,0,0,
no_iterative_deepening,ITP/ITP147^1.p,TH0,Theorem,timeout,na,2396,114,2,114,19,0,0,0,0,
no_iterative_deepening,ITP/ITP147^2.p,TH1,Theorem,timeout,na,2419,80,7,80,2,0,0,0,0,
no_iterative_deepening,ITP/ITP148^1.p,TH0,Theorem,timeout,na,2770,109,10,109,1,0,0,0,0,
no_iterative_deepening,ITP/ITP148^2.p,TH1,Theorem,timeout,na,2648,218,16,218,6,0,0,0,0,
no_iterative_deepening,ITP/ITP149^1.p,TH0,Theorem,timeout,na,2391,208,2,208,24,0,0,0,0,
no_iterative_deepening,ITP/ITP149^2.p,TH1,Theorem,timeout,na,2431,266,12,266,20,0,0,0,0,
no_iterative_deepening,ITP/ITP150^1.p,TH0,Theorem,timeout,na,2426,3341,307,3341,40,0,0,0,0,
no_iterative_deepening,ITP/ITP150^2.p,TH1,Theorem,timeout,na,2545,219,14,219,13,1,0,0,0,
no_iterative_deepening,ITP/ITP151^1.p,TH0,Theorem,timeout,na,2484,2801,90,2801,345,94,0,5,0,
no_iterative_deepening,ITP/ITP151^2.p,TH1,Theorem,timeout,na,2471,3593,219,3593,259,97,0,4,0,
no_iterative_deepening,ITP/ITP152^1.p,TH0,Theorem,timeout,na,2580,130,13,130,1,0,0,0,0,
no_iterative_deepening,ITP/ITP152^2.p,TH1,Theorem,timeout,na,3072,27,2,27,1,0,0,0,0,
no_iterative_deepening,ITP/ITP153^1.p,TH0,Theorem,timeout,na,2506,343,21,343,14,8,0,0,0,
no_iterative_deepening,ITP/ITP153^2.p,TH1,Theorem,timeout,na,2775,75,7,75,1,0,0,0,0,
no_iterative_deepening,ITP/ITP154^1.p,TH0,Theorem,timeout,na,2543,636,34,636,33,16,0,0,0,
no_iterative_deepening,ITP/ITP154^2.p,TH1,Theorem,timeout,na,2897,126,6,126,10,0,0,0,0,
no_iterative_deepening,ITP/ITP155^1.p,TH0,Theorem,timeout,na,2556,323,21,323,13,2,0,0,0,
no_iterative_deepening,ITP/ITP155^2.p,TH1,Theorem,timeout,na,2820,139,8,139,9,0,0,0,0,
no_iterative_deepening,ITP/ITP156^1.p,TH0,Theorem,timeout,na,2458,503,24,503,85,10,0,1,0,
no_iterative_deepening,ITP/ITP156^2.p,TH1,Theorem,timeout,na,2559,74,7,74,1,0,0,0,0,
no_iterative_deepening,ITP/ITP157^1.p,TH0,Theorem,timeout,na,2554,181,18,181,1,0,0,0,0,
no_iterative_deepening,ITP/ITP157^2.p,TH1,Theorem,timeout,na,2858,34,3,34,1,0,0,0,0,
no_iterative_deepening,ITP/ITP158^1.p,TH0,Theorem,timeout,na,2788,591,47,591,16,0,0,0,0,
no_iterative_deepening,ITP/ITP158^2.p,TH1,Theorem,timeout,na,3351,293,25,293,4,0,0,0,0,
no_iterative_deepening,ITP/ITP159^1.p,TH0,Theorem,timeout,na,2535,2255,79,2255,162,89,0,0,0,
no_iterative_deepening,ITP/ITP159^2.p,TH1,Theorem,timeout,na,2725,723,60,723,16,0,0,0,0,
no_iterative_deepening,ITP/ITP160^1.p,TH0,Theorem,timeout,na,3435,0,0,0,1,0,0,0,0,
no_iterative_deepening,ITP/ITP160^2.p,TH1,Theorem,timeout,na,4635,9,0,9,1,0,0,0,0,
no_iterative_deepening,ITP/ITP161^1.p,TH0,Theorem,timeout,na,2585,910,53,910,64,13,0,0,0,
no_iterative_deepening,ITP/ITP161^2.p,TH1,Theorem,timeout,na,2841,120,12,120,1,0,0,0,0,
no_iterative_deepening,ITP/ITP162^1.p,TH0,Theorem,timeout,na,2553,453,33,453,31,2,0,0,0,
no_iterative_deepening,ITP/ITP162^2.p,TH1,Theorem,timeout,na,2495,199,17,199,4,0,0,0,0,
no_iterative_deepening,ITP/ITP163^1.p,TH0,Theorem,timeout,na,2391,325,24,325,18,0,0,0,0,
no_iterative_deepening,ITP/ITP163^2.p,TH1,Theorem,timeout,na,2703,95,9,95,1,0,0,0,0,
no_iterative_deepening,ITP/ITP164^1.p,TH0,Theorem,timeout,na,2473,444,11,444,51,15,0,0,0,
no_iterative_deepening,ITP/ITP164^2.p,TH1,Theorem,timeout,na,2648,768,65,768,16,0,0,0,0,
no_iterative_deepening,ITP/ITP165^1.p,TH0,Theorem,timeout,na,2495,467,34,467,32,3,0,0,0,
no_iterative_deepening,ITP/ITP165^2.p,TH1,Theorem,timeout,na,2444,200,10,200,11,0,0,0,0,
no_iterative_deepening,ITP/ITP166^1.p,TH0,Theorem,timeout,na,2720,0,0,0,1,0,0,0,0,
no_iterative_deepening,ITP/ITP166^2.p,TH1,Theorem,timeout,na,3134,7,0,7,1,0,0,0,0,
no_iterative_deepening,ITP/ITP167^1.p,TH0,Theorem,timeout,na,3017,0,0,0,1,0,0,0,0,
no_iterative_deepening,ITP/ITP167^2.p,TH1,Theorem,timeout,na,3309,5,0,5,1,0,0,0,0,
no_iterative_deepening,ITP/ITP168^1.p,TH0,Theorem,timeout,na,2662,30,3,30,1,0,0,0,0,
no_iterative_deepening,ITP/ITP168^2.p,TH1,Theorem,timeout,na,2544,144,14,144,1,0,0,0,0,
no_iterative_deepening,ITP/ITP169^1.p,TH0,Theorem,timeout,na,2914,2276,138,2276,129,11,0,0,0,
no_iterative_deepening,ITP/ITP169^2.p,TH1,Theorem,timeout,na,3098,1197,75,1197,81,24,0,0,0,
no_iterative_deepening,ITP/ITP170^1.p,TH0,Theorem,timeout,na,2571,2277,61,2277,216,0,0,0,0,
no_iterative_deepening,ITP/ITP170^2.p,TH1,Theorem,timeout,na,2565,679,65,679,4,0,0,0,0,
no_iterative_deepening,ITP/ITP171^1.p,TH0,Theorem,timeout,na,3065,58,5,58,1,0,0,0,0,
no_iterative_deepening,ITP/ITP171^2.p,TH1,Theorem,parse_timeout,na,0,,,,,,,,,cached: parse exceeded 5000ms
no_iterative_deepening,ITP/ITP172^1.p,TH0,Theorem,timeout,na,2667,2915,244,2915,96,0,0,0,0,
no_iterative_deepening,ITP/ITP172^2.p,TH1,Theorem,timeout,na,3533,63,6,63,1,0,0,0,0,
no_iterative_deepening,ITP/ITP173^1.p,TH0,Theorem,timeout,na,3183,275,26,275,2,0,0,0,0,
no_iterative_deepening,ITP/ITP173^2.p,TH1,Theorem,parse_timeout,na,0,,,,,,,,,cached: parse exceeded 5000ms
no_iterative_deepening,ITP/ITP174^1.p,TH0,Theorem,timeout,na,3183,237,22,237,2,0,0,0,0,
no_iterative_deepening,ITP/ITP174^2.p,TH1,Theorem,parse_timeout,na,0,,,,,,,,,cached: parse exceeded 5000ms
no_iterative_deepening,ITP/ITP175^1.p,TH0,Theorem,timeout,na,2538,376,23,376,16,7,0,0,0,
no_iterative_deepening,ITP/ITP175^2.p,TH1,Theorem,timeout,na,3180,50,5,50,1,0,0,0,0,
no_iterative_deepening,ITP/ITP176^1.p,TH0,Theorem,timeout,na,2598,620,11,620,384,0,0,0,0,
no_iterative_deepening,ITP/ITP176^2.p,TH1,Theorem,timeout,na,2869,22,2,22,1,0,0,0,0,
no_iterative_deepening,ITP/ITP177^1.p,TH0,Theorem,timeout,na,2615,1742,144,1742,72,14,0,6,0,
no_iterative_deepening,ITP/ITP177^2.p,TH1,Theorem,timeout,na,3339,34,3,34,2,0,0,2,0,
no_iterative_deepening,ITP/ITP178^1.p,TH0,Theorem,timeout,na,2516,575,44,575,16,0,0,0,0,
no_iterative_deepening,ITP/ITP178^2.p,TH1,Theorem,timeout,na,3654,0,0,0,1,0,0,0,0,
no_iterative_deepening,ITP/ITP179^1.p,TH0,Theorem,timeout,na,2592,3695,206,3695,250,6,0,0,0,
no_iterative_deepening,ITP/ITP179^2.p,TH1,Theorem,timeout,na,3048,26,2,26,1,0,0,0,0,
no_iterative_deepening,ITP/ITP180^1.p,TH0,Theorem,timeout,na,2503,620,40,620,35,1,0,0,0,
no_iterative_deepening,ITP/ITP180^2.p,TH1,Theorem,timeout,na,3129,51,4,51,2,1,0,0,0,
no_iterative_deepening,ITP/ITP181^1.p,TH0,Theorem,timeout,na,2707,512,51,512,2,0,0,1,0,
no_iterative_deepening,ITP/ITP181^2.p,TH1,Theorem,timeout,na,2748,57,5,57,1,0,0,0,0,
no_iterative_deepening,ITP/ITP182^1.p,TH0,Theorem,timeout,na,2905,1518,117,1518,191,0,0,1,0,
no_iterative_deepening,ITP/ITP182^2.p,TH1,Theorem,parser_error,na,0,,,,,,,,,cached: Failed to parse formula 'fact_105_neg__eqvt': [byte:41884] Type Error: Cannot unify strict function types of different arities.
no_iterative_deepening,ITP/ITP183^1.p,TH0,Theorem,timeout,na,2649,439,43,439,2,0,0,1,0,
no_iterative_deepening,ITP/ITP183^2.p,TH1,Theorem,timeout,na,2708,206,20,206,1,0,0,0,0,
no_iterative_deepening,ITP/ITP184^1.p,TH0,Theorem,timeout,na,3082,710,47,710,170,1,0,0,0,
no_iterative_deepening,ITP/ITP184^2.p,TH1,Theorem,timeout,na,2773,82,8,82,1,0,0,0,0,
no_iterative_deepening,ITP/ITP185^1.p,TH0,Theorem,timeout,na,3306,180,18,180,1,0,0,0,0,
no_iterative_deepening,ITP/ITP185^2.p,TH1,Theorem,timeout,na,2672,300,27,300,4,0,0,0,0,
no_iterative_deepening,ITP/ITP186^1.p,TH0,Theorem,timeout,na,3510,207,20,207,1,0,0,0,0,
no_iterative_deepening,ITP/ITP186^2.p,TH1,Theorem,timeout,na,2694,298,26,298,5,0,0,0,0,
no_iterative_deepening,ITP/ITP187^1.p,TH0,Theorem,timeout,na,2834,410,40,410,2,0,0,1,0,
no_iterative_deepening,ITP/ITP187^2.p,TH1,Theorem,timeout,na,2776,69,6,69,1,0,0,0,0,
no_iterative_deepening,ITP/ITP188^1.p,TH0,Theorem,timeout,na,2861,441,42,441,2,0,0,1,0,
no_iterative_deepening,ITP/ITP188^2.p,TH1,Theorem,timeout,na,2797,61,6,61,1,0,0,0,0,
no_iterative_deepening,ITP/ITP189^1.p,TH0,Theorem,timeout,na,2673,435,42,435,2,0,0,1,0,
no_iterative_deepening,ITP/ITP189^2.p,TH1,Theorem,timeout,na,2732,150,15,150,1,0,0,0,0,
no_iterative_deepening,ITP/ITP190^1.p,TH0,Theorem,timeout,na,2660,885,81,885,12,0,0,1,0,
no_iterative_deepening,ITP/ITP190^2.p,TH1,Theorem,parser_error,na,0,,,,,,,,,cached: Failed to parse formula 'fact_91_neg__eqvt': [byte:28038] Type Error: Cannot unify strict function types of different arities.
no_iterative_deepening,ITP/ITP191^1.p,TH0,ContradictoryAxioms,timeout,na,2746,527,51,527,2,0,0,1,0,
no_iterative_deepening,ITP/ITP191^2.p,TH1,ContradictoryAxioms,parser_error,na,0,,,,,,,,,cached: Failed to parse formula 'fact_154_neg__eqvt': [byte:53412] Type Error: Cannot unify strict function types of different arities.
no_iterative_deepening,ITP/ITP192^1.p,TH0,Theorem,timeout,na,2890,441,39,441,4,0,0,1,0,
no_iterative_deepening,ITP/ITP192^2.p,TH1,Theorem,timeout,na,2748,109,10,109,1,0,0,0,0,
no_iterative_deepening,ITP/ITP193^1.p,TH0,Theorem,timeout,na,2479,595,35,595,69,0,0,0,0,
no_iterative_deepening,ITP/ITP193^2.p,TH1,Theorem,timeout,na,2473,607,48,607,14,3,0,1,0,
no_iterative_deepening,ITP/ITP194^1.p,TH0,Theorem,timeout,na,2408,780,2,780,119,19,0,0,0,
no_iterative_deepening,ITP/ITP194^2.p,TH1,Theorem,timeout,na,2488,2745,154,2745,156,45,0,0,0,
no_iterative_deepening,ITP/ITP195^1.p,TH0,Theorem,timeout,na,2544,2940,2,2940,458,55,0,0,0,
no_iterative_deepening,ITP/ITP195^2.p,TH1,Theorem,timeout,na,2496,2489,130,2489,204,32,0,1,0,
no_iterative_deepening,ITP/ITP196^1.p,TH0,Theorem,timeout,na,2744,0,0,0,1,0,0,0,0,
no_iterative_deepening,ITP/ITP196^2.p,TH1,Theorem,timeout,na,3207,0,0,0,1,0,0,0,0,
no_iterative_deepening,ITP/ITP197^1.p,TH0,Theorem,timeout,na,2503,141,7,141,9,0,0,0,0,
no_iterative_deepening,ITP/ITP197^2.p,TH1,Theorem,timeout,na,2530,128,6,128,10,0,0,0,0,
no_iterative_deepening,ITP/ITP198^1.p,TH0,Theorem,timeout,na,2956,80,8,80,1,0,0,0,0,
no_iterative_deepening,ITP/ITP198^2.p,TH1,Theorem,timeout,na,3005,0,0,0,1,0,0,0,0,
no_iterative_deepening,ITP/ITP199^1.p,TH0,Theorem,timeout,na,2468,342,7,342,40,8,0,0,0,
no_iterative_deepening,ITP/ITP199^2.p,TH1,Theorem,timeout,na,2604,118,5,118,7,0,0,0,0,
no_iterative_deepening,ITP/ITP200^1.p,TH0,Theorem,timeout,na,2662,215,15,215,13,0,0,0,0,
no_iterative_deepening,ITP/ITP200^2.p,TH1,Theorem,timeout,na,3062,386,27,386,16,0,0,0,0,
no_iterative_deepening,ITP/ITP201^1.p,TH0,Theorem,timeout,na,2405,237,16,237,8,0,0,0,0,
no_iterative_deepening,ITP/ITP201^2.p,TH1,Theorem,timeout,na,2903,78,7,78,2,0,0,0,0,
no_iterative_deepening,ITP/ITP202^1.p,TH0,Theorem,timeout,na,2842,0,0,0,1,0,0,0,0,
no_iterative_deepening,ITP/ITP202^2.p,TH1,Theorem,timeout,na,4319,0,0,0,1,0,0,0,0,
no_iterative_deepening,ITP/ITP203^1.p,TH0,Theorem,timeout,na,2761,0,0,0,1,0,0,0,0,
no_iterative_deepening,ITP/ITP203^2.p,TH1,Theorem,timeout,na,4352,0,0,0,1,0,0,0,0,
no_iterative_deepening,ITP/ITP204^1.p,TH0,Theorem,timeout,na,2592,0,0,0,1,0,0,0,0,
no_iterative_deepening,ITP/ITP204^2.p,TH1,Theorem,timeout,na,3160,0,0,0,1,0,0,0,0,
no_iterative_deepening,ITP/ITP205^1.p,TH0,Theorem,timeout,na,2447,113,11,113,1,0,0,0,0,
no_iterative_deepening,ITP/ITP205^2.p,TH1,Theorem,timeout,na,2955,76,7,76,1,0,0,0,0,
no_iterative_deepening,ITP/ITP206^1.p,TH0,Theorem,parse_timeout,na,0,,,,,,,,,cached: parse exceeded 5000ms
no_iterative_deepening,ITP/ITP206^2.p,TH1,Theorem,parse_timeout,na,0,,,,,,,,,cached: parse exceeded 5000ms
no_iterative_deepening,ITP/ITP206^3.p,TH0,Theorem,parse_timeout,na,0,,,,,,,,,cached: parse exceeded 5000ms
no_iterative_deepening,ITP/ITP206^4.p,TH1,Theorem,parse_timeout,na,0,,,,,,,,,cached: parse exceeded 5000ms
no_iterative_deepening,ITP/ITP207^1.p,TH0,Theorem,parser_error,na,0,,,,,,,,,cached: Failed to parse formula 'fact_1254_of__bool__not__iff': [byte:596062] Type Error: Cannot unify strict function types of different arities.
no_iterative_deepening,ITP/ITP207^2.p,TH1,Theorem,parser_error,na,0,,,,,,,,,cached: Failed to parse formula 'fact_484_of__bool__not__iff': [byte:260957] Type Error: Cannot unify strict function types of different arities.
no_iterative_deepening,ITP/ITP207^3.p,TH0,Theorem,parser_error,na,0,,,,,,,,,cached: Failed to parse formula 'fact_1254_of__bool__not__iff': [byte:596062] Type Error: Cannot unify strict function types of different arities.
no_iterative_deepening,ITP/ITP207^4.p,TH1,Theorem,parser_error,na,0,,,,,,,,,cached: Failed to parse formula 'fact_484_of__bool__not__iff': [byte:260957] Type Error: Cannot unify strict function types of different arities.
no_iterative_deepening,ITP/ITP208^1.p,TH0,Theorem,parse_timeout,na,0,,,,,,,,,cached: parse exceeded 5000ms
no_iterative_deepening,ITP/ITP208^2.p,TH1,Theorem,parser_error,na,0,,,,,,,,,cached: Failed to parse formula 'fact_1166_modulo__int__unfold': [byte:432712] Type Error: Cannot unify strict function types of different arities.
no_iterative_deepening,ITP/ITP208^3.p,TH0,Theorem,parse_timeout,na,0,,,,,,,,,cached: parse exceeded 5000ms
no_iterative_deepening,ITP/ITP208^4.p,TH1,Theorem,parser_error,na,0,,,,,,,,,cached: Failed to parse formula 'fact_1166_modulo__int__unfold': [byte:432712] Type Error: Cannot unify strict function types of different arities.
no_iterative_deepening,ITP/ITP209^1.p,TH0,Theorem,timeout,na,2057,1370,70,1370,118,49,0,0,0,
no_iterative_deepening,ITP/ITP209^2.p,TH1,Theorem,timeout,na,2055,1396,98,1396,96,0,0,0,0,
no_iterative_deepening,ITP/ITP209^3.p,TH0,Theorem,timeout,na,2084,1660,78,1660,128,75,0,0,0,
no_iterative_deepening,ITP/ITP209^4.p,TH1,Theorem,timeout,na,2058,1387,98,1387,96,0,0,0,0,
no_iterative_deepening,ITP/ITP210^1.p,TH0,Theorem,parse_timeout,na,0,,,,,,,,,cached: parse exceeded 5000ms
no_iterative_deepening,ITP/ITP210^2.p,TH1,Theorem,parse_timeout,na,0,,,,,,,,,cached: parse exceeded 5000ms
no_iterative_deepening,ITP/ITP210^3.p,TH0,Theorem,parse_timeout,na,0,,,,,,,,,cached: parse exceeded 5000ms
no_iterative_deepening,ITP/ITP210^4.p,TH1,Theorem,parse_timeout,na,0,,,,,,,,,cached: parse exceeded 5000ms
no_iterative_deepening,ITP/ITP211^1.p,TH0,Theorem,parse_timeout,na,0,,,,,,,,,cached: parse exceeded 5000ms
no_iterative_deepening,ITP/ITP211^2.p,TH1,Theorem,parse_timeout,na,0,,,,,,,,,cached: parse exceeded 5000ms
no_iterative_deepening,ITP/ITP211^3.p,TH0,Theorem,parse_timeout,na,0,,,,,,,,,cached: parse exceeded 5000ms
no_iterative_deepening,ITP/ITP211^4.p,TH1,Theorem,parse_timeout,na,0,,,,,,,,,cached: parse exceeded 5000ms
no_iterative_deepening,ITP/ITP212^1.p,TH0,Theorem,parse_timeout,na,0,,,,,,,,,cached: parse exceeded 5000ms
no_iterative_deepening,ITP/ITP212^2.p,TH1,Theorem,parse_timeout,na,0,,,,,,,,,cached: parse exceeded 5000ms
no_iterative_deepening,ITP/ITP212^3.p,TH0,Theorem,parse_timeout,na,0,,,,,,,,,cached: parse exceeded 5000ms
no_iterative_deepening,ITP/ITP212^4.p,TH1,Theorem,parse_timeout,na,0,,,,,,,,,cached: parse exceeded 5000ms
no_iterative_deepening,ITP/ITP213^1.p,TH0,Theorem,parse_timeout,na,0,,,,,,,,,cached: parse exceeded 5000ms
no_iterative_deepening,ITP/ITP213^2.p,TH1,Theorem,parse_timeout,na,0,,,,,,,,,cached: parse exceeded 5000ms
no_iterative_deepening,ITP/ITP213^3.p,TH0,Theorem,parse_timeout,na,0,,,,,,,,,cached: parse exceeded 5000ms
no_iterative_deepening,ITP/ITP213^4.p,TH1,Theorem,parse_timeout,na,0,,,,,,,,,cached: parse exceeded 5000ms
no_iterative_deepening,ITP/ITP214^1.p,TH0,Theorem,parse_timeout,na,0,,,,,,,,,cached: parse exceeded 5000ms
no_iterative_deepening,ITP/ITP214^2.p,TH1,Theorem,parse_timeout,na,0,,,,,,,,,cached: parse exceeded 5000ms
no_iterative_deepening,ITP/ITP214^3.p,TH0,Theorem,parse_timeout,na,0,,,,,,,,,cached: parse exceeded 5000ms
no_iterative_deepening,ITP/ITP214^4.p,TH1,Theorem,parse_timeout,na,0,,,,,,,,,cached: parse exceeded 5000ms
no_iterative_deepening,ITP/ITP215^1.p,TH0,Theorem,parse_timeout,na,0,,,,,,,,,cached: parse exceeded 5000ms
no_iterative_deepening,ITP/ITP215^2.p,TH1,Theorem,parse_timeout,na,0,,,,,,,,,cached: parse exceeded 5000ms
no_iterative_deepening,ITP/ITP215^3.p,TH0,Theorem,parse_timeout,na,0,,,,,,,,,cached: parse exceeded 5000ms
no_iterative_deepening,ITP/ITP215^4.p,TH1,Theorem,parse_timeout,na,0,,,,,,,,,cached: parse exceeded 5000ms
no_iterative_deepening,ITP/ITP216^1.p,TH0,Theorem,parse_timeout,na,0,,,,,,,,,cached: parse exceeded 5000ms
no_iterative_deepening,ITP/ITP216^2.p,TH1,Theorem,parse_timeout,na,0,,,,,,,,,cached: parse exceeded 5000ms
no_iterative_deepening,ITP/ITP216^3.p,TH0,Theorem,parse_timeout,na,0,,,,,,,,,cached: parse exceeded 5000ms
no_iterative_deepening,ITP/ITP216^4.p,TH1,Theorem,parse_timeout,na,0,,,,,,,,,cached: parse exceeded 5000ms
no_iterative_deepening,ITP/ITP217^1.p,TH0,Theorem,parse_timeout,na,0,,,,,,,,,cached: parse exceeded 5000ms
no_iterative_deepening,ITP/ITP217^2.p,TH1,Theorem,parse_timeout,na,0,,,,,,,,,cached: parse exceeded 5000ms
no_iterative_deepening,ITP/ITP217^3.p,TH0,Theorem,parse_timeout,na,0,,,,,,,,,cached: parse exceeded 5000ms
no_iterative_deepening,ITP/ITP217^4.p,TH1,Theorem,parse_timeout,na,0,,,,,,,,,cached: parse exceeded 5000ms
no_iterative_deepening,ITP/ITP218^1.p,TH0,Theorem,parse_timeout,na,0,,,,,,,,,cached: parse exceeded 5000ms
no_iterative_deepening,ITP/ITP218^2.p,TH1,Theorem,parse_timeout,na,0,,,,,,,,,cached: parse exceeded 5000ms
no_iterative_deepening,ITP/ITP218^3.p,TH0,Theorem,parse_timeout,na,0,,,,,,,,,cached: parse exceeded 5000ms
no_iterative_deepening,ITP/ITP218^4.p,TH1,Theorem,parse_timeout,na,0,,,,,,,,,cached: parse exceeded 5000ms
no_iterative_deepening,ITP/ITP219^1.p,TH0,Theorem,parse_timeout,na,0,,,,,,,,,cached: parse exceeded 5000ms
no_iterative_deepening,ITP/ITP219^2.p,TH1,Theorem,parse_timeout,na,0,,,,,,,,,cached: parse exceeded 5000ms
no_iterative_deepening,ITP/ITP219^3.p,TH0,Theorem,parse_timeout,na,0,,,,,,,,,cached: parse exceeded 5000ms
no_iterative_deepening,ITP/ITP219^4.p,TH1,Theorem,parse_timeout,na,0,,,,,,,,,cached: parse exceeded 5000ms
no_iterative_deepening,ITP/ITP220^1.p,TH0,Theorem,parser_error,na,0,,,,,,,,,cached: Failed to parse formula 'fact_1819_of__bool__not__iff': [byte:567961] Type Error: Cannot unify strict function types of different arities.
no_iterative_deepening,ITP/ITP220^2.p,TH1,Theorem,parser_error,na,0,,,,,,,,,cached: Failed to parse formula 'fact_672_of__bool__not__iff': [byte:271370] Type Error: Cannot unify strict function types of different arities.
no_iterative_deepening,ITP/ITP220^3.p,TH0,Theorem,parser_error,na,0,,,,,,,,,cached: Failed to parse formula 'fact_1819_of__bool__not__iff': [byte:567961] Type Error: Cannot unify strict function types of different arities.
no_iterative_deepening,ITP/ITP220^4.p,TH1,Theorem,parser_error,na,0,,,,,,,,,cached: Failed to parse formula 'fact_672_of__bool__not__iff': [byte:271370] Type Error: Cannot unify strict function types of different arities.
no_iterative_deepening,ITP/ITP221^1.p,TH0,Theorem,parse_timeout,na,0,,,,,,,,,cached: parse exceeded 5000ms
no_iterative_deepening,ITP/ITP221^2.p,TH1,Theorem,parser_error,na,0,,,,,,,,,cached: Failed to parse formula 'fact_1110_of__bool__odd__eq__mod__2': [byte:414489] Type Error: Cannot unify strict function types of different arities.
no_iterative_deepening,ITP/ITP221^3.p,TH0,Theorem,parse_timeout,na,0,,,,,,,,,cached: parse exceeded 5000ms
no_iterative_deepening,ITP/ITP221^4.p,TH1,Theorem,parser_error,na,0,,,,,,,,,cached: Failed to parse formula 'fact_1110_of__bool__odd__eq__mod__2': [byte:414489] Type Error: Cannot unify strict function types of different arities.
no_iterative_deepening,ITP/ITP222^1.p,TH0,Theorem,parse_timeout,na,0,,,,,,,,,cached: parse exceeded 5000ms
no_iterative_deepening,ITP/ITP222^2.p,TH1,Theorem,parse_timeout,na,0,,,,,,,,,cached: parse exceeded 5000ms
no_iterative_deepening,ITP/ITP222^3.p,TH0,Theorem,parse_timeout,na,0,,,,,,,,,cached: parse exceeded 5000ms
no_iterative_deepening,ITP/ITP222^4.p,TH1,Theorem,parse_timeout,na,0,,,,,,,,,cached: parse exceeded 5000ms
no_iterative_deepening,ITP/ITP223^1.p,TH0,Theorem,parse_timeout,na,0,,,,,,,,,cached: parse exceeded 5000ms
no_iterative_deepening,ITP/ITP223^2.p,TH1,Theorem,parse_timeout,na,0,,,,,,,,,cached: parse exceeded 5000ms
no_iterative_deepening,ITP/ITP223^3.p,TH0,Theorem,parse_timeout,na,0,,,,,,,,,cached: parse exceeded 5000ms
no_iterative_deepening,ITP/ITP223^4.p,TH1,Theorem,parse_timeout,na,0,,,,,,,,,cached: parse exceeded 5000ms
no_iterative_deepening,ITP/ITP224^1.p,TH0,ContradictoryAxioms,parse_timeout,na,0,,,,,,,,,cached: parse exceeded 5000ms
no_iterative_deepening,ITP/ITP224^2.p,TH1,ContradictoryAxioms,parser_error,na,0,,,,,,,,,cached: Failed to parse formula 'fact_1485_of__bool__not__iff': [byte:533452] Type Error: Cannot unify strict function types of different arities.
no_iterative_deepening,ITP/ITP224^3.p,TH0,ContradictoryAxioms,parse_timeout,na,0,,,,,,,,,cached: parse exceeded 5000ms
no_iterative_deepening,ITP/ITP224^4.p,TH1,ContradictoryAxioms,parser_error,na,0,,,,,,,,,cached: Failed to parse formula 'fact_1485_of__bool__not__iff': [byte:533452] Type Error: Cannot unify strict function types of different arities.
no_iterative_deepening,ITP/ITP225^1.p,TH0,Theorem,parse_timeout,na,0,,,,,,,,,cached: parse exceeded 5000ms
no_iterative_deepening,ITP/ITP225^2.p,TH1,Theorem,parse_timeout,na,0,,,,,,,,,cached: parse exceeded 5000ms
no_iterative_deepening,ITP/ITP225^3.p,TH0,Theorem,parse_timeout,na,0,,,,,,,,,cached: parse exceeded 5000ms
no_iterative_deepening,ITP/ITP225^4.p,TH1,Theorem,parse_timeout,na,0,,,,,,,,,cached: parse exceeded 5000ms
no_iterative_deepening,ITP/ITP226^1.p,TH0,Theorem,parse_timeout,na,0,,,,,,,,,cached: parse exceeded 5000ms
no_iterative_deepening,ITP/ITP226^2.p,TH1,Theorem,parse_timeout,na,0,,,,,,,,,cached: parse exceeded 5000ms
no_iterative_deepening,ITP/ITP226^3.p,TH0,Theorem,parse_timeout,na,0,,,,,,,,,cached: parse exceeded 5000ms
no_iterative_deepening,ITP/ITP226^4.p,TH1,Theorem,parse_timeout,na,0,,,,,,,,,cached: parse exceeded 5000ms
no_iterative_deepening,ITP/ITP227^1.p,TH0,Theorem,parse_timeout,na,0,,,,,,,,,cached: parse exceeded 5000ms
no_iterative_deepening,ITP/ITP227^2.p,TH1,Theorem,parse_timeout,na,0,,,,,,,,,cached: parse exceeded 5000ms
no_iterative_deepening,ITP/ITP227^3.p,TH0,Theorem,parse_timeout,na,0,,,,,,,,,cached: parse exceeded 5000ms
no_iterative_deepening,ITP/ITP227^4.p,TH1,Theorem,parse_timeout,na,0,,,,,,,,,cached: parse exceeded 5000ms
no_iterative_deepening,ITP/ITP228^1.p,TH0,Theorem,parse_timeout,na,0,,,,,,,,,cached: parse exceeded 5000ms
no_iterative_deepening,ITP/ITP228^2.p,TH1,Theorem,parse_timeout,na,0,,,,,,,,,cached: parse exceeded 5000ms
no_iterative_deepening,ITP/ITP228^3.p,TH0,Theorem,parse_timeout,na,0,,,,,,,,,cached: parse exceeded 5000ms
no_iterative_deepening,ITP/ITP228^4.p,TH1,Theorem,parse_timeout,na,0,,,,,,,,,cached: parse exceeded 5000ms
no_iterative_deepening,ITP/ITP229^1.p,TH0,Theorem,parse_timeout,na,0,,,,,,,,,cached: parse exceeded 5000ms
no_iterative_deepening,ITP/ITP229^2.p,TH1,Theorem,parse_timeout,na,0,,,,,,,,,cached: parse exceeded 5000ms
no_iterative_deepening,ITP/ITP229^3.p,TH0,Theorem,parse_timeout,na,0,,,,,,,,,cached: parse exceeded 5000ms
no_iterative_deepening,ITP/ITP229^4.p,TH1,Theorem,parse_timeout,na,0,,,,,,,,,cached: parse exceeded 5000ms
no_iterative_deepening,ITP/ITP230^1.p,TH0,Theorem,parse_timeout,na,0,,,,,,,,,cached: parse exceeded 5000ms
no_iterative_deepening,ITP/ITP230^2.p,TH1,Theorem,parse_timeout,na,0,,,,,,,,,cached: parse exceeded 5000ms
no_iterative_deepening,ITP/ITP230^3.p,TH0,Theorem,parse_timeout,na,0,,,,,,,,,cached: parse exceeded 5000ms
no_iterative_deepening,ITP/ITP230^4.p,TH1,Theorem,parse_timeout,na,0,,,,,,,,,cached: parse exceeded 5000ms
no_iterative_deepening,ITP/ITP231^1.p,TH0,Theorem,parser_error,na,0,,,,,,,,,cached: Failed to parse formula 'fact_2020_modulo__int__unfold': [byte:753287] Type Error: Cannot unify strict function types of different arities.
no_iterative_deepening,ITP/ITP231^2.p,TH1,Theorem,parse_timeout,na,0,,,,,,,,,cached: parse exceeded 5000ms
no_iterative_deepening,ITP/ITP231^3.p,TH0,Theorem,parser_error,na,0,,,,,,,,,cached: Failed to parse formula 'fact_2020_modulo__int__unfold': [byte:753287] Type Error: Cannot unify strict function types of different arities.
no_iterative_deepening,ITP/ITP231^4.p,TH1,Theorem,parse_timeout,na,0,,,,,,,,,cached: parse exceeded 5000ms
no_iterative_deepening,ITP/ITP232^1.p,TH0,Theorem,parse_timeout,na,0,,,,,,,,,cached: parse exceeded 5000ms
no_iterative_deepening,ITP/ITP232^2.p,TH1,Theorem,parse_timeout,na,0,,,,,,,,,cached: parse exceeded 5000ms
no_iterative_deepening,ITP/ITP232^3.p,TH0,Theorem,parse_timeout,na,0,,,,,,,,,cached: parse exceeded 5000ms
no_iterative_deepening,ITP/ITP232^4.p,TH1,Theorem,parse_timeout,na,0,,,,,,,,,cached: parse exceeded 5000ms
no_iterative_deepening,ITP/ITP233^1.p,TH0,Theorem,parse_timeout,na,0,,,,,,,,,cached: parse exceeded 5000ms
no_iterative_deepening,ITP/ITP233^2.p,TH1,Theorem,parse_timeout,na,0,,,,,,,,,cached: parse exceeded 5000ms
no_iterative_deepening,ITP/ITP233^3.p,TH0,Theorem,parse_timeout,na,0,,,,,,,,,cached: parse exceeded 5000ms
no_iterative_deepening,ITP/ITP233^4.p,TH1,Theorem,parse_timeout,na,0,,,,,,,,,cached: parse exceeded 5000ms
no_iterative_deepening,ITP/ITP234^1.p,TH0,Theorem,parse_timeout,na,0,,,,,,,,,cached: parse exceeded 5000ms
no_iterative_deepening,ITP/ITP234^2.p,TH1,Theorem,parse_timeout,na,0,,,,,,,,,cached: parse exceeded 5000ms
no_iterative_deepening,ITP/ITP234^3.p,TH0,Theorem,parse_timeout,na,0,,,,,,,,,cached: parse exceeded 5000ms
no_iterative_deepening,ITP/ITP234^4.p,TH1,Theorem,parse_timeout,na,0,,,,,,,,,cached: parse exceeded 5000ms
no_iterative_deepening,ITP/ITP235^1.p,TH0,Theorem,parse_timeout,na,0,,,,,,,,,cached: parse exceeded 5000ms
no_iterative_deepening,ITP/ITP235^2.p,TH1,Theorem,parse_timeout,na,0,,,,,,,,,cached: parse exceeded 5000ms
no_iterative_deepening,ITP/ITP235^3.p,TH0,Theorem,parse_timeout,na,0,,,,,,,,,cached: parse exceeded 5000ms
no_iterative_deepening,ITP/ITP235^4.p,TH1,Theorem,parse_timeout,na,0,,,,,,,,,cached: parse exceeded 5000ms
no_iterative_deepening,ITP/ITP236^1.p,TH0,Theorem,parse_timeout,na,0,,,,,,,,,cached: parse exceeded 5000ms
no_iterative_deepening,ITP/ITP236^2.p,TH1,Theorem,parse_timeout,na,0,,,,,,,,,cached: parse exceeded 5000ms
no_iterative_deepening,ITP/ITP236^3.p,TH0,Theorem,parse_timeout,na,0,,,,,,,,,cached: parse exceeded 5000ms
no_iterative_deepening,ITP/ITP236^4.p,TH1,Theorem,parse_timeout,na,0,,,,,,,,,cached: parse exceeded 5000ms
no_iterative_deepening,ITP/ITP237^1.p,TH0,Theorem,parse_timeout,na,0,,,,,,,,,cached: parse exceeded 5000ms
no_iterative_deepening,ITP/ITP237^2.p,TH1,Theorem,parse_timeout,na,0,,,,,,,,,cached: parse exceeded 5000ms
no_iterative_deepening,ITP/ITP237^3.p,TH0,Theorem,parse_timeout,na,0,,,,,,,,,cached: parse exceeded 5000ms
no_iterative_deepening,ITP/ITP237^4.p,TH1,Theorem,parse_timeout,na,0,,,,,,,,,cached: parse exceeded 5000ms
no_iterative_deepening,ITP/ITP238^1.p,TH0,Theorem,parse_timeout,na,0,,,,,,,,,cached: parse exceeded 5000ms
no_iterative_deepening,ITP/ITP238^2.p,TH1,Theorem,parse_timeout,na,0,,,,,,,,,cached: parse exceeded 5000ms
no_iterative_deepening,ITP/ITP238^3.p,TH0,Theorem,parse_timeout,na,0,,,,,,,,,cached: parse exceeded 5000ms
no_iterative_deepening,ITP/ITP238^4.p,TH1,Theorem,parse_timeout,na,0,,,,,,,,,cached: parse exceeded 5000ms
no_iterative_deepening,ITP/ITP239^1.p,TH0,Theorem,parse_timeout,na,0,,,,,,,,,cached: parse exceeded 5000ms
no_iterative_deepening,ITP/ITP239^2.p,TH1,Theorem,parse_timeout,na,0,,,,,,,,,cached: parse exceeded 5000ms
no_iterative_deepening,ITP/ITP239^3.p,TH0,Theorem,parse_timeout,na,0,,,,,,,,,cached: parse exceeded 5000ms
no_iterative_deepening,ITP/ITP239^4.p,TH1,Theorem,parse_timeout,na,0,,,,,,,,,cached: parse exceeded 5000ms
no_iterative_deepening,ITP/ITP240^1.p,TH0,Theorem,parse_timeout,na,0,,,,,,,,,cached: parse exceeded 5000ms
no_iterative_deepening,ITP/ITP240^2.p,TH1,Theorem,parse_timeout,na,0,,,,,,,,,cached: parse exceeded 5000ms
no_iterative_deepening,ITP/ITP240^3.p,TH0,Theorem,parse_timeout,na,0,,,,,,,,,cached: parse exceeded 5000ms
no_iterative_deepening,ITP/ITP240^4.p,TH1,Theorem,parse_timeout,na,0,,,,,,,,,cached: parse exceeded 5000ms
no_iterative_deepening,ITP/ITP241^1.p,TH0,Theorem,parse_timeout,na,0,,,,,,,,,cached: parse exceeded 5000ms
no_iterative_deepening,ITP/ITP241^2.p,TH1,Theorem,parse_timeout,na,0,,,,,,,,,cached: parse exceeded 5000ms
no_iterative_deepening,ITP/ITP241^3.p,TH0,Theorem,parse_timeout,na,0,,,,,,,,,cached: parse exceeded 5000ms
no_iterative_deepening,ITP/ITP241^4.p,TH1,Theorem,parse_timeout,na,0,,,,,,,,,cached: parse exceeded 5000ms
no_iterative_deepening,ITP/ITP242^1.p,TH0,Theorem,parse_timeout,na,0,,,,,,,,,cached: parse exceeded 5000ms
no_iterative_deepening,ITP/ITP242^2.p,TH1,Theorem,parse_timeout,na,0,,,,,,,,,cached: parse exceeded 5000ms
no_iterative_deepening,ITP/ITP242^3.p,TH0,Theorem,parse_timeout,na,0,,,,,,,,,cached: parse exceeded 5000ms
no_iterative_deepening,ITP/ITP242^4.p,TH1,Theorem,parse_timeout,na,0,,,,,,,,,cached: parse exceeded 5000ms
no_iterative_deepening,ITP/ITP243^1.p,TH0,Theorem,parse_timeout,na,0,,,,,,,,,cached: parse exceeded 5000ms
no_iterative_deepening,ITP/ITP243^2.p,TH1,Theorem,parse_timeout,na,0,,,,,,,,,cached: parse exceeded 5000ms
no_iterative_deepening,ITP/ITP243^3.p,TH0,Theorem,parse_timeout,na,0,,,,,,,,,cached: parse exceeded 5000ms
no_iterative_deepening,ITP/ITP243^4.p,TH1,Theorem,parse_timeout,na,0,,,,,,,,,cached: parse exceeded 5000ms
no_iterative_deepening,ITP/ITP244^1.p,TH0,Theorem,parse_timeout,na,0,,,,,,,,,cached: parse exceeded 5000ms
no_iterative_deepening,ITP/ITP244^2.p,TH1,Theorem,parse_timeout,na,0,,,,,,,,,cached: parse exceeded 5000ms
no_iterative_deepening,ITP/ITP244^3.p,TH0,Theorem,parse_timeout,na,0,,,,,,,,,cached: parse exceeded 5000ms
no_iterative_deepening,ITP/ITP244^4.p,TH1,Theorem,parse_timeout,na,0,,,,,,,,,cached: parse exceeded 5000ms
no_iterative_deepening,ITP/ITP245^1.p,TH0,Theorem,parse_timeout,na,0,,,,,,,,,cached: parse exceeded 5000ms
no_iterative_deepening,ITP/ITP245^2.p,TH1,Theorem,parse_timeout,na,0,,,,,,,,,cached: parse exceeded 5000ms
no_iterative_deepening,ITP/ITP245^3.p,TH0,Theorem,parse_timeout,na,0,,,,,,,,,cached: parse exceeded 5000ms
no_iterative_deepening,ITP/ITP245^4.p,TH1,Theorem,parse_timeout,na,0,,,,,,,,,cached: parse exceeded 5000ms
no_iterative_deepening,ITP/ITP246^1.p,TH0,Theorem,parse_timeout,na,0,,,,,,,,,cached: parse exceeded 5000ms
no_iterative_deepening,ITP/ITP246^2.p,TH1,Theorem,parse_timeout,na,0,,,,,,,,,cached: parse exceeded 5000ms
no_iterative_deepening,ITP/ITP246^3.p,TH0,Theorem,parse_timeout,na,0,,,,,,,,,cached: parse exceeded 5000ms
no_iterative_deepening,ITP/ITP246^4.p,TH1,Theorem,parse_timeout,na,0,,,,,,,,,cached: parse exceeded 5000ms
no_iterative_deepening,ITP/ITP247^1.p,TH0,Theorem,parse_timeout,na,0,,,,,,,,,cached: parse exceeded 5000ms
no_iterative_deepening,ITP/ITP247^2.p,TH1,Theorem,parse_timeout,na,0,,,,,,,,,cached: parse exceeded 5000ms
no_iterative_deepening,ITP/ITP247^3.p,TH0,Theorem,parse_timeout,na,0,,,,,,,,,cached: parse exceeded 5000ms
no_iterative_deepening,ITP/ITP247^4.p,TH1,Theorem,parse_timeout,na,0,,,,,,,,,cached: parse exceeded 5000ms
no_iterative_deepening,ITP/ITP248^1.p,TH0,Theorem,parse_timeout,na,0,,,,,,,,,cached: parse exceeded 5000ms
no_iterative_deepening,ITP/ITP248^2.p,TH1,Theorem,parse_timeout,na,0,,,,,,,,,cached: parse exceeded 5000ms
no_iterative_deepening,ITP/ITP248^3.p,TH0,Theorem,parse_timeout,na,0,,,,,,,,,cached: parse exceeded 5000ms
no_iterative_deepening,ITP/ITP248^4.p,TH1,Theorem,parse_timeout,na,0,,,,,,,,,cached: parse exceeded 5000ms
no_iterative_deepening,ITP/ITP249^1.p,TH0,Theorem,parse_timeout,na,0,,,,,,,,,cached: parse exceeded 5000ms
no_iterative_deepening,ITP/ITP249^2.p,TH1,Theorem,parse_timeout,na,0,,,,,,,,,cached: parse exceeded 5000ms
no_iterative_deepening,ITP/ITP249^3.p,TH0,Theorem,parse_timeout,na,0,,,,,,,,,cached: parse exceeded 5000ms
no_iterative_deepening,ITP/ITP249^4.p,TH1,Theorem,parse_timeout,na,0,,,,,,,,,cached: parse exceeded 5000ms
no_iterative_deepening,ITP/ITP250^1.p,TH0,Theorem,parse_timeout,na,0,,,,,,,,,cached: parse exceeded 5000ms
no_iterative_deepening,ITP/ITP250^2.p,TH1,Theorem,parse_timeout,na,0,,,,,,,,,cached: parse exceeded 5000ms
no_iterative_deepening,ITP/ITP250^3.p,TH0,Theorem,parse_timeout,na,0,,,,,,,,,cached: parse exceeded 5000ms
no_iterative_deepening,ITP/ITP250^4.p,TH1,Theorem,parse_timeout,na,0,,,,,,,,,cached: parse exceeded 5000ms
no_iterative_deepening,ITP/ITP251^1.p,TH0,Theorem,parse_timeout,na,0,,,,,,,,,cached: parse exceeded 5000ms
no_iterative_deepening,ITP/ITP251^2.p,TH1,Theorem,parse_timeout,na,0,,,,,,,,,cached: parse exceeded 5000ms
no_iterative_deepening,ITP/ITP251^3.p,TH0,Theorem,parse_timeout,na,0,,,,,,,,,cached: parse exceeded 5000ms
no_iterative_deepening,ITP/ITP251^4.p,TH1,Theorem,parse_timeout,na,0,,,,,,,,,cached: parse exceeded 5000ms
no_iterative_deepening,ITP/ITP252^1.p,TH0,Theorem,parse_timeout,na,0,,,,,,,,,cached: parse exceeded 5000ms
no_iterative_deepening,ITP/ITP252^2.p,TH1,Theorem,parse_timeout,na,0,,,,,,,,,cached: parse exceeded 5000ms
no_iterative_deepening,ITP/ITP252^3.p,TH0,Theorem,parse_timeout,na,0,,,,,,,,,cached: parse exceeded 5000ms
no_iterative_deepening,ITP/ITP252^4.p,TH1,Theorem,parse_timeout,na,0,,,,,,,,,cached: parse exceeded 5000ms
no_iterative_deepening,ITP/ITP253^1.p,TH0,Theorem,parse_timeout,na,0,,,,,,,,,cached: parse exceeded 5000ms
no_iterative_deepening,ITP/ITP253^2.p,TH1,Theorem,parse_timeout,na,0,,,,,,,,,cached: parse exceeded 5000ms
no_iterative_deepening,ITP/ITP253^3.p,TH0,Theorem,parse_timeout,na,0,,,,,,,,,cached: parse exceeded 5000ms
no_iterative_deepening,ITP/ITP253^4.p,TH1,Theorem,parse_timeout,na,0,,,,,,,,,cached: parse exceeded 5000ms
no_iterative_deepening,ITP/ITP254^1.p,TH0,Theorem,parse_timeout,na,0,,,,,,,,,cached: parse exceeded 5000ms
no_iterative_deepening,ITP/ITP254^2.p,TH1,Theorem,parse_timeout,na,0,,,,,,,,,cached: parse exceeded 5000ms
no_iterative_deepening,ITP/ITP254^3.p,TH0,Theorem,parse_timeout,na,0,,,,,,,,,cached: parse exceeded 5000ms
no_iterative_deepening,ITP/ITP254^4.p,TH1,Theorem,parse_timeout,na,0,,,,,,,,,cached: parse exceeded 5000ms
no_iterative_deepening,ITP/ITP255^1.p,TH0,Theorem,parse_timeout,na,0,,,,,,,,,cached: parse exceeded 5000ms
no_iterative_deepening,ITP/ITP255^2.p,TH1,Theorem,parse_timeout,na,0,,,,,,,,,cached: parse exceeded 5000ms
no_iterative_deepening,ITP/ITP255^3.p,TH0,Theorem,parse_timeout,na,0,,,,,,,,,cached: parse exceeded 5000ms
no_iterative_deepening,ITP/ITP255^4.p,TH1,Theorem,parse_timeout,na,0,,,,,,,,,cached: parse exceeded 5000ms
no_iterative_deepening,ITP/ITP256^1.p,TH0,Theorem,parse_timeout,na,0,,,,,,,,,cached: parse exceeded 5000ms
no_iterative_deepening,ITP/ITP256^2.p,TH1,Theorem,parse_timeout,na,0,,,,,,,,,cached: parse exceeded 5000ms
no_iterative_deepening,ITP/ITP256^3.p,TH0,Theorem,parse_timeout,na,0,,,,,,,,,cached: parse exceeded 5000ms
no_iterative_deepening,ITP/ITP256^4.p,TH1,Theorem,parse_timeout,na,0,,,,,,,,,cached: parse exceeded 5000ms
no_iterative_deepening,ITP/ITP257^1.p,TH0,Theorem,parse_timeout,na,0,,,,,,,,,cached: parse exceeded 5000ms
no_iterative_deepening,ITP/ITP257^2.p,TH1,Theorem,parse_timeout,na,0,,,,,,,,,cached: parse exceeded 5000ms
no_iterative_deepening,ITP/ITP257^3.p,TH0,Theorem,parse_timeout,na,0,,,,,,,,,cached: parse exceeded 5000ms
no_iterative_deepening,ITP/ITP257^4.p,TH1,Theorem,parse_timeout,na,0,,,,,,,,,cached: parse exceeded 5000ms
no_iterative_deepening,ITP/ITP258^1.p,TH0,Theorem,parse_timeout,na,0,,,,,,,,,cached: parse exceeded 5000ms
no_iterative_deepening,ITP/ITP258^2.p,TH1,Theorem,parse_timeout,na,0,,,,,,,,,cached: parse exceeded 5000ms
no_iterative_deepening,ITP/ITP258^3.p,TH0,Theorem,parse_timeout,na,0,,,,,,,,,cached: parse exceeded 5000ms
no_iterative_deepening,ITP/ITP258^4.p,TH1,Theorem,parse_timeout,na,0,,,,,,,,,cached: parse exceeded 5000ms
no_iterative_deepening,ITP/ITP259^1.p,TH0,Theorem,parse_timeout,na,0,,,,,,,,,cached: parse exceeded 5000ms
no_iterative_deepening,ITP/ITP259^2.p,TH1,Theorem,parse_timeout,na,0,,,,,,,,,cached: parse exceeded 5000ms
no_iterative_deepening,ITP/ITP259^3.p,TH0,Theorem,parse_timeout,na,0,,,,,,,,,cached: parse exceeded 5000ms
no_iterative_deepening,ITP/ITP259^4.p,TH1,Theorem,parse_timeout,na,0,,,,,,,,,cached: parse exceeded 5000ms
no_iterative_deepening,ITP/ITP260^1.p,TH0,Theorem,parse_timeout,na,0,,,,,,,,,cached: parse exceeded 5000ms
no_iterative_deepening,ITP/ITP260^2.p,TH1,Theorem,parse_timeout,na,0,,,,,,,,,cached: parse exceeded 5000ms
no_iterative_deepening,ITP/ITP260^3.p,TH0,Theorem,parse_timeout,na,0,,,,,,,,,cached: parse exceeded 5000ms
no_iterative_deepening,ITP/ITP260^4.p,TH1,Theorem,parse_timeout,na,0,,,,,,,,,cached: parse exceeded 5000ms
no_iterative_deepening,ITP/ITP261^1.p,TH0,Theorem,parse_timeout,na,0,,,,,,,,,cached: parse exceeded 5000ms
no_iterative_deepening,ITP/ITP261^2.p,TH1,Theorem,parse_timeout,na,0,,,,,,,,,cached: parse exceeded 5000ms
no_iterative_deepening,ITP/ITP261^3.p,TH0,Theorem,parse_timeout,na,0,,,,,,,,,cached: parse exceeded 5000ms
no_iterative_deepening,ITP/ITP261^4.p,TH1,Theorem,parse_timeout,na,0,,,,,,,,,cached: parse exceeded 5000ms
no_iterative_deepening,ITP/ITP262^1.p,TH0,Theorem,parse_timeout,na,0,,,,,,,,,cached: parse exceeded 5000ms
no_iterative_deepening,ITP/ITP262^2.p,TH1,Theorem,parse_timeout,na,0,,,,,,,,,cached: parse exceeded 5000ms
no_iterative_deepening,ITP/ITP262^3.p,TH0,Theorem,parse_timeout,na,0,,,,,,,,,cached: parse exceeded 5000ms
no_iterative_deepening,ITP/ITP262^4.p,TH1,Theorem,parse_timeout,na,0,,,,,,,,,cached: parse exceeded 5000ms
no_iterative_deepening,ITP/ITP263^1.p,TH0,Theorem,parse_timeout,na,0,,,,,,,,,cached: parse exceeded 5000ms
no_iterative_deepening,ITP/ITP263^2.p,TH1,Theorem,parse_timeout,na,0,,,,,,,,,cached: parse exceeded 5000ms
no_iterative_deepening,ITP/ITP263^3.p,TH0,Theorem,parse_timeout,na,0,,,,,,,,,cached: parse exceeded 5000ms
no_iterative_deepening,ITP/ITP263^4.p,TH1,Theorem,parse_timeout,na,0,,,,,,,,,cached: parse exceeded 5000ms
no_iterative_deepening,ITP/ITP264^1.p,TH0,Theorem,parse_timeout,na,0,,,,,,,,,cached: parse exceeded 5000ms
no_iterative_deepening,ITP/ITP264^2.p,TH1,Theorem,parse_timeout,na,0,,,,,,,,,cached: parse exceeded 5000ms
no_iterative_deepening,ITP/ITP264^3.p,TH0,Theorem,parse_timeout,na,0,,,,,,,,,cached: parse exceeded 5000ms
no_iterative_deepening,ITP/ITP264^4.p,TH1,Theorem,parse_timeout,na,0,,,,,,,,,cached: parse exceeded 5000ms
no_iterative_deepening,ITP/ITP265^1.p,TH0,Theorem,parse_timeout,na,0,,,,,,,,,cached: parse exceeded 5000ms
no_iterative_deepening,ITP/ITP265^2.p,TH1,Theorem,parse_timeout,na,0,,,,,,,,,cached: parse exceeded 5000ms
no_iterative_deepening,ITP/ITP265^3.p,TH0,Theorem,parse_timeout,na,0,,,,,,,,,cached: parse exceeded 5000ms
no_iterative_deepening,ITP/ITP265^4.p,TH1,Theorem,parse_timeout,na,0,,,,,,,,,cached: parse exceeded 5000ms
no_iterative_deepening,ITP/ITP266^1.p,TH0,Theorem,parse_timeout,na,0,,,,,,,,,cached: parse exceeded 5000ms
no_iterative_deepening,ITP/ITP266^2.p,TH1,Theorem,parse_timeout,na,0,,,,,,,,,cached: parse exceeded 5000ms
no_iterative_deepening,ITP/ITP266^3.p,TH0,Theorem,parse_timeout,na,0,,,,,,,,,cached: parse exceeded 5000ms
no_iterative_deepening,ITP/ITP266^4.p,TH1,Theorem,parse_timeout,na,0,,,,,,,,,cached: parse exceeded 5000ms
no_iterative_deepening,ITP/ITP267^1.p,TH0,Theorem,parse_timeout,na,0,,,,,,,,,cached: parse exceeded 5000ms
no_iterative_deepening,ITP/ITP267^2.p,TH1,Theorem,parse_timeout,na,0,,,,,,,,,cached: parse exceeded 5000ms
no_iterative_deepening,ITP/ITP267^3.p,TH0,Theorem,parse_timeout,na,0,,,,,,,,,cached: parse exceeded 5000ms
no_iterative_deepening,ITP/ITP267^4.p,TH1,Theorem,parse_timeout,na,0,,,,,,,,,cached: parse exceeded 5000ms
no_iterative_deepening,ITP/ITP268^1.p,TH0,Theorem,parse_timeout,na,0,,,,,,,,,cached: parse exceeded 5000ms
no_iterative_deepening,ITP/ITP268^2.p,TH1,Theorem,parse_timeout,na,0,,,,,,,,,cached: parse exceeded 5000ms
no_iterative_deepening,ITP/ITP268^3.p,TH0,Theorem,parse_timeout,na,0,,,,,,,,,cached: parse exceeded 5000ms
no_iterative_deepening,ITP/ITP268^4.p,TH1,Theorem,parse_timeout,na,0,,,,,,,,,cached: parse exceeded 5000ms
no_iterative_deepening,ITP/ITP269^1.p,TH0,Theorem,parse_timeout,na,0,,,,,,,,,cached: parse exceeded 5000ms
no_iterative_deepening,ITP/ITP269^2.p,TH1,Theorem,parse_timeout,na,0,,,,,,,,,cached: parse exceeded 5000ms
no_iterative_deepening,ITP/ITP269^3.p,TH0,Theorem,parse_timeout,na,0,,,,,,,,,cached: parse exceeded 5000ms
no_iterative_deepening,ITP/ITP269^4.p,TH1,Theorem,parse_timeout,na,0,,,,,,,,,cached: parse exceeded 5000ms
no_iterative_deepening,ITP/ITP270^1.p,TH0,Theorem,parse_timeout,na,0,,,,,,,,,cached: parse exceeded 5000ms
no_iterative_deepening,ITP/ITP270^2.p,TH1,Theorem,parse_timeout,na,0,,,,,,,,,cached: parse exceeded 5000ms
no_iterative_deepening,ITP/ITP270^3.p,TH0,Theorem,parse_timeout,na,0,,,,,,,,,cached: parse exceeded 5000ms
no_iterative_deepening,ITP/ITP270^4.p,TH1,Theorem,parse_timeout,na,0,,,,,,,,,cached: parse exceeded 5000ms
no_iterative_deepening,ITP/ITP271^1.p,TH0,Theorem,parse_timeout,na,0,,,,,,,,,cached: parse exceeded 5000ms
no_iterative_deepening,ITP/ITP271^2.p,TH1,Theorem,parse_timeout,na,0,,,,,,,,,cached: parse exceeded 5000ms
no_iterative_deepening,ITP/ITP271^3.p,TH0,Theorem,parse_timeout,na,0,,,,,,,,,cached: parse exceeded 5000ms
no_iterative_deepening,ITP/ITP271^4.p,TH1,Theorem,parse_timeout,na,0,,,,,,,,,cached: parse exceeded 5000ms
no_iterative_deepening,ITP/ITP272^1.p,TH0,Theorem,parse_timeout,na,0,,,,,,,,,cached: parse exceeded 5000ms
no_iterative_deepening,ITP/ITP272^2.p,TH1,Theorem,parse_timeout,na,0,,,,,,,,,cached: parse exceeded 5000ms
no_iterative_deepening,ITP/ITP272^3.p,TH0,Theorem,parse_timeout,na,0,,,,,,,,,cached: parse exceeded 5000ms
no_iterative_deepening,ITP/ITP272^4.p,TH1,Theorem,parse_timeout,na,0,,,,,,,,,cached: parse exceeded 5000ms
no_iterative_deepening,ITP/ITP273^1.p,TH0,Theorem,parse_timeout,na,0,,,,,,,,,cached: parse exceeded 5000ms
no_iterative_deepening,ITP/ITP273^2.p,TH1,Theorem,parse_timeout,na,0,,,,,,,,,cached: parse exceeded 5000ms
no_iterative_deepening,ITP/ITP273^3.p,TH0,Theorem,parse_timeout,na,0,,,,,,,,,cached: parse exceeded 5000ms
no_iterative_deepening,ITP/ITP273^4.p,TH1,Theorem,parse_timeout,na,0,,,,,,,,,cached: parse exceeded 5000ms
no_iterative_deepening,ITP/ITP274^1.p,TH0,Theorem,parse_timeout,na,0,,,,,,,,,cached: parse exceeded 5000ms
no_iterative_deepening,ITP/ITP274^2.p,TH1,Theorem,parse_timeout,na,0,,,,,,,,,cached: parse exceeded 5000ms
no_iterative_deepening,ITP/ITP274^3.p,TH0,Theorem,parse_timeout,na,0,,,,,,,,,cached: parse exceeded 5000ms
no_iterative_deepening,ITP/ITP274^4.p,TH1,Theorem,parse_timeout,na,0,,,,,,,,,cached: parse exceeded 5000ms
no_iterative_deepening,ITP/ITP275^1.p,TH0,Theorem,parse_timeout,na,0,,,,,,,,,cached: parse exceeded 5000ms
no_iterative_deepening,ITP/ITP275^2.p,TH1,Theorem,parser_error,na,0,,,,,,,,,cached: Failed to parse formula 'fact_1029_of__bool__odd__eq__mod__2': [byte:364945] Type Error: Cannot unify strict function types of different arities.
no_iterative_deepening,ITP/ITP275^3.p,TH0,Theorem,parse_timeout,na,0,,,,,,,,,cached: parse exceeded 5000ms
no_iterative_deepening,ITP/ITP275^4.p,TH1,Theorem,parser_error,na,0,,,,,,,,,cached: Failed to parse formula 'fact_1029_of__bool__odd__eq__mod__2': [byte:364945] Type Error: Cannot unify strict function types of different arities.
no_iterative_deepening,ITP/ITP276^1.p,TH0,ContradictoryAxioms,parse_timeout,na,0,,,,,,,,,cached: parse exceeded 5000ms
no_iterative_deepening,ITP/ITP276^2.p,TH1,ContradictoryAxioms,parse_timeout,na,0,,,,,,,,,cached: parse exceeded 5000ms
no_iterative_deepening,ITP/ITP276^3.p,TH0,ContradictoryAxioms,parse_timeout,na,0,,,,,,,,,cached: parse exceeded 5000ms
no_iterative_deepening,ITP/ITP276^4.p,TH1,ContradictoryAxioms,parse_timeout,na,0,,,,,,,,,cached: parse exceeded 5000ms
no_iterative_deepening,ITP/ITP277^1.p,TH0,Theorem,parse_timeout,na,0,,,,,,,,,cached: parse exceeded 5000ms
no_iterative_deepening,ITP/ITP277^2.p,TH1,Theorem,parse_timeout,na,0,,,,,,,,,cached: parse exceeded 5000ms
no_iterative_deepening,ITP/ITP277^3.p,TH0,Theorem,parse_timeout,na,0,,,,,,,,,cached: parse exceeded 5000ms
no_iterative_deepening,ITP/ITP277^4.p,TH1,Theorem,parse_timeout,na,0,,,,,,,,,cached: parse exceeded 5000ms
no_iterative_deepening,ITP/ITP278^1.p,TH0,Theorem,parse_timeout,na,0,,,,,,,,,cached: parse exceeded 5000ms
no_iterative_deepening,ITP/ITP278^2.p,TH1,Theorem,parse_timeout,na,0,,,,,,,,,cached: parse exceeded 5000ms
no_iterative_deepening,ITP/ITP278^3.p,TH0,Theorem,parse_timeout,na,0,,,,,,,,,cached: parse exceeded 5000ms
no_iterative_deepening,ITP/ITP278^4.p,TH1,Theorem,parse_timeout,na,0,,,,,,,,,cached: parse exceeded 5000ms
no_iterative_deepening,ITP/ITP279^1.p,TH0,Theorem,parse_timeout,na,0,,,,,,,,,cached: parse exceeded 5000ms
no_iterative_deepening,ITP/ITP279^2.p,TH1,Theorem,parse_timeout,na,0,,,,,,,,,cached: parse exceeded 5000ms
no_iterative_deepening,ITP/ITP279^3.p,TH0,Theorem,parse_timeout,na,0,,,,,,,,,cached: parse exceeded 5000ms
no_iterative_deepening,ITP/ITP279^4.p,TH1,Theorem,parse_timeout,na,0,,,,,,,,,cached: parse exceeded 5000ms
no_iterative_deepening,ITP/ITP280^1.p,TH0,Theorem,parse_timeout,na,0,,,,,,,,,cached: parse exceeded 5000ms
no_iterative_deepening,ITP/ITP280^2.p,TH1,Theorem,parser_error,na,0,,,,,,,,,cached: Failed to parse formula 'fact_1609_of__bool__not__iff': [byte:557970] Type Error: Cannot unify strict function types of different arities.
no_iterative_deepening,ITP/ITP280^3.p,TH0,Theorem,parse_timeout,na,0,,,,,,,,,cached: parse exceeded 5000ms
no_iterative_deepening,ITP/ITP280^4.p,TH1,Theorem,parser_error,na,0,,,,,,,,,cached: Failed to parse formula 'fact_1609_of__bool__not__iff': [byte:557970] Type Error: Cannot unify strict function types of different arities.
no_iterative_deepening,ITP/ITP281^1.p,TH0,Theorem,parse_timeout,na,0,,,,,,,,,cached: parse exceeded 5000ms
no_iterative_deepening,ITP/ITP281^2.p,TH1,Theorem,parse_timeout,na,0,,,,,,,,,cached: parse exceeded 5000ms
no_iterative_deepening,ITP/ITP281^3.p,TH0,Theorem,parse_timeout,na,0,,,,,,,,,cached: parse exceeded 5000ms
no_iterative_deepening,ITP/ITP281^4.p,TH1,Theorem,parse_timeout,na,0,,,,,,,,,cached: parse exceeded 5000ms
no_iterative_deepening,ITP/ITP282^1.p,TH0,Theorem,parse_timeout,na,0,,,,,,,,,cached: parse exceeded 5000ms
no_iterative_deepening,ITP/ITP282^2.p,TH1,Theorem,parser_error,na,0,,,,,,,,,cached: Failed to parse formula 'fact_923_of__bool__odd__eq__mod__2': [byte:350737] Type Error: Cannot unify strict function types of different arities.
no_iterative_deepening,ITP/ITP282^3.p,TH0,Theorem,parse_timeout,na,0,,,,,,,,,cached: parse exceeded 5000ms
no_iterative_deepening,ITP/ITP282^4.p,TH1,Theorem,parser_error,na,0,,,,,,,,,cached: Failed to parse formula 'fact_923_of__bool__odd__eq__mod__2': [byte:350737] Type Error: Cannot unify strict function types of different arities.
no_iterative_deepening,ITP/ITP283^1.p,TH0,Theorem,parse_timeout,na,0,,,,,,,,,cached: parse exceeded 5000ms
no_iterative_deepening,ITP/ITP283^2.p,TH1,Theorem,parse_timeout,na,0,,,,,,,,,cached: parse exceeded 5000ms
no_iterative_deepening,ITP/ITP283^3.p,TH0,Theorem,parse_timeout,na,0,,,,,,,,,cached: parse exceeded 5000ms
no_iterative_deepening,ITP/ITP283^4.p,TH1,Theorem,parse_timeout,na,0,,,,,,,,,cached: parse exceeded 5000ms
no_iterative_deepening,ITP/ITP284^1.p,TH0,Theorem,parse_timeout,na,0,,,,,,,,,cached: parse exceeded 5000ms
no_iterative_deepening,ITP/ITP284^2.p,TH1,Theorem,parser_error,na,0,,,,,,,,,cached: Failed to parse formula 'fact_1267_of__bool__odd__eq__mod__2': [byte:465803] Type Error: Cannot unify strict function types of different arities.
no_iterative_deepening,ITP/ITP284^3.p,TH0,Theorem,parse_timeout,na,0,,,,,,,,,cached: parse exceeded 5000ms
no_iterative_deepening,ITP/ITP284^4.p,TH1,Theorem,parser_error,na,0,,,,,,,,,cached: Failed to parse formula 'fact_1267_of__bool__odd__eq__mod__2': [byte:465803] Type Error: Cannot unify strict function types of different arities.
no_iterative_deepening,ITP/ITP285^1.p,TH0,ContradictoryAxioms,parse_timeout,na,0,,,,,,,,,cached: parse exceeded 5000ms
no_iterative_deepening,ITP/ITP285^2.p,TH1,Theorem,parse_timeout,na,0,,,,,,,,,cached: parse exceeded 5000ms
no_iterative_deepening,ITP/ITP285^3.p,TH0,ContradictoryAxioms,parse_timeout,na,0,,,,,,,,,cached: parse exceeded 5000ms
no_iterative_deepening,ITP/ITP285^4.p,TH1,Theorem,parse_timeout,na,0,,,,,,,,,cached: parse exceeded 5000ms
no_iterative_deepening,ITP/ITP286^1.p,TH0,Theorem,parse_timeout,na,0,,,,,,,,,cached: parse exceeded 5000ms
no_iterative_deepening,ITP/ITP286^2.p,TH1,Theorem,parse_timeout,na,0,,,,,,,,,cached: parse exceeded 5000ms
no_iterative_deepening,ITP/ITP286^3.p,TH0,Theorem,parse_timeout,na,0,,,,,,,,,cached: parse exceeded 5000ms
no_iterative_deepening,ITP/ITP286^4.p,TH1,Theorem,parse_timeout,na,0,,,,,,,,,cached: parse exceeded 5000ms
no_iterative_deepening,ITP/ITP287^1.p,TH0,Theorem,parse_timeout,na,0,,,,,,,,,cached: parse exceeded 5000ms
no_iterative_deepening,ITP/ITP287^2.p,TH1,Theorem,parse_timeout,na,0,,,,,,,,,cached: parse exceeded 5000ms
no_iterative_deepening,ITP/ITP287^3.p,TH0,Theorem,parse_timeout,na,0,,,,,,,,,cached: parse exceeded 5000ms
no_iterative_deepening,ITP/ITP287^4.p,TH1,Theorem,parse_timeout,na,0,,,,,,,,,cached: parse exceeded 5000ms
no_iterative_deepening,ITP/ITP288^1.p,TH0,Theorem,parse_timeout,na,0,,,,,,,,,cached: parse exceeded 5000ms
no_iterative_deepening,ITP/ITP288^2.p,TH1,Theorem,parse_timeout,na,0,,,,,,,,,cached: parse exceeded 5000ms
no_iterative_deepening,ITP/ITP288^3.p,TH0,Theorem,parse_timeout,na,0,,,,,,,,,cached: parse exceeded 5000ms
no_iterative_deepening,ITP/ITP288^4.p,TH1,Theorem,parse_timeout,na,0,,,,,,,,,cached: parse exceeded 5000ms
no_iterative_deepening,ITP/ITP289^1.p,TH0,Theorem,parse_timeout,na,0,,,,,,,,,cached: parse exceeded 5000ms
no_iterative_deepening,ITP/ITP289^2.p,TH1,Theorem,parse_timeout,na,0,,,,,,,,,cached: parse exceeded 5000ms
no_iterative_deepening,ITP/ITP289^3.p,TH0,Theorem,parse_timeout,na,0,,,,,,,,,cached: parse exceeded 5000ms
no_iterative_deepening,ITP/ITP289^4.p,TH1,Theorem,parse_timeout,na,0,,,,,,,,,cached: parse exceeded 5000ms
no_iterative_deepening,ITP/ITP290^1.p,TH0,Theorem,parse_timeout,na,0,,,,,,,,,cached: parse exceeded 5000ms
no_iterative_deepening,ITP/ITP290^2.p,TH1,Theorem,parse_timeout,na,0,,,,,,,,,cached: parse exceeded 5000ms
no_iterative_deepening,ITP/ITP290^3.p,TH0,Theorem,parse_timeout,na,0,,,,,,,,,cached: parse exceeded 5000ms
no_iterative_deepening,ITP/ITP290^4.p,TH1,Theorem,parse_timeout,na,0,,,,,,,,,cached: parse exceeded 5000ms
no_iterative_deepening,ITP/ITP291^1.p,TH0,Theorem,parse_timeout,na,0,,,,,,,,,cached: parse exceeded 5000ms
no_iterative_deepening,ITP/ITP291^2.p,TH1,Theorem,parse_timeout,na,0,,,,,,,,,cached: parse exceeded 5000ms
no_iterative_deepening,ITP/ITP291^3.p,TH0,Theorem,parse_timeout,na,0,,,,,,,,,cached: parse exceeded 5000ms
no_iterative_deepening,ITP/ITP291^4.p,TH1,Theorem,parse_timeout,na,0,,,,,,,,,cached: parse exceeded 5000ms
no_iterative_deepening,ITP/ITP292^1.p,TH0,Theorem,parse_timeout,na,0,,,,,,,,,cached: parse exceeded 5000ms
no_iterative_deepening,ITP/ITP292^2.p,TH1,Theorem,parse_timeout,na,0,,,,,,,,,cached: parse exceeded 5000ms
no_iterative_deepening,ITP/ITP292^3.p,TH0,Theorem,parse_timeout,na,0,,,,,,,,,cached: parse exceeded 5000ms
no_iterative_deepening,ITP/ITP292^4.p,TH1,Theorem,parse_timeout,na,0,,,,,,,,,cached: parse exceeded 5000ms
no_iterative_deepening,ITP/ITP293^1.p,TH0,Theorem,parse_timeout,na,0,,,,,,,,,cached: parse exceeded 5000ms
no_iterative_deepening,ITP/ITP293^2.p,TH1,Theorem,parse_timeout,na,0,,,,,,,,,cached: parse exceeded 5000ms
no_iterative_deepening,ITP/ITP293^3.p,TH0,Theorem,parse_timeout,na,0,,,,,,,,,cached: parse exceeded 5000ms
no_iterative_deepening,ITP/ITP293^4.p,TH1,Theorem,parse_timeout,na,0,,,,,,,,,cached: parse exceeded 5000ms
no_iterative_deepening,ITP/ITP294^1.p,TH0,Theorem,parser_error,na,0,,,,,,,,,cached: Failed to parse formula 'fact_2079_Suc__0__xor__eq': [byte:706302] Type Error: Cannot unify strict function types of different arities.
no_iterative_deepening,ITP/ITP294^2.p,TH1,Theorem,parse_timeout,na,0,,,,,,,,,cached: parse exceeded 5000ms
no_iterative_deepening,ITP/ITP294^3.p,TH0,Theorem,parser_error,na,0,,,,,,,,,cached: Failed to parse formula 'fact_2079_Suc__0__xor__eq': [byte:706302] Type Error: Cannot unify strict function types of different arities.
no_iterative_deepening,ITP/ITP294^4.p,TH1,Theorem,parse_timeout,na,0,,,,,,,,,cached: parse exceeded 5000ms
no_iterative_deepening,ITP/ITP415^1.p,unknown,Theorem,parser_error,na,0,,,,,,,,,cached: Syntax Error: expected ' ' or ']' in !> binder  got [{:colon  ":"  1957}  {:atom  "nat"  1959}  {:rbracket  "]"  1962}  {:colon  ":"  1964}  {:lparen  "("  1966}  {:atom  "fin"  1968}  {:app  "@"  197
no_iterative_deepening,ITP/ITP416^1.p,unknown,Theorem,parser_error,na,0,,,,,,,,,cached: Syntax Error: expected ' ' or ']' in !> binder  got [{:colon  ":"  1958}  {:atom  "nat"  1960}  {:rbracket  "]"  1963}  {:colon  ":"  1965}  {:lparen  "("  1967}  {:atom  "fin"  1969}  {:app  "@"  197
no_iterative_deepening,ITP/ITP417^1.p,unknown,Theorem,parser_error,na,0,,,,,,,,,cached: Syntax Error: expected ' ' or ']' in !> binder  got [{:colon  ":"  1964}  {:atom  "nat"  1966}  {:rbracket  "]"  1969}  {:colon  ":"  1971}  {:lparen  "("  1973}  {:atom  "fin"  1975}  {:app  "@"  197
no_iterative_deepening,KRS/KRS272^7.p,TH0,Theorem,timeout,na,2130,1089,61,1089,137,0,0,0,0,
no_iterative_deepening,KRS/KRS273^7.p,TH0,CounterSatisfiable,timeout,na,2226,2927,67,2927,200,24,0,0,0,
no_iterative_deepening,KRS/KRS274^7.p,TH0,CounterSatisfiable,timeout,na,2270,2959,23,2959,212,20,0,0,0,
no_iterative_deepening,KRS/KRS275^7.p,TH0,Theorem,timeout,na,2191,3473,61,3473,165,16,0,0,0,
no_iterative_deepening,KRS/KRS276^7.p,TH0,Theorem,timeout,na,2418,5160,90,5160,153,227,0,0,0,
no_iterative_deepening,KRS/KRS277^7.p,TH0,CounterSatisfiable,timeout,na,2252,4556,78,4556,215,102,0,0,0,
no_iterative_deepening,LCL/LCL181^4.p,TH0,CounterSatisfiable,timeout,na,2140,4244,90,4244,225,116,0,0,0,
no_iterative_deepening,LCL/LCL230^4.p,TH0,CounterSatisfiable,timeout,na,2111,3100,86,3100,222,91,0,0,0,
no_iterative_deepening,LCL/LCL414^7.p,TH0,Theorem,timeout,na,2149,1905,92,1905,201,0,0,0,0,
no_iterative_deepening,LCL/LCL449^7.p,TH0,Theorem,timeout,na,2327,58,5,58,1,0,0,0,0,
no_iterative_deepening,LCL/LCL450^7.p,TH0,Theorem,timeout,na,2329,43,4,43,1,0,0,0,0,
no_iterative_deepening,LCL/LCL452^7.p,TH0,Theorem,timeout,na,2303,46,4,46,1,0,0,0,0,
no_iterative_deepening,LCL/LCL454^7.p,TH0,Theorem,timeout,na,2306,64,6,64,1,0,0,0,0,
no_iterative_deepening,LCL/LCL456^7.p,TH0,Theorem,timeout,na,2304,50,5,50,1,0,0,0,0,
no_iterative_deepening,LCL/LCL460^7.p,TH0,Theorem,timeout,na,2306,44,4,44,1,0,0,0,0,
no_iterative_deepening,LCL/LCL462^7.p,TH0,Theorem,timeout,na,2301,77,7,77,1,0,0,0,0,
no_iterative_deepening,LCL/LCL464^7.p,TH0,Theorem,timeout,na,2299,75,7,75,1,0,0,0,0,
no_iterative_deepening,LCL/LCL466^7.p,TH0,Theorem,timeout,na,2298,59,5,59,1,0,0,0,0,
no_iterative_deepening,LCL/LCL467^7.p,TH0,Theorem,timeout,na,2302,82,8,82,1,0,0,0,0,
no_iterative_deepening,LCL/LCL579^1.p,TH0,Theorem,unk,na,15,11,0,11,2,0,0,0,0,
no_iterative_deepening,LCL/LCL579^2.p,TH0,Theorem,unk,na,10,9,0,9,2,0,0,0,0,
no_iterative_deepening,LCL/LCL580^1.p,TH0,Theorem,thm,yes,20,4,0,4,1,1,0,0,0,
no_iterative_deepening,LCL/LCL581^1.p,TH0,Theorem,thm,yes,23,3,0,3,1,1,0,0,0,
no_iterative_deepening,LCL/LCL582^1.p,TH0,CounterSatisfiable,unk,na,31,12,0,12,2,0,0,0,0,
no_iterative_deepening,LCL/LCL583^1.p,TH0,Theorem,thm,yes,25,4,0,4,1,1,0,0,0,
no_iterative_deepening,LCL/LCL584^1.p,TH0,Theorem,timeout,na,2028,709,15,709,55,67,0,1,0,
no_iterative_deepening,LCL/LCL585^1.p,TH0,Theorem,thm,yes,60,101,1,101,11,5,0,1,1,
no_iterative_deepening,LCL/LCL586^1.p,TH0,Theorem,thm,yes,55,49,0,49,5,0,0,1,1,
no_iterative_deepening,LCL/LCL587^1.p,TH0,Theorem,thm,yes,52,55,0,55,6,0,0,1,1,
no_iterative_deepening,LCL/LCL588^1.p,TH0,Theorem,thm,yes,93,207,1,207,22,17,0,1,1,
no_iterative_deepening,LCL/LCL589^1.p,TH0,Theorem,thm,yes,57,19,1,19,3,0,0,1,1,
no_iterative_deepening,LCL/LCL590^1.p,TH0,Theorem,thm,yes,48,20,1,20,4,0,0,1,1,
no_iterative_deepening,LCL/LCL591^1.p,TH0,Theorem,thm,yes,30,13,1,13,1,0,0,1,1,
no_iterative_deepening,LCL/LCL592^1.p,TH0,Theorem,thm,yes,63,35,1,35,6,0,0,1,1,
no_iterative_deepening,LCL/LCL593^1.p,TH0,CounterSatisfiable,unk,na,32,12,0,12,2,0,0,0,0,
no_iterative_deepening,LCL/LCL594^1.p,TH0,Theorem,thm,yes,101,12,0,12,2,0,0,1,1,
no_iterative_deepening,LCL/LCL595^1.p,TH0,Theorem,timeout,na,2063,1018,78,1015,26,15,0,1,0,
no_iterative_deepening,LCL/LCL596^1.p,TH0,CounterSatisfiable,unk,na,58,19,1,19,2,0,0,2,0,
no_iterative_deepening,LCL/LCL597^1.p,TH0,Theorem,thm,yes,51,8,0,8,1,0,0,1,1,
no_iterative_deepening,LCL/LCL598^1.p,TH0,CounterSatisfiable,unk,na,90,38,1,38,5,1,0,0,0,
no_iterative_deepening,LCL/LCL599^1.p,TH0,CounterSatisfiable,timeout,na,2081,821,42,821,79,9,0,1,0,
no_iterative_deepening,LCL/LCL600^1.p,TH0,Theorem,timeout,na,2147,1038,32,1038,205,9,0,1,0,
no_iterative_deepening,LCL/LCL601^1.p,TH0,Theorem,timeout,na,2088,2122,167,2122,76,10,0,1,0,
no_iterative_deepening,LCL/LCL602^1.p,TH0,Theorem,timeout,na,2079,1001,57,1001,96,5,0,1,0,
no_iterative_deepening,LCL/LCL603^1.p,TH0,Theorem,timeout,na,2079,951,67,951,57,2,0,1,0,
no_iterative_deepening,LCL/LCL604^1.p,TH0,Theorem,timeout,na,2400,6516,165,6516,1623,134,0,1,0,
no_iterative_deepening,LCL/LCL607^1.p,TH0,Theorem,unk,na,46,22,0,22,3,0,0,0,0,
no_iterative_deepening,LCL/LCL608^1.p,TH0,Theorem,thm,yes,31,18,1,18,2,0,0,1,1,
no_iterative_deepening,LCL/LCL609^1.p,TH0,Theorem,thm,yes,23,10,1,10,1,0,0,1,1,
no_iterative_deepening,LCL/LCL612^1.p,TH0,Theorem,thm,yes,34,19,1,19,2,0,0,1,1,
no_iterative_deepening,LCL/LCL613^1.p,TH0,Theorem,thm,yes,50,20,1,20,3,1,0,1,1,
no_iterative_deepening,LCL/LCL614^1.p,TH0,Theorem,thm,yes,40,8,0,8,1,1,0,0,0,
no_iterative_deepening,LCL/LCL615^1.p,TH0,CounterSatisfiable,unk,na,39,13,1,13,2,0,0,0,0,
no_iterative_deepening,LCL/LCL617^1.p,TH0,CounterSatisfiable,unk,na,56,29,1,29,5,0,0,0,0,
no_iterative_deepening,LCL/LCL618^1.p,TH0,Theorem,timeout,na,2044,839,46,839,63,13,0,5,0,
no_iterative_deepening,LCL/LCL619^1.p,TH0,Theorem,timeout,na,2046,1764,153,1764,35,8,0,1,0,
no_iterative_deepening,LCL/LCL620^1.p,TH0,Theorem,thm,yes,44,6,0,6,1,1,0,0,0,
no_iterative_deepening,LCL/LCL621^1.p,TH0,Theorem,timeout,na,2045,2106,164,2106,54,27,0,1,0,
no_iterative_deepening,LCL/LCL623^1.p,TH0,Theorem,thm,yes,29,1,0,1,1,1,0,0,0,
no_iterative_deepening,LCL/LCL624^1.p,TH0,Theorem,timeout,na,2313,7489,127,7489,1880,166,0,1,0,
no_iterative_deepening,LCL/LCL625^1.p,TH0,Theorem,timeout,na,2106,1886,121,1886,151,0,0,1,0,
no_iterative_deepening,LCL/LCL626^1.p,TH0,Theorem,timeout,na,2132,2108,112,2108,202,12,0,4,0,
no_iterative_deepening,LCL/LCL629^1.p,TH0,Theorem,timeout,na,2062,828,35,828,109,2,0,1,0,
no_iterative_deepening,LCL/LCL630^1.p,TH0,CounterSatisfiable,timeout,na,2108,1691,79,1691,219,0,0,3,0,
no_iterative_deepening,LCL/LCL631^1.p,TH0,CounterSatisfiable,timeout,na,2129,2004,79,2004,301,0,0,3,0,
no_iterative_deepening,LCL/LCL632^1.p,TH0,Theorem,timeout,na,2090,1888,118,1888,156,0,0,3,0,
no_iterative_deepening,LCL/LCL633^1.p,TH0,CounterSatisfiable,timeout,na,2056,1142,47,1142,86,36,0,1,0,
no_iterative_deepening,LCL/LCL634^1.p,TH0,CounterSatisfiable,timeout,na,2082,1560,30,1560,248,0,0,1,0,
no_iterative_deepening,LCL/LCL690^1.p,TH0,Theorem,timeout,na,2113,817,57,817,31,9,0,1,0,
no_iterative_deepening,LCL/LCL691^1.p,TH0,Theorem,timeout,na,2071,852,60,852,37,7,0,1,0,
no_iterative_deepening,LCL/LCL692^1.p,TH0,Theorem,timeout,na,2069,965,67,965,46,7,0,1,0,
no_iterative_deepening,LCL/LCL695^1.p,TH0,Satisfiable,no_conjecture,na,29,,,,,,,,,
no_iterative_deepening,LCL/LCL696^1.p,TH0,Satisfiable,no_conjecture,na,23,,,,,,,,,
no_iterative_deepening,LCL/LCL697^1.p,TH0,Satisfiable,no_conjecture,na,20,,,,,,,,,
no_iterative_deepening,LCL/LCL698^1.p,TH0,Satisfiable,no_conjecture,na,39,,,,,,,,,
no_iterative_deepening,LCL/LCL699^1.p,TH0,Theorem,thm,yes,61,16,1,16,2,0,0,1,1,
no_iterative_deepening,LCL/LCL700^1.p,TH0,Theorem,thm,yes,82,36,1,36,5,2,0,1,1,
no_iterative_deepening,LCL/LCL701^1.p,TH0,Theorem,thm,yes,75,30,1,30,4,0,0,1,1,
no_iterative_deepening,LCL/LCL702^1.p,TH0,Theorem,thm,yes,618,1558,39,1558,353,22,0,4,1,
no_iterative_deepening,LCL/LCL703^1.p,TH0,Theorem,timeout,na,2244,6313,228,6313,986,475,0,2,0,
no_iterative_deepening,LCL/LCL704^1.p,TH0,Theorem,unk,na,78,28,1,28,3,0,0,0,0,
no_iterative_deepening,LCL/LCL705^1.p,TH0,Theorem,timeout,na,2181,4326,120,4326,702,150,0,1,0,
no_iterative_deepening,LCL/LCL706^1.p,TH0,Theorem,timeout,na,2198,4879,141,4879,650,41,0,1,0,
no_iterative_deepening,LCL/LCL707^1.p,TH0,Theorem,timeout,na,2181,3321,118,3321,671,65,0,3,0,
no_iterative_deepening,LCL/LCL708^1.p,TH0,Theorem,timeout,na,2185,4208,93,4208,734,47,0,1,0,
no_iterative_deepening,LCL/LCL709^1.p,TH0,Theorem,timeout,na,2057,529,18,529,56,2,0,1,0,
no_iterative_deepening,LCL/LCL710^1.p,TH0,Theorem,timeout,na,2080,758,30,758,85,4,0,1,0,
no_iterative_deepening,LCL/LCL711^1.p,TH0,Theorem,thm,yes,105,18,0,18,2,0,0,2,1,
no_iterative_deepening,LCL/LCL712^1.p,TH0,Theorem,timeout,na,2082,991,45,991,93,9,0,1,0,
no_iterative_deepening,LCL/LCL713^1.p,TH0,Theorem,timeout,na,2111,1598,42,1598,182,36,0,1,0,
no_iterative_deepening,LCL/LCL714^1.p,TH0,Theorem,timeout,na,2127,1983,83,1983,165,74,0,1,0,
no_iterative_deepening,LCL/LCL715^1.p,TH0,Theorem,timeout,na,2096,847,31,847,85,5,0,1,0,
no_iterative_deepening,LCL/LCL716^1.p,TH0,Theorem,timeout,na,2085,683,26,683,77,8,0,4,0,
no_iterative_deepening,LCL/LCL717^1.p,TH0,Theorem,timeout,na,2072,687,47,687,44,0,0,1,0,
no_iterative_deepening,LCL/LCL718^1.p,TH0,Theorem,timeout,na,2092,946,19,946,162,0,0,1,0,
no_iterative_deepening,LCL/LCL719^1.p,TH0,Theorem,thm,yes,61,11,1,11,1,0,0,1,1,
no_iterative_deepening,LCL/LCL720^1.p,TH0,Theorem,timeout,na,2190,4869,68,4869,245,229,0,0,0,
no_iterative_deepening,LCL/LCL721^1.p,TH0,Theorem,thm,yes,173,554,6,554,62,30,0,1,1,
no_iterative_deepening,LCL/LCL722^1.p,TH0,Theorem,thm,yes,89,110,1,110,13,5,0,1,1,
no_iterative_deepening,LCL/LCL723^1.p,TH0,Theorem,timeout,na,2213,5863,87,5863,238,138,0,0,0,
no_iterative_deepening,LCL/LCL724^1.p,TH0,Theorem,timeout,na,2165,4384,94,4384,224,112,0,0,0,
no_iterative_deepening,LCL/LCL725^1.p,TH0,Theorem,timeout,na,2207,5859,88,5859,236,136,0,0,0,
no_iterative_deepening,LCL/LCL726^5.p,TH0,Theorem,timeout,na,2007,31,0,31,3,0,0,1,0,
no_iterative_deepening,LCL/LCL727^5.p,TH0,Theorem,timeout,na,2046,1036,44,1036,76,32,0,2,0,
no_iterative_deepening,LCL/LCL728^5.p,TH0,Theorem,timeout,na,2008,29,0,29,3,0,0,1,0,
no_iterative_deepening,LCL/LCL729^5.p,TH0,Theorem,unk,na,248,143,8,143,8,1,0,0,0,
no_iterative_deepening,LCL/LCL730^5.p,TH0,Theorem,timeout,na,2018,371,20,371,13,6,0,2,0,
no_iterative_deepening,LCL/LCL731^5.p,TH0,Theorem,timeout,na,2053,1282,65,1282,102,7,0,1,0,
no_iterative_deepening,LCL/LCL732^5.p,TH0,Theorem,thm,yes,17,10,0,10,1,1,0,0,0,
no_iterative_deepening,LCL/LCL733^5.p,TH0,Theorem,thm,yes,135,16,0,16,2,1,0,1,1,
no_iterative_deepening,LCL/LCL734^5.p,TH0,Theorem,timeout,na,2024,562,38,562,24,0,0,1,0,
no_iterative_deepening,LCL/LCL735^5.p,TH0,Theorem,timeout,na,2024,424,27,424,22,0,0,1,0,
no_iterative_deepening,LCL/LCL736^5.p,TH0,Theorem,timeout,na,2026,535,34,535,23,2,0,1,0,
no_iterative_deepening,LCL/LCL738^5.p,TH0,Theorem,unk,na,165,25,0,25,3,0,0,0,0,
no_iterative_deepening,LCL/LCL739^5.p,TH0,Theorem,unk,na,209,26,0,26,3,0,0,0,0,
no_iterative_deepening,LCL/LCL740^5.p,TH0,Theorem,timeout,na,2018,197,13,197,7,1,0,1,0,
no_iterative_deepening,LCL/LCL741^5.p,TH0,Theorem,timeout,na,2030,448,26,448,22,2,0,1,0,
no_iterative_deepening,LCL/LCL742^5.p,TH0,Theorem,timeout,na,2054,1812,25,1812,267,13,0,3,0,
no_iterative_deepening,LCL/LCL743^5.p,TH0,CounterSatisfiable,unk,na,11,8,0,8,2,0,0,0,0,
no_iterative_deepening,LCL/LCL859^1.p,TH0,Theorem,thm,yes,70,26,1,26,3,0,0,2,1,
no_iterative_deepening,LCL/LCL860^1.p,TH0,Theorem,timeout,na,2355,6609,229,6609,1814,16,0,2,0,
no_iterative_deepening,LCL/LCL861^1.p,TH0,Theorem,timeout,na,2438,7224,75,7224,1663,919,0,4,0,
no_iterative_deepening,LCL/LCL862^1.p,TH0,Theorem,timeout,na,2369,6958,203,6958,1669,155,0,1,0,
no_iterative_deepening,LCL/LCL863^1.p,TH0,Theorem,timeout,na,2366,6571,106,6571,1672,119,0,1,0,
no_iterative_deepening,LCL/LCL864^1.p,TH0,Theorem,timeout,na,2356,6776,250,6776,1547,39,0,1,0,
no_iterative_deepening,LCL/LCL865^1.p,TH0,Theorem,timeout,na,2219,6492,264,6492,1194,81,0,1,0,
no_iterative_deepening,LCL/LCL866^1.p,TH0,Theorem,timeout,na,2378,6325,152,6325,1914,120,0,3,0,
no_iterative_deepening,LCL/LCL867^1.p,TH0,Theorem,timeout,na,2419,6264,90,6264,2096,76,0,1,0,
no_iterative_deepening,LCL/LCL868^1.p,TH0,Theorem,timeout,na,2548,7736,23,7736,1028,2058,0,3,0,
no_iterative_deepening,LCL/LCL869^1.p,TH0,CounterSatisfiable,timeout,na,2354,6780,160,6780,1760,173,0,3,0,
no_iterative_deepening,LCL/LCL872^1.p,TH0,Theorem,timeout,na,2132,1914,29,1914,358,4,0,1,0,
no_iterative_deepening,LCL/LCL873^1.p,TH0,Theorem,timeout,na,2571,4412,55,4412,305,5,0,0,0,
no_iterative_deepening,LCL/LCL874^1.p,TH0,Theorem,timeout,na,2231,2730,22,2730,643,224,0,5,0,
no_iterative_deepening,LCL/LCL877^1.p,TH0,Theorem,timeout,na,2095,1264,36,1264,193,7,0,1,0,
no_iterative_deepening,LCL/LCL877^2.p,TH0,Theorem,timeout,na,2144,1417,24,1417,297,12,0,1,0,
no_iterative_deepening,LCL/LCL878^1.p,TH0,Theorem,unk,na,110,57,1,57,7,3,0,0,0,
no_iterative_deepening,LCL/LCL879^1.p,TH0,Theorem,timeout,na,2081,628,22,628,89,7,0,1,0,
no_iterative_deepening,LCL/LCL880^1.p,TH0,Theorem,timeout,na,2131,1352,35,1352,249,13,0,1,0,
no_iterative_deepening,LCL/LCL881^1.p,TH0,Theorem,timeout,na,2158,614,22,614,66,1,0,1,0,
no_iterative_deepening,LCL/LCL916^1.p,TH0,Satisfiable,no_conjecture,na,26,,,,,,,,,
no_iterative_deepening,LCL/LCL917^1.p,TH0,Satisfiable,no_conjecture,na,40,,,,,,,,,
no_iterative_deepening,LCL/LCL918^1.p,TH0,Satisfiable,no_conjecture,na,41,,,,,,,,,
no_iterative_deepening,LCL/LCL919^1.p,TH0,Satisfiable,no_conjecture,na,41,,,,,,,,,
no_iterative_deepening,LCL/LCL920^1.p,TH0,Satisfiable,no_conjecture,na,42,,,,,,,,,
no_iterative_deepening,LCL/LCL921^1.p,TH0,Satisfiable,no_conjecture,na,42,,,,,,,,,
no_iterative_deepening,LCL/LCL922^1.p,TH0,Satisfiable,no_conjecture,na,42,,,,,,,,,
no_iterative_deepening,LCL/LCL923^1.p,TH0,Satisfiable,no_conjecture,na,42,,,,,,,,,
no_iterative_deepening,LCL/LCL924^1.p,TH0,Satisfiable,no_conjecture,na,49,,,,,,,,,
no_iterative_deepening,LCL/LCL925^1.p,TH0,Satisfiable,no_conjecture,na,43,,,,,,,,,
no_iterative_deepening,LCL/LCL930^1.p,TH0,Satisfiable,no_conjecture,na,20,,,,,,,,,
no_iterative_deepening,LCL/LCL931^1.p,TH0,Unknown,timeout,na,2785,0,0,0,1,0,0,0,0,
no_iterative_deepening,LCL/LCL932^1.p,TH0,Unknown,timeout,na,2796,0,0,0,1,0,0,0,0,
no_iterative_deepening,LCL/LCL933^1.p,TH0,Unknown,timeout,na,2754,0,0,0,1,0,0,0,0,
no_iterative_deepening,LCL/LCL934^1.p,TH0,Unknown,timeout,na,2758,0,0,0,1,0,0,0,0,
no_iterative_deepening,LCL/LCL935^1.p,TH0,Unknown,timeout,na,2735,0,0,0,1,0,0,0,0,
no_iterative_deepening,LCL/LCL936^1.p,TH0,Unknown,timeout,na,2743,0,0,0,1,0,0,0,0,
no_iterative_deepening,LCL/LCL937^1.p,TH0,Unknown,timeout,na,2805,0,0,0,1,0,0,0,0,
no_iterative_deepening,LCL/LCL938^1.p,TH0,Unknown,timeout,na,2805,0,0,0,1,0,0,0,0,
no_iterative_deepening,LCL/LCL939^1.p,TH0,Unknown,timeout,na,2827,0,0,0,1,0,0,0,0,
no_iterative_deepening,LCL/LCL940^1.p,TH0,Unknown,timeout,na,2819,0,0,0,1,0,0,0,0,
no_iterative_deepening,LCL/LCL941^3.p,TH0,CounterSatisfiable,timeout,na,2849,0,0,0,1,0,0,0,0,
no_iterative_deepening,LCL/LCL941^5.p,TH0,Theorem,timeout,na,2831,0,0,0,1,0,0,0,0,
no_iterative_deepening,LCL/LCL942^2.p,TH0,Theorem,timeout,na,2825,0,0,0,1,0,0,0,0,
no_iterative_deepening,LCL/LCL943^24.p,TH0,Theorem,timeout,na,2115,3134,62,3134,267,42,0,0,0,
no_iterative_deepening,LCL/LCL944^8.p,TH0,Theorem,timeout,na,2268,66,6,66,1,0,0,0,0,
no_iterative_deepening,LCL/LCL945^9.p,TH0,Theorem,timeout,na,2137,122,9,122,5,0,0,0,0,
no_iterative_deepening,LCL/LCL946^10.p,TH0,Theorem,timeout,na,2582,62,6,62,2,0,0,0,0,
no_iterative_deepening,LCL/LCL947^10.p,TH0,Theorem,timeout,na,2134,775,51,775,45,0,0,0,0,
no_iterative_deepening,LCL/LCL948^10.p,TH0,CounterSatisfiable,timeout,na,2225,554,38,554,30,0,0,0,0,
no_iterative_deepening,LCL/LCL949^4.p,TH0,Theorem,timeout,na,2429,170,17,170,1,0,0,0,0,
no_iterative_deepening,LCL/LCL950^17.p,TH0,Theorem,timeout,na,2094,1256,45,1256,181,0,0,0,0,
no_iterative_deepening,LCL/LCL951^24.p,TH0,Theorem,thm,yes,85,1,0,1,1,1,0,0,0,
no_iterative_deepening,LCL/LCL952^12.p,TH0,Theorem,thm,yes,75,1,0,1,1,1,0,0,0,
no_iterative_deepening,LCL/LCL953^8.p,TH0,Theorem,thm,yes,32,1,0,1,1,1,0,0,0,
no_iterative_deepening,LCL/LCL954^19.p,TH0,Theorem,timeout,na,2875,71,7,71,1,0,0,0,0,
no_iterative_deepening,LCL/LCL955^24.p,TH0,Theorem,timeout,na,2871,69,6,69,1,0,0,0,0,
no_iterative_deepening,LCL/LCL956^18.p,TH0,Theorem,timeout,na,2287,6370,111,6370,254,137,0,0,0,
no_iterative_deepening,LCL/LCL957^6.p,TH0,Theorem,timeout,na,2077,3261,193,3261,250,21,0,1,0,
no_iterative_deepening,LCL/LCL958^18.p,TH0,Theorem,timeout,na,2075,2671,179,2671,171,14,0,0,0,
no_iterative_deepening,LCL/LCL959^24.p,TH0,Theorem,timeout,na,2161,4200,103,4200,235,21,0,0,0,
no_iterative_deepening,LCL/LCL960^12.p,TH0,Theorem,timeout,na,2050,569,7,569,82,1,0,0,0,
no_iterative_deepening,LCL/LCL961^1.p,TH0,CounterSatisfiable,timeout,na,2127,4131,74,4131,290,89,0,0,0,
no_iterative_deepening,LCL/LCL961^11.p,TH0,Theorem,timeout,na,2142,4781,79,4781,232,147,0,0,0,
no_iterative_deepening,LCL/LCL962^16.p,TH0,Theorem,timeout,na,2134,5003,97,5003,229,177,0,0,0,
no_iterative_deepening,LCL/LCL963^3.p,TH0,CounterSatisfiable,timeout,na,2274,88,8,88,1,0,0,0,0,
no_iterative_deepening,LCL/LCL964^3.p,TH0,CounterSatisfiable,timeout,na,2276,98,9,98,1,0,0,0,0,
no_iterative_deepening,LCL/LCL965^15.p,TH0,CounterSatisfiable,timeout,na,2076,883,30,883,129,0,0,0,0,
no_iterative_deepening,LCL/LCL966^9.p,TH0,CounterSatisfiable,timeout,na,2138,766,37,766,97,0,0,0,0,
no_iterative_deepening,LCL/LCL967^3.p,TH0,CounterSatisfiable,timeout,na,2887,71,7,71,1,0,0,0,0,
no_iterative_deepening,LCL/LCL968^3.p,TH0,CounterSatisfiable,timeout,na,2905,64,6,64,1,0,0,0,0,
no_iterative_deepening,LCL/LCL969^9.p,TH0,CounterSatisfiable,timeout,na,2102,2749,32,2749,290,33,0,0,0,
no_iterative_deepening,LCL/LCL970^15.p,TH0,CounterSatisfiable,timeout,na,2073,2392,151,2392,170,24,0,0,0,
no_iterative_deepening,LIN/LIN001^1.p,TH1,Theorem,parse_timeout,na,0,,,,,,,,,cached: parse exceeded 5000ms
no_iterative_deepening,LIN/LIN002^1.p,TH1,Theorem,parse_timeout,na,0,,,,,,,,,cached: parse exceeded 5000ms
no_iterative_deepening,LIN/LIN003^1.p,TH1,Theorem,parse_timeout,na,0,,,,,,,,,cached: parse exceeded 5000ms
no_iterative_deepening,LIN/LIN004^1.p,TH1,Theorem,parse_timeout,na,0,,,,,,,,,cached: parse exceeded 5000ms
no_iterative_deepening,LIN/LIN005^1.p,TH1,Theorem,parse_timeout,na,0,,,,,,,,,cached: parse exceeded 5000ms
no_iterative_deepening,LIN/LIN006^1.p,TH1,Theorem,parse_timeout,na,0,,,,,,,,,cached: parse exceeded 5000ms
no_iterative_deepening,LIN/LIN007^1.p,TH1,Theorem,parse_timeout,na,0,,,,,,,,,cached: parse exceeded 5000ms
no_iterative_deepening,LIN/LIN008^1.p,TH1,Theorem,parse_timeout,na,0,,,,,,,,,cached: parse exceeded 5000ms
no_iterative_deepening,LIN/LIN009^1.p,TH1,Theorem,parse_timeout,na,0,,,,,,,,,cached: parse exceeded 5000ms
no_iterative_deepening,LIN/LIN010^1.p,TH1,Theorem,parse_timeout,na,0,,,,,,,,,cached: parse exceeded 5000ms
no_iterative_deepening,LIN/LIN011^1.p,TH1,Theorem,parse_timeout,na,0,,,,,,,,,cached: parse exceeded 5000ms
no_iterative_deepening,LIN/LIN012^1.p,TH1,Theorem,parse_timeout,na,0,,,,,,,,,cached: parse exceeded 5000ms
no_iterative_deepening,LIN/LIN013^1.p,TH1,Theorem,parse_timeout,na,0,,,,,,,,,cached: parse exceeded 5000ms
no_iterative_deepening,LIN/LIN014^1.p,TH1,Theorem,parse_timeout,na,0,,,,,,,,,cached: parse exceeded 5000ms
no_iterative_deepening,LIN/LIN015^1.p,TH1,Theorem,parse_timeout,na,0,,,,,,,,,cached: parse exceeded 5000ms
no_iterative_deepening,MSC/MSC020^5.p,TH0,Theorem,timeout,na,2024,1175,83,1175,56,0,0,3,0,
no_iterative_deepening,MSC/MSC021^5.p,TH0,Theorem,timeout,na,2029,946,65,946,56,0,0,4,0,
no_iterative_deepening,MSC/MSC025^1.p,TH0,Theorem,parser_error,na,0,,,,,,,,,cached: Failed to parse formula 'goal': [byte:1641] Type Error: Cannot unify strict function types of different arities.
no_iterative_deepening,MSC/MSC025^2.p,TH0,Theorem,parser_error,na,0,,,,,,,,,cached: Failed to parse formula 'goal': [byte:2175] Type Error: Cannot unify strict function types of different arities.
no_iterative_deepening,MSC/MSC029^1.p,TH1,Theorem,parse_timeout,na,0,,,,,,,,,cached: parse exceeded 5000ms
no_iterative_deepening,MSC/MSC030^1.p,TH1,Theorem,parse_timeout,na,0,,,,,,,,,cached: parse exceeded 5000ms
no_iterative_deepening,MSC/MSC031^1.p,TH1,Theorem,parse_timeout,na,0,,,,,,,,,cached: parse exceeded 5000ms
no_iterative_deepening,MSC/MSC032^1.p,TH1,Theorem,parse_timeout,na,0,,,,,,,,,cached: parse exceeded 5000ms
no_iterative_deepening,MSC/MSC033^1.p,TH1,Theorem,parse_timeout,na,0,,,,,,,,,cached: parse exceeded 5000ms
no_iterative_deepening,NLP/NLP001^17.p,TH0,Theorem,timeout,na,2127,582,39,582,39,10,0,0,0,
no_iterative_deepening,NLP/NLP001^3.p,TH0,Theorem,unk,na,758,95,6,95,5,1,0,0,0,
no_iterative_deepening,NLP/NLP001^7.p,TH0,Theorem,timeout,na,2141,180,11,180,8,1,0,0,0,
no_iterative_deepening,NLP/NLP002^7.p,TH0,CounterSatisfiable,timeout,na,2236,499,37,499,19,0,0,0,0,
no_iterative_deepening,NLP/NLP003^7.p,TH0,CounterSatisfiable,timeout,na,2238,595,39,595,31,0,0,0,0,
no_iterative_deepening,NLP/NLP004^12.p,TH0,Theorem,timeout,na,2516,62,5,62,2,0,0,0,0,
no_iterative_deepening,NLP/NLP004^13.p,TH0,Theorem,timeout,na,2507,62,5,62,2,0,0,0,0,
no_iterative_deepening,NLP/NLP004^7.p,TH0,Theorem,timeout,na,2542,0,0,0,1,0,0,0,0,
no_iterative_deepening,NLP/NLP004^8.p,TH0,Theorem,timeout,na,2508,61,5,61,2,0,0,0,0,
no_iterative_deepening,NLP/NLP005^7.p,TH0,CounterSatisfiable,timeout,na,2490,0,0,0,1,0,0,0,0,
no_iterative_deepening,NLP/NLP006^7.p,TH0,CounterSatisfiable,timeout,na,2657,0,0,0,1,0,0,0,0,
no_iterative_deepening,NLP/NLP007^7.p,TH0,Theorem,timeout,na,2705,0,0,0,1,0,0,0,0,
no_iterative_deepening,NLP/NLP008^7.p,TH0,CounterSatisfiable,timeout,na,2657,0,0,0,1,0,0,0,0,
no_iterative_deepening,NLP/NLP009^7.p,TH0,Theorem,timeout,na,2589,0,0,0,1,0,0,0,0,
no_iterative_deepening,NLP/NLP011^7.p,TH0,Theorem,timeout,na,2703,0,0,0,1,0,0,0,0,
no_iterative_deepening,NLP/NLP264^7.p,TH0,Theorem,timeout,na,2212,3323,110,3323,256,0,0,0,0,
no_iterative_deepening,NLP/NLP265^17.p,TH0,ContradictoryAxioms,timeout,na,2115,2511,106,2511,399,122,0,4,0,
no_iterative_deepening,NLP/NLP265^18.p,TH0,Theorem,timeout,na,2084,2095,24,2095,238,44,0,0,0,
no_iterative_deepening,NLP/NLP266^12.p,TH0,CounterSatisfiable,timeout,na,2073,1073,29,1073,152,0,0,0,0,
no_iterative_deepening,NLP/NLP266^23.p,TH0,Theorem,timeout,na,2109,1565,45,1565,234,0,0,0,0,
no_iterative_deepening,NLP/NLP266^3.p,TH0,CounterSatisfiable,timeout,na,2125,2734,64,2734,215,24,0,0,0,
no_iterative_deepening,NLP/NLP266^4.p,TH0,Theorem,timeout,na,2153,2505,50,2505,225,0,0,0,0,
no_iterative_deepening,NLP/NLP267^1.p,TH0,Theorem,timeout,na,2089,2681,60,2681,254,100,0,0,0,
no_iterative_deepening,NLP/NLP267^17.p,TH0,Theorem,timeout,na,2087,2103,63,2103,155,197,0,0,0,
no_iterative_deepening,NLP/NLP267^18.p,TH0,Theorem,timeout,na,2066,1695,51,1695,162,83,0,0,0,
no_iterative_deepening,NLP/NLP267^2.p,TH0,Theorem,timeout,na,2077,2242,104,2242,180,145,0,0,0,
no_iterative_deepening,NLP/NLP267^3.p,TH0,Theorem,timeout,na,2073,1744,44,1745,178,73,0,0,0,
no_iterative_deepening,NLP/NLP267^4.p,TH0,Theorem,timeout,na,2068,1878,71,1878,154,98,0,0,0,
no_iterative_deepening,NLP/NLP267^5.p,TH0,Theorem,timeout,na,2076,2637,80,2637,219,74,0,0,0,
no_iterative_deepening,NUM/NUM016^5.p,TH0,Theorem,timeout,na,2235,8278,330,8278,1205,560,0,1,0,
no_iterative_deepening,NUM/NUM020^1.p,TH0,Theorem,timeout,na,2021,17,0,17,2,0,0,0,0,
no_iterative_deepening,NUM/NUM021^1.p,TH0,Theorem,timeout,na,2036,76,2,76,6,1,0,0,0,
no_iterative_deepening,NUM/NUM415^1.p,TH0,Theorem,thm,yes,114,13,0,13,2,2,0,0,0,
no_iterative_deepening,NUM/NUM416^1.p,TH0,Theorem,timeout,na,2024,7,0,7,2,0,0,0,0,
no_iterative_deepening,NUM/NUM417^1.p,TH0,Theorem,timeout,na,2027,7,0,7,2,0,0,0,0,
no_iterative_deepening,NUM/NUM418^1.p,TH0,Theorem,timeout,na,2023,17,0,17,2,0,0,0,0,
no_iterative_deepening,NUM/NUM419^1.p,TH0,Theorem,timeout,na,2027,17,0,17,2,0,0,0,0,
no_iterative_deepening,NUM/NUM635^1.p,TH0,Theorem,timeout,na,2061,2725,51,2725,326,24,0,4,0,
no_iterative_deepening,NUM/NUM635^2.p,TH0,Theorem,timeout,na,2048,2845,174,2845,177,0,0,1,0,
no_iterative_deepening,NUM/NUM635^4.p,TH0,Theorem,timeout,na,2214,188,18,188,1,0,0,0,0,
no_iterative_deepening,NUM/NUM636^1.p,TH0,Theorem,timeout,na,2058,3041,207,3041,148,8,0,2,0,
no_iterative_deepening,NUM/NUM636^2.p,TH0,Theorem,timeout,na,2050,3055,181,3055,189,10,0,2,0,
no_iterative_deepening,NUM/NUM636^3.p,TH0,Theorem,timeout,na,2049,2958,171,2958,207,0,0,2,0,
no_iterative_deepening,NUM/NUM636^4.p,TH0,Theorem,timeout,na,2215,186,18,186,1,0,0,0,0,
no_iterative_deepening,NUM/NUM637^1.p,TH0,Theorem,timeout,na,2052,2102,121,2102,152,0,0,1,0,
no_iterative_deepening,NUM/NUM637^2.p,TH0,Theorem,timeout,na,2040,2797,173,2797,170,1,0,1,0,
no_iterative_deepening,NUM/NUM637^4.p,TH0,Theorem,timeout,na,2218,156,15,156,1,0,0,0,0,
no_iterative_deepening,NUM/NUM638^1.p,TH0,Theorem,timeout,na,2068,3358,113,3358,207,76,0,0,0,
no_iterative_deepening,NUM/NUM638^4.p,TH0,Theorem,timeout,na,2218,97,8,97,2,0,0,0,0,
no_iterative_deepening,NUM/NUM639^1.p,TH0,Theorem,timeout,na,2003,71,2,71,6,3,0,2,0,
no_iterative_deepening,NUM/NUM639^4.p,TH0,Theorem,timeout,na,2229,14,1,14,1,0,0,0,0,
no_iterative_deepening,NUM/NUM640^1.p,TH0,Theorem,timeout,na,2004,65,1,65,5,3,0,2,0,
no_iterative_deepening,NUM/NUM640^4.p,TH0,Theorem,timeout,na,2224,12,1,12,1,0,0,0,0,
no_iterative_deepening,NUM/NUM641^1.p,TH0,Theorem,timeout,na,2002,71,2,71,5,3,0,2,0,
no_iterative_deepening,NUM/NUM641^4.p,TH0,Theorem,timeout,na,2233,14,1,14,1,0,0,0,0,
no_iterative_deepening,NUM/NUM642^1.p,TH0,Theorem,timeout,na,2002,65,1,65,5,3,0,3,0,
no_iterative_deepening,NUM/NUM642^4.p,TH0,Theorem,timeout,na,2231,12,1,12,1,0,0,0,0,
no_iterative_deepening,NUM/NUM643^1.p,TH0,Theorem,timeout,na,2052,2811,210,2811,114,0,0,1,0,
no_iterative_deepening,NUM/NUM643^4.p,TH0,Theorem,timeout,na,2238,0,0,0,1,0,0,0,0,
no_iterative_deepening,NUM/NUM644^1.p,TH0,Theorem,timeout,na,2050,2603,189,2603,108,0,0,1,0,
no_iterative_deepening,NUM/NUM644^4.p,TH0,Theorem,timeout,na,2237,12,1,12,1,0,0,0,0,
no_iterative_deepening,NUM/NUM645^1.p,TH0,Theorem,timeout,na,2047,3148,233,3148,125,8,0,2,0,
no_iterative_deepening,NUM/NUM645^4.p,TH0,Theorem,timeout,na,2238,12,1,12,1,0,0,0,0,
no_iterative_deepening,NUM/NUM646^1.p,TH0,Theorem,timeout,na,2059,2789,185,2789,172,8,0,2,0,
no_iterative_deepening,NUM/NUM646^4.p,TH0,Theorem,timeout,na,2243,12,1,12,1,0,0,0,0,
no_iterative_deepening,NUM/NUM647^1.p,TH0,Theorem,unk,na,45,85,0,85,8,2,0,0,0,
no_iterative_deepening,NUM/NUM647^4.p,TH0,Theorem,timeout,na,2251,12,1,12,1,0,0,0,0,
no_iterative_deepening,NUM/NUM648^1.p,TH0,Theorem,timeout,na,2049,2252,83,2252,243,15,0,2,0,
no_iterative_deepening,NUM/NUM648^4.p,TH0,Theorem,timeout,na,2248,12,1,12,1,0,0,0,0,
no_iterative_deepening,NUM/NUM649^1.p,TH0,Theorem,timeout,na,2081,2811,149,2811,233,18,0,1,0,
no_iterative_deepening,NUM/NUM649^4.p,TH0,Theorem,timeout,na,2250,12,1,12,1,0,0,0,0,
no_iterative_deepening,NUM/NUM650^1.p,TH0,Theorem,timeout,na,2066,2581,136,2581,227,0,0,1,0,
no_iterative_deepening,NUM/NUM650^4.p,TH0,Theorem,timeout,na,2254,12,1,12,1,0,0,0,0,
no_iterative_deepening,NUM/NUM651^1.p,TH0,Theorem,timeout,na,2058,2553,148,2553,181,21,0,2,0,
no_iterative_deepening,NUM/NUM651^4.p,TH0,Theorem,timeout,na,2260,12,1,12,1,0,0,0,0,
no_iterative_deepening,NUM/NUM652^1.p,TH0,Theorem,timeout,na,2074,3710,170,3711,153,41,0,0,0,
no_iterative_deepening,NUM/NUM652^4.p,TH0,Theorem,timeout,na,2263,11,1,11,1,0,0,0,0,
no_iterative_deepening,NUM/NUM653^1.p,TH0,Theorem,timeout,na,2060,3767,209,3767,161,31,0,0,0,
no_iterative_deepening,NUM/NUM653^4.p,TH0,Theorem,timeout,na,2266,11,1,11,1,0,0,0,0,
no_iterative_deepening,NUM/NUM654^1.p,TH0,Theorem,timeout,na,2060,3290,142,3290,243,140,0,1,0,
no_iterative_deepening,NUM/NUM654^4.p,TH0,Theorem,timeout,na,2268,11,1,11,1,0,0,0,0,
no_iterative_deepening,NUM/NUM655^1.p,TH0,Theorem,timeout,na,2069,3500,153,3500,268,135,0,1,0,
no_iterative_deepening,NUM/NUM655^4.p,TH0,Theorem,timeout,na,2267,11,1,11,1,0,0,0,0,
no_iterative_deepening,NUM/NUM656^1.p,TH0,Theorem,timeout,na,2053,3752,226,3752,151,38,0,0,0,
no_iterative_deepening,NUM/NUM656^4.p,TH0,Theorem,timeout,na,2269,11,1,11,1,0,0,0,0,
no_iterative_deepening,NUM/NUM657^1.p,TH0,Theorem,timeout,na,2066,3825,177,3825,148,67,0,0,0,
no_iterative_deepening,NUM/NUM657^4.p,TH0,Theorem,timeout,na,2273,11,1,11,1,0,0,0,0,
no_iterative_deepening,NUM/NUM658^1.p,TH0,Theorem,timeout,na,2106,3926,103,3926,423,167,0,1,0,
no_iterative_deepening,NUM/NUM658^4.p,TH0,Theorem,timeout,na,2272,11,1,11,1,0,0,0,0,
no_iterative_deepening,NUM/NUM659^1.p,TH0,Theorem,timeout,na,2096,3992,117,3992,422,115,0,1,0,
no_iterative_deepening,NUM/NUM659^4.p,TH0,Theorem,timeout,na,2269,10,1,10,1,0,0,0,0,
no_iterative_deepening,NUM/NUM660^1.p,TH0,Theorem,unk,na,27,108,1,108,14,6,0,0,0,
no_iterative_deepening,NUM/NUM660^4.p,TH0,Theorem,timeout,na,2270,12,1,12,1,0,0,0,0,
no_iterative_deepening,NUM/NUM662^1.p,TH0,Theorem,timeout,na,2055,2475,84,2475,242,6,0,3,0,
no_iterative_deepening,NUM/NUM662^4.p,TH0,Theorem,timeout,na,2277,12,1,12,1,0,0,0,0,
no_iterative_deepening,NUM/NUM663^1.p,TH0,Theorem,thm,yes,23,24,0,24,3,1,0,2,1,
no_iterative_deepening,NUM/NUM663^4.p,TH0,Theorem,timeout,na,2277,7,0,7,1,0,0,0,0,
no_iterative_deepening,NUM/NUM664^1.p,TH0,Theorem,thm,yes,26,25,0,25,3,1,0,3,1,
no_iterative_deepening,NUM/NUM664^4.p,TH0,Theorem,timeout,na,2283,7,0,7,1,0,0,0,0,
no_iterative_deepening,NUM/NUM665^1.p,TH0,Theorem,unk,na,526,1966,49,1966,154,135,0,0,0,
no_iterative_deepening,NUM/NUM665^4.p,TH0,Theorem,timeout,na,2279,9,0,9,1,0,0,0,0,
no_iterative_deepening,NUM/NUM666^1.p,TH0,Theorem,unk,na,1759,4662,116,4662,364,264,0,0,0,
no_iterative_deepening,NUM/NUM666^4.p,TH0,Theorem,timeout,na,2281,3,0,3,1,0,0,0,0,
no_iterative_deepening,NUM/NUM667^1.p,TH0,Theorem,timeout,na,2181,4426,76,4426,198,110,0,0,0,
no_iterative_deepening,NUM/NUM667^4.p,TH0,Theorem,timeout,na,2278,12,1,12,1,0,0,0,0,
no_iterative_deepening,NUM/NUM668^1.p,TH0,Theorem,unk,na,11,9,0,9,2,0,0,0,0,
no_iterative_deepening,NUM/NUM668^4.p,TH0,Theorem,timeout,na,2283,0,0,0,1,0,0,0,0,
no_iterative_deepening,NUM/NUM669^1.p,TH0,Theorem,thm,yes,77,41,2,41,3,1,0,2,1,
no_iterative_deepening,NUM/NUM669^4.p,TH0,Theorem,timeout,na,2289,14,1,14,1,0,0,0,0,
no_iterative_deepening,NUM/NUM670^1.p,TH0,Theorem,timeout,na,2035,1863,102,1863,115,10,0,4,0,
no_iterative_deepening,NUM/NUM670^4.p,TH0,Theorem,timeout,na,2294,0,0,0,1,0,0,0,0,
no_iterative_deepening,NUM/NUM671^1.p,TH0,Theorem,thm,yes,6,3,0,3,1,1,0,0,0,
no_iterative_deepening,NUM/NUM671^4.p,TH0,Theorem,timeout,na,2286,12,1,12,1,0,0,0,0,
no_iterative_deepening,NUM/NUM672^1.p,TH0,Theorem,timeout,na,2153,7247,336,7247,1320,36,0,3,0,
no_iterative_deepening,NUM/NUM672^4.p,TH0,Theorem,timeout,na,2285,0,0,0,1,0,0,0,0,
no_iterative_deepening,NUM/NUM673^1.p,TH0,Theorem,timeout,na,2041,2027,103,2027,171,3,0,4,0,
no_iterative_deepening,NUM/NUM673^4.p,TH0,Theorem,timeout,na,2291,0,0,0,1,0,0,0,0,
no_iterative_deepening,NUM/NUM674^1.p,TH0,Theorem,thm,yes,5,3,0,3,1,1,0,0,0,
no_iterative_deepening,NUM/NUM674^4.p,TH0,Theorem,timeout,na,2294,12,1,12,1,0,0,0,0,
no_iterative_deepening,NUM/NUM676^1.p,TH0,Theorem,thm,yes,14,9,0,9,2,0,0,1,1,
no_iterative_deepening,NUM/NUM676^4.p,TH0,Theorem,timeout,na,2298,0,0,0,1,0,0,0,0,
no_iterative_deepening,NUM/NUM677^1.p,TH0,Theorem,timeout,na,2051,2223,100,2223,195,27,0,1,0,
no_iterative_deepening,NUM/NUM677^4.p,TH0,Theorem,timeout,na,2305,0,0,0,1,0,0,0,0,
no_iterative_deepening,NUM/NUM680^1.p,TH0,Theorem,timeout,na,2075,2715,93,2715,405,43,0,1,0,
no_iterative_deepening,NUM/NUM680^4.p,TH0,Theorem,timeout,na,2319,0,0,0,1,0,0,0,0,
no_iterative_deepening,NUM/NUM681^1.p,TH0,Theorem,timeout,na,2060,3786,208,3786,210,35,0,0,0,
no_iterative_deepening,NUM/NUM681^4.p,TH0,Theorem,timeout,na,2318,12,1,12,1,0,0,0,0,
no_iterative_deepening,NUM/NUM682^1.p,TH0,Theorem,timeout,na,2079,2938,100,2938,226,67,0,0,0,
no_iterative_deepening,NUM/NUM682^4.p,TH0,Theorem,timeout,na,2315,0,0,0,1,0,0,0,0,
no_iterative_deepening,NUM/NUM683^1.p,TH0,Theorem,timeout,na,2042,2108,111,2108,162,2,0,4,0,
no_iterative_deepening,NUM/NUM683^4.p,TH0,Theorem,timeout,na,2320,0,0,0,1,0,0,0,0,
no_iterative_deepening,NUM/NUM684^1.p,TH0,Theorem,timeout,na,2057,2310,84,2310,264,20,0,1,0,
no_iterative_deepening,NUM/NUM684^4.p,TH0,Theorem,timeout,na,2322,10,1,10,1,0,0,0,0,
no_iterative_deepening,NUM/NUM686^1.p,TH0,Theorem,timeout,na,2050,2436,171,2436,177,0,0,0,0,
no_iterative_deepening,NUM/NUM686^4.p,TH0,Theorem,timeout,na,2326,0,0,0,1,0,0,0,0,
no_iterative_deepening,NUM/NUM687^1.p,TH0,Theorem,timeout,na,2143,3324,103,3324,753,40,0,1,0,
no_iterative_deepening,NUM/NUM687^4.p,TH0,Theorem,timeout,na,2332,0,0,0,1,0,0,0,0,
no_iterative_deepening,NUM/NUM688^1.p,TH0,Theorem,timeout,na,2134,3169,89,3169,676,20,0,1,0,
no_iterative_deepening,NUM/NUM688^4.p,TH0,Theorem,timeout,na,2334,0,0,0,1,0,0,0,0,
no_iterative_deepening,NUM/NUM689^1.p,TH0,Theorem,timeout,na,2074,3473,132,3473,230,142,0,0,0,
no_iterative_deepening,NUM/NUM689^4.p,TH0,Theorem,timeout,na,2335,0,0,0,1,0,0,0,0,
no_iterative_deepening,NUM/NUM690^1.p,TH0,Theorem,timeout,na,2060,2488,124,2488,225,43,0,0,0,
no_iterative_deepening,NUM/NUM690^4.p,TH0,Theorem,timeout,na,2339,0,0,0,1,0,0,0,0,
no_iterative_deepening,NUM/NUM691^1.p,TH0,Theorem,timeout,na,2142,2753,70,2753,225,25,0,0,0,
no_iterative_deepening,NUM/NUM691^4.p,TH0,Theorem,timeout,na,2342,0,0,0,1,0,0,0,0,
no_iterative_deepening,NUM/NUM692^1.p,TH0,Theorem,timeout,na,2139,5608,218,5608,1161,32,0,2,0,
no_iterative_deepening,NUM/NUM692^4.p,TH0,Theorem,timeout,na,2337,0,0,0,1,0,0,0,0,
no_iterative_deepening,NUM/NUM693^1.p,TH0,Theorem,timeout,na,2050,2408,106,2408,201,11,0,1,0,
no_iterative_deepening,NUM/NUM693^4.p,TH0,Theorem,timeout,na,2349,12,1,12,1,0,0,0,0,
no_iterative_deepening,NUM/NUM694^1.p,TH0,Theorem,thm,yes,8,10,0,10,2,0,0,1,1,
no_iterative_deepening,NUM/NUM694^4.p,TH0,Theorem,timeout,na,2353,0,0,0,1,0,0,0,0,
no_iterative_deepening,NUM/NUM695^1.p,TH0,Theorem,timeout,na,2056,2698,130,2698,240,30,0,1,0,
no_iterative_deepening,NUM/NUM695^4.p,TH0,Theorem,timeout,na,2345,12,1,12,1,0,0,0,0,
no_iterative_deepening,NUM/NUM696^1.p,TH0,Theorem,timeout,na,2046,2698,144,2698,186,12,0,2,0,
no_iterative_deepening,NUM/NUM696^4.p,TH0,Theorem,timeout,na,2352,0,0,0,1,0,0,0,0,
no_iterative_deepening,NUM/NUM697^1.p,TH0,Theorem,timeout,na,2041,2838,145,2838,206,2,0,1,0,
no_iterative_deepening,NUM/NUM697^4.p,TH0,Theorem,timeout,na,2355,0,0,0,1,0,0,0,0,
no_iterative_deepening,NUM/NUM698^1.p,TH0,Theorem,thm,yes,238,904,25,904,78,68,0,1,1,
no_iterative_deepening,NUM/NUM698^4.p,TH0,Theorem,timeout,na,2352,0,0,0,1,0,0,0,0,
no_iterative_deepening,NUM/NUM699^1.p,TH0,Theorem,timeout,na,2045,2730,139,2730,224,9,0,1,0,
no_iterative_deepening,NUM/NUM699^4.p,TH0,Theorem,timeout,na,2355,0,0,0,1,0,0,0,0,
no_iterative_deepening,NUM/NUM700^1.p,TH0,Theorem,thm,yes,25,52,0,52,10,0,0,1,1,
no_iterative_deepening,NUM/NUM700^4.p,TH0,Theorem,timeout,na,2355,0,0,0,1,0,0,0,0,
no_iterative_deepening,NUM/NUM701^1.p,TH0,Theorem,timeout,na,2056,2501,84,2501,300,8,0,2,0,
no_iterative_deepening,NUM/NUM701^4.p,TH0,ContradictoryAxioms,timeout,na,2356,0,0,0,1,0,0,0,0,
no_iterative_deepening,NUM/NUM702^1.p,TH0,Theorem,unk,na,128,503,11,503,48,41,0,0,0,
no_iterative_deepening,NUM/NUM702^4.p,TH0,Theorem,timeout,na,2364,0,0,0,1,0,0,0,0,
no_iterative_deepening,NUM/NUM703^1.p,TH0,Theorem,timeout,na,2059,2718,102,2718,302,8,0,2,0,
no_iterative_deepening,NUM/NUM703^4.p,TH0,Theorem,timeout,na,2358,0,0,0,1,0,0,0,0,
no_iterative_deepening,NUM/NUM704^1.p,TH0,Theorem,timeout,na,2047,3367,254,3367,132,0,0,1,0,
no_iterative_deepening,NUM/NUM704^4.p,TH0,Theorem,timeout,na,2360,11,1,11,1,0,0,0,0,
no_iterative_deepening,NUM/NUM705^1.p,TH0,Theorem,timeout,na,2066,2160,72,2160,222,42,0,0,0,
no_iterative_deepening,NUM/NUM705^4.p,TH0,Theorem,timeout,na,2364,11,1,11,1,0,0,0,0,
no_iterative_deepening,NUM/NUM706^1.p,TH0,Theorem,timeout,na,2003,71,2,71,5,3,0,2,0,
no_iterative_deepening,NUM/NUM706^4.p,TH0,Theorem,timeout,na,2377,12,1,12,1,0,0,0,0,
no_iterative_deepening,NUM/NUM707^1.p,TH0,Theorem,timeout,na,2004,73,4,73,5,3,0,2,0,
no_iterative_deepening,NUM/NUM707^4.p,TH0,ContradictoryAxioms,timeout,na,2372,0,0,0,1,0,0,0,0,
no_iterative_deepening,NUM/NUM708^1.p,TH0,Theorem,timeout,na,2003,71,2,71,5,3,0,2,0,
no_iterative_deepening,NUM/NUM708^4.p,TH0,Theorem,timeout,na,2374,10,1,10,1,0,0,0,0,
no_iterative_deepening,NUM/NUM709^1.p,TH0,Theorem,timeout,na,2003,73,3,73,5,3,0,3,0,
no_iterative_deepening,NUM/NUM709^4.p,TH0,ContradictoryAxioms,timeout,na,2377,0,0,0,1,0,0,0,0,
no_iterative_deepening,NUM/NUM710^1.p,TH0,Theorem,timeout,na,2041,2332,164,2332,109,0,0,1,0,
no_iterative_deepening,NUM/NUM710^4.p,TH0,Theorem,timeout,na,2382,0,0,0,1,0,0,0,0,
no_iterative_deepening,NUM/NUM711^1.p,TH0,Theorem,timeout,na,2069,2304,129,2304,178,0,0,1,0,
no_iterative_deepening,NUM/NUM711^4.p,TH0,Theorem,timeout,na,2380,0,0,0,1,0,0,0,0,
no_iterative_deepening,NUM/NUM712^1.p,TH0,Theorem,timeout,na,2056,2238,132,2238,150,0,0,1,0,
no_iterative_deepening,NUM/NUM712^4.p,TH0,Theorem,timeout,na,2384,0,0,0,1,0,0,0,0,
no_iterative_deepening,NUM/NUM713^1.p,TH0,Theorem,timeout,na,2039,1868,101,1868,127,9,0,4,0,
no_iterative_deepening,NUM/NUM713^4.p,TH0,Theorem,timeout,na,2393,0,0,0,1,0,0,0,0,
no_iterative_deepening,NUM/NUM721^1.p,TH0,Theorem,unk,na,98,315,1,315,26,20,0,0,0,
no_iterative_deepening,NUM/NUM721^4.p,TH0,Theorem,timeout,na,2431,0,0,0,1,0,0,0,0,
no_iterative_deepening,NUM/NUM726^1.p,TH0,Theorem,thm,yes,7,3,0,3,1,1,0,0,0,
no_iterative_deepening,NUM/NUM726^4.p,TH0,Theorem,timeout,na,2473,0,0,0,1,0,0,0,0,
no_iterative_deepening,NUM/NUM727^1.p,TH0,Theorem,timeout,na,2018,749,18,749,50,46,0,1,0,
no_iterative_deepening,NUM/NUM727^4.p,TH0,Theorem,timeout,na,2466,0,0,0,1,0,0,0,0,
no_iterative_deepening,NUM/NUM728^1.p,TH0,Theorem,thm,yes,13,12,0,12,2,0,0,1,1,
no_iterative_deepening,NUM/NUM728^4.p,TH0,Theorem,timeout,na,2493,0,0,0,1,0,0,0,0,
no_iterative_deepening,NUM/NUM729^1.p,TH0,Theorem,thm,yes,14,12,0,12,2,0,0,1,1,
no_iterative_deepening,NUM/NUM729^4.p,TH0,Theorem,timeout,na,2479,0,0,0,1,0,0,0,0,
no_iterative_deepening,NUM/NUM730^1.p,TH0,Theorem,timeout,na,2100,2982,59,2924,354,137,0,0,0,
no_iterative_deepening,NUM/NUM730^4.p,TH0,Theorem,timeout,na,2476,0,0,0,1,0,0,0,0,
no_iterative_deepening,NUM/NUM736^1.p,TH0,Theorem,thm,yes,11,8,0,8,2,0,0,1,1,
no_iterative_deepening,NUM/NUM736^4.p,TH0,Theorem,timeout,na,2508,0,0,0,1,0,0,0,0,
no_iterative_deepening,NUM/NUM737^1.p,TH0,Theorem,timeout,na,2124,2494,51,2494,504,29,0,1,0,
no_iterative_deepening,NUM/NUM737^4.p,TH0,Theorem,timeout,na,2485,0,0,0,1,0,0,0,0,
no_iterative_deepening,NUM/NUM738^1.p,TH0,Theorem,timeout,na,2247,5824,134,5824,1799,21,0,3,0,
no_iterative_deepening,NUM/NUM738^4.p,TH0,Theorem,timeout,na,2498,0,0,0,1,0,0,0,0,
no_iterative_deepening,NUM/NUM739^1.p,TH0,Theorem,timeout,na,2257,5802,183,5802,1581,4,0,2,0,
no_iterative_deepening,NUM/NUM739^4.p,TH0,Theorem,timeout,na,2503,0,0,0,1,0,0,0,0,
no_iterative_deepening,NUM/NUM740^1.p,TH0,Theorem,thm,yes,33,129,2,129,27,0,0,1,1,
no_iterative_deepening,NUM/NUM740^4.p,TH0,Theorem,timeout,na,2554,0,0,0,1,0,0,0,0,
no_iterative_deepening,NUM/NUM741^1.p,TH0,Theorem,timeout,na,2172,3285,100,3285,559,154,0,2,0,
no_iterative_deepening,NUM/NUM741^4.p,TH0,Theorem,timeout,na,2513,0,0,0,1,0,0,0,0,
no_iterative_deepening,NUM/NUM742^1.p,TH0,Theorem,timeout,na,2265,5662,133,5662,1725,26,0,1,0,
no_iterative_deepening,NUM/NUM742^4.p,TH0,Theorem,timeout,na,2540,0,0,0,1,0,0,0,0,
no_iterative_deepening,NUM/NUM743^1.p,TH0,Theorem,timeout,na,2200,5501,162,5501,1522,11,0,2,0,
no_iterative_deepening,NUM/NUM743^4.p,TH0,Theorem,timeout,na,2511,0,0,0,1,0,0,0,0,
no_iterative_deepening,NUM/NUM746^1.p,TH0,Theorem,timeout,na,2180,4705,110,4705,1257,100,0,1,0,
no_iterative_deepening,NUM/NUM746^4.p,TH0,Theorem,timeout,na,2546,0,0,0,1,0,0,0,0,
no_iterative_deepening,NUM/NUM747^1.p,TH0,Theorem,thm,yes,16,13,0,13,2,0,0,1,1,
no_iterative_deepening,NUM/NUM747^4.p,TH0,Theorem,timeout,na,2569,0,0,0,1,0,0,0,0,
no_iterative_deepening,NUM/NUM748^1.p,TH0,Theorem,timeout,na,2030,2266,153,2266,96,8,0,4,0,
no_iterative_deepening,NUM/NUM748^4.p,TH0,Theorem,timeout,na,2576,0,0,0,1,0,0,0,0,
no_iterative_deepening,NUM/NUM749^1.p,TH0,Theorem,thm,yes,11,11,0,11,2,0,0,1,1,
no_iterative_deepening,NUM/NUM749^4.p,TH0,Theorem,timeout,na,2580,0,0,0,1,0,0,0,0,
no_iterative_deepening,NUM/NUM750^1.p,TH0,Theorem,thm,yes,32,26,0,26,3,0,0,3,1,
no_iterative_deepening,NUM/NUM750^4.p,TH0,Theorem,timeout,na,2580,0,0,0,1,0,0,0,0,
no_iterative_deepening,NUM/NUM751^1.p,TH0,Theorem,timeout,na,2236,3774,71,3774,1131,11,0,3,0,
no_iterative_deepening,NUM/NUM751^4.p,TH0,Theorem,timeout,na,2539,0,0,0,1,0,0,0,0,
no_iterative_deepening,NUM/NUM752^1.p,TH0,Theorem,thm,yes,26,21,0,21,3,0,0,2,1,
no_iterative_deepening,NUM/NUM752^4.p,TH0,Theorem,timeout,na,2589,0,0,0,1,0,0,0,0,
no_iterative_deepening,NUM/NUM753^1.p,TH0,Theorem,timeout,na,2285,4125,51,4125,1410,0,0,4,0,
no_iterative_deepening,NUM/NUM753^4.p,TH0,Theorem,timeout,na,2584,0,0,0,1,0,0,0,0,
no_iterative_deepening,NUM/NUM754^1.p,TH0,Theorem,timeout,na,2262,4172,58,4172,1450,37,0,5,0,
no_iterative_deepening,NUM/NUM754^4.p,TH0,Theorem,timeout,na,2589,0,0,0,1,0,0,0,0,
no_iterative_deepening,NUM/NUM755^1.p,TH0,Theorem,timeout,na,2195,5386,64,5386,1302,207,0,1,0,
no_iterative_deepening,NUM/NUM755^4.p,TH0,Theorem,timeout,na,2591,0,0,0,1,0,0,0,0,
no_iterative_deepening,NUM/NUM756^1.p,TH0,Theorem,timeout,na,2163,4696,17,4696,1132,43,0,4,0,
no_iterative_deepening,NUM/NUM756^4.p,TH0,Theorem,timeout,na,2590,0,0,0,1,0,0,0,0,
no_iterative_deepening,NUM/NUM757^1.p,TH0,Theorem,timeout,na,2170,5086,79,5086,1056,149,0,1,0,
no_iterative_deepening,NUM/NUM757^4.p,TH0,Theorem,timeout,na,2602,0,0,0,1,0,0,0,0,
no_iterative_deepening,NUM/NUM758^1.p,TH0,Theorem,timeout,na,2240,3763,61,3763,1138,44,0,3,0,
no_iterative_deepening,NUM/NUM758^4.p,TH0,Theorem,timeout,na,2599,0,0,0,1,0,0,0,0,
no_iterative_deepening,NUM/NUM759^1.p,TH0,Theorem,timeout,na,2308,4586,111,4586,1138,130,0,2,0,
no_iterative_deepening,NUM/NUM759^4.p,TH0,Theorem,timeout,na,2598,0,0,0,1,0,0,0,0,
no_iterative_deepening,NUM/NUM760^1.p,TH0,Theorem,timeout,na,2260,5504,130,5504,1529,7,0,2,0,
no_iterative_deepening,NUM/NUM760^4.p,TH0,Theorem,timeout,na,2602,0,0,0,1,0,0,0,0,
no_iterative_deepening,NUM/NUM761^1.p,TH0,Theorem,timeout,na,2187,4424,121,4424,1221,19,0,1,0,
no_iterative_deepening,NUM/NUM761^4.p,TH0,Theorem,timeout,na,2576,0,0,0,1,0,0,0,0,
no_iterative_deepening,NUM/NUM762^1.p,TH0,Theorem,timeout,na,2242,4379,105,4379,1225,0,0,2,0,
no_iterative_deepening,NUM/NUM762^4.p,TH0,Theorem,timeout,na,2583,0,0,0,1,0,0,0,0,
no_iterative_deepening,NUM/NUM765^1.p,TH0,Theorem,timeout,na,2168,3348,44,3348,987,46,0,1,0,
no_iterative_deepening,NUM/NUM765^4.p,TH0,Theorem,timeout,na,2625,0,0,0,1,0,0,0,0,
no_iterative_deepening,NUM/NUM766^1.p,TH0,Theorem,timeout,na,2056,1339,58,1339,146,12,0,1,0,
no_iterative_deepening,NUM/NUM766^4.p,TH0,Theorem,timeout,na,2612,0,0,0,1,0,0,0,0,
no_iterative_deepening,NUM/NUM767^1.p,TH0,Theorem,timeout,na,2478,6670,16,6670,2521,0,0,3,0,
no_iterative_deepening,NUM/NUM767^4.p,TH0,Theorem,timeout,na,2624,0,0,0,1,0,0,0,0,
no_iterative_deepening,NUM/NUM768^1.p,TH0,Theorem,timeout,na,2104,2146,74,2146,354,15,0,2,0,
no_iterative_deepening,NUM/NUM768^4.p,TH0,Theorem,timeout,na,2643,0,0,0,1,0,0,0,0,
no_iterative_deepening,NUM/NUM769^1.p,TH0,Theorem,thm,yes,15,19,0,19,4,0,0,1,1,
no_iterative_deepening,NUM/NUM769^4.p,TH0,Theorem,timeout,na,2611,0,0,0,1,0,0,0,0,
no_iterative_deepening,NUM/NUM770^1.p,TH0,Theorem,timeout,na,2147,4473,90,4473,1077,123,0,1,0,
no_iterative_deepening,NUM/NUM770^4.p,TH0,Theorem,timeout,na,2607,0,0,0,1,0,0,0,0,
no_iterative_deepening,NUM/NUM771^1.p,TH0,Theorem,timeout,na,2041,2353,135,2353,137,25,0,5,0,
no_iterative_deepening,NUM/NUM771^4.p,TH0,Theorem,timeout,na,2655,0,0,0,1,0,0,0,0,
no_iterative_deepening,NUM/NUM781^1.p,TH0,Theorem,thm,yes,4,3,0,3,1,1,0,0,0,
no_iterative_deepening,NUM/NUM781^2.p,TH0,Theorem,thm,yes,11,10,0,10,1,1,0,0,0,
no_iterative_deepening,NUM/NUM781^3.p,TH0,Theorem,thm,yes,8,8,0,8,1,1,0,0,0,
no_iterative_deepening,NUM/NUM781^4.p,TH0,Theorem,timeout,na,2732,0,0,0,1,0,0,0,0,
no_iterative_deepening,NUM/NUM782^1.p,TH0,Theorem,thm,yes,5,3,0,3,1,1,0,0,0,
no_iterative_deepening,NUM/NUM782^4.p,TH0,Theorem,timeout,na,2685,0,0,0,1,0,0,0,0,
no_iterative_deepening,NUM/NUM783^1.p,TH0,Theorem,timeout,na,2337,8206,0,8018,185,989,0,0,0,
no_iterative_deepening,NUM/NUM783^4.p,TH0,Theorem,timeout,na,2689,0,0,0,1,0,0,0,0,
no_iterative_deepening,NUM/NUM784^1.p,TH0,Theorem,unk,na,35,34,0,34,5,2,0,0,0,
no_iterative_deepening,NUM/NUM784^4.p,TH0,Theorem,timeout,na,2702,0,0,0,1,0,0,0,0,
no_iterative_deepening,NUM/NUM785^1.p,TH0,Theorem,unk,na,33,34,0,34,5,2,0,0,0,
no_iterative_deepening,NUM/NUM785^4.p,TH0,Theorem,timeout,na,2703,0,0,0,1,0,0,0,0,
no_iterative_deepening,NUM/NUM786^1.p,TH0,Theorem,unk,na,13,15,0,15,3,0,0,0,0,
no_iterative_deepening,NUM/NUM786^4.p,TH0,Theorem,timeout,na,2704,0,0,0,1,0,0,0,0,
no_iterative_deepening,NUM/NUM787^1.p,TH0,Theorem,thm,yes,15,17,0,17,3,0,0,1,1,
no_iterative_deepening,NUM/NUM787^4.p,TH0,Theorem,timeout,na,2696,0,0,0,1,0,0,0,0,
no_iterative_deepening,NUM/NUM788^1.p,TH0,Theorem,thm,yes,29,37,0,37,6,2,0,1,1,
no_iterative_deepening,NUM/NUM788^4.p,TH0,Theorem,timeout,na,2699,0,0,0,1,0,0,0,0,
no_iterative_deepening,NUM/NUM789^1.p,TH0,Theorem,thm,yes,46,51,0,51,6,2,0,1,1,
no_iterative_deepening,NUM/NUM789^4.p,TH0,Theorem,timeout,na,2701,0,0,0,1,0,0,0,0,
no_iterative_deepening,NUM/NUM790^1.p,TH0,Theorem,thm,yes,13,16,0,16,3,0,0,1,1,
no_iterative_deepening,NUM/NUM790^4.p,TH0,Theorem,timeout,na,2703,0,0,0,1,0,0,0,0,
no_iterative_deepening,NUM/NUM791^1.p,TH0,Theorem,thm,yes,13,16,0,16,3,0,0,1,1,
no_iterative_deepening,NUM/NUM791^4.p,TH0,Theorem,timeout,na,2709,0,0,0,1,0,0,0,0,
no_iterative_deepening,NUM/NUM792^1.p,TH0,Theorem,timeout,na,2118,7741,513,7741,867,88,0,2,0,
no_iterative_deepening,NUM/NUM792^4.p,TH0,Theorem,timeout,na,2709,0,0,0,1,0,0,0,0,
no_iterative_deepening,NUM/NUM793^1.p,TH0,Theorem,timeout,na,2123,7856,504,7856,1046,38,0,2,0,
no_iterative_deepening,NUM/NUM793^4.p,TH0,Theorem,timeout,na,2729,0,0,0,1,0,0,0,0,
no_iterative_deepening,NUM/NUM795^1.p,TH0,Theorem,timeout,na,2089,6678,458,6678,623,57,0,1,0,
no_iterative_deepening,NUM/NUM795^4.p,TH0,Theorem,timeout,na,2770,0,0,0,1,0,0,0,0,
no_iterative_deepening,NUM/NUM796^1.p,TH0,Theorem,timeout,na,2121,6337,378,6337,882,22,0,3,0,
no_iterative_deepening,NUM/NUM796^4.p,TH0,Theorem,timeout,na,2778,0,0,0,1,0,0,0,0,
no_iterative_deepening,NUM/NUM797^1.p,TH0,Theorem,timeout,na,2048,2909,147,2909,232,1,0,1,0,
no_iterative_deepening,NUM/NUM797^4.p,TH0,Theorem,timeout,na,2224,14,1,14,1,0,0,0,0,
no_iterative_deepening,NUM/NUM798^1.p,TH0,Theorem,timeout,na,2025,17,0,17,2,0,0,0,0,
no_iterative_deepening,NUM/NUM799^1.p,TH0,Theorem,timeout,na,2029,17,0,17,2,0,0,0,0,
no_iterative_deepening,NUM/NUM800^1.p,TH0,Theorem,timeout,na,2036,76,2,76,6,1,0,0,0,
no_iterative_deepening,NUM/NUM801^1.p,TH0,Theorem,timeout,na,2033,19,1,19,2,0,0,0,0,
no_iterative_deepening,NUM/NUM802^5.p,TH0,Theorem,timeout,na,2103,3927,32,3927,579,24,0,2,0,
no_iterative_deepening,NUM/NUM803^5.p,TH0,CounterSatisfiable,csa,yes,11,10,0,10,2,0,1,0,0,C[FCWHS] (c_star C[JSM] c0)  ¬(C[FCWHS] c0)
no_iterative_deepening,NUM/NUM804^5.p,TH0,CounterSatisfiable,csa,yes,9,10,0,10,2,0,1,0,0,C[22FHDY] (c_plus C[1K8RGS] c0)  ¬(C[22FHDY] C[1K8RGS])
no_iterative_deepening,NUM/NUM805^5.p,TH0,CounterSatisfiable,csa,yes,13,8,0,8,2,0,1,0,0,C[11WM8R] (c_plus C[1QCVH4] (cS C[1IBG2V]))  ¬(C[11WM8R] (cS (c_plus C[1QCVH4] C[1IBG2V])))
no_iterative_deepening,NUM/NUM806^5.p,TH0,CounterSatisfiable,csa,yes,14,10,0,10,2,0,1,0,0,C[QBF2P] (c_star C[E7SH9] (cS C[51PDB]))  ¬(C[QBF2P] (c_plus (c_star C[E7SH9] C[51PDB]) C[E7SH9]))
no_iterative_deepening,NUM/NUM807^5.p,TH0,CounterSatisfiable,unk,na,42,46,0,46,6,2,0,0,0,
no_iterative_deepening,NUM/NUM808^5.p,TH0,Theorem,timeout,na,2036,2229,148,2229,125,12,0,5,0,
no_iterative_deepening,NUM/NUM809^5.p,TH0,Theorem,timeout,na,2082,2188,89,2188,289,0,0,2,0,
no_iterative_deepening,NUM/NUM810^5.p,TH0,Theorem,timeout,na,2073,2448,121,2448,216,0,0,2,0,
no_iterative_deepening,NUM/NUM811^5.p,TH0,Theorem,timeout,na,2067,2243,86,2243,273,0,0,2,0,
no_iterative_deepening,NUM/NUM812^5.p,TH0,Theorem,timeout,na,2044,2695,151,2695,170,0,0,2,0,
no_iterative_deepening,NUM/NUM813^5.p,TH0,Theorem,timeout,na,2067,2503,87,2503,190,74,0,4,0,
no_iterative_deepening,NUM/NUM814^5.p,TH0,Theorem,timeout,na,2052,2808,157,2808,214,0,0,2,0,
no_iterative_deepening,NUM/NUM815^5.p,TH0,Theorem,timeout,na,2054,2729,156,2729,178,0,0,2,0,
no_iterative_deepening,NUM/NUM816^5.p,TH0,Theorem,timeout,na,2040,2757,172,2757,174,4,0,1,0,
no_iterative_deepening,NUM/NUM817^5.p,TH0,Theorem,timeout,na,2039,2667,164,2667,167,0,0,1,0,
no_iterative_deepening,NUM/NUM818^5.p,TH0,CounterSatisfiable,timeout,na,2027,449,7,449,67,1,0,1,0,
no_iterative_deepening,NUM/NUM819^5.p,TH0,Unknown,timeout,na,2099,2956,30,2956,519,83,0,3,0,
no_iterative_deepening,NUM/NUM821^5.p,TH0,Unknown,timeout,na,2048,2335,119,2335,158,64,0,5,0,
no_iterative_deepening,NUM/NUM822^5.p,TH0,Unknown,timeout,na,2085,2786,24,2786,444,67,0,2,0,
no_iterative_deepening,NUM/NUM823^5.p,TH0,Unknown,timeout,na,2087,2814,23,2814,505,83,0,3,0,
no_iterative_deepening,NUM/NUM824^5.p,TH0,Theorem,timeout,na,2021,798,44,798,49,16,0,3,0,
no_iterative_deepening,NUM/NUM825^5.p,TH0,Theorem,timeout,na,2026,935,50,935,63,32,0,0,0,
no_iterative_deepening,NUM/NUM826^5.p,TH0,Theorem,timeout,na,2033,528,30,528,36,5,0,2,0,
no_iterative_deepening,NUM/NUM827^5.p,TH0,Theorem,timeout,na,2068,2797,107,2797,270,62,0,1,0,
no_iterative_deepening,NUM/NUM828^5.p,TH0,Theorem,timeout,na,2069,2791,116,2791,269,58,0,1,0,
no_iterative_deepening,NUM/NUM829^5.p,TH0,Theorem,timeout,na,2063,2575,100,2575,255,55,0,1,0,
no_iterative_deepening,NUM/NUM830^5.p,TH0,Theorem,timeout,na,2045,942,31,942,113,17,0,3,0,
no_iterative_deepening,NUM/NUM831^5.p,TH0,Unknown,timeout,na,2051,2082,95,2082,175,0,0,1,0,
no_iterative_deepening,NUM/NUM832^5.p,TH0,Theorem,timeout,na,2072,1765,42,1765,301,0,0,1,0,
no_iterative_deepening,NUM/NUM833^5.p,TH0,Unknown,timeout,na,2044,1478,48,1478,130,25,0,1,0,
no_iterative_deepening,NUM/NUM834^5.p,TH0,Unknown,timeout,na,2030,339,11,339,32,1,0,1,0,
no_iterative_deepening,NUM/NUM863^1.p,TH0,Theorem,timeout,na,2143,1863,5,1863,281,0,0,0,0,
no_iterative_deepening,NUM/NUM923^1.p,TH0,Theorem,timeout,na,2154,2134,164,2134,76,0,0,1,0,
no_iterative_deepening,NUM/NUM923^2.p,TH1,Theorem,parser_error,na,0,,,,,,,,,cached: Failed to parse formula 'fact_81_split__paired__Ex': [byte:26352] Type Error: Cannot unify strict function types of different arities.
no_iterative_deepening,NUM/NUM923^3.p,TH1,Theorem,parser_error,na,0,,,,,,,,,cached: Failed to parse formula 'fact_125_split__paired__Ex': [byte:41018] Type Error: Cannot unify strict function types of different arities.
no_iterative_deepening,NUM/NUM923^4.p,TH1,Theorem,parser_error,na,0,,,,,,,,,cached: Failed to parse formula 'fact_158_split__paired__All': [byte:93412] Type Error: Cannot unify strict function types of different arities.
no_iterative_deepening,NUM/NUM924^1.p,TH0,ContradictoryAxioms,timeout,na,2810,4910,16,4910,500,0,0,0,0,
no_iterative_deepening,NUM/NUM924^2.p,TH0,Theorem,timeout,na,2730,626,62,626,1,0,0,0,0,
no_iterative_deepening,NUM/NUM924^3.p,TH0,ContradictoryAxioms,timeout,na,3314,578,57,578,1,0,0,0,0,
no_iterative_deepening,NUM/NUM924^4.p,TH1,Theorem,parser_error,na,0,,,,,,,,,cached: Failed to parse formula 'fact_2709_ex__nat': [byte:738104] Type Error: Cannot unify strict function types of different arities.
no_iterative_deepening,NUM/NUM925^1.p,TH0,Theorem,timeout,na,2719,5898,14,5898,1434,0,0,1,0,
no_iterative_deepening,NUM/NUM925^2.p,TH0,Theorem,timeout,na,2582,753,75,753,1,0,0,0,0,
no_iterative_deepening,NUM/NUM925^3.p,TH0,Theorem,timeout,na,3256,560,56,560,1,0,0,0,0,
no_iterative_deepening,NUM/NUM925^4.p,TH1,Theorem,parser_error,na,0,,,,,,,,,cached: Failed to parse formula 'fact_2744_ex__nat': [byte:691477] Type Error: Cannot unify strict function types of different arities.
no_iterative_deepening,NUM/NUM926^1.p,TH0,Theorem,timeout,na,2217,1434,79,1434,139,2,0,1,0,
no_iterative_deepening,NUM/NUM926^2.p,TH0,Theorem,timeout,na,2692,627,62,627,1,0,0,0,0,
no_iterative_deepening,NUM/NUM926^3.p,TH0,Theorem,timeout,na,3364,577,57,577,1,0,0,0,0,
no_iterative_deepening,NUM/NUM926^4.p,TH1,Theorem,parser_error,na,0,,,,,,,,,cached: Failed to parse formula 'fact_2727_ex__nat': [byte:747317] Type Error: Cannot unify strict function types of different arities.
no_iterative_deepening,NUN/NUN021^1.p,TH0,Satisfiable,no_conjecture,na,16,,,,,,,,,
no_iterative_deepening,NUN/NUN022^1.p,TH0,Satisfiable,unk,na,10,5,0,5,1,0,0,0,0,
no_iterative_deepening,NUN/NUN023^1.p,TH0,Theorem,timeout,na,2060,2458,116,2458,242,11,0,2,0,
no_iterative_deepening,NUN/NUN023^2.p,TH0,Theorem,timeout,na,2062,2344,103,2344,223,21,0,2,0,
no_iterative_deepening,NUN/NUN024^1.p,TH0,Theorem,timeout,na,2056,2705,147,2705,208,35,0,1,0,
no_iterative_deepening,NUN/NUN024^2.p,TH0,Theorem,timeout,na,2067,2820,131,2820,245,40,0,1,0,
no_iterative_deepening,NUN/NUN025^1.p,TH0,Theorem,timeout,na,2061,2769,142,2769,213,16,0,1,0,
no_iterative_deepening,NUN/NUN025^2.p,TH0,Theorem,timeout,na,2067,2991,121,2991,244,59,0,1,0,
no_iterative_deepening,NUN/NUN025^3.p,TH0,Theorem,timeout,na,2065,2674,132,2674,248,23,0,1,0,
no_iterative_deepening,NUN/NUN026^1.p,TH1,Theorem,parse_timeout,na,0,,,,,,,,,cached: parse exceeded 5000ms
no_iterative_deepening,NUN/NUN027^1.p,TH1,Theorem,parse_timeout,na,0,,,,,,,,,cached: parse exceeded 5000ms
no_iterative_deepening,NUN/NUN028^1.p,TH1,Theorem,parse_timeout,na,0,,,,,,,,,cached: parse exceeded 5000ms
no_iterative_deepening,NUN/NUN029^1.p,TH1,Theorem,parse_timeout,na,0,,,,,,,,,cached: parse exceeded 5000ms
no_iterative_deepening,NUN/NUN030^1.p,TH1,Theorem,parse_timeout,na,0,,,,,,,,,cached: parse exceeded 5000ms
no_iterative_deepening,NUN/NUN031^1.p,TH1,Theorem,parse_timeout,na,0,,,,,,,,,cached: parse exceeded 5000ms
no_iterative_deepening,NUN/NUN032^1.p,TH1,Theorem,parse_timeout,na,0,,,,,,,,,cached: parse exceeded 5000ms
no_iterative_deepening,NUN/NUN033^1.p,TH1,Theorem,parse_timeout,na,0,,,,,,,,,cached: parse exceeded 5000ms
no_iterative_deepening,NUN/NUN034^1.p,TH1,Theorem,parse_timeout,na,0,,,,,,,,,cached: parse exceeded 5000ms
no_iterative_deepening,NUN/NUN035^1.p,TH1,Theorem,parse_timeout,na,0,,,,,,,,,cached: parse exceeded 5000ms
no_iterative_deepening,NUN/NUN036^1.p,TH1,Theorem,parse_timeout,na,0,,,,,,,,,cached: parse exceeded 5000ms
no_iterative_deepening,NUN/NUN037^1.p,TH1,Theorem,parse_timeout,na,0,,,,,,,,,cached: parse exceeded 5000ms
no_iterative_deepening,NUN/NUN038^1.p,TH1,Theorem,parse_timeout,na,0,,,,,,,,,cached: parse exceeded 5000ms
no_iterative_deepening,NUN/NUN039^1.p,TH1,Theorem,parse_timeout,na,0,,,,,,,,,cached: parse exceeded 5000ms
no_iterative_deepening,NUN/NUN040^1.p,TH1,Theorem,parse_timeout,na,0,,,,,,,,,cached: parse exceeded 5000ms
no_iterative_deepening,NUN/NUN041^1.p,TH1,Theorem,parse_timeout,na,0,,,,,,,,,cached: parse exceeded 5000ms
no_iterative_deepening,NUN/NUN042^1.p,TH1,Theorem,parse_timeout,na,0,,,,,,,,,cached: parse exceeded 5000ms
no_iterative_deepening,NUN/NUN043^1.p,TH1,Theorem,parse_timeout,na,0,,,,,,,,,cached: parse exceeded 5000ms
no_iterative_deepening,NUN/NUN044^1.p,TH1,Theorem,parse_timeout,na,0,,,,,,,,,cached: parse exceeded 5000ms
no_iterative_deepening,NUN/NUN045^1.p,TH1,Theorem,parse_timeout,na,0,,,,,,,,,cached: parse exceeded 5000ms
no_iterative_deepening,NUN/NUN046^1.p,TH1,ContradictoryAxioms,timeout,na,2049,2164,131,2164,130,25,0,0,0,
no_iterative_deepening,NUN/NUN047^1.p,TH1,ContradictoryAxioms,timeout,na,2037,1434,69,1434,106,13,0,1,0,
no_iterative_deepening,NUN/NUN048^1.p,TH1,Theorem,timeout,na,2132,4184,78,4184,204,47,0,0,0,
no_iterative_deepening,NUN/NUN049^1.p,TH1,Theorem,timeout,na,2053,1263,37,1241,95,77,0,0,0,
no_iterative_deepening,NUN/NUN050^1.p,TH1,Theorem,unk,na,201,101,2,96,9,7,0,0,0,
no_iterative_deepening,NUN/NUN051^1.p,TH1,Theorem,timeout,na,2057,1326,46,1326,130,32,0,1,0,
no_iterative_deepening,NUN/NUN052^1.p,TH1,CounterSatisfiable,timeout,na,2075,2301,119,2301,191,8,0,1,0,
no_iterative_deepening,NUN/NUN053^4.p,TH0,Satisfiable,no_conjecture,na,1782,,,,,,,,,
no_iterative_deepening,NUN/NUN093^1.p,TH0,Unknown,timeout,na,3641,0,0,0,1,0,0,0,0,
no_iterative_deepening,NUN/NUN094^1.p,TH0,Unknown,timeout,na,3642,0,0,0,1,0,0,0,0,
no_iterative_deepening,NUN/NUN095^1.p,TH0,Unknown,timeout,na,3536,0,0,0,1,0,0,0,0,
no_iterative_deepening,NUN/NUN096^1.p,TH0,Unknown,timeout,na,3568,0,0,0,1,0,0,0,0,
no_iterative_deepening,NUN/NUN097^1.p,TH0,Unknown,timeout,na,2884,0,0,0,1,0,0,0,0,
no_iterative_deepening,NUN/NUN098^1.p,TH0,Unknown,timeout,na,2870,0,0,0,1,0,0,0,0,
no_iterative_deepening,NUN/NUN099^1.p,TH0,Unknown,timeout,na,3312,0,0,0,1,0,0,0,0,
no_iterative_deepening,NUN/NUN100^1.p,TH0,Unknown,timeout,na,3314,0,0,0,1,0,0,0,0,
no_iterative_deepening,NUN/NUN101^1.p,TH0,Unknown,timeout,na,3201,0,0,0,1,0,0,0,0,
no_iterative_deepening,NUN/NUN102^1.p,TH0,Unknown,timeout,na,3189,0,0,0,1,0,0,0,0,
no_iterative_deepening,NUN/NUN103^1.p,TH0,Unknown,timeout,na,2846,0,0,0,1,0,0,0,0,
no_iterative_deepening,NUN/NUN104^1.p,TH0,Unknown,timeout,na,2813,0,0,0,1,0,0,0,0,
no_iterative_deepening,NUN/NUN105^1.p,TH0,Unknown,timeout,na,3230,0,0,0,1,0,0,0,0,
no_iterative_deepening,NUN/NUN106^1.p,TH0,Unknown,timeout,na,3256,0,0,0,1,0,0,0,0,
no_iterative_deepening,NUN/NUN107^1.p,TH0,Unknown,timeout,na,3240,0,0,0,1,0,0,0,0,
no_iterative_deepening,NUN/NUN108^1.p,TH0,Unknown,timeout,na,3259,0,0,0,1,0,0,0,0,
no_iterative_deepening,NUN/NUN109^1.p,TH0,Unknown,timeout,na,2594,0,0,0,1,0,0,0,0,
no_iterative_deepening,NUN/NUN110^1.p,TH0,Unknown,timeout,na,2584,0,0,0,1,0,0,0,0,
no_iterative_deepening,NUN/NUN111^1.p,TH0,Unknown,timeout,na,3542,0,0,0,1,0,0,0,0,
no_iterative_deepening,NUN/NUN112^1.p,TH0,Unknown,timeout,na,3529,0,0,0,1,0,0,0,0,
no_iterative_deepening,NUN/NUN113^1.p,TH0,Unknown,timeout,na,3172,0,0,0,1,0,0,0,0,
no_iterative_deepening,NUN/NUN114^1.p,TH0,Unknown,timeout,na,3151,0,0,0,1,0,0,0,0,
no_iterative_deepening,NUN/NUN115^1.p,TH0,Unknown,timeout,na,4034,0,0,0,1,0,0,0,0,
no_iterative_deepening,NUN/NUN116^1.p,TH0,Unknown,timeout,na,4032,0,0,0,1,0,0,0,0,
no_iterative_deepening,NUN/NUN117^1.p,TH0,Unknown,timeout,na,3623,0,0,0,1,0,0,0,0,
no_iterative_deepening,NUN/NUN118^1.p,TH0,Unknown,timeout,na,3684,0,0,0,1,0,0,0,0,
no_iterative_deepening,NUN/NUN119^1.p,TH0,Unknown,timeout,na,3333,0,0,0,1,0,0,0,0,
no_iterative_deepening,NUN/NUN120^1.p,TH0,Unknown,timeout,na,3319,0,0,0,1,0,0,0,0,
no_iterative_deepening,NUN/NUN121^1.p,TH0,Unknown,timeout,na,3205,0,0,0,1,0,0,0,0,
no_iterative_deepening,NUN/NUN122^1.p,TH0,Unknown,timeout,na,3228,0,0,0,1,0,0,0,0,
no_iterative_deepening,NUN/NUN123^1.p,TH0,Unknown,timeout,na,4259,0,0,0,1,0,0,0,0,
no_iterative_deepening,NUN/NUN124^1.p,TH0,Unknown,timeout,na,4279,0,0,0,1,0,0,0,0,
no_iterative_deepening,NUN/NUN125^1.p,TH0,Unknown,timeout,na,2957,0,0,0,1,0,0,0,0,
no_iterative_deepening,NUN/NUN126^1.p,TH0,Unknown,timeout,na,2958,0,0,0,1,0,0,0,0,
no_iterative_deepening,NUN/NUN127^1.p,TH0,Unknown,timeout,na,3351,0,0,0,1,0,0,0,0,
no_iterative_deepening,NUN/NUN128^1.p,TH0,Unknown,timeout,na,3344,0,0,0,1,0,0,0,0,
no_iterative_deepening,NUN/NUN129^1.p,TH0,Unknown,timeout,na,3537,0,0,0,1,0,0,0,0,
no_iterative_deepening,NUN/NUN130^1.p,TH0,Unknown,timeout,na,3484,0,0,0,1,0,0,0,0,
no_iterative_deepening,NUN/NUN131^1.p,TH0,Unknown,timeout,na,3677,0,0,0,1,0,0,0,0,
no_iterative_deepening,NUN/NUN132^1.p,TH0,Unknown,timeout,na,3694,0,0,0,1,0,0,0,0,
no_iterative_deepening,PHI/PHI001^1.p,TH0,Satisfiable,no_conjecture,na,42,,,,,,,,,
no_iterative_deepening,PHI/PHI002^1.p,TH0,Theorem,timeout,na,2056,325,17,325,27,0,0,1,0,
no_iterative_deepening,PHI/PHI002^2.p,TH0,Theorem,timeout,na,2061,418,17,418,40,7,0,1,0,
no_iterative_deepening,PHI/PHI002^8.p,unknown,Theorem,parser_error,na,0,,,,,,,,,cached: Lexer failed to parse entire string. Unparsed: {$box} @ ( ! [X: $i] : ( ( Phi @ X ) => ( Psi @ X ) ) ) ) ) => ( positive @ Psi ) ) ). %----T1: Positive properties are possibly exemplified. thf(t1 conj
no_iterative_deepening,PHI/PHI003^1.p,TH0,Theorem,timeout,na,2067,223,7,223,25,0,0,1,0,
no_iterative_deepening,PHI/PHI003^2.p,TH0,Theorem,timeout,na,2055,473,15,473,51,3,0,1,0,
no_iterative_deepening,PHI/PHI003^6.p,unknown,Theorem,parser_error,na,0,,,,,,,,,cached: Lexer failed to parse entire string. Unparsed: {$possible} @ ( ? [X: entity] : ( god_like @ X ) ) ) ). %------------------------------------------------------------------------------ 
no_iterative_deepening,PHI/PHI003^7.p,unknown,CounterSatisfiable,parser_error,na,0,,,,,,,,,cached: Lexer failed to parse entire string. Unparsed: {$possible} @ ( ? [X: entity] : ( god_like @ X ) ) ) ). %------------------------------------------------------------------------------ 
no_iterative_deepening,PHI/PHI003^8.p,unknown,Theorem,parser_error,na,0,,,,,,,,,cached: Lexer failed to parse entire string. Unparsed: {$box} @ ( ! [X: $i] : ( ( Phi @ X ) => ( Psi @ X ) ) ) ) ) => ( positive @ Psi ) ) ). %----D1: A God-like being possesses all positive properties. thf(d
no_iterative_deepening,PHI/PHI004^1.p,TH0,Theorem,timeout,na,2080,417,17,417,39,0,0,1,0,
no_iterative_deepening,PHI/PHI004^2.p,TH0,Theorem,timeout,na,2082,1190,36,1190,146,8,0,1,0,
no_iterative_deepening,PHI/PHI004^4.p,TH0,Theorem,timeout,na,2067,1821,96,1821,210,3,0,1,0,
no_iterative_deepening,PHI/PHI004^8.p,unknown,Theorem,parser_error,na,0,,,,,,,,,cached: Lexer failed to parse entire string. Unparsed: {$box} @ ( ! [X: $i] : ( ( Phi @ X ) => ( Psi @ X ) ) ) ) ) => ( positive @ Psi ) ) ). %----D1: A God-like being possesses all positive properties. thf(d
no_iterative_deepening,PHI/PHI005^1.p,TH0,Theorem,timeout,na,2080,367,7,367,48,0,0,1,0,
no_iterative_deepening,PHI/PHI005^10.p,unknown,Theorem,parser_error,na,0,,,,,,,,,cached: Lexer failed to parse entire string. Unparsed: {$necessary} @ ( ! [X: individual] : ( ( Phi @ X ) <=> ( ^ [Y: individual] : ( ( Phi @ Y ) & ~ ( Phi @ Y ) ) @ X ) ) ) ) => ( ( positive @ Phi ) <=> ( po
no_iterative_deepening,PHI/PHI005^2.p,TH0,Theorem,timeout,na,2124,1870,12,1870,204,20,0,0,0,
no_iterative_deepening,PHI/PHI005^3.p,TH0,CounterSatisfiable,timeout,na,2074,1001,56,1001,71,5,0,1,0,
no_iterative_deepening,PHI/PHI005^4.p,TH0,Theorem,timeout,na,2043,791,37,791,73,0,0,1,0,
no_iterative_deepening,PHI/PHI005^6.p,unknown,Theorem,parser_error,na,0,,,,,,,,,cached: Lexer failed to parse entire string. Unparsed: {$necessary} @ ( ? [X: entity] : ( god_like @ X ) ) ) ). %------------------------------------------------------------------------------ 
no_iterative_deepening,PHI/PHI005^8.p,unknown,Theorem,parser_error,na,0,,,,,,,,,cached: Lexer failed to parse entire string. Unparsed: {$box} @ ( ! [X: $i] : ( ( Phi @ X ) => ( Psi @ X ) ) ) ) ) => ( positive @ Psi ) ) ). %----D1: A God-like being possesses all positive properties. thf(d
no_iterative_deepening,PHI/PHI005^9.p,unknown,Theorem,parser_error,na,0,,,,,,,,,cached: Lexer failed to parse entire string. Unparsed: {$necessary} @ ( ! [X: individual] : ( ( Phi @ X ) <=> ( Psi @ X ) ) ) ) => ( ( positive @ Phi ) <=> ( positive @ Psi ) ) ) ). %----Contradictory propert
no_iterative_deepening,PHI/PHI006^4.p,TH0,ContradictoryAxioms,timeout,na,2063,511,26,511,38,0,0,1,0,
no_iterative_deepening,PHI/PHI006^5.p,TH0,ContradictoryAxioms,timeout,na,2061,796,47,796,50,0,0,1,0,
no_iterative_deepening,PHI/PHI007^4.p,TH0,ContradictoryAxioms,timeout,na,2074,581,42,581,69,0,0,2,0,
no_iterative_deepening,PHI/PHI007^5.p,TH0,ContradictoryAxioms,timeout,na,2048,777,37,777,72,0,0,2,0,
no_iterative_deepening,PHI/PHI008^4.p,TH0,Theorem,timeout,na,2058,1653,97,1653,128,0,0,1,0,
no_iterative_deepening,PHI/PHI043^1.p,TH0,Theorem,timeout,na,2049,375,18,375,43,6,0,1,0,
no_iterative_deepening,PHI/PHI043^2.p,TH0,Theorem,timeout,na,2073,350,2,350,60,4,0,1,0,
no_iterative_deepening,PHI/PHI045^10.p,unknown,Theorem,parser_error,na,0,,,,,,,,,cached: Lexer failed to parse entire string. Unparsed: {$necessary} @ ( ! [X: individual] : ( ( exists @ X ) => ( ( Phi @ X ) <=> ( ^ [Y: individual] : ( ( Phi @ Y ) & ~ ( Phi @ Y ) ) @ X ) ) ) ) ) => ( ( pos
no_iterative_deepening,PHI/PHI045^6.p,TH0,Theorem,thm,yes,1230,1084,71,1084,57,20,0,1,1,
no_iterative_deepening,PHI/PHI045^7.p,unknown,Theorem,parser_error,na,0,,,,,,,,,cached: Lexer failed to parse entire string. Unparsed: {$necessary} @ ( ! [X: individual] : ( ( Phi @ X ) <=> ( Psi @ X ) ) ) ) => ( ( positive @ Phi ) <=> ( positive @ Psi ) ) ) ). %----Contradictory propert
no_iterative_deepening,PHI/PHI045^8.p,unknown,Theorem,parser_error,na,0,,,,,,,,,cached: Lexer failed to parse entire string. Unparsed: {$necessary} @ ( ! [X: individual] : ( ( Phi @ X ) <=> ( ^ [Y: individual] : ( ( Phi @ Y ) & ~ ( Phi @ Y ) ) @ X ) ) ) ) => ( ( positive @ Phi ) <=> ( po
no_iterative_deepening,PHI/PHI045^9.p,unknown,Theorem,parser_error,na,0,,,,,,,,,cached: Lexer failed to parse entire string. Unparsed: {$necessary} @ ( ! [X: individual] : ( ( exists @ X ) => ( ( Phi @ X ) <=> ( Psi @ X ) ) ) ) ) => ( ( positive @ Phi ) <=> ( positive @ Psi ) ) ) ). %---
no_iterative_deepening,PHI/PHI046^10.p,unknown,Theorem,parser_error,na,0,,,,,,,,,cached: Lexer failed to parse entire string. Unparsed: {$necessary} @ ( ! [X: individual] : ( ( exists @ X ) => ( ( Phi @ X ) <=> ( ^ [Y: individual] : ( ( Phi @ Y ) & ~ ( Phi @ Y ) ) @ X ) ) ) ) ) => ( ( pos
no_iterative_deepening,PHI/PHI046^9.p,unknown,Theorem,parser_error,na,0,,,,,,,,,cached: Lexer failed to parse entire string. Unparsed: {$necessary} @ ( ! [X: individual] : ( ( exists @ X ) => ( ( Phi @ X ) <=> ( Psi @ X ) ) ) ) ) => ( ( positive @ Phi ) <=> ( positive @ Psi ) ) ) ). %---
no_iterative_deepening,PLA/PLA032^7.p,TH0,Theorem,timeout,na,2222,4118,94,4118,192,208,0,0,0,
no_iterative_deepening,PLA/PLA033^7.p,TH0,Theorem,timeout,na,2167,2041,79,2041,195,0,0,0,0,
no_iterative_deepening,PLA/PLA053^15.p,TH0,CounterSatisfiable,timeout,na,2123,3203,51,3203,185,112,0,0,0,
no_iterative_deepening,PLA/PLA053^18.p,TH0,Theorem,timeout,na,2147,3349,34,3349,195,222,0,0,0,
no_iterative_deepening,PLA/PLA053^2.p,TH0,Theorem,timeout,na,2151,3114,55,3114,197,46,0,0,0,
no_iterative_deepening,PLA/PLA053^4.p,TH0,Theorem,timeout,na,2126,3201,101,3201,199,28,0,0,0,
no_iterative_deepening,PLA/PLA053^5.p,TH0,Theorem,timeout,na,2122,3596,138,3596,192,30,0,0,0,
no_iterative_deepening,PLA/PLA054^4.p,TH0,Theorem,timeout,na,2097,2640,138,2640,240,0,0,0,0,
no_iterative_deepening,PRO/PRO019^1.p,TH1,Theorem,timeout,na,3031,99,9,99,1,0,0,0,0,
no_iterative_deepening,PRO/PRO020^1.p,TH1,Theorem,timeout,na,3484,58,5,58,1,0,0,0,0,
no_iterative_deepening,PRO/PRO021^1.p,TH1,Theorem,timeout,na,3885,32,3,32,1,0,0,0,0,
no_iterative_deepening,PRO/PRO022^1.p,TH1,Theorem,timeout,na,3196,44,4,44,1,0,0,0,0,
no_iterative_deepening,PRO/PRO023^1.p,TH1,Theorem,timeout,na,4098,0,0,0,1,0,0,0,0,
no_iterative_deepening,PRO/PRO024^1.p,TH1,Theorem,timeout,na,4568,0,0,0,1,0,0,0,0,
no_iterative_deepening,PRO/PRO025^1.p,TH1,Theorem,timeout,na,4661,0,0,0,1,0,0,0,0,
no_iterative_deepening,PRO/PRO026^1.p,TH1,Theorem,timeout,na,4602,0,0,0,1,0,0,0,0,
no_iterative_deepening,PRO/PRO027^1.p,TH1,Theorem,timeout,na,4452,0,0,0,1,0,0,0,0,
no_iterative_deepening,PRO/PRO028^1.p,TH1,Theorem,timeout,na,4455,0,0,0,1,0,0,0,0,
no_iterative_deepening,PRO/PRO029^16.p,TH0,Theorem,timeout,na,2092,2382,78,2382,223,45,0,0,0,
no_iterative_deepening,PUZ/PUZ031^5.p,TH0,Theorem,timeout,na,2218,2006,6,2006,113,0,0,0,0,
no_iterative_deepening,PUZ/PUZ047^5.p,TH0,Theorem,timeout,na,2355,5005,3,5005,290,0,0,0,0,
no_iterative_deepening,PUZ/PUZ081^1.p,TH0,Theorem,parser_error,na,0,,,,,,,,,cached: Failed to parse formula 'kk_6_6': [byte:2999] Type Error: Cannot unify strict function types of different arities.
no_iterative_deepening,PUZ/PUZ081^2.p,TH0,Theorem,timeout,na,2041,970,23,949,128,39,0,0,0,
no_iterative_deepening,PUZ/PUZ081^3.p,TH0,Theorem,timeout,na,2223,3937,11,3379,126,902,0,0,0,
no_iterative_deepening,PUZ/PUZ082^1.p,TH0,Theorem,unk,na,107,209,0,194,13,42,0,0,0,
no_iterative_deepening,PUZ/PUZ083^1.p,TH0,Theorem,unk,na,84,215,0,200,11,41,0,0,0,
no_iterative_deepening,PUZ/PUZ084^1.p,TH0,Theorem,thm,yes,124,30,2,30,2,0,0,1,1,
no_iterative_deepening,PUZ/PUZ085^1.p,TH0,Theorem,timeout,na,2087,2001,119,2001,159,56,0,4,0,
no_iterative_deepening,PUZ/PUZ086^1.p,TH0,Theorem,timeout,na,2162,1889,61,1889,232,0,0,0,0,
no_iterative_deepening,PUZ/PUZ087^1.p,TH0,Theorem,timeout,na,2612,3299,10,3299,309,0,0,0,0,
no_iterative_deepening,PUZ/PUZ087^2.p,TH0,Theorem,timeout,na,2529,3042,12,3042,302,0,0,0,0,
no_iterative_deepening,PUZ/PUZ088^5.p,TH0,Theorem,thm,yes,13,16,0,16,2,0,0,2,1,
no_iterative_deepening,PUZ/PUZ090^5.p,TH0,Theorem,thm,yes,185,1,0,1,1,1,0,0,0,
no_iterative_deepening,PUZ/PUZ091^5.p,TH0,Theorem,thm,yes,348,1,0,1,1,1,0,0,0,
no_iterative_deepening,PUZ/PUZ092^5.p,TH0,Theorem,timeout,na,2052,1332,45,1332,59,21,0,0,0,
no_iterative_deepening,PUZ/PUZ093^5.p,TH0,Theorem,timeout,na,2034,16,1,16,2,0,0,0,0,
no_iterative_deepening,PUZ/PUZ094^5.p,TH0,Theorem,timeout,na,2530,4987,5,4987,237,0,0,0,0,
no_iterative_deepening,PUZ/PUZ095^5.p,TH0,CounterSatisfiable,timeout,na,2033,480,20,480,44,4,0,1,0,
no_iterative_deepening,PUZ/PUZ096^5.p,TH0,CounterSatisfiable,timeout,na,2028,1,0,1,1,0,0,0,0,
no_iterative_deepening,PUZ/PUZ097^5.p,TH0,CounterSatisfiable,timeout,na,2023,1,0,1,1,0,0,0,0,
no_iterative_deepening,PUZ/PUZ098^5.p,TH0,Unknown,timeout,na,2024,2,0,2,1,0,0,0,0,
no_iterative_deepening,PUZ/PUZ099^5.p,TH0,CounterSatisfiable,timeout,na,2040,2607,159,2607,172,0,0,2,0,
no_iterative_deepening,PUZ/PUZ100^5.p,TH0,Theorem,thm,yes,7,4,0,4,1,1,0,0,0,
no_iterative_deepening,PUZ/PUZ101^5.p,TH0,CounterSatisfiable,timeout,na,2020,7,0,7,2,1,0,0,0,
no_iterative_deepening,PUZ/PUZ102^5.p,TH0,Theorem,unk,na,13,12,0,12,2,0,0,0,0,
no_iterative_deepening,PUZ/PUZ103^5.p,TH0,Theorem,timeout,na,2053,2960,125,2960,281,18,0,2,0,
no_iterative_deepening,PUZ/PUZ104^5.p,TH0,Theorem,timeout,na,2061,2774,118,2774,280,48,0,2,0,
no_iterative_deepening,PUZ/PUZ105^5.p,TH0,CounterSatisfiable,timeout,na,2052,2481,167,2481,158,10,0,2,0,
no_iterative_deepening,PUZ/PUZ106^5.p,TH0,CounterSatisfiable,timeout,na,2063,1357,56,1357,229,8,0,1,0,
no_iterative_deepening,PUZ/PUZ107^5.p,TH0,Theorem,timeout,na,2107,2425,25,2425,264,59,0,0,0,
no_iterative_deepening,PUZ/PUZ108^5.p,TH0,Theorem,timeout,na,2048,2731,135,2731,211,4,0,2,0,
no_iterative_deepening,PUZ/PUZ109^5.p,TH0,Theorem,timeout,na,2038,1162,31,1162,163,0,0,2,0,
no_iterative_deepening,PUZ/PUZ110^5.p,TH0,Theorem,timeout,na,2038,1191,19,1191,199,0,0,2,0,
no_iterative_deepening,PUZ/PUZ111^5.p,TH0,CounterSatisfiable,timeout,na,2152,6006,55,6006,215,354,0,0,0,
no_iterative_deepening,PUZ/PUZ112^5.p,TH0,CounterSatisfiable,timeout,na,2216,9257,82,9257,296,565,0,0,0,
no_iterative_deepening,PUZ/PUZ113^5.p,TH0,Theorem,timeout,na,2046,1192,18,1192,216,0,0,2,0,
no_iterative_deepening,PUZ/PUZ114^5.p,TH0,Theorem,timeout,na,2041,1168,27,1168,192,0,0,2,0,
no_iterative_deepening,PUZ/PUZ115^5.p,TH0,CounterSatisfiable,timeout,na,2048,2908,170,2908,192,0,0,2,0,
no_iterative_deepening,PUZ/PUZ116^5.p,TH0,CounterSatisfiable,timeout,na,2032,1632,87,1632,129,0,0,2,0,
no_iterative_deepening,PUZ/PUZ117^5.p,TH0,CounterSatisfiable,timeout,na,2049,2936,180,2936,184,0,0,2,0,
no_iterative_deepening,PUZ/PUZ118^5.p,TH0,CounterSatisfiable,timeout,na,2035,679,4,679,125,32,0,4,0,
no_iterative_deepening,PUZ/PUZ119^5.p,TH0,CounterSatisfiable,timeout,na,2046,2741,167,2741,171,0,0,2,0,
no_iterative_deepening,PUZ/PUZ120^5.p,TH0,CounterSatisfiable,timeout,na,2052,2779,162,2779,187,0,0,2,0,
no_iterative_deepening,PUZ/PUZ121^5.p,TH0,CounterSatisfiable,timeout,na,2021,164,0,164,60,6,0,0,0,
no_iterative_deepening,PUZ/PUZ122^5.p,TH0,Unknown,timeout,na,2066,713,18,713,137,14,0,0,0,
no_iterative_deepening,PUZ/PUZ123^5.p,TH0,CounterSatisfiable,timeout,na,2035,1688,94,1688,130,14,0,1,0,
no_iterative_deepening,PUZ/PUZ124^5.p,TH0,CounterSatisfiable,timeout,na,2065,1331,22,1331,205,42,0,3,0,
no_iterative_deepening,PUZ/PUZ125^5.p,TH0,CounterSatisfiable,timeout,na,2048,521,1,521,137,29,0,4,0,
no_iterative_deepening,PUZ/PUZ126^5.p,TH0,CounterSatisfiable,timeout,na,2034,331,0,331,79,18,0,1,0,
no_iterative_deepening,PUZ/PUZ127^5.p,TH0,Theorem,timeout,na,2085,2092,116,2092,206,88,0,0,0,
no_iterative_deepening,PUZ/PUZ136^1.p,TH0,Theorem,unk,na,112,15,0,15,2,0,0,3,0,
no_iterative_deepening,PUZ/PUZ137^1.p,TH0,Theorem,unk,na,109,369,0,340,25,70,0,0,0,
no_iterative_deepening,PUZ/PUZ140^1.p,TH0,Theorem,unk,na,18,13,0,13,2,0,0,0,0,
no_iterative_deepening,PUZ/PUZ140^2.p,TH0,Theorem,timeout,na,2062,3304,79,3304,380,23,0,1,0,
no_iterative_deepening,PUZ/PUZ141^1.p,TH0,Theorem,timeout,na,2106,2738,68,2738,390,70,0,1,0,
no_iterative_deepening,PUZ/PUZ142^1.p,TH0,Theorem,timeout,na,3030,9398,2,9398,455,2,0,0,0,
no_iterative_deepening,PUZ/PUZ143^1.p,TH0,CounterSatisfiable,timeout,na,2055,2217,83,2217,128,145,0,2,0,
no_iterative_deepening,PUZ/PUZ144^1.p,TH0,Theorem,timeout,na,3912,7156,7,7156,432,0,0,0,0,
no_iterative_deepening,PUZ/PUZ145^1.p,TH0,Theorem,timeout,na,4323,3039,31,3039,1019,0,0,0,0,
no_iterative_deepening,PUZ/PUZ146^1.p,TH0,Theorem,thm,yes,14,26,1,26,2,0,0,1,1,
no_iterative_deepening,PUZ/PUZ147^1.p,TH1,Theorem,parse_timeout,na,0,,,,,,,,,cached: parse exceeded 5000ms
no_iterative_deepening,PUZ/PUZ148^1.p,TH1,Theorem,parse_timeout,na,0,,,,,,,,,cached: parse exceeded 5000ms
no_iterative_deepening,PUZ/PUZ149^13.p,TH0,Theorem,timeout,na,2090,2457,52,2457,289,54,0,0,0,
no_iterative_deepening,PUZ/PUZ150^18.p,TH0,Theorem,timeout,na,2095,1795,25,1795,212,47,0,0,0,
no_iterative_deepening,PUZ/PUZ154^1.p,TH0,CounterSatisfiable,timeout,na,2046,2280,139,2280,120,2,0,2,0,
no_iterative_deepening,QUA/QUA001^1.p,TH0,Theorem,timeout,na,2052,1580,62,1580,114,36,0,1,0,
no_iterative_deepening,QUA/QUA002^1.p,TH0,Theorem,thm,yes,70,67,3,67,4,5,0,0,0,
no_iterative_deepening,QUA/QUA003^1.p,TH0,Theorem,timeout,na,2056,2153,107,2153,141,40,0,1,0,
no_iterative_deepening,QUA/QUA004^1.p,TH0,Theorem,timeout,na,2055,2351,134,2351,132,21,0,1,0,
no_iterative_deepening,QUA/QUA005^1.p,TH0,Theorem,timeout,na,2042,2258,162,2258,85,13,0,1,0,
no_iterative_deepening,QUA/QUA006^1.p,TH0,Theorem,timeout,na,2047,2356,163,2356,94,11,0,1,0,
no_iterative_deepening,QUA/QUA007^1.p,TH0,Theorem,timeout,na,2069,1904,57,1904,191,51,0,1,0,
no_iterative_deepening,QUA/QUA008^1.p,TH0,Theorem,timeout,na,2061,1666,46,1666,150,54,0,1,0,
no_iterative_deepening,QUA/QUA009^1.p,TH0,Theorem,timeout,na,2074,2769,135,2769,139,55,0,0,0,
no_iterative_deepening,QUA/QUA010^1.p,TH0,Theorem,timeout,na,2073,2298,95,2298,184,48,0,1,0,
no_iterative_deepening,QUA/QUA011^1.p,TH0,Theorem,timeout,na,2073,2363,79,2363,206,51,0,1,0,
no_iterative_deepening,QUA/QUA012^1.p,TH0,Theorem,timeout,na,2056,2313,135,2313,134,27,0,1,0,
no_iterative_deepening,QUA/QUA013^1.p,TH0,Theorem,timeout,na,2071,1545,33,1545,156,96,0,4,0,
no_iterative_deepening,QUA/QUA014^1.p,TH0,Theorem,timeout,na,2067,1552,52,1552,144,81,0,5,0,
no_iterative_deepening,QUA/QUA015^1.p,TH0,Theorem,timeout,na,2069,1442,36,1442,143,97,0,6,0,
no_iterative_deepening,QUA/QUA016^1.p,TH0,Theorem,timeout,na,2059,1319,45,1319,108,73,0,5,0,
no_iterative_deepening,QUA/QUA017^1.p,TH0,Theorem,timeout,na,2070,2784,165,2784,162,59,0,1,0,
no_iterative_deepening,QUA/QUA018^1.p,TH0,Theorem,timeout,na,2084,2988,153,2988,186,87,0,0,0,
no_iterative_deepening,QUA/QUA019^1.p,TH0,Theorem,timeout,na,2153,3830,83,3830,500,255,0,1,0,
no_iterative_deepening,QUA/QUA020^1.p,TH0,Theorem,timeout,na,2066,2143,81,2143,199,72,0,2,0,
no_iterative_deepening,QUA/QUA021^1.p,TH0,Satisfiable,no_conjecture,na,16,,,,,,,,,
no_iterative_deepening,RAL/RAL001^1.p,TH1,Theorem,parse_timeout,na,0,,,,,,,,,cached: parse exceeded 5000ms
no_iterative_deepening,RAL/RAL002^1.p,TH1,Theorem,parse_timeout,na,0,,,,,,,,,cached: parse exceeded 5000ms
no_iterative_deepening,RAL/RAL003^1.p,TH1,Theorem,parse_timeout,na,0,,,,,,,,,cached: parse exceeded 5000ms
no_iterative_deepening,RAL/RAL004^1.p,TH1,Theorem,parse_timeout,na,0,,,,,,,,,cached: parse exceeded 5000ms
no_iterative_deepening,RAL/RAL005^1.p,TH1,Theorem,parse_timeout,na,0,,,,,,,,,cached: parse exceeded 5000ms
no_iterative_deepening,RAL/RAL006^1.p,TH1,Theorem,parse_timeout,na,0,,,,,,,,,cached: parse exceeded 5000ms
no_iterative_deepening,RAL/RAL007^1.p,TH1,Theorem,parse_timeout,na,0,,,,,,,,,cached: parse exceeded 5000ms
no_iterative_deepening,RAL/RAL008^1.p,TH1,Theorem,parse_timeout,na,0,,,,,,,,,cached: parse exceeded 5000ms
no_iterative_deepening,RAL/RAL009^1.p,TH1,Theorem,parse_timeout,na,0,,,,,,,,,cached: parse exceeded 5000ms
no_iterative_deepening,RAL/RAL010^1.p,TH1,Theorem,parse_timeout,na,0,,,,,,,,,cached: parse exceeded 5000ms
no_iterative_deepening,RAL/RAL011^1.p,TH1,Theorem,parse_timeout,na,0,,,,,,,,,cached: parse exceeded 5000ms
no_iterative_deepening,RAL/RAL012^1.p,TH1,Theorem,parse_timeout,na,0,,,,,,,,,cached: parse exceeded 5000ms
no_iterative_deepening,RAL/RAL013^1.p,TH1,Theorem,parse_timeout,na,0,,,,,,,,,cached: parse exceeded 5000ms
no_iterative_deepening,RAL/RAL014^1.p,TH1,Theorem,parse_timeout,na,0,,,,,,,,,cached: parse exceeded 5000ms
no_iterative_deepening,RAL/RAL015^1.p,TH1,Theorem,parse_timeout,na,0,,,,,,,,,cached: parse exceeded 5000ms
no_iterative_deepening,RAL/RAL016^1.p,TH1,Theorem,parse_timeout,na,0,,,,,,,,,cached: parse exceeded 5000ms
no_iterative_deepening,RAL/RAL017^1.p,TH1,Theorem,parse_timeout,na,0,,,,,,,,,cached: parse exceeded 5000ms
no_iterative_deepening,RAL/RAL018^1.p,TH1,Theorem,parse_timeout,na,0,,,,,,,,,cached: parse exceeded 5000ms
no_iterative_deepening,RAL/RAL019^1.p,TH1,Theorem,parse_timeout,na,0,,,,,,,,,cached: parse exceeded 5000ms
no_iterative_deepening,RAL/RAL020^1.p,TH1,Theorem,parse_timeout,na,0,,,,,,,,,cached: parse exceeded 5000ms
no_iterative_deepening,RAL/RAL021^1.p,TH1,Theorem,parse_timeout,na,0,,,,,,,,,cached: parse exceeded 5000ms
no_iterative_deepening,RAL/RAL022^1.p,TH1,Theorem,parse_timeout,na,0,,,,,,,,,cached: parse exceeded 5000ms
no_iterative_deepening,RAL/RAL023^1.p,TH1,Theorem,parse_timeout,na,0,,,,,,,,,cached: parse exceeded 5000ms
no_iterative_deepening,RAL/RAL024^1.p,TH1,Theorem,parse_timeout,na,0,,,,,,,,,cached: parse exceeded 5000ms
no_iterative_deepening,RAL/RAL025^1.p,TH1,Theorem,parse_timeout,na,0,,,,,,,,,cached: parse exceeded 5000ms
no_iterative_deepening,RAL/RAL026^1.p,TH1,Theorem,parse_timeout,na,0,,,,,,,,,cached: parse exceeded 5000ms
no_iterative_deepening,RAL/RAL027^1.p,TH1,Theorem,parse_timeout,na,0,,,,,,,,,cached: parse exceeded 5000ms
no_iterative_deepening,RAL/RAL028^1.p,TH1,Theorem,parse_timeout,na,0,,,,,,,,,cached: parse exceeded 5000ms
no_iterative_deepening,RAL/RAL029^1.p,TH1,Theorem,parse_timeout,na,0,,,,,,,,,cached: parse exceeded 5000ms
no_iterative_deepening,RAL/RAL030^1.p,TH1,Theorem,parse_timeout,na,0,,,,,,,,,cached: parse exceeded 5000ms
no_iterative_deepening,RAL/RAL031^1.p,TH1,Theorem,parse_timeout,na,0,,,,,,,,,cached: parse exceeded 5000ms
no_iterative_deepening,RAL/RAL032^1.p,TH1,Theorem,parse_timeout,na,0,,,,,,,,,cached: parse exceeded 5000ms
no_iterative_deepening,RAL/RAL033^1.p,TH1,Theorem,parse_timeout,na,0,,,,,,,,,cached: parse exceeded 5000ms
no_iterative_deepening,RAL/RAL034^1.p,TH1,Theorem,parse_timeout,na,0,,,,,,,,,cached: parse exceeded 5000ms
no_iterative_deepening,RAL/RAL035^1.p,TH1,Theorem,parse_timeout,na,0,,,,,,,,,cached: parse exceeded 5000ms
no_iterative_deepening,RAL/RAL036^1.p,TH1,Theorem,parse_timeout,na,0,,,,,,,,,cached: parse exceeded 5000ms
no_iterative_deepening,RAL/RAL037^1.p,TH1,Theorem,parse_timeout,na,0,,,,,,,,,cached: parse exceeded 5000ms
no_iterative_deepening,RAL/RAL038^1.p,TH1,Theorem,parse_timeout,na,0,,,,,,,,,cached: parse exceeded 5000ms
no_iterative_deepening,RAL/RAL039^1.p,TH1,Theorem,parse_timeout,na,0,,,,,,,,,cached: parse exceeded 5000ms
no_iterative_deepening,RAL/RAL040^1.p,TH1,Theorem,parse_timeout,na,0,,,,,,,,,cached: parse exceeded 5000ms
no_iterative_deepening,RAL/RAL041^1.p,TH1,Theorem,parse_timeout,na,0,,,,,,,,,cached: parse exceeded 5000ms
no_iterative_deepening,RAL/RAL042^1.p,TH1,Theorem,parse_timeout,na,0,,,,,,,,,cached: parse exceeded 5000ms
no_iterative_deepening,RAL/RAL043^1.p,TH1,Theorem,parse_timeout,na,0,,,,,,,,,cached: parse exceeded 5000ms
no_iterative_deepening,RAL/RAL044^1.p,TH1,Theorem,parse_timeout,na,0,,,,,,,,,cached: parse exceeded 5000ms
no_iterative_deepening,RAL/RAL045^1.p,TH1,Theorem,parse_timeout,na,0,,,,,,,,,cached: parse exceeded 5000ms
no_iterative_deepening,RAL/RAL046^1.p,TH1,Theorem,parse_timeout,na,0,,,,,,,,,cached: parse exceeded 5000ms
no_iterative_deepening,RAL/RAL047^1.p,TH1,Theorem,parse_timeout,na,0,,,,,,,,,cached: parse exceeded 5000ms
no_iterative_deepening,RAL/RAL048^1.p,TH1,Theorem,parse_timeout,na,0,,,,,,,,,cached: parse exceeded 5000ms
no_iterative_deepening,RAL/RAL049^1.p,TH1,Theorem,parse_timeout,na,0,,,,,,,,,cached: parse exceeded 5000ms
no_iterative_deepening,RAL/RAL050^1.p,TH1,Theorem,parse_timeout,na,0,,,,,,,,,cached: parse exceeded 5000ms
no_iterative_deepening,RAL/RAL051^1.p,TH1,Theorem,parse_timeout,na,0,,,,,,,,,cached: parse exceeded 5000ms
no_iterative_deepening,RAL/RAL052^1.p,TH1,Theorem,parse_timeout,na,0,,,,,,,,,cached: parse exceeded 5000ms
no_iterative_deepening,RAL/RAL053^1.p,TH1,Theorem,parse_timeout,na,0,,,,,,,,,cached: parse exceeded 5000ms
no_iterative_deepening,RAL/RAL054^1.p,TH1,Theorem,parse_timeout,na,0,,,,,,,,,cached: parse exceeded 5000ms
no_iterative_deepening,RAL/RAL055^1.p,TH1,Theorem,parse_timeout,na,0,,,,,,,,,cached: parse exceeded 5000ms
no_iterative_deepening,RAL/RAL056^1.p,TH1,Theorem,parse_timeout,na,0,,,,,,,,,cached: parse exceeded 5000ms
no_iterative_deepening,RAL/RAL057^1.p,TH1,Theorem,parse_timeout,na,0,,,,,,,,,cached: parse exceeded 5000ms
no_iterative_deepening,RAL/RAL058^1.p,TH1,Theorem,parse_timeout,na,0,,,,,,,,,cached: parse exceeded 5000ms
no_iterative_deepening,RAL/RAL059^1.p,TH1,Theorem,parse_timeout,na,0,,,,,,,,,cached: parse exceeded 5000ms
no_iterative_deepening,RAL/RAL060^1.p,TH1,Theorem,parse_timeout,na,0,,,,,,,,,cached: parse exceeded 5000ms
no_iterative_deepening,RAL/RAL061^1.p,TH1,Theorem,parse_timeout,na,0,,,,,,,,,cached: parse exceeded 5000ms
no_iterative_deepening,RAL/RAL062^1.p,TH1,Theorem,parse_timeout,na,0,,,,,,,,,cached: parse exceeded 5000ms
no_iterative_deepening,RAL/RAL063^1.p,TH1,Theorem,parse_timeout,na,0,,,,,,,,,cached: parse exceeded 5000ms
no_iterative_deepening,RAL/RAL064^1.p,TH1,Theorem,parse_timeout,na,0,,,,,,,,,cached: parse exceeded 5000ms
no_iterative_deepening,RAL/RAL065^1.p,TH1,Theorem,parse_timeout,na,0,,,,,,,,,cached: parse exceeded 5000ms
no_iterative_deepening,RAL/RAL066^1.p,TH1,Theorem,parse_timeout,na,0,,,,,,,,,cached: parse exceeded 5000ms
no_iterative_deepening,RAL/RAL067^1.p,TH1,Theorem,parse_timeout,na,0,,,,,,,,,cached: parse exceeded 5000ms
no_iterative_deepening,RAL/RAL068^1.p,TH1,Theorem,parse_timeout,na,0,,,,,,,,,cached: parse exceeded 5000ms
no_iterative_deepening,RAL/RAL069^1.p,TH1,Theorem,parse_timeout,na,0,,,,,,,,,cached: parse exceeded 5000ms
no_iterative_deepening,RAL/RAL070^1.p,TH1,Theorem,parse_timeout,na,0,,,,,,,,,cached: parse exceeded 5000ms
no_iterative_deepening,SCT/SCT169^1.p,TH0,Theorem,timeout,na,2725,2263,18,2263,964,0,0,1,0,
no_iterative_deepening,SCT/SCT169^2.p,TH0,Theorem,timeout,na,2695,623,62,623,1,0,0,0,0,
no_iterative_deepening,SCT/SCT169^3.p,TH1,Theorem,parser_error,na,0,,,,,,,,,cached: Failed to parse formula 'fact_1119_Skolem__list__nth': Syntax Error: '$o' denotes a type and cannot be used as a term.
no_iterative_deepening,SCT/SCT170^1.p,TH0,Theorem,timeout,na,2726,290,27,290,2,0,0,0,0,
no_iterative_deepening,SCT/SCT170^2.p,TH0,Theorem,timeout,na,4199,176,17,176,2,0,0,0,0,
no_iterative_deepening,SCT/SCT170^3.p,TH0,Theorem,timeout,na,5602,142,13,142,2,0,0,0,0,
no_iterative_deepening,SCT/SCT171^1.p,TH0,Theorem,thm,yes,861,29,1,29,4,4,0,0,0,
no_iterative_deepening,SCT/SCT171^2.p,TH0,Theorem,thm,yes,2196,92,2,92,8,8,0,0,0,
no_iterative_deepening,SCT/SCT171^3.p,TH0,ContradictoryAxioms,thm,na,4896,92,2,92,8,8,0,0,0,
no_iterative_deepening,SET/SET002^3.p,TH0,Theorem,thm,yes,283,88,6,88,4,0,0,3,1,
no_iterative_deepening,SET/SET002^4.p,TH0,Theorem,timeout,na,2358,3595,36,3595,222,0,0,0,0,
no_iterative_deepening,SET/SET002^7.p,TH0,Theorem,timeout,na,2137,1977,117,1977,139,0,0,0,0,
no_iterative_deepening,SET/SET004^4.p,TH0,Theorem,timeout,na,2354,3656,36,3656,203,0,0,0,0,
no_iterative_deepening,SET/SET008^5.p,TH0,Theorem,thm,yes,5,3,0,3,1,1,0,0,0,
no_iterative_deepening,SET/SET009^5.p,TH0,Theorem,thm,yes,20,15,1,15,2,0,0,1,1,
no_iterative_deepening,SET/SET010^5.p,TH0,Theorem,thm,yes,15,4,0,4,1,1,0,0,0,
no_iterative_deepening,SET/SET011^5.p,TH0,Theorem,thm,yes,6,3,0,3,1,1,0,0,0,
no_iterative_deepening,SET/SET013^7.p,TH0,Theorem,timeout,na,2208,1723,112,1723,113,0,0,0,0,
no_iterative_deepening,SET/SET014^4.p,TH0,Theorem,unk,na,48,45,0,45,6,4,0,0,0,
no_iterative_deepening,SET/SET014^5.p,TH0,Theorem,thm,yes,38,53,0,53,7,4,0,1,1,
no_iterative_deepening,SET/SET014^7.p,TH0,Theorem,timeout,na,2237,212,20,212,2,0,0,0,0,
no_iterative_deepening,SET/SET017^1.p,TH0,Theorem,timeout,na,2110,3606,131,3606,388,48,0,1,0,
no_iterative_deepening,SET/SET018^7.p,TH0,Theorem,timeout,na,2253,650,57,650,12,0,0,0,0,
no_iterative_deepening,SET/SET019^4.p,TH0,Theorem,timeout,na,2173,2071,99,2071,149,0,0,0,0,
no_iterative_deepening,SET/SET020^7.p,TH0,Theorem,timeout,na,2493,88,8,88,1,0,0,0,0,
no_iterative_deepening,SET/SET027^3.p,TH0,Theorem,timeout,na,2146,4260,58,4260,614,68,0,4,0,
no_iterative_deepening,SET/SET027^5.p,TH0,Theorem,thm,yes,27,24,1,25,4,0,0,1,1,
no_iterative_deepening,SET/SET027^7.p,TH0,Theorem,timeout,na,2149,1905,43,1905,214,8,0,0,0,
no_iterative_deepening,SET/SET043^5.p,TH0,Theorem,thm,yes,11,10,0,10,2,0,0,1,1,
no_iterative_deepening,SET/SET044^23.p,TH0,Theorem,timeout,na,2096,2472,25,2472,252,2,0,0,0,
no_iterative_deepening,SET/SET044^5.p,TH0,Theorem,thm,yes,28,34,0,34,5,3,0,1,1,
no_iterative_deepening,SET/SET045^5.p,TH0,Theorem,unk,na,14,10,0,10,2,0,0,0,0,
no_iterative_deepening,SET/SET045^7.p,TH0,Theorem,timeout,na,2088,747,13,747,99,20,0,0,0,
no_iterative_deepening,SET/SET046^5.p,TH0,Theorem,unk,na,26,16,0,16,3,1,0,0,0,
no_iterative_deepening,SET/SET047^1.p,TH0,Theorem,timeout,na,2121,3102,6,3102,616,38,0,4,0,
no_iterative_deepening,SET/SET055^12.p,TH0,Theorem,thm,yes,240,3,0,3,1,1,0,0,0,
no_iterative_deepening,SET/SET062^5.p,TH0,Theorem,thm,yes,3,3,0,3,1,1,0,0,0,
no_iterative_deepening,SET/SET062^6.p,TH0,Theorem,thm,yes,2,2,0,2,1,1,0,0,0,
no_iterative_deepening,SET/SET062^7.p,TH0,Theorem,timeout,na,2193,1732,107,1732,108,0,0,0,0,
no_iterative_deepening,SET/SET063^4.p,TH0,Theorem,timeout,na,2363,3679,36,3679,222,0,0,0,0,
no_iterative_deepening,SET/SET063^5.p,TH0,Theorem,thm,yes,7,8,0,8,1,0,0,1,1,
no_iterative_deepening,SET/SET066^1.p,TH0,Theorem,thm,yes,29,21,0,21,3,5,0,0,0,
no_iterative_deepening,SET/SET067^1.p,TH0,Theorem,thm,yes,19,5,0,5,1,1,0,0,0,
no_iterative_deepening,SET/SET076^1.p,TH0,Theorem,thm,yes,34,14,1,14,2,2,0,0,0,
no_iterative_deepening,SET/SET086^1.p,TH0,Theorem,thm,yes,21,13,0,13,2,0,0,1,1,
no_iterative_deepening,SET/SET096^1.p,TH0,Theorem,unk,na,45,74,0,74,7,7,0,0,0,
no_iterative_deepening,SET/SET143^3.p,TH0,Theorem,thm,yes,54,36,0,36,3,7,0,0,0,
no_iterative_deepening,SET/SET143^5.p,TH0,Theorem,thm,yes,10,4,0,4,1,1,0,0,0,
no_iterative_deepening,SET/SET144^5.p,TH0,Theorem,unk,na,35,20,0,20,2,0,0,0,0,
no_iterative_deepening,SET/SET159^5.p,TH0,Theorem,thm,yes,10,4,0,4,1,1,0,0,0,
no_iterative_deepening,SET/SET162^5.p,TH0,Theorem,thm,yes,3,2,0,2,1,1,0,0,0,
no_iterative_deepening,SET/SET169^5.p,TH0,Theorem,thm,yes,16,4,0,4,1,1,0,0,0,
no_iterative_deepening,SET/SET171^3.p,TH0,Theorem,thm,yes,58,36,0,36,3,7,0,0,0,
no_iterative_deepening,SET/SET171^5.p,TH0,Theorem,thm,yes,15,4,0,4,1,1,0,0,0,
no_iterative_deepening,SET/SET173^5.p,TH0,Theorem,thm,yes,4,3,0,3,1,1,0,0,0,
no_iterative_deepening,SET/SET175^5.p,TH0,Theorem,thm,yes,4,3,0,3,1,1,0,0,0,
no_iterative_deepening,SET/SET183^5.p,TH0,Theorem,unk,na,17,18,0,18,2,0,0,0,0,
no_iterative_deepening,SET/SET185^5.p,TH0,Theorem,thm,yes,5,3,0,3,1,1,0,0,0,
no_iterative_deepening,SET/SET194^5.p,TH0,Theorem,thm,yes,4,4,0,4,1,1,0,0,0,
no_iterative_deepening,SET/SET196^5.p,TH0,Theorem,thm,yes,4,4,0,4,1,1,0,0,0,
no_iterative_deepening,SET/SET199^5.p,TH0,Theorem,thm,yes,33,21,1,21,3,0,0,1,1,
no_iterative_deepening,SET/SET200^5.p,TH0,Theorem,thm,yes,60,62,0,62,8,7,0,1,1,
no_iterative_deepening,SET/SET201^5.p,TH0,Theorem,thm,yes,55,67,0,67,9,7,0,1,1,
no_iterative_deepening,SET/SET557^1.p,TH0,Theorem,thm,yes,116,25,0,25,3,1,0,1,1,
no_iterative_deepening,SET/SET557^6.p,TH0,Theorem,timeout,na,2060,1220,49,1220,118,5,0,1,0,
no_iterative_deepening,SET/SET574^20.p,TH0,Theorem,timeout,na,2114,2050,45,2050,213,4,0,0,0,
no_iterative_deepening,SET/SET575^7.p,TH0,Theorem,timeout,na,2123,1233,57,1233,162,8,0,0,0,
no_iterative_deepening,SET/SET576^7.p,TH0,Theorem,timeout,na,2252,3207,19,3207,224,334,0,0,0,
no_iterative_deepening,SET/SET579^3.p,TH0,Theorem,timeout,na,2364,3326,19,3326,1362,0,0,2,0,
no_iterative_deepening,SET/SET580^3.p,TH0,Theorem,thm,yes,62,46,0,46,4,10,0,0,0,
no_iterative_deepening,SET/SET580^5.p,TH0,Theorem,thm,yes,5,4,0,4,1,1,0,0,0,
no_iterative_deepening,SET/SET582^5.p,TH0,Theorem,unk,na,76,62,0,62,9,3,0,0,0,
no_iterative_deepening,SET/SET583^7.p,TH0,Theorem,timeout,na,2133,1969,114,1969,135,0,0,0,0,
no_iterative_deepening,SET/SET584^5.p,TH0,Theorem,thm,yes,22,14,1,14,2,0,0,1,1,
no_iterative_deepening,SET/SET585^5.p,TH0,Theorem,thm,yes,5,5,0,5,1,1,0,0,0,
no_iterative_deepening,SET/SET586^5.p,TH0,Theorem,thm,yes,22,16,1,16,2,0,0,1,1,
no_iterative_deepening,SET/SET587^5.p,TH0,Theorem,unk,na,25,26,0,26,4,1,0,0,0,
no_iterative_deepening,SET/SET588^5.p,TH0,Theorem,thm,yes,22,15,1,15,2,0,0,1,1,
no_iterative_deepening,SET/SET589^5.p,TH0,Theorem,thm,yes,57,47,1,47,9,2,0,1,1,
no_iterative_deepening,SET/SET590^5.p,TH0,Theorem,thm,yes,4,4,0,4,1,1,0,0,0,
no_iterative_deepening,SET/SET591^5.p,TH0,Theorem,thm,yes,10,9,0,9,1,0,0,1,1,
no_iterative_deepening,SET/SET592^5.p,TH0,Theorem,unk,na,44,69,0,69,8,0,0,0,0,
no_iterative_deepening,SET/SET593^5.p,TH0,Theorem,thm,yes,10,4,0,4,1,1,0,0,0,
no_iterative_deepening,SET/SET594^5.p,TH0,Theorem,unk,na,34,17,1,17,2,0,0,0,0,
no_iterative_deepening,SET/SET595^5.p,TH0,Theorem,unk,na,15,17,0,17,2,0,0,0,0,
no_iterative_deepening,SET/SET596^5.p,TH0,Theorem,unk,na,32,36,0,36,4,0,0,0,0,
no_iterative_deepening,SET/SET597^5.p,TH0,Theorem,timeout,na,2037,1059,23,1059,166,18,0,1,0,
no_iterative_deepening,SET/SET598^5.p,TH0,Theorem,timeout,na,2102,2713,25,2713,193,122,0,0,0,
no_iterative_deepening,SET/SET599^5.p,TH0,Theorem,thm,yes,9,4,0,4,1,1,0,0,0,
no_iterative_deepening,SET/SET600^5.p,TH0,Theorem,unk,na,42,27,1,27,4,1,0,0,0,
no_iterative_deepening,SET/SET601^3.p,TH0,Theorem,thm,yes,95,78,0,78,7,18,0,0,0,
no_iterative_deepening,SET/SET601^5.p,TH0,Theorem,thm,yes,22,4,0,4,1,1,0,0,0,
no_iterative_deepening,SET/SET603^5.p,TH0,Theorem,thm,yes,3,2,0,2,1,1,0,0,0,
no_iterative_deepening,SET/SET604^5.p,TH0,Theorem,thm,yes,3,2,0,2,1,1,0,0,0,
no_iterative_deepening,SET/SET605^5.p,TH0,Theorem,thm,yes,5,3,0,3,1,1,0,0,0,
no_iterative_deepening,SET/SET606^3.p,TH0,Theorem,thm,yes,41,25,0,25,3,5,0,0,0,
no_iterative_deepening,SET/SET606^5.p,TH0,Theorem,thm,yes,7,3,0,3,1,1,0,0,0,
no_iterative_deepening,SET/SET607^3.p,TH0,Theorem,thm,yes,40,25,0,25,3,5,0,0,0,
no_iterative_deepening,SET/SET607^5.p,TH0,Theorem,thm,yes,6,3,0,3,1,1,0,0,0,
no_iterative_deepening,SET/SET608^5.p,TH0,Theorem,thm,yes,5,3,0,3,1,1,0,0,0,
no_iterative_deepening,SET/SET609^3.p,TH0,Theorem,thm,yes,57,38,0,38,4,7,0,0,0,
no_iterative_deepening,SET/SET609^5.p,TH0,Theorem,thm,yes,16,4,0,4,1,1,0,0,0,
no_iterative_deepening,SET/SET610^5.p,TH0,Theorem,thm,yes,7,3,0,3,1,1,0,0,0,
no_iterative_deepening,SET/SET611^3.p,TH0,Theorem,unk,na,55,46,1,46,4,5,0,0,0,
no_iterative_deepening,SET/SET611^5.p,TH0,Theorem,unk,na,27,28,0,28,4,1,0,0,0,
no_iterative_deepening,SET/SET612^3.p,TH0,Theorem,thm,yes,57,36,0,36,3,7,0,0,0,
no_iterative_deepening,SET/SET612^5.p,TH0,Theorem,thm,yes,13,4,0,4,1,1,0,0,0,
no_iterative_deepening,SET/SET613^5.p,TH0,Theorem,thm,yes,12,3,0,3,1,1,0,0,0,
no_iterative_deepening,SET/SET614^3.p,TH0,Theorem,thm,yes,52,36,0,36,3,7,0,0,0,
no_iterative_deepening,SET/SET614^5.p,TH0,Theorem,thm,yes,13,4,0,4,1,1,0,0,0,
no_iterative_deepening,SET/SET615^3.p,TH0,Theorem,thm,yes,61,67,0,67,5,14,0,0,0,
no_iterative_deepening,SET/SET615^5.p,TH0,Theorem,thm,yes,13,4,0,4,1,1,0,0,0,
no_iterative_deepening,SET/SET616^5.p,TH0,Theorem,unk,na,25,26,0,26,3,1,0,0,0,
no_iterative_deepening,SET/SET617^5.p,TH0,Theorem,thm,yes,6,2,0,2,1,1,0,0,0,
no_iterative_deepening,SET/SET618^5.p,TH0,Theorem,thm,yes,3,2,0,2,1,1,0,0,0,
no_iterative_deepening,SET/SET619^5.p,TH0,Theorem,thm,yes,8,3,0,3,1,1,0,0,0,
no_iterative_deepening,SET/SET620^5.p,TH0,Theorem,thm,yes,12,3,0,3,1,1,0,0,0,
no_iterative_deepening,SET/SET621^5.p,TH0,Theorem,thm,yes,22,4,0,4,1,1,0,0,0,
no_iterative_deepening,SET/SET622^5.p,TH0,Theorem,thm,yes,21,4,0,4,1,1,0,0,0,
no_iterative_deepening,SET/SET623^3.p,TH0,Theorem,thm,yes,80,122,0,122,10,28,0,0,0,
no_iterative_deepening,SET/SET623^5.p,TH0,Theorem,thm,yes,43,4,0,4,1,1,0,0,0,
no_iterative_deepening,SET/SET624^3.p,TH0,Theorem,unk,na,62,26,0,26,4,1,0,0,0,
no_iterative_deepening,SET/SET624^5.p,TH0,Theorem,unk,na,42,16,0,16,3,0,0,0,0,
no_iterative_deepening,SET/SET625^5.p,TH0,Theorem,thm,yes,27,27,1,27,5,1,0,1,1,
no_iterative_deepening,SET/SET626^5.p,TH0,Theorem,unk,na,16,13,1,13,2,0,0,0,0,
no_iterative_deepening,SET/SET627^5.p,TH0,Theorem,thm,yes,3,3,0,3,1,1,0,0,0,
no_iterative_deepening,SET/SET628^5.p,TH0,Theorem,thm,yes,13,14,0,14,2,2,0,1,1,
no_iterative_deepening,SET/SET629^5.p,TH0,Theorem,thm,yes,5,4,0,4,1,1,0,0,0,
no_iterative_deepening,SET/SET630^3.p,TH0,Theorem,thm,yes,27,5,0,5,1,1,0,0,0,
no_iterative_deepening,SET/SET630^5.p,TH0,Theorem,thm,yes,6,4,0,4,1,1,0,0,0,
no_iterative_deepening,SET/SET631^5.p,TH0,Theorem,unk,na,22,14,1,14,2,0,0,0,0,
no_iterative_deepening,SET/SET632^5.p,TH0,Theorem,unk,na,49,165,5,165,18,8,0,0,0,
no_iterative_deepening,SET/SET633^5.p,TH0,Theorem,thm,yes,71,175,0,175,25,39,0,1,1,
no_iterative_deepening,SET/SET634^5.p,TH0,Theorem,thm,yes,14,4,0,4,1,1,0,0,0,
no_iterative_deepening,SET/SET635^5.p,TH0,Theorem,thm,yes,14,4,0,4,1,1,0,0,0,
no_iterative_deepening,SET/SET636^5.p,TH0,Theorem,unk,na,22,22,0,22,4,1,0,0,0,
no_iterative_deepening,SET/SET638^5.p,TH0,Theorem,unk,na,37,43,1,43,5,4,0,0,0,
no_iterative_deepening,SET/SET640^3.p,TH0,Theorem,thm,yes,301,888,24,888,75,65,0,1,1,
no_iterative_deepening,SET/SET646^3.p,TH0,Theorem,thm,yes,147,299,6,299,25,21,0,1,1,
no_iterative_deepening,SET/SET647^3.p,TH0,Theorem,unk,na,84,28,0,28,4,1,0,0,0,
no_iterative_deepening,SET/SET648^3.p,TH0,Theorem,unk,na,75,24,0,24,3,0,0,0,0,
no_iterative_deepening,SET/SET649^3.p,TH0,Theorem,thm,yes,96,70,1,70,9,2,0,1,1,
no_iterative_deepening,SET/SET651^3.p,TH0,Theorem,unk,na,91,72,4,72,6,2,0,0,0,
no_iterative_deepening,SET/SET657^3.p,TH0,Theorem,thm,yes,84,85,2,85,7,3,0,1,1,
no_iterative_deepening,SET/SET669^3.p,TH0,Theorem,timeout,na,2148,3518,157,3518,330,63,0,1,0,
no_iterative_deepening,SET/SET670^3.p,TH0,Theorem,thm,yes,87,26,1,26,3,0,0,1,1,
no_iterative_deepening,SET/SET671^3.p,TH0,Theorem,timeout,na,2063,673,1,673,72,114,0,2,0,
no_iterative_deepening,SET/SET672^3.p,TH0,Theorem,thm,yes,84,26,1,26,3,0,0,1,1,
no_iterative_deepening,SET/SET673^3.p,TH0,Theorem,timeout,na,2054,403,1,403,26,65,0,3,0,
no_iterative_deepening,SET/SET680^3.p,TH0,Theorem,thm,yes,109,64,1,64,6,4,0,1,1,
no_iterative_deepening,SET/SET683^3.p,TH0,Theorem,thm,yes,97,39,1,39,5,0,0,1,1,
no_iterative_deepening,SET/SET684^3.p,TH0,Theorem,thm,yes,82,11,0,11,2,2,0,0,0,
no_iterative_deepening,SET/SET716^4.p,TH0,Theorem,timeout,na,2127,3179,62,3179,440,100,0,1,0,
no_iterative_deepening,SET/SET724^4.p,TH0,Theorem,timeout,na,2066,2012,46,2012,221,6,0,4,0,
no_iterative_deepening,SET/SET741^4.p,TH0,Theorem,timeout,na,2074,2733,126,2733,254,24,0,1,0,
no_iterative_deepening,SET/SET747^4.p,TH0,Theorem,thm,yes,101,193,6,193,26,0,0,2,1,
no_iterative_deepening,SET/SET752^4.p,TH0,Theorem,timeout,na,2123,4094,191,4094,193,117,0,0,0,
no_iterative_deepening,SET/SET753^4.p,TH0,Theorem,unk,na,66,34,1,34,4,0,0,0,0,
no_iterative_deepening,SET/SET764^4.p,TH0,Theorem,thm,yes,36,14,0,14,2,2,0,0,0,
no_iterative_deepening,SET/SET907^7.p,TH0,Theorem,timeout,na,2159,1948,118,1948,126,0,0,0,0,
no_iterative_deepening,SET/SET908^7.p,TH0,Theorem,timeout,na,2168,529,39,529,24,0,0,0,0,
no_iterative_deepening,SET/SET914^7.p,TH0,Theorem,timeout,na,2165,1696,106,1696,108,0,0,0,0,
no_iterative_deepening,SET/SET916^7.p,TH0,Theorem,timeout,na,2196,409,22,409,31,0,0,0,0,
no_iterative_deepening,SET/SET924^1.p,TH0,Theorem,thm,yes,49,1,0,1,1,1,0,0,0,
no_iterative_deepening,SET/SET925^7.p,TH0,Theorem,thm,yes,112,1,0,1,1,1,0,0,0,
no_iterative_deepening,SET/SET926^11.p,TH0,Theorem,timeout,na,2112,2300,109,2300,146,0,0,0,0,
no_iterative_deepening,SET/SET926^12.p,TH0,Theorem,timeout,na,2108,2220,105,2220,145,0,0,0,0,
no_iterative_deepening,SET/SET926^20.p,TH0,Theorem,timeout,na,2115,2320,105,2320,154,0,0,0,0,
no_iterative_deepening,SET/SET926^7.p,TH0,Theorem,timeout,na,2166,2254,106,2254,140,0,0,0,0,
no_iterative_deepening,SET/SET926^8.p,TH0,Theorem,timeout,na,2132,2147,77,2147,151,0,0,0,0,
no_iterative_deepening,SEU/SEU452^1.p,TH0,Theorem,timeout,na,2052,1025,38,1025,169,13,0,1,0,
no_iterative_deepening,SEU/SEU453^1.p,TH0,Theorem,thm,yes,66,5,0,5,1,1,0,0,0,
no_iterative_deepening,SEU/SEU454^1.p,TH0,Theorem,thm,yes,58,3,0,3,1,1,0,0,0,
no_iterative_deepening,SEU/SEU455^1.p,TH0,Theorem,thm,yes,56,5,0,5,1,1,0,0,0,
no_iterative_deepening,SEU/SEU456^1.p,TH0,Theorem,thm,yes,75,15,1,15,2,0,0,1,1,
no_iterative_deepening,SEU/SEU457^1.p,TH0,Theorem,thm,yes,58,5,0,5,1,1,0,0,0,
no_iterative_deepening,SEU/SEU458^1.p,TH0,Theorem,thm,yes,58,3,0,3,1,1,0,0,0,
no_iterative_deepening,SEU/SEU459^1.p,TH0,Theorem,thm,yes,56,5,0,5,1,1,0,0,0,
no_iterative_deepening,SEU/SEU460^1.p,TH0,Theorem,unk,na,91,31,0,31,4,1,0,0,0,
no_iterative_deepening,SEU/SEU461^1.p,TH0,Theorem,timeout,na,2107,907,34,907,107,0,0,1,0,
no_iterative_deepening,SEU/SEU462^1.p,TH0,Theorem,timeout,na,2158,965,47,965,109,0,0,1,0,
no_iterative_deepening,SEU/SEU463^1.p,TH0,Theorem,timeout,na,2124,1089,43,1089,173,0,0,1,0,
no_iterative_deepening,SEU/SEU464^1.p,TH0,Theorem,timeout,na,2101,1264,42,1264,155,0,0,1,0,
no_iterative_deepening,SEU/SEU465^1.p,TH0,Theorem,thm,yes,63,5,0,5,1,1,0,0,0,
no_iterative_deepening,SEU/SEU466^1.p,TH0,Theorem,timeout,na,2099,1312,29,1312,125,1,0,0,0,
no_iterative_deepening,SEU/SEU467^1.p,TH0,Theorem,thm,yes,109,21,1,21,2,0,0,1,1,
no_iterative_deepening,SEU/SEU468^1.p,TH0,Theorem,timeout,na,2078,1240,67,1240,115,0,0,1,0,
no_iterative_deepening,SEU/SEU469^1.p,TH0,Theorem,timeout,na,2098,1004,50,1004,63,14,0,1,0,
no_iterative_deepening,SEU/SEU470^1.p,TH0,CounterSatisfiable,timeout,na,2178,859,22,859,203,3,0,0,0,
no_iterative_deepening,SEU/SEU471^1.p,TH0,CounterSatisfiable,timeout,na,2109,1098,30,1098,149,10,0,0,0,
no_iterative_deepening,SEU/SEU472^1.p,TH0,Theorem,thm,yes,161,33,2,33,3,0,0,1,1,
no_iterative_deepening,SEU/SEU473^1.p,TH0,Theorem,timeout,na,2107,1406,43,1406,194,1,0,0,0,
no_iterative_deepening,SEU/SEU474^1.p,TH0,Theorem,thm,yes,91,37,0,37,4,8,0,0,0,
no_iterative_deepening,SEU/SEU475^1.p,TH0,Theorem,timeout,na,2082,481,21,481,49,3,0,0,0,
no_iterative_deepening,SEU/SEU476^1.p,TH0,Theorem,timeout,na,2148,1573,36,1573,191,15,0,0,0,
no_iterative_deepening,SEU/SEU477^1.p,TH0,Theorem,timeout,na,2131,2116,28,2116,297,58,0,1,0,
no_iterative_deepening,SEU/SEU478^1.p,TH0,Theorem,timeout,na,2142,2192,60,2192,301,0,0,4,0,
no_iterative_deepening,SEU/SEU479^1.p,TH0,Theorem,timeout,na,2099,1347,74,1347,120,0,0,3,0,
no_iterative_deepening,SEU/SEU480^1.p,TH0,Theorem,timeout,na,2152,2307,45,2307,383,0,0,3,0,
no_iterative_deepening,SEU/SEU481^1.p,TH0,Theorem,timeout,na,2073,826,50,826,49,0,0,2,0,
no_iterative_deepening,SEU/SEU482^1.p,TH0,Theorem,timeout,na,2104,1573,85,1573,116,1,0,1,0,
no_iterative_deepening,SEU/SEU483^1.p,TH0,Theorem,timeout,na,2139,1969,32,1969,321,0,0,2,0,
no_iterative_deepening,SEU/SEU484^1.p,TH0,Theorem,timeout,na,2129,2362,65,2362,324,0,0,3,0,
no_iterative_deepening,SEU/SEU485^1.p,TH0,Theorem,timeout,na,2096,982,52,982,129,8,0,0,0,
no_iterative_deepening,SEU/SEU486^1.p,TH0,Theorem,timeout,na,2161,1774,53,1774,251,24,0,0,0,
no_iterative_deepening,SEU/SEU487^1.p,TH0,Theorem,timeout,na,2086,367,17,367,55,3,0,0,0,
no_iterative_deepening,SEU/SEU488^1.p,TH0,Theorem,timeout,na,2149,966,37,966,152,17,0,0,0,
no_iterative_deepening,SEU/SEU489^1.p,TH0,CounterSatisfiable,timeout,na,2115,1209,60,1209,162,9,0,0,0,
no_iterative_deepening,SEU/SEU490^1.p,TH0,Theorem,timeout,na,2102,966,36,966,156,2,0,0,0,
no_iterative_deepening,SEU/SEU491^1.p,TH0,Theorem,timeout,na,2115,1295,36,1295,197,10,0,1,0,
no_iterative_deepening,SEU/SEU492^1.p,TH0,Theorem,timeout,na,2273,7009,297,7009,1316,168,0,1,0,
no_iterative_deepening,SEU/SEU493^1.p,TH0,Theorem,timeout,na,2248,4432,145,4432,1026,140,0,2,0,
no_iterative_deepening,SEU/SEU494^1.p,TH0,Theorem,timeout,na,2386,6707,200,6707,1848,110,0,2,0,
no_iterative_deepening,SEU/SEU495^1.p,TH0,Theorem,thm,yes,75,38,1,38,4,2,0,1,1,
no_iterative_deepening,SEU/SEU496^1.p,TH0,Theorem,timeout,na,2078,473,14,473,70,0,0,0,0,
no_iterative_deepening,SEU/SEU497^1.p,TH0,Theorem,timeout,na,2367,4147,26,4147,1484,31,0,1,0,
no_iterative_deepening,SEU/SEU498^1.p,TH0,Theorem,timeout,na,2257,4839,103,4839,224,127,0,0,0,
no_iterative_deepening,SEU/SEU499^1.p,TH0,Theorem,thm,yes,334,90,7,90,4,1,0,1,1,
no_iterative_deepening,SEU/SEU499^2.p,TH0,Theorem,timeout,na,2072,3128,175,3128,239,10,0,1,0,
no_iterative_deepening,SEU/SEU500^1.p,TH0,Theorem,timeout,na,2133,2307,90,2306,221,1,0,1,0,
no_iterative_deepening,SEU/SEU500^2.p,TH0,Theorem,thm,yes,26,17,0,16,2,1,0,1,1,
no_iterative_deepening,SEU/SEU501^1.p,TH0,Theorem,thm,yes,149,43,4,43,1,0,0,1,1,
no_iterative_deepening,SEU/SEU501^2.p,TH0,Theorem,thm,yes,6,9,0,9,1,0,0,1,1,
no_iterative_deepening,SEU/SEU502^1.p,TH0,Theorem,thm,yes,88,6,0,6,1,1,0,0,0,
no_iterative_deepening,SEU/SEU502^2.p,TH0,Theorem,thm,yes,6,9,0,9,2,1,0,1,1,
no_iterative_deepening,SEU/SEU503^1.p,TH0,Theorem,thm,yes,95,6,0,6,1,1,0,0,0,
no_iterative_deepening,SEU/SEU503^2.p,TH0,Theorem,thm,yes,6,11,0,11,2,1,0,1,1,
no_iterative_deepening,SEU/SEU504^1.p,TH0,Theorem,thm,yes,198,50,5,50,1,0,0,1,1,
no_iterative_deepening,SEU/SEU504^2.p,TH0,Theorem,thm,yes,14,12,1,12,1,0,0,1,1,
no_iterative_deepening,SEU/SEU505^1.p,TH0,Theorem,timeout,na,2097,1725,103,1725,108,0,0,1,0,
no_iterative_deepening,SEU/SEU505^2.p,TH0,Theorem,timeout,na,2186,5573,77,5573,205,287,0,0,0,
no_iterative_deepening,SEU/SEU506^1.p,TH0,Theorem,timeout,na,2120,1606,52,1606,172,16,0,1,0,
no_iterative_deepening,SEU/SEU506^2.p,TH0,Theorem,timeout,na,2235,5976,101,5976,157,214,0,0,0,
no_iterative_deepening,SEU/SEU507^1.p,TH0,Theorem,timeout,na,2125,1586,52,1585,165,16,0,2,0,
no_iterative_deepening,SEU/SEU508^1.p,TH0,Theorem,timeout,na,2109,1389,58,1389,90,32,0,1,0,
no_iterative_deepening,SEU/SEU508^2.p,TH0,Theorem,timeout,na,2063,1931,112,1929,189,8,0,1,0,
no_iterative_deepening,SEU/SEU509^1.p,TH0,Theorem,timeout,na,2106,1334,63,1334,87,16,0,1,0,
no_iterative_deepening,SEU/SEU509^2.p,TH0,Theorem,timeout,na,2214,6616,104,6616,242,267,0,0,0,
no_iterative_deepening,SEU/SEU510^1.p,TH0,Theorem,timeout,na,2091,1630,131,1630,48,0,0,2,0,
no_iterative_deepening,SEU/SEU510^2.p,TH0,Theorem,timeout,na,2056,2559,180,2559,109,3,0,2,0,
no_iterative_deepening,SEU/SEU511^1.p,TH0,Theorem,timeout,na,2097,1326,95,1326,57,0,0,2,0,
no_iterative_deepening,SEU/SEU511^2.p,TH0,Theorem,thm,yes,61,40,2,40,3,2,0,2,1,
no_iterative_deepening,SEU/SEU512^1.p,TH0,Theorem,timeout,na,2109,984,39,984,71,16,0,2,0,
no_iterative_deepening,SEU/SEU512^2.p,TH0,Theorem,timeout,na,2078,3111,51,3111,124,62,0,0,0,
no_iterative_deepening,SEU/SEU513^1.p,TH0,Theorem,thm,yes,699,113,11,113,1,0,0,1,1,
no_iterative_deepening,SEU/SEU513^2.p,TH0,Theorem,thm,yes,5,6,0,6,1,0,0,1,1,
no_iterative_deepening,SEU/SEU514^1.p,TH0,Theorem,timeout,na,2107,1206,53,1206,80,16,0,2,0,
no_iterative_deepening,SEU/SEU514^2.p,TH0,Theorem,thm,yes,84,49,1,49,4,2,0,1,1,
no_iterative_deepening,SEU/SEU515^1.p,TH0,Theorem,timeout,na,2112,1154,60,1154,64,16,0,1,0,
no_iterative_deepening,SEU/SEU515^2.p,TH0,Theorem,unk,na,85,79,1,79,8,4,0,0,0,
no_iterative_deepening,SEU/SEU516^1.p,TH0,Theorem,timeout,na,2101,1071,59,1071,50,15,0,1,0,
no_iterative_deepening,SEU/SEU516^2.p,TH0,Theorem,timeout,na,2112,3058,69,3058,179,161,0,0,0,
no_iterative_deepening,SEU/SEU517^1.p,TH0,Theorem,timeout,na,2090,675,35,675,29,13,0,1,0,
no_iterative_deepening,SEU/SEU517^2.p,TH0,Theorem,timeout,na,2140,3028,75,3028,173,1,0,0,0,
no_iterative_deepening,SEU/SEU518^1.p,TH0,Theorem,timeout,na,2104,1198,81,1198,59,2,0,1,0,
no_iterative_deepening,SEU/SEU518^2.p,TH0,Theorem,timeout,na,2120,4202,91,4202,821,17,0,1,0,
no_iterative_deepening,SEU/SEU519^1.p,TH0,Theorem,timeout,na,2077,421,28,421,22,0,0,1,0,
no_iterative_deepening,SEU/SEU519^2.p,TH0,Theorem,thm,yes,29,25,0,25,3,1,0,1,1,
no_iterative_deepening,SEU/SEU520^1.p,TH0,Theorem,thm,yes,1772,75,7,75,1,1,0,0,0,
no_iterative_deepening,SEU/SEU521^1.p,TH0,Theorem,timeout,na,2106,1025,60,1025,38,15,0,1,0,
no_iterative_deepening,SEU/SEU521^2.p,TH0,Theorem,thm,yes,41,24,1,24,3,0,0,1,1,
no_iterative_deepening,SEU/SEU522^1.p,TH0,Theorem,timeout,na,2119,880,50,880,40,15,0,1,0,
no_iterative_deepening,SEU/SEU522^2.p,TH0,Theorem,unk,na,46,27,1,27,3,1,0,0,0,
no_iterative_deepening,SEU/SEU523^1.p,TH0,Theorem,timeout,na,2114,887,49,887,35,16,0,2,0,
no_iterative_deepening,SEU/SEU523^2.p,TH0,Theorem,thm,yes,58,37,1,37,4,1,0,1,1,
no_iterative_deepening,SEU/SEU524^1.p,TH0,Theorem,timeout,na,2120,834,45,834,38,16,0,2,0,
no_iterative_deepening,SEU/SEU524^2.p,TH0,Theorem,timeout,na,2102,4038,160,4038,472,6,0,4,0,
no_iterative_deepening,SEU/SEU525^1.p,TH0,Theorem,timeout,na,2119,976,62,976,60,1,0,1,0,
no_iterative_deepening,SEU/SEU525^2.p,TH0,Theorem,timeout,na,2096,3627,107,3627,471,66,0,1,0,
no_iterative_deepening,SEU/SEU526^1.p,TH0,Theorem,timeout,na,2115,856,51,856,35,14,0,1,0,
no_iterative_deepening,SEU/SEU526^2.p,TH0,Theorem,timeout,na,2183,6160,148,6160,240,133,0,0,0,
no_iterative_deepening,SEU/SEU527^1.p,TH0,Theorem,timeout,na,2100,672,46,672,29,2,0,1,0,
no_iterative_deepening,SEU/SEU527^2.p,TH0,Theorem,timeout,na,2220,4895,34,4895,239,4,0,0,0,
no_iterative_deepening,SEU/SEU528^1.p,TH0,Theorem,timeout,na,2102,606,41,606,26,2,0,1,0,
no_iterative_deepening,SEU/SEU528^2.p,TH0,Theorem,thm,yes,103,163,0,163,19,16,0,1,1,
no_iterative_deepening,SEU/SEU529^1.p,TH0,Theorem,thm,yes,1742,164,16,164,1,0,0,1,1,
no_iterative_deepening,SEU/SEU529^2.p,TH0,Theorem,thm,yes,11,9,0,9,1,0,0,1,1,
no_iterative_deepening,SEU/SEU530^1.p,TH0,Theorem,timeout,na,2105,517,38,517,21,1,0,1,0,
no_iterative_deepening,SEU/SEU530^2.p,TH0,Theorem,timeout,na,2056,2318,72,2318,289,53,0,4,0,
no_iterative_deepening,SEU/SEU531^1.p,TH0,Theorem,timeout,na,2106,396,27,396,19,0,0,1,0,
no_iterative_deepening,SEU/SEU531^2.p,TH0,Theorem,timeout,na,2220,5030,34,5030,235,4,0,0,0,
no_iterative_deepening,SEU/SEU532^1.p,TH0,Theorem,timeout,na,2087,13,1,13,1,0,0,0,0,
no_iterative_deepening,SEU/SEU532^2.p,TH0,Theorem,thm,yes,8,9,0,9,1,0,0,1,1,
no_iterative_deepening,SEU/SEU533^1.p,TH0,Theorem,timeout,na,2093,10,1,10,1,0,0,0,0,
no_iterative_deepening,SEU/SEU533^2.p,TH0,Theorem,thm,yes,18,18,1,18,2,0,0,1,1,
no_iterative_deepening,SEU/SEU534^1.p,TH0,Theorem,timeout,na,2098,120,12,120,1,0,0,0,0,
no_iterative_deepening,SEU/SEU534^2.p,TH0,Theorem,thm,yes,43,33,1,33,3,1,0,3,1,
no_iterative_deepening,SEU/SEU535^1.p,TH0,Theorem,timeout,na,2096,90,9,90,1,0,0,0,0,
no_iterative_deepening,SEU/SEU535^2.p,TH0,Theorem,thm,yes,10,13,0,13,2,1,0,1,1,
no_iterative_deepening,SEU/SEU536^1.p,TH0,Theorem,timeout,na,2099,70,7,70,1,0,0,0,0,
no_iterative_deepening,SEU/SEU536^2.p,TH0,Theorem,thm,yes,15,12,0,12,2,0,0,1,1,
no_iterative_deepening,SEU/SEU537^1.p,TH0,Theorem,timeout,na,2101,61,6,61,1,0,0,0,0,
no_iterative_deepening,SEU/SEU537^2.p,TH0,Theorem,thm,yes,15,11,0,11,2,0,0,1,1,
no_iterative_deepening,SEU/SEU538^1.p,TH0,Theorem,timeout,na,2105,55,5,55,1,0,0,0,0,
no_iterative_deepening,SEU/SEU538^2.p,TH0,Theorem,thm,yes,15,11,0,11,2,0,0,1,1,
no_iterative_deepening,SEU/SEU539^1.p,TH0,Theorem,timeout,na,2108,49,4,49,1,0,0,0,0,
no_iterative_deepening,SEU/SEU539^2.p,TH0,Theorem,thm,yes,16,12,0,12,2,0,0,1,1,
no_iterative_deepening,SEU/SEU540^1.p,TH0,Theorem,timeout,na,2109,43,4,43,1,0,0,0,0,
no_iterative_deepening,SEU/SEU540^2.p,TH0,Theorem,timeout,na,2065,2704,168,2703,238,1,0,2,0,
no_iterative_deepening,SEU/SEU541^1.p,TH0,Theorem,timeout,na,2114,41,4,41,1,0,0,0,0,
no_iterative_deepening,SEU/SEU541^2.p,TH0,Theorem,thm,yes,8,12,0,11,2,2,0,0,0,
no_iterative_deepening,SEU/SEU542^1.p,TH0,Theorem,timeout,na,2114,41,4,41,1,0,0,0,0,
no_iterative_deepening,SEU/SEU543^1.p,TH0,Theorem,timeout,na,2116,39,3,39,1,0,0,0,0,
no_iterative_deepening,SEU/SEU544^1.p,TH0,Theorem,timeout,na,2118,36,3,36,1,0,0,0,0,
no_iterative_deepening,SEU/SEU544^2.p,TH0,Theorem,thm,yes,23,22,0,22,4,1,0,1,1,
no_iterative_deepening,SEU/SEU545^1.p,TH0,Theorem,timeout,na,2120,34,3,34,1,0,0,0,0,
no_iterative_deepening,SEU/SEU545^2.p,TH0,Theorem,timeout,na,2136,4924,136,4924,230,212,0,0,0,
no_iterative_deepening,SEU/SEU546^1.p,TH0,Theorem,timeout,na,2122,30,3,30,1,0,0,0,0,
no_iterative_deepening,SEU/SEU546^2.p,TH0,Theorem,timeout,na,2068,3803,202,3803,292,49,0,1,0,
no_iterative_deepening,SEU/SEU547^1.p,TH0,Theorem,thm,yes,1368,23,2,23,1,1,0,0,0,
no_iterative_deepening,SEU/SEU547^2.p,TH0,Theorem,thm,yes,20,9,0,9,1,1,0,0,0,
no_iterative_deepening,SEU/SEU548^1.p,TH0,Theorem,thm,yes,1625,35,1,35,2,2,0,0,0,
no_iterative_deepening,SEU/SEU548^2.p,TH0,Theorem,thm,yes,39,16,0,16,2,2,0,0,0,
no_iterative_deepening,SEU/SEU549^1.p,TH0,Theorem,timeout,na,2129,34,3,34,1,0,0,0,0,
no_iterative_deepening,SEU/SEU549^2.p,TH0,Theorem,unk,na,27,39,1,39,5,1,0,0,0,
no_iterative_deepening,SEU/SEU550^1.p,TH0,Theorem,timeout,na,2134,25,2,25,1,0,0,0,0,
no_iterative_deepening,SEU/SEU550^2.p,TH0,Theorem,timeout,na,2062,3682,189,3682,161,86,0,0,0,
no_iterative_deepening,SEU/SEU551^1.p,TH0,Theorem,timeout,na,2096,21,2,21,1,0,0,0,0,
no_iterative_deepening,SEU/SEU551^2.p,TH0,Theorem,thm,yes,1,1,0,1,1,1,0,0,0,
no_iterative_deepening,SEU/SEU551^3.p,TH0,Theorem,thm,yes,1,2,0,2,1,1,0,0,0,
no_iterative_deepening,SEU/SEU552^1.p,TH0,Theorem,timeout,na,2145,26,2,26,1,0,0,0,0,
no_iterative_deepening,SEU/SEU552^2.p,TH0,Theorem,thm,yes,26,17,1,17,1,1,0,0,0,
no_iterative_deepening,SEU/SEU553^1.p,TH0,Theorem,timeout,na,2142,21,2,21,1,0,0,0,0,
no_iterative_deepening,SEU/SEU553^2.p,TH0,Theorem,thm,yes,12,10,0,10,1,1,0,0,0,
no_iterative_deepening,SEU/SEU554^1.p,TH0,Theorem,timeout,na,2145,21,2,21,1,0,0,0,0,
no_iterative_deepening,SEU/SEU555^1.p,TH0,Theorem,timeout,na,2098,19,1,19,1,0,0,0,0,
no_iterative_deepening,SEU/SEU556^1.p,TH0,Theorem,timeout,na,2149,28,2,28,1,0,0,0,0,
no_iterative_deepening,SEU/SEU557^1.p,TH0,Theorem,timeout,na,2161,29,2,29,1,0,0,0,0,
no_iterative_deepening,SEU/SEU557^2.p,TH0,Theorem,timeout,na,2040,2261,138,2261,147,0,0,1,0,
no_iterative_deepening,SEU/SEU558^1.p,TH0,Theorem,timeout,na,2173,20,2,20,1,0,0,0,0,
no_iterative_deepening,SEU/SEU558^2.p,TH0,Theorem,timeout,na,2125,2733,102,2733,441,20,0,1,0,
no_iterative_deepening,SEU/SEU559^1.p,TH0,Theorem,timeout,na,2174,22,2,22,1,0,0,0,0,
no_iterative_deepening,SEU/SEU559^2.p,TH0,Theorem,thm,yes,18,13,0,13,2,0,0,1,1,
no_iterative_deepening,SEU/SEU560^1.p,TH0,Theorem,thm,yes,1356,13,1,13,1,1,0,0,0,
no_iterative_deepening,SEU/SEU560^2.p,TH0,Theorem,thm,yes,10,8,0,8,1,1,0,0,0,
no_iterative_deepening,SEU/SEU561^1.p,TH0,Theorem,thm,yes,1390,13,1,13,1,1,0,0,0,
no_iterative_deepening,SEU/SEU561^2.p,TH0,Theorem,thm,yes,10,8,0,8,1,1,0,0,0,
no_iterative_deepening,SEU/SEU562^1.p,TH0,Theorem,timeout,na,2181,19,1,19,1,0,0,0,0,
no_iterative_deepening,SEU/SEU562^2.p,TH0,Theorem,thm,yes,22,18,1,18,2,0,0,1,1,
no_iterative_deepening,SEU/SEU563^1.p,TH0,Theorem,timeout,na,2180,2,0,2,1,0,0,0,0,
no_iterative_deepening,SEU/SEU563^2.p,TH0,Theorem,thm,yes,13,12,1,12,1,0,0,1,1,
no_iterative_deepening,SEU/SEU564^1.p,TH0,Theorem,timeout,na,2191,19,1,19,1,0,0,0,0,
no_iterative_deepening,SEU/SEU564^2.p,TH0,Theorem,thm,yes,18,13,0,13,2,0,0,1,1,
no_iterative_deepening,SEU/SEU565^1.p,TH0,Theorem,timeout,na,2191,19,1,19,1,0,0,0,0,
no_iterative_deepening,SEU/SEU565^2.p,TH0,Theorem,thm,yes,31,21,1,21,3,0,0,1,1,
no_iterative_deepening,SEU/SEU566^1.p,TH0,Theorem,timeout,na,2197,19,1,19,1,0,0,0,0,
no_iterative_deepening,SEU/SEU566^2.p,TH0,Theorem,thm,yes,28,22,1,22,3,0,0,1,1,
no_iterative_deepening,SEU/SEU567^1.p,TH0,Theorem,timeout,na,2189,13,1,13,1,0,0,0,0,
no_iterative_deepening,SEU/SEU567^2.p,TH0,Theorem,thm,yes,22,17,0,17,2,0,0,1,1,
no_iterative_deepening,SEU/SEU568^1.p,TH0,Theorem,thm,yes,2001,15,1,15,1,1,0,0,0,
no_iterative_deepening,SEU/SEU568^2.p,TH0,Theorem,thm,yes,18,10,0,10,1,1,0,0,0,
no_iterative_deepening,SEU/SEU569^1.p,TH0,Theorem,timeout,na,2204,0,0,0,1,0,0,0,0,
no_iterative_deepening,SEU/SEU569^2.p,TH0,Theorem,thm,yes,16,17,0,17,3,0,0,1,1,
no_iterative_deepening,SEU/SEU570^1.p,TH0,Theorem,timeout,na,2212,17,1,17,1,0,0,0,0,
no_iterative_deepening,SEU/SEU570^2.p,TH0,Theorem,timeout,na,2295,5987,37,5987,1721,64,0,4,0,
no_iterative_deepening,SEU/SEU571^1.p,TH0,Theorem,timeout,na,2211,0,0,0,1,0,0,0,0,
no_iterative_deepening,SEU/SEU571^2.p,TH0,Theorem,thm,yes,29,28,1,28,4,0,0,2,1,
no_iterative_deepening,SEU/SEU572^1.p,TH0,Theorem,timeout,na,2222,13,1,13,1,0,0,0,0,
no_iterative_deepening,SEU/SEU572^2.p,TH0,Theorem,thm,yes,62,68,3,68,7,0,0,3,1,
no_iterative_deepening,SEU/SEU573^1.p,TH0,Theorem,timeout,na,2230,12,1,12,1,0,0,0,0,
no_iterative_deepening,SEU/SEU573^2.p,TH0,Theorem,timeout,na,2161,4865,101,4865,957,28,0,4,0,
no_iterative_deepening,SEU/SEU574^1.p,TH0,Theorem,timeout,na,2218,13,1,13,1,0,0,0,0,
no_iterative_deepening,SEU/SEU574^2.p,TH0,Theorem,timeout,na,2131,4818,126,4818,211,75,0,0,0,
no_iterative_deepening,SEU/SEU575^1.p,TH0,Theorem,timeout,na,2221,10,1,10,1,0,0,0,0,
no_iterative_deepening,SEU/SEU575^2.p,TH0,Theorem,timeout,na,2095,4195,91,4195,170,135,0,0,0,
no_iterative_deepening,SEU/SEU576^1.p,TH0,Theorem,timeout,na,2243,12,1,12,1,0,0,0,0,
no_iterative_deepening,SEU/SEU576^2.p,TH0,Theorem,timeout,na,2192,5200,76,5200,1137,20,0,4,0,
no_iterative_deepening,SEU/SEU577^1.p,TH0,Theorem,timeout,na,2232,12,1,12,1,0,0,0,0,
no_iterative_deepening,SEU/SEU577^2.p,TH0,Theorem,timeout,na,2209,5229,92,5229,1295,18,0,4,0,
no_iterative_deepening,SEU/SEU578^1.p,TH0,Theorem,timeout,na,2239,0,0,0,1,0,0,0,0,
no_iterative_deepening,SEU/SEU578^2.p,TH0,Theorem,thm,yes,13,15,1,15,2,0,0,1,1,
no_iterative_deepening,SEU/SEU579^1.p,TH0,Theorem,timeout,na,2248,12,1,12,1,0,0,0,0,
no_iterative_deepening,SEU/SEU579^2.p,TH0,Theorem,timeout,na,2158,4691,127,4691,724,0,0,2,0,
no_iterative_deepening,SEU/SEU580^1.p,TH0,Theorem,timeout,na,2257,0,0,0,1,0,0,0,0,
no_iterative_deepening,SEU/SEU580^2.p,TH0,Theorem,thm,yes,46,54,1,54,7,0,0,3,1,
no_iterative_deepening,SEU/SEU581^1.p,TH0,Theorem,timeout,na,2269,0,0,0,1,0,0,0,0,
no_iterative_deepening,SEU/SEU581^2.p,TH0,Theorem,thm,yes,18,16,1,16,2,0,0,1,1,
no_iterative_deepening,SEU/SEU582^1.p,TH0,Theorem,timeout,na,2273,8,0,8,1,0,0,0,0,
no_iterative_deepening,SEU/SEU582^2.p,TH0,Theorem,thm,yes,30,26,1,26,3,0,0,1,1,
no_iterative_deepening,SEU/SEU583^1.p,TH0,Theorem,timeout,na,2279,2,0,2,1,0,0,0,0,
no_iterative_deepening,SEU/SEU584^1.p,TH0,Theorem,timeout,na,2282,8,0,8,1,0,0,0,0,
no_iterative_deepening,SEU/SEU584^2.p,TH0,Theorem,thm,yes,33,27,1,27,3,0,0,1,1,
no_iterative_deepening,SEU/SEU585^1.p,TH0,Theorem,timeout,na,2282,8,0,8,1,0,0,0,0,
no_iterative_deepening,SEU/SEU585^2.p,TH0,Theorem,timeout,na,2140,3843,126,3843,258,18,0,0,0,
no_iterative_deepening,SEU/SEU586^1.p,TH0,Theorem,timeout,na,2280,8,0,8,1,0,0,0,0,
no_iterative_deepening,SEU/SEU586^2.p,TH0,Theorem,thm,yes,44,29,1,29,3,0,0,2,1,
no_iterative_deepening,SEU/SEU587^1.p,TH0,Theorem,timeout,na,2295,0,0,0,1,0,0,0,0,
no_iterative_deepening,SEU/SEU587^2.p,TH0,Theorem,thm,yes,29,29,1,29,4,0,0,2,1,
no_iterative_deepening,SEU/SEU588^1.p,TH0,Theorem,timeout,na,2302,0,0,0,1,0,0,0,0,
no_iterative_deepening,SEU/SEU588^2.p,TH0,Theorem,thm,yes,35,43,1,44,6,0,0,3,1,
no_iterative_deepening,SEU/SEU589^1.p,TH0,Theorem,timeout,na,2306,8,0,8,1,0,0,0,0,
no_iterative_deepening,SEU/SEU589^2.p,TH0,Theorem,unk,na,41,22,1,22,3,0,0,2,0,
no_iterative_deepening,SEU/SEU590^1.p,TH0,Theorem,timeout,na,2310,5,0,5,1,0,0,0,0,
no_iterative_deepening,SEU/SEU590^2.p,TH0,Theorem,timeout,na,2210,4713,35,4713,1255,50,0,3,0,
no_iterative_deepening,SEU/SEU591^1.p,TH0,Theorem,timeout,na,2308,5,0,5,1,0,0,0,0,
no_iterative_deepening,SEU/SEU591^2.p,TH0,Theorem,thm,yes,26,17,1,17,2,0,0,1,1,
no_iterative_deepening,SEU/SEU592^1.p,TH0,Theorem,timeout,na,2314,0,0,0,1,0,0,0,0,
no_iterative_deepening,SEU/SEU592^2.p,TH0,Theorem,thm,yes,42,48,1,48,7,0,0,3,1,
no_iterative_deepening,SEU/SEU593^1.p,TH0,Theorem,timeout,na,2329,5,0,5,1,0,0,0,0,
no_iterative_deepening,SEU/SEU593^2.p,TH0,Theorem,timeout,na,2221,4803,85,4803,227,70,0,0,0,
no_iterative_deepening,SEU/SEU594^1.p,TH0,Theorem,timeout,na,2317,5,0,5,1,0,0,0,0,
no_iterative_deepening,SEU/SEU594^2.p,TH0,Theorem,timeout,na,2138,3873,43,3873,879,25,0,1,0,
no_iterative_deepening,SEU/SEU595^1.p,TH0,Theorem,timeout,na,2329,5,0,5,1,0,0,0,0,
no_iterative_deepening,SEU/SEU595^2.p,TH0,Theorem,thm,yes,33,17,1,17,2,0,0,1,1,
no_iterative_deepening,SEU/SEU596^1.p,TH0,Theorem,timeout,na,2344,5,0,5,1,0,0,0,0,
no_iterative_deepening,SEU/SEU596^2.p,TH0,Theorem,timeout,na,2177,6189,90,6189,296,104,0,0,0,
no_iterative_deepening,SEU/SEU597^1.p,TH0,Theorem,timeout,na,2340,0,0,0,1,0,0,0,0,
no_iterative_deepening,SEU/SEU597^2.p,TH0,Theorem,thm,yes,974,2460,11,2460,601,14,0,3,1,
no_iterative_deepening,SEU/SEU598^1.p,TH0,Theorem,timeout,na,2354,5,0,5,1,0,0,0,0,
no_iterative_deepening,SEU/SEU598^2.p,TH0,Theorem,timeout,na,2245,5774,82,5774,226,11,0,0,0,
no_iterative_deepening,SEU/SEU599^1.p,TH0,Theorem,timeout,na,2360,5,0,5,1,0,0,0,0,
no_iterative_deepening,SEU/SEU599^2.p,TH0,Theorem,timeout,na,2181,4341,45,4341,1109,28,0,1,0,
no_iterative_deepening,SEU/SEU600^1.p,TH0,Theorem,timeout,na,2357,0,0,0,1,0,0,0,0,
no_iterative_deepening,SEU/SEU600^2.p,TH0,Theorem,timeout,na,2257,5526,150,5526,237,0,0,0,0,
no_iterative_deepening,SEU/SEU601^1.p,TH0,Theorem,timeout,na,2356,5,0,5,1,0,0,0,0,
no_iterative_deepening,SEU/SEU601^2.p,TH0,Theorem,thm,yes,58,28,1,28,3,0,0,3,1,
no_iterative_deepening,SEU/SEU602^1.p,TH0,Theorem,timeout,na,2389,5,0,5,1,0,0,0,0,
no_iterative_deepening,SEU/SEU602^2.p,TH0,Theorem,thm,yes,28,18,1,18,2,0,0,1,1,
no_iterative_deepening,SEU/SEU603^1.p,TH0,Theorem,timeout,na,2388,5,0,5,1,0,0,0,0,
no_iterative_deepening,SEU/SEU603^2.p,TH0,Theorem,thm,yes,36,17,1,17,2,0,0,1,1,
no_iterative_deepening,SEU/SEU604^1.p,TH0,Theorem,timeout,na,2396,5,0,5,1,0,0,0,0,
no_iterative_deepening,SEU/SEU604^2.p,TH0,Theorem,timeout,na,2225,5626,87,5626,211,5,0,0,0,
no_iterative_deepening,SEU/SEU605^1.p,TH0,Theorem,timeout,na,2393,2,0,2,1,0,0,0,0,
no_iterative_deepening,SEU/SEU605^2.p,TH0,Theorem,thm,yes,34,27,1,27,3,2,0,3,1,
no_iterative_deepening,SEU/SEU606^1.p,TH0,Theorem,timeout,na,2407,2,0,2,1,0,0,0,0,
no_iterative_deepening,SEU/SEU606^2.p,TH0,Theorem,thm,yes,43,29,1,29,3,2,0,3,1,
no_iterative_deepening,SEU/SEU607^1.p,TH0,Theorem,timeout,na,2408,2,0,2,1,0,0,0,0,
no_iterative_deepening,SEU/SEU607^2.p,TH0,Theorem,thm,yes,25,16,1,16,2,0,0,1,1,
no_iterative_deepening,SEU/SEU608^1.p,TH0,Theorem,timeout,na,2417,2,0,2,1,0,0,0,0,
no_iterative_deepening,SEU/SEU608^2.p,TH0,Theorem,thm,yes,22,14,1,14,2,0,0,1,1,
no_iterative_deepening,SEU/SEU609^1.p,TH0,Theorem,timeout,na,2423,0,0,0,1,0,0,0,0,
no_iterative_deepening,SEU/SEU609^2.p,TH0,Theorem,thm,yes,39,52,1,52,8,0,0,3,1,
no_iterative_deepening,SEU/SEU610^1.p,TH0,Theorem,timeout,na,2438,2,0,2,1,0,0,0,0,
no_iterative_deepening,SEU/SEU610^2.p,TH0,Theorem,timeout,na,2132,4170,112,4170,597,124,0,1,0,
no_iterative_deepening,SEU/SEU611^1.p,TH0,Theorem,timeout,na,2435,2,0,2,1,0,0,0,0,
no_iterative_deepening,SEU/SEU611^2.p,TH0,Theorem,timeout,na,2078,2537,137,2537,276,49,0,1,0,
no_iterative_deepening,SEU/SEU612^1.p,TH0,Theorem,timeout,na,2447,2,0,2,1,0,0,0,0,
no_iterative_deepening,SEU/SEU612^2.p,TH0,Theorem,timeout,na,2084,1658,66,1658,262,22,0,2,0,
no_iterative_deepening,SEU/SEU613^1.p,TH0,Theorem,timeout,na,2458,2,0,2,1,0,0,0,0,
no_iterative_deepening,SEU/SEU613^2.p,TH0,Theorem,timeout,na,2033,2211,170,2211,115,0,0,3,0,
no_iterative_deepening,SEU/SEU614^1.p,TH0,Theorem,timeout,na,2469,2,0,2,1,0,0,0,0,
no_iterative_deepening,SEU/SEU614^2.p,TH0,Theorem,thm,yes,52,27,1,27,4,0,0,1,1,
no_iterative_deepening,SEU/SEU615^1.p,TH0,Theorem,timeout,na,2466,2,0,2,1,0,0,0,0,
no_iterative_deepening,SEU/SEU615^2.p,TH0,Theorem,thm,yes,1020,1037,25,1037,167,6,0,2,1,
no_iterative_deepening,SEU/SEU616^1.p,TH0,Theorem,timeout,na,2485,0,0,0,1,0,0,0,0,
no_iterative_deepening,SEU/SEU617^1.p,TH0,Theorem,timeout,na,2510,0,0,0,1,0,0,0,0,
no_iterative_deepening,SEU/SEU617^2.p,TH0,Theorem,timeout,na,2201,4050,55,4050,1171,115,0,3,0,
no_iterative_deepening,SEU/SEU618^1.p,TH0,Theorem,timeout,na,2499,0,0,0,1,0,0,0,0,
no_iterative_deepening,SEU/SEU618^2.p,TH0,Theorem,unk,na,40,33,1,33,3,0,0,2,0,
no_iterative_deepening,SEU/SEU619^1.p,TH0,Theorem,timeout,na,2504,0,0,0,1,0,0,0,0,
no_iterative_deepening,SEU/SEU619^2.p,TH0,Theorem,unk,na,43,24,1,24,3,0,0,0,0,
no_iterative_deepening,SEU/SEU620^1.p,TH0,Theorem,timeout,na,2507,0,0,0,1,0,0,0,0,
no_iterative_deepening,SEU/SEU620^2.p,TH0,Theorem,timeout,na,2047,1133,9,1133,132,20,0,0,0,
no_iterative_deepening,SEU/SEU621^1.p,TH0,Theorem,timeout,na,2541,2,0,2,1,0,0,0,0,
no_iterative_deepening,SEU/SEU621^2.p,TH0,Theorem,timeout,na,2153,4317,120,4317,840,4,0,2,0,
no_iterative_deepening,SEU/SEU622^1.p,TH0,Theorem,timeout,na,2545,2,0,2,1,0,0,0,0,
no_iterative_deepening,SEU/SEU622^2.p,TH0,Theorem,thm,yes,26,25,1,25,4,0,0,1,1,
no_iterative_deepening,SEU/SEU623^1.p,TH0,Theorem,timeout,na,2568,2,0,2,1,0,0,0,0,
no_iterative_deepening,SEU/SEU623^2.p,TH0,Theorem,timeout,na,2236,5542,147,5542,1492,18,0,2,0,
no_iterative_deepening,SEU/SEU624^1.p,TH0,Theorem,timeout,na,2548,2,0,2,1,0,0,0,0,
no_iterative_deepening,SEU/SEU625^1.p,TH0,Theorem,timeout,na,2588,2,0,2,1,0,0,0,0,
no_iterative_deepening,SEU/SEU625^2.p,TH0,Theorem,timeout,na,2263,4678,38,4678,1211,144,0,2,0,
no_iterative_deepening,SEU/SEU626^1.p,TH0,Theorem,timeout,na,2592,2,0,2,1,0,0,0,0,
no_iterative_deepening,SEU/SEU626^2.p,TH0,Theorem,timeout,na,2160,4071,63,4071,916,28,0,2,0,
no_iterative_deepening,SEU/SEU627^1.p,TH0,Theorem,timeout,na,2603,2,0,2,1,0,0,0,0,
no_iterative_deepening,SEU/SEU627^2.p,TH0,Theorem,timeout,na,2234,4265,24,4265,1154,0,0,3,0,
no_iterative_deepening,SEU/SEU628^1.p,TH0,Theorem,timeout,na,2619,2,0,2,1,0,0,0,0,
no_iterative_deepening,SEU/SEU628^2.p,TH0,Theorem,timeout,na,2132,2994,33,2994,636,20,0,1,0,
no_iterative_deepening,SEU/SEU629^1.p,TH0,Theorem,timeout,na,2615,2,0,2,1,0,0,0,0,
no_iterative_deepening,SEU/SEU629^2.p,TH0,Theorem,thm,yes,73,38,1,38,4,0,0,3,1,
no_iterative_deepening,SEU/SEU630^1.p,TH0,Theorem,timeout,na,2632,2,0,2,1,0,0,0,0,
no_iterative_deepening,SEU/SEU630^2.p,TH0,Theorem,timeout,na,2075,1524,59,1524,263,0,0,3,0,
no_iterative_deepening,SEU/SEU631^1.p,TH0,Theorem,timeout,na,2630,2,0,2,1,0,0,0,0,
no_iterative_deepening,SEU/SEU631^2.p,TH0,Theorem,unk,na,68,25,1,25,5,0,0,0,0,
no_iterative_deepening,SEU/SEU632^1.p,TH0,Theorem,timeout,na,2622,2,0,2,1,0,0,0,0,
no_iterative_deepening,SEU/SEU632^2.p,TH0,Theorem,timeout,na,2068,2178,74,2178,223,0,0,0,0,
no_iterative_deepening,SEU/SEU633^1.p,TH0,Theorem,timeout,na,2621,2,0,2,1,0,0,0,0,
no_iterative_deepening,SEU/SEU633^2.p,TH0,Theorem,timeout,na,2126,3718,64,3718,655,131,0,2,0,
no_iterative_deepening,SEU/SEU634^1.p,TH0,Theorem,timeout,na,2648,0,0,0,1,0,0,0,0,
no_iterative_deepening,SEU/SEU634^2.p,TH0,Theorem,timeout,na,2132,4558,102,4558,687,0,0,1,0,
no_iterative_deepening,SEU/SEU635^1.p,TH0,Theorem,timeout,na,2656,0,0,0,1,0,0,0,0,
no_iterative_deepening,SEU/SEU635^2.p,TH0,Theorem,thm,yes,53,69,1,69,9,0,0,3,1,
no_iterative_deepening,SEU/SEU636^1.p,TH0,Theorem,timeout,na,2652,0,0,0,1,0,0,0,0,
no_iterative_deepening,SEU/SEU636^2.p,TH0,Theorem,timeout,na,2103,2866,33,2866,238,29,0,0,0,
no_iterative_deepening,SEU/SEU637^1.p,TH0,Theorem,timeout,na,2679,0,0,0,1,0,0,0,0,
no_iterative_deepening,SEU/SEU637^2.p,TH0,Theorem,timeout,na,2117,2195,64,2195,212,0,0,0,0,
no_iterative_deepening,SEU/SEU638^1.p,TH0,Theorem,timeout,na,2675,0,0,0,1,0,0,0,0,
no_iterative_deepening,SEU/SEU638^2.p,TH0,Theorem,timeout,na,2055,2122,149,2122,142,0,0,1,0,
no_iterative_deepening,SEU/SEU639^1.p,TH0,Theorem,timeout,na,2691,0,0,0,1,0,0,0,0,
no_iterative_deepening,SEU/SEU639^2.p,TH0,Theorem,timeout,na,2108,2178,54,2178,219,0,0,0,0,
no_iterative_deepening,SEU/SEU640^1.p,TH0,Theorem,timeout,na,2712,0,0,0,1,0,0,0,0,
no_iterative_deepening,SEU/SEU640^2.p,TH0,Theorem,timeout,na,2038,1086,49,1086,115,16,0,0,0,
no_iterative_deepening,SEU/SEU641^1.p,TH0,Theorem,timeout,na,2716,0,0,0,1,0,0,0,0,
no_iterative_deepening,SEU/SEU641^2.p,TH0,Theorem,timeout,na,2060,2767,148,2767,197,4,0,1,0,
no_iterative_deepening,SEU/SEU642^1.p,TH0,Theorem,timeout,na,2716,0,0,0,1,0,0,0,0,
no_iterative_deepening,SEU/SEU642^2.p,TH0,Theorem,timeout,na,2102,2688,48,2688,207,67,0,0,0,
no_iterative_deepening,SEU/SEU643^1.p,TH0,Theorem,timeout,na,2797,0,0,0,1,0,0,0,0,
no_iterative_deepening,SEU/SEU643^2.p,TH0,Theorem,timeout,na,2045,1122,60,1122,109,2,0,0,0,
no_iterative_deepening,SEU/SEU644^1.p,TH0,Theorem,timeout,na,2742,0,0,0,1,0,0,0,0,
no_iterative_deepening,SEU/SEU644^2.p,TH0,Theorem,timeout,na,2065,2593,100,2593,304,3,0,1,0,
no_iterative_deepening,SEU/SEU645^1.p,TH0,Theorem,timeout,na,2748,0,0,0,1,0,0,0,0,
no_iterative_deepening,SEU/SEU645^2.p,TH0,Theorem,timeout,na,2058,1375,49,1375,188,6,0,1,0,
no_iterative_deepening,SEU/SEU646^1.p,TH0,Theorem,timeout,na,2771,0,0,0,1,0,0,0,0,
no_iterative_deepening,SEU/SEU646^2.p,TH0,Theorem,timeout,na,2066,2210,92,2210,164,0,0,0,0,
no_iterative_deepening,SEU/SEU647^1.p,TH0,Theorem,timeout,na,2761,0,0,0,1,0,0,0,0,
no_iterative_deepening,SEU/SEU647^2.p,TH0,Theorem,timeout,na,2029,1035,45,1035,76,8,0,1,0,
no_iterative_deepening,SEU/SEU648^1.p,TH0,Theorem,timeout,na,2773,0,0,0,1,0,0,0,0,
no_iterative_deepening,SEU/SEU648^2.p,TH0,Theorem,timeout,na,2009,182,5,182,13,10,0,1,0,
no_iterative_deepening,SEU/SEU649^1.p,TH0,Theorem,timeout,na,2784,0,0,0,1,0,0,0,0,
no_iterative_deepening,SEU/SEU649^2.p,TH0,Theorem,timeout,na,2111,3349,110,3349,199,22,0,0,0,
no_iterative_deepening,SEU/SEU650^1.p,TH0,Theorem,timeout,na,2782,0,0,0,1,0,0,0,0,
no_iterative_deepening,SEU/SEU650^2.p,TH0,Theorem,unk,na,53,74,2,74,6,2,0,0,0,
no_iterative_deepening,SEU/SEU651^1.p,TH0,Theorem,timeout,na,2814,0,0,0,1,0,0,0,0,
no_iterative_deepening,SEU/SEU651^2.p,TH0,Theorem,timeout,na,2077,2599,67,2599,319,15,0,1,0,
no_iterative_deepening,SEU/SEU652^1.p,TH0,Theorem,timeout,na,2812,0,0,0,1,0,0,0,0,
no_iterative_deepening,SEU/SEU652^2.p,TH0,Theorem,unk,na,48,74,1,74,5,2,0,0,0,
no_iterative_deepening,SEU/SEU653^1.p,TH0,Theorem,timeout,na,2833,0,0,0,1,0,0,0,0,
no_iterative_deepening,SEU/SEU653^2.p,TH0,Theorem,timeout,na,2094,3506,135,3506,230,63,0,0,0,
no_iterative_deepening,SEU/SEU654^1.p,TH0,Theorem,timeout,na,2833,0,0,0,1,0,0,0,0,
no_iterative_deepening,SEU/SEU654^2.p,TH0,Theorem,timeout,na,2009,182,4,182,13,10,0,1,0,
no_iterative_deepening,SEU/SEU655^1.p,TH0,Theorem,timeout,na,2918,0,0,0,1,0,0,0,0,
no_iterative_deepening,SEU/SEU655^2.p,TH0,Theorem,timeout,na,2062,1205,45,1204,166,11,0,0,0,
no_iterative_deepening,SEU/SEU656^1.p,TH0,Theorem,timeout,na,2865,0,0,0,1,0,0,0,0,
no_iterative_deepening,SEU/SEU656^2.p,TH0,Theorem,timeout,na,2048,1404,94,1404,108,0,0,1,0,
no_iterative_deepening,SEU/SEU657^1.p,TH0,Theorem,timeout,na,2904,0,0,0,1,0,0,0,0,
no_iterative_deepening,SEU/SEU657^2.p,TH0,Theorem,timeout,na,2029,862,37,862,76,9,0,1,0,
no_iterative_deepening,SEU/SEU658^1.p,TH0,Theorem,timeout,na,2907,0,0,0,1,0,0,0,0,
no_iterative_deepening,SEU/SEU658^2.p,TH0,Theorem,timeout,na,2105,3098,109,3098,173,0,0,0,0,
no_iterative_deepening,SEU/SEU659^1.p,TH0,Theorem,timeout,na,2916,0,0,0,1,0,0,0,0,
no_iterative_deepening,SEU/SEU659^2.p,TH0,Theorem,timeout,na,2089,3035,116,3035,208,0,0,0,0,
no_iterative_deepening,SEU/SEU660^1.p,TH0,Theorem,timeout,na,2926,0,0,0,1,0,0,0,0,
no_iterative_deepening,SEU/SEU660^2.p,TH0,Theorem,timeout,na,2098,3226,104,3226,213,0,0,0,0,
no_iterative_deepening,SEU/SEU661^1.p,TH0,Theorem,timeout,na,2916,0,0,0,1,0,0,0,0,
no_iterative_deepening,SEU/SEU661^2.p,TH0,Theorem,thm,yes,16,8,0,8,1,1,0,0,0,
no_iterative_deepening,SEU/SEU662^1.p,TH0,Theorem,timeout,na,2973,0,0,0,1,0,0,0,0,
no_iterative_deepening,SEU/SEU662^2.p,TH0,Theorem,timeout,na,2443,6634,3,6634,188,381,0,0,0,
no_iterative_deepening,SEU/SEU663^1.p,TH0,Theorem,timeout,na,2959,0,0,0,1,0,0,0,0,
no_iterative_deepening,SEU/SEU663^2.p,TH0,Theorem,timeout,na,2395,6295,3,6295,191,313,0,0,0,
no_iterative_deepening,SEU/SEU664^1.p,TH0,Theorem,timeout,na,3010,0,0,0,1,0,0,0,0,
no_iterative_deepening,SEU/SEU664^2.p,TH0,Theorem,timeout,na,2101,3309,126,3309,208,0,0,0,0,
no_iterative_deepening,SEU/SEU665^1.p,TH0,Theorem,timeout,na,3026,0,0,0,1,0,0,0,0,
no_iterative_deepening,SEU/SEU665^2.p,TH0,Theorem,timeout,na,2078,2015,89,2015,278,0,0,2,0,
no_iterative_deepening,SEU/SEU666^1.p,TH0,Theorem,timeout,na,3019,0,0,0,1,0,0,0,0,
no_iterative_deepening,SEU/SEU666^2.p,TH0,Theorem,timeout,na,2122,3633,35,3633,725,0,0,3,0,
no_iterative_deepening,SEU/SEU667^1.p,TH0,Theorem,timeout,na,3027,0,0,0,1,0,0,0,0,
no_iterative_deepening,SEU/SEU667^2.p,TH0,Theorem,unk,na,80,20,2,20,1,0,0,0,0,
no_iterative_deepening,SEU/SEU668^1.p,TH0,Theorem,timeout,na,3064,0,0,0,1,0,0,0,0,
no_iterative_deepening,SEU/SEU668^2.p,TH0,Theorem,timeout,na,2090,1760,44,1718,267,43,0,1,0,
no_iterative_deepening,SEU/SEU669^1.p,TH0,Theorem,timeout,na,3074,0,0,0,1,0,0,0,0,
no_iterative_deepening,SEU/SEU669^2.p,TH0,Theorem,timeout,na,2112,2096,55,2096,411,34,0,1,0,
no_iterative_deepening,SEU/SEU670^1.p,TH0,Theorem,timeout,na,3084,0,0,0,1,0,0,0,0,
no_iterative_deepening,SEU/SEU670^2.p,TH0,Theorem,timeout,na,2094,2013,58,2013,377,7,0,1,0,
no_iterative_deepening,SEU/SEU671^1.p,TH0,Theorem,timeout,na,3110,0,0,0,1,0,0,0,0,
no_iterative_deepening,SEU/SEU671^2.p,TH0,Theorem,timeout,na,2055,1236,34,1236,178,6,0,1,0,
no_iterative_deepening,SEU/SEU672^1.p,TH0,Theorem,timeout,na,3145,0,0,0,1,0,0,0,0,
no_iterative_deepening,SEU/SEU672^2.p,TH0,Theorem,timeout,na,2035,1381,63,1381,97,7,0,2,0,
no_iterative_deepening,SEU/SEU673^1.p,TH0,Theorem,timeout,na,3154,0,0,0,1,0,0,0,0,
no_iterative_deepening,SEU/SEU673^2.p,TH0,Theorem,timeout,na,2140,3325,88,3325,666,28,0,1,0,
no_iterative_deepening,SEU/SEU674^1.p,TH0,Theorem,timeout,na,3141,0,0,0,1,0,0,0,0,
no_iterative_deepening,SEU/SEU674^2.p,TH0,Theorem,timeout,na,2098,1886,27,1886,428,5,0,1,0,
no_iterative_deepening,SEU/SEU675^1.p,TH0,Theorem,timeout,na,3145,0,0,0,1,0,0,0,0,
no_iterative_deepening,SEU/SEU675^2.p,TH0,Theorem,timeout,na,2052,1245,40,1245,169,4,0,1,0,
no_iterative_deepening,SEU/SEU676^1.p,TH0,Theorem,timeout,na,3173,0,0,0,1,0,0,0,0,
no_iterative_deepening,SEU/SEU676^2.p,TH0,Theorem,timeout,na,2062,1092,27,1092,170,3,0,1,0,
no_iterative_deepening,SEU/SEU677^1.p,TH0,Theorem,timeout,na,3168,0,0,0,1,0,0,0,0,
no_iterative_deepening,SEU/SEU677^2.p,TH0,Theorem,timeout,na,2063,1508,53,1508,285,2,0,1,0,
no_iterative_deepening,SEU/SEU678^1.p,TH0,Theorem,timeout,na,3224,0,0,0,1,0,0,0,0,
no_iterative_deepening,SEU/SEU678^2.p,TH0,Theorem,timeout,na,2051,494,30,494,24,4,0,0,0,
no_iterative_deepening,SEU/SEU679^1.p,TH0,Theorem,timeout,na,3223,0,0,0,1,0,0,0,0,
no_iterative_deepening,SEU/SEU679^2.p,TH0,Theorem,timeout,na,2082,671,3,671,152,0,0,0,0,
no_iterative_deepening,SEU/SEU680^1.p,TH0,Theorem,timeout,na,3216,0,0,0,1,0,0,0,0,
no_iterative_deepening,SEU/SEU680^2.p,TH0,Theorem,timeout,na,2075,804,10,804,149,0,0,1,0,
no_iterative_deepening,SEU/SEU681^1.p,TH0,Theorem,timeout,na,3242,0,0,0,1,0,0,0,0,
no_iterative_deepening,SEU/SEU681^2.p,TH0,Theorem,timeout,na,2143,3789,74,3789,248,44,0,0,0,
no_iterative_deepening,SEU/SEU682^1.p,TH0,Theorem,timeout,na,3241,0,0,0,1,0,0,0,0,
no_iterative_deepening,SEU/SEU682^2.p,TH0,Theorem,timeout,na,2053,1115,28,1115,154,0,0,0,0,
no_iterative_deepening,SEU/SEU683^1.p,TH0,Theorem,timeout,na,3249,0,0,0,1,0,0,0,0,
no_iterative_deepening,SEU/SEU683^2.p,TH0,Theorem,timeout,na,2064,1855,105,1855,193,4,0,1,0,
no_iterative_deepening,SEU/SEU684^1.p,TH0,Theorem,timeout,na,3322,0,0,0,1,0,0,0,0,
no_iterative_deepening,SEU/SEU684^2.p,TH0,Theorem,timeout,na,2058,1043,37,1043,132,19,0,1,0,
no_iterative_deepening,SEU/SEU685^1.p,TH0,Theorem,timeout,na,3327,0,0,0,1,0,0,0,0,
no_iterative_deepening,SEU/SEU685^2.p,TH0,Theorem,timeout,na,2068,1570,33,1570,236,2,0,1,0,
no_iterative_deepening,SEU/SEU686^1.p,TH0,Theorem,timeout,na,3359,0,0,0,1,0,0,0,0,
no_iterative_deepening,SEU/SEU686^2.p,TH0,Theorem,timeout,na,2056,1050,44,1050,115,12,0,0,0,
no_iterative_deepening,SEU/SEU687^1.p,TH0,Theorem,timeout,na,3372,0,0,0,1,0,0,0,0,
no_iterative_deepening,SEU/SEU687^2.p,TH0,Theorem,timeout,na,2085,2007,63,2007,176,56,0,0,0,
no_iterative_deepening,SEU/SEU688^1.p,TH0,Theorem,timeout,na,3405,0,0,0,1,0,0,0,0,
no_iterative_deepening,SEU/SEU688^2.p,TH0,Theorem,timeout,na,2078,1511,29,1511,193,2,0,0,0,
no_iterative_deepening,SEU/SEU689^1.p,TH0,Theorem,timeout,na,3397,0,0,0,1,0,0,0,0,
no_iterative_deepening,SEU/SEU689^2.p,TH0,Theorem,timeout,na,2101,1022,22,1022,151,0,0,2,0,
no_iterative_deepening,SEU/SEU690^1.p,TH0,Theorem,timeout,na,3407,0,0,0,1,0,0,0,0,
no_iterative_deepening,SEU/SEU690^2.p,TH0,Theorem,timeout,na,2140,2817,29,2817,258,0,0,0,0,
no_iterative_deepening,SEU/SEU691^1.p,TH0,Theorem,timeout,na,3412,0,0,0,1,0,0,0,0,
no_iterative_deepening,SEU/SEU691^2.p,TH0,Theorem,timeout,na,2081,1871,49,1871,212,0,0,0,0,
no_iterative_deepening,SEU/SEU692^1.p,TH0,Theorem,timeout,na,3421,0,0,0,1,0,0,0,0,
no_iterative_deepening,SEU/SEU692^2.p,TH0,Theorem,timeout,na,2117,2705,37,2705,258,4,0,0,0,
no_iterative_deepening,SEU/SEU693^1.p,TH0,Theorem,timeout,na,3435,0,0,0,1,0,0,0,0,
no_iterative_deepening,SEU/SEU693^2.p,TH0,Theorem,thm,yes,26,8,0,8,1,1,0,0,0,
no_iterative_deepening,SEU/SEU694^1.p,TH0,Theorem,timeout,na,3475,0,0,0,1,0,0,0,0,
no_iterative_deepening,SEU/SEU694^2.p,TH0,Theorem,thm,yes,23,8,0,8,1,1,0,0,0,
no_iterative_deepening,SEU/SEU695^1.p,TH0,Theorem,timeout,na,3527,0,0,0,1,0,0,0,0,
no_iterative_deepening,SEU/SEU695^2.p,TH0,Theorem,timeout,na,2068,647,20,647,88,12,0,0,0,
no_iterative_deepening,SEU/SEU696^1.p,TH0,Theorem,timeout,na,3526,0,0,0,1,0,0,0,0,
no_iterative_deepening,SEU/SEU696^2.p,TH0,Theorem,timeout,na,2086,719,14,719,108,0,0,0,0,
no_iterative_deepening,SEU/SEU697^1.p,TH0,Theorem,timeout,na,3491,0,0,0,1,0,0,0,0,
no_iterative_deepening,SEU/SEU697^2.p,TH0,Theorem,thm,yes,20,5,0,5,1,1,0,0,0,
no_iterative_deepening,SEU/SEU698^1.p,TH0,Theorem,timeout,na,3527,0,0,0,1,0,0,0,0,
no_iterative_deepening,SEU/SEU699^1.p,TH0,Theorem,timeout,na,3579,0,0,0,1,0,0,0,0,
no_iterative_deepening,SEU/SEU699^2.p,TH0,Theorem,timeout,na,2081,637,18,637,119,0,0,0,0,
no_iterative_deepening,SEU/SEU700^1.p,TH0,Theorem,timeout,na,3533,0,0,0,1,0,0,0,0,
no_iterative_deepening,SEU/SEU700^2.p,TH0,Theorem,timeout,na,2083,1415,66,1398,193,1,0,5,0,
no_iterative_deepening,SEU/SEU701^1.p,TH0,Theorem,timeout,na,3588,0,0,0,1,0,0,0,0,
no_iterative_deepening,SEU/SEU701^2.p,TH0,Theorem,timeout,na,2120,2341,49,2341,392,46,0,1,0,
no_iterative_deepening,SEU/SEU702^1.p,TH0,Theorem,timeout,na,3541,0,0,0,1,0,0,0,0,
no_iterative_deepening,SEU/SEU702^2.p,TH0,Theorem,timeout,na,2090,1439,44,1414,185,33,0,5,0,
no_iterative_deepening,SEU/SEU703^1.p,TH0,Theorem,timeout,na,3617,0,0,0,1,0,0,0,0,
no_iterative_deepening,SEU/SEU703^2.p,TH0,Theorem,timeout,na,2141,2817,43,2817,493,80,0,1,0,
no_iterative_deepening,SEU/SEU704^1.p,TH0,Theorem,timeout,na,3640,0,0,0,1,0,0,0,0,
no_iterative_deepening,SEU/SEU704^2.p,TH0,Theorem,timeout,na,2406,4481,39,4480,222,350,0,0,0,
no_iterative_deepening,SEU/SEU705^1.p,TH0,Theorem,timeout,na,3612,0,0,0,1,0,0,0,0,
no_iterative_deepening,SEU/SEU705^2.p,TH0,Theorem,timeout,na,2134,2982,33,2973,549,28,0,1,0,
no_iterative_deepening,SEU/SEU706^1.p,TH0,Theorem,timeout,na,3672,0,0,0,1,0,0,0,0,
no_iterative_deepening,SEU/SEU706^2.p,TH0,Theorem,timeout,na,2129,2970,70,2970,230,53,0,0,0,
no_iterative_deepening,SEU/SEU707^1.p,TH0,Theorem,timeout,na,3652,0,0,0,1,0,0,0,0,
no_iterative_deepening,SEU/SEU707^2.p,TH0,Theorem,timeout,na,2238,4372,58,4372,197,52,0,0,0,
no_iterative_deepening,SEU/SEU708^1.p,TH0,Theorem,timeout,na,3677,0,0,0,1,0,0,0,0,
no_iterative_deepening,SEU/SEU708^2.p,TH0,Theorem,timeout,na,2299,4494,38,4494,173,234,0,0,0,
no_iterative_deepening,SEU/SEU709^1.p,TH0,Theorem,timeout,na,3756,0,0,0,1,0,0,0,0,
no_iterative_deepening,SEU/SEU709^2.p,TH0,Theorem,timeout,na,2294,3874,58,3873,154,82,0,0,0,
no_iterative_deepening,SEU/SEU710^1.p,TH0,Theorem,timeout,na,3727,0,0,0,1,0,0,0,0,
no_iterative_deepening,SEU/SEU711^1.p,TH0,Theorem,timeout,na,3838,0,0,0,1,0,0,0,0,
no_iterative_deepening,SEU/SEU711^2.p,TH0,Theorem,timeout,na,2119,3785,164,3785,483,0,0,4,0,
no_iterative_deepening,SEU/SEU712^1.p,TH0,Theorem,timeout,na,3725,0,0,0,1,0,0,0,0,
no_iterative_deepening,SEU/SEU712^2.p,TH0,Theorem,timeout,na,2132,4284,156,4284,599,0,0,3,0,
no_iterative_deepening,SEU/SEU713^1.p,TH0,Theorem,timeout,na,3794,0,0,0,1,0,0,0,0,
no_iterative_deepening,SEU/SEU713^2.p,TH0,Theorem,timeout,na,2138,4385,169,4385,611,0,0,3,0,
no_iterative_deepening,SEU/SEU714^1.p,TH0,Theorem,timeout,na,3822,0,0,0,1,0,0,0,0,
no_iterative_deepening,SEU/SEU714^2.p,TH0,Theorem,thm,yes,40,35,1,35,5,0,0,2,1,
no_iterative_deepening,SEU/SEU715^1.p,TH0,Theorem,timeout,na,3826,0,0,0,1,0,0,0,0,
no_iterative_deepening,SEU/SEU715^2.p,TH0,Theorem,timeout,na,2145,4487,125,4488,243,20,0,0,0,
no_iterative_deepening,SEU/SEU716^1.p,TH0,Theorem,timeout,na,3883,0,0,0,1,0,0,0,0,
no_iterative_deepening,SEU/SEU716^2.p,TH0,Theorem,timeout,na,2168,4524,101,4524,1001,12,0,2,0,
no_iterative_deepening,SEU/SEU717^1.p,TH0,Theorem,timeout,na,3834,0,0,0,1,0,0,0,0,
no_iterative_deepening,SEU/SEU717^2.p,TH0,Theorem,timeout,na,2118,3009,33,3009,716,8,0,1,0,
no_iterative_deepening,SEU/SEU718^1.p,TH0,Theorem,timeout,na,3859,0,0,0,1,0,0,0,0,
no_iterative_deepening,SEU/SEU718^2.p,TH0,Theorem,thm,yes,146,238,6,238,42,0,0,1,1,
no_iterative_deepening,SEU/SEU719^1.p,TH0,Theorem,timeout,na,3934,0,0,0,1,0,0,0,0,
no_iterative_deepening,SEU/SEU719^2.p,TH0,Theorem,thm,yes,41,19,1,19,2,0,0,1,1,
no_iterative_deepening,SEU/SEU720^1.p,TH0,Theorem,timeout,na,3929,0,0,0,1,0,0,0,0,
no_iterative_deepening,SEU/SEU720^2.p,TH0,Theorem,thm,yes,68,43,3,43,3,0,0,3,1,
no_iterative_deepening,SEU/SEU721^1.p,TH0,Theorem,timeout,na,3965,0,0,0,1,0,0,0,0,
no_iterative_deepening,SEU/SEU721^2.p,TH0,Theorem,thm,yes,56,23,1,23,2,0,0,1,1,
no_iterative_deepening,SEU/SEU722^1.p,TH0,Theorem,timeout,na,3985,0,0,0,1,0,0,0,0,
no_iterative_deepening,SEU/SEU722^2.p,TH0,Theorem,thm,yes,53,21,1,21,2,0,0,1,1,
no_iterative_deepening,SEU/SEU723^1.p,TH0,Theorem,timeout,na,4050,0,0,0,1,0,0,0,0,
no_iterative_deepening,SEU/SEU723^2.p,TH0,Theorem,timeout,na,2268,5711,149,5711,1602,51,0,1,0,
no_iterative_deepening,SEU/SEU724^1.p,TH0,Theorem,timeout,na,4016,0,0,0,1,0,0,0,0,
no_iterative_deepening,SEU/SEU724^2.p,TH0,Theorem,thm,yes,66,28,2,28,3,0,0,1,1,
no_iterative_deepening,SEU/SEU725^1.p,TH0,Theorem,timeout,na,4071,0,0,0,1,0,0,0,0,
no_iterative_deepening,SEU/SEU725^2.p,TH0,Theorem,timeout,na,2177,3376,63,3376,837,0,0,1,0,
no_iterative_deepening,SEU/SEU726^1.p,TH0,Theorem,timeout,na,4101,0,0,0,1,0,0,0,0,
no_iterative_deepening,SEU/SEU726^2.p,TH0,Theorem,timeout,na,2120,3012,78,3012,475,0,0,4,0,
no_iterative_deepening,SEU/SEU727^1.p,TH0,Theorem,timeout,na,4068,0,0,0,1,0,0,0,0,
no_iterative_deepening,SEU/SEU727^2.p,TH0,Theorem,timeout,na,2303,5268,83,5268,1675,0,0,2,0,
no_iterative_deepening,SEU/SEU728^1.p,TH0,Theorem,timeout,na,4123,0,0,0,1,0,0,0,0,
no_iterative_deepening,SEU/SEU728^2.p,TH0,Theorem,timeout,na,2329,5559,67,5559,1845,24,0,3,0,
no_iterative_deepening,SEU/SEU729^1.p,TH0,Theorem,timeout,na,4141,0,0,0,1,0,0,0,0,
no_iterative_deepening,SEU/SEU729^2.p,TH0,Theorem,timeout,na,2110,3156,64,3156,221,0,0,0,0,
no_iterative_deepening,SEU/SEU730^1.p,TH0,Theorem,timeout,na,4171,0,0,0,1,0,0,0,0,
no_iterative_deepening,SEU/SEU730^2.p,TH0,Theorem,timeout,na,2101,3258,61,3258,209,0,0,0,0,
no_iterative_deepening,SEU/SEU731^1.p,TH0,Theorem,timeout,na,4164,0,0,0,1,0,0,0,0,
no_iterative_deepening,SEU/SEU731^2.p,TH0,Theorem,timeout,na,2074,2162,59,2162,196,0,0,0,0,
no_iterative_deepening,SEU/SEU732^1.p,TH0,Theorem,timeout,na,4227,0,0,0,1,0,0,0,0,
no_iterative_deepening,SEU/SEU732^2.p,TH0,Theorem,timeout,na,2094,3008,120,3008,411,31,0,3,0,
no_iterative_deepening,SEU/SEU733^1.p,TH0,Theorem,timeout,na,4244,0,0,0,1,0,0,0,0,
no_iterative_deepening,SEU/SEU733^2.p,TH0,Theorem,timeout,na,2097,2830,137,2830,350,0,0,3,0,
no_iterative_deepening,SEU/SEU734^1.p,TH0,Theorem,timeout,na,4359,0,0,0,1,0,0,0,0,
no_iterative_deepening,SEU/SEU734^2.p,TH0,Theorem,timeout,na,2141,3484,71,3484,193,0,0,0,0,
no_iterative_deepening,SEU/SEU735^1.p,TH0,Theorem,timeout,na,4331,0,0,0,1,0,0,0,0,
no_iterative_deepening,SEU/SEU735^2.p,TH0,Theorem,timeout,na,2178,4356,14,4356,1267,24,0,3,0,
no_iterative_deepening,SEU/SEU736^1.p,TH0,Theorem,timeout,na,4333,0,0,0,1,0,0,0,0,
no_iterative_deepening,SEU/SEU736^2.p,TH0,Theorem,timeout,na,2090,2273,90,2273,318,8,0,3,0,
no_iterative_deepening,SEU/SEU737^1.p,TH0,Theorem,timeout,na,4330,0,0,0,1,0,0,0,0,
no_iterative_deepening,SEU/SEU737^2.p,TH0,Theorem,timeout,na,2095,2607,53,2607,194,0,0,0,0,
no_iterative_deepening,SEU/SEU738^1.p,TH0,Theorem,timeout,na,4348,0,0,0,1,0,0,0,0,
no_iterative_deepening,SEU/SEU738^2.p,TH0,Theorem,thm,yes,53,23,1,23,2,0,0,1,1,
no_iterative_deepening,SEU/SEU739^1.p,TH0,Theorem,timeout,na,4414,0,0,0,1,0,0,0,0,
no_iterative_deepening,SEU/SEU739^2.p,TH0,Theorem,thm,yes,54,23,1,23,2,0,0,1,1,
no_iterative_deepening,SEU/SEU740^1.p,TH0,Theorem,timeout,na,4417,0,0,0,1,0,0,0,0,
no_iterative_deepening,SEU/SEU740^2.p,TH0,Theorem,thm,yes,885,2048,39,2048,549,15,0,2,1,
no_iterative_deepening,SEU/SEU741^1.p,TH0,Theorem,timeout,na,4416,0,0,0,1,0,0,0,0,
no_iterative_deepening,SEU/SEU741^2.p,TH0,Theorem,timeout,na,2399,6425,151,6425,1852,48,0,2,0,
no_iterative_deepening,SEU/SEU742^1.p,TH0,Theorem,timeout,na,4473,0,0,0,1,0,0,0,0,
no_iterative_deepening,SEU/SEU742^2.p,TH0,Theorem,timeout,na,2061,1892,113,1892,134,0,0,2,0,
no_iterative_deepening,SEU/SEU743^1.p,TH0,Theorem,timeout,na,4550,0,0,0,1,0,0,0,0,
no_iterative_deepening,SEU/SEU743^2.p,TH0,Theorem,timeout,na,2211,3397,46,3397,879,0,0,3,0,
no_iterative_deepening,SEU/SEU744^1.p,TH0,Theorem,timeout,na,4543,0,0,0,1,0,0,0,0,
no_iterative_deepening,SEU/SEU744^2.p,TH0,Theorem,timeout,na,2133,3057,74,3057,603,0,0,3,0,
no_iterative_deepening,SEU/SEU745^1.p,TH0,Theorem,timeout,na,4570,0,0,0,1,0,0,0,0,
no_iterative_deepening,SEU/SEU745^2.p,TH0,Theorem,timeout,na,2110,2703,104,2703,440,8,0,3,0,
no_iterative_deepening,SEU/SEU746^1.p,TH0,Theorem,timeout,na,4567,0,0,0,1,0,0,0,0,
no_iterative_deepening,SEU/SEU746^2.p,TH0,Theorem,thm,yes,91,37,2,37,3,0,0,2,1,
no_iterative_deepening,SEU/SEU747^1.p,TH0,Theorem,timeout,na,4616,0,0,0,1,0,0,0,0,
no_iterative_deepening,SEU/SEU747^2.p,TH0,Theorem,thm,yes,126,65,5,65,3,0,0,3,1,
no_iterative_deepening,SEU/SEU748^1.p,TH0,Theorem,timeout,na,4640,0,0,0,1,0,0,0,0,
no_iterative_deepening,SEU/SEU749^1.p,TH0,Theorem,timeout,na,4661,0,0,0,1,0,0,0,0,
no_iterative_deepening,SEU/SEU749^2.p,TH0,Theorem,timeout,na,2140,3437,72,3437,645,0,0,3,0,
no_iterative_deepening,SEU/SEU750^1.p,TH0,Theorem,timeout,na,4706,0,0,0,1,0,0,0,0,
no_iterative_deepening,SEU/SEU750^2.p,TH0,Theorem,timeout,na,2091,3456,226,3456,252,0,0,3,0,
no_iterative_deepening,SEU/SEU751^1.p,TH0,Theorem,timeout,na,4750,0,0,0,1,0,0,0,0,
no_iterative_deepening,SEU/SEU751^2.p,TH0,Theorem,timeout,na,2236,3892,105,3892,799,0,0,1,0,
no_iterative_deepening,SEU/SEU752^1.p,TH0,Theorem,timeout,na,4812,0,0,0,1,0,0,0,0,
no_iterative_deepening,SEU/SEU752^2.p,TH0,Theorem,timeout,na,2094,3151,205,3151,223,0,0,2,0,
no_iterative_deepening,SEU/SEU753^1.p,TH0,Theorem,timeout,na,4851,0,0,0,1,0,0,0,0,
no_iterative_deepening,SEU/SEU753^2.p,TH0,Theorem,timeout,na,2145,2819,85,2819,161,0,0,0,0,
no_iterative_deepening,SEU/SEU754^1.p,TH0,Theorem,timeout,na,4847,0,0,0,1,0,0,0,0,
no_iterative_deepening,SEU/SEU754^2.p,TH0,Theorem,timeout,na,2139,3198,164,3198,397,0,0,2,0,
no_iterative_deepening,SEU/SEU755^1.p,TH0,Theorem,timeout,na,4843,0,0,0,1,0,0,0,0,
no_iterative_deepening,SEU/SEU755^2.p,TH0,Theorem,timeout,na,2074,3009,201,3009,197,0,0,3,0,
no_iterative_deepening,SEU/SEU756^1.p,TH0,Theorem,timeout,na,4956,0,0,0,1,0,0,0,0,
no_iterative_deepening,SEU/SEU756^2.p,TH0,Theorem,timeout,na,2073,3063,209,3063,174,0,0,3,0,
no_iterative_deepening,SEU/SEU757^1.p,TH0,Theorem,timeout,na,4912,0,0,0,1,0,0,0,0,
no_iterative_deepening,SEU/SEU757^2.p,TH0,Theorem,timeout,na,2165,3086,70,3086,181,0,0,0,0,
no_iterative_deepening,SEU/SEU758^1.p,TH0,Theorem,timeout,na,4827,0,0,0,1,0,0,0,0,
no_iterative_deepening,SEU/SEU758^2.p,TH0,Theorem,timeout,na,2255,5763,124,5763,1453,209,0,2,0,
no_iterative_deepening,SEU/SEU759^1.p,TH0,Theorem,timeout,na,4962,0,0,0,1,0,0,0,0,
no_iterative_deepening,SEU/SEU759^2.p,TH0,Theorem,timeout,na,2249,5410,52,5410,1432,40,0,4,0,
no_iterative_deepening,SEU/SEU760^1.p,TH0,Theorem,timeout,na,4969,0,0,0,1,0,0,0,0,
no_iterative_deepening,SEU/SEU760^2.p,TH0,Theorem,timeout,na,2250,5408,70,5408,1399,0,0,4,0,
no_iterative_deepening,SEU/SEU761^1.p,TH0,Theorem,timeout,na,4966,0,0,0,1,0,0,0,0,
no_iterative_deepening,SEU/SEU761^2.p,TH0,Theorem,timeout,na,2240,4788,60,4788,1334,0,0,3,0,
no_iterative_deepening,SEU/SEU762^1.p,TH0,Theorem,timeout,na,5074,0,0,0,1,0,0,0,0,
no_iterative_deepening,SEU/SEU762^2.p,TH0,Theorem,timeout,na,2138,2690,92,2691,186,0,0,0,0,
no_iterative_deepening,SEU/SEU763^1.p,TH0,Theorem,timeout,na,5108,0,0,0,1,0,0,0,0,
no_iterative_deepening,SEU/SEU764^1.p,TH0,Theorem,timeout,na,5211,0,0,0,1,0,0,0,0,
no_iterative_deepening,SEU/SEU764^2.p,TH0,Theorem,timeout,na,2212,3882,28,3882,188,0,0,0,0,
no_iterative_deepening,SEU/SEU765^1.p,TH0,Theorem,timeout,na,5119,0,0,0,1,0,0,0,0,
no_iterative_deepening,SEU/SEU766^1.p,TH0,Theorem,timeout,na,5235,0,0,0,1,0,0,0,0,
no_iterative_deepening,SEU/SEU767^1.p,TH0,Theorem,timeout,na,5191,0,0,0,1,0,0,0,0,
no_iterative_deepening,SEU/SEU768^1.p,TH0,Theorem,timeout,na,5151,0,0,0,1,0,0,0,0,
no_iterative_deepening,SEU/SEU768^2.p,TH0,Theorem,timeout,na,2051,1003,28,1003,169,0,0,0,0,
no_iterative_deepening,SEU/SEU769^1.p,TH0,Theorem,timeout,na,5190,0,0,0,1,0,0,0,0,
no_iterative_deepening,SEU/SEU769^2.p,TH0,Theorem,thm,yes,43,18,1,18,2,0,0,1,1,
no_iterative_deepening,SEU/SEU770^1.p,TH0,Theorem,timeout,na,5393,0,0,0,1,0,0,0,0,
no_iterative_deepening,SEU/SEU770^2.p,TH0,Theorem,timeout,na,2134,2197,79,2197,206,0,0,0,0,
no_iterative_deepening,SEU/SEU771^1.p,TH0,Theorem,timeout,na,5174,0,0,0,1,0,0,0,0,
no_iterative_deepening,SEU/SEU771^2.p,TH0,Theorem,thm,yes,25,11,1,11,1,0,0,1,1,
no_iterative_deepening,SEU/SEU772^1.p,TH0,Theorem,timeout,na,5266,0,0,0,1,0,0,0,0,
no_iterative_deepening,SEU/SEU773^1.p,TH0,Theorem,timeout,na,5353,0,0,0,1,0,0,0,0,
no_iterative_deepening,SEU/SEU773^2.p,TH0,Theorem,timeout,na,2072,1921,39,1921,222,0,0,0,0,
no_iterative_deepening,SEU/SEU774^1.p,TH0,Theorem,timeout,na,5466,0,0,0,1,0,0,0,0,
no_iterative_deepening,SEU/SEU774^2.p,TH0,Theorem,timeout,na,2064,1662,52,1662,195,0,0,0,0,
no_iterative_deepening,SEU/SEU775^1.p,TH0,Theorem,timeout,na,5316,0,0,0,1,0,0,0,0,
no_iterative_deepening,SEU/SEU775^2.p,TH0,Theorem,thm,yes,32,14,1,14,1,0,0,1,1,
no_iterative_deepening,SEU/SEU776^1.p,TH0,Theorem,timeout,na,5440,0,0,0,1,0,0,0,0,
no_iterative_deepening,SEU/SEU776^2.p,TH0,Theorem,timeout,na,2136,1778,45,1778,502,0,0,3,0,
no_iterative_deepening,SEU/SEU777^1.p,TH0,Theorem,timeout,na,5478,0,0,0,1,0,0,0,0,
no_iterative_deepening,SEU/SEU777^2.p,TH0,Theorem,thm,yes,117,30,2,30,2,0,0,1,1,
no_iterative_deepening,SEU/SEU778^1.p,TH0,Theorem,timeout,na,5448,0,0,0,1,0,0,0,0,
no_iterative_deepening,SEU/SEU778^2.p,TH0,Theorem,unk,na,59,18,1,18,1,0,0,0,0,
no_iterative_deepening,SEU/SEU779^1.p,TH0,Theorem,timeout,na,5545,0,0,0,1,0,0,0,0,
no_iterative_deepening,SEU/SEU779^2.p,TH0,Theorem,timeout,na,2166,1694,45,1694,416,0,0,3,0,
no_iterative_deepening,SEU/SEU780^1.p,TH0,Theorem,timeout,na,5677,0,0,0,1,0,0,0,0,
no_iterative_deepening,SEU/SEU780^2.p,TH0,Theorem,timeout,na,2061,1053,40,1053,106,46,0,1,0,
no_iterative_deepening,SEU/SEU781^1.p,TH0,Theorem,timeout,na,5693,0,0,0,1,0,0,0,0,
no_iterative_deepening,SEU/SEU781^2.p,TH0,Theorem,timeout,na,2058,1411,61,1411,142,17,0,0,0,
no_iterative_deepening,SEU/SEU782^1.p,TH0,Theorem,timeout,na,5533,0,0,0,1,0,0,0,0,
no_iterative_deepening,SEU/SEU782^2.p,TH0,Theorem,timeout,na,2155,4272,79,4272,755,1,0,3,0,
no_iterative_deepening,SEU/SEU783^1.p,TH0,Theorem,timeout,na,5648,0,0,0,1,0,0,0,0,
no_iterative_deepening,SEU/SEU783^2.p,TH0,Theorem,thm,yes,74,24,2,24,2,0,0,1,1,
no_iterative_deepening,SEU/SEU784^1.p,TH0,Theorem,timeout,na,5737,0,0,0,1,0,0,0,0,
no_iterative_deepening,SEU/SEU784^2.p,TH0,Theorem,thm,yes,79,24,2,24,2,0,0,1,1,
no_iterative_deepening,SEU/SEU785^1.p,TH0,Theorem,timeout,na,5830,0,0,0,1,0,0,0,0,
no_iterative_deepening,SEU/SEU785^2.p,TH0,Theorem,timeout,na,2072,1923,87,1923,205,4,0,0,0,
no_iterative_deepening,SEU/SEU786^1.p,TH0,Theorem,timeout,na,5833,0,0,0,1,0,0,0,0,
no_iterative_deepening,SEU/SEU786^2.p,TH0,Theorem,thm,yes,99,36,2,36,3,0,0,2,1,
no_iterative_deepening,SEU/SEU787^1.p,TH0,Theorem,timeout,na,5826,0,0,0,1,0,0,0,0,
no_iterative_deepening,SEU/SEU787^2.p,TH0,Theorem,timeout,na,2052,1729,88,1729,156,16,0,1,0,
no_iterative_deepening,SEU/SEU788^1.p,TH0,Theorem,timeout,na,5763,0,0,0,1,0,0,0,0,
no_iterative_deepening,SEU/SEU788^2.p,TH0,Theorem,timeout,na,2074,1937,90,1937,188,0,0,0,0,
no_iterative_deepening,SEU/SEU789^1.p,TH0,Theorem,timeout,na,5759,0,0,0,1,0,0,0,0,
no_iterative_deepening,SEU/SEU789^2.p,TH0,Theorem,timeout,na,2106,2682,84,2682,273,0,0,0,0,
no_iterative_deepening,SEU/SEU790^1.p,TH0,Theorem,timeout,na,5839,0,0,0,1,0,0,0,0,
no_iterative_deepening,SEU/SEU790^2.p,TH0,Theorem,timeout,na,2090,1887,100,1887,217,0,0,0,0,
no_iterative_deepening,SEU/SEU791^1.p,TH0,Theorem,timeout,na,5921,0,0,0,1,0,0,0,0,
no_iterative_deepening,SEU/SEU791^2.p,TH0,Theorem,timeout,na,2104,1741,87,1741,178,0,0,0,0,
no_iterative_deepening,SEU/SEU792^1.p,TH0,Theorem,timeout,na,6008,0,0,0,1,0,0,0,0,
no_iterative_deepening,SEU/SEU792^2.p,TH0,Theorem,timeout,na,2397,5050,42,5050,151,0,0,0,0,
no_iterative_deepening,SEU/SEU793^1.p,TH0,Theorem,timeout,na,5808,0,0,0,1,0,0,0,0,
no_iterative_deepening,SEU/SEU793^2.p,TH0,Theorem,timeout,na,2027,462,12,462,57,7,0,0,0,
no_iterative_deepening,SEU/SEU794^1.p,TH0,Theorem,timeout,na,5885,0,0,0,1,0,0,0,0,
no_iterative_deepening,SEU/SEU794^2.p,TH0,Theorem,timeout,na,2128,3443,42,3443,270,58,0,0,0,
no_iterative_deepening,SEU/SEU795^1.p,TH0,Theorem,timeout,na,5965,0,0,0,1,0,0,0,0,
no_iterative_deepening,SEU/SEU795^2.p,TH0,Theorem,timeout,na,2076,1970,29,1970,206,41,0,0,0,
no_iterative_deepening,SEU/SEU796^1.p,TH0,Theorem,timeout,na,6059,0,0,0,1,0,0,0,0,
no_iterative_deepening,SEU/SEU796^2.p,TH0,Theorem,timeout,na,2060,2151,83,2151,245,20,0,1,0,
no_iterative_deepening,SEU/SEU797^1.p,TH0,Theorem,timeout,na,6018,0,0,0,1,0,0,0,0,
no_iterative_deepening,SEU/SEU797^2.p,TH0,Theorem,timeout,na,2101,2698,47,2698,452,48,0,2,0,
no_iterative_deepening,SEU/SEU798^1.p,TH0,Theorem,timeout,na,6257,0,0,0,1,0,0,0,0,
no_iterative_deepening,SEU/SEU798^2.p,TH0,Theorem,thm,yes,71,26,1,26,3,0,0,4,1,
no_iterative_deepening,SEU/SEU799^1.p,TH0,Theorem,timeout,na,6157,0,0,0,1,0,0,0,0,
no_iterative_deepening,SEU/SEU799^2.p,TH0,Theorem,thm,yes,33,19,1,19,2,0,0,1,1,
no_iterative_deepening,SEU/SEU800^1.p,TH0,Theorem,timeout,na,6233,0,0,0,1,0,0,0,0,
no_iterative_deepening,SEU/SEU800^2.p,TH0,Theorem,thm,yes,45,18,1,18,2,0,0,1,1,
no_iterative_deepening,SEU/SEU801^1.p,TH0,Theorem,timeout,na,6227,0,0,0,1,0,0,0,0,
no_iterative_deepening,SEU/SEU801^2.p,TH0,Theorem,unk,na,37,17,1,17,2,0,0,0,0,
no_iterative_deepening,SEU/SEU802^1.p,TH0,Theorem,timeout,na,6273,0,0,0,1,0,0,0,0,
no_iterative_deepening,SEU/SEU802^2.p,TH0,Theorem,unk,na,61,30,1,30,4,0,0,0,0,
no_iterative_deepening,SEU/SEU803^1.p,TH0,Theorem,timeout,na,6441,0,0,0,1,0,0,0,0,
no_iterative_deepening,SEU/SEU803^2.p,TH0,Theorem,unk,na,97,136,1,136,11,15,0,0,0,
no_iterative_deepening,SEU/SEU804^1.p,TH0,Theorem,timeout,na,6378,0,0,0,1,0,0,0,0,
no_iterative_deepening,SEU/SEU804^2.p,TH0,Theorem,timeout,na,2131,2750,66,2750,515,0,0,1,0,
no_iterative_deepening,SEU/SEU805^1.p,TH0,Theorem,timeout,na,6416,0,0,0,1,0,0,0,0,
no_iterative_deepening,SEU/SEU805^2.p,TH0,Theorem,timeout,na,2215,6123,100,6123,179,68,0,0,0,
no_iterative_deepening,SEU/SEU806^1.p,TH0,Theorem,timeout,na,6340,0,0,0,1,0,0,0,0,
no_iterative_deepening,SEU/SEU806^2.p,TH0,Theorem,timeout,na,2077,4483,241,4483,126,33,0,0,0,
no_iterative_deepening,SEU/SEU807^1.p,TH0,Theorem,timeout,na,6337,0,0,0,1,0,0,0,0,
no_iterative_deepening,SEU/SEU807^2.p,TH0,Theorem,timeout,na,2128,3974,127,3974,469,53,0,1,0,
no_iterative_deepening,SEU/SEU808^1.p,TH0,Theorem,timeout,na,6410,0,0,0,1,0,0,0,0,
no_iterative_deepening,SEU/SEU808^2.p,TH0,Theorem,thm,yes,13,12,0,12,2,0,0,1,1,
no_iterative_deepening,SEU/SEU809^1.p,TH0,Theorem,timeout,na,6476,0,0,0,1,0,0,0,0,
no_iterative_deepening,SEU/SEU809^2.p,TH0,Theorem,thm,yes,13,12,0,12,2,0,0,1,1,
no_iterative_deepening,SEU/SEU810^1.p,TH0,Theorem,timeout,na,6532,0,0,0,1,0,0,0,0,
no_iterative_deepening,SEU/SEU810^2.p,TH0,Theorem,timeout,na,2085,3237,131,3237,390,72,0,2,0,
no_iterative_deepening,SEU/SEU811^1.p,TH0,Theorem,timeout,na,6537,0,0,0,1,0,0,0,0,
no_iterative_deepening,SEU/SEU811^2.p,TH0,Theorem,timeout,na,2187,4100,63,4100,931,6,0,1,0,
no_iterative_deepening,SEU/SEU812^1.p,TH0,Theorem,timeout,na,6604,0,0,0,1,0,0,0,0,
no_iterative_deepening,SEU/SEU812^2.p,TH0,Theorem,thm,yes,13,12,0,12,2,0,0,1,1,
no_iterative_deepening,SEU/SEU813^1.p,TH0,Theorem,timeout,na,6573,0,0,0,1,0,0,0,0,
no_iterative_deepening,SEU/SEU813^2.p,TH0,Theorem,timeout,na,2162,5767,285,5767,974,19,0,1,0,
no_iterative_deepening,SEU/SEU814^1.p,TH0,Theorem,timeout,na,6553,0,0,0,1,0,0,0,0,
no_iterative_deepening,SEU/SEU814^2.p,TH0,Theorem,thm,yes,2021,5662,274,5662,437,553,0,4,1,
no_iterative_deepening,SEU/SEU815^1.p,TH0,Theorem,timeout,na,6656,0,0,0,1,0,0,0,0,
no_iterative_deepening,SEU/SEU815^2.p,TH0,Theorem,timeout,na,2123,4394,169,4394,546,0,0,1,0,
no_iterative_deepening,SEU/SEU816^1.p,TH0,Theorem,timeout,na,6795,0,0,0,1,0,0,0,0,
no_iterative_deepening,SEU/SEU816^2.p,TH0,Theorem,timeout,na,2257,5159,103,5159,283,0,0,0,0,
no_iterative_deepening,SEU/SEU817^1.p,TH0,Theorem,timeout,na,6799,0,0,0,1,0,0,0,0,
no_iterative_deepening,SEU/SEU817^2.p,TH0,Theorem,timeout,na,2118,3600,100,3600,571,64,0,1,0,
no_iterative_deepening,SEU/SEU818^1.p,TH0,Theorem,timeout,na,6764,0,0,0,1,0,0,0,0,
no_iterative_deepening,SEU/SEU818^2.p,TH0,Theorem,thm,yes,70,15,1,15,1,1,0,0,0,
no_iterative_deepening,SEU/SEU819^1.p,TH0,Theorem,timeout,na,6969,0,0,0,1,0,0,0,0,
no_iterative_deepening,SEU/SEU819^2.p,TH0,Theorem,unk,na,48,32,1,32,4,0,0,0,0,
no_iterative_deepening,SEU/SEU820^1.p,TH0,Theorem,timeout,na,2742,0,0,0,1,0,0,0,0,
no_iterative_deepening,SEU/SEU820^2.p,TH0,Theorem,timeout,na,2146,5286,189,5286,221,14,0,0,0,
no_iterative_deepening,SEU/SEU821^1.p,TH0,Theorem,parse_timeout,na,0,,,,,,,,,cached: parse exceeded 5000ms
no_iterative_deepening,SEU/SEU821^2.p,TH0,Theorem,thm,yes,48,11,1,11,1,1,0,0,0,
no_iterative_deepening,SEU/SEU822^1.p,TH0,Theorem,timeout,na,6948,0,0,0,1,0,0,0,0,
no_iterative_deepening,SEU/SEU822^2.p,TH0,Theorem,thm,yes,120,49,1,49,6,0,0,1,1,
no_iterative_deepening,SEU/SEU823^1.p,TH0,Theorem,parse_timeout,na,0,,,,,,,,,cached: parse exceeded 5000ms
no_iterative_deepening,SEU/SEU823^2.p,TH0,Theorem,timeout,na,2074,2634,82,2634,328,32,0,1,0,
no_iterative_deepening,SEU/SEU824^1.p,TH0,Theorem,parse_timeout,na,0,,,,,,,,,cached: parse exceeded 5000ms
no_iterative_deepening,SEU/SEU824^2.p,TH0,Theorem,timeout,na,2109,2964,34,2964,485,112,0,1,0,
no_iterative_deepening,SEU/SEU824^3.p,TH0,CounterSatisfiable,timeout,na,2543,596,59,596,1,0,0,0,0,
no_iterative_deepening,SEU/SEU825^3.p,TH0,CounterSatisfiable,timeout,na,2082,4132,156,4132,434,36,0,1,0,
no_iterative_deepening,SEU/SEU826^1.p,TH0,Theorem,timeout,na,2086,3970,43,3970,288,403,0,0,0,
no_iterative_deepening,SEU/SEU827^1.p,TH0,Theorem,unk,na,374,1141,40,1141,108,49,0,0,0,
no_iterative_deepening,SEU/SEU828^1.p,TH0,Theorem,thm,yes,18,13,0,13,2,1,0,1,1,
no_iterative_deepening,SEU/SEU829^1.p,TH0,Theorem,thm,yes,17,23,0,23,2,2,0,1,1,
no_iterative_deepening,SEU/SEU831^5.p,TH0,Theorem,thm,yes,3,2,0,2,1,1,0,0,0,
no_iterative_deepening,SEU/SEU832^5.p,TH0,Theorem,thm,yes,3,2,0,2,1,1,0,0,0,
no_iterative_deepening,SEU/SEU833^5.p,TH0,Theorem,thm,yes,3,2,0,2,1,1,0,0,0,
no_iterative_deepening,SEU/SEU834^5.p,TH0,Theorem,thm,yes,4,4,0,4,1,1,0,0,0,
no_iterative_deepening,SEU/SEU836^5.p,TH0,Theorem,thm,yes,4,4,0,4,1,1,0,0,0,
no_iterative_deepening,SEU/SEU839^5.p,TH0,Theorem,thm,yes,6,3,0,3,1,1,0,0,0,
no_iterative_deepening,SEU/SEU841^5.p,TH0,Theorem,thm,yes,18,6,0,6,1,1,0,0,0,
no_iterative_deepening,SEU/SEU842^5.p,TH0,Theorem,thm,yes,6,3,0,3,1,1,0,0,0,
no_iterative_deepening,SEU/SEU843^5.p,TH0,Theorem,thm,yes,16,15,1,15,2,0,0,1,1,
no_iterative_deepening,SEU/SEU844^5.p,TH0,Theorem,timeout,na,2053,3269,258,3269,35,73,0,1,0,
no_iterative_deepening,SEU/SEU845^5.p,TH0,Theorem,unk,na,17,16,0,16,2,0,0,0,0,
no_iterative_deepening,SEU/SEU846^5.p,TH0,Theorem,thm,yes,44,29,1,29,5,0,0,1,1,
no_iterative_deepening,SEU/SEU847^5.p,TH0,Theorem,thm,yes,5,2,0,2,1,1,0,0,0,
no_iterative_deepening,SEU/SEU848^5.p,TH0,Theorem,unk,na,23,25,0,25,4,1,0,0,0,
no_iterative_deepening,SEU/SEU849^5.p,TH0,Theorem,unk,na,24,25,0,25,4,1,0,0,0,
no_iterative_deepening,SEU/SEU850^5.p,TH0,Theorem,thm,yes,103,33,0,33,3,4,0,1,1,
no_iterative_deepening,SEU/SEU851^5.p,TH0,Theorem,thm,yes,11,3,0,3,1,1,0,0,0,
no_iterative_deepening,SEU/SEU852^5.p,TH0,Theorem,unk,na,104,301,4,301,30,47,0,1,1,
no_iterative_deepening,SEU/SEU853^5.p,TH0,Theorem,unk,na,86,99,2,99,10,15,0,0,0,
no_iterative_deepening,SEU/SEU854^5.p,TH0,Theorem,thm,yes,208,540,0,540,51,69,0,1,1,
no_iterative_deepening,SEU/SEU855^5.p,TH0,Theorem,timeout,na,2011,471,10,471,42,52,0,2,0,
no_iterative_deepening,SEU/SEU856^5.p,TH0,Theorem,thm,yes,35,45,0,45,4,3,0,1,1,
no_iterative_deepening,SEU/SEU857^5.p,TH0,Theorem,thm,yes,41,4,0,4,1,1,0,0,0,
no_iterative_deepening,SEU/SEU858^5.p,TH0,Theorem,thm,yes,7,2,0,2,1,1,0,0,0,
no_iterative_deepening,SEU/SEU859^5.p,TH0,Theorem,timeout,na,2032,1083,34,1083,105,16,0,2,0,
no_iterative_deepening,SEU/SEU860^5.p,TH0,Theorem,timeout,na,2052,1185,25,1185,176,6,0,2,0,
no_iterative_deepening,SEU/SEU861^5.p,TH0,Theorem,timeout,na,2034,997,58,997,82,1,0,1,0,
no_iterative_deepening,SEU/SEU862^5.p,TH0,Unknown,timeout,na,2049,320,1,320,73,3,0,1,0,
no_iterative_deepening,SEU/SEU863^5.p,TH0,Theorem,timeout,na,2038,638,22,638,64,0,0,1,0,
no_iterative_deepening,SEU/SEU864^5.p,TH0,Theorem,unk,na,31,9,0,9,2,0,0,0,0,
no_iterative_deepening,SEU/SEU865^5.p,TH0,Theorem,timeout,na,2030,1275,49,1275,139,0,0,2,0,
no_iterative_deepening,SEU/SEU866^5.p,TH0,Theorem,timeout,na,2048,1778,53,1778,213,8,0,2,0,
no_iterative_deepening,SEU/SEU867^5.p,TH0,Theorem,timeout,na,2034,1384,64,1384,117,8,0,1,0,
no_iterative_deepening,SEU/SEU868^5.p,TH0,Theorem,timeout,na,2045,1160,57,1160,109,0,0,2,0,
no_iterative_deepening,SEU/SEU869^5.p,TH0,Theorem,timeout,na,2030,681,17,681,90,8,0,1,0,
no_iterative_deepening,SEU/SEU871^5.p,TH0,Unknown,timeout,na,2028,584,36,584,49,0,0,1,0,
no_iterative_deepening,SEU/SEU872^5.p,TH0,Theorem,timeout,na,2032,567,23,567,52,0,0,1,0,
no_iterative_deepening,SEU/SEU873^5.p,TH0,Unknown,timeout,na,2039,577,33,577,43,0,0,1,0,
no_iterative_deepening,SEU/SEU874^5.p,TH0,Theorem,timeout,na,2027,725,20,725,79,20,0,1,0,
no_iterative_deepening,SEU/SEU875^5.p,TH0,Theorem,timeout,na,2027,740,33,740,53,16,0,1,0,
no_iterative_deepening,SEU/SEU876^5.p,TH0,Theorem,timeout,na,2063,1035,9,1035,185,1,0,1,0,
no_iterative_deepening,SEU/SEU877^5.p,TH0,Theorem,timeout,na,2052,810,20,810,137,4,0,0,0,
no_iterative_deepening,SEU/SEU878^5.p,TH0,Theorem,timeout,na,2064,501,10,501,38,30,0,0,0,
no_iterative_deepening,SEU/SEU879^5.p,TH0,Theorem,timeout,na,2107,335,7,335,49,1,0,0,0,
no_iterative_deepening,SEU/SEU880^5.p,TH0,CounterSatisfiable,timeout,na,2225,27,2,27,3,0,0,0,0,
no_iterative_deepening,SEU/SEU881^5.p,TH0,Theorem,timeout,na,2346,242,4,242,40,8,0,0,0,
no_iterative_deepening,SEU/SEU882^5.p,TH0,Theorem,unk,na,21,13,0,13,2,0,0,0,0,
no_iterative_deepening,SEU/SEU883^5.p,TH0,Theorem,thm,yes,5,1,0,1,1,1,0,0,0,
no_iterative_deepening,SEU/SEU884^5.p,TH0,Theorem,timeout,na,2042,3343,246,3343,111,21,0,2,0,
no_iterative_deepening,SEU/SEU885^5.p,TH0,Theorem,thm,yes,27,46,0,46,6,4,0,1,1,
no_iterative_deepening,SEU/SEU886^5.p,TH0,Theorem,unk,na,28,32,0,32,4,0,0,0,0,
no_iterative_deepening,SEU/SEU887^5.p,TH0,Theorem,unk,na,44,32,0,32,3,0,0,0,0,
no_iterative_deepening,SEU/SEU888^5.p,TH0,Theorem,timeout,na,2041,3753,218,3753,223,44,0,1,0,
no_iterative_deepening,SEU/SEU889^5.p,TH0,Theorem,thm,yes,34,37,2,37,3,4,0,0,0,
no_iterative_deepening,SEU/SEU890^5.p,TH0,Theorem,unk,na,52,91,3,91,6,5,0,0,0,
no_iterative_deepening,SEU/SEU891^5.p,TH0,Theorem,unk,na,109,358,2,358,37,35,0,0,0,
no_iterative_deepening,SEU/SEU892^5.p,TH0,Theorem,timeout,na,2036,1028,30,1028,113,9,0,2,0,
no_iterative_deepening,SEU/SEU893^5.p,TH0,Theorem,timeout,na,2064,3875,224,3875,134,34,0,0,0,
no_iterative_deepening,SEU/SEU894^5.p,TH0,Theorem,timeout,na,2049,2219,91,2219,253,6,0,1,0,
no_iterative_deepening,SEU/SEU895^5.p,TH0,Theorem,timeout,na,2059,3764,198,3764,255,97,0,1,0,
no_iterative_deepening,SEU/SEU896^5.p,TH0,Theorem,timeout,na,2059,3439,141,3439,148,45,0,0,0,
no_iterative_deepening,SEU/SEU897^5.p,TH0,Theorem,timeout,na,2096,4198,160,4198,452,55,0,1,0,
no_iterative_deepening,SEU/SEU898^5.p,TH0,Theorem,timeout,na,2072,2602,58,2602,121,124,0,0,0,
no_iterative_deepening,SEU/SEU899^5.p,TH0,Theorem,timeout,na,2075,4503,233,4503,199,95,0,0,0,
no_iterative_deepening,SEU/SEU901^5.p,TH0,Theorem,timeout,na,2173,5732,167,5732,250,364,0,0,0,
no_iterative_deepening,SEU/SEU902^5.p,TH0,Theorem,timeout,na,2194,2105,21,2105,1182,121,0,1,0,
no_iterative_deepening,SEU/SEU903^5.p,TH0,Theorem,timeout,na,2242,6647,198,6647,195,312,0,0,0,
no_iterative_deepening,SEU/SEU904^5.p,TH0,Theorem,timeout,na,2255,5573,65,5573,187,546,0,0,0,
no_iterative_deepening,SEU/SEU905^5.p,TH0,Theorem,timeout,na,2307,6032,21,6032,188,724,0,0,0,
no_iterative_deepening,SEU/SEU906^5.p,TH0,Theorem,timeout,na,2154,2232,66,2232,864,27,0,4,0,
no_iterative_deepening,SEU/SEU907^5.p,TH0,Theorem,timeout,na,2040,1693,47,1693,207,17,0,2,0,
no_iterative_deepening,SEU/SEU908^5.p,TH0,Theorem,thm,yes,32,18,0,18,3,0,0,1,1,
no_iterative_deepening,SEU/SEU909^5.p,TH0,Theorem,timeout,na,2039,886,27,886,84,19,0,1,0,
no_iterative_deepening,SEU/SEU910^5.p,TH0,Theorem,timeout,na,2073,301,8,301,34,3,0,0,0,
no_iterative_deepening,SEU/SEU911^5.p,TH0,CounterSatisfiable,timeout,na,2075,309,12,309,36,0,0,0,0,
no_iterative_deepening,SEU/SEU912^5.p,TH0,Theorem,timeout,na,2086,384,8,384,53,4,0,0,0,
no_iterative_deepening,SEU/SEU913^5.p,TH0,Unknown,timeout,na,2142,98,3,98,11,0,0,0,0,
no_iterative_deepening,SEU/SEU914^5.p,TH0,Theorem,timeout,na,2140,169,5,169,22,3,0,0,0,
no_iterative_deepening,SEU/SEU915^5.p,TH0,Theorem,timeout,na,2140,236,8,236,23,2,0,0,0,
no_iterative_deepening,SEU/SEU916^5.p,TH0,Theorem,timeout,na,2157,86,2,86,13,1,0,0,0,
no_iterative_deepening,SEU/SEU917^5.p,TH0,Theorem,timeout,na,2040,1766,82,1766,158,3,0,1,0,
no_iterative_deepening,SEU/SEU918^5.p,TH0,Theorem,thm,yes,1453,77,3,77,5,3,0,2,1,
no_iterative_deepening,SEU/SEU919^5.p,TH0,Theorem,thm,yes,88,36,1,36,3,1,0,2,1,
no_iterative_deepening,SEU/SEU920^5.p,TH0,Theorem,timeout,na,2050,2581,108,2581,208,2,0,4,0,
no_iterative_deepening,SEU/SEU921^5.p,TH0,Theorem,timeout,na,2044,2671,139,2671,197,13,0,3,0,
no_iterative_deepening,SEU/SEU922^5.p,TH0,Theorem,unk,na,392,36,1,36,3,1,0,3,0,
no_iterative_deepening,SEU/SEU923^5.p,TH0,Theorem,thm,yes,4,1,0,1,1,1,0,0,0,
no_iterative_deepening,SEU/SEU924^5.p,TH0,Theorem,timeout,na,2006,110,4,110,7,4,0,4,0,
no_iterative_deepening,SEU/SEU925^5.p,TH0,Theorem,timeout,na,2072,2988,83,2988,363,59,0,1,0,
no_iterative_deepening,SEU/SEU926^5.p,TH0,Theorem,thm,yes,37,11,0,11,2,0,0,1,1,
no_iterative_deepening,SEU/SEU927^5.p,TH0,Theorem,unk,na,21,11,0,11,2,0,0,1,0,
no_iterative_deepening,SEU/SEU928^5.p,TH0,Theorem,timeout,na,2004,174,2,174,13,10,0,2,0,
no_iterative_deepening,SEU/SEU929^5.p,TH0,Theorem,timeout,na,2005,103,4,103,7,3,0,4,0,
no_iterative_deepening,SEU/SEU930^5.p,TH0,Theorem,timeout,na,2052,2703,126,2703,219,41,0,1,0,
no_iterative_deepening,SEU/SEU931^5.p,TH0,Theorem,timeout,na,2076,2765,95,2765,340,20,0,1,0,
no_iterative_deepening,SEU/SEU932^5.p,TH0,Theorem,timeout,na,2055,2793,151,2793,220,23,0,1,0,
no_iterative_deepening,SEU/SEU933^5.p,TH0,Theorem,timeout,na,2011,235,9,235,17,8,0,2,0,
no_iterative_deepening,SEU/SEU934^5.p,TH0,Theorem,timeout,na,2077,2683,39,2683,361,60,0,1,0,
no_iterative_deepening,SEU/SEU935^5.p,TH0,Theorem,timeout,na,2063,2347,44,2347,308,15,0,4,0,
no_iterative_deepening,SEU/SEU936^5.p,TH0,Theorem,timeout,na,2006,175,3,175,13,10,0,2,0,
no_iterative_deepening,SEU/SEU937^5.p,TH0,Theorem,timeout,na,2094,3225,92,3225,375,64,0,1,0,
no_iterative_deepening,SEU/SEU938^5.p,TH0,Theorem,timeout,na,2055,2168,91,2168,203,45,0,1,0,
no_iterative_deepening,SEU/SEU939^5.p,TH0,Theorem,timeout,na,2020,397,22,397,22,0,0,2,0,
no_iterative_deepening,SEU/SEU940^5.p,TH0,Theorem,timeout,na,2025,825,38,825,76,1,0,1,0,
no_iterative_deepening,SEU/SEU941^5.p,TH0,Theorem,timeout,na,2118,3266,70,3266,415,91,0,1,0,
no_iterative_deepening,SEU/SEU942^5.p,TH0,Theorem,timeout,na,2045,1955,70,1955,225,9,0,1,0,
no_iterative_deepening,SEU/SEU943^5.p,TH0,Theorem,timeout,na,2081,2197,34,2197,414,7,0,3,0,
no_iterative_deepening,SEU/SEU944^5.p,TH0,Theorem,timeout,na,2061,1870,25,1870,339,7,0,3,0,
no_iterative_deepening,SEU/SEU945^5.p,TH0,Theorem,timeout,na,2005,214,9,214,12,5,0,4,0,
no_iterative_deepening,SEU/SEU946^5.p,TH0,Theorem,timeout,na,2050,1755,48,1755,232,8,0,1,0,
no_iterative_deepening,SEU/SEU947^5.p,TH0,Theorem,timeout,na,2050,1688,39,1688,219,7,0,2,0,
no_iterative_deepening,SEU/SEU948^5.p,TH0,Theorem,timeout,na,2031,584,26,584,65,0,0,2,0,
no_iterative_deepening,SEU/SEU949^5.p,TH0,Theorem,timeout,na,2017,353,16,353,22,8,0,1,0,
no_iterative_deepening,SEU/SEU950^5.p,TH0,Theorem,timeout,na,2036,930,41,930,78,9,0,2,0,
no_iterative_deepening,SEU/SEU951^5.p,TH0,Theorem,timeout,na,2022,851,46,851,51,8,0,3,0,
no_iterative_deepening,SEU/SEU953^5.p,TH0,Theorem,timeout,na,2062,2150,41,2150,268,9,0,2,0,
no_iterative_deepening,SEU/SEU954^5.p,TH0,Unknown,timeout,na,2057,1988,36,1988,259,8,0,3,0,
no_iterative_deepening,SEU/SEU955^5.p,TH0,Theorem,timeout,na,2077,2559,29,2559,360,2,0,4,0,
no_iterative_deepening,SEU/SEU956^5.p,TH0,Theorem,timeout,na,2080,3008,91,3008,344,57,0,2,0,
no_iterative_deepening,SEU/SEU957^5.p,TH0,Theorem,timeout,na,2076,2652,21,2652,408,3,0,4,0,
no_iterative_deepening,SEU/SEU958^5.p,TH0,Unknown,timeout,na,2053,2523,119,2523,201,4,0,4,0,
no_iterative_deepening,SEU/SEU959^5.p,TH0,Unknown,timeout,na,2059,1886,35,1886,242,15,0,3,0,
no_iterative_deepening,SEU/SEU960^5.p,TH0,Theorem,timeout,na,2036,1178,26,1178,147,0,0,1,0,
no_iterative_deepening,SEU/SEU961^5.p,TH0,Theorem,timeout,na,2061,1474,27,1474,317,11,0,2,0,
no_iterative_deepening,SEU/SEU963^5.p,TH0,Unknown,timeout,na,2024,596,20,596,64,12,0,2,0,
no_iterative_deepening,SEU/SEU965^5.p,TH0,Unknown,timeout,na,2022,490,22,490,44,0,0,2,0,
no_iterative_deepening,SEU/SEU966^5.p,TH0,CounterSatisfiable,timeout,na,2071,2124,64,2124,223,63,0,1,0,
no_iterative_deepening,SEU/SEU967^5.p,TH0,Theorem,thm,yes,39,4,0,4,1,0,0,1,1,
no_iterative_deepening,SEU/SEU968^5.p,TH0,Theorem,timeout,na,2030,663,27,663,51,20,0,2,0,
no_iterative_deepening,SEU/SEU969^5.p,TH0,Theorem,timeout,na,2040,1810,99,1810,153,16,0,1,0,
no_iterative_deepening,SEU/SEU970^5.p,TH0,Theorem,timeout,na,2054,2449,112,2449,244,0,0,2,0,
no_iterative_deepening,SEU/SEU971^5.p,TH0,Unknown,timeout,na,2061,772,6,772,194,22,0,0,0,
no_iterative_deepening,SEU/SEU972^5.p,TH0,Theorem,timeout,na,2045,900,24,900,144,14,0,1,0,
no_iterative_deepening,SEU/SEU973^5.p,TH0,Unknown,timeout,na,2044,1008,39,1008,118,4,0,1,0,
no_iterative_deepening,SEU/SEU974^5.p,TH0,Theorem,timeout,na,2076,1265,6,1265,236,53,0,1,0,
no_iterative_deepening,SEU/SEU975^5.p,TH0,Theorem,timeout,na,2078,1314,13,1314,243,54,0,1,0,
no_iterative_deepening,SEU/SEU976^5.p,TH0,Unknown,timeout,na,2050,862,22,862,126,0,0,3,0,
no_iterative_deepening,SEU/SEU977^5.p,TH0,Unknown,timeout,na,2045,833,37,833,80,0,0,2,0,
no_iterative_deepening,SEU/SEU978^5.p,TH0,Unknown,timeout,na,2097,1129,12,1129,193,88,0,0,0,
no_iterative_deepening,SEU/SEU979^5.p,TH0,Unknown,timeout,na,2057,779,22,779,108,3,0,1,0,
no_iterative_deepening,SEU/SEU980^6.p,TH0,Unknown,timeout,na,2061,538,9,538,104,2,0,0,0,
no_iterative_deepening,SEU/SEU982^5.p,TH0,Unknown,timeout,na,2067,785,28,785,101,3,0,0,0,
no_iterative_deepening,SEU/SEU983^5.p,TH0,Unknown,timeout,na,2068,1124,50,1124,103,0,0,0,0,
no_iterative_deepening,SEU/SEU984^5.p,TH0,Unknown,timeout,na,2079,1464,39,1464,169,12,0,2,0,
no_iterative_deepening,SEU/SEU985^5.p,TH0,Unknown,timeout,na,2036,629,26,629,63,0,0,2,0,
no_iterative_deepening,SEU/SEU986^5.p,TH0,Unknown,timeout,na,2040,765,27,765,93,0,0,2,0,
no_iterative_deepening,SEU/SEU987^5.p,TH0,Theorem,timeout,na,2051,1292,52,1292,156,13,0,4,0,
no_iterative_deepening,SEU/SEU988^5.p,TH0,Unknown,timeout,na,2040,732,35,732,72,19,0,1,0,
no_iterative_deepening,SEU/SEU989^5.p,TH0,Unknown,timeout,na,2049,1604,46,1604,171,0,0,1,0,
no_iterative_deepening,SEU/SEU990^5.p,TH0,Unknown,timeout,na,2047,2104,88,2104,174,7,0,2,0,
no_iterative_deepening,SEU/SEU991^5.p,TH0,Unknown,timeout,na,2047,1424,43,1424,143,22,0,1,0,
no_iterative_deepening,SEU/SEU992^5.p,TH0,Theorem,timeout,na,2040,1288,63,1288,105,1,0,1,0,
no_iterative_deepening,SEU/SEU993^5.p,TH0,Unknown,timeout,na,2037,1384,68,1384,110,0,0,1,0,
no_iterative_deepening,SEU/SEU994^5.p,TH0,CounterSatisfiable,csa,yes,36,15,0,15,3,0,1,0,0,cR C[1KRLJ6] C[1BKKU6]  cR C[1BKKU6] C[1KRLJ6]  C[FC45E] C[1BKKU6]  ¬(C[FC45E] C[1KRLJ6])
no_iterative_deepening,SEU/SEU995^5.p,TH0,Theorem,timeout,na,2005,79,3,79,5,3,0,1,0,
no_iterative_deepening,SEU/SEU996^5.p,TH0,Theorem,timeout,na,2062,1852,116,1852,100,17,0,1,0,
no_iterative_deepening,SEU/SEU997^5.p,TH0,Theorem,timeout,na,2111,1738,65,1738,174,13,0,2,0,
no_iterative_deepening,SEU/SEU998^5.p,TH0,Theorem,timeout,na,2057,340,18,340,16,5,0,1,0,
no_iterative_deepening,SEU/SEU999^5.p,TH0,Theorem,timeout,na,2093,1048,67,1048,74,24,0,0,0,
no_iterative_deepening,SEV/SEV000^5.p,TH0,Theorem,timeout,na,2075,2457,141,2457,185,20,0,1,0,
no_iterative_deepening,SEV/SEV001^5.p,TH0,Theorem,timeout,na,2090,2678,121,2678,231,13,0,2,0,
no_iterative_deepening,SEV/SEV002^5.p,TH0,Theorem,timeout,na,2064,1193,28,1193,115,40,0,3,0,
no_iterative_deepening,SEV/SEV003^5.p,TH0,Theorem,timeout,na,2067,557,24,557,45,6,0,0,0,
no_iterative_deepening,SEV/SEV004^5.p,TH0,Theorem,timeout,na,2056,32,2,32,2,0,0,0,0,
no_iterative_deepening,SEV/SEV005^5.p,TH0,Theorem,timeout,na,2050,33,2,33,2,0,0,0,0,
no_iterative_deepening,SEV/SEV006^5.p,TH0,Theorem,timeout,na,2129,2178,50,2178,118,48,0,0,0,
no_iterative_deepening,SEV/SEV007^5.p,TH0,Unknown,timeout,na,2080,10,0,10,2,0,0,0,0,
no_iterative_deepening,SEV/SEV008^5.p,TH0,Theorem,timeout,na,2064,2173,99,2173,298,4,0,1,0,
no_iterative_deepening,SEV/SEV009^5.p,TH0,Theorem,timeout,na,2111,3267,99,3267,531,29,0,1,0,
no_iterative_deepening,SEV/SEV010^5.p,TH0,Theorem,timeout,na,2037,995,54,995,88,3,0,0,0,
no_iterative_deepening,SEV/SEV011^5.p,TH0,Theorem,timeout,na,2037,914,58,914,66,4,0,1,0,
no_iterative_deepening,SEV/SEV012^5.p,TH0,Theorem,thm,yes,13,12,0,12,2,3,0,0,0,
no_iterative_deepening,SEV/SEV013^5.p,TH0,Theorem,thm,yes,71,115,5,115,5,9,0,2,0,
no_iterative_deepening,SEV/SEV014^5.p,TH0,Theorem,thm,yes,12,2,0,2,1,1,0,0,0,
no_iterative_deepening,SEV/SEV015^5.p,TH0,Theorem,timeout,na,2120,6918,389,6918,660,380,0,3,0,
no_iterative_deepening,SEV/SEV016^5.p,TH0,Theorem,timeout,na,2065,2584,38,2584,404,20,0,3,0,
no_iterative_deepening,SEV/SEV017^5.p,TH0,Theorem,thm,yes,15,2,0,2,1,1,0,0,0,
no_iterative_deepening,SEV/SEV018^5.p,TH0,Theorem,timeout,na,2068,2625,66,2625,321,52,0,3,0,
no_iterative_deepening,SEV/SEV019^5.p,TH0,Theorem,timeout,na,2355,6394,26,6394,223,124,0,0,0,
no_iterative_deepening,SEV/SEV020^5.p,TH0,CounterSatisfiable,timeout,na,2018,813,50,813,52,0,0,1,0,
no_iterative_deepening,SEV/SEV021^5.p,TH0,Theorem,timeout,na,2050,2054,135,2054,109,4,0,2,0,
no_iterative_deepening,SEV/SEV021^6.p,TH0,Theorem,timeout,na,2038,1897,123,1897,104,4,0,2,0,
no_iterative_deepening,SEV/SEV021^7.p,TH0,Theorem,timeout,na,2048,1944,116,1944,135,0,0,2,0,
no_iterative_deepening,SEV/SEV022^5.p,TH0,Unknown,timeout,na,2029,967,54,967,66,0,0,1,0,
no_iterative_deepening,SEV/SEV023^5.p,TH0,Theorem,timeout,na,2084,1794,91,1794,115,32,0,3,0,
no_iterative_deepening,SEV/SEV024^5.p,TH0,Theorem,timeout,na,2028,808,46,808,60,0,0,1,0,
no_iterative_deepening,SEV/SEV025^5.p,TH0,Theorem,timeout,na,2030,900,64,900,48,0,0,1,0,
no_iterative_deepening,SEV/SEV026^5.p,TH0,Unknown,timeout,na,2037,380,11,380,49,0,0,1,0,
no_iterative_deepening,SEV/SEV027^5.p,TH0,Theorem,timeout,na,2042,1286,86,1286,64,4,0,3,0,
no_iterative_deepening,SEV/SEV028^5.p,TH0,Theorem,timeout,na,2042,1310,61,1310,112,25,0,1,0,
no_iterative_deepening,SEV/SEV029^5.p,TH0,CounterSatisfiable,timeout,na,2092,1638,18,1638,207,41,0,0,0,
no_iterative_deepening,SEV/SEV030^5.p,TH0,Unknown,timeout,na,2033,839,52,839,48,0,0,1,0,
no_iterative_deepening,SEV/SEV031^5.p,TH0,Theorem,timeout,na,2078,2139,108,2139,175,39,0,0,0,
no_iterative_deepening,SEV/SEV032^5.p,TH0,Theorem,timeout,na,2118,3334,49,3334,471,68,0,1,0,
no_iterative_deepening,SEV/SEV033^5.p,TH0,Theorem,timeout,na,2033,1303,93,1303,56,8,0,3,0,
no_iterative_deepening,SEV/SEV034^5.p,TH0,Theorem,timeout,na,2134,3304,93,3304,190,60,0,0,0,
no_iterative_deepening,SEV/SEV035^5.p,TH0,Theorem,timeout,na,2080,1941,58,1941,248,28,0,0,0,
no_iterative_deepening,SEV/SEV037^5.p,TH0,Theorem,timeout,na,2080,1230,41,1230,175,14,0,0,0,
no_iterative_deepening,SEV/SEV038^5.p,TH0,Unknown,timeout,na,2043,165,10,165,13,0,0,0,0,
no_iterative_deepening,SEV/SEV039^5.p,TH0,Unknown,timeout,na,2052,275,15,275,27,0,0,0,0,
no_iterative_deepening,SEV/SEV040^5.p,TH0,Theorem,timeout,na,2230,5093,236,5093,978,50,0,1,0,
no_iterative_deepening,SEV/SEV041^5.p,TH0,Theorem,timeout,na,2066,1019,34,1019,135,6,0,0,0,
no_iterative_deepening,SEV/SEV042^5.p,TH0,Theorem,timeout,na,2021,279,13,279,25,0,0,1,0,
no_iterative_deepening,SEV/SEV043^5.p,TH0,Theorem,timeout,na,2088,6498,368,6498,433,430,0,4,0,
no_iterative_deepening,SEV/SEV044^5.p,TH0,Theorem,timeout,na,2130,3072,97,3072,507,62,0,1,0,
no_iterative_deepening,SEV/SEV045^5.p,TH0,Theorem,timeout,na,2144,5776,290,5776,216,13,0,0,0,
no_iterative_deepening,SEV/SEV046^5.p,TH0,Theorem,timeout,na,2154,2766,62,2766,234,65,0,0,0,
no_iterative_deepening,SEV/SEV047^5.p,TH0,Theorem,thm,yes,4,4,0,4,1,1,0,0,0,
no_iterative_deepening,SEV/SEV048^5.p,TH0,Theorem,thm,yes,49,6,0,6,1,0,0,1,1,
no_iterative_deepening,SEV/SEV049^5.p,TH0,Theorem,thm,yes,56,15,0,15,3,0,0,1,1,
no_iterative_deepening,SEV/SEV050^5.p,TH0,Theorem,timeout,na,2013,266,11,266,24,0,0,1,0,
no_iterative_deepening,SEV/SEV051^5.p,TH0,Theorem,thm,yes,29,23,0,23,2,4,0,0,0,
no_iterative_deepening,SEV/SEV052^5.p,TH0,Theorem,timeout,na,2023,419,8,419,63,0,0,2,0,
no_iterative_deepening,SEV/SEV053^5.p,TH0,Theorem,timeout,na,2366,6238,53,6238,1475,707,0,3,0,
no_iterative_deepening,SEV/SEV054^5.p,TH0,Theorem,timeout,na,2023,1430,124,1430,41,0,0,1,0,
no_iterative_deepening,SEV/SEV055^5.p,TH0,Theorem,thm,yes,90,25,1,25,3,0,0,1,1,
no_iterative_deepening,SEV/SEV056^5.p,TH0,Theorem,thm,yes,316,48,1,48,4,4,0,1,1,
no_iterative_deepening,SEV/SEV057^5.p,TH0,Theorem,timeout,na,2059,721,3,721,145,12,0,0,0,
no_iterative_deepening,SEV/SEV058^5.p,TH0,Theorem,timeout,na,2017,255,5,255,32,2,0,2,0,
no_iterative_deepening,SEV/SEV059^5.p,TH0,Theorem,timeout,na,2254,5181,28,5181,1801,80,0,4,0,
no_iterative_deepening,SEV/SEV060^5.p,TH0,Theorem,unk,na,75,52,1,52,7,1,0,0,0,
no_iterative_deepening,SEV/SEV061^5.p,TH0,Theorem,thm,yes,16,5,0,5,1,1,0,0,0,
no_iterative_deepening,SEV/SEV062^5.p,TH0,Theorem,timeout,na,2028,519,22,519,52,0,0,1,0,
no_iterative_deepening,SEV/SEV063^5.p,TH0,Theorem,timeout,na,2047,986,49,986,107,1,0,1,0,
no_iterative_deepening,SEV/SEV064^5.p,TH0,Theorem,timeout,na,2036,374,15,374,30,5,0,1,0,
no_iterative_deepening,SEV/SEV065^5.p,TH0,Theorem,thm,yes,43,12,1,12,1,1,0,0,0,
no_iterative_deepening,SEV/SEV066^5.p,TH0,Theorem,timeout,na,2024,280,13,280,19,10,0,2,0,
no_iterative_deepening,SEV/SEV067^5.p,TH0,Theorem,timeout,na,2159,5099,227,5099,722,141,0,3,0,
no_iterative_deepening,SEV/SEV068^5.p,TH0,Theorem,timeout,na,2018,296,14,296,23,0,0,1,0,
no_iterative_deepening,SEV/SEV069^6.p,TH0,Theorem,timeout,na,2023,234,11,234,19,0,0,1,0,
no_iterative_deepening,SEV/SEV070^5.p,TH0,Theorem,timeout,na,2045,2811,168,2811,155,20,0,2,0,
no_iterative_deepening,SEV/SEV071^5.p,TH0,Theorem,timeout,na,2012,139,4,139,11,0,0,0,0,
no_iterative_deepening,SEV/SEV072^5.p,TH0,Theorem,timeout,na,2096,4353,265,4353,446,81,0,1,0,
no_iterative_deepening,SEV/SEV074^5.p,TH0,Theorem,timeout,na,2049,908,25,908,129,12,0,1,0,
no_iterative_deepening,SEV/SEV075^5.p,TH0,Theorem,timeout,na,2074,1335,29,1335,162,41,0,0,0,
no_iterative_deepening,SEV/SEV076^5.p,TH0,Theorem,timeout,na,2029,1033,81,1033,47,0,0,1,0,
no_iterative_deepening,SEV/SEV079^5.p,TH0,Theorem,thm,yes,16,6,0,6,1,1,0,0,0,
no_iterative_deepening,SEV/SEV080^5.p,TH0,Theorem,timeout,na,2097,1341,15,1341,160,49,0,0,0,
no_iterative_deepening,SEV/SEV081^5.p,TH0,Theorem,timeout,na,2022,439,16,439,46,0,0,1,0,
no_iterative_deepening,SEV/SEV082^5.p,TH0,Theorem,timeout,na,2020,478,18,478,52,0,0,2,0,
no_iterative_deepening,SEV/SEV083^5.p,TH0,Theorem,timeout,na,2024,493,17,493,56,0,0,1,0,
no_iterative_deepening,SEV/SEV084^5.p,TH0,Theorem,timeout,na,2024,444,11,444,63,0,0,2,0,
no_iterative_deepening,SEV/SEV085^5.p,TH0,Theorem,timeout,na,2039,383,5,383,41,23,0,1,0,
no_iterative_deepening,SEV/SEV086^5.p,TH0,Theorem,timeout,na,2023,238,9,238,31,0,0,1,0,
no_iterative_deepening,SEV/SEV087^5.p,TH0,Theorem,timeout,na,2031,320,3,320,60,0,0,1,0,
no_iterative_deepening,SEV/SEV088^5.p,TH0,Theorem,thm,yes,215,23,0,23,3,0,0,1,1,
no_iterative_deepening,SEV/SEV089^5.p,TH0,Theorem,timeout,na,2104,3107,46,3107,242,105,0,0,0,
no_iterative_deepening,SEV/SEV090^5.p,TH0,Theorem,timeout,na,2025,666,23,666,59,2,0,2,0,
no_iterative_deepening,SEV/SEV091^5.p,TH0,Theorem,timeout,na,2295,7694,223,7694,1966,48,0,3,0,
no_iterative_deepening,SEV/SEV092^5.p,TH0,Unknown,timeout,na,2076,996,40,996,121,0,0,1,0,
no_iterative_deepening,SEV/SEV093^5.p,TH0,Theorem,timeout,na,2057,1440,40,1440,139,1,0,0,0,
no_iterative_deepening,SEV/SEV094^5.p,TH0,Theorem,timeout,na,2074,2577,55,2577,230,44,0,0,0,
no_iterative_deepening,SEV/SEV095^5.p,TH0,Theorem,timeout,na,2028,254,14,254,16,2,0,0,0,
no_iterative_deepening,SEV/SEV096^5.p,TH0,Theorem,thm,yes,147,118,5,118,6,5,0,6,1,
no_iterative_deepening,SEV/SEV097^5.p,TH0,Theorem,thm,yes,75,23,1,23,2,0,0,1,1,
no_iterative_deepening,SEV/SEV098^5.p,TH0,CounterSatisfiable,timeout,na,2024,535,22,535,51,1,0,1,0,
no_iterative_deepening,SEV/SEV099^5.p,TH0,Unknown,timeout,na,2068,1012,22,1012,157,40,0,1,0,
no_iterative_deepening,SEV/SEV100^5.p,TH0,Theorem,timeout,na,2039,328,14,328,32,2,0,1,0,
no_iterative_deepening,SEV/SEV101^5.p,TH0,Theorem,timeout,na,2041,316,6,316,38,6,0,1,0,
no_iterative_deepening,SEV/SEV102^5.p,TH0,Theorem,timeout,na,2113,3638,60,3638,276,51,0,0,0,
no_iterative_deepening,SEV/SEV103^5.p,TH0,Unknown,timeout,na,2033,1449,67,1449,119,0,0,1,0,
no_iterative_deepening,SEV/SEV104^5.p,TH0,Theorem,timeout,na,2338,6149,184,6149,1761,55,0,1,0,
no_iterative_deepening,SEV/SEV105^5.p,TH0,Unknown,timeout,na,2057,1052,16,1052,183,24,0,1,0,
no_iterative_deepening,SEV/SEV106^5.p,TH0,Theorem,timeout,na,2150,3198,14,3198,291,16,0,0,0,
no_iterative_deepening,SEV/SEV107^5.p,TH0,Theorem,timeout,na,2151,3059,40,3059,613,153,0,1,0,
no_iterative_deepening,SEV/SEV108^5.p,TH0,Theorem,timeout,na,2312,7960,2,7960,304,381,0,0,0,
no_iterative_deepening,SEV/SEV109^5.p,TH0,Theorem,timeout,na,2042,761,39,761,73,8,0,1,0,
no_iterative_deepening,SEV/SEV113^5.p,TH0,Theorem,timeout,na,2032,139,3,139,17,0,0,0,0,
no_iterative_deepening,SEV/SEV114^5.p,TH0,Unknown,timeout,na,2044,378,29,378,23,0,0,3,0,
no_iterative_deepening,SEV/SEV115^5.p,TH0,Unknown,timeout,na,2046,158,4,158,17,0,0,1,0,
no_iterative_deepening,SEV/SEV116^5.p,TH0,Theorem,unk,na,140,19,1,19,3,0,0,0,0,
no_iterative_deepening,SEV/SEV117^5.p,TH0,Unknown,timeout,na,2052,1315,25,1315,204,18,0,1,0,
no_iterative_deepening,SEV/SEV118^5.p,TH0,Unknown,timeout,na,2079,1828,54,1828,180,23,0,0,0,
no_iterative_deepening,SEV/SEV119^5.p,TH0,Theorem,timeout,na,2051,815,13,815,126,13,0,0,0,
no_iterative_deepening,SEV/SEV120^5.p,TH0,Theorem,timeout,na,2042,1085,44,1085,76,32,0,1,0,
no_iterative_deepening,SEV/SEV121^5.p,TH0,Theorem,timeout,na,2006,175,2,175,12,19,0,3,0,
no_iterative_deepening,SEV/SEV122^5.p,TH0,Theorem,thm,yes,22,3,0,3,1,1,0,0,0,
no_iterative_deepening,SEV/SEV123^5.p,TH0,Theorem,timeout,na,2034,656,22,656,66,1,0,1,0,
no_iterative_deepening,SEV/SEV124^5.p,TH0,Theorem,timeout,na,2029,263,7,263,29,0,0,2,0,
no_iterative_deepening,SEV/SEV125^5.p,TH0,Theorem,timeout,na,2037,284,8,284,37,1,0,1,0,
no_iterative_deepening,SEV/SEV126^5.p,TH0,Theorem,timeout,na,2057,795,20,795,121,17,0,1,0,
no_iterative_deepening,SEV/SEV127^5.p,TH0,Theorem,timeout,na,2042,672,25,672,83,8,0,1,0,
no_iterative_deepening,SEV/SEV128^5.p,TH0,Theorem,timeout,na,2032,387,20,387,26,0,0,1,0,
no_iterative_deepening,SEV/SEV129^5.p,TH0,Theorem,timeout,na,2046,683,24,683,61,9,0,1,0,
no_iterative_deepening,SEV/SEV130^5.p,TH0,Theorem,timeout,na,2048,531,27,531,40,1,0,0,0,
no_iterative_deepening,SEV/SEV131^5.p,TH0,Theorem,thm,yes,54,21,1,21,3,0,0,3,1,
no_iterative_deepening,SEV/SEV132^5.p,TH0,Unknown,timeout,na,2038,1902,91,1902,135,20,0,2,0,
no_iterative_deepening,SEV/SEV133^5.p,TH0,Unknown,timeout,na,2041,1201,49,1201,127,15,0,1,0,
no_iterative_deepening,SEV/SEV134^5.p,TH0,Theorem,thm,yes,10,4,0,4,1,1,0,0,0,
no_iterative_deepening,SEV/SEV135^5.p,TH0,Theorem,thm,yes,51,15,1,15,2,0,0,1,1,
no_iterative_deepening,SEV/SEV136^5.p,TH0,Theorem,timeout,na,2035,807,21,807,121,0,0,2,0,
no_iterative_deepening,SEV/SEV137^5.p,TH0,Theorem,timeout,na,2038,1763,97,1763,116,0,0,2,0,
no_iterative_deepening,SEV/SEV138^5.p,TH0,Theorem,timeout,na,2033,1243,82,1243,73,0,0,1,0,
no_iterative_deepening,SEV/SEV140^5.p,TH0,Theorem,timeout,na,2036,575,30,575,46,1,0,1,0,
no_iterative_deepening,SEV/SEV141^5.p,TH0,Theorem,timeout,na,2072,939,35,939,107,9,0,0,0,
no_iterative_deepening,SEV/SEV143^5.p,TH0,Theorem,timeout,na,2058,1038,38,1038,120,1,0,0,0,
no_iterative_deepening,SEV/SEV144^5.p,TH0,Theorem,timeout,na,2203,1484,36,1484,172,17,0,0,0,
no_iterative_deepening,SEV/SEV146^5.p,TH0,Theorem,timeout,na,2100,1173,43,1173,165,8,0,0,0,
no_iterative_deepening,SEV/SEV148^5.p,TH0,Theorem,timeout,na,2039,294,14,294,26,4,0,1,0,
no_iterative_deepening,SEV/SEV149^5.p,TH0,Theorem,timeout,na,2057,902,16,902,70,51,0,1,0,
no_iterative_deepening,SEV/SEV150^5.p,TH0,Theorem,timeout,na,2055,869,27,869,89,13,0,0,0,
no_iterative_deepening,SEV/SEV152^5.p,TH0,Theorem,timeout,na,2079,1075,25,1075,164,2,0,0,0,
no_iterative_deepening,SEV/SEV153^5.p,TH0,Theorem,timeout,na,2070,1085,39,1085,144,2,0,0,0,
no_iterative_deepening,SEV/SEV154^5.p,TH0,Theorem,timeout,na,2066,1116,56,1116,107,2,0,0,0,
no_iterative_deepening,SEV/SEV155^5.p,TH0,Theorem,timeout,na,2087,1044,34,1044,148,2,0,0,0,
no_iterative_deepening,SEV/SEV156^5.p,TH0,Theorem,timeout,na,2111,1136,18,1136,199,2,0,0,0,
no_iterative_deepening,SEV/SEV157^5.p,TH0,Theorem,timeout,na,2118,1233,24,1233,202,2,0,0,0,
no_iterative_deepening,SEV/SEV158^5.p,TH0,Theorem,timeout,na,2023,218,8,218,31,0,0,1,0,
no_iterative_deepening,SEV/SEV159^5.p,TH0,Theorem,thm,yes,5,3,0,3,1,1,0,0,0,
no_iterative_deepening,SEV/SEV160^5.p,TH0,Theorem,thm,yes,4,1,0,1,1,1,0,0,0,
no_iterative_deepening,SEV/SEV161^5.p,TH0,Theorem,thm,yes,5,4,0,4,1,1,0,0,0,
no_iterative_deepening,SEV/SEV162^5.p,TH0,Theorem,unk,na,20,15,0,15,2,0,0,0,0,
no_iterative_deepening,SEV/SEV163^5.p,TH0,Theorem,timeout,na,2006,71,1,71,5,3,0,5,0,
no_iterative_deepening,SEV/SEV164^5.p,TH0,Theorem,thm,yes,25,25,0,25,3,1,0,1,1,
no_iterative_deepening,SEV/SEV165^5.p,TH0,Theorem,timeout,na,2010,15,0,15,3,0,0,0,0,
no_iterative_deepening,SEV/SEV166^5.p,TH0,Theorem,unk,na,83,66,0,66,7,5,0,0,0,
no_iterative_deepening,SEV/SEV167^5.p,TH0,Theorem,timeout,na,2044,1136,42,1136,100,29,0,1,0,
no_iterative_deepening,SEV/SEV168^5.p,TH0,Theorem,timeout,na,2010,91,6,91,5,3,0,1,0,
no_iterative_deepening,SEV/SEV169^5.p,TH0,Theorem,timeout,na,2034,1282,64,1282,91,14,0,4,0,
no_iterative_deepening,SEV/SEV170^5.p,TH0,Theorem,timeout,na,2077,1667,44,1667,205,56,0,0,0,
no_iterative_deepening,SEV/SEV171^5.p,TH0,Theorem,timeout,na,2033,619,24,619,56,10,0,0,0,
no_iterative_deepening,SEV/SEV172^5.p,TH0,CounterSatisfiable,timeout,na,2052,1789,66,1789,190,103,0,0,0,
no_iterative_deepening,SEV/SEV173^5.p,TH0,CounterSatisfiable,timeout,na,2052,1766,42,1766,198,123,0,0,0,
no_iterative_deepening,SEV/SEV174^5.p,TH0,Theorem,timeout,na,2032,1281,79,1281,80,10,0,1,0,
no_iterative_deepening,SEV/SEV175^5.p,TH0,Theorem,unk,na,23,7,0,7,2,0,0,1,0,
no_iterative_deepening,SEV/SEV176^5.p,TH0,Theorem,unk,na,19,16,0,16,3,1,0,0,0,
no_iterative_deepening,SEV/SEV177^5.p,TH0,Theorem,timeout,na,2056,2083,85,2083,186,13,0,1,0,
no_iterative_deepening,SEV/SEV179^5.p,TH0,Theorem,unk,na,21,8,0,8,2,0,0,1,0,
no_iterative_deepening,SEV/SEV180^5.p,TH0,CounterSatisfiable,unk,na,12,13,0,13,2,0,0,0,0,
no_iterative_deepening,SEV/SEV181^5.p,TH0,Theorem,timeout,na,2123,2334,50,2334,764,60,0,1,0,
no_iterative_deepening,SEV/SEV182^5.p,TH0,Unknown,timeout,na,2027,740,18,740,96,20,0,1,0,
no_iterative_deepening,SEV/SEV183^5.p,TH0,Theorem,timeout,na,2091,777,12,777,148,0,0,0,0,
no_iterative_deepening,SEV/SEV184^5.p,TH0,Unknown,timeout,na,2104,127,3,127,19,0,0,0,0,
no_iterative_deepening,SEV/SEV185^5.p,TH0,Theorem,timeout,na,2038,1347,76,1347,93,7,0,1,0,
no_iterative_deepening,SEV/SEV186^5.p,TH0,Theorem,timeout,na,2040,995,55,995,75,8,0,1,0,
no_iterative_deepening,SEV/SEV187^5.p,TH0,Theorem,thm,yes,7,2,0,2,1,1,0,0,0,
no_iterative_deepening,SEV/SEV188^5.p,TH0,Theorem,thm,yes,5,2,0,2,1,1,0,0,0,
no_iterative_deepening,SEV/SEV189^5.p,TH0,Theorem,timeout,na,2044,698,11,698,100,12,0,0,0,
no_iterative_deepening,SEV/SEV190^5.p,TH0,Theorem,timeout,na,2067,1578,59,1578,158,10,0,1,0,
no_iterative_deepening,SEV/SEV191^5.p,TH0,Theorem,timeout,na,2211,3988,126,3988,194,25,0,0,0,
no_iterative_deepening,SEV/SEV192^5.p,TH0,Theorem,timeout,na,2072,109,2,109,10,0,0,1,0,
no_iterative_deepening,SEV/SEV193^5.p,TH0,Unknown,timeout,na,2009,25,0,25,3,0,0,1,0,
no_iterative_deepening,SEV/SEV194^5.p,TH0,Theorem,timeout,na,2032,441,14,441,80,11,0,0,0,
no_iterative_deepening,SEV/SEV195^5.p,TH0,Theorem,timeout,na,2057,1899,48,1899,211,59,0,2,0,
no_iterative_deepening,SEV/SEV196^5.p,TH0,Theorem,timeout,na,2035,416,11,416,86,2,0,0,0,
no_iterative_deepening,SEV/SEV197^5.p,TH0,Theorem,thm,yes,26,1,0,1,1,1,0,0,0,
no_iterative_deepening,SEV/SEV198^5.p,TH0,Theorem,timeout,na,2032,246,7,246,38,7,0,1,0,
no_iterative_deepening,SEV/SEV199^5.p,TH0,Theorem,timeout,na,2050,885,40,885,88,31,0,0,0,
no_iterative_deepening,SEV/SEV200^5.p,TH0,Theorem,timeout,na,2060,897,16,897,111,36,0,1,0,
no_iterative_deepening,SEV/SEV203^5.p,TH0,Theorem,timeout,na,2056,869,18,869,117,26,0,1,0,
no_iterative_deepening,SEV/SEV204^5.p,TH0,Theorem,timeout,na,2050,874,21,874,117,19,0,1,0,
no_iterative_deepening,SEV/SEV205^5.p,TH0,Theorem,timeout,na,2085,2274,79,2274,339,42,0,1,0,
no_iterative_deepening,SEV/SEV206^5.p,TH0,Theorem,timeout,na,2040,338,11,338,46,1,0,2,0,
no_iterative_deepening,SEV/SEV207^5.p,TH0,Theorem,timeout,na,2045,355,14,355,25,5,0,2,0,
no_iterative_deepening,SEV/SEV208^5.p,TH0,Theorem,timeout,na,2044,182,10,182,14,0,0,5,0,
no_iterative_deepening,SEV/SEV209^5.p,TH0,Unknown,timeout,na,2057,136,6,136,17,2,0,0,0,
no_iterative_deepening,SEV/SEV210^5.p,TH0,Theorem,timeout,na,2055,184,7,184,20,0,0,2,0,
no_iterative_deepening,SEV/SEV211^5.p,TH0,Unknown,timeout,na,2056,313,10,313,33,3,0,2,0,
no_iterative_deepening,SEV/SEV212^5.p,TH0,Theorem,timeout,na,2054,177,3,177,18,0,0,0,0,
no_iterative_deepening,SEV/SEV213^5.p,TH0,Unknown,timeout,na,2081,427,12,427,52,5,0,1,0,
no_iterative_deepening,SEV/SEV214^5.p,TH0,Theorem,timeout,na,2052,1750,45,1750,218,50,0,1,0,
no_iterative_deepening,SEV/SEV215^5.p,TH0,Unknown,timeout,na,2103,314,11,314,37,0,0,0,0,
no_iterative_deepening,SEV/SEV216^5.p,TH0,Unknown,timeout,na,2103,71,5,71,5,0,0,0,0,
no_iterative_deepening,SEV/SEV217^5.p,TH0,Unknown,timeout,na,2154,57,5,57,2,0,0,0,0,
no_iterative_deepening,SEV/SEV218^5.p,TH0,Theorem,timeout,na,2196,5089,60,5089,1151,127,0,1,0,
no_iterative_deepening,SEV/SEV219^5.p,TH0,Unknown,timeout,na,2096,122,3,122,16,0,0,0,0,
no_iterative_deepening,SEV/SEV220^5.p,TH0,Theorem,timeout,na,2071,2736,84,2734,333,57,0,3,0,
no_iterative_deepening,SEV/SEV221^5.p,TH0,Theorem,unk,na,47,41,0,41,6,2,0,0,0,
no_iterative_deepening,SEV/SEV222^5.p,TH0,Theorem,unk,na,45,24,1,24,3,0,0,0,0,
no_iterative_deepening,SEV/SEV223^5.p,TH0,Theorem,timeout,na,2052,1839,82,1839,138,54,0,0,0,
no_iterative_deepening,SEV/SEV224^5.p,TH0,Theorem,timeout,na,2016,141,3,141,12,9,0,2,0,
no_iterative_deepening,SEV/SEV225^5.p,TH0,Theorem,thm,yes,16,7,0,7,1,0,0,1,1,
no_iterative_deepening,SEV/SEV226^5.p,TH0,CounterSatisfiable,timeout,na,2063,1261,45,1261,147,0,0,1,0,
no_iterative_deepening,SEV/SEV227^5.p,TH0,Theorem,unk,na,89,115,0,115,9,11,0,0,0,
no_iterative_deepening,SEV/SEV228^5.p,TH0,Theorem,timeout,na,2086,2713,49,2713,252,268,0,1,0,
no_iterative_deepening,SEV/SEV229^5.p,TH0,Theorem,unk,na,44,54,0,54,8,1,0,0,0,
no_iterative_deepening,SEV/SEV230^5.p,TH0,Theorem,unk,na,53,49,1,49,7,3,0,0,0,
no_iterative_deepening,SEV/SEV231^5.p,TH0,Theorem,timeout,na,2076,2338,36,2338,455,100,0,1,0,
no_iterative_deepening,SEV/SEV232^5.p,TH0,Theorem,thm,yes,13,1,0,1,1,1,0,0,0,
no_iterative_deepening,SEV/SEV233^5.p,TH0,Theorem,thm,yes,42,87,0,87,11,7,0,1,1,
no_iterative_deepening,SEV/SEV234^5.p,TH0,Theorem,timeout,na,2037,600,21,600,79,10,0,1,0,
no_iterative_deepening,SEV/SEV235^5.p,TH0,Theorem,timeout,na,2008,320,0,320,34,48,0,2,0,
no_iterative_deepening,SEV/SEV236^5.p,TH0,Theorem,timeout,na,2027,628,37,628,38,3,0,1,0,
no_iterative_deepening,SEV/SEV237^5.p,TH0,Theorem,unk,na,61,35,0,35,6,0,0,0,0,
no_iterative_deepening,SEV/SEV238^5.p,TH0,Theorem,timeout,na,2042,644,29,644,62,2,0,1,0,
no_iterative_deepening,SEV/SEV239^5.p,TH0,Theorem,timeout,na,2059,3095,140,3095,146,108,0,0,0,
no_iterative_deepening,SEV/SEV240^5.p,TH0,Theorem,unk,na,20,10,0,10,2,0,0,0,0,
no_iterative_deepening,SEV/SEV241^5.p,TH0,Theorem,thm,yes,27,12,0,12,2,2,0,0,0,
no_iterative_deepening,SEV/SEV242^5.p,TH0,Theorem,timeout,na,2037,890,22,890,130,13,0,1,0,
no_iterative_deepening,SEV/SEV243^5.p,TH0,Theorem,timeout,na,2033,1035,54,1035,73,14,0,1,0,
no_iterative_deepening,SEV/SEV244^6.p,TH0,Theorem,timeout,na,2026,826,45,826,58,6,0,1,0,
no_iterative_deepening,SEV/SEV245^5.p,TH0,Theorem,timeout,na,2037,1333,82,1333,77,7,0,1,0,
no_iterative_deepening,SEV/SEV245^6.p,TH0,Theorem,timeout,na,2031,1199,76,1199,64,9,0,1,0,
no_iterative_deepening,SEV/SEV246^5.p,TH0,Theorem,timeout,na,2027,756,52,756,36,0,0,5,0,
no_iterative_deepening,SEV/SEV246^6.p,TH0,Theorem,timeout,na,2029,1139,80,1139,54,2,0,5,0,
no_iterative_deepening,SEV/SEV248^5.p,TH0,Theorem,timeout,na,2041,1080,13,1080,185,49,0,0,0,
no_iterative_deepening,SEV/SEV249^5.p,TH0,Theorem,timeout,na,2027,602,20,602,74,4,0,1,0,
no_iterative_deepening,SEV/SEV250^5.p,TH0,Unknown,timeout,na,2028,475,17,475,62,0,0,0,0,
no_iterative_deepening,SEV/SEV251^5.p,TH0,CounterSatisfiable,timeout,na,2035,1196,63,1196,90,0,0,1,0,
no_iterative_deepening,SEV/SEV252^5.p,TH0,Theorem,timeout,na,2031,1006,60,1006,64,5,0,1,0,
no_iterative_deepening,SEV/SEV253^5.p,TH0,Theorem,timeout,na,2029,190,4,190,39,0,0,0,0,
no_iterative_deepening,SEV/SEV254^5.p,TH0,Theorem,timeout,na,2053,650,8,650,108,4,0,0,0,
no_iterative_deepening,SEV/SEV256^5.p,TH0,Theorem,unk,na,29,15,0,15,2,0,0,0,0,
no_iterative_deepening,SEV/SEV257^5.p,TH0,Theorem,timeout,na,2059,1651,38,1651,192,64,0,0,0,
no_iterative_deepening,SEV/SEV258^5.p,TH0,Theorem,thm,yes,21,13,0,13,2,3,0,0,0,
no_iterative_deepening,SEV/SEV259^5.p,TH0,Theorem,timeout,na,2040,390,7,390,55,0,0,1,0,
no_iterative_deepening,SEV/SEV260^5.p,TH0,Theorem,timeout,na,2127,1392,60,1392,135,0,0,0,0,
no_iterative_deepening,SEV/SEV261^5.p,TH0,Theorem,timeout,na,2039,860,39,860,105,23,0,0,0,
no_iterative_deepening,SEV/SEV262^5.p,TH0,Theorem,timeout,na,2044,710,31,710,81,4,0,1,0,
no_iterative_deepening,SEV/SEV263^5.p,TH0,Theorem,timeout,na,2026,639,25,639,63,0,0,1,0,
no_iterative_deepening,SEV/SEV264^5.p,TH0,Unknown,timeout,na,2037,878,29,878,91,25,0,1,0,
no_iterative_deepening,SEV/SEV265^5.p,TH0,Unknown,timeout,na,2038,692,16,692,107,6,0,1,0,
no_iterative_deepening,SEV/SEV266^5.p,TH0,Theorem,timeout,na,2048,918,25,918,114,17,0,0,0,
no_iterative_deepening,SEV/SEV267^5.p,TH0,Theorem,timeout,na,2035,922,33,922,86,26,0,0,0,
no_iterative_deepening,SEV/SEV268^5.p,TH0,Unknown,timeout,na,2054,434,12,434,87,1,0,0,0,
no_iterative_deepening,SEV/SEV269^5.p,TH0,Unknown,timeout,na,2039,816,35,816,75,8,0,0,0,
no_iterative_deepening,SEV/SEV270^5.p,TH0,Unknown,timeout,na,2040,689,45,689,36,0,0,1,0,
no_iterative_deepening,SEV/SEV271^5.p,TH0,Unknown,timeout,na,2106,938,38,938,103,1,0,0,0,
no_iterative_deepening,SEV/SEV272^5.p,TH0,Theorem,thm,yes,24,1,0,1,1,1,0,0,0,
no_iterative_deepening,SEV/SEV273^5.p,TH0,Theorem,timeout,na,2047,1303,25,1303,187,4,0,2,0,
no_iterative_deepening,SEV/SEV274^5.p,TH0,Theorem,timeout,na,2048,1446,41,1446,179,0,0,2,0,
no_iterative_deepening,SEV/SEV275^5.p,TH0,Unknown,timeout,na,2019,1352,106,1352,39,0,0,2,0,
no_iterative_deepening,SEV/SEV276^5.p,TH0,Theorem,timeout,na,2055,1159,18,1159,134,49,0,2,0,
no_iterative_deepening,SEV/SEV277^5.p,TH0,Unknown,timeout,na,2054,1344,17,1344,199,0,0,2,0,
no_iterative_deepening,SEV/SEV278^5.p,TH0,Unknown,timeout,na,2030,567,20,567,45,8,0,2,0,
no_iterative_deepening,SEV/SEV279^5.p,TH0,Unknown,timeout,na,2036,814,35,814,57,24,0,2,0,
no_iterative_deepening,SEV/SEV280^5.p,TH0,Unknown,timeout,na,2049,1396,62,1396,142,9,0,1,0,
no_iterative_deepening,SEV/SEV281^5.p,TH0,Unknown,timeout,na,2032,665,38,665,46,0,0,3,0,
no_iterative_deepening,SEV/SEV282^5.p,TH0,Theorem,thm,yes,19,3,0,3,1,1,0,0,0,
no_iterative_deepening,SEV/SEV285^5.p,TH0,Theorem,timeout,na,2003,84,4,84,5,3,0,4,0,
no_iterative_deepening,SEV/SEV286^5.p,TH0,Theorem,thm,yes,13,11,1,11,1,1,0,0,0,
no_iterative_deepening,SEV/SEV288^5.p,TH0,Theorem,timeout,na,2002,77,3,77,5,3,0,4,0,
no_iterative_deepening,SEV/SEV289^5.p,TH0,Theorem,timeout,na,2016,103,4,103,14,0,0,1,0,
no_iterative_deepening,SEV/SEV290^5.p,TH0,Theorem,thm,yes,41,5,0,5,1,0,0,1,1,
no_iterative_deepening,SEV/SEV291^5.p,TH0,Theorem,timeout,na,2021,132,5,132,17,0,0,1,0,
no_iterative_deepening,SEV/SEV292^5.p,TH0,Theorem,unk,na,88,22,0,22,4,0,0,0,0,
no_iterative_deepening,SEV/SEV293^5.p,TH0,Theorem,timeout,na,2064,3708,189,3708,278,70,0,1,0,
no_iterative_deepening,SEV/SEV294^5.p,TH0,Theorem,timeout,na,2032,297,7,297,47,0,0,1,0,
no_iterative_deepening,SEV/SEV295^5.p,TH0,Theorem,timeout,na,2035,217,11,217,24,0,0,1,0,
no_iterative_deepening,SEV/SEV296^5.p,TH0,CounterSatisfiable,timeout,na,2032,165,2,165,12,6,0,2,0,
no_iterative_deepening,SEV/SEV297^5.p,TH0,Unknown,timeout,na,2029,566,27,566,42,0,0,1,0,
no_iterative_deepening,SEV/SEV298^5.p,TH0,CounterSatisfiable,unk,na,38,10,0,10,3,0,0,0,0,
no_iterative_deepening,SEV/SEV299^5.p,TH0,Theorem,timeout,na,2026,177,2,177,23,7,0,3,0,
no_iterative_deepening,SEV/SEV300^5.p,TH0,Theorem,timeout,na,2065,3496,191,3496,233,71,0,1,0,
no_iterative_deepening,SEV/SEV301^5.p,TH0,Unknown,timeout,na,2032,303,6,303,31,8,0,1,0,
no_iterative_deepening,SEV/SEV302^5.p,TH0,Theorem,timeout,na,2044,309,5,309,45,14,0,1,0,
no_iterative_deepening,SEV/SEV303^5.p,TH0,Theorem,timeout,na,2054,296,1,296,48,8,0,1,0,
no_iterative_deepening,SEV/SEV304^5.p,TH0,CounterSatisfiable,timeout,na,2046,891,62,891,52,0,0,0,0,
no_iterative_deepening,SEV/SEV305^5.p,TH0,Theorem,timeout,na,2059,708,18,708,187,25,0,4,0,
no_iterative_deepening,SEV/SEV305^6.p,TH0,Theorem,timeout,na,2050,1235,32,1235,202,55,0,4,0,
no_iterative_deepening,SEV/SEV306^5.p,TH0,Theorem,timeout,na,2031,1143,63,1143,60,32,0,2,0,
no_iterative_deepening,SEV/SEV308^5.p,TH0,Theorem,timeout,na,2048,939,49,939,74,8,0,2,0,
no_iterative_deepening,SEV/SEV309^5.p,TH0,Theorem,timeout,na,2042,1466,103,1466,82,5,0,1,0,
no_iterative_deepening,SEV/SEV310^5.p,TH0,Theorem,timeout,na,2024,1052,66,1052,58,2,0,5,0,
no_iterative_deepening,SEV/SEV311^5.p,TH0,Theorem,timeout,na,2038,963,57,963,69,12,0,1,0,
no_iterative_deepening,SEV/SEV312^5.p,TH0,Theorem,timeout,na,2030,851,49,851,81,13,0,4,0,
no_iterative_deepening,SEV/SEV313^5.p,TH0,Unknown,timeout,na,2034,661,25,661,82,0,0,0,0,
no_iterative_deepening,SEV/SEV314^5.p,TH0,Unknown,timeout,na,2043,358,6,358,55,0,0,0,0,
no_iterative_deepening,SEV/SEV315^5.p,TH0,Unknown,timeout,na,2044,217,4,217,44,0,0,0,0,
no_iterative_deepening,SEV/SEV316^5.p,TH0,CounterSatisfiable,timeout,na,2063,214,9,214,25,2,0,0,0,
no_iterative_deepening,SEV/SEV317^5.p,TH0,Theorem,timeout,na,2048,1281,88,1281,105,0,0,1,0,
no_iterative_deepening,SEV/SEV318^5.p,TH0,Theorem,timeout,na,2047,1326,93,1326,98,0,0,1,0,
no_iterative_deepening,SEV/SEV319^5.p,TH0,Theorem,timeout,na,2041,1669,126,1669,113,0,0,1,0,
no_iterative_deepening,SEV/SEV319^6.p,TH0,Theorem,timeout,na,2035,896,48,896,101,0,0,1,0,
no_iterative_deepening,SEV/SEV321^5.p,TH0,Theorem,timeout,na,2050,1638,124,1638,103,0,0,1,0,
no_iterative_deepening,SEV/SEV322^5.p,TH0,CounterSatisfiable,csa,yes,4,1,0,1,1,0,1,0,0,cGVB_IN z cGVB_ZERO
no_iterative_deepening,SEV/SEV323^5.p,TH0,CounterSatisfiable,csa,yes,6,4,0,4,2,0,1,0,0,cGVB_IN z cGVB_V  ¬(cGVB_M z)
no_iterative_deepening,SEV/SEV324^5.p,TH0,CounterSatisfiable,csa,yes,10,7,0,7,2,0,1,0,0,C[TMAKG] (cGVB_SING x)  ¬(C[TMAKG] (cGVB_NOP x x))
no_iterative_deepening,SEV/SEV325^5.p,TH0,CounterSatisfiable,csa,yes,3,3,0,3,1,0,1,0,0,cGVB_IN x y  ¬(cGVB_M x)
no_iterative_deepening,SEV/SEV326^5.p,TH0,CounterSatisfiable,csa,yes,10,8,0,8,2,0,1,0,0,C[1RZM9S] (cGVB_SUCC x)  ¬(C[1RZM9S] (cGVB_UNION x (cGVB_SING x)))
no_iterative_deepening,SEV/SEV327^5.p,TH0,CounterSatisfiable,csa,yes,7,10,0,10,3,0,1,0,0,cGVB_FUNCTION z  ¬(cGVB_RELATION z)
no_iterative_deepening,SEV/SEV328^5.p,TH0,CounterSatisfiable,csa,yes,12,9,0,9,2,0,1,0,0,C[15VPQX] (cGVB_RESTRICT x y)  ¬(C[15VPQX] (cGVB_INTERSECT x (cGVB_CROSS y cGVB_V)))
no_iterative_deepening,SEV/SEV329^5.p,TH0,CounterSatisfiable,csa,yes,7,10,0,10,3,0,1,0,0,cGVB_ONE_ONE f  ¬(cGVB_FUNCTION f)
no_iterative_deepening,SEV/SEV330^5.p,TH0,CounterSatisfiable,csa,yes,11,7,0,7,2,0,1,0,0,C[18OC45] (cGVB_UNION x y)  ¬(C[18OC45] (cGVB_COMPLEMENT (cGVB_INTERSECT (cGVB_COMPLEMENT x) (cGVB_COMPLEMENT y))))
no_iterative_deepening,SEV/SEV331^5.p,TH0,CounterSatisfiable,csa,yes,11,9,0,9,2,0,1,0,0,C[22KBCM] (cGVB_OP x y)  ¬(C[22KBCM] (cGVB_NOP (cGVB_SING x) (cGVB_NOP x y)))
no_iterative_deepening,SEV/SEV332^5.p,TH0,CounterSatisfiable,csa,yes,11,7,0,7,2,0,1,0,0,C[4CWJH] (cGVB_APP2 f x y)  ¬(C[4CWJH] (cGVB_APPLY f (cGVB_OP x y)))
no_iterative_deepening,SEV/SEV333^5.p,TH0,CounterSatisfiable,csa,yes,8,8,0,8,3,0,1,0,0,cGVB_IN z (cGVB_POWERSET x)  ¬(cGVB_M z)
no_iterative_deepening,SEV/SEV334^5.p,TH0,CounterSatisfiable,csa,yes,8,7,0,7,3,0,1,0,0,cGVB_IN z (cGVB_COMPLEMENT x)  ¬(cGVB_M z)
no_iterative_deepening,SEV/SEV335^5.p,TH0,CounterSatisfiable,csa,yes,9,10,0,10,3,0,1,0,0,cGVB_PROP_SUBSET x y  ¬(cGVB_SUBSET x y)
no_iterative_deepening,SEV/SEV336^5.p,TH0,CounterSatisfiable,unk,na,13,13,0,13,3,0,0,0,0,
no_iterative_deepening,SEV/SEV337^5.p,TH0,CounterSatisfiable,csa,yes,10,9,0,9,3,0,1,0,0,cGVB_IN z cGVB_ESTIN  ¬(cGVB_M z)
no_iterative_deepening,SEV/SEV338^5.p,TH0,CounterSatisfiable,csa,yes,12,11,0,11,3,0,1,0,0,¬(cGVB_M z)  cGVB_IN z cGVB_IDENT
no_iterative_deepening,SEV/SEV339^5.p,TH0,CounterSatisfiable,csa,yes,12,10,0,10,3,0,1,0,0,cGVB_IN z (cGVB_INTERSECT x y)  ¬(cGVB_M z)
no_iterative_deepening,SEV/SEV340^5.p,TH0,CounterSatisfiable,unk,na,15,16,0,16,4,1,0,0,0,
no_iterative_deepening,SEV/SEV341^5.p,TH0,CounterSatisfiable,csa,yes,13,9,0,9,3,0,1,0,0,cGVB_CLOSED x f  ¬(cGVB_M x)
no_iterative_deepening,SEV/SEV342^5.p,TH0,CounterSatisfiable,csa,yes,11,9,0,9,3,0,1,0,0,cGVB_IN u (cGVB_NOP x y)  ¬(cGVB_M u)
no_iterative_deepening,SEV/SEV343^5.p,TH0,CounterSatisfiable,unk,na,25,41,0,41,6,3,0,0,0,
no_iterative_deepening,SEV/SEV344^5.p,TH0,CounterSatisfiable,unk,na,17,23,0,23,4,0,0,0,0,
no_iterative_deepening,SEV/SEV345^5.p,TH0,CounterSatisfiable,csa,yes,14,10,0,10,3,0,1,0,0,cGVB_MAPS f x y  ¬(cGVB_FUNCTION f)
no_iterative_deepening,SEV/SEV346^5.p,TH0,CounterSatisfiable,unk,na,18,16,0,16,4,0,0,0,0,
no_iterative_deepening,SEV/SEV347^5.p,TH0,CounterSatisfiable,csa,yes,13,8,0,8,3,0,1,0,0,cGVB_IN z (cGVB_CONVERSE x)  ¬(cGVB_M z)
no_iterative_deepening,SEV/SEV348^5.p,TH0,CounterSatisfiable,unk,na,22,26,1,26,4,1,0,0,0,
no_iterative_deepening,SEV/SEV349^5.p,TH0,CounterSatisfiable,unk,na,18,23,0,23,5,0,0,0,0,
no_iterative_deepening,SEV/SEV350^5.p,TH0,CounterSatisfiable,csa,yes,24,26,1,26,4,0,1,0,0,cGVB_IN z (cGVB_SIGMA x)  ¬(cGVB_M z)  cGVB_IN z C[XH0HH]  cGVB_M C[XH0HH]  cGVB_IN C[XH0HH] x
no_iterative_deepening,SEV/SEV351^5.p,TH0,CounterSatisfiable,csa,yes,16,9,0,9,3,0,1,0,0,cGVB_IN z (cGVB_CROSS x y)  ¬(cGVB_M z)
no_iterative_deepening,SEV/SEV352^5.p,TH0,CounterSatisfiable,unk,na,38,48,2,48,7,2,0,0,0,
no_iterative_deepening,SEV/SEV354^5.p,TH0,CounterSatisfiable,unk,na,27,18,0,18,4,0,0,0,0,
no_iterative_deepening,SEV/SEV355^5.p,TH0,CounterSatisfiable,unk,na,40,48,2,48,6,1,0,0,0,
no_iterative_deepening,SEV/SEV356^5.p,TH0,CounterSatisfiable,unk,na,44,50,2,50,7,1,0,0,0,
no_iterative_deepening,SEV/SEV357^5.p,TH0,CounterSatisfiable,timeout,na,2126,4463,55,4463,292,94,0,0,0,
no_iterative_deepening,SEV/SEV358^5.p,TH0,CounterSatisfiable,unk,na,50,61,3,61,8,2,0,0,0,
no_iterative_deepening,SEV/SEV359^5.p,TH0,CounterSatisfiable,unk,na,34,17,0,17,4,0,0,0,0,
no_iterative_deepening,SEV/SEV360^5.p,TH0,CounterSatisfiable,unk,na,48,48,2,48,6,1,0,0,0,
no_iterative_deepening,SEV/SEV361^5.p,TH0,CounterSatisfiable,unk,na,71,43,1,43,7,0,0,0,0,
no_iterative_deepening,SEV/SEV362^5.p,TH0,CounterSatisfiable,unk,na,72,48,2,48,4,1,0,0,0,
no_iterative_deepening,SEV/SEV363^5.p,TH0,CounterSatisfiable,unk,na,71,50,2,50,5,1,0,0,0,
no_iterative_deepening,SEV/SEV364^5.p,TH0,CounterSatisfiable,unk,na,86,58,3,58,6,1,0,0,0,
no_iterative_deepening,SEV/SEV365^5.p,TH0,CounterSatisfiable,csa,yes,173,170,3,170,25,5,1,0,0,cGVB_IN C[1M7CBP] s1  cGVB_IN C[OMJ9I] s1  cGVB_HOMOM h s1 f1 s2 f2  cGVB_CLOSED s1 f1  cGVB_CLOSED s2 f2  cGVB_MAPS h s1 s2  C[1IN93J] (cGVB_APPLY h (cGVB_APP2 f1 C[1M7CBP] C[OMJ9I]))  ¬(C[1IN93J] (c
no_iterative_deepening,SEV/SEV366^5.p,TH0,CounterSatisfiable,csa,yes,3,1,0,1,1,0,1,0,0,¬(cGVB_M (cGVB_OP a b))
no_iterative_deepening,SEV/SEV368^5.p,TH0,CounterSatisfiable,csa,yes,4,3,0,3,1,0,1,0,0,¬(cGVB_M (cGVB_POWERSET u))  cGVB_M u
no_iterative_deepening,SEV/SEV369^5.p,TH0,CounterSatisfiable,csa,yes,6,5,0,5,1,0,1,0,0,¬(cGVB_M (cGVB_IMAGE x f))  cGVB_M x  cGVB_FUNCTION f
no_iterative_deepening,SEV/SEV370^5.p,TH0,CounterSatisfiable,csa,yes,11,7,0,7,1,0,1,0,0,cGVB_M C[1T5TMC]  cGVB_M C[1SWECY]  ¬(cGVB_M (cGVB_COMPOSE C[1T5TMC] C[1SWECY]))
no_iterative_deepening,SEV/SEV371^5.p,TH0,CounterSatisfiable,csa,yes,19,13,0,13,2,0,1,0,0,cGVB_M C[1J2HYW]  cGVB_M C[1HXPWF]  C[FUWG9] (cGVB_SECOND (cGVB_OP C[1J2HYW] C[1HXPWF]))  ¬(C[FUWG9] C[1HXPWF])
no_iterative_deepening,SEV/SEV372^5.p,TH0,CounterSatisfiable,csa,yes,18,13,0,13,2,0,1,0,0,cGVB_M C[QAW80]  cGVB_M C[258R9A]  C[1UCXMJ] (cGVB_FIRST (cGVB_OP C[QAW80] C[258R9A]))  ¬(C[1UCXMJ] C[QAW80])
no_iterative_deepening,SEV/SEV373^5.p,TH0,CounterSatisfiable,csa,yes,16,9,0,9,2,0,1,0,0,C[BBFL3] (cGVB_COMPOSE C[1ACP7R] (cGVB_COMPOSE C[1BRQOC] C[1BY9RA]))  ¬(C[BBFL3] (cGVB_COMPOSE (cGVB_COMPOSE C[1ACP7R] C[1BRQOC]) C[1BY9RA]))
no_iterative_deepening,SEV/SEV374^5.p,TH0,CounterSatisfiable,unk,na,48,36,0,36,5,3,0,0,0,
no_iterative_deepening,SEV/SEV375^5.p,TH0,CounterSatisfiable,timeout,na,2043,2705,151,2705,103,4,0,0,0,
no_iterative_deepening,SEV/SEV376^5.p,TH0,CounterSatisfiable,csa,yes,13,5,0,5,1,0,1,0,0,¬(cGVB_HOMOM (cGVB_COMPOSE h2 h1) s1 f1 s3 f3)  cGVB_HOMOM h1 s1 f1 s2 f2  cGVB_HOMOM h2 s2 f2 s3 f3
no_iterative_deepening,SEV/SEV377^5.p,TH0,CounterSatisfiable,csa,yes,26,14,0,14,2,0,1,0,0,cGVB_FUNCTION C[RJ57U]  cGVB_IN C[2LVN7] (cGVB_DOMAIN C[RJ57U])  C[113Y8P] (cGVB_APPLY C[21LU6P] (cGVB_APPLY C[RJ57U] C[2LVN7]))  ¬(C[113Y8P] (cGVB_APPLY (cGVB_COMPOSE C[21LU6P] C[RJ57U]) C[2LVN7]))
no_iterative_deepening,SEV/SEV378^5.p,TH0,CounterSatisfiable,unk,na,49,58,0,58,6,2,0,0,0,
no_iterative_deepening,SEV/SEV379^5.p,TH0,CounterSatisfiable,unk,na,96,61,2,61,5,3,0,0,0,
no_iterative_deepening,SEV/SEV380^5.p,TH0,CounterSatisfiable,unk,na,111,227,3,227,20,15,0,0,0,
no_iterative_deepening,SEV/SEV381^5.p,TH0,CounterSatisfiable,unk,na,93,63,2,63,7,2,0,0,0,
no_iterative_deepening,SEV/SEV382^5.p,TH0,Theorem,timeout,na,2097,2884,45,2884,393,52,0,1,0,
no_iterative_deepening,SEV/SEV383^5.p,TH0,Theorem,thm,yes,5,2,0,2,1,0,0,1,1,
no_iterative_deepening,SEV/SEV384^5.p,TH0,Theorem,timeout,na,2076,2143,85,2143,261,23,0,1,0,
no_iterative_deepening,SEV/SEV385^5.p,TH0,Theorem,timeout,na,2050,2549,132,2549,214,31,0,1,0,
no_iterative_deepening,SEV/SEV386^5.p,TH0,Theorem,timeout,na,2079,3824,138,3824,400,66,0,1,0,
no_iterative_deepening,SEV/SEV387^5.p,TH0,Theorem,thm,yes,23,4,0,4,1,1,0,0,0,
no_iterative_deepening,SEV/SEV388^5.p,TH0,Theorem,thm,yes,6,3,0,3,1,1,0,0,0,
no_iterative_deepening,SEV/SEV389^5.p,TH0,Theorem,unk,na,11,11,0,11,2,0,0,0,0,
no_iterative_deepening,SEV/SEV390^5.p,TH0,Theorem,thm,yes,11,11,0,11,2,0,0,1,1,
no_iterative_deepening,SEV/SEV391^5.p,TH0,Theorem,unk,na,33,17,0,17,3,1,0,3,0,
no_iterative_deepening,SEV/SEV392^5.p,TH0,Theorem,unk,na,15,14,0,14,2,0,0,0,0,
no_iterative_deepening,SEV/SEV393^5.p,TH0,Theorem,thm,yes,15,16,0,16,2,0,0,1,1,
no_iterative_deepening,SEV/SEV394^5.p,TH0,Theorem,unk,na,39,36,1,36,5,2,0,0,0,
no_iterative_deepening,SEV/SEV396^5.p,TH0,Theorem,thm,yes,19,34,0,34,4,1,0,1,1,
no_iterative_deepening,SEV/SEV397^5.p,TH0,Theorem,thm,yes,6,2,0,2,1,1,0,0,0,
no_iterative_deepening,SEV/SEV398^5.p,TH0,Theorem,timeout,na,2025,1195,87,1195,41,12,0,1,0,
no_iterative_deepening,SEV/SEV399^5.p,TH0,Theorem,timeout,na,2027,637,41,637,36,2,0,1,0,
no_iterative_deepening,SEV/SEV400^5.p,TH0,Theorem,timeout,na,2021,754,45,754,55,0,0,2,0,
no_iterative_deepening,SEV/SEV401^5.p,TH0,Theorem,timeout,na,2034,1287,89,1287,73,1,0,1,0,
no_iterative_deepening,SEV/SEV402^5.p,TH0,Theorem,timeout,na,2025,750,43,750,50,4,0,2,0,
no_iterative_deepening,SEV/SEV403^5.p,TH0,Theorem,timeout,na,2049,1321,89,1321,62,8,0,1,0,
no_iterative_deepening,SEV/SEV404^5.p,TH0,Theorem,timeout,na,2020,863,52,863,60,0,0,2,0,
no_iterative_deepening,SEV/SEV405^5.p,TH0,Theorem,thm,yes,18,12,0,12,3,1,0,2,1,
no_iterative_deepening,SEV/SEV406^5.p,TH0,Theorem,unk,na,24,49,0,49,7,1,0,0,0,
no_iterative_deepening,SEV/SEV408^5.p,TH0,Theorem,thm,yes,23,4,0,4,1,0,0,1,1,
no_iterative_deepening,SEV/SEV409^5.p,TH0,Theorem,thm,yes,53,7,0,7,1,0,0,1,1,
no_iterative_deepening,SEV/SEV410^5.p,TH0,Theorem,unk,na,27,44,0,44,6,4,0,0,0,
no_iterative_deepening,SEV/SEV411^5.p,TH0,Theorem,thm,yes,4,1,0,1,1,1,0,0,0,
no_iterative_deepening,SEV/SEV412^5.p,TH0,Theorem,thm,yes,6,1,0,1,1,1,0,0,0,
no_iterative_deepening,SEV/SEV413^5.p,TH0,Theorem,thm,yes,5,1,0,1,1,1,0,0,0,
no_iterative_deepening,SEV/SEV414^5.p,TH0,Theorem,timeout,na,2019,907,52,907,58,0,0,1,0,
no_iterative_deepening,SEV/SEV416^5.p,TH0,Theorem,thm,yes,8,1,0,1,1,1,0,0,0,
no_iterative_deepening,SEV/SEV417^5.p,TH0,Theorem,unk,na,104,186,9,186,14,5,0,0,0,
no_iterative_deepening,SEV/SEV418^5.p,TH0,Unknown,timeout,na,2031,1160,79,1160,54,8,0,1,0,
no_iterative_deepening,SEV/SEV419^5.p,TH0,Unknown,timeout,na,2045,1271,73,1271,91,1,0,1,0,
no_iterative_deepening,SEV/SEV420^1.p,TH0,Theorem,timeout,na,2174,3230,28,3230,310,124,0,0,0,
no_iterative_deepening,SEV/SEV427^1.p,TH0,Theorem,thm,yes,47,42,1,42,4,0,0,1,1,
no_iterative_deepening,SEV/SEV428^1.p,TH0,Theorem,timeout,na,2019,432,8,432,45,11,0,1,0,
no_iterative_deepening,SEV/SEV429^1.p,TH0,Theorem,unk,na,233,70,1,70,7,2,0,0,0,
no_iterative_deepening,SEV/SEV430^1.p,TH0,Theorem,timeout,na,2042,2323,110,2323,190,3,0,1,0,
no_iterative_deepening,SEV/SEV431^1.p,TH0,Theorem,unk,na,140,79,1,79,9,3,0,0,0,
no_iterative_deepening,SEV/SEV432^1.p,TH0,Theorem,timeout,na,2044,2238,109,2238,191,3,0,2,0,
no_iterative_deepening,SEV/SEV433^1.p,TH0,Theorem,timeout,na,2170,4930,94,4930,641,190,0,1,0,
no_iterative_deepening,SEV/SEV434^1.p,TH0,Theorem,timeout,na,2005,221,4,221,18,15,0,2,0,
no_iterative_deepening,SEV/SEV440^1.p,TH0,Satisfiable,no_conjecture,na,53,,,,,,,,,
no_iterative_deepening,SEV/SEV441^1.p,TH0,Satisfiable,no_conjecture,na,53,,,,,,,,,
no_iterative_deepening,SEV/SEV442^1.p,TH1,Theorem,parse_timeout,na,0,,,,,,,,,cached: parse exceeded 5000ms
no_iterative_deepening,SEV/SEV443^1.p,TH1,Theorem,parse_timeout,na,0,,,,,,,,,cached: parse exceeded 5000ms
no_iterative_deepening,SEV/SEV444^1.p,TH1,Theorem,timeout,na,2064,2470,47,2470,272,4,0,4,0,
no_iterative_deepening,SEV/SEV445^1.p,TH1,Theorem,timeout,na,2074,2348,52,2348,232,17,0,4,0,
no_iterative_deepening,SEV/SEV446^1.p,TH1,Theorem,unk,na,103,179,1,179,18,13,0,0,0,
no_iterative_deepening,SEV/SEV447^1.p,TH1,Theorem,timeout,na,2068,2810,119,2810,224,2,0,4,0,
no_iterative_deepening,SEV/SEV448^1.p,TH1,Theorem,timeout,na,2073,2641,101,2641,224,0,0,4,0,
no_iterative_deepening,SEV/SEV449^1.p,TH1,Theorem,timeout,na,2071,2674,69,2674,176,86,0,2,0,
no_iterative_deepening,SEV/SEV450^1.p,TH1,Theorem,timeout,na,2055,1682,60,1683,148,3,0,4,0,
no_iterative_deepening,SEV/SEV451^1.p,TH1,Theorem,timeout,na,2051,2383,151,2383,138,4,0,3,0,
no_iterative_deepening,SEV/SEV452^1.p,TH1,Theorem,timeout,na,2053,1514,62,1514,118,2,0,4,0,
no_iterative_deepening,SEV/SEV453^1.p,TH1,Theorem,timeout,na,2064,2196,101,2196,169,3,0,3,0,
no_iterative_deepening,SEV/SEV454^1.p,TH1,Theorem,timeout,na,2081,3031,159,3031,211,0,0,3,0,
no_iterative_deepening,SEV/SEV455^1.p,TH1,Theorem,timeout,na,2057,2023,88,2023,162,0,0,4,0,
no_iterative_deepening,SEV/SEV456^1.p,TH1,Theorem,timeout,na,2052,1968,117,1968,115,0,0,4,0,
no_iterative_deepening,SEV/SEV457^1.p,TH1,Theorem,unk,na,48,35,0,35,5,2,0,0,0,
no_iterative_deepening,SEV/SEV458^1.p,TH1,Theorem,timeout,na,2058,1903,57,1903,187,3,0,4,0,
no_iterative_deepening,SEV/SEV459^1.p,TH1,Theorem,timeout,na,2056,1974,68,1974,183,0,0,4,0,
no_iterative_deepening,SEV/SEV460^1.p,TH1,Theorem,timeout,na,2053,1986,104,1986,132,3,0,4,0,
no_iterative_deepening,SEV/SEV461^1.p,TH1,Theorem,timeout,na,2059,2028,102,2028,143,0,0,3,0,
no_iterative_deepening,SEV/SEV462^1.p,TH1,Theorem,timeout,na,2070,1668,54,1668,158,0,0,3,0,
no_iterative_deepening,SEV/SEV463^1.p,TH1,Theorem,timeout,na,2050,1381,51,1381,124,0,0,4,0,
no_iterative_deepening,SEV/SEV464^1.p,TH1,Theorem,timeout,na,2035,511,23,511,42,13,0,0,0,
no_iterative_deepening,SEV/SEV465^1.p,TH1,Theorem,unk,na,283,261,6,261,21,13,0,0,0,
no_iterative_deepening,SEV/SEV466^1.p,TH1,Theorem,timeout,na,2077,2128,64,2128,220,3,0,1,0,
no_iterative_deepening,SEV/SEV467^1.p,TH1,Theorem,timeout,na,2031,576,8,576,62,5,0,3,0,
no_iterative_deepening,SEV/SEV468^1.p,TH1,Theorem,timeout,na,2036,446,25,446,24,0,0,4,0,
no_iterative_deepening,SEV/SEV469^1.p,TH1,Theorem,timeout,na,2080,627,38,627,32,0,0,3,0,
no_iterative_deepening,SEV/SEV470^1.p,TH1,Theorem,timeout,na,2063,59,2,59,4,0,0,4,0,
no_iterative_deepening,SEV/SEV471^1.p,TH1,Theorem,timeout,na,2036,11,1,11,1,0,0,0,0,
no_iterative_deepening,SEV/SEV472^1.p,TH1,Theorem,timeout,na,2050,2370,150,2370,164,3,0,1,0,
no_iterative_deepening,SEV/SEV473^1.p,TH1,Theorem,timeout,na,2042,275,1,275,52,19,0,0,0,
no_iterative_deepening,SEV/SEV474^1.p,TH1,Theorem,timeout,na,2045,136,6,136,8,0,0,1,0,
no_iterative_deepening,SEV/SEV475^1.p,TH1,Theorem,timeout,na,2049,206,1,206,37,6,0,0,0,
no_iterative_deepening,SEV/SEV476^1.p,TH1,Theorem,unk,na,45,28,1,28,3,0,0,0,0,
no_iterative_deepening,SEV/SEV477^1.p,TH1,Theorem,timeout,na,2102,944,31,944,142,20,0,0,0,
no_iterative_deepening,SEV/SEV478^1.p,TH1,Theorem,timeout,na,2100,2026,66,1926,244,93,0,0,0,
no_iterative_deepening,SEV/SEV479^1.p,TH1,Theorem,timeout,na,2127,2948,78,2948,361,0,0,1,0,
no_iterative_deepening,SEV/SEV480^1.p,TH1,Theorem,timeout,na,2099,2378,125,2378,163,0,0,2,0,
no_iterative_deepening,SEV/SEV481^1.p,TH1,Theorem,unk,na,322,212,6,212,21,6,0,0,0,
no_iterative_deepening,SEV/SEV482^1.p,TH1,Theorem,timeout,na,2056,512,17,512,99,12,0,4,0,
no_iterative_deepening,SEV/SEV483^1.p,TH1,Theorem,timeout,na,2039,332,5,332,23,9,0,4,0,
no_iterative_deepening,SEV/SEV484^1.p,TH1,Theorem,timeout,na,2074,359,15,359,40,2,0,4,0,
no_iterative_deepening,SEV/SEV485^1.p,TH1,Theorem,timeout,na,2117,3056,42,3041,175,43,0,0,0,
no_iterative_deepening,SEV/SEV486^1.p,TH1,Theorem,unk,na,36,24,0,24,4,1,0,0,0,
no_iterative_deepening,SEV/SEV487^1.p,TH1,Theorem,timeout,na,2007,5,0,5,1,0,0,0,0,
no_iterative_deepening,SEV/SEV488^1.p,TH1,Theorem,timeout,na,2057,156,6,156,8,0,0,5,0,
no_iterative_deepening,SEV/SEV489^1.p,TH1,Theorem,timeout,na,2050,1891,69,1891,164,5,0,1,0,
no_iterative_deepening,SEV/SEV490^1.p,TH1,Theorem,timeout,na,2078,1902,102,1902,128,0,0,3,0,
no_iterative_deepening,SEV/SEV491^1.p,TH1,Theorem,timeout,na,2104,1839,5,1839,327,62,0,0,0,
no_iterative_deepening,SEV/SEV492^1.p,TH1,Theorem,timeout,na,2141,3973,33,3973,255,72,0,0,0,
no_iterative_deepening,SEV/SEV493^1.p,TH1,Theorem,timeout,na,2153,4333,48,4333,269,75,0,0,0,
no_iterative_deepening,SEV/SEV494^1.p,TH1,Theorem,timeout,na,2047,1453,26,1453,157,59,0,0,0,
no_iterative_deepening,SEV/SEV495^1.p,TH1,Theorem,timeout,na,2035,631,25,631,45,5,0,4,0,
no_iterative_deepening,SEV/SEV496^1.p,TH1,ContradictoryAxioms,timeout,na,2068,674,34,674,49,0,0,3,0,
no_iterative_deepening,SEV/SEV497^1.p,TH1,ContradictoryAxioms,timeout,na,2096,1299,39,1281,160,45,0,0,0,
no_iterative_deepening,SEV/SEV498^1.p,TH1,ContradictoryAxioms,timeout,na,2137,1513,27,1513,246,74,0,0,0,
no_iterative_deepening,SEV/SEV499^1.p,TH1,Theorem,timeout,na,2214,2134,2,2134,460,128,0,0,0,
no_iterative_deepening,SEV/SEV500^1.p,TH1,ContradictoryAxioms,timeout,na,2066,659,41,659,35,0,0,1,0,
no_iterative_deepening,SEV/SEV501^1.p,TH1,Theorem,timeout,na,2055,408,17,408,43,3,0,0,0,
no_iterative_deepening,SEV/SEV502^1.p,TH1,Theorem,timeout,na,2055,819,23,819,112,15,0,0,0,
no_iterative_deepening,SEV/SEV503^1.p,TH1,Theorem,timeout,na,2063,1615,37,1615,173,39,0,0,0,
no_iterative_deepening,SEV/SEV504^1.p,TH1,Theorem,timeout,na,2074,1364,35,1364,230,19,0,0,0,
no_iterative_deepening,SEV/SEV505^1.p,TH1,Theorem,timeout,na,2061,758,22,758,120,3,0,0,0,
no_iterative_deepening,SEV/SEV506^1.p,TH1,Theorem,timeout,na,2093,2665,95,2665,246,51,0,0,0,
no_iterative_deepening,SEV/SEV507^1.p,TH1,Theorem,timeout,na,2056,1202,38,1202,132,26,0,0,0,
no_iterative_deepening,SEV/SEV508^1.p,TH1,Theorem,timeout,na,2088,1626,39,1626,257,1,0,0,0,
no_iterative_deepening,SEV/SEV509^1.p,TH1,Theorem,timeout,na,2054,1997,92,1997,168,11,0,1,0,
no_iterative_deepening,SEV/SEV510^1.p,TH1,Theorem,timeout,na,2062,1527,74,1527,190,1,0,0,0,
no_iterative_deepening,SEV/SEV511^1.p,TH1,Theorem,timeout,na,2039,789,44,789,44,10,0,1,0,
no_iterative_deepening,SEV/SEV512^1.p,TH1,Theorem,timeout,na,2076,983,33,983,156,5,0,0,0,
no_iterative_deepening,SEV/SEV513^1.p,TH1,Theorem,timeout,na,2058,442,9,442,54,6,0,0,0,
no_iterative_deepening,SEV/SEV514^1.p,TH1,Theorem,timeout,na,2074,2234,66,2234,187,32,0,0,0,
no_iterative_deepening,SEV/SEV523^1.p,TH0,Theorem,timeout,na,2321,0,0,0,1,0,0,0,0,
no_iterative_deepening,SEV/SEV524^1.p,TH0,Theorem,timeout,na,2327,0,0,0,1,0,0,0,0,
no_iterative_deepening,SEV/SEV525^1.p,TH0,Unknown,timeout,na,2364,0,0,0,1,0,0,0,0,
no_iterative_deepening,SEV/SEV526^1.p,TH0,Theorem,timeout,na,2372,0,0,0,1,0,0,0,0,
no_iterative_deepening,SEV/SEV527^1.p,TH0,Theorem,timeout,na,2326,0,0,0,1,0,0,0,0,
no_iterative_deepening,SEV/SEV528^1.p,TH0,Unknown,timeout,na,2329,0,0,0,1,0,0,0,0,
no_iterative_deepening,SEV/SEV529^1.p,TH0,Theorem,timeout,na,2314,0,0,0,1,0,0,0,0,
no_iterative_deepening,SEV/SEV530^1.p,TH0,Theorem,timeout,na,2315,0,0,0,1,0,0,0,0,
no_iterative_deepening,SEV/SEV531^1.p,TH0,Unknown,timeout,na,2338,0,0,0,1,0,0,0,0,
no_iterative_deepening,SEV/SEV532^1.p,TH0,Unknown,timeout,na,2341,0,0,0,1,0,0,0,0,
no_iterative_deepening,SEV/SEV583^1.p,unknown,Theorem,parser_error,na,0,,,,,,,,,cached: Syntax Error: expected ' ' or ']' in !> binder  got [{:colon  ":"  2474}  {:atom  "nat"  2476}  {:rbracket  "]"  2479}  {:colon  ":"  2481}  {:lparen  "("  2483}  {:atom  "fin"  2485}  {:app  "@"  248
no_iterative_deepening,SEV/SEV584^1.p,unknown,Theorem,parser_error,na,0,,,,,,,,,cached: Syntax Error: expected ' ' or ']' in !> binder  got [{:colon  ":"  2472}  {:atom  "nat"  2474}  {:rbracket  "]"  2477}  {:colon  ":"  2479}  {:lparen  "("  2481}  {:atom  "fin"  2483}  {:app  "@"  248
no_iterative_deepening,SEV/SEV585^1.p,unknown,Theorem,parser_error,na,0,,,,,,,,,cached: Syntax Error: expected ' ' or ']' in !> binder  got [{:colon  ":"  2472}  {:atom  "nat"  2474}  {:rbracket  "]"  2477}  {:colon  ":"  2479}  {:lparen  "("  2481}  {:atom  "fin"  2483}  {:app  "@"  248
no_iterative_deepening,SEV/SEV586^1.p,unknown,Theorem,parser_error,na,0,,,,,,,,,cached: Syntax Error: expected ' ' or ']' in !> binder  got [{:colon  ":"  2472}  {:atom  "nat"  2474}  {:rbracket  "]"  2477}  {:colon  ":"  2479}  {:lparen  "("  2481}  {:atom  "fin"  2483}  {:app  "@"  248
no_iterative_deepening,SEV/SEV587^1.p,unknown,Theorem,parser_error,na,0,,,,,,,,,cached: Syntax Error: expected ' ' or ']' in !> binder  got [{:colon  ":"  2472}  {:atom  "nat"  2474}  {:rbracket  "]"  2477}  {:colon  ":"  2479}  {:lparen  "("  2481}  {:atom  "fin"  2483}  {:app  "@"  248
no_iterative_deepening,SEV/SEV588^1.p,unknown,Theorem,parser_error,na,0,,,,,,,,,cached: Syntax Error: expected ' ' or ']' in !> binder  got [{:colon  ":"  2472}  {:atom  "nat"  2474}  {:rbracket  "]"  2477}  {:colon  ":"  2479}  {:lparen  "("  2481}  {:atom  "fin"  2483}  {:app  "@"  248
no_iterative_deepening,SEV/SEV589^1.p,unknown,Theorem,parser_error,na,0,,,,,,,,,cached: Syntax Error: expected ' ' or ']' in !> binder  got [{:colon  ":"  2472}  {:atom  "nat"  2474}  {:rbracket  "]"  2477}  {:colon  ":"  2479}  {:lparen  "("  2481}  {:atom  "fin"  2483}  {:app  "@"  248
no_iterative_deepening,SEV/SEV590^1.p,unknown,Theorem,parser_error,na,0,,,,,,,,,cached: Syntax Error: expected ' ' or ']' in !> binder  got [{:colon  ":"  2472}  {:atom  "nat"  2474}  {:rbracket  "]"  2477}  {:colon  ":"  2479}  {:lparen  "("  2481}  {:atom  "fin"  2483}  {:app  "@"  248
no_iterative_deepening,SEV/SEV591^1.p,unknown,Theorem,parser_error,na,0,,,,,,,,,cached: Syntax Error: expected ' ' or ']' in !> binder  got [{:colon  ":"  2472}  {:atom  "nat"  2474}  {:rbracket  "]"  2477}  {:colon  ":"  2479}  {:lparen  "("  2481}  {:atom  "fin"  2483}  {:app  "@"  248
no_iterative_deepening,SEV/SEV592^1.p,unknown,Theorem,parser_error,na,0,,,,,,,,,cached: Syntax Error: expected ' ' or ']' in !> binder  got [{:colon  ":"  2472}  {:atom  "nat"  2474}  {:rbracket  "]"  2477}  {:colon  ":"  2479}  {:lparen  "("  2481}  {:atom  "fin"  2483}  {:app  "@"  248
no_iterative_deepening,SEV/SEV593^1.p,unknown,Theorem,parser_error,na,0,,,,,,,,,cached: Syntax Error: expected ' ' or ']' in !> binder  got [{:colon  ":"  2260}  {:atom  "nat"  2262}  {:rbracket  "]"  2265}  {:colon  ":"  2267}  {:lparen  "("  2269}  {:atom  "fin"  2271}  {:app  "@"  227
no_iterative_deepening,SEV/SEV594^1.p,unknown,Theorem,parser_error,na,0,,,,,,,,,cached: Syntax Error: expected ' ' or ']' in !> binder  got [{:colon  ":"  2260}  {:atom  "nat"  2262}  {:rbracket  "]"  2265}  {:colon  ":"  2267}  {:lparen  "("  2269}  {:atom  "fin"  2271}  {:app  "@"  227
no_iterative_deepening,SEV/SEV595^1.p,unknown,Theorem,parser_error,na,0,,,,,,,,,cached: Syntax Error: expected ' ' or ']' in !> binder  got [{:colon  ":"  2260}  {:atom  "nat"  2262}  {:rbracket  "]"  2265}  {:colon  ":"  2267}  {:lparen  "("  2269}  {:atom  "fin"  2271}  {:app  "@"  227
no_iterative_deepening,SEV/SEV596^1.p,unknown,Theorem,parser_error,na,0,,,,,,,,,cached: Syntax Error: expected ' ' or ']' in !> binder  got [{:colon  ":"  2260}  {:atom  "nat"  2262}  {:rbracket  "]"  2265}  {:colon  ":"  2267}  {:lparen  "("  2269}  {:atom  "fin"  2271}  {:app  "@"  227
no_iterative_deepening,SEV/SEV597^1.p,unknown,Theorem,parser_error,na,0,,,,,,,,,cached: Syntax Error: expected ' ' or ']' in !> binder  got [{:colon  ":"  2260}  {:atom  "nat"  2262}  {:rbracket  "]"  2265}  {:colon  ":"  2267}  {:lparen  "("  2269}  {:atom  "fin"  2271}  {:app  "@"  227
no_iterative_deepening,SEV/SEV598^1.p,unknown,Theorem,parser_error,na,0,,,,,,,,,cached: Syntax Error: expected ' ' or ']' in !> binder  got [{:colon  ":"  2260}  {:atom  "nat"  2262}  {:rbracket  "]"  2265}  {:colon  ":"  2267}  {:lparen  "("  2269}  {:atom  "fin"  2271}  {:app  "@"  227
no_iterative_deepening,SEV/SEV599^1.p,unknown,Theorem,parser_error,na,0,,,,,,,,,cached: Syntax Error: expected ' ' or ']' in !> binder  got [{:colon  ":"  2260}  {:atom  "nat"  2262}  {:rbracket  "]"  2265}  {:colon  ":"  2267}  {:lparen  "("  2269}  {:atom  "fin"  2271}  {:app  "@"  227
no_iterative_deepening,SEV/SEV600^1.p,unknown,CounterSatisfiable,parser_error,na,0,,,,,,,,,cached: Syntax Error: expected ' ' or ']' in !> binder  got [{:colon  ":"  2271}  {:atom  "nat"  2273}  {:rbracket  "]"  2276}  {:colon  ":"  2278}  {:lparen  "("  2280}  {:atom  "fin"  2282}  {:app  "@"  228
no_iterative_deepening,SEV/SEV601^1.p,unknown,CounterSatisfiable,parser_error,na,0,,,,,,,,,cached: Syntax Error: expected ' ' or ']' in !> binder  got [{:colon  ":"  2271}  {:atom  "nat"  2273}  {:rbracket  "]"  2276}  {:colon  ":"  2278}  {:lparen  "("  2280}  {:atom  "fin"  2282}  {:app  "@"  228
no_iterative_deepening,SEV/SEV602^1.p,unknown,CounterSatisfiable,parser_error,na,0,,,,,,,,,cached: Syntax Error: expected ' ' or ']' in !> binder  got [{:colon  ":"  2271}  {:atom  "nat"  2273}  {:rbracket  "]"  2276}  {:colon  ":"  2278}  {:lparen  "("  2280}  {:atom  "fin"  2282}  {:app  "@"  228
no_iterative_deepening,SWB/SWB109^15.p,TH0,CounterSatisfiable,timeout,na,2176,3129,18,3129,279,44,0,0,0,
no_iterative_deepening,SWB/SWB109^3.p,TH0,CounterSatisfiable,timeout,na,2117,2790,24,2790,254,111,0,0,0,
no_iterative_deepening,SWC/SWC425^7.p,TH0,CounterSatisfiable,timeout,na,2271,3029,46,3029,247,48,0,0,0,
no_iterative_deepening,SWV/SWV010^7.p,TH0,Satisfiable,no_conjecture,na,127,,,,,,,,,
no_iterative_deepening,SWV/SWV061^7.p,TH0,Theorem,timeout,na,2886,68,6,68,1,0,0,0,0,
no_iterative_deepening,SWV/SWV067^7.p,TH0,Theorem,timeout,na,2912,60,6,60,1,0,0,0,0,
no_iterative_deepening,SWV/SWV073^7.p,TH0,Theorem,timeout,na,2902,67,6,67,1,0,0,0,0,
no_iterative_deepening,SWV/SWV079^7.p,TH0,Theorem,timeout,na,2922,67,6,67,1,0,0,0,0,
no_iterative_deepening,SWV/SWV085^7.p,TH0,Theorem,timeout,na,2887,69,6,69,1,0,0,0,0,
no_iterative_deepening,SWV/SWV091^7.p,TH0,Theorem,timeout,na,3042,23,2,23,1,0,0,0,0,
no_iterative_deepening,SWV/SWV097^7.p,TH0,Theorem,timeout,na,3166,0,0,0,1,0,0,0,0,
no_iterative_deepening,SWV/SWV103^7.p,TH0,Theorem,timeout,na,2970,57,5,57,1,0,0,0,0,
no_iterative_deepening,SWV/SWV107^7.p,TH0,Theorem,timeout,na,2943,51,5,51,1,0,0,0,0,
no_iterative_deepening,SWV/SWV425^1.p,TH0,CounterSatisfiable,timeout,na,2162,5265,199,5265,253,142,0,0,0,
no_iterative_deepening,SWV/SWV425^2.p,TH0,Theorem,timeout,na,2045,1163,91,1159,43,7,0,3,0,
no_iterative_deepening,SWV/SWV426^1.p,TH0,CounterSatisfiable,timeout,na,2152,4258,67,4258,298,78,0,0,0,
no_iterative_deepening,SWV/SWV426^2.p,TH0,Theorem,timeout,na,2044,1322,102,1322,34,16,0,3,0,
no_iterative_deepening,SWV/SWV426^3.p,TH0,CounterSatisfiable,timeout,na,2141,3100,42,3100,273,58,0,0,0,
no_iterative_deepening,SWV/SWV426^4.p,TH0,Theorem,timeout,na,2042,983,74,983,43,4,0,3,0,
no_iterative_deepening,SWV/SWV427^1.p,TH0,CounterSatisfiable,timeout,na,2174,4719,102,4719,272,118,0,0,0,
no_iterative_deepening,SWV/SWV427^2.p,TH0,Theorem,timeout,na,2041,909,68,909,41,4,0,3,0,
no_iterative_deepening,SWV/SWV428^1.p,TH0,CounterSatisfiable,timeout,na,2142,3167,89,3167,260,63,0,0,0,
no_iterative_deepening,SWV/SWV428^2.p,TH0,Theorem,timeout,na,2058,1268,91,1268,91,0,0,3,0,
no_iterative_deepening,SWV/SWV429^1.p,TH0,Theorem,thm,yes,67,40,1,40,4,2,0,1,1,
no_iterative_deepening,SWV/SWV429^2.p,TH0,Theorem,timeout,na,2038,500,36,500,19,8,0,3,0,
no_iterative_deepening,SWV/SWV430^1.p,TH0,CounterSatisfiable,timeout,na,2158,3735,52,3735,260,127,0,0,0,
no_iterative_deepening,SWV/SWV430^2.p,TH0,Theorem,timeout,na,2043,750,55,750,37,4,0,3,0,
no_iterative_deepening,SWV/SWV431^1.p,TH0,CounterSatisfiable,timeout,na,2125,2948,56,2948,284,71,0,0,0,
no_iterative_deepening,SWV/SWV431^2.p,TH0,Theorem,timeout,na,2045,758,55,758,29,14,0,3,0,
no_iterative_deepening,SWV/SWV432^1.p,TH0,CounterSatisfiable,timeout,na,2191,4766,53,4766,262,206,0,0,0,
no_iterative_deepening,SWV/SWV432^2.p,TH0,Theorem,timeout,na,2048,1105,83,1105,41,10,0,3,0,
no_iterative_deepening,SWV/SWV433^1.p,TH0,CounterSatisfiable,timeout,na,2153,2804,24,2804,234,70,0,0,0,
no_iterative_deepening,SWV/SWV433^2.p,TH0,Theorem,timeout,na,2046,1354,116,1354,31,2,0,2,0,
no_iterative_deepening,SWV/SWV434^3.p,TH0,CounterSatisfiable,timeout,na,2301,7984,85,7984,252,254,0,0,0,
no_iterative_deepening,SWV/SWV434^4.p,TH0,Theorem,timeout,na,2054,1284,96,1284,45,15,0,3,0,
no_iterative_deepening,SWV/SWV435^3.p,TH0,Theorem,unk,na,82,59,2,59,4,4,0,0,0,
no_iterative_deepening,SWV/SWV435^4.p,TH0,Theorem,timeout,na,2040,1118,89,1118,35,4,0,3,0,
no_iterative_deepening,SWV/SWV436^3.p,TH0,CounterSatisfiable,timeout,na,2166,3810,87,3810,231,109,0,0,0,
no_iterative_deepening,SWV/SWV436^4.p,TH0,Theorem,timeout,na,2045,1152,93,1152,39,0,0,3,0,
no_iterative_deepening,SWV/SWV437^1.p,TH0,Theorem,timeout,na,2326,22,2,22,1,0,0,0,0,
no_iterative_deepening,SWV/SWV438^1.p,TH0,Theorem,timeout,na,2327,22,2,22,1,0,0,0,0,
no_iterative_deepening,SWV/SWV439^1.p,TH0,CounterSatisfiable,timeout,na,2319,22,2,22,1,0,0,0,0,
no_iterative_deepening,SWV/SWV440^1.p,TH0,Theorem,timeout,na,2320,20,2,20,1,0,0,0,0,
no_iterative_deepening,SWV/SWV441^1.p,TH0,Theorem,timeout,na,2072,820,54,820,38,10,0,1,0,
no_iterative_deepening,SWV/SWV442^1.p,TH0,Theorem,thm,yes,71,6,0,6,1,1,0,0,0,
no_iterative_deepening,SWV/SWV443^1.p,TH0,Theorem,thm,yes,79,7,0,7,1,1,0,0,0,
no_iterative_deepening,SWV/SWV444^1.p,TH0,Theorem,timeout,na,2075,946,60,946,50,13,0,1,0,
no_iterative_deepening,SWV/SWV445^1.p,TH0,Theorem,timeout,na,2076,1079,86,1079,37,4,0,1,0,
no_iterative_deepening,SWV/SWV446^1.p,TH0,Theorem,timeout,na,2091,815,58,815,34,4,0,1,0,
no_iterative_deepening,SWV/SWV447^1.p,TH0,Theorem,timeout,na,2042,1445,53,1445,137,21,0,1,0,
no_iterative_deepening,SWW/SWW469^1.p,TH0,Theorem,timeout,na,2003,108,5,108,5,4,0,3,0,
no_iterative_deepening,SWW/SWW470^1.p,TH0,Theorem,timeout,na,2219,285,24,285,6,0,0,1,0,
no_iterative_deepening,SWW/SWW470^2.p,TH1,Theorem,parser_error,na,0,,,,,,,,,cached: Failed to parse formula 'fact_328_finite__nonempty__imp__fold1Set': [byte:116844] Type Error: Cannot unify strict function types of different arities.
no_iterative_deepening,SWW/SWW470^3.p,TH1,Theorem,parser_error,na,0,,,,,,,,,cached: Failed to parse formula 'fact_311_finite__nonempty__imp__fold1Set': [byte:104766] Type Error: Cannot unify strict function types of different arities.
no_iterative_deepening,SWW/SWW471^1.p,TH0,Theorem,timeout,na,2401,549,40,549,26,0,0,1,0,
no_iterative_deepening,SWW/SWW471^2.p,TH0,ContradictoryAxioms,timeout,na,3590,378,37,378,1,0,0,0,0,
no_iterative_deepening,SWW/SWW471^3.p,TH0,Theorem,timeout,na,4713,292,29,292,1,0,0,0,0,
no_iterative_deepening,SWW/SWW472^1.p,TH0,Theorem,timeout,na,2247,712,54,712,28,0,0,1,0,
no_iterative_deepening,SWW/SWW472^2.p,TH0,Theorem,timeout,na,2662,409,40,409,1,0,0,0,0,
no_iterative_deepening,SWW/SWW472^3.p,TH1,Theorem,parser_error,na,0,,,,,,,,,cached: Failed to parse formula 'fact_409_finite__nonempty__imp__fold1Set': [byte:126226] Type Error: Cannot unify strict function types of different arities.
no_iterative_deepening,SWW/SWW473^1.p,TH0,ContradictoryAxioms,timeout,na,2508,573,57,573,1,0,0,0,0,
no_iterative_deepening,SWW/SWW473^2.p,TH0,Theorem,timeout,na,3288,370,37,370,1,0,0,0,0,
no_iterative_deepening,SWW/SWW473^3.p,TH0,ContradictoryAxioms,timeout,na,4185,341,34,341,1,0,0,0,0,
no_iterative_deepening,SWW/SWW474^1.p,TH0,Theorem,timeout,na,2567,345,34,345,1,0,0,0,0,
no_iterative_deepening,SWW/SWW474^2.p,TH0,Theorem,timeout,na,3737,262,25,262,2,1,0,0,0,
no_iterative_deepening,SWW/SWW474^3.p,TH0,Theorem,timeout,na,5185,188,18,188,2,1,0,0,0,
no_iterative_deepening,SWW/SWW475^1.p,TH1,Theorem,parser_error,na,0,,,,,,,,,cached: Failed to parse formula 'fact_27_split__paired__All': [byte:22227] Type Error: Cannot unify strict function types of different arities.
no_iterative_deepening,SWW/SWW475^2.p,TH1,Theorem,parser_error,na,0,,,,,,,,,cached: Failed to parse formula 'fact_21_split__paired__All': [byte:33084] Type Error: Cannot unify strict function types of different arities.
no_iterative_deepening,SWW/SWW475^3.p,TH1,Theorem,parser_error,na,0,,,,,,,,,cached: Failed to parse formula 'fact_61_split__paired__All': [byte:69960] Type Error: Cannot unify strict function types of different arities.
no_iterative_deepening,SWW/SWW476^1.p,TH1,Theorem,parser_error,na,0,,,,,,,,,cached: Failed to parse formula 'fact_125_split__paired__All': [byte:65316] Type Error: Cannot unify strict function types of different arities.
no_iterative_deepening,SWW/SWW476^2.p,TH1,Theorem,parser_error,na,0,,,,,,,,,cached: Failed to parse formula 'fact_153_split__paired__All': [byte:91639] Type Error: Cannot unify strict function types of different arities.
no_iterative_deepening,SWW/SWW476^3.p,TH1,Theorem,parser_error,na,0,,,,,,,,,cached: Failed to parse formula 'fact_367_split__paired__All': [byte:201188] Type Error: Cannot unify strict function types of different arities.
no_iterative_deepening,SWW/SWW477^1.p,TH1,Theorem,parser_error,na,0,,,,,,,,,cached: Failed to parse formula 'fact_38_split__paired__All': [byte:21078] Type Error: Cannot unify strict function types of different arities.
no_iterative_deepening,SWW/SWW477^2.p,TH1,Theorem,parser_error,na,0,,,,,,,,,cached: Failed to parse formula 'fact_62_split__paired__All': [byte:49406] Type Error: Cannot unify strict function types of different arities.
no_iterative_deepening,SWW/SWW477^3.p,TH1,Theorem,parser_error,na,0,,,,,,,,,cached: Failed to parse formula 'fact_106_split__paired__All': [byte:93347] Type Error: Cannot unify strict function types of different arities.
no_iterative_deepening,SWW/SWW478^1.p,TH1,Theorem,parser_error,na,0,,,,,,,,,cached: Failed to parse formula 'fact_21_split__paired__All': [byte:17638] Type Error: Cannot unify strict function types of different arities.
no_iterative_deepening,SWW/SWW478^2.p,TH1,Theorem,parser_error,na,0,,,,,,,,,cached: Failed to parse formula 'fact_37_split__paired__All': [byte:63382] Type Error: Cannot unify strict function types of different arities.
no_iterative_deepening,SWW/SWW478^3.p,TH1,Theorem,parser_error,na,0,,,,,,,,,cached: Failed to parse formula 'fact_143_split__paired__All': [byte:112259] Type Error: Cannot unify strict function types of different arities.
no_iterative_deepening,SWW/SWW674^1.p,TH0,Satisfiable,no_conjecture,na,29,,,,,,,,,
no_iterative_deepening,SWW/SWW971^15.p,TH0,CounterSatisfiable,timeout,na,2090,1942,66,1942,242,36,0,0,0,
no_iterative_deepening,SWW/SWW971^5.p,TH0,CounterSatisfiable,timeout,na,2063,1312,54,1312,139,29,0,0,0,
no_iterative_deepening,SYN/SYN000^1.p,TH0,Theorem,thm,yes,38,8,0,8,1,0,0,1,1,
no_iterative_deepening,SYN/SYN000^2.p,TH0,Satisfiable,parser_error,na,0,,,,,,,,,cached: Type Error: product types (*) are not part of simple type theory.
no_iterative_deepening,SYN/SYN000^3.p,TH1,Satisfiable,parser_error,na,0,,,,,,,,,cached: Failed to parse formula 'can_prove_this': [byte:2329] Type Error: Cannot unify strict function types of different arities.
no_iterative_deepening,SYN/SYN000^6.p,unknown,Unknown,parser_error,na,0,,,,,,,,,cached: Lexer failed to parse entire string. Unparsed: {$necessary} @ ( ( newp @ ( newf @ newc @ a ) @ a ) & ( newp @ ( newf @ X @ a ) @ a ) ) ) ). thf(new_possible_axiom axiom  ( {$possible} @ ( ! [X: new] :
no_iterative_deepening,SYN/SYN000^7.p,unknown,Unknown,parser_error,na,0,,,,,,,,,cached: Lexer failed to parse entire string. Unparsed: {$necessary(agent)} @ ( ( newp @ ( newf @ newc @ a ) @ a ) & ( newp @ ( newf @ X @ a ) @ a ) ) ) ). thf(new_possible_index_axiom axiom  ( {$possible(agen
no_iterative_deepening,SYN/SYN036^5.p,TH0,Theorem,timeout,na,2082,4665,33,4665,125,610,0,0,0,
no_iterative_deepening,SYN/SYN036^7.p,TH0,Theorem,timeout,na,2154,193,8,193,24,0,0,0,0,
no_iterative_deepening,SYN/SYN040^4.p,TH0,CounterSatisfiable,timeout,na,2156,4456,107,4456,201,212,0,0,0,
no_iterative_deepening,SYN/SYN041^4.p,TH0,Theorem,timeout,na,2140,4954,117,4954,207,148,0,0,0,
no_iterative_deepening,SYN/SYN044^4.p,TH0,Theorem,timeout,na,2097,2309,64,2309,194,70,0,0,0,
no_iterative_deepening,SYN/SYN045^4.p,TH0,Theorem,timeout,na,2112,3321,118,3321,222,72,0,0,0,
no_iterative_deepening,SYN/SYN045^7.p,TH0,Theorem,timeout,na,2140,3127,87,3127,229,42,0,0,0,
no_iterative_deepening,SYN/SYN046^4.p,TH0,CounterSatisfiable,timeout,na,2117,3974,154,3974,194,124,0,0,0,
no_iterative_deepening,SYN/SYN047^4.p,TH0,CounterSatisfiable,timeout,na,2117,2712,38,2712,230,55,0,0,0,
no_iterative_deepening,SYN/SYN049^5.p,TH0,Theorem,unk,na,22,12,0,12,2,0,0,0,0,
no_iterative_deepening,SYN/SYN051^5.p,TH0,Theorem,unk,na,15,22,0,22,3,3,0,2,0,
no_iterative_deepening,SYN/SYN052^7.p,TH0,Theorem,timeout,na,2155,2415,63,2415,185,127,0,0,0,
no_iterative_deepening,SYN/SYN055^5.p,TH0,Theorem,thm,yes,85,234,1,234,31,15,0,1,1,
no_iterative_deepening,SYN/SYN056^5.p,TH0,Theorem,timeout,na,2232,6131,6,6131,433,1508,0,1,0,
no_iterative_deepening,SYN/SYN057^5.p,TH0,Theorem,timeout,na,2009,454,6,454,30,68,0,2,0,
no_iterative_deepening,SYN/SYN058^5.p,TH0,Theorem,thm,yes,197,195,0,195,18,36,0,1,1,
no_iterative_deepening,SYN/SYN059^5.p,TH0,Theorem,unk,na,57,37,2,37,4,0,0,0,0,
no_iterative_deepening,SYN/SYN064^5.p,TH0,Theorem,thm,yes,9,7,0,7,1,0,0,1,1,
no_iterative_deepening,SYN/SYN355^5.p,TH0,Theorem,thm,yes,14,17,0,17,3,0,0,1,1,
no_iterative_deepening,SYN/SYN356^5.p,TH0,Theorem,timeout,na,2021,1854,70,1854,130,145,0,1,0,
no_iterative_deepening,SYN/SYN357^5.p,TH0,Theorem,thm,yes,5,5,0,5,1,0,0,1,1,
no_iterative_deepening,SYN/SYN357^7.p,TH0,Theorem,timeout,na,2440,5027,112,5027,1453,64,0,1,0,
no_iterative_deepening,SYN/SYN358^5.p,TH0,Theorem,thm,yes,15,25,0,26,3,3,0,1,1,
no_iterative_deepening,SYN/SYN360^5.p,TH0,Theorem,thm,yes,16,19,0,19,2,0,0,1,1,
no_iterative_deepening,SYN/SYN361^5.p,TH0,Theorem,thm,yes,24,33,1,33,4,0,0,1,1,
no_iterative_deepening,SYN/SYN364^5.p,TH0,Theorem,timeout,na,2144,4383,142,4383,506,178,0,1,0,
no_iterative_deepening,SYN/SYN365^5.p,TH0,Theorem,timeout,na,2227,5954,46,5954,1188,339,0,1,0,
no_iterative_deepening,SYN/SYN367^7.p,TH0,Theorem,timeout,na,2217,2281,34,2281,169,68,0,0,0,
no_iterative_deepening,SYN/SYN374^5.p,TH0,Theorem,unk,na,28,50,0,50,8,2,0,0,0,
no_iterative_deepening,SYN/SYN375^5.p,TH0,Theorem,thm,yes,6,1,0,1,1,1,0,0,0,
no_iterative_deepening,SYN/SYN377^5.p,TH0,Theorem,unk,na,31,48,0,48,6,3,0,0,0,
no_iterative_deepening,SYN/SYN377^7.p,TH0,Theorem,timeout,na,2125,2492,166,2492,155,8,0,0,0,
no_iterative_deepening,SYN/SYN381^5.p,TH0,Theorem,timeout,na,2215,6555,197,6555,1372,202,0,4,0,
no_iterative_deepening,SYN/SYN382^5.p,TH0,Theorem,thm,yes,14,15,0,15,2,0,0,1,1,
no_iterative_deepening,SYN/SYN386^5.p,TH0,Theorem,timeout,na,2201,3783,52,3783,887,4,0,4,0,
no_iterative_deepening,SYN/SYN387^4.p,TH0,CounterSatisfiable,timeout,na,2213,5713,82,5713,187,182,0,0,0,
no_iterative_deepening,SYN/SYN387^7.p,TH0,CounterSatisfiable,timeout,na,2196,5028,100,5028,210,187,0,0,0,
no_iterative_deepening,SYN/SYN388^4.p,TH0,CounterSatisfiable,timeout,na,2207,5889,142,5889,216,184,0,0,0,
no_iterative_deepening,SYN/SYN389^4.p,TH0,CounterSatisfiable,timeout,na,2145,4575,92,4575,212,186,0,0,0,
no_iterative_deepening,SYN/SYN390^4.p,TH0,Theorem,timeout,na,2240,6885,117,6885,208,248,0,0,0,
no_iterative_deepening,SYN/SYN391^4.p,TH0,Theorem,timeout,na,2127,3531,42,3531,223,138,0,0,0,
no_iterative_deepening,SYN/SYN392^4.p,TH0,CounterSatisfiable,timeout,na,2163,4343,68,4343,238,120,0,0,0,
no_iterative_deepening,SYN/SYN397^7.p,TH0,Theorem,timeout,na,2463,5578,57,5578,240,48,0,0,0,
no_iterative_deepening,SYN/SYN407^7.p,TH0,CounterSatisfiable,timeout,na,2238,3423,99,3423,216,104,0,0,0,
no_iterative_deepening,SYN/SYN416^4.p,TH0,CounterSatisfiable,timeout,na,2123,3606,113,3606,225,78,0,0,0,
no_iterative_deepening,SYN/SYN416^7.p,TH0,CounterSatisfiable,timeout,na,2204,4932,113,4932,216,81,0,0,0,
no_iterative_deepening,SYN/SYN731^5.p,TH0,Theorem,unk,na,10,10,1,10,1,0,0,0,0,
no_iterative_deepening,SYN/SYN732^5.p,TH0,Theorem,unk,na,19,21,1,21,2,0,0,0,0,
no_iterative_deepening,SYN/SYN741^7.p,TH0,ContradictoryAxioms,timeout,na,2106,0,0,0,1,0,0,0,0,
no_iterative_deepening,SYN/SYN915^4.p,TH0,Theorem,thm,yes,25,3,0,3,1,1,0,0,0,
no_iterative_deepening,SYN/SYN916^4.p,TH0,CounterSatisfiable,unk,na,43,34,0,34,3,0,0,0,0,
no_iterative_deepening,SYN/SYN977^4.p,TH0,CounterSatisfiable,timeout,na,2144,3677,140,3677,190,80,0,0,0,
no_iterative_deepening,SYN/SYN978^4.p,TH0,Theorem,timeout,na,2146,4511,107,4511,260,115,0,0,0,
no_iterative_deepening,SYN/SYN983^1.p,TH0,Theorem,thm,yes,19,53,0,44,6,12,0,0,0,
no_iterative_deepening,SYN/SYN984^1.p,TH0,Theorem,unk,na,26,48,1,48,4,3,0,0,0,
no_iterative_deepening,SYN/SYN985^1.p,TH0,CounterSatisfiable,timeout,na,2043,2336,191,2336,83,0,0,3,0,
no_iterative_deepening,SYN/SYN987^1.p,TH0,CounterSatisfiable,csa,yes,3,2,0,2,1,0,1,0,0,¬C[1RT5IT]
no_iterative_deepening,SYN/SYN987^2.p,TH0,Unsatisfiable,no_conjecture,na,0,,,,,,,,,
no_iterative_deepening,SYN/SYN988^1.p,TH0,CounterSatisfiable,csa,yes,2,2,0,2,1,0,1,0,0,C[1M26AY]
no_iterative_deepening,SYN/SYN988^2.p,TH0,Unsatisfiable,no_conjecture,na,0,,,,,,,,,
no_iterative_deepening,SYN/SYN989^1.p,TH0,Theorem,thm,yes,2,2,0,2,1,1,0,0,0,
no_iterative_deepening,SYN/SYN989^2.p,TH0,Satisfiable,no_conjecture,na,0,,,,,,,,,
no_iterative_deepening,SYN/SYN989^3.p,TH0,Theorem,thm,yes,1,1,0,1,1,1,0,0,0,
no_iterative_deepening,SYN/SYN990^1.p,TH0,Satisfiable,no_conjecture,na,1,,,,,,,,,
no_iterative_deepening,SYN/SYN991^1.p,TH0,Unsatisfiable,no_conjecture,na,1,,,,,,,,,
no_iterative_deepening,SYN/SYN992^1.p,TH0,Theorem,thm,yes,8,5,0,5,1,0,0,1,1,
no_iterative_deepening,SYN/SYN993^1.p,TH0,CounterSatisfiable,unk,na,9,9,0,9,1,0,0,0,0,
no_iterative_deepening,SYN/SYN994^1.p,TH0,CounterSatisfiable,unk,na,9,7,0,7,1,0,0,0,0,
no_iterative_deepening,SYN/SYN995^1.p,TH0,CounterSatisfiable,unk,na,10,10,0,10,2,0,0,0,0,
no_iterative_deepening,SYN/SYN996^1.p,TH0,Theorem,thm,yes,84,9,0,9,1,0,0,1,1,
no_iterative_deepening,SYN/SYN997^1.p,TH0,Theorem,unk,na,116,7,0,7,1,0,0,0,0,
no_iterative_deepening,SYN/SYN998^1.p,TH0,Theorem,thm,yes,3,4,0,4,1,1,0,0,0,
no_iterative_deepening,SYN/SYN999^1.p,TH0,Theorem,thm,yes,18,14,1,14,2,0,0,1,1,
no_iterative_deepening,SYO/SYO001^1.p,TH0,Theorem,timeout,na,2122,2856,9,2856,655,0,0,2,0,
no_iterative_deepening,SYO/SYO002^1.p,TH0,Theorem,thm,yes,22,15,1,15,2,0,0,1,1,
no_iterative_deepening,SYO/SYO003^1.p,TH0,Theorem,unk,na,16,12,0,12,2,0,0,0,0,
no_iterative_deepening,SYO/SYO004^1.p,TH0,Theorem,timeout,na,2003,73,3,73,5,2,0,4,0,
no_iterative_deepening,SYO/SYO005^1.p,TH0,Theorem,thm,yes,37,15,1,15,2,0,0,1,1,
no_iterative_deepening,SYO/SYO006^1.p,TH0,Theorem,thm,yes,24,34,0,30,3,7,0,0,0,
no_iterative_deepening,SYO/SYO007^1.p,TH0,Theorem,thm,yes,24,35,0,31,3,7,0,0,0,
no_iterative_deepening,SYO/SYO008^1.p,TH0,Theorem,unk,na,117,19,1,19,2,0,0,2,0,
no_iterative_deepening,SYO/SYO009^1.p,TH0,Theorem,thm,yes,1,1,0,1,1,1,0,0,0,
no_iterative_deepening,SYO/SYO010^1.p,TH0,Theorem,unk,na,114,23,0,23,2,0,0,3,0,
no_iterative_deepening,SYO/SYO011^1.p,TH0,Theorem,unk,na,114,23,0,23,2,0,0,3,0,
no_iterative_deepening,SYO/SYO012^1.p,TH0,Theorem,thm,yes,2,1,0,1,1,1,0,0,0,
no_iterative_deepening,SYO/SYO013^1.p,TH0,Theorem,thm,yes,6,12,0,10,2,3,0,0,0,
no_iterative_deepening,SYO/SYO015^1.p,TH0,Theorem,thm,yes,2,2,0,2,1,1,0,0,0,
no_iterative_deepening,SYO/SYO016^1.p,TH0,Theorem,timeout,na,2048,973,2,889,11,137,0,0,0,
no_iterative_deepening,SYO/SYO017^1.p,TH0,Theorem,csa,no,70,245,0,223,9,45,1,0,0,[C[K5W7M] <- ⊥  C[23RUI5] <- ⊤  C[5RPW5] <- ⊤]  Model: ¬(h C[5RPW5])  ¬C[K5W7M]  C[5RPW5]  ¬(h (⊥ = C[5RPW5]))  ¬(h (C[K5W7M] = C[5RPW5]))
no_iterative_deepening,SYO/SYO018^1.p,TH0,Theorem,timeout,na,2006,97,5,95,5,4,0,1,0,
no_iterative_deepening,SYO/SYO019^1.p,TH0,Theorem,thm,yes,3,3,0,3,1,1,0,0,0,
no_iterative_deepening,SYO/SYO020^1.p,TH0,Theorem,parser_error,na,0,,,,,,,,,cached: Failed to parse formula 'conj': [byte:1833] Type Error: Cannot unify strict function types of different arities.
no_iterative_deepening,SYO/SYO021^1.p,TH0,Theorem,thm,yes,4,3,0,3,1,1,0,0,0,
no_iterative_deepening,SYO/SYO022^1.p,TH0,Theorem,timeout,na,2088,564,33,548,228,13,0,0,0,
no_iterative_deepening,SYO/SYO023^1.p,TH0,Theorem,thm,yes,5,1,0,1,1,1,0,0,0,
no_iterative_deepening,SYO/SYO024^1.p,TH0,Theorem,timeout,na,2091,659,42,635,348,13,0,0,0,
no_iterative_deepening,SYO/SYO025^1.p,TH0,Theorem,thm,yes,5,1,0,1,1,1,0,0,0,
no_iterative_deepening,SYO/SYO026^1.p,TH0,Theorem,thm,yes,18,14,0,13,4,4,0,0,0,
no_iterative_deepening,SYO/SYO027^1.p,TH0,Theorem,thm,yes,2,2,0,2,1,1,0,0,0,
no_iterative_deepening,SYO/SYO028^1.p,TH0,Theorem,thm,yes,1,2,0,2,1,1,0,0,0,
no_iterative_deepening,SYO/SYO029^1.p,TH0,Theorem,thm,yes,6,3,0,3,1,1,0,0,0,
no_iterative_deepening,SYO/SYO030^1.p,TH0,Theorem,thm,yes,28,92,0,77,12,16,0,0,0,
no_iterative_deepening,SYO/SYO031^1.p,TH0,Theorem,thm,yes,7,11,1,11,1,1,0,0,0,
no_iterative_deepening,SYO/SYO032^1.p,TH0,Theorem,thm,yes,46,20,1,20,1,1,0,0,0,
no_iterative_deepening,SYO/SYO033^1.p,TH0,Theorem,unk,na,1666,12,0,12,2,0,0,2,0,
no_iterative_deepening,SYO/SYO034^1.p,TH0,Theorem,thm,yes,8,5,0,5,1,1,0,0,0,
no_iterative_deepening,SYO/SYO035^1.p,TH0,Theorem,unk,na,132,16,1,16,2,0,0,2,0,
no_iterative_deepening,SYO/SYO037^1.p,TH0,ContradictoryAxioms,timeout,na,2118,4082,152,4082,877,34,0,2,0,
no_iterative_deepening,SYO/SYO039^1.p,TH0,Unsatisfiable,parser_error,na,0,,,,,,,,,cached: Failed to parse formula '1': [byte:1601] Type Error: Cannot unify strict function types of different arities.
no_iterative_deepening,SYO/SYO039^2.p,TH0,Theorem,parser_error,na,0,,,,,,,,,cached: Failed to parse formula '1': [byte:1905] Type Error: Cannot unify strict function types of different arities.
no_iterative_deepening,SYO/SYO040^1.p,TH0,Unsatisfiable,no_conjecture,na,0,,,,,,,,,
no_iterative_deepening,SYO/SYO040^2.p,TH0,Theorem,csa,no,111,388,0,350,12,80,1,0,0,[C[9CDTR] <- ⊤  C[JWKHQ] <- ⊤  C[26NGHB] <- ⊤  C[DMOQO] <- ⊥  C[OZNY] <- ⊥]  Model: C[9CDTR]  C[1E2CBO] (h C[9CDTR])  C[1E2CBO] (h C[JWKHQ])  C[JWKHQ]  f C[JWKHQ]  C[1E2CBO] (h (f C[JWKHQ]))  ¬(C[1E2C
no_iterative_deepening,SYO/SYO041^1.p,TH0,Unsatisfiable,no_conjecture,na,2,,,,,,,,,
no_iterative_deepening,SYO/SYO041^2.p,TH0,Theorem,prover_error,na,231,,,,,,,,,ShotTx.Proof.interior_event/2: unhandled trace entry {3024952003  {:instantiate  #Stream<[enum: [6064401954  6064401986]  funs: [#Function<49.48511117/1 in Stream.map/2>  #Function<49.48511117/1 in Stream.map/2>]]>  2}  []}
no_iterative_deepening,SYO/SYO042^1.p,TH0,Unsatisfiable,no_conjecture,na,2,,,,,,,,,
no_iterative_deepening,SYO/SYO042^2.p,TH0,Theorem,thm,yes,205,205,0,184,8,53,0,0,0,
no_iterative_deepening,SYO/SYO043^1.p,TH0,Unsatisfiable,no_conjecture,na,1,,,,,,,,,
no_iterative_deepening,SYO/SYO043^2.p,TH0,CounterSatisfiable,csa,yes,8,6,0,3,6,0,1,0,0,[f <- λ. ¬1  x <- ⊤]  Model: ¬(q (λ. f 1) x)  ¬(q (λ. ¬1) x)  ¬(q (λ. ¬1) ⊤)
no_iterative_deepening,SYO/SYO044^1.p,TH0,Theorem,thm,yes,48,5,0,5,1,1,0,0,0,
no_iterative_deepening,SYO/SYO045^1.p,TH0,Theorem,thm,yes,98,63,1,63,9,8,0,1,1,
no_iterative_deepening,SYO/SYO046^1.p,TH0,Theorem,thm,yes,110,66,1,66,8,7,0,1,1,
no_iterative_deepening,SYO/SYO047^1.p,TH0,Theorem,thm,yes,106,44,1,45,6,2,0,1,1,
no_iterative_deepening,SYO/SYO048^1.p,TH0,Theorem,timeout,na,2054,479,0,479,36,59,0,2,0,
no_iterative_deepening,SYO/SYO049^1.p,TH0,Theorem,timeout,na,2047,302,0,302,25,43,0,2,0,
no_iterative_deepening,SYO/SYO050^1.p,TH0,CounterSatisfiable,unk,na,55,11,0,11,2,0,0,0,0,
no_iterative_deepening,SYO/SYO050^2.p,TH0,Theorem,thm,yes,60,12,0,12,3,0,0,1,1,
no_iterative_deepening,SYO/SYO051^1.p,TH0,CounterSatisfiable,unk,na,74,19,1,19,2,0,0,2,0,
no_iterative_deepening,SYO/SYO051^2.p,TH0,CounterSatisfiable,timeout,na,2069,1403,96,1403,69,3,0,3,0,
no_iterative_deepening,SYO/SYO052^1.p,TH0,CounterSatisfiable,unk,na,105,43,1,43,9,0,0,0,0,
no_iterative_deepening,SYO/SYO052^2.p,TH0,Theorem,thm,yes,159,57,0,57,6,0,0,1,1,
no_iterative_deepening,SYO/SYO053^1.p,TH0,CounterSatisfiable,unk,na,58,6,0,6,1,0,0,0,0,
no_iterative_deepening,SYO/SYO053^2.p,TH0,Theorem,thm,yes,49,5,0,5,1,0,0,1,1,
no_iterative_deepening,SYO/SYO054^1.p,TH0,CounterSatisfiable,csa,yes,64,13,1,13,1,0,1,0,0,[mand <- λλλ. mnot (λ. mor (λ. mnot (λ. 6 1) 1) (λ. mnot (λ. 5 1) 1) 1) 1  mbox <- λλλ. ∀(λ. (¬(4 2 1)) ∨ (3 1))  mcountersatisfiable <- λ. ∃(λ. ¬(2 1))  mdia <- λλλ. mnot (λ. mbox (λλ. 6 2 1) (λ. mno
no_iterative_deepening,SYO/SYO054^2.p,TH0,CounterSatisfiable,timeout,na,2079,1510,99,1510,78,24,0,2,0,
no_iterative_deepening,SYO/SYO055^1.p,TH0,CounterSatisfiable,unk,na,118,50,1,50,6,4,0,0,0,
no_iterative_deepening,SYO/SYO055^2.p,TH0,CounterSatisfiable,timeout,na,2064,1068,78,1068,49,0,0,1,0,
no_iterative_deepening,SYO/SYO056^1.p,TH0,CounterSatisfiable,unk,na,98,24,1,24,3,0,0,1,0,
no_iterative_deepening,SYO/SYO056^2.p,TH0,CounterSatisfiable,timeout,na,2073,1331,95,1331,74,0,0,2,0,
no_iterative_deepening,SYO/SYO057^1.p,TH0,CounterSatisfiable,unk,na,99,66,1,66,7,7,0,0,0,
no_iterative_deepening,SYO/SYO057^2.p,TH0,Theorem,timeout,na,2069,1208,92,1208,51,0,0,2,0,
no_iterative_deepening,SYO/SYO058^4.p,TH0,Theorem,unk,na,70,155,2,155,11,8,0,0,0,
no_iterative_deepening,SYO/SYO059^4.p,TH0,Theorem,timeout,na,2250,7274,124,7274,203,269,0,0,0,
no_iterative_deepening,SYO/SYO060^4.p,TH0,Theorem,timeout,na,2145,3807,98,3807,229,109,0,0,0,
no_iterative_deepening,SYO/SYO061^4.p,TH0,Theorem,timeout,na,2139,4864,137,4864,184,175,0,0,0,
no_iterative_deepening,SYO/SYO063^4.p,TH0,Theorem,timeout,na,2073,2161,89,2161,218,35,0,0,0,
no_iterative_deepening,SYO/SYO076^5.p,TH0,Theorem,thm,yes,4,1,0,1,1,1,0,0,0,
no_iterative_deepening,SYO/SYO077^5.p,TH0,Theorem,thm,yes,5,5,0,5,1,0,0,1,1,
no_iterative_deepening,SYO/SYO078^5.p,TH0,Theorem,thm,yes,4,1,0,1,1,1,0,0,0,
no_iterative_deepening,SYO/SYO079^5.p,TH0,Theorem,thm,yes,5,1,0,1,1,1,0,0,0,
no_iterative_deepening,SYO/SYO080^5.p,TH0,Theorem,thm,yes,2,1,0,1,1,1,0,0,0,
no_iterative_deepening,SYO/SYO081^5.p,TH0,Theorem,thm,yes,4,5,0,5,1,0,0,1,1,
no_iterative_deepening,SYO/SYO082^5.p,TH0,Theorem,unk,na,7,6,0,6,1,0,0,0,0,
no_iterative_deepening,SYO/SYO083^5.p,TH0,Theorem,unk,na,8,10,0,10,2,0,0,0,0,
no_iterative_deepening,SYO/SYO084^5.p,TH0,Theorem,unk,na,33,17,0,17,3,1,0,3,0,
no_iterative_deepening,SYO/SYO085^5.p,TH0,Theorem,thm,yes,5,1,0,1,1,1,0,0,0,
no_iterative_deepening,SYO/SYO086^5.p,TH0,Theorem,thm,yes,6,1,0,1,1,1,0,0,0,
no_iterative_deepening,SYO/SYO087^5.p,TH0,Theorem,thm,yes,6,2,0,2,1,1,0,0,0,
no_iterative_deepening,SYO/SYO088^5.p,TH0,Theorem,thm,yes,10,1,0,1,1,1,0,0,0,
no_iterative_deepening,SYO/SYO089^5.p,TH0,Theorem,thm,yes,12,1,0,1,1,1,0,0,0,
no_iterative_deepening,SYO/SYO090^5.p,TH0,Theorem,thm,yes,15,1,0,1,1,1,0,0,0,
no_iterative_deepening,SYO/SYO091^5.p,TH0,Theorem,thm,yes,7,4,0,4,1,1,0,0,0,
no_iterative_deepening,SYO/SYO092^5.p,TH0,Theorem,unk,na,19,23,0,23,4,0,0,2,0,
no_iterative_deepening,SYO/SYO093^5.p,TH0,Theorem,unk,na,16,19,0,19,2,0,0,2,0,
no_iterative_deepening,SYO/SYO094^5.p,TH0,Theorem,unk,na,13,13,0,13,2,0,0,0,0,
no_iterative_deepening,SYO/SYO095^5.p,TH0,Theorem,thm,yes,795,261,2,261,7,42,0,3,1,
no_iterative_deepening,SYO/SYO096^5.p,TH0,Theorem,timeout,na,2126,7789,231,7789,732,170,0,2,0,
no_iterative_deepening,SYO/SYO098^5.p,TH0,Theorem,thm,yes,23,23,0,23,3,1,0,1,1,
no_iterative_deepening,SYO/SYO099^5.p,TH0,Theorem,unk,na,14,15,0,15,2,0,0,0,0,
no_iterative_deepening,SYO/SYO101^5.p,TH0,Theorem,unk,na,19,20,0,20,2,0,0,2,0,
no_iterative_deepening,SYO/SYO102^5.p,TH0,Theorem,timeout,na,2287,6837,143,6837,1393,608,0,2,0,
no_iterative_deepening,SYO/SYO103^5.p,TH0,Theorem,timeout,na,2023,3678,345,3678,39,0,0,4,0,
no_iterative_deepening,SYO/SYO104^5.p,TH0,Theorem,unk,na,20,23,0,23,3,0,0,0,0,
no_iterative_deepening,SYO/SYO105^5.p,TH0,Theorem,unk,na,105,84,1,84,6,6,0,0,0,
no_iterative_deepening,SYO/SYO107^5.p,TH0,Theorem,unk,na,16,21,0,21,3,0,0,0,0,
no_iterative_deepening,SYO/SYO108^5.p,TH0,Theorem,thm,yes,21,31,0,31,5,2,0,1,1,
no_iterative_deepening,SYO/SYO109^5.p,TH0,Theorem,timeout,na,2097,3417,95,3417,563,174,0,3,0,
no_iterative_deepening,SYO/SYO111^5.p,TH0,Theorem,thm,yes,48,49,1,49,4,6,0,1,1,
no_iterative_deepening,SYO/SYO112^5.p,TH0,Theorem,unk,na,29,53,0,53,6,4,0,0,0,
no_iterative_deepening,SYO/SYO113^5.p,TH0,Theorem,timeout,na,2244,6145,45,6145,1161,416,0,1,0,
no_iterative_deepening,SYO/SYO114^5.p,TH0,Theorem,timeout,na,2278,6099,28,6099,517,1055,0,1,0,
no_iterative_deepening,SYO/SYO118^5.p,TH0,Theorem,thm,yes,2,1,0,1,1,1,0,0,0,
no_iterative_deepening,SYO/SYO119^5.p,TH0,Theorem,thm,yes,2,5,0,5,1,0,0,1,1,
no_iterative_deepening,SYO/SYO120^5.p,TH0,Theorem,thm,yes,1,2,0,2,1,1,0,0,0,
no_iterative_deepening,SYO/SYO121^5.p,TH0,CounterSatisfiable,unk,na,3,4,0,4,1,0,0,0,0,
no_iterative_deepening,SYO/SYO122^5.p,TH0,CounterSatisfiable,csa,yes,3,4,0,4,1,0,1,0,0,¬(cEQ C[756NH] C[8TL32])
no_iterative_deepening,SYO/SYO123^5.p,TH0,Theorem,unk,na,4,9,0,9,2,0,0,2,0,
no_iterative_deepening,SYO/SYO124^5.p,TH0,Theorem,thm,yes,2,1,0,1,1,1,0,0,0,
no_iterative_deepening,SYO/SYO125^5.p,TH0,Theorem,thm,yes,3,1,0,1,1,1,0,0,0,
no_iterative_deepening,SYO/SYO126^5.p,TH0,CounterSatisfiable,unk,na,10,7,0,7,2,0,0,0,0,
no_iterative_deepening,SYO/SYO128^5.p,TH0,Theorem,thm,yes,3,1,0,1,1,1,0,0,0,
no_iterative_deepening,SYO/SYO129^5.p,TH0,Theorem,unk,na,5,6,0,6,2,0,0,0,0,
no_iterative_deepening,SYO/SYO130^5.p,TH0,CounterSatisfiable,csa,yes,3,2,0,2,1,0,1,0,0,cP C[NGT14]
no_iterative_deepening,SYO/SYO131^5.p,TH0,Theorem,thm,yes,4,4,0,4,1,0,0,1,1,
no_iterative_deepening,SYO/SYO132^5.p,TH0,Theorem,thm,yes,13,9,0,9,2,2,0,0,0,
no_iterative_deepening,SYO/SYO133^5.p,TH0,Theorem,unk,na,20,16,0,16,3,1,0,0,0,
no_iterative_deepening,SYO/SYO134^5.p,TH0,Theorem,thm,yes,12,20,1,20,2,1,0,1,1,
no_iterative_deepening,SYO/SYO135^5.p,TH0,Theorem,unk,na,8,8,0,8,2,0,0,0,0,
no_iterative_deepening,SYO/SYO136^5.p,TH0,Theorem,unk,na,9,10,0,10,2,0,0,0,0,
no_iterative_deepening,SYO/SYO137^5.p,TH0,CounterSatisfiable,unk,na,32,65,0,65,8,2,0,0,0,
no_iterative_deepening,SYO/SYO138^5.p,TH0,CounterSatisfiable,csa,yes,6,4,0,4,1,0,1,0,0,cP C[DPNQD]  ¬(cS C[DPNQD])
no_iterative_deepening,SYO/SYO139^5.p,TH0,Theorem,thm,yes,6,5,0,5,1,1,0,0,0,
no_iterative_deepening,SYO/SYO140^5.p,TH0,Theorem,thm,yes,11,13,0,13,2,0,0,1,1,
no_iterative_deepening,SYO/SYO141^5.p,TH0,Theorem,thm,yes,17,20,1,20,2,0,0,1,1,
no_iterative_deepening,SYO/SYO142^5.p,TH0,Theorem,unk,na,31,15,0,15,3,1,0,0,0,
no_iterative_deepening,SYO/SYO143^5.p,TH0,Theorem,unk,na,10,10,1,10,1,0,0,0,0,
no_iterative_deepening,SYO/SYO144^5.p,TH0,CounterSatisfiable,unk,na,30,20,0,20,3,1,0,0,0,
no_iterative_deepening,SYO/SYO145^5.p,TH0,Theorem,unk,na,16,17,0,17,2,0,0,3,0,
no_iterative_deepening,SYO/SYO146^5.p,TH0,Theorem,thm,yes,20,42,0,42,5,4,0,1,1,
no_iterative_deepening,SYO/SYO147^5.p,TH0,Theorem,unk,na,68,38,0,38,5,3,0,0,0,
no_iterative_deepening,SYO/SYO148^5.p,TH0,Theorem,unk,na,63,120,0,120,16,12,0,0,0,
no_iterative_deepening,SYO/SYO149^5.p,TH0,Theorem,thm,yes,23,31,0,31,5,2,0,2,1,
no_iterative_deepening,SYO/SYO150^5.p,TH0,CounterSatisfiable,unk,na,48,20,0,20,3,1,0,0,0,
no_iterative_deepening,SYO/SYO151^5.p,TH0,CounterSatisfiable,unk,na,14,8,0,8,2,0,0,0,0,
no_iterative_deepening,SYO/SYO152^5.p,TH0,CounterSatisfiable,unk,na,118,47,0,47,3,6,0,0,0,
no_iterative_deepening,SYO/SYO153^5.p,TH0,CounterSatisfiable,csa,yes,16,8,0,8,2,0,1,0,0,cReduct C[1PWGYS] C[NMJ8F]  cReduct (cAPP C[1PWGYS] C[M1EDR]) (cApp C[NMJ8F] C[M1EDR])  ¬(cReduct (cAPP C[M1EDR] C[1PWGYS]) (cAPP C[M1EDR] C[NMJ8F]))
no_iterative_deepening,SYO/SYO154^5.p,TH0,Theorem,thm,yes,16,18,0,18,3,0,0,1,1,
no_iterative_deepening,SYO/SYO155^5.p,TH0,CounterSatisfiable,csa,yes,5,4,0,4,1,0,1,0,0,cP C[1HO7KS]  ¬(cS C[1HO7KS])
no_iterative_deepening,SYO/SYO156^5.p,TH0,CounterSatisfiable,csa,yes,7,1,0,1,1,0,1,0,0,
no_iterative_deepening,SYO/SYO157^5.p,TH0,CounterSatisfiable,unk,na,15,18,0,18,3,0,0,0,0,
no_iterative_deepening,SYO/SYO158^5.p,TH0,CounterSatisfiable,csa,yes,69,17,1,17,2,0,1,0,0,cQ C[1SNB90] C[F03DY] C[QLU8J]  cQ C[F03DY] C[P9LKT] C[4MD3Z]  cQ C[QLU8J] C[P9LKT] C[103MS]  ¬(cQ C[1SNB90] C[4MD3Z] C[103MS])
no_iterative_deepening,SYO/SYO159^5.p,TH0,Theorem,thm,yes,21,24,0,24,3,2,0,1,1,
no_iterative_deepening,SYO/SYO160^5.p,TH0,Theorem,unk,na,64,179,1,179,16,21,0,0,0,
no_iterative_deepening,SYO/SYO161^5.p,TH0,Theorem,thm,yes,38,58,0,58,6,10,0,3,1,
no_iterative_deepening,SYO/SYO163^5.p,TH0,CounterSatisfiable,csa,yes,67,13,0,13,4,1,1,0,0,¬(cT C[1F2W64])  ¬(cT (i C[1F2W64] (i C[1I5RYG] C[1F2W64])))
no_iterative_deepening,SYO/SYO164^5.p,TH0,CounterSatisfiable,unk,na,38,57,4,57,5,1,0,0,0,
no_iterative_deepening,SYO/SYO165^5.p,TH0,CounterSatisfiable,timeout,na,2139,4626,55,4626,789,175,0,2,0,
no_iterative_deepening,SYO/SYO166^5.p,TH0,CounterSatisfiable,timeout,na,2017,826,38,826,35,28,0,2,0,
no_iterative_deepening,SYO/SYO167^5.p,TH0,CounterSatisfiable,timeout,na,2032,1016,24,1016,55,62,0,2,0,
no_iterative_deepening,SYO/SYO168^5.p,TH0,CounterSatisfiable,timeout,na,2024,951,52,951,59,9,0,6,0,
no_iterative_deepening,SYO/SYO169^5.p,TH0,Theorem,timeout,na,2125,1422,35,1422,394,4,0,4,0,
no_iterative_deepening,SYO/SYO170^5.p,TH0,Theorem,timeout,na,2106,1290,43,1290,330,1,0,3,0,
no_iterative_deepening,SYO/SYO171^5.p,TH0,Theorem,timeout,na,2134,7615,308,7615,1087,193,0,1,0,
no_iterative_deepening,SYO/SYO173^5.p,TH0,Theorem,timeout,na,2103,3620,204,3620,280,229,0,4,0,
no_iterative_deepening,SYO/SYO174^5.p,TH0,Theorem,timeout,na,2007,0,0,0,1,0,0,0,0,
no_iterative_deepening,SYO/SYO175^5.p,TH0,Theorem,timeout,na,2157,6431,232,6431,797,220,0,1,0,
no_iterative_deepening,SYO/SYO176^5.p,TH0,CounterSatisfiable,csa,yes,852,11,0,11,4,0,1,0,0,cL  cP  ¬cM
no_iterative_deepening,SYO/SYO178^5.p,TH0,Theorem,thm,yes,91,1,0,1,1,1,0,0,0,
no_iterative_deepening,SYO/SYO179^5.p,TH0,Theorem,timeout,na,2017,0,0,0,1,0,0,0,0,
no_iterative_deepening,SYO/SYO180^5.p,TH0,Theorem,thm,yes,573,12,1,12,1,1,0,0,0,
no_iterative_deepening,SYO/SYO181^5.p,TH0,Theorem,timeout,na,4365,0,0,0,1,0,0,0,0,
no_iterative_deepening,SYO/SYO182^5.p,TH0,Theorem,timeout,na,5608,0,0,0,1,0,0,0,0,
no_iterative_deepening,SYO/SYO183^5.p,TH0,Theorem,thm,yes,2,2,0,2,1,1,0,0,0,
no_iterative_deepening,SYO/SYO183^6.p,TH0,Theorem,thm,yes,2,3,0,3,1,1,0,0,0,
no_iterative_deepening,SYO/SYO184^5.p,TH0,Theorem,thm,yes,2,3,0,3,1,1,0,0,0,
no_iterative_deepening,SYO/SYO185^5.p,TH0,Theorem,thm,yes,2,2,0,2,1,1,0,0,0,
no_iterative_deepening,SYO/SYO186^5.p,TH0,Theorem,thm,yes,2,3,0,3,1,1,0,0,0,
no_iterative_deepening,SYO/SYO187^5.p,TH0,Theorem,thm,yes,2,3,0,3,1,1,0,0,0,
no_iterative_deepening,SYO/SYO188^5.p,TH0,Theorem,thm,yes,52,3,0,3,1,1,0,0,0,
no_iterative_deepening,SYO/SYO189^5.p,TH0,Theorem,thm,yes,4,5,0,5,1,1,0,0,0,
no_iterative_deepening,SYO/SYO190^5.p,TH0,Theorem,thm,yes,4,3,0,3,1,1,0,0,0,
no_iterative_deepening,SYO/SYO191^5.p,TH0,Theorem,thm,yes,3,3,0,3,1,1,0,0,0,
no_iterative_deepening,SYO/SYO192^5.p,TH0,Theorem,thm,yes,3,3,0,3,1,1,0,0,0,
no_iterative_deepening,SYO/SYO193^5.p,TH0,Theorem,thm,yes,47,3,0,3,1,1,0,0,0,
no_iterative_deepening,SYO/SYO194^5.p,TH0,Theorem,unk,na,12,12,0,12,2,0,0,0,0,
no_iterative_deepening,SYO/SYO195^5.p,TH0,Theorem,thm,yes,2,3,0,3,1,1,0,0,0,
no_iterative_deepening,SYO/SYO196^5.p,TH0,Theorem,thm,yes,2,2,0,2,1,1,0,0,0,
no_iterative_deepening,SYO/SYO197^5.p,TH0,Theorem,thm,yes,5,5,0,5,1,1,0,0,0,
no_iterative_deepening,SYO/SYO198^5.p,TH0,Theorem,thm,yes,8,15,0,15,3,4,0,0,0,
no_iterative_deepening,SYO/SYO199^5.p,TH0,Theorem,thm,yes,7,9,0,9,1,1,0,0,0,
no_iterative_deepening,SYO/SYO200^5.p,TH0,Theorem,thm,yes,7,8,0,8,1,1,0,0,0,
no_iterative_deepening,SYO/SYO202^5.p,TH0,Theorem,thm,yes,3,2,0,2,1,1,0,0,0,
no_iterative_deepening,SYO/SYO203^5.p,TH0,Theorem,thm,yes,3,1,0,1,1,1,0,0,0,
no_iterative_deepening,SYO/SYO204^5.p,TH0,Theorem,thm,yes,4,6,0,6,1,1,0,0,0,
no_iterative_deepening,SYO/SYO205^5.p,TH0,Theorem,thm,yes,4,3,0,3,1,1,0,0,0,
no_iterative_deepening,SYO/SYO206^5.p,TH0,Theorem,thm,yes,16,46,0,46,4,6,0,0,0,
no_iterative_deepening,SYO/SYO207^5.p,TH0,Theorem,thm,yes,13,28,0,28,4,6,0,0,0,
no_iterative_deepening,SYO/SYO208^5.p,TH0,Theorem,thm,yes,123,30,0,30,3,3,0,1,1,
no_iterative_deepening,SYO/SYO209^5.p,TH0,Theorem,unk,na,117,12,0,12,2,0,0,2,0,
no_iterative_deepening,SYO/SYO210^5.p,TH0,CounterSatisfiable,csa,yes,3,5,0,5,1,0,1,0,0,
no_iterative_deepening,SYO/SYO211^5.p,TH0,CounterSatisfiable,unk,na,8,9,0,9,2,0,0,0,0,
no_iterative_deepening,SYO/SYO212^5.p,TH0,Theorem,thm,yes,23,54,0,45,5,12,0,0,0,
no_iterative_deepening,SYO/SYO213^5.p,TH0,Theorem,thm,yes,143,51,0,51,3,6,0,1,1,
no_iterative_deepening,SYO/SYO214^5.p,TH0,Theorem,thm,yes,14,5,0,5,1,1,0,0,0,
no_iterative_deepening,SYO/SYO215^5.p,TH0,Theorem,timeout,na,2003,76,2,76,5,3,0,4,0,
no_iterative_deepening,SYO/SYO216^5.p,TH0,Theorem,thm,yes,5,4,0,4,1,1,0,0,0,
no_iterative_deepening,SYO/SYO217^5.p,TH0,Theorem,unk,na,34,35,0,35,4,1,0,0,0,
no_iterative_deepening,SYO/SYO218^5.p,TH0,Theorem,unk,na,38,43,0,43,7,2,0,0,0,
no_iterative_deepening,SYO/SYO219^5.p,TH0,Theorem,timeout,na,2045,1908,83,1908,169,3,0,1,0,
no_iterative_deepening,SYO/SYO220^5.p,TH0,Theorem,thm,yes,18,9,0,9,1,0,0,1,1,
no_iterative_deepening,SYO/SYO221^5.p,TH0,Theorem,timeout,na,2027,1184,52,1184,149,34,0,2,0,
no_iterative_deepening,SYO/SYO222^5.p,TH0,Theorem,timeout,na,2020,975,55,975,107,21,0,1,0,
no_iterative_deepening,SYO/SYO223^5.p,TH0,Theorem,timeout,na,2109,4256,47,4256,500,284,0,1,0,
no_iterative_deepening,SYO/SYO224^5.p,TH0,Theorem,timeout,na,2111,3655,26,3655,523,281,0,1,0,
no_iterative_deepening,SYO/SYO225^5.p,TH0,Theorem,timeout,na,2249,4906,58,4906,229,456,0,0,0,
no_iterative_deepening,SYO/SYO226^5.p,TH0,Theorem,timeout,na,2003,114,1,114,8,12,0,4,0,
no_iterative_deepening,SYO/SYO227^5.p,TH0,Theorem,timeout,na,2092,3922,36,3922,599,3,0,2,0,
no_iterative_deepening,SYO/SYO228^5.p,TH0,Theorem,timeout,na,2309,5892,27,5892,188,705,0,0,0,
no_iterative_deepening,SYO/SYO229^5.p,TH0,Theorem,timeout,na,2004,93,4,93,8,1,0,3,0,
no_iterative_deepening,SYO/SYO230^5.p,TH0,Theorem,timeout,na,2004,108,3,108,9,1,0,4,0,
no_iterative_deepening,SYO/SYO231^5.p,TH0,Theorem,timeout,na,2271,5834,10,5834,593,584,0,4,0,
no_iterative_deepening,SYO/SYO232^5.p,TH0,Theorem,thm,yes,12,12,0,12,2,1,0,1,1,
no_iterative_deepening,SYO/SYO233^5.p,TH0,Theorem,timeout,na,2003,83,4,83,5,2,0,4,0,
no_iterative_deepening,SYO/SYO234^5.p,TH0,Theorem,timeout,na,2004,109,4,109,9,1,0,4,0,
no_iterative_deepening,SYO/SYO235^5.p,TH0,Theorem,thm,yes,30,56,0,56,5,12,0,0,0,
no_iterative_deepening,SYO/SYO236^5.p,TH0,Theorem,unk,na,41,68,1,68,6,2,0,0,0,
no_iterative_deepening,SYO/SYO237^5.p,TH0,Theorem,unk,na,431,41,3,41,3,1,0,3,0,
no_iterative_deepening,SYO/SYO238^5.p,TH0,Theorem,timeout,na,2003,87,5,87,5,3,0,3,0,
no_iterative_deepening,SYO/SYO239^5.p,TH0,Theorem,timeout,na,2079,1750,82,1750,360,9,0,4,0,
no_iterative_deepening,SYO/SYO240^5.p,TH0,Unknown,timeout,na,2021,635,32,635,35,14,0,2,0,
no_iterative_deepening,SYO/SYO241^5.p,TH0,Theorem,timeout,na,2061,1652,42,1652,251,29,0,1,0,
no_iterative_deepening,SYO/SYO242^5.p,TH0,CounterSatisfiable,timeout,na,2034,1326,53,1327,96,14,0,2,0,
no_iterative_deepening,SYO/SYO243^5.p,TH0,Theorem,timeout,na,2066,2452,44,2453,294,15,0,3,0,
no_iterative_deepening,SYO/SYO244^5.p,TH0,Theorem,timeout,na,2028,421,11,421,43,12,0,2,0,
no_iterative_deepening,SYO/SYO245^5.p,TH0,ContradictoryAxioms,timeout,na,2091,2817,151,2817,365,9,0,3,0,
no_iterative_deepening,SYO/SYO246^5.p,TH0,Theorem,timeout,na,2022,161,5,161,12,11,0,1,0,
no_iterative_deepening,SYO/SYO247^5.p,TH0,CounterSatisfiable,unk,na,256,53,2,53,6,0,0,0,0,
no_iterative_deepening,SYO/SYO248^5.p,TH0,Theorem,timeout,na,2236,6570,2,6570,255,320,0,0,0,
no_iterative_deepening,SYO/SYO249^5.p,TH0,Theorem,timeout,na,2173,2205,28,2205,191,0,0,0,0,
no_iterative_deepening,SYO/SYO250^5.p,TH0,Theorem,timeout,na,2114,2,0,2,1,0,0,0,0,
no_iterative_deepening,SYO/SYO252^5.p,TH0,Theorem,thm,yes,3,3,0,3,1,1,0,0,0,
no_iterative_deepening,SYO/SYO253^5.p,TH0,Theorem,thm,yes,4,2,0,2,1,1,0,0,0,
no_iterative_deepening,SYO/SYO255^5.p,TH0,Theorem,unk,na,12,10,0,10,2,0,0,0,0,
no_iterative_deepening,SYO/SYO256^5.p,TH0,Theorem,thm,yes,51,75,0,71,5,16,0,0,0,
no_iterative_deepening,SYO/SYO257^5.p,TH0,Theorem,thm,yes,22,9,0,9,1,0,0,1,1,
no_iterative_deepening,SYO/SYO258^5.p,TH0,Theorem,thm,yes,51,24,0,24,3,0,0,2,1,
no_iterative_deepening,SYO/SYO259^5.p,TH0,Theorem,unk,na,142,34,0,34,5,2,0,0,0,
no_iterative_deepening,SYO/SYO260^5.p,TH0,Theorem,thm,yes,209,54,0,54,5,4,0,1,1,
no_iterative_deepening,SYO/SYO261^5.p,TH0,Theorem,timeout,na,2043,2742,125,2742,290,10,0,5,0,
no_iterative_deepening,SYO/SYO262^5.p,TH0,Theorem,thm,yes,124,7,0,7,1,0,0,1,1,
no_iterative_deepening,SYO/SYO263^5.p,TH0,Theorem,timeout,na,2017,590,18,590,67,36,0,0,0,
no_iterative_deepening,SYO/SYO264^5.p,TH0,Theorem,unk,na,235,44,0,44,7,2,0,0,0,
no_iterative_deepening,SYO/SYO265^5.p,TH0,Theorem,unk,na,31,35,0,35,4,2,0,0,0,
no_iterative_deepening,SYO/SYO266^5.p,TH0,Theorem,thm,yes,1092,566,36,566,36,17,0,1,1,
no_iterative_deepening,SYO/SYO267^5.p,TH0,Theorem,thm,yes,66,12,0,12,2,0,0,1,1,
no_iterative_deepening,SYO/SYO268^5.p,TH0,Theorem,thm,yes,90,57,1,57,5,2,0,1,1,
no_iterative_deepening,SYO/SYO269^5.p,TH0,Theorem,timeout,na,2021,402,28,402,19,0,0,0,0,
no_iterative_deepening,SYO/SYO270^5.p,TH0,Theorem,unk,na,75,12,1,12,1,0,0,0,0,
no_iterative_deepening,SYO/SYO271^5.p,TH0,Theorem,timeout,na,2007,168,4,168,11,17,0,5,0,
no_iterative_deepening,SYO/SYO272^5.p,TH0,Theorem,timeout,na,2058,1743,46,1743,224,8,0,5,0,
no_iterative_deepening,SYO/SYO274^5.p,TH0,Theorem,timeout,na,2067,3504,225,3504,298,0,0,2,0,
no_iterative_deepening,SYO/SYO275^5.p,TH0,Theorem,timeout,na,2061,1650,66,1650,201,12,0,5,0,
no_iterative_deepening,SYO/SYO276^5.p,TH0,Theorem,timeout,na,2005,51,3,51,3,0,0,3,0,
no_iterative_deepening,SYO/SYO277^5.p,TH0,Theorem,unk,na,26,20,0,20,3,0,0,0,0,
no_iterative_deepening,SYO/SYO278^5.p,TH0,CounterSatisfiable,unk,na,5,5,0,5,1,0,0,0,0,
no_iterative_deepening,SYO/SYO279^5.p,TH0,CounterSatisfiable,csa,yes,5,3,0,3,1,0,1,0,0,¬(cReduct (cAPP (cLAM (λ. C[1M2HKG] 1)) C[11ADOW]) (C[1M2HKG] C[11ADOW]))
no_iterative_deepening,SYO/SYO280^5.p,TH0,CounterSatisfiable,unk,na,37,20,0,20,3,1,0,3,0,
no_iterative_deepening,SYO/SYO281^5.p,TH0,Theorem,thm,yes,47,6,0,6,1,0,0,1,1,
no_iterative_deepening,SYO/SYO282^5.p,TH0,Theorem,thm,yes,5,6,0,6,1,0,0,1,1,
no_iterative_deepening,SYO/SYO284^5.p,TH0,CounterSatisfiable,unk,na,6,7,0,7,1,0,0,0,0,
no_iterative_deepening,SYO/SYO285^5.p,TH0,Theorem,thm,yes,4,3,0,3,1,0,0,1,1,
no_iterative_deepening,SYO/SYO286^5.p,TH0,Theorem,thm,yes,8,8,0,8,1,0,0,1,1,
no_iterative_deepening,SYO/SYO287^5.p,TH0,Theorem,unk,na,163,15,0,15,3,1,0,0,0,
no_iterative_deepening,SYO/SYO288^5.p,TH0,Theorem,timeout,na,2016,748,32,748,89,34,0,1,0,
no_iterative_deepening,SYO/SYO289^5.p,TH0,Theorem,thm,yes,10,9,0,9,1,0,0,1,1,
no_iterative_deepening,SYO/SYO290^5.p,TH0,Theorem,thm,yes,4,1,0,1,1,1,0,0,0,
no_iterative_deepening,SYO/SYO291^5.p,TH0,Theorem,thm,yes,6,3,0,3,1,0,0,1,1,
no_iterative_deepening,SYO/SYO292^5.p,TH0,Theorem,thm,yes,129,12,0,12,2,0,0,2,1,
no_iterative_deepening,SYO/SYO293^5.p,TH0,Theorem,thm,yes,15,5,0,5,1,0,0,1,1,
no_iterative_deepening,SYO/SYO294^5.p,TH0,CounterSatisfiable,unk,na,43,12,0,12,2,0,0,2,0,
no_iterative_deepening,SYO/SYO295^5.p,TH0,Theorem,unk,na,24,43,0,44,7,2,0,0,0,
no_iterative_deepening,SYO/SYO296^5.p,TH0,Theorem,thm,yes,243,44,1,44,5,3,0,2,1,
no_iterative_deepening,SYO/SYO297^5.p,TH0,CounterSatisfiable,unk,na,12,11,0,11,2,0,0,0,0,
no_iterative_deepening,SYO/SYO298^5.p,TH0,Theorem,thm,yes,107,12,0,12,2,0,0,1,1,
no_iterative_deepening,SYO/SYO299^5.p,TH0,Theorem,thm,yes,46,31,0,31,4,4,0,0,0,
no_iterative_deepening,SYO/SYO300^5.p,TH0,Theorem,thm,yes,20,6,0,6,1,0,0,1,1,
no_iterative_deepening,SYO/SYO301^5.p,TH0,Theorem,timeout,na,2298,3709,15,3709,329,430,0,1,0,
no_iterative_deepening,SYO/SYO302^5.p,TH0,CounterSatisfiable,timeout,na,2004,23,0,23,3,0,0,4,0,
no_iterative_deepening,SYO/SYO303^5.p,TH0,Theorem,unk,na,16,19,0,19,4,0,0,0,0,
no_iterative_deepening,SYO/SYO304^5.p,TH0,Theorem,unk,na,10,4,0,4,1,0,0,0,0,
no_iterative_deepening,SYO/SYO305^5.p,TH0,Theorem,thm,yes,18,16,0,16,3,0,0,1,1,
no_iterative_deepening,SYO/SYO306^5.p,TH0,Theorem,thm,yes,4,1,0,1,1,1,0,0,0,
no_iterative_deepening,SYO/SYO307^5.p,TH0,Theorem,timeout,na,2005,148,3,148,12,10,0,2,0,
no_iterative_deepening,SYO/SYO308^5.p,TH0,Theorem,unk,na,18,16,0,16,3,0,0,0,0,
no_iterative_deepening,SYO/SYO309^5.p,TH0,Theorem,timeout,na,2081,1311,58,1311,447,6,0,4,0,
no_iterative_deepening,SYO/SYO310^5.p,TH0,Theorem,thm,yes,20,10,0,10,2,2,0,0,0,
no_iterative_deepening,SYO/SYO311^5.p,TH0,Theorem,thm,yes,18,7,0,7,2,2,0,0,0,
no_iterative_deepening,SYO/SYO312^5.p,TH0,Theorem,timeout,na,2023,995,63,995,57,3,0,2,0,
no_iterative_deepening,SYO/SYO313^5.p,TH0,CounterSatisfiable,timeout,na,2222,6733,93,6733,1126,322,0,2,0,
no_iterative_deepening,SYO/SYO314^5.p,TH0,Theorem,thm,yes,10,1,0,1,1,1,0,0,0,
no_iterative_deepening,SYO/SYO315^5.p,TH0,Theorem,thm,yes,9,1,0,1,1,1,0,0,0,
no_iterative_deepening,SYO/SYO316^5.p,TH0,CounterSatisfiable,timeout,na,2043,1908,33,1908,243,0,0,1,0,
no_iterative_deepening,SYO/SYO317^5.p,TH0,Theorem,timeout,na,2034,2081,110,2081,115,24,0,2,0,
no_iterative_deepening,SYO/SYO318^5.p,TH0,CounterSatisfiable,timeout,na,2029,689,19,689,62,34,0,1,0,
no_iterative_deepening,SYO/SYO323^5.p,TH0,CounterSatisfiable,csa,yes,30,8,0,8,2,0,1,0,0,cHALF C[NEI0O] C[24F2H0]  ¬(cHALF (cS (cS C[NEI0O])) (cS C[24F2H0]))
no_iterative_deepening,SYO/SYO324^5.p,TH0,Theorem,timeout,na,2023,707,49,707,33,4,0,2,0,
no_iterative_deepening,SYO/SYO325^5.p,TH0,Theorem,timeout,na,2022,565,30,565,36,2,0,1,0,
no_iterative_deepening,SYO/SYO326^5.p,TH0,Theorem,timeout,na,2014,213,8,213,18,0,0,1,0,
no_iterative_deepening,SYO/SYO327^5.p,TH0,Theorem,timeout,na,2038,1224,76,1224,83,0,0,4,0,
no_iterative_deepening,SYO/SYO328^5.p,TH0,CounterSatisfiable,timeout,na,2010,4,0,4,3,0,0,0,0,
no_iterative_deepening,SYO/SYO329^5.p,TH0,Theorem,timeout,na,2070,1612,47,1612,306,0,0,4,0,
no_iterative_deepening,SYO/SYO330^5.p,TH0,Theorem,timeout,na,2024,1214,75,1214,57,29,0,3,0,
no_iterative_deepening,SYO/SYO331^5.p,TH0,Theorem,timeout,na,2031,987,33,987,86,19,0,1,0,
no_iterative_deepening,SYO/SYO332^5.p,TH0,Theorem,timeout,na,2038,1225,70,1225,75,17,0,1,0,
no_iterative_deepening,SYO/SYO333^5.p,TH0,CounterSatisfiable,timeout,na,2030,1102,70,1102,66,0,0,1,0,
no_iterative_deepening,SYO/SYO334^5.p,TH0,Theorem,timeout,na,2080,2292,50,2292,310,0,0,2,0,
no_iterative_deepening,SYO/SYO335^5.p,TH0,Theorem,timeout,na,2072,1667,50,1667,306,0,0,4,0,
no_iterative_deepening,SYO/SYO336^5.p,TH0,Unknown,timeout,na,2024,387,29,387,18,0,0,4,0,
no_iterative_deepening,SYO/SYO337^5.p,TH0,Theorem,timeout,na,2031,423,20,423,32,4,0,2,0,
no_iterative_deepening,SYO/SYO338^5.p,TH0,Theorem,timeout,na,2042,1850,156,1850,62,0,0,1,0,
no_iterative_deepening,SYO/SYO339^5.p,TH0,CounterSatisfiable,timeout,na,2067,1388,24,1388,183,32,0,1,0,
no_iterative_deepening,SYO/SYO340^5.p,TH0,CounterSatisfiable,timeout,na,2046,463,17,463,65,14,0,0,0,
no_iterative_deepening,SYO/SYO341^5.p,TH0,CounterSatisfiable,timeout,na,2044,451,10,451,66,5,0,0,0,
no_iterative_deepening,SYO/SYO344^5.p,TH0,Theorem,thm,yes,6,3,0,3,1,1,0,0,0,
no_iterative_deepening,SYO/SYO345^5.p,TH0,Theorem,thm,yes,23,33,0,29,5,10,0,0,0,
no_iterative_deepening,SYO/SYO346^5.p,TH0,Theorem,thm,yes,5,4,0,4,1,1,0,0,0,
no_iterative_deepening,SYO/SYO347^5.p,TH0,Theorem,thm,yes,7,3,0,3,1,1,0,0,0,
no_iterative_deepening,SYO/SYO348^5.p,TH0,Theorem,thm,yes,11,24,0,20,3,6,0,0,0,
no_iterative_deepening,SYO/SYO349^5.p,TH0,Theorem,thm,yes,8,12,0,10,2,3,0,0,0,
no_iterative_deepening,SYO/SYO350^5.p,TH0,Theorem,unk,na,177,35,1,35,3,1,0,2,0,
no_iterative_deepening,SYO/SYO351^5.p,TH0,Theorem,thm,yes,10,13,0,13,2,1,0,1,1,
no_iterative_deepening,SYO/SYO352^5.p,TH0,Theorem,unk,na,165,15,0,15,2,0,0,3,0,
no_iterative_deepening,SYO/SYO353^5.p,TH0,Theorem,thm,yes,23,15,0,15,2,0,0,1,1,
no_iterative_deepening,SYO/SYO354^5.p,TH0,Theorem,unk,na,175,15,0,15,2,0,0,3,0,
no_iterative_deepening,SYO/SYO355^5.p,TH0,Theorem,timeout,na,2002,88,4,88,5,3,0,4,0,
no_iterative_deepening,SYO/SYO356^5.p,TH0,Theorem,unk,na,152,15,0,15,2,0,0,3,0,
no_iterative_deepening,SYO/SYO357^5.p,TH0,Theorem,thm,yes,5,1,0,1,1,1,0,0,0,
no_iterative_deepening,SYO/SYO358^5.p,TH0,Theorem,thm,yes,4,1,0,1,1,1,0,0,0,
no_iterative_deepening,SYO/SYO359^5.p,TH0,Theorem,timeout,na,2076,4086,127,4086,477,5,0,3,0,
no_iterative_deepening,SYO/SYO360^5.p,TH0,Theorem,timeout,na,2046,2131,66,2131,214,6,0,4,0,
no_iterative_deepening,SYO/SYO361^5.p,TH0,Theorem,timeout,na,2005,138,1,138,8,18,0,4,0,
no_iterative_deepening,SYO/SYO362^5.p,TH0,Theorem,timeout,na,2037,1661,26,1661,100,110,0,2,0,
no_iterative_deepening,SYO/SYO363^5.p,TH0,Theorem,timeout,na,2032,1003,19,1003,131,3,0,2,0,
no_iterative_deepening,SYO/SYO364^5.p,TH0,Theorem,timeout,na,2048,917,17,917,214,0,0,2,0,
no_iterative_deepening,SYO/SYO365^5.p,TH0,Theorem,parser_error,na,0,,,,,,,,,cached: Failed to parse formula 'cEXT2_def': [byte:1966] Type Error: Cannot unify strict function types of different arities.
no_iterative_deepening,SYO/SYO366^5.p,TH0,Theorem,thm,yes,2,1,0,1,1,1,0,0,0,
no_iterative_deepening,SYO/SYO367^5.p,TH0,Theorem,parser_error,na,0,,,,,,,,,cached: Failed to parse formula 'cEXT2': [byte:1793] Type Error: Cannot unify strict function types of different arities.
no_iterative_deepening,SYO/SYO368^5.p,TH0,Theorem,thm,yes,15,27,0,23,3,7,0,0,0,
no_iterative_deepening,SYO/SYO369^5.p,TH0,Theorem,thm,yes,3,1,0,1,1,1,0,0,0,
no_iterative_deepening,SYO/SYO370^5.p,TH0,Theorem,unk,na,10,11,0,11,2,0,0,0,0,
no_iterative_deepening,SYO/SYO371^5.p,TH0,Theorem,thm,yes,10,17,0,17,3,5,0,0,0,
no_iterative_deepening,SYO/SYO372^5.p,TH0,Theorem,unk,na,20,22,0,22,4,1,0,0,0,
no_iterative_deepening,SYO/SYO373^5.p,TH0,Theorem,unk,na,15,15,0,15,3,0,0,0,0,
no_iterative_deepening,SYO/SYO374^5.p,TH0,Theorem,timeout,na,2004,73,2,73,5,3,0,2,0,
no_iterative_deepening,SYO/SYO375^5.p,TH0,Theorem,thm,yes,4,3,0,3,1,1,0,0,0,
no_iterative_deepening,SYO/SYO376^5.p,TH0,Theorem,thm,yes,895,2492,15,2435,261,447,0,0,0,
no_iterative_deepening,SYO/SYO377^5.p,TH0,Theorem,thm,yes,34,60,0,51,5,12,0,0,0,
no_iterative_deepening,SYO/SYO378^5.p,TH0,Theorem,timeout,na,2020,686,26,686,59,12,0,2,0,
no_iterative_deepening,SYO/SYO379^5.p,TH0,Theorem,unk,na,17,12,0,12,2,0,0,1,0,
no_iterative_deepening,SYO/SYO380^5.p,TH0,Theorem,thm,yes,8,5,0,5,1,0,0,1,1,
no_iterative_deepening,SYO/SYO381^5.p,TH0,Theorem,thm,yes,15,14,0,14,2,0,0,1,1,
no_iterative_deepening,SYO/SYO382^5.p,TH0,Theorem,thm,yes,14,1,0,1,1,1,0,0,0,
no_iterative_deepening,SYO/SYO383^5.p,TH0,Theorem,timeout,na,2258,4002,74,4002,201,0,0,0,0,
no_iterative_deepening,SYO/SYO384^5.p,TH0,Theorem,thm,yes,26,1,0,1,1,1,0,0,0,
no_iterative_deepening,SYO/SYO385^5.p,TH0,Theorem,timeout,na,2474,5722,25,5722,222,0,0,0,0,
no_iterative_deepening,SYO/SYO386^5.p,TH0,Theorem,timeout,na,2375,3730,17,3730,219,0,0,0,0,
no_iterative_deepening,SYO/SYO387^5.p,TH0,Theorem,timeout,na,2054,122,8,122,5,0,0,0,0,
no_iterative_deepening,SYO/SYO388^5.p,TH0,Theorem,timeout,na,2083,13,1,13,1,0,0,0,0,
no_iterative_deepening,SYO/SYO389^5.p,TH0,Theorem,thm,yes,2,1,0,1,1,1,0,0,0,
no_iterative_deepening,SYO/SYO390^5.p,TH0,Theorem,thm,yes,14,25,0,25,4,5,0,0,0,
no_iterative_deepening,SYO/SYO391^5.p,TH0,Theorem,timeout,na,2106,7,0,7,1,0,0,0,0,
no_iterative_deepening,SYO/SYO392^1.p,TH0,Theorem,timeout,na,2212,5172,77,5172,233,134,0,0,0,
no_iterative_deepening,SYO/SYO393^1.p,TH0,Theorem,timeout,na,2249,6986,148,6986,286,219,0,0,0,
no_iterative_deepening,SYO/SYO394^1.p,TH0,Theorem,timeout,na,2303,8021,113,8021,283,316,0,0,0,
no_iterative_deepening,SYO/SYO395^1.p,TH0,Theorem,timeout,na,2199,5729,186,5729,191,344,0,0,0,
no_iterative_deepening,SYO/SYO396^1.p,TH0,Theorem,timeout,na,2190,5210,148,5210,240,265,0,0,0,
no_iterative_deepening,SYO/SYO397^1.p,TH0,Theorem,timeout,na,2244,8232,69,8232,243,620,0,0,0,
no_iterative_deepening,SYO/SYO398^1.p,TH0,Theorem,timeout,na,2227,5483,104,5483,549,489,0,1,0,
no_iterative_deepening,SYO/SYO399^1.p,TH0,Theorem,timeout,na,2223,5811,46,5811,270,209,0,0,0,
no_iterative_deepening,SYO/SYO400^1.p,TH0,Theorem,timeout,na,2145,3602,45,3602,297,83,0,0,0,
no_iterative_deepening,SYO/SYO401^1.p,TH0,Theorem,timeout,na,2140,4445,47,4445,261,362,0,0,0,
no_iterative_deepening,SYO/SYO402^1.p,TH0,Theorem,timeout,na,2172,4006,75,4006,223,228,0,0,0,
no_iterative_deepening,SYO/SYO403^1.p,TH0,Theorem,timeout,na,2193,4973,70,4973,251,260,0,0,0,
no_iterative_deepening,SYO/SYO404^1.p,TH0,Theorem,timeout,na,2120,2516,31,2516,257,95,0,0,0,
no_iterative_deepening,SYO/SYO405^1.p,TH0,Theorem,timeout,na,2197,5404,146,5404,282,120,0,0,0,
no_iterative_deepening,SYO/SYO406^1.p,TH0,Theorem,timeout,na,2143,4005,84,4005,235,141,0,0,0,
no_iterative_deepening,SYO/SYO407^1.p,TH0,Theorem,timeout,na,2178,3927,42,3927,279,101,0,0,0,
no_iterative_deepening,SYO/SYO408^1.p,TH0,Theorem,timeout,na,2163,3785,99,3785,221,194,0,0,0,
no_iterative_deepening,SYO/SYO409^1.p,TH0,Theorem,timeout,na,2215,5356,119,5356,285,140,0,0,0,
no_iterative_deepening,SYO/SYO410^1.p,TH0,Theorem,timeout,na,2292,8221,158,8221,247,406,0,0,0,
no_iterative_deepening,SYO/SYO411^1.p,TH0,Theorem,timeout,na,2179,4429,108,4429,287,171,0,0,0,
no_iterative_deepening,SYO/SYO412^1.p,TH0,Theorem,timeout,na,2309,8175,64,8175,293,206,0,0,0,
no_iterative_deepening,SYO/SYO413^1.p,TH0,Theorem,timeout,na,2112,3752,155,3752,302,185,0,1,0,
no_iterative_deepening,SYO/SYO414^1.p,TH0,Theorem,timeout,na,2259,6631,100,6631,290,135,0,0,0,
no_iterative_deepening,SYO/SYO415^1.p,TH0,Theorem,timeout,na,2201,4824,95,4824,295,91,0,0,0,
no_iterative_deepening,SYO/SYO416^1.p,TH0,Theorem,timeout,na,2232,4505,53,4505,879,134,0,1,0,
no_iterative_deepening,SYO/SYO417^1.p,TH0,Theorem,timeout,na,2179,4972,114,4972,246,98,0,0,0,
no_iterative_deepening,SYO/SYO418^1.p,TH0,Theorem,timeout,na,2264,6329,109,6329,214,340,0,0,0,
no_iterative_deepening,SYO/SYO419^1.p,TH0,Theorem,timeout,na,2059,913,14,913,70,98,0,2,0,
no_iterative_deepening,SYO/SYO420^1.p,TH0,Theorem,timeout,na,2214,4968,52,4968,268,202,0,0,0,
no_iterative_deepening,SYO/SYO421^1.p,TH0,Theorem,timeout,na,2079,2097,67,2097,142,162,0,1,0,
no_iterative_deepening,SYO/SYO422^1.p,TH0,Theorem,timeout,na,2370,8637,164,8637,1154,720,0,1,0,
no_iterative_deepening,SYO/SYO423^1.p,TH0,Theorem,timeout,na,2252,6319,85,6319,280,178,0,0,0,
no_iterative_deepening,SYO/SYO424^1.p,TH0,Theorem,timeout,na,2310,8146,138,8146,240,334,0,0,0,
no_iterative_deepening,SYO/SYO425^1.p,TH0,Theorem,timeout,na,2236,5899,80,5899,841,295,0,1,0,
no_iterative_deepening,SYO/SYO426^1.p,TH0,Theorem,timeout,na,2204,4981,157,4981,674,103,0,1,0,
no_iterative_deepening,SYO/SYO427^1.p,TH0,Theorem,timeout,na,2209,6000,147,6000,262,143,0,0,0,
no_iterative_deepening,SYO/SYO428^1.p,TH0,Theorem,timeout,na,2172,4574,107,4574,251,89,0,0,0,
no_iterative_deepening,SYO/SYO429^1.p,TH0,Theorem,timeout,na,2171,4909,78,4909,212,80,0,0,0,
no_iterative_deepening,SYO/SYO430^1.p,TH0,Theorem,timeout,na,2213,6213,175,6213,233,80,0,0,0,
no_iterative_deepening,SYO/SYO431^1.p,TH0,Theorem,timeout,na,2180,4479,88,4479,223,62,0,0,0,
no_iterative_deepening,SYO/SYO432^1.p,TH0,Theorem,timeout,na,2219,5872,92,5872,244,129,0,0,0,
no_iterative_deepening,SYO/SYO433^1.p,TH0,Theorem,timeout,na,2187,4390,74,4390,246,101,0,0,0,
no_iterative_deepening,SYO/SYO434^1.p,TH0,Theorem,timeout,na,2160,3844,77,3844,220,60,0,0,0,
no_iterative_deepening,SYO/SYO435^1.p,TH0,Theorem,timeout,na,2173,4808,132,4808,222,77,0,0,0,
no_iterative_deepening,SYO/SYO436^1.p,TH0,Theorem,timeout,na,2193,4506,110,4506,227,71,0,0,0,
no_iterative_deepening,SYO/SYO437^1.p,TH0,Theorem,timeout,na,2171,4125,65,4125,278,79,0,0,0,
no_iterative_deepening,SYO/SYO438^1.p,TH0,Theorem,timeout,na,2193,5467,148,5467,221,70,0,0,0,
no_iterative_deepening,SYO/SYO439^1.p,TH0,Theorem,timeout,na,2170,4177,96,4177,227,84,0,0,0,
no_iterative_deepening,SYO/SYO440^1.p,TH0,Theorem,timeout,na,2188,4593,121,4593,220,85,0,0,0,
no_iterative_deepening,SYO/SYO441^1.p,TH0,Theorem,timeout,na,2200,5615,145,5615,230,134,0,0,0,
no_iterative_deepening,SYO/SYO442^1.p,TH0,Theorem,timeout,na,2221,5561,154,5561,199,92,0,0,0,
no_iterative_deepening,SYO/SYO443^1.p,TH0,Theorem,timeout,na,2190,4669,89,4669,242,79,0,0,0,
no_iterative_deepening,SYO/SYO444^1.p,TH0,Theorem,timeout,na,2197,4860,111,4860,229,77,0,0,0,
no_iterative_deepening,SYO/SYO445^1.p,TH0,Theorem,timeout,na,2208,4896,103,4896,229,77,0,0,0,
no_iterative_deepening,SYO/SYO446^1.p,TH0,Theorem,timeout,na,2232,5835,128,5835,207,143,0,0,0,
no_iterative_deepening,SYO/SYO447^1.p,TH0,Theorem,timeout,na,2210,5339,105,5339,228,67,0,0,0,
no_iterative_deepening,SYO/SYO448^1.p,TH0,Theorem,timeout,na,2233,5466,81,5466,201,69,0,0,0,
no_iterative_deepening,SYO/SYO449^1.p,TH0,Theorem,timeout,na,2264,6685,108,6685,248,140,0,0,0,
no_iterative_deepening,SYO/SYO450^1.p,TH0,CounterSatisfiable,timeout,na,2233,6076,99,6076,289,152,0,0,0,
no_iterative_deepening,SYO/SYO450^2.p,TH0,CounterSatisfiable,timeout,na,2182,4412,24,4412,293,125,0,0,0,
no_iterative_deepening,SYO/SYO450^3.p,TH0,Theorem,timeout,na,2130,3181,76,3181,269,56,0,0,0,
no_iterative_deepening,SYO/SYO450^4.p,TH0,Theorem,timeout,na,2153,3697,64,3697,232,53,0,0,0,
no_iterative_deepening,SYO/SYO450^5.p,TH0,Theorem,timeout,na,2175,4209,59,4209,248,93,0,0,0,
no_iterative_deepening,SYO/SYO450^6.p,TH0,Theorem,timeout,na,2205,5436,137,5436,220,113,0,0,0,
no_iterative_deepening,SYO/SYO451^1.p,TH0,CounterSatisfiable,timeout,na,2226,6203,94,6203,284,166,0,0,0,
no_iterative_deepening,SYO/SYO451^2.p,TH0,CounterSatisfiable,timeout,na,2220,5693,90,5693,269,137,0,0,0,
no_iterative_deepening,SYO/SYO451^3.p,TH0,CounterSatisfiable,timeout,na,2179,3808,49,3808,208,132,0,0,0,
no_iterative_deepening,SYO/SYO451^4.p,TH0,CounterSatisfiable,timeout,na,2174,4658,95,4658,238,52,0,0,0,
no_iterative_deepening,SYO/SYO451^5.p,TH0,Theorem,timeout,na,2171,4731,95,4731,234,104,0,0,0,
no_iterative_deepening,SYO/SYO451^6.p,TH0,Theorem,timeout,na,2248,6878,120,6878,229,138,0,0,0,
no_iterative_deepening,SYO/SYO452^1.p,TH0,CounterSatisfiable,timeout,na,2235,6000,77,6000,269,178,0,0,0,
no_iterative_deepening,SYO/SYO452^2.p,TH0,CounterSatisfiable,timeout,na,2236,5835,104,5835,270,148,0,0,0,
no_iterative_deepening,SYO/SYO452^3.p,TH0,CounterSatisfiable,timeout,na,2173,4128,70,4128,231,119,0,0,0,
no_iterative_deepening,SYO/SYO452^4.p,TH0,CounterSatisfiable,timeout,na,2206,4893,93,4893,237,69,0,0,0,
no_iterative_deepening,SYO/SYO452^5.p,TH0,CounterSatisfiable,timeout,na,2166,3647,93,3647,220,66,0,0,0,
no_iterative_deepening,SYO/SYO452^6.p,TH0,CounterSatisfiable,timeout,na,2201,4507,103,4507,221,86,0,0,0,
no_iterative_deepening,SYO/SYO453^1.p,TH0,CounterSatisfiable,timeout,na,2183,4598,31,4598,296,188,0,0,0,
no_iterative_deepening,SYO/SYO453^2.p,TH0,CounterSatisfiable,timeout,na,2170,3866,37,3866,284,79,0,0,0,
no_iterative_deepening,SYO/SYO453^3.p,TH0,CounterSatisfiable,timeout,na,2177,4288,56,4288,270,103,0,0,0,
no_iterative_deepening,SYO/SYO453^4.p,TH0,CounterSatisfiable,timeout,na,2225,5609,87,5609,247,99,0,0,0,
no_iterative_deepening,SYO/SYO453^5.p,TH0,CounterSatisfiable,timeout,na,2119,3022,125,3022,194,60,0,0,0,
no_iterative_deepening,SYO/SYO453^6.p,TH0,CounterSatisfiable,timeout,na,2324,6619,97,6619,220,95,0,0,0,
no_iterative_deepening,SYO/SYO454^1.p,TH0,CounterSatisfiable,timeout,na,2145,3657,44,3657,238,168,0,0,0,
no_iterative_deepening,SYO/SYO454^2.p,TH0,CounterSatisfiable,timeout,na,2195,4746,51,4746,281,147,0,0,0,
no_iterative_deepening,SYO/SYO454^3.p,TH0,CounterSatisfiable,timeout,na,2226,6029,106,6029,270,163,0,0,0,
no_iterative_deepening,SYO/SYO454^4.p,TH0,CounterSatisfiable,timeout,na,2177,4897,100,4897,250,108,0,0,0,
no_iterative_deepening,SYO/SYO454^5.p,TH0,CounterSatisfiable,timeout,na,2142,3382,112,3382,211,64,0,0,0,
no_iterative_deepening,SYO/SYO454^6.p,TH0,Theorem,timeout,na,2173,4646,118,4646,231,87,0,0,0,
no_iterative_deepening,SYO/SYO455^1.p,TH0,CounterSatisfiable,timeout,na,2174,3930,46,3930,223,182,0,0,0,
no_iterative_deepening,SYO/SYO455^2.p,TH0,Theorem,timeout,na,2250,6082,140,6082,287,158,0,0,0,
no_iterative_deepening,SYO/SYO455^3.p,TH0,Theorem,timeout,na,2173,4690,129,4690,263,114,0,0,0,
no_iterative_deepening,SYO/SYO455^4.p,TH0,Theorem,timeout,na,2296,8239,173,8239,260,133,0,0,0,
no_iterative_deepening,SYO/SYO455^5.p,TH0,Theorem,timeout,na,2225,3739,63,3739,239,97,0,0,0,
no_iterative_deepening,SYO/SYO455^6.p,TH0,Theorem,timeout,na,2163,2773,85,2773,198,35,0,0,0,
no_iterative_deepening,SYO/SYO456^1.p,TH0,CounterSatisfiable,timeout,na,2292,4188,70,4188,196,79,0,0,0,
no_iterative_deepening,SYO/SYO456^2.p,TH0,CounterSatisfiable,timeout,na,2196,3664,60,3664,210,70,0,0,0,
no_iterative_deepening,SYO/SYO456^3.p,TH0,CounterSatisfiable,timeout,na,2177,3388,53,3388,211,100,0,0,0,
no_iterative_deepening,SYO/SYO456^4.p,TH0,Theorem,timeout,na,2274,7056,178,7056,225,85,0,0,0,
no_iterative_deepening,SYO/SYO456^6.p,TH0,Theorem,timeout,na,2241,6543,148,6543,219,108,0,0,0,
no_iterative_deepening,SYO/SYO457^1.p,TH0,CounterSatisfiable,timeout,na,2242,6251,93,6251,271,341,0,0,0,
no_iterative_deepening,SYO/SYO457^2.p,TH0,CounterSatisfiable,timeout,na,2296,8131,96,8131,273,281,0,0,0,
no_iterative_deepening,SYO/SYO457^3.p,TH0,Theorem,timeout,na,2220,5828,103,5828,259,180,0,0,0,
no_iterative_deepening,SYO/SYO457^4.p,TH0,Theorem,timeout,na,2257,7576,175,7576,247,144,0,0,0,
no_iterative_deepening,SYO/SYO457^5.p,TH0,Theorem,timeout,na,2210,4373,49,4373,217,143,0,0,0,
no_iterative_deepening,SYO/SYO457^6.p,TH0,Theorem,timeout,na,2190,4525,75,4525,233,70,0,0,0,
no_iterative_deepening,SYO/SYO458^2.p,TH0,Theorem,timeout,na,2175,4260,33,4260,229,220,0,0,0,
no_iterative_deepening,SYO/SYO458^3.p,TH0,Theorem,timeout,na,2198,5426,75,5426,257,186,0,0,0,
no_iterative_deepening,SYO/SYO458^4.p,TH0,Theorem,timeout,na,2253,6190,32,6190,249,114,0,0,0,
no_iterative_deepening,SYO/SYO458^5.p,TH0,Theorem,timeout,na,2185,4724,44,4724,270,170,0,0,0,
no_iterative_deepening,SYO/SYO458^6.p,TH0,Theorem,timeout,na,2302,6630,117,6630,207,74,0,0,0,
no_iterative_deepening,SYO/SYO459^1.p,TH0,CounterSatisfiable,timeout,na,2227,6519,123,6519,271,175,0,0,0,
no_iterative_deepening,SYO/SYO459^2.p,TH0,CounterSatisfiable,timeout,na,2256,6364,107,6364,266,130,0,0,0,
no_iterative_deepening,SYO/SYO459^3.p,TH0,CounterSatisfiable,timeout,na,2167,4205,95,4205,233,102,0,0,0,
no_iterative_deepening,SYO/SYO459^4.p,TH0,Theorem,timeout,na,2196,5042,136,5042,216,88,0,0,0,
no_iterative_deepening,SYO/SYO459^6.p,TH0,Theorem,timeout,na,2223,5598,153,5598,224,43,0,0,0,
no_iterative_deepening,SYO/SYO460^1.p,TH0,Theorem,timeout,na,2195,4853,65,4853,278,193,0,0,0,
no_iterative_deepening,SYO/SYO460^2.p,TH0,Theorem,timeout,na,2191,4137,75,4137,251,212,0,0,0,
no_iterative_deepening,SYO/SYO460^3.p,TH0,Theorem,timeout,na,2222,4886,89,4886,273,163,0,0,0,
no_iterative_deepening,SYO/SYO460^4.p,TH0,Theorem,timeout,na,2176,4217,102,4217,258,88,0,0,0,
no_iterative_deepening,SYO/SYO460^5.p,TH0,Theorem,timeout,na,2219,5760,121,5760,259,147,0,0,0,
no_iterative_deepening,SYO/SYO460^6.p,TH0,Theorem,timeout,na,2212,5328,127,5328,242,132,0,0,0,
no_iterative_deepening,SYO/SYO461^1.p,TH0,CounterSatisfiable,timeout,na,2258,8012,108,8012,235,618,0,0,0,
no_iterative_deepening,SYO/SYO461^2.p,TH0,CounterSatisfiable,timeout,na,2122,3641,154,3641,185,196,0,0,0,
no_iterative_deepening,SYO/SYO461^3.p,TH0,CounterSatisfiable,timeout,na,2143,4627,92,4627,226,325,0,0,0,
no_iterative_deepening,SYO/SYO461^4.p,TH0,CounterSatisfiable,timeout,na,2191,4668,56,4668,205,318,0,0,0,
no_iterative_deepening,SYO/SYO461^5.p,TH0,CounterSatisfiable,timeout,na,2152,3579,72,3579,187,107,0,0,0,
no_iterative_deepening,SYO/SYO461^6.p,TH0,CounterSatisfiable,timeout,na,2233,4834,60,4834,182,158,0,0,0,
no_iterative_deepening,SYO/SYO462^2.p,TH0,Theorem,timeout,na,2200,4493,6,4493,276,200,0,0,0,
no_iterative_deepening,SYO/SYO462^3.p,TH0,Theorem,timeout,na,2199,5127,70,5127,268,130,0,0,0,
no_iterative_deepening,SYO/SYO462^4.p,TH0,Theorem,timeout,na,2173,4159,46,4159,197,57,0,0,0,
no_iterative_deepening,SYO/SYO462^5.p,TH0,Theorem,timeout,na,2171,4247,70,4247,280,87,0,0,0,
no_iterative_deepening,SYO/SYO462^6.p,TH0,Theorem,timeout,na,2176,4269,74,4269,249,92,0,0,0,
no_iterative_deepening,SYO/SYO463^1.p,TH0,CounterSatisfiable,timeout,na,2147,2846,5,2846,268,129,0,0,0,
no_iterative_deepening,SYO/SYO463^2.p,TH0,CounterSatisfiable,timeout,na,2130,2556,19,2556,218,102,0,0,0,
no_iterative_deepening,SYO/SYO463^3.p,TH0,CounterSatisfiable,timeout,na,2204,4772,22,4772,272,146,0,0,0,
no_iterative_deepening,SYO/SYO463^4.p,TH0,CounterSatisfiable,timeout,na,2195,5288,70,5288,259,124,0,0,0,
no_iterative_deepening,SYO/SYO463^5.p,TH0,Theorem,timeout,na,2254,6792,48,6792,256,183,0,0,0,
no_iterative_deepening,SYO/SYO463^6.p,TH0,Theorem,timeout,na,2228,5446,95,5446,210,43,0,0,0,
no_iterative_deepening,SYO/SYO464^1.p,TH0,CounterSatisfiable,timeout,na,2186,4724,52,4724,299,105,0,0,0,
no_iterative_deepening,SYO/SYO464^2.p,TH0,CounterSatisfiable,timeout,na,2150,3649,57,3649,293,83,0,0,0,
no_iterative_deepening,SYO/SYO464^3.p,TH0,CounterSatisfiable,timeout,na,2196,4909,99,4909,284,96,0,0,0,
no_iterative_deepening,SYO/SYO464^4.p,TH0,Theorem,timeout,na,2199,5379,108,5379,241,89,0,0,0,
no_iterative_deepening,SYO/SYO464^5.p,TH0,Theorem,timeout,na,2150,3722,89,3722,235,64,0,0,0,
no_iterative_deepening,SYO/SYO464^6.p,TH0,Theorem,timeout,na,2191,4636,150,4636,201,33,0,0,0,
no_iterative_deepening,SYO/SYO465^1.p,TH0,CounterSatisfiable,timeout,na,2215,4929,39,4929,248,168,0,0,0,
no_iterative_deepening,SYO/SYO465^2.p,TH0,CounterSatisfiable,timeout,na,2220,5809,109,5809,237,146,0,0,0,
no_iterative_deepening,SYO/SYO465^3.p,TH0,CounterSatisfiable,timeout,na,2192,5789,141,5789,182,202,0,0,0,
no_iterative_deepening,SYO/SYO465^4.p,TH0,CounterSatisfiable,timeout,na,2263,7726,119,7726,211,117,0,0,0,
no_iterative_deepening,SYO/SYO465^5.p,TH0,CounterSatisfiable,timeout,na,2213,5686,123,5686,228,116,0,0,0,
no_iterative_deepening,SYO/SYO465^6.p,TH0,CounterSatisfiable,timeout,na,2255,6706,150,6706,237,78,0,0,0,
no_iterative_deepening,SYO/SYO467^1.p,TH0,CounterSatisfiable,timeout,na,2211,6105,92,6105,241,243,0,0,0,
no_iterative_deepening,SYO/SYO467^2.p,TH0,CounterSatisfiable,timeout,na,2186,5157,83,5157,255,204,0,0,0,
no_iterative_deepening,SYO/SYO467^3.p,TH0,CounterSatisfiable,timeout,na,2168,4803,96,4803,251,144,0,0,0,
no_iterative_deepening,SYO/SYO467^4.p,TH0,CounterSatisfiable,timeout,na,2219,5837,107,5837,224,86,0,0,0,
no_iterative_deepening,SYO/SYO467^5.p,TH0,CounterSatisfiable,timeout,na,2167,4085,93,4085,239,71,0,0,0,
no_iterative_deepening,SYO/SYO467^6.p,TH0,CounterSatisfiable,timeout,na,2243,6516,168,6516,245,88,0,0,0,
no_iterative_deepening,SYO/SYO468^1.p,TH0,CounterSatisfiable,timeout,na,2180,4774,48,4774,274,197,0,0,0,
no_iterative_deepening,SYO/SYO468^2.p,TH0,CounterSatisfiable,timeout,na,2244,6802,59,6802,271,177,0,0,0,
no_iterative_deepening,SYO/SYO468^3.p,TH0,CounterSatisfiable,timeout,na,2199,4684,96,4684,253,94,0,0,0,
no_iterative_deepening,SYO/SYO468^4.p,TH0,CounterSatisfiable,timeout,na,2276,8235,88,8235,257,156,0,0,0,
no_iterative_deepening,SYO/SYO468^5.p,TH0,CounterSatisfiable,timeout,na,2140,3401,68,3401,202,104,0,0,0,
no_iterative_deepening,SYO/SYO468^6.p,TH0,Theorem,timeout,na,2252,6898,110,6898,240,144,0,0,0,
no_iterative_deepening,SYO/SYO469^1.p,TH0,CounterSatisfiable,timeout,na,2138,3155,66,3155,244,113,0,0,0,
no_iterative_deepening,SYO/SYO469^2.p,TH0,CounterSatisfiable,timeout,na,2209,5337,37,5337,273,124,0,0,0,
no_iterative_deepening,SYO/SYO469^3.p,TH0,CounterSatisfiable,timeout,na,2180,4934,116,4934,277,97,0,0,0,
no_iterative_deepening,SYO/SYO469^4.p,TH0,CounterSatisfiable,timeout,na,2166,4197,86,4197,249,53,0,0,0,
no_iterative_deepening,SYO/SYO469^5.p,TH0,Theorem,timeout,na,2145,3711,101,3711,224,82,0,0,0,
no_iterative_deepening,SYO/SYO469^6.p,TH0,Theorem,timeout,na,2223,5433,105,5433,215,86,0,0,0,
no_iterative_deepening,SYO/SYO470^1.p,TH0,CounterSatisfiable,timeout,na,2291,7898,58,7898,293,195,0,0,0,
no_iterative_deepening,SYO/SYO470^2.p,TH0,CounterSatisfiable,timeout,na,2188,4572,71,4572,261,122,0,0,0,
no_iterative_deepening,SYO/SYO470^3.p,TH0,CounterSatisfiable,timeout,na,2199,5636,163,5636,231,91,0,0,0,
no_iterative_deepening,SYO/SYO470^4.p,TH0,CounterSatisfiable,timeout,na,2223,5985,148,5985,224,64,0,0,0,
no_iterative_deepening,SYO/SYO470^5.p,TH0,CounterSatisfiable,timeout,na,2141,4270,191,4270,212,63,0,0,0,
no_iterative_deepening,SYO/SYO470^6.p,TH0,Theorem,timeout,na,2197,5467,140,5467,211,85,0,0,0,
no_iterative_deepening,SYO/SYO471^1.p,TH0,CounterSatisfiable,timeout,na,2177,3870,80,3870,600,80,0,1,0,
no_iterative_deepening,SYO/SYO471^2.p,TH0,CounterSatisfiable,timeout,na,2216,5791,106,5791,219,200,0,0,0,
no_iterative_deepening,SYO/SYO471^3.p,TH0,CounterSatisfiable,timeout,na,2205,3593,62,3593,612,109,0,1,0,
no_iterative_deepening,SYO/SYO471^4.p,TH0,CounterSatisfiable,timeout,na,2177,4778,119,4778,197,87,0,0,0,
no_iterative_deepening,SYO/SYO471^5.p,TH0,CounterSatisfiable,timeout,na,2162,4152,124,4152,174,119,0,0,0,
no_iterative_deepening,SYO/SYO471^6.p,TH0,Theorem,timeout,na,2196,4833,131,4833,200,104,0,0,0,
no_iterative_deepening,SYO/SYO472^1.p,TH0,CounterSatisfiable,timeout,na,2103,2603,70,2603,257,103,0,1,0,
no_iterative_deepening,SYO/SYO472^2.p,TH0,CounterSatisfiable,timeout,na,2184,4119,76,4119,261,146,0,0,0,
no_iterative_deepening,SYO/SYO472^3.p,TH0,CounterSatisfiable,timeout,na,2206,5718,92,5718,300,124,0,0,0,
no_iterative_deepening,SYO/SYO472^4.p,TH0,CounterSatisfiable,timeout,na,2155,3718,86,3718,258,41,0,0,0,
no_iterative_deepening,SYO/SYO472^5.p,TH0,CounterSatisfiable,timeout,na,2164,3991,95,3991,241,86,0,0,0,
no_iterative_deepening,SYO/SYO472^6.p,TH0,CounterSatisfiable,timeout,na,2230,5758,76,5758,241,135,0,0,0,
no_iterative_deepening,SYO/SYO473^1.p,TH0,CounterSatisfiable,timeout,na,2153,3361,44,3361,243,127,0,0,0,
no_iterative_deepening,SYO/SYO473^2.p,TH0,CounterSatisfiable,timeout,na,2147,3292,41,3292,261,90,0,0,0,
no_iterative_deepening,SYO/SYO473^3.p,TH0,CounterSatisfiable,timeout,na,2196,4631,67,4631,264,144,0,0,0,
no_iterative_deepening,SYO/SYO473^4.p,TH0,CounterSatisfiable,timeout,na,2250,6255,54,6255,266,191,0,0,0,
no_iterative_deepening,SYO/SYO473^5.p,TH0,CounterSatisfiable,timeout,na,2154,3653,61,3653,249,90,0,0,0,
no_iterative_deepening,SYO/SYO473^6.p,TH0,CounterSatisfiable,timeout,na,2190,4963,73,4963,243,129,0,0,0,
no_iterative_deepening,SYO/SYO474^1.p,TH0,CounterSatisfiable,timeout,na,2125,2804,69,2804,243,68,0,0,0,
no_iterative_deepening,SYO/SYO474^2.p,TH0,CounterSatisfiable,timeout,na,2124,3012,65,3012,292,26,0,0,0,
no_iterative_deepening,SYO/SYO474^3.p,TH0,CounterSatisfiable,timeout,na,2181,5061,109,5061,260,127,0,0,0,
no_iterative_deepening,SYO/SYO474^4.p,TH0,CounterSatisfiable,timeout,na,2210,5903,112,5903,243,156,0,0,0,
no_iterative_deepening,SYO/SYO474^5.p,TH0,CounterSatisfiable,timeout,na,2145,3683,97,3683,231,52,0,0,0,
no_iterative_deepening,SYO/SYO474^6.p,TH0,Theorem,timeout,na,2220,5178,88,5178,236,86,0,0,0,
no_iterative_deepening,SYO/SYO475^6.p,TH0,Theorem,thm,yes,75,37,2,37,4,0,0,1,1,
no_iterative_deepening,SYO/SYO476^6.p,TH0,Theorem,thm,yes,71,23,1,23,2,0,0,1,1,
no_iterative_deepening,SYO/SYO477^6.p,TH0,CounterSatisfiable,timeout,na,2160,7354,457,7354,160,226,0,0,0,
no_iterative_deepening,SYO/SYO478^6.p,TH0,Theorem,thm,yes,76,26,2,26,3,0,0,1,1,
no_iterative_deepening,SYO/SYO479^6.p,TH0,CounterSatisfiable,timeout,na,2169,7259,472,7259,149,195,0,0,0,
no_iterative_deepening,SYO/SYO480^6.p,TH0,Theorem,thm,yes,74,27,2,27,3,0,0,1,1,
no_iterative_deepening,SYO/SYO481^6.p,TH0,Theorem,thm,yes,65,11,1,11,1,1,0,0,0,
no_iterative_deepening,SYO/SYO482^6.p,TH0,Theorem,timeout,na,2206,8325,337,8325,166,346,0,0,0,
no_iterative_deepening,SYO/SYO483^6.p,TH0,Theorem,timeout,na,2211,7900,309,7900,166,371,0,0,0,
no_iterative_deepening,SYO/SYO484^6.p,TH0,CounterSatisfiable,timeout,na,2237,8380,315,8380,186,443,0,0,0,
no_iterative_deepening,SYO/SYO485^6.p,TH0,Theorem,timeout,na,2111,4539,263,4539,155,48,0,0,0,
no_iterative_deepening,SYO/SYO486^6.p,TH0,CounterSatisfiable,unk,na,556,1647,116,1647,100,29,0,0,0,
no_iterative_deepening,SYO/SYO487^6.p,TH0,Theorem,thm,yes,80,31,2,31,4,0,0,1,1,
no_iterative_deepening,SYO/SYO488^6.p,TH0,Theorem,thm,yes,80,27,2,27,4,0,0,1,1,
no_iterative_deepening,SYO/SYO489^6.p,TH0,CounterSatisfiable,timeout,na,2263,6752,142,6752,241,128,0,0,0,
no_iterative_deepening,SYO/SYO490^6.p,TH0,CounterSatisfiable,timeout,na,2349,5979,108,5979,156,70,0,0,0,
no_iterative_deepening,SYO/SYO491^6.p,TH0,CounterSatisfiable,timeout,na,2414,6607,127,6607,2019,76,0,1,0,
no_iterative_deepening,SYO/SYO492^6.p,TH0,CounterSatisfiable,timeout,na,2243,6884,313,6884,1167,101,0,1,0,
no_iterative_deepening,SYO/SYO493^6.p,TH0,CounterSatisfiable,timeout,na,2247,8053,474,8053,190,344,0,0,0,
no_iterative_deepening,SYO/SYO494^6.p,TH0,CounterSatisfiable,timeout,na,2234,6014,150,6014,207,74,0,0,0,
no_iterative_deepening,SYO/SYO495^6.p,TH0,Theorem,timeout,na,2240,6862,246,6862,1226,180,0,1,0,
no_iterative_deepening,SYO/SYO496^6.p,TH0,CounterSatisfiable,timeout,na,2238,7354,329,7354,1157,203,0,1,0,
no_iterative_deepening,SYO/SYO497^6.p,TH0,Theorem,timeout,na,2603,6250,41,6250,125,40,0,0,0,
no_iterative_deepening,SYO/SYO498^6.p,TH0,CounterSatisfiable,timeout,na,2138,4014,194,4014,168,126,0,0,0,
no_iterative_deepening,SYO/SYO499^1.p,TH0,Theorem,timeout,na,2062,2161,70,2161,230,49,0,2,0,
no_iterative_deepening,SYO/SYO500^1.p,TH0,Theorem,prover_error,na,32,,,,,,,,,ShotTx.Proof.interior_event/2: unhandled trace entry {2636821957  {:instantiate  #Stream<[enum: [2636822693  2636822725]  funs: [#Function<49.48511117/1 in Stream.map/2>]]>  2}  []}
no_iterative_deepening,SYO/SYO501^1.p,TH0,Theorem,parser_error,na,0,,,,,,,,,cached: Failed to parse formula 'claim': [byte:1943] Type Error: Cannot unify strict function types of different arities.
no_iterative_deepening,SYO/SYO502^1.p,TH0,Theorem,thm,yes,8,3,0,3,1,1,0,0,0,
no_iterative_deepening,SYO/SYO503^1.p,TH0,Theorem,thm,yes,40,62,0,50,5,23,0,0,0,
no_iterative_deepening,SYO/SYO504^1.p,TH0,Theorem,timeout,na,2005,7,0,7,2,0,0,0,0,
no_iterative_deepening,SYO/SYO505^1.p,TH0,ContradictoryAxioms,timeout,na,2070,2981,131,2981,200,63,0,4,0,
no_iterative_deepening,SYO/SYO506^1.p,TH0,Theorem,timeout,na,2087,2033,58,2014,57,127,0,0,0,
no_iterative_deepening,SYO/SYO507^1.p,TH0,Theorem,unk,na,10,11,0,11,2,0,0,0,0,
no_iterative_deepening,SYO/SYO509^1.p,TH0,Theorem,unk,na,457,10,1,10,1,0,0,0,0,
no_iterative_deepening,SYO/SYO511^1.p,TH0,CounterSatisfiable,timeout,na,2074,2593,10,2593,502,2,0,3,0,
no_iterative_deepening,SYO/SYO512^1.p,TH0,Theorem,unk,na,17,12,0,12,2,0,0,0,0,
no_iterative_deepening,SYO/SYO513^1.p,TH0,Theorem,timeout,na,2641,9229,5,9229,508,0,0,0,0,
no_iterative_deepening,SYO/SYO514^1.p,TH0,Theorem,timeout,na,2004,0,0,0,1,0,0,0,0,
no_iterative_deepening,SYO/SYO515^1.p,TH0,Theorem,thm,yes,340,108,0,103,64,76,0,0,0,
no_iterative_deepening,SYO/SYO516^1.p,TH0,Theorem,thm,yes,152,184,4,184,14,9,0,1,1,
no_iterative_deepening,SYO/SYO517^1.p,TH0,Theorem,timeout,na,2029,1443,89,1443,83,9,0,2,0,
no_iterative_deepening,SYO/SYO518^1.p,TH0,Theorem,timeout,na,2027,865,45,865,82,3,0,1,0,
no_iterative_deepening,SYO/SYO520^1.p,TH0,Unsatisfiable,no_conjecture,na,2,,,,,,,,,
no_iterative_deepening,SYO/SYO526^1.p,TH0,Theorem,unk,na,22,46,0,46,4,5,0,0,0,
no_iterative_deepening,SYO/SYO527^1.p,TH0,Theorem,thm,yes,73,8,0,8,1,0,0,1,1,
no_iterative_deepening,SYO/SYO528^1.p,TH0,Satisfiable,no_conjecture,na,5,,,,,,,,,
no_iterative_deepening,SYO/SYO529^1.p,TH0,Unsatisfiable,no_conjecture,na,7,,,,,,,,,
no_iterative_deepening,SYO/SYO530^1.p,TH0,Theorem,unk,na,38,13,0,13,2,0,0,0,0,
no_iterative_deepening,SYO/SYO531^1.p,TH0,Theorem,unk,na,730,20,0,20,2,0,0,2,0,
no_iterative_deepening,SYO/SYO532^1.p,TH0,Theorem,unk,na,270,15,0,15,2,0,0,0,0,
no_iterative_deepening,SYO/SYO533^1.p,TH0,Theorem,unk,na,460,10,1,10,1,0,0,0,0,
no_iterative_deepening,SYO/SYO534^1.p,TH0,Theorem,unk,na,334,18,0,18,2,0,0,2,0,
no_iterative_deepening,SYO/SYO535^1.p,TH0,Theorem,timeout,na,2018,321,9,321,24,8,0,2,0,
no_iterative_deepening,SYO/SYO536^1.p,TH0,Theorem,timeout,na,2022,197,5,197,19,2,0,2,0,
no_iterative_deepening,SYO/SYO537^1.p,TH0,Theorem,timeout,na,2018,17,0,17,2,0,0,2,0,
no_iterative_deepening,SYO/SYO538^1.p,TH0,Theorem,timeout,na,2068,2254,46,2254,298,18,0,1,0,
no_iterative_deepening,SYO/SYO539^1.p,TH0,Theorem,timeout,na,2103,2514,48,2456,383,124,0,4,0,
no_iterative_deepening,SYO/SYO540^1.p,TH0,Theorem,timeout,na,2007,216,3,212,17,16,0,4,0,
no_iterative_deepening,SYO/SYO541^1.p,TH0,Theorem,timeout,na,2060,975,25,975,115,12,0,2,0,
no_iterative_deepening,SYO/SYO542^1.p,TH0,Theorem,timeout,na,2038,442,3,422,56,26,0,3,0,
no_iterative_deepening,SYO/SYO543^1.p,TH0,Theorem,timeout,na,2014,181,2,177,12,17,0,3,0,
no_iterative_deepening,SYO/SYO544^1.p,TH0,Theorem,timeout,na,2108,1229,19,1206,123,104,0,1,0,
no_iterative_deepening,SYO/SYO545^1.p,TH0,Theorem,timeout,na,2044,363,3,349,42,29,0,4,0,
no_iterative_deepening,SYO/SYO546^1.p,TH0,Theorem,timeout,na,2063,644,4,628,62,47,0,4,0,
no_iterative_deepening,SYO/SYO547^1.p,TH0,Theorem,thm,yes,42,14,0,14,2,0,0,1,1,
no_iterative_deepening,SYO/SYO548^1.p,TH0,Theorem,unk,na,123,7,0,7,1,0,0,0,0,
no_iterative_deepening,SYO/SYO549^1.p,TH0,Theorem,parser_error,na,0,,,,,,,,,cached: Failed to parse formula 'pfg': [byte:1759] Type Error: Cannot unify strict function types of different arities.
no_iterative_deepening,SYO/SYO550^1.p,TH0,Theorem,unk,na,141,11,0,11,2,0,0,0,0,
no_iterative_deepening,SYO/SYO551^1.p,TH0,Theorem,timeout,na,2005,12,0,12,2,0,0,0,0,
no_iterative_deepening,SYO/SYO552^1.p,TH0,Theorem,unk,na,497,12,0,12,2,0,0,0,0,
no_iterative_deepening,SYO/SYO553^1.p,TH0,Theorem,unk,na,496,12,0,12,2,0,0,0,0,
no_iterative_deepening,SYO/SYO554^1.p,TH0,Unsatisfiable,no_conjecture,na,1,,,,,,,,,
no_iterative_deepening,SYO/SYO555^1.p,TH0,Theorem,timeout,na,2074,3401,62,3401,438,0,0,3,0,
no_iterative_deepening,SYO/SYO556^1.p,TH0,Theorem,timeout,na,2010,339,5,331,17,38,0,4,0,
no_iterative_deepening,SYO/SYO557^1.p,TH1,Theorem,parser_error,na,0,,,,,,,,,cached: Failed to parse formula 'conj': Syntax Error: '$i' denotes a type and cannot be used as a term.
no_iterative_deepening,SYO/SYO558^1.p,TH1,Theorem,parser_error,na,0,,,,,,,,,cached: Failed to parse formula 'conj': Syntax Error: '$i' denotes a type and cannot be used as a term.
no_iterative_deepening,SYO/SYO559^1.p,TH0,Theorem,timeout,na,2013,269,0,269,35,34,0,0,0,
no_iterative_deepening,SYO/SYO560^1.p,TH0,Theorem,timeout,na,2018,278,0,278,35,36,0,0,0,
no_iterative_deepening,SYO/SYO565^7.p,TH0,CounterSatisfiable,timeout,na,2342,5431,91,5431,1330,37,0,1,0,
no_iterative_deepening,SYO/SYO566^7.p,TH0,Theorem,timeout,na,2389,6475,168,6475,204,150,0,0,0,
no_iterative_deepening,SYO/SYO567^7.p,TH0,CounterSatisfiable,timeout,na,2352,6445,160,6445,1564,114,0,1,0,
no_iterative_deepening,SYO/SYO568^7.p,TH0,Theorem,timeout,na,2230,5084,120,5084,227,92,0,0,0,
no_iterative_deepening,SYO/SYO569^7.p,TH0,CounterSatisfiable,timeout,na,2452,5133,85,5133,210,72,0,0,0,
no_iterative_deepening,SYO/SYO570^7.p,TH0,Theorem,timeout,na,2476,5715,56,5715,190,170,0,0,0,
no_iterative_deepening,SYO/SYO571^7.p,TH0,CounterSatisfiable,timeout,na,2274,5705,82,5705,225,58,0,0,0,
no_iterative_deepening,SYO/SYO572^7.p,TH0,Theorem,timeout,na,2451,6788,88,6788,2139,132,0,1,0,
no_iterative_deepening,SYO/SYO573^7.p,TH0,CounterSatisfiable,timeout,na,2200,5408,122,5409,288,139,0,0,0,
no_iterative_deepening,SYO/SYO574^7.p,TH0,Theorem,timeout,na,2210,5182,107,5182,223,109,0,0,0,
no_iterative_deepening,SYO/SYO575^7.p,TH0,CounterSatisfiable,timeout,na,2141,4450,200,4450,217,78,0,0,0,
no_iterative_deepening,SYO/SYO576^7.p,TH0,Theorem,timeout,na,2191,5053,120,5053,217,138,0,0,0,
no_iterative_deepening,SYO/SYO577^7.p,TH0,CounterSatisfiable,timeout,na,2208,4538,84,4538,226,89,0,0,0,
no_iterative_deepening,SYO/SYO842^1.p,TH0,Unknown,timeout,na,2546,0,0,0,1,0,0,0,0,
no_iterative_deepening,SYO/SYO843^1.p,TH0,Unknown,timeout,na,2547,0,0,0,1,0,0,0,0,
no_iterative_deepening,SYO/SYO844^1.p,TH0,Unknown,timeout,na,2672,0,0,0,1,0,0,0,0,
no_iterative_deepening,SYO/SYO845^1.p,TH0,Unknown,timeout,na,2675,0,0,0,1,0,0,0,0,
no_iterative_deepening,SYO/SYO846^1.p,TH0,Unknown,timeout,na,2648,0,0,0,1,0,0,0,0,
no_iterative_deepening,SYO/SYO847^1.p,TH0,Unknown,timeout,na,2633,0,0,0,1,0,0,0,0,
no_iterative_deepening,SYO/SYO848^1.p,TH0,Unknown,timeout,na,2684,0,0,0,1,0,0,0,0,
no_iterative_deepening,SYO/SYO849^1.p,TH0,Unknown,timeout,na,2677,0,0,0,1,0,0,0,0,
no_iterative_deepening,SYO/SYO850^1.p,TH0,Unknown,timeout,na,2602,0,0,0,1,0,0,0,0,
no_iterative_deepening,SYO/SYO851^1.p,TH0,Unknown,timeout,na,2612,0,0,0,1,0,0,0,0,
no_iterative_deepening,SYO/SYO852^1.p,TH0,Theorem,timeout,na,2351,0,0,0,1,0,0,0,0,
no_iterative_deepening,SYO/SYO853^1.p,TH0,Unknown,timeout,na,2349,0,0,0,1,0,0,0,0,
no_iterative_deepening,SYO/SYO854^1.p,TH0,Theorem,timeout,na,2455,0,0,0,1,0,0,0,0,
no_iterative_deepening,SYO/SYO855^1.p,TH0,Unknown,timeout,na,2441,0,0,0,1,0,0,0,0,
no_iterative_deepening,SYO/SYO856^1.p,TH0,Theorem,timeout,na,2457,0,0,0,1,0,0,0,0,
no_iterative_deepening,SYO/SYO857^1.p,TH0,Unknown,timeout,na,2457,0,0,0,1,0,0,0,0,
no_iterative_deepening,SYO/SYO858^1.p,TH0,Theorem,timeout,na,2322,0,0,0,1,0,0,0,0,
no_iterative_deepening,SYO/SYO859^1.p,TH0,Unknown,timeout,na,2325,0,0,0,1,0,0,0,0,
no_iterative_deepening,SYO/SYO860^1.p,TH0,Unknown,timeout,na,2536,0,0,0,1,0,0,0,0,
no_iterative_deepening,SYO/SYO861^1.p,TH0,Unknown,timeout,na,2535,0,0,0,1,0,0,0,0,
no_iterative_deepening,SYO/SYO862^1.p,TH0,Unknown,timeout,na,2284,0,0,0,1,0,0,0,0,
no_iterative_deepening,SYO/SYO863^1.p,TH0,Unknown,timeout,na,2285,0,0,0,1,0,0,0,0,
no_iterative_deepening,SYO/SYO864^1.p,TH0,Unknown,timeout,na,2275,0,0,0,1,0,0,0,0,
no_iterative_deepening,SYO/SYO865^1.p,TH0,Unknown,timeout,na,2276,0,0,0,1,0,0,0,0,
no_iterative_deepening,SYO/SYO866^1.p,TH0,Unknown,timeout,na,2279,0,0,0,1,0,0,0,0,
no_iterative_deepening,SYO/SYO867^1.p,TH0,Unknown,timeout,na,2278,0,0,0,1,0,0,0,0,
no_iterative_deepening,SYO/SYO868^1.p,TH0,Theorem,timeout,na,2271,0,0,0,1,0,0,0,0,
no_iterative_deepening,SYO/SYO869^1.p,TH0,Unknown,timeout,na,2271,0,0,0,1,0,0,0,0,
no_iterative_deepening,SYO/SYO870^1.p,TH0,Unknown,timeout,na,2269,0,0,0,1,0,0,0,0,
no_iterative_deepening,SYO/SYO871^1.p,TH0,Unknown,timeout,na,2270,0,0,0,1,0,0,0,0,
no_iterative_deepening,SYO/SYO872^1.p,TH0,Unknown,timeout,na,2272,0,0,0,1,0,0,0,0,
no_iterative_deepening,SYO/SYO873^1.p,TH0,Theorem,timeout,na,2272,0,0,0,1,0,0,0,0,
no_iterative_deepening,SYO/SYO874^1.p,TH0,Unknown,timeout,na,2271,0,0,0,1,0,0,0,0,
no_iterative_deepening,SYO/SYO875^1.p,TH0,Theorem,timeout,na,2283,0,0,0,1,0,0,0,0,
no_iterative_deepening,SYO/SYO876^1.p,TH0,Unknown,timeout,na,2305,0,0,0,1,0,0,0,0,
no_iterative_deepening,SYO/SYO877^1.p,TH0,Theorem,timeout,na,2302,0,0,0,1,0,0,0,0,
no_iterative_deepening,SYO/SYO878^1.p,TH0,Theorem,timeout,na,2274,0,0,0,1,0,0,0,0,
no_iterative_deepening,SYO/SYO879^1.p,TH0,Theorem,timeout,na,2274,0,0,0,1,0,0,0,0,
no_iterative_deepening,SYO/SYO880^1.p,TH0,Unknown,timeout,na,2278,0,0,0,1,0,0,0,0,
no_iterative_deepening,SYO/SYO881^1.p,TH0,Theorem,timeout,na,2278,0,0,0,1,0,0,0,0,
no_iterative_deepening,SYO/SYO882^1.p,TH0,Unsatisfiable,no_conjecture,na,1,,,,,,,,,
no_iterative_deepening,SYO/SYO883^1.p,TH0,Unsatisfiable,no_conjecture,na,6,,,,,,,,,
no_iterative_deepening,SYO/SYO884^1.p,TH0,Unsatisfiable,no_conjecture,na,9,,,,,,,,,
no_iterative_deepening,SYO/SYO886^10.p,TH0,Theorem,thm,yes,65,15,1,15,2,0,0,1,1,
no_iterative_deepening,SYO/SYO886^6.p,TH0,Theorem,thm,yes,28,16,1,16,2,0,0,1,1,
no_iterative_deepening,SYO/SYO886^7.p,TH0,CounterSatisfiable,timeout,na,2420,5980,68,5980,1825,52,0,1,0,
no_iterative_deepening,SYO/SYO886^8.p,TH0,Theorem,thm,yes,47,16,1,16,2,0,0,1,1,
no_iterative_deepening,SYO/SYO886^9.p,TH0,Theorem,timeout,na,2065,618,43,618,27,14,0,1,0,
no_iterative_deepening,SYO/SYO887^22.p,TH0,Theorem,timeout,na,2208,5850,135,5850,1178,28,0,1,0,
no_iterative_deepening,SYO/SYO888^10.p,TH0,Theorem,timeout,na,2231,6067,113,6067,1342,197,0,1,0,
no_iterative_deepening,SYO/SYO889^16.p,TH0,Theorem,timeout,na,2267,5075,86,5075,156,200,0,0,0,
no_iterative_deepening,SYO/SYO890^16.p,TH0,Theorem,timeout,na,2180,6485,314,6485,875,178,0,2,0,
no_iterative_deepening,SYO/SYO891^16.p,TH0,Theorem,timeout,na,2288,4114,25,4114,214,256,0,0,0,
no_iterative_deepening,SYO/SYO892^15.p,TH0,Theorem,timeout,na,2260,6507,184,6507,1655,124,0,2,0,
no_iterative_deepening,SYO/SYO893^11.p,TH0,Theorem,timeout,na,2107,3579,83,3579,232,74,0,0,0,
no_iterative_deepening,SYO/SYO894^8.p,TH0,Theorem,timeout,na,2145,4200,88,4200,491,235,0,1,0,
no_iterative_deepening,SYO/SYO895^9.p,TH0,Theorem,timeout,na,2169,4636,2,4636,259,216,0,0,0,
no_iterative_deepening,SYO/SYO896^7.p,TH0,Theorem,timeout,na,2145,5099,110,5099,276,136,0,0,0,
no_iterative_deepening,SYO/SYO897^6.p,TH0,Theorem,thm,yes,105,160,2,160,17,3,0,1,1,
no_iterative_deepening,SYO/SYO898^9.p,TH0,Theorem,timeout,na,2192,8277,109,8277,242,684,0,0,0,
no_iterative_deepening,SYO/SYO899^8.p,TH0,Theorem,timeout,na,2108,3600,107,3600,244,71,0,0,0,
no_iterative_deepening,SYO/SYO900^11.p,TH0,Theorem,timeout,na,2134,4621,59,4621,232,97,0,0,0,
no_iterative_deepening,SYO/SYO901^11.p,TH0,Theorem,timeout,na,2157,4139,50,4139,233,132,0,0,0,
no_iterative_deepening,SYO/SYO902^8.p,TH0,Theorem,timeout,na,2130,3966,106,3966,218,90,0,0,0,
no_iterative_deepening,SYO/SYO903^10.p,TH0,ContradictoryAxioms,timeout,na,2105,0,0,0,1,0,0,0,0,
no_iterative_deepening,SYO/SYO904^12.p,TH0,ContradictoryAxioms,timeout,na,2604,0,0,0,1,0,0,0,0,
no_iterative_deepening,SYO/SYO905^6.p,TH0,ContradictoryAxioms,timeout,na,2667,0,0,0,1,0,0,0,0,
no_iterative_deepening,SYO/SYO906^7.p,TH0,CounterSatisfiable,unk,na,65,42,1,42,6,1,0,0,0,
no_iterative_deepening,SYO/SYO907^15.p,TH0,CounterSatisfiable,timeout,na,2326,6696,126,6696,258,244,0,0,0,
no_iterative_deepening,SYO/SYO908^13.p,TH0,CounterSatisfiable,timeout,na,2292,6347,163,6347,1774,119,0,1,0,
no_iterative_deepening,SYO/SYO909^8.p,TH0,CounterSatisfiable,timeout,na,2152,4845,98,4845,269,211,0,0,0,
no_iterative_deepening,SYO/SYO910^13.p,TH0,CounterSatisfiable,timeout,na,2160,5003,102,5003,280,133,0,0,0,
no_iterative_deepening,SYO/SYO911^15.p,TH0,CounterSatisfiable,timeout,na,2111,3455,77,3455,240,169,0,0,0,
no_iterative_deepening,SYO/SYO912^9.p,TH0,CounterSatisfiable,timeout,na,2129,4386,61,4386,276,106,0,0,0,
no_iterative_deepening,SYO/SYO913^15.p,TH0,CounterSatisfiable,timeout,na,2058,229,4,229,36,1,0,0,0,
no_iterative_deepening,SYO/SYO914^12.p,TH0,CounterSatisfiable,timeout,na,2105,0,0,0,1,0,0,0,0,
no_iterative_deepening,SYO/SYO915^14.p,TH0,CounterSatisfiable,timeout,na,2111,0,0,0,1,0,0,0,0,
no_iterative_deepening,SYO/SYO926^1.p,unknown,Theorem,parser_error,na,0,,,,,,,,,cached: Lexer failed to parse entire string. Unparsed: <.> A ) ). %------------------------------------------------------------------------------ 
no_iterative_deepening,SYO/SYO927^1.p,unknown,Theorem,parser_error,na,0,,,,,,,,,cached: Lexer failed to parse entire string. Unparsed: <.> [.] ( P @ ( F @ X ) ) => [.] ( P @ ( G @ X ) ) ) ). %------------------------------------------------------------------------------ 
no_iterative_deepening,SYO/SYO928^1.p,unknown,Theorem,parser_error,na,0,,,,,,,,,cached: Failed to parse formula 'spec': Syntax Error: tuples ([...]) and sequents (-->) have no counterpart in simple type theory and are not supported.
no_iterative_deepening,SYO/SYO929^1.p,unknown,Theorem,parser_error,na,0,,,,,,,,,cached: Failed to parse formula 'spec': Syntax Error: tuples ([...]) and sequents (-->) have no counterpart in simple type theory and are not supported.
no_iterative_deepening,SYO/SYO930^1.p,unknown,Theorem,parser_error,na,0,,,,,,,,,cached: Failed to parse formula 'spec': Syntax Error: tuples ([...]) and sequents (-->) have no counterpart in simple type theory and are not supported.
no_iterative_deepening,SYO/SYO931^1.p,unknown,Theorem,parser_error,na,0,,,,,,,,,cached: Failed to parse formula 'spec': Syntax Error: tuples ([...]) and sequents (-->) have no counterpart in simple type theory and are not supported.
no_iterative_deepening,SYO/SYO932^10.p,TH0,Theorem,thm,yes,63,14,0,14,2,0,0,1,1,
no_iterative_deepening,SYO/SYO932^8.p,TH0,Theorem,thm,yes,46,17,1,17,2,0,0,1,1,
no_iterative_deepening,SYO/SYO932^9.p,TH0,Theorem,timeout,na,2061,861,64,859,21,16,0,1,0,
no_iterative_deepening,SYO/SYO997^1.p,unknown,Theorem,parser_error,na,0,,,,,,,,,cached: Syntax Error: expected ' ' or ']' in !> binder  got [{:colon  ":"  1919}  {:atom  "nat"  1921}  {:rbracket  "]"  1924}  {:colon  ":"  1926}  {:lparen  "("  1928}  {:atom  "fin"  1930}  {:app  "@"  193
no_iterative_deepening,SYO/SYO998^1.p,unknown,Theorem,parser_error,na,0,,,,,,,,,cached: Syntax Error: expected ' ' or ']' in !> binder  got [{:colon  ":"  1920}  {:atom  "nat"  1922}  {:rbracket  "]"  1925}  {:colon  ":"  1927}  {:lparen  "("  1929}  {:atom  "fin"  1931}  {:app  "@"  193
no_iterative_deepening,SYO/SYO999^1.p,unknown,Theorem,parser_error,na,0,,,,,,,,,cached: Syntax Error: expected ' ' or ']' in !> binder  got [{:colon  ":"  1835}  {:atom  "a"  1837}  {:rbracket  "]"  1838}  {:colon  ":"  1840}  {:lparen  "("  1842}  {:lparen  "("  1844}  {:atom  "b"  1846
no_iterative_deepening,SYP/SYP000^1.p,unknown,Theorem,parser_error,na,0,,,,,,,,,cached: Syntax Error: expected ' ' or ']' in !> binder  got [{:colon  ":"  1899}  {:atom  "nat"  1901}  {:rbracket  "]"  1904}  {:colon  ":"  1906}  {:lparen  "("  1908}  {:atom  "fin"  1910}  {:app  "@"  191
no_iterative_deepening,SYP/SYP001^1.p,unknown,Theorem,parser_error,na,0,,,,,,,,,cached: Syntax Error: expected ' ' or ']' in !> binder  got [{:colon  ":"  1899}  {:atom  "nat"  1901}  {:rbracket  "]"  1904}  {:colon  ":"  1906}  {:lparen  "("  1908}  {:atom  "fin"  1910}  {:app  "@"  191
no_iterative_deepening,SYP/SYP002^1.p,unknown,Theorem,parser_error,na,0,,,,,,,,,cached: Syntax Error: expected ' ' or ']' in !> binder  got [{:colon  ":"  1830}  {:atom  "nat"  1832}  {:rbracket  "]"  1835}  {:colon  ":"  1837}  {:lparen  "("  1839}  {:atom  "fin"  1841}  {:app  "@"  184
no_iterative_deepening,SYP/SYP003^1.p,unknown,Theorem,parser_error,na,0,,,,,,,,,cached: Syntax Error: expected ' ' or ']' in !> binder  got [{:colon  ":"  1640}  {:atom  "a"  1642}  {:rbracket  "]"  1643}  {:colon  ":"  1645}  {:lparen  "("  1647}  {:lparen  "("  1649}  {:atom  "b"  1651
no_iterative_deepening,SYP/SYP004^1.p,unknown,Theorem,parser_error,na,0,,,,,,,,,cached: Syntax Error: expected ' ' or ']' in !> binder  got [{:colon  ":"  2279}  {:atom  "nat"  2281}  {:rbracket  "]"  2284}  {:colon  ":"  2286}  {:lparen  "("  2288}  {:atom  "fin"  2290}  {:app  "@"  229
no_iterative_deepening,SYP/SYP005^1.p,unknown,Theorem,parser_error,na,0,,,,,,,,,cached: Syntax Error: expected ' ' or ']' in !> binder  got [{:colon  ":"  1915}  {:atom  "nat"  1917}  {:rbracket  "]"  1920}  {:colon  ":"  1922}  {:lparen  "("  1924}  {:atom  "fin"  1926}  {:app  "@"  193
no_iterative_deepening,SYP/SYP006^1.p,unknown,Theorem,parser_error,na,0,,,,,,,,,cached: Syntax Error: expected ' ' or ']' in !> binder  got [{:colon  ":"  2039}  {:atom  "nat"  2041}  {:rbracket  "]"  2044}  {:colon  ":"  2046}  {:lparen  "("  2048}  {:atom  "fin"  2050}  {:app  "@"  205
no_iterative_deepening,SYP/SYP007^1.p,unknown,Theorem,parser_error,na,0,,,,,,,,,cached: Syntax Error: expected ' ' or ']' in !> binder  got [{:colon  ":"  1662}  {:atom  "nat"  1664}  {:rbracket  "]"  1667}  {:colon  ":"  1669}  {:lparen  "("  1671}  {:lparen  "("  1673}  {:atom  "fin"  
