run_label,problem,language,expected_szs,result,correct,time_ms,steps,worker_yields,rules_total,active_branches_max,branches_closed,branches_saturated,csp_calls,csp_succeeded,details
no_instance_based_gamma,AGT/AGT027^1.p,TH0,Theorem,timeout,na,2151,603,22,603,68,0,0,1,0,
no_instance_based_gamma,AGT/AGT027^2.p,TH0,Theorem,timeout,na,2146,1187,25,1187,130,0,0,0,0,
no_instance_based_gamma,AGT/AGT028^1.p,TH0,Theorem,timeout,na,2260,767,41,767,70,0,0,1,0,
no_instance_based_gamma,AGT/AGT028^2.p,TH0,Theorem,timeout,na,2440,4551,16,4551,407,0,0,0,0,
no_instance_based_gamma,AGT/AGT029^1.p,TH0,Theorem,timeout,na,2256,803,46,803,69,0,0,1,0,
no_instance_based_gamma,AGT/AGT030^1.p,TH0,Theorem,timeout,na,2287,887,46,887,102,0,0,0,0,
no_instance_based_gamma,AGT/AGT031^1.p,TH0,Theorem,timeout,na,2808,3951,14,3951,378,0,0,0,0,
no_instance_based_gamma,AGT/AGT031^2.p,TH0,Theorem,timeout,na,2537,3300,7,3300,254,0,0,0,0,
no_instance_based_gamma,AGT/AGT032^1.p,TH0,Theorem,timeout,na,2666,3121,16,3121,1127,0,0,4,0,
no_instance_based_gamma,AGT/AGT032^2.p,TH0,Theorem,timeout,na,2348,3972,49,3972,960,0,0,1,0,
no_instance_based_gamma,AGT/AGT033^1.p,TH0,Theorem,timeout,na,2777,3807,14,3807,372,0,0,0,0,
no_instance_based_gamma,AGT/AGT033^2.p,TH0,Theorem,timeout,na,2322,3752,73,3752,307,0,0,0,0,
no_instance_based_gamma,AGT/AGT034^1.p,TH0,Theorem,timeout,na,2732,3596,14,3596,272,0,0,0,0,
no_instance_based_gamma,AGT/AGT034^2.p,TH0,Theorem,timeout,na,2296,3207,54,3207,272,0,0,0,0,
no_instance_based_gamma,AGT/AGT035^1.p,TH0,Theorem,timeout,na,2852,4358,14,4358,1661,0,0,1,0,
no_instance_based_gamma,AGT/AGT035^2.p,TH0,Theorem,timeout,na,2300,3720,59,3720,794,0,0,5,0,
no_instance_based_gamma,AGT/AGT036^1.p,TH0,Theorem,timeout,na,2701,3497,14,3497,1303,0,0,2,0,
no_instance_based_gamma,AGT/AGT037^1.p,TH0,Theorem,timeout,na,2846,4459,14,4459,359,0,0,0,0,
no_instance_based_gamma,AGT/AGT037^2.p,TH0,Theorem,timeout,na,2370,3750,57,3750,291,0,0,0,0,
no_instance_based_gamma,AGT/AGT038^1.p,TH0,Theorem,timeout,na,2775,3825,14,3825,355,0,0,0,0,
no_instance_based_gamma,AGT/AGT039^1.p,TH0,Theorem,timeout,na,2881,4483,14,4484,378,0,0,0,0,
no_instance_based_gamma,AGT/AGT040^1.p,TH0,Theorem,timeout,na,2817,4094,14,4094,374,0,0,0,0,
no_instance_based_gamma,AGT/AGT041^1.p,TH0,Theorem,timeout,na,2779,3883,14,3883,343,0,0,0,0,
no_instance_based_gamma,ALG/ALG001^5.p,TH0,Theorem,timeout,na,2044,1341,52,1341,123,11,0,2,0,
no_instance_based_gamma,ALG/ALG014^7.p,TH0,Theorem,timeout,na,2879,0,0,0,1,0,0,0,0,
no_instance_based_gamma,ALG/ALG015^7.p,TH0,Theorem,timeout,na,6924,0,0,0,1,0,0,0,0,
no_instance_based_gamma,ALG/ALG016^7.p,TH0,Theorem,timeout,na,4123,0,0,0,1,0,0,0,0,
no_instance_based_gamma,ALG/ALG017^7.p,TH0,Theorem,timeout,na,2869,0,0,0,1,0,0,0,0,
no_instance_based_gamma,ALG/ALG018^7.p,TH0,Theorem,timeout,na,2154,482,32,482,30,0,0,0,0,
no_instance_based_gamma,ALG/ALG020^7.p,TH0,Theorem,timeout,na,2406,0,0,0,1,0,0,0,0,
no_instance_based_gamma,ALG/ALG021^7.p,TH0,Theorem,timeout,na,3279,0,0,0,1,0,0,0,0,
no_instance_based_gamma,ALG/ALG022^7.p,TH0,Theorem,timeout,na,3273,0,0,0,1,0,0,0,0,
no_instance_based_gamma,ALG/ALG023^7.p,TH0,Unsatisfiable,no_conjecture,na,897,,,,,,,,,
no_instance_based_gamma,ALG/ALG247^2.p,TH0,Theorem,thm,yes,420,23,0,23,3,1,0,1,1,
no_instance_based_gamma,ALG/ALG248^1.p,TH0,Theorem,timeout,na,2359,791,15,791,251,26,0,1,0,
no_instance_based_gamma,ALG/ALG248^2.p,TH0,CounterSatisfiable,timeout,na,2303,1642,79,1642,104,48,0,2,0,
no_instance_based_gamma,ALG/ALG248^3.p,TH0,Theorem,timeout,na,2308,2380,151,2380,128,5,0,1,0,
no_instance_based_gamma,ALG/ALG249^3.p,TH0,Theorem,timeout,na,2332,2402,99,2402,216,32,0,3,0,
no_instance_based_gamma,ALG/ALG250^3.p,TH0,Theorem,thm,yes,318,42,1,42,5,2,0,1,1,
no_instance_based_gamma,ALG/ALG251^1.p,TH0,Theorem,timeout,na,2297,566,35,566,66,0,0,2,0,
no_instance_based_gamma,ALG/ALG251^2.p,TH0,Theorem,timeout,na,2302,1414,101,1414,40,40,0,1,0,
no_instance_based_gamma,ALG/ALG251^3.p,TH0,Theorem,timeout,na,2357,1558,37,1558,241,103,0,2,0,
no_instance_based_gamma,ALG/ALG252^1.p,TH0,Theorem,timeout,na,2278,372,16,372,27,0,0,1,0,
no_instance_based_gamma,ALG/ALG252^2.p,TH0,Theorem,timeout,na,2287,1245,98,1245,54,0,0,2,0,
no_instance_based_gamma,ALG/ALG253^1.p,TH0,Theorem,timeout,na,2264,114,8,114,4,0,0,1,0,
no_instance_based_gamma,ALG/ALG253^2.p,TH0,Theorem,timeout,na,2299,1047,38,1047,113,20,0,1,0,
no_instance_based_gamma,ALG/ALG254^1.p,TH0,Theorem,thm,yes,488,2,0,2,1,1,0,0,0,
no_instance_based_gamma,ALG/ALG254^2.p,TH0,Theorem,thm,yes,267,2,0,2,1,1,0,0,0,
no_instance_based_gamma,ALG/ALG255^1.p,TH0,Theorem,thm,yes,570,2,0,2,1,1,0,0,0,
no_instance_based_gamma,ALG/ALG256^1.p,TH0,Theorem,timeout,na,2262,20,2,20,1,0,0,0,0,
no_instance_based_gamma,ALG/ALG256^2.p,TH0,Theorem,timeout,na,2335,2519,93,2519,282,30,0,1,0,
no_instance_based_gamma,ALG/ALG257^1.p,TH0,Theorem,timeout,na,2260,17,1,17,1,0,0,0,0,
no_instance_based_gamma,ALG/ALG257^2.p,TH0,Theorem,timeout,na,2352,2568,56,2568,299,36,0,1,0,
no_instance_based_gamma,ALG/ALG258^1.p,TH0,Theorem,timeout,na,2262,17,1,17,1,0,0,0,0,
no_instance_based_gamma,ALG/ALG258^2.p,TH0,Theorem,timeout,na,2316,2222,114,2222,142,41,0,1,0,
no_instance_based_gamma,ALG/ALG259^1.p,TH0,Theorem,timeout,na,2265,13,1,13,1,0,0,0,0,
no_instance_based_gamma,ALG/ALG259^2.p,TH0,Theorem,timeout,na,2318,1670,74,1670,134,9,0,4,0,
no_instance_based_gamma,ALG/ALG260^1.p,TH0,Theorem,timeout,na,2269,10,1,10,1,0,0,0,0,
no_instance_based_gamma,ALG/ALG260^2.p,TH0,Theorem,thm,yes,1683,1437,98,1437,60,3,0,2,1,
no_instance_based_gamma,ALG/ALG261^1.p,TH0,Theorem,timeout,na,2270,6,0,6,1,0,0,0,0,
no_instance_based_gamma,ALG/ALG261^2.p,TH0,Theorem,thm,yes,470,164,7,164,14,7,0,2,1,
no_instance_based_gamma,ALG/ALG262^2.p,TH0,Theorem,thm,yes,375,18,0,18,3,1,0,1,1,
no_instance_based_gamma,ALG/ALG263^1.p,TH0,Theorem,timeout,na,2265,14,1,14,1,0,0,0,0,
no_instance_based_gamma,ALG/ALG263^3.p,TH0,Theorem,timeout,na,2263,11,1,11,1,0,0,0,0,
no_instance_based_gamma,ALG/ALG264^1.p,TH0,Theorem,timeout,na,2264,14,1,14,1,0,0,0,0,
no_instance_based_gamma,ALG/ALG264^3.p,TH0,Theorem,timeout,na,2260,11,1,11,1,0,0,0,0,
no_instance_based_gamma,ALG/ALG265^2.p,TH0,Theorem,timeout,na,2301,1279,45,1279,138,19,0,1,0,
no_instance_based_gamma,ALG/ALG266^1.p,TH0,Theorem,timeout,na,2265,7,0,7,1,0,0,0,0,
no_instance_based_gamma,ALG/ALG266^2.p,TH0,Theorem,timeout,na,2279,327,8,327,51,1,0,1,0,
no_instance_based_gamma,ALG/ALG267^1.p,TH0,Theorem,timeout,na,2273,5,0,5,1,0,0,0,0,
no_instance_based_gamma,ALG/ALG267^2.p,TH0,Theorem,thm,yes,290,21,0,21,3,2,0,1,1,
no_instance_based_gamma,ALG/ALG268^1.p,TH0,Theorem,timeout,na,2267,7,0,7,1,0,0,0,0,
no_instance_based_gamma,ALG/ALG268^2.p,TH0,Theorem,timeout,na,2289,470,15,470,63,0,0,0,0,
no_instance_based_gamma,ALG/ALG268^3.p,TH0,Theorem,timeout,na,2335,1844,75,1844,135,64,0,0,0,
no_instance_based_gamma,ALG/ALG268^4.p,TH0,Theorem,thm,yes,500,28,0,28,3,1,0,1,1,
no_instance_based_gamma,ALG/ALG268^5.p,TH0,Theorem,timeout,na,2267,11,1,11,1,0,0,0,0,
no_instance_based_gamma,ALG/ALG268^6.p,TH0,Theorem,timeout,na,2315,1302,40,1302,158,70,0,0,0,
no_instance_based_gamma,ALG/ALG269^1.p,TH0,Theorem,timeout,na,2266,7,0,7,1,0,0,0,0,
no_instance_based_gamma,ALG/ALG269^2.p,TH0,Theorem,timeout,na,2297,427,11,427,51,0,0,2,0,
no_instance_based_gamma,ALG/ALG269^3.p,TH0,Theorem,timeout,na,2289,715,53,715,45,0,0,2,0,
no_instance_based_gamma,ALG/ALG269^4.p,TH0,CounterSatisfiable,timeout,na,2287,715,40,715,49,0,0,2,0,
no_instance_based_gamma,ALG/ALG270^5.p,TH0,Theorem,timeout,na,2045,1407,42,1407,132,26,0,1,0,
no_instance_based_gamma,ALG/ALG271^5.p,TH0,Theorem,timeout,na,2087,2857,140,2857,269,35,0,1,0,
no_instance_based_gamma,ALG/ALG272^5.p,TH0,Theorem,timeout,na,2084,2857,141,2857,254,29,0,1,0,
no_instance_based_gamma,ALG/ALG273^5.p,TH0,Theorem,timeout,na,2065,2580,130,2580,209,19,0,1,0,
no_instance_based_gamma,ALG/ALG274^5.p,TH0,Theorem,timeout,na,2074,2568,127,2568,257,16,0,1,0,
no_instance_based_gamma,ALG/ALG275^5.p,TH0,CounterSatisfiable,timeout,na,2063,2405,123,2405,112,23,0,0,0,
no_instance_based_gamma,ALG/ALG276^5.p,TH0,Theorem,timeout,na,2067,2689,142,2689,217,29,0,1,0,
no_instance_based_gamma,ALG/ALG277^5.p,TH0,Theorem,timeout,na,2071,2077,75,2077,243,14,0,2,0,
no_instance_based_gamma,ALG/ALG278^5.p,TH0,Theorem,timeout,na,2077,2072,47,2072,277,28,0,2,0,
no_instance_based_gamma,ALG/ALG279^5.p,TH0,Theorem,timeout,na,2071,2117,48,2117,262,18,0,2,0,
no_instance_based_gamma,ALG/ALG280^5.p,TH0,Theorem,timeout,na,2065,2076,44,2076,277,15,0,2,0,
no_instance_based_gamma,ALG/ALG281^5.p,TH0,Theorem,timeout,na,2060,1904,55,1904,238,11,0,2,0,
no_instance_based_gamma,ALG/ALG282^5.p,TH0,Theorem,timeout,na,2048,1875,51,1875,206,7,0,4,0,
no_instance_based_gamma,ALG/ALG283^5.p,TH0,Theorem,timeout,na,2070,2359,72,2359,228,24,0,4,0,
no_instance_based_gamma,ALG/ALG284^5.p,TH0,Theorem,timeout,na,2048,1547,57,1547,170,10,0,1,0,
no_instance_based_gamma,ALG/ALG285^5.p,TH0,Theorem,timeout,na,2058,2537,126,2537,212,26,0,2,0,
no_instance_based_gamma,ALG/ALG286^5.p,TH0,Theorem,timeout,na,2063,2397,111,2397,216,13,0,2,0,
no_instance_based_gamma,ALG/ALG287^5.p,TH0,Theorem,timeout,na,2065,2754,132,2754,250,23,0,1,0,
no_instance_based_gamma,ALG/ALG288^5.p,TH0,Unknown,timeout,na,2072,2282,75,2282,237,45,0,2,0,
no_instance_based_gamma,ALG/ALG289^5.p,TH0,Unknown,timeout,na,2076,2295,69,2295,262,45,0,2,0,
no_instance_based_gamma,ALG/ALG290^5.p,TH0,Theorem,timeout,na,2085,2151,54,2151,294,18,0,4,0,
no_instance_based_gamma,ALG/ALG291^5.p,TH0,Unknown,timeout,na,2075,2196,94,2196,200,1,0,2,0,
no_instance_based_gamma,ALG/ALG292^5.p,TH0,Theorem,timeout,na,2093,2183,55,2183,255,61,0,1,0,
no_instance_based_gamma,ALG/ALG293^5.p,TH0,Unknown,timeout,na,2080,2041,53,2041,238,1,0,2,0,
no_instance_based_gamma,ALG/ALG294^5.p,TH0,Theorem,timeout,na,2061,1000,40,1000,75,24,0,1,0,
no_instance_based_gamma,ALG/ALG295^5.p,TH0,Unknown,timeout,na,2068,2179,100,2179,215,29,0,3,0,
no_instance_based_gamma,ALG/ALG296^5.p,TH0,Unknown,timeout,na,2054,1417,51,1417,160,11,0,4,0,
no_instance_based_gamma,ALG/ALG297^5.p,TH0,Unknown,timeout,na,2058,1738,100,1738,129,4,0,2,0,
no_instance_based_gamma,ALG/ALG298^5.p,TH0,Theorem,timeout,na,2066,1846,70,1846,185,24,0,1,0,
no_instance_based_gamma,ALG/ALG444^1.p,TH0,Satisfiable,no_conjecture,na,261,,,,,,,,,
no_instance_based_gamma,ANA/ANA046^1.p,TH1,Theorem,parse_timeout,na,0,,,,,,,,,cached: parse exceeded 5000ms
no_instance_based_gamma,ANA/ANA047^1.p,TH1,Theorem,parse_timeout,na,0,,,,,,,,,cached: parse exceeded 5000ms
no_instance_based_gamma,ANA/ANA048^1.p,TH1,Theorem,parse_timeout,na,0,,,,,,,,,cached: parse exceeded 5000ms
no_instance_based_gamma,ANA/ANA049^1.p,TH1,Theorem,parse_timeout,na,0,,,,,,,,,cached: parse exceeded 5000ms
no_instance_based_gamma,ANA/ANA050^1.p,TH1,Theorem,parse_timeout,na,0,,,,,,,,,cached: parse exceeded 5000ms
no_instance_based_gamma,ANA/ANA051^1.p,TH1,Theorem,parse_timeout,na,0,,,,,,,,,cached: parse exceeded 5000ms
no_instance_based_gamma,ANA/ANA052^1.p,TH1,Theorem,parse_timeout,na,0,,,,,,,,,cached: parse exceeded 5000ms
no_instance_based_gamma,ANA/ANA053^1.p,TH1,Theorem,parse_timeout,na,0,,,,,,,,,cached: parse exceeded 5000ms
no_instance_based_gamma,ANA/ANA054^1.p,TH1,Theorem,parse_timeout,na,0,,,,,,,,,cached: parse exceeded 5000ms
no_instance_based_gamma,ANA/ANA055^1.p,TH1,Theorem,parse_timeout,na,0,,,,,,,,,cached: parse exceeded 5000ms
no_instance_based_gamma,ANA/ANA056^1.p,TH1,Theorem,parse_timeout,na,0,,,,,,,,,cached: parse exceeded 5000ms
no_instance_based_gamma,ANA/ANA057^1.p,TH1,Theorem,parse_timeout,na,0,,,,,,,,,cached: parse exceeded 5000ms
no_instance_based_gamma,ANA/ANA058^1.p,TH1,Theorem,parse_timeout,na,0,,,,,,,,,cached: parse exceeded 5000ms
no_instance_based_gamma,ANA/ANA059^1.p,TH1,Theorem,parse_timeout,na,0,,,,,,,,,cached: parse exceeded 5000ms
no_instance_based_gamma,ANA/ANA060^1.p,TH1,Theorem,parse_timeout,na,0,,,,,,,,,cached: parse exceeded 5000ms
no_instance_based_gamma,ANA/ANA061^1.p,TH1,Theorem,parse_timeout,na,0,,,,,,,,,cached: parse exceeded 5000ms
no_instance_based_gamma,ANA/ANA062^1.p,TH1,Theorem,parse_timeout,na,0,,,,,,,,,cached: parse exceeded 5000ms
no_instance_based_gamma,ANA/ANA063^1.p,TH1,Theorem,parse_timeout,na,0,,,,,,,,,cached: parse exceeded 5000ms
no_instance_based_gamma,ANA/ANA064^1.p,TH1,Theorem,parse_timeout,na,0,,,,,,,,,cached: parse exceeded 5000ms
no_instance_based_gamma,ANA/ANA065^1.p,TH1,Theorem,parse_timeout,na,0,,,,,,,,,cached: parse exceeded 5000ms
no_instance_based_gamma,ANA/ANA066^1.p,TH1,Theorem,parse_timeout,na,0,,,,,,,,,cached: parse exceeded 5000ms
no_instance_based_gamma,ANA/ANA067^1.p,TH1,Theorem,parse_timeout,na,0,,,,,,,,,cached: parse exceeded 5000ms
no_instance_based_gamma,ANA/ANA068^1.p,TH1,Theorem,timeout,na,2185,4962,18,4962,263,217,0,0,0,
no_instance_based_gamma,ANA/ANA069^1.p,TH1,Theorem,timeout,na,2158,4032,36,4032,243,43,0,0,0,
no_instance_based_gamma,ANA/ANA070^1.p,TH1,Theorem,timeout,na,2174,4179,16,4179,274,54,0,0,0,
no_instance_based_gamma,ANA/ANA071^1.p,TH1,Theorem,timeout,na,2139,3856,21,3856,262,52,0,0,0,
no_instance_based_gamma,ANA/ANA072^1.p,TH1,Theorem,timeout,na,2158,3975,9,3975,284,122,0,0,0,
no_instance_based_gamma,ANA/ANA073^1.p,TH1,ContradictoryAxioms,timeout,na,2102,3236,59,3236,220,92,0,0,0,
no_instance_based_gamma,ANA/ANA074^1.p,TH1,Theorem,timeout,na,2127,3618,33,3618,260,90,0,0,0,
no_instance_based_gamma,ANA/ANA075^1.p,TH1,Theorem,timeout,na,2103,2607,73,2607,222,44,0,2,0,
no_instance_based_gamma,ANA/ANA076^1.p,TH1,Theorem,timeout,na,2128,3881,61,3881,221,69,0,0,0,
no_instance_based_gamma,ANA/ANA077^1.p,TH1,Theorem,timeout,na,2081,2025,11,2025,175,90,0,0,0,
no_instance_based_gamma,ANA/ANA078^1.p,TH1,Theorem,timeout,na,2039,1304,39,1304,146,17,0,0,0,
no_instance_based_gamma,ANA/ANA079^1.p,TH1,Theorem,timeout,na,2148,3966,80,3966,719,54,0,1,0,
no_instance_based_gamma,ANA/ANA080^1.p,TH1,Theorem,timeout,na,2149,4311,63,4311,194,44,0,0,0,
no_instance_based_gamma,ANA/ANA081^1.p,TH1,Theorem,timeout,na,2181,4364,21,4364,259,44,0,0,0,
no_instance_based_gamma,ANA/ANA082^1.p,TH1,Theorem,timeout,na,2150,4146,101,4146,242,86,0,0,0,
no_instance_based_gamma,ANA/ANA083^1.p,TH1,Theorem,timeout,na,2153,4044,11,4044,296,106,0,0,0,
no_instance_based_gamma,ANA/ANA084^1.p,TH1,Theorem,timeout,na,2132,3905,8,3905,260,79,0,0,0,
no_instance_based_gamma,ANA/ANA085^1.p,TH1,ContradictoryAxioms,timeout,na,2104,3484,84,3484,203,162,0,0,0,
no_instance_based_gamma,ANA/ANA086^1.p,TH1,Theorem,timeout,na,2115,3828,31,3828,214,76,0,0,0,
no_instance_based_gamma,ANA/ANA087^1.p,TH1,Theorem,timeout,na,2084,2558,80,2558,203,39,0,2,0,
no_instance_based_gamma,ANA/ANA088^1.p,TH1,Theorem,timeout,na,2126,3904,59,3904,228,49,0,0,0,
no_instance_based_gamma,ANA/ANA089^1.p,TH1,Theorem,timeout,na,2107,2312,5,2312,177,106,0,0,0,
no_instance_based_gamma,ANA/ANA090^1.p,TH1,Theorem,timeout,na,2129,3365,119,3365,252,60,0,2,0,
no_instance_based_gamma,ANA/ANA091^1.p,TH1,Theorem,timeout,na,2153,3857,49,3857,774,63,0,1,0,
no_instance_based_gamma,ANA/ANA092^1.p,TH1,Theorem,timeout,na,2165,4169,56,4169,227,47,0,0,0,
no_instance_based_gamma,ANA/ANA093^1.p,TH1,ContradictoryAxioms,timeout,na,2041,1274,31,1274,147,41,0,1,0,
no_instance_based_gamma,ANA/ANA094^1.p,TH1,ContradictoryAxioms,timeout,na,2031,1286,65,1286,90,17,0,1,0,
no_instance_based_gamma,ANA/ANA095^1.p,TH1,Theorem,timeout,na,2056,586,15,586,88,4,0,0,0,
no_instance_based_gamma,ANA/ANA096^1.p,TH1,Theorem,timeout,na,2078,1268,40,1268,161,27,0,0,0,
no_instance_based_gamma,ANA/ANA097^1.p,TH1,Theorem,timeout,na,2056,884,39,884,80,21,0,0,0,
no_instance_based_gamma,ANA/ANA098^1.p,TH1,Theorem,timeout,na,2035,451,21,451,24,7,0,1,0,
no_instance_based_gamma,ANA/ANA099^1.p,TH1,Theorem,timeout,na,2040,544,17,544,57,11,0,0,0,
no_instance_based_gamma,ANA/ANA100^1.p,TH1,Theorem,timeout,na,2049,1295,36,1295,147,19,0,1,0,
no_instance_based_gamma,ANA/ANA101^1.p,TH1,Theorem,timeout,na,2047,1803,95,1803,136,10,0,1,0,
no_instance_based_gamma,ANA/ANA102^1.p,TH1,Theorem,timeout,na,2127,2560,42,2560,217,129,0,0,0,
no_instance_based_gamma,ANA/ANA103^1.p,TH1,Theorem,timeout,na,2049,441,21,441,47,0,0,0,0,
no_instance_based_gamma,ANA/ANA104^1.p,TH1,ContradictoryAxioms,timeout,na,2050,519,20,519,44,13,0,0,0,
no_instance_based_gamma,ANA/ANA105^1.p,TH1,Theorem,timeout,na,2059,1545,69,1545,159,7,0,0,0,
no_instance_based_gamma,ANA/ANA106^1.p,TH1,Theorem,timeout,na,2053,1409,59,1409,147,7,0,0,0,
no_instance_based_gamma,ANA/ANA107^1.p,TH1,Theorem,timeout,na,2070,3110,136,3110,217,0,0,0,0,
no_instance_based_gamma,ANA/ANA108^1.p,TH1,Theorem,timeout,na,2143,4123,81,4123,194,94,0,0,0,
no_instance_based_gamma,ANA/ANA109^1.p,TH1,Theorem,timeout,na,2038,1449,54,1449,120,7,0,1,0,
no_instance_based_gamma,ANA/ANA110^1.p,TH1,Theorem,timeout,na,2050,1182,46,1167,71,50,0,0,0,
no_instance_based_gamma,ANA/ANA111^1.p,TH1,Theorem,timeout,na,2051,862,39,849,58,24,0,0,0,
no_instance_based_gamma,ANA/ANA112^1.p,TH1,Theorem,timeout,na,2056,1390,68,1390,138,24,0,0,0,
no_instance_based_gamma,ANA/ANA113^1.p,TH1,Theorem,timeout,na,2034,1469,85,1469,88,26,0,1,0,
no_instance_based_gamma,ANA/ANA114^1.p,TH1,CounterSatisfiable,timeout,na,2077,2167,114,2167,198,4,0,1,0,
no_instance_based_gamma,ANA/ANA115^1.p,TH1,Theorem,timeout,na,2035,1256,59,1256,99,11,0,0,0,
no_instance_based_gamma,ANA/ANA116^1.p,TH1,Theorem,timeout,na,2048,659,23,655,49,18,0,1,0,
no_instance_based_gamma,ANA/ANA117^1.p,TH1,Theorem,timeout,na,2053,1164,54,1156,79,25,0,1,0,
no_instance_based_gamma,ANA/ANA118^1.p,TH1,Theorem,timeout,na,2077,1614,30,1614,219,50,0,1,0,
no_instance_based_gamma,ANA/ANA119^1.p,TH1,Theorem,timeout,na,2065,1818,49,1818,195,44,0,1,0,
no_instance_based_gamma,ANA/ANA120^1.p,TH1,Theorem,timeout,na,2047,393,17,393,32,0,0,1,0,
no_instance_based_gamma,ANA/ANA121^1.p,TH1,Theorem,timeout,na,2058,808,37,808,62,0,0,1,0,
no_instance_based_gamma,ANA/ANA122^1.p,TH1,Theorem,timeout,na,2036,2116,156,2116,77,7,0,1,0,
no_instance_based_gamma,ANA/ANA123^1.p,TH1,Theorem,thm,yes,6,3,0,3,1,1,0,0,0,
no_instance_based_gamma,ANA/ANA124^1.p,TH1,Theorem,timeout,na,2047,1278,32,1278,123,31,0,5,0,
no_instance_based_gamma,ANA/ANA125^1.p,TH0,Theorem,timeout,na,2049,1799,53,1799,221,11,0,4,0,
no_instance_based_gamma,ANA/ANA126^1.p,TH0,Theorem,timeout,na,2041,1519,51,1519,174,19,0,2,0,
no_instance_based_gamma,ANA/ANA127^1.p,TH0,Theorem,timeout,na,2067,1924,76,1924,187,120,0,2,0,
no_instance_based_gamma,ANA/ANA128^1.p,TH1,Theorem,timeout,na,2036,267,17,267,11,0,0,2,0,
no_instance_based_gamma,ANA/ANA129^1.p,TH0,Theorem,timeout,na,2062,1966,121,1966,164,7,0,1,0,
no_instance_based_gamma,ANA/ANA130^1.p,TH1,Theorem,timeout,na,2100,1827,67,1827,192,4,0,1,0,
no_instance_based_gamma,ANA/ANA131^1.p,TH1,Theorem,timeout,na,2035,386,20,386,37,0,0,1,0,
no_instance_based_gamma,ANA/ANA132^1.p,TH1,Theorem,timeout,na,2052,500,17,500,41,6,0,1,0,
no_instance_based_gamma,CAT/CAT038^1.p,TH0,Theorem,timeout,na,2060,2665,85,2665,246,22,0,2,0,
no_instance_based_gamma,CAT/CAT038^2.p,TH0,Theorem,timeout,na,2042,2875,167,2875,164,8,0,3,0,
no_instance_based_gamma,CAT/CAT039^1.p,unknown,Theorem,parser_error,na,0,,,,,,,,,cached: Syntax Error: expected ' ' or ']' in !> binder  got [{:colon  ":"  1679}  {:atom  "obj"  1681}  {:rbracket  "]"  1684}  {:colon  ":"  1686}  {:lparen  "("  1688}  {:atom  "mor"  1690}  {:app  "@"  169
no_instance_based_gamma,CAT/CAT040^1.p,unknown,Theorem,parser_error,na,0,,,,,,,,,cached: Syntax Error: expected ' ' or ']' in !> binder  got [{:colon  ":"  1679}  {:atom  "obj"  1681}  {:rbracket  "]"  1684}  {:colon  ":"  1686}  {:lparen  "("  1688}  {:atom  "mor"  1690}  {:app  "@"  169
no_instance_based_gamma,CAT/CAT041^1.p,unknown,Theorem,parser_error,na,0,,,,,,,,,cached: Syntax Error: expected ' ' or ']' in !> binder  got [{:colon  ":"  1679}  {:atom  "obj"  1681}  {:rbracket  "]"  1684}  {:colon  ":"  1686}  {:lparen  "("  1688}  {:atom  "mor"  1690}  {:app  "@"  169
no_instance_based_gamma,CAT/CAT042^1.p,unknown,Theorem,parser_error,na,0,,,,,,,,,cached: Syntax Error: expected ' ' or ']' in !> binder  got [{:colon  ":"  1679}  {:atom  "obj"  1681}  {:rbracket  "]"  1684}  {:colon  ":"  1686}  {:lparen  "("  1688}  {:atom  "mor"  1690}  {:app  "@"  169
no_instance_based_gamma,CAT/CAT043^1.p,unknown,Theorem,parser_error,na,0,,,,,,,,,cached: Syntax Error: expected ' ' or ']' in !> binder  got [{:colon  ":"  1679}  {:atom  "obj"  1681}  {:rbracket  "]"  1684}  {:colon  ":"  1686}  {:lparen  "("  1688}  {:atom  "mor"  1690}  {:app  "@"  169
no_instance_based_gamma,COL/COL125^1.p,TH0,Unknown,timeout,na,2476,0,0,0,1,0,0,0,0,
no_instance_based_gamma,COL/COL126^1.p,TH0,Unknown,timeout,na,2497,0,0,0,1,0,0,0,0,
no_instance_based_gamma,COM/COM024^5.p,TH0,Theorem,timeout,na,2037,1485,48,1485,136,15,0,4,0,
no_instance_based_gamma,COM/COM152^1.p,TH1,Theorem,timeout,na,3181,48,4,48,1,0,0,0,0,
no_instance_based_gamma,COM/COM153^1.p,TH1,Theorem,timeout,na,3049,0,0,0,1,0,0,0,0,
no_instance_based_gamma,COM/COM154^1.p,TH1,Theorem,timeout,na,2349,72,6,72,2,0,0,0,0,
no_instance_based_gamma,COM/COM155^1.p,TH1,Theorem,timeout,na,2857,0,0,0,1,0,0,0,0,
no_instance_based_gamma,COM/COM156^1.p,TH1,Theorem,timeout,na,2916,0,0,0,1,0,0,0,0,
no_instance_based_gamma,COM/COM157^1.p,TH1,Theorem,timeout,na,3128,0,0,0,1,0,0,0,0,
no_instance_based_gamma,COM/COM158^1.p,TH1,Theorem,timeout,na,2282,196,14,196,8,0,0,0,0,
no_instance_based_gamma,COM/COM159^1.p,TH1,Theorem,timeout,na,2965,0,0,0,1,0,0,0,0,
no_instance_based_gamma,COM/COM160^1.p,TH1,Theorem,timeout,na,3034,0,0,0,1,0,0,0,0,
no_instance_based_gamma,COM/COM161^1.p,TH1,Theorem,timeout,na,2778,0,0,0,1,0,0,0,0,
no_instance_based_gamma,COM/COM162^1.p,TH1,Theorem,timeout,na,2334,145,14,145,1,0,0,0,0,
no_instance_based_gamma,COM/COM163^1.p,TH1,Theorem,thm,yes,562,2,0,2,1,1,0,0,0,
no_instance_based_gamma,COM/COM164^1.p,TH1,Theorem,timeout,na,2430,88,8,88,1,0,0,0,0,
no_instance_based_gamma,COM/COM165^1.p,TH1,Theorem,timeout,na,2415,71,6,71,2,0,0,0,0,
no_instance_based_gamma,COM/COM166^1.p,TH1,Theorem,timeout,na,2421,71,6,71,2,0,0,0,0,
no_instance_based_gamma,COM/COM167^1.p,TH1,Theorem,timeout,na,2527,92,6,92,5,0,0,0,0,
no_instance_based_gamma,COM/COM168^1.p,TH1,Theorem,timeout,na,2481,156,13,156,6,0,0,0,0,
no_instance_based_gamma,COM/COM169^1.p,TH1,Theorem,timeout,na,2480,194,10,194,9,0,0,0,0,
no_instance_based_gamma,COM/COM170^1.p,TH1,Theorem,timeout,na,2521,269,19,269,30,0,0,0,0,
no_instance_based_gamma,COM/COM171^1.p,TH1,Theorem,timeout,na,2708,79,7,79,1,0,0,0,0,
no_instance_based_gamma,COM/COM172^1.p,TH1,Theorem,timeout,na,2746,358,27,358,8,0,0,0,0,
no_instance_based_gamma,COM/COM173^1.p,TH1,Theorem,timeout,na,2782,0,0,0,1,0,0,0,0,
no_instance_based_gamma,COM/COM174^1.p,TH1,Theorem,timeout,na,2739,221,19,221,4,0,0,0,0,
no_instance_based_gamma,COM/COM175^1.p,TH1,Theorem,timeout,na,2816,0,0,0,1,0,0,0,0,
no_instance_based_gamma,COM/COM176^1.p,TH1,Theorem,timeout,na,2515,151,9,151,6,0,0,0,0,
no_instance_based_gamma,COM/COM177^1.p,TH1,Theorem,timeout,na,2692,419,31,419,36,0,0,0,0,
no_instance_based_gamma,COM/COM178^1.p,TH1,Theorem,timeout,na,2915,0,0,0,1,0,0,0,0,
no_instance_based_gamma,COM/COM179^1.p,TH1,Theorem,timeout,na,2673,532,39,532,36,0,0,0,0,
no_instance_based_gamma,COM/COM180^1.p,TH1,Theorem,timeout,na,2737,0,0,0,1,0,0,0,0,
no_instance_based_gamma,COM/COM181^1.p,TH1,Theorem,timeout,na,2652,276,20,276,16,0,0,0,0,
no_instance_based_gamma,COM/COM182^1.p,TH1,Theorem,timeout,na,2795,0,0,0,1,0,0,0,0,
no_instance_based_gamma,COM/COM183^1.p,TH1,Theorem,timeout,na,2417,221,17,221,12,0,0,0,0,
no_instance_based_gamma,COM/COM184^1.p,TH1,Theorem,timeout,na,2838,0,0,0,1,0,0,0,0,
no_instance_based_gamma,COM/COM185^1.p,TH1,Theorem,timeout,na,2829,0,0,0,1,0,0,0,0,
no_instance_based_gamma,COM/COM186^1.p,TH1,Theorem,timeout,na,2719,0,0,0,1,0,0,0,0,
no_instance_based_gamma,COM/COM187^1.p,TH1,Theorem,timeout,na,3039,0,0,0,1,0,0,0,0,
no_instance_based_gamma,COM/COM188^1.p,TH1,Theorem,timeout,na,2723,0,0,0,1,0,0,0,0,
no_instance_based_gamma,COM/COM189^1.p,TH1,Theorem,timeout,na,2757,0,0,0,1,0,0,0,0,
no_instance_based_gamma,COM/COM190^1.p,TH1,Theorem,thm,yes,729,1,0,1,1,1,0,0,0,
no_instance_based_gamma,COM/COM191^1.p,TH1,Theorem,timeout,na,2727,0,0,0,1,0,0,0,0,
no_instance_based_gamma,COM/COM192^1.p,TH1,Theorem,timeout,na,2927,0,0,0,1,0,0,0,0,
no_instance_based_gamma,COM/COM193^1.p,TH1,Theorem,timeout,na,2431,110,4,110,10,0,0,0,0,
no_instance_based_gamma,COM/COM194^1.p,TH1,Theorem,timeout,na,2746,0,0,0,1,0,0,0,0,
no_instance_based_gamma,COM/COM195^1.p,TH1,Theorem,thm,yes,1053,16,1,16,1,1,0,0,0,
no_instance_based_gamma,COM/COM196^1.p,TH1,Theorem,timeout,na,2447,130,8,130,8,0,0,0,0,
no_instance_based_gamma,COM/COM197^1.p,TH1,Theorem,timeout,na,2978,49,4,49,1,0,0,0,0,
no_instance_based_gamma,COM/COM198^1.p,TH1,Theorem,timeout,na,3062,7,0,7,1,0,0,0,0,
no_instance_based_gamma,COM/COM199^1.p,TH1,Theorem,timeout,na,3129,15,1,15,1,0,0,0,0,
no_instance_based_gamma,COM/COM200^1.p,TH1,Theorem,timeout,na,2508,1054,32,1054,127,0,0,0,0,
no_instance_based_gamma,COM/COM201^1.p,TH1,Theorem,timeout,na,2397,96,9,96,1,0,0,0,0,
no_instance_based_gamma,COM/COM202^1.p,TH1,Theorem,timeout,na,2828,93,9,93,1,0,0,0,0,
no_instance_based_gamma,COM/COM203^1.p,TH1,Theorem,timeout,na,2838,129,9,129,16,0,0,0,0,
no_instance_based_gamma,COM/COM204^1.p,TH1,Theorem,timeout,na,2923,0,0,0,1,0,0,0,0,
no_instance_based_gamma,COM/COM205^1.p,TH1,Theorem,timeout,na,2756,43,2,43,16,0,0,0,0,
no_instance_based_gamma,COM/COM206^1.p,TH1,Theorem,timeout,na,2924,44,4,44,1,0,0,0,0,
no_instance_based_gamma,COM/COM207^1.p,TH1,Theorem,timeout,na,2888,44,4,44,1,0,0,0,0,
no_instance_based_gamma,COM/COM208^1.p,TH1,Theorem,timeout,na,2912,59,5,59,1,0,0,0,0,
no_instance_based_gamma,COM/COM209^1.p,TH1,Theorem,timeout,na,2925,37,3,37,1,0,0,0,0,
no_instance_based_gamma,COM/COM210^1.p,TH1,Theorem,timeout,na,2672,77,7,77,1,0,0,0,0,
no_instance_based_gamma,COM/COM211^1.p,TH1,Theorem,timeout,na,2852,44,4,44,1,0,0,0,0,
no_instance_based_gamma,CSR/CSR119^1.p,TH0,Theorem,timeout,na,2280,7491,134,7458,246,508,0,0,0,
no_instance_based_gamma,CSR/CSR119^2.p,TH0,Theorem,timeout,na,2129,668,45,668,32,4,0,0,0,
no_instance_based_gamma,CSR/CSR119^3.p,TH0,Theorem,timeout,na,5405,255,25,255,1,0,0,0,0,
no_instance_based_gamma,CSR/CSR120^1.p,TH0,Theorem,prover_error,na,2139,,,,,,,,,{{%RuntimeError{message: "ShotTx.Proof.interior_event/2: unhandled trace entry {201703239  {:instantiate  #Stream<[enum: [533309474  533309506]  funs: [#Function<49.48511117/1 in Stream.map/2>  #Function<49.48511117/1 in Stream.map/2>]]>  2}  []}"}  [{ShotTx.Proof  :interior_event  2  [file: ~c"lib/shot_tx/proof.ex"  line: 474  error_info: %{module: Exception}]}  {Enum  :"-reduce/3-lists^foldl/2-0-"  3  [file: ~c"lib/enum.ex"  line: 2622]}  {ShotTx.Proof  :linearize  2  [file: ~c"lib/shot_tx/proof.ex"  line: 367]}  {Enum  :"-map/2-fun-0-"  3  [file: ~c"lib/enum.ex"  line: 1733]}  {:maps  :fold_1  4  [file: ~c"maps.erl"  line: 894]}  {Enum  :map  2  [file: ~c"lib/enum.ex"  line: 2634]}  {ShotTx.Proof  :from_refutation  4  [file: ~c"lib/shot_tx/proof.ex"  line: 117]}  {ShotTx.Prover.Manager  :finish_with_timeout  1  [file: ~c"lib/shot_tx/prover/manager.ex"  line: 221]}]}  {GenServer  :call  [{:via  Registry  {ShotTx.Prover.ProcessRegistry  {"#Reference<0.2103208836.499908609.34877>"  :manager}}}  :start_proof  :infinity]}}
no_instance_based_gamma,CSR/CSR120^2.p,TH0,Theorem,timeout,na,2114,584,44,584,24,2,0,0,0,
no_instance_based_gamma,CSR/CSR120^3.p,TH0,Theorem,timeout,na,5399,253,25,253,1,0,0,0,0,
no_instance_based_gamma,CSR/CSR121^1.p,TH0,Theorem,timeout,na,2243,6194,6,6155,176,838,0,0,0,
no_instance_based_gamma,CSR/CSR121^2.p,TH0,Theorem,timeout,na,2125,588,38,588,24,8,0,0,0,
no_instance_based_gamma,CSR/CSR122^1.p,TH0,Theorem,timeout,na,2087,328,0,253,2,81,0,0,0,
no_instance_based_gamma,CSR/CSR122^2.p,TH0,Theorem,timeout,na,2085,305,24,305,6,2,0,0,0,
no_instance_based_gamma,CSR/CSR123^1.p,TH0,Theorem,timeout,na,2008,248,10,240,9,18,0,1,0,
no_instance_based_gamma,CSR/CSR123^2.p,TH0,Theorem,timeout,na,2090,324,29,324,4,0,0,0,0,
no_instance_based_gamma,CSR/CSR124^1.p,TH0,Theorem,prover_error,na,33,,,,,,,,,ShotTx.Proof.interior_event/2: unhandled trace entry {205004422  {:instantiate  #Stream<[enum: [204995558  204995590]  funs: [#Function<49.48511117/1 in Stream.map/2>  #Function<49.48511117/1 in Stream.map/2>]]>  2}  []}
no_instance_based_gamma,CSR/CSR124^2.p,TH0,Theorem,timeout,na,2088,441,33,436,6,11,0,0,0,
no_instance_based_gamma,CSR/CSR125^1.p,TH0,Theorem,thm,yes,29,53,0,52,4,8,0,1,1,
no_instance_based_gamma,CSR/CSR125^2.p,TH0,Theorem,timeout,na,2182,616,42,616,39,4,0,0,0,
no_instance_based_gamma,CSR/CSR126^1.p,TH0,Theorem,timeout,na,2322,7559,13,7466,150,947,0,0,0,
no_instance_based_gamma,CSR/CSR126^2.p,TH0,Theorem,timeout,na,2192,1573,91,1556,76,65,0,0,0,
no_instance_based_gamma,CSR/CSR127^1.p,TH0,Theorem,timeout,na,2283,5839,8,5650,119,940,0,0,0,
no_instance_based_gamma,CSR/CSR127^2.p,TH0,Theorem,timeout,na,2193,980,51,980,52,27,0,0,0,
no_instance_based_gamma,CSR/CSR128^1.p,TH0,Theorem,timeout,na,2326,8919,74,8816,173,983,0,0,0,
no_instance_based_gamma,CSR/CSR128^2.p,TH0,Theorem,timeout,na,2233,1368,77,1368,72,40,0,0,0,
no_instance_based_gamma,CSR/CSR129^1.p,TH0,Theorem,timeout,na,2118,3161,6,3059,433,0,0,0,0,
no_instance_based_gamma,CSR/CSR129^2.p,TH0,Theorem,timeout,na,2358,4120,4,4120,441,16,0,0,0,
no_instance_based_gamma,CSR/CSR130^1.p,TH0,Theorem,timeout,na,2114,3348,3,3348,499,0,0,0,0,
no_instance_based_gamma,CSR/CSR130^2.p,TH0,Theorem,timeout,na,2150,3075,4,3075,425,20,0,0,0,
no_instance_based_gamma,CSR/CSR131^1.p,TH0,Theorem,timeout,na,2196,6773,0,6773,509,0,0,0,0,
no_instance_based_gamma,CSR/CSR131^2.p,TH0,Theorem,timeout,na,2248,5830,4,5830,252,390,0,0,0,
no_instance_based_gamma,CSR/CSR132^1.p,TH0,Theorem,timeout,na,2126,3997,3,3997,493,0,0,0,0,
no_instance_based_gamma,CSR/CSR132^2.p,TH0,Theorem,timeout,na,2189,1893,71,1893,125,76,0,0,0,
no_instance_based_gamma,CSR/CSR133^1.p,TH0,Theorem,timeout,na,2213,6333,0,6333,500,0,0,0,0,
no_instance_based_gamma,CSR/CSR133^2.p,TH0,Theorem,timeout,na,2258,5674,4,5674,509,418,0,0,0,
no_instance_based_gamma,CSR/CSR134^1.p,TH0,Theorem,timeout,na,2256,8848,0,8848,499,0,0,0,0,
no_instance_based_gamma,CSR/CSR134^2.p,TH0,Theorem,timeout,na,2240,5518,4,5518,507,356,0,0,0,
no_instance_based_gamma,CSR/CSR135^1.p,TH0,Theorem,thm,yes,28,13,0,13,2,0,0,1,1,
no_instance_based_gamma,CSR/CSR135^2.p,TH0,Theorem,thm,yes,32,13,0,13,2,0,0,1,1,
no_instance_based_gamma,CSR/CSR136^1.p,TH0,Theorem,timeout,na,2006,23,0,23,3,0,0,1,0,
no_instance_based_gamma,CSR/CSR136^2.p,TH0,Theorem,thm,yes,1140,23,0,23,3,0,0,2,1,
no_instance_based_gamma,CSR/CSR137^1.p,TH0,Theorem,timeout,na,2058,893,33,893,83,26,0,1,0,
no_instance_based_gamma,CSR/CSR137^2.p,TH0,Theorem,timeout,na,2070,765,28,765,106,12,0,1,0,
no_instance_based_gamma,CSR/CSR138^1.p,TH0,Theorem,timeout,na,2083,843,31,843,156,15,0,1,0,
no_instance_based_gamma,CSR/CSR138^2.p,TH0,Theorem,timeout,na,2138,381,30,381,16,0,0,0,0,
no_instance_based_gamma,CSR/CSR139^1.p,TH0,Theorem,timeout,na,2210,1481,48,1481,485,16,0,1,0,
no_instance_based_gamma,CSR/CSR139^2.p,TH0,Theorem,timeout,na,2121,1306,42,1306,309,10,0,1,0,
no_instance_based_gamma,CSR/CSR140^1.p,TH0,Theorem,thm,yes,43,18,1,18,2,0,0,1,1,
no_instance_based_gamma,CSR/CSR140^2.p,TH0,Theorem,timeout,na,2094,737,27,737,126,10,0,1,0,
no_instance_based_gamma,CSR/CSR141^1.p,TH0,Theorem,timeout,na,2191,2342,0,2113,95,460,0,0,0,
no_instance_based_gamma,CSR/CSR141^2.p,TH0,Theorem,timeout,na,2221,1756,61,1754,232,29,0,0,0,
no_instance_based_gamma,CSR/CSR141^3.p,TH0,CounterSatisfiable,unk,na,544,159,0,139,3,38,0,0,0,
no_instance_based_gamma,CSR/CSR142^1.p,TH0,Theorem,timeout,na,2023,341,18,341,31,2,0,2,0,
no_instance_based_gamma,CSR/CSR142^2.p,TH0,Theorem,timeout,na,2172,475,28,475,37,0,0,0,0,
no_instance_based_gamma,CSR/CSR142^3.p,TH0,CounterSatisfiable,timeout,na,2004,1415,186,1415,1,0,0,0,0,
no_instance_based_gamma,CSR/CSR143^1.p,TH0,Theorem,timeout,na,2024,647,40,643,36,9,0,1,0,
no_instance_based_gamma,CSR/CSR143^2.p,TH0,Theorem,timeout,na,2151,558,49,558,4,2,0,0,0,
no_instance_based_gamma,CSR/CSR143^3.p,TH0,CounterSatisfiable,timeout,na,2195,9494,266,9490,255,470,0,0,0,
no_instance_based_gamma,CSR/CSR144^1.p,TH0,Theorem,timeout,na,2023,614,19,614,83,4,0,0,0,
no_instance_based_gamma,CSR/CSR144^2.p,TH0,Theorem,timeout,na,2168,378,36,378,2,0,0,0,0,
no_instance_based_gamma,CSR/CSR144^3.p,TH0,CounterSatisfiable,timeout,na,2147,6661,74,6661,308,618,0,0,0,
no_instance_based_gamma,CSR/CSR145^1.p,TH0,Theorem,timeout,na,2026,456,21,456,48,4,0,2,0,
no_instance_based_gamma,CSR/CSR145^2.p,TH0,Theorem,timeout,na,2164,380,38,380,1,0,0,0,0,
no_instance_based_gamma,CSR/CSR145^3.p,TH0,CounterSatisfiable,timeout,na,2065,1889,44,1889,422,14,0,4,0,
no_instance_based_gamma,CSR/CSR146^1.p,TH0,Theorem,timeout,na,2023,628,32,624,49,11,0,1,0,
no_instance_based_gamma,CSR/CSR146^2.p,TH0,Theorem,timeout,na,2171,283,28,283,1,0,0,0,0,
no_instance_based_gamma,CSR/CSR146^3.p,TH0,Theorem,timeout,na,2025,561,27,557,42,15,0,1,0,
no_instance_based_gamma,CSR/CSR148^1.p,TH0,Theorem,timeout,na,2354,8429,82,8386,81,1058,0,0,0,
no_instance_based_gamma,CSR/CSR148^2.p,TH0,Theorem,timeout,na,2147,590,42,582,24,9,0,0,0,
no_instance_based_gamma,CSR/CSR148^3.p,TH0,ContradictoryAxioms,timeout,na,5372,255,25,255,1,0,0,0,0,
no_instance_based_gamma,CSR/CSR149^1.p,TH0,Theorem,timeout,na,2145,3001,30,2615,189,619,0,0,0,
no_instance_based_gamma,CSR/CSR149^2.p,TH0,Theorem,timeout,na,2127,566,42,558,21,12,0,0,0,
no_instance_based_gamma,CSR/CSR149^3.p,TH0,ContradictoryAxioms,timeout,na,5396,254,25,254,1,0,0,0,0,
no_instance_based_gamma,CSR/CSR150^1.p,TH0,Theorem,timeout,na,2086,3319,85,3319,218,20,0,0,0,
no_instance_based_gamma,CSR/CSR150^2.p,TH0,Theorem,timeout,na,2162,468,32,468,24,0,0,0,0,
no_instance_based_gamma,CSR/CSR150^3.p,TH0,Theorem,timeout,na,5437,247,24,247,1,0,0,0,0,
no_instance_based_gamma,CSR/CSR151^1.p,TH0,Theorem,unk,na,94,127,0,114,6,27,0,0,0,
no_instance_based_gamma,CSR/CSR151^2.p,TH0,Theorem,thm,yes,1146,406,33,402,5,9,0,1,1,
no_instance_based_gamma,CSR/CSR151^3.p,TH0,Theorem,timeout,na,5405,253,25,253,1,0,0,0,0,
no_instance_based_gamma,CSR/CSR152^1.p,TH0,Theorem,unk,na,38,77,0,67,5,15,0,0,0,
no_instance_based_gamma,CSR/CSR152^2.p,TH0,Theorem,timeout,na,2266,1916,44,1844,339,145,0,0,0,
no_instance_based_gamma,CSR/CSR152^3.p,TH0,ContradictoryAxioms,timeout,na,5336,255,25,255,1,0,0,0,0,
no_instance_based_gamma,CSR/CSR153^1.p,TH0,Theorem,timeout,na,2184,4499,45,4499,688,143,0,2,0,
no_instance_based_gamma,CSR/CSR153^2.p,TH0,Theorem,timeout,na,2088,515,34,515,21,0,0,1,0,
no_instance_based_gamma,CSR/CSR153^3.p,TH0,ContradictoryAxioms,timeout,na,5402,246,24,246,1,0,0,0,0,
no_instance_based_gamma,DAT/DAT002^1.p,TH0,Theorem,timeout,na,2260,3850,19,3850,261,18,0,0,0,
no_instance_based_gamma,DAT/DAT056^1.p,TH0,Theorem,timeout,na,2058,1760,44,1760,183,56,0,1,0,
no_instance_based_gamma,DAT/DAT056^2.p,TH0,Theorem,timeout,na,2061,2356,69,2356,335,0,0,4,0,
no_instance_based_gamma,DAT/DAT113^1.p,TH1,Theorem,timeout,na,2448,139,12,139,2,0,0,0,0,
no_instance_based_gamma,DAT/DAT114^1.p,TH1,Theorem,timeout,na,2684,513,45,513,8,0,0,0,0,
no_instance_based_gamma,DAT/DAT115^1.p,TH1,Theorem,timeout,na,2804,682,56,682,16,0,0,0,0,
no_instance_based_gamma,DAT/DAT117^1.p,TH1,Theorem,timeout,na,2704,738,64,738,16,0,0,0,0,
no_instance_based_gamma,DAT/DAT118^1.p,TH1,Theorem,timeout,na,2839,774,58,774,37,0,0,0,0,
no_instance_based_gamma,DAT/DAT119^1.p,TH1,Theorem,timeout,na,2404,0,0,0,1,0,0,0,0,
no_instance_based_gamma,DAT/DAT120^1.p,TH1,Theorem,timeout,na,2569,0,0,0,1,0,0,0,0,
no_instance_based_gamma,DAT/DAT121^1.p,TH1,Theorem,timeout,na,2371,1038,79,1038,27,10,0,0,0,
no_instance_based_gamma,DAT/DAT122^1.p,TH1,Theorem,timeout,na,2764,0,0,0,1,0,0,0,0,
no_instance_based_gamma,DAT/DAT123^1.p,TH1,Theorem,timeout,na,2726,1705,17,1705,311,0,0,0,0,
no_instance_based_gamma,DAT/DAT124^1.p,TH1,Theorem,timeout,na,2629,1339,64,1339,127,0,0,0,0,
no_instance_based_gamma,DAT/DAT125^1.p,TH1,Theorem,timeout,na,2841,106,9,106,2,0,0,0,0,
no_instance_based_gamma,DAT/DAT126^1.p,TH1,Theorem,timeout,na,2506,0,0,0,1,0,0,0,0,
no_instance_based_gamma,DAT/DAT127^1.p,TH1,Theorem,timeout,na,2517,586,21,586,54,0,0,1,0,
no_instance_based_gamma,DAT/DAT128^1.p,TH1,Theorem,timeout,na,2556,850,50,850,48,0,0,0,0,
no_instance_based_gamma,DAT/DAT129^1.p,TH1,Theorem,timeout,na,2519,3460,176,3460,234,182,0,1,0,
no_instance_based_gamma,DAT/DAT130^1.p,TH1,Theorem,timeout,na,2685,0,0,0,1,0,0,0,0,
no_instance_based_gamma,DAT/DAT131^1.p,TH1,Theorem,timeout,na,2819,0,0,0,1,0,0,0,0,
no_instance_based_gamma,DAT/DAT132^1.p,TH1,Theorem,timeout,na,2726,0,0,0,1,0,0,0,0,
no_instance_based_gamma,DAT/DAT133^1.p,TH1,Theorem,timeout,na,2483,147,11,147,6,0,0,0,0,
no_instance_based_gamma,DAT/DAT134^1.p,TH1,Theorem,timeout,na,2865,0,0,0,1,0,0,0,0,
no_instance_based_gamma,DAT/DAT135^1.p,TH1,Theorem,timeout,na,2491,512,38,512,41,0,0,0,0,
no_instance_based_gamma,DAT/DAT136^1.p,TH1,Theorem,timeout,na,2395,990,67,990,44,2,0,0,0,
no_instance_based_gamma,DAT/DAT137^1.p,TH1,Theorem,timeout,na,2469,726,41,726,40,0,0,0,0,
no_instance_based_gamma,DAT/DAT138^1.p,TH1,Theorem,timeout,na,2764,0,0,0,1,0,0,0,0,
no_instance_based_gamma,DAT/DAT139^1.p,TH1,Theorem,timeout,na,2016,1257,121,1257,32,0,0,0,0,
no_instance_based_gamma,DAT/DAT140^1.p,TH1,Theorem,timeout,na,2543,775,57,775,26,0,0,0,0,
no_instance_based_gamma,DAT/DAT141^1.p,TH1,Theorem,timeout,na,2982,0,0,0,1,0,0,0,0,
no_instance_based_gamma,DAT/DAT142^1.p,TH1,Theorem,timeout,na,2380,189,15,189,5,0,0,0,0,
no_instance_based_gamma,DAT/DAT143^1.p,TH1,Theorem,timeout,na,2019,1253,123,1253,32,0,0,0,0,
no_instance_based_gamma,DAT/DAT144^1.p,TH1,Theorem,timeout,na,2441,18,1,18,1,0,0,0,0,
no_instance_based_gamma,DAT/DAT145^1.p,TH1,Theorem,timeout,na,3181,0,0,0,1,0,0,0,0,
no_instance_based_gamma,DAT/DAT146^1.p,TH1,Theorem,timeout,na,2923,0,0,0,1,0,0,0,0,
no_instance_based_gamma,DAT/DAT147^1.p,TH1,Theorem,timeout,na,2589,253,18,253,10,0,0,0,0,
no_instance_based_gamma,DAT/DAT148^1.p,TH1,Theorem,timeout,na,3361,0,0,0,1,0,0,0,0,
no_instance_based_gamma,DAT/DAT149^1.p,TH1,Theorem,timeout,na,2664,0,0,0,1,0,0,0,0,
no_instance_based_gamma,DAT/DAT150^1.p,TH1,Theorem,timeout,na,2580,109,10,109,1,0,0,0,0,
no_instance_based_gamma,DAT/DAT151^1.p,TH1,Theorem,timeout,na,2401,186,16,186,4,0,0,0,0,
no_instance_based_gamma,DAT/DAT152^1.p,TH1,Theorem,timeout,na,2504,749,61,749,23,6,0,0,0,
no_instance_based_gamma,DAT/DAT153^1.p,TH1,Theorem,timeout,na,2400,375,18,375,20,4,0,0,0,
no_instance_based_gamma,DAT/DAT154^1.p,TH1,Theorem,timeout,na,2864,0,0,0,1,0,0,0,0,
no_instance_based_gamma,DAT/DAT155^1.p,TH1,Theorem,timeout,na,3146,0,0,0,1,0,0,0,0,
no_instance_based_gamma,DAT/DAT156^1.p,TH1,Theorem,timeout,na,3076,0,0,0,1,0,0,0,0,
no_instance_based_gamma,DAT/DAT157^1.p,TH1,Theorem,timeout,na,2483,528,44,528,26,0,0,0,0,
no_instance_based_gamma,DAT/DAT158^1.p,TH1,Theorem,timeout,na,2626,793,62,793,28,0,0,0,0,
no_instance_based_gamma,DAT/DAT159^1.p,TH1,Theorem,thm,yes,584,112,6,112,7,6,0,1,1,
no_instance_based_gamma,DAT/DAT160^1.p,TH1,Theorem,timeout,na,2338,289,17,289,12,11,0,8,0,
no_instance_based_gamma,DAT/DAT161^1.p,TH1,Theorem,timeout,na,2724,2452,26,2452,379,7,0,9,0,
no_instance_based_gamma,DAT/DAT162^1.p,TH1,Theorem,timeout,na,2429,801,61,801,36,2,0,1,0,
no_instance_based_gamma,DAT/DAT163^1.p,TH1,Theorem,timeout,na,2507,589,31,589,33,8,0,0,0,
no_instance_based_gamma,DAT/DAT164^1.p,TH1,Theorem,timeout,na,2607,523,39,523,20,0,0,0,0,
no_instance_based_gamma,DAT/DAT165^1.p,TH1,Theorem,timeout,na,2430,129,12,129,2,0,0,0,0,
no_instance_based_gamma,DAT/DAT166^1.p,TH1,Theorem,timeout,na,2619,556,48,556,16,4,0,0,0,
no_instance_based_gamma,DAT/DAT167^1.p,TH1,Theorem,timeout,na,2507,70,5,70,4,0,0,0,0,
no_instance_based_gamma,DAT/DAT168^1.p,TH1,Theorem,timeout,na,2592,537,39,537,12,10,0,0,0,
no_instance_based_gamma,DAT/DAT169^1.p,TH1,Theorem,timeout,na,2553,440,35,440,8,4,0,0,0,
no_instance_based_gamma,DAT/DAT170^1.p,TH1,Theorem,timeout,na,2477,439,39,439,8,2,0,1,0,
no_instance_based_gamma,DAT/DAT171^1.p,TH1,Theorem,timeout,na,2548,383,27,383,13,2,0,0,0,
no_instance_based_gamma,DAT/DAT172^1.p,TH1,Theorem,timeout,na,2459,421,29,421,8,10,0,10,0,
no_instance_based_gamma,DAT/DAT173^1.p,TH1,Theorem,timeout,na,2703,380,35,380,4,0,0,0,0,
no_instance_based_gamma,DAT/DAT174^1.p,TH1,Theorem,timeout,na,2464,104,3,104,8,0,0,0,0,
no_instance_based_gamma,DAT/DAT175^1.p,TH1,Theorem,timeout,na,2962,11,1,11,1,0,0,0,0,
no_instance_based_gamma,DAT/DAT176^1.p,TH1,Theorem,timeout,na,2513,293,20,293,16,0,0,0,0,
no_instance_based_gamma,DAT/DAT177^1.p,TH1,Theorem,timeout,na,2585,249,23,249,4,0,0,0,0,
no_instance_based_gamma,DAT/DAT178^1.p,TH1,Theorem,timeout,na,2705,468,20,468,32,0,0,0,0,
no_instance_based_gamma,DAT/DAT179^1.p,TH1,Theorem,timeout,na,2429,643,49,643,20,0,0,0,0,
no_instance_based_gamma,DAT/DAT180^1.p,TH1,Theorem,timeout,na,2523,1174,93,1174,32,0,0,0,0,
no_instance_based_gamma,DAT/DAT181^1.p,TH1,Theorem,timeout,na,2679,500,40,500,11,0,0,0,0,
no_instance_based_gamma,DAT/DAT182^1.p,TH1,Theorem,timeout,na,2759,1007,49,1007,102,0,0,0,0,
no_instance_based_gamma,DAT/DAT183^1.p,TH1,Theorem,timeout,na,2725,1309,83,1309,64,0,0,0,0,
no_instance_based_gamma,DAT/DAT184^1.p,TH1,Theorem,timeout,na,2667,1357,123,1357,32,0,0,0,0,
no_instance_based_gamma,DAT/DAT185^1.p,TH1,Theorem,timeout,na,2669,1068,95,1068,24,0,0,0,0,
no_instance_based_gamma,DAT/DAT186^1.p,TH1,Theorem,timeout,na,2798,0,0,0,1,0,0,0,0,
no_instance_based_gamma,DAT/DAT187^1.p,TH1,Theorem,timeout,na,2789,0,0,0,1,0,0,0,0,
no_instance_based_gamma,DAT/DAT188^1.p,TH1,Theorem,timeout,na,2781,0,0,0,1,0,0,0,0,
no_instance_based_gamma,DAT/DAT189^1.p,TH1,Theorem,timeout,na,2749,0,0,0,1,0,0,0,0,
no_instance_based_gamma,DAT/DAT190^1.p,TH1,Theorem,timeout,na,2920,0,0,0,1,0,0,0,0,
no_instance_based_gamma,DAT/DAT191^1.p,TH1,Theorem,timeout,na,2618,717,62,717,8,0,0,0,0,
no_instance_based_gamma,DAT/DAT192^1.p,TH1,Theorem,timeout,na,2639,699,61,699,8,0,0,0,0,
no_instance_based_gamma,DAT/DAT193^1.p,TH1,Theorem,timeout,na,2732,0,0,0,1,0,0,0,0,
no_instance_based_gamma,DAT/DAT194^1.p,TH1,Theorem,timeout,na,2674,1055,92,1055,32,0,0,0,0,
no_instance_based_gamma,DAT/DAT195^1.p,TH1,Theorem,timeout,na,2602,703,54,703,16,0,0,0,0,
no_instance_based_gamma,DAT/DAT196^1.p,TH1,Theorem,timeout,na,2670,569,41,569,16,0,0,0,0,
no_instance_based_gamma,DAT/DAT197^1.p,TH1,Theorem,timeout,na,3079,72,7,72,1,0,0,0,0,
no_instance_based_gamma,DAT/DAT198^1.p,TH1,Theorem,timeout,na,3396,0,0,0,1,0,0,0,0,
no_instance_based_gamma,DAT/DAT199^1.p,TH1,Theorem,timeout,na,2691,144,13,144,3,0,0,0,0,
no_instance_based_gamma,DAT/DAT200^1.p,TH1,Theorem,timeout,na,2774,167,15,167,2,0,0,0,0,
no_instance_based_gamma,DAT/DAT201^1.p,TH1,Theorem,timeout,na,2541,300,24,300,35,0,0,1,0,
no_instance_based_gamma,DAT/DAT202^1.p,TH1,Theorem,timeout,na,2858,339,31,339,4,0,0,0,0,
no_instance_based_gamma,DAT/DAT203^1.p,TH1,Theorem,timeout,na,2695,392,22,392,24,0,0,0,0,
no_instance_based_gamma,DAT/DAT204^1.p,TH1,Theorem,timeout,na,2770,175,16,175,2,0,0,0,0,
no_instance_based_gamma,DAT/DAT205^1.p,TH1,Theorem,timeout,na,2806,259,23,259,4,0,0,0,0,
no_instance_based_gamma,DAT/DAT206^1.p,TH1,Theorem,timeout,na,2630,318,23,318,9,0,0,1,0,
no_instance_based_gamma,DAT/DAT207^1.p,TH1,Theorem,timeout,na,2988,0,0,0,1,0,0,0,0,
no_instance_based_gamma,DAT/DAT208^1.p,TH1,Theorem,timeout,na,2550,713,47,713,42,0,0,1,0,
no_instance_based_gamma,DAT/DAT209^1.p,TH1,Theorem,timeout,na,2351,629,45,629,22,0,0,1,0,
no_instance_based_gamma,DAT/DAT210^1.p,TH1,Theorem,timeout,na,2730,202,18,202,4,0,0,0,0,
no_instance_based_gamma,DAT/DAT211^1.p,TH1,Theorem,timeout,na,2381,168,16,168,3,1,0,0,0,
no_instance_based_gamma,DAT/DAT212^1.p,TH1,Theorem,timeout,na,2719,491,42,491,7,0,0,1,0,
no_instance_based_gamma,DAT/DAT213^1.p,TH1,Theorem,timeout,na,2756,601,52,601,13,0,0,1,0,
no_instance_based_gamma,DAT/DAT214^1.p,TH1,Theorem,timeout,na,2585,650,21,650,68,21,0,0,0,
no_instance_based_gamma,DAT/DAT215^1.p,TH1,Theorem,timeout,na,3116,111,11,111,1,0,0,0,0,
no_instance_based_gamma,DAT/DAT216^1.p,TH1,ContradictoryAxioms,timeout,na,2489,1690,75,1690,178,16,0,2,0,
no_instance_based_gamma,DAT/DAT217^1.p,TH1,Theorem,timeout,na,2462,1019,76,1019,59,5,0,5,0,
no_instance_based_gamma,DAT/DAT218^1.p,TH1,Theorem,timeout,na,2332,749,59,749,15,13,0,2,0,
no_instance_based_gamma,DAT/DAT219^1.p,TH1,Theorem,timeout,na,2875,23,2,23,1,0,0,0,0,
no_instance_based_gamma,DAT/DAT220^1.p,TH1,Theorem,timeout,na,3306,0,0,0,1,0,0,0,0,
no_instance_based_gamma,DAT/DAT221^1.p,TH1,Theorem,timeout,na,3659,0,0,0,1,0,0,0,0,
no_instance_based_gamma,DAT/DAT222^1.p,TH1,Theorem,timeout,na,3077,0,0,0,1,0,0,0,0,
no_instance_based_gamma,DAT/DAT223^1.p,TH1,Theorem,timeout,na,3893,0,0,0,1,0,0,0,0,
no_instance_based_gamma,DAT/DAT224^1.p,TH1,Theorem,timeout,na,3140,0,0,0,1,0,0,0,0,
no_instance_based_gamma,DAT/DAT225^1.p,TH1,Theorem,timeout,na,2851,34,3,34,1,0,0,0,0,
no_instance_based_gamma,DAT/DAT226^1.p,TH1,Theorem,timeout,na,2497,55,5,55,1,0,0,0,0,
no_instance_based_gamma,DAT/DAT227^1.p,TH1,Theorem,timeout,na,3362,0,0,0,1,0,0,0,0,
no_instance_based_gamma,DAT/DAT228^1.p,TH1,Theorem,timeout,na,2536,42,4,42,1,0,0,0,0,
no_instance_based_gamma,DAT/DAT229^1.p,TH1,Theorem,timeout,na,2962,82,8,82,1,0,0,0,0,
no_instance_based_gamma,DAT/DAT230^1.p,TH1,Theorem,timeout,na,2926,0,0,0,1,0,0,0,0,
no_instance_based_gamma,DAT/DAT231^1.p,TH1,Theorem,timeout,na,2708,293,28,293,2,0,0,1,0,
no_instance_based_gamma,DAT/DAT232^1.p,TH1,Theorem,timeout,na,3051,0,0,0,1,0,0,0,0,
no_instance_based_gamma,DAT/DAT233^1.p,TH1,Theorem,timeout,na,3782,94,9,94,1,0,0,0,0,
no_instance_based_gamma,DAT/DAT234^1.p,TH1,Theorem,timeout,na,4189,0,0,0,1,0,0,0,0,
no_instance_based_gamma,DAT/DAT235^1.p,TH1,Theorem,timeout,na,4090,0,0,0,1,0,0,0,0,
no_instance_based_gamma,DAT/DAT236^1.p,TH1,Theorem,timeout,na,4311,90,8,90,2,0,0,0,0,
no_instance_based_gamma,DAT/DAT237^1.p,TH1,Theorem,timeout,na,4392,0,0,0,1,0,0,0,0,
no_instance_based_gamma,DAT/DAT238^1.p,TH1,Theorem,timeout,na,2454,1291,48,1291,120,23,0,0,0,
no_instance_based_gamma,DAT/DAT239^1.p,TH1,Theorem,timeout,na,2495,3033,181,3033,189,45,0,1,0,
no_instance_based_gamma,DAT/DAT240^1.p,TH1,Theorem,timeout,na,2786,108,10,108,1,0,0,0,0,
no_instance_based_gamma,DAT/DAT241^1.p,TH1,Theorem,timeout,na,3941,33,3,33,1,0,0,0,0,
no_instance_based_gamma,DAT/DAT242^1.p,TH1,Theorem,timeout,na,4535,143,14,143,1,0,0,0,0,
no_instance_based_gamma,DAT/DAT243^1.p,TH1,Theorem,timeout,na,4646,0,0,0,1,0,0,0,0,
no_instance_based_gamma,DAT/DAT244^1.p,TH1,Theorem,timeout,na,2648,86,8,86,2,0,0,0,0,
no_instance_based_gamma,DAT/DAT245^1.p,TH1,Theorem,timeout,na,2542,99,9,99,3,0,0,0,0,
no_instance_based_gamma,DAT/DAT246^1.p,TH1,Theorem,timeout,na,2659,1322,57,1322,168,4,0,0,0,
no_instance_based_gamma,DAT/DAT247^1.p,TH1,Theorem,timeout,na,2663,77,7,77,1,0,0,0,0,
no_instance_based_gamma,DAT/DAT248^1.p,TH1,Theorem,timeout,na,2513,136,12,136,3,1,0,4,0,
no_instance_based_gamma,DAT/DAT249^1.p,TH1,Theorem,timeout,na,2903,0,0,0,1,0,0,0,0,
no_instance_based_gamma,DAT/DAT250^1.p,TH1,Theorem,timeout,na,2744,187,17,187,4,0,0,0,0,
no_instance_based_gamma,DAT/DAT251^1.p,TH1,Theorem,timeout,na,2979,0,0,0,1,0,0,0,0,
no_instance_based_gamma,DAT/DAT252^1.p,TH1,Theorem,timeout,na,2760,275,20,275,8,0,0,0,0,
no_instance_based_gamma,DAT/DAT253^1.p,TH1,Theorem,timeout,na,2364,507,42,507,14,0,0,1,0,
no_instance_based_gamma,DAT/DAT254^1.p,TH1,Theorem,timeout,na,3715,46,4,46,1,0,0,0,0,
no_instance_based_gamma,DAT/DAT255^1.p,TH1,Theorem,timeout,na,3096,52,5,52,1,0,0,0,0,
no_instance_based_gamma,DAT/DAT256^1.p,TH1,Theorem,timeout,na,3607,0,0,0,1,0,0,0,0,
no_instance_based_gamma,DAT/DAT257^1.p,TH1,Theorem,timeout,na,3462,4,0,4,1,0,0,0,0,
no_instance_based_gamma,DAT/DAT258^1.p,TH1,Theorem,timeout,na,3159,58,5,58,1,0,0,0,0,
no_instance_based_gamma,DAT/DAT259^1.p,TH1,Theorem,timeout,na,2035,874,24,874,98,14,0,2,0,
no_instance_based_gamma,DAT/DAT260^1.p,TH1,Theorem,timeout,na,2031,1024,52,1024,69,8,0,4,0,
no_instance_based_gamma,DAT/DAT261^1.p,TH1,Theorem,timeout,na,2027,1034,48,1034,73,8,0,5,0,
no_instance_based_gamma,DAT/DAT262^1.p,TH1,Theorem,timeout,na,2042,1019,33,1019,109,13,0,1,0,
no_instance_based_gamma,DAT/DAT263^1.p,TH1,Theorem,timeout,na,2039,1006,34,1006,100,4,0,5,0,
no_instance_based_gamma,DAT/DAT264^1.p,TH1,Theorem,timeout,na,2044,915,40,907,68,25,0,0,0,
no_instance_based_gamma,DAT/DAT265^1.p,TH1,Theorem,timeout,na,2034,970,46,968,68,7,0,4,0,
no_instance_based_gamma,DAT/DAT266^1.p,TH1,Theorem,timeout,na,2037,1407,56,1407,112,6,0,4,0,
no_instance_based_gamma,DAT/DAT267^1.p,TH1,Theorem,timeout,na,2028,809,32,809,67,3,0,2,0,
no_instance_based_gamma,DAT/DAT268^1.p,TH1,Theorem,timeout,na,2035,843,28,843,81,11,0,1,0,
no_instance_based_gamma,DAT/DAT269^1.p,TH1,Theorem,timeout,na,2036,871,35,871,80,10,0,1,0,
no_instance_based_gamma,DAT/DAT270^1.p,TH1,Theorem,timeout,na,2032,765,41,765,51,7,0,3,0,
no_instance_based_gamma,DAT/DAT271^1.p,TH1,Theorem,timeout,na,2036,970,46,970,69,12,0,1,0,
no_instance_based_gamma,DAT/DAT272^1.p,TH1,Theorem,timeout,na,2076,1204,34,1163,55,108,0,0,0,
no_instance_based_gamma,DAT/DAT273^1.p,TH1,Theorem,timeout,na,2027,335,7,335,28,17,0,0,0,
no_instance_based_gamma,DAT/DAT274^1.p,TH1,Theorem,timeout,na,2120,882,2,882,130,6,0,0,0,
no_instance_based_gamma,DAT/DAT275^1.p,TH1,Theorem,timeout,na,2051,1045,41,1045,83,5,0,4,0,
no_instance_based_gamma,DAT/DAT276^1.p,TH1,Theorem,timeout,na,2047,754,39,754,50,10,0,4,0,
no_instance_based_gamma,DAT/DAT277^1.p,TH1,Theorem,timeout,na,2037,925,30,925,100,7,0,1,0,
no_instance_based_gamma,DAT/DAT278^1.p,TH1,Theorem,timeout,na,2040,1016,52,1016,70,7,0,4,0,
no_instance_based_gamma,DAT/DAT279^1.p,TH1,Theorem,timeout,na,2034,890,34,890,69,9,0,2,0,
no_instance_based_gamma,DAT/DAT280^1.p,TH1,Theorem,timeout,na,2011,69,3,69,5,3,0,2,0,
no_instance_based_gamma,DAT/DAT281^1.p,TH1,Theorem,timeout,na,2031,1040,51,1040,71,3,0,4,0,
no_instance_based_gamma,DAT/DAT282^1.p,TH1,Theorem,timeout,na,2010,67,2,67,5,3,0,2,0,
no_instance_based_gamma,DAT/DAT283^1.p,TH1,Theorem,timeout,na,2036,850,19,850,104,6,0,2,0,
no_instance_based_gamma,DAT/DAT284^1.p,TH1,Theorem,timeout,na,2084,2852,166,2852,181,39,0,1,0,
no_instance_based_gamma,DAT/DAT285^1.p,TH1,Theorem,timeout,na,2032,764,25,764,70,11,0,2,0,
no_instance_based_gamma,DAT/DAT286^1.p,TH1,Theorem,timeout,na,2055,1572,71,1572,119,4,0,2,0,
no_instance_based_gamma,DAT/DAT287^1.p,TH1,Theorem,timeout,na,2048,1500,81,1500,101,4,0,2,0,
no_instance_based_gamma,DAT/DAT288^1.p,TH1,Theorem,timeout,na,2060,1673,56,1673,167,11,0,1,0,
no_instance_based_gamma,DAT/DAT289^1.p,TH1,Theorem,timeout,na,2072,1641,63,1641,144,13,0,2,0,
no_instance_based_gamma,DAT/DAT290^1.p,TH1,Theorem,timeout,na,2043,1540,63,1540,124,12,0,1,0,
no_instance_based_gamma,DAT/DAT291^1.p,TH1,Theorem,timeout,na,2060,1651,80,1651,124,8,0,2,0,
no_instance_based_gamma,DAT/DAT292^1.p,TH1,Theorem,timeout,na,2062,1129,38,1129,121,1,0,2,0,
no_instance_based_gamma,DAT/DAT293^1.p,TH1,Theorem,timeout,na,2046,923,46,923,72,0,0,2,0,
no_instance_based_gamma,DAT/DAT294^1.p,TH1,Theorem,timeout,na,2034,818,35,818,54,14,0,2,0,
no_instance_based_gamma,DAT/DAT295^1.p,TH1,Theorem,timeout,na,2059,991,57,991,63,0,0,3,0,
no_instance_based_gamma,DAT/DAT296^1.p,TH1,Theorem,timeout,na,2058,770,48,770,48,1,0,2,0,
no_instance_based_gamma,DAT/DAT297^1.p,TH1,Theorem,timeout,na,2047,921,51,921,59,9,0,3,0,
no_instance_based_gamma,DAT/DAT298^1.p,TH1,Theorem,timeout,na,2048,1312,63,1312,106,5,0,3,0,
no_instance_based_gamma,DAT/DAT299^1.p,TH1,Theorem,timeout,na,2059,1203,34,1203,121,0,0,2,0,
no_instance_based_gamma,DAT/DAT300^1.p,TH1,Theorem,timeout,na,2055,976,44,976,80,2,0,3,0,
no_instance_based_gamma,DAT/DAT301^1.p,TH1,Theorem,timeout,na,2046,1169,52,1169,105,0,0,3,0,
no_instance_based_gamma,DAT/DAT302^1.p,TH1,Theorem,timeout,na,2065,704,4,704,134,10,0,0,0,
no_instance_based_gamma,DAT/DAT303^1.p,TH1,Theorem,timeout,na,2072,1610,81,1610,116,8,0,2,0,
no_instance_based_gamma,DAT/DAT304^1.p,TH1,Theorem,timeout,na,2061,1276,33,1276,137,2,0,2,0,
no_instance_based_gamma,DAT/DAT305^1.p,TH1,Theorem,timeout,na,2080,1649,70,1649,136,14,0,1,0,
no_instance_based_gamma,DAT/DAT306^1.p,TH1,Theorem,timeout,na,2063,1042,54,1042,95,4,0,3,0,
no_instance_based_gamma,DAT/DAT307^1.p,TH1,Theorem,timeout,na,2122,1797,34,1797,295,53,0,4,0,
no_instance_based_gamma,DAT/DAT308^1.p,TH1,Theorem,timeout,na,2053,546,30,546,32,0,0,2,0,
no_instance_based_gamma,DAT/DAT309^1.p,TH1,Theorem,timeout,na,2046,816,42,816,50,0,0,2,0,
no_instance_based_gamma,DAT/DAT310^1.p,TH1,Theorem,timeout,na,2074,1622,62,1622,148,2,0,1,0,
no_instance_based_gamma,DAT/DAT311^1.p,TH1,Theorem,timeout,na,2086,1669,40,1669,242,26,0,1,0,
no_instance_based_gamma,DAT/DAT312^1.p,TH1,Theorem,timeout,na,2069,1216,21,1216,123,81,0,3,0,
no_instance_based_gamma,DAT/DAT313^1.p,TH1,Theorem,timeout,na,2067,1652,65,1652,136,16,0,2,0,
no_instance_based_gamma,DAT/DAT314^1.p,TH1,Theorem,timeout,na,2051,1607,75,1607,124,8,0,2,0,
no_instance_based_gamma,DAT/DAT315^1.p,TH1,Theorem,timeout,na,2029,939,37,939,84,13,0,2,0,
no_instance_based_gamma,DAT/DAT316^1.p,TH1,Theorem,timeout,na,2065,1619,68,1619,137,10,0,1,0,
no_instance_based_gamma,DAT/DAT317^1.p,TH1,Theorem,timeout,na,2043,1468,79,1468,104,0,0,2,0,
no_instance_based_gamma,DAT/DAT318^1.p,TH1,Theorem,timeout,na,2061,1494,82,1494,109,0,0,2,0,
no_instance_based_gamma,DAT/DAT319^1.p,TH1,Theorem,timeout,na,2035,781,20,781,69,11,0,2,0,
no_instance_based_gamma,DAT/DAT320^1.p,TH1,Theorem,timeout,na,2059,1527,69,1527,125,56,0,0,0,
no_instance_based_gamma,DAT/DAT321^1.p,TH1,Theorem,timeout,na,2053,353,4,353,42,10,0,0,0,
no_instance_based_gamma,DAT/DAT322^1.p,TH1,Theorem,timeout,na,2040,1052,42,1052,94,9,0,2,0,
no_instance_based_gamma,DAT/DAT323^1.p,TH1,Theorem,timeout,na,2052,594,24,594,59,12,0,1,0,
no_instance_based_gamma,DAT/DAT324^1.p,TH1,Theorem,timeout,na,2072,1771,35,1753,243,45,0,0,0,
no_instance_based_gamma,DAT/DAT325^1.p,TH1,Theorem,timeout,na,2039,1015,38,1015,116,0,0,1,0,
no_instance_based_gamma,DAT/DAT326^1.p,TH1,Theorem,timeout,na,2074,838,23,838,103,44,0,0,0,
no_instance_based_gamma,DAT/DAT327^1.p,TH1,Theorem,timeout,na,2055,1552,65,1552,132,7,0,1,0,
no_instance_based_gamma,DAT/DAT328^1.p,TH1,Theorem,timeout,na,2133,1500,6,1500,226,72,0,0,0,
no_instance_based_gamma,DAT/DAT333^3.p,TH0,Theorem,timeout,na,2236,6737,138,6737,244,223,0,0,0,
no_instance_based_gamma,DAT/DAT333^6.p,TH0,Theorem,timeout,na,2228,6841,72,6841,711,415,0,1,0,
no_instance_based_gamma,DAT/DAT334^12.p,TH0,Theorem,timeout,na,2280,8053,95,8053,239,375,0,0,0,
no_instance_based_gamma,DAT/DAT334^19.p,TH0,Theorem,timeout,na,2230,7771,161,7771,247,285,0,0,0,
no_instance_based_gamma,DAT/DAT334^21.p,TH0,Theorem,timeout,na,2262,5772,78,5772,218,159,0,0,0,
no_instance_based_gamma,DAT/DAT334^23.p,TH0,Theorem,timeout,na,2299,6197,105,6197,196,194,0,0,0,
no_instance_based_gamma,DAT/DAT334^8.p,TH0,Theorem,timeout,na,2276,8140,82,8140,230,313,0,0,0,
no_instance_based_gamma,DAT/DAT335^12.p,TH0,CounterSatisfiable,timeout,na,2120,3592,88,3592,243,95,0,0,0,
no_instance_based_gamma,DAT/DAT335^18.p,TH0,CounterSatisfiable,timeout,na,2151,4623,80,4623,243,105,0,0,0,
no_instance_based_gamma,DAT/DAT335^2.p,TH0,CounterSatisfiable,timeout,na,2180,5817,107,5817,259,178,0,0,0,
no_instance_based_gamma,DAT/DAT338^1.p,unknown,Theorem,parser_error,na,0,,,,,,,,,cached: Syntax Error: expected ' ' or ']' in !> binder  got [{:colon  ":"  2358}  {:atom  "nat"  2360}  {:rbracket  "]"  2363}  {:colon  ":"  2365}  {:lparen  "("  2367}  {:atom  "elem"  2369}  {:arrow  ">"  
no_instance_based_gamma,DAT/DAT339^1.p,unknown,Theorem,parser_error,na,0,,,,,,,,,cached: Syntax Error: expected ' ' or ']' in !> binder  got [{:colon  ":"  2370}  {:atom  "nat"  2372}  {:rbracket  "]"  2375}  {:colon  ":"  2377}  {:lparen  "("  2379}  {:atom  "elem"  2381}  {:arrow  ">"  
no_instance_based_gamma,DAT/DAT340^1.p,unknown,Theorem,parser_error,na,0,,,,,,,,,cached: Syntax Error: expected ' ' or ']' in !> binder  got [{:colon  ":"  2361}  {:atom  "nat"  2363}  {:rbracket  "]"  2366}  {:colon  ":"  2368}  {:lparen  "("  2370}  {:atom  "elem"  2372}  {:arrow  ">"  
no_instance_based_gamma,DAT/DAT341^1.p,unknown,Theorem,parser_error,na,0,,,,,,,,,cached: Syntax Error: expected ' ' or ']' in !> binder  got [{:colon  ":"  2342}  {:atom  "nat"  2344}  {:rbracket  "]"  2347}  {:colon  ":"  2349}  {:lparen  "("  2351}  {:atom  "elem"  2353}  {:arrow  ">"  
no_instance_based_gamma,DAT/DAT342^1.p,unknown,Theorem,parser_error,na,0,,,,,,,,,cached: Syntax Error: expected ' ' or ']' in !> binder  got [{:colon  ":"  2413}  {:atom  "nat"  2415}  {:rbracket  "]"  2418}  {:colon  ":"  2420}  {:lparen  "("  2422}  {:var  "A"  2424}  {:arrow  ">"  2426
no_instance_based_gamma,DAT/DAT343^1.p,unknown,Theorem,parser_error,na,0,,,,,,,,,cached: Syntax Error: expected ' ' or ']' in !> binder  got [{:colon  ":"  2420}  {:atom  "nat"  2422}  {:rbracket  "]"  2425}  {:colon  ":"  2427}  {:lparen  "("  2429}  {:var  "A"  2431}  {:arrow  ">"  2433
no_instance_based_gamma,DAT/DAT344^1.p,unknown,Theorem,parser_error,na,0,,,,,,,,,cached: Syntax Error: expected ' ' or ']' in !> binder  got [{:colon  ":"  2416}  {:atom  "nat"  2418}  {:rbracket  "]"  2421}  {:colon  ":"  2423}  {:lparen  "("  2425}  {:var  "A"  2427}  {:arrow  ">"  2429
no_instance_based_gamma,DAT/DAT345^1.p,unknown,Theorem,parser_error,na,0,,,,,,,,,cached: Syntax Error: expected ' ' or ']' in !> binder  got [{:colon  ":"  2397}  {:atom  "nat"  2399}  {:rbracket  "]"  2402}  {:colon  ":"  2404}  {:lparen  "("  2406}  {:var  "A"  2408}  {:arrow  ">"  2410
no_instance_based_gamma,DAT/DAT346^1.p,unknown,Theorem,parser_error,na,0,,,,,,,,,cached: Syntax Error: expected ' ' or ']' in !> binder  got [{:colon  ":"  1895}  {:atom  "nat"  1897}  {:rbracket  "]"  1900}  {:colon  ":"  1902}  {:lparen  "("  1904}  {:atom  "nat"  1906}  {:arrow  ">"  1
no_instance_based_gamma,DAT/DAT347^1.p,unknown,Theorem,parser_error,na,0,,,,,,,,,cached: Syntax Error: expected ' ' or ']' in !> binder  got [{:colon  ":"  1949}  {:atom  "nat"  1951}  {:rbracket  "]"  1954}  {:colon  ":"  1956}  {:lparen  "("  1958}  {:atom  "nat"  1960}  {:arrow  ">"  1
no_instance_based_gamma,DAT/DAT348^1.p,unknown,Theorem,parser_error,na,0,,,,,,,,,cached: Syntax Error: expected ' ' or ']' in !> binder  got [{:colon  ":"  1908}  {:atom  "nat"  1910}  {:rbracket  "]"  1913}  {:colon  ":"  1915}  {:lparen  "("  1917}  {:atom  "nat"  1919}  {:arrow  ">"  1
no_instance_based_gamma,DAT/DAT349^1.p,unknown,Theorem,parser_error,na,0,,,,,,,,,cached: Syntax Error: expected ' ' or ']' in !> binder  got [{:colon  ":"  2083}  {:atom  "nat"  2085}  {:rbracket  "]"  2088}  {:colon  ":"  2090}  {:lparen  "("  2092}  {:atom  "elem"  2094}  {:arrow  ">"  
no_instance_based_gamma,DAT/DAT350^1.p,unknown,Theorem,parser_error,na,0,,,,,,,,,cached: Syntax Error: expected ' ' or ']' in !> binder  got [{:colon  ":"  2083}  {:atom  "nat"  2085}  {:rbracket  "]"  2088}  {:colon  ":"  2090}  {:lparen  "("  2092}  {:atom  "elem"  2094}  {:arrow  ">"  
no_instance_based_gamma,DAT/DAT351^1.p,unknown,Theorem,parser_error,na,0,,,,,,,,,cached: Syntax Error: expected ' ' or ']' in !> binder  got [{:colon  ":"  2082}  {:atom  "nat"  2084}  {:rbracket  "]"  2087}  {:colon  ":"  2089}  {:lparen  "("  2091}  {:atom  "elem"  2093}  {:arrow  ">"  
no_instance_based_gamma,DAT/DAT352^1.p,unknown,Theorem,parser_error,na,0,,,,,,,,,cached: Syntax Error: expected ' ' or ']' in !> binder  got [{:colon  ":"  2082}  {:atom  "nat"  2084}  {:rbracket  "]"  2087}  {:colon  ":"  2089}  {:lparen  "("  2091}  {:atom  "elem"  2093}  {:arrow  ">"  
no_instance_based_gamma,DAT/DAT353^1.p,unknown,Theorem,parser_error,na,0,,,,,,,,,cached: Syntax Error: expected ' ' or ']' in !> binder  got [{:colon  ":"  2082}  {:atom  "nat"  2084}  {:rbracket  "]"  2087}  {:colon  ":"  2089}  {:lparen  "("  2091}  {:atom  "elem"  2093}  {:arrow  ">"  
no_instance_based_gamma,DAT/DAT354^1.p,unknown,Theorem,parser_error,na,0,,,,,,,,,cached: Syntax Error: expected ' ' or ']' in !> binder  got [{:colon  ":"  1886}  {:atom  "nat"  1888}  {:rbracket  "]"  1891}  {:colon  ":"  1893}  {:lparen  "("  1895}  {:atom  "elem"  1897}  {:arrow  ">"  
no_instance_based_gamma,DAT/DAT355^1.p,unknown,Theorem,parser_error,na,0,,,,,,,,,cached: Syntax Error: expected ' ' or ']' in !> binder  got [{:colon  ":"  1890}  {:atom  "nat"  1892}  {:rbracket  "]"  1895}  {:colon  ":"  1897}  {:lparen  "("  1899}  {:atom  "elem"  1901}  {:arrow  ">"  
no_instance_based_gamma,DAT/DAT356^1.p,unknown,Theorem,parser_error,na,0,,,,,,,,,cached: Syntax Error: expected ' ' or ']' in !> binder  got [{:colon  ":"  1890}  {:atom  "nat"  1892}  {:rbracket  "]"  1895}  {:colon  ":"  1897}  {:lparen  "("  1899}  {:atom  "elem"  1901}  {:arrow  ">"  
no_instance_based_gamma,DAT/DAT357^1.p,unknown,Theorem,parser_error,na,0,,,,,,,,,cached: Syntax Error: expected ' ' or ']' in !> binder  got [{:colon  ":"  1890}  {:atom  "nat"  1892}  {:rbracket  "]"  1895}  {:colon  ":"  1897}  {:lparen  "("  1899}  {:atom  "elem"  1901}  {:arrow  ">"  
no_instance_based_gamma,DAT/DAT358^1.p,unknown,Theorem,parser_error,na,0,,,,,,,,,cached: Syntax Error: expected ' ' or ']' in !> binder  got [{:colon  ":"  1890}  {:atom  "nat"  1892}  {:rbracket  "]"  1895}  {:colon  ":"  1897}  {:lparen  "("  1899}  {:atom  "elem"  1901}  {:arrow  ">"  
no_instance_based_gamma,DAT/DAT359^1.p,unknown,Theorem,parser_error,na,0,,,,,,,,,cached: Syntax Error: expected ' ' or ']' in !> binder  got [{:colon  ":"  1890}  {:atom  "nat"  1892}  {:rbracket  "]"  1895}  {:colon  ":"  1897}  {:lparen  "("  1899}  {:atom  "elem"  1901}  {:arrow  ">"  
no_instance_based_gamma,DAT/DAT360^1.p,unknown,Theorem,parser_error,na,0,,,,,,,,,cached: Syntax Error: expected ' ' or ']' in !> binder  got [{:colon  ":"  2325}  {:atom  "nat"  2327}  {:rbracket  "]"  2330}  {:colon  ":"  2332}  {:lparen  "("  2334}  {:atom  "elem"  2336}  {:arrow  ">"  
no_instance_based_gamma,DAT/DAT361^1.p,unknown,Theorem,parser_error,na,0,,,,,,,,,cached: Syntax Error: expected ' ' or ']' in !> binder  got [{:colon  ":"  2337}  {:atom  "nat"  2339}  {:rbracket  "]"  2342}  {:colon  ":"  2344}  {:lparen  "("  2346}  {:atom  "elem"  2348}  {:arrow  ">"  
no_instance_based_gamma,DAT/DAT362^1.p,unknown,Theorem,parser_error,na,0,,,,,,,,,cached: Syntax Error: expected ' ' or ']' in !> binder  got [{:colon  ":"  2309}  {:atom  "nat"  2311}  {:rbracket  "]"  2314}  {:colon  ":"  2316}  {:lparen  "("  2318}  {:atom  "elem"  2320}  {:arrow  ">"  
no_instance_based_gamma,DAT/DAT363^1.p,unknown,Theorem,parser_error,na,0,,,,,,,,,cached: Syntax Error: expected ' ' or ']' in !> binder  got [{:colon  ":"  1923}  {:atom  "nat"  1925}  {:rbracket  "]"  1928}  {:colon  ":"  1930}  {:lparen  "("  1932}  {:var  "A"  1934}  {:arrow  ">"  1936
no_instance_based_gamma,DAT/DAT364^1.p,unknown,Theorem,parser_error,na,0,,,,,,,,,cached: Syntax Error: expected ' ' or ']' in !> binder  got [{:colon  ":"  1934}  {:atom  "nat"  1936}  {:rbracket  "]"  1939}  {:colon  ":"  1941}  {:lparen  "("  1943}  {:var  "A"  1945}  {:arrow  ">"  1947
no_instance_based_gamma,DAT/DAT365^1.p,unknown,Theorem,parser_error,na,0,,,,,,,,,cached: Syntax Error: expected ' ' or ']' in !> binder  got [{:colon  ":"  1911}  {:atom  "nat"  1913}  {:rbracket  "]"  1916}  {:colon  ":"  1918}  {:lparen  "("  1920}  {:var  "A"  1922}  {:arrow  ">"  1924
no_instance_based_gamma,DAT/DAT366^1.p,unknown,Theorem,parser_error,na,0,,,,,,,,,cached: Syntax Error: expected ' ' or ']' in !> binder  got [{:colon  ":"  1934}  {:atom  "nat"  1936}  {:rbracket  "]"  1939}  {:colon  ":"  1941}  {:lparen  "("  1943}  {:var  "A"  1945}  {:arrow  ">"  1947
no_instance_based_gamma,DAT/DAT367^1.p,unknown,Theorem,parser_error,na,0,,,,,,,,,cached: Syntax Error: expected ' ' or ']' in !> binder  got [{:colon  ":"  1911}  {:atom  "nat"  1913}  {:rbracket  "]"  1916}  {:colon  ":"  1918}  {:lparen  "("  1920}  {:var  "A"  1922}  {:arrow  ">"  1924
no_instance_based_gamma,DAT/DAT368^1.p,unknown,Theorem,parser_error,na,0,,,,,,,,,cached: Syntax Error: expected ' ' or ']' in !> binder  got [{:colon  ":"  1934}  {:atom  "nat"  1936}  {:rbracket  "]"  1939}  {:colon  ":"  1941}  {:lparen  "("  1943}  {:var  "A"  1945}  {:arrow  ">"  1947
no_instance_based_gamma,DAT/DAT369^1.p,unknown,Theorem,parser_error,na,0,,,,,,,,,cached: Syntax Error: expected ' ' or ']' in !> binder  got [{:colon  ":"  1911}  {:atom  "nat"  1913}  {:rbracket  "]"  1916}  {:colon  ":"  1918}  {:lparen  "("  1920}  {:var  "A"  1922}  {:arrow  ">"  1924
no_instance_based_gamma,DAT/DAT370^1.p,unknown,Theorem,parser_error,na,0,,,,,,,,,cached: Syntax Error: expected ' ' or ']' in !> binder  got [{:colon  ":"  1934}  {:atom  "nat"  1936}  {:rbracket  "]"  1939}  {:colon  ":"  1941}  {:lparen  "("  1943}  {:var  "A"  1945}  {:arrow  ">"  1947
no_instance_based_gamma,DAT/DAT371^1.p,unknown,Theorem,parser_error,na,0,,,,,,,,,cached: Syntax Error: expected ' ' or ']' in !> binder  got [{:colon  ":"  1911}  {:atom  "nat"  1913}  {:rbracket  "]"  1916}  {:colon  ":"  1918}  {:lparen  "("  1920}  {:var  "A"  1922}  {:arrow  ">"  1924
no_instance_based_gamma,DAT/DAT372^1.p,unknown,Theorem,parser_error,na,0,,,,,,,,,cached: Syntax Error: expected ' ' or ']' in !> binder  got [{:colon  ":"  1939}  {:atom  "nat"  1941}  {:rbracket  "]"  1944}  {:colon  ":"  1946}  {:lparen  "("  1948}  {:var  "A"  1950}  {:arrow  ">"  1952
no_instance_based_gamma,DAT/DAT373^1.p,unknown,Theorem,parser_error,na,0,,,,,,,,,cached: Syntax Error: expected ' ' or ']' in !> binder  got [{:colon  ":"  1934}  {:atom  "nat"  1936}  {:rbracket  "]"  1939}  {:colon  ":"  1941}  {:lparen  "("  1943}  {:var  "A"  1945}  {:arrow  ">"  1947
no_instance_based_gamma,DAT/DAT374^1.p,unknown,Theorem,parser_error,na,0,,,,,,,,,cached: Syntax Error: expected ' ' or ']' in !> binder  got [{:colon  ":"  1925}  {:atom  "nat"  1927}  {:rbracket  "]"  1930}  {:colon  ":"  1932}  {:lparen  "("  1934}  {:var  "A"  1936}  {:arrow  ">"  1938
no_instance_based_gamma,DAT/DAT375^1.p,unknown,Theorem,parser_error,na,0,,,,,,,,,cached: Syntax Error: expected ' ' or ']' in !> binder  got [{:colon  ":"  1923}  {:atom  "nat"  1925}  {:rbracket  "]"  1928}  {:colon  ":"  1930}  {:lparen  "("  1932}  {:var  "A"  1934}  {:arrow  ">"  1936
no_instance_based_gamma,DAT/DAT376^1.p,unknown,Theorem,parser_error,na,0,,,,,,,,,cached: Syntax Error: expected ' ' or ']' in !> binder  got [{:colon  ":"  1911}  {:atom  "nat"  1913}  {:rbracket  "]"  1916}  {:colon  ":"  1918}  {:lparen  "("  1920}  {:var  "A"  1922}  {:arrow  ">"  1924
no_instance_based_gamma,DAT/DAT377^1.p,unknown,Theorem,parser_error,na,0,,,,,,,,,cached: Syntax Error: expected ' ' or ']' in !> binder  got [{:colon  ":"  2346}  {:atom  "nat"  2348}  {:rbracket  "]"  2351}  {:colon  ":"  2353}  {:lparen  "("  2355}  {:var  "A"  2357}  {:arrow  ">"  2359
no_instance_based_gamma,DAT/DAT378^1.p,unknown,Theorem,parser_error,na,0,,,,,,,,,cached: Syntax Error: expected ' ' or ']' in !> binder  got [{:colon  ":"  1932}  {:atom  "nat"  1934}  {:rbracket  "]"  1937}  {:colon  ":"  1939}  {:lparen  "("  1941}  {:var  "A"  1943}  {:arrow  ">"  1945
no_instance_based_gamma,DAT/DAT379^1.p,unknown,Theorem,parser_error,na,0,,,,,,,,,cached: Syntax Error: expected ' ' or ']' in !> binder  got [{:colon  ":"  2409}  {:atom  "nat"  2411}  {:rbracket  "]"  2414}  {:colon  ":"  2416}  {:lparen  "("  2418}  {:var  "A"  2420}  {:arrow  ">"  2422
no_instance_based_gamma,DAT/DAT380^1.p,unknown,Theorem,parser_error,na,0,,,,,,,,,cached: Syntax Error: expected ' ' or ']' in !> binder  got [{:colon  ":"  2381}  {:atom  "nat"  2383}  {:rbracket  "]"  2386}  {:colon  ":"  2388}  {:lparen  "("  2390}  {:var  "A"  2392}  {:arrow  ">"  2394
no_instance_based_gamma,DAT/DAT381^1.p,unknown,Theorem,parser_error,na,0,,,,,,,,,cached: Syntax Error: expected ' ' or ']' in !> binder  got [{:colon  ":"  2020}  {:atom  "nat"  2022}  {:rbracket  "]"  2025}  {:colon  ":"  2027}  {:lparen  "("  2029}  {:atom  "nat"  2031}  {:arrow  ">"  2
no_instance_based_gamma,DAT/DAT382^1.p,unknown,Theorem,parser_error,na,0,,,,,,,,,cached: Syntax Error: expected ' ' or ']' in !> binder  got [{:colon  ":"  2454}  {:atom  "nat"  2456}  {:rbracket  "]"  2459}  {:colon  ":"  2461}  {:lparen  "("  2463}  {:atom  "elem"  2465}  {:arrow  ">"  
no_instance_based_gamma,DAT/DAT383^1.p,unknown,Theorem,parser_error,na,0,,,,,,,,,cached: Syntax Error: expected ' ' or ']' in !> binder  got [{:colon  ":"  2462}  {:atom  "nat"  2464}  {:rbracket  "]"  2467}  {:colon  ":"  2469}  {:lparen  "("  2471}  {:atom  "elem"  2473}  {:arrow  ">"  
no_instance_based_gamma,DAT/DAT384^1.p,unknown,Theorem,parser_error,na,0,,,,,,,,,cached: Syntax Error: expected ' ' or ']' in !> binder  got [{:colon  ":"  2438}  {:atom  "nat"  2440}  {:rbracket  "]"  2443}  {:colon  ":"  2445}  {:lparen  "("  2447}  {:atom  "elem"  2449}  {:arrow  ">"  
no_instance_based_gamma,DAT/DAT385^1.p,unknown,Theorem,parser_error,na,0,,,,,,,,,cached: Syntax Error: expected ' ' or ']' in !> binder  got [{:colon  ":"  2462}  {:atom  "nat"  2464}  {:rbracket  "]"  2467}  {:colon  ":"  2469}  {:lparen  "("  2471}  {:atom  "elem"  2473}  {:arrow  ">"  
no_instance_based_gamma,DAT/DAT386^1.p,unknown,Theorem,parser_error,na,0,,,,,,,,,cached: Syntax Error: expected ' ' or ']' in !> binder  got [{:colon  ":"  2462}  {:atom  "nat"  2464}  {:rbracket  "]"  2467}  {:colon  ":"  2469}  {:lparen  "("  2471}  {:atom  "elem"  2473}  {:arrow  ">"  
no_instance_based_gamma,DAT/DAT387^1.p,unknown,Theorem,parser_error,na,0,,,,,,,,,cached: Syntax Error: expected ' ' or ']' in !> binder  got [{:colon  ":"  2462}  {:atom  "nat"  2464}  {:rbracket  "]"  2467}  {:colon  ":"  2469}  {:lparen  "("  2471}  {:atom  "elem"  2473}  {:arrow  ">"  
no_instance_based_gamma,DAT/DAT388^1.p,unknown,Theorem,parser_error,na,0,,,,,,,,,cached: Syntax Error: expected ' ' or ']' in !> binder  got [{:colon  ":"  2465}  {:atom  "nat"  2467}  {:rbracket  "]"  2470}  {:colon  ":"  2472}  {:lparen  "("  2474}  {:atom  "elem"  2476}  {:arrow  ">"  
no_instance_based_gamma,DAT/DAT389^1.p,unknown,Theorem,parser_error,na,0,,,,,,,,,cached: Syntax Error: expected ' ' or ']' in !> binder  got [{:colon  ":"  2465}  {:atom  "nat"  2467}  {:rbracket  "]"  2470}  {:colon  ":"  2472}  {:lparen  "("  2474}  {:atom  "elem"  2476}  {:arrow  ">"  
no_instance_based_gamma,DAT/DAT390^1.p,unknown,Theorem,parser_error,na,0,,,,,,,,,cached: Syntax Error: expected ' ' or ']' in !> binder  got [{:colon  ":"  2465}  {:atom  "nat"  2467}  {:rbracket  "]"  2470}  {:colon  ":"  2472}  {:lparen  "("  2474}  {:atom  "elem"  2476}  {:arrow  ">"  
no_instance_based_gamma,DAT/DAT391^1.p,unknown,Theorem,parser_error,na,0,,,,,,,,,cached: Syntax Error: expected ' ' or ']' in !> binder  got [{:colon  ":"  2465}  {:atom  "nat"  2467}  {:rbracket  "]"  2470}  {:colon  ":"  2472}  {:lparen  "("  2474}  {:atom  "elem"  2476}  {:arrow  ">"  
no_instance_based_gamma,DAT/DAT392^1.p,unknown,Theorem,parser_error,na,0,,,,,,,,,cached: Syntax Error: expected ' ' or ']' in !> binder  got [{:colon  ":"  2465}  {:atom  "nat"  2467}  {:rbracket  "]"  2470}  {:colon  ":"  2472}  {:lparen  "("  2474}  {:atom  "elem"  2476}  {:arrow  ">"  
no_instance_based_gamma,DAT/DAT393^1.p,unknown,Theorem,parser_error,na,0,,,,,,,,,cached: Syntax Error: expected ' ' or ']' in !> binder  got [{:colon  ":"  2465}  {:atom  "nat"  2467}  {:rbracket  "]"  2470}  {:colon  ":"  2472}  {:lparen  "("  2474}  {:atom  "elem"  2476}  {:arrow  ">"  
no_instance_based_gamma,DAT/DAT394^1.p,unknown,Theorem,parser_error,na,0,,,,,,,,,cached: Syntax Error: expected ' ' or ']' in !> binder  got [{:colon  ":"  2465}  {:atom  "nat"  2467}  {:rbracket  "]"  2470}  {:colon  ":"  2472}  {:lparen  "("  2474}  {:atom  "elem"  2476}  {:arrow  ">"  
no_instance_based_gamma,DAT/DAT395^1.p,unknown,Theorem,parser_error,na,0,,,,,,,,,cached: Syntax Error: expected ' ' or ']' in !> binder  got [{:colon  ":"  2462}  {:atom  "nat"  2464}  {:rbracket  "]"  2467}  {:colon  ":"  2469}  {:lparen  "("  2471}  {:atom  "elem"  2473}  {:arrow  ">"  
no_instance_based_gamma,DAT/DAT396^1.p,unknown,Theorem,parser_error,na,0,,,,,,,,,cached: Syntax Error: expected ' ' or ']' in !> binder  got [{:colon  ":"  2055}  {:atom  "nat"  2057}  {:rbracket  "]"  2060}  {:colon  ":"  2062}  {:lparen  "("  2064}  {:atom  "elem"  2066}  {:arrow  ">"  
no_instance_based_gamma,DAT/DAT397^1.p,unknown,Theorem,parser_error,na,0,,,,,,,,,cached: Syntax Error: expected ' ' or ']' in !> binder  got [{:colon  ":"  2055}  {:atom  "nat"  2057}  {:rbracket  "]"  2060}  {:colon  ":"  2062}  {:lparen  "("  2064}  {:atom  "elem"  2066}  {:arrow  ">"  
no_instance_based_gamma,DAT/DAT398^1.p,unknown,Theorem,parser_error,na,0,,,,,,,,,cached: Syntax Error: expected ' ' or ']' in !> binder  got [{:colon  ":"  2055}  {:atom  "nat"  2057}  {:rbracket  "]"  2060}  {:colon  ":"  2062}  {:lparen  "("  2064}  {:atom  "elem"  2066}  {:arrow  ">"  
no_instance_based_gamma,DAT/DAT399^1.p,unknown,Theorem,parser_error,na,0,,,,,,,,,cached: Syntax Error: expected ' ' or ']' in !> binder  got [{:colon  ":"  2055}  {:atom  "nat"  2057}  {:rbracket  "]"  2060}  {:colon  ":"  2062}  {:lparen  "("  2064}  {:atom  "elem"  2066}  {:arrow  ">"  
no_instance_based_gamma,DAT/DAT400^1.p,unknown,Theorem,parser_error,na,0,,,,,,,,,cached: Syntax Error: expected ' ' or ']' in !> binder  got [{:colon  ":"  2055}  {:atom  "nat"  2057}  {:rbracket  "]"  2060}  {:colon  ":"  2062}  {:lparen  "("  2064}  {:atom  "elem"  2066}  {:arrow  ">"  
no_instance_based_gamma,DAT/DAT401^1.p,unknown,Theorem,parser_error,na,0,,,,,,,,,cached: Syntax Error: expected ' ' or ']' in !> binder  got [{:colon  ":"  2041}  {:atom  "nat"  2043}  {:rbracket  "]"  2046}  {:colon  ":"  2048}  {:lparen  "("  2050}  {:atom  "elem"  2052}  {:arrow  ">"  
no_instance_based_gamma,DAT/DAT402^1.p,unknown,Theorem,parser_error,na,0,,,,,,,,,cached: Syntax Error: expected ' ' or ']' in !> binder  got [{:colon  ":"  2146}  {:atom  "nat"  2148}  {:rbracket  "]"  2151}  {:colon  ":"  2153}  {:lparen  "("  2155}  {:var  "A"  2157}  {:arrow  ">"  2159
no_instance_based_gamma,DAT/DAT403^1.p,unknown,Theorem,parser_error,na,0,,,,,,,,,cached: Syntax Error: expected ' ' or ']' in !> binder  got [{:colon  ":"  2111}  {:atom  "nat"  2113}  {:rbracket  "]"  2116}  {:colon  ":"  2118}  {:lparen  "("  2120}  {:var  "A"  2122}  {:arrow  ">"  2124
no_instance_based_gamma,DAT/DAT404^1.p,unknown,Theorem,parser_error,na,0,,,,,,,,,cached: Syntax Error: expected ' ' or ']' in !> binder  got [{:colon  ":"  2146}  {:atom  "nat"  2148}  {:rbracket  "]"  2151}  {:colon  ":"  2153}  {:lparen  "("  2155}  {:var  "A"  2157}  {:arrow  ">"  2159
no_instance_based_gamma,DAT/DAT405^1.p,unknown,Theorem,parser_error,na,0,,,,,,,,,cached: Syntax Error: expected ' ' or ']' in !> binder  got [{:colon  ":"  2112}  {:atom  "nat"  2114}  {:rbracket  "]"  2117}  {:colon  ":"  2119}  {:lparen  "("  2121}  {:var  "A"  2123}  {:arrow  ">"  2125
no_instance_based_gamma,DAT/DAT406^1.p,unknown,Theorem,parser_error,na,0,,,,,,,,,cached: Syntax Error: expected ' ' or ']' in !> binder  got [{:colon  ":"  2111}  {:atom  "nat"  2113}  {:rbracket  "]"  2116}  {:colon  ":"  2118}  {:lparen  "("  2120}  {:var  "A"  2122}  {:arrow  ">"  2124
no_instance_based_gamma,DAT/DAT407^1.p,unknown,Theorem,parser_error,na,0,,,,,,,,,cached: Syntax Error: expected ' ' or ']' in !> binder  got [{:colon  ":"  2146}  {:atom  "nat"  2148}  {:rbracket  "]"  2151}  {:colon  ":"  2153}  {:lparen  "("  2155}  {:var  "A"  2157}  {:arrow  ">"  2159
no_instance_based_gamma,DAT/DAT408^1.p,unknown,Theorem,parser_error,na,0,,,,,,,,,cached: Syntax Error: expected ' ' or ']' in !> binder  got [{:colon  ":"  2146}  {:atom  "nat"  2148}  {:rbracket  "]"  2151}  {:colon  ":"  2153}  {:lparen  "("  2155}  {:var  "A"  2157}  {:arrow  ">"  2159
no_instance_based_gamma,DAT/DAT409^1.p,unknown,Theorem,parser_error,na,0,,,,,,,,,cached: Syntax Error: expected ' ' or ']' in !> binder  got [{:colon  ":"  2111}  {:atom  "nat"  2113}  {:rbracket  "]"  2116}  {:colon  ":"  2118}  {:lparen  "("  2120}  {:var  "A"  2122}  {:arrow  ">"  2124
no_instance_based_gamma,DAT/DAT410^1.p,unknown,Theorem,parser_error,na,0,,,,,,,,,cached: Syntax Error: expected ' ' or ']' in !> binder  got [{:colon  ":"  2147}  {:atom  "nat"  2149}  {:rbracket  "]"  2152}  {:colon  ":"  2154}  {:lparen  "("  2156}  {:var  "A"  2158}  {:arrow  ">"  2160
no_instance_based_gamma,DAT/DAT411^1.p,unknown,Theorem,parser_error,na,0,,,,,,,,,cached: Syntax Error: expected ' ' or ']' in !> binder  got [{:colon  ":"  2152}  {:atom  "nat"  2154}  {:rbracket  "]"  2157}  {:colon  ":"  2159}  {:lparen  "("  2161}  {:var  "A"  2163}  {:arrow  ">"  2165
no_instance_based_gamma,DAT/DAT412^1.p,unknown,Theorem,parser_error,na,0,,,,,,,,,cached: Syntax Error: expected ' ' or ']' in !> binder  got [{:colon  ":"  2112}  {:atom  "nat"  2114}  {:rbracket  "]"  2117}  {:colon  ":"  2119}  {:lparen  "("  2121}  {:var  "A"  2123}  {:arrow  ">"  2125
no_instance_based_gamma,DAT/DAT413^1.p,unknown,Theorem,parser_error,na,0,,,,,,,,,cached: Syntax Error: expected ' ' or ']' in !> binder  got [{:colon  ":"  2134}  {:atom  "nat"  2136}  {:rbracket  "]"  2139}  {:colon  ":"  2141}  {:lparen  "("  2143}  {:var  "A"  2145}  {:arrow  ">"  2147
no_instance_based_gamma,DAT/DAT414^1.p,unknown,Theorem,parser_error,na,0,,,,,,,,,cached: Syntax Error: expected ' ' or ']' in !> binder  got [{:colon  ":"  2117}  {:atom  "nat"  2119}  {:rbracket  "]"  2122}  {:colon  ":"  2124}  {:lparen  "("  2126}  {:var  "A"  2128}  {:arrow  ">"  2130
no_instance_based_gamma,DAT/DAT415^1.p,unknown,Theorem,parser_error,na,0,,,,,,,,,cached: Syntax Error: expected ' ' or ']' in !> binder  got [{:colon  ":"  1820}  {:atom  "nat"  1822}  {:rbracket  "]"  1825}  {:colon  ":"  1827}  {:lparen  "("  1829}  {:atom  "nat"  1831}  {:arrow  ">"  1
no_instance_based_gamma,DAT/DAT416^1.p,unknown,Theorem,parser_error,na,0,,,,,,,,,cached: Syntax Error: expected ' ' or ']' in !> binder  got [{:colon  ":"  1818}  {:atom  "nat"  1820}  {:rbracket  "]"  1823}  {:colon  ":"  1825}  {:lparen  "("  1827}  {:atom  "nat"  1829}  {:arrow  ">"  1
no_instance_based_gamma,DAT/DAT417^1.p,unknown,Theorem,parser_error,na,0,,,,,,,,,cached: Syntax Error: expected ' ' or ']' in !> binder  got [{:colon  ":"  1824}  {:atom  "nat"  1826}  {:rbracket  "]"  1829}  {:colon  ":"  1831}  {:lparen  "("  1833}  {:atom  "nat"  1835}  {:arrow  ">"  1
no_instance_based_gamma,DAT/DAT418^1.p,unknown,Theorem,parser_error,na,0,,,,,,,,,cached: Syntax Error: expected ' ' or ']' in !> binder  got [{:colon  ":"  1822}  {:atom  "nat"  1824}  {:rbracket  "]"  1827}  {:colon  ":"  1829}  {:lparen  "("  1831}  {:atom  "nat"  1833}  {:arrow  ">"  1
no_instance_based_gamma,DAT/DAT419^1.p,unknown,Theorem,parser_error,na,0,,,,,,,,,cached: Syntax Error: expected ' ' or ']' in !> binder  got [{:colon  ":"  2524}  {:atom  "nat"  2526}  {:rbracket  "]"  2529}  {:colon  ":"  2531}  {:lparen  "("  2533}  {:lparen  "("  2535}  {:atom  "tree" 
no_instance_based_gamma,DAT/DAT420^1.p,unknown,Theorem,parser_error,na,0,,,,,,,,,cached: Syntax Error: expected ' ' or ']' in !> binder  got [{:colon  ":"  2512}  {:atom  "nat"  2514}  {:rbracket  "]"  2517}  {:colon  ":"  2519}  {:lparen  "("  2521}  {:lparen  "("  2523}  {:atom  "tree" 
no_instance_based_gamma,DAT/DAT421^1.p,unknown,Theorem,parser_error,na,0,,,,,,,,,cached: Syntax Error: expected ' ' or ']' in !> binder  got [{:colon  ":"  2005}  {:atom  "nat"  2007}  {:rbracket  "]"  2010}  {:colon  ":"  2012}  {:lparen  "("  2014}  {:lparen  "("  2016}  {:atom  "tree" 
no_instance_based_gamma,DAT/DAT422^1.p,unknown,Theorem,parser_error,na,0,,,,,,,,,cached: Syntax Error: expected ' ' or ']' in !> binder  got [{:colon  ":"  2005}  {:atom  "nat"  2007}  {:rbracket  "]"  2010}  {:colon  ":"  2012}  {:lparen  "("  2014}  {:lparen  "("  2016}  {:atom  "tree" 
no_instance_based_gamma,DAT/DAT423^1.p,unknown,Theorem,parser_error,na,0,,,,,,,,,cached: Syntax Error: expected ' ' or ']' in !> binder  got [{:colon  ":"  2005}  {:atom  "nat"  2007}  {:rbracket  "]"  2010}  {:colon  ":"  2012}  {:lparen  "("  2014}  {:lparen  "("  2016}  {:atom  "tree" 
no_instance_based_gamma,DAT/DAT424^1.p,unknown,Theorem,parser_error,na,0,,,,,,,,,cached: Syntax Error: expected ' ' or ']' in !> binder  got [{:colon  ":"  2527}  {:atom  "nat"  2529}  {:rbracket  "]"  2532}  {:colon  ":"  2534}  {:lparen  "("  2536}  {:lparen  "("  2538}  {:atom  "tree" 
no_instance_based_gamma,DAT/DAT425^1.p,unknown,Theorem,parser_error,na,0,,,,,,,,,cached: Syntax Error: expected ' ' or ']' in !> binder  got [{:colon  ":"  2517}  {:atom  "nat"  2519}  {:rbracket  "]"  2522}  {:colon  ":"  2524}  {:lparen  "("  2526}  {:lparen  "("  2528}  {:atom  "tree" 
no_instance_based_gamma,DAT/DAT426^1.p,unknown,Theorem,parser_error,na,0,,,,,,,,,cached: Syntax Error: expected ' ' or ']' in !> binder  got [{:colon  ":"  2004}  {:atom  "nat"  2006}  {:rbracket  "]"  2009}  {:colon  ":"  2011}  {:lparen  "("  2013}  {:lparen  "("  2015}  {:atom  "tree" 
no_instance_based_gamma,DAT/DAT427^1.p,unknown,Theorem,parser_error,na,0,,,,,,,,,cached: Syntax Error: expected ' ' or ']' in !> binder  got [{:colon  ":"  1996}  {:atom  "nat"  1998}  {:rbracket  "]"  2001}  {:colon  ":"  2003}  {:lparen  "("  2005}  {:lparen  "("  2007}  {:atom  "tree" 
no_instance_based_gamma,DAT/DAT428^1.p,unknown,Theorem,parser_error,na,0,,,,,,,,,cached: Syntax Error: expected ' ' or ']' in !> binder  got [{:colon  ":"  1980}  {:atom  "nat"  1982}  {:rbracket  "]"  1985}  {:colon  ":"  1987}  {:lparen  "("  1989}  {:lparen  "("  1991}  {:atom  "tree" 
no_instance_based_gamma,DAT/DAT429^1.p,unknown,Theorem,parser_error,na,0,,,,,,,,,cached: Syntax Error: expected ' ' or ']' in !> binder  got [{:colon  ":"  1985}  {:atom  "nat"  1987}  {:rbracket  "]"  1990}  {:colon  ":"  1992}  {:lparen  "("  1994}  {:lparen  "("  1996}  {:atom  "tree" 
no_instance_based_gamma,GEG/GEG002^1.p,TH0,Theorem,timeout,na,2117,4332,151,4332,465,0,0,3,0,
no_instance_based_gamma,GEG/GEG003^1.p,TH0,Theorem,timeout,na,2109,1003,36,1003,138,0,0,0,0,
no_instance_based_gamma,GEG/GEG004^1.p,TH0,CounterSatisfiable,timeout,na,2171,1660,17,1660,418,17,0,1,0,
no_instance_based_gamma,GEG/GEG005^1.p,TH0,Theorem,timeout,na,2194,1402,23,1402,264,0,0,1,0,
no_instance_based_gamma,GEG/GEG006^1.p,TH0,Theorem,timeout,na,2170,1614,29,1614,406,0,0,1,0,
no_instance_based_gamma,GEG/GEG007^1.p,TH0,Theorem,timeout,na,2172,2012,27,2012,412,31,0,1,0,
no_instance_based_gamma,GEG/GEG008^1.p,TH0,Theorem,timeout,na,2155,1760,17,1760,380,24,0,1,0,
no_instance_based_gamma,GEG/GEG009^1.p,TH0,Theorem,timeout,na,2234,1271,16,1271,320,20,0,1,0,
no_instance_based_gamma,GEG/GEG010^1.p,TH0,Theorem,timeout,na,2158,1559,15,1559,366,0,0,1,0,
no_instance_based_gamma,GEG/GEG011^1.p,TH0,Theorem,timeout,na,2163,1492,16,1492,335,16,0,1,0,
no_instance_based_gamma,GEG/GEG012^1.p,TH0,Theorem,timeout,na,2222,1921,23,1921,185,1,0,0,0,
no_instance_based_gamma,GEG/GEG013^1.p,TH0,Theorem,timeout,na,2125,1172,19,1172,204,0,0,1,0,
no_instance_based_gamma,GEG/GEG014^1.p,TH0,Theorem,timeout,na,2100,665,20,665,80,0,0,1,0,
no_instance_based_gamma,GEG/GEG015^1.p,TH0,Theorem,timeout,na,2143,1267,20,1267,287,0,0,2,0,
no_instance_based_gamma,GEG/GEG016^1.p,TH0,Theorem,timeout,na,2124,958,34,958,141,0,0,1,0,
no_instance_based_gamma,GEG/GEG018^1.p,TH0,Theorem,timeout,na,2070,43,2,43,2,0,0,0,0,
no_instance_based_gamma,GEG/GEG019^1.p,TH0,Theorem,timeout,na,2220,2090,18,2090,488,32,0,1,0,
no_instance_based_gamma,GEG/GEG020^1.p,TH0,Theorem,timeout,na,2149,1106,17,1106,233,16,0,1,0,
no_instance_based_gamma,GEO/GEO356^1.p,TH1,Theorem,parse_timeout,na,0,,,,,,,,,cached: parse exceeded 5000ms
no_instance_based_gamma,GEO/GEO357^1.p,TH1,Theorem,parse_timeout,na,0,,,,,,,,,cached: parse exceeded 5000ms
no_instance_based_gamma,GEO/GEO358^1.p,TH1,Theorem,parse_timeout,na,0,,,,,,,,,cached: parse exceeded 5000ms
no_instance_based_gamma,GEO/GEO359^1.p,TH1,Theorem,parse_timeout,na,0,,,,,,,,,cached: parse exceeded 5000ms
no_instance_based_gamma,GEO/GEO360^1.p,TH1,Theorem,parse_timeout,na,0,,,,,,,,,cached: parse exceeded 5000ms
no_instance_based_gamma,GEO/GEO361^1.p,TH1,Theorem,parse_timeout,na,0,,,,,,,,,cached: parse exceeded 5000ms
no_instance_based_gamma,GEO/GEO362^1.p,TH1,Theorem,parse_timeout,na,0,,,,,,,,,cached: parse exceeded 5000ms
no_instance_based_gamma,GEO/GEO363^1.p,TH1,Theorem,parse_timeout,na,0,,,,,,,,,cached: parse exceeded 5000ms
no_instance_based_gamma,GEO/GEO364^1.p,TH1,Theorem,parse_timeout,na,0,,,,,,,,,cached: parse exceeded 5000ms
no_instance_based_gamma,GEO/GEO365^1.p,TH1,Theorem,parse_timeout,na,0,,,,,,,,,cached: parse exceeded 5000ms
no_instance_based_gamma,GEO/GEO366^1.p,TH1,Theorem,parse_timeout,na,0,,,,,,,,,cached: parse exceeded 5000ms
no_instance_based_gamma,GEO/GEO367^1.p,TH1,Theorem,parse_timeout,na,0,,,,,,,,,cached: parse exceeded 5000ms
no_instance_based_gamma,GEO/GEO368^1.p,TH1,Theorem,parse_timeout,na,0,,,,,,,,,cached: parse exceeded 5000ms
no_instance_based_gamma,GEO/GEO369^1.p,TH1,Theorem,parse_timeout,na,0,,,,,,,,,cached: parse exceeded 5000ms
no_instance_based_gamma,GEO/GEO370^1.p,TH1,Theorem,parse_timeout,na,0,,,,,,,,,cached: parse exceeded 5000ms
no_instance_based_gamma,GEO/GEO371^1.p,TH1,Theorem,parse_timeout,na,0,,,,,,,,,cached: parse exceeded 5000ms
no_instance_based_gamma,GEO/GEO372^1.p,TH1,Theorem,parse_timeout,na,0,,,,,,,,,cached: parse exceeded 5000ms
no_instance_based_gamma,GEO/GEO373^1.p,TH1,Theorem,parse_timeout,na,0,,,,,,,,,cached: parse exceeded 5000ms
no_instance_based_gamma,GEO/GEO374^1.p,TH1,Theorem,parse_timeout,na,0,,,,,,,,,cached: parse exceeded 5000ms
no_instance_based_gamma,GEO/GEO375^1.p,TH1,Theorem,parse_timeout,na,0,,,,,,,,,cached: parse exceeded 5000ms
no_instance_based_gamma,GEO/GEO376^1.p,TH1,Theorem,parse_timeout,na,0,,,,,,,,,cached: parse exceeded 5000ms
no_instance_based_gamma,GEO/GEO377^1.p,TH1,Theorem,parse_timeout,na,0,,,,,,,,,cached: parse exceeded 5000ms
no_instance_based_gamma,GEO/GEO378^1.p,TH1,Theorem,parse_timeout,na,0,,,,,,,,,cached: parse exceeded 5000ms
no_instance_based_gamma,GEO/GEO379^1.p,TH1,Theorem,parse_timeout,na,0,,,,,,,,,cached: parse exceeded 5000ms
no_instance_based_gamma,GEO/GEO380^1.p,TH1,Theorem,parse_timeout,na,0,,,,,,,,,cached: parse exceeded 5000ms
no_instance_based_gamma,GEO/GEO381^1.p,TH1,Theorem,parse_timeout,na,0,,,,,,,,,cached: parse exceeded 5000ms
no_instance_based_gamma,GEO/GEO382^1.p,TH1,Theorem,parse_timeout,na,0,,,,,,,,,cached: parse exceeded 5000ms
no_instance_based_gamma,GEO/GEO383^1.p,TH1,Theorem,parse_timeout,na,0,,,,,,,,,cached: parse exceeded 5000ms
no_instance_based_gamma,GEO/GEO384^1.p,TH1,Theorem,parse_timeout,na,0,,,,,,,,,cached: parse exceeded 5000ms
no_instance_based_gamma,GEO/GEO385^1.p,TH1,Theorem,parse_timeout,na,0,,,,,,,,,cached: parse exceeded 5000ms
no_instance_based_gamma,GEO/GEO386^1.p,TH1,Theorem,parse_timeout,na,0,,,,,,,,,cached: parse exceeded 5000ms
no_instance_based_gamma,GEO/GEO387^1.p,TH1,Theorem,parse_timeout,na,0,,,,,,,,,cached: parse exceeded 5000ms
no_instance_based_gamma,GEO/GEO388^1.p,TH1,Theorem,parse_timeout,na,0,,,,,,,,,cached: parse exceeded 5000ms
no_instance_based_gamma,GEO/GEO389^1.p,TH1,Theorem,parse_timeout,na,0,,,,,,,,,cached: parse exceeded 5000ms
no_instance_based_gamma,GEO/GEO390^1.p,TH1,Theorem,parse_timeout,na,0,,,,,,,,,cached: parse exceeded 5000ms
no_instance_based_gamma,GEO/GEO391^1.p,TH1,Theorem,parse_timeout,na,0,,,,,,,,,cached: parse exceeded 5000ms
no_instance_based_gamma,GEO/GEO392^1.p,TH1,Theorem,parse_timeout,na,0,,,,,,,,,cached: parse exceeded 5000ms
no_instance_based_gamma,GEO/GEO393^1.p,TH1,Theorem,parse_timeout,na,0,,,,,,,,,cached: parse exceeded 5000ms
no_instance_based_gamma,GEO/GEO394^1.p,TH1,Theorem,parse_timeout,na,0,,,,,,,,,cached: parse exceeded 5000ms
no_instance_based_gamma,GEO/GEO395^1.p,TH1,Theorem,parse_timeout,na,0,,,,,,,,,cached: parse exceeded 5000ms
no_instance_based_gamma,GEO/GEO396^1.p,TH1,Theorem,parse_timeout,na,0,,,,,,,,,cached: parse exceeded 5000ms
no_instance_based_gamma,GEO/GEO397^1.p,TH1,Theorem,parse_timeout,na,0,,,,,,,,,cached: parse exceeded 5000ms
no_instance_based_gamma,GEO/GEO398^1.p,TH1,Theorem,parse_timeout,na,0,,,,,,,,,cached: parse exceeded 5000ms
no_instance_based_gamma,GEO/GEO399^1.p,TH1,Theorem,parse_timeout,na,0,,,,,,,,,cached: parse exceeded 5000ms
no_instance_based_gamma,GEO/GEO400^1.p,TH1,Theorem,parse_timeout,na,0,,,,,,,,,cached: parse exceeded 5000ms
no_instance_based_gamma,GEO/GEO401^1.p,TH1,Theorem,parse_timeout,na,0,,,,,,,,,cached: parse exceeded 5000ms
no_instance_based_gamma,GEO/GEO402^1.p,TH1,Theorem,parse_timeout,na,0,,,,,,,,,cached: parse exceeded 5000ms
no_instance_based_gamma,GEO/GEO403^1.p,TH1,Theorem,parse_timeout,na,0,,,,,,,,,cached: parse exceeded 5000ms
no_instance_based_gamma,GEO/GEO404^1.p,TH1,Theorem,parse_timeout,na,0,,,,,,,,,cached: parse exceeded 5000ms
no_instance_based_gamma,GEO/GEO405^1.p,TH1,Theorem,parse_timeout,na,0,,,,,,,,,cached: parse exceeded 5000ms
no_instance_based_gamma,GEO/GEO406^1.p,TH1,Theorem,parse_timeout,na,0,,,,,,,,,cached: parse exceeded 5000ms
no_instance_based_gamma,GEO/GEO407^1.p,TH1,Theorem,parse_timeout,na,0,,,,,,,,,cached: parse exceeded 5000ms
no_instance_based_gamma,GEO/GEO408^1.p,TH1,Theorem,parse_timeout,na,0,,,,,,,,,cached: parse exceeded 5000ms
no_instance_based_gamma,GEO/GEO409^1.p,TH1,Theorem,parse_timeout,na,0,,,,,,,,,cached: parse exceeded 5000ms
no_instance_based_gamma,GEO/GEO410^1.p,TH1,Theorem,parse_timeout,na,0,,,,,,,,,cached: parse exceeded 5000ms
no_instance_based_gamma,GEO/GEO411^1.p,TH1,Theorem,parse_timeout,na,0,,,,,,,,,cached: parse exceeded 5000ms
no_instance_based_gamma,GEO/GEO412^1.p,TH1,Theorem,parse_timeout,na,0,,,,,,,,,cached: parse exceeded 5000ms
no_instance_based_gamma,GEO/GEO413^1.p,TH1,Theorem,parse_timeout,na,0,,,,,,,,,cached: parse exceeded 5000ms
no_instance_based_gamma,GEO/GEO414^1.p,TH1,Theorem,parse_timeout,na,0,,,,,,,,,cached: parse exceeded 5000ms
no_instance_based_gamma,GEO/GEO415^1.p,TH1,Theorem,parse_timeout,na,0,,,,,,,,,cached: parse exceeded 5000ms
no_instance_based_gamma,GEO/GEO416^1.p,TH1,Theorem,parse_timeout,na,0,,,,,,,,,cached: parse exceeded 5000ms
no_instance_based_gamma,GEO/GEO417^1.p,TH1,Theorem,parse_timeout,na,0,,,,,,,,,cached: parse exceeded 5000ms
no_instance_based_gamma,GEO/GEO418^1.p,TH1,Theorem,parse_timeout,na,0,,,,,,,,,cached: parse exceeded 5000ms
no_instance_based_gamma,GEO/GEO419^1.p,TH1,Theorem,parse_timeout,na,0,,,,,,,,,cached: parse exceeded 5000ms
no_instance_based_gamma,GEO/GEO420^1.p,TH1,Theorem,parse_timeout,na,0,,,,,,,,,cached: parse exceeded 5000ms
no_instance_based_gamma,GEO/GEO421^1.p,TH1,Theorem,parse_timeout,na,0,,,,,,,,,cached: parse exceeded 5000ms
no_instance_based_gamma,GEO/GEO422^1.p,TH1,Theorem,parse_timeout,na,0,,,,,,,,,cached: parse exceeded 5000ms
no_instance_based_gamma,GEO/GEO423^1.p,TH1,Theorem,parse_timeout,na,0,,,,,,,,,cached: parse exceeded 5000ms
no_instance_based_gamma,GEO/GEO424^1.p,TH1,Theorem,parse_timeout,na,0,,,,,,,,,cached: parse exceeded 5000ms
no_instance_based_gamma,GEO/GEO425^1.p,TH1,Theorem,parse_timeout,na,0,,,,,,,,,cached: parse exceeded 5000ms
no_instance_based_gamma,GEO/GEO426^1.p,TH1,Theorem,parse_timeout,na,0,,,,,,,,,cached: parse exceeded 5000ms
no_instance_based_gamma,GEO/GEO427^1.p,TH1,Theorem,parse_timeout,na,0,,,,,,,,,cached: parse exceeded 5000ms
no_instance_based_gamma,GEO/GEO428^1.p,TH1,Theorem,parse_timeout,na,0,,,,,,,,,cached: parse exceeded 5000ms
no_instance_based_gamma,GEO/GEO429^1.p,TH1,Theorem,parse_timeout,na,0,,,,,,,,,cached: parse exceeded 5000ms
no_instance_based_gamma,GEO/GEO430^1.p,TH1,Theorem,parse_timeout,na,0,,,,,,,,,cached: parse exceeded 5000ms
no_instance_based_gamma,GEO/GEO431^1.p,TH1,Theorem,parse_timeout,na,0,,,,,,,,,cached: parse exceeded 5000ms
no_instance_based_gamma,GEO/GEO432^1.p,TH1,Theorem,parse_timeout,na,0,,,,,,,,,cached: parse exceeded 5000ms
no_instance_based_gamma,GEO/GEO433^1.p,TH1,Theorem,parse_timeout,na,0,,,,,,,,,cached: parse exceeded 5000ms
no_instance_based_gamma,GEO/GEO434^1.p,TH1,Theorem,parse_timeout,na,0,,,,,,,,,cached: parse exceeded 5000ms
no_instance_based_gamma,GEO/GEO435^1.p,TH1,Theorem,parse_timeout,na,0,,,,,,,,,cached: parse exceeded 5000ms
no_instance_based_gamma,GEO/GEO436^1.p,TH1,Theorem,parse_timeout,na,0,,,,,,,,,cached: parse exceeded 5000ms
no_instance_based_gamma,GEO/GEO437^1.p,TH1,Theorem,parse_timeout,na,0,,,,,,,,,cached: parse exceeded 5000ms
no_instance_based_gamma,GEO/GEO438^1.p,TH1,Theorem,parse_timeout,na,0,,,,,,,,,cached: parse exceeded 5000ms
no_instance_based_gamma,GEO/GEO439^1.p,TH1,Theorem,parse_timeout,na,0,,,,,,,,,cached: parse exceeded 5000ms
no_instance_based_gamma,GRA/GRA027^1.p,TH0,Theorem,timeout,na,2023,0,0,0,1,0,0,0,0,
no_instance_based_gamma,GRA/GRA028^1.p,TH0,Theorem,timeout,na,2031,65,6,65,1,0,0,0,0,
no_instance_based_gamma,GRA/GRA029^1.p,TH0,Theorem,timeout,na,2052,0,0,0,1,0,0,0,0,
no_instance_based_gamma,GRA/GRA029^2.p,TH0,Theorem,timeout,na,2051,0,0,0,1,0,0,0,0,
no_instance_based_gamma,GRA/GRA030^1.p,TH0,Theorem,timeout,na,2041,0,0,0,1,0,0,0,0,
no_instance_based_gamma,GRA/GRA031^1.p,TH0,CounterSatisfiable,timeout,na,2077,12,1,12,1,0,0,0,0,
no_instance_based_gamma,GRA/GRA031^2.p,TH0,Theorem,timeout,na,2078,11,1,11,1,0,0,0,0,
no_instance_based_gamma,GRA/GRA032^1.p,TH0,Theorem,timeout,na,2098,0,0,0,1,0,0,0,0,
no_instance_based_gamma,GRA/GRA032^2.p,TH0,Theorem,timeout,na,2096,0,0,0,1,0,0,0,0,
no_instance_based_gamma,GRA/GRA033^1.p,TH0,CounterSatisfiable,timeout,na,2285,3,0,3,1,0,0,0,0,
no_instance_based_gamma,GRA/GRA033^2.p,TH0,CounterSatisfiable,timeout,na,2277,3,0,3,1,0,0,0,0,
no_instance_based_gamma,GRA/GRA034^1.p,TH0,Theorem,timeout,na,2295,0,0,0,1,0,0,0,0,
no_instance_based_gamma,GRA/GRA034^2.p,TH0,Theorem,timeout,na,2288,0,0,0,1,0,0,0,0,
no_instance_based_gamma,GRA/GRA035^1.p,TH0,CounterSatisfiable,timeout,na,2406,1,0,1,1,0,0,0,0,
no_instance_based_gamma,GRA/GRA035^2.p,TH0,CounterSatisfiable,timeout,na,2413,1,0,1,1,0,0,0,0,
no_instance_based_gamma,GRA/GRA036^1.p,TH0,Theorem,timeout,na,2356,0,0,0,1,0,0,0,0,
no_instance_based_gamma,GRA/GRA036^2.p,TH0,Theorem,timeout,na,2370,0,0,0,1,0,0,0,0,
no_instance_based_gamma,GRA/GRA037^1.p,TH0,CounterSatisfiable,timeout,na,2537,1,0,1,1,0,0,0,0,
no_instance_based_gamma,GRA/GRA037^2.p,TH0,CounterSatisfiable,timeout,na,2504,1,0,1,1,0,0,0,0,
no_instance_based_gamma,GRA/GRA038^1.p,TH0,CounterSatisfiable,timeout,na,2540,1,0,1,1,0,0,0,0,
no_instance_based_gamma,GRA/GRA038^2.p,TH0,CounterSatisfiable,timeout,na,2521,1,0,1,1,0,0,0,0,
no_instance_based_gamma,GRA/GRA039^1.p,TH0,Theorem,timeout,na,2402,0,0,0,1,0,0,0,0,
no_instance_based_gamma,GRA/GRA039^2.p,TH0,Theorem,timeout,na,2409,0,0,0,1,0,0,0,0,
no_instance_based_gamma,GRA/GRA040^1.p,TH0,CounterSatisfiable,timeout,na,2602,0,0,0,1,0,0,0,0,
no_instance_based_gamma,GRA/GRA040^2.p,TH0,CounterSatisfiable,timeout,na,2618,0,0,0,1,0,0,0,0,
no_instance_based_gamma,GRA/GRA041^1.p,TH0,Theorem,timeout,na,2494,0,0,0,1,0,0,0,0,
no_instance_based_gamma,GRA/GRA041^2.p,TH0,Theorem,timeout,na,2474,0,0,0,1,0,0,0,0,
no_instance_based_gamma,GRA/GRA042^1.p,TH0,CounterSatisfiable,timeout,na,2727,0,0,0,1,0,0,0,0,
no_instance_based_gamma,GRA/GRA042^2.p,TH0,CounterSatisfiable,timeout,na,2734,0,0,0,1,0,0,0,0,
no_instance_based_gamma,GRA/GRA043^1.p,TH0,Theorem,timeout,na,2591,0,0,0,1,0,0,0,0,
no_instance_based_gamma,GRA/GRA043^2.p,TH0,Theorem,timeout,na,2578,0,0,0,1,0,0,0,0,
no_instance_based_gamma,GRA/GRA044^1.p,TH0,Theorem,timeout,na,2521,0,0,0,1,0,0,0,0,
no_instance_based_gamma,GRA/GRA044^2.p,TH0,Theorem,timeout,na,2523,0,0,0,1,0,0,0,0,
no_instance_based_gamma,GRA/GRA045^1.p,TH0,CounterSatisfiable,timeout,na,2831,0,0,0,1,0,0,0,0,
no_instance_based_gamma,GRA/GRA045^2.p,TH0,CounterSatisfiable,timeout,na,2826,0,0,0,1,0,0,0,0,
no_instance_based_gamma,GRA/GRA046^1.p,TH0,Theorem,timeout,na,2572,0,0,0,1,0,0,0,0,
no_instance_based_gamma,GRA/GRA046^2.p,TH0,Theorem,timeout,na,2553,0,0,0,1,0,0,0,0,
no_instance_based_gamma,GRA/GRA047^1.p,TH0,CounterSatisfiable,timeout,na,2894,0,0,0,1,0,0,0,0,
no_instance_based_gamma,GRA/GRA047^2.p,TH0,CounterSatisfiable,timeout,na,2905,0,0,0,1,0,0,0,0,
no_instance_based_gamma,GRA/GRA048^1.p,TH0,Theorem,timeout,na,2675,0,0,0,1,0,0,0,0,
no_instance_based_gamma,GRA/GRA048^2.p,TH0,Theorem,timeout,na,2638,0,0,0,1,0,0,0,0,
no_instance_based_gamma,GRA/GRA049^1.p,TH0,CounterSatisfiable,timeout,na,3022,0,0,0,1,0,0,0,0,
no_instance_based_gamma,GRA/GRA049^2.p,TH0,CounterSatisfiable,timeout,na,3020,0,0,0,1,0,0,0,0,
no_instance_based_gamma,GRA/GRA050^1.p,TH0,Theorem,timeout,na,2757,0,0,0,1,0,0,0,0,
no_instance_based_gamma,GRA/GRA050^2.p,TH0,Theorem,timeout,na,2759,0,0,0,1,0,0,0,0,
no_instance_based_gamma,GRA/GRA051^1.p,TH0,CounterSatisfiable,timeout,na,3256,0,0,0,1,0,0,0,0,
no_instance_based_gamma,GRA/GRA051^2.p,TH0,CounterSatisfiable,timeout,na,3262,0,0,0,1,0,0,0,0,
no_instance_based_gamma,GRA/GRA052^1.p,TH0,Theorem,timeout,na,2818,0,0,0,1,0,0,0,0,
no_instance_based_gamma,GRA/GRA052^2.p,TH0,Theorem,timeout,na,2800,0,0,0,1,0,0,0,0,
no_instance_based_gamma,GRA/GRA053^1.p,TH0,CounterSatisfiable,timeout,na,3346,0,0,0,1,0,0,0,0,
no_instance_based_gamma,GRA/GRA053^2.p,TH0,CounterSatisfiable,timeout,na,3345,0,0,0,1,0,0,0,0,
no_instance_based_gamma,GRA/GRA054^1.p,TH0,Theorem,timeout,na,2894,0,0,0,1,0,0,0,0,
no_instance_based_gamma,GRA/GRA054^2.p,TH0,Theorem,timeout,na,2867,0,0,0,1,0,0,0,0,
no_instance_based_gamma,GRA/GRA055^1.p,TH0,Theorem,timeout,na,3108,0,0,0,1,0,0,0,0,
no_instance_based_gamma,GRA/GRA055^2.p,TH0,Theorem,timeout,na,3101,0,0,0,1,0,0,0,0,
no_instance_based_gamma,GRA/GRA056^1.p,TH0,CounterSatisfiable,timeout,na,3874,0,0,0,1,0,0,0,0,
no_instance_based_gamma,GRA/GRA056^2.p,TH0,CounterSatisfiable,timeout,na,3891,0,0,0,1,0,0,0,0,
no_instance_based_gamma,GRA/GRA057^1.p,TH0,Open,timeout,na,3156,0,0,0,1,0,0,0,0,
no_instance_based_gamma,GRA/GRA057^2.p,TH0,Open,timeout,na,3143,0,0,0,1,0,0,0,0,
no_instance_based_gamma,GRA/GRA058^1.p,TH0,CounterSatisfiable,timeout,na,3941,0,0,0,1,0,0,0,0,
no_instance_based_gamma,GRA/GRA058^2.p,TH0,CounterSatisfiable,timeout,na,3955,0,0,0,1,0,0,0,0,
no_instance_based_gamma,GRA/GRA059^1.p,TH0,CounterSatisfiable,timeout,na,4667,0,0,0,1,0,0,0,0,
no_instance_based_gamma,GRA/GRA059^2.p,TH0,CounterSatisfiable,timeout,na,4715,0,0,0,1,0,0,0,0,
no_instance_based_gamma,GRA/GRA060^1.p,TH0,Open,timeout,na,3537,0,0,0,1,0,0,0,0,
no_instance_based_gamma,GRA/GRA060^2.p,TH0,Open,timeout,na,3534,0,0,0,1,0,0,0,0,
no_instance_based_gamma,GRA/GRA061^1.p,TH0,CounterSatisfiable,timeout,na,4660,0,0,0,1,0,0,0,0,
no_instance_based_gamma,GRA/GRA061^2.p,TH0,CounterSatisfiable,timeout,na,4733,0,0,0,1,0,0,0,0,
no_instance_based_gamma,GRA/GRA062^1.p,TH0,Theorem,timeout,na,3586,0,0,0,1,0,0,0,0,
no_instance_based_gamma,GRA/GRA062^2.p,TH0,Theorem,timeout,na,3592,0,0,0,1,0,0,0,0,
no_instance_based_gamma,GRA/GRA063^1.p,TH0,Open,timeout,na,4124,0,0,0,1,0,0,0,0,
no_instance_based_gamma,GRA/GRA063^2.p,TH0,Theorem,timeout,na,4120,0,0,0,1,0,0,0,0,
no_instance_based_gamma,GRA/GRA064^1.p,TH0,CounterSatisfiable,timeout,na,5696,0,0,0,1,0,0,0,0,
no_instance_based_gamma,GRA/GRA064^2.p,TH0,CounterSatisfiable,timeout,na,5806,0,0,0,1,0,0,0,0,
no_instance_based_gamma,GRA/GRA065^1.p,TH0,Open,timeout,na,4187,0,0,0,1,0,0,0,0,
no_instance_based_gamma,GRA/GRA065^2.p,TH0,Theorem,timeout,na,4140,0,0,0,1,0,0,0,0,
no_instance_based_gamma,GRA/GRA066^1.p,TH0,CounterSatisfiable,timeout,na,5755,0,0,0,1,0,0,0,0,
no_instance_based_gamma,GRA/GRA066^2.p,TH0,CounterSatisfiable,timeout,na,5801,0,0,0,1,0,0,0,0,
no_instance_based_gamma,GRA/GRA067^1.p,TH0,Open,timeout,na,4864,0,0,0,1,0,0,0,0,
no_instance_based_gamma,GRA/GRA067^2.p,TH0,Theorem,timeout,na,4896,0,0,0,1,0,0,0,0,
no_instance_based_gamma,GRA/GRA068^1.p,TH0,CounterSatisfiable,parse_timeout,na,0,,,,,,,,,cached: parse exceeded 5000ms
no_instance_based_gamma,GRA/GRA068^2.p,TH0,CounterSatisfiable,parse_timeout,na,0,,,,,,,,,cached: parse exceeded 5000ms
no_instance_based_gamma,GRA/GRA069^1.p,TH0,Open,timeout,na,4913,0,0,0,1,0,0,0,0,
no_instance_based_gamma,GRA/GRA069^2.p,TH0,Theorem,timeout,na,4911,0,0,0,1,0,0,0,0,
no_instance_based_gamma,GRA/GRA070^1.p,TH0,CounterSatisfiable,parse_timeout,na,0,,,,,,,,,cached: parse exceeded 5000ms
no_instance_based_gamma,GRA/GRA070^2.p,TH0,CounterSatisfiable,parse_timeout,na,0,,,,,,,,,cached: parse exceeded 5000ms
no_instance_based_gamma,GRA/GRA071^1.p,TH0,CounterSatisfiable,parse_timeout,na,0,,,,,,,,,cached: parse exceeded 5000ms
no_instance_based_gamma,GRA/GRA071^2.p,TH0,CounterSatisfiable,parse_timeout,na,0,,,,,,,,,cached: parse exceeded 5000ms
no_instance_based_gamma,GRA/GRA072^1.p,TH0,Open,timeout,na,5830,0,0,0,1,0,0,0,0,
no_instance_based_gamma,GRA/GRA072^2.p,TH0,Theorem,timeout,na,5856,0,0,0,1,0,0,0,0,
no_instance_based_gamma,GRA/GRA073^1.p,TH0,CounterSatisfiable,parse_timeout,na,0,,,,,,,,,cached: parse exceeded 5000ms
no_instance_based_gamma,GRA/GRA073^2.p,TH0,CounterSatisfiable,parse_timeout,na,0,,,,,,,,,cached: parse exceeded 5000ms
no_instance_based_gamma,GRA/GRA074^1.p,TH0,Theorem,timeout,na,5863,0,0,0,1,0,0,0,0,
no_instance_based_gamma,GRA/GRA074^2.p,TH0,Theorem,timeout,na,5876,0,0,0,1,0,0,0,0,
no_instance_based_gamma,GRA/GRA081^1.p,TH0,Unsatisfiable,no_conjecture,na,7,,,,,,,,,
no_instance_based_gamma,GRA/GRA082^1.p,TH0,Unsatisfiable,no_conjecture,na,8,,,,,,,,,
no_instance_based_gamma,GRA/GRA083^1.p,TH0,Unsatisfiable,no_conjecture,na,9,,,,,,,,,
no_instance_based_gamma,GRA/GRA084^1.p,TH0,Unsatisfiable,no_conjecture,na,12,,,,,,,,,
no_instance_based_gamma,GRA/GRA085^1.p,TH0,Unsatisfiable,no_conjecture,na,10,,,,,,,,,
no_instance_based_gamma,GRA/GRA086^1.p,TH0,Unsatisfiable,no_conjecture,na,9,,,,,,,,,
no_instance_based_gamma,GRA/GRA087^1.p,TH0,Unsatisfiable,no_conjecture,na,8,,,,,,,,,
no_instance_based_gamma,GRA/GRA088^1.p,TH0,Unsatisfiable,no_conjecture,na,8,,,,,,,,,
no_instance_based_gamma,GRA/GRA089^1.p,TH0,Unsatisfiable,no_conjecture,na,9,,,,,,,,,
no_instance_based_gamma,GRA/GRA090^1.p,TH0,Unsatisfiable,no_conjecture,na,9,,,,,,,,,
no_instance_based_gamma,GRA/GRA091^1.p,TH0,Unsatisfiable,no_conjecture,na,9,,,,,,,,,
no_instance_based_gamma,GRA/GRA092^1.p,TH0,Unsatisfiable,no_conjecture,na,9,,,,,,,,,
no_instance_based_gamma,GRA/GRA093^1.p,TH0,Unsatisfiable,no_conjecture,na,9,,,,,,,,,
no_instance_based_gamma,GRA/GRA094^1.p,TH0,Unsatisfiable,no_conjecture,na,12,,,,,,,,,
no_instance_based_gamma,GRA/GRA095^1.p,TH0,Unsatisfiable,no_conjecture,na,12,,,,,,,,,
no_instance_based_gamma,GRA/GRA096^1.p,TH0,Unsatisfiable,no_conjecture,na,10,,,,,,,,,
no_instance_based_gamma,GRA/GRA097^1.p,TH0,Unsatisfiable,no_conjecture,na,10,,,,,,,,,
no_instance_based_gamma,GRA/GRA098^1.p,TH0,Unsatisfiable,no_conjecture,na,11,,,,,,,,,
no_instance_based_gamma,GRA/GRA099^1.p,TH0,Unsatisfiable,no_conjecture,na,10,,,,,,,,,
no_instance_based_gamma,GRA/GRA100^1.p,TH0,Unsatisfiable,no_conjecture,na,11,,,,,,,,,
no_instance_based_gamma,GRA/GRA101^1.p,TH0,Unsatisfiable,no_conjecture,na,12,,,,,,,,,
no_instance_based_gamma,GRA/GRA102^1.p,TH0,Unsatisfiable,no_conjecture,na,10,,,,,,,,,
no_instance_based_gamma,GRA/GRA103^1.p,TH0,Unsatisfiable,no_conjecture,na,13,,,,,,,,,
no_instance_based_gamma,GRA/GRA104^1.p,TH0,Unsatisfiable,no_conjecture,na,12,,,,,,,,,
no_instance_based_gamma,GRA/GRA105^1.p,TH0,Unsatisfiable,no_conjecture,na,8,,,,,,,,,
no_instance_based_gamma,GRA/GRA106^1.p,TH0,Unsatisfiable,no_conjecture,na,9,,,,,,,,,
no_instance_based_gamma,GRA/GRA107^1.p,TH0,Unsatisfiable,no_conjecture,na,10,,,,,,,,,
no_instance_based_gamma,GRA/GRA108^1.p,TH0,Unsatisfiable,no_conjecture,na,10,,,,,,,,,
no_instance_based_gamma,GRA/GRA109^1.p,TH0,Unsatisfiable,no_conjecture,na,10,,,,,,,,,
no_instance_based_gamma,GRA/GRA110^1.p,TH0,Unsatisfiable,no_conjecture,na,10,,,,,,,,,
no_instance_based_gamma,GRA/GRA111^1.p,TH0,Unsatisfiable,no_conjecture,na,9,,,,,,,,,
no_instance_based_gamma,GRA/GRA112^1.p,TH0,Unsatisfiable,no_conjecture,na,10,,,,,,,,,
no_instance_based_gamma,GRA/GRA113^1.p,TH0,Unsatisfiable,no_conjecture,na,10,,,,,,,,,
no_instance_based_gamma,GRA/GRA114^1.p,TH0,Unsatisfiable,no_conjecture,na,10,,,,,,,,,
no_instance_based_gamma,GRA/GRA115^1.p,TH0,Unsatisfiable,no_conjecture,na,11,,,,,,,,,
no_instance_based_gamma,GRA/GRA116^1.p,TH0,Unsatisfiable,no_conjecture,na,10,,,,,,,,,
no_instance_based_gamma,GRP/GRP001^5.p,TH0,Theorem,timeout,na,2047,2039,105,2039,161,13,0,1,0,
no_instance_based_gamma,GRP/GRP782^1.p,TH0,Unknown,timeout,na,2701,0,0,0,1,0,0,0,0,
no_instance_based_gamma,GRP/GRP783^1.p,TH0,Unknown,timeout,na,2695,0,0,0,1,0,0,0,0,
no_instance_based_gamma,GRP/GRP784^1.p,TH0,Unknown,timeout,na,2639,0,0,0,1,0,0,0,0,
no_instance_based_gamma,GRP/GRP785^1.p,TH0,Unknown,timeout,na,2670,0,0,0,1,0,0,0,0,
no_instance_based_gamma,GRP/GRP786^1.p,TH0,Unknown,timeout,na,2683,0,0,0,1,0,0,0,0,
no_instance_based_gamma,GRP/GRP787^1.p,TH0,Unknown,timeout,na,2685,0,0,0,1,0,0,0,0,
no_instance_based_gamma,GRP/GRP788^1.p,TH0,Unknown,timeout,na,2632,0,0,0,1,0,0,0,0,
no_instance_based_gamma,GRP/GRP789^1.p,TH0,Unknown,timeout,na,2641,0,0,0,1,0,0,0,0,
no_instance_based_gamma,GRP/GRP790^1.p,TH0,Unknown,timeout,na,2663,0,0,0,1,0,0,0,0,
no_instance_based_gamma,GRP/GRP791^1.p,TH0,Unknown,timeout,na,2693,0,0,0,1,0,0,0,0,
no_instance_based_gamma,GRP/GRP792^1.p,TH0,Theorem,timeout,na,2696,0,0,0,1,0,0,0,0,
no_instance_based_gamma,GRP/GRP793^1.p,TH0,Unknown,timeout,na,2660,0,0,0,1,0,0,0,0,
no_instance_based_gamma,GRP/GRP794^1.p,TH0,Theorem,timeout,na,2627,0,0,0,1,0,0,0,0,
no_instance_based_gamma,GRP/GRP795^1.p,TH0,Unknown,timeout,na,2630,0,0,0,1,0,0,0,0,
no_instance_based_gamma,GRP/GRP796^1.p,TH0,Unknown,timeout,na,2617,0,0,0,1,0,0,0,0,
no_instance_based_gamma,GRP/GRP797^1.p,TH0,Unknown,timeout,na,2619,0,0,0,1,0,0,0,0,
no_instance_based_gamma,GRP/GRP798^1.p,TH0,Unknown,timeout,na,2653,0,0,0,1,0,0,0,0,
no_instance_based_gamma,GRP/GRP799^1.p,TH0,Unknown,timeout,na,2655,0,0,0,1,0,0,0,0,
no_instance_based_gamma,GRP/GRP800^1.p,TH0,Unknown,timeout,na,2681,0,0,0,1,0,0,0,0,
no_instance_based_gamma,GRP/GRP801^1.p,TH0,Unknown,timeout,na,2666,0,0,0,1,0,0,0,0,
no_instance_based_gamma,GRP/GRP802^1.p,TH0,Theorem,timeout,na,2700,0,0,0,1,0,0,0,0,
no_instance_based_gamma,GRP/GRP803^1.p,TH0,Unknown,timeout,na,2675,0,0,0,1,0,0,0,0,
no_instance_based_gamma,GRP/GRP804^1.p,TH0,Theorem,timeout,na,2628,0,0,0,1,0,0,0,0,
no_instance_based_gamma,GRP/GRP805^1.p,TH0,Unknown,timeout,na,2629,0,0,0,1,0,0,0,0,
no_instance_based_gamma,GRP/GRP806^1.p,TH0,Unknown,timeout,na,2686,0,0,0,1,0,0,0,0,
no_instance_based_gamma,GRP/GRP807^1.p,TH0,Unknown,timeout,na,2666,0,0,0,1,0,0,0,0,
no_instance_based_gamma,GRP/GRP808^1.p,TH0,Theorem,timeout,na,2654,0,0,0,1,0,0,0,0,
no_instance_based_gamma,GRP/GRP809^1.p,TH0,Unknown,timeout,na,2659,0,0,0,1,0,0,0,0,
no_instance_based_gamma,GRP/GRP810^1.p,TH0,Unknown,timeout,na,2633,0,0,0,1,0,0,0,0,
no_instance_based_gamma,GRP/GRP811^1.p,TH0,Unknown,timeout,na,2667,0,0,0,1,0,0,0,0,
no_instance_based_gamma,GRP/GRP812^1.p,TH0,Unknown,timeout,na,2660,0,0,0,1,0,0,0,0,
no_instance_based_gamma,GRP/GRP813^1.p,TH0,Unknown,timeout,na,2690,0,0,0,1,0,0,0,0,
no_instance_based_gamma,GRP/GRP814^1.p,TH0,Unknown,timeout,na,2656,0,0,0,1,0,0,0,0,
no_instance_based_gamma,GRP/GRP815^1.p,TH0,Unknown,timeout,na,2672,0,0,0,1,0,0,0,0,
no_instance_based_gamma,GRP/GRP816^1.p,TH0,Unknown,timeout,na,2673,0,0,0,1,0,0,0,0,
no_instance_based_gamma,GRP/GRP817^1.p,TH0,Unknown,timeout,na,2679,0,0,0,1,0,0,0,0,
no_instance_based_gamma,GRP/GRP818^1.p,TH0,Unknown,timeout,na,2696,0,0,0,1,0,0,0,0,
no_instance_based_gamma,GRP/GRP819^1.p,TH0,Unknown,timeout,na,2668,0,0,0,1,0,0,0,0,
no_instance_based_gamma,GRP/GRP820^1.p,TH0,Unknown,timeout,na,2649,0,0,0,1,0,0,0,0,
no_instance_based_gamma,GRP/GRP821^1.p,TH0,Unknown,timeout,na,2679,0,0,0,1,0,0,0,0,
no_instance_based_gamma,ITP/ITP001^1.p,TH0,Theorem,thm,yes,58,7,0,7,2,2,0,0,0,
no_instance_based_gamma,ITP/ITP001^2.p,TH0,Theorem,thm,yes,18,1,0,1,1,1,0,0,0,
no_instance_based_gamma,ITP/ITP001^3.p,TH1,Theorem,thm,yes,10,6,0,6,2,2,0,0,0,
no_instance_based_gamma,ITP/ITP001^4.p,TH0,Theorem,thm,yes,317,31,0,31,4,4,0,0,0,
no_instance_based_gamma,ITP/ITP001^5.p,TH0,Theorem,thm,yes,119,1,0,1,1,1,0,0,0,
no_instance_based_gamma,ITP/ITP001^7.p,TH1,Theorem,thm,yes,325,25,0,25,4,4,0,0,0,
no_instance_based_gamma,ITP/ITP002^1.p,TH0,Theorem,timeout,na,2163,1177,87,1177,47,0,0,0,0,
no_instance_based_gamma,ITP/ITP002^2.p,TH0,Theorem,timeout,na,2140,1739,68,1739,158,49,0,0,0,
no_instance_based_gamma,ITP/ITP002^3.p,TH1,Theorem,timeout,na,2131,2455,49,2445,210,197,0,1,0,
no_instance_based_gamma,ITP/ITP002^4.p,TH0,Theorem,parse_timeout,na,0,,,,,,,,,cached: parse exceeded 5000ms
no_instance_based_gamma,ITP/ITP002^5.p,TH0,Theorem,timeout,na,4608,220,20,220,2,0,0,0,0,
no_instance_based_gamma,ITP/ITP002^7.p,TH1,Theorem,timeout,na,3407,192,9,192,24,8,0,0,0,
no_instance_based_gamma,ITP/ITP003^1.p,TH0,Theorem,timeout,na,2196,31,3,31,1,0,0,0,0,
no_instance_based_gamma,ITP/ITP003^2.p,TH0,Theorem,timeout,na,2298,1433,15,1433,282,0,0,1,0,
no_instance_based_gamma,ITP/ITP003^3.p,TH1,Theorem,timeout,na,2189,3392,221,3392,147,47,0,0,0,
no_instance_based_gamma,ITP/ITP003^4.p,TH0,Theorem,parse_timeout,na,0,,,,,,,,,cached: parse exceeded 5000ms
no_instance_based_gamma,ITP/ITP003^5.p,TH0,Theorem,parse_timeout,na,0,,,,,,,,,cached: parse exceeded 5000ms
no_instance_based_gamma,ITP/ITP003^7.p,TH1,Theorem,timeout,na,4476,47,1,47,8,0,0,0,0,
no_instance_based_gamma,ITP/ITP004^1.p,TH0,Theorem,timeout,na,2153,753,49,753,48,0,0,0,0,
no_instance_based_gamma,ITP/ITP004^2.p,TH0,Theorem,timeout,na,2111,1366,26,1366,192,0,0,0,0,
no_instance_based_gamma,ITP/ITP004^3.p,TH1,Theorem,timeout,na,2126,3492,32,3492,107,360,0,1,0,
no_instance_based_gamma,ITP/ITP004^4.p,TH0,Theorem,parse_timeout,na,0,,,,,,,,,cached: parse exceeded 5000ms
no_instance_based_gamma,ITP/ITP004^5.p,TH0,Theorem,parse_timeout,na,0,,,,,,,,,cached: parse exceeded 5000ms
no_instance_based_gamma,ITP/ITP004^7.p,TH1,Theorem,timeout,na,6267,0,0,0,1,0,0,0,0,
no_instance_based_gamma,ITP/ITP005^1.p,TH0,Theorem,timeout,na,2186,788,66,788,16,0,0,0,0,
no_instance_based_gamma,ITP/ITP005^2.p,TH0,Theorem,timeout,na,2197,1432,32,1432,225,36,0,1,0,
no_instance_based_gamma,ITP/ITP005^3.p,TH1,Theorem,timeout,na,2087,1893,135,1893,83,4,0,1,0,
no_instance_based_gamma,ITP/ITP005^4.p,TH0,Theorem,parse_timeout,na,0,,,,,,,,,cached: parse exceeded 5000ms
no_instance_based_gamma,ITP/ITP005^5.p,TH0,Theorem,parse_timeout,na,0,,,,,,,,,cached: parse exceeded 5000ms
no_instance_based_gamma,ITP/ITP005^7.p,TH1,Theorem,parse_timeout,na,0,,,,,,,,,cached: parse exceeded 5000ms
no_instance_based_gamma,ITP/ITP006^1.p,TH0,Theorem,timeout,na,2175,676,40,676,40,0,0,0,0,
no_instance_based_gamma,ITP/ITP006^2.p,TH0,Theorem,timeout,na,2175,833,10,833,88,137,0,1,0,
no_instance_based_gamma,ITP/ITP006^3.p,TH1,Theorem,timeout,na,2099,812,41,812,61,1,0,1,0,
no_instance_based_gamma,ITP/ITP006^4.p,TH0,Theorem,parse_timeout,na,0,,,,,,,,,cached: parse exceeded 5000ms
no_instance_based_gamma,ITP/ITP006^5.p,TH0,Theorem,parse_timeout,na,0,,,,,,,,,cached: parse exceeded 5000ms
no_instance_based_gamma,ITP/ITP006^7.p,TH1,Theorem,parse_timeout,na,0,,,,,,,,,cached: parse exceeded 5000ms
no_instance_based_gamma,ITP/ITP007^1.p,TH0,Theorem,timeout,na,2438,215,17,215,4,0,0,0,0,
no_instance_based_gamma,ITP/ITP007^2.p,TH0,Theorem,timeout,na,2449,1814,17,1814,155,388,0,1,0,
no_instance_based_gamma,ITP/ITP007^3.p,TH1,Theorem,timeout,na,2199,1747,91,1747,109,13,0,1,0,
no_instance_based_gamma,ITP/ITP007^4.p,TH0,Theorem,parse_timeout,na,0,,,,,,,,,cached: parse exceeded 5000ms
no_instance_based_gamma,ITP/ITP007^5.p,TH0,Theorem,parse_timeout,na,0,,,,,,,,,cached: parse exceeded 5000ms
no_instance_based_gamma,ITP/ITP007^7.p,TH1,Theorem,parse_timeout,na,0,,,,,,,,,cached: parse exceeded 5000ms
no_instance_based_gamma,ITP/ITP008^1.p,TH0,Theorem,timeout,na,2141,1117,72,1117,50,0,0,0,0,
no_instance_based_gamma,ITP/ITP008^2.p,TH0,Theorem,timeout,na,2160,1346,70,1346,135,0,0,0,0,
no_instance_based_gamma,ITP/ITP008^3.p,TH1,Theorem,timeout,na,2044,720,27,720,39,22,0,1,0,
no_instance_based_gamma,ITP/ITP008^4.p,TH0,Theorem,parse_timeout,na,0,,,,,,,,,cached: parse exceeded 5000ms
no_instance_based_gamma,ITP/ITP008^5.p,TH0,Theorem,parse_timeout,na,0,,,,,,,,,cached: parse exceeded 5000ms
no_instance_based_gamma,ITP/ITP008^7.p,TH1,Theorem,parse_timeout,na,0,,,,,,,,,cached: parse exceeded 5000ms
no_instance_based_gamma,ITP/ITP009^1.p,TH0,Theorem,timeout,na,2213,781,73,781,8,0,0,0,0,
no_instance_based_gamma,ITP/ITP009^2.p,TH0,Theorem,timeout,na,2151,642,18,642,102,1,0,1,0,
no_instance_based_gamma,ITP/ITP009^3.p,TH1,Theorem,timeout,na,2069,817,60,817,31,1,0,1,0,
no_instance_based_gamma,ITP/ITP009^4.p,TH0,Theorem,parse_timeout,na,0,,,,,,,,,cached: parse exceeded 5000ms
no_instance_based_gamma,ITP/ITP009^5.p,TH0,Theorem,parse_timeout,na,0,,,,,,,,,cached: parse exceeded 5000ms
no_instance_based_gamma,ITP/ITP009^7.p,TH1,Theorem,parse_timeout,na,0,,,,,,,,,cached: parse exceeded 5000ms
no_instance_based_gamma,ITP/ITP010^1.p,TH0,Theorem,thm,yes,103,7,0,7,1,1,0,0,0,
no_instance_based_gamma,ITP/ITP010^2.p,TH0,Theorem,thm,yes,70,15,1,15,1,1,0,0,0,
no_instance_based_gamma,ITP/ITP010^3.p,TH1,Theorem,thm,yes,28,5,0,5,1,1,0,0,0,
no_instance_based_gamma,ITP/ITP010^4.p,TH0,Theorem,parse_timeout,na,0,,,,,,,,,cached: parse exceeded 5000ms
no_instance_based_gamma,ITP/ITP010^5.p,TH0,Theorem,parse_timeout,na,0,,,,,,,,,cached: parse exceeded 5000ms
no_instance_based_gamma,ITP/ITP010^7.p,TH1,Theorem,parse_timeout,na,0,,,,,,,,,cached: parse exceeded 5000ms
no_instance_based_gamma,ITP/ITP011^1.p,TH0,Theorem,timeout,na,2208,738,58,738,16,0,0,0,0,
no_instance_based_gamma,ITP/ITP011^2.p,TH0,Theorem,timeout,na,2151,236,15,236,12,1,0,0,0,
no_instance_based_gamma,ITP/ITP011^3.p,TH1,Theorem,timeout,na,2097,396,27,396,10,8,0,1,0,
no_instance_based_gamma,ITP/ITP011^4.p,TH0,Theorem,parse_timeout,na,0,,,,,,,,,cached: parse exceeded 5000ms
no_instance_based_gamma,ITP/ITP011^5.p,TH0,Theorem,parse_timeout,na,0,,,,,,,,,cached: parse exceeded 5000ms
no_instance_based_gamma,ITP/ITP011^7.p,TH1,Theorem,parse_timeout,na,0,,,,,,,,,cached: parse exceeded 5000ms
no_instance_based_gamma,ITP/ITP012^1.p,TH0,Theorem,timeout,na,2194,1423,84,1423,47,60,0,0,0,
no_instance_based_gamma,ITP/ITP012^2.p,TH0,Theorem,timeout,na,2217,1705,9,1705,230,8,0,0,0,
no_instance_based_gamma,ITP/ITP012^3.p,TH1,Theorem,timeout,na,2245,3342,141,3342,195,281,0,0,0,
no_instance_based_gamma,ITP/ITP012^4.p,TH0,Theorem,parse_timeout,na,0,,,,,,,,,cached: parse exceeded 5000ms
no_instance_based_gamma,ITP/ITP012^5.p,TH0,Theorem,parse_timeout,na,0,,,,,,,,,cached: parse exceeded 5000ms
no_instance_based_gamma,ITP/ITP012^7.p,TH1,Theorem,parse_timeout,na,0,,,,,,,,,cached: parse exceeded 5000ms
no_instance_based_gamma,ITP/ITP013^1.p,TH0,Theorem,timeout,na,2143,550,53,550,4,0,0,0,0,
no_instance_based_gamma,ITP/ITP013^2.p,TH0,Theorem,timeout,na,2197,2144,23,2144,255,146,0,2,0,
no_instance_based_gamma,ITP/ITP013^3.p,TH1,Theorem,prover_error,na,2110,,,,,,,,,{{%RuntimeError{message: "ShotTx.Proof.interior_event/2: unhandled trace entry {472390824  {:instantiate  #Stream<[enum: [470356038  470356070]  funs: [#Function<49.48511117/1 in Stream.map/2>  #Function<49.48511117/1 in Stream.map/2>]]>  2}  []}"}  [{ShotTx.Proof  :interior_event  2  [file: ~c"lib/shot_tx/proof.ex"  line: 474  error_info: %{module: Exception}]}  {Enum  :"-reduce/3-lists^foldl/2-0-"  3  [file: ~c"lib/enum.ex"  line: 2622]}  {ShotTx.Proof  :linearize  2  [file: ~c"lib/shot_tx/proof.ex"  line: 367]}  {Enum  :"-map/2-fun-0-"  3  [file: ~c"lib/enum.ex"  line: 1733]}  {:maps  :fold_1  4  [file: ~c"maps.erl"  line: 894]}  {Enum  :map  2  [file: ~c"lib/enum.ex"  line: 2634]}  {ShotTx.Proof  :from_refutation  4  [file: ~c"lib/shot_tx/proof.ex"  line: 117]}  {ShotTx.Prover.Manager  :finish_with_timeout  1  [file: ~c"lib/shot_tx/prover/manager.ex"  line: 221]}]}  {GenServer  :call  [{:via  Registry  {ShotTx.Prover.ProcessRegistry  {"#Reference<0.2103208836.500170757.223476>"  :manager}}}  :start_proof  :infinity]}}
no_instance_based_gamma,ITP/ITP013^4.p,TH0,Theorem,parse_timeout,na,0,,,,,,,,,cached: parse exceeded 5000ms
no_instance_based_gamma,ITP/ITP013^5.p,TH0,Theorem,parse_timeout,na,0,,,,,,,,,cached: parse exceeded 5000ms
no_instance_based_gamma,ITP/ITP013^7.p,TH1,Theorem,parse_timeout,na,0,,,,,,,,,cached: parse exceeded 5000ms
no_instance_based_gamma,ITP/ITP014^1.p,TH0,Theorem,timeout,na,2411,13,1,13,1,0,0,0,0,
no_instance_based_gamma,ITP/ITP014^2.p,TH0,Theorem,timeout,na,2371,39,3,39,1,0,0,0,0,
no_instance_based_gamma,ITP/ITP014^3.p,TH1,Theorem,timeout,na,2182,14,1,14,1,0,0,0,0,
no_instance_based_gamma,ITP/ITP014^4.p,TH0,Theorem,parse_timeout,na,0,,,,,,,,,cached: parse exceeded 5000ms
no_instance_based_gamma,ITP/ITP014^5.p,TH0,Theorem,parse_timeout,na,0,,,,,,,,,cached: parse exceeded 5000ms
no_instance_based_gamma,ITP/ITP014^7.p,TH1,Theorem,parse_timeout,na,0,,,,,,,,,cached: parse exceeded 5000ms
no_instance_based_gamma,ITP/ITP015^1.p,TH0,Theorem,timeout,na,2148,556,51,556,4,0,0,0,0,
no_instance_based_gamma,ITP/ITP015^2.p,TH0,Theorem,timeout,na,2317,2392,11,2392,609,104,0,1,0,
no_instance_based_gamma,ITP/ITP015^3.p,TH1,Theorem,timeout,na,2109,1936,84,1936,165,27,0,1,0,
no_instance_based_gamma,ITP/ITP015^4.p,TH0,Theorem,parse_timeout,na,0,,,,,,,,,cached: parse exceeded 5000ms
no_instance_based_gamma,ITP/ITP015^5.p,TH0,Theorem,parse_timeout,na,0,,,,,,,,,cached: parse exceeded 5000ms
no_instance_based_gamma,ITP/ITP015^7.p,TH1,Theorem,parse_timeout,na,0,,,,,,,,,cached: parse exceeded 5000ms
no_instance_based_gamma,ITP/ITP016^1.p,TH0,Theorem,timeout,na,2258,1476,105,1476,65,0,0,0,0,
no_instance_based_gamma,ITP/ITP016^2.p,TH0,Theorem,timeout,na,2300,1140,23,1140,231,0,0,1,0,
no_instance_based_gamma,ITP/ITP016^3.p,TH1,Theorem,timeout,na,2235,3290,162,3290,193,15,0,0,0,
no_instance_based_gamma,ITP/ITP016^4.p,TH0,Theorem,parse_timeout,na,0,,,,,,,,,cached: parse exceeded 5000ms
no_instance_based_gamma,ITP/ITP016^5.p,TH0,Theorem,parse_timeout,na,0,,,,,,,,,cached: parse exceeded 5000ms
no_instance_based_gamma,ITP/ITP016^7.p,TH1,Theorem,parse_timeout,na,0,,,,,,,,,cached: parse exceeded 5000ms
no_instance_based_gamma,ITP/ITP017^1.p,TH0,Theorem,timeout,na,2386,20,2,20,1,0,0,0,0,
no_instance_based_gamma,ITP/ITP017^2.p,TH0,Theorem,timeout,na,2359,57,5,57,1,0,0,0,0,
no_instance_based_gamma,ITP/ITP017^3.p,TH1,Theorem,timeout,na,2165,19,1,19,1,0,0,0,0,
no_instance_based_gamma,ITP/ITP017^4.p,TH0,Theorem,parse_timeout,na,0,,,,,,,,,cached: parse exceeded 5000ms
no_instance_based_gamma,ITP/ITP017^5.p,TH0,Theorem,parse_timeout,na,0,,,,,,,,,cached: parse exceeded 5000ms
no_instance_based_gamma,ITP/ITP017^7.p,TH1,Theorem,parse_timeout,na,0,,,,,,,,,cached: parse exceeded 5000ms
no_instance_based_gamma,ITP/ITP018^1.p,TH0,Theorem,timeout,na,2196,1452,59,1452,163,48,0,0,0,
no_instance_based_gamma,ITP/ITP018^2.p,TH0,Theorem,timeout,na,2083,966,47,966,79,16,0,0,0,
no_instance_based_gamma,ITP/ITP018^3.p,TH1,Theorem,timeout,na,2115,3289,51,3289,135,254,0,1,0,
no_instance_based_gamma,ITP/ITP018^4.p,TH0,Theorem,parse_timeout,na,0,,,,,,,,,cached: parse exceeded 5000ms
no_instance_based_gamma,ITP/ITP018^5.p,TH0,Theorem,parse_timeout,na,0,,,,,,,,,cached: parse exceeded 5000ms
no_instance_based_gamma,ITP/ITP018^7.p,TH1,Theorem,parse_timeout,na,0,,,,,,,,,cached: parse exceeded 5000ms
no_instance_based_gamma,ITP/ITP019^1.p,TH0,Theorem,timeout,na,2184,1443,58,1443,170,21,0,0,0,
no_instance_based_gamma,ITP/ITP019^2.p,TH0,Theorem,timeout,na,2249,2202,15,2202,850,0,0,3,0,
no_instance_based_gamma,ITP/ITP019^3.p,TH1,Theorem,timeout,na,2112,3921,27,3921,145,403,0,1,0,
no_instance_based_gamma,ITP/ITP019^4.p,TH0,Theorem,parse_timeout,na,0,,,,,,,,,cached: parse exceeded 5000ms
no_instance_based_gamma,ITP/ITP019^5.p,TH0,Theorem,parse_timeout,na,0,,,,,,,,,cached: parse exceeded 5000ms
no_instance_based_gamma,ITP/ITP019^7.p,TH1,Theorem,parse_timeout,na,0,,,,,,,,,cached: parse exceeded 5000ms
no_instance_based_gamma,ITP/ITP020^1.p,TH0,ContradictoryAxioms,timeout,na,2254,425,39,425,4,0,0,0,0,
no_instance_based_gamma,ITP/ITP020^2.p,TH0,Theorem,timeout,na,2780,5007,11,5007,687,1428,0,1,0,
no_instance_based_gamma,ITP/ITP020^3.p,TH1,Theorem,timeout,na,2060,958,78,958,23,1,0,1,0,
no_instance_based_gamma,ITP/ITP020^4.p,TH0,Theorem,parse_timeout,na,0,,,,,,,,,cached: parse exceeded 5000ms
no_instance_based_gamma,ITP/ITP020^5.p,TH0,Theorem,parse_timeout,na,0,,,,,,,,,cached: parse exceeded 5000ms
no_instance_based_gamma,ITP/ITP020^7.p,TH1,Theorem,parse_timeout,na,0,,,,,,,,,cached: parse exceeded 5000ms
no_instance_based_gamma,ITP/ITP021^1.p,TH0,Theorem,timeout,na,2139,973,92,973,8,0,0,0,0,
no_instance_based_gamma,ITP/ITP021^2.p,TH0,Theorem,timeout,na,2199,1653,18,1653,237,1,0,0,0,
no_instance_based_gamma,ITP/ITP021^3.p,TH1,Theorem,timeout,na,2135,3109,189,3093,225,3,0,1,0,
no_instance_based_gamma,ITP/ITP021^4.p,TH0,Theorem,parse_timeout,na,0,,,,,,,,,cached: parse exceeded 5000ms
no_instance_based_gamma,ITP/ITP021^5.p,TH0,Theorem,parse_timeout,na,0,,,,,,,,,cached: parse exceeded 5000ms
no_instance_based_gamma,ITP/ITP021^7.p,TH1,Theorem,parse_timeout,na,0,,,,,,,,,cached: parse exceeded 5000ms
no_instance_based_gamma,ITP/ITP022^1.p,TH0,Theorem,timeout,na,2319,17,1,17,1,0,0,0,0,
no_instance_based_gamma,ITP/ITP022^2.p,TH0,Theorem,timeout,na,2286,44,4,44,1,0,0,0,0,
no_instance_based_gamma,ITP/ITP022^3.p,TH1,Theorem,timeout,na,2139,13,1,13,1,0,0,0,0,
no_instance_based_gamma,ITP/ITP022^4.p,TH0,Theorem,parse_timeout,na,0,,,,,,,,,cached: parse exceeded 5000ms
no_instance_based_gamma,ITP/ITP022^5.p,TH0,Theorem,parse_timeout,na,0,,,,,,,,,cached: parse exceeded 5000ms
no_instance_based_gamma,ITP/ITP022^7.p,TH1,Theorem,parse_timeout,na,0,,,,,,,,,cached: parse exceeded 5000ms
no_instance_based_gamma,ITP/ITP023^1.p,TH0,Theorem,timeout,na,2227,1139,65,1139,83,9,0,0,0,
no_instance_based_gamma,ITP/ITP023^2.p,TH0,Theorem,timeout,na,2207,1807,12,1807,232,8,0,0,0,
no_instance_based_gamma,ITP/ITP023^3.p,TH1,Theorem,timeout,na,2100,1562,83,1562,122,2,0,1,0,
no_instance_based_gamma,ITP/ITP023^4.p,TH0,Theorem,parse_timeout,na,0,,,,,,,,,cached: parse exceeded 5000ms
no_instance_based_gamma,ITP/ITP023^5.p,TH0,Theorem,parse_timeout,na,0,,,,,,,,,cached: parse exceeded 5000ms
no_instance_based_gamma,ITP/ITP023^7.p,TH1,Theorem,parse_timeout,na,0,,,,,,,,,cached: parse exceeded 5000ms
no_instance_based_gamma,ITP/ITP024^1.p,TH0,Theorem,timeout,na,3427,18,1,18,1,0,0,0,0,
no_instance_based_gamma,ITP/ITP024^2.p,TH0,Theorem,timeout,na,2505,57,5,57,1,0,0,0,0,
no_instance_based_gamma,ITP/ITP024^3.p,TH1,Theorem,timeout,na,2246,20,2,20,1,0,0,0,0,
no_instance_based_gamma,ITP/ITP024^4.p,TH0,Theorem,parse_timeout,na,0,,,,,,,,,cached: parse exceeded 5000ms
no_instance_based_gamma,ITP/ITP024^5.p,TH0,Theorem,parse_timeout,na,0,,,,,,,,,cached: parse exceeded 5000ms
no_instance_based_gamma,ITP/ITP024^7.p,TH1,Theorem,parse_timeout,na,0,,,,,,,,,cached: parse exceeded 5000ms
no_instance_based_gamma,ITP/ITP025^1.p,TH0,Theorem,timeout,na,2465,459,33,459,16,3,0,0,0,
no_instance_based_gamma,ITP/ITP025^2.p,TH0,Theorem,timeout,na,2335,854,24,854,148,0,0,0,0,
no_instance_based_gamma,ITP/ITP025^3.p,TH1,Theorem,timeout,na,2115,325,21,325,3,14,0,2,0,
no_instance_based_gamma,ITP/ITP025^4.p,TH0,Theorem,parse_timeout,na,0,,,,,,,,,cached: parse exceeded 5000ms
no_instance_based_gamma,ITP/ITP025^5.p,TH0,Theorem,parse_timeout,na,0,,,,,,,,,cached: parse exceeded 5000ms
no_instance_based_gamma,ITP/ITP025^7.p,TH1,Theorem,parse_timeout,na,0,,,,,,,,,cached: parse exceeded 5000ms
no_instance_based_gamma,ITP/ITP026^1.p,TH0,Theorem,timeout,na,2711,1040,75,1040,40,28,0,6,0,
no_instance_based_gamma,ITP/ITP026^2.p,TH1,Theorem,timeout,na,3178,443,30,443,11,10,0,6,0,
no_instance_based_gamma,ITP/ITP027^1.p,TH0,Theorem,timeout,na,3309,235,23,235,1,0,0,0,0,
no_instance_based_gamma,ITP/ITP027^2.p,TH1,Theorem,timeout,na,4281,71,7,71,1,0,0,0,0,
no_instance_based_gamma,ITP/ITP028^1.p,TH0,Theorem,timeout,na,2544,526,46,526,5,4,0,0,0,
no_instance_based_gamma,ITP/ITP028^2.p,TH1,Theorem,timeout,na,2836,6,0,6,1,0,0,0,0,
no_instance_based_gamma,ITP/ITP029^1.p,TH0,ContradictoryAxioms,timeout,na,2509,253,14,253,15,6,0,0,0,
no_instance_based_gamma,ITP/ITP029^2.p,TH1,ContradictoryAxioms,timeout,na,2509,65,4,65,4,0,0,0,0,
no_instance_based_gamma,ITP/ITP030^1.p,TH0,ContradictoryAxioms,thm,na,658,1,0,1,1,1,0,0,0,
no_instance_based_gamma,ITP/ITP030^2.p,TH1,ContradictoryAxioms,thm,na,846,1,0,1,1,1,0,0,0,
no_instance_based_gamma,ITP/ITP031^1.p,TH0,Theorem,timeout,na,2478,442,16,442,128,1,0,0,0,
no_instance_based_gamma,ITP/ITP031^2.p,TH1,Theorem,timeout,na,2485,48,4,48,1,0,0,0,0,
no_instance_based_gamma,ITP/ITP032^1.p,TH0,Theorem,timeout,na,2494,344,21,344,20,5,0,0,0,
no_instance_based_gamma,ITP/ITP032^2.p,TH1,Theorem,timeout,na,2514,76,5,76,4,0,0,0,0,
no_instance_based_gamma,ITP/ITP033^1.p,TH0,Theorem,timeout,na,2624,610,27,610,100,4,0,0,0,
no_instance_based_gamma,ITP/ITP033^2.p,TH1,Theorem,timeout,na,2550,135,4,135,10,0,0,0,0,
no_instance_based_gamma,ITP/ITP034^1.p,TH0,Theorem,thm,yes,694,2,0,2,1,1,0,0,0,
no_instance_based_gamma,ITP/ITP034^2.p,TH1,Theorem,timeout,na,2484,151,7,151,8,0,0,0,0,
no_instance_based_gamma,ITP/ITP035^1.p,TH0,Theorem,timeout,na,2515,148,1,148,28,0,0,0,0,
no_instance_based_gamma,ITP/ITP035^2.p,TH1,Theorem,timeout,na,2503,97,8,97,2,0,0,0,0,
no_instance_based_gamma,ITP/ITP036^1.p,TH0,Theorem,timeout,na,2404,0,0,0,1,0,0,0,0,
no_instance_based_gamma,ITP/ITP036^2.p,TH1,Theorem,timeout,na,3303,105,10,105,1,0,0,0,0,
no_instance_based_gamma,ITP/ITP037^1.p,TH0,Theorem,thm,yes,774,9,0,9,1,0,0,1,1,
no_instance_based_gamma,ITP/ITP037^2.p,TH1,Theorem,timeout,na,3196,0,0,0,1,0,0,0,0,
no_instance_based_gamma,ITP/ITP038^1.p,TH0,Theorem,timeout,na,2493,204,20,204,1,0,0,0,0,
no_instance_based_gamma,ITP/ITP038^2.p,TH1,Theorem,timeout,na,3763,39,3,39,1,0,0,0,0,
no_instance_based_gamma,ITP/ITP039^1.p,TH0,Theorem,thm,yes,1138,1,0,1,1,1,0,0,0,
no_instance_based_gamma,ITP/ITP039^2.p,TH1,Theorem,thm,yes,3142,1,0,1,1,1,0,0,0,
no_instance_based_gamma,ITP/ITP040^1.p,TH0,ContradictoryAxioms,timeout,na,2626,13,1,13,1,0,0,0,0,
no_instance_based_gamma,ITP/ITP040^2.p,TH1,ContradictoryAxioms,timeout,na,3496,95,3,95,32,16,0,0,0,
no_instance_based_gamma,ITP/ITP041^1.p,TH0,Theorem,thm,yes,883,21,2,21,1,1,0,0,0,
no_instance_based_gamma,ITP/ITP041^2.p,TH1,Theorem,timeout,na,3101,70,7,70,1,0,0,0,0,
no_instance_based_gamma,ITP/ITP042^1.p,TH0,Theorem,timeout,na,2371,119,11,119,1,0,0,0,0,
no_instance_based_gamma,ITP/ITP042^2.p,TH1,Theorem,timeout,na,2725,48,4,48,1,0,0,0,0,
no_instance_based_gamma,ITP/ITP043^1.p,TH0,Theorem,timeout,na,2581,2915,190,2915,195,24,0,0,0,
no_instance_based_gamma,ITP/ITP043^2.p,TH1,Theorem,timeout,na,2735,1155,61,1155,115,9,0,0,0,
no_instance_based_gamma,ITP/ITP044^1.p,TH0,Theorem,timeout,na,2564,3422,40,3422,286,0,0,0,0,
no_instance_based_gamma,ITP/ITP044^2.p,TH1,Theorem,timeout,na,2535,787,33,787,47,39,0,0,0,
no_instance_based_gamma,ITP/ITP045^1.p,TH0,Theorem,timeout,na,3499,231,4,231,40,0,0,0,0,
no_instance_based_gamma,ITP/ITP045^2.p,TH1,Theorem,parse_timeout,na,0,,,,,,,,,cached: parse exceeded 5000ms
no_instance_based_gamma,ITP/ITP046^1.p,TH0,Theorem,timeout,na,3891,636,2,636,512,30,0,0,0,
no_instance_based_gamma,ITP/ITP046^2.p,TH1,Theorem,parse_timeout,na,0,,,,,,,,,cached: parse exceeded 5000ms
no_instance_based_gamma,ITP/ITP047^1.p,TH0,Theorem,timeout,na,3537,485,2,485,325,0,0,0,0,
no_instance_based_gamma,ITP/ITP047^2.p,TH1,Theorem,parse_timeout,na,0,,,,,,,,,cached: parse exceeded 5000ms
no_instance_based_gamma,ITP/ITP048^1.p,TH0,Theorem,timeout,na,2395,212,21,212,1,0,0,0,0,
no_instance_based_gamma,ITP/ITP048^2.p,TH1,Theorem,timeout,na,2585,836,63,836,34,0,0,1,0,
no_instance_based_gamma,ITP/ITP049^1.p,TH0,Theorem,timeout,na,2610,294,29,294,1,0,0,0,0,
no_instance_based_gamma,ITP/ITP049^2.p,TH1,Theorem,timeout,na,3079,129,12,129,1,0,0,0,0,
no_instance_based_gamma,ITP/ITP050^1.p,TH0,Theorem,timeout,na,2440,343,31,343,4,0,0,1,0,
no_instance_based_gamma,ITP/ITP050^2.p,TH1,Theorem,timeout,na,2728,335,23,335,22,0,0,1,0,
no_instance_based_gamma,ITP/ITP051^1.p,TH0,ContradictoryAxioms,timeout,na,2405,112,7,112,5,1,0,0,0,
no_instance_based_gamma,ITP/ITP051^2.p,TH1,ContradictoryAxioms,timeout,na,2645,1551,78,1551,104,6,0,0,0,
no_instance_based_gamma,ITP/ITP052^1.p,TH0,Theorem,timeout,na,2473,532,34,532,29,6,0,0,0,
no_instance_based_gamma,ITP/ITP052^2.p,TH1,Theorem,timeout,na,3024,330,15,330,25,6,0,0,0,
no_instance_based_gamma,ITP/ITP053^1.p,TH0,Theorem,timeout,na,2444,1218,103,1218,40,0,0,1,0,
no_instance_based_gamma,ITP/ITP053^2.p,TH1,Theorem,timeout,na,2799,131,13,131,1,0,0,0,0,
no_instance_based_gamma,ITP/ITP054^1.p,TH0,Theorem,timeout,na,2317,639,18,639,61,27,0,1,0,
no_instance_based_gamma,ITP/ITP054^2.p,TH1,Theorem,timeout,na,2627,936,32,936,96,17,0,2,0,
no_instance_based_gamma,ITP/ITP055^1.p,TH0,Theorem,timeout,na,2909,3537,130,3537,596,0,0,0,0,
no_instance_based_gamma,ITP/ITP055^2.p,TH1,Theorem,timeout,na,3299,418,21,418,34,12,0,1,0,
no_instance_based_gamma,ITP/ITP056^1.p,TH0,Theorem,timeout,na,2340,1759,144,1759,99,0,0,0,0,
no_instance_based_gamma,ITP/ITP056^2.p,TH1,Theorem,timeout,na,2432,1692,142,1692,50,0,0,0,0,
no_instance_based_gamma,ITP/ITP057^1.p,TH0,Theorem,parser_error,na,0,,,,,,,,,cached: Failed to parse formula 'fact_200_SilentDecisionValueNotInverting': [byte:61243] Type Error: Cannot unify strict function types of different arities.
no_instance_based_gamma,ITP/ITP057^2.p,TH1,Theorem,parser_error,na,0,,,,,,,,,cached: Failed to parse formula 'fact_125_SilentDecisionValueNotInverting': [byte:52024] Type Error: Cannot unify strict function types of different arities.
no_instance_based_gamma,ITP/ITP058^1.p,TH0,Theorem,timeout,na,2905,0,0,0,1,0,0,0,0,
no_instance_based_gamma,ITP/ITP058^2.p,TH1,Theorem,timeout,na,3462,0,0,0,1,0,0,0,0,
no_instance_based_gamma,ITP/ITP059^1.p,TH0,Theorem,timeout,na,2324,2022,94,2022,130,123,0,5,0,
no_instance_based_gamma,ITP/ITP059^2.p,TH1,Theorem,timeout,na,2602,1144,55,1144,71,91,0,2,0,
no_instance_based_gamma,ITP/ITP060^1.p,TH0,Theorem,timeout,na,2378,1739,63,1739,269,58,0,6,0,
no_instance_based_gamma,ITP/ITP060^2.p,TH1,Theorem,timeout,na,2709,1105,31,1105,138,23,0,6,0,
no_instance_based_gamma,ITP/ITP061^1.p,TH0,Theorem,timeout,na,2748,1587,75,1587,633,0,0,1,0,
no_instance_based_gamma,ITP/ITP061^2.p,TH1,Theorem,timeout,na,2960,1063,33,1063,643,0,0,2,0,
no_instance_based_gamma,ITP/ITP062^1.p,TH0,Theorem,timeout,na,2518,1199,23,1199,201,2,0,1,0,
no_instance_based_gamma,ITP/ITP062^2.p,TH1,Theorem,timeout,na,2389,731,43,731,27,6,0,10,0,
no_instance_based_gamma,ITP/ITP063^1.p,TH0,Theorem,timeout,na,2663,3454,153,3454,765,78,0,6,0,
no_instance_based_gamma,ITP/ITP063^2.p,TH1,Theorem,timeout,na,2468,3191,242,3191,171,2,0,0,0,
no_instance_based_gamma,ITP/ITP064^1.p,TH0,Theorem,timeout,na,2422,699,51,699,40,2,0,0,0,
no_instance_based_gamma,ITP/ITP064^2.p,TH1,Theorem,timeout,na,2557,2767,217,2767,171,0,0,0,0,
no_instance_based_gamma,ITP/ITP065^1.p,TH0,Theorem,timeout,na,2058,1301,79,1301,76,4,0,2,0,
no_instance_based_gamma,ITP/ITP065^2.p,TH1,Theorem,timeout,na,3643,151,14,151,2,0,0,0,0,
no_instance_based_gamma,ITP/ITP066^1.p,TH0,Theorem,timeout,na,2705,0,0,0,1,0,0,0,0,
no_instance_based_gamma,ITP/ITP066^2.p,TH1,Theorem,timeout,na,3175,57,5,57,1,0,0,0,0,
no_instance_based_gamma,ITP/ITP067^1.p,TH0,Theorem,timeout,na,2360,1575,135,1575,44,3,0,1,0,
no_instance_based_gamma,ITP/ITP067^2.p,TH1,Theorem,timeout,na,2835,343,20,343,19,0,0,0,0,
no_instance_based_gamma,ITP/ITP068^1.p,TH0,Theorem,timeout,na,2484,699,53,699,109,0,0,1,0,
no_instance_based_gamma,ITP/ITP068^2.p,TH1,Theorem,timeout,na,3197,86,8,86,1,0,0,0,0,
no_instance_based_gamma,ITP/ITP069^1.p,TH0,Theorem,timeout,na,2773,1152,36,1152,724,0,0,1,0,
no_instance_based_gamma,ITP/ITP069^2.p,TH1,Theorem,timeout,na,3210,67,6,67,1,0,0,0,0,
no_instance_based_gamma,ITP/ITP070^1.p,TH0,Theorem,timeout,na,2543,0,0,0,1,0,0,0,0,
no_instance_based_gamma,ITP/ITP070^2.p,TH1,Theorem,timeout,na,3241,71,7,71,1,0,0,0,0,
no_instance_based_gamma,ITP/ITP071^1.p,TH0,Theorem,timeout,na,2704,0,0,0,1,0,0,0,0,
no_instance_based_gamma,ITP/ITP071^2.p,TH1,Theorem,timeout,na,3167,25,2,25,1,0,0,0,0,
no_instance_based_gamma,ITP/ITP072^1.p,TH0,Theorem,timeout,na,2485,1022,24,1022,122,12,0,0,0,
no_instance_based_gamma,ITP/ITP072^2.p,TH1,Theorem,timeout,na,2523,186,13,186,9,0,0,0,0,
no_instance_based_gamma,ITP/ITP073^1.p,TH0,Theorem,timeout,na,2478,215,21,215,1,0,0,0,0,
no_instance_based_gamma,ITP/ITP073^2.p,TH1,Theorem,timeout,na,2494,98,9,98,2,0,0,0,0,
no_instance_based_gamma,ITP/ITP074^1.p,TH0,Theorem,timeout,na,2351,1233,89,1233,33,23,0,0,0,
no_instance_based_gamma,ITP/ITP074^2.p,TH1,Theorem,timeout,na,2391,1361,83,1361,72,13,0,0,0,
no_instance_based_gamma,ITP/ITP075^1.p,TH0,Theorem,timeout,na,2331,31,3,31,1,0,0,0,0,
no_instance_based_gamma,ITP/ITP075^2.p,TH1,Theorem,timeout,na,2335,55,5,55,1,0,0,0,0,
no_instance_based_gamma,ITP/ITP076^1.p,TH0,Theorem,timeout,na,2388,1165,100,1165,17,2,0,0,0,
no_instance_based_gamma,ITP/ITP076^2.p,TH1,Theorem,timeout,na,2458,617,47,617,28,4,0,0,0,
no_instance_based_gamma,ITP/ITP077^1.p,TH0,Theorem,timeout,na,2540,67,6,67,1,0,0,0,0,
no_instance_based_gamma,ITP/ITP077^2.p,TH1,Theorem,timeout,na,2590,185,16,185,4,0,0,0,0,
no_instance_based_gamma,ITP/ITP078^1.p,TH0,Theorem,timeout,na,2484,617,25,617,80,4,0,0,0,
no_instance_based_gamma,ITP/ITP078^2.p,TH1,Theorem,timeout,na,2429,121,10,121,3,2,0,0,0,
no_instance_based_gamma,ITP/ITP079^1.p,TH0,Theorem,timeout,na,2519,224,22,224,1,0,0,0,0,
no_instance_based_gamma,ITP/ITP079^2.p,TH1,Theorem,timeout,na,2487,390,29,390,43,0,0,1,0,
no_instance_based_gamma,ITP/ITP080^1.p,TH0,Theorem,timeout,na,3013,1078,81,1078,32,8,0,0,0,
no_instance_based_gamma,ITP/ITP080^2.p,TH1,Theorem,timeout,na,3235,0,0,0,1,0,0,0,0,
no_instance_based_gamma,ITP/ITP081^1.p,TH0,Theorem,timeout,na,2864,1126,82,1126,65,0,0,0,0,
no_instance_based_gamma,ITP/ITP081^2.p,TH1,Theorem,timeout,na,3151,0,0,0,1,0,0,0,0,
no_instance_based_gamma,ITP/ITP082^1.p,TH0,Theorem,timeout,na,2854,1888,131,1888,105,0,0,0,0,
no_instance_based_gamma,ITP/ITP082^2.p,TH1,Theorem,timeout,na,3138,0,0,0,1,0,0,0,0,
no_instance_based_gamma,ITP/ITP083^1.p,TH0,Theorem,timeout,na,2697,140,12,140,2,0,0,0,0,
no_instance_based_gamma,ITP/ITP083^2.p,TH1,Theorem,timeout,na,3172,0,0,0,1,0,0,0,0,
no_instance_based_gamma,ITP/ITP084^1.p,TH0,Theorem,timeout,na,2598,0,0,0,1,0,0,0,0,
no_instance_based_gamma,ITP/ITP084^2.p,TH1,Theorem,timeout,na,2879,0,0,0,1,0,0,0,0,
no_instance_based_gamma,ITP/ITP085^1.p,TH0,Theorem,timeout,na,2630,0,0,0,1,0,0,0,0,
no_instance_based_gamma,ITP/ITP085^2.p,TH1,Theorem,timeout,na,2785,0,0,0,1,0,0,0,0,
no_instance_based_gamma,ITP/ITP086^1.p,TH0,Theorem,timeout,na,2493,360,15,360,31,5,0,0,0,
no_instance_based_gamma,ITP/ITP086^2.p,TH1,Theorem,timeout,na,2623,94,3,94,9,0,0,0,0,
no_instance_based_gamma,ITP/ITP087^1.p,TH0,Theorem,timeout,na,2595,609,11,609,58,19,0,0,0,
no_instance_based_gamma,ITP/ITP087^2.p,TH1,Theorem,timeout,na,2698,129,2,129,10,0,0,0,0,
no_instance_based_gamma,ITP/ITP088^1.p,TH0,Theorem,timeout,na,2708,550,18,550,239,0,0,0,0,
no_instance_based_gamma,ITP/ITP088^2.p,TH1,Theorem,timeout,na,2701,124,8,124,5,0,0,0,0,
no_instance_based_gamma,ITP/ITP089^1.p,TH0,Theorem,timeout,na,2612,503,10,503,40,19,0,0,0,
no_instance_based_gamma,ITP/ITP089^2.p,TH1,Theorem,timeout,na,2712,114,4,114,10,0,0,0,0,
no_instance_based_gamma,ITP/ITP090^1.p,TH0,Theorem,timeout,na,2584,188,15,188,5,0,0,0,0,
no_instance_based_gamma,ITP/ITP090^2.p,TH1,Theorem,timeout,na,2706,99,4,99,5,0,0,0,0,
no_instance_based_gamma,ITP/ITP091^1.p,TH0,Theorem,timeout,na,2615,398,23,398,77,0,0,0,0,
no_instance_based_gamma,ITP/ITP091^2.p,TH1,Theorem,timeout,na,2709,107,7,107,5,0,0,0,0,
no_instance_based_gamma,ITP/ITP092^1.p,TH0,Theorem,timeout,na,2908,485,47,485,2,0,0,0,0,
no_instance_based_gamma,ITP/ITP092^2.p,TH1,Theorem,timeout,na,4002,38,3,38,1,0,0,0,0,
no_instance_based_gamma,ITP/ITP093^1.p,TH0,Theorem,timeout,na,2481,206,20,206,1,0,0,0,0,
no_instance_based_gamma,ITP/ITP093^2.p,TH1,Theorem,timeout,na,2759,119,8,119,6,0,0,0,0,
no_instance_based_gamma,ITP/ITP094^1.p,TH0,Theorem,timeout,na,2334,470,12,470,76,0,0,0,0,
no_instance_based_gamma,ITP/ITP094^2.p,TH1,Theorem,timeout,na,2460,1711,39,1711,137,106,0,1,0,
no_instance_based_gamma,ITP/ITP095^1.p,TH0,Theorem,timeout,na,2495,4177,101,4177,263,156,0,0,0,
no_instance_based_gamma,ITP/ITP095^2.p,TH1,Theorem,timeout,na,2438,1546,119,1546,84,15,0,5,0,
no_instance_based_gamma,ITP/ITP096^1.p,TH0,ContradictoryAxioms,timeout,na,2583,3872,84,3872,743,388,0,5,0,
no_instance_based_gamma,ITP/ITP096^2.p,TH1,ContradictoryAxioms,timeout,na,2522,3340,163,3340,201,120,0,0,0,
no_instance_based_gamma,ITP/ITP097^1.p,TH0,Theorem,timeout,na,2463,2086,10,2086,469,0,0,0,0,
no_instance_based_gamma,ITP/ITP097^2.p,TH1,Theorem,timeout,na,2533,3140,136,3140,360,25,0,9,0,
no_instance_based_gamma,ITP/ITP098^1.p,TH0,Theorem,timeout,na,2715,153,15,153,1,0,0,0,0,
no_instance_based_gamma,ITP/ITP098^2.p,TH1,Theorem,timeout,na,2592,457,42,457,4,0,0,0,0,
no_instance_based_gamma,ITP/ITP099^1.p,TH0,Theorem,timeout,na,2332,462,44,462,4,0,0,0,0,
no_instance_based_gamma,ITP/ITP099^2.p,TH1,Theorem,timeout,na,2478,505,39,505,12,0,0,0,0,
no_instance_based_gamma,ITP/ITP100^1.p,TH0,Theorem,timeout,na,2736,0,0,0,1,0,0,0,0,
no_instance_based_gamma,ITP/ITP100^2.p,TH1,Theorem,timeout,na,3047,0,0,0,1,0,0,0,0,
no_instance_based_gamma,ITP/ITP101^1.p,TH0,Theorem,timeout,na,2352,415,32,415,9,0,0,0,0,
no_instance_based_gamma,ITP/ITP101^2.p,TH1,Theorem,timeout,na,2543,486,36,486,33,0,0,0,0,
no_instance_based_gamma,ITP/ITP102^1.p,TH0,Theorem,timeout,na,2309,438,38,438,8,0,0,0,0,
no_instance_based_gamma,ITP/ITP102^2.p,TH1,Theorem,timeout,na,2690,1463,62,1463,259,16,0,0,0,
no_instance_based_gamma,ITP/ITP103^1.p,TH0,Theorem,timeout,na,2373,3802,171,3802,261,156,0,3,0,
no_instance_based_gamma,ITP/ITP103^2.p,TH1,Theorem,timeout,na,2619,3231,150,3231,282,112,0,2,0,
no_instance_based_gamma,ITP/ITP104^1.p,TH0,Theorem,timeout,na,2509,382,29,382,12,0,0,0,0,
no_instance_based_gamma,ITP/ITP104^2.p,TH1,Theorem,timeout,na,2530,579,43,579,38,0,0,0,0,
no_instance_based_gamma,ITP/ITP105^1.p,TH0,Theorem,timeout,na,2310,336,12,336,36,8,0,0,0,
no_instance_based_gamma,ITP/ITP105^2.p,TH1,Theorem,timeout,na,2354,501,7,501,57,1,0,0,0,
no_instance_based_gamma,ITP/ITP106^1.p,TH0,Theorem,timeout,na,2447,437,39,437,4,0,0,1,0,
no_instance_based_gamma,ITP/ITP106^2.p,TH1,Theorem,timeout,na,3644,0,0,0,1,0,0,0,0,
no_instance_based_gamma,ITP/ITP107^1.p,TH0,Theorem,timeout,na,2819,2994,51,2994,262,137,0,0,0,
no_instance_based_gamma,ITP/ITP107^2.p,TH1,Theorem,timeout,na,3347,165,15,165,4,2,0,0,0,
no_instance_based_gamma,ITP/ITP108^1.p,TH0,Theorem,timeout,na,2387,368,23,368,14,3,0,0,0,
no_instance_based_gamma,ITP/ITP108^2.p,TH1,Theorem,timeout,na,3461,0,0,0,1,0,0,0,0,
no_instance_based_gamma,ITP/ITP109^1.p,TH0,Theorem,timeout,na,2834,1256,54,1256,307,10,0,0,0,
no_instance_based_gamma,ITP/ITP109^2.p,TH1,Theorem,timeout,na,2541,126,8,126,5,0,0,0,0,
no_instance_based_gamma,ITP/ITP110^1.p,TH0,Theorem,timeout,na,2499,2767,154,2767,121,67,0,0,0,
no_instance_based_gamma,ITP/ITP110^2.p,TH1,Theorem,timeout,na,2438,1098,74,1098,59,16,0,0,0,
no_instance_based_gamma,ITP/ITP111^1.p,TH0,Theorem,timeout,na,2221,2932,155,2932,164,90,0,1,0,
no_instance_based_gamma,ITP/ITP111^2.p,TH1,Theorem,timeout,na,2441,2179,109,2179,119,94,0,1,0,
no_instance_based_gamma,ITP/ITP112^1.p,TH0,Theorem,timeout,na,2713,15,1,15,1,0,0,0,0,
no_instance_based_gamma,ITP/ITP112^2.p,TH1,Theorem,timeout,na,2546,247,14,247,16,2,0,0,0,
no_instance_based_gamma,ITP/ITP113^1.p,TH0,Theorem,timeout,na,2425,1423,104,1423,58,10,0,0,0,
no_instance_based_gamma,ITP/ITP113^2.p,TH1,Theorem,timeout,na,2531,70,7,70,1,0,0,0,0,
no_instance_based_gamma,ITP/ITP114^1.p,TH0,Theorem,thm,yes,862,4,0,4,1,0,0,1,1,
no_instance_based_gamma,ITP/ITP114^2.p,TH1,Theorem,thm,yes,361,26,2,26,1,0,0,1,1,
no_instance_based_gamma,ITP/ITP115^1.p,TH0,Theorem,timeout,na,2418,1013,40,1013,196,40,0,0,0,
no_instance_based_gamma,ITP/ITP115^2.p,TH1,Theorem,timeout,na,2642,407,26,407,107,0,0,0,0,
no_instance_based_gamma,ITP/ITP116^1.p,TH0,Theorem,timeout,na,2647,237,23,237,1,0,0,0,0,
no_instance_based_gamma,ITP/ITP116^2.p,TH1,Theorem,timeout,na,2723,67,6,67,1,0,0,0,0,
no_instance_based_gamma,ITP/ITP117^1.p,TH0,Theorem,timeout,na,2524,499,39,499,10,7,0,0,0,
no_instance_based_gamma,ITP/ITP117^2.p,TH1,Theorem,timeout,na,2680,65,6,65,1,0,0,0,0,
no_instance_based_gamma,ITP/ITP118^1.p,TH0,Theorem,timeout,na,2354,1160,100,1160,28,0,0,0,0,
no_instance_based_gamma,ITP/ITP118^2.p,TH1,Theorem,timeout,na,2417,387,25,387,21,0,0,1,0,
no_instance_based_gamma,ITP/ITP119^1.p,TH0,ContradictoryAxioms,timeout,na,2688,0,0,0,1,0,0,0,0,
no_instance_based_gamma,ITP/ITP119^2.p,TH1,ContradictoryAxioms,timeout,na,2765,0,0,0,1,0,0,0,0,
no_instance_based_gamma,ITP/ITP120^1.p,TH0,Theorem,timeout,na,2306,597,44,597,16,0,0,0,0,
no_instance_based_gamma,ITP/ITP120^2.p,TH1,Theorem,timeout,na,2421,640,43,640,35,0,0,0,0,
no_instance_based_gamma,ITP/ITP121^1.p,TH0,Theorem,timeout,na,2380,756,53,756,30,5,0,0,0,
no_instance_based_gamma,ITP/ITP121^2.p,TH1,Theorem,timeout,na,2505,892,53,892,77,6,0,0,0,
no_instance_based_gamma,ITP/ITP122^1.p,TH0,Theorem,timeout,na,2383,753,51,753,28,5,0,0,0,
no_instance_based_gamma,ITP/ITP122^2.p,TH1,Theorem,timeout,na,2493,845,51,845,62,7,0,0,0,
no_instance_based_gamma,ITP/ITP123^1.p,TH0,Theorem,timeout,na,2360,423,30,423,17,0,0,1,0,
no_instance_based_gamma,ITP/ITP123^2.p,TH1,Theorem,timeout,na,2403,286,26,286,4,0,0,0,0,
no_instance_based_gamma,ITP/ITP124^1.p,TH0,Theorem,timeout,na,2344,764,56,764,32,5,0,0,0,
no_instance_based_gamma,ITP/ITP124^2.p,TH1,Theorem,timeout,na,2458,720,31,720,66,8,0,0,0,
no_instance_based_gamma,ITP/ITP125^1.p,TH0,Theorem,timeout,na,2507,731,51,731,167,0,0,0,0,
no_instance_based_gamma,ITP/ITP125^2.p,TH1,Theorem,timeout,na,2531,0,0,0,1,0,0,0,0,
no_instance_based_gamma,ITP/ITP126^1.p,TH0,Theorem,timeout,na,2414,3296,164,3296,298,98,0,1,0,
no_instance_based_gamma,ITP/ITP126^2.p,TH1,Theorem,timeout,na,2370,393,23,393,16,0,0,0,0,
no_instance_based_gamma,ITP/ITP127^1.p,TH0,Theorem,timeout,na,2654,100,10,100,1,0,0,0,0,
no_instance_based_gamma,ITP/ITP127^2.p,TH1,Theorem,timeout,na,2587,82,7,82,2,0,0,0,0,
no_instance_based_gamma,ITP/ITP128^1.p,TH0,Theorem,timeout,na,4460,0,0,0,1,0,0,0,0,
no_instance_based_gamma,ITP/ITP128^2.p,TH1,Theorem,timeout,na,3154,0,0,0,1,0,0,0,0,
no_instance_based_gamma,ITP/ITP129^1.p,TH0,Theorem,timeout,na,2413,3079,209,3079,262,0,0,0,0,
no_instance_based_gamma,ITP/ITP129^2.p,TH1,Theorem,timeout,na,2527,1322,14,1322,259,0,0,0,0,
no_instance_based_gamma,ITP/ITP130^1.p,TH0,Theorem,timeout,na,2381,2298,81,2298,265,6,0,0,0,
no_instance_based_gamma,ITP/ITP130^2.p,TH1,Theorem,timeout,na,2376,1373,64,1373,164,95,0,6,0,
no_instance_based_gamma,ITP/ITP131^1.p,TH0,ContradictoryAxioms,timeout,na,2272,4370,318,4370,110,80,0,1,0,
no_instance_based_gamma,ITP/ITP131^2.p,TH1,ContradictoryAxioms,timeout,na,2561,3531,165,3531,296,57,0,6,0,
no_instance_based_gamma,ITP/ITP132^1.p,TH0,Theorem,timeout,na,2301,564,49,564,13,6,0,9,0,
no_instance_based_gamma,ITP/ITP132^2.p,TH1,Theorem,timeout,na,2498,1488,78,1488,69,65,0,1,0,
no_instance_based_gamma,ITP/ITP133^1.p,TH0,Theorem,timeout,na,2287,316,22,316,8,6,0,5,0,
no_instance_based_gamma,ITP/ITP133^2.p,TH1,Theorem,timeout,na,2595,1572,62,1572,142,28,0,0,0,
no_instance_based_gamma,ITP/ITP134^1.p,TH0,Theorem,timeout,na,2599,428,30,428,13,12,0,4,0,
no_instance_based_gamma,ITP/ITP134^2.p,TH1,Theorem,timeout,na,2409,750,50,750,34,16,0,0,0,
no_instance_based_gamma,ITP/ITP135^1.p,TH0,Theorem,timeout,na,2578,259,10,259,23,0,0,0,0,
no_instance_based_gamma,ITP/ITP135^2.p,TH1,Theorem,timeout,na,2751,121,11,121,2,0,0,0,0,
no_instance_based_gamma,ITP/ITP136^1.p,TH0,Theorem,timeout,na,2585,401,9,401,44,0,0,0,0,
no_instance_based_gamma,ITP/ITP136^2.p,TH1,Theorem,timeout,na,2819,104,9,104,2,0,0,0,0,
no_instance_based_gamma,ITP/ITP137^1.p,TH0,Theorem,timeout,na,2609,94,9,94,1,0,0,0,0,
no_instance_based_gamma,ITP/ITP137^2.p,TH1,Theorem,timeout,na,2952,0,0,0,1,0,0,0,0,
no_instance_based_gamma,ITP/ITP138^1.p,TH0,Theorem,timeout,na,2555,1215,77,1215,36,31,0,0,0,
no_instance_based_gamma,ITP/ITP138^2.p,TH1,Theorem,timeout,na,2680,564,55,564,4,0,0,0,0,
no_instance_based_gamma,ITP/ITP139^1.p,TH0,Theorem,timeout,na,2595,346,6,346,42,0,0,0,0,
no_instance_based_gamma,ITP/ITP139^2.p,TH1,Theorem,timeout,na,2571,1495,127,1495,53,0,0,0,0,
no_instance_based_gamma,ITP/ITP140^1.p,TH0,Theorem,timeout,na,2592,223,11,223,17,0,0,0,0,
no_instance_based_gamma,ITP/ITP140^2.p,TH1,Theorem,timeout,na,2958,100,8,100,2,0,0,0,0,
no_instance_based_gamma,ITP/ITP141^1.p,TH0,Theorem,timeout,na,2517,162,5,162,8,9,0,0,0,
no_instance_based_gamma,ITP/ITP141^2.p,TH1,Theorem,timeout,na,3007,0,0,0,1,0,0,0,0,
no_instance_based_gamma,ITP/ITP142^1.p,TH0,Theorem,timeout,na,2954,656,63,656,4,0,0,0,0,
no_instance_based_gamma,ITP/ITP142^2.p,TH1,Theorem,timeout,na,3676,0,0,0,1,0,0,0,0,
no_instance_based_gamma,ITP/ITP143^1.p,TH0,Theorem,timeout,na,2848,866,82,866,4,0,0,0,0,
no_instance_based_gamma,ITP/ITP143^2.p,TH1,Theorem,timeout,na,3553,0,0,0,1,0,0,0,0,
no_instance_based_gamma,ITP/ITP144^1.p,TH0,Theorem,timeout,na,2171,919,39,919,95,78,0,2,0,
no_instance_based_gamma,ITP/ITP144^2.p,TH1,Theorem,timeout,na,2573,20,2,20,1,0,0,0,0,
no_instance_based_gamma,ITP/ITP145^1.p,TH0,Theorem,timeout,na,2904,829,80,829,4,0,0,0,0,
no_instance_based_gamma,ITP/ITP145^2.p,TH1,Theorem,timeout,na,3718,0,0,0,1,0,0,0,0,
no_instance_based_gamma,ITP/ITP146^1.p,TH0,Theorem,timeout,na,2429,66,3,66,3,0,0,0,0,
no_instance_based_gamma,ITP/ITP146^2.p,TH1,Theorem,timeout,na,2484,68,5,68,2,0,0,0,0,
no_instance_based_gamma,ITP/ITP147^1.p,TH0,Theorem,timeout,na,2406,119,2,119,20,0,0,0,0,
no_instance_based_gamma,ITP/ITP147^2.p,TH1,Theorem,timeout,na,2432,96,9,96,2,0,0,0,0,
no_instance_based_gamma,ITP/ITP148^1.p,TH0,Theorem,timeout,na,2785,104,10,104,1,0,0,0,0,
no_instance_based_gamma,ITP/ITP148^2.p,TH1,Theorem,timeout,na,2665,194,15,194,5,0,0,0,0,
no_instance_based_gamma,ITP/ITP149^1.p,TH0,Theorem,timeout,na,2398,219,2,219,26,0,0,0,0,
no_instance_based_gamma,ITP/ITP149^2.p,TH1,Theorem,timeout,na,2442,256,12,256,20,0,0,0,0,
no_instance_based_gamma,ITP/ITP150^1.p,TH0,Theorem,timeout,na,2430,3242,298,3242,40,0,0,0,0,
no_instance_based_gamma,ITP/ITP150^2.p,TH1,Theorem,timeout,na,2569,263,14,263,20,1,0,0,0,
no_instance_based_gamma,ITP/ITP151^1.p,TH0,Theorem,timeout,na,2479,2720,81,2720,325,123,0,5,0,
no_instance_based_gamma,ITP/ITP151^2.p,TH1,Theorem,timeout,na,2488,3528,218,3528,281,72,0,5,0,
no_instance_based_gamma,ITP/ITP152^1.p,TH0,Theorem,timeout,na,2595,129,12,129,1,0,0,0,0,
no_instance_based_gamma,ITP/ITP152^2.p,TH1,Theorem,timeout,na,3080,25,2,25,1,0,0,0,0,
no_instance_based_gamma,ITP/ITP153^1.p,TH0,Theorem,timeout,na,2522,328,21,328,10,8,0,0,0,
no_instance_based_gamma,ITP/ITP153^2.p,TH1,Theorem,timeout,na,2832,75,7,75,1,0,0,0,0,
no_instance_based_gamma,ITP/ITP154^1.p,TH0,Theorem,timeout,na,2548,616,35,616,29,16,0,0,0,
no_instance_based_gamma,ITP/ITP154^2.p,TH1,Theorem,timeout,na,2856,128,6,128,10,0,0,0,0,
no_instance_based_gamma,ITP/ITP155^1.p,TH0,Theorem,timeout,na,2569,324,21,324,13,2,0,0,0,
no_instance_based_gamma,ITP/ITP155^2.p,TH1,Theorem,timeout,na,2844,136,8,136,9,0,0,0,0,
no_instance_based_gamma,ITP/ITP156^1.p,TH0,Theorem,timeout,na,2458,504,28,504,86,6,0,1,0,
no_instance_based_gamma,ITP/ITP156^2.p,TH1,Theorem,timeout,na,2567,74,7,74,1,0,0,0,0,
no_instance_based_gamma,ITP/ITP157^1.p,TH0,Theorem,timeout,na,2566,175,17,175,1,0,0,0,0,
no_instance_based_gamma,ITP/ITP157^2.p,TH1,Theorem,timeout,na,2872,34,3,34,1,0,0,0,0,
no_instance_based_gamma,ITP/ITP158^1.p,TH0,Theorem,timeout,na,2801,576,47,576,16,0,0,0,0,
no_instance_based_gamma,ITP/ITP158^2.p,TH1,Theorem,timeout,na,3374,294,25,294,4,0,0,0,0,
no_instance_based_gamma,ITP/ITP159^1.p,TH0,Theorem,timeout,na,2550,2210,76,2210,155,89,0,0,0,
no_instance_based_gamma,ITP/ITP159^2.p,TH1,Theorem,timeout,na,2737,694,58,694,16,0,0,0,0,
no_instance_based_gamma,ITP/ITP160^1.p,TH0,Theorem,timeout,na,3466,0,0,0,1,0,0,0,0,
no_instance_based_gamma,ITP/ITP160^2.p,TH1,Theorem,timeout,na,4692,7,0,7,1,0,0,0,0,
no_instance_based_gamma,ITP/ITP161^1.p,TH0,Theorem,timeout,na,2593,808,46,808,53,13,0,0,0,
no_instance_based_gamma,ITP/ITP161^2.p,TH1,Theorem,timeout,na,2807,122,12,122,1,0,0,0,0,
no_instance_based_gamma,ITP/ITP162^1.p,TH0,Theorem,timeout,na,2540,377,29,377,15,2,0,0,0,
no_instance_based_gamma,ITP/ITP162^2.p,TH1,Theorem,timeout,na,2509,199,17,199,4,0,0,0,0,
no_instance_based_gamma,ITP/ITP163^1.p,TH0,Theorem,timeout,na,2383,298,24,298,14,0,0,0,0,
no_instance_based_gamma,ITP/ITP163^2.p,TH1,Theorem,timeout,na,2718,95,9,95,1,0,0,0,0,
no_instance_based_gamma,ITP/ITP164^1.p,TH0,Theorem,timeout,na,2497,395,12,395,51,8,0,0,0,
no_instance_based_gamma,ITP/ITP164^2.p,TH1,Theorem,timeout,na,2659,736,64,736,16,0,0,0,0,
no_instance_based_gamma,ITP/ITP165^1.p,TH0,Theorem,timeout,na,2484,423,33,423,13,3,0,0,0,
no_instance_based_gamma,ITP/ITP165^2.p,TH1,Theorem,timeout,na,2452,218,15,218,11,0,0,0,0,
no_instance_based_gamma,ITP/ITP166^1.p,TH0,Theorem,timeout,na,2727,0,0,0,1,0,0,0,0,
no_instance_based_gamma,ITP/ITP166^2.p,TH1,Theorem,timeout,na,3149,10,1,10,1,0,0,0,0,
no_instance_based_gamma,ITP/ITP167^1.p,TH0,Theorem,timeout,na,3034,0,0,0,1,0,0,0,0,
no_instance_based_gamma,ITP/ITP167^2.p,TH1,Theorem,timeout,na,3254,5,0,5,1,0,0,0,0,
no_instance_based_gamma,ITP/ITP168^1.p,TH0,Theorem,timeout,na,2642,24,2,24,1,0,0,0,0,
no_instance_based_gamma,ITP/ITP168^2.p,TH1,Theorem,timeout,na,2552,142,14,142,1,0,0,0,0,
no_instance_based_gamma,ITP/ITP169^1.p,TH0,Theorem,timeout,na,2872,2093,126,2093,120,10,0,0,0,
no_instance_based_gamma,ITP/ITP169^2.p,TH1,Theorem,timeout,na,3085,994,61,994,60,19,0,0,0,
no_instance_based_gamma,ITP/ITP170^1.p,TH0,Theorem,timeout,na,2550,1871,59,1871,177,0,0,0,0,
no_instance_based_gamma,ITP/ITP170^2.p,TH1,Theorem,timeout,na,2569,668,63,668,4,0,0,0,0,
no_instance_based_gamma,ITP/ITP171^1.p,TH0,Theorem,timeout,na,3074,57,5,57,1,0,0,0,0,
no_instance_based_gamma,ITP/ITP171^2.p,TH1,Theorem,parse_timeout,na,0,,,,,,,,,cached: parse exceeded 5000ms
no_instance_based_gamma,ITP/ITP172^1.p,TH0,Theorem,timeout,na,2669,2411,198,2411,85,0,0,0,0,
no_instance_based_gamma,ITP/ITP172^2.p,TH1,Theorem,timeout,na,3573,61,6,61,1,0,0,0,0,
no_instance_based_gamma,ITP/ITP173^1.p,TH0,Theorem,timeout,na,3213,266,25,266,2,0,0,0,0,
no_instance_based_gamma,ITP/ITP173^2.p,TH1,Theorem,parse_timeout,na,0,,,,,,,,,cached: parse exceeded 5000ms
no_instance_based_gamma,ITP/ITP174^1.p,TH0,Theorem,timeout,na,3217,224,21,224,2,0,0,0,0,
no_instance_based_gamma,ITP/ITP174^2.p,TH1,Theorem,parse_timeout,na,0,,,,,,,,,cached: parse exceeded 5000ms
no_instance_based_gamma,ITP/ITP175^1.p,TH0,Theorem,timeout,na,2560,370,23,370,14,8,0,0,0,
no_instance_based_gamma,ITP/ITP175^2.p,TH1,Theorem,timeout,na,3201,50,5,50,1,0,0,0,0,
no_instance_based_gamma,ITP/ITP176^1.p,TH0,Theorem,timeout,na,2541,485,11,485,264,0,0,0,0,
no_instance_based_gamma,ITP/ITP176^2.p,TH1,Theorem,timeout,na,2868,22,2,22,1,0,0,0,0,
no_instance_based_gamma,ITP/ITP177^1.p,TH0,Theorem,timeout,na,2623,1626,138,1626,54,14,0,4,0,
no_instance_based_gamma,ITP/ITP177^2.p,TH1,Theorem,timeout,na,3363,34,3,34,2,0,0,1,0,
no_instance_based_gamma,ITP/ITP178^1.p,TH0,Theorem,timeout,na,2526,571,45,571,16,0,0,0,0,
no_instance_based_gamma,ITP/ITP178^2.p,TH1,Theorem,timeout,na,3679,0,0,0,1,0,0,0,0,
no_instance_based_gamma,ITP/ITP179^1.p,TH0,Theorem,timeout,na,2574,3519,206,3519,218,0,0,0,0,
no_instance_based_gamma,ITP/ITP179^2.p,TH1,Theorem,timeout,na,3131,26,2,26,1,0,0,0,0,
no_instance_based_gamma,ITP/ITP180^1.p,TH0,Theorem,timeout,na,2502,605,39,605,34,1,0,0,0,
no_instance_based_gamma,ITP/ITP180^2.p,TH1,Theorem,timeout,na,3093,50,4,50,2,1,0,0,0,
no_instance_based_gamma,ITP/ITP181^1.p,TH0,Theorem,timeout,na,2715,506,49,506,2,0,0,1,0,
no_instance_based_gamma,ITP/ITP181^2.p,TH1,Theorem,timeout,na,2722,57,5,57,1,0,0,0,0,
no_instance_based_gamma,ITP/ITP182^1.p,TH0,Theorem,timeout,na,2721,1491,123,1491,82,2,0,1,0,
no_instance_based_gamma,ITP/ITP182^2.p,TH1,Theorem,parser_error,na,0,,,,,,,,,cached: Failed to parse formula 'fact_105_neg__eqvt': [byte:41884] Type Error: Cannot unify strict function types of different arities.
no_instance_based_gamma,ITP/ITP183^1.p,TH0,Theorem,timeout,na,2657,437,43,437,2,0,0,1,0,
no_instance_based_gamma,ITP/ITP183^2.p,TH1,Theorem,timeout,na,2722,206,20,206,1,0,0,0,0,
no_instance_based_gamma,ITP/ITP184^1.p,TH0,Theorem,timeout,na,3107,682,41,682,137,0,0,0,0,
no_instance_based_gamma,ITP/ITP184^2.p,TH1,Theorem,timeout,na,2792,82,8,82,1,0,0,0,0,
no_instance_based_gamma,ITP/ITP185^1.p,TH0,Theorem,timeout,na,3250,180,18,180,1,0,0,0,0,
no_instance_based_gamma,ITP/ITP185^2.p,TH1,Theorem,timeout,na,2680,288,27,288,3,0,0,0,0,
no_instance_based_gamma,ITP/ITP186^1.p,TH0,Theorem,timeout,na,3543,199,19,199,1,0,0,0,0,
no_instance_based_gamma,ITP/ITP186^2.p,TH1,Theorem,timeout,na,2712,298,26,298,5,0,0,0,0,
no_instance_based_gamma,ITP/ITP187^1.p,TH0,Theorem,timeout,na,2895,406,39,406,2,0,0,1,0,
no_instance_based_gamma,ITP/ITP187^2.p,TH1,Theorem,timeout,na,2786,69,6,69,1,0,0,0,0,
no_instance_based_gamma,ITP/ITP188^1.p,TH0,Theorem,timeout,na,2880,439,42,439,2,0,0,1,0,
no_instance_based_gamma,ITP/ITP188^2.p,TH1,Theorem,timeout,na,2791,61,6,61,1,0,0,0,0,
no_instance_based_gamma,ITP/ITP189^1.p,TH0,Theorem,timeout,na,2689,429,41,429,2,0,0,1,0,
no_instance_based_gamma,ITP/ITP189^2.p,TH1,Theorem,timeout,na,2742,148,14,148,1,0,0,0,0,
no_instance_based_gamma,ITP/ITP190^1.p,TH0,Theorem,timeout,na,2667,866,81,866,8,0,0,1,0,
no_instance_based_gamma,ITP/ITP190^2.p,TH1,Theorem,parser_error,na,0,,,,,,,,,cached: Failed to parse formula 'fact_91_neg__eqvt': [byte:28038] Type Error: Cannot unify strict function types of different arities.
no_instance_based_gamma,ITP/ITP191^1.p,TH0,ContradictoryAxioms,timeout,na,2763,506,49,506,2,0,0,1,0,
no_instance_based_gamma,ITP/ITP191^2.p,TH1,ContradictoryAxioms,parser_error,na,0,,,,,,,,,cached: Failed to parse formula 'fact_154_neg__eqvt': [byte:53412] Type Error: Cannot unify strict function types of different arities.
no_instance_based_gamma,ITP/ITP192^1.p,TH0,Theorem,timeout,na,2907,433,39,433,4,0,0,1,0,
no_instance_based_gamma,ITP/ITP192^2.p,TH1,Theorem,timeout,na,2801,109,10,109,1,0,0,0,0,
no_instance_based_gamma,ITP/ITP193^1.p,TH0,Theorem,timeout,na,2484,590,35,590,67,0,0,0,0,
no_instance_based_gamma,ITP/ITP193^2.p,TH1,Theorem,timeout,na,2478,510,37,510,13,3,0,1,0,
no_instance_based_gamma,ITP/ITP194^1.p,TH0,Theorem,timeout,na,2412,732,2,732,109,19,0,0,0,
no_instance_based_gamma,ITP/ITP194^2.p,TH1,Theorem,timeout,na,2489,2606,157,2606,138,41,0,0,0,
no_instance_based_gamma,ITP/ITP195^1.p,TH0,Theorem,timeout,na,2553,2730,2,2730,480,15,0,0,0,
no_instance_based_gamma,ITP/ITP195^2.p,TH1,Theorem,timeout,na,2533,2649,132,2649,215,84,0,1,0,
no_instance_based_gamma,ITP/ITP196^1.p,TH0,Theorem,timeout,na,2756,0,0,0,1,0,0,0,0,
no_instance_based_gamma,ITP/ITP196^2.p,TH1,Theorem,timeout,na,3237,0,0,0,1,0,0,0,0,
no_instance_based_gamma,ITP/ITP197^1.p,TH0,Theorem,timeout,na,2507,134,7,134,9,0,0,0,0,
no_instance_based_gamma,ITP/ITP197^2.p,TH1,Theorem,timeout,na,2542,127,6,127,10,0,0,0,0,
no_instance_based_gamma,ITP/ITP198^1.p,TH0,Theorem,timeout,na,2971,77,7,77,1,0,0,0,0,
no_instance_based_gamma,ITP/ITP198^2.p,TH1,Theorem,timeout,na,3021,0,0,0,1,0,0,0,0,
no_instance_based_gamma,ITP/ITP199^1.p,TH0,Theorem,timeout,na,2480,328,5,328,45,6,0,0,0,
no_instance_based_gamma,ITP/ITP199^2.p,TH1,Theorem,timeout,na,2618,101,4,101,7,0,0,0,0,
no_instance_based_gamma,ITP/ITP200^1.p,TH0,Theorem,timeout,na,2675,204,15,204,11,0,0,0,0,
no_instance_based_gamma,ITP/ITP200^2.p,TH1,Theorem,timeout,na,3064,391,27,391,16,0,0,0,0,
no_instance_based_gamma,ITP/ITP201^1.p,TH0,Theorem,timeout,na,2407,240,16,240,8,0,0,0,0,
no_instance_based_gamma,ITP/ITP201^2.p,TH1,Theorem,timeout,na,2903,76,6,76,2,0,0,0,0,
no_instance_based_gamma,ITP/ITP202^1.p,TH0,Theorem,timeout,na,2838,1,0,1,1,0,0,0,0,
no_instance_based_gamma,ITP/ITP202^2.p,TH1,Theorem,timeout,na,4326,0,0,0,1,0,0,0,0,
no_instance_based_gamma,ITP/ITP203^1.p,TH0,Theorem,timeout,na,2767,0,0,0,1,0,0,0,0,
no_instance_based_gamma,ITP/ITP203^2.p,TH1,Theorem,timeout,na,4369,0,0,0,1,0,0,0,0,
no_instance_based_gamma,ITP/ITP204^1.p,TH0,Theorem,timeout,na,2592,0,0,0,1,0,0,0,0,
no_instance_based_gamma,ITP/ITP204^2.p,TH1,Theorem,timeout,na,3227,0,0,0,1,0,0,0,0,
no_instance_based_gamma,ITP/ITP205^1.p,TH0,Theorem,timeout,na,2443,111,11,111,1,0,0,0,0,
no_instance_based_gamma,ITP/ITP205^2.p,TH1,Theorem,timeout,na,2957,76,7,76,1,0,0,0,0,
no_instance_based_gamma,ITP/ITP206^1.p,TH0,Theorem,parse_timeout,na,0,,,,,,,,,cached: parse exceeded 5000ms
no_instance_based_gamma,ITP/ITP206^2.p,TH1,Theorem,parse_timeout,na,0,,,,,,,,,cached: parse exceeded 5000ms
no_instance_based_gamma,ITP/ITP206^3.p,TH0,Theorem,parse_timeout,na,0,,,,,,,,,cached: parse exceeded 5000ms
no_instance_based_gamma,ITP/ITP206^4.p,TH1,Theorem,parse_timeout,na,0,,,,,,,,,cached: parse exceeded 5000ms
no_instance_based_gamma,ITP/ITP207^1.p,TH0,Theorem,parser_error,na,0,,,,,,,,,cached: Failed to parse formula 'fact_1254_of__bool__not__iff': [byte:596062] Type Error: Cannot unify strict function types of different arities.
no_instance_based_gamma,ITP/ITP207^2.p,TH1,Theorem,parser_error,na,0,,,,,,,,,cached: Failed to parse formula 'fact_484_of__bool__not__iff': [byte:260957] Type Error: Cannot unify strict function types of different arities.
no_instance_based_gamma,ITP/ITP207^3.p,TH0,Theorem,parser_error,na,0,,,,,,,,,cached: Failed to parse formula 'fact_1254_of__bool__not__iff': [byte:596062] Type Error: Cannot unify strict function types of different arities.
no_instance_based_gamma,ITP/ITP207^4.p,TH1,Theorem,parser_error,na,0,,,,,,,,,cached: Failed to parse formula 'fact_484_of__bool__not__iff': [byte:260957] Type Error: Cannot unify strict function types of different arities.
no_instance_based_gamma,ITP/ITP208^1.p,TH0,Theorem,parse_timeout,na,0,,,,,,,,,cached: parse exceeded 5000ms
no_instance_based_gamma,ITP/ITP208^2.p,TH1,Theorem,parser_error,na,0,,,,,,,,,cached: Failed to parse formula 'fact_1166_modulo__int__unfold': [byte:432712] Type Error: Cannot unify strict function types of different arities.
no_instance_based_gamma,ITP/ITP208^3.p,TH0,Theorem,parse_timeout,na,0,,,,,,,,,cached: parse exceeded 5000ms
no_instance_based_gamma,ITP/ITP208^4.p,TH1,Theorem,parser_error,na,0,,,,,,,,,cached: Failed to parse formula 'fact_1166_modulo__int__unfold': [byte:432712] Type Error: Cannot unify strict function types of different arities.
no_instance_based_gamma,ITP/ITP209^1.p,TH0,Theorem,timeout,na,2052,1373,74,1373,109,48,0,0,0,
no_instance_based_gamma,ITP/ITP209^2.p,TH1,Theorem,timeout,na,2060,1383,98,1383,96,0,0,0,0,
no_instance_based_gamma,ITP/ITP209^3.p,TH0,Theorem,timeout,na,2081,1641,76,1641,130,88,0,0,0,
no_instance_based_gamma,ITP/ITP209^4.p,TH1,Theorem,timeout,na,2062,1354,90,1354,96,0,0,0,0,
no_instance_based_gamma,ITP/ITP210^1.p,TH0,Theorem,parse_timeout,na,0,,,,,,,,,cached: parse exceeded 5000ms
no_instance_based_gamma,ITP/ITP210^2.p,TH1,Theorem,parse_timeout,na,0,,,,,,,,,cached: parse exceeded 5000ms
no_instance_based_gamma,ITP/ITP210^3.p,TH0,Theorem,parse_timeout,na,0,,,,,,,,,cached: parse exceeded 5000ms
no_instance_based_gamma,ITP/ITP210^4.p,TH1,Theorem,parse_timeout,na,0,,,,,,,,,cached: parse exceeded 5000ms
no_instance_based_gamma,ITP/ITP211^1.p,TH0,Theorem,parse_timeout,na,0,,,,,,,,,cached: parse exceeded 5000ms
no_instance_based_gamma,ITP/ITP211^2.p,TH1,Theorem,parse_timeout,na,0,,,,,,,,,cached: parse exceeded 5000ms
no_instance_based_gamma,ITP/ITP211^3.p,TH0,Theorem,parse_timeout,na,0,,,,,,,,,cached: parse exceeded 5000ms
no_instance_based_gamma,ITP/ITP211^4.p,TH1,Theorem,parse_timeout,na,0,,,,,,,,,cached: parse exceeded 5000ms
no_instance_based_gamma,ITP/ITP212^1.p,TH0,Theorem,parse_timeout,na,0,,,,,,,,,cached: parse exceeded 5000ms
no_instance_based_gamma,ITP/ITP212^2.p,TH1,Theorem,parse_timeout,na,0,,,,,,,,,cached: parse exceeded 5000ms
no_instance_based_gamma,ITP/ITP212^3.p,TH0,Theorem,parse_timeout,na,0,,,,,,,,,cached: parse exceeded 5000ms
no_instance_based_gamma,ITP/ITP212^4.p,TH1,Theorem,parse_timeout,na,0,,,,,,,,,cached: parse exceeded 5000ms
no_instance_based_gamma,ITP/ITP213^1.p,TH0,Theorem,parse_timeout,na,0,,,,,,,,,cached: parse exceeded 5000ms
no_instance_based_gamma,ITP/ITP213^2.p,TH1,Theorem,parse_timeout,na,0,,,,,,,,,cached: parse exceeded 5000ms
no_instance_based_gamma,ITP/ITP213^3.p,TH0,Theorem,parse_timeout,na,0,,,,,,,,,cached: parse exceeded 5000ms
no_instance_based_gamma,ITP/ITP213^4.p,TH1,Theorem,parse_timeout,na,0,,,,,,,,,cached: parse exceeded 5000ms
no_instance_based_gamma,ITP/ITP214^1.p,TH0,Theorem,parse_timeout,na,0,,,,,,,,,cached: parse exceeded 5000ms
no_instance_based_gamma,ITP/ITP214^2.p,TH1,Theorem,parse_timeout,na,0,,,,,,,,,cached: parse exceeded 5000ms
no_instance_based_gamma,ITP/ITP214^3.p,TH0,Theorem,parse_timeout,na,0,,,,,,,,,cached: parse exceeded 5000ms
no_instance_based_gamma,ITP/ITP214^4.p,TH1,Theorem,parse_timeout,na,0,,,,,,,,,cached: parse exceeded 5000ms
no_instance_based_gamma,ITP/ITP215^1.p,TH0,Theorem,parse_timeout,na,0,,,,,,,,,cached: parse exceeded 5000ms
no_instance_based_gamma,ITP/ITP215^2.p,TH1,Theorem,parse_timeout,na,0,,,,,,,,,cached: parse exceeded 5000ms
no_instance_based_gamma,ITP/ITP215^3.p,TH0,Theorem,parse_timeout,na,0,,,,,,,,,cached: parse exceeded 5000ms
no_instance_based_gamma,ITP/ITP215^4.p,TH1,Theorem,parse_timeout,na,0,,,,,,,,,cached: parse exceeded 5000ms
no_instance_based_gamma,ITP/ITP216^1.p,TH0,Theorem,parse_timeout,na,0,,,,,,,,,cached: parse exceeded 5000ms
no_instance_based_gamma,ITP/ITP216^2.p,TH1,Theorem,parse_timeout,na,0,,,,,,,,,cached: parse exceeded 5000ms
no_instance_based_gamma,ITP/ITP216^3.p,TH0,Theorem,parse_timeout,na,0,,,,,,,,,cached: parse exceeded 5000ms
no_instance_based_gamma,ITP/ITP216^4.p,TH1,Theorem,parse_timeout,na,0,,,,,,,,,cached: parse exceeded 5000ms
no_instance_based_gamma,ITP/ITP217^1.p,TH0,Theorem,parse_timeout,na,0,,,,,,,,,cached: parse exceeded 5000ms
no_instance_based_gamma,ITP/ITP217^2.p,TH1,Theorem,parse_timeout,na,0,,,,,,,,,cached: parse exceeded 5000ms
no_instance_based_gamma,ITP/ITP217^3.p,TH0,Theorem,parse_timeout,na,0,,,,,,,,,cached: parse exceeded 5000ms
no_instance_based_gamma,ITP/ITP217^4.p,TH1,Theorem,parse_timeout,na,0,,,,,,,,,cached: parse exceeded 5000ms
no_instance_based_gamma,ITP/ITP218^1.p,TH0,Theorem,parse_timeout,na,0,,,,,,,,,cached: parse exceeded 5000ms
no_instance_based_gamma,ITP/ITP218^2.p,TH1,Theorem,parse_timeout,na,0,,,,,,,,,cached: parse exceeded 5000ms
no_instance_based_gamma,ITP/ITP218^3.p,TH0,Theorem,parse_timeout,na,0,,,,,,,,,cached: parse exceeded 5000ms
no_instance_based_gamma,ITP/ITP218^4.p,TH1,Theorem,parse_timeout,na,0,,,,,,,,,cached: parse exceeded 5000ms
no_instance_based_gamma,ITP/ITP219^1.p,TH0,Theorem,parse_timeout,na,0,,,,,,,,,cached: parse exceeded 5000ms
no_instance_based_gamma,ITP/ITP219^2.p,TH1,Theorem,parse_timeout,na,0,,,,,,,,,cached: parse exceeded 5000ms
no_instance_based_gamma,ITP/ITP219^3.p,TH0,Theorem,parse_timeout,na,0,,,,,,,,,cached: parse exceeded 5000ms
no_instance_based_gamma,ITP/ITP219^4.p,TH1,Theorem,parse_timeout,na,0,,,,,,,,,cached: parse exceeded 5000ms
no_instance_based_gamma,ITP/ITP220^1.p,TH0,Theorem,parser_error,na,0,,,,,,,,,cached: Failed to parse formula 'fact_1819_of__bool__not__iff': [byte:567961] Type Error: Cannot unify strict function types of different arities.
no_instance_based_gamma,ITP/ITP220^2.p,TH1,Theorem,parser_error,na,0,,,,,,,,,cached: Failed to parse formula 'fact_672_of__bool__not__iff': [byte:271370] Type Error: Cannot unify strict function types of different arities.
no_instance_based_gamma,ITP/ITP220^3.p,TH0,Theorem,parser_error,na,0,,,,,,,,,cached: Failed to parse formula 'fact_1819_of__bool__not__iff': [byte:567961] Type Error: Cannot unify strict function types of different arities.
no_instance_based_gamma,ITP/ITP220^4.p,TH1,Theorem,parser_error,na,0,,,,,,,,,cached: Failed to parse formula 'fact_672_of__bool__not__iff': [byte:271370] Type Error: Cannot unify strict function types of different arities.
no_instance_based_gamma,ITP/ITP221^1.p,TH0,Theorem,parse_timeout,na,0,,,,,,,,,cached: parse exceeded 5000ms
no_instance_based_gamma,ITP/ITP221^2.p,TH1,Theorem,parser_error,na,0,,,,,,,,,cached: Failed to parse formula 'fact_1110_of__bool__odd__eq__mod__2': [byte:414489] Type Error: Cannot unify strict function types of different arities.
no_instance_based_gamma,ITP/ITP221^3.p,TH0,Theorem,parse_timeout,na,0,,,,,,,,,cached: parse exceeded 5000ms
no_instance_based_gamma,ITP/ITP221^4.p,TH1,Theorem,parser_error,na,0,,,,,,,,,cached: Failed to parse formula 'fact_1110_of__bool__odd__eq__mod__2': [byte:414489] Type Error: Cannot unify strict function types of different arities.
no_instance_based_gamma,ITP/ITP222^1.p,TH0,Theorem,parse_timeout,na,0,,,,,,,,,cached: parse exceeded 5000ms
no_instance_based_gamma,ITP/ITP222^2.p,TH1,Theorem,parse_timeout,na,0,,,,,,,,,cached: parse exceeded 5000ms
no_instance_based_gamma,ITP/ITP222^3.p,TH0,Theorem,parse_timeout,na,0,,,,,,,,,cached: parse exceeded 5000ms
no_instance_based_gamma,ITP/ITP222^4.p,TH1,Theorem,parse_timeout,na,0,,,,,,,,,cached: parse exceeded 5000ms
no_instance_based_gamma,ITP/ITP223^1.p,TH0,Theorem,parse_timeout,na,0,,,,,,,,,cached: parse exceeded 5000ms
no_instance_based_gamma,ITP/ITP223^2.p,TH1,Theorem,parse_timeout,na,0,,,,,,,,,cached: parse exceeded 5000ms
no_instance_based_gamma,ITP/ITP223^3.p,TH0,Theorem,parse_timeout,na,0,,,,,,,,,cached: parse exceeded 5000ms
no_instance_based_gamma,ITP/ITP223^4.p,TH1,Theorem,parse_timeout,na,0,,,,,,,,,cached: parse exceeded 5000ms
no_instance_based_gamma,ITP/ITP224^1.p,TH0,ContradictoryAxioms,parse_timeout,na,0,,,,,,,,,cached: parse exceeded 5000ms
no_instance_based_gamma,ITP/ITP224^2.p,TH1,ContradictoryAxioms,parser_error,na,0,,,,,,,,,cached: Failed to parse formula 'fact_1485_of__bool__not__iff': [byte:533452] Type Error: Cannot unify strict function types of different arities.
no_instance_based_gamma,ITP/ITP224^3.p,TH0,ContradictoryAxioms,parse_timeout,na,0,,,,,,,,,cached: parse exceeded 5000ms
no_instance_based_gamma,ITP/ITP224^4.p,TH1,ContradictoryAxioms,parser_error,na,0,,,,,,,,,cached: Failed to parse formula 'fact_1485_of__bool__not__iff': [byte:533452] Type Error: Cannot unify strict function types of different arities.
no_instance_based_gamma,ITP/ITP225^1.p,TH0,Theorem,parse_timeout,na,0,,,,,,,,,cached: parse exceeded 5000ms
no_instance_based_gamma,ITP/ITP225^2.p,TH1,Theorem,parse_timeout,na,0,,,,,,,,,cached: parse exceeded 5000ms
no_instance_based_gamma,ITP/ITP225^3.p,TH0,Theorem,parse_timeout,na,0,,,,,,,,,cached: parse exceeded 5000ms
no_instance_based_gamma,ITP/ITP225^4.p,TH1,Theorem,parse_timeout,na,0,,,,,,,,,cached: parse exceeded 5000ms
no_instance_based_gamma,ITP/ITP226^1.p,TH0,Theorem,parse_timeout,na,0,,,,,,,,,cached: parse exceeded 5000ms
no_instance_based_gamma,ITP/ITP226^2.p,TH1,Theorem,parse_timeout,na,0,,,,,,,,,cached: parse exceeded 5000ms
no_instance_based_gamma,ITP/ITP226^3.p,TH0,Theorem,parse_timeout,na,0,,,,,,,,,cached: parse exceeded 5000ms
no_instance_based_gamma,ITP/ITP226^4.p,TH1,Theorem,parse_timeout,na,0,,,,,,,,,cached: parse exceeded 5000ms
no_instance_based_gamma,ITP/ITP227^1.p,TH0,Theorem,parse_timeout,na,0,,,,,,,,,cached: parse exceeded 5000ms
no_instance_based_gamma,ITP/ITP227^2.p,TH1,Theorem,parse_timeout,na,0,,,,,,,,,cached: parse exceeded 5000ms
no_instance_based_gamma,ITP/ITP227^3.p,TH0,Theorem,parse_timeout,na,0,,,,,,,,,cached: parse exceeded 5000ms
no_instance_based_gamma,ITP/ITP227^4.p,TH1,Theorem,parse_timeout,na,0,,,,,,,,,cached: parse exceeded 5000ms
no_instance_based_gamma,ITP/ITP228^1.p,TH0,Theorem,parse_timeout,na,0,,,,,,,,,cached: parse exceeded 5000ms
no_instance_based_gamma,ITP/ITP228^2.p,TH1,Theorem,parse_timeout,na,0,,,,,,,,,cached: parse exceeded 5000ms
no_instance_based_gamma,ITP/ITP228^3.p,TH0,Theorem,parse_timeout,na,0,,,,,,,,,cached: parse exceeded 5000ms
no_instance_based_gamma,ITP/ITP228^4.p,TH1,Theorem,parse_timeout,na,0,,,,,,,,,cached: parse exceeded 5000ms
no_instance_based_gamma,ITP/ITP229^1.p,TH0,Theorem,parse_timeout,na,0,,,,,,,,,cached: parse exceeded 5000ms
no_instance_based_gamma,ITP/ITP229^2.p,TH1,Theorem,parse_timeout,na,0,,,,,,,,,cached: parse exceeded 5000ms
no_instance_based_gamma,ITP/ITP229^3.p,TH0,Theorem,parse_timeout,na,0,,,,,,,,,cached: parse exceeded 5000ms
no_instance_based_gamma,ITP/ITP229^4.p,TH1,Theorem,parse_timeout,na,0,,,,,,,,,cached: parse exceeded 5000ms
no_instance_based_gamma,ITP/ITP230^1.p,TH0,Theorem,parse_timeout,na,0,,,,,,,,,cached: parse exceeded 5000ms
no_instance_based_gamma,ITP/ITP230^2.p,TH1,Theorem,parse_timeout,na,0,,,,,,,,,cached: parse exceeded 5000ms
no_instance_based_gamma,ITP/ITP230^3.p,TH0,Theorem,parse_timeout,na,0,,,,,,,,,cached: parse exceeded 5000ms
no_instance_based_gamma,ITP/ITP230^4.p,TH1,Theorem,parse_timeout,na,0,,,,,,,,,cached: parse exceeded 5000ms
no_instance_based_gamma,ITP/ITP231^1.p,TH0,Theorem,parser_error,na,0,,,,,,,,,cached: Failed to parse formula 'fact_2020_modulo__int__unfold': [byte:753287] Type Error: Cannot unify strict function types of different arities.
no_instance_based_gamma,ITP/ITP231^2.p,TH1,Theorem,parse_timeout,na,0,,,,,,,,,cached: parse exceeded 5000ms
no_instance_based_gamma,ITP/ITP231^3.p,TH0,Theorem,parser_error,na,0,,,,,,,,,cached: Failed to parse formula 'fact_2020_modulo__int__unfold': [byte:753287] Type Error: Cannot unify strict function types of different arities.
no_instance_based_gamma,ITP/ITP231^4.p,TH1,Theorem,parse_timeout,na,0,,,,,,,,,cached: parse exceeded 5000ms
no_instance_based_gamma,ITP/ITP232^1.p,TH0,Theorem,parse_timeout,na,0,,,,,,,,,cached: parse exceeded 5000ms
no_instance_based_gamma,ITP/ITP232^2.p,TH1,Theorem,parse_timeout,na,0,,,,,,,,,cached: parse exceeded 5000ms
no_instance_based_gamma,ITP/ITP232^3.p,TH0,Theorem,parse_timeout,na,0,,,,,,,,,cached: parse exceeded 5000ms
no_instance_based_gamma,ITP/ITP232^4.p,TH1,Theorem,parse_timeout,na,0,,,,,,,,,cached: parse exceeded 5000ms
no_instance_based_gamma,ITP/ITP233^1.p,TH0,Theorem,parse_timeout,na,0,,,,,,,,,cached: parse exceeded 5000ms
no_instance_based_gamma,ITP/ITP233^2.p,TH1,Theorem,parse_timeout,na,0,,,,,,,,,cached: parse exceeded 5000ms
no_instance_based_gamma,ITP/ITP233^3.p,TH0,Theorem,parse_timeout,na,0,,,,,,,,,cached: parse exceeded 5000ms
no_instance_based_gamma,ITP/ITP233^4.p,TH1,Theorem,parse_timeout,na,0,,,,,,,,,cached: parse exceeded 5000ms
no_instance_based_gamma,ITP/ITP234^1.p,TH0,Theorem,parse_timeout,na,0,,,,,,,,,cached: parse exceeded 5000ms
no_instance_based_gamma,ITP/ITP234^2.p,TH1,Theorem,parse_timeout,na,0,,,,,,,,,cached: parse exceeded 5000ms
no_instance_based_gamma,ITP/ITP234^3.p,TH0,Theorem,parse_timeout,na,0,,,,,,,,,cached: parse exceeded 5000ms
no_instance_based_gamma,ITP/ITP234^4.p,TH1,Theorem,parse_timeout,na,0,,,,,,,,,cached: parse exceeded 5000ms
no_instance_based_gamma,ITP/ITP235^1.p,TH0,Theorem,parse_timeout,na,0,,,,,,,,,cached: parse exceeded 5000ms
no_instance_based_gamma,ITP/ITP235^2.p,TH1,Theorem,parse_timeout,na,0,,,,,,,,,cached: parse exceeded 5000ms
no_instance_based_gamma,ITP/ITP235^3.p,TH0,Theorem,parse_timeout,na,0,,,,,,,,,cached: parse exceeded 5000ms
no_instance_based_gamma,ITP/ITP235^4.p,TH1,Theorem,parse_timeout,na,0,,,,,,,,,cached: parse exceeded 5000ms
no_instance_based_gamma,ITP/ITP236^1.p,TH0,Theorem,parse_timeout,na,0,,,,,,,,,cached: parse exceeded 5000ms
no_instance_based_gamma,ITP/ITP236^2.p,TH1,Theorem,parse_timeout,na,0,,,,,,,,,cached: parse exceeded 5000ms
no_instance_based_gamma,ITP/ITP236^3.p,TH0,Theorem,parse_timeout,na,0,,,,,,,,,cached: parse exceeded 5000ms
no_instance_based_gamma,ITP/ITP236^4.p,TH1,Theorem,parse_timeout,na,0,,,,,,,,,cached: parse exceeded 5000ms
no_instance_based_gamma,ITP/ITP237^1.p,TH0,Theorem,parse_timeout,na,0,,,,,,,,,cached: parse exceeded 5000ms
no_instance_based_gamma,ITP/ITP237^2.p,TH1,Theorem,parse_timeout,na,0,,,,,,,,,cached: parse exceeded 5000ms
no_instance_based_gamma,ITP/ITP237^3.p,TH0,Theorem,parse_timeout,na,0,,,,,,,,,cached: parse exceeded 5000ms
no_instance_based_gamma,ITP/ITP237^4.p,TH1,Theorem,parse_timeout,na,0,,,,,,,,,cached: parse exceeded 5000ms
no_instance_based_gamma,ITP/ITP238^1.p,TH0,Theorem,parse_timeout,na,0,,,,,,,,,cached: parse exceeded 5000ms
no_instance_based_gamma,ITP/ITP238^2.p,TH1,Theorem,parse_timeout,na,0,,,,,,,,,cached: parse exceeded 5000ms
no_instance_based_gamma,ITP/ITP238^3.p,TH0,Theorem,parse_timeout,na,0,,,,,,,,,cached: parse exceeded 5000ms
no_instance_based_gamma,ITP/ITP238^4.p,TH1,Theorem,parse_timeout,na,0,,,,,,,,,cached: parse exceeded 5000ms
no_instance_based_gamma,ITP/ITP239^1.p,TH0,Theorem,parse_timeout,na,0,,,,,,,,,cached: parse exceeded 5000ms
no_instance_based_gamma,ITP/ITP239^2.p,TH1,Theorem,parse_timeout,na,0,,,,,,,,,cached: parse exceeded 5000ms
no_instance_based_gamma,ITP/ITP239^3.p,TH0,Theorem,parse_timeout,na,0,,,,,,,,,cached: parse exceeded 5000ms
no_instance_based_gamma,ITP/ITP239^4.p,TH1,Theorem,parse_timeout,na,0,,,,,,,,,cached: parse exceeded 5000ms
no_instance_based_gamma,ITP/ITP240^1.p,TH0,Theorem,parse_timeout,na,0,,,,,,,,,cached: parse exceeded 5000ms
no_instance_based_gamma,ITP/ITP240^2.p,TH1,Theorem,parse_timeout,na,0,,,,,,,,,cached: parse exceeded 5000ms
no_instance_based_gamma,ITP/ITP240^3.p,TH0,Theorem,parse_timeout,na,0,,,,,,,,,cached: parse exceeded 5000ms
no_instance_based_gamma,ITP/ITP240^4.p,TH1,Theorem,parse_timeout,na,0,,,,,,,,,cached: parse exceeded 5000ms
no_instance_based_gamma,ITP/ITP241^1.p,TH0,Theorem,parse_timeout,na,0,,,,,,,,,cached: parse exceeded 5000ms
no_instance_based_gamma,ITP/ITP241^2.p,TH1,Theorem,parse_timeout,na,0,,,,,,,,,cached: parse exceeded 5000ms
no_instance_based_gamma,ITP/ITP241^3.p,TH0,Theorem,parse_timeout,na,0,,,,,,,,,cached: parse exceeded 5000ms
no_instance_based_gamma,ITP/ITP241^4.p,TH1,Theorem,parse_timeout,na,0,,,,,,,,,cached: parse exceeded 5000ms
no_instance_based_gamma,ITP/ITP242^1.p,TH0,Theorem,parse_timeout,na,0,,,,,,,,,cached: parse exceeded 5000ms
no_instance_based_gamma,ITP/ITP242^2.p,TH1,Theorem,parse_timeout,na,0,,,,,,,,,cached: parse exceeded 5000ms
no_instance_based_gamma,ITP/ITP242^3.p,TH0,Theorem,parse_timeout,na,0,,,,,,,,,cached: parse exceeded 5000ms
no_instance_based_gamma,ITP/ITP242^4.p,TH1,Theorem,parse_timeout,na,0,,,,,,,,,cached: parse exceeded 5000ms
no_instance_based_gamma,ITP/ITP243^1.p,TH0,Theorem,parse_timeout,na,0,,,,,,,,,cached: parse exceeded 5000ms
no_instance_based_gamma,ITP/ITP243^2.p,TH1,Theorem,parse_timeout,na,0,,,,,,,,,cached: parse exceeded 5000ms
no_instance_based_gamma,ITP/ITP243^3.p,TH0,Theorem,parse_timeout,na,0,,,,,,,,,cached: parse exceeded 5000ms
no_instance_based_gamma,ITP/ITP243^4.p,TH1,Theorem,parse_timeout,na,0,,,,,,,,,cached: parse exceeded 5000ms
no_instance_based_gamma,ITP/ITP244^1.p,TH0,Theorem,parse_timeout,na,0,,,,,,,,,cached: parse exceeded 5000ms
no_instance_based_gamma,ITP/ITP244^2.p,TH1,Theorem,parse_timeout,na,0,,,,,,,,,cached: parse exceeded 5000ms
no_instance_based_gamma,ITP/ITP244^3.p,TH0,Theorem,parse_timeout,na,0,,,,,,,,,cached: parse exceeded 5000ms
no_instance_based_gamma,ITP/ITP244^4.p,TH1,Theorem,parse_timeout,na,0,,,,,,,,,cached: parse exceeded 5000ms
no_instance_based_gamma,ITP/ITP245^1.p,TH0,Theorem,parse_timeout,na,0,,,,,,,,,cached: parse exceeded 5000ms
no_instance_based_gamma,ITP/ITP245^2.p,TH1,Theorem,parse_timeout,na,0,,,,,,,,,cached: parse exceeded 5000ms
no_instance_based_gamma,ITP/ITP245^3.p,TH0,Theorem,parse_timeout,na,0,,,,,,,,,cached: parse exceeded 5000ms
no_instance_based_gamma,ITP/ITP245^4.p,TH1,Theorem,parse_timeout,na,0,,,,,,,,,cached: parse exceeded 5000ms
no_instance_based_gamma,ITP/ITP246^1.p,TH0,Theorem,parse_timeout,na,0,,,,,,,,,cached: parse exceeded 5000ms
no_instance_based_gamma,ITP/ITP246^2.p,TH1,Theorem,parse_timeout,na,0,,,,,,,,,cached: parse exceeded 5000ms
no_instance_based_gamma,ITP/ITP246^3.p,TH0,Theorem,parse_timeout,na,0,,,,,,,,,cached: parse exceeded 5000ms
no_instance_based_gamma,ITP/ITP246^4.p,TH1,Theorem,parse_timeout,na,0,,,,,,,,,cached: parse exceeded 5000ms
no_instance_based_gamma,ITP/ITP247^1.p,TH0,Theorem,parse_timeout,na,0,,,,,,,,,cached: parse exceeded 5000ms
no_instance_based_gamma,ITP/ITP247^2.p,TH1,Theorem,parse_timeout,na,0,,,,,,,,,cached: parse exceeded 5000ms
no_instance_based_gamma,ITP/ITP247^3.p,TH0,Theorem,parse_timeout,na,0,,,,,,,,,cached: parse exceeded 5000ms
no_instance_based_gamma,ITP/ITP247^4.p,TH1,Theorem,parse_timeout,na,0,,,,,,,,,cached: parse exceeded 5000ms
no_instance_based_gamma,ITP/ITP248^1.p,TH0,Theorem,parse_timeout,na,0,,,,,,,,,cached: parse exceeded 5000ms
no_instance_based_gamma,ITP/ITP248^2.p,TH1,Theorem,parse_timeout,na,0,,,,,,,,,cached: parse exceeded 5000ms
no_instance_based_gamma,ITP/ITP248^3.p,TH0,Theorem,parse_timeout,na,0,,,,,,,,,cached: parse exceeded 5000ms
no_instance_based_gamma,ITP/ITP248^4.p,TH1,Theorem,parse_timeout,na,0,,,,,,,,,cached: parse exceeded 5000ms
no_instance_based_gamma,ITP/ITP249^1.p,TH0,Theorem,parse_timeout,na,0,,,,,,,,,cached: parse exceeded 5000ms
no_instance_based_gamma,ITP/ITP249^2.p,TH1,Theorem,parse_timeout,na,0,,,,,,,,,cached: parse exceeded 5000ms
no_instance_based_gamma,ITP/ITP249^3.p,TH0,Theorem,parse_timeout,na,0,,,,,,,,,cached: parse exceeded 5000ms
no_instance_based_gamma,ITP/ITP249^4.p,TH1,Theorem,parse_timeout,na,0,,,,,,,,,cached: parse exceeded 5000ms
no_instance_based_gamma,ITP/ITP250^1.p,TH0,Theorem,parse_timeout,na,0,,,,,,,,,cached: parse exceeded 5000ms
no_instance_based_gamma,ITP/ITP250^2.p,TH1,Theorem,parse_timeout,na,0,,,,,,,,,cached: parse exceeded 5000ms
no_instance_based_gamma,ITP/ITP250^3.p,TH0,Theorem,parse_timeout,na,0,,,,,,,,,cached: parse exceeded 5000ms
no_instance_based_gamma,ITP/ITP250^4.p,TH1,Theorem,parse_timeout,na,0,,,,,,,,,cached: parse exceeded 5000ms
no_instance_based_gamma,ITP/ITP251^1.p,TH0,Theorem,parse_timeout,na,0,,,,,,,,,cached: parse exceeded 5000ms
no_instance_based_gamma,ITP/ITP251^2.p,TH1,Theorem,parse_timeout,na,0,,,,,,,,,cached: parse exceeded 5000ms
no_instance_based_gamma,ITP/ITP251^3.p,TH0,Theorem,parse_timeout,na,0,,,,,,,,,cached: parse exceeded 5000ms
no_instance_based_gamma,ITP/ITP251^4.p,TH1,Theorem,parse_timeout,na,0,,,,,,,,,cached: parse exceeded 5000ms
no_instance_based_gamma,ITP/ITP252^1.p,TH0,Theorem,parse_timeout,na,0,,,,,,,,,cached: parse exceeded 5000ms
no_instance_based_gamma,ITP/ITP252^2.p,TH1,Theorem,parse_timeout,na,0,,,,,,,,,cached: parse exceeded 5000ms
no_instance_based_gamma,ITP/ITP252^3.p,TH0,Theorem,parse_timeout,na,0,,,,,,,,,cached: parse exceeded 5000ms
no_instance_based_gamma,ITP/ITP252^4.p,TH1,Theorem,parse_timeout,na,0,,,,,,,,,cached: parse exceeded 5000ms
no_instance_based_gamma,ITP/ITP253^1.p,TH0,Theorem,parse_timeout,na,0,,,,,,,,,cached: parse exceeded 5000ms
no_instance_based_gamma,ITP/ITP253^2.p,TH1,Theorem,parse_timeout,na,0,,,,,,,,,cached: parse exceeded 5000ms
no_instance_based_gamma,ITP/ITP253^3.p,TH0,Theorem,parse_timeout,na,0,,,,,,,,,cached: parse exceeded 5000ms
no_instance_based_gamma,ITP/ITP253^4.p,TH1,Theorem,parse_timeout,na,0,,,,,,,,,cached: parse exceeded 5000ms
no_instance_based_gamma,ITP/ITP254^1.p,TH0,Theorem,parse_timeout,na,0,,,,,,,,,cached: parse exceeded 5000ms
no_instance_based_gamma,ITP/ITP254^2.p,TH1,Theorem,parse_timeout,na,0,,,,,,,,,cached: parse exceeded 5000ms
no_instance_based_gamma,ITP/ITP254^3.p,TH0,Theorem,parse_timeout,na,0,,,,,,,,,cached: parse exceeded 5000ms
no_instance_based_gamma,ITP/ITP254^4.p,TH1,Theorem,parse_timeout,na,0,,,,,,,,,cached: parse exceeded 5000ms
no_instance_based_gamma,ITP/ITP255^1.p,TH0,Theorem,parse_timeout,na,0,,,,,,,,,cached: parse exceeded 5000ms
no_instance_based_gamma,ITP/ITP255^2.p,TH1,Theorem,parse_timeout,na,0,,,,,,,,,cached: parse exceeded 5000ms
no_instance_based_gamma,ITP/ITP255^3.p,TH0,Theorem,parse_timeout,na,0,,,,,,,,,cached: parse exceeded 5000ms
no_instance_based_gamma,ITP/ITP255^4.p,TH1,Theorem,parse_timeout,na,0,,,,,,,,,cached: parse exceeded 5000ms
no_instance_based_gamma,ITP/ITP256^1.p,TH0,Theorem,parse_timeout,na,0,,,,,,,,,cached: parse exceeded 5000ms
no_instance_based_gamma,ITP/ITP256^2.p,TH1,Theorem,parse_timeout,na,0,,,,,,,,,cached: parse exceeded 5000ms
no_instance_based_gamma,ITP/ITP256^3.p,TH0,Theorem,parse_timeout,na,0,,,,,,,,,cached: parse exceeded 5000ms
no_instance_based_gamma,ITP/ITP256^4.p,TH1,Theorem,parse_timeout,na,0,,,,,,,,,cached: parse exceeded 5000ms
no_instance_based_gamma,ITP/ITP257^1.p,TH0,Theorem,parse_timeout,na,0,,,,,,,,,cached: parse exceeded 5000ms
no_instance_based_gamma,ITP/ITP257^2.p,TH1,Theorem,parse_timeout,na,0,,,,,,,,,cached: parse exceeded 5000ms
no_instance_based_gamma,ITP/ITP257^3.p,TH0,Theorem,parse_timeout,na,0,,,,,,,,,cached: parse exceeded 5000ms
no_instance_based_gamma,ITP/ITP257^4.p,TH1,Theorem,parse_timeout,na,0,,,,,,,,,cached: parse exceeded 5000ms
no_instance_based_gamma,ITP/ITP258^1.p,TH0,Theorem,parse_timeout,na,0,,,,,,,,,cached: parse exceeded 5000ms
no_instance_based_gamma,ITP/ITP258^2.p,TH1,Theorem,parse_timeout,na,0,,,,,,,,,cached: parse exceeded 5000ms
no_instance_based_gamma,ITP/ITP258^3.p,TH0,Theorem,parse_timeout,na,0,,,,,,,,,cached: parse exceeded 5000ms
no_instance_based_gamma,ITP/ITP258^4.p,TH1,Theorem,parse_timeout,na,0,,,,,,,,,cached: parse exceeded 5000ms
no_instance_based_gamma,ITP/ITP259^1.p,TH0,Theorem,parse_timeout,na,0,,,,,,,,,cached: parse exceeded 5000ms
no_instance_based_gamma,ITP/ITP259^2.p,TH1,Theorem,parse_timeout,na,0,,,,,,,,,cached: parse exceeded 5000ms
no_instance_based_gamma,ITP/ITP259^3.p,TH0,Theorem,parse_timeout,na,0,,,,,,,,,cached: parse exceeded 5000ms
no_instance_based_gamma,ITP/ITP259^4.p,TH1,Theorem,parse_timeout,na,0,,,,,,,,,cached: parse exceeded 5000ms
no_instance_based_gamma,ITP/ITP260^1.p,TH0,Theorem,parse_timeout,na,0,,,,,,,,,cached: parse exceeded 5000ms
no_instance_based_gamma,ITP/ITP260^2.p,TH1,Theorem,parse_timeout,na,0,,,,,,,,,cached: parse exceeded 5000ms
no_instance_based_gamma,ITP/ITP260^3.p,TH0,Theorem,parse_timeout,na,0,,,,,,,,,cached: parse exceeded 5000ms
no_instance_based_gamma,ITP/ITP260^4.p,TH1,Theorem,parse_timeout,na,0,,,,,,,,,cached: parse exceeded 5000ms
no_instance_based_gamma,ITP/ITP261^1.p,TH0,Theorem,parse_timeout,na,0,,,,,,,,,cached: parse exceeded 5000ms
no_instance_based_gamma,ITP/ITP261^2.p,TH1,Theorem,parse_timeout,na,0,,,,,,,,,cached: parse exceeded 5000ms
no_instance_based_gamma,ITP/ITP261^3.p,TH0,Theorem,parse_timeout,na,0,,,,,,,,,cached: parse exceeded 5000ms
no_instance_based_gamma,ITP/ITP261^4.p,TH1,Theorem,parse_timeout,na,0,,,,,,,,,cached: parse exceeded 5000ms
no_instance_based_gamma,ITP/ITP262^1.p,TH0,Theorem,parse_timeout,na,0,,,,,,,,,cached: parse exceeded 5000ms
no_instance_based_gamma,ITP/ITP262^2.p,TH1,Theorem,parse_timeout,na,0,,,,,,,,,cached: parse exceeded 5000ms
no_instance_based_gamma,ITP/ITP262^3.p,TH0,Theorem,parse_timeout,na,0,,,,,,,,,cached: parse exceeded 5000ms
no_instance_based_gamma,ITP/ITP262^4.p,TH1,Theorem,parse_timeout,na,0,,,,,,,,,cached: parse exceeded 5000ms
no_instance_based_gamma,ITP/ITP263^1.p,TH0,Theorem,parse_timeout,na,0,,,,,,,,,cached: parse exceeded 5000ms
no_instance_based_gamma,ITP/ITP263^2.p,TH1,Theorem,parse_timeout,na,0,,,,,,,,,cached: parse exceeded 5000ms
no_instance_based_gamma,ITP/ITP263^3.p,TH0,Theorem,parse_timeout,na,0,,,,,,,,,cached: parse exceeded 5000ms
no_instance_based_gamma,ITP/ITP263^4.p,TH1,Theorem,parse_timeout,na,0,,,,,,,,,cached: parse exceeded 5000ms
no_instance_based_gamma,ITP/ITP264^1.p,TH0,Theorem,parse_timeout,na,0,,,,,,,,,cached: parse exceeded 5000ms
no_instance_based_gamma,ITP/ITP264^2.p,TH1,Theorem,parse_timeout,na,0,,,,,,,,,cached: parse exceeded 5000ms
no_instance_based_gamma,ITP/ITP264^3.p,TH0,Theorem,parse_timeout,na,0,,,,,,,,,cached: parse exceeded 5000ms
no_instance_based_gamma,ITP/ITP264^4.p,TH1,Theorem,parse_timeout,na,0,,,,,,,,,cached: parse exceeded 5000ms
no_instance_based_gamma,ITP/ITP265^1.p,TH0,Theorem,parse_timeout,na,0,,,,,,,,,cached: parse exceeded 5000ms
no_instance_based_gamma,ITP/ITP265^2.p,TH1,Theorem,parse_timeout,na,0,,,,,,,,,cached: parse exceeded 5000ms
no_instance_based_gamma,ITP/ITP265^3.p,TH0,Theorem,parse_timeout,na,0,,,,,,,,,cached: parse exceeded 5000ms
no_instance_based_gamma,ITP/ITP265^4.p,TH1,Theorem,parse_timeout,na,0,,,,,,,,,cached: parse exceeded 5000ms
no_instance_based_gamma,ITP/ITP266^1.p,TH0,Theorem,parse_timeout,na,0,,,,,,,,,cached: parse exceeded 5000ms
no_instance_based_gamma,ITP/ITP266^2.p,TH1,Theorem,parse_timeout,na,0,,,,,,,,,cached: parse exceeded 5000ms
no_instance_based_gamma,ITP/ITP266^3.p,TH0,Theorem,parse_timeout,na,0,,,,,,,,,cached: parse exceeded 5000ms
no_instance_based_gamma,ITP/ITP266^4.p,TH1,Theorem,parse_timeout,na,0,,,,,,,,,cached: parse exceeded 5000ms
no_instance_based_gamma,ITP/ITP267^1.p,TH0,Theorem,parse_timeout,na,0,,,,,,,,,cached: parse exceeded 5000ms
no_instance_based_gamma,ITP/ITP267^2.p,TH1,Theorem,parse_timeout,na,0,,,,,,,,,cached: parse exceeded 5000ms
no_instance_based_gamma,ITP/ITP267^3.p,TH0,Theorem,parse_timeout,na,0,,,,,,,,,cached: parse exceeded 5000ms
no_instance_based_gamma,ITP/ITP267^4.p,TH1,Theorem,parse_timeout,na,0,,,,,,,,,cached: parse exceeded 5000ms
no_instance_based_gamma,ITP/ITP268^1.p,TH0,Theorem,parse_timeout,na,0,,,,,,,,,cached: parse exceeded 5000ms
no_instance_based_gamma,ITP/ITP268^2.p,TH1,Theorem,parse_timeout,na,0,,,,,,,,,cached: parse exceeded 5000ms
no_instance_based_gamma,ITP/ITP268^3.p,TH0,Theorem,parse_timeout,na,0,,,,,,,,,cached: parse exceeded 5000ms
no_instance_based_gamma,ITP/ITP268^4.p,TH1,Theorem,parse_timeout,na,0,,,,,,,,,cached: parse exceeded 5000ms
no_instance_based_gamma,ITP/ITP269^1.p,TH0,Theorem,parse_timeout,na,0,,,,,,,,,cached: parse exceeded 5000ms
no_instance_based_gamma,ITP/ITP269^2.p,TH1,Theorem,parse_timeout,na,0,,,,,,,,,cached: parse exceeded 5000ms
no_instance_based_gamma,ITP/ITP269^3.p,TH0,Theorem,parse_timeout,na,0,,,,,,,,,cached: parse exceeded 5000ms
no_instance_based_gamma,ITP/ITP269^4.p,TH1,Theorem,parse_timeout,na,0,,,,,,,,,cached: parse exceeded 5000ms
no_instance_based_gamma,ITP/ITP270^1.p,TH0,Theorem,parse_timeout,na,0,,,,,,,,,cached: parse exceeded 5000ms
no_instance_based_gamma,ITP/ITP270^2.p,TH1,Theorem,parse_timeout,na,0,,,,,,,,,cached: parse exceeded 5000ms
no_instance_based_gamma,ITP/ITP270^3.p,TH0,Theorem,parse_timeout,na,0,,,,,,,,,cached: parse exceeded 5000ms
no_instance_based_gamma,ITP/ITP270^4.p,TH1,Theorem,parse_timeout,na,0,,,,,,,,,cached: parse exceeded 5000ms
no_instance_based_gamma,ITP/ITP271^1.p,TH0,Theorem,parse_timeout,na,0,,,,,,,,,cached: parse exceeded 5000ms
no_instance_based_gamma,ITP/ITP271^2.p,TH1,Theorem,parse_timeout,na,0,,,,,,,,,cached: parse exceeded 5000ms
no_instance_based_gamma,ITP/ITP271^3.p,TH0,Theorem,parse_timeout,na,0,,,,,,,,,cached: parse exceeded 5000ms
no_instance_based_gamma,ITP/ITP271^4.p,TH1,Theorem,parse_timeout,na,0,,,,,,,,,cached: parse exceeded 5000ms
no_instance_based_gamma,ITP/ITP272^1.p,TH0,Theorem,parse_timeout,na,0,,,,,,,,,cached: parse exceeded 5000ms
no_instance_based_gamma,ITP/ITP272^2.p,TH1,Theorem,parse_timeout,na,0,,,,,,,,,cached: parse exceeded 5000ms
no_instance_based_gamma,ITP/ITP272^3.p,TH0,Theorem,parse_timeout,na,0,,,,,,,,,cached: parse exceeded 5000ms
no_instance_based_gamma,ITP/ITP272^4.p,TH1,Theorem,parse_timeout,na,0,,,,,,,,,cached: parse exceeded 5000ms
no_instance_based_gamma,ITP/ITP273^1.p,TH0,Theorem,parse_timeout,na,0,,,,,,,,,cached: parse exceeded 5000ms
no_instance_based_gamma,ITP/ITP273^2.p,TH1,Theorem,parse_timeout,na,0,,,,,,,,,cached: parse exceeded 5000ms
no_instance_based_gamma,ITP/ITP273^3.p,TH0,Theorem,parse_timeout,na,0,,,,,,,,,cached: parse exceeded 5000ms
no_instance_based_gamma,ITP/ITP273^4.p,TH1,Theorem,parse_timeout,na,0,,,,,,,,,cached: parse exceeded 5000ms
no_instance_based_gamma,ITP/ITP274^1.p,TH0,Theorem,parse_timeout,na,0,,,,,,,,,cached: parse exceeded 5000ms
no_instance_based_gamma,ITP/ITP274^2.p,TH1,Theorem,parse_timeout,na,0,,,,,,,,,cached: parse exceeded 5000ms
no_instance_based_gamma,ITP/ITP274^3.p,TH0,Theorem,parse_timeout,na,0,,,,,,,,,cached: parse exceeded 5000ms
no_instance_based_gamma,ITP/ITP274^4.p,TH1,Theorem,parse_timeout,na,0,,,,,,,,,cached: parse exceeded 5000ms
no_instance_based_gamma,ITP/ITP275^1.p,TH0,Theorem,parse_timeout,na,0,,,,,,,,,cached: parse exceeded 5000ms
no_instance_based_gamma,ITP/ITP275^2.p,TH1,Theorem,parser_error,na,0,,,,,,,,,cached: Failed to parse formula 'fact_1029_of__bool__odd__eq__mod__2': [byte:364945] Type Error: Cannot unify strict function types of different arities.
no_instance_based_gamma,ITP/ITP275^3.p,TH0,Theorem,parse_timeout,na,0,,,,,,,,,cached: parse exceeded 5000ms
no_instance_based_gamma,ITP/ITP275^4.p,TH1,Theorem,parser_error,na,0,,,,,,,,,cached: Failed to parse formula 'fact_1029_of__bool__odd__eq__mod__2': [byte:364945] Type Error: Cannot unify strict function types of different arities.
no_instance_based_gamma,ITP/ITP276^1.p,TH0,ContradictoryAxioms,parse_timeout,na,0,,,,,,,,,cached: parse exceeded 5000ms
no_instance_based_gamma,ITP/ITP276^2.p,TH1,ContradictoryAxioms,parse_timeout,na,0,,,,,,,,,cached: parse exceeded 5000ms
no_instance_based_gamma,ITP/ITP276^3.p,TH0,ContradictoryAxioms,parse_timeout,na,0,,,,,,,,,cached: parse exceeded 5000ms
no_instance_based_gamma,ITP/ITP276^4.p,TH1,ContradictoryAxioms,parse_timeout,na,0,,,,,,,,,cached: parse exceeded 5000ms
no_instance_based_gamma,ITP/ITP277^1.p,TH0,Theorem,parse_timeout,na,0,,,,,,,,,cached: parse exceeded 5000ms
no_instance_based_gamma,ITP/ITP277^2.p,TH1,Theorem,parse_timeout,na,0,,,,,,,,,cached: parse exceeded 5000ms
no_instance_based_gamma,ITP/ITP277^3.p,TH0,Theorem,parse_timeout,na,0,,,,,,,,,cached: parse exceeded 5000ms
no_instance_based_gamma,ITP/ITP277^4.p,TH1,Theorem,parse_timeout,na,0,,,,,,,,,cached: parse exceeded 5000ms
no_instance_based_gamma,ITP/ITP278^1.p,TH0,Theorem,parse_timeout,na,0,,,,,,,,,cached: parse exceeded 5000ms
no_instance_based_gamma,ITP/ITP278^2.p,TH1,Theorem,parse_timeout,na,0,,,,,,,,,cached: parse exceeded 5000ms
no_instance_based_gamma,ITP/ITP278^3.p,TH0,Theorem,parse_timeout,na,0,,,,,,,,,cached: parse exceeded 5000ms
no_instance_based_gamma,ITP/ITP278^4.p,TH1,Theorem,parse_timeout,na,0,,,,,,,,,cached: parse exceeded 5000ms
no_instance_based_gamma,ITP/ITP279^1.p,TH0,Theorem,parse_timeout,na,0,,,,,,,,,cached: parse exceeded 5000ms
no_instance_based_gamma,ITP/ITP279^2.p,TH1,Theorem,parse_timeout,na,0,,,,,,,,,cached: parse exceeded 5000ms
no_instance_based_gamma,ITP/ITP279^3.p,TH0,Theorem,parse_timeout,na,0,,,,,,,,,cached: parse exceeded 5000ms
no_instance_based_gamma,ITP/ITP279^4.p,TH1,Theorem,parse_timeout,na,0,,,,,,,,,cached: parse exceeded 5000ms
no_instance_based_gamma,ITP/ITP280^1.p,TH0,Theorem,parse_timeout,na,0,,,,,,,,,cached: parse exceeded 5000ms
no_instance_based_gamma,ITP/ITP280^2.p,TH1,Theorem,parser_error,na,0,,,,,,,,,cached: Failed to parse formula 'fact_1609_of__bool__not__iff': [byte:557970] Type Error: Cannot unify strict function types of different arities.
no_instance_based_gamma,ITP/ITP280^3.p,TH0,Theorem,parse_timeout,na,0,,,,,,,,,cached: parse exceeded 5000ms
no_instance_based_gamma,ITP/ITP280^4.p,TH1,Theorem,parser_error,na,0,,,,,,,,,cached: Failed to parse formula 'fact_1609_of__bool__not__iff': [byte:557970] Type Error: Cannot unify strict function types of different arities.
no_instance_based_gamma,ITP/ITP281^1.p,TH0,Theorem,parse_timeout,na,0,,,,,,,,,cached: parse exceeded 5000ms
no_instance_based_gamma,ITP/ITP281^2.p,TH1,Theorem,parse_timeout,na,0,,,,,,,,,cached: parse exceeded 5000ms
no_instance_based_gamma,ITP/ITP281^3.p,TH0,Theorem,parse_timeout,na,0,,,,,,,,,cached: parse exceeded 5000ms
no_instance_based_gamma,ITP/ITP281^4.p,TH1,Theorem,parse_timeout,na,0,,,,,,,,,cached: parse exceeded 5000ms
no_instance_based_gamma,ITP/ITP282^1.p,TH0,Theorem,parse_timeout,na,0,,,,,,,,,cached: parse exceeded 5000ms
no_instance_based_gamma,ITP/ITP282^2.p,TH1,Theorem,parser_error,na,0,,,,,,,,,cached: Failed to parse formula 'fact_923_of__bool__odd__eq__mod__2': [byte:350737] Type Error: Cannot unify strict function types of different arities.
no_instance_based_gamma,ITP/ITP282^3.p,TH0,Theorem,parse_timeout,na,0,,,,,,,,,cached: parse exceeded 5000ms
no_instance_based_gamma,ITP/ITP282^4.p,TH1,Theorem,parser_error,na,0,,,,,,,,,cached: Failed to parse formula 'fact_923_of__bool__odd__eq__mod__2': [byte:350737] Type Error: Cannot unify strict function types of different arities.
no_instance_based_gamma,ITP/ITP283^1.p,TH0,Theorem,parse_timeout,na,0,,,,,,,,,cached: parse exceeded 5000ms
no_instance_based_gamma,ITP/ITP283^2.p,TH1,Theorem,parse_timeout,na,0,,,,,,,,,cached: parse exceeded 5000ms
no_instance_based_gamma,ITP/ITP283^3.p,TH0,Theorem,parse_timeout,na,0,,,,,,,,,cached: parse exceeded 5000ms
no_instance_based_gamma,ITP/ITP283^4.p,TH1,Theorem,parse_timeout,na,0,,,,,,,,,cached: parse exceeded 5000ms
no_instance_based_gamma,ITP/ITP284^1.p,TH0,Theorem,parse_timeout,na,0,,,,,,,,,cached: parse exceeded 5000ms
no_instance_based_gamma,ITP/ITP284^2.p,TH1,Theorem,parser_error,na,0,,,,,,,,,cached: Failed to parse formula 'fact_1267_of__bool__odd__eq__mod__2': [byte:465803] Type Error: Cannot unify strict function types of different arities.
no_instance_based_gamma,ITP/ITP284^3.p,TH0,Theorem,parse_timeout,na,0,,,,,,,,,cached: parse exceeded 5000ms
no_instance_based_gamma,ITP/ITP284^4.p,TH1,Theorem,parser_error,na,0,,,,,,,,,cached: Failed to parse formula 'fact_1267_of__bool__odd__eq__mod__2': [byte:465803] Type Error: Cannot unify strict function types of different arities.
no_instance_based_gamma,ITP/ITP285^1.p,TH0,ContradictoryAxioms,parse_timeout,na,0,,,,,,,,,cached: parse exceeded 5000ms
no_instance_based_gamma,ITP/ITP285^2.p,TH1,Theorem,parse_timeout,na,0,,,,,,,,,cached: parse exceeded 5000ms
no_instance_based_gamma,ITP/ITP285^3.p,TH0,ContradictoryAxioms,parse_timeout,na,0,,,,,,,,,cached: parse exceeded 5000ms
no_instance_based_gamma,ITP/ITP285^4.p,TH1,Theorem,parse_timeout,na,0,,,,,,,,,cached: parse exceeded 5000ms
no_instance_based_gamma,ITP/ITP286^1.p,TH0,Theorem,parse_timeout,na,0,,,,,,,,,cached: parse exceeded 5000ms
no_instance_based_gamma,ITP/ITP286^2.p,TH1,Theorem,parse_timeout,na,0,,,,,,,,,cached: parse exceeded 5000ms
no_instance_based_gamma,ITP/ITP286^3.p,TH0,Theorem,parse_timeout,na,0,,,,,,,,,cached: parse exceeded 5000ms
no_instance_based_gamma,ITP/ITP286^4.p,TH1,Theorem,parse_timeout,na,0,,,,,,,,,cached: parse exceeded 5000ms
no_instance_based_gamma,ITP/ITP287^1.p,TH0,Theorem,parse_timeout,na,0,,,,,,,,,cached: parse exceeded 5000ms
no_instance_based_gamma,ITP/ITP287^2.p,TH1,Theorem,parse_timeout,na,0,,,,,,,,,cached: parse exceeded 5000ms
no_instance_based_gamma,ITP/ITP287^3.p,TH0,Theorem,parse_timeout,na,0,,,,,,,,,cached: parse exceeded 5000ms
no_instance_based_gamma,ITP/ITP287^4.p,TH1,Theorem,parse_timeout,na,0,,,,,,,,,cached: parse exceeded 5000ms
no_instance_based_gamma,ITP/ITP288^1.p,TH0,Theorem,parse_timeout,na,0,,,,,,,,,cached: parse exceeded 5000ms
no_instance_based_gamma,ITP/ITP288^2.p,TH1,Theorem,parse_timeout,na,0,,,,,,,,,cached: parse exceeded 5000ms
no_instance_based_gamma,ITP/ITP288^3.p,TH0,Theorem,parse_timeout,na,0,,,,,,,,,cached: parse exceeded 5000ms
no_instance_based_gamma,ITP/ITP288^4.p,TH1,Theorem,parse_timeout,na,0,,,,,,,,,cached: parse exceeded 5000ms
no_instance_based_gamma,ITP/ITP289^1.p,TH0,Theorem,parse_timeout,na,0,,,,,,,,,cached: parse exceeded 5000ms
no_instance_based_gamma,ITP/ITP289^2.p,TH1,Theorem,parse_timeout,na,0,,,,,,,,,cached: parse exceeded 5000ms
no_instance_based_gamma,ITP/ITP289^3.p,TH0,Theorem,parse_timeout,na,0,,,,,,,,,cached: parse exceeded 5000ms
no_instance_based_gamma,ITP/ITP289^4.p,TH1,Theorem,parse_timeout,na,0,,,,,,,,,cached: parse exceeded 5000ms
no_instance_based_gamma,ITP/ITP290^1.p,TH0,Theorem,parse_timeout,na,0,,,,,,,,,cached: parse exceeded 5000ms
no_instance_based_gamma,ITP/ITP290^2.p,TH1,Theorem,parse_timeout,na,0,,,,,,,,,cached: parse exceeded 5000ms
no_instance_based_gamma,ITP/ITP290^3.p,TH0,Theorem,parse_timeout,na,0,,,,,,,,,cached: parse exceeded 5000ms
no_instance_based_gamma,ITP/ITP290^4.p,TH1,Theorem,parse_timeout,na,0,,,,,,,,,cached: parse exceeded 5000ms
no_instance_based_gamma,ITP/ITP291^1.p,TH0,Theorem,parse_timeout,na,0,,,,,,,,,cached: parse exceeded 5000ms
no_instance_based_gamma,ITP/ITP291^2.p,TH1,Theorem,parse_timeout,na,0,,,,,,,,,cached: parse exceeded 5000ms
no_instance_based_gamma,ITP/ITP291^3.p,TH0,Theorem,parse_timeout,na,0,,,,,,,,,cached: parse exceeded 5000ms
no_instance_based_gamma,ITP/ITP291^4.p,TH1,Theorem,parse_timeout,na,0,,,,,,,,,cached: parse exceeded 5000ms
no_instance_based_gamma,ITP/ITP292^1.p,TH0,Theorem,parse_timeout,na,0,,,,,,,,,cached: parse exceeded 5000ms
no_instance_based_gamma,ITP/ITP292^2.p,TH1,Theorem,parse_timeout,na,0,,,,,,,,,cached: parse exceeded 5000ms
no_instance_based_gamma,ITP/ITP292^3.p,TH0,Theorem,parse_timeout,na,0,,,,,,,,,cached: parse exceeded 5000ms
no_instance_based_gamma,ITP/ITP292^4.p,TH1,Theorem,parse_timeout,na,0,,,,,,,,,cached: parse exceeded 5000ms
no_instance_based_gamma,ITP/ITP293^1.p,TH0,Theorem,parse_timeout,na,0,,,,,,,,,cached: parse exceeded 5000ms
no_instance_based_gamma,ITP/ITP293^2.p,TH1,Theorem,parse_timeout,na,0,,,,,,,,,cached: parse exceeded 5000ms
no_instance_based_gamma,ITP/ITP293^3.p,TH0,Theorem,parse_timeout,na,0,,,,,,,,,cached: parse exceeded 5000ms
no_instance_based_gamma,ITP/ITP293^4.p,TH1,Theorem,parse_timeout,na,0,,,,,,,,,cached: parse exceeded 5000ms
no_instance_based_gamma,ITP/ITP294^1.p,TH0,Theorem,parser_error,na,0,,,,,,,,,cached: Failed to parse formula 'fact_2079_Suc__0__xor__eq': [byte:706302] Type Error: Cannot unify strict function types of different arities.
no_instance_based_gamma,ITP/ITP294^2.p,TH1,Theorem,parse_timeout,na,0,,,,,,,,,cached: parse exceeded 5000ms
no_instance_based_gamma,ITP/ITP294^3.p,TH0,Theorem,parser_error,na,0,,,,,,,,,cached: Failed to parse formula 'fact_2079_Suc__0__xor__eq': [byte:706302] Type Error: Cannot unify strict function types of different arities.
no_instance_based_gamma,ITP/ITP294^4.p,TH1,Theorem,parse_timeout,na,0,,,,,,,,,cached: parse exceeded 5000ms
no_instance_based_gamma,ITP/ITP415^1.p,unknown,Theorem,parser_error,na,0,,,,,,,,,cached: Syntax Error: expected ' ' or ']' in !> binder  got [{:colon  ":"  1957}  {:atom  "nat"  1959}  {:rbracket  "]"  1962}  {:colon  ":"  1964}  {:lparen  "("  1966}  {:atom  "fin"  1968}  {:app  "@"  197
no_instance_based_gamma,ITP/ITP416^1.p,unknown,Theorem,parser_error,na,0,,,,,,,,,cached: Syntax Error: expected ' ' or ']' in !> binder  got [{:colon  ":"  1958}  {:atom  "nat"  1960}  {:rbracket  "]"  1963}  {:colon  ":"  1965}  {:lparen  "("  1967}  {:atom  "fin"  1969}  {:app  "@"  197
no_instance_based_gamma,ITP/ITP417^1.p,unknown,Theorem,parser_error,na,0,,,,,,,,,cached: Syntax Error: expected ' ' or ']' in !> binder  got [{:colon  ":"  1964}  {:atom  "nat"  1966}  {:rbracket  "]"  1969}  {:colon  ":"  1971}  {:lparen  "("  1973}  {:atom  "fin"  1975}  {:app  "@"  197
no_instance_based_gamma,KRS/KRS272^7.p,TH0,Theorem,timeout,na,2125,1090,58,1090,142,0,0,0,0,
no_instance_based_gamma,KRS/KRS273^7.p,TH0,CounterSatisfiable,timeout,na,2152,1842,40,1842,215,15,0,0,0,
no_instance_based_gamma,KRS/KRS274^7.p,TH0,CounterSatisfiable,timeout,na,2130,1456,36,1456,217,12,0,0,0,
no_instance_based_gamma,KRS/KRS275^7.p,TH0,Theorem,timeout,na,2201,3365,63,3365,175,12,0,0,0,
no_instance_based_gamma,KRS/KRS276^7.p,TH0,Theorem,timeout,na,2466,4499,27,4499,138,252,0,0,0,
no_instance_based_gamma,KRS/KRS277^7.p,TH0,CounterSatisfiable,timeout,na,2284,4264,71,4264,218,38,0,0,0,
no_instance_based_gamma,LCL/LCL181^4.p,TH0,CounterSatisfiable,timeout,na,2161,4363,95,4363,187,134,0,0,0,
no_instance_based_gamma,LCL/LCL230^4.p,TH0,CounterSatisfiable,timeout,na,2124,3223,71,3223,229,61,0,0,0,
no_instance_based_gamma,LCL/LCL414^7.p,TH0,Theorem,timeout,na,2135,2066,99,2066,169,0,0,0,0,
no_instance_based_gamma,LCL/LCL449^7.p,TH0,Theorem,timeout,na,2335,42,4,42,1,0,0,0,0,
no_instance_based_gamma,LCL/LCL450^7.p,TH0,Theorem,timeout,na,2329,40,4,40,1,0,0,0,0,
no_instance_based_gamma,LCL/LCL452^7.p,TH0,Theorem,timeout,na,2313,44,4,44,1,0,0,0,0,
no_instance_based_gamma,LCL/LCL454^7.p,TH0,Theorem,timeout,na,2308,44,4,44,1,0,0,0,0,
no_instance_based_gamma,LCL/LCL456^7.p,TH0,Theorem,timeout,na,2304,43,4,43,1,0,0,0,0,
no_instance_based_gamma,LCL/LCL460^7.p,TH0,Theorem,timeout,na,2304,46,4,46,1,0,0,0,0,
no_instance_based_gamma,LCL/LCL462^7.p,TH0,Theorem,timeout,na,2301,78,7,78,1,0,0,0,0,
no_instance_based_gamma,LCL/LCL464^7.p,TH0,Theorem,timeout,na,2302,75,7,75,1,0,0,0,0,
no_instance_based_gamma,LCL/LCL466^7.p,TH0,Theorem,timeout,na,2306,69,6,69,1,0,0,0,0,
no_instance_based_gamma,LCL/LCL467^7.p,TH0,Theorem,timeout,na,2302,74,7,74,1,0,0,0,0,
no_instance_based_gamma,LCL/LCL579^1.p,TH0,Theorem,thm,yes,24,20,0,20,3,0,0,1,1,
no_instance_based_gamma,LCL/LCL579^2.p,TH0,Theorem,thm,yes,19,16,0,16,3,0,0,1,1,
no_instance_based_gamma,LCL/LCL580^1.p,TH0,Theorem,thm,yes,25,4,0,4,1,1,0,0,0,
no_instance_based_gamma,LCL/LCL581^1.p,TH0,Theorem,thm,yes,25,3,0,3,1,1,0,0,0,
no_instance_based_gamma,LCL/LCL582^1.p,TH0,CounterSatisfiable,timeout,na,2091,3596,337,3596,512,5,0,0,0,
no_instance_based_gamma,LCL/LCL583^1.p,TH0,Theorem,thm,yes,25,4,0,4,1,1,0,0,0,
no_instance_based_gamma,LCL/LCL584^1.p,TH0,Theorem,timeout,na,2029,708,12,708,58,66,0,2,0,
no_instance_based_gamma,LCL/LCL585^1.p,TH0,Theorem,thm,yes,65,118,1,118,12,6,0,1,1,
no_instance_based_gamma,LCL/LCL586^1.p,TH0,Theorem,thm,yes,56,51,0,51,6,0,0,1,1,
no_instance_based_gamma,LCL/LCL587^1.p,TH0,Theorem,thm,yes,51,45,0,45,6,0,0,1,1,
no_instance_based_gamma,LCL/LCL588^1.p,TH0,Theorem,thm,yes,371,312,1,312,23,43,0,1,1,
no_instance_based_gamma,LCL/LCL589^1.p,TH0,Theorem,thm,yes,45,19,1,19,3,0,0,1,1,
no_instance_based_gamma,LCL/LCL590^1.p,TH0,Theorem,thm,yes,49,30,1,30,5,2,0,1,1,
no_instance_based_gamma,LCL/LCL591^1.p,TH0,Theorem,thm,yes,32,13,1,13,1,0,0,1,1,
no_instance_based_gamma,LCL/LCL592^1.p,TH0,Theorem,thm,yes,66,34,1,34,6,0,0,1,1,
no_instance_based_gamma,LCL/LCL593^1.p,TH0,CounterSatisfiable,timeout,na,2091,3587,338,3587,512,2,0,0,0,
no_instance_based_gamma,LCL/LCL594^1.p,TH0,Theorem,thm,yes,113,15,0,15,3,1,0,1,1,
no_instance_based_gamma,LCL/LCL595^1.p,TH0,Theorem,timeout,na,2065,1621,132,1620,42,14,0,1,0,
no_instance_based_gamma,LCL/LCL596^1.p,TH0,CounterSatisfiable,timeout,na,2027,77,1,77,8,4,0,10,0,
no_instance_based_gamma,LCL/LCL597^1.p,TH0,Theorem,thm,yes,51,8,0,8,1,0,0,1,1,
no_instance_based_gamma,LCL/LCL598^1.p,TH0,CounterSatisfiable,timeout,na,2072,717,48,717,45,3,0,2,0,
no_instance_based_gamma,LCL/LCL599^1.p,TH0,CounterSatisfiable,timeout,na,2128,2115,87,2115,188,87,0,1,0,
no_instance_based_gamma,LCL/LCL600^1.p,TH0,Theorem,timeout,na,2127,1539,58,1539,267,34,0,1,0,
no_instance_based_gamma,LCL/LCL601^1.p,TH0,Theorem,timeout,na,2087,1673,121,1673,73,10,0,1,0,
no_instance_based_gamma,LCL/LCL602^1.p,TH0,Theorem,timeout,na,2115,1144,51,1144,128,25,0,1,0,
no_instance_based_gamma,LCL/LCL603^1.p,TH0,Theorem,timeout,na,2073,883,73,883,27,1,0,1,0,
no_instance_based_gamma,LCL/LCL604^1.p,TH0,Theorem,timeout,na,2398,6520,108,6520,1618,271,0,1,0,
no_instance_based_gamma,LCL/LCL607^1.p,TH0,Theorem,thm,yes,54,34,0,34,4,3,0,1,1,
no_instance_based_gamma,LCL/LCL608^1.p,TH0,Theorem,thm,yes,34,18,1,18,2,0,0,1,1,
no_instance_based_gamma,LCL/LCL609^1.p,TH0,Theorem,thm,yes,26,10,1,10,1,0,0,1,1,
no_instance_based_gamma,LCL/LCL612^1.p,TH0,Theorem,thm,yes,37,19,1,19,2,0,0,1,1,
no_instance_based_gamma,LCL/LCL613^1.p,TH0,Theorem,thm,yes,52,20,1,20,3,0,0,1,1,
no_instance_based_gamma,LCL/LCL614^1.p,TH0,Theorem,thm,yes,42,8,0,8,1,1,0,0,0,
no_instance_based_gamma,LCL/LCL615^1.p,TH0,CounterSatisfiable,timeout,na,2100,3576,324,3576,482,5,0,0,0,
no_instance_based_gamma,LCL/LCL617^1.p,TH0,CounterSatisfiable,timeout,na,2233,6940,35,6940,206,358,0,0,0,
no_instance_based_gamma,LCL/LCL618^1.p,TH0,Theorem,timeout,na,2031,595,41,595,23,9,0,7,0,
no_instance_based_gamma,LCL/LCL619^1.p,TH0,Theorem,timeout,na,2049,1813,153,1813,38,9,0,1,0,
no_instance_based_gamma,LCL/LCL620^1.p,TH0,Theorem,thm,yes,43,6,0,6,1,1,0,0,0,
no_instance_based_gamma,LCL/LCL621^1.p,TH0,Theorem,timeout,na,2050,2210,172,2210,68,17,0,0,0,
no_instance_based_gamma,LCL/LCL623^1.p,TH0,Theorem,thm,yes,29,1,0,1,1,1,0,0,0,
no_instance_based_gamma,LCL/LCL624^1.p,TH0,Theorem,timeout,na,2324,7486,93,7486,1905,133,0,1,0,
no_instance_based_gamma,LCL/LCL625^1.p,TH0,Theorem,timeout,na,2105,1495,64,1495,192,4,0,1,0,
no_instance_based_gamma,LCL/LCL626^1.p,TH0,Theorem,timeout,na,2108,1951,127,1951,132,14,0,4,0,
no_instance_based_gamma,LCL/LCL629^1.p,TH0,Theorem,timeout,na,2051,978,82,978,37,0,0,1,0,
no_instance_based_gamma,LCL/LCL630^1.p,TH0,CounterSatisfiable,timeout,na,2088,1532,110,1532,110,0,0,3,0,
no_instance_based_gamma,LCL/LCL631^1.p,TH0,CounterSatisfiable,timeout,na,2133,1914,82,1914,296,0,0,3,0,
no_instance_based_gamma,LCL/LCL632^1.p,TH0,Theorem,timeout,na,2084,1518,104,1518,113,0,0,3,0,
no_instance_based_gamma,LCL/LCL633^1.p,TH0,CounterSatisfiable,timeout,na,2068,1133,17,1133,115,100,0,1,0,
no_instance_based_gamma,LCL/LCL634^1.p,TH0,CounterSatisfiable,timeout,na,2097,1756,30,1756,316,4,0,1,0,
no_instance_based_gamma,LCL/LCL690^1.p,TH0,Theorem,timeout,na,2076,1004,69,1004,40,12,0,1,0,
no_instance_based_gamma,LCL/LCL691^1.p,TH0,Theorem,timeout,na,2076,658,40,658,40,7,0,1,0,
no_instance_based_gamma,LCL/LCL692^1.p,TH0,Theorem,timeout,na,2064,993,79,993,29,9,0,1,0,
no_instance_based_gamma,LCL/LCL695^1.p,TH0,Satisfiable,no_conjecture,na,30,,,,,,,,,
no_instance_based_gamma,LCL/LCL696^1.p,TH0,Satisfiable,no_conjecture,na,23,,,,,,,,,
no_instance_based_gamma,LCL/LCL697^1.p,TH0,Satisfiable,no_conjecture,na,19,,,,,,,,,
no_instance_based_gamma,LCL/LCL698^1.p,TH0,Satisfiable,no_conjecture,na,40,,,,,,,,,
no_instance_based_gamma,LCL/LCL699^1.p,TH0,Theorem,thm,yes,64,15,1,15,2,0,0,1,1,
no_instance_based_gamma,LCL/LCL700^1.p,TH0,Theorem,thm,yes,82,29,1,29,4,1,0,1,1,
no_instance_based_gamma,LCL/LCL701^1.p,TH0,Theorem,thm,yes,77,29,1,29,4,0,0,1,1,
no_instance_based_gamma,LCL/LCL702^1.p,TH0,Theorem,timeout,na,2268,6300,287,6300,966,211,0,5,0,
no_instance_based_gamma,LCL/LCL703^1.p,TH0,Theorem,timeout,na,2226,6161,271,6161,703,378,0,2,0,
no_instance_based_gamma,LCL/LCL704^1.p,TH0,Theorem,timeout,na,2170,3877,145,3877,179,188,0,0,0,
no_instance_based_gamma,LCL/LCL705^1.p,TH0,Theorem,timeout,na,2203,5090,181,5090,752,152,0,1,0,
no_instance_based_gamma,LCL/LCL706^1.p,TH0,Theorem,timeout,na,2154,4376,173,4376,395,81,0,1,0,
no_instance_based_gamma,LCL/LCL707^1.p,TH0,Theorem,timeout,na,2208,3332,134,3332,663,110,0,3,0,
no_instance_based_gamma,LCL/LCL708^1.p,TH0,Theorem,timeout,na,2233,4626,87,4626,928,103,0,1,0,
no_instance_based_gamma,LCL/LCL709^1.p,TH0,Theorem,timeout,na,2064,439,17,439,43,2,0,1,0,
no_instance_based_gamma,LCL/LCL710^1.p,TH0,Theorem,timeout,na,2083,964,46,964,84,9,0,1,0,
no_instance_based_gamma,LCL/LCL711^1.p,TH0,Theorem,thm,yes,110,19,0,19,3,0,0,2,1,
no_instance_based_gamma,LCL/LCL712^1.p,TH0,Theorem,timeout,na,2083,737,36,737,72,1,0,1,0,
no_instance_based_gamma,LCL/LCL713^1.p,TH0,Theorem,timeout,na,2119,1973,53,1973,237,39,0,1,0,
no_instance_based_gamma,LCL/LCL714^1.p,TH0,Theorem,timeout,na,2158,2938,58,2938,369,109,0,1,0,
no_instance_based_gamma,LCL/LCL715^1.p,TH0,Theorem,timeout,na,2075,1482,60,1482,101,29,0,1,0,
no_instance_based_gamma,LCL/LCL716^1.p,TH0,Theorem,timeout,na,2097,523,18,523,60,8,0,5,0,
no_instance_based_gamma,LCL/LCL717^1.p,TH0,Theorem,timeout,na,2081,607,41,607,40,0,0,1,0,
no_instance_based_gamma,LCL/LCL718^1.p,TH0,Theorem,timeout,na,2084,836,18,836,127,0,0,1,0,
no_instance_based_gamma,LCL/LCL719^1.p,TH0,Theorem,thm,yes,66,30,1,30,3,0,0,1,1,
no_instance_based_gamma,LCL/LCL720^1.p,TH0,Theorem,timeout,na,2246,6234,56,6234,275,202,0,0,0,
no_instance_based_gamma,LCL/LCL721^1.p,TH0,Theorem,timeout,na,2064,1123,14,1123,95,95,0,2,0,
no_instance_based_gamma,LCL/LCL722^1.p,TH0,Theorem,thm,yes,79,120,1,120,12,7,0,1,1,
no_instance_based_gamma,LCL/LCL723^1.p,TH0,Theorem,timeout,na,2279,7917,118,7917,229,204,0,0,0,
no_instance_based_gamma,LCL/LCL724^1.p,TH0,Theorem,timeout,na,2169,4445,68,4445,237,96,0,0,0,
no_instance_based_gamma,LCL/LCL725^1.p,TH0,Theorem,timeout,na,2197,5607,160,5607,216,84,0,0,0,
no_instance_based_gamma,LCL/LCL726^5.p,TH0,Theorem,timeout,na,2007,30,0,30,3,0,0,1,0,
no_instance_based_gamma,LCL/LCL727^5.p,TH0,Theorem,timeout,na,2033,814,47,814,55,6,0,2,0,
no_instance_based_gamma,LCL/LCL728^5.p,TH0,Theorem,timeout,na,2009,29,0,29,3,0,0,1,0,
no_instance_based_gamma,LCL/LCL729^5.p,TH0,Theorem,timeout,na,2030,997,80,997,34,3,0,1,0,
no_instance_based_gamma,LCL/LCL730^5.p,TH0,Theorem,timeout,na,2016,303,15,303,16,1,0,2,0,
no_instance_based_gamma,LCL/LCL731^5.p,TH0,Theorem,timeout,na,2058,2127,87,2127,210,1,0,1,0,
no_instance_based_gamma,LCL/LCL732^5.p,TH0,Theorem,thm,yes,15,10,0,10,1,1,0,0,0,
no_instance_based_gamma,LCL/LCL733^5.p,TH0,Theorem,thm,yes,135,16,0,16,2,1,0,1,1,
no_instance_based_gamma,LCL/LCL734^5.p,TH0,Theorem,timeout,na,2026,596,33,596,38,1,0,1,0,
no_instance_based_gamma,LCL/LCL735^5.p,TH0,Theorem,timeout,na,2021,420,25,420,20,2,0,1,0,
no_instance_based_gamma,LCL/LCL736^5.p,TH0,Theorem,timeout,na,2028,462,26,462,23,6,0,1,0,
no_instance_based_gamma,LCL/LCL738^5.p,TH0,Theorem,timeout,na,2077,3252,225,3252,195,0,0,0,0,
no_instance_based_gamma,LCL/LCL739^5.p,TH0,Theorem,timeout,na,2021,388,25,388,12,2,0,1,0,
no_instance_based_gamma,LCL/LCL740^5.p,TH0,Theorem,timeout,na,2031,452,27,452,21,0,0,1,0,
no_instance_based_gamma,LCL/LCL741^5.p,TH0,Theorem,timeout,na,2026,481,31,481,24,1,0,1,0,
no_instance_based_gamma,LCL/LCL742^5.p,TH0,Theorem,timeout,na,2059,1848,36,1848,278,7,0,4,0,
no_instance_based_gamma,LCL/LCL743^5.p,TH0,CounterSatisfiable,timeout,na,2065,3292,154,3292,247,62,0,5,0,
no_instance_based_gamma,LCL/LCL859^1.p,TH0,Theorem,thm,yes,82,37,1,37,3,0,0,3,1,
no_instance_based_gamma,LCL/LCL860^1.p,TH0,Theorem,timeout,na,2372,6721,162,6721,1891,113,0,2,0,
no_instance_based_gamma,LCL/LCL861^1.p,TH0,Theorem,timeout,na,2479,6959,130,6959,1995,288,0,4,0,
no_instance_based_gamma,LCL/LCL862^1.p,TH0,Theorem,timeout,na,2510,6287,65,6287,2135,71,0,1,0,
no_instance_based_gamma,LCL/LCL863^1.p,TH0,Theorem,timeout,na,2303,6508,162,6508,1605,62,0,1,0,
no_instance_based_gamma,LCL/LCL864^1.p,TH0,Theorem,timeout,na,2427,6650,74,6650,2130,71,0,1,0,
no_instance_based_gamma,LCL/LCL865^1.p,TH0,Theorem,timeout,na,2311,6811,225,6811,1585,114,0,2,0,
no_instance_based_gamma,LCL/LCL866^1.p,TH0,Theorem,timeout,na,2434,6342,91,6342,2226,84,0,2,0,
no_instance_based_gamma,LCL/LCL867^1.p,TH0,Theorem,timeout,na,2538,7135,77,7135,2460,22,0,2,0,
no_instance_based_gamma,LCL/LCL868^1.p,TH0,Theorem,timeout,na,2637,5669,9,5669,2680,2,0,3,0,
no_instance_based_gamma,LCL/LCL869^1.p,TH0,CounterSatisfiable,timeout,na,2305,5781,148,5781,1428,130,0,3,0,
no_instance_based_gamma,LCL/LCL872^1.p,TH0,Theorem,timeout,na,2090,1163,21,1163,207,1,0,1,0,
no_instance_based_gamma,LCL/LCL873^1.p,TH0,Theorem,timeout,na,2150,1561,30,1561,263,0,0,0,0,
no_instance_based_gamma,LCL/LCL874^1.p,TH0,Theorem,timeout,na,2235,2509,18,2509,659,144,0,6,0,
no_instance_based_gamma,LCL/LCL877^1.p,TH0,Theorem,timeout,na,2107,1416,21,1416,243,14,0,1,0,
no_instance_based_gamma,LCL/LCL877^2.p,TH0,Theorem,timeout,na,2148,1851,55,1851,374,6,0,1,0,
no_instance_based_gamma,LCL/LCL878^1.p,TH0,Theorem,timeout,na,2098,1014,39,1014,122,17,0,1,0,
no_instance_based_gamma,LCL/LCL879^1.p,TH0,Theorem,timeout,na,2107,616,27,616,86,5,0,1,0,
no_instance_based_gamma,LCL/LCL880^1.p,TH0,Theorem,timeout,na,2142,2964,97,2964,227,212,0,1,0,
no_instance_based_gamma,LCL/LCL881^1.p,TH0,Theorem,timeout,na,2154,577,18,577,66,1,0,1,0,
no_instance_based_gamma,LCL/LCL916^1.p,TH0,Satisfiable,no_conjecture,na,22,,,,,,,,,
no_instance_based_gamma,LCL/LCL917^1.p,TH0,Satisfiable,no_conjecture,na,39,,,,,,,,,
no_instance_based_gamma,LCL/LCL918^1.p,TH0,Satisfiable,no_conjecture,na,44,,,,,,,,,
no_instance_based_gamma,LCL/LCL919^1.p,TH0,Satisfiable,no_conjecture,na,43,,,,,,,,,
no_instance_based_gamma,LCL/LCL920^1.p,TH0,Satisfiable,no_conjecture,na,44,,,,,,,,,
no_instance_based_gamma,LCL/LCL921^1.p,TH0,Satisfiable,no_conjecture,na,44,,,,,,,,,
no_instance_based_gamma,LCL/LCL922^1.p,TH0,Satisfiable,no_conjecture,na,43,,,,,,,,,
no_instance_based_gamma,LCL/LCL923^1.p,TH0,Satisfiable,no_conjecture,na,43,,,,,,,,,
no_instance_based_gamma,LCL/LCL924^1.p,TH0,Satisfiable,no_conjecture,na,49,,,,,,,,,
no_instance_based_gamma,LCL/LCL925^1.p,TH0,Satisfiable,no_conjecture,na,43,,,,,,,,,
no_instance_based_gamma,LCL/LCL930^1.p,TH0,Satisfiable,no_conjecture,na,20,,,,,,,,,
no_instance_based_gamma,LCL/LCL931^1.p,TH0,Unknown,timeout,na,2799,0,0,0,1,0,0,0,0,
no_instance_based_gamma,LCL/LCL932^1.p,TH0,Unknown,timeout,na,2811,0,0,0,1,0,0,0,0,
no_instance_based_gamma,LCL/LCL933^1.p,TH0,Unknown,timeout,na,2763,0,0,0,1,0,0,0,0,
no_instance_based_gamma,LCL/LCL934^1.p,TH0,Unknown,timeout,na,2766,0,0,0,1,0,0,0,0,
no_instance_based_gamma,LCL/LCL935^1.p,TH0,Unknown,timeout,na,2747,0,0,0,1,0,0,0,0,
no_instance_based_gamma,LCL/LCL936^1.p,TH0,Unknown,timeout,na,2755,0,0,0,1,0,0,0,0,
no_instance_based_gamma,LCL/LCL937^1.p,TH0,Unknown,timeout,na,2810,0,0,0,1,0,0,0,0,
no_instance_based_gamma,LCL/LCL938^1.p,TH0,Unknown,timeout,na,2813,0,0,0,1,0,0,0,0,
no_instance_based_gamma,LCL/LCL939^1.p,TH0,Unknown,timeout,na,2830,0,0,0,1,0,0,0,0,
no_instance_based_gamma,LCL/LCL940^1.p,TH0,Unknown,timeout,na,2835,0,0,0,1,0,0,0,0,
no_instance_based_gamma,LCL/LCL941^3.p,TH0,CounterSatisfiable,timeout,na,2852,0,0,0,1,0,0,0,0,
no_instance_based_gamma,LCL/LCL941^5.p,TH0,Theorem,timeout,na,2852,0,0,0,1,0,0,0,0,
no_instance_based_gamma,LCL/LCL942^2.p,TH0,Theorem,timeout,na,2836,0,0,0,1,0,0,0,0,
no_instance_based_gamma,LCL/LCL943^24.p,TH0,Theorem,timeout,na,2136,3886,6,3886,247,83,0,0,0,
no_instance_based_gamma,LCL/LCL944^8.p,TH0,Theorem,timeout,na,2271,49,4,49,1,0,0,0,0,
no_instance_based_gamma,LCL/LCL945^9.p,TH0,Theorem,timeout,na,2140,119,9,119,4,0,0,0,0,
no_instance_based_gamma,LCL/LCL946^10.p,TH0,Theorem,timeout,na,2589,61,6,61,1,0,0,0,0,
no_instance_based_gamma,LCL/LCL947^10.p,TH0,Theorem,timeout,na,2135,773,51,773,46,0,0,0,0,
no_instance_based_gamma,LCL/LCL948^10.p,TH0,CounterSatisfiable,timeout,na,2228,535,37,535,29,0,0,0,0,
no_instance_based_gamma,LCL/LCL949^4.p,TH0,Theorem,timeout,na,2436,170,17,170,1,0,0,0,0,
no_instance_based_gamma,LCL/LCL950^17.p,TH0,Theorem,timeout,na,2093,1192,41,1192,179,0,0,0,0,
no_instance_based_gamma,LCL/LCL951^24.p,TH0,Theorem,thm,yes,88,1,0,1,1,1,0,0,0,
no_instance_based_gamma,LCL/LCL952^12.p,TH0,Theorem,thm,yes,77,1,0,1,1,1,0,0,0,
no_instance_based_gamma,LCL/LCL953^8.p,TH0,Theorem,thm,yes,32,1,0,1,1,1,0,0,0,
no_instance_based_gamma,LCL/LCL954^19.p,TH0,Theorem,timeout,na,2885,71,7,71,1,0,0,0,0,
no_instance_based_gamma,LCL/LCL955^24.p,TH0,Theorem,timeout,na,2891,69,6,69,1,0,0,0,0,
no_instance_based_gamma,LCL/LCL956^18.p,TH0,Theorem,timeout,na,2214,5075,94,5075,269,89,0,0,0,
no_instance_based_gamma,LCL/LCL957^6.p,TH0,Theorem,timeout,na,2058,2920,226,2920,126,4,0,1,0,
no_instance_based_gamma,LCL/LCL958^18.p,TH0,Theorem,timeout,na,2091,2592,151,2592,170,6,0,0,0,
no_instance_based_gamma,LCL/LCL959^24.p,TH0,Theorem,timeout,na,2196,4541,107,4541,229,24,0,0,0,
no_instance_based_gamma,LCL/LCL960^12.p,TH0,Theorem,timeout,na,2045,459,7,459,68,1,0,0,0,
no_instance_based_gamma,LCL/LCL961^1.p,TH0,CounterSatisfiable,timeout,na,2125,4037,122,4037,284,67,0,0,0,
no_instance_based_gamma,LCL/LCL961^11.p,TH0,Theorem,timeout,na,2134,3899,82,3899,232,52,0,0,0,
no_instance_based_gamma,LCL/LCL962^16.p,TH0,Theorem,timeout,na,2151,4431,27,4431,571,208,0,1,0,
no_instance_based_gamma,LCL/LCL963^3.p,TH0,CounterSatisfiable,timeout,na,2268,84,8,84,1,0,0,0,0,
no_instance_based_gamma,LCL/LCL964^3.p,TH0,CounterSatisfiable,timeout,na,2267,96,9,96,1,0,0,0,0,
no_instance_based_gamma,LCL/LCL965^15.p,TH0,CounterSatisfiable,timeout,na,2080,866,31,866,129,0,0,0,0,
no_instance_based_gamma,LCL/LCL966^9.p,TH0,CounterSatisfiable,timeout,na,2116,776,54,776,42,0,0,0,0,
no_instance_based_gamma,LCL/LCL967^3.p,TH0,CounterSatisfiable,timeout,na,2899,70,7,70,1,0,0,0,0,
no_instance_based_gamma,LCL/LCL968^3.p,TH0,CounterSatisfiable,timeout,na,2911,55,5,55,1,0,0,0,0,
no_instance_based_gamma,LCL/LCL969^9.p,TH0,CounterSatisfiable,timeout,na,2105,3064,36,3064,279,68,0,0,0,
no_instance_based_gamma,LCL/LCL970^15.p,TH0,CounterSatisfiable,timeout,na,2077,2321,146,2321,195,0,0,0,0,
no_instance_based_gamma,LIN/LIN001^1.p,TH1,Theorem,parse_timeout,na,0,,,,,,,,,cached: parse exceeded 5000ms
no_instance_based_gamma,LIN/LIN002^1.p,TH1,Theorem,parse_timeout,na,0,,,,,,,,,cached: parse exceeded 5000ms
no_instance_based_gamma,LIN/LIN003^1.p,TH1,Theorem,parse_timeout,na,0,,,,,,,,,cached: parse exceeded 5000ms
no_instance_based_gamma,LIN/LIN004^1.p,TH1,Theorem,parse_timeout,na,0,,,,,,,,,cached: parse exceeded 5000ms
no_instance_based_gamma,LIN/LIN005^1.p,TH1,Theorem,parse_timeout,na,0,,,,,,,,,cached: parse exceeded 5000ms
no_instance_based_gamma,LIN/LIN006^1.p,TH1,Theorem,parse_timeout,na,0,,,,,,,,,cached: parse exceeded 5000ms
no_instance_based_gamma,LIN/LIN007^1.p,TH1,Theorem,parse_timeout,na,0,,,,,,,,,cached: parse exceeded 5000ms
no_instance_based_gamma,LIN/LIN008^1.p,TH1,Theorem,parse_timeout,na,0,,,,,,,,,cached: parse exceeded 5000ms
no_instance_based_gamma,LIN/LIN009^1.p,TH1,Theorem,parse_timeout,na,0,,,,,,,,,cached: parse exceeded 5000ms
no_instance_based_gamma,LIN/LIN010^1.p,TH1,Theorem,parse_timeout,na,0,,,,,,,,,cached: parse exceeded 5000ms
no_instance_based_gamma,LIN/LIN011^1.p,TH1,Theorem,parse_timeout,na,0,,,,,,,,,cached: parse exceeded 5000ms
no_instance_based_gamma,LIN/LIN012^1.p,TH1,Theorem,parse_timeout,na,0,,,,,,,,,cached: parse exceeded 5000ms
no_instance_based_gamma,LIN/LIN013^1.p,TH1,Theorem,parse_timeout,na,0,,,,,,,,,cached: parse exceeded 5000ms
no_instance_based_gamma,LIN/LIN014^1.p,TH1,Theorem,parse_timeout,na,0,,,,,,,,,cached: parse exceeded 5000ms
no_instance_based_gamma,LIN/LIN015^1.p,TH1,Theorem,parse_timeout,na,0,,,,,,,,,cached: parse exceeded 5000ms
no_instance_based_gamma,MSC/MSC020^5.p,TH0,Theorem,timeout,na,2021,1239,93,1239,49,1,0,4,0,
no_instance_based_gamma,MSC/MSC021^5.p,TH0,Theorem,timeout,na,2028,913,68,913,36,0,0,4,0,
no_instance_based_gamma,MSC/MSC025^1.p,TH0,Theorem,parser_error,na,0,,,,,,,,,cached: Failed to parse formula 'goal': [byte:1641] Type Error: Cannot unify strict function types of different arities.
no_instance_based_gamma,MSC/MSC025^2.p,TH0,Theorem,parser_error,na,0,,,,,,,,,cached: Failed to parse formula 'goal': [byte:2175] Type Error: Cannot unify strict function types of different arities.
no_instance_based_gamma,MSC/MSC029^1.p,TH1,Theorem,parse_timeout,na,0,,,,,,,,,cached: parse exceeded 5000ms
no_instance_based_gamma,MSC/MSC030^1.p,TH1,Theorem,parse_timeout,na,0,,,,,,,,,cached: parse exceeded 5000ms
no_instance_based_gamma,MSC/MSC031^1.p,TH1,Theorem,parse_timeout,na,0,,,,,,,,,cached: parse exceeded 5000ms
no_instance_based_gamma,MSC/MSC032^1.p,TH1,Theorem,parse_timeout,na,0,,,,,,,,,cached: parse exceeded 5000ms
no_instance_based_gamma,MSC/MSC033^1.p,TH1,Theorem,parse_timeout,na,0,,,,,,,,,cached: parse exceeded 5000ms
no_instance_based_gamma,NLP/NLP001^17.p,TH0,Theorem,timeout,na,2135,558,34,558,54,4,0,0,0,
no_instance_based_gamma,NLP/NLP001^3.p,TH0,Theorem,timeout,na,2147,514,11,514,73,35,0,0,0,
no_instance_based_gamma,NLP/NLP001^7.p,TH0,Theorem,timeout,na,2142,169,11,169,6,1,0,0,0,
no_instance_based_gamma,NLP/NLP002^7.p,TH0,CounterSatisfiable,timeout,na,2241,577,42,577,26,0,0,0,0,
no_instance_based_gamma,NLP/NLP003^7.p,TH0,CounterSatisfiable,timeout,na,2234,543,38,543,25,0,0,0,0,
no_instance_based_gamma,NLP/NLP004^12.p,TH0,Theorem,timeout,na,2521,62,5,62,2,0,0,0,0,
no_instance_based_gamma,NLP/NLP004^13.p,TH0,Theorem,timeout,na,2522,62,5,62,2,0,0,0,0,
no_instance_based_gamma,NLP/NLP004^7.p,TH0,Theorem,timeout,na,2545,0,0,0,1,0,0,0,0,
no_instance_based_gamma,NLP/NLP004^8.p,TH0,Theorem,timeout,na,2514,61,5,61,2,0,0,0,0,
no_instance_based_gamma,NLP/NLP005^7.p,TH0,CounterSatisfiable,timeout,na,2502,0,0,0,1,0,0,0,0,
no_instance_based_gamma,NLP/NLP006^7.p,TH0,CounterSatisfiable,timeout,na,2660,0,0,0,1,0,0,0,0,
no_instance_based_gamma,NLP/NLP007^7.p,TH0,Theorem,timeout,na,2718,0,0,0,1,0,0,0,0,
no_instance_based_gamma,NLP/NLP008^7.p,TH0,CounterSatisfiable,timeout,na,2681,0,0,0,1,0,0,0,0,
no_instance_based_gamma,NLP/NLP009^7.p,TH0,Theorem,timeout,na,2599,0,0,0,1,0,0,0,0,
no_instance_based_gamma,NLP/NLP011^7.p,TH0,Theorem,timeout,na,2724,0,0,0,1,0,0,0,0,
no_instance_based_gamma,NLP/NLP264^7.p,TH0,Theorem,timeout,na,2210,3056,105,3056,195,14,0,0,0,
no_instance_based_gamma,NLP/NLP265^17.p,TH0,ContradictoryAxioms,timeout,na,2117,2645,104,2645,217,89,0,0,0,
no_instance_based_gamma,NLP/NLP265^18.p,TH0,Theorem,timeout,na,2097,1884,58,1884,177,42,0,0,0,
no_instance_based_gamma,NLP/NLP266^12.p,TH0,CounterSatisfiable,timeout,na,2070,913,27,913,123,0,0,0,0,
no_instance_based_gamma,NLP/NLP266^23.p,TH0,Theorem,timeout,na,2120,1577,28,1577,215,0,0,0,0,
no_instance_based_gamma,NLP/NLP266^3.p,TH0,CounterSatisfiable,timeout,na,2120,2014,48,2014,218,0,0,0,0,
no_instance_based_gamma,NLP/NLP266^4.p,TH0,Theorem,timeout,na,2168,2702,47,2702,190,32,0,0,0,
no_instance_based_gamma,NLP/NLP267^1.p,TH0,Theorem,timeout,na,2078,2617,61,2617,204,129,0,0,0,
no_instance_based_gamma,NLP/NLP267^17.p,TH0,Theorem,timeout,na,2086,2072,53,2072,238,61,0,0,0,
no_instance_based_gamma,NLP/NLP267^18.p,TH0,Theorem,timeout,na,2062,1252,30,1252,119,48,0,0,0,
no_instance_based_gamma,NLP/NLP267^2.p,TH0,Theorem,timeout,na,2073,1776,59,1776,180,65,0,0,0,
no_instance_based_gamma,NLP/NLP267^3.p,TH0,Theorem,timeout,na,2093,3028,6,3028,292,80,0,0,0,
no_instance_based_gamma,NLP/NLP267^4.p,TH0,Theorem,timeout,na,2081,2117,39,2117,213,70,0,0,0,
no_instance_based_gamma,NLP/NLP267^5.p,TH0,Theorem,timeout,na,2074,2214,52,2214,211,68,0,0,0,
no_instance_based_gamma,NUM/NUM016^5.p,TH0,Theorem,timeout,na,2237,7279,245,7279,1267,528,0,1,0,
no_instance_based_gamma,NUM/NUM020^1.p,TH0,Theorem,timeout,na,2020,17,0,17,2,0,0,0,0,
no_instance_based_gamma,NUM/NUM021^1.p,TH0,Theorem,timeout,na,2033,76,2,76,6,1,0,0,0,
no_instance_based_gamma,NUM/NUM415^1.p,TH0,Theorem,thm,yes,111,13,0,13,2,2,0,0,0,
no_instance_based_gamma,NUM/NUM416^1.p,TH0,Theorem,timeout,na,2026,7,0,7,2,0,0,0,0,
no_instance_based_gamma,NUM/NUM417^1.p,TH0,Theorem,timeout,na,2028,7,0,7,2,0,0,0,0,
no_instance_based_gamma,NUM/NUM418^1.p,TH0,Theorem,timeout,na,2024,17,0,17,2,0,0,0,0,
no_instance_based_gamma,NUM/NUM419^1.p,TH0,Theorem,timeout,na,2025,17,0,17,2,0,0,0,0,
no_instance_based_gamma,NUM/NUM635^1.p,TH0,Theorem,timeout,na,2050,2224,33,2224,274,34,0,3,0,
no_instance_based_gamma,NUM/NUM635^2.p,TH0,Theorem,timeout,na,2041,2607,137,2607,218,1,0,1,0,
no_instance_based_gamma,NUM/NUM635^4.p,TH0,Theorem,timeout,na,2216,177,17,177,1,0,0,0,0,
no_instance_based_gamma,NUM/NUM636^1.p,TH0,Theorem,timeout,na,2059,2444,133,2444,181,8,0,2,0,
no_instance_based_gamma,NUM/NUM636^2.p,TH0,Theorem,timeout,na,2050,2857,162,2857,186,10,0,2,0,
no_instance_based_gamma,NUM/NUM636^3.p,TH0,Theorem,timeout,na,2055,2965,173,2965,206,0,0,1,0,
no_instance_based_gamma,NUM/NUM636^4.p,TH0,Theorem,timeout,na,2221,186,18,186,1,0,0,0,0,
no_instance_based_gamma,NUM/NUM637^1.p,TH0,Theorem,timeout,na,2052,2003,126,2003,127,0,0,1,0,
no_instance_based_gamma,NUM/NUM637^2.p,TH0,Theorem,timeout,na,2047,2841,164,2841,188,1,0,1,0,
no_instance_based_gamma,NUM/NUM637^4.p,TH0,Theorem,timeout,na,2221,163,16,163,1,0,0,0,0,
no_instance_based_gamma,NUM/NUM638^1.p,TH0,Theorem,timeout,na,2084,3697,75,3697,166,104,0,0,0,
no_instance_based_gamma,NUM/NUM638^4.p,TH0,Theorem,timeout,na,2220,95,8,95,2,0,0,0,0,
no_instance_based_gamma,NUM/NUM639^1.p,TH0,Theorem,timeout,na,2002,57,1,57,5,3,0,2,0,
no_instance_based_gamma,NUM/NUM639^4.p,TH0,Theorem,timeout,na,2231,14,1,14,1,0,0,0,0,
no_instance_based_gamma,NUM/NUM640^1.p,TH0,Theorem,timeout,na,2003,73,2,73,5,3,0,2,0,
no_instance_based_gamma,NUM/NUM640^4.p,TH0,Theorem,timeout,na,2230,12,1,12,1,0,0,0,0,
no_instance_based_gamma,NUM/NUM641^1.p,TH0,Theorem,timeout,na,2003,71,2,71,5,3,0,2,0,
no_instance_based_gamma,NUM/NUM641^4.p,TH0,Theorem,timeout,na,2234,14,1,14,1,0,0,0,0,
no_instance_based_gamma,NUM/NUM642^1.p,TH0,Theorem,timeout,na,2003,73,4,73,5,3,0,2,0,
no_instance_based_gamma,NUM/NUM642^4.p,TH0,Theorem,timeout,na,2233,12,1,12,1,0,0,0,0,
no_instance_based_gamma,NUM/NUM643^1.p,TH0,Theorem,timeout,na,2051,2348,183,2348,79,0,0,1,0,
no_instance_based_gamma,NUM/NUM643^4.p,TH0,Theorem,timeout,na,2239,0,0,0,1,0,0,0,0,
no_instance_based_gamma,NUM/NUM644^1.p,TH0,Theorem,timeout,na,2050,2808,217,2808,106,0,0,1,0,
no_instance_based_gamma,NUM/NUM644^4.p,TH0,Theorem,timeout,na,2243,12,1,12,1,0,0,0,0,
no_instance_based_gamma,NUM/NUM645^1.p,TH0,Theorem,timeout,na,2072,2555,117,2555,225,8,0,2,0,
no_instance_based_gamma,NUM/NUM645^4.p,TH0,Theorem,timeout,na,2243,12,1,12,1,0,0,0,0,
no_instance_based_gamma,NUM/NUM646^1.p,TH0,Theorem,timeout,na,2054,2679,195,2679,125,8,0,2,0,
no_instance_based_gamma,NUM/NUM646^4.p,TH0,Theorem,timeout,na,2247,12,1,12,1,0,0,0,0,
no_instance_based_gamma,NUM/NUM647^1.p,TH0,Theorem,timeout,na,2072,2457,62,2457,311,21,0,1,0,
no_instance_based_gamma,NUM/NUM647^4.p,TH0,Theorem,timeout,na,2246,12,1,12,1,0,0,0,0,
no_instance_based_gamma,NUM/NUM648^1.p,TH0,Theorem,timeout,na,2059,2445,90,2445,278,31,0,2,0,
no_instance_based_gamma,NUM/NUM648^4.p,TH0,Theorem,timeout,na,2251,12,1,12,1,0,0,0,0,
no_instance_based_gamma,NUM/NUM649^1.p,TH0,Theorem,timeout,na,2067,2642,164,2642,197,2,0,1,0,
no_instance_based_gamma,NUM/NUM649^4.p,TH0,Theorem,timeout,na,2251,12,1,12,1,0,0,0,0,
no_instance_based_gamma,NUM/NUM650^1.p,TH0,Theorem,timeout,na,2062,2477,142,2477,173,1,0,1,0,
no_instance_based_gamma,NUM/NUM650^4.p,TH0,Theorem,timeout,na,2261,12,1,12,1,0,0,0,0,
no_instance_based_gamma,NUM/NUM651^1.p,TH0,Theorem,timeout,na,2061,2510,122,2510,216,26,0,2,0,
no_instance_based_gamma,NUM/NUM651^4.p,TH0,Theorem,timeout,na,2263,12,1,12,1,0,0,0,0,
no_instance_based_gamma,NUM/NUM652^1.p,TH0,Theorem,timeout,na,2067,3717,185,3717,155,70,0,0,0,
no_instance_based_gamma,NUM/NUM652^4.p,TH0,Theorem,timeout,na,2269,11,1,11,1,0,0,0,0,
no_instance_based_gamma,NUM/NUM653^1.p,TH0,Theorem,timeout,na,2058,4029,243,4029,165,37,0,0,0,
no_instance_based_gamma,NUM/NUM653^4.p,TH0,Theorem,timeout,na,2267,11,1,11,1,0,0,0,0,
no_instance_based_gamma,NUM/NUM654^1.p,TH0,Theorem,timeout,na,2071,3013,100,3013,285,131,0,1,0,
no_instance_based_gamma,NUM/NUM654^4.p,TH0,Theorem,timeout,na,2272,11,1,11,1,0,0,0,0,
no_instance_based_gamma,NUM/NUM655^1.p,TH0,Theorem,timeout,na,2062,3493,166,3493,239,116,0,1,0,
no_instance_based_gamma,NUM/NUM655^4.p,TH0,Theorem,timeout,na,2269,10,1,10,1,0,0,0,0,
no_instance_based_gamma,NUM/NUM656^1.p,TH0,Theorem,timeout,na,2087,3784,133,3784,140,70,0,0,0,
no_instance_based_gamma,NUM/NUM656^4.p,TH0,Theorem,timeout,na,2270,11,1,11,1,0,0,0,0,
no_instance_based_gamma,NUM/NUM657^1.p,TH0,Theorem,timeout,na,2077,3757,144,3757,133,69,0,0,0,
no_instance_based_gamma,NUM/NUM657^4.p,TH0,Theorem,timeout,na,2277,11,1,11,1,0,0,0,0,
no_instance_based_gamma,NUM/NUM658^1.p,TH0,Theorem,timeout,na,2055,3346,183,3346,195,137,0,1,0,
no_instance_based_gamma,NUM/NUM658^4.p,TH0,Theorem,timeout,na,2275,10,1,10,1,0,0,0,0,
no_instance_based_gamma,NUM/NUM659^1.p,TH0,Theorem,timeout,na,2063,3567,167,3567,266,112,0,1,0,
no_instance_based_gamma,NUM/NUM659^4.p,TH0,Theorem,timeout,na,2278,11,1,11,1,0,0,0,0,
no_instance_based_gamma,NUM/NUM660^1.p,TH0,Theorem,timeout,na,2003,207,0,207,19,23,0,2,0,
no_instance_based_gamma,NUM/NUM660^4.p,TH0,Theorem,timeout,na,2264,12,1,12,1,0,0,0,0,
no_instance_based_gamma,NUM/NUM662^1.p,TH0,Theorem,timeout,na,2062,2206,41,2206,284,7,0,4,0,
no_instance_based_gamma,NUM/NUM662^4.p,TH0,Theorem,timeout,na,2277,12,1,12,1,0,0,0,0,
no_instance_based_gamma,NUM/NUM663^1.p,TH0,Theorem,thm,yes,18,18,0,18,3,1,0,2,1,
no_instance_based_gamma,NUM/NUM663^4.p,TH0,Theorem,timeout,na,2282,4,0,4,1,0,0,0,0,
no_instance_based_gamma,NUM/NUM664^1.p,TH0,Theorem,thm,yes,22,23,0,23,3,1,0,3,1,
no_instance_based_gamma,NUM/NUM664^4.p,TH0,Theorem,timeout,na,2284,10,1,10,1,0,0,0,0,
no_instance_based_gamma,NUM/NUM665^1.p,TH0,Theorem,timeout,na,2237,7111,32,7111,263,329,0,0,0,
no_instance_based_gamma,NUM/NUM665^4.p,TH0,Theorem,timeout,na,2279,7,0,7,1,0,0,0,0,
no_instance_based_gamma,NUM/NUM666^1.p,TH0,Theorem,timeout,na,2106,4755,131,4755,249,269,0,0,0,
no_instance_based_gamma,NUM/NUM666^4.p,TH0,Theorem,timeout,na,2284,0,0,0,1,0,0,0,0,
no_instance_based_gamma,NUM/NUM667^1.p,TH0,Theorem,timeout,na,2126,3890,125,3890,185,164,0,0,0,
no_instance_based_gamma,NUM/NUM667^4.p,TH0,Theorem,timeout,na,2287,12,1,12,1,0,0,0,0,
no_instance_based_gamma,NUM/NUM668^1.p,TH0,Theorem,thm,yes,13,13,0,13,2,1,0,1,1,
no_instance_based_gamma,NUM/NUM668^4.p,TH0,Theorem,timeout,na,2286,0,0,0,1,0,0,0,0,
no_instance_based_gamma,NUM/NUM669^1.p,TH0,Theorem,thm,yes,76,41,2,41,3,1,0,2,1,
no_instance_based_gamma,NUM/NUM669^4.p,TH0,Theorem,timeout,na,2293,12,1,12,1,0,0,0,0,
no_instance_based_gamma,NUM/NUM670^1.p,TH0,Theorem,timeout,na,2048,1741,45,1741,191,22,0,4,0,
no_instance_based_gamma,NUM/NUM670^4.p,TH0,Theorem,timeout,na,2297,0,0,0,1,0,0,0,0,
no_instance_based_gamma,NUM/NUM671^1.p,TH0,Theorem,thm,yes,4,3,0,3,1,1,0,0,0,
no_instance_based_gamma,NUM/NUM671^4.p,TH0,Theorem,timeout,na,2299,12,1,12,1,0,0,0,0,
no_instance_based_gamma,NUM/NUM672^1.p,TH0,Theorem,timeout,na,2139,6571,297,6571,1012,143,0,3,0,
no_instance_based_gamma,NUM/NUM672^4.p,TH0,Theorem,timeout,na,2292,0,0,0,1,0,0,0,0,
no_instance_based_gamma,NUM/NUM673^1.p,TH0,Theorem,timeout,na,2043,2044,103,2044,162,4,0,5,0,
no_instance_based_gamma,NUM/NUM673^4.p,TH0,Theorem,timeout,na,2300,0,0,0,1,0,0,0,0,
no_instance_based_gamma,NUM/NUM674^1.p,TH0,Theorem,thm,yes,6,3,0,3,1,1,0,0,0,
no_instance_based_gamma,NUM/NUM674^4.p,TH0,Theorem,timeout,na,2303,12,1,12,1,0,0,0,0,
no_instance_based_gamma,NUM/NUM676^1.p,TH0,Theorem,thm,yes,14,10,0,10,2,0,0,1,1,
no_instance_based_gamma,NUM/NUM676^4.p,TH0,Theorem,timeout,na,2304,0,0,0,1,0,0,0,0,
no_instance_based_gamma,NUM/NUM677^1.p,TH0,Theorem,timeout,na,2050,2566,155,2566,221,13,0,1,0,
no_instance_based_gamma,NUM/NUM677^4.p,TH0,Theorem,timeout,na,2307,0,0,0,1,0,0,0,0,
no_instance_based_gamma,NUM/NUM680^1.p,TH0,Theorem,timeout,na,2092,2803,74,2804,577,55,0,1,0,
no_instance_based_gamma,NUM/NUM680^4.p,TH0,Theorem,timeout,na,2322,0,0,0,1,0,0,0,0,
no_instance_based_gamma,NUM/NUM681^1.p,TH0,Theorem,timeout,na,2068,3698,199,3698,215,37,0,0,0,
no_instance_based_gamma,NUM/NUM681^4.p,TH0,Theorem,timeout,na,2325,11,1,11,1,0,0,0,0,
no_instance_based_gamma,NUM/NUM682^1.p,TH0,Theorem,timeout,na,2110,3016,98,3016,269,52,0,0,0,
no_instance_based_gamma,NUM/NUM682^4.p,TH0,Theorem,timeout,na,2327,0,0,0,1,0,0,0,0,
no_instance_based_gamma,NUM/NUM683^1.p,TH0,Theorem,timeout,na,2052,2039,76,2039,204,6,0,4,0,
no_instance_based_gamma,NUM/NUM683^4.p,TH0,Theorem,timeout,na,2327,0,0,0,1,0,0,0,0,
no_instance_based_gamma,NUM/NUM684^1.p,TH0,Theorem,timeout,na,2049,2326,107,2326,202,15,0,1,0,
no_instance_based_gamma,NUM/NUM684^4.p,TH0,Theorem,timeout,na,2327,11,1,11,1,0,0,0,0,
no_instance_based_gamma,NUM/NUM686^1.p,TH0,Theorem,timeout,na,2043,2401,190,2401,90,11,0,0,0,
no_instance_based_gamma,NUM/NUM686^4.p,TH0,Theorem,timeout,na,2334,0,0,0,1,0,0,0,0,
no_instance_based_gamma,NUM/NUM687^1.p,TH0,Theorem,timeout,na,2155,3214,81,3214,853,34,0,1,0,
no_instance_based_gamma,NUM/NUM687^4.p,TH0,Theorem,timeout,na,2341,0,0,0,1,0,0,0,0,
no_instance_based_gamma,NUM/NUM688^1.p,TH0,Theorem,timeout,na,2159,3331,65,3331,899,13,0,1,0,
no_instance_based_gamma,NUM/NUM688^4.p,TH0,Theorem,timeout,na,2336,0,0,0,1,0,0,0,0,
no_instance_based_gamma,NUM/NUM689^1.p,TH0,Theorem,timeout,na,2079,3089,113,3089,233,53,0,0,0,
no_instance_based_gamma,NUM/NUM689^4.p,TH0,Theorem,timeout,na,2340,0,0,0,1,0,0,0,0,
no_instance_based_gamma,NUM/NUM690^1.p,TH0,Theorem,timeout,na,2210,6025,32,6025,266,338,0,0,0,
no_instance_based_gamma,NUM/NUM690^4.p,TH0,Theorem,timeout,na,2342,0,0,0,1,0,0,0,0,
no_instance_based_gamma,NUM/NUM691^1.p,TH0,Theorem,timeout,na,2141,2694,62,2694,209,28,0,0,0,
no_instance_based_gamma,NUM/NUM691^4.p,TH0,Theorem,timeout,na,2347,0,0,0,1,0,0,0,0,
no_instance_based_gamma,NUM/NUM692^1.p,TH0,Theorem,timeout,na,2144,5818,253,5818,1140,55,0,3,0,
no_instance_based_gamma,NUM/NUM692^4.p,TH0,Theorem,timeout,na,2347,0,0,0,1,0,0,0,0,
no_instance_based_gamma,NUM/NUM693^1.p,TH0,Theorem,timeout,na,2040,2495,129,2495,174,8,0,1,0,
no_instance_based_gamma,NUM/NUM693^4.p,TH0,Theorem,timeout,na,2353,12,1,12,1,0,0,0,0,
no_instance_based_gamma,NUM/NUM694^1.p,TH0,Theorem,thm,yes,7,9,0,9,2,0,0,1,1,
no_instance_based_gamma,NUM/NUM694^4.p,TH0,Theorem,timeout,na,2354,12,1,12,1,0,0,0,0,
no_instance_based_gamma,NUM/NUM695^1.p,TH0,Theorem,timeout,na,2043,2473,147,2473,169,15,0,1,0,
no_instance_based_gamma,NUM/NUM695^4.p,TH0,Theorem,timeout,na,2352,12,1,12,1,0,0,0,0,
no_instance_based_gamma,NUM/NUM696^1.p,TH0,Theorem,timeout,na,2043,2649,147,2649,167,14,0,2,0,
no_instance_based_gamma,NUM/NUM696^4.p,TH0,Theorem,timeout,na,2355,0,0,0,1,0,0,0,0,
no_instance_based_gamma,NUM/NUM697^1.p,TH0,Theorem,timeout,na,2043,2725,163,2725,211,2,0,1,0,
no_instance_based_gamma,NUM/NUM697^4.p,TH0,Theorem,timeout,na,2356,0,0,0,1,0,0,0,0,
no_instance_based_gamma,NUM/NUM698^1.p,TH0,Theorem,timeout,na,2185,6554,43,6554,247,198,0,0,0,
no_instance_based_gamma,NUM/NUM698^4.p,TH0,Theorem,timeout,na,2354,0,0,0,1,0,0,0,0,
no_instance_based_gamma,NUM/NUM699^1.p,TH0,Theorem,timeout,na,2041,2638,150,2638,193,2,0,1,0,
no_instance_based_gamma,NUM/NUM699^4.p,TH0,Theorem,timeout,na,2365,0,0,0,1,0,0,0,0,
no_instance_based_gamma,NUM/NUM700^1.p,TH0,Theorem,thm,yes,31,84,0,84,20,0,0,1,1,
no_instance_based_gamma,NUM/NUM700^4.p,TH0,Theorem,timeout,na,2365,0,0,0,1,0,0,0,0,
no_instance_based_gamma,NUM/NUM701^1.p,TH0,Theorem,timeout,na,2045,2501,100,2501,243,6,0,2,0,
no_instance_based_gamma,NUM/NUM701^4.p,TH0,ContradictoryAxioms,timeout,na,2361,0,0,0,1,0,0,0,0,
no_instance_based_gamma,NUM/NUM702^1.p,TH0,Theorem,timeout,na,2156,5966,183,5966,199,156,0,0,0,
no_instance_based_gamma,NUM/NUM702^4.p,TH0,Theorem,timeout,na,2358,0,0,0,1,0,0,0,0,
no_instance_based_gamma,NUM/NUM703^1.p,TH0,Theorem,timeout,na,2057,2498,83,2498,286,7,0,2,0,
no_instance_based_gamma,NUM/NUM703^4.p,TH0,Theorem,timeout,na,2364,0,0,0,1,0,0,0,0,
no_instance_based_gamma,NUM/NUM704^1.p,TH0,Theorem,timeout,na,2047,3237,237,3237,141,0,0,1,0,
no_instance_based_gamma,NUM/NUM704^4.p,TH0,Theorem,timeout,na,2373,11,1,11,1,0,0,0,0,
no_instance_based_gamma,NUM/NUM705^1.p,TH0,Theorem,timeout,na,2057,1697,62,1697,221,12,0,0,0,
no_instance_based_gamma,NUM/NUM705^4.p,TH0,Theorem,timeout,na,2370,11,1,11,1,0,0,0,0,
no_instance_based_gamma,NUM/NUM706^1.p,TH0,Theorem,timeout,na,2003,71,2,71,5,3,0,2,0,
no_instance_based_gamma,NUM/NUM706^4.p,TH0,Theorem,timeout,na,2381,11,1,11,1,0,0,0,0,
no_instance_based_gamma,NUM/NUM707^1.p,TH0,Theorem,timeout,na,2003,73,3,73,5,3,0,2,0,
no_instance_based_gamma,NUM/NUM707^4.p,TH0,ContradictoryAxioms,timeout,na,2381,0,0,0,1,0,0,0,0,
no_instance_based_gamma,NUM/NUM708^1.p,TH0,Theorem,timeout,na,2003,71,3,71,5,3,0,2,0,
no_instance_based_gamma,NUM/NUM708^4.p,TH0,Theorem,timeout,na,2379,0,0,0,1,0,0,0,0,
no_instance_based_gamma,NUM/NUM709^1.p,TH0,Theorem,timeout,na,2004,65,1,65,5,3,0,2,0,
no_instance_based_gamma,NUM/NUM709^4.p,TH0,ContradictoryAxioms,timeout,na,2386,0,0,0,1,0,0,0,0,
no_instance_based_gamma,NUM/NUM710^1.p,TH0,Theorem,timeout,na,2059,2159,124,2159,148,0,0,1,0,
no_instance_based_gamma,NUM/NUM710^4.p,TH0,Theorem,timeout,na,2387,0,0,0,1,0,0,0,0,
no_instance_based_gamma,NUM/NUM711^1.p,TH0,Theorem,timeout,na,2062,2081,138,2081,122,0,0,1,0,
no_instance_based_gamma,NUM/NUM711^4.p,TH0,Theorem,timeout,na,2388,0,0,0,1,0,0,0,0,
no_instance_based_gamma,NUM/NUM712^1.p,TH0,Theorem,timeout,na,2061,2069,103,2069,175,0,0,1,0,
no_instance_based_gamma,NUM/NUM712^4.p,TH0,Theorem,timeout,na,2394,0,0,0,1,0,0,0,0,
no_instance_based_gamma,NUM/NUM713^1.p,TH0,Theorem,timeout,na,2039,2060,114,2060,121,11,0,4,0,
no_instance_based_gamma,NUM/NUM713^4.p,TH0,Theorem,timeout,na,2394,0,0,0,1,0,0,0,0,
no_instance_based_gamma,NUM/NUM721^1.p,TH0,Theorem,timeout,na,2100,3627,107,3627,238,144,0,0,0,
no_instance_based_gamma,NUM/NUM721^4.p,TH0,Theorem,timeout,na,2428,0,0,0,1,0,0,0,0,
no_instance_based_gamma,NUM/NUM726^1.p,TH0,Theorem,thm,yes,6,3,0,3,1,1,0,0,0,
no_instance_based_gamma,NUM/NUM726^4.p,TH0,Theorem,timeout,na,2474,0,0,0,1,0,0,0,0,
no_instance_based_gamma,NUM/NUM727^1.p,TH0,Theorem,timeout,na,2061,1621,41,1622,160,71,0,1,0,
no_instance_based_gamma,NUM/NUM727^4.p,TH0,Theorem,timeout,na,2475,0,0,0,1,0,0,0,0,
no_instance_based_gamma,NUM/NUM728^1.p,TH0,Theorem,thm,yes,15,10,0,10,2,0,0,1,1,
no_instance_based_gamma,NUM/NUM728^4.p,TH0,Theorem,timeout,na,2484,0,0,0,1,0,0,0,0,
no_instance_based_gamma,NUM/NUM729^1.p,TH0,Theorem,thm,yes,14,12,0,12,2,0,0,1,1,
no_instance_based_gamma,NUM/NUM729^4.p,TH0,Theorem,timeout,na,2487,0,0,0,1,0,0,0,0,
no_instance_based_gamma,NUM/NUM730^1.p,TH0,Theorem,timeout,na,2213,5071,0,4811,197,660,0,0,0,
no_instance_based_gamma,NUM/NUM730^4.p,TH0,Theorem,timeout,na,2501,0,0,0,1,0,0,0,0,
no_instance_based_gamma,NUM/NUM736^1.p,TH0,Theorem,thm,yes,11,10,0,10,2,0,0,1,1,
no_instance_based_gamma,NUM/NUM736^4.p,TH0,Theorem,timeout,na,2509,0,0,0,1,0,0,0,0,
no_instance_based_gamma,NUM/NUM737^1.p,TH0,Theorem,timeout,na,2067,2252,132,2252,211,4,0,1,0,
no_instance_based_gamma,NUM/NUM737^4.p,TH0,Theorem,timeout,na,2514,0,0,0,1,0,0,0,0,
no_instance_based_gamma,NUM/NUM738^1.p,TH0,Theorem,timeout,na,2177,5250,145,5250,1236,284,0,3,0,
no_instance_based_gamma,NUM/NUM738^4.p,TH0,Theorem,timeout,na,2517,0,0,0,1,0,0,0,0,
no_instance_based_gamma,NUM/NUM739^1.p,TH0,Theorem,timeout,na,2254,5765,173,5765,1603,8,0,2,0,
no_instance_based_gamma,NUM/NUM739^4.p,TH0,Theorem,timeout,na,2509,0,0,0,1,0,0,0,0,
no_instance_based_gamma,NUM/NUM740^1.p,TH0,Theorem,thm,yes,22,54,0,54,10,0,0,1,1,
no_instance_based_gamma,NUM/NUM740^4.p,TH0,Theorem,timeout,na,2528,0,0,0,1,0,0,0,0,
no_instance_based_gamma,NUM/NUM741^1.p,TH0,Theorem,timeout,na,2197,3312,81,3312,775,0,0,3,0,
no_instance_based_gamma,NUM/NUM741^4.p,TH0,Theorem,timeout,na,2553,0,0,0,1,0,0,0,0,
no_instance_based_gamma,NUM/NUM742^1.p,TH0,Theorem,timeout,na,2211,4900,119,4900,1508,13,0,1,0,
no_instance_based_gamma,NUM/NUM742^4.p,TH0,Theorem,timeout,na,2561,0,0,0,1,0,0,0,0,
no_instance_based_gamma,NUM/NUM743^1.p,TH0,Theorem,timeout,na,2203,4854,97,4854,1506,37,0,1,0,
no_instance_based_gamma,NUM/NUM743^4.p,TH0,Theorem,timeout,na,2525,0,0,0,1,0,0,0,0,
no_instance_based_gamma,NUM/NUM746^1.p,TH0,Theorem,timeout,na,2163,4166,85,4166,1122,82,0,1,0,
no_instance_based_gamma,NUM/NUM746^4.p,TH0,Theorem,timeout,na,2524,0,0,0,1,0,0,0,0,
no_instance_based_gamma,NUM/NUM747^1.p,TH0,Theorem,thm,yes,18,12,0,12,2,0,0,1,1,
no_instance_based_gamma,NUM/NUM747^4.p,TH0,Theorem,timeout,na,2581,0,0,0,1,0,0,0,0,
no_instance_based_gamma,NUM/NUM748^1.p,TH0,Theorem,timeout,na,2038,2043,129,2043,97,10,0,4,0,
no_instance_based_gamma,NUM/NUM748^4.p,TH0,Theorem,timeout,na,2578,0,0,0,1,0,0,0,0,
no_instance_based_gamma,NUM/NUM749^1.p,TH0,Theorem,thm,yes,11,10,0,10,2,0,0,1,1,
no_instance_based_gamma,NUM/NUM749^4.p,TH0,Theorem,timeout,na,2588,0,0,0,1,0,0,0,0,
no_instance_based_gamma,NUM/NUM750^1.p,TH0,Theorem,thm,yes,34,26,0,26,3,0,0,3,1,
no_instance_based_gamma,NUM/NUM750^4.p,TH0,Theorem,timeout,na,2601,0,0,0,1,0,0,0,0,
no_instance_based_gamma,NUM/NUM751^1.p,TH0,Theorem,timeout,na,2212,3482,95,3482,909,53,0,3,0,
no_instance_based_gamma,NUM/NUM751^4.p,TH0,Theorem,timeout,na,2551,0,0,0,1,0,0,0,0,
no_instance_based_gamma,NUM/NUM752^1.p,TH0,Theorem,thm,yes,39,30,0,30,3,0,0,3,1,
no_instance_based_gamma,NUM/NUM752^4.p,TH0,Theorem,timeout,na,2600,0,0,0,1,0,0,0,0,
no_instance_based_gamma,NUM/NUM753^1.p,TH0,Theorem,timeout,na,2307,4249,60,4249,1487,0,0,4,0,
no_instance_based_gamma,NUM/NUM753^4.p,TH0,Theorem,timeout,na,2593,0,0,0,1,0,0,0,0,
no_instance_based_gamma,NUM/NUM754^1.p,TH0,Theorem,timeout,na,2335,4403,33,4403,1826,0,0,4,0,
no_instance_based_gamma,NUM/NUM754^4.p,TH0,Theorem,timeout,na,2591,0,0,0,1,0,0,0,0,
no_instance_based_gamma,NUM/NUM755^1.p,TH0,Theorem,timeout,na,2203,5347,67,5347,1281,83,0,1,0,
no_instance_based_gamma,NUM/NUM755^4.p,TH0,Theorem,timeout,na,2572,0,0,0,1,0,0,0,0,
no_instance_based_gamma,NUM/NUM756^1.p,TH0,Theorem,timeout,na,2173,4807,9,4807,1245,8,0,4,0,
no_instance_based_gamma,NUM/NUM756^4.p,TH0,Theorem,timeout,na,2600,0,0,0,1,0,0,0,0,
no_instance_based_gamma,NUM/NUM757^1.p,TH0,Theorem,timeout,na,2135,4550,124,4550,817,156,0,1,0,
no_instance_based_gamma,NUM/NUM757^4.p,TH0,Theorem,timeout,na,2571,0,0,0,1,0,0,0,0,
no_instance_based_gamma,NUM/NUM758^1.p,TH0,Theorem,timeout,na,2195,3656,66,3656,1000,32,0,4,0,
no_instance_based_gamma,NUM/NUM758^4.p,TH0,Theorem,timeout,na,2604,0,0,0,1,0,0,0,0,
no_instance_based_gamma,NUM/NUM759^1.p,TH0,Theorem,timeout,na,2341,4557,107,4557,1170,128,0,3,0,
no_instance_based_gamma,NUM/NUM759^4.p,TH0,Theorem,timeout,na,2612,0,0,0,1,0,0,0,0,
no_instance_based_gamma,NUM/NUM760^1.p,TH0,Theorem,timeout,na,2237,5899,172,5900,1603,3,0,2,0,
no_instance_based_gamma,NUM/NUM760^4.p,TH0,Theorem,timeout,na,2624,0,0,0,1,0,0,0,0,
no_instance_based_gamma,NUM/NUM761^1.p,TH0,Theorem,timeout,na,2296,4604,43,4604,1716,65,0,1,0,
no_instance_based_gamma,NUM/NUM761^4.p,TH0,Theorem,timeout,na,2636,0,0,0,1,0,0,0,0,
no_instance_based_gamma,NUM/NUM762^1.p,TH0,Theorem,timeout,na,2282,4032,69,4032,1326,0,0,2,0,
no_instance_based_gamma,NUM/NUM762^4.p,TH0,Theorem,timeout,na,2600,0,0,0,1,0,0,0,0,
no_instance_based_gamma,NUM/NUM765^1.p,TH0,Theorem,timeout,na,2201,3406,33,3406,1118,58,0,1,0,
no_instance_based_gamma,NUM/NUM765^4.p,TH0,Theorem,timeout,na,2629,0,0,0,1,0,0,0,0,
no_instance_based_gamma,NUM/NUM766^1.p,TH0,Theorem,timeout,na,2047,1219,46,1219,134,12,0,1,0,
no_instance_based_gamma,NUM/NUM766^4.p,TH0,Theorem,timeout,na,2647,0,0,0,1,0,0,0,0,
no_instance_based_gamma,NUM/NUM767^1.p,TH0,Theorem,timeout,na,2383,6344,31,6344,2287,0,0,3,0,
no_instance_based_gamma,NUM/NUM767^4.p,TH0,Theorem,timeout,na,2647,0,0,0,1,0,0,0,0,
no_instance_based_gamma,NUM/NUM768^1.p,TH0,Theorem,timeout,na,2108,2135,70,2135,415,11,0,2,0,
no_instance_based_gamma,NUM/NUM768^4.p,TH0,Theorem,timeout,na,2643,0,0,0,1,0,0,0,0,
no_instance_based_gamma,NUM/NUM769^1.p,TH0,Theorem,thm,yes,15,20,0,20,4,0,0,1,1,
no_instance_based_gamma,NUM/NUM769^4.p,TH0,Theorem,timeout,na,2615,0,0,0,1,0,0,0,0,
no_instance_based_gamma,NUM/NUM770^1.p,TH0,Theorem,timeout,na,2167,4509,68,4509,1193,170,0,1,0,
no_instance_based_gamma,NUM/NUM770^4.p,TH0,Theorem,timeout,na,2610,0,0,0,1,0,0,0,0,
no_instance_based_gamma,NUM/NUM771^1.p,TH0,Theorem,timeout,na,2037,2314,139,2314,124,14,0,5,0,
no_instance_based_gamma,NUM/NUM771^4.p,TH0,Theorem,timeout,na,2654,0,0,0,1,0,0,0,0,
no_instance_based_gamma,NUM/NUM781^1.p,TH0,Theorem,thm,yes,4,3,0,3,1,1,0,0,0,
no_instance_based_gamma,NUM/NUM781^2.p,TH0,Theorem,thm,yes,11,10,0,10,1,1,0,0,0,
no_instance_based_gamma,NUM/NUM781^3.p,TH0,Theorem,thm,yes,9,8,0,8,1,1,0,0,0,
no_instance_based_gamma,NUM/NUM781^4.p,TH0,Theorem,timeout,na,2744,0,0,0,1,0,0,0,0,
no_instance_based_gamma,NUM/NUM782^1.p,TH0,Theorem,thm,yes,4,3,0,3,1,1,0,0,0,
no_instance_based_gamma,NUM/NUM782^4.p,TH0,Theorem,timeout,na,2690,0,0,0,1,0,0,0,0,
no_instance_based_gamma,NUM/NUM783^1.p,TH0,Theorem,timeout,na,2302,7239,0,7018,177,922,0,0,0,
no_instance_based_gamma,NUM/NUM783^4.p,TH0,Theorem,timeout,na,2704,0,0,0,1,0,0,0,0,
no_instance_based_gamma,NUM/NUM784^1.p,TH0,Theorem,thm,yes,47,49,1,49,7,2,0,1,1,
no_instance_based_gamma,NUM/NUM784^4.p,TH0,Theorem,timeout,na,2720,0,0,0,1,0,0,0,0,
no_instance_based_gamma,NUM/NUM785^1.p,TH0,Theorem,thm,yes,50,55,1,55,7,2,0,1,1,
no_instance_based_gamma,NUM/NUM785^4.p,TH0,Theorem,timeout,na,2727,0,0,0,1,0,0,0,0,
no_instance_based_gamma,NUM/NUM786^1.p,TH0,Theorem,thm,yes,15,17,0,17,3,0,0,1,1,
no_instance_based_gamma,NUM/NUM786^4.p,TH0,Theorem,timeout,na,2707,0,0,0,1,0,0,0,0,
no_instance_based_gamma,NUM/NUM787^1.p,TH0,Theorem,thm,yes,15,19,0,19,3,0,0,1,1,
no_instance_based_gamma,NUM/NUM787^4.p,TH0,Theorem,timeout,na,2713,0,0,0,1,0,0,0,0,
no_instance_based_gamma,NUM/NUM788^1.p,TH0,Theorem,thm,yes,49,53,2,53,6,2,0,1,1,
no_instance_based_gamma,NUM/NUM788^4.p,TH0,Theorem,timeout,na,2718,0,0,0,1,0,0,0,0,
no_instance_based_gamma,NUM/NUM789^1.p,TH0,Theorem,thm,yes,49,53,2,53,6,2,0,1,1,
no_instance_based_gamma,NUM/NUM789^4.p,TH0,Theorem,timeout,na,2715,0,0,0,1,0,0,0,0,
no_instance_based_gamma,NUM/NUM790^1.p,TH0,Theorem,thm,yes,16,18,0,18,3,0,0,1,1,
no_instance_based_gamma,NUM/NUM790^4.p,TH0,Theorem,timeout,na,2715,0,0,0,1,0,0,0,0,
no_instance_based_gamma,NUM/NUM791^1.p,TH0,Theorem,thm,yes,14,18,0,18,3,0,0,1,1,
no_instance_based_gamma,NUM/NUM791^4.p,TH0,Theorem,timeout,na,2722,0,0,0,1,0,0,0,0,
no_instance_based_gamma,NUM/NUM792^1.p,TH0,Theorem,timeout,na,2091,7224,515,7224,698,68,0,3,0,
no_instance_based_gamma,NUM/NUM792^4.p,TH0,Theorem,timeout,na,2722,0,0,0,1,0,0,0,0,
no_instance_based_gamma,NUM/NUM793^1.p,TH0,Theorem,timeout,na,2104,7215,460,7215,810,88,0,1,0,
no_instance_based_gamma,NUM/NUM793^4.p,TH0,Theorem,timeout,na,2749,0,0,0,1,0,0,0,0,
no_instance_based_gamma,NUM/NUM795^1.p,TH0,Theorem,timeout,na,2104,6416,404,6416,734,35,0,2,0,
no_instance_based_gamma,NUM/NUM795^4.p,TH0,Theorem,timeout,na,2792,0,0,0,1,0,0,0,0,
no_instance_based_gamma,NUM/NUM796^1.p,TH0,Theorem,timeout,na,2104,5948,369,5948,682,61,0,3,0,
no_instance_based_gamma,NUM/NUM796^4.p,TH0,Theorem,timeout,na,2800,0,0,0,1,0,0,0,0,
no_instance_based_gamma,NUM/NUM797^1.p,TH0,Theorem,timeout,na,2046,2754,141,2754,220,1,0,1,0,
no_instance_based_gamma,NUM/NUM797^4.p,TH0,Theorem,timeout,na,2229,14,1,14,1,0,0,0,0,
no_instance_based_gamma,NUM/NUM798^1.p,TH0,Theorem,timeout,na,2024,17,0,17,2,0,0,0,0,
no_instance_based_gamma,NUM/NUM799^1.p,TH0,Theorem,timeout,na,2027,17,0,17,2,0,0,0,0,
no_instance_based_gamma,NUM/NUM800^1.p,TH0,Theorem,timeout,na,2034,76,2,76,6,1,0,0,0,
no_instance_based_gamma,NUM/NUM801^1.p,TH0,Theorem,timeout,na,2037,19,1,19,2,0,0,0,0,
no_instance_based_gamma,NUM/NUM802^5.p,TH0,Theorem,timeout,na,2107,3886,62,3886,480,25,0,2,0,
no_instance_based_gamma,NUM/NUM803^5.p,TH0,CounterSatisfiable,csa,yes,10,7,0,7,2,0,1,0,0,C[10PNC] (c_star C[1OMG14] c0)  ¬(C[10PNC] c0)
no_instance_based_gamma,NUM/NUM804^5.p,TH0,CounterSatisfiable,csa,yes,9,7,0,7,2,0,1,0,0,C[21PHBF] (c_plus C[HUBNN] c0)  ¬(C[21PHBF] C[HUBNN])
no_instance_based_gamma,NUM/NUM805^5.p,TH0,CounterSatisfiable,csa,yes,13,8,0,8,2,0,1,0,0,C[JRCVT] (c_plus C[EBBVF] (cS C[V8ZKK]))  ¬(C[JRCVT] (cS (c_plus C[EBBVF] C[V8ZKK])))
no_instance_based_gamma,NUM/NUM806^5.p,TH0,CounterSatisfiable,csa,yes,14,8,0,8,2,0,1,0,0,C[1C4EB6] (c_star C[25RN13] (cS C[14US4F]))  ¬(C[1C4EB6] (c_plus (c_star C[25RN13] C[14US4F]) C[25RN13]))
no_instance_based_gamma,NUM/NUM807^5.p,TH0,CounterSatisfiable,timeout,na,2024,2137,150,2137,89,25,0,0,0,
no_instance_based_gamma,NUM/NUM808^5.p,TH0,Theorem,timeout,na,2067,2095,53,2095,350,12,0,5,0,
no_instance_based_gamma,NUM/NUM809^5.p,TH0,Theorem,timeout,na,2094,2414,102,2414,313,0,0,2,0,
no_instance_based_gamma,NUM/NUM810^5.p,TH0,Theorem,timeout,na,2069,2320,111,2320,255,0,0,2,0,
no_instance_based_gamma,NUM/NUM811^5.p,TH0,Theorem,timeout,na,2083,2125,92,2125,260,0,0,2,0,
no_instance_based_gamma,NUM/NUM812^5.p,TH0,Theorem,timeout,na,2038,2570,157,2570,156,0,0,2,0,
no_instance_based_gamma,NUM/NUM813^5.p,TH0,Theorem,timeout,na,2058,2430,105,2430,167,64,0,4,0,
no_instance_based_gamma,NUM/NUM814^5.p,TH0,Theorem,timeout,na,2051,2785,165,2785,193,0,0,2,0,
no_instance_based_gamma,NUM/NUM815^5.p,TH0,Theorem,timeout,na,2052,2670,156,2670,171,0,0,2,0,
no_instance_based_gamma,NUM/NUM816^5.p,TH0,Theorem,timeout,na,2039,2381,142,2381,178,3,0,1,0,
no_instance_based_gamma,NUM/NUM817^5.p,TH0,Theorem,timeout,na,2039,2636,157,2636,163,0,0,1,0,
no_instance_based_gamma,NUM/NUM818^5.p,TH0,CounterSatisfiable,timeout,na,2020,283,4,283,47,2,0,1,0,
no_instance_based_gamma,NUM/NUM819^5.p,TH0,Unknown,timeout,na,2096,2934,15,2934,502,91,0,3,0,
no_instance_based_gamma,NUM/NUM821^5.p,TH0,Unknown,timeout,na,2055,2329,86,2329,164,82,0,6,0,
no_instance_based_gamma,NUM/NUM822^5.p,TH0,Unknown,timeout,na,2119,3054,11,3054,556,201,0,2,0,
no_instance_based_gamma,NUM/NUM823^5.p,TH0,Unknown,timeout,na,2047,2575,112,2575,200,50,0,4,0,
no_instance_based_gamma,NUM/NUM824^5.p,TH0,Theorem,timeout,na,2022,767,40,767,53,20,0,4,0,
no_instance_based_gamma,NUM/NUM825^5.p,TH0,Theorem,timeout,na,2029,882,50,882,52,28,0,1,0,
no_instance_based_gamma,NUM/NUM826^5.p,TH0,Theorem,timeout,na,2034,515,31,515,36,4,0,2,0,
no_instance_based_gamma,NUM/NUM827^5.p,TH0,Theorem,timeout,na,2068,2634,102,2634,261,54,0,1,0,
no_instance_based_gamma,NUM/NUM828^5.p,TH0,Theorem,timeout,na,2067,2726,109,2726,261,56,0,1,0,
no_instance_based_gamma,NUM/NUM829^5.p,TH0,Theorem,timeout,na,2064,2556,88,2556,258,57,0,1,0,
no_instance_based_gamma,NUM/NUM830^5.p,TH0,Theorem,timeout,na,2049,1212,47,1212,105,13,0,3,0,
no_instance_based_gamma,NUM/NUM831^5.p,TH0,Unknown,timeout,na,2050,1915,93,1915,157,1,0,1,0,
no_instance_based_gamma,NUM/NUM832^5.p,TH0,Theorem,timeout,na,2074,1738,27,1738,297,0,0,1,0,
no_instance_based_gamma,NUM/NUM833^5.p,TH0,Unknown,timeout,na,2044,1241,46,1241,129,1,0,1,0,
no_instance_based_gamma,NUM/NUM834^5.p,TH0,Unknown,timeout,na,2031,434,15,434,47,0,0,1,0,
no_instance_based_gamma,NUM/NUM863^1.p,TH0,Theorem,timeout,na,2145,1893,5,1893,281,0,0,0,0,
no_instance_based_gamma,NUM/NUM923^1.p,TH0,Theorem,timeout,na,2159,2078,154,2078,77,0,0,1,0,
no_instance_based_gamma,NUM/NUM923^2.p,TH1,Theorem,parser_error,na,0,,,,,,,,,cached: Failed to parse formula 'fact_81_split__paired__Ex': [byte:26352] Type Error: Cannot unify strict function types of different arities.
no_instance_based_gamma,NUM/NUM923^3.p,TH1,Theorem,parser_error,na,0,,,,,,,,,cached: Failed to parse formula 'fact_125_split__paired__Ex': [byte:41018] Type Error: Cannot unify strict function types of different arities.
no_instance_based_gamma,NUM/NUM923^4.p,TH1,Theorem,parser_error,na,0,,,,,,,,,cached: Failed to parse formula 'fact_158_split__paired__All': [byte:93412] Type Error: Cannot unify strict function types of different arities.
no_instance_based_gamma,NUM/NUM924^1.p,TH0,ContradictoryAxioms,timeout,na,2683,4756,16,4756,490,0,0,0,0,
no_instance_based_gamma,NUM/NUM924^2.p,TH0,Theorem,timeout,na,2753,619,61,619,1,0,0,0,0,
no_instance_based_gamma,NUM/NUM924^3.p,TH0,ContradictoryAxioms,timeout,na,3372,571,57,571,1,0,0,0,0,
no_instance_based_gamma,NUM/NUM924^4.p,TH1,Theorem,parser_error,na,0,,,,,,,,,cached: Failed to parse formula 'fact_2709_ex__nat': [byte:738104] Type Error: Cannot unify strict function types of different arities.
no_instance_based_gamma,NUM/NUM925^1.p,TH0,Theorem,timeout,na,2738,5823,11,5823,1413,0,0,1,0,
no_instance_based_gamma,NUM/NUM925^2.p,TH0,Theorem,timeout,na,2597,746,74,746,1,0,0,0,0,
no_instance_based_gamma,NUM/NUM925^3.p,TH0,Theorem,timeout,na,3288,542,54,542,1,0,0,0,0,
no_instance_based_gamma,NUM/NUM925^4.p,TH1,Theorem,parser_error,na,0,,,,,,,,,cached: Failed to parse formula 'fact_2744_ex__nat': [byte:691477] Type Error: Cannot unify strict function types of different arities.
no_instance_based_gamma,NUM/NUM926^1.p,TH0,Theorem,timeout,na,2228,1343,69,1343,140,2,0,1,0,
no_instance_based_gamma,NUM/NUM926^2.p,TH0,Theorem,timeout,na,2716,616,61,616,1,0,0,0,0,
no_instance_based_gamma,NUM/NUM926^3.p,TH0,Theorem,timeout,na,3393,565,56,565,1,0,0,0,0,
no_instance_based_gamma,NUM/NUM926^4.p,TH1,Theorem,parser_error,na,0,,,,,,,,,cached: Failed to parse formula 'fact_2727_ex__nat': [byte:747317] Type Error: Cannot unify strict function types of different arities.
no_instance_based_gamma,NUN/NUN021^1.p,TH0,Satisfiable,no_conjecture,na,18,,,,,,,,,
no_instance_based_gamma,NUN/NUN022^1.p,TH0,Satisfiable,timeout,na,2006,1055,124,1055,1,0,0,0,0,
no_instance_based_gamma,NUN/NUN023^1.p,TH0,Theorem,timeout,na,2064,2260,88,2260,251,14,0,2,0,
no_instance_based_gamma,NUN/NUN023^2.p,TH0,Theorem,timeout,na,2068,2297,92,2297,242,7,0,2,0,
no_instance_based_gamma,NUN/NUN024^1.p,TH0,Theorem,timeout,na,2060,2587,131,2587,227,29,0,1,0,
no_instance_based_gamma,NUN/NUN024^2.p,TH0,Theorem,timeout,na,2074,2772,102,2772,263,48,0,1,0,
no_instance_based_gamma,NUN/NUN025^1.p,TH0,Theorem,timeout,na,2061,2660,126,2660,229,19,0,1,0,
no_instance_based_gamma,NUN/NUN025^2.p,TH0,Theorem,timeout,na,2053,2625,147,2625,165,33,0,1,0,
no_instance_based_gamma,NUN/NUN025^3.p,TH0,Theorem,timeout,na,2062,2412,111,2412,211,25,0,1,0,
no_instance_based_gamma,NUN/NUN026^1.p,TH1,Theorem,parse_timeout,na,0,,,,,,,,,cached: parse exceeded 5000ms
no_instance_based_gamma,NUN/NUN027^1.p,TH1,Theorem,parse_timeout,na,0,,,,,,,,,cached: parse exceeded 5000ms
no_instance_based_gamma,NUN/NUN028^1.p,TH1,Theorem,parse_timeout,na,0,,,,,,,,,cached: parse exceeded 5000ms
no_instance_based_gamma,NUN/NUN029^1.p,TH1,Theorem,parse_timeout,na,0,,,,,,,,,cached: parse exceeded 5000ms
no_instance_based_gamma,NUN/NUN030^1.p,TH1,Theorem,parse_timeout,na,0,,,,,,,,,cached: parse exceeded 5000ms
no_instance_based_gamma,NUN/NUN031^1.p,TH1,Theorem,parse_timeout,na,0,,,,,,,,,cached: parse exceeded 5000ms
no_instance_based_gamma,NUN/NUN032^1.p,TH1,Theorem,parse_timeout,na,0,,,,,,,,,cached: parse exceeded 5000ms
no_instance_based_gamma,NUN/NUN033^1.p,TH1,Theorem,parse_timeout,na,0,,,,,,,,,cached: parse exceeded 5000ms
no_instance_based_gamma,NUN/NUN034^1.p,TH1,Theorem,parse_timeout,na,0,,,,,,,,,cached: parse exceeded 5000ms
no_instance_based_gamma,NUN/NUN035^1.p,TH1,Theorem,parse_timeout,na,0,,,,,,,,,cached: parse exceeded 5000ms
no_instance_based_gamma,NUN/NUN036^1.p,TH1,Theorem,parse_timeout,na,0,,,,,,,,,cached: parse exceeded 5000ms
no_instance_based_gamma,NUN/NUN037^1.p,TH1,Theorem,parse_timeout,na,0,,,,,,,,,cached: parse exceeded 5000ms
no_instance_based_gamma,NUN/NUN038^1.p,TH1,Theorem,parse_timeout,na,0,,,,,,,,,cached: parse exceeded 5000ms
no_instance_based_gamma,NUN/NUN039^1.p,TH1,Theorem,parse_timeout,na,0,,,,,,,,,cached: parse exceeded 5000ms
no_instance_based_gamma,NUN/NUN040^1.p,TH1,Theorem,parse_timeout,na,0,,,,,,,,,cached: parse exceeded 5000ms
no_instance_based_gamma,NUN/NUN041^1.p,TH1,Theorem,parse_timeout,na,0,,,,,,,,,cached: parse exceeded 5000ms
no_instance_based_gamma,NUN/NUN042^1.p,TH1,Theorem,parse_timeout,na,0,,,,,,,,,cached: parse exceeded 5000ms
no_instance_based_gamma,NUN/NUN043^1.p,TH1,Theorem,parse_timeout,na,0,,,,,,,,,cached: parse exceeded 5000ms
no_instance_based_gamma,NUN/NUN044^1.p,TH1,Theorem,parse_timeout,na,0,,,,,,,,,cached: parse exceeded 5000ms
no_instance_based_gamma,NUN/NUN045^1.p,TH1,Theorem,parse_timeout,na,0,,,,,,,,,cached: parse exceeded 5000ms
no_instance_based_gamma,NUN/NUN046^1.p,TH1,ContradictoryAxioms,timeout,na,2075,2263,65,2263,123,56,0,0,0,
no_instance_based_gamma,NUN/NUN047^1.p,TH1,ContradictoryAxioms,timeout,na,2039,1520,79,1520,108,13,0,1,0,
no_instance_based_gamma,NUN/NUN048^1.p,TH1,Theorem,timeout,na,2145,4536,115,4536,218,77,0,0,0,
no_instance_based_gamma,NUN/NUN049^1.p,TH1,Theorem,timeout,na,2043,940,38,920,68,42,0,0,0,
no_instance_based_gamma,NUN/NUN050^1.p,TH1,Theorem,timeout,na,2055,864,41,848,52,32,0,0,0,
no_instance_based_gamma,NUN/NUN051^1.p,TH1,Theorem,timeout,na,2061,1080,19,1080,140,35,0,1,0,
no_instance_based_gamma,NUN/NUN052^1.p,TH1,CounterSatisfiable,timeout,na,2074,2104,112,2104,185,0,0,2,0,
no_instance_based_gamma,NUN/NUN053^4.p,TH0,Satisfiable,no_conjecture,na,1803,,,,,,,,,
no_instance_based_gamma,NUN/NUN093^1.p,TH0,Unknown,timeout,na,3686,0,0,0,1,0,0,0,0,
no_instance_based_gamma,NUN/NUN094^1.p,TH0,Unknown,timeout,na,3696,0,0,0,1,0,0,0,0,
no_instance_based_gamma,NUN/NUN095^1.p,TH0,Unknown,timeout,na,3545,0,0,0,1,0,0,0,0,
no_instance_based_gamma,NUN/NUN096^1.p,TH0,Unknown,timeout,na,3555,0,0,0,1,0,0,0,0,
no_instance_based_gamma,NUN/NUN097^1.p,TH0,Unknown,timeout,na,2893,0,0,0,1,0,0,0,0,
no_instance_based_gamma,NUN/NUN098^1.p,TH0,Unknown,timeout,na,2892,0,0,0,1,0,0,0,0,
no_instance_based_gamma,NUN/NUN099^1.p,TH0,Unknown,timeout,na,3319,0,0,0,1,0,0,0,0,
no_instance_based_gamma,NUN/NUN100^1.p,TH0,Unknown,timeout,na,3356,0,0,0,1,0,0,0,0,
no_instance_based_gamma,NUN/NUN101^1.p,TH0,Unknown,timeout,na,3192,0,0,0,1,0,0,0,0,
no_instance_based_gamma,NUN/NUN102^1.p,TH0,Unknown,timeout,na,3196,0,0,0,1,0,0,0,0,
no_instance_based_gamma,NUN/NUN103^1.p,TH0,Unknown,timeout,na,2838,0,0,0,1,0,0,0,0,
no_instance_based_gamma,NUN/NUN104^1.p,TH0,Unknown,timeout,na,2828,0,0,0,1,0,0,0,0,
no_instance_based_gamma,NUN/NUN105^1.p,TH0,Unknown,timeout,na,3239,0,0,0,1,0,0,0,0,
no_instance_based_gamma,NUN/NUN106^1.p,TH0,Unknown,timeout,na,3248,0,0,0,1,0,0,0,0,
no_instance_based_gamma,NUN/NUN107^1.p,TH0,Unknown,timeout,na,3237,0,0,0,1,0,0,0,0,
no_instance_based_gamma,NUN/NUN108^1.p,TH0,Unknown,timeout,na,3251,0,0,0,1,0,0,0,0,
no_instance_based_gamma,NUN/NUN109^1.p,TH0,Unknown,timeout,na,2591,0,0,0,1,0,0,0,0,
no_instance_based_gamma,NUN/NUN110^1.p,TH0,Unknown,timeout,na,2594,0,0,0,1,0,0,0,0,
no_instance_based_gamma,NUN/NUN111^1.p,TH0,Unknown,timeout,na,3581,0,0,0,1,0,0,0,0,
no_instance_based_gamma,NUN/NUN112^1.p,TH0,Unknown,timeout,na,3560,0,0,0,1,0,0,0,0,
no_instance_based_gamma,NUN/NUN113^1.p,TH0,Unknown,timeout,na,3165,0,0,0,1,0,0,0,0,
no_instance_based_gamma,NUN/NUN114^1.p,TH0,Unknown,timeout,na,3166,0,0,0,1,0,0,0,0,
no_instance_based_gamma,NUN/NUN115^1.p,TH0,Unknown,timeout,na,4014,0,0,0,1,0,0,0,0,
no_instance_based_gamma,NUN/NUN116^1.p,TH0,Unknown,timeout,na,3952,0,0,0,1,0,0,0,0,
no_instance_based_gamma,NUN/NUN117^1.p,TH0,Unknown,timeout,na,3636,0,0,0,1,0,0,0,0,
no_instance_based_gamma,NUN/NUN118^1.p,TH0,Unknown,timeout,na,3652,0,0,0,1,0,0,0,0,
no_instance_based_gamma,NUN/NUN119^1.p,TH0,Unknown,timeout,na,3306,0,0,0,1,0,0,0,0,
no_instance_based_gamma,NUN/NUN120^1.p,TH0,Unknown,timeout,na,3318,0,0,0,1,0,0,0,0,
no_instance_based_gamma,NUN/NUN121^1.p,TH0,Unknown,timeout,na,3195,0,0,0,1,0,0,0,0,
no_instance_based_gamma,NUN/NUN122^1.p,TH0,Unknown,timeout,na,3184,0,0,0,1,0,0,0,0,
no_instance_based_gamma,NUN/NUN123^1.p,TH0,Unknown,timeout,na,4261,0,0,0,1,0,0,0,0,
no_instance_based_gamma,NUN/NUN124^1.p,TH0,Unknown,timeout,na,4283,0,0,0,1,0,0,0,0,
no_instance_based_gamma,NUN/NUN125^1.p,TH0,Unknown,timeout,na,2956,0,0,0,1,0,0,0,0,
no_instance_based_gamma,NUN/NUN126^1.p,TH0,Unknown,timeout,na,2960,0,0,0,1,0,0,0,0,
no_instance_based_gamma,NUN/NUN127^1.p,TH0,Unknown,timeout,na,3336,0,0,0,1,0,0,0,0,
no_instance_based_gamma,NUN/NUN128^1.p,TH0,Unknown,timeout,na,3344,0,0,0,1,0,0,0,0,
no_instance_based_gamma,NUN/NUN129^1.p,TH0,Unknown,timeout,na,3519,0,0,0,1,0,0,0,0,
no_instance_based_gamma,NUN/NUN130^1.p,TH0,Unknown,timeout,na,3510,0,0,0,1,0,0,0,0,
no_instance_based_gamma,NUN/NUN131^1.p,TH0,Unknown,timeout,na,3698,0,0,0,1,0,0,0,0,
no_instance_based_gamma,NUN/NUN132^1.p,TH0,Unknown,timeout,na,3706,0,0,0,1,0,0,0,0,
no_instance_based_gamma,PHI/PHI001^1.p,TH0,Satisfiable,no_conjecture,na,43,,,,,,,,,
no_instance_based_gamma,PHI/PHI002^1.p,TH0,Theorem,timeout,na,2059,361,19,361,28,0,0,1,0,
no_instance_based_gamma,PHI/PHI002^2.p,TH0,Theorem,timeout,na,2063,400,18,400,40,7,0,1,0,
no_instance_based_gamma,PHI/PHI002^8.p,unknown,Theorem,parser_error,na,0,,,,,,,,,cached: Lexer failed to parse entire string. Unparsed: {$box} @ ( ! [X: $i] : ( ( Phi @ X ) => ( Psi @ X ) ) ) ) ) => ( positive @ Psi ) ) ). %----T1: Positive properties are possibly exemplified. thf(t1 conj
no_instance_based_gamma,PHI/PHI003^1.p,TH0,Theorem,timeout,na,2066,323,15,323,26,0,0,0,0,
no_instance_based_gamma,PHI/PHI003^2.p,TH0,Theorem,timeout,na,2070,553,23,553,54,1,0,1,0,
no_instance_based_gamma,PHI/PHI003^6.p,unknown,Theorem,parser_error,na,0,,,,,,,,,cached: Lexer failed to parse entire string. Unparsed: {$possible} @ ( ? [X: entity] : ( god_like @ X ) ) ) ). %------------------------------------------------------------------------------ 
no_instance_based_gamma,PHI/PHI003^7.p,unknown,CounterSatisfiable,parser_error,na,0,,,,,,,,,cached: Lexer failed to parse entire string. Unparsed: {$possible} @ ( ? [X: entity] : ( god_like @ X ) ) ) ). %------------------------------------------------------------------------------ 
no_instance_based_gamma,PHI/PHI003^8.p,unknown,Theorem,parser_error,na,0,,,,,,,,,cached: Lexer failed to parse entire string. Unparsed: {$box} @ ( ! [X: $i] : ( ( Phi @ X ) => ( Psi @ X ) ) ) ) ) => ( positive @ Psi ) ) ). %----D1: A God-like being possesses all positive properties. thf(d
no_instance_based_gamma,PHI/PHI004^1.p,TH0,Theorem,timeout,na,2078,560,24,560,52,0,0,1,0,
no_instance_based_gamma,PHI/PHI004^2.p,TH0,Theorem,timeout,na,2082,1261,40,1261,153,23,0,1,0,
no_instance_based_gamma,PHI/PHI004^4.p,TH0,Theorem,timeout,na,2065,1464,73,1464,145,18,0,1,0,
no_instance_based_gamma,PHI/PHI004^8.p,unknown,Theorem,parser_error,na,0,,,,,,,,,cached: Lexer failed to parse entire string. Unparsed: {$box} @ ( ! [X: $i] : ( ( Phi @ X ) => ( Psi @ X ) ) ) ) ) => ( positive @ Psi ) ) ). %----D1: A God-like being possesses all positive properties. thf(d
no_instance_based_gamma,PHI/PHI005^1.p,TH0,Theorem,timeout,na,2091,740,21,740,112,8,0,1,0,
no_instance_based_gamma,PHI/PHI005^10.p,unknown,Theorem,parser_error,na,0,,,,,,,,,cached: Lexer failed to parse entire string. Unparsed: {$necessary} @ ( ! [X: individual] : ( ( Phi @ X ) <=> ( ^ [Y: individual] : ( ( Phi @ Y ) & ~ ( Phi @ Y ) ) @ X ) ) ) ) => ( ( positive @ Phi ) <=> ( po
no_instance_based_gamma,PHI/PHI005^2.p,TH0,Theorem,timeout,na,2151,2102,15,2102,202,12,0,0,0,
no_instance_based_gamma,PHI/PHI005^3.p,TH0,CounterSatisfiable,timeout,na,2074,860,45,860,71,4,0,1,0,
no_instance_based_gamma,PHI/PHI005^4.p,TH0,Theorem,timeout,na,2062,1517,75,1517,142,12,0,1,0,
no_instance_based_gamma,PHI/PHI005^6.p,unknown,Theorem,parser_error,na,0,,,,,,,,,cached: Lexer failed to parse entire string. Unparsed: {$necessary} @ ( ? [X: entity] : ( god_like @ X ) ) ) ). %------------------------------------------------------------------------------ 
no_instance_based_gamma,PHI/PHI005^8.p,unknown,Theorem,parser_error,na,0,,,,,,,,,cached: Lexer failed to parse entire string. Unparsed: {$box} @ ( ! [X: $i] : ( ( Phi @ X ) => ( Psi @ X ) ) ) ) ) => ( positive @ Psi ) ) ). %----D1: A God-like being possesses all positive properties. thf(d
no_instance_based_gamma,PHI/PHI005^9.p,unknown,Theorem,parser_error,na,0,,,,,,,,,cached: Lexer failed to parse entire string. Unparsed: {$necessary} @ ( ! [X: individual] : ( ( Phi @ X ) <=> ( Psi @ X ) ) ) ) => ( ( positive @ Phi ) <=> ( positive @ Psi ) ) ) ). %----Contradictory propert
no_instance_based_gamma,PHI/PHI006^4.p,TH0,ContradictoryAxioms,timeout,na,2074,1250,83,1250,78,0,0,1,0,
no_instance_based_gamma,PHI/PHI006^5.p,TH0,ContradictoryAxioms,timeout,na,2073,774,39,774,66,0,0,1,0,
no_instance_based_gamma,PHI/PHI007^4.p,TH0,ContradictoryAxioms,timeout,na,2064,532,41,532,41,0,0,2,0,
no_instance_based_gamma,PHI/PHI007^5.p,TH0,ContradictoryAxioms,timeout,na,2034,346,17,346,23,0,0,2,0,
no_instance_based_gamma,PHI/PHI008^4.p,TH0,Theorem,timeout,na,2051,822,35,822,84,2,0,1,0,
no_instance_based_gamma,PHI/PHI043^1.p,TH0,Theorem,timeout,na,2064,298,10,298,41,5,0,2,0,
no_instance_based_gamma,PHI/PHI043^2.p,TH0,Theorem,timeout,na,2081,397,2,397,72,6,0,1,0,
no_instance_based_gamma,PHI/PHI045^10.p,unknown,Theorem,parser_error,na,0,,,,,,,,,cached: Lexer failed to parse entire string. Unparsed: {$necessary} @ ( ! [X: individual] : ( ( exists @ X ) => ( ( Phi @ X ) <=> ( ^ [Y: individual] : ( ( Phi @ Y ) & ~ ( Phi @ Y ) ) @ X ) ) ) ) ) => ( ( pos
no_instance_based_gamma,PHI/PHI045^6.p,TH0,Theorem,thm,yes,138,97,4,97,8,1,0,1,1,
no_instance_based_gamma,PHI/PHI045^7.p,unknown,Theorem,parser_error,na,0,,,,,,,,,cached: Lexer failed to parse entire string. Unparsed: {$necessary} @ ( ! [X: individual] : ( ( Phi @ X ) <=> ( Psi @ X ) ) ) ) => ( ( positive @ Phi ) <=> ( positive @ Psi ) ) ) ). %----Contradictory propert
no_instance_based_gamma,PHI/PHI045^8.p,unknown,Theorem,parser_error,na,0,,,,,,,,,cached: Lexer failed to parse entire string. Unparsed: {$necessary} @ ( ! [X: individual] : ( ( Phi @ X ) <=> ( ^ [Y: individual] : ( ( Phi @ Y ) & ~ ( Phi @ Y ) ) @ X ) ) ) ) => ( ( positive @ Phi ) <=> ( po
no_instance_based_gamma,PHI/PHI045^9.p,unknown,Theorem,parser_error,na,0,,,,,,,,,cached: Lexer failed to parse entire string. Unparsed: {$necessary} @ ( ! [X: individual] : ( ( exists @ X ) => ( ( Phi @ X ) <=> ( Psi @ X ) ) ) ) ) => ( ( positive @ Phi ) <=> ( positive @ Psi ) ) ) ). %---
no_instance_based_gamma,PHI/PHI046^10.p,unknown,Theorem,parser_error,na,0,,,,,,,,,cached: Lexer failed to parse entire string. Unparsed: {$necessary} @ ( ! [X: individual] : ( ( exists @ X ) => ( ( Phi @ X ) <=> ( ^ [Y: individual] : ( ( Phi @ Y ) & ~ ( Phi @ Y ) ) @ X ) ) ) ) ) => ( ( pos
no_instance_based_gamma,PHI/PHI046^9.p,unknown,Theorem,parser_error,na,0,,,,,,,,,cached: Lexer failed to parse entire string. Unparsed: {$necessary} @ ( ! [X: individual] : ( ( exists @ X ) => ( ( Phi @ X ) <=> ( Psi @ X ) ) ) ) ) => ( ( positive @ Phi ) <=> ( positive @ Psi ) ) ) ). %---
no_instance_based_gamma,PLA/PLA032^7.p,TH0,Theorem,timeout,na,2215,3973,85,3973,190,208,0,0,0,
no_instance_based_gamma,PLA/PLA033^7.p,TH0,Theorem,timeout,na,2224,2162,27,2162,227,0,0,0,0,
no_instance_based_gamma,PLA/PLA053^15.p,TH0,CounterSatisfiable,timeout,na,2133,3147,54,3147,200,104,0,0,0,
no_instance_based_gamma,PLA/PLA053^18.p,TH0,Theorem,timeout,na,2137,3410,35,3410,189,218,0,0,0,
no_instance_based_gamma,PLA/PLA053^2.p,TH0,Theorem,timeout,na,2152,3122,64,3122,187,60,0,0,0,
no_instance_based_gamma,PLA/PLA053^4.p,TH0,Theorem,timeout,na,2254,3888,55,3888,180,40,0,0,0,
no_instance_based_gamma,PLA/PLA053^5.p,TH0,Theorem,timeout,na,2225,4026,77,4026,181,24,0,0,0,
no_instance_based_gamma,PLA/PLA054^4.p,TH0,Theorem,timeout,na,2100,2421,129,2421,219,0,0,0,0,
no_instance_based_gamma,PRO/PRO019^1.p,TH1,Theorem,timeout,na,3039,97,9,97,1,0,0,0,0,
no_instance_based_gamma,PRO/PRO020^1.p,TH1,Theorem,timeout,na,3512,55,5,55,1,0,0,0,0,
no_instance_based_gamma,PRO/PRO021^1.p,TH1,Theorem,timeout,na,3908,31,3,31,1,0,0,0,0,
no_instance_based_gamma,PRO/PRO022^1.p,TH1,Theorem,timeout,na,3212,45,4,45,1,0,0,0,0,
no_instance_based_gamma,PRO/PRO023^1.p,TH1,Theorem,timeout,na,4122,0,0,0,1,0,0,0,0,
no_instance_based_gamma,PRO/PRO024^1.p,TH1,Theorem,timeout,na,4621,0,0,0,1,0,0,0,0,
no_instance_based_gamma,PRO/PRO025^1.p,TH1,Theorem,timeout,na,4710,0,0,0,1,0,0,0,0,
no_instance_based_gamma,PRO/PRO026^1.p,TH1,Theorem,timeout,na,4698,0,0,0,1,0,0,0,0,
no_instance_based_gamma,PRO/PRO027^1.p,TH1,Theorem,timeout,na,4523,0,0,0,1,0,0,0,0,
no_instance_based_gamma,PRO/PRO028^1.p,TH1,Theorem,timeout,na,4524,0,0,0,1,0,0,0,0,
no_instance_based_gamma,PRO/PRO029^16.p,TH0,Theorem,timeout,na,2090,2550,97,2550,240,42,0,0,0,
no_instance_based_gamma,PUZ/PUZ031^5.p,TH0,Theorem,timeout,na,2193,1689,6,1689,110,0,0,0,0,
no_instance_based_gamma,PUZ/PUZ047^5.p,TH0,Theorem,timeout,na,2344,4761,3,4761,285,0,0,0,0,
no_instance_based_gamma,PUZ/PUZ081^1.p,TH0,Theorem,parser_error,na,0,,,,,,,,,cached: Failed to parse formula 'kk_6_6': [byte:2999] Type Error: Cannot unify strict function types of different arities.
no_instance_based_gamma,PUZ/PUZ081^2.p,TH0,Theorem,timeout,na,2057,1019,23,1002,194,50,0,0,0,
no_instance_based_gamma,PUZ/PUZ081^3.p,TH0,Theorem,timeout,na,2202,3779,16,3287,119,816,0,0,0,
no_instance_based_gamma,PUZ/PUZ082^1.p,TH0,Theorem,unk,na,124,202,0,187,12,40,0,0,0,
no_instance_based_gamma,PUZ/PUZ083^1.p,TH0,Theorem,unk,na,85,182,0,168,11,33,0,0,0,
no_instance_based_gamma,PUZ/PUZ084^1.p,TH0,Theorem,thm,yes,115,30,2,30,2,0,0,1,1,
no_instance_based_gamma,PUZ/PUZ085^1.p,TH0,Theorem,timeout,na,2096,2034,106,2034,186,49,0,6,0,
no_instance_based_gamma,PUZ/PUZ086^1.p,TH0,Theorem,timeout,na,2130,1822,68,1822,205,0,0,0,0,
no_instance_based_gamma,PUZ/PUZ087^1.p,TH0,Theorem,timeout,na,2535,3075,10,3075,288,0,0,0,0,
no_instance_based_gamma,PUZ/PUZ087^2.p,TH0,Theorem,timeout,na,2535,2990,13,2990,338,0,0,0,0,
no_instance_based_gamma,PUZ/PUZ088^5.p,TH0,Theorem,thm,yes,13,16,0,16,2,0,0,2,1,
no_instance_based_gamma,PUZ/PUZ090^5.p,TH0,Theorem,thm,yes,194,1,0,1,1,1,0,0,0,
no_instance_based_gamma,PUZ/PUZ091^5.p,TH0,Theorem,thm,yes,352,1,0,1,1,1,0,0,0,
no_instance_based_gamma,PUZ/PUZ092^5.p,TH0,Theorem,thm,yes,1495,154,4,154,5,18,0,0,0,
no_instance_based_gamma,PUZ/PUZ093^5.p,TH0,Theorem,timeout,na,2032,16,1,16,2,0,0,0,0,
no_instance_based_gamma,PUZ/PUZ094^5.p,TH0,Theorem,timeout,na,2538,4801,5,4801,231,0,0,0,0,
no_instance_based_gamma,PUZ/PUZ095^5.p,TH0,CounterSatisfiable,timeout,na,2031,450,16,450,44,4,0,1,0,
no_instance_based_gamma,PUZ/PUZ096^5.p,TH0,CounterSatisfiable,timeout,na,2028,1,0,1,1,0,0,0,0,
no_instance_based_gamma,PUZ/PUZ097^5.p,TH0,CounterSatisfiable,timeout,na,2022,1,0,1,1,0,0,0,0,
no_instance_based_gamma,PUZ/PUZ098^5.p,TH0,Unknown,timeout,na,2026,2,0,2,1,0,0,0,0,
no_instance_based_gamma,PUZ/PUZ099^5.p,TH0,CounterSatisfiable,timeout,na,2045,2587,143,2587,183,0,0,2,0,
no_instance_based_gamma,PUZ/PUZ100^5.p,TH0,Theorem,thm,yes,8,4,0,4,1,1,0,0,0,
no_instance_based_gamma,PUZ/PUZ101^5.p,TH0,CounterSatisfiable,timeout,na,2024,7,0,7,2,1,0,0,0,
no_instance_based_gamma,PUZ/PUZ102^5.p,TH0,Theorem,thm,yes,14,12,0,12,2,0,0,1,1,
no_instance_based_gamma,PUZ/PUZ103^5.p,TH0,Theorem,timeout,na,2069,2787,67,2787,425,40,0,2,0,
no_instance_based_gamma,PUZ/PUZ104^5.p,TH0,Theorem,timeout,na,2057,2615,109,2615,298,20,0,2,0,
no_instance_based_gamma,PUZ/PUZ105^5.p,TH0,CounterSatisfiable,timeout,na,2068,2399,112,2399,243,12,0,1,0,
no_instance_based_gamma,PUZ/PUZ106^5.p,TH0,CounterSatisfiable,timeout,na,2057,1488,41,1488,242,12,0,1,0,
no_instance_based_gamma,PUZ/PUZ107^5.p,TH0,Theorem,timeout,na,2101,2349,21,2349,269,54,0,0,0,
no_instance_based_gamma,PUZ/PUZ108^5.p,TH0,Theorem,timeout,na,2059,2436,125,2436,191,13,0,2,0,
no_instance_based_gamma,PUZ/PUZ109^5.p,TH0,Theorem,timeout,na,2044,1284,29,1284,203,0,0,2,0,
no_instance_based_gamma,PUZ/PUZ110^5.p,TH0,Theorem,timeout,na,2034,1126,28,1126,166,0,0,2,0,
no_instance_based_gamma,PUZ/PUZ111^5.p,TH0,CounterSatisfiable,timeout,na,2125,5205,42,5205,254,310,0,0,0,
no_instance_based_gamma,PUZ/PUZ112^5.p,TH0,CounterSatisfiable,timeout,na,2215,8869,82,8869,291,546,0,0,0,
no_instance_based_gamma,PUZ/PUZ113^5.p,TH0,Theorem,timeout,na,2028,1312,69,1312,92,0,0,2,0,
no_instance_based_gamma,PUZ/PUZ114^5.p,TH0,Theorem,timeout,na,2050,1261,19,1261,229,0,0,2,0,
no_instance_based_gamma,PUZ/PUZ115^5.p,TH0,CounterSatisfiable,timeout,na,2039,2741,170,2741,165,0,0,3,0,
no_instance_based_gamma,PUZ/PUZ116^5.p,TH0,CounterSatisfiable,timeout,na,2035,1508,80,1508,121,0,0,2,0,
no_instance_based_gamma,PUZ/PUZ117^5.p,TH0,CounterSatisfiable,timeout,na,2046,2630,164,2630,164,0,0,2,0,
no_instance_based_gamma,PUZ/PUZ118^5.p,TH0,CounterSatisfiable,timeout,na,2036,666,3,666,123,32,0,4,0,
no_instance_based_gamma,PUZ/PUZ119^5.p,TH0,CounterSatisfiable,timeout,na,2046,2567,156,2567,168,0,0,2,0,
no_instance_based_gamma,PUZ/PUZ120^5.p,TH0,CounterSatisfiable,timeout,na,2047,2764,169,2764,172,0,0,2,0,
no_instance_based_gamma,PUZ/PUZ121^5.p,TH0,CounterSatisfiable,timeout,na,2018,157,0,157,56,7,0,0,0,
no_instance_based_gamma,PUZ/PUZ122^5.p,TH0,Unknown,timeout,na,2063,639,18,639,128,14,0,0,0,
no_instance_based_gamma,PUZ/PUZ123^5.p,TH0,CounterSatisfiable,timeout,na,2040,1680,73,1680,155,17,0,1,0,
no_instance_based_gamma,PUZ/PUZ124^5.p,TH0,CounterSatisfiable,timeout,na,2061,1303,17,1303,215,40,0,3,0,
no_instance_based_gamma,PUZ/PUZ125^5.p,TH0,CounterSatisfiable,timeout,na,2046,629,1,629,135,28,0,4,0,
no_instance_based_gamma,PUZ/PUZ126^5.p,TH0,CounterSatisfiable,timeout,na,2045,564,1,564,109,26,0,1,0,
no_instance_based_gamma,PUZ/PUZ127^5.p,TH0,Theorem,timeout,na,2082,2043,115,2043,216,86,0,0,0,
no_instance_based_gamma,PUZ/PUZ136^1.p,TH0,Theorem,timeout,na,2083,4286,326,4286,186,10,0,4,0,
no_instance_based_gamma,PUZ/PUZ137^1.p,TH0,Theorem,unk,na,124,401,0,373,27,76,0,0,0,
no_instance_based_gamma,PUZ/PUZ140^1.p,TH0,Theorem,thm,yes,38,43,0,43,4,1,0,1,1,
no_instance_based_gamma,PUZ/PUZ140^2.p,TH0,Theorem,timeout,na,2062,2975,116,2975,322,9,0,1,0,
no_instance_based_gamma,PUZ/PUZ141^1.p,TH0,Theorem,timeout,na,2113,2937,89,2937,120,78,0,0,0,
no_instance_based_gamma,PUZ/PUZ142^1.p,TH0,Theorem,timeout,na,3040,9212,2,9212,444,2,0,0,0,
no_instance_based_gamma,PUZ/PUZ143^1.p,TH0,CounterSatisfiable,timeout,na,2059,1908,51,1908,128,153,0,2,0,
no_instance_based_gamma,PUZ/PUZ144^1.p,TH0,Theorem,timeout,na,3814,7429,7,7429,426,512,0,0,0,
no_instance_based_gamma,PUZ/PUZ145^1.p,TH0,Theorem,timeout,na,4355,3030,31,3030,995,0,0,0,0,
no_instance_based_gamma,PUZ/PUZ146^1.p,TH0,Theorem,thm,yes,18,25,1,25,2,0,0,1,1,
no_instance_based_gamma,PUZ/PUZ147^1.p,TH1,Theorem,parse_timeout,na,0,,,,,,,,,cached: parse exceeded 5000ms
no_instance_based_gamma,PUZ/PUZ148^1.p,TH1,Theorem,parse_timeout,na,0,,,,,,,,,cached: parse exceeded 5000ms
no_instance_based_gamma,PUZ/PUZ149^13.p,TH0,Theorem,timeout,na,2077,2168,70,2168,226,63,0,0,0,
no_instance_based_gamma,PUZ/PUZ150^18.p,TH0,Theorem,timeout,na,2081,1493,30,1493,170,55,0,0,0,
no_instance_based_gamma,PUZ/PUZ154^1.p,TH0,CounterSatisfiable,timeout,na,2034,2245,159,2245,86,2,0,2,0,
no_instance_based_gamma,QUA/QUA001^1.p,TH0,Theorem,timeout,na,2055,1391,36,1391,122,48,0,1,0,
no_instance_based_gamma,QUA/QUA002^1.p,TH0,Theorem,thm,yes,75,67,3,67,4,5,0,0,0,
no_instance_based_gamma,QUA/QUA003^1.p,TH0,Theorem,timeout,na,2051,2084,112,2084,118,25,0,1,0,
no_instance_based_gamma,QUA/QUA004^1.p,TH0,Theorem,timeout,na,2042,2025,144,2025,80,14,0,1,0,
no_instance_based_gamma,QUA/QUA005^1.p,TH0,Theorem,timeout,na,2048,2226,155,2226,91,11,0,1,0,
no_instance_based_gamma,QUA/QUA006^1.p,TH0,Theorem,timeout,na,2051,2108,134,2108,108,17,0,1,0,
no_instance_based_gamma,QUA/QUA007^1.p,TH0,Theorem,timeout,na,2067,1592,41,1592,161,40,0,1,0,
no_instance_based_gamma,QUA/QUA008^1.p,TH0,Theorem,timeout,na,2057,1630,72,1630,123,35,0,1,0,
no_instance_based_gamma,QUA/QUA009^1.p,TH0,Theorem,timeout,na,2068,2854,147,2854,129,65,0,0,0,
no_instance_based_gamma,QUA/QUA010^1.p,TH0,Theorem,timeout,na,2077,2331,73,2331,226,43,0,1,0,
no_instance_based_gamma,QUA/QUA011^1.p,TH0,Theorem,timeout,na,2061,2254,101,2254,161,41,0,1,0,
no_instance_based_gamma,QUA/QUA012^1.p,TH0,Theorem,timeout,na,2043,2058,146,2058,78,12,0,1,0,
no_instance_based_gamma,QUA/QUA013^1.p,TH0,Theorem,timeout,na,2065,1596,41,1596,153,98,0,5,0,
no_instance_based_gamma,QUA/QUA014^1.p,TH0,Theorem,timeout,na,2063,1540,48,1540,144,87,0,5,0,
no_instance_based_gamma,QUA/QUA015^1.p,TH0,Theorem,timeout,na,2064,1384,41,1384,136,85,0,6,0,
no_instance_based_gamma,QUA/QUA016^1.p,TH0,Theorem,timeout,na,2068,1271,36,1271,127,79,0,5,0,
no_instance_based_gamma,QUA/QUA017^1.p,TH0,Theorem,timeout,na,2057,2377,161,2377,109,29,0,1,0,
no_instance_based_gamma,QUA/QUA018^1.p,TH0,Theorem,timeout,na,2091,3110,137,3110,184,111,0,0,0,
no_instance_based_gamma,QUA/QUA019^1.p,TH0,Theorem,timeout,na,2158,4537,74,4537,528,365,0,1,0,
no_instance_based_gamma,QUA/QUA020^1.p,TH0,Theorem,timeout,na,2056,1812,93,1812,157,37,0,2,0,
no_instance_based_gamma,QUA/QUA021^1.p,TH0,Satisfiable,no_conjecture,na,17,,,,,,,,,
no_instance_based_gamma,RAL/RAL001^1.p,TH1,Theorem,parse_timeout,na,0,,,,,,,,,cached: parse exceeded 5000ms
no_instance_based_gamma,RAL/RAL002^1.p,TH1,Theorem,parse_timeout,na,0,,,,,,,,,cached: parse exceeded 5000ms
no_instance_based_gamma,RAL/RAL003^1.p,TH1,Theorem,parse_timeout,na,0,,,,,,,,,cached: parse exceeded 5000ms
no_instance_based_gamma,RAL/RAL004^1.p,TH1,Theorem,parse_timeout,na,0,,,,,,,,,cached: parse exceeded 5000ms
no_instance_based_gamma,RAL/RAL005^1.p,TH1,Theorem,parse_timeout,na,0,,,,,,,,,cached: parse exceeded 5000ms
no_instance_based_gamma,RAL/RAL006^1.p,TH1,Theorem,parse_timeout,na,0,,,,,,,,,cached: parse exceeded 5000ms
no_instance_based_gamma,RAL/RAL007^1.p,TH1,Theorem,parse_timeout,na,0,,,,,,,,,cached: parse exceeded 5000ms
no_instance_based_gamma,RAL/RAL008^1.p,TH1,Theorem,parse_timeout,na,0,,,,,,,,,cached: parse exceeded 5000ms
no_instance_based_gamma,RAL/RAL009^1.p,TH1,Theorem,parse_timeout,na,0,,,,,,,,,cached: parse exceeded 5000ms
no_instance_based_gamma,RAL/RAL010^1.p,TH1,Theorem,parse_timeout,na,0,,,,,,,,,cached: parse exceeded 5000ms
no_instance_based_gamma,RAL/RAL011^1.p,TH1,Theorem,parse_timeout,na,0,,,,,,,,,cached: parse exceeded 5000ms
no_instance_based_gamma,RAL/RAL012^1.p,TH1,Theorem,parse_timeout,na,0,,,,,,,,,cached: parse exceeded 5000ms
no_instance_based_gamma,RAL/RAL013^1.p,TH1,Theorem,parse_timeout,na,0,,,,,,,,,cached: parse exceeded 5000ms
no_instance_based_gamma,RAL/RAL014^1.p,TH1,Theorem,parse_timeout,na,0,,,,,,,,,cached: parse exceeded 5000ms
no_instance_based_gamma,RAL/RAL015^1.p,TH1,Theorem,parse_timeout,na,0,,,,,,,,,cached: parse exceeded 5000ms
no_instance_based_gamma,RAL/RAL016^1.p,TH1,Theorem,parse_timeout,na,0,,,,,,,,,cached: parse exceeded 5000ms
no_instance_based_gamma,RAL/RAL017^1.p,TH1,Theorem,parse_timeout,na,0,,,,,,,,,cached: parse exceeded 5000ms
no_instance_based_gamma,RAL/RAL018^1.p,TH1,Theorem,parse_timeout,na,0,,,,,,,,,cached: parse exceeded 5000ms
no_instance_based_gamma,RAL/RAL019^1.p,TH1,Theorem,parse_timeout,na,0,,,,,,,,,cached: parse exceeded 5000ms
no_instance_based_gamma,RAL/RAL020^1.p,TH1,Theorem,parse_timeout,na,0,,,,,,,,,cached: parse exceeded 5000ms
no_instance_based_gamma,RAL/RAL021^1.p,TH1,Theorem,parse_timeout,na,0,,,,,,,,,cached: parse exceeded 5000ms
no_instance_based_gamma,RAL/RAL022^1.p,TH1,Theorem,parse_timeout,na,0,,,,,,,,,cached: parse exceeded 5000ms
no_instance_based_gamma,RAL/RAL023^1.p,TH1,Theorem,parse_timeout,na,0,,,,,,,,,cached: parse exceeded 5000ms
no_instance_based_gamma,RAL/RAL024^1.p,TH1,Theorem,parse_timeout,na,0,,,,,,,,,cached: parse exceeded 5000ms
no_instance_based_gamma,RAL/RAL025^1.p,TH1,Theorem,parse_timeout,na,0,,,,,,,,,cached: parse exceeded 5000ms
no_instance_based_gamma,RAL/RAL026^1.p,TH1,Theorem,parse_timeout,na,0,,,,,,,,,cached: parse exceeded 5000ms
no_instance_based_gamma,RAL/RAL027^1.p,TH1,Theorem,parse_timeout,na,0,,,,,,,,,cached: parse exceeded 5000ms
no_instance_based_gamma,RAL/RAL028^1.p,TH1,Theorem,parse_timeout,na,0,,,,,,,,,cached: parse exceeded 5000ms
no_instance_based_gamma,RAL/RAL029^1.p,TH1,Theorem,parse_timeout,na,0,,,,,,,,,cached: parse exceeded 5000ms
no_instance_based_gamma,RAL/RAL030^1.p,TH1,Theorem,parse_timeout,na,0,,,,,,,,,cached: parse exceeded 5000ms
no_instance_based_gamma,RAL/RAL031^1.p,TH1,Theorem,parse_timeout,na,0,,,,,,,,,cached: parse exceeded 5000ms
no_instance_based_gamma,RAL/RAL032^1.p,TH1,Theorem,parse_timeout,na,0,,,,,,,,,cached: parse exceeded 5000ms
no_instance_based_gamma,RAL/RAL033^1.p,TH1,Theorem,parse_timeout,na,0,,,,,,,,,cached: parse exceeded 5000ms
no_instance_based_gamma,RAL/RAL034^1.p,TH1,Theorem,parse_timeout,na,0,,,,,,,,,cached: parse exceeded 5000ms
no_instance_based_gamma,RAL/RAL035^1.p,TH1,Theorem,parse_timeout,na,0,,,,,,,,,cached: parse exceeded 5000ms
no_instance_based_gamma,RAL/RAL036^1.p,TH1,Theorem,parse_timeout,na,0,,,,,,,,,cached: parse exceeded 5000ms
no_instance_based_gamma,RAL/RAL037^1.p,TH1,Theorem,parse_timeout,na,0,,,,,,,,,cached: parse exceeded 5000ms
no_instance_based_gamma,RAL/RAL038^1.p,TH1,Theorem,parse_timeout,na,0,,,,,,,,,cached: parse exceeded 5000ms
no_instance_based_gamma,RAL/RAL039^1.p,TH1,Theorem,parse_timeout,na,0,,,,,,,,,cached: parse exceeded 5000ms
no_instance_based_gamma,RAL/RAL040^1.p,TH1,Theorem,parse_timeout,na,0,,,,,,,,,cached: parse exceeded 5000ms
no_instance_based_gamma,RAL/RAL041^1.p,TH1,Theorem,parse_timeout,na,0,,,,,,,,,cached: parse exceeded 5000ms
no_instance_based_gamma,RAL/RAL042^1.p,TH1,Theorem,parse_timeout,na,0,,,,,,,,,cached: parse exceeded 5000ms
no_instance_based_gamma,RAL/RAL043^1.p,TH1,Theorem,parse_timeout,na,0,,,,,,,,,cached: parse exceeded 5000ms
no_instance_based_gamma,RAL/RAL044^1.p,TH1,Theorem,parse_timeout,na,0,,,,,,,,,cached: parse exceeded 5000ms
no_instance_based_gamma,RAL/RAL045^1.p,TH1,Theorem,parse_timeout,na,0,,,,,,,,,cached: parse exceeded 5000ms
no_instance_based_gamma,RAL/RAL046^1.p,TH1,Theorem,parse_timeout,na,0,,,,,,,,,cached: parse exceeded 5000ms
no_instance_based_gamma,RAL/RAL047^1.p,TH1,Theorem,parse_timeout,na,0,,,,,,,,,cached: parse exceeded 5000ms
no_instance_based_gamma,RAL/RAL048^1.p,TH1,Theorem,parse_timeout,na,0,,,,,,,,,cached: parse exceeded 5000ms
no_instance_based_gamma,RAL/RAL049^1.p,TH1,Theorem,parse_timeout,na,0,,,,,,,,,cached: parse exceeded 5000ms
no_instance_based_gamma,RAL/RAL050^1.p,TH1,Theorem,parse_timeout,na,0,,,,,,,,,cached: parse exceeded 5000ms
no_instance_based_gamma,RAL/RAL051^1.p,TH1,Theorem,parse_timeout,na,0,,,,,,,,,cached: parse exceeded 5000ms
no_instance_based_gamma,RAL/RAL052^1.p,TH1,Theorem,parse_timeout,na,0,,,,,,,,,cached: parse exceeded 5000ms
no_instance_based_gamma,RAL/RAL053^1.p,TH1,Theorem,parse_timeout,na,0,,,,,,,,,cached: parse exceeded 5000ms
no_instance_based_gamma,RAL/RAL054^1.p,TH1,Theorem,parse_timeout,na,0,,,,,,,,,cached: parse exceeded 5000ms
no_instance_based_gamma,RAL/RAL055^1.p,TH1,Theorem,parse_timeout,na,0,,,,,,,,,cached: parse exceeded 5000ms
no_instance_based_gamma,RAL/RAL056^1.p,TH1,Theorem,parse_timeout,na,0,,,,,,,,,cached: parse exceeded 5000ms
no_instance_based_gamma,RAL/RAL057^1.p,TH1,Theorem,parse_timeout,na,0,,,,,,,,,cached: parse exceeded 5000ms
no_instance_based_gamma,RAL/RAL058^1.p,TH1,Theorem,parse_timeout,na,0,,,,,,,,,cached: parse exceeded 5000ms
no_instance_based_gamma,RAL/RAL059^1.p,TH1,Theorem,parse_timeout,na,0,,,,,,,,,cached: parse exceeded 5000ms
no_instance_based_gamma,RAL/RAL060^1.p,TH1,Theorem,parse_timeout,na,0,,,,,,,,,cached: parse exceeded 5000ms
no_instance_based_gamma,RAL/RAL061^1.p,TH1,Theorem,parse_timeout,na,0,,,,,,,,,cached: parse exceeded 5000ms
no_instance_based_gamma,RAL/RAL062^1.p,TH1,Theorem,parse_timeout,na,0,,,,,,,,,cached: parse exceeded 5000ms
no_instance_based_gamma,RAL/RAL063^1.p,TH1,Theorem,parse_timeout,na,0,,,,,,,,,cached: parse exceeded 5000ms
no_instance_based_gamma,RAL/RAL064^1.p,TH1,Theorem,parse_timeout,na,0,,,,,,,,,cached: parse exceeded 5000ms
no_instance_based_gamma,RAL/RAL065^1.p,TH1,Theorem,parse_timeout,na,0,,,,,,,,,cached: parse exceeded 5000ms
no_instance_based_gamma,RAL/RAL066^1.p,TH1,Theorem,parse_timeout,na,0,,,,,,,,,cached: parse exceeded 5000ms
no_instance_based_gamma,RAL/RAL067^1.p,TH1,Theorem,parse_timeout,na,0,,,,,,,,,cached: parse exceeded 5000ms
no_instance_based_gamma,RAL/RAL068^1.p,TH1,Theorem,parse_timeout,na,0,,,,,,,,,cached: parse exceeded 5000ms
no_instance_based_gamma,RAL/RAL069^1.p,TH1,Theorem,parse_timeout,na,0,,,,,,,,,cached: parse exceeded 5000ms
no_instance_based_gamma,RAL/RAL070^1.p,TH1,Theorem,parse_timeout,na,0,,,,,,,,,cached: parse exceeded 5000ms
no_instance_based_gamma,SCT/SCT169^1.p,TH0,Theorem,timeout,na,2717,2203,18,2203,934,0,0,1,0,
no_instance_based_gamma,SCT/SCT169^2.p,TH0,Theorem,timeout,na,2718,638,63,638,1,0,0,0,0,
no_instance_based_gamma,SCT/SCT169^3.p,TH1,Theorem,parser_error,na,0,,,,,,,,,cached: Failed to parse formula 'fact_1119_Skolem__list__nth': Syntax Error: '$o' denotes a type and cannot be used as a term.
no_instance_based_gamma,SCT/SCT170^1.p,TH0,Theorem,timeout,na,2737,287,27,287,2,0,0,0,0,
no_instance_based_gamma,SCT/SCT170^2.p,TH0,Theorem,timeout,na,4228,162,15,162,2,0,0,0,0,
no_instance_based_gamma,SCT/SCT170^3.p,TH0,Theorem,timeout,na,5679,126,11,126,2,0,0,0,0,
no_instance_based_gamma,SCT/SCT171^1.p,TH0,Theorem,thm,yes,869,29,1,29,4,4,0,0,0,
no_instance_based_gamma,SCT/SCT171^2.p,TH0,Theorem,thm,yes,2138,92,2,92,8,8,0,0,0,
no_instance_based_gamma,SCT/SCT171^3.p,TH0,ContradictoryAxioms,thm,na,4936,92,2,92,8,8,0,0,0,
no_instance_based_gamma,SET/SET002^3.p,TH0,Theorem,timeout,na,2448,3843,16,3843,200,0,0,0,0,
no_instance_based_gamma,SET/SET002^4.p,TH0,Theorem,timeout,na,2381,3956,39,3956,224,0,0,0,0,
no_instance_based_gamma,SET/SET002^7.p,TH0,Theorem,timeout,na,2139,2022,117,2022,137,0,0,0,0,
no_instance_based_gamma,SET/SET004^4.p,TH0,Theorem,timeout,na,2359,3559,36,3559,202,0,0,0,0,
no_instance_based_gamma,SET/SET008^5.p,TH0,Theorem,thm,yes,4,3,0,3,1,1,0,0,0,
no_instance_based_gamma,SET/SET009^5.p,TH0,Theorem,thm,yes,22,15,1,15,2,0,0,1,1,
no_instance_based_gamma,SET/SET010^5.p,TH0,Theorem,thm,yes,17,4,0,4,1,1,0,0,0,
no_instance_based_gamma,SET/SET011^5.p,TH0,Theorem,thm,yes,7,3,0,3,1,1,0,0,0,
no_instance_based_gamma,SET/SET013^7.p,TH0,Theorem,timeout,na,2200,1677,109,1677,104,0,0,0,0,
no_instance_based_gamma,SET/SET014^4.p,TH0,Theorem,thm,yes,51,58,0,58,8,5,0,1,1,
no_instance_based_gamma,SET/SET014^5.p,TH0,Theorem,thm,yes,40,58,0,58,8,6,0,1,1,
no_instance_based_gamma,SET/SET014^7.p,TH0,Theorem,timeout,na,2241,207,20,207,2,0,0,0,0,
no_instance_based_gamma,SET/SET017^1.p,TH0,Theorem,timeout,na,2080,3500,165,3500,254,67,0,1,0,
no_instance_based_gamma,SET/SET018^7.p,TH0,Theorem,timeout,na,2243,343,34,343,1,0,0,0,0,
no_instance_based_gamma,SET/SET019^4.p,TH0,Theorem,timeout,na,2150,1876,105,1876,127,0,0,0,0,
no_instance_based_gamma,SET/SET020^7.p,TH0,Theorem,timeout,na,2487,87,8,87,1,0,0,0,0,
no_instance_based_gamma,SET/SET027^3.p,TH0,Theorem,timeout,na,2157,4638,77,4638,635,69,0,4,0,
no_instance_based_gamma,SET/SET027^5.p,TH0,Theorem,thm,yes,27,20,1,21,3,0,0,1,1,
no_instance_based_gamma,SET/SET027^7.p,TH0,Theorem,timeout,na,2163,2036,37,2036,218,8,0,0,0,
no_instance_based_gamma,SET/SET043^5.p,TH0,Theorem,thm,yes,11,10,0,10,2,0,0,1,1,
no_instance_based_gamma,SET/SET044^23.p,TH0,Theorem,timeout,na,2100,2438,29,2438,231,2,0,0,0,
no_instance_based_gamma,SET/SET044^5.p,TH0,Theorem,thm,yes,33,39,0,39,5,3,0,1,1,
no_instance_based_gamma,SET/SET045^5.p,TH0,Theorem,thm,yes,17,15,0,15,2,1,0,1,1,
no_instance_based_gamma,SET/SET045^7.p,TH0,Theorem,timeout,na,2093,718,14,718,96,24,0,0,0,
no_instance_based_gamma,SET/SET046^5.p,TH0,Theorem,timeout,na,2175,4812,38,4812,864,330,0,3,0,
no_instance_based_gamma,SET/SET047^1.p,TH0,Theorem,timeout,na,2119,3148,2,3148,627,38,0,3,0,
no_instance_based_gamma,SET/SET055^12.p,TH0,Theorem,thm,yes,254,3,0,3,1,1,0,0,0,
no_instance_based_gamma,SET/SET062^5.p,TH0,Theorem,thm,yes,2,3,0,3,1,1,0,0,0,
no_instance_based_gamma,SET/SET062^6.p,TH0,Theorem,thm,yes,2,2,0,2,1,1,0,0,0,
no_instance_based_gamma,SET/SET062^7.p,TH0,Theorem,timeout,na,2194,1658,103,1658,105,0,0,0,0,
no_instance_based_gamma,SET/SET063^4.p,TH0,Theorem,timeout,na,2383,4040,34,4040,230,0,0,0,0,
no_instance_based_gamma,SET/SET063^5.p,TH0,Theorem,thm,yes,7,8,0,8,1,0,0,1,1,
no_instance_based_gamma,SET/SET066^1.p,TH0,Theorem,thm,yes,30,21,0,21,3,5,0,0,0,
no_instance_based_gamma,SET/SET067^1.p,TH0,Theorem,thm,yes,23,5,0,5,1,1,0,0,0,
no_instance_based_gamma,SET/SET076^1.p,TH0,Theorem,thm,yes,37,14,1,14,2,2,0,0,0,
no_instance_based_gamma,SET/SET086^1.p,TH0,Theorem,thm,yes,24,13,0,13,2,0,0,1,1,
no_instance_based_gamma,SET/SET096^1.p,TH0,Theorem,timeout,na,2070,3765,266,3765,158,15,0,1,0,
no_instance_based_gamma,SET/SET143^3.p,TH0,Theorem,thm,yes,52,36,0,36,3,7,0,0,0,
no_instance_based_gamma,SET/SET143^5.p,TH0,Theorem,thm,yes,10,4,0,4,1,1,0,0,0,
no_instance_based_gamma,SET/SET144^5.p,TH0,Theorem,thm,yes,36,25,0,25,3,2,0,1,1,
no_instance_based_gamma,SET/SET159^5.p,TH0,Theorem,thm,yes,10,4,0,4,1,1,0,0,0,
no_instance_based_gamma,SET/SET162^5.p,TH0,Theorem,thm,yes,3,2,0,2,1,1,0,0,0,
no_instance_based_gamma,SET/SET169^5.p,TH0,Theorem,thm,yes,15,4,0,4,1,1,0,0,0,
no_instance_based_gamma,SET/SET171^3.p,TH0,Theorem,thm,yes,56,36,0,36,3,7,0,0,0,
no_instance_based_gamma,SET/SET171^5.p,TH0,Theorem,thm,yes,15,4,0,4,1,1,0,0,0,
no_instance_based_gamma,SET/SET173^5.p,TH0,Theorem,thm,yes,5,3,0,3,1,1,0,0,0,
no_instance_based_gamma,SET/SET175^5.p,TH0,Theorem,thm,yes,5,3,0,3,1,1,0,0,0,
no_instance_based_gamma,SET/SET183^5.p,TH0,Theorem,thm,yes,18,21,0,21,2,0,0,1,1,
no_instance_based_gamma,SET/SET185^5.p,TH0,Theorem,thm,yes,5,3,0,3,1,1,0,0,0,
no_instance_based_gamma,SET/SET194^5.p,TH0,Theorem,thm,yes,4,4,0,4,1,1,0,0,0,
no_instance_based_gamma,SET/SET196^5.p,TH0,Theorem,thm,yes,4,4,0,4,1,1,0,0,0,
no_instance_based_gamma,SET/SET199^5.p,TH0,Theorem,thm,yes,33,16,1,16,2,0,0,1,1,
no_instance_based_gamma,SET/SET200^5.p,TH0,Theorem,thm,yes,63,68,0,68,7,9,0,1,1,
no_instance_based_gamma,SET/SET201^5.p,TH0,Theorem,thm,yes,58,63,0,63,8,7,0,1,1,
no_instance_based_gamma,SET/SET557^1.p,TH0,Theorem,thm,yes,121,25,0,25,3,1,0,1,1,
no_instance_based_gamma,SET/SET557^6.p,TH0,Theorem,timeout,na,2030,1092,21,1092,132,26,0,1,0,
no_instance_based_gamma,SET/SET574^20.p,TH0,Theorem,timeout,na,2110,1965,49,1965,218,4,0,0,0,
no_instance_based_gamma,SET/SET575^7.p,TH0,Theorem,timeout,na,2109,1017,57,1017,81,0,0,0,0,
no_instance_based_gamma,SET/SET576^7.p,TH0,Theorem,timeout,na,2371,3220,11,3220,247,32,0,0,0,
no_instance_based_gamma,SET/SET579^3.p,TH0,Theorem,timeout,na,2545,4454,21,4455,181,0,0,0,0,
no_instance_based_gamma,SET/SET580^3.p,TH0,Theorem,thm,yes,69,46,0,46,5,10,0,0,0,
no_instance_based_gamma,SET/SET580^5.p,TH0,Theorem,thm,yes,7,4,0,4,1,1,0,0,0,
no_instance_based_gamma,SET/SET582^5.p,TH0,Theorem,thm,yes,105,143,1,143,17,13,0,1,1,
no_instance_based_gamma,SET/SET583^7.p,TH0,Theorem,timeout,na,2132,2058,117,2058,137,0,0,0,0,
no_instance_based_gamma,SET/SET584^5.p,TH0,Theorem,thm,yes,24,15,1,15,2,0,0,1,1,
no_instance_based_gamma,SET/SET585^5.p,TH0,Theorem,thm,yes,5,5,0,5,1,1,0,0,0,
no_instance_based_gamma,SET/SET586^5.p,TH0,Theorem,thm,yes,23,15,1,15,2,0,0,1,1,
no_instance_based_gamma,SET/SET587^5.p,TH0,Theorem,thm,yes,28,38,0,38,4,1,0,1,1,
no_instance_based_gamma,SET/SET588^5.p,TH0,Theorem,thm,yes,24,16,1,16,2,0,0,1,1,
no_instance_based_gamma,SET/SET589^5.p,TH0,Theorem,thm,yes,60,51,1,51,9,1,0,1,1,
no_instance_based_gamma,SET/SET590^5.p,TH0,Theorem,thm,yes,4,4,0,4,1,1,0,0,0,
no_instance_based_gamma,SET/SET591^5.p,TH0,Theorem,thm,yes,11,9,0,9,1,0,0,1,1,
no_instance_based_gamma,SET/SET592^5.p,TH0,Theorem,thm,yes,46,86,0,86,8,0,0,1,1,
no_instance_based_gamma,SET/SET593^5.p,TH0,Theorem,thm,yes,11,4,0,4,1,1,0,0,0,
no_instance_based_gamma,SET/SET594^5.p,TH0,Theorem,thm,yes,39,23,1,23,3,0,0,1,1,
no_instance_based_gamma,SET/SET595^5.p,TH0,Theorem,thm,yes,18,24,0,24,3,2,0,1,1,
no_instance_based_gamma,SET/SET596^5.p,TH0,Theorem,thm,yes,36,55,0,55,5,1,0,1,1,
no_instance_based_gamma,SET/SET597^5.p,TH0,Theorem,timeout,na,2082,2108,23,2108,213,100,0,0,0,
no_instance_based_gamma,SET/SET598^5.p,TH0,Theorem,timeout,na,2055,1439,22,1439,162,71,0,0,0,
no_instance_based_gamma,SET/SET599^5.p,TH0,Theorem,thm,yes,9,4,0,4,1,1,0,0,0,
no_instance_based_gamma,SET/SET600^5.p,TH0,Theorem,thm,yes,58,51,2,51,4,5,0,0,0,
no_instance_based_gamma,SET/SET601^3.p,TH0,Theorem,thm,yes,97,78,0,78,8,18,0,0,0,
no_instance_based_gamma,SET/SET601^5.p,TH0,Theorem,thm,yes,23,4,0,4,1,1,0,0,0,
no_instance_based_gamma,SET/SET603^5.p,TH0,Theorem,thm,yes,3,2,0,2,1,1,0,0,0,
no_instance_based_gamma,SET/SET604^5.p,TH0,Theorem,thm,yes,3,2,0,2,1,1,0,0,0,
no_instance_based_gamma,SET/SET605^5.p,TH0,Theorem,thm,yes,5,3,0,3,1,1,0,0,0,
no_instance_based_gamma,SET/SET606^3.p,TH0,Theorem,thm,yes,43,25,0,25,3,5,0,0,0,
no_instance_based_gamma,SET/SET606^5.p,TH0,Theorem,thm,yes,7,3,0,3,1,1,0,0,0,
no_instance_based_gamma,SET/SET607^3.p,TH0,Theorem,thm,yes,41,25,0,25,3,5,0,0,0,
no_instance_based_gamma,SET/SET607^5.p,TH0,Theorem,thm,yes,6,3,0,3,1,1,0,0,0,
no_instance_based_gamma,SET/SET608^5.p,TH0,Theorem,thm,yes,5,3,0,3,1,1,0,0,0,
no_instance_based_gamma,SET/SET609^3.p,TH0,Theorem,thm,yes,57,38,0,38,4,7,0,0,0,
no_instance_based_gamma,SET/SET609^5.p,TH0,Theorem,thm,yes,16,4,0,4,1,1,0,0,0,
no_instance_based_gamma,SET/SET610^5.p,TH0,Theorem,thm,yes,7,3,0,3,1,1,0,0,0,
no_instance_based_gamma,SET/SET611^3.p,TH0,Theorem,timeout,na,2020,900,120,900,5,13,0,0,0,
no_instance_based_gamma,SET/SET611^5.p,TH0,Theorem,thm,yes,30,42,1,42,4,3,0,1,1,
no_instance_based_gamma,SET/SET612^3.p,TH0,Theorem,thm,yes,60,36,0,36,3,7,0,0,0,
no_instance_based_gamma,SET/SET612^5.p,TH0,Theorem,thm,yes,13,4,0,4,1,1,0,0,0,
no_instance_based_gamma,SET/SET613^5.p,TH0,Theorem,thm,yes,12,3,0,3,1,1,0,0,0,
no_instance_based_gamma,SET/SET614^3.p,TH0,Theorem,thm,yes,53,36,0,36,3,7,0,0,0,
no_instance_based_gamma,SET/SET614^5.p,TH0,Theorem,thm,yes,12,4,0,4,1,1,0,0,0,
no_instance_based_gamma,SET/SET615^3.p,TH0,Theorem,thm,yes,64,67,0,67,5,14,0,0,0,
no_instance_based_gamma,SET/SET615^5.p,TH0,Theorem,thm,yes,15,4,0,4,1,1,0,0,0,
no_instance_based_gamma,SET/SET616^5.p,TH0,Theorem,thm,yes,31,39,0,39,4,2,0,1,1,
no_instance_based_gamma,SET/SET617^5.p,TH0,Theorem,thm,yes,6,2,0,2,1,1,0,0,0,
no_instance_based_gamma,SET/SET618^5.p,TH0,Theorem,thm,yes,4,2,0,2,1,1,0,0,0,
no_instance_based_gamma,SET/SET619^5.p,TH0,Theorem,thm,yes,9,3,0,3,1,1,0,0,0,
no_instance_based_gamma,SET/SET620^5.p,TH0,Theorem,thm,yes,14,3,0,3,1,1,0,0,0,
no_instance_based_gamma,SET/SET621^5.p,TH0,Theorem,thm,yes,25,4,0,4,1,1,0,0,0,
no_instance_based_gamma,SET/SET622^5.p,TH0,Theorem,thm,yes,23,4,0,4,1,1,0,0,0,
no_instance_based_gamma,SET/SET623^3.p,TH0,Theorem,thm,yes,80,122,0,122,10,28,0,0,0,
no_instance_based_gamma,SET/SET623^5.p,TH0,Theorem,thm,yes,46,4,0,4,1,1,0,0,0,
no_instance_based_gamma,SET/SET624^3.p,TH0,Theorem,timeout,na,2034,1005,4,1005,109,164,0,2,0,
no_instance_based_gamma,SET/SET624^5.p,TH0,Theorem,thm,yes,79,179,1,179,19,22,0,1,1,
no_instance_based_gamma,SET/SET625^5.p,TH0,Theorem,thm,yes,37,36,1,36,5,2,0,1,1,
no_instance_based_gamma,SET/SET626^5.p,TH0,Theorem,thm,yes,18,14,1,14,2,0,0,1,1,
no_instance_based_gamma,SET/SET627^5.p,TH0,Theorem,thm,yes,3,3,0,3,1,1,0,0,0,
no_instance_based_gamma,SET/SET628^5.p,TH0,Theorem,thm,yes,13,14,0,14,2,2,0,1,1,
no_instance_based_gamma,SET/SET629^5.p,TH0,Theorem,thm,yes,6,4,0,4,1,1,0,0,0,
no_instance_based_gamma,SET/SET630^3.p,TH0,Theorem,thm,yes,26,5,0,5,1,1,0,0,0,
no_instance_based_gamma,SET/SET630^5.p,TH0,Theorem,thm,yes,7,4,0,4,1,1,0,0,0,
no_instance_based_gamma,SET/SET631^5.p,TH0,Theorem,thm,yes,22,15,1,15,2,0,0,1,1,
no_instance_based_gamma,SET/SET632^5.p,TH0,Theorem,thm,yes,45,93,3,93,11,2,0,1,1,
no_instance_based_gamma,SET/SET633^5.p,TH0,Theorem,thm,yes,72,143,0,143,17,25,0,1,1,
no_instance_based_gamma,SET/SET634^5.p,TH0,Theorem,thm,yes,14,4,0,4,1,1,0,0,0,
no_instance_based_gamma,SET/SET635^5.p,TH0,Theorem,thm,yes,14,4,0,4,1,1,0,0,0,
no_instance_based_gamma,SET/SET636^5.p,TH0,Theorem,thm,yes,27,42,0,42,5,3,0,1,1,
no_instance_based_gamma,SET/SET638^5.p,TH0,Theorem,thm,yes,44,51,1,51,6,2,0,1,1,
no_instance_based_gamma,SET/SET640^3.p,TH0,Theorem,thm,yes,320,885,21,885,77,65,0,1,1,
no_instance_based_gamma,SET/SET646^3.p,TH0,Theorem,thm,yes,115,171,3,171,14,10,0,1,1,
no_instance_based_gamma,SET/SET647^3.p,TH0,Theorem,thm,yes,91,34,0,34,4,3,0,1,1,
no_instance_based_gamma,SET/SET648^3.p,TH0,Theorem,thm,yes,80,30,0,30,3,2,0,1,1,
no_instance_based_gamma,SET/SET649^3.p,TH0,Theorem,thm,yes,98,68,1,68,10,1,0,1,1,
no_instance_based_gamma,SET/SET651^3.p,TH0,Theorem,thm,yes,116,155,5,155,9,9,0,1,1,
no_instance_based_gamma,SET/SET657^3.p,TH0,Theorem,thm,yes,87,79,2,79,7,1,0,1,1,
no_instance_based_gamma,SET/SET669^3.p,TH0,Theorem,timeout,na,2158,3542,137,3542,351,86,0,1,0,
no_instance_based_gamma,SET/SET670^3.p,TH0,Theorem,thm,yes,91,27,1,27,3,0,0,1,1,
no_instance_based_gamma,SET/SET671^3.p,TH0,Theorem,timeout,na,2073,731,4,731,102,102,0,2,0,
no_instance_based_gamma,SET/SET672^3.p,TH0,Theorem,thm,yes,86,26,1,26,3,0,0,1,1,
no_instance_based_gamma,SET/SET673^3.p,TH0,Theorem,timeout,na,2067,777,4,777,69,116,0,3,0,
no_instance_based_gamma,SET/SET680^3.p,TH0,Theorem,thm,yes,122,82,1,82,7,6,0,1,1,
no_instance_based_gamma,SET/SET683^3.p,TH0,Theorem,thm,yes,98,34,1,34,4,0,0,1,1,
no_instance_based_gamma,SET/SET684^3.p,TH0,Theorem,thm,yes,80,11,0,11,2,2,0,0,0,
no_instance_based_gamma,SET/SET716^4.p,TH0,Theorem,timeout,na,2129,3127,45,3127,428,96,0,1,0,
no_instance_based_gamma,SET/SET724^4.p,TH0,Theorem,timeout,na,2063,2227,71,2227,202,6,0,4,0,
no_instance_based_gamma,SET/SET741^4.p,TH0,Theorem,timeout,na,2073,2742,136,2742,231,29,0,1,0,
no_instance_based_gamma,SET/SET747^4.p,TH0,Theorem,timeout,na,2353,6608,24,6608,2116,178,0,2,0,
no_instance_based_gamma,SET/SET752^4.p,TH0,Theorem,timeout,na,2123,4153,168,4153,173,122,0,0,0,
no_instance_based_gamma,SET/SET753^4.p,TH0,Theorem,thm,yes,80,80,4,80,7,9,0,1,1,
no_instance_based_gamma,SET/SET764^4.p,TH0,Theorem,thm,yes,38,14,0,14,2,2,0,0,0,
no_instance_based_gamma,SET/SET907^7.p,TH0,Theorem,timeout,na,2157,1893,118,1893,124,0,0,0,0,
no_instance_based_gamma,SET/SET908^7.p,TH0,Theorem,timeout,na,2169,509,37,509,23,0,0,0,0,
no_instance_based_gamma,SET/SET914^7.p,TH0,Theorem,timeout,na,2175,1729,107,1729,115,0,0,0,0,
no_instance_based_gamma,SET/SET916^7.p,TH0,Theorem,timeout,na,2199,400,21,400,30,0,0,0,0,
no_instance_based_gamma,SET/SET924^1.p,TH0,Theorem,thm,yes,57,1,0,1,1,1,0,0,0,
no_instance_based_gamma,SET/SET925^7.p,TH0,Theorem,thm,yes,120,1,0,1,1,1,0,0,0,
no_instance_based_gamma,SET/SET926^11.p,TH0,Theorem,timeout,na,2134,2272,76,2272,162,0,0,0,0,
no_instance_based_gamma,SET/SET926^12.p,TH0,Theorem,timeout,na,2131,2103,74,2103,159,0,0,0,0,
no_instance_based_gamma,SET/SET926^20.p,TH0,Theorem,timeout,na,2137,2098,70,2098,157,0,0,0,0,
no_instance_based_gamma,SET/SET926^7.p,TH0,Theorem,timeout,na,2169,2228,106,2228,142,0,0,0,0,
no_instance_based_gamma,SET/SET926^8.p,TH0,Theorem,timeout,na,2109,2229,108,2229,150,0,0,0,0,
no_instance_based_gamma,SEU/SEU452^1.p,TH0,Theorem,timeout,na,2043,857,36,857,106,12,0,0,0,
no_instance_based_gamma,SEU/SEU453^1.p,TH0,Theorem,thm,yes,64,5,0,5,1,1,0,0,0,
no_instance_based_gamma,SEU/SEU454^1.p,TH0,Theorem,thm,yes,57,3,0,3,1,1,0,0,0,
no_instance_based_gamma,SEU/SEU455^1.p,TH0,Theorem,thm,yes,57,5,0,5,1,1,0,0,0,
no_instance_based_gamma,SEU/SEU456^1.p,TH0,Theorem,thm,yes,76,16,1,16,2,0,0,1,1,
no_instance_based_gamma,SEU/SEU457^1.p,TH0,Theorem,thm,yes,58,5,0,5,1,1,0,0,0,
no_instance_based_gamma,SEU/SEU458^1.p,TH0,Theorem,thm,yes,59,3,0,3,1,1,0,0,0,
no_instance_based_gamma,SEU/SEU459^1.p,TH0,Theorem,thm,yes,57,5,0,5,1,1,0,0,0,
no_instance_based_gamma,SEU/SEU460^1.p,TH0,Theorem,thm,yes,96,40,0,40,4,1,0,1,1,
no_instance_based_gamma,SEU/SEU461^1.p,TH0,Theorem,timeout,na,2086,1167,54,1167,133,0,0,1,0,
no_instance_based_gamma,SEU/SEU462^1.p,TH0,Theorem,timeout,na,2149,1232,24,1232,284,0,0,1,0,
no_instance_based_gamma,SEU/SEU463^1.p,TH0,Theorem,timeout,na,2117,1141,47,1141,162,0,0,1,0,
no_instance_based_gamma,SEU/SEU464^1.p,TH0,Theorem,timeout,na,2109,1301,30,1301,170,0,0,1,0,
no_instance_based_gamma,SEU/SEU465^1.p,TH0,Theorem,thm,yes,63,5,0,5,1,1,0,0,0,
no_instance_based_gamma,SEU/SEU466^1.p,TH0,Theorem,timeout,na,2096,998,31,998,130,1,0,0,0,
no_instance_based_gamma,SEU/SEU467^1.p,TH0,Theorem,thm,yes,114,19,1,19,2,0,0,1,1,
no_instance_based_gamma,SEU/SEU468^1.p,TH0,Theorem,timeout,na,2079,1273,53,1273,112,0,0,1,0,
no_instance_based_gamma,SEU/SEU469^1.p,TH0,Theorem,timeout,na,2117,1122,30,1122,168,5,0,0,0,
no_instance_based_gamma,SEU/SEU470^1.p,TH0,CounterSatisfiable,timeout,na,2160,973,28,973,191,3,0,0,0,
no_instance_based_gamma,SEU/SEU471^1.p,TH0,CounterSatisfiable,timeout,na,2121,962,27,962,119,17,0,0,0,
no_instance_based_gamma,SEU/SEU472^1.p,TH0,Theorem,thm,yes,169,32,2,32,3,0,0,1,1,
no_instance_based_gamma,SEU/SEU473^1.p,TH0,Theorem,timeout,na,2120,1535,48,1535,160,1,0,0,0,
no_instance_based_gamma,SEU/SEU474^1.p,TH0,Theorem,thm,yes,94,37,0,37,4,8,0,0,0,
no_instance_based_gamma,SEU/SEU475^1.p,TH0,Theorem,timeout,na,2077,423,21,423,39,3,0,0,0,
no_instance_based_gamma,SEU/SEU476^1.p,TH0,Theorem,timeout,na,2131,1548,31,1548,191,15,0,0,0,
no_instance_based_gamma,SEU/SEU477^1.p,TH0,Theorem,timeout,na,2131,2091,34,2091,311,25,0,1,0,
no_instance_based_gamma,SEU/SEU478^1.p,TH0,Theorem,timeout,na,2118,2126,90,2126,221,0,0,4,0,
no_instance_based_gamma,SEU/SEU479^1.p,TH0,Theorem,timeout,na,2153,2192,33,2192,383,0,0,3,0,
no_instance_based_gamma,SEU/SEU480^1.p,TH0,Theorem,timeout,na,2143,1052,32,1052,149,0,0,3,0,
no_instance_based_gamma,SEU/SEU481^1.p,TH0,Theorem,timeout,na,2084,813,50,813,48,0,0,2,0,
no_instance_based_gamma,SEU/SEU482^1.p,TH0,Theorem,timeout,na,2100,1042,51,1042,86,0,0,1,0,
no_instance_based_gamma,SEU/SEU483^1.p,TH0,Theorem,timeout,na,2133,2137,58,2137,286,0,0,2,0,
no_instance_based_gamma,SEU/SEU484^1.p,TH0,Theorem,timeout,na,2097,1709,73,1709,183,0,0,2,0,
no_instance_based_gamma,SEU/SEU485^1.p,TH0,Theorem,timeout,na,2105,1043,51,1043,150,7,0,0,0,
no_instance_based_gamma,SEU/SEU486^1.p,TH0,Theorem,timeout,na,2112,1412,55,1412,193,25,0,0,0,
no_instance_based_gamma,SEU/SEU487^1.p,TH0,Theorem,timeout,na,2089,411,20,411,70,8,0,0,0,
no_instance_based_gamma,SEU/SEU488^1.p,TH0,Theorem,timeout,na,2100,698,21,698,111,12,0,0,0,
no_instance_based_gamma,SEU/SEU489^1.p,TH0,CounterSatisfiable,timeout,na,2108,1124,64,1124,140,6,0,0,0,
no_instance_based_gamma,SEU/SEU490^1.p,TH0,Theorem,timeout,na,2098,887,30,887,141,2,0,0,0,
no_instance_based_gamma,SEU/SEU491^1.p,TH0,Theorem,timeout,na,2113,1109,54,1109,116,6,0,1,0,
no_instance_based_gamma,SEU/SEU492^1.p,TH0,Theorem,timeout,na,2375,7266,272,7266,1581,176,0,1,0,
no_instance_based_gamma,SEU/SEU493^1.p,TH0,Theorem,timeout,na,2194,5029,208,5029,748,48,0,1,0,
no_instance_based_gamma,SEU/SEU494^1.p,TH0,Theorem,timeout,na,2422,6789,166,6789,2063,78,0,3,0,
no_instance_based_gamma,SEU/SEU495^1.p,TH0,Theorem,thm,yes,85,88,1,88,7,4,0,1,1,
no_instance_based_gamma,SEU/SEU496^1.p,TH0,Theorem,timeout,na,2109,1092,35,1092,153,0,0,0,0,
no_instance_based_gamma,SEU/SEU497^1.p,TH0,Theorem,timeout,na,2292,4709,82,4709,1282,71,0,1,0,
no_instance_based_gamma,SEU/SEU498^1.p,TH0,Theorem,timeout,na,2375,4797,47,4797,219,27,0,0,0,
no_instance_based_gamma,SEU/SEU499^1.p,TH0,Theorem,thm,yes,341,99,7,99,4,3,0,1,1,
no_instance_based_gamma,SEU/SEU499^2.p,TH0,Theorem,thm,yes,24,24,0,24,4,2,0,1,1,
no_instance_based_gamma,SEU/SEU500^1.p,TH0,Theorem,timeout,na,2152,2310,39,2309,310,1,0,1,0,
no_instance_based_gamma,SEU/SEU500^2.p,TH0,Theorem,thm,yes,28,17,0,16,2,1,0,1,1,
no_instance_based_gamma,SEU/SEU501^1.p,TH0,Theorem,thm,yes,152,43,4,43,1,0,0,1,1,
no_instance_based_gamma,SEU/SEU501^2.p,TH0,Theorem,thm,yes,8,9,0,9,1,0,0,1,1,
no_instance_based_gamma,SEU/SEU502^1.p,TH0,Theorem,thm,yes,92,6,0,6,1,1,0,0,0,
no_instance_based_gamma,SEU/SEU502^2.p,TH0,Theorem,thm,yes,6,10,0,10,2,1,0,1,1,
no_instance_based_gamma,SEU/SEU503^1.p,TH0,Theorem,thm,yes,98,6,0,6,1,1,0,0,0,
no_instance_based_gamma,SEU/SEU503^2.p,TH0,Theorem,thm,yes,6,10,0,10,2,1,0,1,1,
no_instance_based_gamma,SEU/SEU504^1.p,TH0,Theorem,thm,yes,204,50,5,50,1,0,0,1,1,
no_instance_based_gamma,SEU/SEU504^2.p,TH0,Theorem,thm,yes,14,12,1,12,1,0,0,1,1,
no_instance_based_gamma,SEU/SEU505^1.p,TH0,Theorem,timeout,na,2103,1639,97,1639,105,0,0,1,0,
no_instance_based_gamma,SEU/SEU505^2.p,TH0,Theorem,timeout,na,2177,5487,58,5487,227,298,0,0,0,
no_instance_based_gamma,SEU/SEU506^1.p,TH0,Theorem,timeout,na,2116,1428,54,1428,153,16,0,2,0,
no_instance_based_gamma,SEU/SEU506^2.p,TH0,Theorem,timeout,na,2189,4308,76,4308,172,200,0,0,0,
no_instance_based_gamma,SEU/SEU507^1.p,TH0,Theorem,timeout,na,2099,1358,62,1358,90,16,0,1,0,
no_instance_based_gamma,SEU/SEU508^1.p,TH0,Theorem,timeout,na,2102,1268,53,1268,81,31,0,1,0,
no_instance_based_gamma,SEU/SEU508^2.p,TH0,Theorem,timeout,na,2050,2049,123,2049,210,12,0,1,0,
no_instance_based_gamma,SEU/SEU509^1.p,TH0,Theorem,timeout,na,2197,1597,42,1597,281,15,0,2,0,
no_instance_based_gamma,SEU/SEU509^2.p,TH0,Theorem,timeout,na,2204,6092,118,6093,186,143,0,0,0,
no_instance_based_gamma,SEU/SEU510^1.p,TH0,Theorem,timeout,na,2083,1360,101,1360,48,0,0,2,0,
no_instance_based_gamma,SEU/SEU510^2.p,TH0,Theorem,timeout,na,2053,2586,160,2586,150,14,0,2,0,
no_instance_based_gamma,SEU/SEU511^1.p,TH0,Theorem,timeout,na,2099,1461,102,1461,59,2,0,2,0,
no_instance_based_gamma,SEU/SEU511^2.p,TH0,Theorem,thm,yes,64,41,2,41,3,2,0,2,1,
no_instance_based_gamma,SEU/SEU512^1.p,TH0,Theorem,timeout,na,2100,851,35,851,54,15,0,2,0,
no_instance_based_gamma,SEU/SEU512^2.p,TH0,Theorem,timeout,na,2078,3010,34,3010,132,46,0,0,0,
no_instance_based_gamma,SEU/SEU513^1.p,TH0,Theorem,thm,yes,713,113,11,113,1,0,0,1,1,
no_instance_based_gamma,SEU/SEU513^2.p,TH0,Theorem,thm,yes,5,6,0,6,1,0,0,1,1,
no_instance_based_gamma,SEU/SEU514^1.p,TH0,Theorem,timeout,na,2099,1091,56,1091,56,16,0,1,0,
no_instance_based_gamma,SEU/SEU514^2.p,TH0,Theorem,thm,yes,92,49,1,49,4,2,0,1,1,
no_instance_based_gamma,SEU/SEU515^1.p,TH0,Theorem,timeout,na,2106,1126,65,1126,46,16,0,1,0,
no_instance_based_gamma,SEU/SEU515^2.p,TH0,Theorem,timeout,na,2098,3038,62,3038,176,93,0,0,0,
no_instance_based_gamma,SEU/SEU516^1.p,TH0,Theorem,timeout,na,2103,1118,63,1118,51,15,0,1,0,
no_instance_based_gamma,SEU/SEU516^2.p,TH0,Theorem,timeout,na,2090,3118,96,3118,185,106,0,0,0,
no_instance_based_gamma,SEU/SEU517^1.p,TH0,Theorem,timeout,na,2095,635,34,635,31,12,0,2,0,
no_instance_based_gamma,SEU/SEU517^2.p,TH0,Theorem,timeout,na,2140,2222,86,2222,174,0,0,0,0,
no_instance_based_gamma,SEU/SEU518^1.p,TH0,Theorem,timeout,na,2110,1084,67,1084,59,3,0,1,0,
no_instance_based_gamma,SEU/SEU518^2.p,TH0,Theorem,timeout,na,2108,4270,84,4270,677,84,0,1,0,
no_instance_based_gamma,SEU/SEU519^1.p,TH0,Theorem,timeout,na,2080,387,28,387,20,0,0,1,0,
no_instance_based_gamma,SEU/SEU519^2.p,TH0,Theorem,thm,yes,36,29,0,29,3,1,0,1,1,
no_instance_based_gamma,SEU/SEU520^1.p,TH0,Theorem,thm,yes,1787,75,7,75,1,1,0,0,0,
no_instance_based_gamma,SEU/SEU521^1.p,TH0,Theorem,timeout,na,2105,983,56,983,42,14,0,1,0,
no_instance_based_gamma,SEU/SEU521^2.p,TH0,Theorem,thm,yes,38,22,1,22,3,0,0,1,1,
no_instance_based_gamma,SEU/SEU522^1.p,TH0,Theorem,timeout,na,2111,878,50,878,40,14,0,1,0,
no_instance_based_gamma,SEU/SEU522^2.p,TH0,Theorem,thm,yes,56,39,1,39,4,1,0,1,1,
no_instance_based_gamma,SEU/SEU523^1.p,TH0,Theorem,timeout,na,2107,936,54,936,34,15,0,2,0,
no_instance_based_gamma,SEU/SEU523^2.p,TH0,Theorem,thm,yes,60,35,1,35,4,1,0,1,1,
no_instance_based_gamma,SEU/SEU524^1.p,TH0,Theorem,timeout,na,2119,893,53,893,35,14,0,1,0,
no_instance_based_gamma,SEU/SEU524^2.p,TH0,Theorem,thm,yes,60,70,1,70,9,0,0,3,1,
no_instance_based_gamma,SEU/SEU525^1.p,TH0,Theorem,timeout,na,2137,939,60,939,61,1,0,1,0,
no_instance_based_gamma,SEU/SEU525^2.p,TH0,Theorem,timeout,na,2079,3423,125,3423,394,34,0,1,0,
no_instance_based_gamma,SEU/SEU526^1.p,TH0,Theorem,timeout,na,2119,802,46,802,32,14,0,2,0,
no_instance_based_gamma,SEU/SEU526^2.p,TH0,Theorem,timeout,na,2182,5832,164,5832,251,107,0,0,0,
no_instance_based_gamma,SEU/SEU527^1.p,TH0,Theorem,timeout,na,2104,616,42,616,29,0,0,1,0,
no_instance_based_gamma,SEU/SEU527^2.p,TH0,Theorem,timeout,na,2234,5003,44,5003,260,4,0,0,0,
no_instance_based_gamma,SEU/SEU528^1.p,TH0,Theorem,timeout,na,2102,529,37,529,28,2,0,1,0,
no_instance_based_gamma,SEU/SEU528^2.p,TH0,Theorem,timeout,na,2062,2146,66,2146,222,87,0,1,0,
no_instance_based_gamma,SEU/SEU529^1.p,TH0,Theorem,thm,yes,1745,164,16,164,1,0,0,1,1,
no_instance_based_gamma,SEU/SEU529^2.p,TH0,Theorem,thm,yes,11,9,0,9,1,0,0,1,1,
no_instance_based_gamma,SEU/SEU530^1.p,TH0,Theorem,timeout,na,2129,456,33,456,22,0,0,1,0,
no_instance_based_gamma,SEU/SEU530^2.p,TH0,Theorem,timeout,na,2070,2339,49,2339,328,83,0,4,0,
no_instance_based_gamma,SEU/SEU531^1.p,TH0,Theorem,timeout,na,2104,360,27,360,15,0,0,1,0,
no_instance_based_gamma,SEU/SEU531^2.p,TH0,Theorem,timeout,na,2159,4404,77,4404,268,5,0,0,0,
no_instance_based_gamma,SEU/SEU532^1.p,TH0,Theorem,timeout,na,2090,10,1,10,1,0,0,0,0,
no_instance_based_gamma,SEU/SEU532^2.p,TH0,Theorem,thm,yes,8,8,0,8,1,0,0,1,1,
no_instance_based_gamma,SEU/SEU533^1.p,TH0,Theorem,timeout,na,2098,10,1,10,1,0,0,0,0,
no_instance_based_gamma,SEU/SEU533^2.p,TH0,Theorem,thm,yes,17,17,1,17,2,0,0,1,1,
no_instance_based_gamma,SEU/SEU534^1.p,TH0,Theorem,timeout,na,2099,119,11,119,1,0,0,0,0,
no_instance_based_gamma,SEU/SEU534^2.p,TH0,Theorem,timeout,na,2071,1936,102,1936,254,11,0,5,0,
no_instance_based_gamma,SEU/SEU535^1.p,TH0,Theorem,timeout,na,2100,84,8,84,1,0,0,0,0,
no_instance_based_gamma,SEU/SEU535^2.p,TH0,Theorem,thm,yes,11,12,0,12,2,1,0,1,1,
no_instance_based_gamma,SEU/SEU536^1.p,TH0,Theorem,timeout,na,2099,67,6,67,1,0,0,0,0,
no_instance_based_gamma,SEU/SEU536^2.p,TH0,Theorem,thm,yes,15,11,0,11,2,0,0,1,1,
no_instance_based_gamma,SEU/SEU537^1.p,TH0,Theorem,timeout,na,2103,59,5,59,1,0,0,0,0,
no_instance_based_gamma,SEU/SEU537^2.p,TH0,Theorem,thm,yes,15,11,0,11,2,0,0,1,1,
no_instance_based_gamma,SEU/SEU538^1.p,TH0,Theorem,timeout,na,2109,53,5,53,1,0,0,0,0,
no_instance_based_gamma,SEU/SEU538^2.p,TH0,Theorem,thm,yes,16,11,0,11,2,0,0,1,1,
no_instance_based_gamma,SEU/SEU539^1.p,TH0,Theorem,timeout,na,2110,49,4,49,1,0,0,0,0,
no_instance_based_gamma,SEU/SEU539^2.p,TH0,Theorem,thm,yes,16,12,0,12,2,0,0,1,1,
no_instance_based_gamma,SEU/SEU540^1.p,TH0,Theorem,timeout,na,2112,43,4,43,1,0,0,0,0,
no_instance_based_gamma,SEU/SEU540^2.p,TH0,Theorem,timeout,na,2089,2192,79,2191,373,10,0,2,0,
no_instance_based_gamma,SEU/SEU541^1.p,TH0,Theorem,timeout,na,2110,39,3,39,1,0,0,0,0,
no_instance_based_gamma,SEU/SEU541^2.p,TH0,Theorem,thm,yes,8,12,0,11,2,2,0,0,0,
no_instance_based_gamma,SEU/SEU542^1.p,TH0,Theorem,timeout,na,2118,41,4,41,1,0,0,0,0,
no_instance_based_gamma,SEU/SEU543^1.p,TH0,Theorem,timeout,na,2119,39,3,39,1,0,0,0,0,
no_instance_based_gamma,SEU/SEU544^1.p,TH0,Theorem,timeout,na,2115,36,3,36,1,0,0,0,0,
no_instance_based_gamma,SEU/SEU544^2.p,TH0,Theorem,timeout,na,2063,3024,180,3024,196,10,0,1,0,
no_instance_based_gamma,SEU/SEU545^1.p,TH0,Theorem,timeout,na,2127,34,3,34,1,0,0,0,0,
no_instance_based_gamma,SEU/SEU545^2.p,TH0,Theorem,timeout,na,2115,4690,141,4690,191,192,0,0,0,
no_instance_based_gamma,SEU/SEU546^1.p,TH0,Theorem,timeout,na,2124,30,3,30,1,0,0,0,0,
no_instance_based_gamma,SEU/SEU546^2.p,TH0,Theorem,timeout,na,2069,3687,194,3687,297,55,0,1,0,
no_instance_based_gamma,SEU/SEU547^1.p,TH0,Theorem,thm,yes,1400,23,2,23,1,1,0,0,0,
no_instance_based_gamma,SEU/SEU547^2.p,TH0,Theorem,thm,yes,20,9,0,9,1,1,0,0,0,
no_instance_based_gamma,SEU/SEU548^1.p,TH0,Theorem,thm,yes,1662,35,1,35,2,2,0,0,0,
no_instance_based_gamma,SEU/SEU548^2.p,TH0,Theorem,thm,yes,48,16,0,16,2,2,0,0,0,
no_instance_based_gamma,SEU/SEU549^1.p,TH0,Theorem,timeout,na,2132,34,3,34,1,0,0,0,0,
no_instance_based_gamma,SEU/SEU549^2.p,TH0,Theorem,timeout,na,2094,3654,205,3654,206,63,0,2,0,
no_instance_based_gamma,SEU/SEU550^1.p,TH0,Theorem,timeout,na,2137,25,2,25,1,0,0,0,0,
no_instance_based_gamma,SEU/SEU550^2.p,TH0,Theorem,timeout,na,2071,3768,163,3768,210,102,0,0,0,
no_instance_based_gamma,SEU/SEU551^1.p,TH0,Theorem,timeout,na,2099,21,2,21,1,0,0,0,0,
no_instance_based_gamma,SEU/SEU551^2.p,TH0,Theorem,thm,yes,1,1,0,1,1,1,0,0,0,
no_instance_based_gamma,SEU/SEU551^3.p,TH0,Theorem,thm,yes,2,2,0,2,1,1,0,0,0,
no_instance_based_gamma,SEU/SEU552^1.p,TH0,Theorem,timeout,na,2150,26,2,26,1,0,0,0,0,
no_instance_based_gamma,SEU/SEU552^2.p,TH0,Theorem,thm,yes,27,17,1,17,1,1,0,0,0,
no_instance_based_gamma,SEU/SEU553^1.p,TH0,Theorem,timeout,na,2147,21,2,21,1,0,0,0,0,
no_instance_based_gamma,SEU/SEU553^2.p,TH0,Theorem,thm,yes,13,10,0,10,1,1,0,0,0,
no_instance_based_gamma,SEU/SEU554^1.p,TH0,Theorem,timeout,na,2150,21,2,21,1,0,0,0,0,
no_instance_based_gamma,SEU/SEU555^1.p,TH0,Theorem,timeout,na,2102,17,1,17,1,0,0,0,0,
no_instance_based_gamma,SEU/SEU556^1.p,TH0,Theorem,timeout,na,2152,28,2,28,1,0,0,0,0,
no_instance_based_gamma,SEU/SEU557^1.p,TH0,Theorem,timeout,na,2166,27,2,27,1,0,0,0,0,
no_instance_based_gamma,SEU/SEU557^2.p,TH0,Theorem,timeout,na,2065,2284,131,2284,162,0,0,1,0,
no_instance_based_gamma,SEU/SEU558^1.p,TH0,Theorem,timeout,na,2175,20,2,20,1,0,0,0,0,
no_instance_based_gamma,SEU/SEU558^2.p,TH0,Theorem,timeout,na,2103,2395,94,2395,429,16,0,1,0,
no_instance_based_gamma,SEU/SEU559^1.p,TH0,Theorem,timeout,na,2175,22,2,22,1,0,0,0,0,
no_instance_based_gamma,SEU/SEU559^2.p,TH0,Theorem,thm,yes,18,12,0,12,2,0,0,1,1,
no_instance_based_gamma,SEU/SEU560^1.p,TH0,Theorem,thm,yes,1361,13,1,13,1,1,0,0,0,
no_instance_based_gamma,SEU/SEU560^2.p,TH0,Theorem,thm,yes,11,8,0,8,1,1,0,0,0,
no_instance_based_gamma,SEU/SEU561^1.p,TH0,Theorem,thm,yes,1410,13,1,13,1,1,0,0,0,
no_instance_based_gamma,SEU/SEU561^2.p,TH0,Theorem,thm,yes,11,8,0,8,1,1,0,0,0,
no_instance_based_gamma,SEU/SEU562^1.p,TH0,Theorem,timeout,na,2181,19,1,19,1,0,0,0,0,
no_instance_based_gamma,SEU/SEU562^2.p,TH0,Theorem,thm,yes,23,20,1,20,2,0,0,1,1,
no_instance_based_gamma,SEU/SEU563^1.p,TH0,Theorem,timeout,na,2187,2,0,2,1,0,0,0,0,
no_instance_based_gamma,SEU/SEU563^2.p,TH0,Theorem,thm,yes,11,12,1,12,1,0,0,1,1,
no_instance_based_gamma,SEU/SEU564^1.p,TH0,Theorem,timeout,na,2194,19,1,19,1,0,0,0,0,
no_instance_based_gamma,SEU/SEU564^2.p,TH0,Theorem,thm,yes,17,13,0,13,2,0,0,1,1,
no_instance_based_gamma,SEU/SEU565^1.p,TH0,Theorem,timeout,na,2197,19,1,19,1,0,0,0,0,
no_instance_based_gamma,SEU/SEU565^2.p,TH0,Theorem,thm,yes,27,20,1,20,3,0,0,1,1,
no_instance_based_gamma,SEU/SEU566^1.p,TH0,Theorem,timeout,na,2200,17,1,17,1,0,0,0,0,
no_instance_based_gamma,SEU/SEU566^2.p,TH0,Theorem,thm,yes,32,21,1,21,3,0,0,1,1,
no_instance_based_gamma,SEU/SEU567^1.p,TH0,Theorem,timeout,na,2197,13,1,13,1,0,0,0,0,
no_instance_based_gamma,SEU/SEU567^2.p,TH0,Theorem,thm,yes,21,19,0,19,3,0,0,1,1,
no_instance_based_gamma,SEU/SEU568^1.p,TH0,Theorem,thm,yes,2043,15,1,15,1,1,0,0,0,
no_instance_based_gamma,SEU/SEU568^2.p,TH0,Theorem,thm,yes,18,10,0,10,1,1,0,0,0,
no_instance_based_gamma,SEU/SEU569^1.p,TH0,Theorem,timeout,na,2212,0,0,0,1,0,0,0,0,
no_instance_based_gamma,SEU/SEU569^2.p,TH0,Theorem,thm,yes,15,15,0,15,3,0,0,1,1,
no_instance_based_gamma,SEU/SEU570^1.p,TH0,Theorem,timeout,na,2214,17,1,17,1,0,0,0,0,
no_instance_based_gamma,SEU/SEU570^2.p,TH0,Theorem,timeout,na,2249,5375,31,5375,1652,18,0,4,0,
no_instance_based_gamma,SEU/SEU571^1.p,TH0,Theorem,timeout,na,2209,0,0,0,1,0,0,0,0,
no_instance_based_gamma,SEU/SEU571^2.p,TH0,Theorem,thm,yes,45,65,1,65,12,0,0,3,1,
no_instance_based_gamma,SEU/SEU572^1.p,TH0,Theorem,timeout,na,2229,13,1,13,1,0,0,0,0,
no_instance_based_gamma,SEU/SEU572^2.p,TH0,Theorem,thm,yes,222,480,5,480,70,72,0,3,1,
no_instance_based_gamma,SEU/SEU573^1.p,TH0,Theorem,timeout,na,2243,12,1,12,1,0,0,0,0,
no_instance_based_gamma,SEU/SEU573^2.p,TH0,Theorem,timeout,na,2196,5193,71,5193,1254,0,0,3,0,
no_instance_based_gamma,SEU/SEU574^1.p,TH0,Theorem,timeout,na,2226,13,1,13,1,0,0,0,0,
no_instance_based_gamma,SEU/SEU574^2.p,TH0,Theorem,timeout,na,2205,5241,66,5241,233,107,0,0,0,
no_instance_based_gamma,SEU/SEU575^1.p,TH0,Theorem,timeout,na,2227,10,1,10,1,0,0,0,0,
no_instance_based_gamma,SEU/SEU575^2.p,TH0,Theorem,timeout,na,2091,3845,80,3845,218,105,0,0,0,
no_instance_based_gamma,SEU/SEU576^1.p,TH0,Theorem,timeout,na,2245,12,1,12,1,0,0,0,0,
no_instance_based_gamma,SEU/SEU576^2.p,TH0,Theorem,timeout,na,2177,5215,68,5215,1150,0,0,4,0,
no_instance_based_gamma,SEU/SEU577^1.p,TH0,Theorem,timeout,na,2246,12,1,12,1,0,0,0,0,
no_instance_based_gamma,SEU/SEU577^2.p,TH0,Theorem,timeout,na,2169,4610,95,4610,993,12,0,4,0,
no_instance_based_gamma,SEU/SEU578^1.p,TH0,Theorem,timeout,na,2240,0,0,0,1,0,0,0,0,
no_instance_based_gamma,SEU/SEU578^2.p,TH0,Theorem,thm,yes,11,15,1,15,2,0,0,1,1,
no_instance_based_gamma,SEU/SEU579^1.p,TH0,Theorem,timeout,na,2255,12,1,12,1,0,0,0,0,
no_instance_based_gamma,SEU/SEU579^2.p,TH0,Theorem,timeout,na,2134,4285,111,4285,656,0,0,2,0,
no_instance_based_gamma,SEU/SEU580^1.p,TH0,Theorem,timeout,na,2260,0,0,0,1,0,0,0,0,
no_instance_based_gamma,SEU/SEU580^2.p,TH0,Theorem,thm,yes,68,104,1,104,11,0,0,3,1,
no_instance_based_gamma,SEU/SEU581^1.p,TH0,Theorem,timeout,na,2274,0,0,0,1,0,0,0,0,
no_instance_based_gamma,SEU/SEU581^2.p,TH0,Theorem,thm,yes,21,17,1,17,2,0,0,1,1,
no_instance_based_gamma,SEU/SEU582^1.p,TH0,Theorem,timeout,na,2269,8,0,8,1,0,0,0,0,
no_instance_based_gamma,SEU/SEU582^2.p,TH0,Theorem,thm,yes,32,27,1,27,3,0,0,1,1,
no_instance_based_gamma,SEU/SEU583^1.p,TH0,Theorem,timeout,na,2281,2,0,2,1,0,0,0,0,
no_instance_based_gamma,SEU/SEU584^1.p,TH0,Theorem,timeout,na,2282,8,0,8,1,0,0,0,0,
no_instance_based_gamma,SEU/SEU584^2.p,TH0,Theorem,thm,yes,32,26,1,26,3,0,0,1,1,
no_instance_based_gamma,SEU/SEU585^1.p,TH0,Theorem,timeout,na,2290,8,0,8,1,0,0,0,0,
no_instance_based_gamma,SEU/SEU585^2.p,TH0,Theorem,timeout,na,2138,3569,101,3569,253,4,0,0,0,
no_instance_based_gamma,SEU/SEU586^1.p,TH0,Theorem,timeout,na,2284,8,0,8,1,0,0,0,0,
no_instance_based_gamma,SEU/SEU586^2.p,TH0,Theorem,thm,yes,46,29,1,29,3,0,0,3,1,
no_instance_based_gamma,SEU/SEU587^1.p,TH0,Theorem,timeout,na,2293,0,0,0,1,0,0,0,0,
no_instance_based_gamma,SEU/SEU587^2.p,TH0,Theorem,thm,yes,38,48,1,48,7,0,0,3,1,
no_instance_based_gamma,SEU/SEU588^1.p,TH0,Theorem,timeout,na,2305,0,0,0,1,0,0,0,0,
no_instance_based_gamma,SEU/SEU588^2.p,TH0,Theorem,thm,yes,30,28,1,28,4,0,0,3,1,
no_instance_based_gamma,SEU/SEU589^1.p,TH0,Theorem,timeout,na,2313,5,0,5,1,0,0,0,0,
no_instance_based_gamma,SEU/SEU589^2.p,TH0,Theorem,thm,yes,50,28,1,28,3,0,0,3,1,
no_instance_based_gamma,SEU/SEU590^1.p,TH0,Theorem,timeout,na,2324,5,0,5,1,0,0,0,0,
no_instance_based_gamma,SEU/SEU590^2.p,TH0,Theorem,timeout,na,2195,4460,37,4460,1173,10,0,4,0,
no_instance_based_gamma,SEU/SEU591^1.p,TH0,Theorem,timeout,na,2319,5,0,5,1,0,0,0,0,
no_instance_based_gamma,SEU/SEU591^2.p,TH0,Theorem,thm,yes,28,20,1,20,2,0,0,1,1,
no_instance_based_gamma,SEU/SEU592^1.p,TH0,Theorem,timeout,na,2321,0,0,0,1,0,0,0,0,
no_instance_based_gamma,SEU/SEU592^2.p,TH0,Theorem,thm,yes,42,45,1,45,6,0,0,3,1,
no_instance_based_gamma,SEU/SEU593^1.p,TH0,Theorem,timeout,na,2331,5,0,5,1,0,0,0,0,
no_instance_based_gamma,SEU/SEU593^2.p,TH0,Theorem,timeout,na,2245,4618,35,4618,220,4,0,0,0,
no_instance_based_gamma,SEU/SEU594^1.p,TH0,Theorem,timeout,na,2335,5,0,5,1,0,0,0,0,
no_instance_based_gamma,SEU/SEU594^2.p,TH0,Theorem,timeout,na,2118,3403,46,3403,727,27,0,1,0,
no_instance_based_gamma,SEU/SEU595^1.p,TH0,Theorem,timeout,na,2339,5,0,5,1,0,0,0,0,
no_instance_based_gamma,SEU/SEU595^2.p,TH0,Theorem,thm,yes,34,16,1,16,2,0,0,1,1,
no_instance_based_gamma,SEU/SEU596^1.p,TH0,Theorem,timeout,na,2358,5,0,5,1,0,0,0,0,
no_instance_based_gamma,SEU/SEU596^2.p,TH0,Theorem,timeout,na,2162,6121,135,6121,249,50,0,0,0,
no_instance_based_gamma,SEU/SEU597^1.p,TH0,Theorem,timeout,na,2349,0,0,0,1,0,0,0,0,
no_instance_based_gamma,SEU/SEU597^2.p,TH0,Theorem,thm,yes,37,43,1,43,6,0,0,3,1,
no_instance_based_gamma,SEU/SEU598^1.p,TH0,Theorem,timeout,na,2363,5,0,5,1,0,0,0,0,
no_instance_based_gamma,SEU/SEU598^2.p,TH0,Theorem,timeout,na,2252,5493,69,5493,225,6,0,0,0,
no_instance_based_gamma,SEU/SEU599^1.p,TH0,Theorem,timeout,na,2366,5,0,5,1,0,0,0,0,
no_instance_based_gamma,SEU/SEU599^2.p,TH0,Theorem,timeout,na,2144,3741,33,3741,911,25,0,1,0,
no_instance_based_gamma,SEU/SEU600^1.p,TH0,Theorem,timeout,na,2363,0,0,0,1,0,0,0,0,
no_instance_based_gamma,SEU/SEU600^2.p,TH0,Theorem,timeout,na,2320,5720,83,5720,181,0,0,0,0,
no_instance_based_gamma,SEU/SEU601^1.p,TH0,Theorem,timeout,na,2372,5,0,5,1,0,0,0,0,
no_instance_based_gamma,SEU/SEU601^2.p,TH0,Theorem,thm,yes,55,29,1,29,3,0,0,3,1,
no_instance_based_gamma,SEU/SEU602^1.p,TH0,Theorem,timeout,na,2389,5,0,5,1,0,0,0,0,
no_instance_based_gamma,SEU/SEU602^2.p,TH0,Theorem,thm,yes,28,20,1,20,2,0,0,1,1,
no_instance_based_gamma,SEU/SEU603^1.p,TH0,Theorem,timeout,na,2384,5,0,5,1,0,0,0,0,
no_instance_based_gamma,SEU/SEU603^2.p,TH0,Theorem,thm,yes,36,17,1,17,2,0,0,1,1,
no_instance_based_gamma,SEU/SEU604^1.p,TH0,Theorem,timeout,na,2397,5,0,5,1,0,0,0,0,
no_instance_based_gamma,SEU/SEU604^2.p,TH0,Theorem,timeout,na,2204,5713,127,5713,268,3,0,0,0,
no_instance_based_gamma,SEU/SEU605^1.p,TH0,Theorem,timeout,na,2398,2,0,2,1,0,0,0,0,
no_instance_based_gamma,SEU/SEU605^2.p,TH0,Theorem,thm,yes,41,27,1,27,3,2,0,3,1,
no_instance_based_gamma,SEU/SEU606^1.p,TH0,Theorem,timeout,na,2427,2,0,2,1,0,0,0,0,
no_instance_based_gamma,SEU/SEU606^2.p,TH0,Theorem,thm,yes,36,21,1,21,3,0,0,2,1,
no_instance_based_gamma,SEU/SEU607^1.p,TH0,Theorem,timeout,na,2421,2,0,2,1,0,0,0,0,
no_instance_based_gamma,SEU/SEU607^2.p,TH0,Theorem,thm,yes,24,15,1,15,2,0,0,1,1,
no_instance_based_gamma,SEU/SEU608^1.p,TH0,Theorem,timeout,na,2422,2,0,2,1,0,0,0,0,
no_instance_based_gamma,SEU/SEU608^2.p,TH0,Theorem,thm,yes,24,15,1,15,2,0,0,1,1,
no_instance_based_gamma,SEU/SEU609^1.p,TH0,Theorem,timeout,na,2429,0,0,0,1,0,0,0,0,
no_instance_based_gamma,SEU/SEU609^2.p,TH0,Theorem,timeout,na,2172,5546,59,5546,1197,0,0,3,0,
no_instance_based_gamma,SEU/SEU610^1.p,TH0,Theorem,timeout,na,2432,2,0,2,1,0,0,0,0,
no_instance_based_gamma,SEU/SEU610^2.p,TH0,Theorem,timeout,na,2147,3944,82,3944,651,138,0,2,0,
no_instance_based_gamma,SEU/SEU611^1.p,TH0,Theorem,timeout,na,2439,2,0,2,1,0,0,0,0,
no_instance_based_gamma,SEU/SEU611^2.p,TH0,Theorem,timeout,na,2069,1645,75,1645,226,11,0,1,0,
no_instance_based_gamma,SEU/SEU612^1.p,TH0,Theorem,timeout,na,2453,2,0,2,1,0,0,0,0,
no_instance_based_gamma,SEU/SEU612^2.p,TH0,Theorem,timeout,na,2064,1740,84,1740,237,32,0,3,0,
no_instance_based_gamma,SEU/SEU613^1.p,TH0,Theorem,timeout,na,2459,2,0,2,1,0,0,0,0,
no_instance_based_gamma,SEU/SEU613^2.p,TH0,Theorem,timeout,na,2068,1497,78,1497,211,1,0,3,0,
no_instance_based_gamma,SEU/SEU614^1.p,TH0,Theorem,timeout,na,2470,2,0,2,1,0,0,0,0,
no_instance_based_gamma,SEU/SEU614^2.p,TH0,Theorem,thm,yes,54,25,1,25,3,0,0,1,1,
no_instance_based_gamma,SEU/SEU615^1.p,TH0,Theorem,timeout,na,2477,2,0,2,1,0,0,0,0,
no_instance_based_gamma,SEU/SEU615^2.p,TH0,Theorem,thm,yes,978,1060,27,1060,176,6,0,2,1,
no_instance_based_gamma,SEU/SEU616^1.p,TH0,Theorem,timeout,na,2482,0,0,0,1,0,0,0,0,
no_instance_based_gamma,SEU/SEU617^1.p,TH0,Theorem,timeout,na,2520,0,0,0,1,0,0,0,0,
no_instance_based_gamma,SEU/SEU617^2.p,TH0,Theorem,timeout,na,2193,4216,31,4216,1379,83,0,4,0,
no_instance_based_gamma,SEU/SEU618^1.p,TH0,Theorem,timeout,na,2511,0,0,0,1,0,0,0,0,
no_instance_based_gamma,SEU/SEU618^2.p,TH0,Theorem,timeout,na,2173,3873,69,3873,1030,75,0,4,0,
no_instance_based_gamma,SEU/SEU619^1.p,TH0,Theorem,timeout,na,2507,0,0,0,1,0,0,0,0,
no_instance_based_gamma,SEU/SEU619^2.p,TH0,Theorem,timeout,na,2099,2393,39,2393,72,151,0,0,0,
no_instance_based_gamma,SEU/SEU620^1.p,TH0,Theorem,timeout,na,2515,0,0,0,1,0,0,0,0,
no_instance_based_gamma,SEU/SEU620^2.p,TH0,Theorem,timeout,na,2050,1089,9,1089,174,24,0,0,0,
no_instance_based_gamma,SEU/SEU621^1.p,TH0,Theorem,timeout,na,2542,2,0,2,1,0,0,0,0,
no_instance_based_gamma,SEU/SEU621^2.p,TH0,Theorem,timeout,na,2147,4654,67,4654,880,8,0,1,0,
no_instance_based_gamma,SEU/SEU622^1.p,TH0,Theorem,timeout,na,2547,2,0,2,1,0,0,0,0,
no_instance_based_gamma,SEU/SEU622^2.p,TH0,Theorem,thm,yes,24,21,1,21,3,0,0,1,1,
no_instance_based_gamma,SEU/SEU623^1.p,TH0,Theorem,timeout,na,2579,2,0,2,1,0,0,0,0,
no_instance_based_gamma,SEU/SEU623^2.p,TH0,Theorem,timeout,na,2315,5409,95,5409,1782,23,0,2,0,
no_instance_based_gamma,SEU/SEU624^1.p,TH0,Theorem,timeout,na,2559,2,0,2,1,0,0,0,0,
no_instance_based_gamma,SEU/SEU625^1.p,TH0,Theorem,timeout,na,2591,2,0,2,1,0,0,0,0,
no_instance_based_gamma,SEU/SEU625^2.p,TH0,Theorem,timeout,na,2297,4804,26,4804,1617,24,0,2,0,
no_instance_based_gamma,SEU/SEU626^1.p,TH0,Theorem,timeout,na,2610,2,0,2,1,0,0,0,0,
no_instance_based_gamma,SEU/SEU626^2.p,TH0,Theorem,timeout,na,2153,3808,55,3808,855,24,0,3,0,
no_instance_based_gamma,SEU/SEU627^1.p,TH0,Theorem,timeout,na,2613,2,0,2,1,0,0,0,0,
no_instance_based_gamma,SEU/SEU627^2.p,TH0,Theorem,timeout,na,2174,4505,74,4505,869,0,0,3,0,
no_instance_based_gamma,SEU/SEU628^1.p,TH0,Theorem,timeout,na,2628,2,0,2,1,0,0,0,0,
no_instance_based_gamma,SEU/SEU628^2.p,TH0,Theorem,timeout,na,2116,3117,37,3117,619,61,0,1,0,
no_instance_based_gamma,SEU/SEU629^1.p,TH0,Theorem,timeout,na,2627,2,0,2,1,0,0,0,0,
no_instance_based_gamma,SEU/SEU629^2.p,TH0,Theorem,thm,yes,61,26,1,26,3,0,0,3,1,
no_instance_based_gamma,SEU/SEU630^1.p,TH0,Theorem,timeout,na,2633,2,0,2,1,0,0,0,0,
no_instance_based_gamma,SEU/SEU630^2.p,TH0,Theorem,timeout,na,2040,1333,80,1333,137,0,0,3,0,
no_instance_based_gamma,SEU/SEU631^1.p,TH0,Theorem,timeout,na,2644,2,0,2,1,0,0,0,0,
no_instance_based_gamma,SEU/SEU631^2.p,TH0,Theorem,timeout,na,2058,1294,61,1294,167,1,0,1,0,
no_instance_based_gamma,SEU/SEU632^1.p,TH0,Theorem,timeout,na,2646,2,0,2,1,0,0,0,0,
no_instance_based_gamma,SEU/SEU632^2.p,TH0,Theorem,timeout,na,2079,2442,87,2442,219,0,0,0,0,
no_instance_based_gamma,SEU/SEU633^1.p,TH0,Theorem,timeout,na,2625,2,0,2,1,0,0,0,0,
no_instance_based_gamma,SEU/SEU633^2.p,TH0,Theorem,timeout,na,2105,3341,60,3341,592,29,0,2,0,
no_instance_based_gamma,SEU/SEU634^1.p,TH0,Theorem,timeout,na,2656,0,0,0,1,0,0,0,0,
no_instance_based_gamma,SEU/SEU634^2.p,TH0,Theorem,timeout,na,2121,4671,120,4671,664,0,0,1,0,
no_instance_based_gamma,SEU/SEU635^1.p,TH0,Theorem,timeout,na,2670,0,0,0,1,0,0,0,0,
no_instance_based_gamma,SEU/SEU635^2.p,TH0,Theorem,thm,yes,64,96,1,96,12,0,0,3,1,
no_instance_based_gamma,SEU/SEU636^1.p,TH0,Theorem,timeout,na,2674,0,0,0,1,0,0,0,0,
no_instance_based_gamma,SEU/SEU636^2.p,TH0,Theorem,timeout,na,2105,2792,13,2792,178,27,0,0,0,
no_instance_based_gamma,SEU/SEU637^1.p,TH0,Theorem,timeout,na,2702,0,0,0,1,0,0,0,0,
no_instance_based_gamma,SEU/SEU637^2.p,TH0,Theorem,timeout,na,2114,2173,66,2173,212,0,0,0,0,
no_instance_based_gamma,SEU/SEU638^1.p,TH0,Theorem,timeout,na,2689,0,0,0,1,0,0,0,0,
no_instance_based_gamma,SEU/SEU638^2.p,TH0,Theorem,timeout,na,2083,2495,116,2494,297,5,0,1,0,
no_instance_based_gamma,SEU/SEU639^1.p,TH0,Theorem,timeout,na,2724,0,0,0,1,0,0,0,0,
no_instance_based_gamma,SEU/SEU639^2.p,TH0,Theorem,timeout,na,2115,2256,82,2256,197,0,0,0,0,
no_instance_based_gamma,SEU/SEU640^1.p,TH0,Theorem,timeout,na,2729,0,0,0,1,0,0,0,0,
no_instance_based_gamma,SEU/SEU640^2.p,TH0,Theorem,timeout,na,2034,987,47,987,121,12,0,0,0,
no_instance_based_gamma,SEU/SEU641^1.p,TH0,Theorem,timeout,na,2712,0,0,0,1,0,0,0,0,
no_instance_based_gamma,SEU/SEU641^2.p,TH0,Theorem,timeout,na,2026,2137,169,2137,75,12,0,1,0,
no_instance_based_gamma,SEU/SEU642^1.p,TH0,Theorem,timeout,na,2730,0,0,0,1,0,0,0,0,
no_instance_based_gamma,SEU/SEU642^2.p,TH0,Theorem,timeout,na,2095,2892,82,2892,409,58,0,1,0,
no_instance_based_gamma,SEU/SEU643^1.p,TH0,Theorem,timeout,na,2817,0,0,0,1,0,0,0,0,
no_instance_based_gamma,SEU/SEU643^2.p,TH0,Theorem,timeout,na,2048,909,30,909,122,1,0,0,0,
no_instance_based_gamma,SEU/SEU644^1.p,TH0,Theorem,timeout,na,2761,0,0,0,1,0,0,0,0,
no_instance_based_gamma,SEU/SEU644^2.p,TH0,Theorem,timeout,na,2057,2554,149,2554,199,4,0,1,0,
no_instance_based_gamma,SEU/SEU645^1.p,TH0,Theorem,timeout,na,2753,0,0,0,1,0,0,0,0,
no_instance_based_gamma,SEU/SEU645^2.p,TH0,Theorem,timeout,na,2052,1202,69,1202,108,0,0,1,0,
no_instance_based_gamma,SEU/SEU646^1.p,TH0,Theorem,timeout,na,2780,0,0,0,1,0,0,0,0,
no_instance_based_gamma,SEU/SEU646^2.p,TH0,Theorem,timeout,na,2094,2357,62,2357,181,0,0,0,0,
no_instance_based_gamma,SEU/SEU647^1.p,TH0,Theorem,timeout,na,2778,0,0,0,1,0,0,0,0,
no_instance_based_gamma,SEU/SEU647^2.p,TH0,Theorem,timeout,na,2047,1514,51,1514,152,7,0,1,0,
no_instance_based_gamma,SEU/SEU648^1.p,TH0,Theorem,timeout,na,2772,0,0,0,1,0,0,0,0,
no_instance_based_gamma,SEU/SEU648^2.p,TH0,Theorem,timeout,na,2084,2359,33,2359,283,52,0,1,0,
no_instance_based_gamma,SEU/SEU649^1.p,TH0,Theorem,timeout,na,2790,0,0,0,1,0,0,0,0,
no_instance_based_gamma,SEU/SEU649^2.p,TH0,Theorem,timeout,na,2122,3078,95,3078,246,20,0,0,0,
no_instance_based_gamma,SEU/SEU650^1.p,TH0,Theorem,timeout,na,2787,0,0,0,1,0,0,0,0,
no_instance_based_gamma,SEU/SEU650^2.p,TH0,Theorem,timeout,na,2068,1921,39,1921,269,47,0,2,0,
no_instance_based_gamma,SEU/SEU651^1.p,TH0,Theorem,timeout,na,2814,0,0,0,1,0,0,0,0,
no_instance_based_gamma,SEU/SEU651^2.p,TH0,Theorem,timeout,na,2041,2110,130,2110,131,13,0,1,0,
no_instance_based_gamma,SEU/SEU652^1.p,TH0,Theorem,timeout,na,2840,0,0,0,1,0,0,0,0,
no_instance_based_gamma,SEU/SEU652^2.p,TH0,Theorem,timeout,na,2033,2008,144,2008,80,13,0,1,0,
no_instance_based_gamma,SEU/SEU653^1.p,TH0,Theorem,timeout,na,2841,0,0,0,1,0,0,0,0,
no_instance_based_gamma,SEU/SEU653^2.p,TH0,Theorem,timeout,na,2077,2950,118,2950,205,43,0,0,0,
no_instance_based_gamma,SEU/SEU654^1.p,TH0,Theorem,timeout,na,2824,0,0,0,1,0,0,0,0,
no_instance_based_gamma,SEU/SEU654^2.p,TH0,Theorem,timeout,na,2009,182,3,182,13,10,0,2,0,
no_instance_based_gamma,SEU/SEU655^1.p,TH0,Theorem,timeout,na,2931,0,0,0,1,0,0,0,0,
no_instance_based_gamma,SEU/SEU655^2.p,TH0,Theorem,timeout,na,2089,1097,23,1097,210,12,0,0,0,
no_instance_based_gamma,SEU/SEU656^1.p,TH0,Theorem,timeout,na,2883,0,0,0,1,0,0,0,0,
no_instance_based_gamma,SEU/SEU656^2.p,TH0,Theorem,timeout,na,2045,816,37,816,120,0,0,1,0,
no_instance_based_gamma,SEU/SEU657^1.p,TH0,Theorem,timeout,na,2932,0,0,0,1,0,0,0,0,
no_instance_based_gamma,SEU/SEU657^2.p,TH0,Theorem,timeout,na,2039,933,39,933,87,7,0,1,0,
no_instance_based_gamma,SEU/SEU658^1.p,TH0,Theorem,timeout,na,2911,0,0,0,1,0,0,0,0,
no_instance_based_gamma,SEU/SEU658^2.p,TH0,Theorem,timeout,na,2097,2974,105,2974,193,0,0,0,0,
no_instance_based_gamma,SEU/SEU659^1.p,TH0,Theorem,timeout,na,2923,0,0,0,1,0,0,0,0,
no_instance_based_gamma,SEU/SEU659^2.p,TH0,Theorem,timeout,na,2080,2660,103,2660,179,6,0,0,0,
no_instance_based_gamma,SEU/SEU660^1.p,TH0,Theorem,timeout,na,2949,0,0,0,1,0,0,0,0,
no_instance_based_gamma,SEU/SEU660^2.p,TH0,Theorem,timeout,na,2079,2829,122,2829,205,0,0,0,0,
no_instance_based_gamma,SEU/SEU661^1.p,TH0,Theorem,timeout,na,2928,0,0,0,1,0,0,0,0,
no_instance_based_gamma,SEU/SEU661^2.p,TH0,Theorem,thm,yes,16,8,0,8,1,1,0,0,0,
no_instance_based_gamma,SEU/SEU662^1.p,TH0,Theorem,timeout,na,2984,0,0,0,1,0,0,0,0,
no_instance_based_gamma,SEU/SEU662^2.p,TH0,Theorem,timeout,na,2294,6226,3,6226,161,637,0,0,0,
no_instance_based_gamma,SEU/SEU663^1.p,TH0,Theorem,timeout,na,2969,0,0,0,1,0,0,0,0,
no_instance_based_gamma,SEU/SEU663^2.p,TH0,Theorem,timeout,na,2279,6283,2,6283,167,688,0,0,0,
no_instance_based_gamma,SEU/SEU664^1.p,TH0,Theorem,timeout,na,3012,0,0,0,1,0,0,0,0,
no_instance_based_gamma,SEU/SEU664^2.p,TH0,Theorem,timeout,na,2096,3321,127,3321,208,0,0,0,0,
no_instance_based_gamma,SEU/SEU665^1.p,TH0,Theorem,timeout,na,3036,0,0,0,1,0,0,0,0,
no_instance_based_gamma,SEU/SEU665^2.p,TH0,Theorem,timeout,na,2143,2463,62,2463,531,0,0,2,0,
no_instance_based_gamma,SEU/SEU666^1.p,TH0,Theorem,timeout,na,3036,0,0,0,1,0,0,0,0,
no_instance_based_gamma,SEU/SEU666^2.p,TH0,Theorem,timeout,na,2116,3678,49,3678,704,0,0,3,0,
no_instance_based_gamma,SEU/SEU667^1.p,TH0,Theorem,timeout,na,3042,0,0,0,1,0,0,0,0,
no_instance_based_gamma,SEU/SEU667^2.p,TH0,Theorem,timeout,na,2013,206,16,201,2,6,0,0,0,
no_instance_based_gamma,SEU/SEU668^1.p,TH0,Theorem,timeout,na,3071,0,0,0,1,0,0,0,0,
no_instance_based_gamma,SEU/SEU668^2.p,TH0,Theorem,timeout,na,2054,1171,55,1167,100,26,0,1,0,
no_instance_based_gamma,SEU/SEU669^1.p,TH0,Theorem,timeout,na,3095,0,0,0,1,0,0,0,0,
no_instance_based_gamma,SEU/SEU669^2.p,TH0,Theorem,timeout,na,2080,1814,39,1814,359,9,0,1,0,
no_instance_based_gamma,SEU/SEU670^1.p,TH0,Theorem,timeout,na,3095,0,0,0,1,0,0,0,0,
no_instance_based_gamma,SEU/SEU670^2.p,TH0,Theorem,timeout,na,2107,2034,35,2034,473,17,0,1,0,
no_instance_based_gamma,SEU/SEU671^1.p,TH0,Theorem,timeout,na,3105,0,0,0,1,0,0,0,0,
no_instance_based_gamma,SEU/SEU671^2.p,TH0,Theorem,timeout,na,2060,1300,50,1300,149,13,0,1,0,
no_instance_based_gamma,SEU/SEU672^1.p,TH0,Theorem,timeout,na,3153,0,0,0,1,0,0,0,0,
no_instance_based_gamma,SEU/SEU672^2.p,TH0,Theorem,timeout,na,2048,1324,23,1324,166,8,0,2,0,
no_instance_based_gamma,SEU/SEU673^1.p,TH0,Theorem,timeout,na,3182,0,0,0,1,0,0,0,0,
no_instance_based_gamma,SEU/SEU673^2.p,TH0,Theorem,timeout,na,2136,2916,63,2916,561,56,0,1,0,
no_instance_based_gamma,SEU/SEU674^1.p,TH0,Theorem,timeout,na,3188,0,0,0,1,0,0,0,0,
no_instance_based_gamma,SEU/SEU674^2.p,TH0,Theorem,timeout,na,2092,1746,23,1746,385,4,0,1,0,
no_instance_based_gamma,SEU/SEU675^1.p,TH0,Theorem,timeout,na,3159,0,0,0,1,0,0,0,0,
no_instance_based_gamma,SEU/SEU675^2.p,TH0,Theorem,timeout,na,2053,1113,32,1113,172,4,0,1,0,
no_instance_based_gamma,SEU/SEU676^1.p,TH0,Theorem,timeout,na,3180,0,0,0,1,0,0,0,0,
no_instance_based_gamma,SEU/SEU676^2.p,TH0,Theorem,timeout,na,2059,1036,21,1036,171,1,0,1,0,
no_instance_based_gamma,SEU/SEU677^1.p,TH0,Theorem,timeout,na,3172,0,0,0,1,0,0,0,0,
no_instance_based_gamma,SEU/SEU677^2.p,TH0,Theorem,timeout,na,2069,1283,43,1283,236,2,0,1,0,
no_instance_based_gamma,SEU/SEU678^1.p,TH0,Theorem,timeout,na,3226,0,0,0,1,0,0,0,0,
no_instance_based_gamma,SEU/SEU678^2.p,TH0,Theorem,timeout,na,2043,487,30,487,24,4,0,0,0,
no_instance_based_gamma,SEU/SEU679^1.p,TH0,Theorem,timeout,na,3246,0,0,0,1,0,0,0,0,
no_instance_based_gamma,SEU/SEU679^2.p,TH0,Theorem,timeout,na,2059,508,2,508,108,0,0,0,0,
no_instance_based_gamma,SEU/SEU680^1.p,TH0,Theorem,timeout,na,3262,0,0,0,1,0,0,0,0,
no_instance_based_gamma,SEU/SEU680^2.p,TH0,Theorem,timeout,na,2036,256,3,256,41,0,0,0,0,
no_instance_based_gamma,SEU/SEU681^1.p,TH0,Theorem,timeout,na,3273,0,0,0,1,0,0,0,0,
no_instance_based_gamma,SEU/SEU681^2.p,TH0,Theorem,timeout,na,2132,2826,80,2826,190,27,0,0,0,
no_instance_based_gamma,SEU/SEU682^1.p,TH0,Theorem,timeout,na,3284,0,0,0,1,0,0,0,0,
no_instance_based_gamma,SEU/SEU682^2.p,TH0,Theorem,timeout,na,2051,1000,20,1000,163,0,0,0,0,
no_instance_based_gamma,SEU/SEU683^1.p,TH0,Theorem,timeout,na,3282,0,0,0,1,0,0,0,0,
no_instance_based_gamma,SEU/SEU683^2.p,TH0,Theorem,timeout,na,2143,1834,53,1834,478,1,0,1,0,
no_instance_based_gamma,SEU/SEU684^1.p,TH0,Theorem,timeout,na,3342,0,0,0,1,0,0,0,0,
no_instance_based_gamma,SEU/SEU684^2.p,TH0,Theorem,timeout,na,2075,889,37,889,99,20,0,1,0,
no_instance_based_gamma,SEU/SEU685^1.p,TH0,Theorem,timeout,na,3359,0,0,0,1,0,0,0,0,
no_instance_based_gamma,SEU/SEU685^2.p,TH0,Theorem,timeout,na,2079,1634,16,1634,294,2,0,1,0,
no_instance_based_gamma,SEU/SEU686^1.p,TH0,Theorem,timeout,na,3371,0,0,0,1,0,0,0,0,
no_instance_based_gamma,SEU/SEU686^2.p,TH0,Theorem,timeout,na,2057,930,35,930,99,12,0,0,0,
no_instance_based_gamma,SEU/SEU687^1.p,TH0,Theorem,timeout,na,3409,0,0,0,1,0,0,0,0,
no_instance_based_gamma,SEU/SEU687^2.p,TH0,Theorem,timeout,na,2084,1869,67,1869,168,56,0,0,0,
no_instance_based_gamma,SEU/SEU688^1.p,TH0,Theorem,timeout,na,3389,0,0,0,1,0,0,0,0,
no_instance_based_gamma,SEU/SEU688^2.p,TH0,Theorem,timeout,na,2073,1375,31,1375,199,2,0,0,0,
no_instance_based_gamma,SEU/SEU689^1.p,TH0,Theorem,timeout,na,3424,0,0,0,1,0,0,0,0,
no_instance_based_gamma,SEU/SEU689^2.p,TH0,Theorem,timeout,na,2087,914,22,914,151,0,0,1,0,
no_instance_based_gamma,SEU/SEU690^1.p,TH0,Theorem,timeout,na,3412,0,0,0,1,0,0,0,0,
no_instance_based_gamma,SEU/SEU690^2.p,TH0,Theorem,timeout,na,2131,2694,39,2694,258,2,0,0,0,
no_instance_based_gamma,SEU/SEU691^1.p,TH0,Theorem,timeout,na,3446,0,0,0,1,0,0,0,0,
no_instance_based_gamma,SEU/SEU691^2.p,TH0,Theorem,timeout,na,2088,1800,49,1800,204,0,0,0,0,
no_instance_based_gamma,SEU/SEU692^1.p,TH0,Theorem,timeout,na,3448,0,0,0,1,0,0,0,0,
no_instance_based_gamma,SEU/SEU692^2.p,TH0,Theorem,timeout,na,2109,2660,33,2660,250,0,0,0,0,
no_instance_based_gamma,SEU/SEU693^1.p,TH0,Theorem,timeout,na,3460,0,0,0,1,0,0,0,0,
no_instance_based_gamma,SEU/SEU693^2.p,TH0,Theorem,thm,yes,23,8,0,8,1,1,0,0,0,
no_instance_based_gamma,SEU/SEU694^1.p,TH0,Theorem,timeout,na,3486,0,0,0,1,0,0,0,0,
no_instance_based_gamma,SEU/SEU694^2.p,TH0,Theorem,thm,yes,24,8,0,8,1,1,0,0,0,
no_instance_based_gamma,SEU/SEU695^1.p,TH0,Theorem,timeout,na,3529,0,0,0,1,0,0,0,0,
no_instance_based_gamma,SEU/SEU695^2.p,TH0,Theorem,timeout,na,2057,680,24,680,92,12,0,0,0,
no_instance_based_gamma,SEU/SEU696^1.p,TH0,Theorem,timeout,na,3552,0,0,0,1,0,0,0,0,
no_instance_based_gamma,SEU/SEU696^2.p,TH0,Theorem,timeout,na,2091,537,5,537,118,0,0,0,0,
no_instance_based_gamma,SEU/SEU697^1.p,TH0,Theorem,timeout,na,3497,0,0,0,1,0,0,0,0,
no_instance_based_gamma,SEU/SEU697^2.p,TH0,Theorem,thm,yes,21,5,0,5,1,1,0,0,0,
no_instance_based_gamma,SEU/SEU698^1.p,TH0,Theorem,timeout,na,3568,0,0,0,1,0,0,0,0,
no_instance_based_gamma,SEU/SEU699^1.p,TH0,Theorem,timeout,na,3640,0,0,0,1,0,0,0,0,
no_instance_based_gamma,SEU/SEU699^2.p,TH0,Theorem,timeout,na,2053,372,12,372,49,0,0,0,0,
no_instance_based_gamma,SEU/SEU700^1.p,TH0,Theorem,timeout,na,3542,0,0,0,1,0,0,0,0,
no_instance_based_gamma,SEU/SEU700^2.p,TH0,Theorem,timeout,na,2077,1405,65,1388,184,1,0,3,0,
no_instance_based_gamma,SEU/SEU701^1.p,TH0,Theorem,timeout,na,3619,0,0,0,1,0,0,0,0,
no_instance_based_gamma,SEU/SEU701^2.p,TH0,Theorem,timeout,na,2153,2766,40,2766,583,40,0,1,0,
no_instance_based_gamma,SEU/SEU702^1.p,TH0,Theorem,timeout,na,3576,0,0,0,1,0,0,0,0,
no_instance_based_gamma,SEU/SEU702^2.p,TH0,Theorem,timeout,na,2129,1300,32,1228,272,49,0,5,0,
no_instance_based_gamma,SEU/SEU703^1.p,TH0,Theorem,timeout,na,3643,0,0,0,1,0,0,0,0,
no_instance_based_gamma,SEU/SEU703^2.p,TH0,Theorem,timeout,na,2110,2120,39,2120,332,69,0,1,0,
no_instance_based_gamma,SEU/SEU704^1.p,TH0,Theorem,timeout,na,3667,0,0,0,1,0,0,0,0,
no_instance_based_gamma,SEU/SEU704^2.p,TH0,Theorem,timeout,na,2451,4474,11,4473,198,214,0,0,0,
no_instance_based_gamma,SEU/SEU705^1.p,TH0,Theorem,timeout,na,3657,0,0,0,1,0,0,0,0,
no_instance_based_gamma,SEU/SEU705^2.p,TH0,Theorem,timeout,na,2137,2818,25,2817,578,22,0,1,0,
no_instance_based_gamma,SEU/SEU706^1.p,TH0,Theorem,timeout,na,3676,0,0,0,1,0,0,0,0,
no_instance_based_gamma,SEU/SEU706^2.p,TH0,Theorem,timeout,na,2118,2696,71,2696,214,47,0,0,0,
no_instance_based_gamma,SEU/SEU707^1.p,TH0,Theorem,timeout,na,3677,0,0,0,1,0,0,0,0,
no_instance_based_gamma,SEU/SEU707^2.p,TH0,Theorem,timeout,na,2206,4372,51,4372,214,68,0,0,0,
no_instance_based_gamma,SEU/SEU708^1.p,TH0,Theorem,timeout,na,3707,0,0,0,1,0,0,0,0,
no_instance_based_gamma,SEU/SEU708^2.p,TH0,Theorem,timeout,na,2336,4925,52,4925,164,134,0,0,0,
no_instance_based_gamma,SEU/SEU709^1.p,TH0,Theorem,timeout,na,3767,0,0,0,1,0,0,0,0,
no_instance_based_gamma,SEU/SEU709^2.p,TH0,Theorem,timeout,na,2332,4254,60,4253,147,120,0,0,0,
no_instance_based_gamma,SEU/SEU710^1.p,TH0,Theorem,timeout,na,3775,0,0,0,1,0,0,0,0,
no_instance_based_gamma,SEU/SEU711^1.p,TH0,Theorem,timeout,na,3789,0,0,0,1,0,0,0,0,
no_instance_based_gamma,SEU/SEU711^2.p,TH0,Theorem,timeout,na,2174,3875,122,3875,717,0,0,3,0,
no_instance_based_gamma,SEU/SEU712^1.p,TH0,Theorem,timeout,na,3758,0,0,0,1,0,0,0,0,
no_instance_based_gamma,SEU/SEU712^2.p,TH0,Theorem,timeout,na,2205,4631,112,4631,892,128,0,3,0,
no_instance_based_gamma,SEU/SEU713^1.p,TH0,Theorem,timeout,na,3823,0,0,0,1,0,0,0,0,
no_instance_based_gamma,SEU/SEU713^2.p,TH0,Theorem,timeout,na,2184,4673,154,4673,887,0,0,3,0,
no_instance_based_gamma,SEU/SEU714^1.p,TH0,Theorem,timeout,na,3835,0,0,0,1,0,0,0,0,
no_instance_based_gamma,SEU/SEU714^2.p,TH0,Theorem,thm,yes,1178,2505,78,2505,367,0,0,3,1,
no_instance_based_gamma,SEU/SEU715^1.p,TH0,Theorem,timeout,na,3871,0,0,0,1,0,0,0,0,
no_instance_based_gamma,SEU/SEU715^2.p,TH0,Theorem,timeout,na,2121,4181,136,4181,243,60,0,0,0,
no_instance_based_gamma,SEU/SEU716^1.p,TH0,Theorem,timeout,na,3875,0,0,0,1,0,0,0,0,
no_instance_based_gamma,SEU/SEU716^2.p,TH0,Theorem,timeout,na,2134,4184,124,4184,709,2,0,1,0,
no_instance_based_gamma,SEU/SEU717^1.p,TH0,Theorem,timeout,na,3859,0,0,0,1,0,0,0,0,
no_instance_based_gamma,SEU/SEU717^2.p,TH0,Theorem,timeout,na,2080,2635,63,2635,478,5,0,1,0,
no_instance_based_gamma,SEU/SEU718^1.p,TH0,Theorem,timeout,na,3884,0,0,0,1,0,0,0,0,
no_instance_based_gamma,SEU/SEU718^2.p,TH0,Theorem,timeout,na,2527,6007,49,6007,2316,247,0,1,0,
no_instance_based_gamma,SEU/SEU719^1.p,TH0,Theorem,timeout,na,3937,0,0,0,1,0,0,0,0,
no_instance_based_gamma,SEU/SEU719^2.p,TH0,Theorem,thm,yes,37,18,1,18,2,0,0,1,1,
no_instance_based_gamma,SEU/SEU720^1.p,TH0,Theorem,timeout,na,3973,0,0,0,1,0,0,0,0,
no_instance_based_gamma,SEU/SEU720^2.p,TH0,Theorem,thm,yes,76,49,3,49,3,0,0,3,1,
no_instance_based_gamma,SEU/SEU721^1.p,TH0,Theorem,timeout,na,3997,0,0,0,1,0,0,0,0,
no_instance_based_gamma,SEU/SEU721^2.p,TH0,Theorem,thm,yes,52,21,1,21,2,0,0,1,1,
no_instance_based_gamma,SEU/SEU722^1.p,TH0,Theorem,timeout,na,3984,0,0,0,1,0,0,0,0,
no_instance_based_gamma,SEU/SEU722^2.p,TH0,Theorem,thm,yes,59,23,1,23,2,0,0,1,1,
no_instance_based_gamma,SEU/SEU723^1.p,TH0,Theorem,timeout,na,4078,0,0,0,1,0,0,0,0,
no_instance_based_gamma,SEU/SEU723^2.p,TH0,Theorem,timeout,na,2324,5358,71,5358,1731,50,0,1,0,
no_instance_based_gamma,SEU/SEU724^1.p,TH0,Theorem,timeout,na,4065,0,0,0,1,0,0,0,0,
no_instance_based_gamma,SEU/SEU724^2.p,TH0,Theorem,thm,yes,68,29,2,29,3,0,0,1,1,
no_instance_based_gamma,SEU/SEU725^1.p,TH0,Theorem,timeout,na,4111,0,0,0,1,0,0,0,0,
no_instance_based_gamma,SEU/SEU725^2.p,TH0,Theorem,timeout,na,2127,3072,82,3072,535,0,0,1,0,
no_instance_based_gamma,SEU/SEU726^1.p,TH0,Theorem,timeout,na,4095,0,0,0,1,0,0,0,0,
no_instance_based_gamma,SEU/SEU726^2.p,TH0,Theorem,timeout,na,2089,2789,85,2789,370,0,0,4,0,
no_instance_based_gamma,SEU/SEU727^1.p,TH0,Theorem,timeout,na,4127,0,0,0,1,0,0,0,0,
no_instance_based_gamma,SEU/SEU727^2.p,TH0,Theorem,timeout,na,2301,4967,76,4967,1721,0,0,3,0,
no_instance_based_gamma,SEU/SEU728^1.p,TH0,Theorem,timeout,na,4117,0,0,0,1,0,0,0,0,
no_instance_based_gamma,SEU/SEU728^2.p,TH0,Theorem,timeout,na,2325,5645,65,5645,1900,0,0,3,0,
no_instance_based_gamma,SEU/SEU729^1.p,TH0,Theorem,timeout,na,4193,0,0,0,1,0,0,0,0,
no_instance_based_gamma,SEU/SEU729^2.p,TH0,Theorem,timeout,na,2122,2998,52,2998,214,0,0,0,0,
no_instance_based_gamma,SEU/SEU730^1.p,TH0,Theorem,timeout,na,4213,0,0,0,1,0,0,0,0,
no_instance_based_gamma,SEU/SEU730^2.p,TH0,Theorem,timeout,na,2096,3039,58,3039,198,0,0,0,0,
no_instance_based_gamma,SEU/SEU731^1.p,TH0,Theorem,timeout,na,4193,0,0,0,1,0,0,0,0,
no_instance_based_gamma,SEU/SEU731^2.p,TH0,Theorem,timeout,na,2088,2285,55,2285,190,0,0,0,0,
no_instance_based_gamma,SEU/SEU732^1.p,TH0,Theorem,timeout,na,4259,0,0,0,1,0,0,0,0,
no_instance_based_gamma,SEU/SEU732^2.p,TH0,Theorem,timeout,na,2150,3443,71,3443,774,32,0,3,0,
no_instance_based_gamma,SEU/SEU733^1.p,TH0,Theorem,timeout,na,4267,0,0,0,1,0,0,0,0,
no_instance_based_gamma,SEU/SEU733^2.p,TH0,Theorem,timeout,na,2153,2931,117,2931,539,0,0,3,0,
no_instance_based_gamma,SEU/SEU734^1.p,TH0,Theorem,timeout,na,4353,0,0,0,1,0,0,0,0,
no_instance_based_gamma,SEU/SEU734^2.p,TH0,Theorem,timeout,na,2144,3142,60,3142,202,0,0,0,0,
no_instance_based_gamma,SEU/SEU735^1.p,TH0,Theorem,timeout,na,4344,0,0,0,1,0,0,0,0,
no_instance_based_gamma,SEU/SEU735^2.p,TH0,Theorem,timeout,na,2153,4310,54,4310,938,82,0,3,0,
no_instance_based_gamma,SEU/SEU736^1.p,TH0,Theorem,timeout,na,4395,0,0,0,1,0,0,0,0,
no_instance_based_gamma,SEU/SEU736^2.p,TH0,Theorem,timeout,na,2089,2486,114,2486,295,0,0,3,0,
no_instance_based_gamma,SEU/SEU737^1.p,TH0,Theorem,timeout,na,4367,0,0,0,1,0,0,0,0,
no_instance_based_gamma,SEU/SEU737^2.p,TH0,Theorem,timeout,na,2086,2614,74,2614,182,0,0,0,0,
no_instance_based_gamma,SEU/SEU738^1.p,TH0,Theorem,timeout,na,4378,0,0,0,1,0,0,0,0,
no_instance_based_gamma,SEU/SEU738^2.p,TH0,Theorem,thm,yes,58,23,1,23,2,0,0,1,1,
no_instance_based_gamma,SEU/SEU739^1.p,TH0,Theorem,timeout,na,4418,0,0,0,1,0,0,0,0,
no_instance_based_gamma,SEU/SEU739^2.p,TH0,Theorem,thm,yes,51,22,1,22,2,0,0,1,1,
no_instance_based_gamma,SEU/SEU740^1.p,TH0,Theorem,timeout,na,4446,0,0,0,1,0,0,0,0,
no_instance_based_gamma,SEU/SEU740^2.p,TH0,Theorem,timeout,na,2427,5765,47,5765,2048,0,0,2,0,
no_instance_based_gamma,SEU/SEU741^1.p,TH0,Theorem,timeout,na,4551,0,0,0,1,0,0,0,0,
no_instance_based_gamma,SEU/SEU741^2.p,TH0,Theorem,thm,yes,1467,3162,14,3162,1060,12,0,2,1,
no_instance_based_gamma,SEU/SEU742^1.p,TH0,Theorem,timeout,na,4546,0,0,0,1,0,0,0,0,
no_instance_based_gamma,SEU/SEU742^2.p,TH0,Theorem,timeout,na,2055,1843,118,1843,101,0,0,2,0,
no_instance_based_gamma,SEU/SEU743^1.p,TH0,Theorem,timeout,na,4567,0,0,0,1,0,0,0,0,
no_instance_based_gamma,SEU/SEU743^2.p,TH0,Theorem,timeout,na,2133,3065,88,3065,471,0,0,3,0,
no_instance_based_gamma,SEU/SEU744^1.p,TH0,Theorem,timeout,na,4540,0,0,0,1,0,0,0,0,
no_instance_based_gamma,SEU/SEU744^2.p,TH0,Theorem,timeout,na,2164,3510,107,3510,693,16,0,3,0,
no_instance_based_gamma,SEU/SEU745^1.p,TH0,Theorem,timeout,na,4642,0,0,0,1,0,0,0,0,
no_instance_based_gamma,SEU/SEU745^2.p,TH0,Theorem,timeout,na,2105,2692,108,2692,412,2,0,3,0,
no_instance_based_gamma,SEU/SEU746^1.p,TH0,Theorem,timeout,na,4607,0,0,0,1,0,0,0,0,
no_instance_based_gamma,SEU/SEU746^2.p,TH0,Theorem,thm,yes,94,40,2,40,3,0,0,2,1,
no_instance_based_gamma,SEU/SEU747^1.p,TH0,Theorem,timeout,na,4629,0,0,0,1,0,0,0,0,
no_instance_based_gamma,SEU/SEU747^2.p,TH0,Theorem,thm,yes,73,32,2,32,3,0,0,2,1,
no_instance_based_gamma,SEU/SEU748^1.p,TH0,Theorem,timeout,na,4667,0,0,0,1,0,0,0,0,
no_instance_based_gamma,SEU/SEU749^1.p,TH0,Theorem,timeout,na,4732,0,0,0,1,0,0,0,0,
no_instance_based_gamma,SEU/SEU749^2.p,TH0,Theorem,timeout,na,2125,2996,71,2996,517,0,0,2,0,
no_instance_based_gamma,SEU/SEU750^1.p,TH0,Theorem,timeout,na,4744,0,0,0,1,0,0,0,0,
no_instance_based_gamma,SEU/SEU750^2.p,TH0,Theorem,timeout,na,2117,3229,178,3229,408,0,0,3,0,
no_instance_based_gamma,SEU/SEU751^1.p,TH0,Theorem,timeout,na,4789,0,0,0,1,0,0,0,0,
no_instance_based_gamma,SEU/SEU751^2.p,TH0,Theorem,timeout,na,2275,3496,57,3496,933,0,0,1,0,
no_instance_based_gamma,SEU/SEU752^1.p,TH0,Theorem,timeout,na,4818,0,0,0,1,0,0,0,0,
no_instance_based_gamma,SEU/SEU752^2.p,TH0,Theorem,timeout,na,2265,2925,33,2925,985,0,0,2,0,
no_instance_based_gamma,SEU/SEU753^1.p,TH0,Theorem,timeout,na,4893,0,0,0,1,0,0,0,0,
no_instance_based_gamma,SEU/SEU753^2.p,TH0,Theorem,timeout,na,2080,2421,116,2421,160,0,0,0,0,
no_instance_based_gamma,SEU/SEU754^1.p,TH0,Theorem,timeout,na,4903,0,0,0,1,0,0,0,0,
no_instance_based_gamma,SEU/SEU754^2.p,TH0,Theorem,timeout,na,2087,3139,213,3139,221,0,0,2,0,
no_instance_based_gamma,SEU/SEU755^1.p,TH0,Theorem,timeout,na,4879,0,0,0,1,0,0,0,0,
no_instance_based_gamma,SEU/SEU755^2.p,TH0,Theorem,timeout,na,2077,2888,185,2888,203,0,0,3,0,
no_instance_based_gamma,SEU/SEU756^1.p,TH0,Theorem,timeout,na,4921,0,0,0,1,0,0,0,0,
no_instance_based_gamma,SEU/SEU756^2.p,TH0,Theorem,timeout,na,2080,2766,162,2766,214,0,0,3,0,
no_instance_based_gamma,SEU/SEU757^1.p,TH0,Theorem,timeout,na,4983,0,0,0,1,0,0,0,0,
no_instance_based_gamma,SEU/SEU757^2.p,TH0,Theorem,timeout,na,2145,2807,80,2807,169,0,0,0,0,
no_instance_based_gamma,SEU/SEU758^1.p,TH0,Theorem,timeout,na,4889,0,0,0,1,0,0,0,0,
no_instance_based_gamma,SEU/SEU758^2.p,TH0,Theorem,timeout,na,2241,5528,140,5528,1430,213,0,2,0,
no_instance_based_gamma,SEU/SEU759^1.p,TH0,Theorem,timeout,na,5022,0,0,0,1,0,0,0,0,
no_instance_based_gamma,SEU/SEU759^2.p,TH0,Theorem,timeout,na,2300,5009,33,5009,1764,0,0,3,0,
no_instance_based_gamma,SEU/SEU760^1.p,TH0,Theorem,timeout,na,5064,0,0,0,1,0,0,0,0,
no_instance_based_gamma,SEU/SEU760^2.p,TH0,Theorem,timeout,na,2212,5253,45,5253,1087,32,0,4,0,
no_instance_based_gamma,SEU/SEU761^1.p,TH0,Theorem,timeout,na,5054,0,0,0,1,0,0,0,0,
no_instance_based_gamma,SEU/SEU761^2.p,TH0,Theorem,timeout,na,2240,4775,28,4775,1306,0,0,3,0,
no_instance_based_gamma,SEU/SEU762^1.p,TH0,Theorem,timeout,na,5082,0,0,0,1,0,0,0,0,
no_instance_based_gamma,SEU/SEU762^2.p,TH0,Theorem,timeout,na,2148,2624,88,2624,170,0,0,0,0,
no_instance_based_gamma,SEU/SEU763^1.p,TH0,Theorem,timeout,na,5133,0,0,0,1,0,0,0,0,
no_instance_based_gamma,SEU/SEU764^1.p,TH0,Theorem,timeout,na,5198,0,0,0,1,0,0,0,0,
no_instance_based_gamma,SEU/SEU764^2.p,TH0,Theorem,timeout,na,2224,3990,22,3990,205,0,0,0,0,
no_instance_based_gamma,SEU/SEU765^1.p,TH0,Theorem,timeout,na,5180,0,0,0,1,0,0,0,0,
no_instance_based_gamma,SEU/SEU766^1.p,TH0,Theorem,timeout,na,5245,0,0,0,1,0,0,0,0,
no_instance_based_gamma,SEU/SEU767^1.p,TH0,Theorem,timeout,na,5237,0,0,0,1,0,0,0,0,
no_instance_based_gamma,SEU/SEU768^1.p,TH0,Theorem,timeout,na,5245,0,0,0,1,0,0,0,0,
no_instance_based_gamma,SEU/SEU768^2.p,TH0,Theorem,timeout,na,2051,815,25,815,121,0,0,0,0,
no_instance_based_gamma,SEU/SEU769^1.p,TH0,Theorem,timeout,na,5183,0,0,0,1,0,0,0,0,
no_instance_based_gamma,SEU/SEU769^2.p,TH0,Theorem,thm,yes,44,16,1,16,2,0,0,1,1,
no_instance_based_gamma,SEU/SEU770^1.p,TH0,Theorem,timeout,na,5457,0,0,0,1,0,0,0,0,
no_instance_based_gamma,SEU/SEU770^2.p,TH0,Theorem,timeout,na,2137,1977,59,1977,181,0,0,0,0,
no_instance_based_gamma,SEU/SEU771^1.p,TH0,Theorem,timeout,na,5236,0,0,0,1,0,0,0,0,
no_instance_based_gamma,SEU/SEU771^2.p,TH0,Theorem,thm,yes,25,10,1,10,1,0,0,1,1,
no_instance_based_gamma,SEU/SEU772^1.p,TH0,Theorem,timeout,na,5294,0,0,0,1,0,0,0,0,
no_instance_based_gamma,SEU/SEU773^1.p,TH0,Theorem,timeout,na,5428,0,0,0,1,0,0,0,0,
no_instance_based_gamma,SEU/SEU773^2.p,TH0,Theorem,timeout,na,2064,1785,46,1785,215,0,0,0,0,
no_instance_based_gamma,SEU/SEU774^1.p,TH0,Theorem,timeout,na,5401,0,0,0,1,0,0,0,0,
no_instance_based_gamma,SEU/SEU774^2.p,TH0,Theorem,timeout,na,2062,1590,53,1590,195,2,0,0,0,
no_instance_based_gamma,SEU/SEU775^1.p,TH0,Theorem,timeout,na,5352,0,0,0,1,0,0,0,0,
no_instance_based_gamma,SEU/SEU775^2.p,TH0,Theorem,thm,yes,34,14,1,14,1,0,0,1,1,
no_instance_based_gamma,SEU/SEU776^1.p,TH0,Theorem,timeout,na,5548,0,0,0,1,0,0,0,0,
no_instance_based_gamma,SEU/SEU776^2.p,TH0,Theorem,timeout,na,2124,1671,34,1671,421,0,0,3,0,
no_instance_based_gamma,SEU/SEU777^1.p,TH0,Theorem,timeout,na,5548,0,0,0,1,0,0,0,0,
no_instance_based_gamma,SEU/SEU777^2.p,TH0,Theorem,thm,yes,121,30,2,30,2,0,0,1,1,
no_instance_based_gamma,SEU/SEU778^1.p,TH0,Theorem,timeout,na,5452,0,0,0,1,0,0,0,0,
no_instance_based_gamma,SEU/SEU778^2.p,TH0,Theorem,timeout,na,2010,200,20,200,1,0,0,0,0,
no_instance_based_gamma,SEU/SEU779^1.p,TH0,Theorem,timeout,na,5577,0,0,0,1,0,0,0,0,
no_instance_based_gamma,SEU/SEU779^2.p,TH0,Theorem,timeout,na,2070,552,32,552,50,0,0,3,0,
no_instance_based_gamma,SEU/SEU780^1.p,TH0,Theorem,timeout,na,5653,0,0,0,1,0,0,0,0,
no_instance_based_gamma,SEU/SEU780^2.p,TH0,Theorem,timeout,na,2056,1021,45,1021,93,19,0,1,0,
no_instance_based_gamma,SEU/SEU781^1.p,TH0,Theorem,timeout,na,5690,0,0,0,1,0,0,0,0,
no_instance_based_gamma,SEU/SEU781^2.p,TH0,Theorem,timeout,na,2063,1349,55,1349,138,21,0,0,0,
no_instance_based_gamma,SEU/SEU782^1.p,TH0,Theorem,timeout,na,5641,0,0,0,1,0,0,0,0,
no_instance_based_gamma,SEU/SEU782^2.p,TH0,Theorem,timeout,na,2191,4343,78,4343,970,37,0,4,0,
no_instance_based_gamma,SEU/SEU783^1.p,TH0,Theorem,timeout,na,5777,0,0,0,1,0,0,0,0,
no_instance_based_gamma,SEU/SEU783^2.p,TH0,Theorem,thm,yes,80,26,2,26,2,0,0,1,1,
no_instance_based_gamma,SEU/SEU784^1.p,TH0,Theorem,timeout,na,5759,0,0,0,1,0,0,0,0,
no_instance_based_gamma,SEU/SEU784^2.p,TH0,Theorem,thm,yes,76,24,2,24,2,0,0,1,1,
no_instance_based_gamma,SEU/SEU785^1.p,TH0,Theorem,timeout,na,5793,0,0,0,1,0,0,0,0,
no_instance_based_gamma,SEU/SEU785^2.p,TH0,Theorem,timeout,na,2065,1795,78,1795,184,4,0,0,0,
no_instance_based_gamma,SEU/SEU786^1.p,TH0,Theorem,timeout,na,5888,0,0,0,1,0,0,0,0,
no_instance_based_gamma,SEU/SEU786^2.p,TH0,Theorem,thm,yes,102,37,2,37,3,0,0,2,1,
no_instance_based_gamma,SEU/SEU787^1.p,TH0,Theorem,timeout,na,5936,0,0,0,1,0,0,0,0,
no_instance_based_gamma,SEU/SEU787^2.p,TH0,Theorem,timeout,na,2057,1676,85,1676,155,4,0,1,0,
no_instance_based_gamma,SEU/SEU788^1.p,TH0,Theorem,timeout,na,5807,0,0,0,1,0,0,0,0,
no_instance_based_gamma,SEU/SEU788^2.p,TH0,Theorem,timeout,na,2081,1977,89,1977,189,0,0,0,0,
no_instance_based_gamma,SEU/SEU789^1.p,TH0,Theorem,timeout,na,5800,0,0,0,1,0,0,0,0,
no_instance_based_gamma,SEU/SEU789^2.p,TH0,Theorem,timeout,na,2098,2467,92,2467,236,0,0,0,0,
no_instance_based_gamma,SEU/SEU790^1.p,TH0,Theorem,timeout,na,5943,0,0,0,1,0,0,0,0,
no_instance_based_gamma,SEU/SEU790^2.p,TH0,Theorem,timeout,na,2088,1848,107,1848,216,0,0,0,0,
no_instance_based_gamma,SEU/SEU791^1.p,TH0,Theorem,timeout,na,5951,0,0,0,1,0,0,0,0,
no_instance_based_gamma,SEU/SEU791^2.p,TH0,Theorem,timeout,na,2108,1686,82,1686,178,0,0,0,0,
no_instance_based_gamma,SEU/SEU792^1.p,TH0,Theorem,timeout,na,6082,0,0,0,1,0,0,0,0,
no_instance_based_gamma,SEU/SEU792^2.p,TH0,Theorem,timeout,na,2220,4416,115,4416,212,0,0,0,0,
no_instance_based_gamma,SEU/SEU793^1.p,TH0,Theorem,timeout,na,5863,0,0,0,1,0,0,0,0,
no_instance_based_gamma,SEU/SEU793^2.p,TH0,Theorem,timeout,na,2022,518,19,518,49,10,0,0,0,
no_instance_based_gamma,SEU/SEU794^1.p,TH0,Theorem,timeout,na,5987,0,0,0,1,0,0,0,0,
no_instance_based_gamma,SEU/SEU794^2.p,TH0,Theorem,timeout,na,2109,3365,29,3365,269,45,0,0,0,
no_instance_based_gamma,SEU/SEU795^1.p,TH0,Theorem,timeout,na,5974,0,0,0,1,0,0,0,0,
no_instance_based_gamma,SEU/SEU795^2.p,TH0,Theorem,timeout,na,2083,1851,16,1851,197,17,0,0,0,
no_instance_based_gamma,SEU/SEU796^1.p,TH0,Theorem,timeout,na,6059,0,0,0,1,0,0,0,0,
no_instance_based_gamma,SEU/SEU796^2.p,TH0,Theorem,timeout,na,2055,1297,50,1297,135,11,0,1,0,
no_instance_based_gamma,SEU/SEU797^1.p,TH0,Theorem,timeout,na,6075,0,0,0,1,0,0,0,0,
no_instance_based_gamma,SEU/SEU797^2.p,TH0,Theorem,timeout,na,2075,1613,35,1613,259,41,0,2,0,
no_instance_based_gamma,SEU/SEU798^1.p,TH0,Theorem,timeout,na,6287,0,0,0,1,0,0,0,0,
no_instance_based_gamma,SEU/SEU798^2.p,TH0,Theorem,thm,yes,74,32,2,32,3,0,0,3,1,
no_instance_based_gamma,SEU/SEU799^1.p,TH0,Theorem,timeout,na,6214,0,0,0,1,0,0,0,0,
no_instance_based_gamma,SEU/SEU799^2.p,TH0,Theorem,thm,yes,38,20,1,20,2,0,0,1,1,
no_instance_based_gamma,SEU/SEU800^1.p,TH0,Theorem,timeout,na,6262,0,0,0,1,0,0,0,0,
no_instance_based_gamma,SEU/SEU800^2.p,TH0,Theorem,thm,yes,44,17,1,17,2,0,0,1,1,
no_instance_based_gamma,SEU/SEU801^1.p,TH0,Theorem,timeout,na,6203,0,0,0,1,0,0,0,0,
no_instance_based_gamma,SEU/SEU801^2.p,TH0,Theorem,timeout,na,2062,1506,20,1506,256,12,0,2,0,
no_instance_based_gamma,SEU/SEU802^1.p,TH0,Theorem,timeout,na,6385,0,0,0,1,0,0,0,0,
no_instance_based_gamma,SEU/SEU802^2.p,TH0,Theorem,timeout,na,2075,1537,47,1537,241,34,0,1,0,
no_instance_based_gamma,SEU/SEU803^1.p,TH0,Theorem,timeout,na,6478,0,0,0,1,0,0,0,0,
no_instance_based_gamma,SEU/SEU803^2.p,TH0,Theorem,timeout,na,2040,2284,142,2284,121,24,0,1,0,
no_instance_based_gamma,SEU/SEU804^1.p,TH0,Theorem,timeout,na,6515,0,0,0,1,0,0,0,0,
no_instance_based_gamma,SEU/SEU804^2.p,TH0,Theorem,timeout,na,2080,1623,62,1623,243,0,0,1,0,
no_instance_based_gamma,SEU/SEU805^1.p,TH0,Theorem,timeout,na,6534,0,0,0,1,0,0,0,0,
no_instance_based_gamma,SEU/SEU805^2.p,TH0,Theorem,timeout,na,2171,5607,128,5607,154,64,0,0,0,
no_instance_based_gamma,SEU/SEU806^1.p,TH0,Theorem,timeout,na,6360,0,0,0,1,0,0,0,0,
no_instance_based_gamma,SEU/SEU806^2.p,TH0,Theorem,timeout,na,2074,4342,270,4342,225,29,0,1,0,
no_instance_based_gamma,SEU/SEU807^1.p,TH0,Theorem,timeout,na,6432,0,0,0,1,0,0,0,0,
no_instance_based_gamma,SEU/SEU807^2.p,TH0,Theorem,timeout,na,2132,3855,129,3855,426,57,0,1,0,
no_instance_based_gamma,SEU/SEU808^1.p,TH0,Theorem,timeout,na,6485,0,0,0,1,0,0,0,0,
no_instance_based_gamma,SEU/SEU808^2.p,TH0,Theorem,thm,yes,15,12,0,12,2,0,0,1,1,
no_instance_based_gamma,SEU/SEU809^1.p,TH0,Theorem,timeout,na,6595,0,0,0,1,0,0,0,0,
no_instance_based_gamma,SEU/SEU809^2.p,TH0,Theorem,thm,yes,11,10,0,11,2,0,0,1,1,
no_instance_based_gamma,SEU/SEU810^1.p,TH0,Theorem,timeout,na,6721,0,0,0,1,0,0,0,0,
no_instance_based_gamma,SEU/SEU810^2.p,TH0,Theorem,thm,yes,34,21,1,21,2,1,0,1,1,
no_instance_based_gamma,SEU/SEU811^1.p,TH0,Theorem,timeout,na,6693,0,0,0,1,0,0,0,0,
no_instance_based_gamma,SEU/SEU811^2.p,TH0,Theorem,timeout,na,2147,3509,87,3509,720,20,0,1,0,
no_instance_based_gamma,SEU/SEU812^1.p,TH0,Theorem,timeout,na,6646,0,0,0,1,0,0,0,0,
no_instance_based_gamma,SEU/SEU812^2.p,TH0,Theorem,thm,yes,13,13,0,13,2,0,0,1,1,
no_instance_based_gamma,SEU/SEU813^1.p,TH0,Theorem,timeout,na,6649,0,0,0,1,0,0,0,0,
no_instance_based_gamma,SEU/SEU813^2.p,TH0,Theorem,timeout,na,2196,5905,263,5905,996,6,0,1,0,
no_instance_based_gamma,SEU/SEU814^1.p,TH0,Theorem,timeout,na,6647,0,0,0,1,0,0,0,0,
no_instance_based_gamma,SEU/SEU814^2.p,TH0,Theorem,timeout,na,2106,5473,282,5473,439,586,0,5,0,
no_instance_based_gamma,SEU/SEU815^1.p,TH0,Theorem,timeout,na,6855,0,0,0,1,0,0,0,0,
no_instance_based_gamma,SEU/SEU815^2.p,TH0,Theorem,timeout,na,2123,4274,147,4274,534,0,0,1,0,
no_instance_based_gamma,SEU/SEU816^1.p,TH0,Theorem,timeout,na,6749,0,0,0,1,0,0,0,0,
no_instance_based_gamma,SEU/SEU816^2.p,TH0,Theorem,timeout,na,2250,4974,109,4974,274,0,0,0,0,
no_instance_based_gamma,SEU/SEU817^1.p,TH0,Theorem,timeout,na,6782,0,0,0,1,0,0,0,0,
no_instance_based_gamma,SEU/SEU817^2.p,TH0,Theorem,timeout,na,2123,3638,85,3638,587,64,0,1,0,
no_instance_based_gamma,SEU/SEU818^1.p,TH0,Theorem,timeout,na,6972,0,0,0,1,0,0,0,0,
no_instance_based_gamma,SEU/SEU818^2.p,TH0,Theorem,thm,yes,70,15,1,15,1,1,0,0,0,
no_instance_based_gamma,SEU/SEU819^1.p,TH0,Theorem,timeout,na,7041,0,0,0,1,0,0,0,0,
no_instance_based_gamma,SEU/SEU819^2.p,TH0,Theorem,timeout,na,2120,3283,69,3283,704,5,0,1,0,
no_instance_based_gamma,SEU/SEU820^1.p,TH0,Theorem,timeout,na,2754,0,0,0,1,0,0,0,0,
no_instance_based_gamma,SEU/SEU820^2.p,TH0,Theorem,timeout,na,2110,4853,266,4853,243,14,0,0,0,
no_instance_based_gamma,SEU/SEU821^1.p,TH0,Theorem,parse_timeout,na,0,,,,,,,,,cached: parse exceeded 5000ms
no_instance_based_gamma,SEU/SEU821^2.p,TH0,Theorem,thm,yes,51,11,1,11,1,1,0,0,0,
no_instance_based_gamma,SEU/SEU822^1.p,TH0,Theorem,timeout,na,6996,0,0,0,1,0,0,0,0,
no_instance_based_gamma,SEU/SEU822^2.p,TH0,Theorem,thm,yes,130,79,2,79,13,0,0,1,1,
no_instance_based_gamma,SEU/SEU823^1.p,TH0,Theorem,parse_timeout,na,0,,,,,,,,,cached: parse exceeded 5000ms
no_instance_based_gamma,SEU/SEU823^2.p,TH0,Theorem,timeout,na,2106,2673,51,2673,225,16,0,0,0,
no_instance_based_gamma,SEU/SEU824^1.p,TH0,Theorem,parse_timeout,na,0,,,,,,,,,cached: parse exceeded 5000ms
no_instance_based_gamma,SEU/SEU824^2.p,TH0,Theorem,timeout,na,2087,2670,95,2670,229,0,0,0,0,
no_instance_based_gamma,SEU/SEU824^3.p,TH0,CounterSatisfiable,timeout,na,2544,600,60,600,1,0,0,0,0,
no_instance_based_gamma,SEU/SEU825^3.p,TH0,CounterSatisfiable,timeout,na,2094,4188,98,4188,551,49,0,1,0,
no_instance_based_gamma,SEU/SEU826^1.p,TH0,Theorem,thm,yes,1338,3016,73,3016,217,225,0,1,1,
no_instance_based_gamma,SEU/SEU827^1.p,TH0,Theorem,timeout,na,2156,4768,35,4768,297,117,0,0,0,
no_instance_based_gamma,SEU/SEU828^1.p,TH0,Theorem,thm,yes,17,13,0,13,2,1,0,1,1,
no_instance_based_gamma,SEU/SEU829^1.p,TH0,Theorem,thm,yes,17,23,0,23,2,2,0,1,1,
no_instance_based_gamma,SEU/SEU831^5.p,TH0,Theorem,thm,yes,3,2,0,2,1,1,0,0,0,
no_instance_based_gamma,SEU/SEU832^5.p,TH0,Theorem,thm,yes,3,2,0,2,1,1,0,0,0,
no_instance_based_gamma,SEU/SEU833^5.p,TH0,Theorem,thm,yes,3,2,0,2,1,1,0,0,0,
no_instance_based_gamma,SEU/SEU834^5.p,TH0,Theorem,thm,yes,4,4,0,4,1,1,0,0,0,
no_instance_based_gamma,SEU/SEU836^5.p,TH0,Theorem,thm,yes,4,4,0,4,1,1,0,0,0,
no_instance_based_gamma,SEU/SEU839^5.p,TH0,Theorem,thm,yes,7,3,0,3,1,1,0,0,0,
no_instance_based_gamma,SEU/SEU841^5.p,TH0,Theorem,thm,yes,19,6,0,6,1,1,0,0,0,
no_instance_based_gamma,SEU/SEU842^5.p,TH0,Theorem,thm,yes,6,3,0,3,1,1,0,0,0,
no_instance_based_gamma,SEU/SEU843^5.p,TH0,Theorem,thm,yes,18,13,1,13,2,0,0,1,1,
no_instance_based_gamma,SEU/SEU844^5.p,TH0,Theorem,timeout,na,2032,2995,254,2995,40,31,0,1,0,
no_instance_based_gamma,SEU/SEU845^5.p,TH0,Theorem,thm,yes,20,21,0,21,2,0,0,1,1,
no_instance_based_gamma,SEU/SEU846^5.p,TH0,Theorem,thm,yes,47,21,1,21,3,0,0,1,1,
no_instance_based_gamma,SEU/SEU847^5.p,TH0,Theorem,thm,yes,4,2,0,2,1,1,0,0,0,
no_instance_based_gamma,SEU/SEU848^5.p,TH0,Theorem,thm,yes,27,42,0,42,5,3,0,1,1,
no_instance_based_gamma,SEU/SEU849^5.p,TH0,Theorem,thm,yes,29,41,0,41,5,3,0,1,1,
no_instance_based_gamma,SEU/SEU850^5.p,TH0,Theorem,thm,yes,96,16,0,16,2,3,0,0,0,
no_instance_based_gamma,SEU/SEU851^5.p,TH0,Theorem,thm,yes,10,3,0,3,1,1,0,0,0,
no_instance_based_gamma,SEU/SEU852^5.p,TH0,Theorem,thm,yes,120,382,1,382,26,72,0,1,1,
no_instance_based_gamma,SEU/SEU853^5.p,TH0,Theorem,timeout,na,2016,612,10,612,48,101,0,2,0,
no_instance_based_gamma,SEU/SEU854^5.p,TH0,Theorem,timeout,na,2013,691,7,691,52,103,0,2,0,
no_instance_based_gamma,SEU/SEU855^5.p,TH0,Theorem,thm,yes,104,254,9,254,17,19,0,1,1,
no_instance_based_gamma,SEU/SEU856^5.p,TH0,Theorem,thm,yes,48,47,0,47,5,4,0,1,1,
no_instance_based_gamma,SEU/SEU857^5.p,TH0,Theorem,thm,yes,44,4,0,4,1,1,0,0,0,
no_instance_based_gamma,SEU/SEU858^5.p,TH0,Theorem,thm,yes,6,2,0,2,1,1,0,0,0,
no_instance_based_gamma,SEU/SEU859^5.p,TH0,Theorem,timeout,na,2035,813,19,813,96,12,0,2,0,
no_instance_based_gamma,SEU/SEU860^5.p,TH0,Theorem,timeout,na,2039,946,21,946,125,9,0,2,0,
no_instance_based_gamma,SEU/SEU861^5.p,TH0,Theorem,timeout,na,2041,713,49,713,41,0,0,1,0,
no_instance_based_gamma,SEU/SEU862^5.p,TH0,Unknown,timeout,na,2049,356,8,356,52,3,0,1,0,
no_instance_based_gamma,SEU/SEU863^5.p,TH0,Theorem,timeout,na,2049,596,15,596,75,2,0,3,0,
no_instance_based_gamma,SEU/SEU864^5.p,TH0,Theorem,timeout,na,2053,2126,40,2126,254,154,0,6,0,
no_instance_based_gamma,SEU/SEU865^5.p,TH0,Theorem,timeout,na,2034,979,25,979,128,0,0,2,0,
no_instance_based_gamma,SEU/SEU866^5.p,TH0,Theorem,timeout,na,2048,1906,48,1906,250,0,0,2,0,
no_instance_based_gamma,SEU/SEU867^5.p,TH0,Theorem,timeout,na,2034,1313,52,1313,139,0,0,1,0,
no_instance_based_gamma,SEU/SEU868^5.p,TH0,Theorem,timeout,na,2070,1176,36,1176,185,2,0,2,0,
no_instance_based_gamma,SEU/SEU869^5.p,TH0,Theorem,timeout,na,2026,589,35,589,58,0,0,2,0,
no_instance_based_gamma,SEU/SEU871^5.p,TH0,Unknown,timeout,na,2032,532,30,532,41,0,0,1,0,
no_instance_based_gamma,SEU/SEU872^5.p,TH0,Theorem,timeout,na,2042,636,3,636,147,0,0,1,0,
no_instance_based_gamma,SEU/SEU873^5.p,TH0,Unknown,timeout,na,2040,480,27,480,39,0,0,1,0,
no_instance_based_gamma,SEU/SEU874^5.p,TH0,Theorem,timeout,na,2031,658,14,658,90,17,0,1,0,
no_instance_based_gamma,SEU/SEU875^5.p,TH0,Theorem,timeout,na,2032,707,28,707,59,10,0,1,0,
no_instance_based_gamma,SEU/SEU876^5.p,TH0,Theorem,timeout,na,2058,1045,15,1045,171,8,0,1,0,
no_instance_based_gamma,SEU/SEU877^5.p,TH0,Theorem,timeout,na,2069,669,8,669,127,10,0,0,0,
no_instance_based_gamma,SEU/SEU878^5.p,TH0,Theorem,timeout,na,2053,436,15,436,27,23,0,0,0,
no_instance_based_gamma,SEU/SEU879^5.p,TH0,Theorem,timeout,na,2108,354,9,354,47,1,0,0,0,
no_instance_based_gamma,SEU/SEU880^5.p,TH0,CounterSatisfiable,timeout,na,2220,27,2,27,3,0,0,0,0,
no_instance_based_gamma,SEU/SEU881^5.p,TH0,Theorem,timeout,na,2349,248,4,248,40,8,0,0,0,
no_instance_based_gamma,SEU/SEU882^5.p,TH0,Theorem,thm,yes,23,14,0,14,2,0,0,1,1,
no_instance_based_gamma,SEU/SEU883^5.p,TH0,Theorem,thm,yes,4,1,0,1,1,1,0,0,0,
no_instance_based_gamma,SEU/SEU884^5.p,TH0,Theorem,timeout,na,2053,3095,153,3095,259,22,0,1,0,
no_instance_based_gamma,SEU/SEU885^5.p,TH0,Theorem,timeout,na,2056,1709,130,1709,37,57,0,0,0,
no_instance_based_gamma,SEU/SEU886^5.p,TH0,Theorem,thm,yes,45,70,2,70,6,7,0,1,1,
no_instance_based_gamma,SEU/SEU887^5.p,TH0,Theorem,timeout,na,2061,3306,181,3306,144,31,0,0,0,
no_instance_based_gamma,SEU/SEU888^5.p,TH0,Theorem,timeout,na,2074,3793,131,3793,364,102,0,1,0,
no_instance_based_gamma,SEU/SEU889^5.p,TH0,Theorem,thm,yes,35,37,2,37,3,4,0,0,0,
no_instance_based_gamma,SEU/SEU890^5.p,TH0,Theorem,timeout,na,2048,3243,200,3243,179,32,0,1,0,
no_instance_based_gamma,SEU/SEU891^5.p,TH0,Theorem,timeout,na,2045,3320,220,3320,133,59,0,0,0,
no_instance_based_gamma,SEU/SEU892^5.p,TH0,Theorem,timeout,na,2029,1219,56,1219,114,0,0,2,0,
no_instance_based_gamma,SEU/SEU893^5.p,TH0,Theorem,timeout,na,2042,2825,149,2825,76,198,0,0,0,
no_instance_based_gamma,SEU/SEU894^5.p,TH0,Theorem,timeout,na,2043,1955,75,1955,201,3,0,1,0,
no_instance_based_gamma,SEU/SEU895^5.p,TH0,Theorem,timeout,na,2102,4079,136,4079,155,108,0,0,0,
no_instance_based_gamma,SEU/SEU896^5.p,TH0,Theorem,timeout,na,2064,3216,133,3216,332,53,0,1,0,
no_instance_based_gamma,SEU/SEU897^5.p,TH0,Theorem,timeout,na,2055,2619,97,2619,160,32,0,0,0,
no_instance_based_gamma,SEU/SEU898^5.p,TH0,Theorem,timeout,na,2066,2372,40,2372,279,125,0,1,0,
no_instance_based_gamma,SEU/SEU899^5.p,TH0,Theorem,timeout,na,2056,3979,208,3979,240,104,0,1,0,
no_instance_based_gamma,SEU/SEU901^5.p,TH0,Theorem,timeout,na,2149,5194,185,5194,250,365,0,0,0,
no_instance_based_gamma,SEU/SEU902^5.p,TH0,Theorem,timeout,na,2160,2196,22,2196,892,49,0,1,0,
no_instance_based_gamma,SEU/SEU903^5.p,TH0,Theorem,timeout,na,2217,6581,226,6581,208,232,0,0,0,
no_instance_based_gamma,SEU/SEU904^5.p,TH0,Theorem,timeout,na,2253,5357,57,5357,187,530,0,0,0,
no_instance_based_gamma,SEU/SEU905^5.p,TH0,Theorem,timeout,na,2297,5994,20,5994,188,768,0,0,0,
no_instance_based_gamma,SEU/SEU906^5.p,TH0,Theorem,timeout,na,2044,2333,121,2333,204,59,0,4,0,
no_instance_based_gamma,SEU/SEU907^5.p,TH0,Theorem,timeout,na,2042,1710,42,1710,219,20,0,2,0,
no_instance_based_gamma,SEU/SEU908^5.p,TH0,Theorem,thm,yes,33,18,0,18,3,0,0,1,1,
no_instance_based_gamma,SEU/SEU909^5.p,TH0,Theorem,timeout,na,2033,795,30,795,81,3,0,1,0,
no_instance_based_gamma,SEU/SEU910^5.p,TH0,Theorem,timeout,na,2073,274,7,274,33,6,0,0,0,
no_instance_based_gamma,SEU/SEU911^5.p,TH0,CounterSatisfiable,timeout,na,2080,371,14,371,39,0,0,0,0,
no_instance_based_gamma,SEU/SEU912^5.p,TH0,Theorem,timeout,na,2069,284,11,284,32,3,0,0,0,
no_instance_based_gamma,SEU/SEU913^5.p,TH0,Unknown,timeout,na,2141,122,3,122,14,2,0,0,0,
no_instance_based_gamma,SEU/SEU914^5.p,TH0,Theorem,timeout,na,2137,200,7,200,17,4,0,0,0,
no_instance_based_gamma,SEU/SEU915^5.p,TH0,Theorem,timeout,na,2145,259,11,259,23,2,0,0,0,
no_instance_based_gamma,SEU/SEU916^5.p,TH0,Theorem,timeout,na,2158,58,2,58,7,0,0,0,0,
no_instance_based_gamma,SEU/SEU917^5.p,TH0,Theorem,timeout,na,2038,1872,74,1872,156,4,0,4,0,
no_instance_based_gamma,SEU/SEU918^5.p,TH0,Theorem,thm,yes,1467,77,3,77,5,3,0,2,1,
no_instance_based_gamma,SEU/SEU919^5.p,TH0,Theorem,thm,yes,90,36,1,36,3,1,0,2,1,
no_instance_based_gamma,SEU/SEU920^5.p,TH0,Theorem,timeout,na,2055,2628,98,2628,226,2,0,4,0,
no_instance_based_gamma,SEU/SEU921^5.p,TH0,Theorem,timeout,na,2065,2715,71,2715,290,97,0,3,0,
no_instance_based_gamma,SEU/SEU922^5.p,TH0,Theorem,timeout,na,2039,1638,63,1638,145,12,0,3,0,
no_instance_based_gamma,SEU/SEU923^5.p,TH0,Theorem,thm,yes,7,1,0,1,1,1,0,0,0,
no_instance_based_gamma,SEU/SEU924^5.p,TH0,Theorem,timeout,na,2009,116,5,116,7,4,0,4,0,
no_instance_based_gamma,SEU/SEU925^5.p,TH0,Theorem,timeout,na,2077,2774,77,2774,339,33,0,1,0,
no_instance_based_gamma,SEU/SEU926^5.p,TH0,Theorem,thm,yes,38,12,0,12,2,0,0,1,1,
no_instance_based_gamma,SEU/SEU927^5.p,TH0,Theorem,thm,yes,102,23,0,23,3,3,0,3,1,
no_instance_based_gamma,SEU/SEU928^5.p,TH0,Theorem,timeout,na,2005,174,3,174,14,10,0,2,0,
no_instance_based_gamma,SEU/SEU929^5.p,TH0,Theorem,timeout,na,2005,107,5,107,7,3,0,4,0,
no_instance_based_gamma,SEU/SEU930^5.p,TH0,Theorem,timeout,na,2067,2785,90,2785,295,37,0,1,0,
no_instance_based_gamma,SEU/SEU931^5.p,TH0,Theorem,timeout,na,2050,2698,141,2698,197,35,0,1,0,
no_instance_based_gamma,SEU/SEU932^5.p,TH0,Theorem,timeout,na,2058,2754,140,2754,222,25,0,1,0,
no_instance_based_gamma,SEU/SEU933^5.p,TH0,Theorem,timeout,na,2036,1423,61,1423,166,0,0,2,0,
no_instance_based_gamma,SEU/SEU934^5.p,TH0,Theorem,timeout,na,2075,2756,64,2756,361,46,0,1,0,
no_instance_based_gamma,SEU/SEU935^5.p,TH0,Theorem,timeout,na,2049,1945,59,1945,197,7,0,4,0,
no_instance_based_gamma,SEU/SEU936^5.p,TH0,Theorem,timeout,na,2007,175,2,175,13,10,0,2,0,
no_instance_based_gamma,SEU/SEU937^5.p,TH0,Theorem,timeout,na,2095,3246,99,3246,356,66,0,1,0,
no_instance_based_gamma,SEU/SEU938^5.p,TH0,Theorem,timeout,na,2054,1910,67,1910,212,41,0,1,0,
no_instance_based_gamma,SEU/SEU939^5.p,TH0,Theorem,timeout,na,2019,384,21,384,23,0,0,2,0,
no_instance_based_gamma,SEU/SEU940^5.p,TH0,Theorem,timeout,na,2026,799,30,799,67,16,0,2,0,
no_instance_based_gamma,SEU/SEU941^5.p,TH0,Theorem,timeout,na,2117,3095,55,3095,467,74,0,1,0,
no_instance_based_gamma,SEU/SEU942^5.p,TH0,Theorem,timeout,na,2054,1916,50,1916,283,9,0,1,0,
no_instance_based_gamma,SEU/SEU943^5.p,TH0,Theorem,timeout,na,2052,1897,46,1897,293,10,0,3,0,
no_instance_based_gamma,SEU/SEU944^5.p,TH0,Theorem,timeout,na,2052,1621,20,1621,281,6,0,3,0,
no_instance_based_gamma,SEU/SEU945^5.p,TH0,Theorem,timeout,na,2004,77,3,77,5,2,0,5,0,
no_instance_based_gamma,SEU/SEU946^5.p,TH0,Theorem,timeout,na,2042,1748,56,1748,217,10,0,1,0,
no_instance_based_gamma,SEU/SEU947^5.p,TH0,Theorem,timeout,na,2041,1792,73,1792,170,7,0,1,0,
no_instance_based_gamma,SEU/SEU948^5.p,TH0,Theorem,timeout,na,2030,490,24,490,39,0,0,2,0,
no_instance_based_gamma,SEU/SEU949^5.p,TH0,Theorem,timeout,na,2011,321,18,321,14,8,0,1,0,
no_instance_based_gamma,SEU/SEU950^5.p,TH0,Theorem,timeout,na,2023,733,40,733,48,8,0,2,0,
no_instance_based_gamma,SEU/SEU951^5.p,TH0,Theorem,timeout,na,2037,935,42,935,66,10,0,2,0,
no_instance_based_gamma,SEU/SEU953^5.p,TH0,Theorem,timeout,na,2061,1994,32,1994,267,8,0,3,0,
no_instance_based_gamma,SEU/SEU954^5.p,TH0,Unknown,timeout,na,2059,2016,41,2016,262,8,0,3,0,
no_instance_based_gamma,SEU/SEU955^5.p,TH0,Theorem,timeout,na,2066,2389,32,2389,318,3,0,4,0,
no_instance_based_gamma,SEU/SEU956^5.p,TH0,Theorem,timeout,na,2091,3147,81,3147,363,91,0,2,0,
no_instance_based_gamma,SEU/SEU957^5.p,TH0,Theorem,timeout,na,2081,2876,7,2876,423,2,0,4,0,
no_instance_based_gamma,SEU/SEU958^5.p,TH0,Unknown,timeout,na,2067,2795,79,2795,295,4,0,4,0,
no_instance_based_gamma,SEU/SEU959^5.p,TH0,Unknown,timeout,na,2055,1666,21,1666,225,13,0,3,0,
no_instance_based_gamma,SEU/SEU960^5.p,TH0,Theorem,timeout,na,2040,1160,34,1160,138,0,0,1,0,
no_instance_based_gamma,SEU/SEU961^5.p,TH0,Theorem,timeout,na,2066,1573,28,1573,332,5,0,2,0,
no_instance_based_gamma,SEU/SEU963^5.p,TH0,Unknown,timeout,na,2034,905,37,905,61,38,0,2,0,
no_instance_based_gamma,SEU/SEU965^5.p,TH0,Unknown,timeout,na,2028,687,34,687,46,16,0,2,0,
no_instance_based_gamma,SEU/SEU966^5.p,TH0,CounterSatisfiable,timeout,na,2052,1937,82,1937,172,37,0,1,0,
no_instance_based_gamma,SEU/SEU967^5.p,TH0,Theorem,thm,yes,46,4,0,4,1,0,0,1,1,
no_instance_based_gamma,SEU/SEU968^5.p,TH0,Theorem,timeout,na,2019,540,22,540,49,1,0,2,0,
no_instance_based_gamma,SEU/SEU969^5.p,TH0,Theorem,timeout,na,2059,1938,67,1938,263,9,0,1,0,
no_instance_based_gamma,SEU/SEU970^5.p,TH0,Theorem,timeout,na,2067,2525,89,2525,354,8,0,2,0,
no_instance_based_gamma,SEU/SEU971^5.p,TH0,Unknown,timeout,na,2046,558,15,558,82,8,0,0,0,
no_instance_based_gamma,SEU/SEU972^5.p,TH0,Theorem,timeout,na,2050,884,17,884,143,15,0,1,0,
no_instance_based_gamma,SEU/SEU973^5.p,TH0,Unknown,timeout,na,2050,1094,40,1094,136,4,0,1,0,
no_instance_based_gamma,SEU/SEU974^5.p,TH0,Theorem,timeout,na,2060,982,8,982,165,50,0,1,0,
no_instance_based_gamma,SEU/SEU975^5.p,TH0,Theorem,timeout,na,2057,895,7,895,181,21,0,0,0,
no_instance_based_gamma,SEU/SEU976^5.p,TH0,Unknown,timeout,na,2044,783,27,783,91,0,0,3,0,
no_instance_based_gamma,SEU/SEU977^5.p,TH0,Unknown,timeout,na,2047,819,35,819,99,0,0,2,0,
no_instance_based_gamma,SEU/SEU978^5.p,TH0,Unknown,timeout,na,2088,946,2,946,201,48,0,0,0,
no_instance_based_gamma,SEU/SEU979^5.p,TH0,Unknown,timeout,na,2062,855,23,855,122,3,0,1,0,
no_instance_based_gamma,SEU/SEU980^6.p,TH0,Unknown,timeout,na,2066,577,9,577,103,2,0,0,0,
no_instance_based_gamma,SEU/SEU982^5.p,TH0,Unknown,timeout,na,2061,670,26,670,64,8,0,0,0,
no_instance_based_gamma,SEU/SEU983^5.p,TH0,Unknown,timeout,na,2067,760,34,760,74,0,0,0,0,
no_instance_based_gamma,SEU/SEU984^5.p,TH0,Unknown,timeout,na,2085,1173,9,1173,178,6,0,0,0,
no_instance_based_gamma,SEU/SEU985^5.p,TH0,Unknown,timeout,na,2032,624,26,624,65,0,0,2,0,
no_instance_based_gamma,SEU/SEU986^5.p,TH0,Unknown,timeout,na,2037,831,44,831,83,0,0,2,0,
no_instance_based_gamma,SEU/SEU987^5.p,TH0,Theorem,timeout,na,2040,1052,32,1052,132,19,0,3,0,
no_instance_based_gamma,SEU/SEU988^5.p,TH0,Unknown,timeout,na,2043,474,15,474,50,12,0,1,0,
no_instance_based_gamma,SEU/SEU989^5.p,TH0,Unknown,timeout,na,2048,1444,47,1444,154,0,0,1,0,
no_instance_based_gamma,SEU/SEU990^5.p,TH0,Unknown,timeout,na,2045,1987,90,1987,143,18,0,2,0,
no_instance_based_gamma,SEU/SEU991^5.p,TH0,Unknown,timeout,na,2043,1271,47,1271,125,7,0,1,0,
no_instance_based_gamma,SEU/SEU992^5.p,TH0,Theorem,timeout,na,2039,1320,64,1320,107,1,0,1,0,
no_instance_based_gamma,SEU/SEU993^5.p,TH0,Unknown,timeout,na,2035,1297,66,1297,96,0,0,1,0,
no_instance_based_gamma,SEU/SEU994^5.p,TH0,CounterSatisfiable,csa,yes,39,15,0,15,3,0,1,0,0,cR C[1J0BQ1] C[YDIOH]  cR C[YDIOH] C[1J0BQ1]  C[33PV5] C[YDIOH]  ¬(C[33PV5] C[1J0BQ1])
no_instance_based_gamma,SEU/SEU995^5.p,TH0,Theorem,timeout,na,2006,79,3,79,5,3,0,1,0,
no_instance_based_gamma,SEU/SEU996^5.p,TH0,Theorem,timeout,na,2072,1696,84,1696,121,28,0,1,0,
no_instance_based_gamma,SEU/SEU997^5.p,TH0,Theorem,timeout,na,2117,1657,53,1657,188,15,0,2,0,
no_instance_based_gamma,SEU/SEU998^5.p,TH0,Theorem,timeout,na,2051,279,15,279,12,4,0,1,0,
no_instance_based_gamma,SEU/SEU999^5.p,TH0,Theorem,timeout,na,2089,881,57,881,61,20,0,0,0,
no_instance_based_gamma,SEV/SEV000^5.p,TH0,Theorem,timeout,na,2075,2395,137,2395,197,20,0,1,0,
no_instance_based_gamma,SEV/SEV001^5.p,TH0,Theorem,timeout,na,2105,2539,77,2539,305,34,0,2,0,
no_instance_based_gamma,SEV/SEV002^5.p,TH0,Theorem,timeout,na,2063,1191,52,1191,107,24,0,3,0,
no_instance_based_gamma,SEV/SEV003^5.p,TH0,Theorem,timeout,na,2075,595,19,595,52,8,0,0,0,
no_instance_based_gamma,SEV/SEV004^5.p,TH0,Theorem,timeout,na,2057,19,0,19,2,0,0,0,0,
no_instance_based_gamma,SEV/SEV005^5.p,TH0,Theorem,timeout,na,2051,24,1,24,2,0,0,0,0,
no_instance_based_gamma,SEV/SEV006^5.p,TH0,Theorem,timeout,na,2133,2115,54,2115,110,57,0,0,0,
no_instance_based_gamma,SEV/SEV007^5.p,TH0,Unknown,timeout,na,2083,10,0,10,2,0,0,0,0,
no_instance_based_gamma,SEV/SEV008^5.p,TH0,Theorem,timeout,na,2067,2067,91,2067,283,4,0,1,0,
no_instance_based_gamma,SEV/SEV009^5.p,TH0,Theorem,timeout,na,2085,2503,94,2503,434,4,0,1,0,
no_instance_based_gamma,SEV/SEV010^5.p,TH0,Theorem,timeout,na,2029,855,51,855,59,5,0,1,0,
no_instance_based_gamma,SEV/SEV011^5.p,TH0,Theorem,timeout,na,2033,939,53,939,69,4,0,1,0,
no_instance_based_gamma,SEV/SEV012^5.p,TH0,Theorem,thm,yes,12,12,0,12,2,3,0,0,0,
no_instance_based_gamma,SEV/SEV013^5.p,TH0,Theorem,thm,yes,62,95,4,95,5,7,0,2,1,
no_instance_based_gamma,SEV/SEV014^5.p,TH0,Theorem,thm,yes,13,2,0,2,1,1,0,0,0,
no_instance_based_gamma,SEV/SEV015^5.p,TH0,Theorem,timeout,na,2100,6358,408,6358,576,148,0,3,0,
no_instance_based_gamma,SEV/SEV016^5.p,TH0,Theorem,timeout,na,2072,2470,21,2470,389,51,0,3,0,
no_instance_based_gamma,SEV/SEV017^5.p,TH0,Theorem,thm,yes,14,2,0,2,1,1,0,0,0,
no_instance_based_gamma,SEV/SEV018^5.p,TH0,Theorem,timeout,na,2063,2757,100,2757,268,34,0,3,0,
no_instance_based_gamma,SEV/SEV019^5.p,TH0,Theorem,timeout,na,2184,4908,75,4908,1011,157,0,1,0,
no_instance_based_gamma,SEV/SEV020^5.p,TH0,CounterSatisfiable,timeout,na,2022,798,53,798,52,0,0,1,0,
no_instance_based_gamma,SEV/SEV021^5.p,TH0,Theorem,timeout,na,2042,1733,118,1733,94,8,0,2,0,
no_instance_based_gamma,SEV/SEV021^6.p,TH0,Theorem,timeout,na,2044,1661,126,1661,66,0,0,2,0,
no_instance_based_gamma,SEV/SEV021^7.p,TH0,Theorem,timeout,na,2051,1944,112,1944,127,7,0,2,0,
no_instance_based_gamma,SEV/SEV022^5.p,TH0,Unknown,timeout,na,2028,962,57,962,57,0,0,1,0,
no_instance_based_gamma,SEV/SEV023^5.p,TH0,Theorem,timeout,na,2065,2042,90,2042,149,32,0,3,0,
no_instance_based_gamma,SEV/SEV024^5.p,TH0,Theorem,timeout,na,2030,924,61,924,55,0,0,1,0,
no_instance_based_gamma,SEV/SEV025^5.p,TH0,Theorem,timeout,na,2029,998,65,998,55,0,0,1,0,
no_instance_based_gamma,SEV/SEV026^5.p,TH0,Unknown,timeout,na,2026,364,14,364,35,0,0,1,0,
no_instance_based_gamma,SEV/SEV027^5.p,TH0,Theorem,timeout,na,2039,1225,77,1225,67,2,0,3,0,
no_instance_based_gamma,SEV/SEV028^5.p,TH0,Theorem,timeout,na,2039,1340,72,1340,100,17,0,1,0,
no_instance_based_gamma,SEV/SEV029^5.p,TH0,CounterSatisfiable,timeout,na,2104,1592,20,1592,218,41,0,0,0,
no_instance_based_gamma,SEV/SEV030^5.p,TH0,Unknown,timeout,na,2033,838,56,838,46,0,0,1,0,
no_instance_based_gamma,SEV/SEV031^5.p,TH0,Theorem,timeout,na,2123,2459,64,2459,195,64,0,0,0,
no_instance_based_gamma,SEV/SEV032^5.p,TH0,Theorem,timeout,na,2109,3080,59,3080,459,4,0,1,0,
no_instance_based_gamma,SEV/SEV033^5.p,TH0,Theorem,timeout,na,2035,1225,86,1225,58,0,0,3,0,
no_instance_based_gamma,SEV/SEV034^5.p,TH0,Theorem,timeout,na,2127,3381,107,3381,204,84,0,0,0,
no_instance_based_gamma,SEV/SEV035^5.p,TH0,Theorem,timeout,na,2100,1579,50,1579,307,14,0,0,0,
no_instance_based_gamma,SEV/SEV037^5.p,TH0,Theorem,timeout,na,2086,1093,33,1093,173,18,0,0,0,
no_instance_based_gamma,SEV/SEV038^5.p,TH0,Unknown,timeout,na,2049,147,8,147,13,0,0,0,0,
no_instance_based_gamma,SEV/SEV039^5.p,TH0,Unknown,timeout,na,2055,266,14,266,26,0,0,0,0,
no_instance_based_gamma,SEV/SEV040^5.p,TH0,Theorem,timeout,na,2192,4969,233,4969,932,25,0,1,0,
no_instance_based_gamma,SEV/SEV041^5.p,TH0,Theorem,timeout,na,2065,853,23,853,110,6,0,0,0,
no_instance_based_gamma,SEV/SEV042^5.p,TH0,Theorem,timeout,na,2022,275,13,275,27,0,0,0,0,
no_instance_based_gamma,SEV/SEV043^5.p,TH0,Theorem,timeout,na,2110,6555,397,6555,653,213,0,4,0,
no_instance_based_gamma,SEV/SEV044^5.p,TH0,Theorem,timeout,na,2111,2858,89,2858,548,49,0,1,0,
no_instance_based_gamma,SEV/SEV045^5.p,TH0,Theorem,timeout,na,2126,5492,284,5492,225,7,0,0,0,
no_instance_based_gamma,SEV/SEV046^5.p,TH0,Theorem,timeout,na,2144,2576,79,2576,205,10,0,0,0,
no_instance_based_gamma,SEV/SEV047^5.p,TH0,Theorem,thm,yes,4,4,0,4,1,1,0,0,0,
no_instance_based_gamma,SEV/SEV048^5.p,TH0,Theorem,thm,yes,49,6,0,6,1,0,0,1,1,
no_instance_based_gamma,SEV/SEV049^5.p,TH0,Theorem,thm,yes,58,16,0,16,3,0,0,1,1,
no_instance_based_gamma,SEV/SEV050^5.p,TH0,Theorem,timeout,na,2018,367,15,367,36,1,0,1,0,
no_instance_based_gamma,SEV/SEV051^5.p,TH0,Theorem,thm,yes,25,11,0,11,2,2,0,0,0,
no_instance_based_gamma,SEV/SEV052^5.p,TH0,Theorem,timeout,na,2023,440,9,440,63,0,0,2,0,
no_instance_based_gamma,SEV/SEV053^5.p,TH0,Theorem,timeout,na,2177,4591,71,4591,1031,272,0,5,0,
no_instance_based_gamma,SEV/SEV054^5.p,TH0,Theorem,timeout,na,2023,1297,109,1297,44,0,0,1,0,
no_instance_based_gamma,SEV/SEV055^5.p,TH0,Theorem,thm,yes,96,25,1,25,3,0,0,1,1,
no_instance_based_gamma,SEV/SEV056^5.p,TH0,Theorem,thm,yes,347,85,2,85,4,6,0,1,1,
no_instance_based_gamma,SEV/SEV057^5.p,TH0,Theorem,timeout,na,2034,692,5,692,154,9,0,0,0,
no_instance_based_gamma,SEV/SEV058^5.p,TH0,Theorem,timeout,na,2022,288,10,288,30,0,0,2,0,
no_instance_based_gamma,SEV/SEV059^5.p,TH0,Theorem,timeout,na,2190,4447,66,4447,1079,192,0,5,0,
no_instance_based_gamma,SEV/SEV060^5.p,TH0,Theorem,timeout,na,2063,3388,166,3388,291,43,0,1,0,
no_instance_based_gamma,SEV/SEV061^5.p,TH0,Theorem,thm,yes,15,5,0,5,1,1,0,0,0,
no_instance_based_gamma,SEV/SEV062^5.p,TH0,Theorem,timeout,na,2050,1058,34,1058,191,12,0,1,0,
no_instance_based_gamma,SEV/SEV063^5.p,TH0,Theorem,timeout,na,2038,721,37,721,52,4,0,1,0,
no_instance_based_gamma,SEV/SEV064^5.p,TH0,Theorem,timeout,na,2029,370,15,370,28,5,0,1,0,
no_instance_based_gamma,SEV/SEV065^5.p,TH0,Theorem,thm,yes,45,12,1,12,1,1,0,0,0,
no_instance_based_gamma,SEV/SEV066^5.p,TH0,Theorem,timeout,na,2024,366,16,366,26,4,0,2,0,
no_instance_based_gamma,SEV/SEV067^5.p,TH0,Theorem,timeout,na,2165,5653,283,5653,843,134,0,3,0,
no_instance_based_gamma,SEV/SEV068^5.p,TH0,Theorem,timeout,na,2017,327,18,327,24,0,0,1,0,
no_instance_based_gamma,SEV/SEV069^6.p,TH0,Theorem,timeout,na,2023,153,5,153,11,0,0,0,0,
no_instance_based_gamma,SEV/SEV070^5.p,TH0,Theorem,timeout,na,2043,2471,142,2471,172,14,0,2,0,
no_instance_based_gamma,SEV/SEV071^5.p,TH0,Theorem,timeout,na,2014,200,8,200,16,0,0,1,0,
no_instance_based_gamma,SEV/SEV072^5.p,TH0,Theorem,timeout,na,2030,837,39,837,86,11,0,1,0,
no_instance_based_gamma,SEV/SEV074^5.p,TH0,Theorem,timeout,na,2032,798,25,798,92,12,0,1,0,
no_instance_based_gamma,SEV/SEV075^5.p,TH0,Theorem,timeout,na,2071,1405,46,1405,239,1,0,1,0,
no_instance_based_gamma,SEV/SEV076^5.p,TH0,Theorem,timeout,na,2036,1127,82,1127,62,2,0,1,0,
no_instance_based_gamma,SEV/SEV079^5.p,TH0,Theorem,thm,yes,18,6,0,6,1,1,0,0,0,
no_instance_based_gamma,SEV/SEV080^5.p,TH0,Theorem,timeout,na,2041,1334,47,1334,152,44,0,0,0,
no_instance_based_gamma,SEV/SEV081^5.p,TH0,Theorem,timeout,na,2025,441,15,441,49,0,0,1,0,
no_instance_based_gamma,SEV/SEV082^5.p,TH0,Theorem,timeout,na,2025,448,13,448,63,0,0,2,0,
no_instance_based_gamma,SEV/SEV083^5.p,TH0,Theorem,timeout,na,2023,431,8,431,66,0,0,2,0,
no_instance_based_gamma,SEV/SEV084^5.p,TH0,Theorem,timeout,na,2022,422,10,422,53,0,0,2,0,
no_instance_based_gamma,SEV/SEV085^5.p,TH0,Theorem,timeout,na,2023,331,3,331,59,0,0,1,0,
no_instance_based_gamma,SEV/SEV086^5.p,TH0,Theorem,timeout,na,2022,194,8,194,21,0,0,1,0,
no_instance_based_gamma,SEV/SEV087^5.p,TH0,Theorem,timeout,na,2029,350,5,350,72,0,0,1,0,
no_instance_based_gamma,SEV/SEV088^5.p,TH0,Theorem,thm,yes,221,23,0,23,3,0,0,1,1,
no_instance_based_gamma,SEV/SEV089^5.p,TH0,Theorem,timeout,na,2093,2780,49,2780,233,103,0,0,0,
no_instance_based_gamma,SEV/SEV090^5.p,TH0,Theorem,timeout,na,2025,574,19,574,53,2,0,2,0,
no_instance_based_gamma,SEV/SEV091^5.p,TH0,Theorem,timeout,na,2313,7520,238,7520,2067,8,0,2,0,
no_instance_based_gamma,SEV/SEV092^5.p,TH0,Unknown,timeout,na,2049,767,29,767,105,0,0,1,0,
no_instance_based_gamma,SEV/SEV093^5.p,TH0,Theorem,timeout,na,2062,1126,18,1126,126,1,0,0,0,
no_instance_based_gamma,SEV/SEV094^5.p,TH0,Theorem,timeout,na,2078,2574,52,2574,248,44,0,0,0,
no_instance_based_gamma,SEV/SEV095^5.p,TH0,Theorem,timeout,na,2034,292,15,292,20,2,0,0,0,
no_instance_based_gamma,SEV/SEV096^5.p,TH0,Theorem,thm,yes,147,109,5,109,4,6,0,4,1,
no_instance_based_gamma,SEV/SEV097^5.p,TH0,Theorem,thm,yes,73,23,1,23,2,0,0,1,1,
no_instance_based_gamma,SEV/SEV098^5.p,TH0,CounterSatisfiable,timeout,na,2045,772,22,772,100,10,0,1,0,
no_instance_based_gamma,SEV/SEV099^5.p,TH0,Unknown,timeout,na,2046,916,21,916,91,15,0,1,0,
no_instance_based_gamma,SEV/SEV100^5.p,TH0,Theorem,timeout,na,2043,326,12,326,36,4,0,1,0,
no_instance_based_gamma,SEV/SEV101^5.p,TH0,Theorem,timeout,na,2030,289,15,289,27,0,0,1,0,
no_instance_based_gamma,SEV/SEV102^5.p,TH0,Theorem,timeout,na,2119,3590,87,3590,301,55,0,0,0,
no_instance_based_gamma,SEV/SEV103^5.p,TH0,Unknown,timeout,na,2037,1454,62,1454,131,8,0,1,0,
no_instance_based_gamma,SEV/SEV104^5.p,TH0,Theorem,timeout,na,2195,5798,281,5798,1049,52,0,1,0,
no_instance_based_gamma,SEV/SEV105^5.p,TH0,Unknown,timeout,na,2043,913,17,913,145,20,0,1,0,
no_instance_based_gamma,SEV/SEV106^5.p,TH0,Theorem,timeout,na,2166,3705,16,3705,283,16,0,0,0,
no_instance_based_gamma,SEV/SEV107^5.p,TH0,Theorem,timeout,na,2165,2909,24,2909,576,230,0,1,0,
no_instance_based_gamma,SEV/SEV108^5.p,TH0,Theorem,timeout,na,2304,7590,2,7590,301,362,0,0,0,
no_instance_based_gamma,SEV/SEV109^5.p,TH0,Theorem,timeout,na,2040,617,20,617,69,7,0,1,0,
no_instance_based_gamma,SEV/SEV113^5.p,TH0,Theorem,timeout,na,2035,257,10,257,23,0,0,0,0,
no_instance_based_gamma,SEV/SEV114^5.p,TH0,Unknown,timeout,na,2046,362,27,362,22,0,0,3,0,
no_instance_based_gamma,SEV/SEV115^5.p,TH0,Unknown,timeout,na,2047,162,4,162,15,0,0,1,0,
no_instance_based_gamma,SEV/SEV116^5.p,TH0,Theorem,timeout,na,2036,817,24,817,110,2,0,1,0,
no_instance_based_gamma,SEV/SEV117^5.p,TH0,Unknown,timeout,na,2033,1065,54,1065,77,6,0,1,0,
no_instance_based_gamma,SEV/SEV118^5.p,TH0,Unknown,timeout,na,2058,1414,53,1414,148,11,0,0,0,
no_instance_based_gamma,SEV/SEV119^5.p,TH0,Theorem,timeout,na,2057,821,20,821,118,9,0,1,0,
no_instance_based_gamma,SEV/SEV120^5.p,TH0,Theorem,timeout,na,2035,860,31,860,75,10,0,1,0,
no_instance_based_gamma,SEV/SEV121^5.p,TH0,Theorem,timeout,na,2005,126,2,126,8,14,0,4,0,
no_instance_based_gamma,SEV/SEV122^5.p,TH0,Theorem,thm,yes,23,3,0,3,1,1,0,0,0,
no_instance_based_gamma,SEV/SEV123^5.p,TH0,Theorem,timeout,na,2040,661,16,661,88,2,0,1,0,
no_instance_based_gamma,SEV/SEV124^5.p,TH0,Theorem,timeout,na,2037,340,11,340,42,0,0,2,0,
no_instance_based_gamma,SEV/SEV125^5.p,TH0,Theorem,timeout,na,2041,365,8,365,46,5,0,0,0,
no_instance_based_gamma,SEV/SEV126^5.p,TH0,Theorem,timeout,na,2058,843,24,843,119,8,0,1,0,
no_instance_based_gamma,SEV/SEV127^5.p,TH0,Theorem,timeout,na,2040,570,21,570,65,7,0,1,0,
no_instance_based_gamma,SEV/SEV128^5.p,TH0,Theorem,timeout,na,2042,395,21,395,28,0,0,1,0,
no_instance_based_gamma,SEV/SEV129^5.p,TH0,Theorem,timeout,na,2036,300,12,300,25,0,0,1,0,
no_instance_based_gamma,SEV/SEV130^5.p,TH0,Theorem,timeout,na,2064,641,21,641,66,7,0,0,0,
no_instance_based_gamma,SEV/SEV131^5.p,TH0,Theorem,thm,yes,54,21,1,21,3,0,0,4,1,
no_instance_based_gamma,SEV/SEV132^5.p,TH0,Unknown,timeout,na,2039,1639,63,1639,164,10,0,1,0,
no_instance_based_gamma,SEV/SEV133^5.p,TH0,Unknown,timeout,na,2048,1058,16,1058,159,13,0,1,0,
no_instance_based_gamma,SEV/SEV134^5.p,TH0,Theorem,thm,yes,11,4,0,4,1,1,0,0,0,
no_instance_based_gamma,SEV/SEV135^5.p,TH0,Theorem,thm,yes,50,16,1,16,3,0,0,1,1,
no_instance_based_gamma,SEV/SEV136^5.p,TH0,Theorem,timeout,na,2039,1214,44,1214,124,0,0,1,0,
no_instance_based_gamma,SEV/SEV137^5.p,TH0,Theorem,timeout,na,2043,1442,79,1442,105,0,0,3,0,
no_instance_based_gamma,SEV/SEV138^5.p,TH0,Theorem,timeout,na,2031,1191,75,1191,77,0,0,1,0,
no_instance_based_gamma,SEV/SEV140^5.p,TH0,Theorem,timeout,na,2045,583,30,583,48,3,0,1,0,
no_instance_based_gamma,SEV/SEV141^5.p,TH0,Theorem,timeout,na,2057,877,37,877,101,9,0,0,0,
no_instance_based_gamma,SEV/SEV143^5.p,TH0,Theorem,timeout,na,2060,1259,36,1259,151,1,0,0,0,
no_instance_based_gamma,SEV/SEV144^5.p,TH0,Theorem,timeout,na,2058,1485,49,1485,158,1,0,0,0,
no_instance_based_gamma,SEV/SEV146^5.p,TH0,Theorem,timeout,na,2062,1779,61,1779,116,53,0,0,0,
no_instance_based_gamma,SEV/SEV148^5.p,TH0,Theorem,timeout,na,2037,309,16,309,27,4,0,1,0,
no_instance_based_gamma,SEV/SEV149^5.p,TH0,Theorem,timeout,na,2056,1026,33,1026,94,23,0,1,0,
no_instance_based_gamma,SEV/SEV150^5.p,TH0,Theorem,timeout,na,2049,817,28,817,73,9,0,0,0,
no_instance_based_gamma,SEV/SEV152^5.p,TH0,Theorem,timeout,na,2089,1143,32,1143,155,2,0,0,0,
no_instance_based_gamma,SEV/SEV153^5.p,TH0,Theorem,timeout,na,2079,1093,29,1093,189,2,0,0,0,
no_instance_based_gamma,SEV/SEV154^5.p,TH0,Theorem,timeout,na,2075,1018,22,1018,163,2,0,0,0,
no_instance_based_gamma,SEV/SEV155^5.p,TH0,Theorem,timeout,na,2107,998,19,998,158,2,0,0,0,
no_instance_based_gamma,SEV/SEV156^5.p,TH0,Theorem,timeout,na,2077,813,24,813,128,2,0,0,0,
no_instance_based_gamma,SEV/SEV157^5.p,TH0,Theorem,timeout,na,2106,1302,33,1302,172,2,0,0,0,
no_instance_based_gamma,SEV/SEV158^5.p,TH0,Theorem,timeout,na,2026,239,8,239,32,0,0,1,0,
no_instance_based_gamma,SEV/SEV159^5.p,TH0,Theorem,thm,yes,5,3,0,3,1,1,0,0,0,
no_instance_based_gamma,SEV/SEV160^5.p,TH0,Theorem,thm,yes,4,1,0,1,1,1,0,0,0,
no_instance_based_gamma,SEV/SEV161^5.p,TH0,Theorem,thm,yes,5,4,0,4,1,1,0,0,0,
no_instance_based_gamma,SEV/SEV162^5.p,TH0,Theorem,thm,yes,32,36,2,36,3,2,0,1,1,
no_instance_based_gamma,SEV/SEV163^5.p,TH0,Theorem,timeout,na,2006,71,2,71,5,3,0,5,0,
no_instance_based_gamma,SEV/SEV164^5.p,TH0,Theorem,thm,yes,26,25,0,25,3,1,0,1,1,
no_instance_based_gamma,SEV/SEV165^5.p,TH0,Theorem,timeout,na,2009,15,0,15,3,0,0,0,0,
no_instance_based_gamma,SEV/SEV166^5.p,TH0,Theorem,timeout,na,2066,2027,60,2027,217,11,0,1,0,
no_instance_based_gamma,SEV/SEV167^5.p,TH0,Theorem,timeout,na,2054,725,19,725,70,23,0,1,0,
no_instance_based_gamma,SEV/SEV168^5.p,TH0,Theorem,timeout,na,2011,83,4,83,5,3,0,1,0,
no_instance_based_gamma,SEV/SEV169^5.p,TH0,Theorem,timeout,na,2039,633,11,633,73,9,0,5,0,
no_instance_based_gamma,SEV/SEV170^5.p,TH0,Theorem,timeout,na,2059,1705,76,1705,171,36,0,0,0,
no_instance_based_gamma,SEV/SEV171^5.p,TH0,Theorem,timeout,na,2028,563,22,563,50,10,0,0,0,
no_instance_based_gamma,SEV/SEV172^5.p,TH0,CounterSatisfiable,timeout,na,2045,1753,80,1753,145,95,0,0,0,
no_instance_based_gamma,SEV/SEV173^5.p,TH0,CounterSatisfiable,timeout,na,2046,1667,41,1667,196,110,0,0,0,
no_instance_based_gamma,SEV/SEV174^5.p,TH0,Theorem,timeout,na,2037,1388,65,1388,100,34,0,1,0,
no_instance_based_gamma,SEV/SEV175^5.p,TH0,Theorem,timeout,na,2027,521,2,521,80,30,0,5,0,
no_instance_based_gamma,SEV/SEV176^5.p,TH0,Theorem,timeout,na,2176,5300,41,5300,1001,122,0,3,0,
no_instance_based_gamma,SEV/SEV177^5.p,TH0,Theorem,timeout,na,2035,2005,105,2005,133,13,0,1,0,
no_instance_based_gamma,SEV/SEV179^5.p,TH0,Theorem,timeout,na,2037,782,2,782,175,46,0,5,0,
no_instance_based_gamma,SEV/SEV180^5.p,TH0,CounterSatisfiable,timeout,na,2071,3230,49,3230,267,255,0,0,0,
no_instance_based_gamma,SEV/SEV181^5.p,TH0,Theorem,timeout,na,2109,1916,35,1916,518,107,0,1,0,
no_instance_based_gamma,SEV/SEV182^5.p,TH0,Unknown,timeout,na,2048,1148,16,1148,178,28,0,0,0,
no_instance_based_gamma,SEV/SEV183^5.p,TH0,Theorem,timeout,na,2081,657,13,657,103,1,0,0,0,
no_instance_based_gamma,SEV/SEV184^5.p,TH0,Unknown,timeout,na,2113,162,3,162,24,0,0,0,0,
no_instance_based_gamma,SEV/SEV185^5.p,TH0,Theorem,timeout,na,2044,1330,59,1330,114,18,0,1,0,
no_instance_based_gamma,SEV/SEV186^5.p,TH0,Theorem,timeout,na,2032,971,56,971,66,6,0,1,0,
no_instance_based_gamma,SEV/SEV187^5.p,TH0,Theorem,thm,yes,7,2,0,2,1,1,0,0,0,
no_instance_based_gamma,SEV/SEV188^5.p,TH0,Theorem,thm,yes,5,2,0,2,1,1,0,0,0,
no_instance_based_gamma,SEV/SEV189^5.p,TH0,Theorem,timeout,na,2017,327,10,327,27,12,0,1,0,
no_instance_based_gamma,SEV/SEV190^5.p,TH0,Theorem,timeout,na,2061,1577,66,1577,137,10,0,1,0,
no_instance_based_gamma,SEV/SEV191^5.p,TH0,Theorem,timeout,na,2174,3413,131,3413,243,18,0,0,0,
no_instance_based_gamma,SEV/SEV192^5.p,TH0,Theorem,timeout,na,2072,101,2,101,10,0,0,1,0,
no_instance_based_gamma,SEV/SEV193^5.p,TH0,Unknown,timeout,na,2037,769,22,769,101,6,0,0,0,
no_instance_based_gamma,SEV/SEV194^5.p,TH0,Theorem,timeout,na,2038,471,13,471,65,25,0,0,0,
no_instance_based_gamma,SEV/SEV195^5.p,TH0,Theorem,timeout,na,2041,1761,79,1761,132,45,0,2,0,
no_instance_based_gamma,SEV/SEV196^5.p,TH0,Theorem,timeout,na,2046,432,12,432,103,10,0,0,0,
no_instance_based_gamma,SEV/SEV197^5.p,TH0,Theorem,thm,yes,25,1,0,1,1,1,0,0,0,
no_instance_based_gamma,SEV/SEV198^5.p,TH0,Theorem,timeout,na,2033,249,9,249,38,7,0,1,0,
no_instance_based_gamma,SEV/SEV199^5.p,TH0,Theorem,timeout,na,2060,1032,31,1032,125,33,0,1,0,
no_instance_based_gamma,SEV/SEV200^5.p,TH0,Theorem,timeout,na,2067,883,11,883,120,39,0,1,0,
no_instance_based_gamma,SEV/SEV203^5.p,TH0,Theorem,timeout,na,2051,979,25,979,99,32,0,1,0,
no_instance_based_gamma,SEV/SEV204^5.p,TH0,Theorem,timeout,na,2055,837,19,837,138,36,0,1,0,
no_instance_based_gamma,SEV/SEV205^5.p,TH0,Theorem,timeout,na,2086,2162,59,2162,326,54,0,1,0,
no_instance_based_gamma,SEV/SEV206^5.p,TH0,Theorem,timeout,na,2038,281,11,281,23,0,0,2,0,
no_instance_based_gamma,SEV/SEV207^5.p,TH0,Theorem,timeout,na,2055,382,9,382,61,3,0,2,0,
no_instance_based_gamma,SEV/SEV208^5.p,TH0,Theorem,timeout,na,2045,172,10,172,13,0,0,5,0,
no_instance_based_gamma,SEV/SEV209^5.p,TH0,Unknown,timeout,na,2056,73,1,73,11,5,0,0,0,
no_instance_based_gamma,SEV/SEV210^5.p,TH0,Theorem,timeout,na,2057,189,9,189,14,0,0,2,0,
no_instance_based_gamma,SEV/SEV211^5.p,TH0,Unknown,timeout,na,2057,266,11,266,29,0,0,2,0,
no_instance_based_gamma,SEV/SEV212^5.p,TH0,Theorem,timeout,na,2054,166,4,166,15,0,0,1,0,
no_instance_based_gamma,SEV/SEV213^5.p,TH0,Unknown,timeout,na,2096,535,16,535,59,15,0,1,0,
no_instance_based_gamma,SEV/SEV214^5.p,TH0,Theorem,timeout,na,2063,1848,38,1848,231,55,0,1,0,
no_instance_based_gamma,SEV/SEV215^5.p,TH0,Unknown,timeout,na,2102,264,9,264,33,0,0,0,0,
no_instance_based_gamma,SEV/SEV216^5.p,TH0,Unknown,timeout,na,2101,57,4,57,4,0,0,0,0,
no_instance_based_gamma,SEV/SEV217^5.p,TH0,Unknown,timeout,na,2159,54,4,54,2,0,0,0,0,
no_instance_based_gamma,SEV/SEV218^5.p,TH0,Theorem,timeout,na,2193,4805,49,4805,1139,72,0,1,0,
no_instance_based_gamma,SEV/SEV219^5.p,TH0,Unknown,timeout,na,2099,104,3,104,14,0,0,0,0,
no_instance_based_gamma,SEV/SEV220^5.p,TH0,Theorem,thm,yes,66,36,1,36,4,4,0,1,1,
no_instance_based_gamma,SEV/SEV221^5.p,TH0,Theorem,timeout,na,2070,2431,64,2431,129,78,0,0,0,
no_instance_based_gamma,SEV/SEV222^5.p,TH0,Theorem,timeout,na,2074,2683,88,2682,352,81,0,1,0,
no_instance_based_gamma,SEV/SEV223^5.p,TH0,Theorem,timeout,na,2031,1146,36,1146,122,31,0,0,0,
no_instance_based_gamma,SEV/SEV224^5.p,TH0,Theorem,timeout,na,2022,124,3,124,11,7,0,2,0,
no_instance_based_gamma,SEV/SEV225^5.p,TH0,Theorem,thm,yes,14,8,0,8,1,0,0,1,1,
no_instance_based_gamma,SEV/SEV226^5.p,TH0,CounterSatisfiable,timeout,na,2060,1235,40,1235,145,0,0,1,0,
no_instance_based_gamma,SEV/SEV227^5.p,TH0,Theorem,timeout,na,2103,2398,63,2398,215,78,0,0,0,
no_instance_based_gamma,SEV/SEV228^5.p,TH0,Theorem,timeout,na,2094,2590,66,2590,283,174,0,1,0,
no_instance_based_gamma,SEV/SEV229^5.p,TH0,Theorem,timeout,na,2008,271,1,271,24,45,0,2,0,
no_instance_based_gamma,SEV/SEV230^5.p,TH0,Theorem,thm,yes,55,60,1,60,8,4,0,1,1,
no_instance_based_gamma,SEV/SEV231^5.p,TH0,Theorem,timeout,na,2073,2631,22,2631,422,123,0,1,0,
no_instance_based_gamma,SEV/SEV232^5.p,TH0,Theorem,thm,yes,14,1,0,1,1,1,0,0,0,
no_instance_based_gamma,SEV/SEV233^5.p,TH0,Theorem,thm,yes,42,67,0,67,10,3,0,1,1,
no_instance_based_gamma,SEV/SEV234^5.p,TH0,Theorem,timeout,na,2037,435,9,435,62,12,0,1,0,
no_instance_based_gamma,SEV/SEV235^5.p,TH0,Theorem,timeout,na,2009,298,1,298,32,35,0,2,0,
no_instance_based_gamma,SEV/SEV236^5.p,TH0,Theorem,timeout,na,2018,779,43,779,43,3,0,1,0,
no_instance_based_gamma,SEV/SEV237^5.p,TH0,Theorem,timeout,na,2062,977,17,977,158,34,0,0,0,
no_instance_based_gamma,SEV/SEV238^5.p,TH0,Theorem,timeout,na,2044,668,28,668,65,2,0,1,0,
no_instance_based_gamma,SEV/SEV239^5.p,TH0,Theorem,timeout,na,2044,2305,98,2305,203,42,0,1,0,
no_instance_based_gamma,SEV/SEV240^5.p,TH0,Theorem,thm,yes,24,11,0,11,2,0,0,1,1,
no_instance_based_gamma,SEV/SEV241^5.p,TH0,Theorem,thm,yes,27,12,0,12,2,2,0,0,0,
no_instance_based_gamma,SEV/SEV242^5.p,TH0,Theorem,timeout,na,2038,863,16,863,120,41,0,1,0,
no_instance_based_gamma,SEV/SEV243^5.p,TH0,Theorem,timeout,na,2029,1042,63,1042,68,8,0,1,0,
no_instance_based_gamma,SEV/SEV244^6.p,TH0,Theorem,timeout,na,2026,641,30,641,51,5,0,1,0,
no_instance_based_gamma,SEV/SEV245^5.p,TH0,Theorem,timeout,na,2037,917,54,917,61,4,0,1,0,
no_instance_based_gamma,SEV/SEV245^6.p,TH0,Theorem,timeout,na,2027,967,63,967,55,8,0,1,0,
no_instance_based_gamma,SEV/SEV246^5.p,TH0,Theorem,timeout,na,2025,914,60,914,49,0,0,5,0,
no_instance_based_gamma,SEV/SEV246^6.p,TH0,Theorem,timeout,na,2030,1151,71,1151,58,10,0,5,0,
no_instance_based_gamma,SEV/SEV248^5.p,TH0,Theorem,timeout,na,2046,1073,7,1073,202,57,0,0,0,
no_instance_based_gamma,SEV/SEV249^5.p,TH0,Theorem,timeout,na,2021,464,19,464,54,4,0,1,0,
no_instance_based_gamma,SEV/SEV250^5.p,TH0,Unknown,timeout,na,2032,459,18,459,50,0,0,0,0,
no_instance_based_gamma,SEV/SEV251^5.p,TH0,CounterSatisfiable,timeout,na,2036,1209,62,1209,95,0,0,1,0,
no_instance_based_gamma,SEV/SEV252^5.p,TH0,Theorem,timeout,na,2031,812,45,812,59,6,0,1,0,
no_instance_based_gamma,SEV/SEV253^5.p,TH0,Theorem,timeout,na,2026,190,2,190,37,0,0,0,0,
no_instance_based_gamma,SEV/SEV254^5.p,TH0,Theorem,timeout,na,2044,676,7,676,92,24,0,0,0,
no_instance_based_gamma,SEV/SEV256^5.p,TH0,Theorem,timeout,na,2026,352,3,351,75,7,0,0,0,
no_instance_based_gamma,SEV/SEV257^5.p,TH0,Theorem,timeout,na,2028,545,17,545,35,39,0,2,0,
no_instance_based_gamma,SEV/SEV258^5.p,TH0,Theorem,thm,yes,26,13,0,13,2,3,0,0,0,
no_instance_based_gamma,SEV/SEV259^5.p,TH0,Theorem,timeout,na,2038,382,10,382,55,0,0,1,0,
no_instance_based_gamma,SEV/SEV260^5.p,TH0,Theorem,timeout,na,2131,1529,72,1529,135,0,0,0,0,
no_instance_based_gamma,SEV/SEV261^5.p,TH0,Theorem,timeout,na,2048,727,28,727,136,22,0,0,0,
no_instance_based_gamma,SEV/SEV262^5.p,TH0,Theorem,timeout,na,2034,847,36,847,116,3,0,1,0,
no_instance_based_gamma,SEV/SEV263^5.p,TH0,Theorem,timeout,na,2038,608,32,608,48,0,0,1,0,
no_instance_based_gamma,SEV/SEV264^5.p,TH0,Unknown,timeout,na,2035,671,25,671,87,14,0,1,0,
no_instance_based_gamma,SEV/SEV265^5.p,TH0,Unknown,timeout,na,2029,707,23,705,72,13,0,1,0,
no_instance_based_gamma,SEV/SEV266^5.p,TH0,Theorem,timeout,na,2049,864,19,864,125,18,0,0,0,
no_instance_based_gamma,SEV/SEV267^5.p,TH0,Theorem,timeout,na,2042,1010,44,1010,99,17,0,1,0,
no_instance_based_gamma,SEV/SEV268^5.p,TH0,Unknown,timeout,na,2060,496,19,496,87,1,0,0,0,
no_instance_based_gamma,SEV/SEV269^5.p,TH0,Unknown,timeout,na,2040,733,33,733,56,8,0,0,0,
no_instance_based_gamma,SEV/SEV270^5.p,TH0,Unknown,timeout,na,2050,809,54,809,46,0,0,1,0,
no_instance_based_gamma,SEV/SEV271^5.p,TH0,Unknown,timeout,na,2118,944,41,944,103,1,0,0,0,
no_instance_based_gamma,SEV/SEV272^5.p,TH0,Theorem,thm,yes,26,1,0,1,1,1,0,0,0,
no_instance_based_gamma,SEV/SEV273^5.p,TH0,Theorem,timeout,na,2040,891,15,891,152,0,0,2,0,
no_instance_based_gamma,SEV/SEV274^5.p,TH0,Theorem,timeout,na,2044,1361,30,1361,170,0,0,2,0,
no_instance_based_gamma,SEV/SEV275^5.p,TH0,Unknown,timeout,na,2025,1341,94,1341,55,0,0,2,0,
no_instance_based_gamma,SEV/SEV276^5.p,TH0,Theorem,timeout,na,2040,1159,25,1159,147,0,0,2,0,
no_instance_based_gamma,SEV/SEV277^5.p,TH0,Unknown,timeout,na,2044,1223,34,1223,154,0,0,2,0,
no_instance_based_gamma,SEV/SEV278^5.p,TH0,Unknown,timeout,na,2026,479,12,479,39,8,0,2,0,
no_instance_based_gamma,SEV/SEV279^5.p,TH0,Unknown,timeout,na,2025,692,44,692,38,0,0,2,0,
no_instance_based_gamma,SEV/SEV280^5.p,TH0,Unknown,timeout,na,2046,1338,56,1338,118,20,0,1,0,
no_instance_based_gamma,SEV/SEV281^5.p,TH0,Unknown,timeout,na,2031,645,39,645,43,0,0,4,0,
no_instance_based_gamma,SEV/SEV282^5.p,TH0,Theorem,thm,yes,21,3,0,3,1,1,0,0,0,
no_instance_based_gamma,SEV/SEV285^5.p,TH0,Theorem,timeout,na,2006,87,4,87,5,3,0,4,0,
no_instance_based_gamma,SEV/SEV286^5.p,TH0,Theorem,thm,yes,13,11,1,11,1,1,0,0,0,
no_instance_based_gamma,SEV/SEV288^5.p,TH0,Theorem,timeout,na,2003,77,2,77,5,3,0,4,0,
no_instance_based_gamma,SEV/SEV289^5.p,TH0,Theorem,timeout,na,2014,85,3,85,14,0,0,1,0,
no_instance_based_gamma,SEV/SEV290^5.p,TH0,Theorem,thm,yes,40,4,0,4,1,0,0,1,1,
no_instance_based_gamma,SEV/SEV291^5.p,TH0,Theorem,timeout,na,2021,116,5,116,15,0,0,1,0,
no_instance_based_gamma,SEV/SEV292^5.p,TH0,Theorem,timeout,na,2042,384,8,384,64,8,0,0,0,
no_instance_based_gamma,SEV/SEV293^5.p,TH0,Theorem,timeout,na,2096,3524,124,3524,412,64,0,1,0,
no_instance_based_gamma,SEV/SEV294^5.p,TH0,Theorem,timeout,na,2036,287,2,287,60,0,0,1,0,
no_instance_based_gamma,SEV/SEV295^5.p,TH0,Theorem,timeout,na,2032,192,8,192,21,0,0,0,0,
no_instance_based_gamma,SEV/SEV296^5.p,TH0,CounterSatisfiable,timeout,na,2039,151,2,151,10,5,0,2,0,
no_instance_based_gamma,SEV/SEV297^5.p,TH0,Unknown,timeout,na,2034,540,27,540,50,0,0,1,0,
no_instance_based_gamma,SEV/SEV298^5.p,TH0,CounterSatisfiable,timeout,na,2034,357,5,357,58,8,0,2,0,
no_instance_based_gamma,SEV/SEV299^5.p,TH0,Theorem,timeout,na,2023,164,4,164,25,2,0,3,0,
no_instance_based_gamma,SEV/SEV300^5.p,TH0,Theorem,timeout,na,2066,3334,174,3334,223,70,0,1,0,
no_instance_based_gamma,SEV/SEV301^5.p,TH0,Unknown,timeout,na,2026,206,4,206,23,4,0,1,0,
no_instance_based_gamma,SEV/SEV302^5.p,TH0,Theorem,timeout,na,2059,280,6,280,43,8,0,1,0,
no_instance_based_gamma,SEV/SEV303^5.p,TH0,Theorem,timeout,na,2058,283,1,283,48,8,0,1,0,
no_instance_based_gamma,SEV/SEV304^5.p,TH0,CounterSatisfiable,timeout,na,2040,862,63,862,42,1,0,0,0,
no_instance_based_gamma,SEV/SEV305^5.p,TH0,Theorem,timeout,na,2125,742,18,742,211,17,0,4,0,
no_instance_based_gamma,SEV/SEV305^6.p,TH0,Theorem,timeout,na,2038,1019,59,1019,130,9,0,4,0,
no_instance_based_gamma,SEV/SEV306^5.p,TH0,Theorem,timeout,na,2038,1143,54,1143,88,11,0,2,0,
no_instance_based_gamma,SEV/SEV308^5.p,TH0,Theorem,timeout,na,2016,359,15,359,32,0,0,2,0,
no_instance_based_gamma,SEV/SEV309^5.p,TH0,Theorem,timeout,na,2028,753,48,753,47,1,0,1,0,
no_instance_based_gamma,SEV/SEV310^5.p,TH0,Theorem,timeout,na,2028,1045,69,1045,44,0,0,5,0,
no_instance_based_gamma,SEV/SEV311^5.p,TH0,Theorem,timeout,na,2045,857,53,857,50,10,0,1,0,
no_instance_based_gamma,SEV/SEV312^5.p,TH0,Theorem,timeout,na,2114,1275,23,1275,563,44,0,4,0,
no_instance_based_gamma,SEV/SEV313^5.p,TH0,Unknown,timeout,na,2042,652,27,652,90,0,0,0,0,
no_instance_based_gamma,SEV/SEV314^5.p,TH0,Unknown,timeout,na,2037,255,3,255,55,0,0,0,0,
no_instance_based_gamma,SEV/SEV315^5.p,TH0,Unknown,timeout,na,2054,257,3,257,55,0,0,0,0,
no_instance_based_gamma,SEV/SEV316^5.p,TH0,CounterSatisfiable,timeout,na,2067,181,5,181,25,2,0,0,0,
no_instance_based_gamma,SEV/SEV317^5.p,TH0,Theorem,timeout,na,2034,1400,113,1400,56,0,0,1,0,
no_instance_based_gamma,SEV/SEV318^5.p,TH0,Theorem,timeout,na,2040,1147,78,1147,99,0,0,1,0,
no_instance_based_gamma,SEV/SEV319^5.p,TH0,Theorem,timeout,na,2031,1302,105,1302,54,0,0,1,0,
no_instance_based_gamma,SEV/SEV319^6.p,TH0,Theorem,timeout,na,2036,1441,113,1441,98,0,0,1,0,
no_instance_based_gamma,SEV/SEV321^5.p,TH0,Theorem,timeout,na,2033,1235,95,1235,74,0,0,1,0,
no_instance_based_gamma,SEV/SEV322^5.p,TH0,CounterSatisfiable,csa,yes,3,1,0,1,1,0,1,0,0,cGVB_IN z cGVB_ZERO
no_instance_based_gamma,SEV/SEV323^5.p,TH0,CounterSatisfiable,csa,yes,6,5,0,5,2,0,1,0,0,cGVB_IN z cGVB_V  ¬(cGVB_M z)
no_instance_based_gamma,SEV/SEV324^5.p,TH0,CounterSatisfiable,csa,yes,11,7,0,7,2,0,1,0,0,C[JER2P] (cGVB_SING x)  ¬(C[JER2P] (cGVB_NOP x x))
no_instance_based_gamma,SEV/SEV325^5.p,TH0,CounterSatisfiable,csa,yes,4,3,0,3,1,0,1,0,0,cGVB_IN x y  ¬(cGVB_M x)
no_instance_based_gamma,SEV/SEV326^5.p,TH0,CounterSatisfiable,csa,yes,10,7,0,7,2,0,1,0,0,C[1TDKM] (cGVB_SUCC x)  ¬(C[1TDKM] (cGVB_UNION x (cGVB_SING x)))
no_instance_based_gamma,SEV/SEV327^5.p,TH0,CounterSatisfiable,csa,yes,8,8,0,8,3,0,1,0,0,cGVB_FUNCTION z  ¬(cGVB_RELATION z)
no_instance_based_gamma,SEV/SEV328^5.p,TH0,CounterSatisfiable,csa,yes,13,9,0,9,2,0,1,0,0,C[QVS0K] (cGVB_RESTRICT x y)  ¬(C[QVS0K] (cGVB_INTERSECT x (cGVB_CROSS y cGVB_V)))
no_instance_based_gamma,SEV/SEV329^5.p,TH0,CounterSatisfiable,csa,yes,7,7,0,7,3,0,1,0,0,cGVB_ONE_ONE f  ¬(cGVB_FUNCTION f)
no_instance_based_gamma,SEV/SEV330^5.p,TH0,CounterSatisfiable,csa,yes,11,6,0,6,2,0,1,0,0,C[1LAQR] (cGVB_UNION x y)  ¬(C[1LAQR] (cGVB_COMPLEMENT (cGVB_INTERSECT (cGVB_COMPLEMENT x) (cGVB_COMPLEMENT y))))
no_instance_based_gamma,SEV/SEV331^5.p,TH0,CounterSatisfiable,csa,yes,11,6,0,6,2,0,1,0,0,C[14JAOA] (cGVB_OP x y)  ¬(C[14JAOA] (cGVB_NOP (cGVB_SING x) (cGVB_NOP x y)))
no_instance_based_gamma,SEV/SEV332^5.p,TH0,CounterSatisfiable,csa,yes,12,7,0,7,2,0,1,0,0,C[2DAVV] (cGVB_APP2 f x y)  ¬(C[2DAVV] (cGVB_APPLY f (cGVB_OP x y)))
no_instance_based_gamma,SEV/SEV333^5.p,TH0,CounterSatisfiable,csa,yes,9,10,0,10,3,0,1,0,0,¬(cGVB_M z)  cGVB_IN z (cGVB_POWERSET x)
no_instance_based_gamma,SEV/SEV334^5.p,TH0,CounterSatisfiable,csa,yes,8,7,0,7,3,0,1,0,0,cGVB_IN z (cGVB_COMPLEMENT x)  ¬(cGVB_M z)
no_instance_based_gamma,SEV/SEV335^5.p,TH0,CounterSatisfiable,csa,yes,9,10,0,10,3,0,1,0,0,¬(cGVB_SUBSET x y)  cGVB_PROP_SUBSET x y
no_instance_based_gamma,SEV/SEV336^5.p,TH0,CounterSatisfiable,csa,yes,17,22,0,22,5,1,1,0,0,cGVB_RELATION z  cGVB_M C[13E5Q0]  cGVB_IN C[13E5Q0] z  ¬(cGVB_OPP C[13E5Q0])
no_instance_based_gamma,SEV/SEV337^5.p,TH0,CounterSatisfiable,csa,yes,12,9,0,9,3,0,1,0,0,cGVB_IN z cGVB_ESTIN  ¬(cGVB_M z)
no_instance_based_gamma,SEV/SEV338^5.p,TH0,CounterSatisfiable,csa,yes,12,9,0,9,3,0,1,0,0,cGVB_IN z cGVB_IDENT  ¬(cGVB_M z)
no_instance_based_gamma,SEV/SEV339^5.p,TH0,CounterSatisfiable,csa,yes,12,10,0,10,3,0,1,0,0,cGVB_IN z (cGVB_INTERSECT x y)  ¬(cGVB_M z)
no_instance_based_gamma,SEV/SEV340^5.p,TH0,CounterSatisfiable,csa,yes,17,18,0,18,4,1,1,0,0,cGVB_SUBSET x y  ¬(cGVB_M C[BO2QQ])
no_instance_based_gamma,SEV/SEV341^5.p,TH0,CounterSatisfiable,csa,yes,12,7,0,7,3,0,1,0,0,cGVB_CLOSED x f  ¬(cGVB_M x)
no_instance_based_gamma,SEV/SEV342^5.p,TH0,CounterSatisfiable,csa,yes,11,9,0,9,3,0,1,0,0,cGVB_IN u (cGVB_NOP x y)  ¬(cGVB_M u)
no_instance_based_gamma,SEV/SEV343^5.p,TH0,CounterSatisfiable,timeout,na,2078,3796,59,3796,413,244,0,0,0,
no_instance_based_gamma,SEV/SEV344^5.p,TH0,CounterSatisfiable,timeout,na,2105,4202,170,4202,505,3,0,0,0,
no_instance_based_gamma,SEV/SEV345^5.p,TH0,CounterSatisfiable,csa,yes,12,7,0,7,3,0,1,0,0,cGVB_MAPS f x y  ¬(cGVB_FUNCTION f)
no_instance_based_gamma,SEV/SEV346^5.p,TH0,CounterSatisfiable,csa,yes,19,24,0,24,5,1,1,0,0,cGVB_M C[73F8B]  cGVB_IN C[73F8B] x  cGVB_IN C[73F8B] y  cGVB_DISJOINT x y
no_instance_based_gamma,SEV/SEV347^5.p,TH0,CounterSatisfiable,csa,yes,13,8,0,8,3,0,1,0,0,cGVB_IN z (cGVB_CONVERSE x)  ¬(cGVB_M z)
no_instance_based_gamma,SEV/SEV348^5.p,TH0,CounterSatisfiable,timeout,na,2049,3219,218,3219,101,3,0,0,0,
no_instance_based_gamma,SEV/SEV349^5.p,TH0,CounterSatisfiable,timeout,na,2127,3566,61,3566,146,228,0,0,0,
no_instance_based_gamma,SEV/SEV350^5.p,TH0,CounterSatisfiable,csa,yes,21,29,2,29,4,1,1,0,0,cGVB_IN z (cGVB_SIGMA x)  ¬(cGVB_M z)  cGVB_IN z C[12ZJZQ]  cGVB_M C[12ZJZQ]  cGVB_IN C[12ZJZQ] x
no_instance_based_gamma,SEV/SEV351^5.p,TH0,CounterSatisfiable,csa,yes,17,9,0,9,3,0,1,0,0,cGVB_IN z (cGVB_CROSS x y)  ¬(cGVB_M z)
no_instance_based_gamma,SEV/SEV352^5.p,TH0,CounterSatisfiable,timeout,na,2071,4064,196,4064,209,74,0,0,0,
no_instance_based_gamma,SEV/SEV354^5.p,TH0,CounterSatisfiable,timeout,na,2116,4161,42,4161,127,304,0,0,0,
no_instance_based_gamma,SEV/SEV355^5.p,TH0,CounterSatisfiable,timeout,na,2054,3096,148,3096,177,59,0,0,0,
no_instance_based_gamma,SEV/SEV356^5.p,TH0,CounterSatisfiable,timeout,na,2081,3682,122,3682,138,63,0,0,0,
no_instance_based_gamma,SEV/SEV357^5.p,TH0,CounterSatisfiable,timeout,na,2096,3953,94,3953,223,119,0,0,0,
no_instance_based_gamma,SEV/SEV358^5.p,TH0,CounterSatisfiable,timeout,na,2084,2950,66,2950,262,100,0,0,0,
no_instance_based_gamma,SEV/SEV359^5.p,TH0,CounterSatisfiable,timeout,na,2156,4070,46,4070,163,84,0,0,0,
no_instance_based_gamma,SEV/SEV360^5.p,TH0,CounterSatisfiable,timeout,na,2064,3305,146,3305,162,32,0,0,0,
no_instance_based_gamma,SEV/SEV361^5.p,TH0,CounterSatisfiable,csa,yes,86,60,1,60,8,1,1,0,0,cGVB_SING_VAL x  cGVB_M C[E9R6H]  cGVB_M C[1CAC6N]  cGVB_IN (cGVB_OP C[E9R6H] C[1CAC6N]) x  cGVB_M C[1O84EF]  cGVB_IN (cGVB_OP C[E9R6H] C[1O84EF]) x  C[9IP3X] C[1CAC6N]  ¬(C[9IP3X] C[1O84EF])
no_instance_based_gamma,SEV/SEV362^5.p,TH0,CounterSatisfiable,timeout,na,2068,2500,111,2500,160,99,0,0,0,
no_instance_based_gamma,SEV/SEV363^5.p,TH0,CounterSatisfiable,timeout,na,2064,2458,104,2458,154,81,0,0,0,
no_instance_based_gamma,SEV/SEV364^5.p,TH0,CounterSatisfiable,timeout,na,2066,2965,128,2965,169,67,0,0,0,
no_instance_based_gamma,SEV/SEV365^5.p,TH0,CounterSatisfiable,csa,yes,167,156,4,156,22,5,1,0,0,cGVB_HOMOM h s1 f1 s2 f2  cGVB_CLOSED s1 f1  cGVB_CLOSED s2 f2  cGVB_MAPS h s1 s2  C[BVNGV] (cGVB_APPLY h (cGVB_APP2 f1 C[8WCEV] C[UDAVM]))  ¬(C[BVNGV] (cGVB_APP2 f2 (cGVB_APPLY h C[8WCEV]) (cGVB_APPL
no_instance_based_gamma,SEV/SEV366^5.p,TH0,CounterSatisfiable,csa,yes,3,1,0,1,1,0,1,0,0,¬(cGVB_M (cGVB_OP a b))
no_instance_based_gamma,SEV/SEV368^5.p,TH0,CounterSatisfiable,csa,yes,4,3,0,3,1,0,1,0,0,cGVB_M u  ¬(cGVB_M (cGVB_POWERSET u))
no_instance_based_gamma,SEV/SEV369^5.p,TH0,CounterSatisfiable,csa,yes,6,5,0,5,1,0,1,0,0,cGVB_M x  cGVB_FUNCTION f  ¬(cGVB_M (cGVB_IMAGE x f))
no_instance_based_gamma,SEV/SEV370^5.p,TH0,CounterSatisfiable,csa,yes,12,7,0,7,1,0,1,0,0,cGVB_M C[222QWK]  cGVB_M C[1XCDMB]  ¬(cGVB_M (cGVB_COMPOSE C[222QWK] C[1XCDMB]))
no_instance_based_gamma,SEV/SEV371^5.p,TH0,CounterSatisfiable,csa,yes,20,13,0,13,2,0,1,0,0,cGVB_M C[K98MN]  cGVB_M C[177ZS8]  C[VWNDI] (cGVB_SECOND (cGVB_OP C[K98MN] C[177ZS8]))  ¬(C[VWNDI] C[177ZS8])
no_instance_based_gamma,SEV/SEV372^5.p,TH0,CounterSatisfiable,csa,yes,18,13,0,13,2,0,1,0,0,cGVB_M C[2ISR1]  cGVB_M C[SJHL]  C[220MT0] (cGVB_FIRST (cGVB_OP C[2ISR1] C[SJHL]))  ¬(C[220MT0] C[2ISR1])
no_instance_based_gamma,SEV/SEV373^5.p,TH0,CounterSatisfiable,csa,yes,16,10,0,10,2,0,1,0,0,C[5ADYC] (cGVB_COMPOSE C[1DNK4C] (cGVB_COMPOSE C[12KMOK] C[1L354F]))  ¬(C[5ADYC] (cGVB_COMPOSE (cGVB_COMPOSE C[1DNK4C] C[12KMOK]) C[1L354F]))
no_instance_based_gamma,SEV/SEV374^5.p,TH0,CounterSatisfiable,timeout,na,2042,2591,150,2591,113,10,0,0,0,
no_instance_based_gamma,SEV/SEV375^5.p,TH0,CounterSatisfiable,timeout,na,2045,2547,123,2547,130,14,0,0,0,
no_instance_based_gamma,SEV/SEV376^5.p,TH0,CounterSatisfiable,csa,yes,13,5,0,5,1,0,1,0,0,¬(cGVB_HOMOM (cGVB_COMPOSE h2 h1) s1 f1 s3 f3)  cGVB_HOMOM h1 s1 f1 s2 f2  cGVB_HOMOM h2 s2 f2 s3 f3
no_instance_based_gamma,SEV/SEV377^5.p,TH0,CounterSatisfiable,csa,yes,29,14,0,15,2,0,1,0,0,cGVB_FUNCTION C[14D5AP]  cGVB_IN C[CWKCC] (cGVB_DOMAIN C[14D5AP])  C[68HUW] (cGVB_APPLY C[1U40GA] (cGVB_APPLY C[14D5AP] C[CWKCC]))  ¬(C[68HUW] (cGVB_APPLY (cGVB_COMPOSE C[1U40GA] C[14D5AP]) C[CWKCC]))
no_instance_based_gamma,SEV/SEV378^5.p,TH0,CounterSatisfiable,timeout,na,2040,2235,158,2235,95,25,0,0,0,
no_instance_based_gamma,SEV/SEV379^5.p,TH0,CounterSatisfiable,timeout,na,2009,961,93,961,5,3,0,0,0,
no_instance_based_gamma,SEV/SEV380^5.p,TH0,CounterSatisfiable,timeout,na,2063,3566,222,3566,116,16,0,0,0,
no_instance_based_gamma,SEV/SEV381^5.p,TH0,CounterSatisfiable,timeout,na,2056,2172,121,2172,102,22,0,0,0,
no_instance_based_gamma,SEV/SEV382^5.p,TH0,Theorem,timeout,na,2092,2846,33,2846,417,58,0,1,0,
no_instance_based_gamma,SEV/SEV383^5.p,TH0,Theorem,thm,yes,5,3,0,3,1,0,0,1,1,
no_instance_based_gamma,SEV/SEV384^5.p,TH0,Theorem,timeout,na,2136,2837,64,2837,355,101,0,1,0,
no_instance_based_gamma,SEV/SEV385^5.p,TH0,Theorem,timeout,na,2043,2658,140,2658,224,33,0,1,0,
no_instance_based_gamma,SEV/SEV386^5.p,TH0,Theorem,timeout,na,2061,3958,194,3958,318,77,0,1,0,
no_instance_based_gamma,SEV/SEV387^5.p,TH0,Theorem,thm,yes,24,4,0,4,1,1,0,0,0,
no_instance_based_gamma,SEV/SEV388^5.p,TH0,Theorem,thm,yes,6,3,0,3,1,1,0,0,0,
no_instance_based_gamma,SEV/SEV389^5.p,TH0,Theorem,thm,yes,11,12,0,12,2,0,0,1,1,
no_instance_based_gamma,SEV/SEV390^5.p,TH0,Theorem,thm,yes,11,12,0,12,2,0,0,1,1,
no_instance_based_gamma,SEV/SEV391^5.p,TH0,Theorem,thm,yes,66,30,0,30,3,3,0,4,1,
no_instance_based_gamma,SEV/SEV392^5.p,TH0,Theorem,thm,yes,14,16,0,16,2,0,0,1,1,
no_instance_based_gamma,SEV/SEV393^5.p,TH0,Theorem,thm,yes,15,16,0,16,2,0,0,1,1,
no_instance_based_gamma,SEV/SEV394^5.p,TH0,Theorem,thm,yes,47,67,1,67,6,5,0,1,1,
no_instance_based_gamma,SEV/SEV396^5.p,TH0,Theorem,thm,yes,23,38,0,38,4,3,0,1,1,
no_instance_based_gamma,SEV/SEV397^5.p,TH0,Theorem,thm,yes,6,2,0,2,1,1,0,0,0,
no_instance_based_gamma,SEV/SEV398^5.p,TH0,Theorem,timeout,na,2036,1052,61,1052,61,19,0,1,0,
no_instance_based_gamma,SEV/SEV399^5.p,TH0,Theorem,timeout,na,2045,1188,70,1188,63,16,0,1,0,
no_instance_based_gamma,SEV/SEV400^5.p,TH0,Theorem,timeout,na,2022,761,44,761,54,0,0,2,0,
no_instance_based_gamma,SEV/SEV401^5.p,TH0,Theorem,timeout,na,2034,1376,106,1376,51,1,0,1,0,
no_instance_based_gamma,SEV/SEV402^5.p,TH0,Theorem,timeout,na,2019,436,22,436,30,4,0,3,0,
no_instance_based_gamma,SEV/SEV403^5.p,TH0,Theorem,timeout,na,2035,1186,83,1186,59,1,0,1,0,
no_instance_based_gamma,SEV/SEV404^5.p,TH0,Theorem,timeout,na,2022,648,36,648,52,0,0,2,0,
no_instance_based_gamma,SEV/SEV405^5.p,TH0,Theorem,thm,yes,17,11,0,11,3,1,0,1,1,
no_instance_based_gamma,SEV/SEV406^5.p,TH0,Theorem,timeout,na,2277,9684,20,9684,267,364,0,0,0,
no_instance_based_gamma,SEV/SEV408^5.p,TH0,Theorem,thm,yes,19,4,0,4,1,0,0,1,1,
no_instance_based_gamma,SEV/SEV409^5.p,TH0,Theorem,thm,yes,53,7,0,7,1,0,0,1,1,
no_instance_based_gamma,SEV/SEV410^5.p,TH0,Theorem,timeout,na,2006,221,1,221,13,28,0,2,0,
no_instance_based_gamma,SEV/SEV411^5.p,TH0,Theorem,thm,yes,3,1,0,1,1,1,0,0,0,
no_instance_based_gamma,SEV/SEV412^5.p,TH0,Theorem,thm,yes,5,1,0,1,1,1,0,0,0,
no_instance_based_gamma,SEV/SEV413^5.p,TH0,Theorem,thm,yes,4,1,0,1,1,1,0,0,0,
no_instance_based_gamma,SEV/SEV414^5.p,TH0,Theorem,timeout,na,2017,847,47,847,56,0,0,1,0,
no_instance_based_gamma,SEV/SEV416^5.p,TH0,Theorem,thm,yes,10,1,0,1,1,1,0,0,0,
no_instance_based_gamma,SEV/SEV417^5.p,TH0,Theorem,thm,yes,103,91,4,91,8,1,0,1,1,
no_instance_based_gamma,SEV/SEV418^5.p,TH0,Unknown,timeout,na,2028,1115,67,1115,59,9,0,1,0,
no_instance_based_gamma,SEV/SEV419^5.p,TH0,Unknown,timeout,na,2032,777,46,777,53,0,0,1,0,
no_instance_based_gamma,SEV/SEV420^1.p,TH0,Theorem,timeout,na,2167,3169,27,3169,302,124,0,0,0,
no_instance_based_gamma,SEV/SEV427^1.p,TH0,Theorem,thm,yes,45,37,0,37,4,0,0,1,1,
no_instance_based_gamma,SEV/SEV428^1.p,TH0,Theorem,timeout,na,2020,439,7,439,42,17,0,1,0,
no_instance_based_gamma,SEV/SEV429^1.p,TH0,Theorem,timeout,na,2033,2299,133,2299,168,12,0,1,0,
no_instance_based_gamma,SEV/SEV430^1.p,TH0,Theorem,timeout,na,2047,2388,131,2388,176,11,0,1,0,
no_instance_based_gamma,SEV/SEV431^1.p,TH0,Theorem,timeout,na,2041,2533,133,2533,175,11,0,1,0,
no_instance_based_gamma,SEV/SEV432^1.p,TH0,Theorem,timeout,na,2048,2293,109,2293,192,3,0,2,0,
no_instance_based_gamma,SEV/SEV433^1.p,TH0,Theorem,timeout,na,2135,4532,129,4532,564,82,0,1,0,
no_instance_based_gamma,SEV/SEV434^1.p,TH0,Theorem,timeout,na,2006,237,6,237,18,15,0,1,0,
no_instance_based_gamma,SEV/SEV440^1.p,TH0,Satisfiable,no_conjecture,na,56,,,,,,,,,
no_instance_based_gamma,SEV/SEV441^1.p,TH0,Satisfiable,no_conjecture,na,53,,,,,,,,,
no_instance_based_gamma,SEV/SEV442^1.p,TH1,Theorem,parse_timeout,na,0,,,,,,,,,cached: parse exceeded 5000ms
no_instance_based_gamma,SEV/SEV443^1.p,TH1,Theorem,parse_timeout,na,0,,,,,,,,,cached: parse exceeded 5000ms
no_instance_based_gamma,SEV/SEV444^1.p,TH1,Theorem,timeout,na,2063,2662,105,2662,224,5,0,4,0,
no_instance_based_gamma,SEV/SEV445^1.p,TH1,Theorem,timeout,na,2067,2361,63,2361,231,9,0,4,0,
no_instance_based_gamma,SEV/SEV446^1.p,TH1,Theorem,timeout,na,2043,1936,80,1936,148,32,0,1,0,
no_instance_based_gamma,SEV/SEV447^1.p,TH1,Theorem,timeout,na,2080,2907,91,2907,271,3,0,4,0,
no_instance_based_gamma,SEV/SEV448^1.p,TH1,Theorem,timeout,na,2068,2413,81,2413,222,2,0,4,0,
no_instance_based_gamma,SEV/SEV449^1.p,TH1,Theorem,timeout,na,2082,2650,50,2650,171,125,0,2,0,
no_instance_based_gamma,SEV/SEV450^1.p,TH1,Theorem,timeout,na,2054,1835,82,1835,142,4,0,4,0,
no_instance_based_gamma,SEV/SEV451^1.p,TH1,Theorem,timeout,na,2056,2442,153,2442,133,3,0,3,0,
no_instance_based_gamma,SEV/SEV452^1.p,TH1,Theorem,timeout,na,2057,1667,52,1667,150,4,0,4,0,
no_instance_based_gamma,SEV/SEV453^1.p,TH1,Theorem,timeout,na,2064,2181,83,2181,188,4,0,3,0,
no_instance_based_gamma,SEV/SEV454^1.p,TH1,Theorem,timeout,na,2084,3057,167,3057,219,0,0,3,0,
no_instance_based_gamma,SEV/SEV455^1.p,TH1,Theorem,timeout,na,2054,2008,97,2008,149,0,0,4,0,
no_instance_based_gamma,SEV/SEV456^1.p,TH1,Theorem,timeout,na,2062,1589,79,1589,112,3,0,4,0,
no_instance_based_gamma,SEV/SEV457^1.p,TH1,Theorem,timeout,na,2025,775,37,775,41,16,0,0,0,
no_instance_based_gamma,SEV/SEV458^1.p,TH1,Theorem,timeout,na,2048,1560,76,1560,107,2,0,4,0,
no_instance_based_gamma,SEV/SEV459^1.p,TH1,Theorem,timeout,na,2069,2075,51,2075,207,0,0,4,0,
no_instance_based_gamma,SEV/SEV460^1.p,TH1,Theorem,timeout,na,2052,1844,99,1844,121,0,0,4,0,
no_instance_based_gamma,SEV/SEV461^1.p,TH1,Theorem,timeout,na,2055,1664,75,1664,131,0,0,3,0,
no_instance_based_gamma,SEV/SEV462^1.p,TH1,Theorem,timeout,na,2064,1343,50,1343,121,0,0,4,0,
no_instance_based_gamma,SEV/SEV463^1.p,TH1,Theorem,timeout,na,2051,1345,44,1345,122,0,0,4,0,
no_instance_based_gamma,SEV/SEV464^1.p,TH1,Theorem,timeout,na,2034,529,28,529,36,13,0,0,0,
no_instance_based_gamma,SEV/SEV465^1.p,TH1,Theorem,timeout,na,2040,1510,84,1510,92,22,0,0,0,
no_instance_based_gamma,SEV/SEV466^1.p,TH1,Theorem,timeout,na,2070,1906,58,1906,177,0,0,1,0,
no_instance_based_gamma,SEV/SEV467^1.p,TH1,Theorem,timeout,na,2027,557,17,557,50,2,0,3,0,
no_instance_based_gamma,SEV/SEV468^1.p,TH1,Theorem,timeout,na,2040,467,27,467,27,0,0,4,0,
no_instance_based_gamma,SEV/SEV469^1.p,TH1,Theorem,timeout,na,2088,648,39,648,32,0,0,3,0,
no_instance_based_gamma,SEV/SEV470^1.p,TH1,Theorem,timeout,na,2061,58,2,58,4,0,0,4,0,
no_instance_based_gamma,SEV/SEV471^1.p,TH1,Theorem,timeout,na,2037,11,1,11,1,0,0,0,0,
no_instance_based_gamma,SEV/SEV472^1.p,TH1,Theorem,timeout,na,2054,2269,116,2269,185,7,0,1,0,
no_instance_based_gamma,SEV/SEV473^1.p,TH1,Theorem,timeout,na,2049,262,1,262,52,19,0,0,0,
no_instance_based_gamma,SEV/SEV474^1.p,TH1,Theorem,timeout,na,2035,136,6,136,8,0,0,1,0,
no_instance_based_gamma,SEV/SEV475^1.p,TH1,Theorem,timeout,na,2054,203,1,203,37,6,0,0,0,
no_instance_based_gamma,SEV/SEV476^1.p,TH1,Theorem,timeout,na,2102,2921,94,2921,178,132,0,0,0,
no_instance_based_gamma,SEV/SEV477^1.p,TH1,Theorem,timeout,na,2086,869,34,869,122,20,0,0,0,
no_instance_based_gamma,SEV/SEV478^1.p,TH1,Theorem,timeout,na,2094,1830,62,1778,197,68,0,0,0,
no_instance_based_gamma,SEV/SEV479^1.p,TH1,Theorem,timeout,na,2128,2968,80,2968,338,0,0,1,0,
no_instance_based_gamma,SEV/SEV480^1.p,TH1,Theorem,timeout,na,2096,1971,75,1971,132,40,0,2,0,
no_instance_based_gamma,SEV/SEV481^1.p,TH1,Theorem,timeout,na,2096,1504,8,1504,253,6,0,0,0,
no_instance_based_gamma,SEV/SEV482^1.p,TH1,Theorem,timeout,na,2069,573,23,573,72,19,0,4,0,
no_instance_based_gamma,SEV/SEV483^1.p,TH1,Theorem,timeout,na,2046,364,9,364,28,9,0,4,0,
no_instance_based_gamma,SEV/SEV484^1.p,TH1,Theorem,timeout,na,2074,298,13,298,59,2,0,4,0,
no_instance_based_gamma,SEV/SEV485^1.p,TH1,Theorem,timeout,na,2108,3026,39,3011,175,39,0,0,0,
no_instance_based_gamma,SEV/SEV486^1.p,TH1,Theorem,timeout,na,2048,2341,123,2341,119,24,0,0,0,
no_instance_based_gamma,SEV/SEV487^1.p,TH1,Theorem,timeout,na,2008,5,0,5,1,0,0,0,0,
no_instance_based_gamma,SEV/SEV488^1.p,TH1,Theorem,timeout,na,2060,162,6,162,8,0,0,4,0,
no_instance_based_gamma,SEV/SEV489^1.p,TH1,Theorem,timeout,na,2066,1941,26,1941,220,5,0,1,0,
no_instance_based_gamma,SEV/SEV490^1.p,TH1,Theorem,timeout,na,2063,1603,95,1603,99,0,0,3,0,
no_instance_based_gamma,SEV/SEV491^1.p,TH1,Theorem,timeout,na,2099,1645,5,1645,312,57,0,0,0,
no_instance_based_gamma,SEV/SEV492^1.p,TH1,Theorem,timeout,na,2153,4154,39,4154,254,93,0,0,0,
no_instance_based_gamma,SEV/SEV493^1.p,TH1,Theorem,timeout,na,2133,3662,59,3662,259,53,0,0,0,
no_instance_based_gamma,SEV/SEV494^1.p,TH1,Theorem,timeout,na,2049,1603,48,1603,158,52,0,0,0,
no_instance_based_gamma,SEV/SEV495^1.p,TH1,Theorem,timeout,na,2034,490,18,490,39,6,0,4,0,
no_instance_based_gamma,SEV/SEV496^1.p,TH1,ContradictoryAxioms,timeout,na,2076,744,35,744,51,0,0,3,0,
no_instance_based_gamma,SEV/SEV497^1.p,TH1,ContradictoryAxioms,timeout,na,2089,1107,25,1090,143,46,0,0,0,
no_instance_based_gamma,SEV/SEV498^1.p,TH1,ContradictoryAxioms,timeout,na,2143,1388,24,1388,242,75,0,0,0,
no_instance_based_gamma,SEV/SEV499^1.p,TH1,Theorem,timeout,na,2204,2070,2,2070,476,128,0,0,0,
no_instance_based_gamma,SEV/SEV500^1.p,TH1,ContradictoryAxioms,timeout,na,2072,695,37,695,43,0,0,1,0,
no_instance_based_gamma,SEV/SEV501^1.p,TH1,Theorem,timeout,na,2051,297,12,297,24,9,0,0,0,
no_instance_based_gamma,SEV/SEV502^1.p,TH1,Theorem,timeout,na,2050,455,11,455,57,10,0,0,0,
no_instance_based_gamma,SEV/SEV503^1.p,TH1,Theorem,timeout,na,2061,1382,28,1382,159,44,0,1,0,
no_instance_based_gamma,SEV/SEV504^1.p,TH1,Theorem,timeout,na,2073,1237,34,1237,213,20,0,0,0,
no_instance_based_gamma,SEV/SEV505^1.p,TH1,Theorem,timeout,na,2059,870,28,870,138,1,0,0,0,
no_instance_based_gamma,SEV/SEV506^1.p,TH1,Theorem,timeout,na,2092,2778,94,2778,252,38,0,0,0,
no_instance_based_gamma,SEV/SEV507^1.p,TH1,Theorem,timeout,na,2071,1394,48,1394,192,25,0,0,0,
no_instance_based_gamma,SEV/SEV508^1.p,TH1,Theorem,timeout,na,2080,1463,37,1463,255,1,0,0,0,
no_instance_based_gamma,SEV/SEV509^1.p,TH1,Theorem,timeout,na,2058,1720,59,1720,190,19,0,1,0,
no_instance_based_gamma,SEV/SEV510^1.p,TH1,Theorem,timeout,na,2053,1153,48,1153,155,0,0,0,0,
no_instance_based_gamma,SEV/SEV511^1.p,TH1,Theorem,timeout,na,2041,725,39,725,42,11,0,1,0,
no_instance_based_gamma,SEV/SEV512^1.p,TH1,Theorem,timeout,na,2084,1030,30,1030,179,1,0,0,0,
no_instance_based_gamma,SEV/SEV513^1.p,TH1,Theorem,timeout,na,2049,428,15,428,43,6,0,0,0,
no_instance_based_gamma,SEV/SEV514^1.p,TH1,Theorem,timeout,na,2075,1841,54,1841,209,11,0,0,0,
no_instance_based_gamma,SEV/SEV523^1.p,TH0,Theorem,timeout,na,2334,0,0,0,1,0,0,0,0,
no_instance_based_gamma,SEV/SEV524^1.p,TH0,Theorem,timeout,na,2331,0,0,0,1,0,0,0,0,
no_instance_based_gamma,SEV/SEV525^1.p,TH0,Unknown,timeout,na,2371,0,0,0,1,0,0,0,0,
no_instance_based_gamma,SEV/SEV526^1.p,TH0,Theorem,timeout,na,2379,0,0,0,1,0,0,0,0,
no_instance_based_gamma,SEV/SEV527^1.p,TH0,Theorem,timeout,na,2333,0,0,0,1,0,0,0,0,
no_instance_based_gamma,SEV/SEV528^1.p,TH0,Unknown,timeout,na,2333,0,0,0,1,0,0,0,0,
no_instance_based_gamma,SEV/SEV529^1.p,TH0,Theorem,timeout,na,2318,0,0,0,1,0,0,0,0,
no_instance_based_gamma,SEV/SEV530^1.p,TH0,Theorem,timeout,na,2318,0,0,0,1,0,0,0,0,
no_instance_based_gamma,SEV/SEV531^1.p,TH0,Unknown,timeout,na,2342,0,0,0,1,0,0,0,0,
no_instance_based_gamma,SEV/SEV532^1.p,TH0,Unknown,timeout,na,2342,0,0,0,1,0,0,0,0,
no_instance_based_gamma,SEV/SEV583^1.p,unknown,Theorem,parser_error,na,0,,,,,,,,,cached: Syntax Error: expected ' ' or ']' in !> binder  got [{:colon  ":"  2474}  {:atom  "nat"  2476}  {:rbracket  "]"  2479}  {:colon  ":"  2481}  {:lparen  "("  2483}  {:atom  "fin"  2485}  {:app  "@"  248
no_instance_based_gamma,SEV/SEV584^1.p,unknown,Theorem,parser_error,na,0,,,,,,,,,cached: Syntax Error: expected ' ' or ']' in !> binder  got [{:colon  ":"  2472}  {:atom  "nat"  2474}  {:rbracket  "]"  2477}  {:colon  ":"  2479}  {:lparen  "("  2481}  {:atom  "fin"  2483}  {:app  "@"  248
no_instance_based_gamma,SEV/SEV585^1.p,unknown,Theorem,parser_error,na,0,,,,,,,,,cached: Syntax Error: expected ' ' or ']' in !> binder  got [{:colon  ":"  2472}  {:atom  "nat"  2474}  {:rbracket  "]"  2477}  {:colon  ":"  2479}  {:lparen  "("  2481}  {:atom  "fin"  2483}  {:app  "@"  248
no_instance_based_gamma,SEV/SEV586^1.p,unknown,Theorem,parser_error,na,0,,,,,,,,,cached: Syntax Error: expected ' ' or ']' in !> binder  got [{:colon  ":"  2472}  {:atom  "nat"  2474}  {:rbracket  "]"  2477}  {:colon  ":"  2479}  {:lparen  "("  2481}  {:atom  "fin"  2483}  {:app  "@"  248
no_instance_based_gamma,SEV/SEV587^1.p,unknown,Theorem,parser_error,na,0,,,,,,,,,cached: Syntax Error: expected ' ' or ']' in !> binder  got [{:colon  ":"  2472}  {:atom  "nat"  2474}  {:rbracket  "]"  2477}  {:colon  ":"  2479}  {:lparen  "("  2481}  {:atom  "fin"  2483}  {:app  "@"  248
no_instance_based_gamma,SEV/SEV588^1.p,unknown,Theorem,parser_error,na,0,,,,,,,,,cached: Syntax Error: expected ' ' or ']' in !> binder  got [{:colon  ":"  2472}  {:atom  "nat"  2474}  {:rbracket  "]"  2477}  {:colon  ":"  2479}  {:lparen  "("  2481}  {:atom  "fin"  2483}  {:app  "@"  248
no_instance_based_gamma,SEV/SEV589^1.p,unknown,Theorem,parser_error,na,0,,,,,,,,,cached: Syntax Error: expected ' ' or ']' in !> binder  got [{:colon  ":"  2472}  {:atom  "nat"  2474}  {:rbracket  "]"  2477}  {:colon  ":"  2479}  {:lparen  "("  2481}  {:atom  "fin"  2483}  {:app  "@"  248
no_instance_based_gamma,SEV/SEV590^1.p,unknown,Theorem,parser_error,na,0,,,,,,,,,cached: Syntax Error: expected ' ' or ']' in !> binder  got [{:colon  ":"  2472}  {:atom  "nat"  2474}  {:rbracket  "]"  2477}  {:colon  ":"  2479}  {:lparen  "("  2481}  {:atom  "fin"  2483}  {:app  "@"  248
no_instance_based_gamma,SEV/SEV591^1.p,unknown,Theorem,parser_error,na,0,,,,,,,,,cached: Syntax Error: expected ' ' or ']' in !> binder  got [{:colon  ":"  2472}  {:atom  "nat"  2474}  {:rbracket  "]"  2477}  {:colon  ":"  2479}  {:lparen  "("  2481}  {:atom  "fin"  2483}  {:app  "@"  248
no_instance_based_gamma,SEV/SEV592^1.p,unknown,Theorem,parser_error,na,0,,,,,,,,,cached: Syntax Error: expected ' ' or ']' in !> binder  got [{:colon  ":"  2472}  {:atom  "nat"  2474}  {:rbracket  "]"  2477}  {:colon  ":"  2479}  {:lparen  "("  2481}  {:atom  "fin"  2483}  {:app  "@"  248
no_instance_based_gamma,SEV/SEV593^1.p,unknown,Theorem,parser_error,na,0,,,,,,,,,cached: Syntax Error: expected ' ' or ']' in !> binder  got [{:colon  ":"  2260}  {:atom  "nat"  2262}  {:rbracket  "]"  2265}  {:colon  ":"  2267}  {:lparen  "("  2269}  {:atom  "fin"  2271}  {:app  "@"  227
no_instance_based_gamma,SEV/SEV594^1.p,unknown,Theorem,parser_error,na,0,,,,,,,,,cached: Syntax Error: expected ' ' or ']' in !> binder  got [{:colon  ":"  2260}  {:atom  "nat"  2262}  {:rbracket  "]"  2265}  {:colon  ":"  2267}  {:lparen  "("  2269}  {:atom  "fin"  2271}  {:app  "@"  227
no_instance_based_gamma,SEV/SEV595^1.p,unknown,Theorem,parser_error,na,0,,,,,,,,,cached: Syntax Error: expected ' ' or ']' in !> binder  got [{:colon  ":"  2260}  {:atom  "nat"  2262}  {:rbracket  "]"  2265}  {:colon  ":"  2267}  {:lparen  "("  2269}  {:atom  "fin"  2271}  {:app  "@"  227
no_instance_based_gamma,SEV/SEV596^1.p,unknown,Theorem,parser_error,na,0,,,,,,,,,cached: Syntax Error: expected ' ' or ']' in !> binder  got [{:colon  ":"  2260}  {:atom  "nat"  2262}  {:rbracket  "]"  2265}  {:colon  ":"  2267}  {:lparen  "("  2269}  {:atom  "fin"  2271}  {:app  "@"  227
no_instance_based_gamma,SEV/SEV597^1.p,unknown,Theorem,parser_error,na,0,,,,,,,,,cached: Syntax Error: expected ' ' or ']' in !> binder  got [{:colon  ":"  2260}  {:atom  "nat"  2262}  {:rbracket  "]"  2265}  {:colon  ":"  2267}  {:lparen  "("  2269}  {:atom  "fin"  2271}  {:app  "@"  227
no_instance_based_gamma,SEV/SEV598^1.p,unknown,Theorem,parser_error,na,0,,,,,,,,,cached: Syntax Error: expected ' ' or ']' in !> binder  got [{:colon  ":"  2260}  {:atom  "nat"  2262}  {:rbracket  "]"  2265}  {:colon  ":"  2267}  {:lparen  "("  2269}  {:atom  "fin"  2271}  {:app  "@"  227
no_instance_based_gamma,SEV/SEV599^1.p,unknown,Theorem,parser_error,na,0,,,,,,,,,cached: Syntax Error: expected ' ' or ']' in !> binder  got [{:colon  ":"  2260}  {:atom  "nat"  2262}  {:rbracket  "]"  2265}  {:colon  ":"  2267}  {:lparen  "("  2269}  {:atom  "fin"  2271}  {:app  "@"  227
no_instance_based_gamma,SEV/SEV600^1.p,unknown,CounterSatisfiable,parser_error,na,0,,,,,,,,,cached: Syntax Error: expected ' ' or ']' in !> binder  got [{:colon  ":"  2271}  {:atom  "nat"  2273}  {:rbracket  "]"  2276}  {:colon  ":"  2278}  {:lparen  "("  2280}  {:atom  "fin"  2282}  {:app  "@"  228
no_instance_based_gamma,SEV/SEV601^1.p,unknown,CounterSatisfiable,parser_error,na,0,,,,,,,,,cached: Syntax Error: expected ' ' or ']' in !> binder  got [{:colon  ":"  2271}  {:atom  "nat"  2273}  {:rbracket  "]"  2276}  {:colon  ":"  2278}  {:lparen  "("  2280}  {:atom  "fin"  2282}  {:app  "@"  228
no_instance_based_gamma,SEV/SEV602^1.p,unknown,CounterSatisfiable,parser_error,na,0,,,,,,,,,cached: Syntax Error: expected ' ' or ']' in !> binder  got [{:colon  ":"  2271}  {:atom  "nat"  2273}  {:rbracket  "]"  2276}  {:colon  ":"  2278}  {:lparen  "("  2280}  {:atom  "fin"  2282}  {:app  "@"  228
no_instance_based_gamma,SWB/SWB109^15.p,TH0,CounterSatisfiable,timeout,na,2179,3213,18,3213,267,34,0,0,0,
no_instance_based_gamma,SWB/SWB109^3.p,TH0,CounterSatisfiable,timeout,na,2109,2832,26,2832,247,125,0,0,0,
no_instance_based_gamma,SWC/SWC425^7.p,TH0,CounterSatisfiable,timeout,na,2137,2110,81,2110,239,35,0,0,0,
no_instance_based_gamma,SWV/SWV010^7.p,TH0,Satisfiable,no_conjecture,na,133,,,,,,,,,
no_instance_based_gamma,SWV/SWV061^7.p,TH0,Theorem,timeout,na,2912,68,6,68,1,0,0,0,0,
no_instance_based_gamma,SWV/SWV067^7.p,TH0,Theorem,timeout,na,2936,58,5,58,1,0,0,0,0,
no_instance_based_gamma,SWV/SWV073^7.p,TH0,Theorem,timeout,na,2917,61,6,61,1,0,0,0,0,
no_instance_based_gamma,SWV/SWV079^7.p,TH0,Theorem,timeout,na,2920,66,6,66,1,0,0,0,0,
no_instance_based_gamma,SWV/SWV085^7.p,TH0,Theorem,timeout,na,2911,68,6,68,1,0,0,0,0,
no_instance_based_gamma,SWV/SWV091^7.p,TH0,Theorem,timeout,na,3050,15,1,15,1,0,0,0,0,
no_instance_based_gamma,SWV/SWV097^7.p,TH0,Theorem,timeout,na,3196,0,0,0,1,0,0,0,0,
no_instance_based_gamma,SWV/SWV103^7.p,TH0,Theorem,timeout,na,2953,56,5,56,1,0,0,0,0,
no_instance_based_gamma,SWV/SWV107^7.p,TH0,Theorem,timeout,na,2930,47,4,47,1,0,0,0,0,
no_instance_based_gamma,SWV/SWV425^1.p,TH0,CounterSatisfiable,timeout,na,2117,3988,182,3988,294,217,0,1,0,
no_instance_based_gamma,SWV/SWV425^2.p,TH0,Theorem,timeout,na,2041,769,54,769,40,2,0,3,0,
no_instance_based_gamma,SWV/SWV426^1.p,TH0,CounterSatisfiable,timeout,na,2183,5035,81,5035,292,103,0,0,0,
no_instance_based_gamma,SWV/SWV426^2.p,TH0,Theorem,timeout,na,2049,856,62,856,42,3,0,3,0,
no_instance_based_gamma,SWV/SWV426^3.p,TH0,CounterSatisfiable,timeout,na,2196,4664,5,4664,288,123,0,0,0,
no_instance_based_gamma,SWV/SWV426^4.p,TH0,Theorem,timeout,na,2057,1070,81,1070,47,8,0,3,0,
no_instance_based_gamma,SWV/SWV427^1.p,TH0,CounterSatisfiable,timeout,na,2198,5169,146,5169,267,87,0,0,0,
no_instance_based_gamma,SWV/SWV427^2.p,TH0,Theorem,timeout,na,2048,1079,79,1079,37,18,0,3,0,
no_instance_based_gamma,SWV/SWV428^1.p,TH0,CounterSatisfiable,timeout,na,2113,2530,61,2530,292,57,0,0,0,
no_instance_based_gamma,SWV/SWV428^2.p,TH0,Theorem,timeout,na,2048,1137,93,1137,37,4,0,3,0,
no_instance_based_gamma,SWV/SWV429^1.p,TH0,Theorem,thm,yes,71,43,1,43,4,2,0,1,1,
no_instance_based_gamma,SWV/SWV429^2.p,TH0,Theorem,timeout,na,2048,924,69,924,40,4,0,3,0,
no_instance_based_gamma,SWV/SWV430^1.p,TH0,CounterSatisfiable,timeout,na,2169,3800,49,3800,304,76,0,0,0,
no_instance_based_gamma,SWV/SWV430^2.p,TH0,Theorem,timeout,na,2046,809,60,809,32,4,0,3,0,
no_instance_based_gamma,SWV/SWV431^1.p,TH0,CounterSatisfiable,timeout,na,2116,2728,36,2728,275,71,0,0,0,
no_instance_based_gamma,SWV/SWV431^2.p,TH0,Theorem,timeout,na,2068,1266,85,1266,62,18,0,3,0,
no_instance_based_gamma,SWV/SWV432^1.p,TH0,CounterSatisfiable,timeout,na,2137,3217,43,3217,245,134,0,0,0,
no_instance_based_gamma,SWV/SWV432^2.p,TH0,Theorem,timeout,na,2049,853,61,852,40,5,0,3,0,
no_instance_based_gamma,SWV/SWV433^1.p,TH0,CounterSatisfiable,timeout,na,2120,2614,65,2614,301,67,0,0,0,
no_instance_based_gamma,SWV/SWV433^2.p,TH0,Theorem,timeout,na,2052,1274,99,1274,33,24,0,3,0,
no_instance_based_gamma,SWV/SWV434^3.p,TH0,CounterSatisfiable,timeout,na,2227,5973,70,5973,944,253,0,1,0,
no_instance_based_gamma,SWV/SWV434^4.p,TH0,Theorem,timeout,na,2040,996,82,988,20,11,0,2,0,
no_instance_based_gamma,SWV/SWV435^3.p,TH0,Theorem,thm,yes,90,68,3,68,3,5,0,1,1,
no_instance_based_gamma,SWV/SWV435^4.p,TH0,Theorem,timeout,na,2043,1073,85,1073,40,4,0,3,0,
no_instance_based_gamma,SWV/SWV436^3.p,TH0,CounterSatisfiable,timeout,na,2160,3617,32,3617,264,93,0,0,0,
no_instance_based_gamma,SWV/SWV436^4.p,TH0,Theorem,timeout,na,2036,894,77,894,19,0,0,3,0,
no_instance_based_gamma,SWV/SWV437^1.p,TH0,Theorem,timeout,na,2342,20,2,20,1,0,0,0,0,
no_instance_based_gamma,SWV/SWV438^1.p,TH0,Theorem,timeout,na,2336,20,2,20,1,0,0,0,0,
no_instance_based_gamma,SWV/SWV439^1.p,TH0,CounterSatisfiable,timeout,na,2338,20,2,20,1,0,0,0,0,
no_instance_based_gamma,SWV/SWV440^1.p,TH0,Theorem,timeout,na,2339,20,2,20,1,0,0,0,0,
no_instance_based_gamma,SWV/SWV441^1.p,TH0,Theorem,timeout,na,2080,1168,82,1168,58,12,0,1,0,
no_instance_based_gamma,SWV/SWV442^1.p,TH0,Theorem,thm,yes,71,6,0,6,1,1,0,0,0,
no_instance_based_gamma,SWV/SWV443^1.p,TH0,Theorem,thm,yes,80,7,0,7,1,1,0,0,0,
no_instance_based_gamma,SWV/SWV444^1.p,TH0,Theorem,timeout,na,2085,699,48,699,33,9,0,1,0,
no_instance_based_gamma,SWV/SWV445^1.p,TH0,Theorem,timeout,na,2076,1025,78,1025,43,4,0,1,0,
no_instance_based_gamma,SWV/SWV446^1.p,TH0,Theorem,timeout,na,2081,1032,69,1032,52,13,0,1,0,
no_instance_based_gamma,SWV/SWV447^1.p,TH0,Theorem,timeout,na,2044,1301,35,1301,148,10,0,1,0,
no_instance_based_gamma,SWW/SWW469^1.p,TH0,Theorem,timeout,na,2003,108,6,108,5,4,0,3,0,
no_instance_based_gamma,SWW/SWW470^1.p,TH0,Theorem,timeout,na,2224,310,26,310,6,0,0,1,0,
no_instance_based_gamma,SWW/SWW470^2.p,TH1,Theorem,parser_error,na,0,,,,,,,,,cached: Failed to parse formula 'fact_328_finite__nonempty__imp__fold1Set': [byte:116844] Type Error: Cannot unify strict function types of different arities.
no_instance_based_gamma,SWW/SWW470^3.p,TH1,Theorem,parser_error,na,0,,,,,,,,,cached: Failed to parse formula 'fact_311_finite__nonempty__imp__fold1Set': [byte:104766] Type Error: Cannot unify strict function types of different arities.
no_instance_based_gamma,SWW/SWW471^1.p,TH0,Theorem,timeout,na,2417,699,49,699,35,0,0,1,0,
no_instance_based_gamma,SWW/SWW471^2.p,TH0,ContradictoryAxioms,timeout,na,3614,393,39,393,1,0,0,0,0,
no_instance_based_gamma,SWW/SWW471^3.p,TH0,Theorem,timeout,na,4679,300,30,300,1,0,0,0,0,
no_instance_based_gamma,SWW/SWW472^1.p,TH0,Theorem,timeout,na,2252,628,45,628,26,0,0,1,0,
no_instance_based_gamma,SWW/SWW472^2.p,TH0,Theorem,timeout,na,2681,293,29,293,1,0,0,0,0,
no_instance_based_gamma,SWW/SWW472^3.p,TH1,Theorem,parser_error,na,0,,,,,,,,,cached: Failed to parse formula 'fact_409_finite__nonempty__imp__fold1Set': [byte:126226] Type Error: Cannot unify strict function types of different arities.
no_instance_based_gamma,SWW/SWW473^1.p,TH0,ContradictoryAxioms,timeout,na,2521,564,56,564,1,0,0,0,0,
no_instance_based_gamma,SWW/SWW473^2.p,TH0,Theorem,timeout,na,3310,340,34,340,1,0,0,0,0,
no_instance_based_gamma,SWW/SWW473^3.p,TH0,ContradictoryAxioms,timeout,na,4235,338,33,338,1,0,0,0,0,
no_instance_based_gamma,SWW/SWW474^1.p,TH0,Theorem,timeout,na,2591,293,29,293,1,0,0,0,0,
no_instance_based_gamma,SWW/SWW474^2.p,TH0,Theorem,timeout,na,3786,240,23,240,2,1,0,0,0,
no_instance_based_gamma,SWW/SWW474^3.p,TH0,Theorem,timeout,na,5287,178,17,178,2,1,0,0,0,
no_instance_based_gamma,SWW/SWW475^1.p,TH1,Theorem,parser_error,na,0,,,,,,,,,cached: Failed to parse formula 'fact_27_split__paired__All': [byte:22227] Type Error: Cannot unify strict function types of different arities.
no_instance_based_gamma,SWW/SWW475^2.p,TH1,Theorem,parser_error,na,0,,,,,,,,,cached: Failed to parse formula 'fact_21_split__paired__All': [byte:33084] Type Error: Cannot unify strict function types of different arities.
no_instance_based_gamma,SWW/SWW475^3.p,TH1,Theorem,parser_error,na,0,,,,,,,,,cached: Failed to parse formula 'fact_61_split__paired__All': [byte:69960] Type Error: Cannot unify strict function types of different arities.
no_instance_based_gamma,SWW/SWW476^1.p,TH1,Theorem,parser_error,na,0,,,,,,,,,cached: Failed to parse formula 'fact_125_split__paired__All': [byte:65316] Type Error: Cannot unify strict function types of different arities.
no_instance_based_gamma,SWW/SWW476^2.p,TH1,Theorem,parser_error,na,0,,,,,,,,,cached: Failed to parse formula 'fact_153_split__paired__All': [byte:91639] Type Error: Cannot unify strict function types of different arities.
no_instance_based_gamma,SWW/SWW476^3.p,TH1,Theorem,parser_error,na,0,,,,,,,,,cached: Failed to parse formula 'fact_367_split__paired__All': [byte:201188] Type Error: Cannot unify strict function types of different arities.
no_instance_based_gamma,SWW/SWW477^1.p,TH1,Theorem,parser_error,na,0,,,,,,,,,cached: Failed to parse formula 'fact_38_split__paired__All': [byte:21078] Type Error: Cannot unify strict function types of different arities.
no_instance_based_gamma,SWW/SWW477^2.p,TH1,Theorem,parser_error,na,0,,,,,,,,,cached: Failed to parse formula 'fact_62_split__paired__All': [byte:49406] Type Error: Cannot unify strict function types of different arities.
no_instance_based_gamma,SWW/SWW477^3.p,TH1,Theorem,parser_error,na,0,,,,,,,,,cached: Failed to parse formula 'fact_106_split__paired__All': [byte:93347] Type Error: Cannot unify strict function types of different arities.
no_instance_based_gamma,SWW/SWW478^1.p,TH1,Theorem,parser_error,na,0,,,,,,,,,cached: Failed to parse formula 'fact_21_split__paired__All': [byte:17638] Type Error: Cannot unify strict function types of different arities.
no_instance_based_gamma,SWW/SWW478^2.p,TH1,Theorem,parser_error,na,0,,,,,,,,,cached: Failed to parse formula 'fact_37_split__paired__All': [byte:63382] Type Error: Cannot unify strict function types of different arities.
no_instance_based_gamma,SWW/SWW478^3.p,TH1,Theorem,parser_error,na,0,,,,,,,,,cached: Failed to parse formula 'fact_143_split__paired__All': [byte:112259] Type Error: Cannot unify strict function types of different arities.
no_instance_based_gamma,SWW/SWW674^1.p,TH0,Satisfiable,no_conjecture,na,30,,,,,,,,,
no_instance_based_gamma,SWW/SWW971^15.p,TH0,CounterSatisfiable,timeout,na,2104,2423,54,2423,274,83,0,0,0,
no_instance_based_gamma,SWW/SWW971^5.p,TH0,CounterSatisfiable,timeout,na,2070,1646,55,1646,157,60,0,0,0,
no_instance_based_gamma,SYN/SYN000^1.p,TH0,Theorem,thm,yes,36,8,0,8,1,0,0,1,1,
no_instance_based_gamma,SYN/SYN000^2.p,TH0,Satisfiable,parser_error,na,0,,,,,,,,,cached: Type Error: product types (*) are not part of simple type theory.
no_instance_based_gamma,SYN/SYN000^3.p,TH1,Satisfiable,parser_error,na,0,,,,,,,,,cached: Failed to parse formula 'can_prove_this': [byte:2329] Type Error: Cannot unify strict function types of different arities.
no_instance_based_gamma,SYN/SYN000^6.p,unknown,Unknown,parser_error,na,0,,,,,,,,,cached: Lexer failed to parse entire string. Unparsed: {$necessary} @ ( ( newp @ ( newf @ newc @ a ) @ a ) & ( newp @ ( newf @ X @ a ) @ a ) ) ) ). thf(new_possible_axiom axiom  ( {$possible} @ ( ! [X: new] :
no_instance_based_gamma,SYN/SYN000^7.p,unknown,Unknown,parser_error,na,0,,,,,,,,,cached: Lexer failed to parse entire string. Unparsed: {$necessary(agent)} @ ( ( newp @ ( newf @ newc @ a ) @ a ) & ( newp @ ( newf @ X @ a ) @ a ) ) ) ). thf(new_possible_index_axiom axiom  ( {$possible(agen
no_instance_based_gamma,SYN/SYN036^5.p,TH0,Theorem,timeout,na,2083,4393,44,4393,113,520,0,0,0,
no_instance_based_gamma,SYN/SYN036^7.p,TH0,Theorem,timeout,na,2157,149,4,149,20,1,0,0,0,
no_instance_based_gamma,SYN/SYN040^4.p,TH0,CounterSatisfiable,timeout,na,2166,3762,62,3762,203,132,0,0,0,
no_instance_based_gamma,SYN/SYN041^4.p,TH0,Theorem,timeout,na,2153,3763,71,3763,225,100,0,0,0,
no_instance_based_gamma,SYN/SYN044^4.p,TH0,Theorem,timeout,na,2123,2631,55,2631,218,54,0,0,0,
no_instance_based_gamma,SYN/SYN045^4.p,TH0,Theorem,timeout,na,2095,2672,98,2672,198,65,0,0,0,
no_instance_based_gamma,SYN/SYN045^7.p,TH0,Theorem,timeout,na,2139,2774,57,2774,232,38,0,0,0,
no_instance_based_gamma,SYN/SYN046^4.p,TH0,CounterSatisfiable,timeout,na,2165,4121,83,4121,225,120,0,0,0,
no_instance_based_gamma,SYN/SYN047^4.p,TH0,CounterSatisfiable,timeout,na,2111,2499,21,2499,238,72,0,0,0,
no_instance_based_gamma,SYN/SYN049^5.p,TH0,Theorem,thm,yes,75,32,1,32,2,1,0,1,1,
no_instance_based_gamma,SYN/SYN051^5.p,TH0,Theorem,thm,yes,26,50,0,50,5,10,0,7,1,
no_instance_based_gamma,SYN/SYN052^7.p,TH0,Theorem,timeout,na,2147,2406,90,2406,185,99,0,0,0,
no_instance_based_gamma,SYN/SYN055^5.p,TH0,Theorem,thm,yes,79,219,2,219,30,12,0,1,1,
no_instance_based_gamma,SYN/SYN056^5.p,TH0,Theorem,timeout,na,2180,4519,11,4519,474,961,0,1,0,
no_instance_based_gamma,SYN/SYN057^5.p,TH0,Theorem,timeout,na,2018,845,13,845,80,104,0,2,0,
no_instance_based_gamma,SYN/SYN058^5.p,TH0,Theorem,thm,yes,81,161,0,161,26,4,0,1,1,
no_instance_based_gamma,SYN/SYN059^5.p,TH0,Theorem,timeout,na,2143,6140,57,6140,532,728,0,1,0,
no_instance_based_gamma,SYN/SYN064^5.p,TH0,Theorem,thm,yes,9,7,0,7,1,0,0,1,1,
no_instance_based_gamma,SYN/SYN355^5.p,TH0,Theorem,thm,yes,14,17,0,17,3,0,0,1,1,
no_instance_based_gamma,SYN/SYN356^5.p,TH0,Theorem,timeout,na,2054,4126,177,4126,333,240,0,2,0,
no_instance_based_gamma,SYN/SYN357^5.p,TH0,Theorem,thm,yes,4,5,0,5,1,0,0,1,1,
no_instance_based_gamma,SYN/SYN357^7.p,TH0,Theorem,timeout,na,2452,6130,152,6130,1873,32,0,1,0,
no_instance_based_gamma,SYN/SYN358^5.p,TH0,Theorem,thm,yes,15,28,0,28,3,4,0,1,1,
no_instance_based_gamma,SYN/SYN360^5.p,TH0,Theorem,thm,yes,15,20,0,20,2,0,0,1,1,
no_instance_based_gamma,SYN/SYN361^5.p,TH0,Theorem,thm,yes,24,32,1,32,4,0,0,1,1,
no_instance_based_gamma,SYN/SYN364^5.p,TH0,Theorem,timeout,na,2009,537,13,537,32,33,0,2,0,
no_instance_based_gamma,SYN/SYN365^5.p,TH0,Theorem,timeout,na,2209,5710,19,5710,1334,370,0,1,0,
no_instance_based_gamma,SYN/SYN367^7.p,TH0,Theorem,timeout,na,2238,2748,51,2748,173,73,0,0,0,
no_instance_based_gamma,SYN/SYN374^5.p,TH0,Theorem,thm,yes,369,151,1,151,10,22,0,2,1,
no_instance_based_gamma,SYN/SYN375^5.p,TH0,Theorem,thm,yes,5,1,0,1,1,1,0,0,0,
no_instance_based_gamma,SYN/SYN377^5.p,TH0,Theorem,thm,yes,32,61,0,61,6,5,0,1,1,
no_instance_based_gamma,SYN/SYN377^7.p,TH0,Theorem,timeout,na,2126,2404,163,2404,143,16,0,0,0,
no_instance_based_gamma,SYN/SYN381^5.p,TH0,Theorem,timeout,na,2181,6347,275,6347,965,279,0,4,0,
no_instance_based_gamma,SYN/SYN382^5.p,TH0,Theorem,thm,yes,14,15,0,15,2,0,0,1,1,
no_instance_based_gamma,SYN/SYN386^5.p,TH0,Theorem,timeout,na,2167,3694,77,3694,716,0,0,4,0,
no_instance_based_gamma,SYN/SYN387^4.p,TH0,CounterSatisfiable,timeout,na,2218,6672,175,6672,217,200,0,0,0,
no_instance_based_gamma,SYN/SYN387^7.p,TH0,CounterSatisfiable,timeout,na,2199,4524,100,4524,227,84,0,0,0,
no_instance_based_gamma,SYN/SYN388^4.p,TH0,CounterSatisfiable,timeout,na,2179,5236,98,5236,199,157,0,0,0,
no_instance_based_gamma,SYN/SYN389^4.p,TH0,CounterSatisfiable,timeout,na,2118,3564,92,3564,212,109,0,0,0,
no_instance_based_gamma,SYN/SYN390^4.p,TH0,Theorem,thm,yes,115,121,3,121,8,9,0,1,1,
no_instance_based_gamma,SYN/SYN391^4.p,TH0,Theorem,timeout,na,2107,2644,75,2644,165,102,0,0,0,
no_instance_based_gamma,SYN/SYN392^4.p,TH0,CounterSatisfiable,timeout,na,2109,2854,76,2854,190,144,0,0,0,
no_instance_based_gamma,SYN/SYN397^7.p,TH0,Theorem,timeout,na,2465,5399,49,5399,234,96,0,0,0,
no_instance_based_gamma,SYN/SYN407^7.p,TH0,CounterSatisfiable,timeout,na,2202,3236,99,3236,208,83,0,0,0,
no_instance_based_gamma,SYN/SYN416^4.p,TH0,CounterSatisfiable,timeout,na,2146,4029,95,4029,216,110,0,0,0,
no_instance_based_gamma,SYN/SYN416^7.p,TH0,CounterSatisfiable,timeout,na,2174,4299,96,4299,234,72,0,0,0,
no_instance_based_gamma,SYN/SYN731^5.p,TH0,Theorem,thm,yes,19,21,2,21,1,0,0,1,1,
no_instance_based_gamma,SYN/SYN732^5.p,TH0,Theorem,thm,yes,33,42,3,42,3,0,0,1,1,
no_instance_based_gamma,SYN/SYN741^7.p,TH0,ContradictoryAxioms,timeout,na,2113,0,0,0,1,0,0,0,0,
no_instance_based_gamma,SYN/SYN915^4.p,TH0,Theorem,thm,yes,26,3,0,3,1,1,0,0,0,
no_instance_based_gamma,SYN/SYN916^4.p,TH0,CounterSatisfiable,timeout,na,2082,3780,242,3780,237,161,0,0,0,
no_instance_based_gamma,SYN/SYN977^4.p,TH0,CounterSatisfiable,timeout,na,2110,2984,86,2984,221,65,0,0,0,
no_instance_based_gamma,SYN/SYN978^4.p,TH0,Theorem,timeout,na,2126,4323,186,4323,188,123,0,0,0,
no_instance_based_gamma,SYN/SYN983^1.p,TH0,Theorem,thm,yes,21,54,0,45,5,12,0,0,0,
no_instance_based_gamma,SYN/SYN984^1.p,TH0,Theorem,timeout,na,2301,3129,6,3129,7,536,0,0,0,
no_instance_based_gamma,SYN/SYN985^1.p,TH0,CounterSatisfiable,timeout,na,2045,2220,175,2220,88,0,0,3,0,
no_instance_based_gamma,SYN/SYN987^1.p,TH0,CounterSatisfiable,csa,yes,2,2,0,2,1,0,1,0,0,¬C[Y4KZ]
no_instance_based_gamma,SYN/SYN987^2.p,TH0,Unsatisfiable,no_conjecture,na,0,,,,,,,,,
no_instance_based_gamma,SYN/SYN988^1.p,TH0,CounterSatisfiable,csa,yes,2,2,0,2,1,0,1,0,0,C[VDH34]
no_instance_based_gamma,SYN/SYN988^2.p,TH0,Unsatisfiable,no_conjecture,na,0,,,,,,,,,
no_instance_based_gamma,SYN/SYN989^1.p,TH0,Theorem,thm,yes,2,2,0,2,1,1,0,0,0,
no_instance_based_gamma,SYN/SYN989^2.p,TH0,Satisfiable,no_conjecture,na,0,,,,,,,,,
no_instance_based_gamma,SYN/SYN989^3.p,TH0,Theorem,thm,yes,1,1,0,1,1,1,0,0,0,
no_instance_based_gamma,SYN/SYN990^1.p,TH0,Satisfiable,no_conjecture,na,2,,,,,,,,,
no_instance_based_gamma,SYN/SYN991^1.p,TH0,Unsatisfiable,no_conjecture,na,1,,,,,,,,,
no_instance_based_gamma,SYN/SYN992^1.p,TH0,Theorem,thm,yes,8,5,0,5,1,0,0,1,1,
no_instance_based_gamma,SYN/SYN993^1.p,TH0,CounterSatisfiable,timeout,na,2005,1019,111,1019,1,0,0,0,0,
no_instance_based_gamma,SYN/SYN994^1.p,TH0,CounterSatisfiable,timeout,na,2004,978,108,978,1,0,0,0,0,
no_instance_based_gamma,SYN/SYN995^1.p,TH0,CounterSatisfiable,timeout,na,2149,6984,86,6984,558,514,0,0,0,
no_instance_based_gamma,SYN/SYN996^1.p,TH0,Theorem,thm,yes,90,9,0,9,1,0,0,1,1,
no_instance_based_gamma,SYN/SYN997^1.p,TH0,Theorem,timeout,na,2003,124,12,124,1,0,0,0,0,
no_instance_based_gamma,SYN/SYN998^1.p,TH0,Theorem,thm,yes,3,4,0,4,1,1,0,0,0,
no_instance_based_gamma,SYN/SYN999^1.p,TH0,Theorem,thm,yes,21,14,1,14,2,0,0,1,1,
no_instance_based_gamma,SYO/SYO001^1.p,TH0,Theorem,timeout,na,2100,2624,9,2624,629,0,0,2,0,
no_instance_based_gamma,SYO/SYO002^1.p,TH0,Theorem,thm,yes,24,15,1,15,2,0,0,1,1,
no_instance_based_gamma,SYO/SYO003^1.p,TH0,Theorem,thm,yes,21,13,0,13,2,0,0,1,1,
no_instance_based_gamma,SYO/SYO004^1.p,TH0,Theorem,timeout,na,2003,61,1,61,5,2,0,4,0,
no_instance_based_gamma,SYO/SYO005^1.p,TH0,Theorem,thm,yes,37,15,1,15,2,0,0,1,1,
no_instance_based_gamma,SYO/SYO006^1.p,TH0,Theorem,thm,yes,26,34,0,30,3,7,0,0,0,
no_instance_based_gamma,SYO/SYO007^1.p,TH0,Theorem,thm,yes,28,35,0,31,3,7,0,0,0,
no_instance_based_gamma,SYO/SYO008^1.p,TH0,Theorem,timeout,na,2069,2077,39,2077,394,0,0,2,0,
no_instance_based_gamma,SYO/SYO009^1.p,TH0,Theorem,thm,yes,3,1,0,1,1,1,0,0,0,
no_instance_based_gamma,SYO/SYO010^1.p,TH0,Theorem,timeout,na,2074,2527,80,2527,394,0,0,4,0,
no_instance_based_gamma,SYO/SYO011^1.p,TH0,Theorem,timeout,na,2074,2537,70,2537,440,0,0,4,0,
no_instance_based_gamma,SYO/SYO012^1.p,TH0,Theorem,thm,yes,3,1,0,1,1,1,0,0,0,
no_instance_based_gamma,SYO/SYO013^1.p,TH0,Theorem,thm,yes,7,12,0,10,2,3,0,0,0,
no_instance_based_gamma,SYO/SYO015^1.p,TH0,Theorem,thm,yes,2,2,0,2,1,1,0,0,0,
no_instance_based_gamma,SYO/SYO016^1.p,TH0,Theorem,timeout,na,2050,939,1,862,9,132,0,0,0,
no_instance_based_gamma,SYO/SYO017^1.p,TH0,Theorem,csa,no,72,223,0,199,9,43,1,0,0,[C[1CLZS0] <- ⊤  C[K3TWQ] <- ⊤  C[1IZZYO] <- ⊥]  Model: C[K3TWQ]  ¬(h (⊥ = C[K3TWQ]))  ¬(h (C[1IZZYO] = C[K3TWQ]))  ¬C[1IZZYO]  ¬(h C[K3TWQ])
no_instance_based_gamma,SYO/SYO018^1.p,TH0,Theorem,timeout,na,2045,1302,16,1302,188,8,0,2,0,
no_instance_based_gamma,SYO/SYO019^1.p,TH0,Theorem,thm,yes,6,3,0,3,1,1,0,0,0,
no_instance_based_gamma,SYO/SYO020^1.p,TH0,Theorem,parser_error,na,0,,,,,,,,,cached: Failed to parse formula 'conj': [byte:1833] Type Error: Cannot unify strict function types of different arities.
no_instance_based_gamma,SYO/SYO021^1.p,TH0,Theorem,thm,yes,5,3,0,3,1,1,0,0,0,
no_instance_based_gamma,SYO/SYO022^1.p,TH0,Theorem,timeout,na,2069,552,36,537,213,13,0,0,0,
no_instance_based_gamma,SYO/SYO023^1.p,TH0,Theorem,thm,yes,6,1,0,1,1,1,0,0,0,
no_instance_based_gamma,SYO/SYO024^1.p,TH0,Theorem,thm,yes,118,49,0,48,16,16,0,0,0,
no_instance_based_gamma,SYO/SYO025^1.p,TH0,Theorem,thm,yes,4,1,0,1,1,1,0,0,0,
no_instance_based_gamma,SYO/SYO026^1.p,TH0,Theorem,thm,yes,18,14,0,13,4,4,0,0,0,
no_instance_based_gamma,SYO/SYO027^1.p,TH0,Theorem,thm,yes,1,2,0,2,1,1,0,0,0,
no_instance_based_gamma,SYO/SYO028^1.p,TH0,Theorem,thm,yes,2,2,0,2,1,1,0,0,0,
no_instance_based_gamma,SYO/SYO029^1.p,TH0,Theorem,thm,yes,5,3,0,3,1,1,0,0,0,
no_instance_based_gamma,SYO/SYO030^1.p,TH0,Theorem,thm,yes,31,92,0,77,11,16,0,0,0,
no_instance_based_gamma,SYO/SYO031^1.p,TH0,Theorem,thm,yes,8,11,1,11,1,1,0,0,0,
no_instance_based_gamma,SYO/SYO032^1.p,TH0,Theorem,thm,yes,49,20,1,20,1,1,0,0,0,
no_instance_based_gamma,SYO/SYO033^1.p,TH0,Theorem,timeout,na,2004,33,2,33,3,1,0,4,0,
no_instance_based_gamma,SYO/SYO034^1.p,TH0,Theorem,thm,yes,7,5,0,5,1,1,0,0,0,
no_instance_based_gamma,SYO/SYO035^1.p,TH0,Theorem,timeout,na,2064,2071,70,2071,319,0,0,3,0,
no_instance_based_gamma,SYO/SYO037^1.p,TH0,ContradictoryAxioms,timeout,na,2103,3720,150,3720,751,42,0,2,0,
no_instance_based_gamma,SYO/SYO039^1.p,TH0,Unsatisfiable,parser_error,na,0,,,,,,,,,cached: Failed to parse formula '1': [byte:1601] Type Error: Cannot unify strict function types of different arities.
no_instance_based_gamma,SYO/SYO039^2.p,TH0,Theorem,parser_error,na,0,,,,,,,,,cached: Failed to parse formula '1': [byte:1905] Type Error: Cannot unify strict function types of different arities.
no_instance_based_gamma,SYO/SYO040^1.p,TH0,Unsatisfiable,no_conjecture,na,1,,,,,,,,,
no_instance_based_gamma,SYO/SYO040^2.p,TH0,Theorem,csa,no,86,323,0,292,13,63,1,0,0,[C[1MXYVO] <- ⊤  C[120OAG] <- ⊤  C[3MNX2] <- ⊤  C[V8ZRF] <- ⊥  C[13S9CD] <- ⊥]  Model: ¬(C[4GQ9P] (h ⊥))  C[3MNX2]  C[4GQ9P] (h (f C[3MNX2]))  C[4GQ9P] (h (f (f C[V8ZRF])))  ¬(C[4GQ9P] (h C[13S9CD])) 
no_instance_based_gamma,SYO/SYO041^1.p,TH0,Unsatisfiable,no_conjecture,na,2,,,,,,,,,
no_instance_based_gamma,SYO/SYO041^2.p,TH0,Theorem,unk,na,197,552,0,507,15,114,0,0,0,
no_instance_based_gamma,SYO/SYO042^1.p,TH0,Unsatisfiable,no_conjecture,na,3,,,,,,,,,
no_instance_based_gamma,SYO/SYO042^2.p,TH0,Theorem,unk,na,142,219,0,200,8,48,0,0,0,
no_instance_based_gamma,SYO/SYO043^1.p,TH0,Unsatisfiable,no_conjecture,na,1,,,,,,,,,
no_instance_based_gamma,SYO/SYO043^2.p,TH0,CounterSatisfiable,csa,yes,9,6,0,3,6,0,1,0,0,[f <- λ. ¬1  x <- ⊤]  Model: ¬(q (λ. f 1) x)  ¬(q (λ. ¬1) x)  ¬(q (λ. ¬1) ⊤)
no_instance_based_gamma,SYO/SYO044^1.p,TH0,Theorem,thm,yes,49,5,0,5,1,1,0,0,0,
no_instance_based_gamma,SYO/SYO045^1.p,TH0,Theorem,thm,yes,98,56,1,56,7,4,0,1,1,
no_instance_based_gamma,SYO/SYO046^1.p,TH0,Theorem,thm,yes,105,60,1,60,9,6,0,1,1,
no_instance_based_gamma,SYO/SYO047^1.p,TH0,Theorem,thm,yes,107,55,1,55,8,6,0,1,1,
no_instance_based_gamma,SYO/SYO048^1.p,TH0,Theorem,timeout,na,2053,315,0,315,26,51,0,2,0,
no_instance_based_gamma,SYO/SYO049^1.p,TH0,Theorem,timeout,na,2051,283,1,283,18,45,0,2,0,
no_instance_based_gamma,SYO/SYO050^1.p,TH0,CounterSatisfiable,timeout,na,2124,3577,330,3577,339,5,0,0,0,
no_instance_based_gamma,SYO/SYO050^2.p,TH0,Theorem,thm,yes,66,17,0,17,3,0,0,1,1,
no_instance_based_gamma,SYO/SYO051^1.p,TH0,CounterSatisfiable,timeout,na,2047,95,2,95,9,8,0,9,0,
no_instance_based_gamma,SYO/SYO051^2.p,TH0,CounterSatisfiable,timeout,na,2062,1294,92,1294,54,6,0,3,0,
no_instance_based_gamma,SYO/SYO052^1.p,TH0,CounterSatisfiable,timeout,na,2439,8706,73,8706,303,0,0,0,0,
no_instance_based_gamma,SYO/SYO052^2.p,TH0,Theorem,thm,yes,124,28,0,28,3,0,0,1,1,
no_instance_based_gamma,SYO/SYO053^1.p,TH0,CounterSatisfiable,timeout,na,2052,1377,182,1377,1,0,0,0,0,
no_instance_based_gamma,SYO/SYO053^2.p,TH0,Theorem,thm,yes,52,5,0,5,1,0,0,1,1,
no_instance_based_gamma,SYO/SYO054^1.p,TH0,CounterSatisfiable,csa,yes,65,13,1,13,1,0,1,0,0,[mand <- λλλ. mnot (λ. mor (λ. mnot (λ. 6 1) 1) (λ. mnot (λ. 5 1) 1) 1) 1  mbox <- λλλ. ∀(λ. (¬(4 2 1)) ∨ (3 1))  mcountersatisfiable <- λ. ∃(λ. ¬(2 1))  mdia <- λλλ. mnot (λ. mbox (λλ. 6 2 1) (λ. mno
no_instance_based_gamma,SYO/SYO054^2.p,TH0,CounterSatisfiable,timeout,na,2083,1606,97,1606,95,19,0,2,0,
no_instance_based_gamma,SYO/SYO055^1.p,TH0,CounterSatisfiable,timeout,na,2223,6784,430,6784,351,36,0,0,0,
no_instance_based_gamma,SYO/SYO055^2.p,TH0,CounterSatisfiable,timeout,na,2063,1022,78,1022,48,0,0,1,0,
no_instance_based_gamma,SYO/SYO056^1.p,TH0,CounterSatisfiable,timeout,na,2057,115,1,115,11,16,0,7,0,
no_instance_based_gamma,SYO/SYO056^2.p,TH0,CounterSatisfiable,timeout,na,2070,1304,95,1304,59,0,0,3,0,
no_instance_based_gamma,SYO/SYO057^1.p,TH0,CounterSatisfiable,timeout,na,2248,5621,26,5621,204,153,0,0,0,
no_instance_based_gamma,SYO/SYO057^2.p,TH0,Theorem,timeout,na,2070,1325,96,1325,59,0,0,2,0,
no_instance_based_gamma,SYO/SYO058^4.p,TH0,Theorem,thm,yes,65,83,3,83,7,1,0,1,1,
no_instance_based_gamma,SYO/SYO059^4.p,TH0,Theorem,timeout,na,2227,5201,84,5201,200,115,0,0,0,
no_instance_based_gamma,SYO/SYO060^4.p,TH0,Theorem,timeout,na,2135,3930,88,3930,210,111,0,0,0,
no_instance_based_gamma,SYO/SYO061^4.p,TH0,Theorem,timeout,na,2130,4088,110,4088,223,89,0,0,0,
no_instance_based_gamma,SYO/SYO063^4.p,TH0,Theorem,timeout,na,2086,2528,109,2528,246,28,0,0,0,
no_instance_based_gamma,SYO/SYO076^5.p,TH0,Theorem,thm,yes,2,1,0,1,1,1,0,0,0,
no_instance_based_gamma,SYO/SYO077^5.p,TH0,Theorem,thm,yes,4,5,0,5,1,0,0,1,1,
no_instance_based_gamma,SYO/SYO078^5.p,TH0,Theorem,thm,yes,4,1,0,1,1,1,0,0,0,
no_instance_based_gamma,SYO/SYO079^5.p,TH0,Theorem,thm,yes,5,1,0,1,1,1,0,0,0,
no_instance_based_gamma,SYO/SYO080^5.p,TH0,Theorem,thm,yes,2,1,0,1,1,1,0,0,0,
no_instance_based_gamma,SYO/SYO081^5.p,TH0,Theorem,thm,yes,4,5,0,5,1,0,0,1,1,
no_instance_based_gamma,SYO/SYO082^5.p,TH0,Theorem,thm,yes,11,10,1,10,1,0,0,1,1,
no_instance_based_gamma,SYO/SYO083^5.p,TH0,Theorem,thm,yes,12,20,1,20,2,1,0,1,1,
no_instance_based_gamma,SYO/SYO084^5.p,TH0,Theorem,thm,yes,50,25,0,25,3,2,0,3,1,
no_instance_based_gamma,SYO/SYO085^5.p,TH0,Theorem,thm,yes,5,1,0,1,1,1,0,0,0,
no_instance_based_gamma,SYO/SYO086^5.p,TH0,Theorem,thm,yes,6,1,0,1,1,1,0,0,0,
no_instance_based_gamma,SYO/SYO087^5.p,TH0,Theorem,thm,yes,7,2,0,2,1,1,0,0,0,
no_instance_based_gamma,SYO/SYO088^5.p,TH0,Theorem,thm,yes,11,1,0,1,1,1,0,0,0,
no_instance_based_gamma,SYO/SYO089^5.p,TH0,Theorem,thm,yes,12,1,0,1,1,1,0,0,0,
no_instance_based_gamma,SYO/SYO090^5.p,TH0,Theorem,thm,yes,16,1,0,1,1,1,0,0,0,
no_instance_based_gamma,SYO/SYO091^5.p,TH0,Theorem,thm,yes,7,4,0,4,1,1,0,0,0,
no_instance_based_gamma,SYO/SYO092^5.p,TH0,Theorem,timeout,na,2004,144,2,144,13,12,0,4,0,
no_instance_based_gamma,SYO/SYO093^5.p,TH0,Theorem,timeout,na,2146,6455,190,6455,701,270,0,4,0,
no_instance_based_gamma,SYO/SYO094^5.p,TH0,Theorem,thm,yes,13,17,0,17,2,0,0,1,1,
no_instance_based_gamma,SYO/SYO095^5.p,TH0,Theorem,thm,yes,67,112,3,112,7,12,0,2,1,
no_instance_based_gamma,SYO/SYO096^5.p,TH0,Theorem,timeout,na,2113,7301,271,7301,600,146,0,2,0,
no_instance_based_gamma,SYO/SYO098^5.p,TH0,Theorem,thm,yes,21,14,0,14,2,0,0,1,1,
no_instance_based_gamma,SYO/SYO099^5.p,TH0,Theorem,thm,yes,16,18,0,18,2,1,0,1,1,
no_instance_based_gamma,SYO/SYO101^5.p,TH0,Theorem,thm,yes,41,41,2,41,3,1,0,5,1,
no_instance_based_gamma,SYO/SYO102^5.p,TH0,Theorem,timeout,na,2234,6735,135,6735,1043,847,0,3,0,
no_instance_based_gamma,SYO/SYO103^5.p,TH0,Theorem,timeout,na,2078,3071,157,3071,223,131,0,4,0,
no_instance_based_gamma,SYO/SYO104^5.p,TH0,Theorem,thm,yes,21,41,1,41,4,3,0,1,1,
no_instance_based_gamma,SYO/SYO105^5.p,TH0,Theorem,timeout,na,2155,3811,40,3811,272,462,0,1,0,
no_instance_based_gamma,SYO/SYO107^5.p,TH0,Theorem,thm,yes,14,22,0,22,3,0,0,1,1,
no_instance_based_gamma,SYO/SYO108^5.p,TH0,Theorem,thm,yes,20,19,0,19,3,0,0,1,1,
no_instance_based_gamma,SYO/SYO109^5.p,TH0,Theorem,timeout,na,2090,3211,98,3211,554,98,0,3,0,
no_instance_based_gamma,SYO/SYO111^5.p,TH0,Theorem,thm,yes,50,50,1,50,4,8,0,1,1,
no_instance_based_gamma,SYO/SYO112^5.p,TH0,Theorem,thm,yes,33,60,1,60,6,6,0,1,1,
no_instance_based_gamma,SYO/SYO113^5.p,TH0,Theorem,timeout,na,2156,5453,50,5453,698,608,0,1,0,
no_instance_based_gamma,SYO/SYO114^5.p,TH0,Theorem,timeout,na,2207,5944,37,5944,502,935,0,1,0,
no_instance_based_gamma,SYO/SYO118^5.p,TH0,Theorem,thm,yes,2,1,0,1,1,1,0,0,0,
no_instance_based_gamma,SYO/SYO119^5.p,TH0,Theorem,thm,yes,2,5,0,5,1,0,0,1,1,
no_instance_based_gamma,SYO/SYO120^5.p,TH0,Theorem,thm,yes,2,2,0,2,1,1,0,0,0,
no_instance_based_gamma,SYO/SYO121^5.p,TH0,CounterSatisfiable,timeout,na,2004,1580,195,1580,1,0,0,0,0,
no_instance_based_gamma,SYO/SYO122^5.p,TH0,CounterSatisfiable,csa,yes,3,4,0,4,1,0,1,0,0,¬(cEQ C[18B9S9] C[ZBKXV])
no_instance_based_gamma,SYO/SYO123^5.p,TH0,Theorem,thm,yes,5,11,0,11,2,1,0,2,1,
no_instance_based_gamma,SYO/SYO124^5.p,TH0,Theorem,thm,yes,3,1,0,1,1,1,0,0,0,
no_instance_based_gamma,SYO/SYO125^5.p,TH0,Theorem,thm,yes,4,1,0,1,1,1,0,0,0,
no_instance_based_gamma,SYO/SYO126^5.p,TH0,CounterSatisfiable,unk,na,13,7,0,7,2,0,0,0,0,
no_instance_based_gamma,SYO/SYO128^5.p,TH0,Theorem,thm,yes,4,1,0,1,1,1,0,0,0,
no_instance_based_gamma,SYO/SYO129^5.p,TH0,Theorem,thm,yes,10,18,0,18,2,2,0,3,1,
no_instance_based_gamma,SYO/SYO130^5.p,TH0,CounterSatisfiable,csa,yes,3,2,0,2,1,0,1,0,0,cP C[1XSV42]
no_instance_based_gamma,SYO/SYO131^5.p,TH0,Theorem,thm,yes,5,4,0,4,1,0,0,1,1,
no_instance_based_gamma,SYO/SYO132^5.p,TH0,Theorem,thm,yes,15,9,0,9,2,2,0,0,0,
no_instance_based_gamma,SYO/SYO133^5.p,TH0,Theorem,thm,yes,124,128,1,128,5,9,0,2,1,
no_instance_based_gamma,SYO/SYO134^5.p,TH0,Theorem,thm,yes,15,18,1,18,2,0,0,1,1,
no_instance_based_gamma,SYO/SYO135^5.p,TH0,Theorem,thm,yes,11,13,0,13,2,1,0,2,1,
no_instance_based_gamma,SYO/SYO136^5.p,TH0,Theorem,thm,yes,14,20,1,20,2,1,0,1,1,
no_instance_based_gamma,SYO/SYO137^5.p,TH0,CounterSatisfiable,csa,yes,62,270,2,270,22,37,4,0,0,¬(cM C[1PJ28F])  ¬(cN C[213KK1])  ¬(cM C[L4J08])  cM C[20OLIC]  ¬(cN C[20OLIC])  cM C[1IO19L]  ¬(cN C[1IO19L])
no_instance_based_gamma,SYO/SYO138^5.p,TH0,CounterSatisfiable,csa,yes,6,4,0,4,1,0,1,0,0,cP C[KK6S9]  ¬(cS C[KK6S9])
no_instance_based_gamma,SYO/SYO139^5.p,TH0,Theorem,thm,yes,7,5,0,5,1,1,0,0,0,
no_instance_based_gamma,SYO/SYO140^5.p,TH0,Theorem,thm,yes,11,12,0,12,2,0,0,1,1,
no_instance_based_gamma,SYO/SYO141^5.p,TH0,Theorem,thm,yes,17,19,1,19,2,0,0,1,1,
no_instance_based_gamma,SYO/SYO142^5.p,TH0,Theorem,thm,yes,87,101,1,101,8,8,0,1,1,
no_instance_based_gamma,SYO/SYO143^5.p,TH0,Theorem,thm,yes,20,16,1,16,1,0,0,1,1,
no_instance_based_gamma,SYO/SYO144^5.p,TH0,CounterSatisfiable,csa,yes,37,30,1,30,4,1,1,0,0,cR1 x  ¬cC  ¬(cP C[25V6EP])  ¬(cP C[WKHE0])
no_instance_based_gamma,SYO/SYO145^5.p,TH0,Theorem,thm,yes,23,33,2,33,2,0,0,3,1,
no_instance_based_gamma,SYO/SYO146^5.p,TH0,Theorem,thm,yes,20,46,0,46,6,4,0,1,1,
no_instance_based_gamma,SYO/SYO147^5.p,TH0,Theorem,timeout,na,2042,1674,17,1674,123,138,0,1,0,
no_instance_based_gamma,SYO/SYO148^5.p,TH0,Theorem,thm,yes,74,151,0,151,20,17,0,1,1,
no_instance_based_gamma,SYO/SYO149^5.p,TH0,Theorem,thm,yes,27,46,0,46,7,5,0,2,1,
no_instance_based_gamma,SYO/SYO150^5.p,TH0,CounterSatisfiable,csa,yes,50,30,1,30,4,1,1,0,0,¬cC  cR1 x  ¬(cP C[1QQ1VK])  ¬(cP C[17SYXV])
no_instance_based_gamma,SYO/SYO151^5.p,TH0,CounterSatisfiable,timeout,na,2007,3016,399,3016,3,0,0,0,0,
no_instance_based_gamma,SYO/SYO152^5.p,TH0,CounterSatisfiable,timeout,na,2005,224,21,224,3,6,0,0,0,
no_instance_based_gamma,SYO/SYO153^5.p,TH0,CounterSatisfiable,csa,yes,16,7,0,7,2,0,1,0,0,cReduct C[RKQOS] C[2166MQ]  ¬(cReduct (cAPP C[RKQOS] C[D9XTJ]) (cApp C[2166MQ] C[D9XTJ]))
no_instance_based_gamma,SYO/SYO154^5.p,TH0,Theorem,thm,yes,17,24,0,24,4,1,0,1,1,
no_instance_based_gamma,SYO/SYO155^5.p,TH0,CounterSatisfiable,csa,yes,6,4,0,4,1,0,1,0,0,cP C[1KLC08]  ¬(cS C[1KLC08])
no_instance_based_gamma,SYO/SYO156^5.p,TH0,CounterSatisfiable,csa,yes,7,1,0,1,1,0,1,0,0,
no_instance_based_gamma,SYO/SYO157^5.p,TH0,CounterSatisfiable,timeout,na,2063,3556,319,3556,512,1,0,0,0,
no_instance_based_gamma,SYO/SYO158^5.p,TH0,CounterSatisfiable,csa,yes,68,15,1,15,2,0,1,0,0,cQ C[G86QD] C[1SG8NA] C[Y5Y48]  cQ C[1SG8NA] C[OR2Y3] C[1RHY45]  cQ C[Y5Y48] C[OR2Y3] C[1D9A9F]  ¬(cQ C[G86QD] C[1RHY45] C[1D9A9F])
no_instance_based_gamma,SYO/SYO159^5.p,TH0,Theorem,thm,yes,21,24,0,24,3,2,0,1,1,
no_instance_based_gamma,SYO/SYO160^5.p,TH0,Theorem,timeout,na,2011,773,3,773,43,121,0,2,0,
no_instance_based_gamma,SYO/SYO161^5.p,TH0,Theorem,thm,yes,33,57,0,57,5,10,0,3,1,
no_instance_based_gamma,SYO/SYO163^5.p,TH0,CounterSatisfiable,csa,yes,65,12,0,12,4,1,1,0,0,¬(cT C[1QIG8R])  ¬(cT (i C[1QIG8R] (i C[1WMHMA] C[1QIG8R])))
no_instance_based_gamma,SYO/SYO164^5.p,TH0,CounterSatisfiable,timeout,na,2076,3693,322,3693,384,25,0,0,0,
no_instance_based_gamma,SYO/SYO165^5.p,TH0,CounterSatisfiable,timeout,na,2131,4420,64,4420,744,116,0,2,0,
no_instance_based_gamma,SYO/SYO166^5.p,TH0,CounterSatisfiable,timeout,na,2019,728,36,728,30,21,0,2,0,
no_instance_based_gamma,SYO/SYO167^5.p,TH0,CounterSatisfiable,timeout,na,2018,702,53,702,19,5,0,2,0,
no_instance_based_gamma,SYO/SYO168^5.p,TH0,CounterSatisfiable,timeout,na,2020,758,40,758,22,29,0,8,0,
no_instance_based_gamma,SYO/SYO169^5.p,TH0,Theorem,timeout,na,2133,1472,41,1472,416,2,0,3,0,
no_instance_based_gamma,SYO/SYO170^5.p,TH0,Theorem,timeout,na,2146,1487,36,1487,452,1,0,3,0,
no_instance_based_gamma,SYO/SYO171^5.p,TH0,Theorem,timeout,na,2162,6949,207,6949,1260,196,0,2,0,
no_instance_based_gamma,SYO/SYO173^5.p,TH0,Theorem,timeout,na,2166,3494,27,3494,985,197,0,4,0,
no_instance_based_gamma,SYO/SYO174^5.p,TH0,Theorem,timeout,na,2007,0,0,0,1,0,0,0,0,
no_instance_based_gamma,SYO/SYO175^5.p,TH0,Theorem,timeout,na,2160,6452,246,6452,726,253,0,1,0,
no_instance_based_gamma,SYO/SYO176^5.p,TH0,CounterSatisfiable,csa,yes,862,11,0,11,4,0,1,0,0,cL  cP  ¬cM
no_instance_based_gamma,SYO/SYO178^5.p,TH0,Theorem,thm,yes,91,1,0,1,1,1,0,0,0,
no_instance_based_gamma,SYO/SYO179^5.p,TH0,Theorem,timeout,na,2018,0,0,0,1,0,0,0,0,
no_instance_based_gamma,SYO/SYO180^5.p,TH0,Theorem,thm,yes,567,12,1,12,1,1,0,0,0,
no_instance_based_gamma,SYO/SYO181^5.p,TH0,Theorem,timeout,na,4385,0,0,0,1,0,0,0,0,
no_instance_based_gamma,SYO/SYO182^5.p,TH0,Theorem,timeout,na,5690,0,0,0,1,0,0,0,0,
no_instance_based_gamma,SYO/SYO183^5.p,TH0,Theorem,thm,yes,2,2,0,2,1,1,0,0,0,
no_instance_based_gamma,SYO/SYO183^6.p,TH0,Theorem,thm,yes,6,3,0,3,1,1,0,0,0,
no_instance_based_gamma,SYO/SYO184^5.p,TH0,Theorem,thm,yes,2,3,0,3,1,1,0,0,0,
no_instance_based_gamma,SYO/SYO185^5.p,TH0,Theorem,thm,yes,2,2,0,2,1,1,0,0,0,
no_instance_based_gamma,SYO/SYO186^5.p,TH0,Theorem,thm,yes,2,3,0,3,1,1,0,0,0,
no_instance_based_gamma,SYO/SYO187^5.p,TH0,Theorem,thm,yes,3,3,0,3,1,1,0,0,0,
no_instance_based_gamma,SYO/SYO188^5.p,TH0,Theorem,thm,yes,52,3,0,3,1,1,0,0,0,
no_instance_based_gamma,SYO/SYO189^5.p,TH0,Theorem,thm,yes,4,5,0,5,1,1,0,0,0,
no_instance_based_gamma,SYO/SYO190^5.p,TH0,Theorem,thm,yes,3,3,0,3,1,1,0,0,0,
no_instance_based_gamma,SYO/SYO191^5.p,TH0,Theorem,thm,yes,2,3,0,3,1,1,0,0,0,
no_instance_based_gamma,SYO/SYO192^5.p,TH0,Theorem,thm,yes,3,3,0,3,1,1,0,0,0,
no_instance_based_gamma,SYO/SYO193^5.p,TH0,Theorem,thm,yes,47,3,0,3,1,1,0,0,0,
no_instance_based_gamma,SYO/SYO194^5.p,TH0,Theorem,thm,yes,13,14,0,14,2,1,0,1,1,
no_instance_based_gamma,SYO/SYO195^5.p,TH0,Theorem,thm,yes,2,3,0,3,1,1,0,0,0,
no_instance_based_gamma,SYO/SYO196^5.p,TH0,Theorem,thm,yes,3,2,0,2,1,1,0,0,0,
no_instance_based_gamma,SYO/SYO197^5.p,TH0,Theorem,thm,yes,5,5,0,5,1,1,0,0,0,
no_instance_based_gamma,SYO/SYO198^5.p,TH0,Theorem,thm,yes,9,15,0,15,3,4,0,0,0,
no_instance_based_gamma,SYO/SYO199^5.p,TH0,Theorem,thm,yes,9,9,0,9,1,1,0,0,0,
no_instance_based_gamma,SYO/SYO200^5.p,TH0,Theorem,thm,yes,8,8,0,8,1,1,0,0,0,
no_instance_based_gamma,SYO/SYO202^5.p,TH0,Theorem,thm,yes,3,2,0,2,1,1,0,0,0,
no_instance_based_gamma,SYO/SYO203^5.p,TH0,Theorem,thm,yes,3,1,0,1,1,1,0,0,0,
no_instance_based_gamma,SYO/SYO204^5.p,TH0,Theorem,thm,yes,5,6,0,6,1,1,0,0,0,
no_instance_based_gamma,SYO/SYO205^5.p,TH0,Theorem,thm,yes,4,3,0,3,1,1,0,0,0,
no_instance_based_gamma,SYO/SYO206^5.p,TH0,Theorem,thm,yes,17,46,0,46,4,6,0,0,0,
no_instance_based_gamma,SYO/SYO207^5.p,TH0,Theorem,thm,yes,13,28,0,28,4,6,0,0,0,
no_instance_based_gamma,SYO/SYO208^5.p,TH0,Theorem,thm,yes,150,112,2,112,9,5,0,1,1,
no_instance_based_gamma,SYO/SYO209^5.p,TH0,Theorem,timeout,na,2024,868,18,868,110,0,0,3,0,
no_instance_based_gamma,SYO/SYO210^5.p,TH0,CounterSatisfiable,csa,yes,6,5,0,5,1,0,1,0,0,
no_instance_based_gamma,SYO/SYO211^5.p,TH0,CounterSatisfiable,timeout,na,2170,7373,92,7373,560,515,0,0,0,
no_instance_based_gamma,SYO/SYO212^5.p,TH0,Theorem,thm,yes,22,61,0,52,5,13,0,0,0,
no_instance_based_gamma,SYO/SYO213^5.p,TH0,Theorem,thm,yes,163,95,0,95,4,16,0,1,1,
no_instance_based_gamma,SYO/SYO214^5.p,TH0,Theorem,thm,yes,15,5,0,5,1,1,0,0,0,
no_instance_based_gamma,SYO/SYO215^5.p,TH0,Theorem,timeout,na,2003,76,2,76,5,3,0,4,0,
no_instance_based_gamma,SYO/SYO216^5.p,TH0,Theorem,thm,yes,5,4,0,4,1,1,0,0,0,
no_instance_based_gamma,SYO/SYO217^5.p,TH0,Theorem,timeout,na,2019,937,4,937,54,152,0,3,0,
no_instance_based_gamma,SYO/SYO218^5.p,TH0,Theorem,timeout,na,2064,2382,64,2382,255,35,0,2,0,
no_instance_based_gamma,SYO/SYO219^5.p,TH0,Theorem,timeout,na,2035,1921,105,1921,128,3,0,1,0,
no_instance_based_gamma,SYO/SYO220^5.p,TH0,Theorem,thm,yes,18,9,0,9,1,0,0,1,1,
no_instance_based_gamma,SYO/SYO221^5.p,TH0,Theorem,timeout,na,2046,1698,97,1698,137,11,0,1,0,
no_instance_based_gamma,SYO/SYO222^5.p,TH0,Theorem,timeout,na,2035,1129,36,1129,121,87,0,1,0,
no_instance_based_gamma,SYO/SYO223^5.p,TH0,Theorem,timeout,na,2090,4186,117,4186,318,277,0,1,0,
no_instance_based_gamma,SYO/SYO224^5.p,TH0,Theorem,timeout,na,2106,3705,30,3705,456,310,0,1,0,
no_instance_based_gamma,SYO/SYO225^5.p,TH0,Theorem,timeout,na,2242,4591,68,4591,208,346,0,0,0,
no_instance_based_gamma,SYO/SYO226^5.p,TH0,Theorem,timeout,na,2006,166,1,166,14,22,0,3,0,
no_instance_based_gamma,SYO/SYO227^5.p,TH0,Theorem,timeout,na,2064,3719,109,3719,437,1,0,2,0,
no_instance_based_gamma,SYO/SYO228^5.p,TH0,Theorem,timeout,na,2336,6231,11,6231,187,736,0,0,0,
no_instance_based_gamma,SYO/SYO229^5.p,TH0,Theorem,timeout,na,2003,101,4,101,10,1,0,3,0,
no_instance_based_gamma,SYO/SYO230^5.p,TH0,Theorem,timeout,na,2005,127,5,127,9,1,0,4,0,
no_instance_based_gamma,SYO/SYO231^5.p,TH0,Theorem,timeout,na,2254,5391,15,5391,593,487,0,4,0,
no_instance_based_gamma,SYO/SYO232^5.p,TH0,Theorem,thm,yes,11,12,0,12,2,1,0,1,1,
no_instance_based_gamma,SYO/SYO233^5.p,TH0,Theorem,timeout,na,2004,95,3,95,5,2,0,5,0,
no_instance_based_gamma,SYO/SYO234^5.p,TH0,Theorem,timeout,na,2005,109,4,109,9,1,0,4,0,
no_instance_based_gamma,SYO/SYO235^5.p,TH0,Theorem,thm,yes,30,56,0,56,5,12,0,0,0,
no_instance_based_gamma,SYO/SYO236^5.p,TH0,Theorem,timeout,na,2068,2971,150,2971,298,14,0,1,0,
no_instance_based_gamma,SYO/SYO237^5.p,TH0,Theorem,timeout,na,2042,1584,43,1584,188,8,0,3,0,
no_instance_based_gamma,SYO/SYO238^5.p,TH0,Theorem,timeout,na,2005,91,5,91,5,3,0,3,0,
no_instance_based_gamma,SYO/SYO239^5.p,TH0,Theorem,timeout,na,2049,1930,110,1930,223,9,0,4,0,
no_instance_based_gamma,SYO/SYO240^5.p,TH0,Unknown,timeout,na,2027,822,45,822,48,15,0,2,0,
no_instance_based_gamma,SYO/SYO241^5.p,TH0,Theorem,timeout,na,2088,1791,60,1791,398,80,0,1,0,
no_instance_based_gamma,SYO/SYO242^5.p,TH0,CounterSatisfiable,timeout,na,2026,1202,68,1202,52,11,0,2,0,
no_instance_based_gamma,SYO/SYO243^5.p,TH0,Theorem,timeout,na,2066,2317,35,2317,286,13,0,3,0,
no_instance_based_gamma,SYO/SYO244^5.p,TH0,Theorem,timeout,na,2027,409,7,409,40,26,0,2,0,
no_instance_based_gamma,SYO/SYO245^5.p,TH0,ContradictoryAxioms,timeout,na,2129,3638,133,3638,824,32,0,2,0,
no_instance_based_gamma,SYO/SYO246^5.p,TH0,Theorem,timeout,na,2019,180,6,180,13,12,0,1,0,
no_instance_based_gamma,SYO/SYO247^5.p,TH0,CounterSatisfiable,timeout,na,2041,526,25,526,71,13,0,0,0,
no_instance_based_gamma,SYO/SYO248^5.p,TH0,Theorem,timeout,na,2237,6526,1,6526,251,338,0,0,0,
no_instance_based_gamma,SYO/SYO249^5.p,TH0,Theorem,timeout,na,2206,1941,5,1941,194,0,0,0,0,
no_instance_based_gamma,SYO/SYO250^5.p,TH0,Theorem,timeout,na,2117,2,0,2,1,0,0,0,0,
no_instance_based_gamma,SYO/SYO252^5.p,TH0,Theorem,thm,yes,3,3,0,3,1,1,0,0,0,
no_instance_based_gamma,SYO/SYO253^5.p,TH0,Theorem,thm,yes,4,2,0,2,1,1,0,0,0,
no_instance_based_gamma,SYO/SYO255^5.p,TH0,Theorem,timeout,na,2056,1203,27,1203,154,27,0,3,0,
no_instance_based_gamma,SYO/SYO256^5.p,TH0,Theorem,thm,yes,56,85,0,81,6,18,0,0,0,
no_instance_based_gamma,SYO/SYO257^5.p,TH0,Theorem,thm,yes,20,9,0,9,1,0,0,1,1,
no_instance_based_gamma,SYO/SYO258^5.p,TH0,Theorem,thm,yes,52,24,0,24,3,0,0,2,1,
no_instance_based_gamma,SYO/SYO259^5.p,TH0,Theorem,thm,yes,237,57,0,57,5,3,0,1,1,
no_instance_based_gamma,SYO/SYO260^5.p,TH0,Theorem,thm,yes,314,91,1,91,5,7,0,1,1,
no_instance_based_gamma,SYO/SYO261^5.p,TH0,Theorem,timeout,na,2051,2699,97,2699,286,8,0,4,0,
no_instance_based_gamma,SYO/SYO262^5.p,TH0,Theorem,thm,yes,127,7,0,7,1,0,0,1,1,
no_instance_based_gamma,SYO/SYO263^5.p,TH0,Theorem,timeout,na,2020,454,15,454,109,14,0,0,0,
no_instance_based_gamma,SYO/SYO264^5.p,TH0,Theorem,timeout,na,2029,629,17,629,144,16,0,0,0,
no_instance_based_gamma,SYO/SYO265^5.p,TH0,Theorem,thm,yes,57,65,1,65,5,6,0,3,1,
no_instance_based_gamma,SYO/SYO266^5.p,TH0,Theorem,timeout,na,2084,1293,53,1293,436,17,0,1,0,
no_instance_based_gamma,SYO/SYO267^5.p,TH0,Theorem,thm,yes,61,12,0,12,2,0,0,1,1,
no_instance_based_gamma,SYO/SYO268^5.p,TH0,Theorem,thm,yes,91,61,1,61,5,2,0,1,1,
no_instance_based_gamma,SYO/SYO269^5.p,TH0,Theorem,timeout,na,2026,365,22,365,21,0,0,2,0,
no_instance_based_gamma,SYO/SYO270^5.p,TH0,Theorem,thm,yes,140,21,2,21,1,0,0,1,1,
no_instance_based_gamma,SYO/SYO271^5.p,TH0,Theorem,timeout,na,2008,164,3,164,10,15,0,4,0,
no_instance_based_gamma,SYO/SYO272^5.p,TH0,Theorem,timeout,na,2069,1664,45,1664,219,16,0,5,0,
no_instance_based_gamma,SYO/SYO274^5.p,TH0,Theorem,timeout,na,2072,2729,111,2729,378,0,0,2,0,
no_instance_based_gamma,SYO/SYO275^5.p,TH0,Theorem,timeout,na,2048,1416,54,1416,176,12,0,4,0,
no_instance_based_gamma,SYO/SYO276^5.p,TH0,Theorem,timeout,na,2005,41,2,41,3,0,0,3,0,
no_instance_based_gamma,SYO/SYO277^5.p,TH0,Theorem,timeout,na,2149,4619,20,4619,885,9,0,1,0,
no_instance_based_gamma,SYO/SYO278^5.p,TH0,CounterSatisfiable,timeout,na,2002,207,20,207,1,0,0,0,0,
no_instance_based_gamma,SYO/SYO279^5.p,TH0,CounterSatisfiable,csa,yes,5,3,0,3,1,0,1,0,0,¬(cReduct (cAPP (cLAM (λ. C[56LSL] 1)) C[1CG8VM]) (C[56LSL] C[1CG8VM]))
no_instance_based_gamma,SYO/SYO280^5.p,TH0,CounterSatisfiable,timeout,na,2093,1652,77,1652,538,2,0,5,0,
no_instance_based_gamma,SYO/SYO281^5.p,TH0,Theorem,thm,yes,46,7,0,7,1,0,0,1,1,
no_instance_based_gamma,SYO/SYO282^5.p,TH0,Theorem,thm,yes,5,6,0,6,1,0,0,1,1,
no_instance_based_gamma,SYO/SYO284^5.p,TH0,CounterSatisfiable,timeout,na,2004,1411,186,1411,1,0,0,0,0,
no_instance_based_gamma,SYO/SYO285^5.p,TH0,Theorem,thm,yes,4,3,0,3,1,0,0,1,1,
no_instance_based_gamma,SYO/SYO286^5.p,TH0,Theorem,thm,yes,8,8,0,8,1,0,0,1,1,
no_instance_based_gamma,SYO/SYO287^5.p,TH0,Theorem,timeout,na,2210,1339,8,1339,1076,40,0,4,0,
no_instance_based_gamma,SYO/SYO288^5.p,TH0,Theorem,timeout,na,2019,762,32,762,95,34,0,2,0,
no_instance_based_gamma,SYO/SYO289^5.p,TH0,Theorem,thm,yes,8,5,0,5,1,0,0,1,1,
no_instance_based_gamma,SYO/SYO290^5.p,TH0,Theorem,thm,yes,5,1,0,1,1,1,0,0,0,
no_instance_based_gamma,SYO/SYO291^5.p,TH0,Theorem,thm,yes,6,3,0,3,1,0,0,1,1,
no_instance_based_gamma,SYO/SYO292^5.p,TH0,Theorem,thm,yes,131,12,0,12,2,0,0,2,1,
no_instance_based_gamma,SYO/SYO293^5.p,TH0,Theorem,thm,yes,14,5,0,5,1,0,0,1,1,
no_instance_based_gamma,SYO/SYO294^5.p,TH0,CounterSatisfiable,timeout,na,2063,1611,8,1611,387,4,0,4,0,
no_instance_based_gamma,SYO/SYO295^5.p,TH0,Theorem,timeout,na,2037,2937,178,2937,155,16,0,2,0,
no_instance_based_gamma,SYO/SYO296^5.p,TH0,Theorem,thm,yes,247,45,1,45,5,3,0,2,1,
no_instance_based_gamma,SYO/SYO297^5.p,TH0,CounterSatisfiable,timeout,na,2072,2077,16,2077,209,256,0,7,0,
no_instance_based_gamma,SYO/SYO298^5.p,TH0,Theorem,thm,yes,106,12,0,12,2,0,0,1,1,
no_instance_based_gamma,SYO/SYO299^5.p,TH0,Theorem,thm,yes,50,31,0,31,4,4,0,0,0,
no_instance_based_gamma,SYO/SYO300^5.p,TH0,Theorem,thm,yes,21,6,0,6,1,0,0,1,1,
no_instance_based_gamma,SYO/SYO301^5.p,TH0,Theorem,timeout,na,2102,2745,31,2745,488,60,0,1,0,
no_instance_based_gamma,SYO/SYO302^5.p,TH0,CounterSatisfiable,timeout,na,2028,1326,53,1326,160,0,0,3,0,
no_instance_based_gamma,SYO/SYO303^5.p,TH0,Theorem,timeout,na,2095,2589,39,2589,376,11,0,1,0,
no_instance_based_gamma,SYO/SYO304^5.p,TH0,Theorem,unk,na,11,4,0,4,1,0,0,0,0,
no_instance_based_gamma,SYO/SYO305^5.p,TH0,Theorem,thm,yes,18,20,0,20,3,0,0,1,1,
no_instance_based_gamma,SYO/SYO306^5.p,TH0,Theorem,thm,yes,4,1,0,1,1,1,0,0,0,
no_instance_based_gamma,SYO/SYO307^5.p,TH0,Theorem,timeout,na,2005,107,3,107,9,7,0,2,0,
no_instance_based_gamma,SYO/SYO308^5.p,TH0,Theorem,thm,yes,22,30,0,30,4,2,0,1,1,
no_instance_based_gamma,SYO/SYO309^5.p,TH0,Theorem,timeout,na,2032,1319,91,1319,157,4,0,4,0,
no_instance_based_gamma,SYO/SYO310^5.p,TH0,Theorem,thm,yes,23,10,0,10,2,2,0,0,0,
no_instance_based_gamma,SYO/SYO311^5.p,TH0,Theorem,thm,yes,18,7,0,7,2,2,0,0,0,
no_instance_based_gamma,SYO/SYO312^5.p,TH0,Theorem,timeout,na,2024,953,58,953,57,3,0,2,0,
no_instance_based_gamma,SYO/SYO313^5.p,TH0,CounterSatisfiable,timeout,na,2233,6789,103,6789,1000,492,0,2,0,
no_instance_based_gamma,SYO/SYO314^5.p,TH0,Theorem,thm,yes,10,1,0,1,1,1,0,0,0,
no_instance_based_gamma,SYO/SYO315^5.p,TH0,Theorem,thm,yes,9,1,0,1,1,1,0,0,0,
no_instance_based_gamma,SYO/SYO316^5.p,TH0,CounterSatisfiable,timeout,na,2046,1910,45,1910,229,0,0,1,0,
no_instance_based_gamma,SYO/SYO317^5.p,TH0,Theorem,timeout,na,2117,3537,40,3537,438,112,0,2,0,
no_instance_based_gamma,SYO/SYO318^5.p,TH0,CounterSatisfiable,timeout,na,2020,590,17,590,45,28,0,1,0,
no_instance_based_gamma,SYO/SYO323^5.p,TH0,CounterSatisfiable,csa,yes,30,8,0,8,2,0,1,0,0,cHALF C[18AL7Q] C[VDJO6]  ¬(cHALF (cS (cS C[18AL7Q])) (cS C[VDJO6]))
no_instance_based_gamma,SYO/SYO324^5.p,TH0,Theorem,timeout,na,2029,741,51,741,37,5,0,2,0,
no_instance_based_gamma,SYO/SYO325^5.p,TH0,Theorem,timeout,na,2020,503,23,503,33,9,0,1,0,
no_instance_based_gamma,SYO/SYO326^5.p,TH0,Theorem,timeout,na,2019,217,6,217,19,0,0,1,0,
no_instance_based_gamma,SYO/SYO327^5.p,TH0,Theorem,timeout,na,2027,1211,91,1211,46,0,0,4,0,
no_instance_based_gamma,SYO/SYO328^5.p,TH0,CounterSatisfiable,timeout,na,2010,2,0,2,3,0,0,0,0,
no_instance_based_gamma,SYO/SYO329^5.p,TH0,Theorem,timeout,na,2062,1653,63,1653,278,0,0,4,0,
no_instance_based_gamma,SYO/SYO330^5.p,TH0,Theorem,timeout,na,2026,1166,70,1166,55,25,0,3,0,
no_instance_based_gamma,SYO/SYO331^5.p,TH0,Theorem,timeout,na,2030,862,30,862,96,11,0,1,0,
no_instance_based_gamma,SYO/SYO332^5.p,TH0,Theorem,timeout,na,2026,1342,107,1342,37,6,0,1,0,
no_instance_based_gamma,SYO/SYO333^5.p,TH0,CounterSatisfiable,timeout,na,2050,1245,36,1245,181,0,0,2,0,
no_instance_based_gamma,SYO/SYO334^5.p,TH0,Theorem,timeout,na,2084,2120,43,2120,316,0,0,2,0,
no_instance_based_gamma,SYO/SYO335^5.p,TH0,Theorem,timeout,na,2062,1433,28,1433,332,8,0,4,0,
no_instance_based_gamma,SYO/SYO336^5.p,TH0,Unknown,timeout,na,2021,338,26,338,11,4,0,4,0,
no_instance_based_gamma,SYO/SYO337^5.p,TH0,Theorem,timeout,na,2030,371,19,371,25,4,0,2,0,
no_instance_based_gamma,SYO/SYO338^5.p,TH0,Theorem,timeout,na,2061,1037,71,1037,89,4,0,1,0,
no_instance_based_gamma,SYO/SYO339^5.p,TH0,CounterSatisfiable,timeout,na,2067,1224,22,1224,142,60,0,0,0,
no_instance_based_gamma,SYO/SYO340^5.p,TH0,CounterSatisfiable,timeout,na,2048,455,8,455,76,5,0,0,0,
no_instance_based_gamma,SYO/SYO341^5.p,TH0,CounterSatisfiable,timeout,na,2040,472,10,472,55,19,0,1,0,
no_instance_based_gamma,SYO/SYO344^5.p,TH0,Theorem,thm,yes,6,3,0,3,1,1,0,0,0,
no_instance_based_gamma,SYO/SYO345^5.p,TH0,Theorem,thm,yes,22,33,0,29,5,10,0,0,0,
no_instance_based_gamma,SYO/SYO346^5.p,TH0,Theorem,thm,yes,6,4,0,4,1,1,0,0,0,
no_instance_based_gamma,SYO/SYO347^5.p,TH0,Theorem,thm,yes,8,3,0,3,1,1,0,0,0,
no_instance_based_gamma,SYO/SYO348^5.p,TH0,Theorem,thm,yes,14,24,0,20,3,6,0,0,0,
no_instance_based_gamma,SYO/SYO349^5.p,TH0,Theorem,thm,yes,8,12,0,10,2,3,0,0,0,
no_instance_based_gamma,SYO/SYO350^5.p,TH0,Theorem,timeout,na,2044,1946,72,1946,188,9,0,3,0,
no_instance_based_gamma,SYO/SYO351^5.p,TH0,Theorem,thm,yes,14,13,0,13,2,1,0,1,1,
no_instance_based_gamma,SYO/SYO352^5.p,TH0,Theorem,timeout,na,2065,2339,70,2339,367,0,0,4,0,
no_instance_based_gamma,SYO/SYO353^5.p,TH0,Theorem,thm,yes,24,12,0,12,2,0,0,1,1,
no_instance_based_gamma,SYO/SYO354^5.p,TH0,Theorem,timeout,na,2070,2436,98,2436,344,0,0,4,0,
no_instance_based_gamma,SYO/SYO355^5.p,TH0,Theorem,timeout,na,2005,88,4,88,5,3,0,4,0,
no_instance_based_gamma,SYO/SYO356^5.p,TH0,Theorem,timeout,na,2067,2143,73,2143,299,8,0,4,0,
no_instance_based_gamma,SYO/SYO357^5.p,TH0,Theorem,thm,yes,6,1,0,1,1,1,0,0,0,
no_instance_based_gamma,SYO/SYO358^5.p,TH0,Theorem,thm,yes,5,1,0,1,1,1,0,0,0,
no_instance_based_gamma,SYO/SYO359^5.p,TH0,Theorem,timeout,na,2085,4003,107,4003,477,2,0,3,0,
no_instance_based_gamma,SYO/SYO360^5.p,TH0,Theorem,timeout,na,2056,1849,27,1849,268,19,0,4,0,
no_instance_based_gamma,SYO/SYO361^5.p,TH0,Theorem,timeout,na,2005,120,1,120,7,15,0,3,0,
no_instance_based_gamma,SYO/SYO362^5.p,TH0,Theorem,timeout,na,2033,1592,71,1592,132,17,0,2,0,
no_instance_based_gamma,SYO/SYO363^5.p,TH0,Theorem,timeout,na,2036,974,14,974,136,3,0,2,0,
no_instance_based_gamma,SYO/SYO364^5.p,TH0,Theorem,timeout,na,2046,850,8,850,201,0,0,2,0,
no_instance_based_gamma,SYO/SYO365^5.p,TH0,Theorem,parser_error,na,0,,,,,,,,,cached: Failed to parse formula 'cEXT2_def': [byte:1966] Type Error: Cannot unify strict function types of different arities.
no_instance_based_gamma,SYO/SYO366^5.p,TH0,Theorem,thm,yes,2,1,0,1,1,1,0,0,0,
no_instance_based_gamma,SYO/SYO367^5.p,TH0,Theorem,parser_error,na,0,,,,,,,,,cached: Failed to parse formula 'cEXT2': [byte:1793] Type Error: Cannot unify strict function types of different arities.
no_instance_based_gamma,SYO/SYO368^5.p,TH0,Theorem,thm,yes,15,27,0,23,3,7,0,0,0,
no_instance_based_gamma,SYO/SYO369^5.p,TH0,Theorem,thm,yes,3,1,0,1,1,1,0,0,0,
no_instance_based_gamma,SYO/SYO370^5.p,TH0,Theorem,thm,yes,6,3,0,3,1,1,0,0,0,
no_instance_based_gamma,SYO/SYO371^5.p,TH0,Theorem,thm,yes,11,17,0,17,3,5,0,0,0,
no_instance_based_gamma,SYO/SYO372^5.p,TH0,Theorem,timeout,na,2057,3007,48,3007,279,255,0,0,0,
no_instance_based_gamma,SYO/SYO373^5.p,TH0,Theorem,timeout,na,2063,3017,46,3017,258,255,0,0,0,
no_instance_based_gamma,SYO/SYO374^5.p,TH0,Theorem,timeout,na,2004,73,2,73,5,3,0,2,0,
no_instance_based_gamma,SYO/SYO375^5.p,TH0,Theorem,thm,yes,4,3,0,3,1,1,0,0,0,
no_instance_based_gamma,SYO/SYO376^5.p,TH0,Theorem,timeout,na,2045,1779,14,1727,283,297,0,0,0,
no_instance_based_gamma,SYO/SYO377^5.p,TH0,Theorem,thm,yes,38,60,0,51,5,12,0,0,0,
no_instance_based_gamma,SYO/SYO378^5.p,TH0,Theorem,timeout,na,2024,716,37,716,42,12,0,2,0,
no_instance_based_gamma,SYO/SYO379^5.p,TH0,Theorem,timeout,na,2091,3591,97,3591,455,22,0,4,0,
no_instance_based_gamma,SYO/SYO380^5.p,TH0,Theorem,thm,yes,7,5,0,5,1,0,0,1,1,
no_instance_based_gamma,SYO/SYO381^5.p,TH0,Theorem,thm,yes,13,14,0,14,2,0,0,1,1,
no_instance_based_gamma,SYO/SYO382^5.p,TH0,Theorem,thm,yes,14,1,0,1,1,1,0,0,0,
no_instance_based_gamma,SYO/SYO383^5.p,TH0,Theorem,timeout,na,2256,3908,54,3908,172,0,0,0,0,
no_instance_based_gamma,SYO/SYO384^5.p,TH0,Theorem,thm,yes,27,1,0,1,1,1,0,0,0,
no_instance_based_gamma,SYO/SYO385^5.p,TH0,Theorem,timeout,na,2459,5683,29,5683,215,0,0,0,0,
no_instance_based_gamma,SYO/SYO386^5.p,TH0,Theorem,timeout,na,2387,3676,17,3676,209,0,0,0,0,
no_instance_based_gamma,SYO/SYO387^5.p,TH0,Theorem,timeout,na,2054,81,8,81,1,0,0,0,0,
no_instance_based_gamma,SYO/SYO388^5.p,TH0,Theorem,timeout,na,2080,13,1,13,1,0,0,0,0,
no_instance_based_gamma,SYO/SYO389^5.p,TH0,Theorem,thm,yes,2,1,0,1,1,1,0,0,0,
no_instance_based_gamma,SYO/SYO390^5.p,TH0,Theorem,thm,yes,16,25,0,25,3,5,0,0,0,
no_instance_based_gamma,SYO/SYO391^5.p,TH0,Theorem,timeout,na,2110,7,0,7,1,0,0,0,0,
no_instance_based_gamma,SYO/SYO392^1.p,TH0,Theorem,timeout,na,2208,5252,133,5253,261,106,0,0,0,
no_instance_based_gamma,SYO/SYO393^1.p,TH0,Theorem,timeout,na,2318,9115,92,9115,285,276,0,0,0,
no_instance_based_gamma,SYO/SYO394^1.p,TH0,Theorem,timeout,na,2300,7907,126,7907,299,304,0,0,0,
no_instance_based_gamma,SYO/SYO395^1.p,TH0,Theorem,timeout,na,2087,1802,34,1802,115,183,0,2,0,
no_instance_based_gamma,SYO/SYO396^1.p,TH0,Theorem,timeout,na,2197,4442,21,4442,240,287,0,0,0,
no_instance_based_gamma,SYO/SYO397^1.p,TH0,Theorem,timeout,na,2065,1138,11,1138,101,95,0,2,0,
no_instance_based_gamma,SYO/SYO398^1.p,TH0,Theorem,timeout,na,2170,4777,118,4777,205,261,0,0,0,
no_instance_based_gamma,SYO/SYO399^1.p,TH0,Theorem,timeout,na,2204,5986,30,5986,246,330,0,0,0,
no_instance_based_gamma,SYO/SYO400^1.p,TH0,Theorem,timeout,na,2165,3326,61,3326,270,73,0,0,0,
no_instance_based_gamma,SYO/SYO401^1.p,TH0,Theorem,timeout,na,2199,5321,35,5321,252,318,0,0,0,
no_instance_based_gamma,SYO/SYO402^1.p,TH0,Theorem,timeout,na,2277,7185,56,7185,276,278,0,0,0,
no_instance_based_gamma,SYO/SYO403^1.p,TH0,Theorem,timeout,na,2199,4833,47,4833,228,253,0,0,0,
no_instance_based_gamma,SYO/SYO404^1.p,TH0,Theorem,timeout,na,2190,4169,18,4169,282,108,0,0,0,
no_instance_based_gamma,SYO/SYO405^1.p,TH0,Theorem,timeout,na,2188,5207,151,5207,286,138,0,0,0,
no_instance_based_gamma,SYO/SYO406^1.p,TH0,Theorem,timeout,na,2241,5879,25,5879,285,252,0,0,0,
no_instance_based_gamma,SYO/SYO407^1.p,TH0,Theorem,timeout,na,2168,3914,59,3914,300,80,0,0,0,
no_instance_based_gamma,SYO/SYO408^1.p,TH0,Theorem,timeout,na,2209,5021,137,5021,643,378,0,1,0,
no_instance_based_gamma,SYO/SYO409^1.p,TH0,Theorem,timeout,na,2229,5382,7,5382,266,214,0,0,0,
no_instance_based_gamma,SYO/SYO410^1.p,TH0,Theorem,timeout,na,2220,6001,76,6001,264,278,0,0,0,
no_instance_based_gamma,SYO/SYO411^1.p,TH0,Theorem,timeout,na,2157,3275,36,3275,229,161,0,0,0,
no_instance_based_gamma,SYO/SYO412^1.p,TH0,Theorem,timeout,na,2296,7708,72,7708,275,229,0,0,0,
no_instance_based_gamma,SYO/SYO413^1.p,TH0,Theorem,timeout,na,2275,8105,49,8105,247,370,0,0,0,
no_instance_based_gamma,SYO/SYO414^1.p,TH0,Theorem,timeout,na,2301,7892,88,7892,278,221,0,0,0,
no_instance_based_gamma,SYO/SYO415^1.p,TH0,Theorem,timeout,na,2186,4543,75,4543,280,85,0,0,0,
no_instance_based_gamma,SYO/SYO416^1.p,TH0,Theorem,timeout,na,2247,6127,98,6127,242,236,0,0,0,
no_instance_based_gamma,SYO/SYO417^1.p,TH0,Theorem,timeout,na,2223,5919,153,5919,221,144,0,0,0,
no_instance_based_gamma,SYO/SYO418^1.p,TH0,Theorem,timeout,na,2266,8043,142,8044,711,640,0,1,0,
no_instance_based_gamma,SYO/SYO419^1.p,TH0,Theorem,timeout,na,2064,1225,31,1225,75,103,0,2,0,
no_instance_based_gamma,SYO/SYO420^1.p,TH0,Theorem,timeout,na,2222,5791,128,5791,273,223,0,0,0,
no_instance_based_gamma,SYO/SYO421^1.p,TH0,Theorem,timeout,na,2110,2246,48,2246,201,223,0,2,0,
no_instance_based_gamma,SYO/SYO422^1.p,TH0,Theorem,timeout,na,2151,4015,77,4015,235,421,0,2,0,
no_instance_based_gamma,SYO/SYO423^1.p,TH0,Theorem,timeout,na,2178,4228,99,4228,266,106,0,0,0,
no_instance_based_gamma,SYO/SYO424^1.p,TH0,Theorem,timeout,na,2222,4881,47,4881,258,175,0,0,0,
no_instance_based_gamma,SYO/SYO425^1.p,TH0,Theorem,timeout,na,2290,7765,82,7765,243,258,0,0,0,
no_instance_based_gamma,SYO/SYO426^1.p,TH0,Theorem,timeout,na,2172,4605,120,4605,205,243,0,0,0,
no_instance_based_gamma,SYO/SYO427^1.p,TH0,Theorem,timeout,na,2181,4907,111,4907,270,96,0,0,0,
no_instance_based_gamma,SYO/SYO428^1.p,TH0,Theorem,timeout,na,2197,5053,96,5053,253,112,0,0,0,
no_instance_based_gamma,SYO/SYO429^1.p,TH0,Theorem,timeout,na,2213,5576,85,5576,207,111,0,0,0,
no_instance_based_gamma,SYO/SYO430^1.p,TH0,Theorem,timeout,na,2229,6373,122,6373,241,138,0,0,0,
no_instance_based_gamma,SYO/SYO431^1.p,TH0,Theorem,timeout,na,2196,5191,123,5191,221,108,0,0,0,
no_instance_based_gamma,SYO/SYO432^1.p,TH0,Theorem,timeout,na,2164,3849,47,3849,233,36,0,0,0,
no_instance_based_gamma,SYO/SYO433^1.p,TH0,Theorem,timeout,na,2206,5197,88,5197,225,106,0,0,0,
no_instance_based_gamma,SYO/SYO434^1.p,TH0,Theorem,timeout,na,2171,4401,124,4401,222,71,0,0,0,
no_instance_based_gamma,SYO/SYO435^1.p,TH0,Theorem,timeout,na,2166,4063,121,4063,201,89,0,0,0,
no_instance_based_gamma,SYO/SYO436^1.p,TH0,Theorem,timeout,na,2170,4347,107,4347,186,113,0,0,0,
no_instance_based_gamma,SYO/SYO437^1.p,TH0,Theorem,timeout,na,2205,4779,65,4779,273,100,0,0,0,
no_instance_based_gamma,SYO/SYO438^1.p,TH0,Theorem,timeout,na,2182,4858,150,4858,228,79,0,0,0,
no_instance_based_gamma,SYO/SYO439^1.p,TH0,Theorem,timeout,na,2159,4073,102,4073,225,68,0,0,0,
no_instance_based_gamma,SYO/SYO440^1.p,TH0,Theorem,timeout,na,2174,4470,123,4470,226,46,0,0,0,
no_instance_based_gamma,SYO/SYO441^1.p,TH0,Theorem,timeout,na,2208,5428,156,5428,201,63,0,0,0,
no_instance_based_gamma,SYO/SYO442^1.p,TH0,Theorem,timeout,na,2208,5471,129,5471,199,62,0,0,0,
no_instance_based_gamma,SYO/SYO443^1.p,TH0,Theorem,timeout,na,2220,5119,96,5119,212,95,0,0,0,
no_instance_based_gamma,SYO/SYO444^1.p,TH0,Theorem,timeout,na,2226,5836,126,5836,231,77,0,0,0,
no_instance_based_gamma,SYO/SYO445^1.p,TH0,Theorem,timeout,na,2272,6496,131,6496,203,51,0,0,0,
no_instance_based_gamma,SYO/SYO446^1.p,TH0,Theorem,timeout,na,2216,5554,129,5554,231,101,0,0,0,
no_instance_based_gamma,SYO/SYO447^1.p,TH0,Theorem,timeout,na,2229,5402,100,5402,236,59,0,0,0,
no_instance_based_gamma,SYO/SYO448^1.p,TH0,Theorem,timeout,na,2229,5887,115,5887,217,78,0,0,0,
no_instance_based_gamma,SYO/SYO449^1.p,TH0,Theorem,timeout,na,2195,4711,93,4711,219,56,0,0,0,
no_instance_based_gamma,SYO/SYO450^1.p,TH0,CounterSatisfiable,timeout,na,2147,3802,75,3802,292,101,0,0,0,
no_instance_based_gamma,SYO/SYO450^2.p,TH0,CounterSatisfiable,timeout,na,2128,2801,55,2801,263,57,0,0,0,
no_instance_based_gamma,SYO/SYO450^3.p,TH0,Theorem,timeout,na,2231,5929,101,5929,260,132,0,0,0,
no_instance_based_gamma,SYO/SYO450^4.p,TH0,Theorem,timeout,na,2185,4736,61,4736,283,82,0,0,0,
no_instance_based_gamma,SYO/SYO450^5.p,TH0,Theorem,timeout,na,2170,4030,73,4030,255,58,0,0,0,
no_instance_based_gamma,SYO/SYO450^6.p,TH0,Theorem,timeout,na,2222,5431,100,5431,234,80,0,0,0,
no_instance_based_gamma,SYO/SYO451^1.p,TH0,CounterSatisfiable,timeout,na,2300,8219,89,8219,277,186,0,0,0,
no_instance_based_gamma,SYO/SYO451^2.p,TH0,CounterSatisfiable,timeout,na,2177,4447,97,4447,262,115,0,0,0,
no_instance_based_gamma,SYO/SYO451^3.p,TH0,CounterSatisfiable,timeout,na,2161,4006,52,4006,247,126,0,0,0,
no_instance_based_gamma,SYO/SYO451^4.p,TH0,CounterSatisfiable,timeout,na,2191,4961,64,4961,251,106,0,0,0,
no_instance_based_gamma,SYO/SYO451^5.p,TH0,Theorem,timeout,na,2144,3188,61,3188,174,109,0,0,0,
no_instance_based_gamma,SYO/SYO451^6.p,TH0,Theorem,timeout,na,2309,7021,100,7021,209,146,0,0,0,
no_instance_based_gamma,SYO/SYO452^1.p,TH0,CounterSatisfiable,timeout,na,2288,7788,131,7788,263,230,0,0,0,
no_instance_based_gamma,SYO/SYO452^2.p,TH0,CounterSatisfiable,timeout,na,2217,5525,75,5525,246,147,0,0,0,
no_instance_based_gamma,SYO/SYO452^3.p,TH0,CounterSatisfiable,timeout,na,2171,4109,116,4109,259,75,0,0,0,
no_instance_based_gamma,SYO/SYO452^4.p,TH0,CounterSatisfiable,timeout,na,2188,4816,77,4816,242,91,0,0,0,
no_instance_based_gamma,SYO/SYO452^5.p,TH0,CounterSatisfiable,timeout,na,2206,5388,125,5388,223,127,0,0,0,
no_instance_based_gamma,SYO/SYO452^6.p,TH0,CounterSatisfiable,timeout,na,2308,6598,120,6598,231,119,0,0,0,
no_instance_based_gamma,SYO/SYO453^1.p,TH0,CounterSatisfiable,timeout,na,2157,3497,34,3497,274,139,0,0,0,
no_instance_based_gamma,SYO/SYO453^2.p,TH0,CounterSatisfiable,timeout,na,2136,3184,50,3184,258,114,0,0,0,
no_instance_based_gamma,SYO/SYO453^3.p,TH0,CounterSatisfiable,timeout,na,2207,4894,41,4894,270,147,0,0,0,
no_instance_based_gamma,SYO/SYO453^4.p,TH0,CounterSatisfiable,timeout,na,2301,7090,22,7090,241,190,0,0,0,
no_instance_based_gamma,SYO/SYO453^5.p,TH0,CounterSatisfiable,timeout,na,2193,4604,80,4604,223,108,0,0,0,
no_instance_based_gamma,SYO/SYO453^6.p,TH0,CounterSatisfiable,timeout,na,2153,3748,124,3748,211,52,0,0,0,
no_instance_based_gamma,SYO/SYO454^1.p,TH0,CounterSatisfiable,timeout,na,2225,5962,86,5962,263,191,0,0,0,
no_instance_based_gamma,SYO/SYO454^2.p,TH0,CounterSatisfiable,timeout,na,2179,4581,85,4581,262,143,0,0,0,
no_instance_based_gamma,SYO/SYO454^3.p,TH0,CounterSatisfiable,timeout,na,2214,5544,75,5544,269,163,0,0,0,
no_instance_based_gamma,SYO/SYO454^4.p,TH0,CounterSatisfiable,timeout,na,2203,5630,102,5630,253,107,0,0,0,
no_instance_based_gamma,SYO/SYO454^5.p,TH0,CounterSatisfiable,timeout,na,2181,4176,78,4176,224,75,0,0,0,
no_instance_based_gamma,SYO/SYO454^6.p,TH0,Theorem,timeout,na,2215,5374,109,5374,229,100,0,0,0,
no_instance_based_gamma,SYO/SYO455^1.p,TH0,CounterSatisfiable,timeout,na,2228,6396,117,6396,302,178,0,0,0,
no_instance_based_gamma,SYO/SYO455^2.p,TH0,Theorem,timeout,na,2249,6330,89,6330,250,191,0,0,0,
no_instance_based_gamma,SYO/SYO455^3.p,TH0,Theorem,timeout,na,2143,3072,43,3072,256,57,0,0,0,
no_instance_based_gamma,SYO/SYO455^4.p,TH0,Theorem,timeout,na,2233,5991,105,5991,270,117,0,0,0,
no_instance_based_gamma,SYO/SYO455^5.p,TH0,Theorem,timeout,na,2149,3612,83,3612,246,75,0,0,0,
no_instance_based_gamma,SYO/SYO455^6.p,TH0,Theorem,timeout,na,2211,5728,140,5728,236,106,0,0,0,
no_instance_based_gamma,SYO/SYO456^1.p,TH0,CounterSatisfiable,timeout,na,2238,6188,125,6188,265,138,0,0,0,
no_instance_based_gamma,SYO/SYO456^2.p,TH0,CounterSatisfiable,timeout,na,2205,4774,60,4774,251,146,0,0,0,
no_instance_based_gamma,SYO/SYO456^3.p,TH0,CounterSatisfiable,timeout,na,2291,7883,136,7883,247,158,0,0,0,
no_instance_based_gamma,SYO/SYO456^4.p,TH0,Theorem,timeout,na,2201,5923,169,5923,229,74,0,0,0,
no_instance_based_gamma,SYO/SYO456^6.p,TH0,Theorem,timeout,na,2199,5283,133,5283,193,91,0,0,0,
no_instance_based_gamma,SYO/SYO457^1.p,TH0,CounterSatisfiable,timeout,na,2247,6478,106,6478,239,360,0,0,0,
no_instance_based_gamma,SYO/SYO457^2.p,TH0,CounterSatisfiable,timeout,na,2191,4389,16,4389,261,162,0,0,0,
no_instance_based_gamma,SYO/SYO457^3.p,TH0,Theorem,timeout,na,2159,3049,42,3049,538,133,0,1,0,
no_instance_based_gamma,SYO/SYO457^4.p,TH0,Theorem,timeout,na,2227,5705,82,5705,251,98,0,0,0,
no_instance_based_gamma,SYO/SYO457^5.p,TH0,Theorem,timeout,na,2242,6449,142,6449,242,137,0,0,0,
no_instance_based_gamma,SYO/SYO457^6.p,TH0,Theorem,timeout,na,2246,6742,136,6742,217,94,0,0,0,
no_instance_based_gamma,SYO/SYO458^2.p,TH0,Theorem,timeout,na,2214,5430,50,5430,286,290,0,0,0,
no_instance_based_gamma,SYO/SYO458^3.p,TH0,Theorem,timeout,na,2196,4943,58,4943,247,148,0,0,0,
no_instance_based_gamma,SYO/SYO458^4.p,TH0,Theorem,timeout,na,2214,5768,107,5768,244,72,0,0,0,
no_instance_based_gamma,SYO/SYO458^5.p,TH0,Theorem,timeout,na,2226,5527,54,5527,242,145,0,0,0,
no_instance_based_gamma,SYO/SYO458^6.p,TH0,Theorem,timeout,na,2202,5359,116,5359,224,39,0,0,0,
no_instance_based_gamma,SYO/SYO459^1.p,TH0,CounterSatisfiable,timeout,na,2233,5763,84,5763,263,85,0,0,0,
no_instance_based_gamma,SYO/SYO459^2.p,TH0,CounterSatisfiable,timeout,na,2215,4955,52,4955,276,122,0,0,0,
no_instance_based_gamma,SYO/SYO459^3.p,TH0,CounterSatisfiable,timeout,na,2175,3857,94,3857,249,34,0,0,0,
no_instance_based_gamma,SYO/SYO459^4.p,TH0,Theorem,timeout,na,2193,4841,93,4841,216,65,0,0,0,
no_instance_based_gamma,SYO/SYO459^6.p,TH0,Theorem,timeout,na,2248,6359,107,6359,220,67,0,0,0,
no_instance_based_gamma,SYO/SYO460^1.p,TH0,Theorem,timeout,na,2298,7681,135,7681,289,281,0,0,0,
no_instance_based_gamma,SYO/SYO460^2.p,TH0,Theorem,timeout,na,2185,3984,68,3984,270,167,0,0,0,
no_instance_based_gamma,SYO/SYO460^3.p,TH0,Theorem,timeout,na,2192,4092,53,4092,234,242,0,0,0,
no_instance_based_gamma,SYO/SYO460^4.p,TH0,Theorem,timeout,na,2271,7254,144,7254,249,157,0,0,0,
no_instance_based_gamma,SYO/SYO460^5.p,TH0,Theorem,timeout,na,2164,3962,95,3962,245,90,0,0,0,
no_instance_based_gamma,SYO/SYO460^6.p,TH0,Theorem,timeout,na,2197,5324,163,5324,247,100,0,0,0,
no_instance_based_gamma,SYO/SYO461^1.p,TH0,CounterSatisfiable,timeout,na,2249,8025,96,8025,237,656,0,0,0,
no_instance_based_gamma,SYO/SYO461^2.p,TH0,CounterSatisfiable,timeout,na,2213,6091,75,6091,216,443,0,0,0,
no_instance_based_gamma,SYO/SYO461^3.p,TH0,CounterSatisfiable,timeout,na,2157,3455,47,3455,166,305,0,0,0,
no_instance_based_gamma,SYO/SYO461^4.p,TH0,CounterSatisfiable,timeout,na,2290,7611,95,7611,240,276,0,0,0,
no_instance_based_gamma,SYO/SYO461^5.p,TH0,CounterSatisfiable,timeout,na,2190,4501,64,4501,223,173,0,0,0,
no_instance_based_gamma,SYO/SYO461^6.p,TH0,CounterSatisfiable,timeout,na,2201,5642,144,5642,248,168,0,0,0,
no_instance_based_gamma,SYO/SYO462^2.p,TH0,Theorem,timeout,na,2229,4972,1,4972,286,130,0,0,0,
no_instance_based_gamma,SYO/SYO462^3.p,TH0,Theorem,timeout,na,2294,7233,38,7233,260,246,0,0,0,
no_instance_based_gamma,SYO/SYO462^4.p,TH0,Theorem,timeout,na,2208,4931,66,4932,233,93,0,0,0,
no_instance_based_gamma,SYO/SYO462^5.p,TH0,Theorem,timeout,na,2205,5660,91,5660,269,156,0,0,0,
no_instance_based_gamma,SYO/SYO462^6.p,TH0,Theorem,timeout,na,2216,5165,90,5165,224,72,0,0,0,
no_instance_based_gamma,SYO/SYO463^1.p,TH0,CounterSatisfiable,timeout,na,2244,6101,24,6101,303,244,0,0,0,
no_instance_based_gamma,SYO/SYO463^2.p,TH0,CounterSatisfiable,timeout,na,2140,2611,20,2611,225,127,0,0,0,
no_instance_based_gamma,SYO/SYO463^3.p,TH0,CounterSatisfiable,timeout,na,2153,3283,31,3283,225,114,0,0,0,
no_instance_based_gamma,SYO/SYO463^4.p,TH0,CounterSatisfiable,timeout,na,2200,4965,42,4965,241,77,0,0,0,
no_instance_based_gamma,SYO/SYO463^5.p,TH0,Theorem,timeout,na,2164,4056,58,4056,255,108,0,0,0,
no_instance_based_gamma,SYO/SYO463^6.p,TH0,Theorem,timeout,na,2250,6683,64,6683,257,138,0,0,0,
no_instance_based_gamma,SYO/SYO464^1.p,TH0,CounterSatisfiable,timeout,na,2177,4898,156,4898,290,120,0,0,0,
no_instance_based_gamma,SYO/SYO464^2.p,TH0,CounterSatisfiable,timeout,na,2190,4734,128,4734,270,117,0,0,0,
no_instance_based_gamma,SYO/SYO464^3.p,TH0,CounterSatisfiable,timeout,na,2199,4809,84,4809,275,83,0,0,0,
no_instance_based_gamma,SYO/SYO464^4.p,TH0,Theorem,timeout,na,2291,7567,99,7567,245,182,0,0,0,
no_instance_based_gamma,SYO/SYO464^5.p,TH0,Theorem,timeout,na,2201,4511,109,4511,232,74,0,0,0,
no_instance_based_gamma,SYO/SYO464^6.p,TH0,Theorem,timeout,na,2187,3925,81,3925,198,72,0,0,0,
no_instance_based_gamma,SYO/SYO465^1.p,TH0,CounterSatisfiable,timeout,na,2294,8058,103,8058,265,298,0,0,0,
no_instance_based_gamma,SYO/SYO465^2.p,TH0,CounterSatisfiable,timeout,na,2353,7977,87,7977,232,184,0,0,0,
no_instance_based_gamma,SYO/SYO465^3.p,TH0,CounterSatisfiable,timeout,na,2179,4540,73,4540,187,245,0,0,0,
no_instance_based_gamma,SYO/SYO465^4.p,TH0,CounterSatisfiable,timeout,na,2258,7614,155,7614,230,128,0,0,0,
no_instance_based_gamma,SYO/SYO465^5.p,TH0,CounterSatisfiable,timeout,na,2185,4283,82,4283,227,48,0,0,0,
no_instance_based_gamma,SYO/SYO465^6.p,TH0,CounterSatisfiable,timeout,na,2240,6333,148,6333,196,105,0,0,0,
no_instance_based_gamma,SYO/SYO467^1.p,TH0,CounterSatisfiable,timeout,na,2191,4917,119,4917,242,176,0,0,0,
no_instance_based_gamma,SYO/SYO467^2.p,TH0,CounterSatisfiable,timeout,na,2207,4589,116,4589,246,122,0,0,0,
no_instance_based_gamma,SYO/SYO467^3.p,TH0,CounterSatisfiable,timeout,na,2183,4545,96,4545,234,140,0,0,0,
no_instance_based_gamma,SYO/SYO467^4.p,TH0,CounterSatisfiable,timeout,na,2217,5966,152,5966,239,69,0,0,0,
no_instance_based_gamma,SYO/SYO467^5.p,TH0,CounterSatisfiable,timeout,na,2222,4951,119,4951,231,59,0,0,0,
no_instance_based_gamma,SYO/SYO467^6.p,TH0,CounterSatisfiable,timeout,na,2252,6317,121,6317,238,123,0,0,0,
no_instance_based_gamma,SYO/SYO468^1.p,TH0,CounterSatisfiable,timeout,na,2139,3285,13,3285,233,128,0,0,0,
no_instance_based_gamma,SYO/SYO468^2.p,TH0,CounterSatisfiable,timeout,na,2167,3405,56,3405,261,55,0,0,0,
no_instance_based_gamma,SYO/SYO468^3.p,TH0,CounterSatisfiable,timeout,na,2285,7954,83,7954,267,207,0,0,0,
no_instance_based_gamma,SYO/SYO468^4.p,TH0,CounterSatisfiable,timeout,na,2197,5231,57,5231,258,80,0,0,0,
no_instance_based_gamma,SYO/SYO468^5.p,TH0,CounterSatisfiable,timeout,na,2180,4435,83,4435,250,76,0,0,0,
no_instance_based_gamma,SYO/SYO468^6.p,TH0,Theorem,timeout,na,2274,5960,58,5960,222,122,0,0,0,
no_instance_based_gamma,SYO/SYO469^1.p,TH0,CounterSatisfiable,timeout,na,2191,4885,76,4885,294,97,0,0,0,
no_instance_based_gamma,SYO/SYO469^2.p,TH0,CounterSatisfiable,timeout,na,2187,4571,74,4571,284,78,0,0,0,
no_instance_based_gamma,SYO/SYO469^3.p,TH0,CounterSatisfiable,timeout,na,2301,8148,130,8148,249,138,0,0,0,
no_instance_based_gamma,SYO/SYO469^4.p,TH0,CounterSatisfiable,timeout,na,2172,4801,90,4801,252,65,0,0,0,
no_instance_based_gamma,SYO/SYO469^5.p,TH0,Theorem,timeout,na,2179,4277,73,4277,206,79,0,0,0,
no_instance_based_gamma,SYO/SYO469^6.p,TH0,Theorem,timeout,na,2247,6907,110,6907,207,117,0,0,0,
no_instance_based_gamma,SYO/SYO470^1.p,TH0,CounterSatisfiable,timeout,na,2191,4785,78,4785,210,229,0,0,0,
no_instance_based_gamma,SYO/SYO470^2.p,TH0,CounterSatisfiable,timeout,na,2324,7792,85,7792,279,238,0,0,0,
no_instance_based_gamma,SYO/SYO470^3.p,TH0,CounterSatisfiable,timeout,na,2144,3974,95,3974,283,142,0,0,0,
no_instance_based_gamma,SYO/SYO470^4.p,TH0,CounterSatisfiable,timeout,na,2187,4656,56,4656,226,111,0,0,0,
no_instance_based_gamma,SYO/SYO470^5.p,TH0,CounterSatisfiable,timeout,na,2198,4439,104,4439,232,99,0,0,0,
no_instance_based_gamma,SYO/SYO470^6.p,TH0,Theorem,timeout,na,2230,5523,132,5523,203,84,0,0,0,
no_instance_based_gamma,SYO/SYO471^1.p,TH0,CounterSatisfiable,timeout,na,2281,7815,117,7815,259,183,0,0,0,
no_instance_based_gamma,SYO/SYO471^2.p,TH0,CounterSatisfiable,timeout,na,2207,5649,115,5649,217,196,0,0,0,
no_instance_based_gamma,SYO/SYO471^3.p,TH0,CounterSatisfiable,timeout,na,2203,4798,89,4798,204,147,0,0,0,
no_instance_based_gamma,SYO/SYO471^4.p,TH0,CounterSatisfiable,timeout,na,2231,5828,98,5828,202,67,0,0,0,
no_instance_based_gamma,SYO/SYO471^5.p,TH0,CounterSatisfiable,timeout,na,2178,4284,91,4284,216,82,0,0,0,
no_instance_based_gamma,SYO/SYO471^6.p,TH0,Theorem,timeout,na,2256,6319,153,6319,195,77,0,0,0,
no_instance_based_gamma,SYO/SYO472^1.p,TH0,CounterSatisfiable,timeout,na,2144,3440,68,3440,274,75,0,0,0,
no_instance_based_gamma,SYO/SYO472^2.p,TH0,CounterSatisfiable,timeout,na,2166,4424,103,4424,277,61,0,0,0,
no_instance_based_gamma,SYO/SYO472^3.p,TH0,CounterSatisfiable,timeout,na,2135,3168,33,3168,266,108,0,0,0,
no_instance_based_gamma,SYO/SYO472^4.p,TH0,CounterSatisfiable,timeout,na,2152,3900,41,3900,287,95,0,0,0,
no_instance_based_gamma,SYO/SYO472^5.p,TH0,CounterSatisfiable,timeout,na,2218,5811,64,5811,271,164,0,0,0,
no_instance_based_gamma,SYO/SYO472^6.p,TH0,CounterSatisfiable,timeout,na,2183,5310,116,5310,241,93,0,0,0,
no_instance_based_gamma,SYO/SYO473^1.p,TH0,CounterSatisfiable,timeout,na,2177,4154,46,4154,263,142,0,0,0,
no_instance_based_gamma,SYO/SYO473^2.p,TH0,CounterSatisfiable,timeout,na,2179,3392,18,3392,284,77,0,0,0,
no_instance_based_gamma,SYO/SYO473^3.p,TH0,CounterSatisfiable,timeout,na,2197,4555,14,4555,275,159,0,0,0,
no_instance_based_gamma,SYO/SYO473^4.p,TH0,CounterSatisfiable,timeout,na,2214,5310,68,5310,265,109,0,0,0,
no_instance_based_gamma,SYO/SYO473^5.p,TH0,CounterSatisfiable,timeout,na,2155,3958,76,3958,203,175,0,0,0,
no_instance_based_gamma,SYO/SYO473^6.p,TH0,CounterSatisfiable,timeout,na,2182,4040,62,4040,241,88,0,0,0,
no_instance_based_gamma,SYO/SYO474^1.p,TH0,CounterSatisfiable,timeout,na,2159,3514,63,3514,244,88,0,0,0,
no_instance_based_gamma,SYO/SYO474^2.p,TH0,CounterSatisfiable,timeout,na,2196,5315,117,5315,243,151,0,0,0,
no_instance_based_gamma,SYO/SYO474^3.p,TH0,CounterSatisfiable,timeout,na,2180,4751,129,4751,254,92,0,0,0,
no_instance_based_gamma,SYO/SYO474^4.p,TH0,CounterSatisfiable,timeout,na,2221,5476,85,5476,227,102,0,0,0,
no_instance_based_gamma,SYO/SYO474^5.p,TH0,CounterSatisfiable,timeout,na,2153,3597,101,3597,224,78,0,0,0,
no_instance_based_gamma,SYO/SYO474^6.p,TH0,Theorem,timeout,na,2191,4739,76,4739,227,89,0,0,0,
no_instance_based_gamma,SYO/SYO475^6.p,TH0,Theorem,thm,yes,77,37,2,37,4,0,0,1,1,
no_instance_based_gamma,SYO/SYO476^6.p,TH0,Theorem,thm,yes,75,24,1,24,2,0,0,1,1,
no_instance_based_gamma,SYO/SYO477^6.p,TH0,CounterSatisfiable,timeout,na,2144,6443,453,6443,175,169,0,0,0,
no_instance_based_gamma,SYO/SYO478^6.p,TH0,Theorem,thm,yes,80,25,2,25,2,0,0,1,1,
no_instance_based_gamma,SYO/SYO479^6.p,TH0,CounterSatisfiable,timeout,na,2215,6876,338,6876,161,310,0,0,0,
no_instance_based_gamma,SYO/SYO480^6.p,TH0,Theorem,thm,yes,77,24,2,24,3,0,0,1,1,
no_instance_based_gamma,SYO/SYO481^6.p,TH0,Theorem,thm,yes,68,11,1,11,1,1,0,0,0,
no_instance_based_gamma,SYO/SYO482^6.p,TH0,Theorem,timeout,na,2224,8167,310,8167,169,557,0,0,0,
no_instance_based_gamma,SYO/SYO483^6.p,TH0,Theorem,timeout,na,2209,7532,270,7532,176,436,0,0,0,
no_instance_based_gamma,SYO/SYO484^6.p,TH0,CounterSatisfiable,timeout,na,2223,7973,328,7973,154,186,0,0,0,
no_instance_based_gamma,SYO/SYO485^6.p,TH0,Theorem,thm,yes,326,631,25,631,56,18,0,1,1,
no_instance_based_gamma,SYO/SYO486^6.p,TH0,CounterSatisfiable,timeout,na,2218,6409,170,6409,176,190,0,0,0,
no_instance_based_gamma,SYO/SYO487^6.p,TH0,Theorem,thm,yes,83,39,2,39,4,0,0,1,1,
no_instance_based_gamma,SYO/SYO488^6.p,TH0,Theorem,thm,yes,83,24,2,24,2,0,0,1,1,
no_instance_based_gamma,SYO/SYO489^6.p,TH0,CounterSatisfiable,timeout,na,2183,4336,76,4336,233,179,0,0,0,
no_instance_based_gamma,SYO/SYO490^6.p,TH0,CounterSatisfiable,timeout,na,2309,5848,138,5848,149,54,0,0,0,
no_instance_based_gamma,SYO/SYO491^6.p,TH0,CounterSatisfiable,timeout,na,2370,6813,234,6813,1693,47,0,1,0,
no_instance_based_gamma,SYO/SYO492^6.p,TH0,CounterSatisfiable,timeout,na,2362,7417,279,7417,1520,110,0,1,0,
no_instance_based_gamma,SYO/SYO493^6.p,TH0,CounterSatisfiable,timeout,na,2190,7825,534,7825,143,208,0,0,0,
no_instance_based_gamma,SYO/SYO494^6.p,TH0,CounterSatisfiable,timeout,na,2284,6274,127,6274,161,74,0,0,0,
no_instance_based_gamma,SYO/SYO495^6.p,TH0,Theorem,timeout,na,2198,6647,297,6647,890,221,0,1,0,
no_instance_based_gamma,SYO/SYO496^6.p,TH0,CounterSatisfiable,timeout,na,2232,7518,391,7518,972,184,0,1,0,
no_instance_based_gamma,SYO/SYO497^6.p,TH0,Theorem,timeout,na,2312,5902,193,5902,150,63,0,0,0,
no_instance_based_gamma,SYO/SYO498^6.p,TH0,CounterSatisfiable,timeout,na,2176,4339,175,4339,191,147,0,0,0,
no_instance_based_gamma,SYO/SYO499^1.p,TH0,Theorem,timeout,na,2060,2159,61,2159,260,49,0,2,0,
no_instance_based_gamma,SYO/SYO500^1.p,TH0,Theorem,prover_error,na,25,,,,,,,,,ShotTx.Proof.interior_event/2: unhandled trace entry {2714821894  {:instantiate  #Stream<[enum: [2714822694  2714822726]  funs: [#Function<49.48511117/1 in Stream.map/2>]]>  2}  []}
no_instance_based_gamma,SYO/SYO501^1.p,TH0,Theorem,parser_error,na,0,,,,,,,,,cached: Failed to parse formula 'claim': [byte:1943] Type Error: Cannot unify strict function types of different arities.
no_instance_based_gamma,SYO/SYO502^1.p,TH0,Theorem,thm,yes,8,3,0,3,1,1,0,0,0,
no_instance_based_gamma,SYO/SYO503^1.p,TH0,Theorem,thm,yes,41,62,0,50,5,23,0,0,0,
no_instance_based_gamma,SYO/SYO504^1.p,TH0,Theorem,timeout,na,2005,7,0,7,2,0,0,0,0,
no_instance_based_gamma,SYO/SYO505^1.p,TH0,ContradictoryAxioms,timeout,na,2074,2965,138,2965,208,65,0,4,0,
no_instance_based_gamma,SYO/SYO506^1.p,TH0,Theorem,timeout,na,2139,3323,103,3245,125,214,0,0,0,
no_instance_based_gamma,SYO/SYO507^1.p,TH0,Theorem,timeout,na,2065,3261,59,3261,260,255,0,0,0,
no_instance_based_gamma,SYO/SYO509^1.p,TH0,Theorem,timeout,na,2006,41,4,41,1,0,0,0,0,
no_instance_based_gamma,SYO/SYO511^1.p,TH0,CounterSatisfiable,timeout,na,2076,2292,14,2292,495,3,0,3,0,
no_instance_based_gamma,SYO/SYO512^1.p,TH0,Theorem,thm,yes,172,307,9,307,25,4,0,1,1,
no_instance_based_gamma,SYO/SYO513^1.p,TH0,Theorem,timeout,na,2648,9310,5,9310,491,0,0,0,0,
no_instance_based_gamma,SYO/SYO514^1.p,TH0,Theorem,timeout,na,2004,0,0,0,1,0,0,0,0,
no_instance_based_gamma,SYO/SYO515^1.p,TH0,Theorem,thm,yes,336,108,0,103,64,76,0,0,0,
no_instance_based_gamma,SYO/SYO516^1.p,TH0,Theorem,thm,yes,150,175,4,175,13,9,0,1,1,
no_instance_based_gamma,SYO/SYO517^1.p,TH0,Theorem,timeout,na,2031,1400,75,1400,120,10,0,2,0,
no_instance_based_gamma,SYO/SYO518^1.p,TH0,Theorem,timeout,na,2020,387,3,387,77,4,0,1,0,
no_instance_based_gamma,SYO/SYO520^1.p,TH0,Unsatisfiable,no_conjecture,na,2,,,,,,,,,
no_instance_based_gamma,SYO/SYO526^1.p,TH0,Theorem,thm,yes,27,52,0,52,3,7,0,1,1,
no_instance_based_gamma,SYO/SYO527^1.p,TH0,Theorem,thm,yes,74,8,0,8,1,0,0,1,1,
no_instance_based_gamma,SYO/SYO528^1.p,TH0,Satisfiable,no_conjecture,na,5,,,,,,,,,
no_instance_based_gamma,SYO/SYO529^1.p,TH0,Unsatisfiable,no_conjecture,na,8,,,,,,,,,
no_instance_based_gamma,SYO/SYO530^1.p,TH0,Theorem,timeout,na,2019,424,16,424,31,13,0,2,0,
no_instance_based_gamma,SYO/SYO531^1.p,TH0,Theorem,timeout,na,2029,791,29,791,74,0,0,2,0,
no_instance_based_gamma,SYO/SYO532^1.p,TH0,Theorem,timeout,na,2041,774,2,774,114,0,0,2,0,
no_instance_based_gamma,SYO/SYO533^1.p,TH0,Theorem,timeout,na,2006,41,4,41,1,0,0,0,0,
no_instance_based_gamma,SYO/SYO534^1.p,TH0,Theorem,timeout,na,2025,671,44,671,44,1,0,2,0,
no_instance_based_gamma,SYO/SYO535^1.p,TH0,Theorem,timeout,na,2030,367,6,367,38,9,0,2,0,
no_instance_based_gamma,SYO/SYO536^1.p,TH0,Theorem,timeout,na,2019,193,3,193,23,2,0,2,0,
no_instance_based_gamma,SYO/SYO537^1.p,TH0,Theorem,timeout,na,2019,17,0,17,2,0,0,2,0,
no_instance_based_gamma,SYO/SYO538^1.p,TH0,Theorem,timeout,na,2067,2330,32,2330,326,52,0,2,0,
no_instance_based_gamma,SYO/SYO539^1.p,TH0,Theorem,timeout,na,2083,2186,50,2111,295,113,0,4,0,
no_instance_based_gamma,SYO/SYO540^1.p,TH0,Theorem,timeout,na,2009,225,4,221,16,26,0,4,0,
no_instance_based_gamma,SYO/SYO541^1.p,TH0,Theorem,timeout,na,2056,942,25,942,110,23,0,2,0,
no_instance_based_gamma,SYO/SYO542^1.p,TH0,Theorem,timeout,na,2040,332,3,314,40,25,0,3,0,
no_instance_based_gamma,SYO/SYO543^1.p,TH0,Theorem,timeout,na,2014,184,2,180,12,17,0,3,0,
no_instance_based_gamma,SYO/SYO544^1.p,TH0,Theorem,timeout,na,2090,1684,48,1670,180,83,0,1,0,
no_instance_based_gamma,SYO/SYO545^1.p,TH0,Theorem,timeout,na,2064,763,4,747,90,40,0,4,0,
no_instance_based_gamma,SYO/SYO546^1.p,TH0,Theorem,timeout,na,2071,824,7,797,91,53,0,4,0,
no_instance_based_gamma,SYO/SYO547^1.p,TH0,Theorem,thm,yes,36,14,0,14,2,0,0,1,1,
no_instance_based_gamma,SYO/SYO548^1.p,TH0,Theorem,timeout,na,2003,124,13,124,1,0,0,0,0,
no_instance_based_gamma,SYO/SYO549^1.p,TH0,Theorem,parser_error,na,0,,,,,,,,,cached: Failed to parse formula 'pfg': [byte:1759] Type Error: Cannot unify strict function types of different arities.
no_instance_based_gamma,SYO/SYO550^1.p,TH0,Theorem,thm,yes,251,14,0,14,3,1,0,1,1,
no_instance_based_gamma,SYO/SYO551^1.p,TH0,Theorem,timeout,na,2004,12,0,12,2,0,0,0,0,
no_instance_based_gamma,SYO/SYO552^1.p,TH0,Theorem,thm,yes,983,26,1,26,3,1,0,1,1,
no_instance_based_gamma,SYO/SYO553^1.p,TH0,Theorem,thm,yes,892,15,0,15,3,1,0,1,1,
no_instance_based_gamma,SYO/SYO554^1.p,TH0,Unsatisfiable,no_conjecture,na,1,,,,,,,,,
no_instance_based_gamma,SYO/SYO555^1.p,TH0,Theorem,timeout,na,2095,2151,18,2127,416,1,0,3,0,
no_instance_based_gamma,SYO/SYO556^1.p,TH0,Theorem,timeout,na,2185,5245,263,5194,640,88,0,4,0,
no_instance_based_gamma,SYO/SYO557^1.p,TH1,Theorem,parser_error,na,0,,,,,,,,,cached: Failed to parse formula 'conj': Syntax Error: '$i' denotes a type and cannot be used as a term.
no_instance_based_gamma,SYO/SYO558^1.p,TH1,Theorem,parser_error,na,0,,,,,,,,,cached: Failed to parse formula 'conj': Syntax Error: '$i' denotes a type and cannot be used as a term.
no_instance_based_gamma,SYO/SYO559^1.p,TH0,Theorem,timeout,na,2014,261,0,261,35,34,0,0,0,
no_instance_based_gamma,SYO/SYO560^1.p,TH0,Theorem,timeout,na,2015,245,0,245,35,31,0,0,0,
no_instance_based_gamma,SYO/SYO565^7.p,TH0,CounterSatisfiable,timeout,na,2312,5376,106,5376,1204,66,0,1,0,
no_instance_based_gamma,SYO/SYO566^7.p,TH0,Theorem,timeout,na,2385,6177,123,6177,172,167,0,0,0,
no_instance_based_gamma,SYO/SYO567^7.p,TH0,CounterSatisfiable,timeout,na,2404,6255,110,6255,1816,128,0,1,0,
no_instance_based_gamma,SYO/SYO568^7.p,TH0,Theorem,timeout,na,2261,5524,131,5524,231,137,0,0,0,
no_instance_based_gamma,SYO/SYO569^7.p,TH0,CounterSatisfiable,timeout,na,2513,5484,19,5484,203,64,0,0,0,
no_instance_based_gamma,SYO/SYO570^7.p,TH0,Theorem,timeout,na,2490,5328,45,5328,148,208,0,0,0,
no_instance_based_gamma,SYO/SYO571^7.p,TH0,CounterSatisfiable,timeout,na,2288,6066,190,6066,193,193,0,0,0,
no_instance_based_gamma,SYO/SYO572^7.p,TH0,Theorem,timeout,na,2392,5953,85,5953,1752,105,0,1,0,
no_instance_based_gamma,SYO/SYO573^7.p,TH0,CounterSatisfiable,timeout,na,2201,5661,215,5661,252,153,0,0,0,
no_instance_based_gamma,SYO/SYO574^7.p,TH0,Theorem,timeout,na,2226,5589,76,5589,255,145,0,0,0,
no_instance_based_gamma,SYO/SYO575^7.p,TH0,CounterSatisfiable,timeout,na,2174,4558,131,4558,252,60,0,0,0,
no_instance_based_gamma,SYO/SYO576^7.p,TH0,Theorem,timeout,na,2166,4130,90,4130,217,93,0,0,0,
no_instance_based_gamma,SYO/SYO577^7.p,TH0,CounterSatisfiable,timeout,na,2187,4778,121,4778,233,117,0,0,0,
no_instance_based_gamma,SYO/SYO842^1.p,TH0,Unknown,timeout,na,2564,0,0,0,1,0,0,0,0,
no_instance_based_gamma,SYO/SYO843^1.p,TH0,Unknown,timeout,na,2559,0,0,0,1,0,0,0,0,
no_instance_based_gamma,SYO/SYO844^1.p,TH0,Unknown,timeout,na,2702,0,0,0,1,0,0,0,0,
no_instance_based_gamma,SYO/SYO845^1.p,TH0,Unknown,timeout,na,2687,0,0,0,1,0,0,0,0,
no_instance_based_gamma,SYO/SYO846^1.p,TH0,Unknown,timeout,na,2638,0,0,0,1,0,0,0,0,
no_instance_based_gamma,SYO/SYO847^1.p,TH0,Unknown,timeout,na,2642,0,0,0,1,0,0,0,0,
no_instance_based_gamma,SYO/SYO848^1.p,TH0,Unknown,timeout,na,2695,0,0,0,1,0,0,0,0,
no_instance_based_gamma,SYO/SYO849^1.p,TH0,Unknown,timeout,na,2697,0,0,0,1,0,0,0,0,
no_instance_based_gamma,SYO/SYO850^1.p,TH0,Unknown,timeout,na,2618,0,0,0,1,0,0,0,0,
no_instance_based_gamma,SYO/SYO851^1.p,TH0,Unknown,timeout,na,2620,0,0,0,1,0,0,0,0,
no_instance_based_gamma,SYO/SYO852^1.p,TH0,Theorem,timeout,na,2357,0,0,0,1,0,0,0,0,
no_instance_based_gamma,SYO/SYO853^1.p,TH0,Unknown,timeout,na,2357,0,0,0,1,0,0,0,0,
no_instance_based_gamma,SYO/SYO854^1.p,TH0,Theorem,timeout,na,2464,0,0,0,1,0,0,0,0,
no_instance_based_gamma,SYO/SYO855^1.p,TH0,Unknown,timeout,na,2450,0,0,0,1,0,0,0,0,
no_instance_based_gamma,SYO/SYO856^1.p,TH0,Theorem,timeout,na,2463,0,0,0,1,0,0,0,0,
no_instance_based_gamma,SYO/SYO857^1.p,TH0,Unknown,timeout,na,2469,0,0,0,1,0,0,0,0,
no_instance_based_gamma,SYO/SYO858^1.p,TH0,Theorem,timeout,na,2330,0,0,0,1,0,0,0,0,
no_instance_based_gamma,SYO/SYO859^1.p,TH0,Unknown,timeout,na,2326,0,0,0,1,0,0,0,0,
no_instance_based_gamma,SYO/SYO860^1.p,TH0,Unknown,timeout,na,2547,0,0,0,1,0,0,0,0,
no_instance_based_gamma,SYO/SYO861^1.p,TH0,Unknown,timeout,na,2548,0,0,0,1,0,0,0,0,
no_instance_based_gamma,SYO/SYO862^1.p,TH0,Unknown,timeout,na,2290,0,0,0,1,0,0,0,0,
no_instance_based_gamma,SYO/SYO863^1.p,TH0,Unknown,timeout,na,2291,0,0,0,1,0,0,0,0,
no_instance_based_gamma,SYO/SYO864^1.p,TH0,Unknown,timeout,na,2277,0,0,0,1,0,0,0,0,
no_instance_based_gamma,SYO/SYO865^1.p,TH0,Unknown,timeout,na,2276,0,0,0,1,0,0,0,0,
no_instance_based_gamma,SYO/SYO866^1.p,TH0,Unknown,timeout,na,2286,0,0,0,1,0,0,0,0,
no_instance_based_gamma,SYO/SYO867^1.p,TH0,Unknown,timeout,na,2286,0,0,0,1,0,0,0,0,
no_instance_based_gamma,SYO/SYO868^1.p,TH0,Theorem,timeout,na,2277,0,0,0,1,0,0,0,0,
no_instance_based_gamma,SYO/SYO869^1.p,TH0,Unknown,timeout,na,2279,0,0,0,1,0,0,0,0,
no_instance_based_gamma,SYO/SYO870^1.p,TH0,Unknown,timeout,na,2286,0,0,0,1,0,0,0,0,
no_instance_based_gamma,SYO/SYO871^1.p,TH0,Unknown,timeout,na,2286,0,0,0,1,0,0,0,0,
no_instance_based_gamma,SYO/SYO872^1.p,TH0,Unknown,timeout,na,2280,0,0,0,1,0,0,0,0,
no_instance_based_gamma,SYO/SYO873^1.p,TH0,Theorem,timeout,na,2279,0,0,0,1,0,0,0,0,
no_instance_based_gamma,SYO/SYO874^1.p,TH0,Unknown,timeout,na,2275,0,0,0,1,0,0,0,0,
no_instance_based_gamma,SYO/SYO875^1.p,TH0,Theorem,timeout,na,2276,0,0,0,1,0,0,0,0,
no_instance_based_gamma,SYO/SYO876^1.p,TH0,Unknown,timeout,na,2308,0,0,0,1,0,0,0,0,
no_instance_based_gamma,SYO/SYO877^1.p,TH0,Theorem,timeout,na,2307,0,0,0,1,0,0,0,0,
no_instance_based_gamma,SYO/SYO878^1.p,TH0,Theorem,timeout,na,2278,0,0,0,1,0,0,0,0,
no_instance_based_gamma,SYO/SYO879^1.p,TH0,Theorem,timeout,na,2278,0,0,0,1,0,0,0,0,
no_instance_based_gamma,SYO/SYO880^1.p,TH0,Unknown,timeout,na,2284,0,0,0,1,0,0,0,0,
no_instance_based_gamma,SYO/SYO881^1.p,TH0,Theorem,timeout,na,2286,0,0,0,1,0,0,0,0,
no_instance_based_gamma,SYO/SYO882^1.p,TH0,Unsatisfiable,no_conjecture,na,1,,,,,,,,,
no_instance_based_gamma,SYO/SYO883^1.p,TH0,Unsatisfiable,no_conjecture,na,6,,,,,,,,,
no_instance_based_gamma,SYO/SYO884^1.p,TH0,Unsatisfiable,no_conjecture,na,9,,,,,,,,,
no_instance_based_gamma,SYO/SYO886^10.p,TH0,Theorem,thm,yes,65,13,1,13,2,0,0,1,1,
no_instance_based_gamma,SYO/SYO886^6.p,TH0,Theorem,thm,yes,28,17,1,17,2,0,0,1,1,
no_instance_based_gamma,SYO/SYO886^7.p,TH0,CounterSatisfiable,timeout,na,2510,6254,42,6254,2225,38,0,1,0,
no_instance_based_gamma,SYO/SYO886^8.p,TH0,Theorem,thm,yes,46,16,1,17,2,0,0,1,1,
no_instance_based_gamma,SYO/SYO886^9.p,TH0,Theorem,timeout,na,2062,1257,89,1257,35,27,0,1,0,
no_instance_based_gamma,SYO/SYO887^22.p,TH0,Theorem,timeout,na,2221,5819,115,5819,1153,32,0,1,0,
no_instance_based_gamma,SYO/SYO888^10.p,TH0,Theorem,timeout,na,2194,5742,184,5742,1117,129,0,1,0,
no_instance_based_gamma,SYO/SYO889^16.p,TH0,Theorem,timeout,na,2304,5009,52,5009,157,200,0,0,0,
no_instance_based_gamma,SYO/SYO890^16.p,TH0,Theorem,timeout,na,2149,6105,323,6105,725,149,0,2,0,
no_instance_based_gamma,SYO/SYO891^16.p,TH0,Theorem,timeout,na,2295,4810,17,4810,207,384,0,0,0,
no_instance_based_gamma,SYO/SYO892^15.p,TH0,Theorem,timeout,na,2244,6418,227,6418,1470,84,0,2,0,
no_instance_based_gamma,SYO/SYO893^11.p,TH0,Theorem,timeout,na,2143,3840,62,3840,232,137,0,0,0,
no_instance_based_gamma,SYO/SYO894^8.p,TH0,Theorem,timeout,na,2160,4020,51,4020,207,141,0,0,0,
no_instance_based_gamma,SYO/SYO895^9.p,TH0,Theorem,timeout,na,2203,6421,96,6421,258,182,0,0,0,
no_instance_based_gamma,SYO/SYO896^7.p,TH0,Theorem,timeout,na,2103,3406,71,3406,272,69,0,0,0,
no_instance_based_gamma,SYO/SYO897^6.p,TH0,Theorem,thm,yes,111,169,3,169,18,3,0,1,1,
no_instance_based_gamma,SYO/SYO898^9.p,TH0,Theorem,timeout,na,2177,5595,137,5595,267,355,0,0,0,
no_instance_based_gamma,SYO/SYO899^8.p,TH0,Theorem,timeout,na,2133,3733,23,3733,261,93,0,0,0,
no_instance_based_gamma,SYO/SYO900^11.p,TH0,Theorem,timeout,na,2139,3891,53,3891,181,164,0,0,0,
no_instance_based_gamma,SYO/SYO901^11.p,TH0,Theorem,timeout,na,2149,4809,53,4809,245,145,0,0,0,
no_instance_based_gamma,SYO/SYO902^8.p,TH0,Theorem,timeout,na,2149,5059,121,5059,220,123,0,0,0,
no_instance_based_gamma,SYO/SYO903^10.p,TH0,ContradictoryAxioms,timeout,na,2107,0,0,0,1,0,0,0,0,
no_instance_based_gamma,SYO/SYO904^12.p,TH0,ContradictoryAxioms,timeout,na,2603,0,0,0,1,0,0,0,0,
no_instance_based_gamma,SYO/SYO905^6.p,TH0,ContradictoryAxioms,timeout,na,2671,0,0,0,1,0,0,0,0,
no_instance_based_gamma,SYO/SYO906^7.p,TH0,CounterSatisfiable,timeout,na,2200,6138,77,6138,255,189,0,0,0,
no_instance_based_gamma,SYO/SYO907^15.p,TH0,CounterSatisfiable,timeout,na,2327,6620,124,6620,284,78,0,0,0,
no_instance_based_gamma,SYO/SYO908^13.p,TH0,CounterSatisfiable,timeout,na,2304,6037,112,6037,1880,42,0,1,0,
no_instance_based_gamma,SYO/SYO909^8.p,TH0,CounterSatisfiable,timeout,na,2158,5321,98,5321,248,254,0,0,0,
no_instance_based_gamma,SYO/SYO910^13.p,TH0,CounterSatisfiable,timeout,na,2147,4643,62,4643,303,99,0,0,0,
no_instance_based_gamma,SYO/SYO911^15.p,TH0,CounterSatisfiable,timeout,na,2140,4665,76,4665,250,206,0,0,0,
no_instance_based_gamma,SYO/SYO912^9.p,TH0,CounterSatisfiable,timeout,na,2122,3870,62,3870,294,87,0,0,0,
no_instance_based_gamma,SYO/SYO913^15.p,TH0,CounterSatisfiable,timeout,na,2073,316,4,316,112,0,0,0,0,
no_instance_based_gamma,SYO/SYO914^12.p,TH0,CounterSatisfiable,timeout,na,2103,0,0,0,1,0,0,0,0,
no_instance_based_gamma,SYO/SYO915^14.p,TH0,CounterSatisfiable,timeout,na,2117,0,0,0,1,0,0,0,0,
no_instance_based_gamma,SYO/SYO926^1.p,unknown,Theorem,parser_error,na,0,,,,,,,,,cached: Lexer failed to parse entire string. Unparsed: <.> A ) ). %------------------------------------------------------------------------------ 
no_instance_based_gamma,SYO/SYO927^1.p,unknown,Theorem,parser_error,na,0,,,,,,,,,cached: Lexer failed to parse entire string. Unparsed: <.> [.] ( P @ ( F @ X ) ) => [.] ( P @ ( G @ X ) ) ) ). %------------------------------------------------------------------------------ 
no_instance_based_gamma,SYO/SYO928^1.p,unknown,Theorem,parser_error,na,0,,,,,,,,,cached: Failed to parse formula 'spec': Syntax Error: tuples ([...]) and sequents (-->) have no counterpart in simple type theory and are not supported.
no_instance_based_gamma,SYO/SYO929^1.p,unknown,Theorem,parser_error,na,0,,,,,,,,,cached: Failed to parse formula 'spec': Syntax Error: tuples ([...]) and sequents (-->) have no counterpart in simple type theory and are not supported.
no_instance_based_gamma,SYO/SYO930^1.p,unknown,Theorem,parser_error,na,0,,,,,,,,,cached: Failed to parse formula 'spec': Syntax Error: tuples ([...]) and sequents (-->) have no counterpart in simple type theory and are not supported.
no_instance_based_gamma,SYO/SYO931^1.p,unknown,Theorem,parser_error,na,0,,,,,,,,,cached: Failed to parse formula 'spec': Syntax Error: tuples ([...]) and sequents (-->) have no counterpart in simple type theory and are not supported.
no_instance_based_gamma,SYO/SYO932^10.p,TH0,Theorem,thm,yes,64,15,0,15,2,0,0,1,1,
no_instance_based_gamma,SYO/SYO932^8.p,TH0,Theorem,thm,yes,49,18,1,18,2,0,0,1,1,
no_instance_based_gamma,SYO/SYO932^9.p,TH0,Theorem,timeout,na,2070,665,47,665,36,7,0,1,0,
no_instance_based_gamma,SYO/SYO997^1.p,unknown,Theorem,parser_error,na,0,,,,,,,,,cached: Syntax Error: expected ' ' or ']' in !> binder  got [{:colon  ":"  1919}  {:atom  "nat"  1921}  {:rbracket  "]"  1924}  {:colon  ":"  1926}  {:lparen  "("  1928}  {:atom  "fin"  1930}  {:app  "@"  193
no_instance_based_gamma,SYO/SYO998^1.p,unknown,Theorem,parser_error,na,0,,,,,,,,,cached: Syntax Error: expected ' ' or ']' in !> binder  got [{:colon  ":"  1920}  {:atom  "nat"  1922}  {:rbracket  "]"  1925}  {:colon  ":"  1927}  {:lparen  "("  1929}  {:atom  "fin"  1931}  {:app  "@"  193
no_instance_based_gamma,SYO/SYO999^1.p,unknown,Theorem,parser_error,na,0,,,,,,,,,cached: Syntax Error: expected ' ' or ']' in !> binder  got [{:colon  ":"  1835}  {:atom  "a"  1837}  {:rbracket  "]"  1838}  {:colon  ":"  1840}  {:lparen  "("  1842}  {:lparen  "("  1844}  {:atom  "b"  1846
no_instance_based_gamma,SYP/SYP000^1.p,unknown,Theorem,parser_error,na,0,,,,,,,,,cached: Syntax Error: expected ' ' or ']' in !> binder  got [{:colon  ":"  1899}  {:atom  "nat"  1901}  {:rbracket  "]"  1904}  {:colon  ":"  1906}  {:lparen  "("  1908}  {:atom  "fin"  1910}  {:app  "@"  191
no_instance_based_gamma,SYP/SYP001^1.p,unknown,Theorem,parser_error,na,0,,,,,,,,,cached: Syntax Error: expected ' ' or ']' in !> binder  got [{:colon  ":"  1899}  {:atom  "nat"  1901}  {:rbracket  "]"  1904}  {:colon  ":"  1906}  {:lparen  "("  1908}  {:atom  "fin"  1910}  {:app  "@"  191
no_instance_based_gamma,SYP/SYP002^1.p,unknown,Theorem,parser_error,na,0,,,,,,,,,cached: Syntax Error: expected ' ' or ']' in !> binder  got [{:colon  ":"  1830}  {:atom  "nat"  1832}  {:rbracket  "]"  1835}  {:colon  ":"  1837}  {:lparen  "("  1839}  {:atom  "fin"  1841}  {:app  "@"  184
no_instance_based_gamma,SYP/SYP003^1.p,unknown,Theorem,parser_error,na,0,,,,,,,,,cached: Syntax Error: expected ' ' or ']' in !> binder  got [{:colon  ":"  1640}  {:atom  "a"  1642}  {:rbracket  "]"  1643}  {:colon  ":"  1645}  {:lparen  "("  1647}  {:lparen  "("  1649}  {:atom  "b"  1651
no_instance_based_gamma,SYP/SYP004^1.p,unknown,Theorem,parser_error,na,0,,,,,,,,,cached: Syntax Error: expected ' ' or ']' in !> binder  got [{:colon  ":"  2279}  {:atom  "nat"  2281}  {:rbracket  "]"  2284}  {:colon  ":"  2286}  {:lparen  "("  2288}  {:atom  "fin"  2290}  {:app  "@"  229
no_instance_based_gamma,SYP/SYP005^1.p,unknown,Theorem,parser_error,na,0,,,,,,,,,cached: Syntax Error: expected ' ' or ']' in !> binder  got [{:colon  ":"  1915}  {:atom  "nat"  1917}  {:rbracket  "]"  1920}  {:colon  ":"  1922}  {:lparen  "("  1924}  {:atom  "fin"  1926}  {:app  "@"  193
no_instance_based_gamma,SYP/SYP006^1.p,unknown,Theorem,parser_error,na,0,,,,,,,,,cached: Syntax Error: expected ' ' or ']' in !> binder  got [{:colon  ":"  2039}  {:atom  "nat"  2041}  {:rbracket  "]"  2044}  {:colon  ":"  2046}  {:lparen  "("  2048}  {:atom  "fin"  2050}  {:app  "@"  205
no_instance_based_gamma,SYP/SYP007^1.p,unknown,Theorem,parser_error,na,0,,,,,,,,,cached: Syntax Error: expected ' ' or ']' in !> binder  got [{:colon  ":"  1662}  {:atom  "nat"  1664}  {:rbracket  "]"  1667}  {:colon  ":"  1669}  {:lparen  "("  1671}  {:lparen  "("  1673}  {:atom  "fin"  
