run_label,problem,language,expected_szs,result,correct,time_ms,steps,worker_yields,rules_total,active_branches_max,branches_closed,branches_saturated,csp_calls,csp_succeeded,details
prim_batch_16,AGT/AGT027^1.p,TH0,Theorem,timeout,na,2134,610,23,610,68,0,0,1,0,
prim_batch_16,AGT/AGT027^2.p,TH0,Theorem,timeout,na,2165,1434,15,1434,154,0,0,0,0,
prim_batch_16,AGT/AGT028^1.p,TH0,Theorem,timeout,na,2257,761,42,761,70,0,0,1,0,
prim_batch_16,AGT/AGT028^2.p,TH0,Theorem,timeout,na,2371,3691,16,3691,390,0,0,0,0,
prim_batch_16,AGT/AGT029^1.p,TH0,Theorem,timeout,na,2242,776,43,776,69,0,0,1,0,
prim_batch_16,AGT/AGT030^1.p,TH0,Theorem,timeout,na,2287,923,50,923,99,0,0,0,0,
prim_batch_16,AGT/AGT031^1.p,TH0,Theorem,timeout,na,2975,4977,14,4977,395,0,0,0,0,
prim_batch_16,AGT/AGT031^2.p,TH0,Theorem,timeout,na,2405,3473,23,3473,291,0,0,0,0,
prim_batch_16,AGT/AGT032^1.p,TH0,Theorem,timeout,na,2808,3971,15,3971,1484,0,0,4,0,
prim_batch_16,AGT/AGT032^2.p,TH0,Theorem,timeout,na,2326,3890,58,3890,824,0,0,5,0,
prim_batch_16,AGT/AGT033^1.p,TH0,Theorem,timeout,na,2887,4507,14,4507,357,0,0,0,0,
prim_batch_16,AGT/AGT033^2.p,TH0,Theorem,timeout,na,2325,3824,69,3824,290,0,0,0,0,
prim_batch_16,AGT/AGT034^1.p,TH0,Theorem,timeout,na,2741,3652,14,3652,296,0,0,0,0,
prim_batch_16,AGT/AGT034^2.p,TH0,Theorem,timeout,na,2556,3690,7,3690,273,0,0,0,0,
prim_batch_16,AGT/AGT035^1.p,TH0,Theorem,timeout,na,2836,4410,14,4410,1670,0,0,1,0,
prim_batch_16,AGT/AGT035^2.p,TH0,Theorem,timeout,na,2377,4149,36,4149,1146,0,0,5,0,
prim_batch_16,AGT/AGT036^1.p,TH0,Theorem,timeout,na,2895,4613,14,4613,375,0,0,0,0,
prim_batch_16,AGT/AGT037^1.p,TH0,Theorem,timeout,na,2923,4824,14,4825,424,0,0,0,0,
prim_batch_16,AGT/AGT037^2.p,TH0,Theorem,timeout,na,2222,3317,89,3317,280,0,0,0,0,
prim_batch_16,AGT/AGT038^1.p,TH0,Theorem,timeout,na,2940,4864,14,4864,400,0,0,0,0,
prim_batch_16,AGT/AGT039^1.p,TH0,Theorem,timeout,na,2895,4586,14,4586,381,0,0,0,0,
prim_batch_16,AGT/AGT040^1.p,TH0,Theorem,timeout,na,2755,3702,14,3702,359,0,0,0,0,
prim_batch_16,AGT/AGT041^1.p,TH0,Theorem,timeout,na,2877,4531,14,4531,417,0,0,0,0,
prim_batch_16,ALG/ALG001^5.p,TH0,Theorem,timeout,na,2045,1463,69,1463,120,9,0,2,0,
prim_batch_16,ALG/ALG014^7.p,TH0,Theorem,timeout,na,2877,0,0,0,1,0,0,0,0,
prim_batch_16,ALG/ALG015^7.p,TH0,Theorem,timeout,na,6875,0,0,0,1,0,0,0,0,
prim_batch_16,ALG/ALG016^7.p,TH0,Theorem,timeout,na,4129,0,0,0,1,0,0,0,0,
prim_batch_16,ALG/ALG017^7.p,TH0,Theorem,timeout,na,2898,0,0,0,1,0,0,0,0,
prim_batch_16,ALG/ALG018^7.p,TH0,Theorem,timeout,na,2152,493,33,493,31,0,0,0,0,
prim_batch_16,ALG/ALG020^7.p,TH0,Theorem,timeout,na,2394,0,0,0,1,0,0,0,0,
prim_batch_16,ALG/ALG021^7.p,TH0,Theorem,timeout,na,3246,0,0,0,1,0,0,0,0,
prim_batch_16,ALG/ALG022^7.p,TH0,Theorem,timeout,na,3270,0,0,0,1,0,0,0,0,
prim_batch_16,ALG/ALG023^7.p,TH0,Unsatisfiable,no_conjecture,na,886,,,,,,,,,
prim_batch_16,ALG/ALG247^2.p,TH0,Theorem,thm,yes,412,23,0,23,3,1,0,1,1,
prim_batch_16,ALG/ALG248^1.p,TH0,Theorem,timeout,na,2350,814,17,814,255,30,0,1,0,
prim_batch_16,ALG/ALG248^2.p,TH0,CounterSatisfiable,timeout,na,2294,1367,70,1367,139,11,0,1,0,
prim_batch_16,ALG/ALG248^3.p,TH0,Theorem,timeout,na,2345,2797,70,2797,338,5,0,1,0,
prim_batch_16,ALG/ALG249^3.p,TH0,Theorem,timeout,na,2327,2183,77,2183,250,38,0,5,0,
prim_batch_16,ALG/ALG250^3.p,TH0,Theorem,thm,yes,312,40,1,40,5,2,0,1,1,
prim_batch_16,ALG/ALG251^1.p,TH0,Theorem,timeout,na,2302,634,27,634,101,0,0,2,0,
prim_batch_16,ALG/ALG251^2.p,TH0,Theorem,timeout,na,2319,1433,89,1433,77,43,0,1,0,
prim_batch_16,ALG/ALG251^3.p,TH0,Theorem,timeout,na,2320,1404,41,1404,181,47,0,2,0,
prim_batch_16,ALG/ALG252^1.p,TH0,Theorem,timeout,na,2320,714,18,714,139,0,0,2,0,
prim_batch_16,ALG/ALG252^2.p,TH0,Theorem,timeout,na,2283,1223,95,1223,48,0,0,1,0,
prim_batch_16,ALG/ALG253^1.p,TH0,Theorem,timeout,na,2263,153,8,153,8,0,0,1,0,
prim_batch_16,ALG/ALG253^2.p,TH0,Theorem,timeout,na,2290,1096,57,1096,77,12,0,1,0,
prim_batch_16,ALG/ALG254^1.p,TH0,Theorem,thm,yes,482,2,0,2,1,1,0,0,0,
prim_batch_16,ALG/ALG254^2.p,TH0,Theorem,thm,yes,262,2,0,2,1,1,0,0,0,
prim_batch_16,ALG/ALG255^1.p,TH0,Theorem,thm,yes,555,2,0,2,1,1,0,0,0,
prim_batch_16,ALG/ALG256^1.p,TH0,Theorem,timeout,na,2261,20,2,20,1,0,0,0,0,
prim_batch_16,ALG/ALG256^2.p,TH0,Theorem,timeout,na,2333,2539,99,2539,261,26,0,1,0,
prim_batch_16,ALG/ALG257^1.p,TH0,Theorem,timeout,na,2256,17,1,17,1,0,0,0,0,
prim_batch_16,ALG/ALG257^2.p,TH0,Theorem,timeout,na,2364,2725,67,2725,393,21,0,1,0,
prim_batch_16,ALG/ALG258^1.p,TH0,Theorem,timeout,na,2257,17,1,17,1,0,0,0,0,
prim_batch_16,ALG/ALG258^2.p,TH0,Theorem,timeout,na,2313,2206,115,2206,155,35,0,1,0,
prim_batch_16,ALG/ALG259^1.p,TH0,Theorem,timeout,na,2257,13,1,13,1,0,0,0,0,
prim_batch_16,ALG/ALG259^2.p,TH0,Theorem,timeout,na,2311,1624,71,1624,143,21,0,4,0,
prim_batch_16,ALG/ALG260^1.p,TH0,Theorem,timeout,na,2263,10,1,10,1,0,0,0,0,
prim_batch_16,ALG/ALG260^2.p,TH0,Theorem,thm,yes,343,47,1,47,3,1,0,2,1,
prim_batch_16,ALG/ALG261^1.p,TH0,Theorem,timeout,na,2267,6,0,6,1,0,0,0,0,
prim_batch_16,ALG/ALG261^2.p,TH0,Theorem,thm,yes,422,105,6,105,6,1,0,2,1,
prim_batch_16,ALG/ALG262^2.p,TH0,Theorem,thm,yes,336,15,0,15,3,1,0,1,1,
prim_batch_16,ALG/ALG263^1.p,TH0,Theorem,timeout,na,2261,14,1,14,1,0,0,0,0,
prim_batch_16,ALG/ALG263^3.p,TH0,Theorem,timeout,na,2261,11,1,11,1,0,0,0,0,
prim_batch_16,ALG/ALG264^1.p,TH0,Theorem,timeout,na,2259,12,1,12,1,0,0,0,0,
prim_batch_16,ALG/ALG264^3.p,TH0,Theorem,timeout,na,2259,11,1,11,1,0,0,0,0,
prim_batch_16,ALG/ALG265^2.p,TH0,Theorem,timeout,na,2306,1573,64,1573,134,25,0,0,0,
prim_batch_16,ALG/ALG266^1.p,TH0,Theorem,timeout,na,2260,7,0,7,1,0,0,0,0,
prim_batch_16,ALG/ALG266^2.p,TH0,Theorem,timeout,na,2278,336,7,336,53,0,0,1,0,
prim_batch_16,ALG/ALG267^1.p,TH0,Theorem,timeout,na,2268,5,0,5,1,0,0,0,0,
prim_batch_16,ALG/ALG267^2.p,TH0,Theorem,thm,yes,285,20,0,20,3,2,0,1,1,
prim_batch_16,ALG/ALG268^1.p,TH0,Theorem,timeout,na,2261,7,0,7,1,0,0,0,0,
prim_batch_16,ALG/ALG268^2.p,TH0,Theorem,timeout,na,2280,480,14,480,67,0,0,0,0,
prim_batch_16,ALG/ALG268^3.p,TH0,Theorem,timeout,na,2322,2174,119,2174,146,65,0,1,0,
prim_batch_16,ALG/ALG268^4.p,TH0,Theorem,thm,yes,483,28,0,28,3,1,0,1,1,
prim_batch_16,ALG/ALG268^5.p,TH0,Theorem,timeout,na,2266,9,0,9,1,0,0,0,0,
prim_batch_16,ALG/ALG268^6.p,TH0,Theorem,timeout,na,2318,1370,48,1370,178,48,0,0,0,
prim_batch_16,ALG/ALG269^1.p,TH0,Theorem,timeout,na,2259,7,0,7,1,0,0,0,0,
prim_batch_16,ALG/ALG269^2.p,TH0,Theorem,timeout,na,2279,421,9,421,49,0,0,2,0,
prim_batch_16,ALG/ALG269^3.p,TH0,Theorem,timeout,na,2285,698,44,698,48,0,0,2,0,
prim_batch_16,ALG/ALG269^4.p,TH0,CounterSatisfiable,timeout,na,2279,774,50,774,43,0,0,2,0,
prim_batch_16,ALG/ALG270^5.p,TH0,Theorem,timeout,na,2038,1502,65,1502,112,22,0,1,0,
prim_batch_16,ALG/ALG271^5.p,TH0,Theorem,timeout,na,2090,2908,130,2908,303,21,0,1,0,
prim_batch_16,ALG/ALG272^5.p,TH0,Theorem,timeout,na,2074,2986,163,2986,246,34,0,1,0,
prim_batch_16,ALG/ALG273^5.p,TH0,Theorem,timeout,na,2081,2778,133,2778,277,22,0,1,0,
prim_batch_16,ALG/ALG274^5.p,TH0,Theorem,timeout,na,2079,2660,122,2660,280,16,0,1,0,
prim_batch_16,ALG/ALG275^5.p,TH0,CounterSatisfiable,timeout,na,2069,2577,114,2577,115,27,0,0,0,
prim_batch_16,ALG/ALG276^5.p,TH0,Theorem,timeout,na,2072,2762,134,2762,275,32,0,1,0,
prim_batch_16,ALG/ALG277^5.p,TH0,Theorem,timeout,na,2065,2247,86,2247,222,13,0,2,0,
prim_batch_16,ALG/ALG278^5.p,TH0,Theorem,timeout,na,2077,2155,42,2155,291,20,0,2,0,
prim_batch_16,ALG/ALG279^5.p,TH0,Theorem,timeout,na,2070,2110,46,2110,274,16,0,2,0,
prim_batch_16,ALG/ALG280^5.p,TH0,Theorem,timeout,na,2065,2216,43,2216,297,14,0,1,0,
prim_batch_16,ALG/ALG281^5.p,TH0,Theorem,timeout,na,2066,1936,60,1936,238,14,0,2,0,
prim_batch_16,ALG/ALG282^5.p,TH0,Theorem,timeout,na,2069,2285,53,2285,284,15,0,4,0,
prim_batch_16,ALG/ALG283^5.p,TH0,Theorem,timeout,na,2059,2408,55,2408,263,22,0,4,0,
prim_batch_16,ALG/ALG284^5.p,TH0,Theorem,timeout,na,2044,1662,55,1662,162,24,0,1,0,
prim_batch_16,ALG/ALG285^5.p,TH0,Theorem,timeout,na,2068,2403,74,2403,273,11,0,2,0,
prim_batch_16,ALG/ALG286^5.p,TH0,Theorem,timeout,na,2064,2575,116,2575,232,13,0,2,0,
prim_batch_16,ALG/ALG287^5.p,TH0,Theorem,timeout,na,2052,2875,155,2875,199,20,0,1,0,
prim_batch_16,ALG/ALG288^5.p,TH0,Unknown,timeout,na,2077,2436,83,2436,258,44,0,2,0,
prim_batch_16,ALG/ALG289^5.p,TH0,Unknown,timeout,na,2087,2598,56,2598,322,59,0,2,0,
prim_batch_16,ALG/ALG290^5.p,TH0,Theorem,timeout,na,2081,2211,47,2211,293,19,0,4,0,
prim_batch_16,ALG/ALG291^5.p,TH0,Unknown,timeout,na,2076,2303,88,2303,230,1,0,2,0,
prim_batch_16,ALG/ALG292^5.p,TH0,Theorem,timeout,na,2073,2084,79,2084,212,17,0,1,0,
prim_batch_16,ALG/ALG293^5.p,TH0,Unknown,timeout,na,2096,2447,55,2447,290,1,0,2,0,
prim_batch_16,ALG/ALG294^5.p,TH0,Theorem,timeout,na,2060,1032,49,1032,77,22,0,4,0,
prim_batch_16,ALG/ALG295^5.p,TH0,Unknown,timeout,na,2081,2156,61,2156,297,33,0,3,0,
prim_batch_16,ALG/ALG296^5.p,TH0,Unknown,timeout,na,2058,1350,36,1350,184,4,0,1,0,
prim_batch_16,ALG/ALG297^5.p,TH0,Unknown,timeout,na,2053,1847,112,1847,122,0,0,2,0,
prim_batch_16,ALG/ALG298^5.p,TH0,Theorem,timeout,na,2060,1786,63,1786,179,16,0,1,0,
prim_batch_16,ALG/ALG444^1.p,TH0,Satisfiable,no_conjecture,na,256,,,,,,,,,
prim_batch_16,ANA/ANA046^1.p,TH1,Theorem,parse_timeout,na,0,,,,,,,,,cached: parse exceeded 5000ms
prim_batch_16,ANA/ANA047^1.p,TH1,Theorem,parse_timeout,na,0,,,,,,,,,cached: parse exceeded 5000ms
prim_batch_16,ANA/ANA048^1.p,TH1,Theorem,parse_timeout,na,0,,,,,,,,,cached: parse exceeded 5000ms
prim_batch_16,ANA/ANA049^1.p,TH1,Theorem,parse_timeout,na,0,,,,,,,,,cached: parse exceeded 5000ms
prim_batch_16,ANA/ANA050^1.p,TH1,Theorem,parse_timeout,na,0,,,,,,,,,cached: parse exceeded 5000ms
prim_batch_16,ANA/ANA051^1.p,TH1,Theorem,parse_timeout,na,0,,,,,,,,,cached: parse exceeded 5000ms
prim_batch_16,ANA/ANA052^1.p,TH1,Theorem,parse_timeout,na,0,,,,,,,,,cached: parse exceeded 5000ms
prim_batch_16,ANA/ANA053^1.p,TH1,Theorem,parse_timeout,na,0,,,,,,,,,cached: parse exceeded 5000ms
prim_batch_16,ANA/ANA054^1.p,TH1,Theorem,parse_timeout,na,0,,,,,,,,,cached: parse exceeded 5000ms
prim_batch_16,ANA/ANA055^1.p,TH1,Theorem,parse_timeout,na,0,,,,,,,,,cached: parse exceeded 5000ms
prim_batch_16,ANA/ANA056^1.p,TH1,Theorem,parse_timeout,na,0,,,,,,,,,cached: parse exceeded 5000ms
prim_batch_16,ANA/ANA057^1.p,TH1,Theorem,parse_timeout,na,0,,,,,,,,,cached: parse exceeded 5000ms
prim_batch_16,ANA/ANA058^1.p,TH1,Theorem,parse_timeout,na,0,,,,,,,,,cached: parse exceeded 5000ms
prim_batch_16,ANA/ANA059^1.p,TH1,Theorem,parse_timeout,na,0,,,,,,,,,cached: parse exceeded 5000ms
prim_batch_16,ANA/ANA060^1.p,TH1,Theorem,parse_timeout,na,0,,,,,,,,,cached: parse exceeded 5000ms
prim_batch_16,ANA/ANA061^1.p,TH1,Theorem,parse_timeout,na,0,,,,,,,,,cached: parse exceeded 5000ms
prim_batch_16,ANA/ANA062^1.p,TH1,Theorem,parse_timeout,na,0,,,,,,,,,cached: parse exceeded 5000ms
prim_batch_16,ANA/ANA063^1.p,TH1,Theorem,parse_timeout,na,0,,,,,,,,,cached: parse exceeded 5000ms
prim_batch_16,ANA/ANA064^1.p,TH1,Theorem,parse_timeout,na,0,,,,,,,,,cached: parse exceeded 5000ms
prim_batch_16,ANA/ANA065^1.p,TH1,Theorem,parse_timeout,na,0,,,,,,,,,cached: parse exceeded 5000ms
prim_batch_16,ANA/ANA066^1.p,TH1,Theorem,parse_timeout,na,0,,,,,,,,,cached: parse exceeded 5000ms
prim_batch_16,ANA/ANA067^1.p,TH1,Theorem,parse_timeout,na,0,,,,,,,,,cached: parse exceeded 5000ms
prim_batch_16,ANA/ANA068^1.p,TH1,Theorem,timeout,na,2157,3814,27,3814,284,143,0,0,0,
prim_batch_16,ANA/ANA069^1.p,TH1,Theorem,timeout,na,2161,4334,31,4334,248,49,0,0,0,
prim_batch_16,ANA/ANA070^1.p,TH1,Theorem,timeout,na,2160,4164,29,4164,282,73,0,0,0,
prim_batch_16,ANA/ANA071^1.p,TH1,Theorem,timeout,na,2149,4213,56,4213,277,89,0,0,0,
prim_batch_16,ANA/ANA072^1.p,TH1,Theorem,timeout,na,2160,3901,7,3901,295,102,0,0,0,
prim_batch_16,ANA/ANA073^1.p,TH1,ContradictoryAxioms,timeout,na,2100,3295,77,3295,179,105,0,0,0,
prim_batch_16,ANA/ANA074^1.p,TH1,Theorem,timeout,na,2119,3682,28,3682,267,58,0,0,0,
prim_batch_16,ANA/ANA075^1.p,TH1,Theorem,timeout,na,2077,2944,150,2944,145,52,0,2,0,
prim_batch_16,ANA/ANA076^1.p,TH1,Theorem,timeout,na,2124,4198,63,4198,227,83,0,0,0,
prim_batch_16,ANA/ANA077^1.p,TH1,Theorem,timeout,na,2076,2235,31,2235,182,75,0,0,0,
prim_batch_16,ANA/ANA078^1.p,TH1,Theorem,timeout,na,2038,640,18,640,75,28,0,0,0,
prim_batch_16,ANA/ANA079^1.p,TH1,Theorem,timeout,na,2116,3170,69,3170,506,41,0,1,0,
prim_batch_16,ANA/ANA080^1.p,TH1,Theorem,timeout,na,2157,4035,58,4035,224,36,0,0,0,
prim_batch_16,ANA/ANA081^1.p,TH1,Theorem,timeout,na,2184,4312,11,4312,250,96,0,0,0,
prim_batch_16,ANA/ANA082^1.p,TH1,Theorem,timeout,na,2152,4125,43,4125,224,52,0,0,0,
prim_batch_16,ANA/ANA083^1.p,TH1,Theorem,timeout,na,2144,3907,6,3907,300,81,0,0,0,
prim_batch_16,ANA/ANA084^1.p,TH1,Theorem,timeout,na,2142,3890,7,3890,260,44,0,0,0,
prim_batch_16,ANA/ANA085^1.p,TH1,ContradictoryAxioms,timeout,na,2073,2848,106,2848,177,61,0,0,0,
prim_batch_16,ANA/ANA086^1.p,TH1,Theorem,timeout,na,2152,4145,26,4145,216,86,0,0,0,
prim_batch_16,ANA/ANA087^1.p,TH1,Theorem,timeout,na,2101,2967,68,2967,233,88,0,2,0,
prim_batch_16,ANA/ANA088^1.p,TH1,Theorem,timeout,na,2153,4387,32,4387,255,92,0,0,0,
prim_batch_16,ANA/ANA089^1.p,TH1,Theorem,timeout,na,2120,3324,14,3324,177,119,0,0,0,
prim_batch_16,ANA/ANA090^1.p,TH1,Theorem,timeout,na,2106,2796,75,2796,230,48,0,2,0,
prim_batch_16,ANA/ANA091^1.p,TH1,Theorem,timeout,na,2165,3811,62,3811,813,98,0,1,0,
prim_batch_16,ANA/ANA092^1.p,TH1,Theorem,timeout,na,2116,4146,87,4146,201,37,0,0,0,
prim_batch_16,ANA/ANA093^1.p,TH1,ContradictoryAxioms,timeout,na,2028,1385,65,1385,98,15,0,1,0,
prim_batch_16,ANA/ANA094^1.p,TH1,ContradictoryAxioms,timeout,na,2037,1342,67,1342,109,19,0,1,0,
prim_batch_16,ANA/ANA095^1.p,TH1,Theorem,timeout,na,2054,618,18,618,81,4,0,0,0,
prim_batch_16,ANA/ANA096^1.p,TH1,Theorem,timeout,na,2078,1458,46,1458,168,32,0,0,0,
prim_batch_16,ANA/ANA097^1.p,TH1,Theorem,timeout,na,2060,990,44,990,105,17,0,0,0,
prim_batch_16,ANA/ANA098^1.p,TH1,Theorem,timeout,na,2036,517,26,517,28,7,0,2,0,
prim_batch_16,ANA/ANA099^1.p,TH1,Theorem,timeout,na,2027,141,1,141,14,4,0,0,0,
prim_batch_16,ANA/ANA100^1.p,TH1,Theorem,timeout,na,2040,1271,66,1271,83,16,0,1,0,
prim_batch_16,ANA/ANA101^1.p,TH1,Theorem,timeout,na,2049,1609,76,1609,136,13,0,1,0,
prim_batch_16,ANA/ANA102^1.p,TH1,Theorem,timeout,na,2165,3550,38,3550,303,175,0,0,0,
prim_batch_16,ANA/ANA103^1.p,TH1,Theorem,timeout,na,2042,386,15,386,45,0,0,0,0,
prim_batch_16,ANA/ANA104^1.p,TH1,ContradictoryAxioms,timeout,na,2050,552,22,552,47,14,0,0,0,
prim_batch_16,ANA/ANA105^1.p,TH1,Theorem,timeout,na,2055,1465,62,1465,187,6,0,0,0,
prim_batch_16,ANA/ANA106^1.p,TH1,Theorem,timeout,na,2053,1459,64,1459,177,7,0,0,0,
prim_batch_16,ANA/ANA107^1.p,TH1,Theorem,timeout,na,2057,1898,83,1898,223,0,0,0,0,
prim_batch_16,ANA/ANA108^1.p,TH1,Theorem,timeout,na,2144,4260,102,4260,202,44,0,0,0,
prim_batch_16,ANA/ANA109^1.p,TH1,Theorem,timeout,na,2029,1499,83,1499,91,11,0,1,0,
prim_batch_16,ANA/ANA110^1.p,TH1,Theorem,timeout,na,2067,1198,34,1176,106,60,0,0,0,
prim_batch_16,ANA/ANA111^1.p,TH1,Theorem,timeout,na,2056,1040,51,1030,72,24,0,0,0,
prim_batch_16,ANA/ANA112^1.p,TH1,Theorem,timeout,na,2071,1521,44,1521,204,44,0,0,0,
prim_batch_16,ANA/ANA113^1.p,TH1,Theorem,timeout,na,2034,1376,73,1376,93,27,0,1,0,
prim_batch_16,ANA/ANA114^1.p,TH1,CounterSatisfiable,timeout,na,2063,2071,115,2071,169,0,0,1,0,
prim_batch_16,ANA/ANA115^1.p,TH1,Theorem,timeout,na,2041,1574,81,1574,102,4,0,0,0,
prim_batch_16,ANA/ANA116^1.p,TH1,Theorem,timeout,na,2050,688,28,684,54,18,0,1,0,
prim_batch_16,ANA/ANA117^1.p,TH1,Theorem,timeout,na,2060,1167,45,1140,94,34,0,1,0,
prim_batch_16,ANA/ANA118^1.p,TH1,Theorem,timeout,na,2062,1579,38,1579,201,30,0,1,0,
prim_batch_16,ANA/ANA119^1.p,TH1,Theorem,timeout,na,2060,1894,83,1894,168,21,0,1,0,
prim_batch_16,ANA/ANA120^1.p,TH1,Theorem,timeout,na,2058,631,29,631,49,0,0,1,0,
prim_batch_16,ANA/ANA121^1.p,TH1,Theorem,timeout,na,2066,801,41,801,58,0,0,1,0,
prim_batch_16,ANA/ANA122^1.p,TH1,Theorem,timeout,na,2045,1990,120,1990,117,7,0,1,0,
prim_batch_16,ANA/ANA123^1.p,TH1,Theorem,thm,yes,6,3,0,3,1,1,0,0,0,
prim_batch_16,ANA/ANA124^1.p,TH1,Theorem,timeout,na,2027,1274,90,1274,50,11,0,5,0,
prim_batch_16,ANA/ANA125^1.p,TH0,Theorem,timeout,na,2052,1648,38,1648,213,9,0,4,0,
prim_batch_16,ANA/ANA126^1.p,TH0,Theorem,timeout,na,2041,1509,41,1509,168,26,0,2,0,
prim_batch_16,ANA/ANA127^1.p,TH0,Theorem,timeout,na,2075,2733,153,2733,367,17,0,2,0,
prim_batch_16,ANA/ANA128^1.p,TH1,Theorem,timeout,na,2039,342,14,342,38,4,0,2,0,
prim_batch_16,ANA/ANA129^1.p,TH0,Theorem,timeout,na,2062,1856,105,1856,163,8,0,1,0,
prim_batch_16,ANA/ANA130^1.p,TH1,Theorem,timeout,na,2093,1817,82,1817,190,4,0,1,0,
prim_batch_16,ANA/ANA131^1.p,TH1,Theorem,timeout,na,2030,373,18,373,35,0,0,1,0,
prim_batch_16,ANA/ANA132^1.p,TH1,Theorem,timeout,na,2051,542,22,542,39,6,0,1,0,
prim_batch_16,CAT/CAT038^1.p,TH0,Theorem,timeout,na,2058,2825,71,2825,275,34,0,2,0,
prim_batch_16,CAT/CAT038^2.p,TH0,Theorem,timeout,na,2058,2773,127,2773,206,9,0,3,0,
prim_batch_16,CAT/CAT039^1.p,unknown,Theorem,parser_error,na,0,,,,,,,,,cached: Syntax Error: expected ' ' or ']' in !> binder  got [{:colon  ":"  1679}  {:atom  "obj"  1681}  {:rbracket  "]"  1684}  {:colon  ":"  1686}  {:lparen  "("  1688}  {:atom  "mor"  1690}  {:app  "@"  169
prim_batch_16,CAT/CAT040^1.p,unknown,Theorem,parser_error,na,0,,,,,,,,,cached: Syntax Error: expected ' ' or ']' in !> binder  got [{:colon  ":"  1679}  {:atom  "obj"  1681}  {:rbracket  "]"  1684}  {:colon  ":"  1686}  {:lparen  "("  1688}  {:atom  "mor"  1690}  {:app  "@"  169
prim_batch_16,CAT/CAT041^1.p,unknown,Theorem,parser_error,na,0,,,,,,,,,cached: Syntax Error: expected ' ' or ']' in !> binder  got [{:colon  ":"  1679}  {:atom  "obj"  1681}  {:rbracket  "]"  1684}  {:colon  ":"  1686}  {:lparen  "("  1688}  {:atom  "mor"  1690}  {:app  "@"  169
prim_batch_16,CAT/CAT042^1.p,unknown,Theorem,parser_error,na,0,,,,,,,,,cached: Syntax Error: expected ' ' or ']' in !> binder  got [{:colon  ":"  1679}  {:atom  "obj"  1681}  {:rbracket  "]"  1684}  {:colon  ":"  1686}  {:lparen  "("  1688}  {:atom  "mor"  1690}  {:app  "@"  169
prim_batch_16,CAT/CAT043^1.p,unknown,Theorem,parser_error,na,0,,,,,,,,,cached: Syntax Error: expected ' ' or ']' in !> binder  got [{:colon  ":"  1679}  {:atom  "obj"  1681}  {:rbracket  "]"  1684}  {:colon  ":"  1686}  {:lparen  "("  1688}  {:atom  "mor"  1690}  {:app  "@"  169
prim_batch_16,COL/COL125^1.p,TH0,Unknown,timeout,na,2470,0,0,0,1,0,0,0,0,
prim_batch_16,COL/COL126^1.p,TH0,Unknown,timeout,na,2470,0,0,0,1,0,0,0,0,
prim_batch_16,COM/COM024^5.p,TH0,Theorem,timeout,na,2039,1512,40,1512,149,8,0,4,0,
prim_batch_16,COM/COM152^1.p,TH1,Theorem,timeout,na,3167,50,5,50,1,0,0,0,0,
prim_batch_16,COM/COM153^1.p,TH1,Theorem,timeout,na,3036,0,0,0,1,0,0,0,0,
prim_batch_16,COM/COM154^1.p,TH1,Theorem,timeout,na,2346,72,6,72,2,0,0,0,0,
prim_batch_16,COM/COM155^1.p,TH1,Theorem,timeout,na,2838,0,0,0,1,0,0,0,0,
prim_batch_16,COM/COM156^1.p,TH1,Theorem,timeout,na,2901,0,0,0,1,0,0,0,0,
prim_batch_16,COM/COM157^1.p,TH1,Theorem,timeout,na,3067,0,0,0,1,0,0,0,0,
prim_batch_16,COM/COM158^1.p,TH1,Theorem,timeout,na,2276,198,14,198,8,0,0,0,0,
prim_batch_16,COM/COM159^1.p,TH1,Theorem,timeout,na,2954,0,0,0,1,0,0,0,0,
prim_batch_16,COM/COM160^1.p,TH1,Theorem,timeout,na,3023,0,0,0,1,0,0,0,0,
prim_batch_16,COM/COM161^1.p,TH1,Theorem,timeout,na,2774,0,0,0,1,0,0,0,0,
prim_batch_16,COM/COM162^1.p,TH1,Theorem,timeout,na,2333,146,14,146,1,0,0,0,0,
prim_batch_16,COM/COM163^1.p,TH1,Theorem,thm,yes,555,2,0,2,1,1,0,0,0,
prim_batch_16,COM/COM164^1.p,TH1,Theorem,timeout,na,2424,89,8,89,1,0,0,0,0,
prim_batch_16,COM/COM165^1.p,TH1,Theorem,timeout,na,2408,71,6,71,2,0,0,0,0,
prim_batch_16,COM/COM166^1.p,TH1,Theorem,timeout,na,2413,71,6,71,2,0,0,0,0,
prim_batch_16,COM/COM167^1.p,TH1,Theorem,timeout,na,2534,92,6,92,5,0,0,0,0,
prim_batch_16,COM/COM168^1.p,TH1,Theorem,timeout,na,2470,158,13,158,6,0,0,0,0,
prim_batch_16,COM/COM169^1.p,TH1,Theorem,timeout,na,2467,200,11,200,8,0,0,0,0,
prim_batch_16,COM/COM170^1.p,TH1,Theorem,timeout,na,2500,271,18,271,22,0,0,0,0,
prim_batch_16,COM/COM171^1.p,TH1,Theorem,timeout,na,2674,79,7,79,1,0,0,0,0,
prim_batch_16,COM/COM172^1.p,TH1,Theorem,timeout,na,2733,421,35,421,8,0,0,0,0,
prim_batch_16,COM/COM173^1.p,TH1,Theorem,timeout,na,2762,0,0,0,1,0,0,0,0,
prim_batch_16,COM/COM174^1.p,TH1,Theorem,timeout,na,2732,215,19,215,4,0,0,0,0,
prim_batch_16,COM/COM175^1.p,TH1,Theorem,timeout,na,2811,0,0,0,1,0,0,0,0,
prim_batch_16,COM/COM176^1.p,TH1,Theorem,timeout,na,2509,122,5,122,6,0,0,0,0,
prim_batch_16,COM/COM177^1.p,TH1,Theorem,timeout,na,2661,420,31,420,36,0,0,0,0,
prim_batch_16,COM/COM178^1.p,TH1,Theorem,timeout,na,2897,0,0,0,1,0,0,0,0,
prim_batch_16,COM/COM179^1.p,TH1,Theorem,timeout,na,2688,552,39,552,41,0,0,0,0,
prim_batch_16,COM/COM180^1.p,TH1,Theorem,timeout,na,2725,0,0,0,1,0,0,0,0,
prim_batch_16,COM/COM181^1.p,TH1,Theorem,timeout,na,2643,273,20,273,16,0,0,0,0,
prim_batch_16,COM/COM182^1.p,TH1,Theorem,timeout,na,2783,0,0,0,1,0,0,0,0,
prim_batch_16,COM/COM183^1.p,TH1,Theorem,timeout,na,2438,254,16,254,21,0,0,0,0,
prim_batch_16,COM/COM184^1.p,TH1,Theorem,timeout,na,2827,0,0,0,1,0,0,0,0,
prim_batch_16,COM/COM185^1.p,TH1,Theorem,timeout,na,2825,0,0,0,1,0,0,0,0,
prim_batch_16,COM/COM186^1.p,TH1,Theorem,timeout,na,2708,0,0,0,1,0,0,0,0,
prim_batch_16,COM/COM187^1.p,TH1,Theorem,timeout,na,3017,0,0,0,1,0,0,0,0,
prim_batch_16,COM/COM188^1.p,TH1,Theorem,timeout,na,2696,0,0,0,1,0,0,0,0,
prim_batch_16,COM/COM189^1.p,TH1,Theorem,timeout,na,2747,0,0,0,1,0,0,0,0,
prim_batch_16,COM/COM190^1.p,TH1,Theorem,thm,yes,722,1,0,1,1,1,0,0,0,
prim_batch_16,COM/COM191^1.p,TH1,Theorem,timeout,na,2720,0,0,0,1,0,0,0,0,
prim_batch_16,COM/COM192^1.p,TH1,Theorem,timeout,na,2916,0,0,0,1,0,0,0,0,
prim_batch_16,COM/COM193^1.p,TH1,Theorem,timeout,na,2422,109,4,109,10,0,0,0,0,
prim_batch_16,COM/COM194^1.p,TH1,Theorem,timeout,na,2741,0,0,0,1,0,0,0,0,
prim_batch_16,COM/COM195^1.p,TH1,Theorem,thm,yes,1030,16,1,16,1,1,0,0,0,
prim_batch_16,COM/COM196^1.p,TH1,Theorem,timeout,na,2437,130,8,130,8,0,0,0,0,
prim_batch_16,COM/COM197^1.p,TH1,Theorem,timeout,na,2965,51,5,51,1,0,0,0,0,
prim_batch_16,COM/COM198^1.p,TH1,Theorem,timeout,na,3046,7,0,7,1,0,0,0,0,
prim_batch_16,COM/COM199^1.p,TH1,Theorem,timeout,na,3111,15,1,15,1,0,0,0,0,
prim_batch_16,COM/COM200^1.p,TH1,Theorem,timeout,na,2507,1065,32,1065,130,0,0,0,0,
prim_batch_16,COM/COM201^1.p,TH1,Theorem,timeout,na,2383,100,10,100,1,0,0,0,0,
prim_batch_16,COM/COM202^1.p,TH1,Theorem,timeout,na,2811,94,9,94,1,0,0,0,0,
prim_batch_16,COM/COM203^1.p,TH1,Theorem,timeout,na,2814,150,9,150,16,0,0,0,0,
prim_batch_16,COM/COM204^1.p,TH1,Theorem,timeout,na,2909,0,0,0,1,0,0,0,0,
prim_batch_16,COM/COM205^1.p,TH1,Theorem,timeout,na,2747,43,2,43,16,0,0,0,0,
prim_batch_16,COM/COM206^1.p,TH1,Theorem,timeout,na,2912,44,4,44,1,0,0,0,0,
prim_batch_16,COM/COM207^1.p,TH1,Theorem,timeout,na,2873,45,4,45,1,0,0,0,0,
prim_batch_16,COM/COM208^1.p,TH1,Theorem,timeout,na,2902,58,5,58,1,0,0,0,0,
prim_batch_16,COM/COM209^1.p,TH1,Theorem,timeout,na,2916,43,4,43,1,0,0,0,0,
prim_batch_16,COM/COM210^1.p,TH1,Theorem,timeout,na,2663,76,7,76,1,0,0,0,0,
prim_batch_16,COM/COM211^1.p,TH1,Theorem,timeout,na,2839,45,4,45,1,0,0,0,0,
prim_batch_16,CSR/CSR119^1.p,TH0,Theorem,timeout,na,2157,5947,100,5922,371,431,0,0,0,
prim_batch_16,CSR/CSR119^2.p,TH0,Theorem,timeout,na,2113,621,45,621,24,4,0,0,0,
prim_batch_16,CSR/CSR119^3.p,TH0,Theorem,timeout,na,5283,259,25,259,1,0,0,0,0,
prim_batch_16,CSR/CSR120^1.p,TH0,Theorem,prover_error,na,2364,,,,,,,,,{{%RuntimeError{message: "ShotTx.Proof.interior_event/2: unhandled trace entry {205201956  {:instantiate  #Stream<[enum: [247102403  247102435]  funs: [#Function<49.48511117/1 in Stream.map/2>  #Function<49.48511117/1 in Stream.map/2>]]>  2}  []}"}  [{ShotTx.Proof  :interior_event  2  [file: ~c"lib/shot_tx/proof.ex"  line: 474  error_info: %{module: Exception}]}  {Enum  :"-reduce/3-lists^foldl/2-0-"  3  [file: ~c"lib/enum.ex"  line: 2622]}  {ShotTx.Proof  :linearize  2  [file: ~c"lib/shot_tx/proof.ex"  line: 367]}  {Enum  :"-map/2-fun-0-"  3  [file: ~c"lib/enum.ex"  line: 1733]}  {:maps  :fold_1  4  [file: ~c"maps.erl"  line: 894]}  {Enum  :map  2  [file: ~c"lib/enum.ex"  line: 2634]}  {ShotTx.Proof  :from_refutation  4  [file: ~c"lib/shot_tx/proof.ex"  line: 117]}  {ShotTx.Prover.Manager  :finish_with_timeout  1  [file: ~c"lib/shot_tx/prover/manager.ex"  line: 221]}]}  {GenServer  :call  [{:via  Registry  {ShotTx.Prover.ProcessRegistry  {"#Reference<0.2589196166.3666870274.166142>"  :manager}}}  :start_proof  :infinity]}}
prim_batch_16,CSR/CSR120^2.p,TH0,Theorem,timeout,na,2112,580,42,580,24,2,0,0,0,
prim_batch_16,CSR/CSR120^3.p,TH0,Theorem,timeout,na,5323,255,25,255,1,0,0,0,0,
prim_batch_16,CSR/CSR121^1.p,TH0,Theorem,prover_error,na,2236,,,,,,,,,{{%RuntimeError{message: "ShotTx.Proof.interior_event/2: unhandled trace entry {199610696  {:instantiate  #Stream<[enum: [252181923  252181955]  funs: [#Function<49.48511117/1 in Stream.map/2>  #Function<49.48511117/1 in Stream.map/2>]]>  2}  []}"}  [{ShotTx.Proof  :interior_event  2  [file: ~c"lib/shot_tx/proof.ex"  line: 474  error_info: %{module: Exception}]}  {Enum  :"-reduce/3-lists^foldl/2-0-"  3  [file: ~c"lib/enum.ex"  line: 2622]}  {ShotTx.Proof  :linearize  2  [file: ~c"lib/shot_tx/proof.ex"  line: 367]}  {Enum  :"-map/2-fun-0-"  3  [file: ~c"lib/enum.ex"  line: 1733]}  {:maps  :fold_1  4  [file: ~c"maps.erl"  line: 894]}  {Enum  :map  2  [file: ~c"lib/enum.ex"  line: 2634]}  {ShotTx.Proof  :from_refutation  4  [file: ~c"lib/shot_tx/proof.ex"  line: 117]}  {ShotTx.Prover.Manager  :finish_with_timeout  1  [file: ~c"lib/shot_tx/prover/manager.ex"  line: 221]}]}  {GenServer  :call  [{:via  Registry  {ShotTx.Prover.ProcessRegistry  {"#Reference<0.2589196166.3667132418.55563>"  :manager}}}  :start_proof  :infinity]}}
prim_batch_16,CSR/CSR121^2.p,TH0,Theorem,timeout,na,2118,593,38,593,24,8,0,0,0,
prim_batch_16,CSR/CSR122^1.p,TH0,Theorem,timeout,na,2112,351,0,267,2,87,0,0,0,
prim_batch_16,CSR/CSR122^2.p,TH0,Theorem,timeout,na,2081,303,24,303,6,2,0,0,0,
prim_batch_16,CSR/CSR123^1.p,TH0,Theorem,timeout,na,2011,370,12,356,12,34,0,1,0,
prim_batch_16,CSR/CSR123^2.p,TH0,Theorem,timeout,na,2088,324,29,324,4,0,0,0,0,
prim_batch_16,CSR/CSR124^1.p,TH0,Theorem,prover_error,na,48,,,,,,,,,ShotTx.Proof.interior_event/2: unhandled trace entry {563961122  {:instantiate  #Stream<[enum: [563937890  563937922]  funs: [#Function<49.48511117/1 in Stream.map/2>  #Function<49.48511117/1 in Stream.map/2>]]>  2}  []}
prim_batch_16,CSR/CSR124^2.p,TH0,Theorem,timeout,na,2093,461,35,457,12,6,0,0,0,
prim_batch_16,CSR/CSR125^1.p,TH0,Theorem,timeout,na,2320,8166,29,8163,171,1039,0,0,0,
prim_batch_16,CSR/CSR125^2.p,TH0,Theorem,timeout,na,2181,640,42,640,40,4,0,0,0,
prim_batch_16,CSR/CSR126^1.p,TH0,Theorem,timeout,na,2356,7980,2,7816,144,1076,0,0,0,
prim_batch_16,CSR/CSR126^2.p,TH0,Theorem,timeout,na,2239,1560,91,1544,72,60,0,0,0,
prim_batch_16,CSR/CSR127^1.p,TH0,Theorem,timeout,na,2257,5849,3,5639,136,735,0,0,0,
prim_batch_16,CSR/CSR127^2.p,TH0,Theorem,timeout,na,2160,943,52,943,42,27,0,0,0,
prim_batch_16,CSR/CSR128^1.p,TH0,Theorem,timeout,na,2328,7690,77,7515,126,1011,0,0,0,
prim_batch_16,CSR/CSR128^2.p,TH0,Theorem,timeout,na,2226,1327,81,1327,80,30,0,0,0,
prim_batch_16,CSR/CSR129^1.p,TH0,Theorem,timeout,na,2114,2838,5,2733,434,0,0,0,0,
prim_batch_16,CSR/CSR129^2.p,TH0,Theorem,timeout,na,2363,3924,4,3924,426,28,0,0,0,
prim_batch_16,CSR/CSR130^1.p,TH0,Theorem,timeout,na,2113,2658,3,2658,499,0,0,0,0,
prim_batch_16,CSR/CSR130^2.p,TH0,Theorem,timeout,na,2154,3246,4,3246,412,20,0,0,0,
prim_batch_16,CSR/CSR131^1.p,TH0,Theorem,timeout,na,2188,6567,0,6567,506,0,0,0,0,
prim_batch_16,CSR/CSR131^2.p,TH0,Theorem,timeout,na,2229,5345,4,5345,251,290,0,0,0,
prim_batch_16,CSR/CSR132^1.p,TH0,Theorem,timeout,na,2129,4331,0,4331,502,0,0,0,0,
prim_batch_16,CSR/CSR132^2.p,TH0,Theorem,timeout,na,2185,2087,55,2087,125,120,0,0,0,
prim_batch_16,CSR/CSR133^1.p,TH0,Theorem,timeout,na,2208,6858,0,6858,504,0,0,0,0,
prim_batch_16,CSR/CSR133^2.p,TH0,Theorem,timeout,na,2253,5670,4,5670,251,402,0,0,0,
prim_batch_16,CSR/CSR134^1.p,TH0,Theorem,timeout,na,2266,8240,0,8240,501,0,0,0,0,
prim_batch_16,CSR/CSR134^2.p,TH0,Theorem,timeout,na,2254,5762,4,5762,432,404,0,0,0,
prim_batch_16,CSR/CSR135^1.p,TH0,Theorem,thm,yes,26,13,0,13,2,0,0,1,1,
prim_batch_16,CSR/CSR135^2.p,TH0,Theorem,thm,yes,28,13,0,13,2,0,0,1,1,
prim_batch_16,CSR/CSR136^1.p,TH0,Theorem,timeout,na,2005,23,0,23,3,0,0,1,0,
prim_batch_16,CSR/CSR136^2.p,TH0,Theorem,thm,yes,1106,23,0,23,3,0,0,2,1,
prim_batch_16,CSR/CSR137^1.p,TH0,Theorem,timeout,na,2047,1161,62,1161,72,26,0,1,0,
prim_batch_16,CSR/CSR137^2.p,TH0,Theorem,timeout,na,2067,657,28,657,88,10,0,1,0,
prim_batch_16,CSR/CSR138^1.p,TH0,Theorem,timeout,na,2334,1354,26,1354,857,90,0,1,0,
prim_batch_16,CSR/CSR138^2.p,TH0,Theorem,timeout,na,2140,381,30,381,16,0,0,0,0,
prim_batch_16,CSR/CSR139^1.p,TH0,Theorem,timeout,na,2070,841,30,841,146,10,0,1,0,
prim_batch_16,CSR/CSR139^2.p,TH0,Theorem,timeout,na,2104,1287,53,1287,252,10,0,0,0,
prim_batch_16,CSR/CSR140^1.p,TH0,Theorem,thm,yes,42,19,1,19,2,0,0,1,1,
prim_batch_16,CSR/CSR140^2.p,TH0,Theorem,timeout,na,2089,770,28,770,121,10,0,1,0,
prim_batch_16,CSR/CSR141^1.p,TH0,Theorem,timeout,na,2195,2193,0,1935,124,413,0,0,0,
prim_batch_16,CSR/CSR141^2.p,TH0,Theorem,timeout,na,2225,1771,51,1769,266,3,0,0,0,
prim_batch_16,CSR/CSR141^3.p,TH0,CounterSatisfiable,timeout,na,2028,314,0,288,4,65,0,0,0,
prim_batch_16,CSR/CSR142^1.p,TH0,Theorem,timeout,na,2013,221,10,221,26,2,0,2,0,
prim_batch_16,CSR/CSR142^2.p,TH0,Theorem,timeout,na,2184,475,28,475,37,0,0,0,0,
prim_batch_16,CSR/CSR142^3.p,TH0,CounterSatisfiable,timeout,na,2005,1407,186,1407,1,0,0,0,0,
prim_batch_16,CSR/CSR143^1.p,TH0,Theorem,timeout,na,2022,755,50,751,37,10,0,1,0,
prim_batch_16,CSR/CSR143^2.p,TH0,Theorem,timeout,na,2149,611,57,611,4,2,0,0,0,
prim_batch_16,CSR/CSR143^3.p,TH0,CounterSatisfiable,timeout,na,2152,6935,230,6931,283,295,0,0,0,
prim_batch_16,CSR/CSR144^1.p,TH0,Theorem,timeout,na,2021,719,31,719,87,4,0,0,0,
prim_batch_16,CSR/CSR144^2.p,TH0,Theorem,timeout,na,2160,360,34,360,2,0,0,0,0,
prim_batch_16,CSR/CSR144^3.p,TH0,CounterSatisfiable,timeout,na,2300,10343,49,10343,239,844,0,0,0,
prim_batch_16,CSR/CSR145^1.p,TH0,Theorem,timeout,na,2032,757,33,757,67,28,0,2,0,
prim_batch_16,CSR/CSR145^2.p,TH0,Theorem,timeout,na,2161,379,37,379,1,0,0,0,0,
prim_batch_16,CSR/CSR145^3.p,TH0,CounterSatisfiable,timeout,na,2072,1965,54,1965,264,204,0,4,0,
prim_batch_16,CSR/CSR146^1.p,TH0,Theorem,timeout,na,2018,474,25,470,38,12,0,1,0,
prim_batch_16,CSR/CSR146^2.p,TH0,Theorem,timeout,na,2196,293,29,293,1,0,0,0,0,
prim_batch_16,CSR/CSR146^3.p,TH0,Theorem,timeout,na,2017,493,25,489,40,17,0,0,0,
prim_batch_16,CSR/CSR148^1.p,TH0,Theorem,timeout,na,2393,8759,88,8712,97,1112,0,0,0,
prim_batch_16,CSR/CSR148^2.p,TH0,Theorem,timeout,na,2128,571,42,563,21,12,0,0,0,
prim_batch_16,CSR/CSR148^3.p,TH0,ContradictoryAxioms,timeout,na,5340,255,25,255,1,0,0,0,0,
prim_batch_16,CSR/CSR149^1.p,TH0,Theorem,timeout,na,2361,8145,31,8105,85,1007,0,0,0,
prim_batch_16,CSR/CSR149^2.p,TH0,Theorem,timeout,na,2123,560,42,552,20,12,0,0,0,
prim_batch_16,CSR/CSR149^3.p,TH0,ContradictoryAxioms,timeout,na,5336,256,25,256,1,0,0,0,0,
prim_batch_16,CSR/CSR150^1.p,TH0,Theorem,timeout,na,2089,3457,85,3457,194,42,0,0,0,
prim_batch_16,CSR/CSR150^2.p,TH0,Theorem,timeout,na,2157,469,32,469,24,0,0,0,0,
prim_batch_16,CSR/CSR150^3.p,TH0,Theorem,timeout,na,5265,252,25,252,1,0,0,0,0,
prim_batch_16,CSR/CSR151^1.p,TH0,Theorem,thm,yes,33,48,0,43,4,10,0,0,0,
prim_batch_16,CSR/CSR151^2.p,TH0,Theorem,timeout,na,2145,563,36,563,24,10,0,0,0,
prim_batch_16,CSR/CSR151^3.p,TH0,Theorem,timeout,na,5306,258,25,258,1,0,0,0,0,
prim_batch_16,CSR/CSR152^1.p,TH0,Theorem,unk,na,40,80,0,70,5,15,0,0,0,
prim_batch_16,CSR/CSR152^2.p,TH0,Theorem,timeout,na,2283,2192,59,2123,270,151,0,0,0,
prim_batch_16,CSR/CSR152^3.p,TH0,ContradictoryAxioms,timeout,na,5293,258,25,258,1,0,0,0,0,
prim_batch_16,CSR/CSR153^1.p,TH0,Theorem,timeout,na,2199,5044,82,5044,637,267,0,2,0,
prim_batch_16,CSR/CSR153^2.p,TH0,Theorem,timeout,na,2090,543,35,543,21,0,0,1,0,
prim_batch_16,CSR/CSR153^3.p,TH0,ContradictoryAxioms,timeout,na,5304,250,25,250,1,0,0,0,0,
prim_batch_16,DAT/DAT002^1.p,TH0,Theorem,timeout,na,2303,4164,18,4164,280,6,0,0,0,
prim_batch_16,DAT/DAT056^1.p,TH0,Theorem,timeout,na,2062,1730,38,1730,184,59,0,1,0,
prim_batch_16,DAT/DAT056^2.p,TH0,Theorem,timeout,na,2075,2331,49,2331,387,3,0,4,0,
prim_batch_16,DAT/DAT113^1.p,TH1,Theorem,timeout,na,2435,141,12,141,2,0,0,0,0,
prim_batch_16,DAT/DAT114^1.p,TH1,Theorem,timeout,na,2683,523,46,523,8,0,0,0,0,
prim_batch_16,DAT/DAT115^1.p,TH1,Theorem,timeout,na,2800,670,56,670,16,0,0,0,0,
prim_batch_16,DAT/DAT117^1.p,TH1,Theorem,timeout,na,2698,746,65,746,16,0,0,0,0,
prim_batch_16,DAT/DAT118^1.p,TH1,Theorem,timeout,na,2822,784,58,784,38,0,0,0,0,
prim_batch_16,DAT/DAT119^1.p,TH1,Theorem,timeout,na,2389,0,0,0,1,0,0,0,0,
prim_batch_16,DAT/DAT120^1.p,TH1,Theorem,timeout,na,2560,0,0,0,1,0,0,0,0,
prim_batch_16,DAT/DAT121^1.p,TH1,Theorem,timeout,na,2370,1115,87,1115,26,11,0,0,0,
prim_batch_16,DAT/DAT122^1.p,TH1,Theorem,timeout,na,2761,0,0,0,1,0,0,0,0,
prim_batch_16,DAT/DAT123^1.p,TH1,Theorem,timeout,na,2726,1783,16,1783,322,0,0,0,0,
prim_batch_16,DAT/DAT124^1.p,TH1,Theorem,timeout,na,2671,1748,96,1748,158,0,0,0,0,
prim_batch_16,DAT/DAT125^1.p,TH1,Theorem,timeout,na,2787,108,9,108,2,0,0,0,0,
prim_batch_16,DAT/DAT126^1.p,TH1,Theorem,timeout,na,2495,7,0,7,1,0,0,0,0,
prim_batch_16,DAT/DAT127^1.p,TH1,Theorem,timeout,na,2492,524,20,524,43,0,0,1,0,
prim_batch_16,DAT/DAT128^1.p,TH1,Theorem,timeout,na,2549,856,50,856,48,0,0,0,0,
prim_batch_16,DAT/DAT129^1.p,TH1,Theorem,timeout,na,2489,3230,147,3230,185,194,0,1,0,
prim_batch_16,DAT/DAT130^1.p,TH1,Theorem,timeout,na,2685,0,0,0,1,0,0,0,0,
prim_batch_16,DAT/DAT131^1.p,TH1,Theorem,timeout,na,2777,0,0,0,1,0,0,0,0,
prim_batch_16,DAT/DAT132^1.p,TH1,Theorem,timeout,na,2720,0,0,0,1,0,0,0,0,
prim_batch_16,DAT/DAT133^1.p,TH1,Theorem,timeout,na,2483,141,11,141,6,0,0,0,0,
prim_batch_16,DAT/DAT134^1.p,TH1,Theorem,timeout,na,2892,0,0,0,1,0,0,0,0,
prim_batch_16,DAT/DAT135^1.p,TH1,Theorem,timeout,na,2488,524,39,524,41,0,0,0,0,
prim_batch_16,DAT/DAT136^1.p,TH1,Theorem,timeout,na,2389,968,65,968,42,2,0,0,0,
prim_batch_16,DAT/DAT137^1.p,TH1,Theorem,timeout,na,2476,884,51,884,49,0,0,0,0,
prim_batch_16,DAT/DAT138^1.p,TH1,Theorem,timeout,na,2760,0,0,0,1,0,0,0,0,
prim_batch_16,DAT/DAT139^1.p,TH1,Theorem,timeout,na,2022,1245,120,1245,32,0,0,0,0,
prim_batch_16,DAT/DAT140^1.p,TH1,Theorem,timeout,na,2539,785,59,785,25,0,0,0,0,
prim_batch_16,DAT/DAT141^1.p,TH1,Theorem,timeout,na,2979,0,0,0,1,0,0,0,0,
prim_batch_16,DAT/DAT142^1.p,TH1,Theorem,timeout,na,2371,193,15,193,5,0,0,0,0,
prim_batch_16,DAT/DAT143^1.p,TH1,Theorem,timeout,na,2017,1244,122,1244,32,0,0,0,0,
prim_batch_16,DAT/DAT144^1.p,TH1,Theorem,timeout,na,2435,17,1,17,1,0,0,0,0,
prim_batch_16,DAT/DAT145^1.p,TH1,Theorem,timeout,na,3172,0,0,0,1,0,0,0,0,
prim_batch_16,DAT/DAT146^1.p,TH1,Theorem,timeout,na,2916,0,0,0,1,0,0,0,0,
prim_batch_16,DAT/DAT147^1.p,TH1,Theorem,timeout,na,2587,260,18,260,11,0,0,0,0,
prim_batch_16,DAT/DAT148^1.p,TH1,Theorem,timeout,na,3330,0,0,0,1,0,0,0,0,
prim_batch_16,DAT/DAT149^1.p,TH1,Theorem,timeout,na,2644,0,0,0,1,0,0,0,0,
prim_batch_16,DAT/DAT150^1.p,TH1,Theorem,timeout,na,2570,112,11,112,1,0,0,0,0,
prim_batch_16,DAT/DAT151^1.p,TH1,Theorem,timeout,na,2387,186,16,186,4,0,0,0,0,
prim_batch_16,DAT/DAT152^1.p,TH1,Theorem,timeout,na,2496,814,65,814,26,6,0,0,0,
prim_batch_16,DAT/DAT153^1.p,TH1,Theorem,timeout,na,2397,392,20,392,22,4,0,0,0,
prim_batch_16,DAT/DAT154^1.p,TH1,Theorem,timeout,na,2851,0,0,0,1,0,0,0,0,
prim_batch_16,DAT/DAT155^1.p,TH1,Theorem,timeout,na,3130,0,0,0,1,0,0,0,0,
prim_batch_16,DAT/DAT156^1.p,TH1,Theorem,timeout,na,3003,0,0,0,1,0,0,0,0,
prim_batch_16,DAT/DAT157^1.p,TH1,Theorem,timeout,na,2511,564,44,564,40,0,0,0,0,
prim_batch_16,DAT/DAT158^1.p,TH1,Theorem,timeout,na,2612,791,63,791,26,0,0,0,0,
prim_batch_16,DAT/DAT159^1.p,TH1,Theorem,thm,yes,573,105,6,105,7,2,0,1,1,
prim_batch_16,DAT/DAT160^1.p,TH1,Theorem,timeout,na,2323,295,17,295,12,11,0,8,0,
prim_batch_16,DAT/DAT161^1.p,TH1,Theorem,timeout,na,2765,2587,23,2587,413,7,0,8,0,
prim_batch_16,DAT/DAT162^1.p,TH1,Theorem,timeout,na,2419,837,65,837,31,2,0,1,0,
prim_batch_16,DAT/DAT163^1.p,TH1,Theorem,timeout,na,2515,621,32,621,36,8,0,0,0,
prim_batch_16,DAT/DAT164^1.p,TH1,Theorem,timeout,na,2593,511,39,511,17,0,0,0,0,
prim_batch_16,DAT/DAT165^1.p,TH1,Theorem,timeout,na,2430,131,12,131,2,0,0,0,0,
prim_batch_16,DAT/DAT166^1.p,TH1,Theorem,timeout,na,2591,571,47,571,16,4,0,0,0,
prim_batch_16,DAT/DAT167^1.p,TH1,Theorem,timeout,na,2502,70,5,70,4,0,0,0,0,
prim_batch_16,DAT/DAT168^1.p,TH1,Theorem,timeout,na,2547,312,25,312,4,5,0,0,0,
prim_batch_16,DAT/DAT169^1.p,TH1,Theorem,timeout,na,2570,432,34,432,7,4,0,0,0,
prim_batch_16,DAT/DAT170^1.p,TH1,Theorem,timeout,na,2469,440,39,440,8,2,0,1,0,
prim_batch_16,DAT/DAT171^1.p,TH1,Theorem,timeout,na,2545,415,27,415,16,2,0,1,0,
prim_batch_16,DAT/DAT172^1.p,TH1,Theorem,timeout,na,2458,410,28,410,8,10,0,9,0,
prim_batch_16,DAT/DAT173^1.p,TH1,Theorem,timeout,na,2696,390,38,390,4,0,0,0,0,
prim_batch_16,DAT/DAT174^1.p,TH1,Theorem,timeout,na,2483,117,3,117,12,0,0,0,0,
prim_batch_16,DAT/DAT175^1.p,TH1,Theorem,timeout,na,2910,12,1,12,1,0,0,0,0,
prim_batch_16,DAT/DAT176^1.p,TH1,Theorem,timeout,na,2510,307,20,307,16,0,0,0,0,
prim_batch_16,DAT/DAT177^1.p,TH1,Theorem,timeout,na,2578,257,23,257,6,0,0,0,0,
prim_batch_16,DAT/DAT178^1.p,TH1,Theorem,timeout,na,2713,481,23,481,32,0,0,0,0,
prim_batch_16,DAT/DAT179^1.p,TH1,Theorem,timeout,na,2429,647,48,647,20,0,0,0,0,
prim_batch_16,DAT/DAT180^1.p,TH1,Theorem,timeout,na,2537,1518,125,1518,40,0,0,0,0,
prim_batch_16,DAT/DAT181^1.p,TH1,Theorem,timeout,na,2705,553,41,553,19,0,0,0,0,
prim_batch_16,DAT/DAT182^1.p,TH1,Theorem,timeout,na,2758,1026,49,1026,106,0,0,0,0,
prim_batch_16,DAT/DAT183^1.p,TH1,Theorem,timeout,na,2713,1363,90,1363,64,0,0,0,0,
prim_batch_16,DAT/DAT184^1.p,TH1,Theorem,timeout,na,2668,1374,125,1374,32,0,0,0,0,
prim_batch_16,DAT/DAT185^1.p,TH1,Theorem,timeout,na,2664,1106,99,1106,26,0,0,0,0,
prim_batch_16,DAT/DAT186^1.p,TH1,Theorem,timeout,na,2786,0,0,0,1,0,0,0,0,
prim_batch_16,DAT/DAT187^1.p,TH1,Theorem,timeout,na,2814,0,0,0,1,0,0,0,0,
prim_batch_16,DAT/DAT188^1.p,TH1,Theorem,timeout,na,2808,0,0,0,1,0,0,0,0,
prim_batch_16,DAT/DAT189^1.p,TH1,Theorem,timeout,na,2742,0,0,0,1,0,0,0,0,
prim_batch_16,DAT/DAT190^1.p,TH1,Theorem,timeout,na,2915,0,0,0,1,0,0,0,0,
prim_batch_16,DAT/DAT191^1.p,TH1,Theorem,timeout,na,2612,741,65,741,8,0,0,0,0,
prim_batch_16,DAT/DAT192^1.p,TH1,Theorem,timeout,na,2615,604,53,604,8,0,0,0,0,
prim_batch_16,DAT/DAT193^1.p,TH1,Theorem,timeout,na,2727,0,0,0,1,0,0,0,0,
prim_batch_16,DAT/DAT194^1.p,TH1,Theorem,timeout,na,2672,1107,98,1107,32,0,0,0,0,
prim_batch_16,DAT/DAT195^1.p,TH1,Theorem,timeout,na,2594,715,56,715,16,0,0,0,0,
prim_batch_16,DAT/DAT196^1.p,TH1,Theorem,timeout,na,2659,570,42,570,16,0,0,0,0,
prim_batch_16,DAT/DAT197^1.p,TH1,Theorem,timeout,na,3091,72,7,72,1,0,0,0,0,
prim_batch_16,DAT/DAT198^1.p,TH1,Theorem,timeout,na,3383,0,0,0,1,0,0,0,0,
prim_batch_16,DAT/DAT199^1.p,TH1,Theorem,timeout,na,2682,140,12,140,2,0,0,0,0,
prim_batch_16,DAT/DAT200^1.p,TH1,Theorem,timeout,na,2771,159,14,159,2,0,0,0,0,
prim_batch_16,DAT/DAT201^1.p,TH1,Theorem,timeout,na,2470,381,35,381,5,0,0,1,0,
prim_batch_16,DAT/DAT202^1.p,TH1,Theorem,timeout,na,2846,339,31,339,4,0,0,0,0,
prim_batch_16,DAT/DAT203^1.p,TH1,Theorem,timeout,na,2668,354,22,354,19,0,0,0,0,
prim_batch_16,DAT/DAT204^1.p,TH1,Theorem,timeout,na,2758,180,17,180,2,0,0,0,0,
prim_batch_16,DAT/DAT205^1.p,TH1,Theorem,timeout,na,2801,259,23,259,4,0,0,0,0,
prim_batch_16,DAT/DAT206^1.p,TH1,Theorem,timeout,na,2632,310,23,310,8,0,0,1,0,
prim_batch_16,DAT/DAT207^1.p,TH1,Theorem,timeout,na,2988,0,0,0,1,0,0,0,0,
prim_batch_16,DAT/DAT208^1.p,TH1,Theorem,timeout,na,2553,878,59,878,55,0,0,1,0,
prim_batch_16,DAT/DAT209^1.p,TH1,Theorem,timeout,na,2351,552,36,552,24,0,0,0,0,
prim_batch_16,DAT/DAT210^1.p,TH1,Theorem,timeout,na,2740,202,18,202,4,0,0,0,0,
prim_batch_16,DAT/DAT211^1.p,TH1,Theorem,timeout,na,2414,0,0,0,1,0,0,0,0,
prim_batch_16,DAT/DAT212^1.p,TH1,Theorem,timeout,na,2746,510,37,510,22,19,0,1,0,
prim_batch_16,DAT/DAT213^1.p,TH1,Theorem,timeout,na,2718,564,50,564,8,0,0,1,0,
prim_batch_16,DAT/DAT214^1.p,TH1,Theorem,timeout,na,2624,917,36,917,99,30,0,0,0,
prim_batch_16,DAT/DAT215^1.p,TH1,Theorem,timeout,na,3148,112,11,112,1,0,0,0,0,
prim_batch_16,DAT/DAT216^1.p,TH1,ContradictoryAxioms,timeout,na,2506,1706,72,1706,189,16,0,2,0,
prim_batch_16,DAT/DAT217^1.p,TH1,Theorem,timeout,na,2452,1013,76,1013,59,5,0,5,0,
prim_batch_16,DAT/DAT218^1.p,TH1,Theorem,timeout,na,2348,778,60,778,19,13,0,2,0,
prim_batch_16,DAT/DAT219^1.p,TH1,Theorem,timeout,na,2847,23,2,23,1,0,0,0,0,
prim_batch_16,DAT/DAT220^1.p,TH1,Theorem,timeout,na,3286,0,0,0,1,0,0,0,0,
prim_batch_16,DAT/DAT221^1.p,TH1,Theorem,timeout,na,3646,0,0,0,1,0,0,0,0,
prim_batch_16,DAT/DAT222^1.p,TH1,Theorem,timeout,na,3066,0,0,0,1,0,0,0,0,
prim_batch_16,DAT/DAT223^1.p,TH1,Theorem,timeout,na,3888,0,0,0,1,0,0,0,0,
prim_batch_16,DAT/DAT224^1.p,TH1,Theorem,timeout,na,3125,0,0,0,1,0,0,0,0,
prim_batch_16,DAT/DAT225^1.p,TH1,Theorem,timeout,na,2839,34,3,34,1,0,0,0,0,
prim_batch_16,DAT/DAT226^1.p,TH1,Theorem,timeout,na,2488,55,5,55,1,0,0,0,0,
prim_batch_16,DAT/DAT227^1.p,TH1,Theorem,timeout,na,3344,0,0,0,1,0,0,0,0,
prim_batch_16,DAT/DAT228^1.p,TH1,Theorem,timeout,na,2527,45,4,45,1,0,0,0,0,
prim_batch_16,DAT/DAT229^1.p,TH1,Theorem,timeout,na,2909,82,8,82,1,0,0,0,0,
prim_batch_16,DAT/DAT230^1.p,TH1,Theorem,timeout,na,2920,0,0,0,1,0,0,0,0,
prim_batch_16,DAT/DAT231^1.p,TH1,Theorem,timeout,na,2728,313,30,313,2,0,0,1,0,
prim_batch_16,DAT/DAT232^1.p,TH1,Theorem,timeout,na,3085,0,0,0,1,0,0,0,0,
prim_batch_16,DAT/DAT233^1.p,TH1,Theorem,timeout,na,3655,95,9,95,1,0,0,0,0,
prim_batch_16,DAT/DAT234^1.p,TH1,Theorem,timeout,na,4257,0,0,0,1,0,0,0,0,
prim_batch_16,DAT/DAT235^1.p,TH1,Theorem,timeout,na,4039,0,0,0,1,0,0,0,0,
prim_batch_16,DAT/DAT236^1.p,TH1,Theorem,timeout,na,4239,100,8,100,2,0,0,0,0,
prim_batch_16,DAT/DAT237^1.p,TH1,Theorem,timeout,na,4342,0,0,0,1,0,0,0,0,
prim_batch_16,DAT/DAT238^1.p,TH1,Theorem,timeout,na,2450,1187,44,1187,127,22,0,0,0,
prim_batch_16,DAT/DAT239^1.p,TH1,Theorem,timeout,na,2507,3100,178,3100,194,77,0,1,0,
prim_batch_16,DAT/DAT240^1.p,TH1,Theorem,timeout,na,2773,108,10,108,1,0,0,0,0,
prim_batch_16,DAT/DAT241^1.p,TH1,Theorem,timeout,na,3914,33,3,33,1,0,0,0,0,
prim_batch_16,DAT/DAT242^1.p,TH1,Theorem,timeout,na,4544,143,14,143,1,0,0,0,0,
prim_batch_16,DAT/DAT243^1.p,TH1,Theorem,timeout,na,4629,0,0,0,1,0,0,0,0,
prim_batch_16,DAT/DAT244^1.p,TH1,Theorem,timeout,na,2634,95,9,95,2,0,0,0,0,
prim_batch_16,DAT/DAT245^1.p,TH1,Theorem,timeout,na,2535,103,9,103,4,0,0,0,0,
prim_batch_16,DAT/DAT246^1.p,TH1,Theorem,timeout,na,2652,1306,59,1306,166,4,0,0,0,
prim_batch_16,DAT/DAT247^1.p,TH1,Theorem,timeout,na,2647,77,7,77,1,0,0,0,0,
prim_batch_16,DAT/DAT248^1.p,TH1,Theorem,timeout,na,2508,145,13,145,3,1,0,5,0,
prim_batch_16,DAT/DAT249^1.p,TH1,Theorem,timeout,na,2886,0,0,0,1,0,0,0,0,
prim_batch_16,DAT/DAT250^1.p,TH1,Theorem,timeout,na,2731,186,17,186,4,0,0,0,0,
prim_batch_16,DAT/DAT251^1.p,TH1,Theorem,timeout,na,2968,0,0,0,1,0,0,0,0,
prim_batch_16,DAT/DAT252^1.p,TH1,Theorem,timeout,na,2735,283,22,283,8,0,0,0,0,
prim_batch_16,DAT/DAT253^1.p,TH1,Theorem,timeout,na,2376,624,53,624,23,0,0,1,0,
prim_batch_16,DAT/DAT254^1.p,TH1,Theorem,timeout,na,3682,46,4,46,1,0,0,0,0,
prim_batch_16,DAT/DAT255^1.p,TH1,Theorem,timeout,na,3083,52,5,52,1,0,0,0,0,
prim_batch_16,DAT/DAT256^1.p,TH1,Theorem,timeout,na,3545,0,0,0,1,0,0,0,0,
prim_batch_16,DAT/DAT257^1.p,TH1,Theorem,timeout,na,3428,0,0,0,1,0,0,0,0,
prim_batch_16,DAT/DAT258^1.p,TH1,Theorem,timeout,na,3148,57,5,57,1,0,0,0,0,
prim_batch_16,DAT/DAT259^1.p,TH1,Theorem,timeout,na,2032,869,27,869,86,12,0,2,0,
prim_batch_16,DAT/DAT260^1.p,TH1,Theorem,timeout,na,2036,1056,31,1056,102,4,0,4,0,
prim_batch_16,DAT/DAT261^1.p,TH1,Theorem,timeout,na,2034,1087,37,1087,97,6,0,5,0,
prim_batch_16,DAT/DAT262^1.p,TH1,Theorem,timeout,na,2037,1023,38,1023,100,9,0,1,0,
prim_batch_16,DAT/DAT263^1.p,TH1,Theorem,timeout,na,2031,1056,50,1056,75,5,0,4,0,
prim_batch_16,DAT/DAT264^1.p,TH1,Theorem,timeout,na,2067,1312,29,1302,103,66,0,0,0,
prim_batch_16,DAT/DAT265^1.p,TH1,Theorem,timeout,na,2033,899,35,892,70,5,0,4,0,
prim_batch_16,DAT/DAT266^1.p,TH1,Theorem,timeout,na,2042,1589,49,1589,140,31,0,4,0,
prim_batch_16,DAT/DAT267^1.p,TH1,Theorem,timeout,na,2041,864,12,864,123,5,0,2,0,
prim_batch_16,DAT/DAT268^1.p,TH1,Theorem,timeout,na,2036,920,34,920,84,10,0,1,0,
prim_batch_16,DAT/DAT269^1.p,TH1,Theorem,timeout,na,2035,961,40,961,73,9,0,1,0,
prim_batch_16,DAT/DAT270^1.p,TH1,Theorem,timeout,na,2037,753,38,753,56,7,0,3,0,
prim_batch_16,DAT/DAT271^1.p,TH1,Theorem,timeout,na,2037,918,34,918,81,11,0,1,0,
prim_batch_16,DAT/DAT272^1.p,TH1,Theorem,timeout,na,2061,1161,47,1128,62,70,0,0,0,
prim_batch_16,DAT/DAT273^1.p,TH1,Theorem,timeout,na,2023,268,4,268,26,9,0,0,0,
prim_batch_16,DAT/DAT274^1.p,TH1,Theorem,timeout,na,2133,844,2,844,130,0,0,0,0,
prim_batch_16,DAT/DAT275^1.p,TH1,Theorem,timeout,na,2044,1046,51,1046,74,3,0,4,0,
prim_batch_16,DAT/DAT276^1.p,TH1,Theorem,timeout,na,2054,804,47,804,46,10,0,4,0,
prim_batch_16,DAT/DAT277^1.p,TH1,Theorem,timeout,na,2035,965,34,965,98,8,0,1,0,
prim_batch_16,DAT/DAT278^1.p,TH1,Theorem,timeout,na,2039,1081,52,1081,77,3,0,4,0,
prim_batch_16,DAT/DAT279^1.p,TH1,Theorem,timeout,na,2032,893,43,893,61,9,0,2,0,
prim_batch_16,DAT/DAT280^1.p,TH1,Theorem,timeout,na,2010,69,3,69,5,3,0,2,0,
prim_batch_16,DAT/DAT281^1.p,TH1,Theorem,timeout,na,2030,1060,52,1060,73,5,0,4,0,
prim_batch_16,DAT/DAT282^1.p,TH1,Theorem,timeout,na,2010,67,2,67,5,3,0,2,0,
prim_batch_16,DAT/DAT283^1.p,TH1,Theorem,timeout,na,2034,872,15,872,112,5,0,2,0,
prim_batch_16,DAT/DAT284^1.p,TH1,Theorem,timeout,na,2084,2994,173,2994,186,41,0,1,0,
prim_batch_16,DAT/DAT285^1.p,TH1,Theorem,timeout,na,2035,846,37,846,68,9,0,2,0,
prim_batch_16,DAT/DAT286^1.p,TH1,Theorem,timeout,na,2045,1519,84,1519,105,4,0,2,0,
prim_batch_16,DAT/DAT287^1.p,TH1,Theorem,timeout,na,2053,1600,80,1600,107,16,0,2,0,
prim_batch_16,DAT/DAT288^1.p,TH1,Theorem,timeout,na,2051,1568,60,1568,163,9,0,1,0,
prim_batch_16,DAT/DAT289^1.p,TH1,Theorem,timeout,na,2055,1576,80,1576,111,7,0,2,0,
prim_batch_16,DAT/DAT290^1.p,TH1,Theorem,timeout,na,2044,1562,70,1562,124,6,0,2,0,
prim_batch_16,DAT/DAT291^1.p,TH1,Theorem,timeout,na,2051,1552,80,1552,112,0,0,2,0,
prim_batch_16,DAT/DAT292^1.p,TH1,Theorem,timeout,na,2059,1275,38,1275,114,11,0,2,0,
prim_batch_16,DAT/DAT293^1.p,TH1,Theorem,timeout,na,2051,1171,63,1171,95,0,0,2,0,
prim_batch_16,DAT/DAT294^1.p,TH1,Theorem,timeout,na,2034,914,55,914,57,4,0,2,0,
prim_batch_16,DAT/DAT295^1.p,TH1,Theorem,timeout,na,2049,670,32,670,49,0,0,3,0,
prim_batch_16,DAT/DAT296^1.p,TH1,Theorem,timeout,na,2051,690,40,690,41,0,0,2,0,
prim_batch_16,DAT/DAT297^1.p,TH1,Theorem,timeout,na,2045,913,47,913,57,9,0,3,0,
prim_batch_16,DAT/DAT298^1.p,TH1,Theorem,timeout,na,2055,1401,46,1401,130,6,0,3,0,
prim_batch_16,DAT/DAT299^1.p,TH1,Theorem,timeout,na,2046,1019,47,1019,85,0,0,2,0,
prim_batch_16,DAT/DAT300^1.p,TH1,Theorem,timeout,na,2056,932,39,932,82,0,0,3,0,
prim_batch_16,DAT/DAT301^1.p,TH1,Theorem,timeout,na,2057,1407,65,1407,106,2,0,3,0,
prim_batch_16,DAT/DAT302^1.p,TH1,Theorem,timeout,na,2061,817,15,817,118,10,0,0,0,
prim_batch_16,DAT/DAT303^1.p,TH1,Theorem,timeout,na,2068,1565,79,1565,114,0,0,2,0,
prim_batch_16,DAT/DAT304^1.p,TH1,Theorem,timeout,na,2043,1068,46,1068,88,0,0,2,0,
prim_batch_16,DAT/DAT305^1.p,TH1,Theorem,timeout,na,2078,1672,72,1672,141,14,0,1,0,
prim_batch_16,DAT/DAT306^1.p,TH1,Theorem,timeout,na,2055,1307,63,1307,123,4,0,3,0,
prim_batch_16,DAT/DAT307^1.p,TH1,Theorem,timeout,na,2170,2364,38,2364,352,66,0,4,0,
prim_batch_16,DAT/DAT308^1.p,TH1,Theorem,timeout,na,2062,673,37,673,43,0,0,2,0,
prim_batch_16,DAT/DAT309^1.p,TH1,Theorem,timeout,na,2051,807,31,807,70,0,0,2,0,
prim_batch_16,DAT/DAT310^1.p,TH1,Theorem,timeout,na,2084,1710,58,1710,181,7,0,1,0,
prim_batch_16,DAT/DAT311^1.p,TH1,Theorem,timeout,na,2082,1789,41,1789,251,26,0,1,0,
prim_batch_16,DAT/DAT312^1.p,TH1,Theorem,timeout,na,2050,1664,86,1664,121,6,0,2,0,
prim_batch_16,DAT/DAT313^1.p,TH1,Theorem,timeout,na,2070,1797,81,1797,139,8,0,2,0,
prim_batch_16,DAT/DAT314^1.p,TH1,Theorem,timeout,na,2046,1586,78,1586,117,8,0,2,0,
prim_batch_16,DAT/DAT315^1.p,TH1,Theorem,timeout,na,2031,1130,60,1130,80,12,0,2,0,
prim_batch_16,DAT/DAT316^1.p,TH1,Theorem,timeout,na,2067,1688,69,1688,146,14,0,1,0,
prim_batch_16,DAT/DAT317^1.p,TH1,Theorem,timeout,na,2042,1586,84,1586,114,0,0,2,0,
prim_batch_16,DAT/DAT318^1.p,TH1,Theorem,timeout,na,2064,1682,87,1682,117,4,0,2,0,
prim_batch_16,DAT/DAT319^1.p,TH1,Theorem,timeout,na,2038,767,23,767,78,9,0,2,0,
prim_batch_16,DAT/DAT320^1.p,TH1,Theorem,timeout,na,2064,1529,67,1529,115,55,0,0,0,
prim_batch_16,DAT/DAT321^1.p,TH1,Theorem,timeout,na,2049,264,1,264,41,3,0,0,0,
prim_batch_16,DAT/DAT322^1.p,TH1,Theorem,timeout,na,2049,1093,20,1093,148,12,0,2,0,
prim_batch_16,DAT/DAT323^1.p,TH1,Theorem,timeout,na,2044,311,12,311,42,2,0,0,0,
prim_batch_16,DAT/DAT324^1.p,TH1,Theorem,timeout,na,2051,1098,5,1091,179,22,0,0,0,
prim_batch_16,DAT/DAT325^1.p,TH1,Theorem,timeout,na,2051,1076,31,1076,142,0,0,1,0,
prim_batch_16,DAT/DAT326^1.p,TH1,Theorem,timeout,na,2079,816,21,816,104,44,0,0,0,
prim_batch_16,DAT/DAT327^1.p,TH1,Theorem,timeout,na,2063,1660,53,1660,168,20,0,1,0,
prim_batch_16,DAT/DAT328^1.p,TH1,Theorem,timeout,na,2102,1204,20,1204,180,56,0,0,0,
prim_batch_16,DAT/DAT333^3.p,TH0,Theorem,timeout,na,2145,4506,76,4506,207,261,0,0,0,
prim_batch_16,DAT/DAT333^6.p,TH0,Theorem,thm,yes,462,1498,26,1498,151,72,0,1,1,
prim_batch_16,DAT/DAT334^12.p,TH0,Theorem,timeout,na,2171,5175,60,5175,210,225,0,0,0,
prim_batch_16,DAT/DAT334^19.p,TH0,Theorem,timeout,na,2242,7805,145,7805,219,349,0,0,0,
prim_batch_16,DAT/DAT334^21.p,TH0,Theorem,timeout,na,2245,5576,63,5576,204,255,0,0,0,
prim_batch_16,DAT/DAT334^23.p,TH0,Theorem,timeout,na,2229,6219,199,6219,221,207,0,0,0,
prim_batch_16,DAT/DAT334^8.p,TH0,Theorem,timeout,na,2148,5558,162,5558,619,166,0,1,0,
prim_batch_16,DAT/DAT335^12.p,TH0,CounterSatisfiable,timeout,na,2123,3512,56,3512,245,125,0,0,0,
prim_batch_16,DAT/DAT335^18.p,TH0,CounterSatisfiable,timeout,na,2156,4852,93,4852,259,117,0,0,0,
prim_batch_16,DAT/DAT335^2.p,TH0,CounterSatisfiable,timeout,na,2198,6336,101,6336,260,204,0,0,0,
prim_batch_16,DAT/DAT338^1.p,unknown,Theorem,parser_error,na,0,,,,,,,,,cached: Syntax Error: expected ' ' or ']' in !> binder  got [{:colon  ":"  2358}  {:atom  "nat"  2360}  {:rbracket  "]"  2363}  {:colon  ":"  2365}  {:lparen  "("  2367}  {:atom  "elem"  2369}  {:arrow  ">"  
prim_batch_16,DAT/DAT339^1.p,unknown,Theorem,parser_error,na,0,,,,,,,,,cached: Syntax Error: expected ' ' or ']' in !> binder  got [{:colon  ":"  2370}  {:atom  "nat"  2372}  {:rbracket  "]"  2375}  {:colon  ":"  2377}  {:lparen  "("  2379}  {:atom  "elem"  2381}  {:arrow  ">"  
prim_batch_16,DAT/DAT340^1.p,unknown,Theorem,parser_error,na,0,,,,,,,,,cached: Syntax Error: expected ' ' or ']' in !> binder  got [{:colon  ":"  2361}  {:atom  "nat"  2363}  {:rbracket  "]"  2366}  {:colon  ":"  2368}  {:lparen  "("  2370}  {:atom  "elem"  2372}  {:arrow  ">"  
prim_batch_16,DAT/DAT341^1.p,unknown,Theorem,parser_error,na,0,,,,,,,,,cached: Syntax Error: expected ' ' or ']' in !> binder  got [{:colon  ":"  2342}  {:atom  "nat"  2344}  {:rbracket  "]"  2347}  {:colon  ":"  2349}  {:lparen  "("  2351}  {:atom  "elem"  2353}  {:arrow  ">"  
prim_batch_16,DAT/DAT342^1.p,unknown,Theorem,parser_error,na,0,,,,,,,,,cached: Syntax Error: expected ' ' or ']' in !> binder  got [{:colon  ":"  2413}  {:atom  "nat"  2415}  {:rbracket  "]"  2418}  {:colon  ":"  2420}  {:lparen  "("  2422}  {:var  "A"  2424}  {:arrow  ">"  2426
prim_batch_16,DAT/DAT343^1.p,unknown,Theorem,parser_error,na,0,,,,,,,,,cached: Syntax Error: expected ' ' or ']' in !> binder  got [{:colon  ":"  2420}  {:atom  "nat"  2422}  {:rbracket  "]"  2425}  {:colon  ":"  2427}  {:lparen  "("  2429}  {:var  "A"  2431}  {:arrow  ">"  2433
prim_batch_16,DAT/DAT344^1.p,unknown,Theorem,parser_error,na,0,,,,,,,,,cached: Syntax Error: expected ' ' or ']' in !> binder  got [{:colon  ":"  2416}  {:atom  "nat"  2418}  {:rbracket  "]"  2421}  {:colon  ":"  2423}  {:lparen  "("  2425}  {:var  "A"  2427}  {:arrow  ">"  2429
prim_batch_16,DAT/DAT345^1.p,unknown,Theorem,parser_error,na,0,,,,,,,,,cached: Syntax Error: expected ' ' or ']' in !> binder  got [{:colon  ":"  2397}  {:atom  "nat"  2399}  {:rbracket  "]"  2402}  {:colon  ":"  2404}  {:lparen  "("  2406}  {:var  "A"  2408}  {:arrow  ">"  2410
prim_batch_16,DAT/DAT346^1.p,unknown,Theorem,parser_error,na,0,,,,,,,,,cached: Syntax Error: expected ' ' or ']' in !> binder  got [{:colon  ":"  1895}  {:atom  "nat"  1897}  {:rbracket  "]"  1900}  {:colon  ":"  1902}  {:lparen  "("  1904}  {:atom  "nat"  1906}  {:arrow  ">"  1
prim_batch_16,DAT/DAT347^1.p,unknown,Theorem,parser_error,na,0,,,,,,,,,cached: Syntax Error: expected ' ' or ']' in !> binder  got [{:colon  ":"  1949}  {:atom  "nat"  1951}  {:rbracket  "]"  1954}  {:colon  ":"  1956}  {:lparen  "("  1958}  {:atom  "nat"  1960}  {:arrow  ">"  1
prim_batch_16,DAT/DAT348^1.p,unknown,Theorem,parser_error,na,0,,,,,,,,,cached: Syntax Error: expected ' ' or ']' in !> binder  got [{:colon  ":"  1908}  {:atom  "nat"  1910}  {:rbracket  "]"  1913}  {:colon  ":"  1915}  {:lparen  "("  1917}  {:atom  "nat"  1919}  {:arrow  ">"  1
prim_batch_16,DAT/DAT349^1.p,unknown,Theorem,parser_error,na,0,,,,,,,,,cached: Syntax Error: expected ' ' or ']' in !> binder  got [{:colon  ":"  2083}  {:atom  "nat"  2085}  {:rbracket  "]"  2088}  {:colon  ":"  2090}  {:lparen  "("  2092}  {:atom  "elem"  2094}  {:arrow  ">"  
prim_batch_16,DAT/DAT350^1.p,unknown,Theorem,parser_error,na,0,,,,,,,,,cached: Syntax Error: expected ' ' or ']' in !> binder  got [{:colon  ":"  2083}  {:atom  "nat"  2085}  {:rbracket  "]"  2088}  {:colon  ":"  2090}  {:lparen  "("  2092}  {:atom  "elem"  2094}  {:arrow  ">"  
prim_batch_16,DAT/DAT351^1.p,unknown,Theorem,parser_error,na,0,,,,,,,,,cached: Syntax Error: expected ' ' or ']' in !> binder  got [{:colon  ":"  2082}  {:atom  "nat"  2084}  {:rbracket  "]"  2087}  {:colon  ":"  2089}  {:lparen  "("  2091}  {:atom  "elem"  2093}  {:arrow  ">"  
prim_batch_16,DAT/DAT352^1.p,unknown,Theorem,parser_error,na,0,,,,,,,,,cached: Syntax Error: expected ' ' or ']' in !> binder  got [{:colon  ":"  2082}  {:atom  "nat"  2084}  {:rbracket  "]"  2087}  {:colon  ":"  2089}  {:lparen  "("  2091}  {:atom  "elem"  2093}  {:arrow  ">"  
prim_batch_16,DAT/DAT353^1.p,unknown,Theorem,parser_error,na,0,,,,,,,,,cached: Syntax Error: expected ' ' or ']' in !> binder  got [{:colon  ":"  2082}  {:atom  "nat"  2084}  {:rbracket  "]"  2087}  {:colon  ":"  2089}  {:lparen  "("  2091}  {:atom  "elem"  2093}  {:arrow  ">"  
prim_batch_16,DAT/DAT354^1.p,unknown,Theorem,parser_error,na,0,,,,,,,,,cached: Syntax Error: expected ' ' or ']' in !> binder  got [{:colon  ":"  1886}  {:atom  "nat"  1888}  {:rbracket  "]"  1891}  {:colon  ":"  1893}  {:lparen  "("  1895}  {:atom  "elem"  1897}  {:arrow  ">"  
prim_batch_16,DAT/DAT355^1.p,unknown,Theorem,parser_error,na,0,,,,,,,,,cached: Syntax Error: expected ' ' or ']' in !> binder  got [{:colon  ":"  1890}  {:atom  "nat"  1892}  {:rbracket  "]"  1895}  {:colon  ":"  1897}  {:lparen  "("  1899}  {:atom  "elem"  1901}  {:arrow  ">"  
prim_batch_16,DAT/DAT356^1.p,unknown,Theorem,parser_error,na,0,,,,,,,,,cached: Syntax Error: expected ' ' or ']' in !> binder  got [{:colon  ":"  1890}  {:atom  "nat"  1892}  {:rbracket  "]"  1895}  {:colon  ":"  1897}  {:lparen  "("  1899}  {:atom  "elem"  1901}  {:arrow  ">"  
prim_batch_16,DAT/DAT357^1.p,unknown,Theorem,parser_error,na,0,,,,,,,,,cached: Syntax Error: expected ' ' or ']' in !> binder  got [{:colon  ":"  1890}  {:atom  "nat"  1892}  {:rbracket  "]"  1895}  {:colon  ":"  1897}  {:lparen  "("  1899}  {:atom  "elem"  1901}  {:arrow  ">"  
prim_batch_16,DAT/DAT358^1.p,unknown,Theorem,parser_error,na,0,,,,,,,,,cached: Syntax Error: expected ' ' or ']' in !> binder  got [{:colon  ":"  1890}  {:atom  "nat"  1892}  {:rbracket  "]"  1895}  {:colon  ":"  1897}  {:lparen  "("  1899}  {:atom  "elem"  1901}  {:arrow  ">"  
prim_batch_16,DAT/DAT359^1.p,unknown,Theorem,parser_error,na,0,,,,,,,,,cached: Syntax Error: expected ' ' or ']' in !> binder  got [{:colon  ":"  1890}  {:atom  "nat"  1892}  {:rbracket  "]"  1895}  {:colon  ":"  1897}  {:lparen  "("  1899}  {:atom  "elem"  1901}  {:arrow  ">"  
prim_batch_16,DAT/DAT360^1.p,unknown,Theorem,parser_error,na,0,,,,,,,,,cached: Syntax Error: expected ' ' or ']' in !> binder  got [{:colon  ":"  2325}  {:atom  "nat"  2327}  {:rbracket  "]"  2330}  {:colon  ":"  2332}  {:lparen  "("  2334}  {:atom  "elem"  2336}  {:arrow  ">"  
prim_batch_16,DAT/DAT361^1.p,unknown,Theorem,parser_error,na,0,,,,,,,,,cached: Syntax Error: expected ' ' or ']' in !> binder  got [{:colon  ":"  2337}  {:atom  "nat"  2339}  {:rbracket  "]"  2342}  {:colon  ":"  2344}  {:lparen  "("  2346}  {:atom  "elem"  2348}  {:arrow  ">"  
prim_batch_16,DAT/DAT362^1.p,unknown,Theorem,parser_error,na,0,,,,,,,,,cached: Syntax Error: expected ' ' or ']' in !> binder  got [{:colon  ":"  2309}  {:atom  "nat"  2311}  {:rbracket  "]"  2314}  {:colon  ":"  2316}  {:lparen  "("  2318}  {:atom  "elem"  2320}  {:arrow  ">"  
prim_batch_16,DAT/DAT363^1.p,unknown,Theorem,parser_error,na,0,,,,,,,,,cached: Syntax Error: expected ' ' or ']' in !> binder  got [{:colon  ":"  1923}  {:atom  "nat"  1925}  {:rbracket  "]"  1928}  {:colon  ":"  1930}  {:lparen  "("  1932}  {:var  "A"  1934}  {:arrow  ">"  1936
prim_batch_16,DAT/DAT364^1.p,unknown,Theorem,parser_error,na,0,,,,,,,,,cached: Syntax Error: expected ' ' or ']' in !> binder  got [{:colon  ":"  1934}  {:atom  "nat"  1936}  {:rbracket  "]"  1939}  {:colon  ":"  1941}  {:lparen  "("  1943}  {:var  "A"  1945}  {:arrow  ">"  1947
prim_batch_16,DAT/DAT365^1.p,unknown,Theorem,parser_error,na,0,,,,,,,,,cached: Syntax Error: expected ' ' or ']' in !> binder  got [{:colon  ":"  1911}  {:atom  "nat"  1913}  {:rbracket  "]"  1916}  {:colon  ":"  1918}  {:lparen  "("  1920}  {:var  "A"  1922}  {:arrow  ">"  1924
prim_batch_16,DAT/DAT366^1.p,unknown,Theorem,parser_error,na,0,,,,,,,,,cached: Syntax Error: expected ' ' or ']' in !> binder  got [{:colon  ":"  1934}  {:atom  "nat"  1936}  {:rbracket  "]"  1939}  {:colon  ":"  1941}  {:lparen  "("  1943}  {:var  "A"  1945}  {:arrow  ">"  1947
prim_batch_16,DAT/DAT367^1.p,unknown,Theorem,parser_error,na,0,,,,,,,,,cached: Syntax Error: expected ' ' or ']' in !> binder  got [{:colon  ":"  1911}  {:atom  "nat"  1913}  {:rbracket  "]"  1916}  {:colon  ":"  1918}  {:lparen  "("  1920}  {:var  "A"  1922}  {:arrow  ">"  1924
prim_batch_16,DAT/DAT368^1.p,unknown,Theorem,parser_error,na,0,,,,,,,,,cached: Syntax Error: expected ' ' or ']' in !> binder  got [{:colon  ":"  1934}  {:atom  "nat"  1936}  {:rbracket  "]"  1939}  {:colon  ":"  1941}  {:lparen  "("  1943}  {:var  "A"  1945}  {:arrow  ">"  1947
prim_batch_16,DAT/DAT369^1.p,unknown,Theorem,parser_error,na,0,,,,,,,,,cached: Syntax Error: expected ' ' or ']' in !> binder  got [{:colon  ":"  1911}  {:atom  "nat"  1913}  {:rbracket  "]"  1916}  {:colon  ":"  1918}  {:lparen  "("  1920}  {:var  "A"  1922}  {:arrow  ">"  1924
prim_batch_16,DAT/DAT370^1.p,unknown,Theorem,parser_error,na,0,,,,,,,,,cached: Syntax Error: expected ' ' or ']' in !> binder  got [{:colon  ":"  1934}  {:atom  "nat"  1936}  {:rbracket  "]"  1939}  {:colon  ":"  1941}  {:lparen  "("  1943}  {:var  "A"  1945}  {:arrow  ">"  1947
prim_batch_16,DAT/DAT371^1.p,unknown,Theorem,parser_error,na,0,,,,,,,,,cached: Syntax Error: expected ' ' or ']' in !> binder  got [{:colon  ":"  1911}  {:atom  "nat"  1913}  {:rbracket  "]"  1916}  {:colon  ":"  1918}  {:lparen  "("  1920}  {:var  "A"  1922}  {:arrow  ">"  1924
prim_batch_16,DAT/DAT372^1.p,unknown,Theorem,parser_error,na,0,,,,,,,,,cached: Syntax Error: expected ' ' or ']' in !> binder  got [{:colon  ":"  1939}  {:atom  "nat"  1941}  {:rbracket  "]"  1944}  {:colon  ":"  1946}  {:lparen  "("  1948}  {:var  "A"  1950}  {:arrow  ">"  1952
prim_batch_16,DAT/DAT373^1.p,unknown,Theorem,parser_error,na,0,,,,,,,,,cached: Syntax Error: expected ' ' or ']' in !> binder  got [{:colon  ":"  1934}  {:atom  "nat"  1936}  {:rbracket  "]"  1939}  {:colon  ":"  1941}  {:lparen  "("  1943}  {:var  "A"  1945}  {:arrow  ">"  1947
prim_batch_16,DAT/DAT374^1.p,unknown,Theorem,parser_error,na,0,,,,,,,,,cached: Syntax Error: expected ' ' or ']' in !> binder  got [{:colon  ":"  1925}  {:atom  "nat"  1927}  {:rbracket  "]"  1930}  {:colon  ":"  1932}  {:lparen  "("  1934}  {:var  "A"  1936}  {:arrow  ">"  1938
prim_batch_16,DAT/DAT375^1.p,unknown,Theorem,parser_error,na,0,,,,,,,,,cached: Syntax Error: expected ' ' or ']' in !> binder  got [{:colon  ":"  1923}  {:atom  "nat"  1925}  {:rbracket  "]"  1928}  {:colon  ":"  1930}  {:lparen  "("  1932}  {:var  "A"  1934}  {:arrow  ">"  1936
prim_batch_16,DAT/DAT376^1.p,unknown,Theorem,parser_error,na,0,,,,,,,,,cached: Syntax Error: expected ' ' or ']' in !> binder  got [{:colon  ":"  1911}  {:atom  "nat"  1913}  {:rbracket  "]"  1916}  {:colon  ":"  1918}  {:lparen  "("  1920}  {:var  "A"  1922}  {:arrow  ">"  1924
prim_batch_16,DAT/DAT377^1.p,unknown,Theorem,parser_error,na,0,,,,,,,,,cached: Syntax Error: expected ' ' or ']' in !> binder  got [{:colon  ":"  2346}  {:atom  "nat"  2348}  {:rbracket  "]"  2351}  {:colon  ":"  2353}  {:lparen  "("  2355}  {:var  "A"  2357}  {:arrow  ">"  2359
prim_batch_16,DAT/DAT378^1.p,unknown,Theorem,parser_error,na,0,,,,,,,,,cached: Syntax Error: expected ' ' or ']' in !> binder  got [{:colon  ":"  1932}  {:atom  "nat"  1934}  {:rbracket  "]"  1937}  {:colon  ":"  1939}  {:lparen  "("  1941}  {:var  "A"  1943}  {:arrow  ">"  1945
prim_batch_16,DAT/DAT379^1.p,unknown,Theorem,parser_error,na,0,,,,,,,,,cached: Syntax Error: expected ' ' or ']' in !> binder  got [{:colon  ":"  2409}  {:atom  "nat"  2411}  {:rbracket  "]"  2414}  {:colon  ":"  2416}  {:lparen  "("  2418}  {:var  "A"  2420}  {:arrow  ">"  2422
prim_batch_16,DAT/DAT380^1.p,unknown,Theorem,parser_error,na,0,,,,,,,,,cached: Syntax Error: expected ' ' or ']' in !> binder  got [{:colon  ":"  2381}  {:atom  "nat"  2383}  {:rbracket  "]"  2386}  {:colon  ":"  2388}  {:lparen  "("  2390}  {:var  "A"  2392}  {:arrow  ">"  2394
prim_batch_16,DAT/DAT381^1.p,unknown,Theorem,parser_error,na,0,,,,,,,,,cached: Syntax Error: expected ' ' or ']' in !> binder  got [{:colon  ":"  2020}  {:atom  "nat"  2022}  {:rbracket  "]"  2025}  {:colon  ":"  2027}  {:lparen  "("  2029}  {:atom  "nat"  2031}  {:arrow  ">"  2
prim_batch_16,DAT/DAT382^1.p,unknown,Theorem,parser_error,na,0,,,,,,,,,cached: Syntax Error: expected ' ' or ']' in !> binder  got [{:colon  ":"  2454}  {:atom  "nat"  2456}  {:rbracket  "]"  2459}  {:colon  ":"  2461}  {:lparen  "("  2463}  {:atom  "elem"  2465}  {:arrow  ">"  
prim_batch_16,DAT/DAT383^1.p,unknown,Theorem,parser_error,na,0,,,,,,,,,cached: Syntax Error: expected ' ' or ']' in !> binder  got [{:colon  ":"  2462}  {:atom  "nat"  2464}  {:rbracket  "]"  2467}  {:colon  ":"  2469}  {:lparen  "("  2471}  {:atom  "elem"  2473}  {:arrow  ">"  
prim_batch_16,DAT/DAT384^1.p,unknown,Theorem,parser_error,na,0,,,,,,,,,cached: Syntax Error: expected ' ' or ']' in !> binder  got [{:colon  ":"  2438}  {:atom  "nat"  2440}  {:rbracket  "]"  2443}  {:colon  ":"  2445}  {:lparen  "("  2447}  {:atom  "elem"  2449}  {:arrow  ">"  
prim_batch_16,DAT/DAT385^1.p,unknown,Theorem,parser_error,na,0,,,,,,,,,cached: Syntax Error: expected ' ' or ']' in !> binder  got [{:colon  ":"  2462}  {:atom  "nat"  2464}  {:rbracket  "]"  2467}  {:colon  ":"  2469}  {:lparen  "("  2471}  {:atom  "elem"  2473}  {:arrow  ">"  
prim_batch_16,DAT/DAT386^1.p,unknown,Theorem,parser_error,na,0,,,,,,,,,cached: Syntax Error: expected ' ' or ']' in !> binder  got [{:colon  ":"  2462}  {:atom  "nat"  2464}  {:rbracket  "]"  2467}  {:colon  ":"  2469}  {:lparen  "("  2471}  {:atom  "elem"  2473}  {:arrow  ">"  
prim_batch_16,DAT/DAT387^1.p,unknown,Theorem,parser_error,na,0,,,,,,,,,cached: Syntax Error: expected ' ' or ']' in !> binder  got [{:colon  ":"  2462}  {:atom  "nat"  2464}  {:rbracket  "]"  2467}  {:colon  ":"  2469}  {:lparen  "("  2471}  {:atom  "elem"  2473}  {:arrow  ">"  
prim_batch_16,DAT/DAT388^1.p,unknown,Theorem,parser_error,na,0,,,,,,,,,cached: Syntax Error: expected ' ' or ']' in !> binder  got [{:colon  ":"  2465}  {:atom  "nat"  2467}  {:rbracket  "]"  2470}  {:colon  ":"  2472}  {:lparen  "("  2474}  {:atom  "elem"  2476}  {:arrow  ">"  
prim_batch_16,DAT/DAT389^1.p,unknown,Theorem,parser_error,na,0,,,,,,,,,cached: Syntax Error: expected ' ' or ']' in !> binder  got [{:colon  ":"  2465}  {:atom  "nat"  2467}  {:rbracket  "]"  2470}  {:colon  ":"  2472}  {:lparen  "("  2474}  {:atom  "elem"  2476}  {:arrow  ">"  
prim_batch_16,DAT/DAT390^1.p,unknown,Theorem,parser_error,na,0,,,,,,,,,cached: Syntax Error: expected ' ' or ']' in !> binder  got [{:colon  ":"  2465}  {:atom  "nat"  2467}  {:rbracket  "]"  2470}  {:colon  ":"  2472}  {:lparen  "("  2474}  {:atom  "elem"  2476}  {:arrow  ">"  
prim_batch_16,DAT/DAT391^1.p,unknown,Theorem,parser_error,na,0,,,,,,,,,cached: Syntax Error: expected ' ' or ']' in !> binder  got [{:colon  ":"  2465}  {:atom  "nat"  2467}  {:rbracket  "]"  2470}  {:colon  ":"  2472}  {:lparen  "("  2474}  {:atom  "elem"  2476}  {:arrow  ">"  
prim_batch_16,DAT/DAT392^1.p,unknown,Theorem,parser_error,na,0,,,,,,,,,cached: Syntax Error: expected ' ' or ']' in !> binder  got [{:colon  ":"  2465}  {:atom  "nat"  2467}  {:rbracket  "]"  2470}  {:colon  ":"  2472}  {:lparen  "("  2474}  {:atom  "elem"  2476}  {:arrow  ">"  
prim_batch_16,DAT/DAT393^1.p,unknown,Theorem,parser_error,na,0,,,,,,,,,cached: Syntax Error: expected ' ' or ']' in !> binder  got [{:colon  ":"  2465}  {:atom  "nat"  2467}  {:rbracket  "]"  2470}  {:colon  ":"  2472}  {:lparen  "("  2474}  {:atom  "elem"  2476}  {:arrow  ">"  
prim_batch_16,DAT/DAT394^1.p,unknown,Theorem,parser_error,na,0,,,,,,,,,cached: Syntax Error: expected ' ' or ']' in !> binder  got [{:colon  ":"  2465}  {:atom  "nat"  2467}  {:rbracket  "]"  2470}  {:colon  ":"  2472}  {:lparen  "("  2474}  {:atom  "elem"  2476}  {:arrow  ">"  
prim_batch_16,DAT/DAT395^1.p,unknown,Theorem,parser_error,na,0,,,,,,,,,cached: Syntax Error: expected ' ' or ']' in !> binder  got [{:colon  ":"  2462}  {:atom  "nat"  2464}  {:rbracket  "]"  2467}  {:colon  ":"  2469}  {:lparen  "("  2471}  {:atom  "elem"  2473}  {:arrow  ">"  
prim_batch_16,DAT/DAT396^1.p,unknown,Theorem,parser_error,na,0,,,,,,,,,cached: Syntax Error: expected ' ' or ']' in !> binder  got [{:colon  ":"  2055}  {:atom  "nat"  2057}  {:rbracket  "]"  2060}  {:colon  ":"  2062}  {:lparen  "("  2064}  {:atom  "elem"  2066}  {:arrow  ">"  
prim_batch_16,DAT/DAT397^1.p,unknown,Theorem,parser_error,na,0,,,,,,,,,cached: Syntax Error: expected ' ' or ']' in !> binder  got [{:colon  ":"  2055}  {:atom  "nat"  2057}  {:rbracket  "]"  2060}  {:colon  ":"  2062}  {:lparen  "("  2064}  {:atom  "elem"  2066}  {:arrow  ">"  
prim_batch_16,DAT/DAT398^1.p,unknown,Theorem,parser_error,na,0,,,,,,,,,cached: Syntax Error: expected ' ' or ']' in !> binder  got [{:colon  ":"  2055}  {:atom  "nat"  2057}  {:rbracket  "]"  2060}  {:colon  ":"  2062}  {:lparen  "("  2064}  {:atom  "elem"  2066}  {:arrow  ">"  
prim_batch_16,DAT/DAT399^1.p,unknown,Theorem,parser_error,na,0,,,,,,,,,cached: Syntax Error: expected ' ' or ']' in !> binder  got [{:colon  ":"  2055}  {:atom  "nat"  2057}  {:rbracket  "]"  2060}  {:colon  ":"  2062}  {:lparen  "("  2064}  {:atom  "elem"  2066}  {:arrow  ">"  
prim_batch_16,DAT/DAT400^1.p,unknown,Theorem,parser_error,na,0,,,,,,,,,cached: Syntax Error: expected ' ' or ']' in !> binder  got [{:colon  ":"  2055}  {:atom  "nat"  2057}  {:rbracket  "]"  2060}  {:colon  ":"  2062}  {:lparen  "("  2064}  {:atom  "elem"  2066}  {:arrow  ">"  
prim_batch_16,DAT/DAT401^1.p,unknown,Theorem,parser_error,na,0,,,,,,,,,cached: Syntax Error: expected ' ' or ']' in !> binder  got [{:colon  ":"  2041}  {:atom  "nat"  2043}  {:rbracket  "]"  2046}  {:colon  ":"  2048}  {:lparen  "("  2050}  {:atom  "elem"  2052}  {:arrow  ">"  
prim_batch_16,DAT/DAT402^1.p,unknown,Theorem,parser_error,na,0,,,,,,,,,cached: Syntax Error: expected ' ' or ']' in !> binder  got [{:colon  ":"  2146}  {:atom  "nat"  2148}  {:rbracket  "]"  2151}  {:colon  ":"  2153}  {:lparen  "("  2155}  {:var  "A"  2157}  {:arrow  ">"  2159
prim_batch_16,DAT/DAT403^1.p,unknown,Theorem,parser_error,na,0,,,,,,,,,cached: Syntax Error: expected ' ' or ']' in !> binder  got [{:colon  ":"  2111}  {:atom  "nat"  2113}  {:rbracket  "]"  2116}  {:colon  ":"  2118}  {:lparen  "("  2120}  {:var  "A"  2122}  {:arrow  ">"  2124
prim_batch_16,DAT/DAT404^1.p,unknown,Theorem,parser_error,na,0,,,,,,,,,cached: Syntax Error: expected ' ' or ']' in !> binder  got [{:colon  ":"  2146}  {:atom  "nat"  2148}  {:rbracket  "]"  2151}  {:colon  ":"  2153}  {:lparen  "("  2155}  {:var  "A"  2157}  {:arrow  ">"  2159
prim_batch_16,DAT/DAT405^1.p,unknown,Theorem,parser_error,na,0,,,,,,,,,cached: Syntax Error: expected ' ' or ']' in !> binder  got [{:colon  ":"  2112}  {:atom  "nat"  2114}  {:rbracket  "]"  2117}  {:colon  ":"  2119}  {:lparen  "("  2121}  {:var  "A"  2123}  {:arrow  ">"  2125
prim_batch_16,DAT/DAT406^1.p,unknown,Theorem,parser_error,na,0,,,,,,,,,cached: Syntax Error: expected ' ' or ']' in !> binder  got [{:colon  ":"  2111}  {:atom  "nat"  2113}  {:rbracket  "]"  2116}  {:colon  ":"  2118}  {:lparen  "("  2120}  {:var  "A"  2122}  {:arrow  ">"  2124
prim_batch_16,DAT/DAT407^1.p,unknown,Theorem,parser_error,na,0,,,,,,,,,cached: Syntax Error: expected ' ' or ']' in !> binder  got [{:colon  ":"  2146}  {:atom  "nat"  2148}  {:rbracket  "]"  2151}  {:colon  ":"  2153}  {:lparen  "("  2155}  {:var  "A"  2157}  {:arrow  ">"  2159
prim_batch_16,DAT/DAT408^1.p,unknown,Theorem,parser_error,na,0,,,,,,,,,cached: Syntax Error: expected ' ' or ']' in !> binder  got [{:colon  ":"  2146}  {:atom  "nat"  2148}  {:rbracket  "]"  2151}  {:colon  ":"  2153}  {:lparen  "("  2155}  {:var  "A"  2157}  {:arrow  ">"  2159
prim_batch_16,DAT/DAT409^1.p,unknown,Theorem,parser_error,na,0,,,,,,,,,cached: Syntax Error: expected ' ' or ']' in !> binder  got [{:colon  ":"  2111}  {:atom  "nat"  2113}  {:rbracket  "]"  2116}  {:colon  ":"  2118}  {:lparen  "("  2120}  {:var  "A"  2122}  {:arrow  ">"  2124
prim_batch_16,DAT/DAT410^1.p,unknown,Theorem,parser_error,na,0,,,,,,,,,cached: Syntax Error: expected ' ' or ']' in !> binder  got [{:colon  ":"  2147}  {:atom  "nat"  2149}  {:rbracket  "]"  2152}  {:colon  ":"  2154}  {:lparen  "("  2156}  {:var  "A"  2158}  {:arrow  ">"  2160
prim_batch_16,DAT/DAT411^1.p,unknown,Theorem,parser_error,na,0,,,,,,,,,cached: Syntax Error: expected ' ' or ']' in !> binder  got [{:colon  ":"  2152}  {:atom  "nat"  2154}  {:rbracket  "]"  2157}  {:colon  ":"  2159}  {:lparen  "("  2161}  {:var  "A"  2163}  {:arrow  ">"  2165
prim_batch_16,DAT/DAT412^1.p,unknown,Theorem,parser_error,na,0,,,,,,,,,cached: Syntax Error: expected ' ' or ']' in !> binder  got [{:colon  ":"  2112}  {:atom  "nat"  2114}  {:rbracket  "]"  2117}  {:colon  ":"  2119}  {:lparen  "("  2121}  {:var  "A"  2123}  {:arrow  ">"  2125
prim_batch_16,DAT/DAT413^1.p,unknown,Theorem,parser_error,na,0,,,,,,,,,cached: Syntax Error: expected ' ' or ']' in !> binder  got [{:colon  ":"  2134}  {:atom  "nat"  2136}  {:rbracket  "]"  2139}  {:colon  ":"  2141}  {:lparen  "("  2143}  {:var  "A"  2145}  {:arrow  ">"  2147
prim_batch_16,DAT/DAT414^1.p,unknown,Theorem,parser_error,na,0,,,,,,,,,cached: Syntax Error: expected ' ' or ']' in !> binder  got [{:colon  ":"  2117}  {:atom  "nat"  2119}  {:rbracket  "]"  2122}  {:colon  ":"  2124}  {:lparen  "("  2126}  {:var  "A"  2128}  {:arrow  ">"  2130
prim_batch_16,DAT/DAT415^1.p,unknown,Theorem,parser_error,na,0,,,,,,,,,cached: Syntax Error: expected ' ' or ']' in !> binder  got [{:colon  ":"  1820}  {:atom  "nat"  1822}  {:rbracket  "]"  1825}  {:colon  ":"  1827}  {:lparen  "("  1829}  {:atom  "nat"  1831}  {:arrow  ">"  1
prim_batch_16,DAT/DAT416^1.p,unknown,Theorem,parser_error,na,0,,,,,,,,,cached: Syntax Error: expected ' ' or ']' in !> binder  got [{:colon  ":"  1818}  {:atom  "nat"  1820}  {:rbracket  "]"  1823}  {:colon  ":"  1825}  {:lparen  "("  1827}  {:atom  "nat"  1829}  {:arrow  ">"  1
prim_batch_16,DAT/DAT417^1.p,unknown,Theorem,parser_error,na,0,,,,,,,,,cached: Syntax Error: expected ' ' or ']' in !> binder  got [{:colon  ":"  1824}  {:atom  "nat"  1826}  {:rbracket  "]"  1829}  {:colon  ":"  1831}  {:lparen  "("  1833}  {:atom  "nat"  1835}  {:arrow  ">"  1
prim_batch_16,DAT/DAT418^1.p,unknown,Theorem,parser_error,na,0,,,,,,,,,cached: Syntax Error: expected ' ' or ']' in !> binder  got [{:colon  ":"  1822}  {:atom  "nat"  1824}  {:rbracket  "]"  1827}  {:colon  ":"  1829}  {:lparen  "("  1831}  {:atom  "nat"  1833}  {:arrow  ">"  1
prim_batch_16,DAT/DAT419^1.p,unknown,Theorem,parser_error,na,0,,,,,,,,,cached: Syntax Error: expected ' ' or ']' in !> binder  got [{:colon  ":"  2524}  {:atom  "nat"  2526}  {:rbracket  "]"  2529}  {:colon  ":"  2531}  {:lparen  "("  2533}  {:lparen  "("  2535}  {:atom  "tree" 
prim_batch_16,DAT/DAT420^1.p,unknown,Theorem,parser_error,na,0,,,,,,,,,cached: Syntax Error: expected ' ' or ']' in !> binder  got [{:colon  ":"  2512}  {:atom  "nat"  2514}  {:rbracket  "]"  2517}  {:colon  ":"  2519}  {:lparen  "("  2521}  {:lparen  "("  2523}  {:atom  "tree" 
prim_batch_16,DAT/DAT421^1.p,unknown,Theorem,parser_error,na,0,,,,,,,,,cached: Syntax Error: expected ' ' or ']' in !> binder  got [{:colon  ":"  2005}  {:atom  "nat"  2007}  {:rbracket  "]"  2010}  {:colon  ":"  2012}  {:lparen  "("  2014}  {:lparen  "("  2016}  {:atom  "tree" 
prim_batch_16,DAT/DAT422^1.p,unknown,Theorem,parser_error,na,0,,,,,,,,,cached: Syntax Error: expected ' ' or ']' in !> binder  got [{:colon  ":"  2005}  {:atom  "nat"  2007}  {:rbracket  "]"  2010}  {:colon  ":"  2012}  {:lparen  "("  2014}  {:lparen  "("  2016}  {:atom  "tree" 
prim_batch_16,DAT/DAT423^1.p,unknown,Theorem,parser_error,na,0,,,,,,,,,cached: Syntax Error: expected ' ' or ']' in !> binder  got [{:colon  ":"  2005}  {:atom  "nat"  2007}  {:rbracket  "]"  2010}  {:colon  ":"  2012}  {:lparen  "("  2014}  {:lparen  "("  2016}  {:atom  "tree" 
prim_batch_16,DAT/DAT424^1.p,unknown,Theorem,parser_error,na,0,,,,,,,,,cached: Syntax Error: expected ' ' or ']' in !> binder  got [{:colon  ":"  2527}  {:atom  "nat"  2529}  {:rbracket  "]"  2532}  {:colon  ":"  2534}  {:lparen  "("  2536}  {:lparen  "("  2538}  {:atom  "tree" 
prim_batch_16,DAT/DAT425^1.p,unknown,Theorem,parser_error,na,0,,,,,,,,,cached: Syntax Error: expected ' ' or ']' in !> binder  got [{:colon  ":"  2517}  {:atom  "nat"  2519}  {:rbracket  "]"  2522}  {:colon  ":"  2524}  {:lparen  "("  2526}  {:lparen  "("  2528}  {:atom  "tree" 
prim_batch_16,DAT/DAT426^1.p,unknown,Theorem,parser_error,na,0,,,,,,,,,cached: Syntax Error: expected ' ' or ']' in !> binder  got [{:colon  ":"  2004}  {:atom  "nat"  2006}  {:rbracket  "]"  2009}  {:colon  ":"  2011}  {:lparen  "("  2013}  {:lparen  "("  2015}  {:atom  "tree" 
prim_batch_16,DAT/DAT427^1.p,unknown,Theorem,parser_error,na,0,,,,,,,,,cached: Syntax Error: expected ' ' or ']' in !> binder  got [{:colon  ":"  1996}  {:atom  "nat"  1998}  {:rbracket  "]"  2001}  {:colon  ":"  2003}  {:lparen  "("  2005}  {:lparen  "("  2007}  {:atom  "tree" 
prim_batch_16,DAT/DAT428^1.p,unknown,Theorem,parser_error,na,0,,,,,,,,,cached: Syntax Error: expected ' ' or ']' in !> binder  got [{:colon  ":"  1980}  {:atom  "nat"  1982}  {:rbracket  "]"  1985}  {:colon  ":"  1987}  {:lparen  "("  1989}  {:lparen  "("  1991}  {:atom  "tree" 
prim_batch_16,DAT/DAT429^1.p,unknown,Theorem,parser_error,na,0,,,,,,,,,cached: Syntax Error: expected ' ' or ']' in !> binder  got [{:colon  ":"  1985}  {:atom  "nat"  1987}  {:rbracket  "]"  1990}  {:colon  ":"  1992}  {:lparen  "("  1994}  {:lparen  "("  1996}  {:atom  "tree" 
prim_batch_16,GEG/GEG002^1.p,TH0,Theorem,timeout,na,2114,4595,165,4595,482,0,0,3,0,
prim_batch_16,GEG/GEG003^1.p,TH0,Theorem,timeout,na,2101,979,38,979,124,10,0,0,0,
prim_batch_16,GEG/GEG004^1.p,TH0,CounterSatisfiable,timeout,na,2181,2000,30,2000,497,0,0,1,0,
prim_batch_16,GEG/GEG005^1.p,TH0,Theorem,timeout,na,2138,1047,11,1047,261,0,0,1,0,
prim_batch_16,GEG/GEG006^1.p,TH0,Theorem,timeout,na,2117,1271,55,1271,211,0,0,1,0,
prim_batch_16,GEG/GEG007^1.p,TH0,Theorem,timeout,na,2186,1491,23,1491,371,0,0,1,0,
prim_batch_16,GEG/GEG008^1.p,TH0,Theorem,timeout,na,2135,952,37,952,111,0,0,3,0,
prim_batch_16,GEG/GEG009^1.p,TH0,Theorem,timeout,na,2147,1032,12,1032,248,0,0,1,0,
prim_batch_16,GEG/GEG010^1.p,TH0,Theorem,timeout,na,2164,1623,19,1623,429,0,0,1,0,
prim_batch_16,GEG/GEG011^1.p,TH0,Theorem,timeout,na,2177,1954,30,1954,406,32,0,1,0,
prim_batch_16,GEG/GEG012^1.p,TH0,Theorem,timeout,na,2228,1084,22,1084,263,0,0,1,0,
prim_batch_16,GEG/GEG013^1.p,TH0,Theorem,timeout,na,2107,901,41,901,119,0,0,2,0,
prim_batch_16,GEG/GEG014^1.p,TH0,Theorem,timeout,na,2089,385,17,385,40,0,0,1,0,
prim_batch_16,GEG/GEG015^1.p,TH0,Theorem,timeout,na,2194,1909,27,1909,496,0,0,2,0,
prim_batch_16,GEG/GEG016^1.p,TH0,Theorem,timeout,na,2115,905,45,905,110,0,0,1,0,
prim_batch_16,GEG/GEG018^1.p,TH0,Theorem,timeout,na,2070,43,2,43,2,0,0,0,0,
prim_batch_16,GEG/GEG019^1.p,TH0,Theorem,timeout,na,2292,2840,40,2840,793,0,0,1,0,
prim_batch_16,GEG/GEG020^1.p,TH0,Theorem,timeout,na,2160,1482,21,1482,381,0,0,1,0,
prim_batch_16,GEO/GEO356^1.p,TH1,Theorem,parse_timeout,na,0,,,,,,,,,cached: parse exceeded 5000ms
prim_batch_16,GEO/GEO357^1.p,TH1,Theorem,parse_timeout,na,0,,,,,,,,,cached: parse exceeded 5000ms
prim_batch_16,GEO/GEO358^1.p,TH1,Theorem,parse_timeout,na,0,,,,,,,,,cached: parse exceeded 5000ms
prim_batch_16,GEO/GEO359^1.p,TH1,Theorem,parse_timeout,na,0,,,,,,,,,cached: parse exceeded 5000ms
prim_batch_16,GEO/GEO360^1.p,TH1,Theorem,parse_timeout,na,0,,,,,,,,,cached: parse exceeded 5000ms
prim_batch_16,GEO/GEO361^1.p,TH1,Theorem,parse_timeout,na,0,,,,,,,,,cached: parse exceeded 5000ms
prim_batch_16,GEO/GEO362^1.p,TH1,Theorem,parse_timeout,na,0,,,,,,,,,cached: parse exceeded 5000ms
prim_batch_16,GEO/GEO363^1.p,TH1,Theorem,parse_timeout,na,0,,,,,,,,,cached: parse exceeded 5000ms
prim_batch_16,GEO/GEO364^1.p,TH1,Theorem,parse_timeout,na,0,,,,,,,,,cached: parse exceeded 5000ms
prim_batch_16,GEO/GEO365^1.p,TH1,Theorem,parse_timeout,na,0,,,,,,,,,cached: parse exceeded 5000ms
prim_batch_16,GEO/GEO366^1.p,TH1,Theorem,parse_timeout,na,0,,,,,,,,,cached: parse exceeded 5000ms
prim_batch_16,GEO/GEO367^1.p,TH1,Theorem,parse_timeout,na,0,,,,,,,,,cached: parse exceeded 5000ms
prim_batch_16,GEO/GEO368^1.p,TH1,Theorem,parse_timeout,na,0,,,,,,,,,cached: parse exceeded 5000ms
prim_batch_16,GEO/GEO369^1.p,TH1,Theorem,parse_timeout,na,0,,,,,,,,,cached: parse exceeded 5000ms
prim_batch_16,GEO/GEO370^1.p,TH1,Theorem,parse_timeout,na,0,,,,,,,,,cached: parse exceeded 5000ms
prim_batch_16,GEO/GEO371^1.p,TH1,Theorem,parse_timeout,na,0,,,,,,,,,cached: parse exceeded 5000ms
prim_batch_16,GEO/GEO372^1.p,TH1,Theorem,parse_timeout,na,0,,,,,,,,,cached: parse exceeded 5000ms
prim_batch_16,GEO/GEO373^1.p,TH1,Theorem,parse_timeout,na,0,,,,,,,,,cached: parse exceeded 5000ms
prim_batch_16,GEO/GEO374^1.p,TH1,Theorem,parse_timeout,na,0,,,,,,,,,cached: parse exceeded 5000ms
prim_batch_16,GEO/GEO375^1.p,TH1,Theorem,parse_timeout,na,0,,,,,,,,,cached: parse exceeded 5000ms
prim_batch_16,GEO/GEO376^1.p,TH1,Theorem,parse_timeout,na,0,,,,,,,,,cached: parse exceeded 5000ms
prim_batch_16,GEO/GEO377^1.p,TH1,Theorem,parse_timeout,na,0,,,,,,,,,cached: parse exceeded 5000ms
prim_batch_16,GEO/GEO378^1.p,TH1,Theorem,parse_timeout,na,0,,,,,,,,,cached: parse exceeded 5000ms
prim_batch_16,GEO/GEO379^1.p,TH1,Theorem,parse_timeout,na,0,,,,,,,,,cached: parse exceeded 5000ms
prim_batch_16,GEO/GEO380^1.p,TH1,Theorem,parse_timeout,na,0,,,,,,,,,cached: parse exceeded 5000ms
prim_batch_16,GEO/GEO381^1.p,TH1,Theorem,parse_timeout,na,0,,,,,,,,,cached: parse exceeded 5000ms
prim_batch_16,GEO/GEO382^1.p,TH1,Theorem,parse_timeout,na,0,,,,,,,,,cached: parse exceeded 5000ms
prim_batch_16,GEO/GEO383^1.p,TH1,Theorem,parse_timeout,na,0,,,,,,,,,cached: parse exceeded 5000ms
prim_batch_16,GEO/GEO384^1.p,TH1,Theorem,parse_timeout,na,0,,,,,,,,,cached: parse exceeded 5000ms
prim_batch_16,GEO/GEO385^1.p,TH1,Theorem,parse_timeout,na,0,,,,,,,,,cached: parse exceeded 5000ms
prim_batch_16,GEO/GEO386^1.p,TH1,Theorem,parse_timeout,na,0,,,,,,,,,cached: parse exceeded 5000ms
prim_batch_16,GEO/GEO387^1.p,TH1,Theorem,parse_timeout,na,0,,,,,,,,,cached: parse exceeded 5000ms
prim_batch_16,GEO/GEO388^1.p,TH1,Theorem,parse_timeout,na,0,,,,,,,,,cached: parse exceeded 5000ms
prim_batch_16,GEO/GEO389^1.p,TH1,Theorem,parse_timeout,na,0,,,,,,,,,cached: parse exceeded 5000ms
prim_batch_16,GEO/GEO390^1.p,TH1,Theorem,parse_timeout,na,0,,,,,,,,,cached: parse exceeded 5000ms
prim_batch_16,GEO/GEO391^1.p,TH1,Theorem,parse_timeout,na,0,,,,,,,,,cached: parse exceeded 5000ms
prim_batch_16,GEO/GEO392^1.p,TH1,Theorem,parse_timeout,na,0,,,,,,,,,cached: parse exceeded 5000ms
prim_batch_16,GEO/GEO393^1.p,TH1,Theorem,parse_timeout,na,0,,,,,,,,,cached: parse exceeded 5000ms
prim_batch_16,GEO/GEO394^1.p,TH1,Theorem,parse_timeout,na,0,,,,,,,,,cached: parse exceeded 5000ms
prim_batch_16,GEO/GEO395^1.p,TH1,Theorem,parse_timeout,na,0,,,,,,,,,cached: parse exceeded 5000ms
prim_batch_16,GEO/GEO396^1.p,TH1,Theorem,parse_timeout,na,0,,,,,,,,,cached: parse exceeded 5000ms
prim_batch_16,GEO/GEO397^1.p,TH1,Theorem,parse_timeout,na,0,,,,,,,,,cached: parse exceeded 5000ms
prim_batch_16,GEO/GEO398^1.p,TH1,Theorem,parse_timeout,na,0,,,,,,,,,cached: parse exceeded 5000ms
prim_batch_16,GEO/GEO399^1.p,TH1,Theorem,parse_timeout,na,0,,,,,,,,,cached: parse exceeded 5000ms
prim_batch_16,GEO/GEO400^1.p,TH1,Theorem,parse_timeout,na,0,,,,,,,,,cached: parse exceeded 5000ms
prim_batch_16,GEO/GEO401^1.p,TH1,Theorem,parse_timeout,na,0,,,,,,,,,cached: parse exceeded 5000ms
prim_batch_16,GEO/GEO402^1.p,TH1,Theorem,parse_timeout,na,0,,,,,,,,,cached: parse exceeded 5000ms
prim_batch_16,GEO/GEO403^1.p,TH1,Theorem,parse_timeout,na,0,,,,,,,,,cached: parse exceeded 5000ms
prim_batch_16,GEO/GEO404^1.p,TH1,Theorem,parse_timeout,na,0,,,,,,,,,cached: parse exceeded 5000ms
prim_batch_16,GEO/GEO405^1.p,TH1,Theorem,parse_timeout,na,0,,,,,,,,,cached: parse exceeded 5000ms
prim_batch_16,GEO/GEO406^1.p,TH1,Theorem,parse_timeout,na,0,,,,,,,,,cached: parse exceeded 5000ms
prim_batch_16,GEO/GEO407^1.p,TH1,Theorem,parse_timeout,na,0,,,,,,,,,cached: parse exceeded 5000ms
prim_batch_16,GEO/GEO408^1.p,TH1,Theorem,parse_timeout,na,0,,,,,,,,,cached: parse exceeded 5000ms
prim_batch_16,GEO/GEO409^1.p,TH1,Theorem,parse_timeout,na,0,,,,,,,,,cached: parse exceeded 5000ms
prim_batch_16,GEO/GEO410^1.p,TH1,Theorem,parse_timeout,na,0,,,,,,,,,cached: parse exceeded 5000ms
prim_batch_16,GEO/GEO411^1.p,TH1,Theorem,parse_timeout,na,0,,,,,,,,,cached: parse exceeded 5000ms
prim_batch_16,GEO/GEO412^1.p,TH1,Theorem,parse_timeout,na,0,,,,,,,,,cached: parse exceeded 5000ms
prim_batch_16,GEO/GEO413^1.p,TH1,Theorem,parse_timeout,na,0,,,,,,,,,cached: parse exceeded 5000ms
prim_batch_16,GEO/GEO414^1.p,TH1,Theorem,parse_timeout,na,0,,,,,,,,,cached: parse exceeded 5000ms
prim_batch_16,GEO/GEO415^1.p,TH1,Theorem,parse_timeout,na,0,,,,,,,,,cached: parse exceeded 5000ms
prim_batch_16,GEO/GEO416^1.p,TH1,Theorem,parse_timeout,na,0,,,,,,,,,cached: parse exceeded 5000ms
prim_batch_16,GEO/GEO417^1.p,TH1,Theorem,parse_timeout,na,0,,,,,,,,,cached: parse exceeded 5000ms
prim_batch_16,GEO/GEO418^1.p,TH1,Theorem,parse_timeout,na,0,,,,,,,,,cached: parse exceeded 5000ms
prim_batch_16,GEO/GEO419^1.p,TH1,Theorem,parse_timeout,na,0,,,,,,,,,cached: parse exceeded 5000ms
prim_batch_16,GEO/GEO420^1.p,TH1,Theorem,parse_timeout,na,0,,,,,,,,,cached: parse exceeded 5000ms
prim_batch_16,GEO/GEO421^1.p,TH1,Theorem,parse_timeout,na,0,,,,,,,,,cached: parse exceeded 5000ms
prim_batch_16,GEO/GEO422^1.p,TH1,Theorem,parse_timeout,na,0,,,,,,,,,cached: parse exceeded 5000ms
prim_batch_16,GEO/GEO423^1.p,TH1,Theorem,parse_timeout,na,0,,,,,,,,,cached: parse exceeded 5000ms
prim_batch_16,GEO/GEO424^1.p,TH1,Theorem,parse_timeout,na,0,,,,,,,,,cached: parse exceeded 5000ms
prim_batch_16,GEO/GEO425^1.p,TH1,Theorem,parse_timeout,na,0,,,,,,,,,cached: parse exceeded 5000ms
prim_batch_16,GEO/GEO426^1.p,TH1,Theorem,parse_timeout,na,0,,,,,,,,,cached: parse exceeded 5000ms
prim_batch_16,GEO/GEO427^1.p,TH1,Theorem,parse_timeout,na,0,,,,,,,,,cached: parse exceeded 5000ms
prim_batch_16,GEO/GEO428^1.p,TH1,Theorem,parse_timeout,na,0,,,,,,,,,cached: parse exceeded 5000ms
prim_batch_16,GEO/GEO429^1.p,TH1,Theorem,parse_timeout,na,0,,,,,,,,,cached: parse exceeded 5000ms
prim_batch_16,GEO/GEO430^1.p,TH1,Theorem,parse_timeout,na,0,,,,,,,,,cached: parse exceeded 5000ms
prim_batch_16,GEO/GEO431^1.p,TH1,Theorem,parse_timeout,na,0,,,,,,,,,cached: parse exceeded 5000ms
prim_batch_16,GEO/GEO432^1.p,TH1,Theorem,parse_timeout,na,0,,,,,,,,,cached: parse exceeded 5000ms
prim_batch_16,GEO/GEO433^1.p,TH1,Theorem,parse_timeout,na,0,,,,,,,,,cached: parse exceeded 5000ms
prim_batch_16,GEO/GEO434^1.p,TH1,Theorem,parse_timeout,na,0,,,,,,,,,cached: parse exceeded 5000ms
prim_batch_16,GEO/GEO435^1.p,TH1,Theorem,parse_timeout,na,0,,,,,,,,,cached: parse exceeded 5000ms
prim_batch_16,GEO/GEO436^1.p,TH1,Theorem,parse_timeout,na,0,,,,,,,,,cached: parse exceeded 5000ms
prim_batch_16,GEO/GEO437^1.p,TH1,Theorem,parse_timeout,na,0,,,,,,,,,cached: parse exceeded 5000ms
prim_batch_16,GEO/GEO438^1.p,TH1,Theorem,parse_timeout,na,0,,,,,,,,,cached: parse exceeded 5000ms
prim_batch_16,GEO/GEO439^1.p,TH1,Theorem,parse_timeout,na,0,,,,,,,,,cached: parse exceeded 5000ms
prim_batch_16,GRA/GRA027^1.p,TH0,Theorem,timeout,na,2023,0,0,0,1,0,0,0,0,
prim_batch_16,GRA/GRA028^1.p,TH0,Theorem,timeout,na,2028,68,6,68,1,0,0,0,0,
prim_batch_16,GRA/GRA029^1.p,TH0,Theorem,timeout,na,2050,0,0,0,1,0,0,0,0,
prim_batch_16,GRA/GRA029^2.p,TH0,Theorem,timeout,na,2048,0,0,0,1,0,0,0,0,
prim_batch_16,GRA/GRA030^1.p,TH0,Theorem,timeout,na,2042,0,0,0,1,0,0,0,0,
prim_batch_16,GRA/GRA031^1.p,TH0,CounterSatisfiable,timeout,na,2075,12,1,12,1,0,0,0,0,
prim_batch_16,GRA/GRA031^2.p,TH0,Theorem,timeout,na,2077,11,1,11,1,0,0,0,0,
prim_batch_16,GRA/GRA032^1.p,TH0,Theorem,timeout,na,2098,0,0,0,1,0,0,0,0,
prim_batch_16,GRA/GRA032^2.p,TH0,Theorem,timeout,na,2096,0,0,0,1,0,0,0,0,
prim_batch_16,GRA/GRA033^1.p,TH0,CounterSatisfiable,timeout,na,2282,3,0,3,1,0,0,0,0,
prim_batch_16,GRA/GRA033^2.p,TH0,CounterSatisfiable,timeout,na,2274,3,0,3,1,0,0,0,0,
prim_batch_16,GRA/GRA034^1.p,TH0,Theorem,timeout,na,2286,0,0,0,1,0,0,0,0,
prim_batch_16,GRA/GRA034^2.p,TH0,Theorem,timeout,na,2280,0,0,0,1,0,0,0,0,
prim_batch_16,GRA/GRA035^1.p,TH0,CounterSatisfiable,timeout,na,2410,1,0,1,1,0,0,0,0,
prim_batch_16,GRA/GRA035^2.p,TH0,CounterSatisfiable,timeout,na,2399,1,0,1,1,0,0,0,0,
prim_batch_16,GRA/GRA036^1.p,TH0,Theorem,timeout,na,2364,0,0,0,1,0,0,0,0,
prim_batch_16,GRA/GRA036^2.p,TH0,Theorem,timeout,na,2348,0,0,0,1,0,0,0,0,
prim_batch_16,GRA/GRA037^1.p,TH0,CounterSatisfiable,timeout,na,2517,1,0,1,1,0,0,0,0,
prim_batch_16,GRA/GRA037^2.p,TH0,CounterSatisfiable,timeout,na,2504,1,0,1,1,0,0,0,0,
prim_batch_16,GRA/GRA038^1.p,TH0,CounterSatisfiable,timeout,na,2525,1,0,1,1,0,0,0,0,
prim_batch_16,GRA/GRA038^2.p,TH0,CounterSatisfiable,timeout,na,2518,1,0,1,1,0,0,0,0,
prim_batch_16,GRA/GRA039^1.p,TH0,Theorem,timeout,na,2404,0,0,0,1,0,0,0,0,
prim_batch_16,GRA/GRA039^2.p,TH0,Theorem,timeout,na,2390,0,0,0,1,0,0,0,0,
prim_batch_16,GRA/GRA040^1.p,TH0,CounterSatisfiable,timeout,na,2590,0,0,0,1,0,0,0,0,
prim_batch_16,GRA/GRA040^2.p,TH0,CounterSatisfiable,timeout,na,2617,0,0,0,1,0,0,0,0,
prim_batch_16,GRA/GRA041^1.p,TH0,Theorem,timeout,na,2481,0,0,0,1,0,0,0,0,
prim_batch_16,GRA/GRA041^2.p,TH0,Theorem,timeout,na,2471,0,0,0,1,0,0,0,0,
prim_batch_16,GRA/GRA042^1.p,TH0,CounterSatisfiable,timeout,na,2715,0,0,0,1,0,0,0,0,
prim_batch_16,GRA/GRA042^2.p,TH0,CounterSatisfiable,timeout,na,2704,0,0,0,1,0,0,0,0,
prim_batch_16,GRA/GRA043^1.p,TH0,Theorem,timeout,na,2611,0,0,0,1,0,0,0,0,
prim_batch_16,GRA/GRA043^2.p,TH0,Theorem,timeout,na,2572,0,0,0,1,0,0,0,0,
prim_batch_16,GRA/GRA044^1.p,TH0,Theorem,timeout,na,2507,0,0,0,1,0,0,0,0,
prim_batch_16,GRA/GRA044^2.p,TH0,Theorem,timeout,na,2504,0,0,0,1,0,0,0,0,
prim_batch_16,GRA/GRA045^1.p,TH0,CounterSatisfiable,timeout,na,2815,0,0,0,1,0,0,0,0,
prim_batch_16,GRA/GRA045^2.p,TH0,CounterSatisfiable,timeout,na,2819,0,0,0,1,0,0,0,0,
prim_batch_16,GRA/GRA046^1.p,TH0,Theorem,timeout,na,2580,0,0,0,1,0,0,0,0,
prim_batch_16,GRA/GRA046^2.p,TH0,Theorem,timeout,na,2553,0,0,0,1,0,0,0,0,
prim_batch_16,GRA/GRA047^1.p,TH0,CounterSatisfiable,timeout,na,2885,0,0,0,1,0,0,0,0,
prim_batch_16,GRA/GRA047^2.p,TH0,CounterSatisfiable,timeout,na,2899,0,0,0,1,0,0,0,0,
prim_batch_16,GRA/GRA048^1.p,TH0,Theorem,timeout,na,2646,0,0,0,1,0,0,0,0,
prim_batch_16,GRA/GRA048^2.p,TH0,Theorem,timeout,na,2636,0,0,0,1,0,0,0,0,
prim_batch_16,GRA/GRA049^1.p,TH0,CounterSatisfiable,timeout,na,3017,0,0,0,1,0,0,0,0,
prim_batch_16,GRA/GRA049^2.p,TH0,CounterSatisfiable,timeout,na,3007,0,0,0,1,0,0,0,0,
prim_batch_16,GRA/GRA050^1.p,TH0,Theorem,timeout,na,2752,0,0,0,1,0,0,0,0,
prim_batch_16,GRA/GRA050^2.p,TH0,Theorem,timeout,na,2752,0,0,0,1,0,0,0,0,
prim_batch_16,GRA/GRA051^1.p,TH0,CounterSatisfiable,timeout,na,3264,0,0,0,1,0,0,0,0,
prim_batch_16,GRA/GRA051^2.p,TH0,CounterSatisfiable,timeout,na,3251,0,0,0,1,0,0,0,0,
prim_batch_16,GRA/GRA052^1.p,TH0,Theorem,timeout,na,2806,0,0,0,1,0,0,0,0,
prim_batch_16,GRA/GRA052^2.p,TH0,Theorem,timeout,na,2791,0,0,0,1,0,0,0,0,
prim_batch_16,GRA/GRA053^1.p,TH0,CounterSatisfiable,timeout,na,3355,0,0,0,1,0,0,0,0,
prim_batch_16,GRA/GRA053^2.p,TH0,CounterSatisfiable,timeout,na,3335,0,0,0,1,0,0,0,0,
prim_batch_16,GRA/GRA054^1.p,TH0,Theorem,timeout,na,2886,0,0,0,1,0,0,0,0,
prim_batch_16,GRA/GRA054^2.p,TH0,Theorem,timeout,na,2877,0,0,0,1,0,0,0,0,
prim_batch_16,GRA/GRA055^1.p,TH0,Theorem,timeout,na,3092,0,0,0,1,0,0,0,0,
prim_batch_16,GRA/GRA055^2.p,TH0,Theorem,timeout,na,3074,0,0,0,1,0,0,0,0,
prim_batch_16,GRA/GRA056^1.p,TH0,CounterSatisfiable,timeout,na,3868,0,0,0,1,0,0,0,0,
prim_batch_16,GRA/GRA056^2.p,TH0,CounterSatisfiable,timeout,na,3865,0,0,0,1,0,0,0,0,
prim_batch_16,GRA/GRA057^1.p,TH0,Open,timeout,na,3150,0,0,0,1,0,0,0,0,
prim_batch_16,GRA/GRA057^2.p,TH0,Open,timeout,na,3143,0,0,0,1,0,0,0,0,
prim_batch_16,GRA/GRA058^1.p,TH0,CounterSatisfiable,timeout,na,3891,0,0,0,1,0,0,0,0,
prim_batch_16,GRA/GRA058^2.p,TH0,CounterSatisfiable,timeout,na,3919,0,0,0,1,0,0,0,0,
prim_batch_16,GRA/GRA059^1.p,TH0,CounterSatisfiable,timeout,na,4606,0,0,0,1,0,0,0,0,
prim_batch_16,GRA/GRA059^2.p,TH0,CounterSatisfiable,timeout,na,4649,0,0,0,1,0,0,0,0,
prim_batch_16,GRA/GRA060^1.p,TH0,Open,timeout,na,3524,0,0,0,1,0,0,0,0,
prim_batch_16,GRA/GRA060^2.p,TH0,Open,timeout,na,3524,0,0,0,1,0,0,0,0,
prim_batch_16,GRA/GRA061^1.p,TH0,CounterSatisfiable,timeout,na,4655,0,0,0,1,0,0,0,0,
prim_batch_16,GRA/GRA061^2.p,TH0,CounterSatisfiable,timeout,na,4668,0,0,0,1,0,0,0,0,
prim_batch_16,GRA/GRA062^1.p,TH0,Theorem,timeout,na,3591,0,0,0,1,0,0,0,0,
prim_batch_16,GRA/GRA062^2.p,TH0,Theorem,timeout,na,3589,0,0,0,1,0,0,0,0,
prim_batch_16,GRA/GRA063^1.p,TH0,Open,timeout,na,4091,0,0,0,1,0,0,0,0,
prim_batch_16,GRA/GRA063^2.p,TH0,Theorem,timeout,na,4092,0,0,0,1,0,0,0,0,
prim_batch_16,GRA/GRA064^1.p,TH0,CounterSatisfiable,timeout,na,5661,0,0,0,1,0,0,0,0,
prim_batch_16,GRA/GRA064^2.p,TH0,CounterSatisfiable,timeout,na,5693,0,0,0,1,0,0,0,0,
prim_batch_16,GRA/GRA065^1.p,TH0,Open,timeout,na,4132,0,0,0,1,0,0,0,0,
prim_batch_16,GRA/GRA065^2.p,TH0,Theorem,timeout,na,4119,0,0,0,1,0,0,0,0,
prim_batch_16,GRA/GRA066^1.p,TH0,CounterSatisfiable,timeout,na,5701,0,0,0,1,0,0,0,0,
prim_batch_16,GRA/GRA066^2.p,TH0,CounterSatisfiable,timeout,na,5735,0,0,0,1,0,0,0,0,
prim_batch_16,GRA/GRA067^1.p,TH0,Open,timeout,na,4847,0,0,0,1,0,0,0,0,
prim_batch_16,GRA/GRA067^2.p,TH0,Theorem,timeout,na,4830,0,0,0,1,0,0,0,0,
prim_batch_16,GRA/GRA068^1.p,TH0,CounterSatisfiable,parse_timeout,na,0,,,,,,,,,cached: parse exceeded 5000ms
prim_batch_16,GRA/GRA068^2.p,TH0,CounterSatisfiable,parse_timeout,na,0,,,,,,,,,cached: parse exceeded 5000ms
prim_batch_16,GRA/GRA069^1.p,TH0,Open,timeout,na,4866,0,0,0,1,0,0,0,0,
prim_batch_16,GRA/GRA069^2.p,TH0,Theorem,timeout,na,4877,0,0,0,1,0,0,0,0,
prim_batch_16,GRA/GRA070^1.p,TH0,CounterSatisfiable,parse_timeout,na,0,,,,,,,,,cached: parse exceeded 5000ms
prim_batch_16,GRA/GRA070^2.p,TH0,CounterSatisfiable,parse_timeout,na,0,,,,,,,,,cached: parse exceeded 5000ms
prim_batch_16,GRA/GRA071^1.p,TH0,CounterSatisfiable,parse_timeout,na,0,,,,,,,,,cached: parse exceeded 5000ms
prim_batch_16,GRA/GRA071^2.p,TH0,CounterSatisfiable,parse_timeout,na,0,,,,,,,,,cached: parse exceeded 5000ms
prim_batch_16,GRA/GRA072^1.p,TH0,Open,timeout,na,5766,0,0,0,1,0,0,0,0,
prim_batch_16,GRA/GRA072^2.p,TH0,Theorem,timeout,na,5833,0,0,0,1,0,0,0,0,
prim_batch_16,GRA/GRA073^1.p,TH0,CounterSatisfiable,parse_timeout,na,0,,,,,,,,,cached: parse exceeded 5000ms
prim_batch_16,GRA/GRA073^2.p,TH0,CounterSatisfiable,parse_timeout,na,0,,,,,,,,,cached: parse exceeded 5000ms
prim_batch_16,GRA/GRA074^1.p,TH0,Theorem,timeout,na,5786,0,0,0,1,0,0,0,0,
prim_batch_16,GRA/GRA074^2.p,TH0,Theorem,timeout,na,5789,0,0,0,1,0,0,0,0,
prim_batch_16,GRA/GRA081^1.p,TH0,Unsatisfiable,no_conjecture,na,7,,,,,,,,,
prim_batch_16,GRA/GRA082^1.p,TH0,Unsatisfiable,no_conjecture,na,7,,,,,,,,,
prim_batch_16,GRA/GRA083^1.p,TH0,Unsatisfiable,no_conjecture,na,9,,,,,,,,,
prim_batch_16,GRA/GRA084^1.p,TH0,Unsatisfiable,no_conjecture,na,11,,,,,,,,,
prim_batch_16,GRA/GRA085^1.p,TH0,Unsatisfiable,no_conjecture,na,10,,,,,,,,,
prim_batch_16,GRA/GRA086^1.p,TH0,Unsatisfiable,no_conjecture,na,8,,,,,,,,,
prim_batch_16,GRA/GRA087^1.p,TH0,Unsatisfiable,no_conjecture,na,7,,,,,,,,,
prim_batch_16,GRA/GRA088^1.p,TH0,Unsatisfiable,no_conjecture,na,8,,,,,,,,,
prim_batch_16,GRA/GRA089^1.p,TH0,Unsatisfiable,no_conjecture,na,9,,,,,,,,,
prim_batch_16,GRA/GRA090^1.p,TH0,Unsatisfiable,no_conjecture,na,9,,,,,,,,,
prim_batch_16,GRA/GRA091^1.p,TH0,Unsatisfiable,no_conjecture,na,9,,,,,,,,,
prim_batch_16,GRA/GRA092^1.p,TH0,Unsatisfiable,no_conjecture,na,9,,,,,,,,,
prim_batch_16,GRA/GRA093^1.p,TH0,Unsatisfiable,no_conjecture,na,9,,,,,,,,,
prim_batch_16,GRA/GRA094^1.p,TH0,Unsatisfiable,no_conjecture,na,12,,,,,,,,,
prim_batch_16,GRA/GRA095^1.p,TH0,Unsatisfiable,no_conjecture,na,11,,,,,,,,,
prim_batch_16,GRA/GRA096^1.p,TH0,Unsatisfiable,no_conjecture,na,9,,,,,,,,,
prim_batch_16,GRA/GRA097^1.p,TH0,Unsatisfiable,no_conjecture,na,10,,,,,,,,,
prim_batch_16,GRA/GRA098^1.p,TH0,Unsatisfiable,no_conjecture,na,10,,,,,,,,,
prim_batch_16,GRA/GRA099^1.p,TH0,Unsatisfiable,no_conjecture,na,9,,,,,,,,,
prim_batch_16,GRA/GRA100^1.p,TH0,Unsatisfiable,no_conjecture,na,10,,,,,,,,,
prim_batch_16,GRA/GRA101^1.p,TH0,Unsatisfiable,no_conjecture,na,11,,,,,,,,,
prim_batch_16,GRA/GRA102^1.p,TH0,Unsatisfiable,no_conjecture,na,9,,,,,,,,,
prim_batch_16,GRA/GRA103^1.p,TH0,Unsatisfiable,no_conjecture,na,12,,,,,,,,,
prim_batch_16,GRA/GRA104^1.p,TH0,Unsatisfiable,no_conjecture,na,11,,,,,,,,,
prim_batch_16,GRA/GRA105^1.p,TH0,Unsatisfiable,no_conjecture,na,8,,,,,,,,,
prim_batch_16,GRA/GRA106^1.p,TH0,Unsatisfiable,no_conjecture,na,9,,,,,,,,,
prim_batch_16,GRA/GRA107^1.p,TH0,Unsatisfiable,no_conjecture,na,9,,,,,,,,,
prim_batch_16,GRA/GRA108^1.p,TH0,Unsatisfiable,no_conjecture,na,9,,,,,,,,,
prim_batch_16,GRA/GRA109^1.p,TH0,Unsatisfiable,no_conjecture,na,10,,,,,,,,,
prim_batch_16,GRA/GRA110^1.p,TH0,Unsatisfiable,no_conjecture,na,10,,,,,,,,,
prim_batch_16,GRA/GRA111^1.p,TH0,Unsatisfiable,no_conjecture,na,9,,,,,,,,,
prim_batch_16,GRA/GRA112^1.p,TH0,Unsatisfiable,no_conjecture,na,10,,,,,,,,,
prim_batch_16,GRA/GRA113^1.p,TH0,Unsatisfiable,no_conjecture,na,9,,,,,,,,,
prim_batch_16,GRA/GRA114^1.p,TH0,Unsatisfiable,no_conjecture,na,10,,,,,,,,,
prim_batch_16,GRA/GRA115^1.p,TH0,Unsatisfiable,no_conjecture,na,10,,,,,,,,,
prim_batch_16,GRA/GRA116^1.p,TH0,Unsatisfiable,no_conjecture,na,10,,,,,,,,,
prim_batch_16,GRP/GRP001^5.p,TH0,Theorem,timeout,na,2050,2063,97,2063,177,16,0,1,0,
prim_batch_16,GRP/GRP782^1.p,TH0,Unknown,timeout,na,2661,0,0,0,1,0,0,0,0,
prim_batch_16,GRP/GRP783^1.p,TH0,Unknown,timeout,na,2692,0,0,0,1,0,0,0,0,
prim_batch_16,GRP/GRP784^1.p,TH0,Unknown,timeout,na,2632,0,0,0,1,0,0,0,0,
prim_batch_16,GRP/GRP785^1.p,TH0,Unknown,timeout,na,2657,0,0,0,1,0,0,0,0,
prim_batch_16,GRP/GRP786^1.p,TH0,Unknown,timeout,na,2645,0,0,0,1,0,0,0,0,
prim_batch_16,GRP/GRP787^1.p,TH0,Unknown,timeout,na,2659,0,0,0,1,0,0,0,0,
prim_batch_16,GRP/GRP788^1.p,TH0,Unknown,timeout,na,2632,0,0,0,1,0,0,0,0,
prim_batch_16,GRP/GRP789^1.p,TH0,Unknown,timeout,na,2634,0,0,0,1,0,0,0,0,
prim_batch_16,GRP/GRP790^1.p,TH0,Unknown,timeout,na,2645,0,0,0,1,0,0,0,0,
prim_batch_16,GRP/GRP791^1.p,TH0,Unknown,timeout,na,2645,0,0,0,1,0,0,0,0,
prim_batch_16,GRP/GRP792^1.p,TH0,Theorem,timeout,na,2682,0,0,0,1,0,0,0,0,
prim_batch_16,GRP/GRP793^1.p,TH0,Unknown,timeout,na,2655,0,0,0,1,0,0,0,0,
prim_batch_16,GRP/GRP794^1.p,TH0,Theorem,timeout,na,2613,0,0,0,1,0,0,0,0,
prim_batch_16,GRP/GRP795^1.p,TH0,Unknown,timeout,na,2639,0,0,0,1,0,0,0,0,
prim_batch_16,GRP/GRP796^1.p,TH0,Unknown,timeout,na,2609,0,0,0,1,0,0,0,0,
prim_batch_16,GRP/GRP797^1.p,TH0,Unknown,timeout,na,2646,0,0,0,1,0,0,0,0,
prim_batch_16,GRP/GRP798^1.p,TH0,Unknown,timeout,na,2644,0,0,0,1,0,0,0,0,
prim_batch_16,GRP/GRP799^1.p,TH0,Unknown,timeout,na,2668,0,0,0,1,0,0,0,0,
prim_batch_16,GRP/GRP800^1.p,TH0,Unknown,timeout,na,2642,0,0,0,1,0,0,0,0,
prim_batch_16,GRP/GRP801^1.p,TH0,Unknown,timeout,na,2681,0,0,0,1,0,0,0,0,
prim_batch_16,GRP/GRP802^1.p,TH0,Theorem,timeout,na,2685,0,0,0,1,0,0,0,0,
prim_batch_16,GRP/GRP803^1.p,TH0,Unknown,timeout,na,2656,0,0,0,1,0,0,0,0,
prim_batch_16,GRP/GRP804^1.p,TH0,Theorem,timeout,na,2618,0,0,0,1,0,0,0,0,
prim_batch_16,GRP/GRP805^1.p,TH0,Unknown,timeout,na,2644,0,0,0,1,0,0,0,0,
prim_batch_16,GRP/GRP806^1.p,TH0,Unknown,timeout,na,2656,0,0,0,1,0,0,0,0,
prim_batch_16,GRP/GRP807^1.p,TH0,Unknown,timeout,na,2659,0,0,0,1,0,0,0,0,
prim_batch_16,GRP/GRP808^1.p,TH0,Theorem,timeout,na,2648,0,0,0,1,0,0,0,0,
prim_batch_16,GRP/GRP809^1.p,TH0,Unknown,timeout,na,2652,0,0,0,1,0,0,0,0,
prim_batch_16,GRP/GRP810^1.p,TH0,Unknown,timeout,na,2659,0,0,0,1,0,0,0,0,
prim_batch_16,GRP/GRP811^1.p,TH0,Unknown,timeout,na,2626,0,0,0,1,0,0,0,0,
prim_batch_16,GRP/GRP812^1.p,TH0,Unknown,timeout,na,2642,0,0,0,1,0,0,0,0,
prim_batch_16,GRP/GRP813^1.p,TH0,Unknown,timeout,na,2647,0,0,0,1,0,0,0,0,
prim_batch_16,GRP/GRP814^1.p,TH0,Unknown,timeout,na,2644,0,0,0,1,0,0,0,0,
prim_batch_16,GRP/GRP815^1.p,TH0,Unknown,timeout,na,2642,0,0,0,1,0,0,0,0,
prim_batch_16,GRP/GRP816^1.p,TH0,Unknown,timeout,na,2672,0,0,0,1,0,0,0,0,
prim_batch_16,GRP/GRP817^1.p,TH0,Unknown,timeout,na,2703,0,0,0,1,0,0,0,0,
prim_batch_16,GRP/GRP818^1.p,TH0,Unknown,timeout,na,2665,0,0,0,1,0,0,0,0,
prim_batch_16,GRP/GRP819^1.p,TH0,Unknown,timeout,na,2658,0,0,0,1,0,0,0,0,
prim_batch_16,GRP/GRP820^1.p,TH0,Unknown,timeout,na,2644,0,0,0,1,0,0,0,0,
prim_batch_16,GRP/GRP821^1.p,TH0,Unknown,timeout,na,2671,0,0,0,1,0,0,0,0,
prim_batch_16,ITP/ITP001^1.p,TH0,Theorem,thm,yes,58,7,0,7,2,2,0,0,0,
prim_batch_16,ITP/ITP001^2.p,TH0,Theorem,thm,yes,18,1,0,1,1,1,0,0,0,
prim_batch_16,ITP/ITP001^3.p,TH1,Theorem,thm,yes,9,6,0,6,2,2,0,0,0,
prim_batch_16,ITP/ITP001^4.p,TH0,Theorem,thm,yes,311,31,0,31,4,4,0,0,0,
prim_batch_16,ITP/ITP001^5.p,TH0,Theorem,thm,yes,122,1,0,1,1,1,0,0,0,
prim_batch_16,ITP/ITP001^7.p,TH1,Theorem,thm,yes,330,25,0,25,4,4,0,0,0,
prim_batch_16,ITP/ITP002^1.p,TH0,Theorem,timeout,na,2166,1240,96,1240,48,0,0,0,0,
prim_batch_16,ITP/ITP002^2.p,TH0,Theorem,timeout,na,2155,1878,72,1878,160,49,0,0,0,
prim_batch_16,ITP/ITP002^3.p,TH1,Theorem,timeout,na,2147,2801,40,2801,220,237,0,1,0,
prim_batch_16,ITP/ITP002^4.p,TH0,Theorem,parse_timeout,na,0,,,,,,,,,cached: parse exceeded 5000ms
prim_batch_16,ITP/ITP002^5.p,TH0,Theorem,timeout,na,4587,219,20,219,2,0,0,0,0,
prim_batch_16,ITP/ITP002^7.p,TH1,Theorem,timeout,na,3342,196,9,196,24,8,0,0,0,
prim_batch_16,ITP/ITP003^1.p,TH0,Theorem,timeout,na,2199,31,3,31,1,0,0,0,0,
prim_batch_16,ITP/ITP003^2.p,TH0,Theorem,timeout,na,2318,1595,20,1595,323,0,0,1,0,
prim_batch_16,ITP/ITP003^3.p,TH1,Theorem,timeout,na,2193,3409,201,3409,110,44,0,0,0,
prim_batch_16,ITP/ITP003^4.p,TH0,Theorem,parse_timeout,na,0,,,,,,,,,cached: parse exceeded 5000ms
prim_batch_16,ITP/ITP003^5.p,TH0,Theorem,parse_timeout,na,0,,,,,,,,,cached: parse exceeded 5000ms
prim_batch_16,ITP/ITP003^7.p,TH1,Theorem,timeout,na,4489,55,1,55,16,0,0,0,0,
prim_batch_16,ITP/ITP004^1.p,TH0,Theorem,timeout,na,2113,718,48,718,44,0,0,0,0,
prim_batch_16,ITP/ITP004^2.p,TH0,Theorem,timeout,na,2121,1313,28,1313,195,0,0,0,0,
prim_batch_16,ITP/ITP004^3.p,TH1,Theorem,timeout,na,2095,3052,39,3052,108,256,0,1,0,
prim_batch_16,ITP/ITP004^4.p,TH0,Theorem,parse_timeout,na,0,,,,,,,,,cached: parse exceeded 5000ms
prim_batch_16,ITP/ITP004^5.p,TH0,Theorem,parse_timeout,na,0,,,,,,,,,cached: parse exceeded 5000ms
prim_batch_16,ITP/ITP004^7.p,TH1,Theorem,timeout,na,6209,0,0,0,1,0,0,0,0,
prim_batch_16,ITP/ITP005^1.p,TH0,Theorem,timeout,na,2179,774,64,774,16,0,0,0,0,
prim_batch_16,ITP/ITP005^2.p,TH0,Theorem,timeout,na,2182,1642,36,1642,195,36,0,1,0,
prim_batch_16,ITP/ITP005^3.p,TH1,Theorem,timeout,na,2092,1918,139,1918,86,4,0,1,0,
prim_batch_16,ITP/ITP005^4.p,TH0,Theorem,parse_timeout,na,0,,,,,,,,,cached: parse exceeded 5000ms
prim_batch_16,ITP/ITP005^5.p,TH0,Theorem,parse_timeout,na,0,,,,,,,,,cached: parse exceeded 5000ms
prim_batch_16,ITP/ITP005^7.p,TH1,Theorem,parse_timeout,na,0,,,,,,,,,cached: parse exceeded 5000ms
prim_batch_16,ITP/ITP006^1.p,TH0,Theorem,timeout,na,2177,688,40,688,43,0,0,0,0,
prim_batch_16,ITP/ITP006^2.p,TH0,Theorem,timeout,na,2168,774,10,774,88,113,0,1,0,
prim_batch_16,ITP/ITP006^3.p,TH1,Theorem,timeout,na,2094,940,42,940,78,1,0,1,0,
prim_batch_16,ITP/ITP006^4.p,TH0,Theorem,parse_timeout,na,0,,,,,,,,,cached: parse exceeded 5000ms
prim_batch_16,ITP/ITP006^5.p,TH0,Theorem,parse_timeout,na,0,,,,,,,,,cached: parse exceeded 5000ms
prim_batch_16,ITP/ITP006^7.p,TH1,Theorem,parse_timeout,na,0,,,,,,,,,cached: parse exceeded 5000ms
prim_batch_16,ITP/ITP007^1.p,TH0,Theorem,timeout,na,2453,231,21,231,4,0,0,0,0,
prim_batch_16,ITP/ITP007^2.p,TH0,Theorem,timeout,na,2333,1276,19,1276,181,58,0,1,0,
prim_batch_16,ITP/ITP007^3.p,TH1,Theorem,timeout,na,2220,1953,92,1953,142,13,0,1,0,
prim_batch_16,ITP/ITP007^4.p,TH0,Theorem,parse_timeout,na,0,,,,,,,,,cached: parse exceeded 5000ms
prim_batch_16,ITP/ITP007^5.p,TH0,Theorem,parse_timeout,na,0,,,,,,,,,cached: parse exceeded 5000ms
prim_batch_16,ITP/ITP007^7.p,TH1,Theorem,parse_timeout,na,0,,,,,,,,,cached: parse exceeded 5000ms
prim_batch_16,ITP/ITP008^1.p,TH0,Theorem,timeout,na,2137,1137,75,1137,48,0,0,0,0,
prim_batch_16,ITP/ITP008^2.p,TH0,Theorem,timeout,na,2185,1268,63,1268,134,0,0,0,0,
prim_batch_16,ITP/ITP008^3.p,TH1,Theorem,timeout,na,2057,951,23,951,56,58,0,1,0,
prim_batch_16,ITP/ITP008^4.p,TH0,Theorem,parse_timeout,na,0,,,,,,,,,cached: parse exceeded 5000ms
prim_batch_16,ITP/ITP008^5.p,TH0,Theorem,parse_timeout,na,0,,,,,,,,,cached: parse exceeded 5000ms
prim_batch_16,ITP/ITP008^7.p,TH1,Theorem,parse_timeout,na,0,,,,,,,,,cached: parse exceeded 5000ms
prim_batch_16,ITP/ITP009^1.p,TH0,Theorem,timeout,na,2209,805,73,805,8,0,0,0,0,
prim_batch_16,ITP/ITP009^2.p,TH0,Theorem,timeout,na,2178,836,18,836,170,8,0,1,0,
prim_batch_16,ITP/ITP009^3.p,TH1,Theorem,timeout,na,2067,825,63,825,27,1,0,1,0,
prim_batch_16,ITP/ITP009^4.p,TH0,Theorem,parse_timeout,na,0,,,,,,,,,cached: parse exceeded 5000ms
prim_batch_16,ITP/ITP009^5.p,TH0,Theorem,parse_timeout,na,0,,,,,,,,,cached: parse exceeded 5000ms
prim_batch_16,ITP/ITP009^7.p,TH1,Theorem,parse_timeout,na,0,,,,,,,,,cached: parse exceeded 5000ms
prim_batch_16,ITP/ITP010^1.p,TH0,Theorem,thm,yes,103,7,0,7,1,1,0,0,0,
prim_batch_16,ITP/ITP010^2.p,TH0,Theorem,thm,yes,70,15,1,15,1,1,0,0,0,
prim_batch_16,ITP/ITP010^3.p,TH1,Theorem,thm,yes,29,5,0,5,1,1,0,0,0,
prim_batch_16,ITP/ITP010^4.p,TH0,Theorem,parse_timeout,na,0,,,,,,,,,cached: parse exceeded 5000ms
prim_batch_16,ITP/ITP010^5.p,TH0,Theorem,parse_timeout,na,0,,,,,,,,,cached: parse exceeded 5000ms
prim_batch_16,ITP/ITP010^7.p,TH1,Theorem,parse_timeout,na,0,,,,,,,,,cached: parse exceeded 5000ms
prim_batch_16,ITP/ITP011^1.p,TH0,Theorem,timeout,na,2203,718,56,718,16,0,0,0,0,
prim_batch_16,ITP/ITP011^2.p,TH0,Theorem,timeout,na,2159,300,15,300,28,1,0,0,0,
prim_batch_16,ITP/ITP011^3.p,TH1,Theorem,timeout,na,2092,391,27,391,10,9,0,1,0,
prim_batch_16,ITP/ITP011^4.p,TH0,Theorem,parse_timeout,na,0,,,,,,,,,cached: parse exceeded 5000ms
prim_batch_16,ITP/ITP011^5.p,TH0,Theorem,parse_timeout,na,0,,,,,,,,,cached: parse exceeded 5000ms
prim_batch_16,ITP/ITP011^7.p,TH1,Theorem,parse_timeout,na,0,,,,,,,,,cached: parse exceeded 5000ms
prim_batch_16,ITP/ITP012^1.p,TH0,Theorem,timeout,na,2181,1386,92,1386,47,46,0,0,0,
prim_batch_16,ITP/ITP012^2.p,TH0,Theorem,timeout,na,2217,1764,11,1764,229,8,0,0,0,
prim_batch_16,ITP/ITP012^3.p,TH1,Theorem,timeout,na,2415,4719,166,4719,206,510,0,0,0,
prim_batch_16,ITP/ITP012^4.p,TH0,Theorem,parse_timeout,na,0,,,,,,,,,cached: parse exceeded 5000ms
prim_batch_16,ITP/ITP012^5.p,TH0,Theorem,parse_timeout,na,0,,,,,,,,,cached: parse exceeded 5000ms
prim_batch_16,ITP/ITP012^7.p,TH1,Theorem,parse_timeout,na,0,,,,,,,,,cached: parse exceeded 5000ms
prim_batch_16,ITP/ITP013^1.p,TH0,Theorem,timeout,na,2143,555,53,555,4,0,0,0,0,
prim_batch_16,ITP/ITP013^2.p,TH0,Theorem,timeout,na,2163,1928,54,1928,213,74,0,2,0,
prim_batch_16,ITP/ITP013^3.p,TH1,Theorem,prover_error,na,2107,,,,,,,,,{{%RuntimeError{message: "ShotTx.Proof.interior_event/2: unhandled trace entry {682636131  {:instantiate  #Stream<[enum: [497288774  497288806]  funs: [#Function<49.48511117/1 in Stream.map/2>  #Function<49.48511117/1 in Stream.map/2>]]>  2}  []}"}  [{ShotTx.Proof  :interior_event  2  [file: ~c"lib/shot_tx/proof.ex"  line: 474  error_info: %{module: Exception}]}  {Enum  :"-reduce/3-lists^foldl/2-0-"  3  [file: ~c"lib/enum.ex"  line: 2622]}  {ShotTx.Proof  :linearize  2  [file: ~c"lib/shot_tx/proof.ex"  line: 367]}  {Enum  :"-map/2-fun-0-"  3  [file: ~c"lib/enum.ex"  line: 1733]}  {:maps  :fold_1  4  [file: ~c"maps.erl"  line: 894]}  {Enum  :map  2  [file: ~c"lib/enum.ex"  line: 2634]}  {ShotTx.Proof  :from_refutation  4  [file: ~c"lib/shot_tx/proof.ex"  line: 117]}  {ShotTx.Prover.Manager  :finish_with_timeout  1  [file: ~c"lib/shot_tx/prover/manager.ex"  line: 221]}]}  {GenServer  :call  [{:via  Registry  {ShotTx.Prover.ProcessRegistry  {"#Reference<0.2589196166.3688366081.84307>"  :manager}}}  :start_proof  :infinity]}}
prim_batch_16,ITP/ITP013^4.p,TH0,Theorem,parse_timeout,na,0,,,,,,,,,cached: parse exceeded 5000ms
prim_batch_16,ITP/ITP013^5.p,TH0,Theorem,parse_timeout,na,0,,,,,,,,,cached: parse exceeded 5000ms
prim_batch_16,ITP/ITP013^7.p,TH1,Theorem,parse_timeout,na,0,,,,,,,,,cached: parse exceeded 5000ms
prim_batch_16,ITP/ITP014^1.p,TH0,Theorem,timeout,na,2409,13,1,13,1,0,0,0,0,
prim_batch_16,ITP/ITP014^2.p,TH0,Theorem,timeout,na,2370,39,3,39,1,0,0,0,0,
prim_batch_16,ITP/ITP014^3.p,TH1,Theorem,timeout,na,2180,14,1,14,1,0,0,0,0,
prim_batch_16,ITP/ITP014^4.p,TH0,Theorem,parse_timeout,na,0,,,,,,,,,cached: parse exceeded 5000ms
prim_batch_16,ITP/ITP014^5.p,TH0,Theorem,parse_timeout,na,0,,,,,,,,,cached: parse exceeded 5000ms
prim_batch_16,ITP/ITP014^7.p,TH1,Theorem,parse_timeout,na,0,,,,,,,,,cached: parse exceeded 5000ms
prim_batch_16,ITP/ITP015^1.p,TH0,Theorem,timeout,na,2149,571,55,571,4,0,0,0,0,
prim_batch_16,ITP/ITP015^2.p,TH0,Theorem,timeout,na,2356,2985,19,2985,650,192,0,1,0,
prim_batch_16,ITP/ITP015^3.p,TH1,Theorem,timeout,na,2123,2510,104,2510,191,63,0,1,0,
prim_batch_16,ITP/ITP015^4.p,TH0,Theorem,parse_timeout,na,0,,,,,,,,,cached: parse exceeded 5000ms
prim_batch_16,ITP/ITP015^5.p,TH0,Theorem,parse_timeout,na,0,,,,,,,,,cached: parse exceeded 5000ms
prim_batch_16,ITP/ITP015^7.p,TH1,Theorem,parse_timeout,na,0,,,,,,,,,cached: parse exceeded 5000ms
prim_batch_16,ITP/ITP016^1.p,TH0,Theorem,timeout,na,2267,1549,108,1549,70,0,0,0,0,
prim_batch_16,ITP/ITP016^2.p,TH0,Theorem,timeout,na,2318,1257,22,1258,264,0,0,1,0,
prim_batch_16,ITP/ITP016^3.p,TH1,Theorem,timeout,na,2200,3026,172,3026,159,12,0,0,0,
prim_batch_16,ITP/ITP016^4.p,TH0,Theorem,parse_timeout,na,0,,,,,,,,,cached: parse exceeded 5000ms
prim_batch_16,ITP/ITP016^5.p,TH0,Theorem,parse_timeout,na,0,,,,,,,,,cached: parse exceeded 5000ms
prim_batch_16,ITP/ITP016^7.p,TH1,Theorem,parse_timeout,na,0,,,,,,,,,cached: parse exceeded 5000ms
prim_batch_16,ITP/ITP017^1.p,TH0,Theorem,timeout,na,2388,19,1,19,1,0,0,0,0,
prim_batch_16,ITP/ITP017^2.p,TH0,Theorem,timeout,na,2356,57,5,57,1,0,0,0,0,
prim_batch_16,ITP/ITP017^3.p,TH1,Theorem,timeout,na,2163,20,2,20,1,0,0,0,0,
prim_batch_16,ITP/ITP017^4.p,TH0,Theorem,parse_timeout,na,0,,,,,,,,,cached: parse exceeded 5000ms
prim_batch_16,ITP/ITP017^5.p,TH0,Theorem,parse_timeout,na,0,,,,,,,,,cached: parse exceeded 5000ms
prim_batch_16,ITP/ITP017^7.p,TH1,Theorem,parse_timeout,na,0,,,,,,,,,cached: parse exceeded 5000ms
prim_batch_16,ITP/ITP018^1.p,TH0,Theorem,timeout,na,2180,1544,69,1544,145,44,0,0,0,
prim_batch_16,ITP/ITP018^2.p,TH0,Theorem,timeout,na,2127,877,36,877,81,16,0,0,0,
prim_batch_16,ITP/ITP018^3.p,TH1,Theorem,timeout,na,2121,3633,40,3633,83,360,0,1,0,
prim_batch_16,ITP/ITP018^4.p,TH0,Theorem,parse_timeout,na,0,,,,,,,,,cached: parse exceeded 5000ms
prim_batch_16,ITP/ITP018^5.p,TH0,Theorem,parse_timeout,na,0,,,,,,,,,cached: parse exceeded 5000ms
prim_batch_16,ITP/ITP018^7.p,TH1,Theorem,parse_timeout,na,0,,,,,,,,,cached: parse exceeded 5000ms
prim_batch_16,ITP/ITP019^1.p,TH0,Theorem,timeout,na,2185,1504,42,1504,184,17,0,0,0,
prim_batch_16,ITP/ITP019^2.p,TH0,Theorem,timeout,na,2241,2549,25,2549,814,0,0,2,0,
prim_batch_16,ITP/ITP019^3.p,TH1,Theorem,timeout,na,2125,4053,22,4053,87,469,0,1,0,
prim_batch_16,ITP/ITP019^4.p,TH0,Theorem,parse_timeout,na,0,,,,,,,,,cached: parse exceeded 5000ms
prim_batch_16,ITP/ITP019^5.p,TH0,Theorem,parse_timeout,na,0,,,,,,,,,cached: parse exceeded 5000ms
prim_batch_16,ITP/ITP019^7.p,TH1,Theorem,parse_timeout,na,0,,,,,,,,,cached: parse exceeded 5000ms
prim_batch_16,ITP/ITP020^1.p,TH0,ContradictoryAxioms,timeout,na,2252,429,41,429,4,0,0,0,0,
prim_batch_16,ITP/ITP020^2.p,TH0,Theorem,timeout,na,2781,5133,11,5133,624,1509,0,1,0,
prim_batch_16,ITP/ITP020^3.p,TH1,Theorem,timeout,na,2062,953,75,953,24,1,0,1,0,
prim_batch_16,ITP/ITP020^4.p,TH0,Theorem,parse_timeout,na,0,,,,,,,,,cached: parse exceeded 5000ms
prim_batch_16,ITP/ITP020^5.p,TH0,Theorem,parse_timeout,na,0,,,,,,,,,cached: parse exceeded 5000ms
prim_batch_16,ITP/ITP020^7.p,TH1,Theorem,parse_timeout,na,0,,,,,,,,,cached: parse exceeded 5000ms
prim_batch_16,ITP/ITP021^1.p,TH0,Theorem,timeout,na,2135,973,92,973,8,0,0,0,0,
prim_batch_16,ITP/ITP021^2.p,TH0,Theorem,timeout,na,2217,1800,21,1800,229,4,0,0,0,
prim_batch_16,ITP/ITP021^3.p,TH1,Theorem,timeout,na,2131,3120,196,3105,225,3,0,1,0,
prim_batch_16,ITP/ITP021^4.p,TH0,Theorem,parse_timeout,na,0,,,,,,,,,cached: parse exceeded 5000ms
prim_batch_16,ITP/ITP021^5.p,TH0,Theorem,parse_timeout,na,0,,,,,,,,,cached: parse exceeded 5000ms
prim_batch_16,ITP/ITP021^7.p,TH1,Theorem,parse_timeout,na,0,,,,,,,,,cached: parse exceeded 5000ms
prim_batch_16,ITP/ITP022^1.p,TH0,Theorem,timeout,na,2318,17,1,17,1,0,0,0,0,
prim_batch_16,ITP/ITP022^2.p,TH0,Theorem,timeout,na,2286,44,4,44,1,0,0,0,0,
prim_batch_16,ITP/ITP022^3.p,TH1,Theorem,timeout,na,2137,13,1,13,1,0,0,0,0,
prim_batch_16,ITP/ITP022^4.p,TH0,Theorem,parse_timeout,na,0,,,,,,,,,cached: parse exceeded 5000ms
prim_batch_16,ITP/ITP022^5.p,TH0,Theorem,parse_timeout,na,0,,,,,,,,,cached: parse exceeded 5000ms
prim_batch_16,ITP/ITP022^7.p,TH1,Theorem,parse_timeout,na,0,,,,,,,,,cached: parse exceeded 5000ms
prim_batch_16,ITP/ITP023^1.p,TH0,Theorem,timeout,na,2207,1160,66,1160,77,10,0,0,0,
prim_batch_16,ITP/ITP023^2.p,TH0,Theorem,timeout,na,2186,1607,13,1607,223,6,0,0,0,
prim_batch_16,ITP/ITP023^3.p,TH1,Theorem,timeout,na,2095,1582,98,1582,109,1,0,1,0,
prim_batch_16,ITP/ITP023^4.p,TH0,Theorem,parse_timeout,na,0,,,,,,,,,cached: parse exceeded 5000ms
prim_batch_16,ITP/ITP023^5.p,TH0,Theorem,parse_timeout,na,0,,,,,,,,,cached: parse exceeded 5000ms
prim_batch_16,ITP/ITP023^7.p,TH1,Theorem,parse_timeout,na,0,,,,,,,,,cached: parse exceeded 5000ms
prim_batch_16,ITP/ITP024^1.p,TH0,Theorem,timeout,na,3438,18,1,18,1,0,0,0,0,
prim_batch_16,ITP/ITP024^2.p,TH0,Theorem,timeout,na,2507,57,5,57,1,0,0,0,0,
prim_batch_16,ITP/ITP024^3.p,TH1,Theorem,timeout,na,2240,20,2,20,1,0,0,0,0,
prim_batch_16,ITP/ITP024^4.p,TH0,Theorem,parse_timeout,na,0,,,,,,,,,cached: parse exceeded 5000ms
prim_batch_16,ITP/ITP024^5.p,TH0,Theorem,parse_timeout,na,0,,,,,,,,,cached: parse exceeded 5000ms
prim_batch_16,ITP/ITP024^7.p,TH1,Theorem,parse_timeout,na,0,,,,,,,,,cached: parse exceeded 5000ms
prim_batch_16,ITP/ITP025^1.p,TH0,Theorem,timeout,na,2461,451,33,451,16,3,0,0,0,
prim_batch_16,ITP/ITP025^2.p,TH0,Theorem,timeout,na,2374,1017,24,1017,181,0,0,0,0,
prim_batch_16,ITP/ITP025^3.p,TH1,Theorem,timeout,na,2118,327,21,327,3,14,0,2,0,
prim_batch_16,ITP/ITP025^4.p,TH0,Theorem,parse_timeout,na,0,,,,,,,,,cached: parse exceeded 5000ms
prim_batch_16,ITP/ITP025^5.p,TH0,Theorem,parse_timeout,na,0,,,,,,,,,cached: parse exceeded 5000ms
prim_batch_16,ITP/ITP025^7.p,TH1,Theorem,parse_timeout,na,0,,,,,,,,,cached: parse exceeded 5000ms
prim_batch_16,ITP/ITP026^1.p,TH0,Theorem,timeout,na,2735,1007,79,1007,27,18,0,6,0,
prim_batch_16,ITP/ITP026^2.p,TH1,Theorem,timeout,na,3214,438,31,438,10,10,0,7,0,
prim_batch_16,ITP/ITP027^1.p,TH0,Theorem,timeout,na,3380,252,25,252,1,0,0,0,0,
prim_batch_16,ITP/ITP027^2.p,TH1,Theorem,timeout,na,4218,71,7,71,1,0,0,0,0,
prim_batch_16,ITP/ITP028^1.p,TH0,Theorem,timeout,na,2532,567,50,567,6,4,0,0,0,
prim_batch_16,ITP/ITP028^2.p,TH1,Theorem,timeout,na,2820,10,1,10,1,0,0,0,0,
prim_batch_16,ITP/ITP029^1.p,TH0,ContradictoryAxioms,timeout,na,2505,250,14,250,17,5,0,0,0,
prim_batch_16,ITP/ITP029^2.p,TH1,ContradictoryAxioms,timeout,na,2499,71,4,71,5,0,0,0,0,
prim_batch_16,ITP/ITP030^1.p,TH0,ContradictoryAxioms,thm,na,639,1,0,1,1,1,0,0,0,
prim_batch_16,ITP/ITP030^2.p,TH1,ContradictoryAxioms,thm,na,827,1,0,1,1,1,0,0,0,
prim_batch_16,ITP/ITP031^1.p,TH0,Theorem,timeout,na,2479,468,16,468,128,7,0,0,0,
prim_batch_16,ITP/ITP031^2.p,TH1,Theorem,timeout,na,2485,48,4,48,1,0,0,0,0,
prim_batch_16,ITP/ITP032^1.p,TH0,Theorem,timeout,na,2488,347,20,347,21,5,0,0,0,
prim_batch_16,ITP/ITP032^2.p,TH1,Theorem,timeout,na,2515,73,5,73,4,0,0,0,0,
prim_batch_16,ITP/ITP033^1.p,TH0,Theorem,timeout,na,2613,644,32,644,100,4,0,0,0,
prim_batch_16,ITP/ITP033^2.p,TH1,Theorem,timeout,na,2534,130,3,130,10,0,0,0,0,
prim_batch_16,ITP/ITP034^1.p,TH0,Theorem,thm,yes,707,2,0,2,1,1,0,0,0,
prim_batch_16,ITP/ITP034^2.p,TH1,Theorem,timeout,na,2481,161,8,161,9,0,0,0,0,
prim_batch_16,ITP/ITP035^1.p,TH0,Theorem,timeout,na,2496,156,1,156,30,0,0,0,0,
prim_batch_16,ITP/ITP035^2.p,TH1,Theorem,timeout,na,2490,97,8,97,2,0,0,0,0,
prim_batch_16,ITP/ITP036^1.p,TH0,Theorem,timeout,na,2403,0,0,0,1,0,0,0,0,
prim_batch_16,ITP/ITP036^2.p,TH1,Theorem,timeout,na,3291,105,10,105,1,0,0,0,0,
prim_batch_16,ITP/ITP037^1.p,TH0,Theorem,thm,yes,766,9,0,9,1,0,0,1,1,
prim_batch_16,ITP/ITP037^2.p,TH1,Theorem,timeout,na,3183,0,0,0,1,0,0,0,0,
prim_batch_16,ITP/ITP038^1.p,TH0,Theorem,timeout,na,2483,204,20,204,1,0,0,0,0,
prim_batch_16,ITP/ITP038^2.p,TH1,Theorem,timeout,na,3740,41,4,41,1,0,0,0,0,
prim_batch_16,ITP/ITP039^1.p,TH0,Theorem,thm,yes,1129,1,0,1,1,1,0,0,0,
prim_batch_16,ITP/ITP039^2.p,TH1,Theorem,thm,yes,3179,1,0,1,1,1,0,0,0,
prim_batch_16,ITP/ITP040^1.p,TH0,ContradictoryAxioms,timeout,na,2619,13,1,13,1,0,0,0,0,
prim_batch_16,ITP/ITP040^2.p,TH1,ContradictoryAxioms,timeout,na,3502,86,3,86,31,12,0,0,0,
prim_batch_16,ITP/ITP041^1.p,TH0,Theorem,thm,yes,873,21,2,21,1,1,0,0,0,
prim_batch_16,ITP/ITP041^2.p,TH1,Theorem,timeout,na,3088,70,7,70,1,0,0,0,0,
prim_batch_16,ITP/ITP042^1.p,TH0,Theorem,timeout,na,2376,121,12,121,1,0,0,0,0,
prim_batch_16,ITP/ITP042^2.p,TH1,Theorem,timeout,na,2715,48,4,48,1,0,0,0,0,
prim_batch_16,ITP/ITP043^1.p,TH0,Theorem,timeout,na,2568,2948,197,2948,190,24,0,0,0,
prim_batch_16,ITP/ITP043^2.p,TH1,Theorem,timeout,na,2713,1041,50,1041,104,7,0,0,0,
prim_batch_16,ITP/ITP044^1.p,TH0,Theorem,timeout,na,2556,3560,42,3560,288,0,0,0,0,
prim_batch_16,ITP/ITP044^2.p,TH1,Theorem,timeout,na,2558,1106,47,1106,62,54,0,0,0,
prim_batch_16,ITP/ITP045^1.p,TH0,Theorem,timeout,na,3497,220,4,220,38,0,0,0,0,
prim_batch_16,ITP/ITP045^2.p,TH1,Theorem,parse_timeout,na,0,,,,,,,,,cached: parse exceeded 5000ms
prim_batch_16,ITP/ITP046^1.p,TH0,Theorem,timeout,na,3868,561,2,561,500,5,0,0,0,
prim_batch_16,ITP/ITP046^2.p,TH1,Theorem,parse_timeout,na,0,,,,,,,,,cached: parse exceeded 5000ms
prim_batch_16,ITP/ITP047^1.p,TH0,Theorem,timeout,na,3543,545,2,545,385,0,0,0,0,
prim_batch_16,ITP/ITP047^2.p,TH1,Theorem,parse_timeout,na,0,,,,,,,,,cached: parse exceeded 5000ms
prim_batch_16,ITP/ITP048^1.p,TH0,Theorem,timeout,na,2389,216,21,216,2,0,0,0,0,
prim_batch_16,ITP/ITP048^2.p,TH1,Theorem,timeout,na,2568,883,68,883,32,0,0,1,0,
prim_batch_16,ITP/ITP049^1.p,TH0,Theorem,timeout,na,2572,307,30,307,1,0,0,0,0,
prim_batch_16,ITP/ITP049^2.p,TH1,Theorem,timeout,na,3009,129,12,129,1,0,0,0,0,
prim_batch_16,ITP/ITP050^1.p,TH0,Theorem,timeout,na,2431,343,31,343,4,0,0,1,0,
prim_batch_16,ITP/ITP050^2.p,TH1,Theorem,timeout,na,2707,318,22,318,13,0,0,1,0,
prim_batch_16,ITP/ITP051^1.p,TH0,ContradictoryAxioms,timeout,na,2394,125,8,125,5,2,0,0,0,
prim_batch_16,ITP/ITP051^2.p,TH1,ContradictoryAxioms,timeout,na,2644,1632,79,1632,118,6,0,0,0,
prim_batch_16,ITP/ITP052^1.p,TH0,Theorem,timeout,na,2460,568,35,568,32,6,0,0,0,
prim_batch_16,ITP/ITP052^2.p,TH1,Theorem,timeout,na,3079,409,16,409,35,6,0,0,0,
prim_batch_16,ITP/ITP053^1.p,TH0,Theorem,timeout,na,2405,1203,107,1203,20,0,0,1,0,
prim_batch_16,ITP/ITP053^2.p,TH1,Theorem,timeout,na,2758,131,13,131,1,0,0,0,0,
prim_batch_16,ITP/ITP054^1.p,TH0,Theorem,timeout,na,2311,648,10,648,62,26,0,1,0,
prim_batch_16,ITP/ITP054^2.p,TH1,Theorem,timeout,na,2609,878,23,878,86,15,0,2,0,
prim_batch_16,ITP/ITP055^1.p,TH0,Theorem,timeout,na,2888,3420,119,3420,575,0,0,0,0,
prim_batch_16,ITP/ITP055^2.p,TH1,Theorem,timeout,na,3281,396,18,396,34,12,0,1,0,
prim_batch_16,ITP/ITP056^1.p,TH0,Theorem,timeout,na,2325,1769,141,1769,106,0,0,0,0,
prim_batch_16,ITP/ITP056^2.p,TH1,Theorem,timeout,na,2434,1668,132,1668,58,0,0,0,0,
prim_batch_16,ITP/ITP057^1.p,TH0,Theorem,parser_error,na,0,,,,,,,,,cached: Failed to parse formula 'fact_200_SilentDecisionValueNotInverting': [byte:61243] Type Error: Cannot unify strict function types of different arities.
prim_batch_16,ITP/ITP057^2.p,TH1,Theorem,parser_error,na,0,,,,,,,,,cached: Failed to parse formula 'fact_125_SilentDecisionValueNotInverting': [byte:52024] Type Error: Cannot unify strict function types of different arities.
prim_batch_16,ITP/ITP058^1.p,TH0,Theorem,timeout,na,2898,0,0,0,1,0,0,0,0,
prim_batch_16,ITP/ITP058^2.p,TH1,Theorem,timeout,na,3501,0,0,0,1,0,0,0,0,
prim_batch_16,ITP/ITP059^1.p,TH0,Theorem,timeout,na,2304,1881,82,1881,122,149,0,5,0,
prim_batch_16,ITP/ITP059^2.p,TH1,Theorem,timeout,na,2611,1137,58,1137,84,77,0,2,0,
prim_batch_16,ITP/ITP060^1.p,TH0,Theorem,timeout,na,2381,1688,48,1688,283,66,0,6,0,
prim_batch_16,ITP/ITP060^2.p,TH1,Theorem,timeout,na,2685,1143,40,1143,125,13,0,7,0,
prim_batch_16,ITP/ITP061^1.p,TH0,Theorem,timeout,na,2568,1578,82,1578,422,0,0,1,0,
prim_batch_16,ITP/ITP061^2.p,TH1,Theorem,timeout,na,2979,1152,35,1152,665,0,0,2,0,
prim_batch_16,ITP/ITP062^1.p,TH0,Theorem,timeout,na,2518,1264,24,1264,232,2,0,1,0,
prim_batch_16,ITP/ITP062^2.p,TH1,Theorem,timeout,na,2382,677,42,677,23,6,0,10,0,
prim_batch_16,ITP/ITP063^1.p,TH0,Theorem,timeout,na,2609,3298,154,3298,678,59,0,6,0,
prim_batch_16,ITP/ITP063^2.p,TH1,Theorem,timeout,na,2535,3119,227,3119,214,2,0,0,0,
prim_batch_16,ITP/ITP064^1.p,TH0,Theorem,timeout,na,2411,708,51,708,39,3,0,0,0,
prim_batch_16,ITP/ITP064^2.p,TH1,Theorem,timeout,na,2561,2899,213,2899,172,0,0,0,0,
prim_batch_16,ITP/ITP065^1.p,TH0,Theorem,timeout,na,2041,1066,70,1066,51,0,0,2,0,
prim_batch_16,ITP/ITP065^2.p,TH1,Theorem,timeout,na,3622,153,14,153,2,0,0,0,0,
prim_batch_16,ITP/ITP066^1.p,TH0,Theorem,timeout,na,2706,0,0,0,1,0,0,0,0,
prim_batch_16,ITP/ITP066^2.p,TH1,Theorem,timeout,na,3160,59,5,59,1,0,0,0,0,
prim_batch_16,ITP/ITP067^1.p,TH0,Theorem,timeout,na,2406,1785,145,1785,93,3,0,0,0,
prim_batch_16,ITP/ITP067^2.p,TH1,Theorem,timeout,na,2816,369,23,369,19,0,0,0,0,
prim_batch_16,ITP/ITP068^1.p,TH0,Theorem,timeout,na,2572,725,45,725,219,0,0,1,0,
prim_batch_16,ITP/ITP068^2.p,TH1,Theorem,timeout,na,3176,86,8,86,1,0,0,0,0,
prim_batch_16,ITP/ITP069^1.p,TH0,Theorem,timeout,na,2772,1190,37,1190,716,0,0,1,0,
prim_batch_16,ITP/ITP069^2.p,TH1,Theorem,timeout,na,3193,67,6,67,1,0,0,0,0,
prim_batch_16,ITP/ITP070^1.p,TH0,Theorem,timeout,na,2543,0,0,0,1,0,0,0,0,
prim_batch_16,ITP/ITP070^2.p,TH1,Theorem,timeout,na,3234,71,7,71,1,0,0,0,0,
prim_batch_16,ITP/ITP071^1.p,TH0,Theorem,timeout,na,2698,0,0,0,1,0,0,0,0,
prim_batch_16,ITP/ITP071^2.p,TH1,Theorem,timeout,na,3216,25,2,25,1,0,0,0,0,
prim_batch_16,ITP/ITP072^1.p,TH0,Theorem,timeout,na,2482,1027,25,1027,112,14,0,0,0,
prim_batch_16,ITP/ITP072^2.p,TH1,Theorem,timeout,na,2511,155,10,155,8,0,0,0,0,
prim_batch_16,ITP/ITP073^1.p,TH0,Theorem,timeout,na,2476,214,21,214,1,0,0,0,0,
prim_batch_16,ITP/ITP073^2.p,TH1,Theorem,timeout,na,2484,101,9,101,2,0,0,0,0,
prim_batch_16,ITP/ITP074^1.p,TH0,Theorem,timeout,na,2350,1290,93,1290,33,23,0,0,0,
prim_batch_16,ITP/ITP074^2.p,TH1,Theorem,timeout,na,2383,1377,94,1377,68,14,0,0,0,
prim_batch_16,ITP/ITP075^1.p,TH0,Theorem,timeout,na,2325,30,3,30,1,0,0,0,0,
prim_batch_16,ITP/ITP075^2.p,TH1,Theorem,timeout,na,2326,55,5,55,1,0,0,0,0,
prim_batch_16,ITP/ITP076^1.p,TH0,Theorem,timeout,na,2393,1187,104,1187,19,2,0,0,0,
prim_batch_16,ITP/ITP076^2.p,TH1,Theorem,timeout,na,2444,635,48,635,29,4,0,0,0,
prim_batch_16,ITP/ITP077^1.p,TH0,Theorem,timeout,na,2554,67,6,67,1,0,0,0,0,
prim_batch_16,ITP/ITP077^2.p,TH1,Theorem,timeout,na,2589,203,16,203,6,0,0,0,0,
prim_batch_16,ITP/ITP078^1.p,TH0,Theorem,timeout,na,2454,968,65,968,56,8,0,0,0,
prim_batch_16,ITP/ITP078^2.p,TH1,Theorem,timeout,na,2419,129,10,129,3,2,0,0,0,
prim_batch_16,ITP/ITP079^1.p,TH0,Theorem,timeout,na,2521,229,22,229,1,0,0,0,0,
prim_batch_16,ITP/ITP079^2.p,TH1,Theorem,timeout,na,2488,396,29,396,50,0,0,2,0,
prim_batch_16,ITP/ITP080^1.p,TH0,Theorem,timeout,na,2996,1105,85,1105,32,8,0,0,0,
prim_batch_16,ITP/ITP080^2.p,TH1,Theorem,timeout,na,3219,0,0,0,1,0,0,0,0,
prim_batch_16,ITP/ITP081^1.p,TH0,Theorem,timeout,na,2857,1214,84,1214,75,0,0,0,0,
prim_batch_16,ITP/ITP081^2.p,TH1,Theorem,timeout,na,3124,0,0,0,1,0,0,0,0,
prim_batch_16,ITP/ITP082^1.p,TH0,Theorem,timeout,na,2835,2007,143,2007,112,0,0,0,0,
prim_batch_16,ITP/ITP082^2.p,TH1,Theorem,timeout,na,3118,0,0,0,1,0,0,0,0,
prim_batch_16,ITP/ITP083^1.p,TH0,Theorem,timeout,na,2681,141,12,141,2,0,0,0,0,
prim_batch_16,ITP/ITP083^2.p,TH1,Theorem,timeout,na,3110,0,0,0,1,0,0,0,0,
prim_batch_16,ITP/ITP084^1.p,TH0,Theorem,timeout,na,2588,0,0,0,1,0,0,0,0,
prim_batch_16,ITP/ITP084^2.p,TH1,Theorem,timeout,na,2859,0,0,0,1,0,0,0,0,
prim_batch_16,ITP/ITP085^1.p,TH0,Theorem,timeout,na,2625,0,0,0,1,0,0,0,0,
prim_batch_16,ITP/ITP085^2.p,TH1,Theorem,timeout,na,2770,0,0,0,1,0,0,0,0,
prim_batch_16,ITP/ITP086^1.p,TH0,Theorem,timeout,na,2480,377,18,377,24,5,0,0,0,
prim_batch_16,ITP/ITP086^2.p,TH1,Theorem,timeout,na,2594,95,3,95,9,0,0,0,0,
prim_batch_16,ITP/ITP087^1.p,TH0,Theorem,timeout,na,2607,613,10,613,58,19,0,0,0,
prim_batch_16,ITP/ITP087^2.p,TH1,Theorem,timeout,na,2701,128,2,128,10,0,0,0,0,
prim_batch_16,ITP/ITP088^1.p,TH0,Theorem,timeout,na,2724,512,18,512,268,0,0,0,0,
prim_batch_16,ITP/ITP088^2.p,TH1,Theorem,timeout,na,2697,126,8,126,5,0,0,0,0,
prim_batch_16,ITP/ITP089^1.p,TH0,Theorem,timeout,na,2592,503,10,503,40,19,0,0,0,
prim_batch_16,ITP/ITP089^2.p,TH1,Theorem,timeout,na,2699,116,4,116,10,0,0,0,0,
prim_batch_16,ITP/ITP090^1.p,TH0,Theorem,timeout,na,2653,312,15,312,117,0,0,0,0,
prim_batch_16,ITP/ITP090^2.p,TH1,Theorem,timeout,na,2700,201,12,201,7,0,0,0,0,
prim_batch_16,ITP/ITP091^1.p,TH0,Theorem,timeout,na,2667,492,16,492,195,5,0,0,0,
prim_batch_16,ITP/ITP091^2.p,TH1,Theorem,timeout,na,2703,105,7,105,5,0,0,0,0,
prim_batch_16,ITP/ITP092^1.p,TH0,Theorem,timeout,na,2899,532,52,532,2,0,0,0,0,
prim_batch_16,ITP/ITP092^2.p,TH1,Theorem,timeout,na,3975,38,3,38,1,0,0,0,0,
prim_batch_16,ITP/ITP093^1.p,TH0,Theorem,timeout,na,2471,209,20,209,1,0,0,0,0,
prim_batch_16,ITP/ITP093^2.p,TH1,Theorem,timeout,na,2742,124,8,124,7,0,0,0,0,
prim_batch_16,ITP/ITP094^1.p,TH0,Theorem,timeout,na,2346,544,12,544,95,0,0,0,0,
prim_batch_16,ITP/ITP094^2.p,TH1,Theorem,timeout,na,2490,2229,42,2229,194,120,0,1,0,
prim_batch_16,ITP/ITP095^1.p,TH0,Theorem,timeout,na,2497,4328,123,4328,274,155,0,0,0,
prim_batch_16,ITP/ITP095^2.p,TH1,Theorem,timeout,na,2404,1602,118,1602,60,16,0,6,0,
prim_batch_16,ITP/ITP096^1.p,TH0,ContradictoryAxioms,timeout,na,2518,4217,90,4217,541,490,0,5,0,
prim_batch_16,ITP/ITP096^2.p,TH1,ContradictoryAxioms,timeout,na,2574,3179,152,3179,254,117,0,1,0,
prim_batch_16,ITP/ITP097^1.p,TH0,Theorem,timeout,na,2461,2143,10,2143,504,0,0,0,0,
prim_batch_16,ITP/ITP097^2.p,TH1,Theorem,timeout,na,2523,2979,120,2979,351,32,0,9,0,
prim_batch_16,ITP/ITP098^1.p,TH0,Theorem,timeout,na,2700,166,16,166,1,0,0,0,0,
prim_batch_16,ITP/ITP098^2.p,TH1,Theorem,timeout,na,2593,484,46,484,4,0,0,0,0,
prim_batch_16,ITP/ITP099^1.p,TH0,Theorem,timeout,na,2330,463,44,463,5,0,0,0,0,
prim_batch_16,ITP/ITP099^2.p,TH1,Theorem,timeout,na,2471,512,39,512,12,0,0,0,0,
prim_batch_16,ITP/ITP100^1.p,TH0,Theorem,timeout,na,2730,0,0,0,1,0,0,0,0,
prim_batch_16,ITP/ITP100^2.p,TH1,Theorem,timeout,na,2996,0,0,0,1,0,0,0,0,
prim_batch_16,ITP/ITP101^1.p,TH0,Theorem,timeout,na,2354,420,33,420,10,0,0,0,0,
prim_batch_16,ITP/ITP101^2.p,TH1,Theorem,timeout,na,2537,487,35,487,33,0,0,0,0,
prim_batch_16,ITP/ITP102^1.p,TH0,Theorem,timeout,na,2298,446,38,446,8,0,0,0,0,
prim_batch_16,ITP/ITP102^2.p,TH1,Theorem,timeout,na,2593,1778,102,1778,168,32,0,0,0,
prim_batch_16,ITP/ITP103^1.p,TH0,Theorem,timeout,na,2420,4379,170,4379,340,142,0,2,0,
prim_batch_16,ITP/ITP103^2.p,TH1,Theorem,timeout,na,2581,3474,169,3474,287,118,0,2,0,
prim_batch_16,ITP/ITP104^1.p,TH0,Theorem,timeout,na,2520,447,29,447,21,0,0,0,0,
prim_batch_16,ITP/ITP104^2.p,TH1,Theorem,timeout,na,2518,577,43,577,35,0,0,0,0,
prim_batch_16,ITP/ITP105^1.p,TH0,Theorem,timeout,na,2309,334,12,334,35,7,0,0,0,
prim_batch_16,ITP/ITP105^2.p,TH1,Theorem,timeout,na,2342,525,8,525,62,1,0,0,0,
prim_batch_16,ITP/ITP106^1.p,TH0,Theorem,timeout,na,2444,466,42,466,5,0,0,1,0,
prim_batch_16,ITP/ITP106^2.p,TH1,Theorem,timeout,na,3593,0,0,0,1,0,0,0,0,
prim_batch_16,ITP/ITP107^1.p,TH0,Theorem,timeout,na,2824,3091,51,3091,269,143,0,0,0,
prim_batch_16,ITP/ITP107^2.p,TH1,Theorem,timeout,na,3340,165,15,165,4,2,0,0,0,
prim_batch_16,ITP/ITP108^1.p,TH0,Theorem,timeout,na,2385,391,24,391,17,3,0,0,0,
prim_batch_16,ITP/ITP108^2.p,TH1,Theorem,timeout,na,3461,0,0,0,1,0,0,0,0,
prim_batch_16,ITP/ITP109^1.p,TH0,Theorem,timeout,na,2753,1594,92,1594,271,10,0,0,0,
prim_batch_16,ITP/ITP109^2.p,TH1,Theorem,timeout,na,2545,116,7,116,5,0,0,0,0,
prim_batch_16,ITP/ITP110^1.p,TH0,Theorem,timeout,na,2505,2798,160,2798,125,64,0,0,0,
prim_batch_16,ITP/ITP110^2.p,TH1,Theorem,timeout,na,2484,1306,81,1306,104,17,0,0,0,
prim_batch_16,ITP/ITP111^1.p,TH0,Theorem,timeout,na,2225,2603,136,2603,155,82,0,1,0,
prim_batch_16,ITP/ITP111^2.p,TH1,Theorem,timeout,na,2481,2336,109,2336,176,78,0,1,0,
prim_batch_16,ITP/ITP112^1.p,TH0,Theorem,timeout,na,2700,24,2,24,1,0,0,0,0,
prim_batch_16,ITP/ITP112^2.p,TH1,Theorem,timeout,na,2552,280,14,280,24,3,0,0,0,
prim_batch_16,ITP/ITP113^1.p,TH0,Theorem,timeout,na,2412,1427,108,1427,48,16,0,0,0,
prim_batch_16,ITP/ITP113^2.p,TH1,Theorem,timeout,na,2531,70,7,70,1,0,0,0,0,
prim_batch_16,ITP/ITP114^1.p,TH0,Theorem,thm,yes,856,4,0,4,1,0,0,1,1,
prim_batch_16,ITP/ITP114^2.p,TH1,Theorem,thm,yes,360,26,2,26,1,0,0,1,1,
prim_batch_16,ITP/ITP115^1.p,TH0,Theorem,timeout,na,2402,1069,41,1069,176,43,0,0,0,
prim_batch_16,ITP/ITP115^2.p,TH1,Theorem,timeout,na,2670,434,26,434,134,0,0,0,0,
prim_batch_16,ITP/ITP116^1.p,TH0,Theorem,timeout,na,2638,237,23,237,1,0,0,0,0,
prim_batch_16,ITP/ITP116^2.p,TH1,Theorem,timeout,na,2709,80,8,80,1,0,0,0,0,
prim_batch_16,ITP/ITP117^1.p,TH0,Theorem,timeout,na,2517,500,39,500,11,8,0,0,0,
prim_batch_16,ITP/ITP117^2.p,TH1,Theorem,timeout,na,2644,65,6,65,1,0,0,0,0,
prim_batch_16,ITP/ITP118^1.p,TH0,Theorem,timeout,na,2355,1174,100,1174,32,0,0,0,0,
prim_batch_16,ITP/ITP118^2.p,TH1,Theorem,timeout,na,2469,394,27,394,67,0,0,1,0,
prim_batch_16,ITP/ITP119^1.p,TH0,ContradictoryAxioms,timeout,na,2674,0,0,0,1,0,0,0,0,
prim_batch_16,ITP/ITP119^2.p,TH1,ContradictoryAxioms,timeout,na,2748,0,0,0,1,0,0,0,0,
prim_batch_16,ITP/ITP120^1.p,TH0,Theorem,timeout,na,2301,623,49,623,16,0,0,0,0,
prim_batch_16,ITP/ITP120^2.p,TH1,Theorem,timeout,na,2416,666,44,666,38,0,0,0,0,
prim_batch_16,ITP/ITP121^1.p,TH0,Theorem,timeout,na,2372,783,58,783,30,5,0,0,0,
prim_batch_16,ITP/ITP121^2.p,TH1,Theorem,timeout,na,2494,834,51,834,68,6,0,0,0,
prim_batch_16,ITP/ITP122^1.p,TH0,Theorem,timeout,na,2378,767,52,767,30,5,0,0,0,
prim_batch_16,ITP/ITP122^2.p,TH1,Theorem,timeout,na,2579,1003,58,1003,160,7,0,0,0,
prim_batch_16,ITP/ITP123^1.p,TH0,Theorem,timeout,na,2346,418,30,418,16,0,0,1,0,
prim_batch_16,ITP/ITP123^2.p,TH1,Theorem,timeout,na,2397,287,26,287,4,0,0,0,0,
prim_batch_16,ITP/ITP124^1.p,TH0,Theorem,timeout,na,2332,781,57,781,34,5,0,0,0,
prim_batch_16,ITP/ITP124^2.p,TH1,Theorem,timeout,na,2442,743,38,743,60,7,0,0,0,
prim_batch_16,ITP/ITP125^1.p,TH0,Theorem,timeout,na,2488,758,52,758,168,0,0,0,0,
prim_batch_16,ITP/ITP125^2.p,TH1,Theorem,timeout,na,2552,0,0,0,1,0,0,0,0,
prim_batch_16,ITP/ITP126^1.p,TH0,Theorem,timeout,na,2408,3363,173,3363,314,108,0,1,0,
prim_batch_16,ITP/ITP126^2.p,TH1,Theorem,timeout,na,2364,419,27,419,16,0,0,0,0,
prim_batch_16,ITP/ITP127^1.p,TH0,Theorem,timeout,na,2652,96,9,96,1,0,0,0,0,
prim_batch_16,ITP/ITP127^2.p,TH1,Theorem,timeout,na,2581,84,7,84,2,0,0,0,0,
prim_batch_16,ITP/ITP128^1.p,TH0,Theorem,timeout,na,4463,0,0,0,1,0,0,0,0,
prim_batch_16,ITP/ITP128^2.p,TH1,Theorem,timeout,na,3124,0,0,0,1,0,0,0,0,
prim_batch_16,ITP/ITP129^1.p,TH0,Theorem,timeout,na,2416,3331,225,3331,274,0,0,0,0,
prim_batch_16,ITP/ITP129^2.p,TH1,Theorem,timeout,na,2525,1355,14,1355,267,0,0,0,0,
prim_batch_16,ITP/ITP130^1.p,TH0,Theorem,timeout,na,2378,2332,83,2332,253,10,0,0,0,
prim_batch_16,ITP/ITP130^2.p,TH1,Theorem,timeout,na,2394,1356,61,1356,192,85,0,6,0,
prim_batch_16,ITP/ITP131^1.p,TH0,ContradictoryAxioms,timeout,na,2278,4431,341,4431,166,39,0,0,0,
prim_batch_16,ITP/ITP131^2.p,TH1,ContradictoryAxioms,timeout,na,2594,3696,131,3696,330,93,0,5,0,
prim_batch_16,ITP/ITP132^1.p,TH0,Theorem,timeout,na,2294,616,50,616,16,6,0,9,0,
prim_batch_16,ITP/ITP132^2.p,TH1,Theorem,timeout,na,2509,1441,72,1441,76,54,0,1,0,
prim_batch_16,ITP/ITP133^1.p,TH0,Theorem,timeout,na,2284,330,22,330,9,6,0,7,0,
prim_batch_16,ITP/ITP133^2.p,TH1,Theorem,timeout,na,2611,1822,63,1822,180,20,0,0,0,
prim_batch_16,ITP/ITP134^1.p,TH0,Theorem,timeout,na,2593,441,30,441,14,12,0,4,0,
prim_batch_16,ITP/ITP134^2.p,TH1,Theorem,timeout,na,2401,806,53,806,35,16,0,0,0,
prim_batch_16,ITP/ITP135^1.p,TH0,Theorem,timeout,na,2565,271,10,271,25,0,0,0,0,
prim_batch_16,ITP/ITP135^2.p,TH1,Theorem,timeout,na,2750,122,11,122,2,0,0,0,0,
prim_batch_16,ITP/ITP136^1.p,TH0,Theorem,timeout,na,2582,368,9,368,39,0,0,0,0,
prim_batch_16,ITP/ITP136^2.p,TH1,Theorem,timeout,na,2814,110,9,110,2,0,0,0,0,
prim_batch_16,ITP/ITP137^1.p,TH0,Theorem,timeout,na,2613,95,9,95,1,0,0,0,0,
prim_batch_16,ITP/ITP137^2.p,TH1,Theorem,timeout,na,2935,0,0,0,1,0,0,0,0,
prim_batch_16,ITP/ITP138^1.p,TH0,Theorem,timeout,na,2550,1268,84,1268,35,30,0,0,0,
prim_batch_16,ITP/ITP138^2.p,TH1,Theorem,timeout,na,2672,564,55,564,4,0,0,0,0,
prim_batch_16,ITP/ITP139^1.p,TH0,Theorem,timeout,na,2596,402,6,402,52,0,0,0,0,
prim_batch_16,ITP/ITP139^2.p,TH1,Theorem,timeout,na,2690,1591,137,1591,64,0,0,0,0,
prim_batch_16,ITP/ITP140^1.p,TH0,Theorem,timeout,na,2591,287,11,287,26,0,0,0,0,
prim_batch_16,ITP/ITP140^2.p,TH1,Theorem,timeout,na,2902,101,8,101,2,0,0,0,0,
prim_batch_16,ITP/ITP141^1.p,TH0,Theorem,timeout,na,2524,165,5,165,8,9,0,0,0,
prim_batch_16,ITP/ITP141^2.p,TH1,Theorem,timeout,na,2999,0,0,0,1,0,0,0,0,
prim_batch_16,ITP/ITP142^1.p,TH0,Theorem,timeout,na,2953,669,63,669,4,0,0,0,0,
prim_batch_16,ITP/ITP142^2.p,TH1,Theorem,timeout,na,3656,0,0,0,1,0,0,0,0,
prim_batch_16,ITP/ITP143^1.p,TH0,Theorem,timeout,na,2831,910,86,910,4,0,0,0,0,
prim_batch_16,ITP/ITP143^2.p,TH1,Theorem,timeout,na,3550,0,0,0,1,0,0,0,0,
prim_batch_16,ITP/ITP144^1.p,TH0,Theorem,timeout,na,2149,952,41,952,72,86,0,2,0,
prim_batch_16,ITP/ITP144^2.p,TH1,Theorem,timeout,na,2566,21,2,21,1,0,0,0,0,
prim_batch_16,ITP/ITP145^1.p,TH0,Theorem,timeout,na,2871,872,84,872,4,0,0,0,0,
prim_batch_16,ITP/ITP145^2.p,TH1,Theorem,timeout,na,3680,0,0,0,1,0,0,0,0,
prim_batch_16,ITP/ITP146^1.p,TH0,Theorem,timeout,na,2426,86,4,86,4,0,0,0,0,
prim_batch_16,ITP/ITP146^2.p,TH1,Theorem,timeout,na,2480,68,5,68,2,0,0,0,0,
prim_batch_16,ITP/ITP147^1.p,TH0,Theorem,timeout,na,2384,116,2,116,20,0,0,0,0,
prim_batch_16,ITP/ITP147^2.p,TH1,Theorem,timeout,na,2419,73,7,73,1,0,0,0,0,
prim_batch_16,ITP/ITP148^1.p,TH0,Theorem,timeout,na,2759,107,10,107,1,0,0,0,0,
prim_batch_16,ITP/ITP148^2.p,TH1,Theorem,timeout,na,2654,213,16,213,6,0,0,0,0,
prim_batch_16,ITP/ITP149^1.p,TH0,Theorem,timeout,na,2398,219,2,219,25,0,0,0,0,
prim_batch_16,ITP/ITP149^2.p,TH1,Theorem,timeout,na,2431,265,12,265,21,0,0,0,0,
prim_batch_16,ITP/ITP150^1.p,TH0,Theorem,timeout,na,2416,3293,302,3293,40,0,0,0,0,
prim_batch_16,ITP/ITP150^2.p,TH1,Theorem,timeout,na,2562,370,24,370,20,0,0,0,0,
prim_batch_16,ITP/ITP151^1.p,TH0,Theorem,timeout,na,2470,2938,99,2938,335,73,0,5,0,
prim_batch_16,ITP/ITP151^2.p,TH1,Theorem,timeout,na,2551,3548,216,3548,329,64,0,5,0,
prim_batch_16,ITP/ITP152^1.p,TH0,Theorem,timeout,na,2585,130,13,130,1,0,0,0,0,
prim_batch_16,ITP/ITP152^2.p,TH1,Theorem,timeout,na,3074,26,2,26,1,0,0,0,0,
prim_batch_16,ITP/ITP153^1.p,TH0,Theorem,timeout,na,2507,337,21,337,13,8,0,0,0,
prim_batch_16,ITP/ITP153^2.p,TH1,Theorem,timeout,na,2799,75,7,75,1,0,0,0,0,
prim_batch_16,ITP/ITP154^1.p,TH0,Theorem,timeout,na,2543,618,36,618,30,14,0,0,0,
prim_batch_16,ITP/ITP154^2.p,TH1,Theorem,timeout,na,2898,136,6,136,10,0,0,0,0,
prim_batch_16,ITP/ITP155^1.p,TH0,Theorem,timeout,na,2567,320,20,320,14,2,0,0,0,
prim_batch_16,ITP/ITP155^2.p,TH1,Theorem,timeout,na,2796,137,8,137,9,0,0,0,0,
prim_batch_16,ITP/ITP156^1.p,TH0,Theorem,timeout,na,2468,533,28,533,81,14,0,1,0,
prim_batch_16,ITP/ITP156^2.p,TH1,Theorem,timeout,na,2569,74,7,74,1,0,0,0,0,
prim_batch_16,ITP/ITP157^1.p,TH0,Theorem,timeout,na,2565,181,18,181,1,0,0,0,0,
prim_batch_16,ITP/ITP157^2.p,TH1,Theorem,timeout,na,2866,34,3,34,1,0,0,0,0,
prim_batch_16,ITP/ITP158^1.p,TH0,Theorem,timeout,na,2787,607,49,607,16,0,0,0,0,
prim_batch_16,ITP/ITP158^2.p,TH1,Theorem,timeout,na,3342,292,25,292,4,0,0,0,0,
prim_batch_16,ITP/ITP159^1.p,TH0,Theorem,timeout,na,2548,2234,77,2234,166,76,0,0,0,
prim_batch_16,ITP/ITP159^2.p,TH1,Theorem,timeout,na,2732,729,63,729,16,0,0,0,0,
prim_batch_16,ITP/ITP160^1.p,TH0,Theorem,timeout,na,3514,0,0,0,1,0,0,0,0,
prim_batch_16,ITP/ITP160^2.p,TH1,Theorem,timeout,na,4634,9,0,9,1,0,0,0,0,
prim_batch_16,ITP/ITP161^1.p,TH0,Theorem,timeout,na,2590,900,54,900,64,13,0,0,0,
prim_batch_16,ITP/ITP161^2.p,TH1,Theorem,timeout,na,2800,122,12,122,1,0,0,0,0,
prim_batch_16,ITP/ITP162^1.p,TH0,Theorem,timeout,na,2555,468,33,468,31,5,0,0,0,
prim_batch_16,ITP/ITP162^2.p,TH1,Theorem,timeout,na,2490,195,17,195,4,0,0,0,0,
prim_batch_16,ITP/ITP163^1.p,TH0,Theorem,timeout,na,2381,312,24,312,16,0,0,0,0,
prim_batch_16,ITP/ITP163^2.p,TH1,Theorem,timeout,na,2706,95,9,95,1,0,0,0,0,
prim_batch_16,ITP/ITP164^1.p,TH0,Theorem,timeout,na,2475,433,10,433,51,14,0,0,0,
prim_batch_16,ITP/ITP164^2.p,TH1,Theorem,timeout,na,2685,773,65,773,16,0,0,0,0,
prim_batch_16,ITP/ITP165^1.p,TH0,Theorem,timeout,na,2485,451,33,451,19,3,0,0,0,
prim_batch_16,ITP/ITP165^2.p,TH1,Theorem,timeout,na,2468,208,12,208,20,0,0,0,0,
prim_batch_16,ITP/ITP166^1.p,TH0,Theorem,timeout,na,2723,0,0,0,1,0,0,0,0,
prim_batch_16,ITP/ITP166^2.p,TH1,Theorem,timeout,na,3129,9,0,9,1,0,0,0,0,
prim_batch_16,ITP/ITP167^1.p,TH0,Theorem,timeout,na,3013,0,0,0,1,0,0,0,0,
prim_batch_16,ITP/ITP167^2.p,TH1,Theorem,timeout,na,3228,5,0,5,1,0,0,0,0,
prim_batch_16,ITP/ITP168^1.p,TH0,Theorem,timeout,na,2634,28,2,28,1,0,0,0,0,
prim_batch_16,ITP/ITP168^2.p,TH1,Theorem,timeout,na,2551,144,14,144,1,0,0,0,0,
prim_batch_16,ITP/ITP169^1.p,TH0,Theorem,timeout,na,2852,2296,144,2296,127,7,0,0,0,
prim_batch_16,ITP/ITP169^2.p,TH1,Theorem,timeout,na,3095,1252,73,1252,69,44,0,0,0,
prim_batch_16,ITP/ITP170^1.p,TH0,Theorem,timeout,na,2580,2325,63,2325,220,0,0,0,0,
prim_batch_16,ITP/ITP170^2.p,TH1,Theorem,timeout,na,2566,622,59,622,4,0,0,0,0,
prim_batch_16,ITP/ITP171^1.p,TH0,Theorem,timeout,na,3070,57,5,57,1,0,0,0,0,
prim_batch_16,ITP/ITP171^2.p,TH1,Theorem,parse_timeout,na,0,,,,,,,,,cached: parse exceeded 5000ms
prim_batch_16,ITP/ITP172^1.p,TH0,Theorem,timeout,na,2677,2882,242,2882,96,0,0,0,0,
prim_batch_16,ITP/ITP172^2.p,TH1,Theorem,timeout,na,3500,62,6,62,1,0,0,0,0,
prim_batch_16,ITP/ITP173^1.p,TH0,Theorem,timeout,na,3195,269,25,269,2,0,0,0,0,
prim_batch_16,ITP/ITP173^2.p,TH1,Theorem,parse_timeout,na,0,,,,,,,,,cached: parse exceeded 5000ms
prim_batch_16,ITP/ITP174^1.p,TH0,Theorem,timeout,na,3210,231,22,231,2,0,0,0,0,
prim_batch_16,ITP/ITP174^2.p,TH1,Theorem,parse_timeout,na,0,,,,,,,,,cached: parse exceeded 5000ms
prim_batch_16,ITP/ITP175^1.p,TH0,Theorem,timeout,na,2543,382,23,382,17,8,0,0,0,
prim_batch_16,ITP/ITP175^2.p,TH1,Theorem,timeout,na,3188,50,5,50,1,0,0,0,0,
prim_batch_16,ITP/ITP176^1.p,TH0,Theorem,timeout,na,2585,668,15,668,384,2,0,0,0,
prim_batch_16,ITP/ITP176^2.p,TH1,Theorem,timeout,na,2862,22,2,22,1,0,0,0,0,
prim_batch_16,ITP/ITP177^1.p,TH0,Theorem,timeout,na,2647,1837,143,1837,108,15,0,4,0,
prim_batch_16,ITP/ITP177^2.p,TH1,Theorem,timeout,na,3362,34,3,34,2,0,0,1,0,
prim_batch_16,ITP/ITP178^1.p,TH0,Theorem,timeout,na,2515,579,45,579,16,0,0,0,0,
prim_batch_16,ITP/ITP178^2.p,TH1,Theorem,timeout,na,3662,0,0,0,1,0,0,0,0,
prim_batch_16,ITP/ITP179^1.p,TH0,Theorem,timeout,na,2603,3730,206,3730,242,10,0,0,0,
prim_batch_16,ITP/ITP179^2.p,TH1,Theorem,timeout,na,3051,26,2,26,1,0,0,0,0,
prim_batch_16,ITP/ITP180^1.p,TH0,Theorem,timeout,na,2504,611,38,611,35,1,0,0,0,
prim_batch_16,ITP/ITP180^2.p,TH1,Theorem,timeout,na,3083,51,4,51,2,1,0,0,0,
prim_batch_16,ITP/ITP181^1.p,TH0,Theorem,timeout,na,2725,487,47,487,2,0,0,1,0,
prim_batch_16,ITP/ITP181^2.p,TH1,Theorem,timeout,na,2756,57,5,57,1,0,0,0,0,
prim_batch_16,ITP/ITP182^1.p,TH0,Theorem,timeout,na,2730,1584,130,1584,89,0,0,1,0,
prim_batch_16,ITP/ITP182^2.p,TH1,Theorem,parser_error,na,0,,,,,,,,,cached: Failed to parse formula 'fact_105_neg__eqvt': [byte:41884] Type Error: Cannot unify strict function types of different arities.
prim_batch_16,ITP/ITP183^1.p,TH0,Theorem,timeout,na,2656,436,43,436,2,0,0,1,0,
prim_batch_16,ITP/ITP183^2.p,TH1,Theorem,timeout,na,2713,206,20,206,1,0,0,0,0,
prim_batch_16,ITP/ITP184^1.p,TH0,Theorem,timeout,na,3060,755,47,755,132,1,0,0,0,
prim_batch_16,ITP/ITP184^2.p,TH1,Theorem,timeout,na,2804,82,8,82,1,0,0,0,0,
prim_batch_16,ITP/ITP185^1.p,TH0,Theorem,timeout,na,3292,181,18,181,1,0,0,0,0,
prim_batch_16,ITP/ITP185^2.p,TH1,Theorem,timeout,na,2667,267,26,267,2,0,0,0,0,
prim_batch_16,ITP/ITP186^1.p,TH0,Theorem,timeout,na,3469,220,22,220,1,0,0,0,0,
prim_batch_16,ITP/ITP186^2.p,TH1,Theorem,timeout,na,2694,284,25,284,4,0,0,0,0,
prim_batch_16,ITP/ITP187^1.p,TH0,Theorem,timeout,na,2837,412,40,412,2,0,0,1,0,
prim_batch_16,ITP/ITP187^2.p,TH1,Theorem,timeout,na,2784,69,6,69,1,0,0,0,0,
prim_batch_16,ITP/ITP188^1.p,TH0,Theorem,timeout,na,2863,442,43,442,2,0,0,1,0,
prim_batch_16,ITP/ITP188^2.p,TH1,Theorem,timeout,na,2797,61,6,61,1,0,0,0,0,
prim_batch_16,ITP/ITP189^1.p,TH0,Theorem,timeout,na,2679,431,41,431,2,0,0,1,0,
prim_batch_16,ITP/ITP189^2.p,TH1,Theorem,timeout,na,2773,150,15,150,1,0,0,0,0,
prim_batch_16,ITP/ITP190^1.p,TH0,Theorem,timeout,na,2650,892,83,892,9,0,0,1,0,
prim_batch_16,ITP/ITP190^2.p,TH1,Theorem,parser_error,na,0,,,,,,,,,cached: Failed to parse formula 'fact_91_neg__eqvt': [byte:28038] Type Error: Cannot unify strict function types of different arities.
prim_batch_16,ITP/ITP191^1.p,TH0,ContradictoryAxioms,timeout,na,2746,524,50,524,2,0,0,1,0,
prim_batch_16,ITP/ITP191^2.p,TH1,ContradictoryAxioms,parser_error,na,0,,,,,,,,,cached: Failed to parse formula 'fact_154_neg__eqvt': [byte:53412] Type Error: Cannot unify strict function types of different arities.
prim_batch_16,ITP/ITP192^1.p,TH0,Theorem,timeout,na,2895,437,39,437,4,0,0,1,0,
prim_batch_16,ITP/ITP192^2.p,TH1,Theorem,timeout,na,2782,109,10,109,1,0,0,0,0,
prim_batch_16,ITP/ITP193^1.p,TH0,Theorem,timeout,na,2490,622,35,622,76,0,0,0,0,
prim_batch_16,ITP/ITP193^2.p,TH1,Theorem,timeout,na,2473,514,40,514,12,3,0,1,0,
prim_batch_16,ITP/ITP194^1.p,TH0,Theorem,timeout,na,2404,728,2,728,115,13,0,0,0,
prim_batch_16,ITP/ITP194^2.p,TH1,Theorem,timeout,na,2471,2572,156,2572,124,40,0,0,0,
prim_batch_16,ITP/ITP195^1.p,TH0,Theorem,timeout,na,2544,2802,2,2802,484,17,0,0,0,
prim_batch_16,ITP/ITP195^2.p,TH1,Theorem,timeout,na,2497,2096,102,2096,195,29,0,1,0,
prim_batch_16,ITP/ITP196^1.p,TH0,Theorem,timeout,na,2742,0,0,0,1,0,0,0,0,
prim_batch_16,ITP/ITP196^2.p,TH1,Theorem,timeout,na,3212,0,0,0,1,0,0,0,0,
prim_batch_16,ITP/ITP197^1.p,TH0,Theorem,timeout,na,2504,136,7,136,9,0,0,0,0,
prim_batch_16,ITP/ITP197^2.p,TH1,Theorem,timeout,na,2539,125,6,125,10,0,0,0,0,
prim_batch_16,ITP/ITP198^1.p,TH0,Theorem,timeout,na,2970,81,8,81,1,0,0,0,0,
prim_batch_16,ITP/ITP198^2.p,TH1,Theorem,timeout,na,3000,0,0,0,1,0,0,0,0,
prim_batch_16,ITP/ITP199^1.p,TH0,Theorem,timeout,na,2475,351,8,351,42,9,0,0,0,
prim_batch_16,ITP/ITP199^2.p,TH1,Theorem,timeout,na,2613,99,4,99,6,0,0,0,0,
prim_batch_16,ITP/ITP200^1.p,TH0,Theorem,timeout,na,2665,205,15,205,11,0,0,0,0,
prim_batch_16,ITP/ITP200^2.p,TH1,Theorem,timeout,na,3063,402,27,402,16,0,0,0,0,
prim_batch_16,ITP/ITP201^1.p,TH0,Theorem,timeout,na,2408,249,16,249,8,0,0,0,0,
prim_batch_16,ITP/ITP201^2.p,TH1,Theorem,timeout,na,2889,81,7,81,2,0,0,0,0,
prim_batch_16,ITP/ITP202^1.p,TH0,Theorem,timeout,na,2832,1,0,1,1,0,0,0,0,
prim_batch_16,ITP/ITP202^2.p,TH1,Theorem,timeout,na,4299,0,0,0,1,0,0,0,0,
prim_batch_16,ITP/ITP203^1.p,TH0,Theorem,timeout,na,2764,0,0,0,1,0,0,0,0,
prim_batch_16,ITP/ITP203^2.p,TH1,Theorem,timeout,na,4353,0,0,0,1,0,0,0,0,
prim_batch_16,ITP/ITP204^1.p,TH0,Theorem,timeout,na,2591,0,0,0,1,0,0,0,0,
prim_batch_16,ITP/ITP204^2.p,TH1,Theorem,timeout,na,3210,0,0,0,1,0,0,0,0,
prim_batch_16,ITP/ITP205^1.p,TH0,Theorem,timeout,na,2443,113,11,113,1,0,0,0,0,
prim_batch_16,ITP/ITP205^2.p,TH1,Theorem,timeout,na,2952,77,7,77,1,0,0,0,0,
prim_batch_16,ITP/ITP206^1.p,TH0,Theorem,parse_timeout,na,0,,,,,,,,,cached: parse exceeded 5000ms
prim_batch_16,ITP/ITP206^2.p,TH1,Theorem,parse_timeout,na,0,,,,,,,,,cached: parse exceeded 5000ms
prim_batch_16,ITP/ITP206^3.p,TH0,Theorem,parse_timeout,na,0,,,,,,,,,cached: parse exceeded 5000ms
prim_batch_16,ITP/ITP206^4.p,TH1,Theorem,parse_timeout,na,0,,,,,,,,,cached: parse exceeded 5000ms
prim_batch_16,ITP/ITP207^1.p,TH0,Theorem,parser_error,na,0,,,,,,,,,cached: Failed to parse formula 'fact_1254_of__bool__not__iff': [byte:596062] Type Error: Cannot unify strict function types of different arities.
prim_batch_16,ITP/ITP207^2.p,TH1,Theorem,parser_error,na,0,,,,,,,,,cached: Failed to parse formula 'fact_484_of__bool__not__iff': [byte:260957] Type Error: Cannot unify strict function types of different arities.
prim_batch_16,ITP/ITP207^3.p,TH0,Theorem,parser_error,na,0,,,,,,,,,cached: Failed to parse formula 'fact_1254_of__bool__not__iff': [byte:596062] Type Error: Cannot unify strict function types of different arities.
prim_batch_16,ITP/ITP207^4.p,TH1,Theorem,parser_error,na,0,,,,,,,,,cached: Failed to parse formula 'fact_484_of__bool__not__iff': [byte:260957] Type Error: Cannot unify strict function types of different arities.
prim_batch_16,ITP/ITP208^1.p,TH0,Theorem,parse_timeout,na,0,,,,,,,,,cached: parse exceeded 5000ms
prim_batch_16,ITP/ITP208^2.p,TH1,Theorem,parser_error,na,0,,,,,,,,,cached: Failed to parse formula 'fact_1166_modulo__int__unfold': [byte:432712] Type Error: Cannot unify strict function types of different arities.
prim_batch_16,ITP/ITP208^3.p,TH0,Theorem,parse_timeout,na,0,,,,,,,,,cached: parse exceeded 5000ms
prim_batch_16,ITP/ITP208^4.p,TH1,Theorem,parser_error,na,0,,,,,,,,,cached: Failed to parse formula 'fact_1166_modulo__int__unfold': [byte:432712] Type Error: Cannot unify strict function types of different arities.
prim_batch_16,ITP/ITP209^1.p,TH0,Theorem,timeout,na,2065,1504,71,1504,125,66,0,0,0,
prim_batch_16,ITP/ITP209^2.p,TH1,Theorem,timeout,na,2061,1389,98,1389,96,0,0,0,0,
prim_batch_16,ITP/ITP209^3.p,TH0,Theorem,timeout,na,2058,1352,67,1352,111,56,0,0,0,
prim_batch_16,ITP/ITP209^4.p,TH1,Theorem,timeout,na,2054,1420,98,1420,96,0,0,0,0,
prim_batch_16,ITP/ITP210^1.p,TH0,Theorem,parse_timeout,na,0,,,,,,,,,cached: parse exceeded 5000ms
prim_batch_16,ITP/ITP210^2.p,TH1,Theorem,parse_timeout,na,0,,,,,,,,,cached: parse exceeded 5000ms
prim_batch_16,ITP/ITP210^3.p,TH0,Theorem,parse_timeout,na,0,,,,,,,,,cached: parse exceeded 5000ms
prim_batch_16,ITP/ITP210^4.p,TH1,Theorem,parse_timeout,na,0,,,,,,,,,cached: parse exceeded 5000ms
prim_batch_16,ITP/ITP211^1.p,TH0,Theorem,parse_timeout,na,0,,,,,,,,,cached: parse exceeded 5000ms
prim_batch_16,ITP/ITP211^2.p,TH1,Theorem,parse_timeout,na,0,,,,,,,,,cached: parse exceeded 5000ms
prim_batch_16,ITP/ITP211^3.p,TH0,Theorem,parse_timeout,na,0,,,,,,,,,cached: parse exceeded 5000ms
prim_batch_16,ITP/ITP211^4.p,TH1,Theorem,parse_timeout,na,0,,,,,,,,,cached: parse exceeded 5000ms
prim_batch_16,ITP/ITP212^1.p,TH0,Theorem,parse_timeout,na,0,,,,,,,,,cached: parse exceeded 5000ms
prim_batch_16,ITP/ITP212^2.p,TH1,Theorem,parse_timeout,na,0,,,,,,,,,cached: parse exceeded 5000ms
prim_batch_16,ITP/ITP212^3.p,TH0,Theorem,parse_timeout,na,0,,,,,,,,,cached: parse exceeded 5000ms
prim_batch_16,ITP/ITP212^4.p,TH1,Theorem,parse_timeout,na,0,,,,,,,,,cached: parse exceeded 5000ms
prim_batch_16,ITP/ITP213^1.p,TH0,Theorem,parse_timeout,na,0,,,,,,,,,cached: parse exceeded 5000ms
prim_batch_16,ITP/ITP213^2.p,TH1,Theorem,parse_timeout,na,0,,,,,,,,,cached: parse exceeded 5000ms
prim_batch_16,ITP/ITP213^3.p,TH0,Theorem,parse_timeout,na,0,,,,,,,,,cached: parse exceeded 5000ms
prim_batch_16,ITP/ITP213^4.p,TH1,Theorem,parse_timeout,na,0,,,,,,,,,cached: parse exceeded 5000ms
prim_batch_16,ITP/ITP214^1.p,TH0,Theorem,parse_timeout,na,0,,,,,,,,,cached: parse exceeded 5000ms
prim_batch_16,ITP/ITP214^2.p,TH1,Theorem,parse_timeout,na,0,,,,,,,,,cached: parse exceeded 5000ms
prim_batch_16,ITP/ITP214^3.p,TH0,Theorem,parse_timeout,na,0,,,,,,,,,cached: parse exceeded 5000ms
prim_batch_16,ITP/ITP214^4.p,TH1,Theorem,parse_timeout,na,0,,,,,,,,,cached: parse exceeded 5000ms
prim_batch_16,ITP/ITP215^1.p,TH0,Theorem,parse_timeout,na,0,,,,,,,,,cached: parse exceeded 5000ms
prim_batch_16,ITP/ITP215^2.p,TH1,Theorem,parse_timeout,na,0,,,,,,,,,cached: parse exceeded 5000ms
prim_batch_16,ITP/ITP215^3.p,TH0,Theorem,parse_timeout,na,0,,,,,,,,,cached: parse exceeded 5000ms
prim_batch_16,ITP/ITP215^4.p,TH1,Theorem,parse_timeout,na,0,,,,,,,,,cached: parse exceeded 5000ms
prim_batch_16,ITP/ITP216^1.p,TH0,Theorem,parse_timeout,na,0,,,,,,,,,cached: parse exceeded 5000ms
prim_batch_16,ITP/ITP216^2.p,TH1,Theorem,parse_timeout,na,0,,,,,,,,,cached: parse exceeded 5000ms
prim_batch_16,ITP/ITP216^3.p,TH0,Theorem,parse_timeout,na,0,,,,,,,,,cached: parse exceeded 5000ms
prim_batch_16,ITP/ITP216^4.p,TH1,Theorem,parse_timeout,na,0,,,,,,,,,cached: parse exceeded 5000ms
prim_batch_16,ITP/ITP217^1.p,TH0,Theorem,parse_timeout,na,0,,,,,,,,,cached: parse exceeded 5000ms
prim_batch_16,ITP/ITP217^2.p,TH1,Theorem,parse_timeout,na,0,,,,,,,,,cached: parse exceeded 5000ms
prim_batch_16,ITP/ITP217^3.p,TH0,Theorem,parse_timeout,na,0,,,,,,,,,cached: parse exceeded 5000ms
prim_batch_16,ITP/ITP217^4.p,TH1,Theorem,parse_timeout,na,0,,,,,,,,,cached: parse exceeded 5000ms
prim_batch_16,ITP/ITP218^1.p,TH0,Theorem,parse_timeout,na,0,,,,,,,,,cached: parse exceeded 5000ms
prim_batch_16,ITP/ITP218^2.p,TH1,Theorem,parse_timeout,na,0,,,,,,,,,cached: parse exceeded 5000ms
prim_batch_16,ITP/ITP218^3.p,TH0,Theorem,parse_timeout,na,0,,,,,,,,,cached: parse exceeded 5000ms
prim_batch_16,ITP/ITP218^4.p,TH1,Theorem,parse_timeout,na,0,,,,,,,,,cached: parse exceeded 5000ms
prim_batch_16,ITP/ITP219^1.p,TH0,Theorem,parse_timeout,na,0,,,,,,,,,cached: parse exceeded 5000ms
prim_batch_16,ITP/ITP219^2.p,TH1,Theorem,parse_timeout,na,0,,,,,,,,,cached: parse exceeded 5000ms
prim_batch_16,ITP/ITP219^3.p,TH0,Theorem,parse_timeout,na,0,,,,,,,,,cached: parse exceeded 5000ms
prim_batch_16,ITP/ITP219^4.p,TH1,Theorem,parse_timeout,na,0,,,,,,,,,cached: parse exceeded 5000ms
prim_batch_16,ITP/ITP220^1.p,TH0,Theorem,parser_error,na,0,,,,,,,,,cached: Failed to parse formula 'fact_1819_of__bool__not__iff': [byte:567961] Type Error: Cannot unify strict function types of different arities.
prim_batch_16,ITP/ITP220^2.p,TH1,Theorem,parser_error,na,0,,,,,,,,,cached: Failed to parse formula 'fact_672_of__bool__not__iff': [byte:271370] Type Error: Cannot unify strict function types of different arities.
prim_batch_16,ITP/ITP220^3.p,TH0,Theorem,parser_error,na,0,,,,,,,,,cached: Failed to parse formula 'fact_1819_of__bool__not__iff': [byte:567961] Type Error: Cannot unify strict function types of different arities.
prim_batch_16,ITP/ITP220^4.p,TH1,Theorem,parser_error,na,0,,,,,,,,,cached: Failed to parse formula 'fact_672_of__bool__not__iff': [byte:271370] Type Error: Cannot unify strict function types of different arities.
prim_batch_16,ITP/ITP221^1.p,TH0,Theorem,parse_timeout,na,0,,,,,,,,,cached: parse exceeded 5000ms
prim_batch_16,ITP/ITP221^2.p,TH1,Theorem,parser_error,na,0,,,,,,,,,cached: Failed to parse formula 'fact_1110_of__bool__odd__eq__mod__2': [byte:414489] Type Error: Cannot unify strict function types of different arities.
prim_batch_16,ITP/ITP221^3.p,TH0,Theorem,parse_timeout,na,0,,,,,,,,,cached: parse exceeded 5000ms
prim_batch_16,ITP/ITP221^4.p,TH1,Theorem,parser_error,na,0,,,,,,,,,cached: Failed to parse formula 'fact_1110_of__bool__odd__eq__mod__2': [byte:414489] Type Error: Cannot unify strict function types of different arities.
prim_batch_16,ITP/ITP222^1.p,TH0,Theorem,parse_timeout,na,0,,,,,,,,,cached: parse exceeded 5000ms
prim_batch_16,ITP/ITP222^2.p,TH1,Theorem,parse_timeout,na,0,,,,,,,,,cached: parse exceeded 5000ms
prim_batch_16,ITP/ITP222^3.p,TH0,Theorem,parse_timeout,na,0,,,,,,,,,cached: parse exceeded 5000ms
prim_batch_16,ITP/ITP222^4.p,TH1,Theorem,parse_timeout,na,0,,,,,,,,,cached: parse exceeded 5000ms
prim_batch_16,ITP/ITP223^1.p,TH0,Theorem,parse_timeout,na,0,,,,,,,,,cached: parse exceeded 5000ms
prim_batch_16,ITP/ITP223^2.p,TH1,Theorem,parse_timeout,na,0,,,,,,,,,cached: parse exceeded 5000ms
prim_batch_16,ITP/ITP223^3.p,TH0,Theorem,parse_timeout,na,0,,,,,,,,,cached: parse exceeded 5000ms
prim_batch_16,ITP/ITP223^4.p,TH1,Theorem,parse_timeout,na,0,,,,,,,,,cached: parse exceeded 5000ms
prim_batch_16,ITP/ITP224^1.p,TH0,ContradictoryAxioms,parse_timeout,na,0,,,,,,,,,cached: parse exceeded 5000ms
prim_batch_16,ITP/ITP224^2.p,TH1,ContradictoryAxioms,parser_error,na,0,,,,,,,,,cached: Failed to parse formula 'fact_1485_of__bool__not__iff': [byte:533452] Type Error: Cannot unify strict function types of different arities.
prim_batch_16,ITP/ITP224^3.p,TH0,ContradictoryAxioms,parse_timeout,na,0,,,,,,,,,cached: parse exceeded 5000ms
prim_batch_16,ITP/ITP224^4.p,TH1,ContradictoryAxioms,parser_error,na,0,,,,,,,,,cached: Failed to parse formula 'fact_1485_of__bool__not__iff': [byte:533452] Type Error: Cannot unify strict function types of different arities.
prim_batch_16,ITP/ITP225^1.p,TH0,Theorem,parse_timeout,na,0,,,,,,,,,cached: parse exceeded 5000ms
prim_batch_16,ITP/ITP225^2.p,TH1,Theorem,parse_timeout,na,0,,,,,,,,,cached: parse exceeded 5000ms
prim_batch_16,ITP/ITP225^3.p,TH0,Theorem,parse_timeout,na,0,,,,,,,,,cached: parse exceeded 5000ms
prim_batch_16,ITP/ITP225^4.p,TH1,Theorem,parse_timeout,na,0,,,,,,,,,cached: parse exceeded 5000ms
prim_batch_16,ITP/ITP226^1.p,TH0,Theorem,parse_timeout,na,0,,,,,,,,,cached: parse exceeded 5000ms
prim_batch_16,ITP/ITP226^2.p,TH1,Theorem,parse_timeout,na,0,,,,,,,,,cached: parse exceeded 5000ms
prim_batch_16,ITP/ITP226^3.p,TH0,Theorem,parse_timeout,na,0,,,,,,,,,cached: parse exceeded 5000ms
prim_batch_16,ITP/ITP226^4.p,TH1,Theorem,parse_timeout,na,0,,,,,,,,,cached: parse exceeded 5000ms
prim_batch_16,ITP/ITP227^1.p,TH0,Theorem,parse_timeout,na,0,,,,,,,,,cached: parse exceeded 5000ms
prim_batch_16,ITP/ITP227^2.p,TH1,Theorem,parse_timeout,na,0,,,,,,,,,cached: parse exceeded 5000ms
prim_batch_16,ITP/ITP227^3.p,TH0,Theorem,parse_timeout,na,0,,,,,,,,,cached: parse exceeded 5000ms
prim_batch_16,ITP/ITP227^4.p,TH1,Theorem,parse_timeout,na,0,,,,,,,,,cached: parse exceeded 5000ms
prim_batch_16,ITP/ITP228^1.p,TH0,Theorem,parse_timeout,na,0,,,,,,,,,cached: parse exceeded 5000ms
prim_batch_16,ITP/ITP228^2.p,TH1,Theorem,parse_timeout,na,0,,,,,,,,,cached: parse exceeded 5000ms
prim_batch_16,ITP/ITP228^3.p,TH0,Theorem,parse_timeout,na,0,,,,,,,,,cached: parse exceeded 5000ms
prim_batch_16,ITP/ITP228^4.p,TH1,Theorem,parse_timeout,na,0,,,,,,,,,cached: parse exceeded 5000ms
prim_batch_16,ITP/ITP229^1.p,TH0,Theorem,parse_timeout,na,0,,,,,,,,,cached: parse exceeded 5000ms
prim_batch_16,ITP/ITP229^2.p,TH1,Theorem,parse_timeout,na,0,,,,,,,,,cached: parse exceeded 5000ms
prim_batch_16,ITP/ITP229^3.p,TH0,Theorem,parse_timeout,na,0,,,,,,,,,cached: parse exceeded 5000ms
prim_batch_16,ITP/ITP229^4.p,TH1,Theorem,parse_timeout,na,0,,,,,,,,,cached: parse exceeded 5000ms
prim_batch_16,ITP/ITP230^1.p,TH0,Theorem,parse_timeout,na,0,,,,,,,,,cached: parse exceeded 5000ms
prim_batch_16,ITP/ITP230^2.p,TH1,Theorem,parse_timeout,na,0,,,,,,,,,cached: parse exceeded 5000ms
prim_batch_16,ITP/ITP230^3.p,TH0,Theorem,parse_timeout,na,0,,,,,,,,,cached: parse exceeded 5000ms
prim_batch_16,ITP/ITP230^4.p,TH1,Theorem,parse_timeout,na,0,,,,,,,,,cached: parse exceeded 5000ms
prim_batch_16,ITP/ITP231^1.p,TH0,Theorem,parser_error,na,0,,,,,,,,,cached: Failed to parse formula 'fact_2020_modulo__int__unfold': [byte:753287] Type Error: Cannot unify strict function types of different arities.
prim_batch_16,ITP/ITP231^2.p,TH1,Theorem,parse_timeout,na,0,,,,,,,,,cached: parse exceeded 5000ms
prim_batch_16,ITP/ITP231^3.p,TH0,Theorem,parser_error,na,0,,,,,,,,,cached: Failed to parse formula 'fact_2020_modulo__int__unfold': [byte:753287] Type Error: Cannot unify strict function types of different arities.
prim_batch_16,ITP/ITP231^4.p,TH1,Theorem,parse_timeout,na,0,,,,,,,,,cached: parse exceeded 5000ms
prim_batch_16,ITP/ITP232^1.p,TH0,Theorem,parse_timeout,na,0,,,,,,,,,cached: parse exceeded 5000ms
prim_batch_16,ITP/ITP232^2.p,TH1,Theorem,parse_timeout,na,0,,,,,,,,,cached: parse exceeded 5000ms
prim_batch_16,ITP/ITP232^3.p,TH0,Theorem,parse_timeout,na,0,,,,,,,,,cached: parse exceeded 5000ms
prim_batch_16,ITP/ITP232^4.p,TH1,Theorem,parse_timeout,na,0,,,,,,,,,cached: parse exceeded 5000ms
prim_batch_16,ITP/ITP233^1.p,TH0,Theorem,parse_timeout,na,0,,,,,,,,,cached: parse exceeded 5000ms
prim_batch_16,ITP/ITP233^2.p,TH1,Theorem,parse_timeout,na,0,,,,,,,,,cached: parse exceeded 5000ms
prim_batch_16,ITP/ITP233^3.p,TH0,Theorem,parse_timeout,na,0,,,,,,,,,cached: parse exceeded 5000ms
prim_batch_16,ITP/ITP233^4.p,TH1,Theorem,parse_timeout,na,0,,,,,,,,,cached: parse exceeded 5000ms
prim_batch_16,ITP/ITP234^1.p,TH0,Theorem,parse_timeout,na,0,,,,,,,,,cached: parse exceeded 5000ms
prim_batch_16,ITP/ITP234^2.p,TH1,Theorem,parse_timeout,na,0,,,,,,,,,cached: parse exceeded 5000ms
prim_batch_16,ITP/ITP234^3.p,TH0,Theorem,parse_timeout,na,0,,,,,,,,,cached: parse exceeded 5000ms
prim_batch_16,ITP/ITP234^4.p,TH1,Theorem,parse_timeout,na,0,,,,,,,,,cached: parse exceeded 5000ms
prim_batch_16,ITP/ITP235^1.p,TH0,Theorem,parse_timeout,na,0,,,,,,,,,cached: parse exceeded 5000ms
prim_batch_16,ITP/ITP235^2.p,TH1,Theorem,parse_timeout,na,0,,,,,,,,,cached: parse exceeded 5000ms
prim_batch_16,ITP/ITP235^3.p,TH0,Theorem,parse_timeout,na,0,,,,,,,,,cached: parse exceeded 5000ms
prim_batch_16,ITP/ITP235^4.p,TH1,Theorem,parse_timeout,na,0,,,,,,,,,cached: parse exceeded 5000ms
prim_batch_16,ITP/ITP236^1.p,TH0,Theorem,parse_timeout,na,0,,,,,,,,,cached: parse exceeded 5000ms
prim_batch_16,ITP/ITP236^2.p,TH1,Theorem,parse_timeout,na,0,,,,,,,,,cached: parse exceeded 5000ms
prim_batch_16,ITP/ITP236^3.p,TH0,Theorem,parse_timeout,na,0,,,,,,,,,cached: parse exceeded 5000ms
prim_batch_16,ITP/ITP236^4.p,TH1,Theorem,parse_timeout,na,0,,,,,,,,,cached: parse exceeded 5000ms
prim_batch_16,ITP/ITP237^1.p,TH0,Theorem,parse_timeout,na,0,,,,,,,,,cached: parse exceeded 5000ms
prim_batch_16,ITP/ITP237^2.p,TH1,Theorem,parse_timeout,na,0,,,,,,,,,cached: parse exceeded 5000ms
prim_batch_16,ITP/ITP237^3.p,TH0,Theorem,parse_timeout,na,0,,,,,,,,,cached: parse exceeded 5000ms
prim_batch_16,ITP/ITP237^4.p,TH1,Theorem,parse_timeout,na,0,,,,,,,,,cached: parse exceeded 5000ms
prim_batch_16,ITP/ITP238^1.p,TH0,Theorem,parse_timeout,na,0,,,,,,,,,cached: parse exceeded 5000ms
prim_batch_16,ITP/ITP238^2.p,TH1,Theorem,parse_timeout,na,0,,,,,,,,,cached: parse exceeded 5000ms
prim_batch_16,ITP/ITP238^3.p,TH0,Theorem,parse_timeout,na,0,,,,,,,,,cached: parse exceeded 5000ms
prim_batch_16,ITP/ITP238^4.p,TH1,Theorem,parse_timeout,na,0,,,,,,,,,cached: parse exceeded 5000ms
prim_batch_16,ITP/ITP239^1.p,TH0,Theorem,parse_timeout,na,0,,,,,,,,,cached: parse exceeded 5000ms
prim_batch_16,ITP/ITP239^2.p,TH1,Theorem,parse_timeout,na,0,,,,,,,,,cached: parse exceeded 5000ms
prim_batch_16,ITP/ITP239^3.p,TH0,Theorem,parse_timeout,na,0,,,,,,,,,cached: parse exceeded 5000ms
prim_batch_16,ITP/ITP239^4.p,TH1,Theorem,parse_timeout,na,0,,,,,,,,,cached: parse exceeded 5000ms
prim_batch_16,ITP/ITP240^1.p,TH0,Theorem,parse_timeout,na,0,,,,,,,,,cached: parse exceeded 5000ms
prim_batch_16,ITP/ITP240^2.p,TH1,Theorem,parse_timeout,na,0,,,,,,,,,cached: parse exceeded 5000ms
prim_batch_16,ITP/ITP240^3.p,TH0,Theorem,parse_timeout,na,0,,,,,,,,,cached: parse exceeded 5000ms
prim_batch_16,ITP/ITP240^4.p,TH1,Theorem,parse_timeout,na,0,,,,,,,,,cached: parse exceeded 5000ms
prim_batch_16,ITP/ITP241^1.p,TH0,Theorem,parse_timeout,na,0,,,,,,,,,cached: parse exceeded 5000ms
prim_batch_16,ITP/ITP241^2.p,TH1,Theorem,parse_timeout,na,0,,,,,,,,,cached: parse exceeded 5000ms
prim_batch_16,ITP/ITP241^3.p,TH0,Theorem,parse_timeout,na,0,,,,,,,,,cached: parse exceeded 5000ms
prim_batch_16,ITP/ITP241^4.p,TH1,Theorem,parse_timeout,na,0,,,,,,,,,cached: parse exceeded 5000ms
prim_batch_16,ITP/ITP242^1.p,TH0,Theorem,parse_timeout,na,0,,,,,,,,,cached: parse exceeded 5000ms
prim_batch_16,ITP/ITP242^2.p,TH1,Theorem,parse_timeout,na,0,,,,,,,,,cached: parse exceeded 5000ms
prim_batch_16,ITP/ITP242^3.p,TH0,Theorem,parse_timeout,na,0,,,,,,,,,cached: parse exceeded 5000ms
prim_batch_16,ITP/ITP242^4.p,TH1,Theorem,parse_timeout,na,0,,,,,,,,,cached: parse exceeded 5000ms
prim_batch_16,ITP/ITP243^1.p,TH0,Theorem,parse_timeout,na,0,,,,,,,,,cached: parse exceeded 5000ms
prim_batch_16,ITP/ITP243^2.p,TH1,Theorem,parse_timeout,na,0,,,,,,,,,cached: parse exceeded 5000ms
prim_batch_16,ITP/ITP243^3.p,TH0,Theorem,parse_timeout,na,0,,,,,,,,,cached: parse exceeded 5000ms
prim_batch_16,ITP/ITP243^4.p,TH1,Theorem,parse_timeout,na,0,,,,,,,,,cached: parse exceeded 5000ms
prim_batch_16,ITP/ITP244^1.p,TH0,Theorem,parse_timeout,na,0,,,,,,,,,cached: parse exceeded 5000ms
prim_batch_16,ITP/ITP244^2.p,TH1,Theorem,parse_timeout,na,0,,,,,,,,,cached: parse exceeded 5000ms
prim_batch_16,ITP/ITP244^3.p,TH0,Theorem,parse_timeout,na,0,,,,,,,,,cached: parse exceeded 5000ms
prim_batch_16,ITP/ITP244^4.p,TH1,Theorem,parse_timeout,na,0,,,,,,,,,cached: parse exceeded 5000ms
prim_batch_16,ITP/ITP245^1.p,TH0,Theorem,parse_timeout,na,0,,,,,,,,,cached: parse exceeded 5000ms
prim_batch_16,ITP/ITP245^2.p,TH1,Theorem,parse_timeout,na,0,,,,,,,,,cached: parse exceeded 5000ms
prim_batch_16,ITP/ITP245^3.p,TH0,Theorem,parse_timeout,na,0,,,,,,,,,cached: parse exceeded 5000ms
prim_batch_16,ITP/ITP245^4.p,TH1,Theorem,parse_timeout,na,0,,,,,,,,,cached: parse exceeded 5000ms
prim_batch_16,ITP/ITP246^1.p,TH0,Theorem,parse_timeout,na,0,,,,,,,,,cached: parse exceeded 5000ms
prim_batch_16,ITP/ITP246^2.p,TH1,Theorem,parse_timeout,na,0,,,,,,,,,cached: parse exceeded 5000ms
prim_batch_16,ITP/ITP246^3.p,TH0,Theorem,parse_timeout,na,0,,,,,,,,,cached: parse exceeded 5000ms
prim_batch_16,ITP/ITP246^4.p,TH1,Theorem,parse_timeout,na,0,,,,,,,,,cached: parse exceeded 5000ms
prim_batch_16,ITP/ITP247^1.p,TH0,Theorem,parse_timeout,na,0,,,,,,,,,cached: parse exceeded 5000ms
prim_batch_16,ITP/ITP247^2.p,TH1,Theorem,parse_timeout,na,0,,,,,,,,,cached: parse exceeded 5000ms
prim_batch_16,ITP/ITP247^3.p,TH0,Theorem,parse_timeout,na,0,,,,,,,,,cached: parse exceeded 5000ms
prim_batch_16,ITP/ITP247^4.p,TH1,Theorem,parse_timeout,na,0,,,,,,,,,cached: parse exceeded 5000ms
prim_batch_16,ITP/ITP248^1.p,TH0,Theorem,parse_timeout,na,0,,,,,,,,,cached: parse exceeded 5000ms
prim_batch_16,ITP/ITP248^2.p,TH1,Theorem,parse_timeout,na,0,,,,,,,,,cached: parse exceeded 5000ms
prim_batch_16,ITP/ITP248^3.p,TH0,Theorem,parse_timeout,na,0,,,,,,,,,cached: parse exceeded 5000ms
prim_batch_16,ITP/ITP248^4.p,TH1,Theorem,parse_timeout,na,0,,,,,,,,,cached: parse exceeded 5000ms
prim_batch_16,ITP/ITP249^1.p,TH0,Theorem,parse_timeout,na,0,,,,,,,,,cached: parse exceeded 5000ms
prim_batch_16,ITP/ITP249^2.p,TH1,Theorem,parse_timeout,na,0,,,,,,,,,cached: parse exceeded 5000ms
prim_batch_16,ITP/ITP249^3.p,TH0,Theorem,parse_timeout,na,0,,,,,,,,,cached: parse exceeded 5000ms
prim_batch_16,ITP/ITP249^4.p,TH1,Theorem,parse_timeout,na,0,,,,,,,,,cached: parse exceeded 5000ms
prim_batch_16,ITP/ITP250^1.p,TH0,Theorem,parse_timeout,na,0,,,,,,,,,cached: parse exceeded 5000ms
prim_batch_16,ITP/ITP250^2.p,TH1,Theorem,parse_timeout,na,0,,,,,,,,,cached: parse exceeded 5000ms
prim_batch_16,ITP/ITP250^3.p,TH0,Theorem,parse_timeout,na,0,,,,,,,,,cached: parse exceeded 5000ms
prim_batch_16,ITP/ITP250^4.p,TH1,Theorem,parse_timeout,na,0,,,,,,,,,cached: parse exceeded 5000ms
prim_batch_16,ITP/ITP251^1.p,TH0,Theorem,parse_timeout,na,0,,,,,,,,,cached: parse exceeded 5000ms
prim_batch_16,ITP/ITP251^2.p,TH1,Theorem,parse_timeout,na,0,,,,,,,,,cached: parse exceeded 5000ms
prim_batch_16,ITP/ITP251^3.p,TH0,Theorem,parse_timeout,na,0,,,,,,,,,cached: parse exceeded 5000ms
prim_batch_16,ITP/ITP251^4.p,TH1,Theorem,parse_timeout,na,0,,,,,,,,,cached: parse exceeded 5000ms
prim_batch_16,ITP/ITP252^1.p,TH0,Theorem,parse_timeout,na,0,,,,,,,,,cached: parse exceeded 5000ms
prim_batch_16,ITP/ITP252^2.p,TH1,Theorem,parse_timeout,na,0,,,,,,,,,cached: parse exceeded 5000ms
prim_batch_16,ITP/ITP252^3.p,TH0,Theorem,parse_timeout,na,0,,,,,,,,,cached: parse exceeded 5000ms
prim_batch_16,ITP/ITP252^4.p,TH1,Theorem,parse_timeout,na,0,,,,,,,,,cached: parse exceeded 5000ms
prim_batch_16,ITP/ITP253^1.p,TH0,Theorem,parse_timeout,na,0,,,,,,,,,cached: parse exceeded 5000ms
prim_batch_16,ITP/ITP253^2.p,TH1,Theorem,parse_timeout,na,0,,,,,,,,,cached: parse exceeded 5000ms
prim_batch_16,ITP/ITP253^3.p,TH0,Theorem,parse_timeout,na,0,,,,,,,,,cached: parse exceeded 5000ms
prim_batch_16,ITP/ITP253^4.p,TH1,Theorem,parse_timeout,na,0,,,,,,,,,cached: parse exceeded 5000ms
prim_batch_16,ITP/ITP254^1.p,TH0,Theorem,parse_timeout,na,0,,,,,,,,,cached: parse exceeded 5000ms
prim_batch_16,ITP/ITP254^2.p,TH1,Theorem,parse_timeout,na,0,,,,,,,,,cached: parse exceeded 5000ms
prim_batch_16,ITP/ITP254^3.p,TH0,Theorem,parse_timeout,na,0,,,,,,,,,cached: parse exceeded 5000ms
prim_batch_16,ITP/ITP254^4.p,TH1,Theorem,parse_timeout,na,0,,,,,,,,,cached: parse exceeded 5000ms
prim_batch_16,ITP/ITP255^1.p,TH0,Theorem,parse_timeout,na,0,,,,,,,,,cached: parse exceeded 5000ms
prim_batch_16,ITP/ITP255^2.p,TH1,Theorem,parse_timeout,na,0,,,,,,,,,cached: parse exceeded 5000ms
prim_batch_16,ITP/ITP255^3.p,TH0,Theorem,parse_timeout,na,0,,,,,,,,,cached: parse exceeded 5000ms
prim_batch_16,ITP/ITP255^4.p,TH1,Theorem,parse_timeout,na,0,,,,,,,,,cached: parse exceeded 5000ms
prim_batch_16,ITP/ITP256^1.p,TH0,Theorem,parse_timeout,na,0,,,,,,,,,cached: parse exceeded 5000ms
prim_batch_16,ITP/ITP256^2.p,TH1,Theorem,parse_timeout,na,0,,,,,,,,,cached: parse exceeded 5000ms
prim_batch_16,ITP/ITP256^3.p,TH0,Theorem,parse_timeout,na,0,,,,,,,,,cached: parse exceeded 5000ms
prim_batch_16,ITP/ITP256^4.p,TH1,Theorem,parse_timeout,na,0,,,,,,,,,cached: parse exceeded 5000ms
prim_batch_16,ITP/ITP257^1.p,TH0,Theorem,parse_timeout,na,0,,,,,,,,,cached: parse exceeded 5000ms
prim_batch_16,ITP/ITP257^2.p,TH1,Theorem,parse_timeout,na,0,,,,,,,,,cached: parse exceeded 5000ms
prim_batch_16,ITP/ITP257^3.p,TH0,Theorem,parse_timeout,na,0,,,,,,,,,cached: parse exceeded 5000ms
prim_batch_16,ITP/ITP257^4.p,TH1,Theorem,parse_timeout,na,0,,,,,,,,,cached: parse exceeded 5000ms
prim_batch_16,ITP/ITP258^1.p,TH0,Theorem,parse_timeout,na,0,,,,,,,,,cached: parse exceeded 5000ms
prim_batch_16,ITP/ITP258^2.p,TH1,Theorem,parse_timeout,na,0,,,,,,,,,cached: parse exceeded 5000ms
prim_batch_16,ITP/ITP258^3.p,TH0,Theorem,parse_timeout,na,0,,,,,,,,,cached: parse exceeded 5000ms
prim_batch_16,ITP/ITP258^4.p,TH1,Theorem,parse_timeout,na,0,,,,,,,,,cached: parse exceeded 5000ms
prim_batch_16,ITP/ITP259^1.p,TH0,Theorem,parse_timeout,na,0,,,,,,,,,cached: parse exceeded 5000ms
prim_batch_16,ITP/ITP259^2.p,TH1,Theorem,parse_timeout,na,0,,,,,,,,,cached: parse exceeded 5000ms
prim_batch_16,ITP/ITP259^3.p,TH0,Theorem,parse_timeout,na,0,,,,,,,,,cached: parse exceeded 5000ms
prim_batch_16,ITP/ITP259^4.p,TH1,Theorem,parse_timeout,na,0,,,,,,,,,cached: parse exceeded 5000ms
prim_batch_16,ITP/ITP260^1.p,TH0,Theorem,parse_timeout,na,0,,,,,,,,,cached: parse exceeded 5000ms
prim_batch_16,ITP/ITP260^2.p,TH1,Theorem,parse_timeout,na,0,,,,,,,,,cached: parse exceeded 5000ms
prim_batch_16,ITP/ITP260^3.p,TH0,Theorem,parse_timeout,na,0,,,,,,,,,cached: parse exceeded 5000ms
prim_batch_16,ITP/ITP260^4.p,TH1,Theorem,parse_timeout,na,0,,,,,,,,,cached: parse exceeded 5000ms
prim_batch_16,ITP/ITP261^1.p,TH0,Theorem,parse_timeout,na,0,,,,,,,,,cached: parse exceeded 5000ms
prim_batch_16,ITP/ITP261^2.p,TH1,Theorem,parse_timeout,na,0,,,,,,,,,cached: parse exceeded 5000ms
prim_batch_16,ITP/ITP261^3.p,TH0,Theorem,parse_timeout,na,0,,,,,,,,,cached: parse exceeded 5000ms
prim_batch_16,ITP/ITP261^4.p,TH1,Theorem,parse_timeout,na,0,,,,,,,,,cached: parse exceeded 5000ms
prim_batch_16,ITP/ITP262^1.p,TH0,Theorem,parse_timeout,na,0,,,,,,,,,cached: parse exceeded 5000ms
prim_batch_16,ITP/ITP262^2.p,TH1,Theorem,parse_timeout,na,0,,,,,,,,,cached: parse exceeded 5000ms
prim_batch_16,ITP/ITP262^3.p,TH0,Theorem,parse_timeout,na,0,,,,,,,,,cached: parse exceeded 5000ms
prim_batch_16,ITP/ITP262^4.p,TH1,Theorem,parse_timeout,na,0,,,,,,,,,cached: parse exceeded 5000ms
prim_batch_16,ITP/ITP263^1.p,TH0,Theorem,parse_timeout,na,0,,,,,,,,,cached: parse exceeded 5000ms
prim_batch_16,ITP/ITP263^2.p,TH1,Theorem,parse_timeout,na,0,,,,,,,,,cached: parse exceeded 5000ms
prim_batch_16,ITP/ITP263^3.p,TH0,Theorem,parse_timeout,na,0,,,,,,,,,cached: parse exceeded 5000ms
prim_batch_16,ITP/ITP263^4.p,TH1,Theorem,parse_timeout,na,0,,,,,,,,,cached: parse exceeded 5000ms
prim_batch_16,ITP/ITP264^1.p,TH0,Theorem,parse_timeout,na,0,,,,,,,,,cached: parse exceeded 5000ms
prim_batch_16,ITP/ITP264^2.p,TH1,Theorem,parse_timeout,na,0,,,,,,,,,cached: parse exceeded 5000ms
prim_batch_16,ITP/ITP264^3.p,TH0,Theorem,parse_timeout,na,0,,,,,,,,,cached: parse exceeded 5000ms
prim_batch_16,ITP/ITP264^4.p,TH1,Theorem,parse_timeout,na,0,,,,,,,,,cached: parse exceeded 5000ms
prim_batch_16,ITP/ITP265^1.p,TH0,Theorem,parse_timeout,na,0,,,,,,,,,cached: parse exceeded 5000ms
prim_batch_16,ITP/ITP265^2.p,TH1,Theorem,parse_timeout,na,0,,,,,,,,,cached: parse exceeded 5000ms
prim_batch_16,ITP/ITP265^3.p,TH0,Theorem,parse_timeout,na,0,,,,,,,,,cached: parse exceeded 5000ms
prim_batch_16,ITP/ITP265^4.p,TH1,Theorem,parse_timeout,na,0,,,,,,,,,cached: parse exceeded 5000ms
prim_batch_16,ITP/ITP266^1.p,TH0,Theorem,parse_timeout,na,0,,,,,,,,,cached: parse exceeded 5000ms
prim_batch_16,ITP/ITP266^2.p,TH1,Theorem,parse_timeout,na,0,,,,,,,,,cached: parse exceeded 5000ms
prim_batch_16,ITP/ITP266^3.p,TH0,Theorem,parse_timeout,na,0,,,,,,,,,cached: parse exceeded 5000ms
prim_batch_16,ITP/ITP266^4.p,TH1,Theorem,parse_timeout,na,0,,,,,,,,,cached: parse exceeded 5000ms
prim_batch_16,ITP/ITP267^1.p,TH0,Theorem,parse_timeout,na,0,,,,,,,,,cached: parse exceeded 5000ms
prim_batch_16,ITP/ITP267^2.p,TH1,Theorem,parse_timeout,na,0,,,,,,,,,cached: parse exceeded 5000ms
prim_batch_16,ITP/ITP267^3.p,TH0,Theorem,parse_timeout,na,0,,,,,,,,,cached: parse exceeded 5000ms
prim_batch_16,ITP/ITP267^4.p,TH1,Theorem,parse_timeout,na,0,,,,,,,,,cached: parse exceeded 5000ms
prim_batch_16,ITP/ITP268^1.p,TH0,Theorem,parse_timeout,na,0,,,,,,,,,cached: parse exceeded 5000ms
prim_batch_16,ITP/ITP268^2.p,TH1,Theorem,parse_timeout,na,0,,,,,,,,,cached: parse exceeded 5000ms
prim_batch_16,ITP/ITP268^3.p,TH0,Theorem,parse_timeout,na,0,,,,,,,,,cached: parse exceeded 5000ms
prim_batch_16,ITP/ITP268^4.p,TH1,Theorem,parse_timeout,na,0,,,,,,,,,cached: parse exceeded 5000ms
prim_batch_16,ITP/ITP269^1.p,TH0,Theorem,parse_timeout,na,0,,,,,,,,,cached: parse exceeded 5000ms
prim_batch_16,ITP/ITP269^2.p,TH1,Theorem,parse_timeout,na,0,,,,,,,,,cached: parse exceeded 5000ms
prim_batch_16,ITP/ITP269^3.p,TH0,Theorem,parse_timeout,na,0,,,,,,,,,cached: parse exceeded 5000ms
prim_batch_16,ITP/ITP269^4.p,TH1,Theorem,parse_timeout,na,0,,,,,,,,,cached: parse exceeded 5000ms
prim_batch_16,ITP/ITP270^1.p,TH0,Theorem,parse_timeout,na,0,,,,,,,,,cached: parse exceeded 5000ms
prim_batch_16,ITP/ITP270^2.p,TH1,Theorem,parse_timeout,na,0,,,,,,,,,cached: parse exceeded 5000ms
prim_batch_16,ITP/ITP270^3.p,TH0,Theorem,parse_timeout,na,0,,,,,,,,,cached: parse exceeded 5000ms
prim_batch_16,ITP/ITP270^4.p,TH1,Theorem,parse_timeout,na,0,,,,,,,,,cached: parse exceeded 5000ms
prim_batch_16,ITP/ITP271^1.p,TH0,Theorem,parse_timeout,na,0,,,,,,,,,cached: parse exceeded 5000ms
prim_batch_16,ITP/ITP271^2.p,TH1,Theorem,parse_timeout,na,0,,,,,,,,,cached: parse exceeded 5000ms
prim_batch_16,ITP/ITP271^3.p,TH0,Theorem,parse_timeout,na,0,,,,,,,,,cached: parse exceeded 5000ms
prim_batch_16,ITP/ITP271^4.p,TH1,Theorem,parse_timeout,na,0,,,,,,,,,cached: parse exceeded 5000ms
prim_batch_16,ITP/ITP272^1.p,TH0,Theorem,parse_timeout,na,0,,,,,,,,,cached: parse exceeded 5000ms
prim_batch_16,ITP/ITP272^2.p,TH1,Theorem,parse_timeout,na,0,,,,,,,,,cached: parse exceeded 5000ms
prim_batch_16,ITP/ITP272^3.p,TH0,Theorem,parse_timeout,na,0,,,,,,,,,cached: parse exceeded 5000ms
prim_batch_16,ITP/ITP272^4.p,TH1,Theorem,parse_timeout,na,0,,,,,,,,,cached: parse exceeded 5000ms
prim_batch_16,ITP/ITP273^1.p,TH0,Theorem,parse_timeout,na,0,,,,,,,,,cached: parse exceeded 5000ms
prim_batch_16,ITP/ITP273^2.p,TH1,Theorem,parse_timeout,na,0,,,,,,,,,cached: parse exceeded 5000ms
prim_batch_16,ITP/ITP273^3.p,TH0,Theorem,parse_timeout,na,0,,,,,,,,,cached: parse exceeded 5000ms
prim_batch_16,ITP/ITP273^4.p,TH1,Theorem,parse_timeout,na,0,,,,,,,,,cached: parse exceeded 5000ms
prim_batch_16,ITP/ITP274^1.p,TH0,Theorem,parse_timeout,na,0,,,,,,,,,cached: parse exceeded 5000ms
prim_batch_16,ITP/ITP274^2.p,TH1,Theorem,parse_timeout,na,0,,,,,,,,,cached: parse exceeded 5000ms
prim_batch_16,ITP/ITP274^3.p,TH0,Theorem,parse_timeout,na,0,,,,,,,,,cached: parse exceeded 5000ms
prim_batch_16,ITP/ITP274^4.p,TH1,Theorem,parse_timeout,na,0,,,,,,,,,cached: parse exceeded 5000ms
prim_batch_16,ITP/ITP275^1.p,TH0,Theorem,parse_timeout,na,0,,,,,,,,,cached: parse exceeded 5000ms
prim_batch_16,ITP/ITP275^2.p,TH1,Theorem,parser_error,na,0,,,,,,,,,cached: Failed to parse formula 'fact_1029_of__bool__odd__eq__mod__2': [byte:364945] Type Error: Cannot unify strict function types of different arities.
prim_batch_16,ITP/ITP275^3.p,TH0,Theorem,parse_timeout,na,0,,,,,,,,,cached: parse exceeded 5000ms
prim_batch_16,ITP/ITP275^4.p,TH1,Theorem,parser_error,na,0,,,,,,,,,cached: Failed to parse formula 'fact_1029_of__bool__odd__eq__mod__2': [byte:364945] Type Error: Cannot unify strict function types of different arities.
prim_batch_16,ITP/ITP276^1.p,TH0,ContradictoryAxioms,parse_timeout,na,0,,,,,,,,,cached: parse exceeded 5000ms
prim_batch_16,ITP/ITP276^2.p,TH1,ContradictoryAxioms,parse_timeout,na,0,,,,,,,,,cached: parse exceeded 5000ms
prim_batch_16,ITP/ITP276^3.p,TH0,ContradictoryAxioms,parse_timeout,na,0,,,,,,,,,cached: parse exceeded 5000ms
prim_batch_16,ITP/ITP276^4.p,TH1,ContradictoryAxioms,parse_timeout,na,0,,,,,,,,,cached: parse exceeded 5000ms
prim_batch_16,ITP/ITP277^1.p,TH0,Theorem,parse_timeout,na,0,,,,,,,,,cached: parse exceeded 5000ms
prim_batch_16,ITP/ITP277^2.p,TH1,Theorem,parse_timeout,na,0,,,,,,,,,cached: parse exceeded 5000ms
prim_batch_16,ITP/ITP277^3.p,TH0,Theorem,parse_timeout,na,0,,,,,,,,,cached: parse exceeded 5000ms
prim_batch_16,ITP/ITP277^4.p,TH1,Theorem,parse_timeout,na,0,,,,,,,,,cached: parse exceeded 5000ms
prim_batch_16,ITP/ITP278^1.p,TH0,Theorem,parse_timeout,na,0,,,,,,,,,cached: parse exceeded 5000ms
prim_batch_16,ITP/ITP278^2.p,TH1,Theorem,parse_timeout,na,0,,,,,,,,,cached: parse exceeded 5000ms
prim_batch_16,ITP/ITP278^3.p,TH0,Theorem,parse_timeout,na,0,,,,,,,,,cached: parse exceeded 5000ms
prim_batch_16,ITP/ITP278^4.p,TH1,Theorem,parse_timeout,na,0,,,,,,,,,cached: parse exceeded 5000ms
prim_batch_16,ITP/ITP279^1.p,TH0,Theorem,parse_timeout,na,0,,,,,,,,,cached: parse exceeded 5000ms
prim_batch_16,ITP/ITP279^2.p,TH1,Theorem,parse_timeout,na,0,,,,,,,,,cached: parse exceeded 5000ms
prim_batch_16,ITP/ITP279^3.p,TH0,Theorem,parse_timeout,na,0,,,,,,,,,cached: parse exceeded 5000ms
prim_batch_16,ITP/ITP279^4.p,TH1,Theorem,parse_timeout,na,0,,,,,,,,,cached: parse exceeded 5000ms
prim_batch_16,ITP/ITP280^1.p,TH0,Theorem,parse_timeout,na,0,,,,,,,,,cached: parse exceeded 5000ms
prim_batch_16,ITP/ITP280^2.p,TH1,Theorem,parser_error,na,0,,,,,,,,,cached: Failed to parse formula 'fact_1609_of__bool__not__iff': [byte:557970] Type Error: Cannot unify strict function types of different arities.
prim_batch_16,ITP/ITP280^3.p,TH0,Theorem,parse_timeout,na,0,,,,,,,,,cached: parse exceeded 5000ms
prim_batch_16,ITP/ITP280^4.p,TH1,Theorem,parser_error,na,0,,,,,,,,,cached: Failed to parse formula 'fact_1609_of__bool__not__iff': [byte:557970] Type Error: Cannot unify strict function types of different arities.
prim_batch_16,ITP/ITP281^1.p,TH0,Theorem,parse_timeout,na,0,,,,,,,,,cached: parse exceeded 5000ms
prim_batch_16,ITP/ITP281^2.p,TH1,Theorem,parse_timeout,na,0,,,,,,,,,cached: parse exceeded 5000ms
prim_batch_16,ITP/ITP281^3.p,TH0,Theorem,parse_timeout,na,0,,,,,,,,,cached: parse exceeded 5000ms
prim_batch_16,ITP/ITP281^4.p,TH1,Theorem,parse_timeout,na,0,,,,,,,,,cached: parse exceeded 5000ms
prim_batch_16,ITP/ITP282^1.p,TH0,Theorem,parse_timeout,na,0,,,,,,,,,cached: parse exceeded 5000ms
prim_batch_16,ITP/ITP282^2.p,TH1,Theorem,parser_error,na,0,,,,,,,,,cached: Failed to parse formula 'fact_923_of__bool__odd__eq__mod__2': [byte:350737] Type Error: Cannot unify strict function types of different arities.
prim_batch_16,ITP/ITP282^3.p,TH0,Theorem,parse_timeout,na,0,,,,,,,,,cached: parse exceeded 5000ms
prim_batch_16,ITP/ITP282^4.p,TH1,Theorem,parser_error,na,0,,,,,,,,,cached: Failed to parse formula 'fact_923_of__bool__odd__eq__mod__2': [byte:350737] Type Error: Cannot unify strict function types of different arities.
prim_batch_16,ITP/ITP283^1.p,TH0,Theorem,parse_timeout,na,0,,,,,,,,,cached: parse exceeded 5000ms
prim_batch_16,ITP/ITP283^2.p,TH1,Theorem,parse_timeout,na,0,,,,,,,,,cached: parse exceeded 5000ms
prim_batch_16,ITP/ITP283^3.p,TH0,Theorem,parse_timeout,na,0,,,,,,,,,cached: parse exceeded 5000ms
prim_batch_16,ITP/ITP283^4.p,TH1,Theorem,parse_timeout,na,0,,,,,,,,,cached: parse exceeded 5000ms
prim_batch_16,ITP/ITP284^1.p,TH0,Theorem,parse_timeout,na,0,,,,,,,,,cached: parse exceeded 5000ms
prim_batch_16,ITP/ITP284^2.p,TH1,Theorem,parser_error,na,0,,,,,,,,,cached: Failed to parse formula 'fact_1267_of__bool__odd__eq__mod__2': [byte:465803] Type Error: Cannot unify strict function types of different arities.
prim_batch_16,ITP/ITP284^3.p,TH0,Theorem,parse_timeout,na,0,,,,,,,,,cached: parse exceeded 5000ms
prim_batch_16,ITP/ITP284^4.p,TH1,Theorem,parser_error,na,0,,,,,,,,,cached: Failed to parse formula 'fact_1267_of__bool__odd__eq__mod__2': [byte:465803] Type Error: Cannot unify strict function types of different arities.
prim_batch_16,ITP/ITP285^1.p,TH0,ContradictoryAxioms,parse_timeout,na,0,,,,,,,,,cached: parse exceeded 5000ms
prim_batch_16,ITP/ITP285^2.p,TH1,Theorem,parse_timeout,na,0,,,,,,,,,cached: parse exceeded 5000ms
prim_batch_16,ITP/ITP285^3.p,TH0,ContradictoryAxioms,parse_timeout,na,0,,,,,,,,,cached: parse exceeded 5000ms
prim_batch_16,ITP/ITP285^4.p,TH1,Theorem,parse_timeout,na,0,,,,,,,,,cached: parse exceeded 5000ms
prim_batch_16,ITP/ITP286^1.p,TH0,Theorem,parse_timeout,na,0,,,,,,,,,cached: parse exceeded 5000ms
prim_batch_16,ITP/ITP286^2.p,TH1,Theorem,parse_timeout,na,0,,,,,,,,,cached: parse exceeded 5000ms
prim_batch_16,ITP/ITP286^3.p,TH0,Theorem,parse_timeout,na,0,,,,,,,,,cached: parse exceeded 5000ms
prim_batch_16,ITP/ITP286^4.p,TH1,Theorem,parse_timeout,na,0,,,,,,,,,cached: parse exceeded 5000ms
prim_batch_16,ITP/ITP287^1.p,TH0,Theorem,parse_timeout,na,0,,,,,,,,,cached: parse exceeded 5000ms
prim_batch_16,ITP/ITP287^2.p,TH1,Theorem,parse_timeout,na,0,,,,,,,,,cached: parse exceeded 5000ms
prim_batch_16,ITP/ITP287^3.p,TH0,Theorem,parse_timeout,na,0,,,,,,,,,cached: parse exceeded 5000ms
prim_batch_16,ITP/ITP287^4.p,TH1,Theorem,parse_timeout,na,0,,,,,,,,,cached: parse exceeded 5000ms
prim_batch_16,ITP/ITP288^1.p,TH0,Theorem,parse_timeout,na,0,,,,,,,,,cached: parse exceeded 5000ms
prim_batch_16,ITP/ITP288^2.p,TH1,Theorem,parse_timeout,na,0,,,,,,,,,cached: parse exceeded 5000ms
prim_batch_16,ITP/ITP288^3.p,TH0,Theorem,parse_timeout,na,0,,,,,,,,,cached: parse exceeded 5000ms
prim_batch_16,ITP/ITP288^4.p,TH1,Theorem,parse_timeout,na,0,,,,,,,,,cached: parse exceeded 5000ms
prim_batch_16,ITP/ITP289^1.p,TH0,Theorem,parse_timeout,na,0,,,,,,,,,cached: parse exceeded 5000ms
prim_batch_16,ITP/ITP289^2.p,TH1,Theorem,parse_timeout,na,0,,,,,,,,,cached: parse exceeded 5000ms
prim_batch_16,ITP/ITP289^3.p,TH0,Theorem,parse_timeout,na,0,,,,,,,,,cached: parse exceeded 5000ms
prim_batch_16,ITP/ITP289^4.p,TH1,Theorem,parse_timeout,na,0,,,,,,,,,cached: parse exceeded 5000ms
prim_batch_16,ITP/ITP290^1.p,TH0,Theorem,parse_timeout,na,0,,,,,,,,,cached: parse exceeded 5000ms
prim_batch_16,ITP/ITP290^2.p,TH1,Theorem,parse_timeout,na,0,,,,,,,,,cached: parse exceeded 5000ms
prim_batch_16,ITP/ITP290^3.p,TH0,Theorem,parse_timeout,na,0,,,,,,,,,cached: parse exceeded 5000ms
prim_batch_16,ITP/ITP290^4.p,TH1,Theorem,parse_timeout,na,0,,,,,,,,,cached: parse exceeded 5000ms
prim_batch_16,ITP/ITP291^1.p,TH0,Theorem,parse_timeout,na,0,,,,,,,,,cached: parse exceeded 5000ms
prim_batch_16,ITP/ITP291^2.p,TH1,Theorem,parse_timeout,na,0,,,,,,,,,cached: parse exceeded 5000ms
prim_batch_16,ITP/ITP291^3.p,TH0,Theorem,parse_timeout,na,0,,,,,,,,,cached: parse exceeded 5000ms
prim_batch_16,ITP/ITP291^4.p,TH1,Theorem,parse_timeout,na,0,,,,,,,,,cached: parse exceeded 5000ms
prim_batch_16,ITP/ITP292^1.p,TH0,Theorem,parse_timeout,na,0,,,,,,,,,cached: parse exceeded 5000ms
prim_batch_16,ITP/ITP292^2.p,TH1,Theorem,parse_timeout,na,0,,,,,,,,,cached: parse exceeded 5000ms
prim_batch_16,ITP/ITP292^3.p,TH0,Theorem,parse_timeout,na,0,,,,,,,,,cached: parse exceeded 5000ms
prim_batch_16,ITP/ITP292^4.p,TH1,Theorem,parse_timeout,na,0,,,,,,,,,cached: parse exceeded 5000ms
prim_batch_16,ITP/ITP293^1.p,TH0,Theorem,parse_timeout,na,0,,,,,,,,,cached: parse exceeded 5000ms
prim_batch_16,ITP/ITP293^2.p,TH1,Theorem,parse_timeout,na,0,,,,,,,,,cached: parse exceeded 5000ms
prim_batch_16,ITP/ITP293^3.p,TH0,Theorem,parse_timeout,na,0,,,,,,,,,cached: parse exceeded 5000ms
prim_batch_16,ITP/ITP293^4.p,TH1,Theorem,parse_timeout,na,0,,,,,,,,,cached: parse exceeded 5000ms
prim_batch_16,ITP/ITP294^1.p,TH0,Theorem,parser_error,na,0,,,,,,,,,cached: Failed to parse formula 'fact_2079_Suc__0__xor__eq': [byte:706302] Type Error: Cannot unify strict function types of different arities.
prim_batch_16,ITP/ITP294^2.p,TH1,Theorem,parse_timeout,na,0,,,,,,,,,cached: parse exceeded 5000ms
prim_batch_16,ITP/ITP294^3.p,TH0,Theorem,parser_error,na,0,,,,,,,,,cached: Failed to parse formula 'fact_2079_Suc__0__xor__eq': [byte:706302] Type Error: Cannot unify strict function types of different arities.
prim_batch_16,ITP/ITP294^4.p,TH1,Theorem,parse_timeout,na,0,,,,,,,,,cached: parse exceeded 5000ms
prim_batch_16,ITP/ITP415^1.p,unknown,Theorem,parser_error,na,0,,,,,,,,,cached: Syntax Error: expected ' ' or ']' in !> binder  got [{:colon  ":"  1957}  {:atom  "nat"  1959}  {:rbracket  "]"  1962}  {:colon  ":"  1964}  {:lparen  "("  1966}  {:atom  "fin"  1968}  {:app  "@"  197
prim_batch_16,ITP/ITP416^1.p,unknown,Theorem,parser_error,na,0,,,,,,,,,cached: Syntax Error: expected ' ' or ']' in !> binder  got [{:colon  ":"  1958}  {:atom  "nat"  1960}  {:rbracket  "]"  1963}  {:colon  ":"  1965}  {:lparen  "("  1967}  {:atom  "fin"  1969}  {:app  "@"  197
prim_batch_16,ITP/ITP417^1.p,unknown,Theorem,parser_error,na,0,,,,,,,,,cached: Syntax Error: expected ' ' or ']' in !> binder  got [{:colon  ":"  1964}  {:atom  "nat"  1966}  {:rbracket  "]"  1969}  {:colon  ":"  1971}  {:lparen  "("  1973}  {:atom  "fin"  1975}  {:app  "@"  197
prim_batch_16,KRS/KRS272^7.p,TH0,Theorem,timeout,na,2125,1019,55,1019,133,0,0,0,0,
prim_batch_16,KRS/KRS273^7.p,TH0,CounterSatisfiable,timeout,na,2150,2016,46,2016,215,66,0,0,0,
prim_batch_16,KRS/KRS274^7.p,TH0,CounterSatisfiable,timeout,na,2243,3020,32,3020,227,32,0,0,0,
prim_batch_16,KRS/KRS275^7.p,TH0,Theorem,timeout,na,2189,3307,78,3307,163,14,0,0,0,
prim_batch_16,KRS/KRS276^7.p,TH0,Theorem,timeout,na,2307,4932,60,4932,139,306,0,0,0,
prim_batch_16,KRS/KRS277^7.p,TH0,CounterSatisfiable,timeout,na,2294,3791,60,3791,223,35,0,0,0,
prim_batch_16,LCL/LCL181^4.p,TH0,CounterSatisfiable,timeout,na,2165,5162,66,5162,252,176,0,0,0,
prim_batch_16,LCL/LCL230^4.p,TH0,CounterSatisfiable,timeout,na,2139,3886,95,3886,236,93,0,0,0,
prim_batch_16,LCL/LCL414^7.p,TH0,Theorem,timeout,na,2139,2079,79,2079,169,0,0,0,0,
prim_batch_16,LCL/LCL449^7.p,TH0,Theorem,timeout,na,2328,47,4,47,1,0,0,0,0,
prim_batch_16,LCL/LCL450^7.p,TH0,Theorem,timeout,na,2332,41,4,41,1,0,0,0,0,
prim_batch_16,LCL/LCL452^7.p,TH0,Theorem,timeout,na,2311,43,4,43,1,0,0,0,0,
prim_batch_16,LCL/LCL454^7.p,TH0,Theorem,timeout,na,2307,43,4,43,1,0,0,0,0,
prim_batch_16,LCL/LCL456^7.p,TH0,Theorem,timeout,na,2304,44,4,44,1,0,0,0,0,
prim_batch_16,LCL/LCL460^7.p,TH0,Theorem,timeout,na,2311,46,4,46,1,0,0,0,0,
prim_batch_16,LCL/LCL462^7.p,TH0,Theorem,timeout,na,2302,46,4,46,1,0,0,0,0,
prim_batch_16,LCL/LCL464^7.p,TH0,Theorem,timeout,na,2301,80,8,80,1,0,0,0,0,
prim_batch_16,LCL/LCL466^7.p,TH0,Theorem,timeout,na,2303,51,5,51,1,0,0,0,0,
prim_batch_16,LCL/LCL467^7.p,TH0,Theorem,timeout,na,2301,65,6,65,1,0,0,0,0,
prim_batch_16,LCL/LCL579^1.p,TH0,Theorem,thm,yes,22,12,0,12,2,0,0,1,1,
prim_batch_16,LCL/LCL579^2.p,TH0,Theorem,thm,yes,18,20,0,20,3,0,0,1,1,
prim_batch_16,LCL/LCL580^1.p,TH0,Theorem,thm,yes,22,4,0,4,1,1,0,0,0,
prim_batch_16,LCL/LCL581^1.p,TH0,Theorem,thm,yes,24,3,0,3,1,1,0,0,0,
prim_batch_16,LCL/LCL582^1.p,TH0,CounterSatisfiable,timeout,na,2092,3585,331,3585,512,5,0,0,0,
prim_batch_16,LCL/LCL583^1.p,TH0,Theorem,thm,yes,24,4,0,4,1,1,0,0,0,
prim_batch_16,LCL/LCL584^1.p,TH0,Theorem,timeout,na,2158,7251,225,7251,644,579,0,2,0,
prim_batch_16,LCL/LCL585^1.p,TH0,Theorem,thm,yes,61,99,1,99,9,5,0,1,1,
prim_batch_16,LCL/LCL586^1.p,TH0,Theorem,thm,yes,58,58,0,58,7,2,0,1,1,
prim_batch_16,LCL/LCL587^1.p,TH0,Theorem,thm,yes,53,57,0,57,7,1,0,1,1,
prim_batch_16,LCL/LCL588^1.p,TH0,Theorem,timeout,na,2026,301,1,301,24,43,0,2,0,
prim_batch_16,LCL/LCL589^1.p,TH0,Theorem,thm,yes,48,23,1,23,4,0,0,1,1,
prim_batch_16,LCL/LCL590^1.p,TH0,Theorem,thm,yes,47,29,1,29,5,2,0,1,1,
prim_batch_16,LCL/LCL591^1.p,TH0,Theorem,thm,yes,30,13,1,13,1,0,0,1,1,
prim_batch_16,LCL/LCL592^1.p,TH0,Theorem,thm,yes,63,37,1,37,6,0,0,1,1,
prim_batch_16,LCL/LCL593^1.p,TH0,CounterSatisfiable,timeout,na,2089,3585,334,3585,512,5,0,0,0,
prim_batch_16,LCL/LCL594^1.p,TH0,Theorem,thm,yes,111,15,0,15,3,1,0,1,1,
prim_batch_16,LCL/LCL595^1.p,TH0,Theorem,timeout,na,2066,900,65,893,26,18,0,1,0,
prim_batch_16,LCL/LCL596^1.p,TH0,CounterSatisfiable,timeout,na,2028,87,2,87,9,8,0,8,0,
prim_batch_16,LCL/LCL597^1.p,TH0,Theorem,thm,yes,50,9,0,9,1,0,0,1,1,
prim_batch_16,LCL/LCL598^1.p,TH0,CounterSatisfiable,timeout,na,2067,718,48,718,38,5,0,2,0,
prim_batch_16,LCL/LCL599^1.p,TH0,CounterSatisfiable,timeout,na,2100,992,55,992,92,7,0,1,0,
prim_batch_16,LCL/LCL600^1.p,TH0,Theorem,timeout,na,2146,1596,60,1596,312,9,0,1,0,
prim_batch_16,LCL/LCL601^1.p,TH0,Theorem,timeout,na,2087,1746,116,1746,93,17,0,1,0,
prim_batch_16,LCL/LCL602^1.p,TH0,Theorem,timeout,na,2088,1064,66,1064,95,6,0,1,0,
prim_batch_16,LCL/LCL603^1.p,TH0,Theorem,timeout,na,2071,752,59,752,30,1,0,1,0,
prim_batch_16,LCL/LCL604^1.p,TH0,Theorem,timeout,na,2419,6705,110,6705,1726,146,0,1,0,
prim_batch_16,LCL/LCL607^1.p,TH0,Theorem,thm,yes,52,33,0,33,5,3,0,1,1,
prim_batch_16,LCL/LCL608^1.p,TH0,Theorem,thm,yes,32,17,1,17,2,0,0,1,1,
prim_batch_16,LCL/LCL609^1.p,TH0,Theorem,thm,yes,24,10,1,10,1,0,0,1,1,
prim_batch_16,LCL/LCL612^1.p,TH0,Theorem,thm,yes,34,18,1,18,2,0,0,1,1,
prim_batch_16,LCL/LCL613^1.p,TH0,Theorem,thm,yes,49,21,1,21,3,0,0,1,1,
prim_batch_16,LCL/LCL614^1.p,TH0,Theorem,thm,yes,40,8,0,8,1,1,0,0,0,
prim_batch_16,LCL/LCL615^1.p,TH0,CounterSatisfiable,timeout,na,2098,3587,336,3587,512,2,0,0,0,
prim_batch_16,LCL/LCL617^1.p,TH0,CounterSatisfiable,timeout,na,2228,7609,61,7609,255,554,0,0,0,
prim_batch_16,LCL/LCL618^1.p,TH0,Theorem,timeout,na,2035,700,41,700,36,10,0,5,0,
prim_batch_16,LCL/LCL619^1.p,TH0,Theorem,timeout,na,2057,1922,155,1922,62,7,0,1,0,
prim_batch_16,LCL/LCL620^1.p,TH0,Theorem,thm,yes,43,6,0,6,1,1,0,0,0,
prim_batch_16,LCL/LCL621^1.p,TH0,Theorem,timeout,na,2059,2239,160,2239,89,20,0,1,0,
prim_batch_16,LCL/LCL623^1.p,TH0,Theorem,thm,yes,27,1,0,1,1,1,0,0,0,
prim_batch_16,LCL/LCL624^1.p,TH0,Theorem,timeout,na,2338,7275,65,7275,1938,90,0,1,0,
prim_batch_16,LCL/LCL625^1.p,TH0,Theorem,timeout,na,2093,1852,121,1852,142,0,0,1,0,
prim_batch_16,LCL/LCL626^1.p,TH0,Theorem,timeout,na,2130,1878,89,1878,207,12,0,4,0,
prim_batch_16,LCL/LCL629^1.p,TH0,Theorem,timeout,na,2068,684,47,684,44,3,0,1,0,
prim_batch_16,LCL/LCL630^1.p,TH0,CounterSatisfiable,timeout,na,2132,1963,96,1963,297,0,0,3,0,
prim_batch_16,LCL/LCL631^1.p,TH0,CounterSatisfiable,timeout,na,2120,1747,90,1747,217,0,0,3,0,
prim_batch_16,LCL/LCL632^1.p,TH0,Theorem,timeout,na,2076,1567,108,1567,109,0,0,3,0,
prim_batch_16,LCL/LCL633^1.p,TH0,CounterSatisfiable,timeout,na,2058,1102,63,1102,93,0,0,1,0,
prim_batch_16,LCL/LCL634^1.p,TH0,CounterSatisfiable,timeout,na,2074,1499,29,1499,231,0,0,1,0,
prim_batch_16,LCL/LCL690^1.p,TH0,Theorem,timeout,na,2063,1172,96,1172,33,4,0,1,0,
prim_batch_16,LCL/LCL691^1.p,TH0,Theorem,timeout,na,2063,842,66,842,28,7,0,1,0,
prim_batch_16,LCL/LCL692^1.p,TH0,Theorem,timeout,na,2071,853,61,853,31,11,0,1,0,
prim_batch_16,LCL/LCL695^1.p,TH0,Satisfiable,no_conjecture,na,28,,,,,,,,,
prim_batch_16,LCL/LCL696^1.p,TH0,Satisfiable,no_conjecture,na,24,,,,,,,,,
prim_batch_16,LCL/LCL697^1.p,TH0,Satisfiable,no_conjecture,na,20,,,,,,,,,
prim_batch_16,LCL/LCL698^1.p,TH0,Satisfiable,no_conjecture,na,40,,,,,,,,,
prim_batch_16,LCL/LCL699^1.p,TH0,Theorem,thm,yes,62,16,1,16,2,0,0,1,1,
prim_batch_16,LCL/LCL700^1.p,TH0,Theorem,thm,yes,82,28,1,28,5,1,0,1,1,
prim_batch_16,LCL/LCL701^1.p,TH0,Theorem,thm,yes,74,25,1,25,4,0,0,1,1,
prim_batch_16,LCL/LCL702^1.p,TH0,Theorem,timeout,na,2289,6597,260,6597,1177,250,0,4,0,
prim_batch_16,LCL/LCL703^1.p,TH0,Theorem,timeout,na,2228,6748,272,6748,647,620,0,2,0,
prim_batch_16,LCL/LCL704^1.p,TH0,Theorem,timeout,na,2181,4315,133,4315,157,301,0,0,0,
prim_batch_16,LCL/LCL705^1.p,TH0,Theorem,timeout,na,2201,4864,171,4864,863,99,0,1,0,
prim_batch_16,LCL/LCL706^1.p,TH0,Theorem,timeout,na,2181,4700,179,4700,553,26,0,1,0,
prim_batch_16,LCL/LCL707^1.p,TH0,Theorem,timeout,na,2153,3066,128,3066,546,56,0,4,0,
prim_batch_16,LCL/LCL708^1.p,TH0,Theorem,timeout,na,2248,5197,51,5197,1237,26,0,1,0,
prim_batch_16,LCL/LCL709^1.p,TH0,Theorem,timeout,na,2059,475,16,475,48,4,0,1,0,
prim_batch_16,LCL/LCL710^1.p,TH0,Theorem,timeout,na,2072,713,32,713,70,6,0,1,0,
prim_batch_16,LCL/LCL711^1.p,TH0,Theorem,thm,yes,105,19,0,19,3,0,0,2,1,
prim_batch_16,LCL/LCL712^1.p,TH0,Theorem,timeout,na,2109,1006,40,1006,100,16,0,1,0,
prim_batch_16,LCL/LCL713^1.p,TH0,Theorem,timeout,na,2102,1323,38,1323,175,16,0,1,0,
prim_batch_16,LCL/LCL714^1.p,TH0,Theorem,timeout,na,2138,2511,79,2511,250,106,0,1,0,
prim_batch_16,LCL/LCL715^1.p,TH0,Theorem,timeout,na,2101,1433,22,1433,153,32,0,1,0,
prim_batch_16,LCL/LCL716^1.p,TH0,Theorem,timeout,na,2077,737,40,737,60,12,0,4,0,
prim_batch_16,LCL/LCL717^1.p,TH0,Theorem,timeout,na,2075,655,45,655,44,0,0,1,0,
prim_batch_16,LCL/LCL718^1.p,TH0,Theorem,timeout,na,2087,930,14,930,156,0,0,1,0,
prim_batch_16,LCL/LCL719^1.p,TH0,Theorem,thm,yes,66,32,1,32,3,0,0,1,1,
prim_batch_16,LCL/LCL720^1.p,TH0,Theorem,timeout,na,2193,4920,51,4920,267,160,0,0,0,
prim_batch_16,LCL/LCL721^1.p,TH0,Theorem,timeout,na,2052,456,18,456,27,27,0,2,0,
prim_batch_16,LCL/LCL722^1.p,TH0,Theorem,thm,yes,77,98,1,98,10,3,0,1,1,
prim_batch_16,LCL/LCL723^1.p,TH0,Theorem,timeout,na,2276,7997,108,7997,220,182,0,0,0,
prim_batch_16,LCL/LCL724^1.p,TH0,Theorem,timeout,na,2211,6160,51,6160,226,177,0,0,0,
prim_batch_16,LCL/LCL725^1.p,TH0,Theorem,timeout,na,2169,4898,83,4898,229,96,0,0,0,
prim_batch_16,LCL/LCL726^5.p,TH0,Theorem,timeout,na,2006,31,0,31,3,0,0,1,0,
prim_batch_16,LCL/LCL727^5.p,TH0,Theorem,timeout,na,2046,989,49,989,94,22,0,2,0,
prim_batch_16,LCL/LCL728^5.p,TH0,Theorem,timeout,na,2007,28,0,28,3,0,0,1,0,
prim_batch_16,LCL/LCL729^5.p,TH0,Theorem,timeout,na,2041,925,52,925,59,25,0,1,0,
prim_batch_16,LCL/LCL730^5.p,TH0,Theorem,timeout,na,2010,150,10,150,4,1,0,2,0,
prim_batch_16,LCL/LCL731^5.p,TH0,Theorem,timeout,na,2044,1970,120,1970,112,7,0,1,0,
prim_batch_16,LCL/LCL732^5.p,TH0,Theorem,thm,yes,17,10,0,10,1,1,0,0,0,
prim_batch_16,LCL/LCL733^5.p,TH0,Theorem,thm,yes,134,16,0,16,2,1,0,1,1,
prim_batch_16,LCL/LCL734^5.p,TH0,Theorem,timeout,na,2022,596,39,596,28,1,0,1,0,
prim_batch_16,LCL/LCL735^5.p,TH0,Theorem,timeout,na,2024,464,28,464,22,1,0,1,0,
prim_batch_16,LCL/LCL736^5.p,TH0,Theorem,timeout,na,2022,474,28,474,17,4,0,1,0,
prim_batch_16,LCL/LCL738^5.p,TH0,Theorem,timeout,na,2037,582,18,582,86,0,0,0,0,
prim_batch_16,LCL/LCL739^5.p,TH0,Theorem,timeout,na,2023,358,22,358,11,2,0,1,0,
prim_batch_16,LCL/LCL740^5.p,TH0,Theorem,timeout,na,2025,295,16,295,13,3,0,1,0,
prim_batch_16,LCL/LCL741^5.p,TH0,Theorem,timeout,na,2025,496,31,496,26,1,0,1,0,
prim_batch_16,LCL/LCL742^5.p,TH0,Theorem,timeout,na,2055,1961,21,1961,326,8,0,3,0,
prim_batch_16,LCL/LCL743^5.p,TH0,CounterSatisfiable,timeout,na,2061,3570,154,3570,341,26,0,5,0,
prim_batch_16,LCL/LCL859^1.p,TH0,Theorem,thm,yes,70,28,1,28,3,0,0,2,1,
prim_batch_16,LCL/LCL860^1.p,TH0,Theorem,timeout,na,2549,6634,75,6634,2424,86,0,2,0,
prim_batch_16,LCL/LCL861^1.p,TH0,Theorem,timeout,na,2299,6540,200,6540,1227,450,0,4,0,
prim_batch_16,LCL/LCL862^1.p,TH0,Theorem,timeout,na,2509,6834,68,6834,2221,100,0,1,0,
prim_batch_16,LCL/LCL863^1.p,TH0,Theorem,timeout,na,2314,6508,203,6508,1426,51,0,1,0,
prim_batch_16,LCL/LCL864^1.p,TH0,Theorem,timeout,na,2310,6627,217,6627,1475,55,0,1,0,
prim_batch_16,LCL/LCL865^1.p,TH0,Theorem,timeout,na,2319,7045,254,7045,1522,117,0,2,0,
prim_batch_16,LCL/LCL866^1.p,TH0,Theorem,timeout,na,2259,7121,271,7121,1316,395,0,3,0,
prim_batch_16,LCL/LCL867^1.p,TH0,Theorem,timeout,na,2469,6863,98,6863,2427,2,0,2,0,
prim_batch_16,LCL/LCL868^1.p,TH0,Theorem,timeout,na,2495,5375,41,5375,1996,143,0,2,0,
prim_batch_16,LCL/LCL869^1.p,TH0,CounterSatisfiable,timeout,na,2333,6418,124,6418,1662,336,0,3,0,
prim_batch_16,LCL/LCL872^1.p,TH0,Theorem,timeout,na,2122,1933,18,1933,374,21,0,1,0,
prim_batch_16,LCL/LCL873^1.p,TH0,Theorem,timeout,na,2152,1600,33,1600,263,0,0,0,0,
prim_batch_16,LCL/LCL874^1.p,TH0,Theorem,timeout,na,2200,2081,27,2081,532,67,0,5,0,
prim_batch_16,LCL/LCL877^1.p,TH0,Theorem,timeout,na,2166,1348,12,1348,260,19,0,1,0,
prim_batch_16,LCL/LCL877^2.p,TH0,Theorem,timeout,na,2111,1192,30,1192,200,22,0,1,0,
prim_batch_16,LCL/LCL878^1.p,TH0,Theorem,timeout,na,2075,745,28,745,81,11,0,1,0,
prim_batch_16,LCL/LCL879^1.p,TH0,Theorem,timeout,na,2128,779,26,779,119,17,0,1,0,
prim_batch_16,LCL/LCL880^1.p,TH0,Theorem,timeout,na,2097,1030,22,1030,158,10,0,1,0,
prim_batch_16,LCL/LCL881^1.p,TH0,Theorem,timeout,na,2154,624,21,624,70,1,0,1,0,
prim_batch_16,LCL/LCL916^1.p,TH0,Satisfiable,no_conjecture,na,23,,,,,,,,,
prim_batch_16,LCL/LCL917^1.p,TH0,Satisfiable,no_conjecture,na,36,,,,,,,,,
prim_batch_16,LCL/LCL918^1.p,TH0,Satisfiable,no_conjecture,na,42,,,,,,,,,
prim_batch_16,LCL/LCL919^1.p,TH0,Satisfiable,no_conjecture,na,41,,,,,,,,,
prim_batch_16,LCL/LCL920^1.p,TH0,Satisfiable,no_conjecture,na,42,,,,,,,,,
prim_batch_16,LCL/LCL921^1.p,TH0,Satisfiable,no_conjecture,na,42,,,,,,,,,
prim_batch_16,LCL/LCL922^1.p,TH0,Satisfiable,no_conjecture,na,43,,,,,,,,,
prim_batch_16,LCL/LCL923^1.p,TH0,Satisfiable,no_conjecture,na,43,,,,,,,,,
prim_batch_16,LCL/LCL924^1.p,TH0,Satisfiable,no_conjecture,na,49,,,,,,,,,
prim_batch_16,LCL/LCL925^1.p,TH0,Satisfiable,no_conjecture,na,43,,,,,,,,,
prim_batch_16,LCL/LCL930^1.p,TH0,Satisfiable,no_conjecture,na,20,,,,,,,,,
prim_batch_16,LCL/LCL931^1.p,TH0,Unknown,timeout,na,2795,0,0,0,1,0,0,0,0,
prim_batch_16,LCL/LCL932^1.p,TH0,Unknown,timeout,na,2798,0,0,0,1,0,0,0,0,
prim_batch_16,LCL/LCL933^1.p,TH0,Unknown,timeout,na,2767,0,0,0,1,0,0,0,0,
prim_batch_16,LCL/LCL934^1.p,TH0,Unknown,timeout,na,2773,0,0,0,1,0,0,0,0,
prim_batch_16,LCL/LCL935^1.p,TH0,Unknown,timeout,na,2740,0,0,0,1,0,0,0,0,
prim_batch_16,LCL/LCL936^1.p,TH0,Unknown,timeout,na,2752,0,0,0,1,0,0,0,0,
prim_batch_16,LCL/LCL937^1.p,TH0,Unknown,timeout,na,2799,0,0,0,1,0,0,0,0,
prim_batch_16,LCL/LCL938^1.p,TH0,Unknown,timeout,na,2808,0,0,0,1,0,0,0,0,
prim_batch_16,LCL/LCL939^1.p,TH0,Unknown,timeout,na,2820,0,0,0,1,0,0,0,0,
prim_batch_16,LCL/LCL940^1.p,TH0,Unknown,timeout,na,2820,0,0,0,1,0,0,0,0,
prim_batch_16,LCL/LCL941^3.p,TH0,CounterSatisfiable,timeout,na,2840,0,0,0,1,0,0,0,0,
prim_batch_16,LCL/LCL941^5.p,TH0,Theorem,timeout,na,2861,0,0,0,1,0,0,0,0,
prim_batch_16,LCL/LCL942^2.p,TH0,Theorem,timeout,na,2846,0,0,0,1,0,0,0,0,
prim_batch_16,LCL/LCL943^24.p,TH0,Theorem,timeout,na,2103,2765,15,2765,271,45,0,0,0,
prim_batch_16,LCL/LCL944^8.p,TH0,Theorem,timeout,na,2266,85,8,85,1,0,0,0,0,
prim_batch_16,LCL/LCL945^9.p,TH0,Theorem,timeout,na,2137,125,9,125,5,0,0,0,0,
prim_batch_16,LCL/LCL946^10.p,TH0,Theorem,timeout,na,2585,62,6,62,2,0,0,0,0,
prim_batch_16,LCL/LCL947^10.p,TH0,Theorem,timeout,na,2136,808,55,808,47,0,0,0,0,
prim_batch_16,LCL/LCL948^10.p,TH0,CounterSatisfiable,timeout,na,2224,550,40,550,29,0,0,0,0,
prim_batch_16,LCL/LCL949^4.p,TH0,Theorem,timeout,na,2442,170,17,170,1,0,0,0,0,
prim_batch_16,LCL/LCL950^17.p,TH0,Theorem,timeout,na,2089,1237,46,1237,180,0,0,0,0,
prim_batch_16,LCL/LCL951^24.p,TH0,Theorem,thm,yes,83,1,0,1,1,1,0,0,0,
prim_batch_16,LCL/LCL952^12.p,TH0,Theorem,thm,yes,76,1,0,1,1,1,0,0,0,
prim_batch_16,LCL/LCL953^8.p,TH0,Theorem,thm,yes,33,1,0,1,1,1,0,0,0,
prim_batch_16,LCL/LCL954^19.p,TH0,Theorem,timeout,na,2848,71,7,71,1,0,0,0,0,
prim_batch_16,LCL/LCL955^24.p,TH0,Theorem,timeout,na,2874,70,7,70,1,0,0,0,0,
prim_batch_16,LCL/LCL956^18.p,TH0,Theorem,timeout,na,2259,5774,68,5774,254,97,0,0,0,
prim_batch_16,LCL/LCL957^6.p,TH0,Theorem,timeout,na,2038,2707,231,2707,57,6,0,1,0,
prim_batch_16,LCL/LCL958^18.p,TH0,Theorem,timeout,na,2081,2662,179,2662,150,4,0,0,0,
prim_batch_16,LCL/LCL959^24.p,TH0,Theorem,timeout,na,2170,4032,96,4032,231,9,0,0,0,
prim_batch_16,LCL/LCL960^12.p,TH0,Theorem,timeout,na,2043,539,11,539,81,1,0,0,0,
prim_batch_16,LCL/LCL961^1.p,TH0,CounterSatisfiable,timeout,na,2237,7545,7,7545,298,185,0,0,0,
prim_batch_16,LCL/LCL961^11.p,TH0,Theorem,timeout,na,2109,3343,86,3343,222,94,0,0,0,
prim_batch_16,LCL/LCL962^16.p,TH0,Theorem,timeout,na,2101,3472,80,3472,211,128,0,0,0,
prim_batch_16,LCL/LCL963^3.p,TH0,CounterSatisfiable,timeout,na,2267,83,8,83,1,0,0,0,0,
prim_batch_16,LCL/LCL964^3.p,TH0,CounterSatisfiable,timeout,na,2265,82,8,82,1,0,0,0,0,
prim_batch_16,LCL/LCL965^15.p,TH0,CounterSatisfiable,timeout,na,2075,868,32,868,129,0,0,0,0,
prim_batch_16,LCL/LCL966^9.p,TH0,CounterSatisfiable,timeout,na,2116,823,56,823,44,0,0,0,0,
prim_batch_16,LCL/LCL967^3.p,TH0,CounterSatisfiable,timeout,na,2867,70,7,70,1,0,0,0,0,
prim_batch_16,LCL/LCL968^3.p,TH0,CounterSatisfiable,timeout,na,2880,58,5,58,1,0,0,0,0,
prim_batch_16,LCL/LCL969^9.p,TH0,CounterSatisfiable,timeout,na,2120,3744,5,3744,255,122,0,0,0,
prim_batch_16,LCL/LCL970^15.p,TH0,CounterSatisfiable,timeout,na,2078,2376,150,2376,202,0,0,0,0,
prim_batch_16,LIN/LIN001^1.p,TH1,Theorem,parse_timeout,na,0,,,,,,,,,cached: parse exceeded 5000ms
prim_batch_16,LIN/LIN002^1.p,TH1,Theorem,parse_timeout,na,0,,,,,,,,,cached: parse exceeded 5000ms
prim_batch_16,LIN/LIN003^1.p,TH1,Theorem,parse_timeout,na,0,,,,,,,,,cached: parse exceeded 5000ms
prim_batch_16,LIN/LIN004^1.p,TH1,Theorem,parse_timeout,na,0,,,,,,,,,cached: parse exceeded 5000ms
prim_batch_16,LIN/LIN005^1.p,TH1,Theorem,parse_timeout,na,0,,,,,,,,,cached: parse exceeded 5000ms
prim_batch_16,LIN/LIN006^1.p,TH1,Theorem,parse_timeout,na,0,,,,,,,,,cached: parse exceeded 5000ms
prim_batch_16,LIN/LIN007^1.p,TH1,Theorem,parse_timeout,na,0,,,,,,,,,cached: parse exceeded 5000ms
prim_batch_16,LIN/LIN008^1.p,TH1,Theorem,parse_timeout,na,0,,,,,,,,,cached: parse exceeded 5000ms
prim_batch_16,LIN/LIN009^1.p,TH1,Theorem,parse_timeout,na,0,,,,,,,,,cached: parse exceeded 5000ms
prim_batch_16,LIN/LIN010^1.p,TH1,Theorem,parse_timeout,na,0,,,,,,,,,cached: parse exceeded 5000ms
prim_batch_16,LIN/LIN011^1.p,TH1,Theorem,parse_timeout,na,0,,,,,,,,,cached: parse exceeded 5000ms
prim_batch_16,LIN/LIN012^1.p,TH1,Theorem,parse_timeout,na,0,,,,,,,,,cached: parse exceeded 5000ms
prim_batch_16,LIN/LIN013^1.p,TH1,Theorem,parse_timeout,na,0,,,,,,,,,cached: parse exceeded 5000ms
prim_batch_16,LIN/LIN014^1.p,TH1,Theorem,parse_timeout,na,0,,,,,,,,,cached: parse exceeded 5000ms
prim_batch_16,LIN/LIN015^1.p,TH1,Theorem,parse_timeout,na,0,,,,,,,,,cached: parse exceeded 5000ms
prim_batch_16,MSC/MSC020^5.p,TH0,Theorem,timeout,na,2027,1204,83,1204,62,0,0,4,0,
prim_batch_16,MSC/MSC021^5.p,TH0,Theorem,timeout,na,2026,938,72,938,38,0,0,4,0,
prim_batch_16,MSC/MSC025^1.p,TH0,Theorem,parser_error,na,0,,,,,,,,,cached: Failed to parse formula 'goal': [byte:1641] Type Error: Cannot unify strict function types of different arities.
prim_batch_16,MSC/MSC025^2.p,TH0,Theorem,parser_error,na,0,,,,,,,,,cached: Failed to parse formula 'goal': [byte:2175] Type Error: Cannot unify strict function types of different arities.
prim_batch_16,MSC/MSC029^1.p,TH1,Theorem,parse_timeout,na,0,,,,,,,,,cached: parse exceeded 5000ms
prim_batch_16,MSC/MSC030^1.p,TH1,Theorem,parse_timeout,na,0,,,,,,,,,cached: parse exceeded 5000ms
prim_batch_16,MSC/MSC031^1.p,TH1,Theorem,parse_timeout,na,0,,,,,,,,,cached: parse exceeded 5000ms
prim_batch_16,MSC/MSC032^1.p,TH1,Theorem,parse_timeout,na,0,,,,,,,,,cached: parse exceeded 5000ms
prim_batch_16,MSC/MSC033^1.p,TH1,Theorem,parse_timeout,na,0,,,,,,,,,cached: parse exceeded 5000ms
prim_batch_16,NLP/NLP001^17.p,TH0,Theorem,timeout,na,2129,593,38,593,38,5,0,0,0,
prim_batch_16,NLP/NLP001^3.p,TH0,Theorem,timeout,na,2150,617,15,617,106,39,0,0,0,
prim_batch_16,NLP/NLP001^7.p,TH0,Theorem,timeout,na,2138,175,11,175,8,1,0,0,0,
prim_batch_16,NLP/NLP002^7.p,TH0,CounterSatisfiable,timeout,na,2250,631,40,631,35,0,0,0,0,
prim_batch_16,NLP/NLP003^7.p,TH0,CounterSatisfiable,timeout,na,2226,536,42,536,21,0,0,0,0,
prim_batch_16,NLP/NLP004^12.p,TH0,Theorem,timeout,na,2509,62,5,62,2,0,0,0,0,
prim_batch_16,NLP/NLP004^13.p,TH0,Theorem,timeout,na,2506,62,5,62,2,0,0,0,0,
prim_batch_16,NLP/NLP004^7.p,TH0,Theorem,timeout,na,2543,0,0,0,1,0,0,0,0,
prim_batch_16,NLP/NLP004^8.p,TH0,Theorem,timeout,na,2514,62,5,62,2,0,0,0,0,
prim_batch_16,NLP/NLP005^7.p,TH0,CounterSatisfiable,timeout,na,2500,0,0,0,1,0,0,0,0,
prim_batch_16,NLP/NLP006^7.p,TH0,CounterSatisfiable,timeout,na,2665,0,0,0,1,0,0,0,0,
prim_batch_16,NLP/NLP007^7.p,TH0,Theorem,timeout,na,2713,0,0,0,1,0,0,0,0,
prim_batch_16,NLP/NLP008^7.p,TH0,CounterSatisfiable,timeout,na,2674,0,0,0,1,0,0,0,0,
prim_batch_16,NLP/NLP009^7.p,TH0,Theorem,timeout,na,2617,0,0,0,1,0,0,0,0,
prim_batch_16,NLP/NLP011^7.p,TH0,Theorem,timeout,na,2731,0,0,0,1,0,0,0,0,
prim_batch_16,NLP/NLP264^7.p,TH0,Theorem,timeout,na,2188,3164,106,3164,181,49,0,0,0,
prim_batch_16,NLP/NLP265^17.p,TH0,ContradictoryAxioms,timeout,na,2118,3824,206,3824,298,46,0,0,0,
prim_batch_16,NLP/NLP265^18.p,TH0,Theorem,timeout,na,2098,2661,52,2661,210,98,0,0,0,
prim_batch_16,NLP/NLP266^12.p,TH0,CounterSatisfiable,timeout,na,2080,1050,28,1050,150,0,0,0,0,
prim_batch_16,NLP/NLP266^23.p,TH0,Theorem,timeout,na,2118,1346,32,1346,236,0,0,0,0,
prim_batch_16,NLP/NLP266^3.p,TH0,CounterSatisfiable,timeout,na,2092,2092,77,2092,215,0,0,0,0,
prim_batch_16,NLP/NLP266^4.p,TH0,Theorem,timeout,na,2162,3265,41,3265,219,48,0,0,0,
prim_batch_16,NLP/NLP267^1.p,TH0,Theorem,timeout,na,2093,3079,61,3079,198,146,0,0,0,
prim_batch_16,NLP/NLP267^17.p,TH0,Theorem,timeout,na,2149,2650,21,2650,296,220,0,0,0,
prim_batch_16,NLP/NLP267^18.p,TH0,Theorem,timeout,na,2096,2787,60,2787,149,83,0,0,0,
prim_batch_16,NLP/NLP267^2.p,TH0,Theorem,timeout,na,2096,2245,31,2245,207,91,0,0,0,
prim_batch_16,NLP/NLP267^3.p,TH0,Theorem,timeout,na,2104,2081,39,2081,271,35,0,0,0,
prim_batch_16,NLP/NLP267^4.p,TH0,Theorem,timeout,na,2077,2137,82,2137,180,71,0,0,0,
prim_batch_16,NLP/NLP267^5.p,TH0,Theorem,timeout,na,2076,2012,74,2012,192,96,0,0,0,
prim_batch_16,NUM/NUM016^5.p,TH0,Theorem,timeout,na,2268,8016,248,8016,1497,608,0,1,0,
prim_batch_16,NUM/NUM020^1.p,TH0,Theorem,timeout,na,2021,17,0,17,2,0,0,0,0,
prim_batch_16,NUM/NUM021^1.p,TH0,Theorem,timeout,na,2031,76,2,76,6,1,0,0,0,
prim_batch_16,NUM/NUM415^1.p,TH0,Theorem,thm,yes,111,13,0,13,2,2,0,0,0,
prim_batch_16,NUM/NUM416^1.p,TH0,Theorem,timeout,na,2026,7,0,7,2,0,0,0,0,
prim_batch_16,NUM/NUM417^1.p,TH0,Theorem,timeout,na,2027,7,0,7,2,0,0,0,0,
prim_batch_16,NUM/NUM418^1.p,TH0,Theorem,timeout,na,2024,17,0,17,2,0,0,0,0,
prim_batch_16,NUM/NUM419^1.p,TH0,Theorem,timeout,na,2028,17,0,17,2,0,0,0,0,
prim_batch_16,NUM/NUM635^1.p,TH0,Theorem,timeout,na,2057,2512,42,2512,333,33,0,4,0,
prim_batch_16,NUM/NUM635^2.p,TH0,Theorem,timeout,na,2047,2933,179,2933,183,0,0,1,0,
prim_batch_16,NUM/NUM635^4.p,TH0,Theorem,timeout,na,2214,177,17,177,1,0,0,0,0,
prim_batch_16,NUM/NUM636^1.p,TH0,Theorem,timeout,na,2074,2999,170,2999,229,8,0,2,0,
prim_batch_16,NUM/NUM636^2.p,TH0,Theorem,timeout,na,2061,2975,94,2975,310,12,0,2,0,
prim_batch_16,NUM/NUM636^3.p,TH0,Theorem,timeout,na,2052,2930,163,2930,209,0,0,2,0,
prim_batch_16,NUM/NUM636^4.p,TH0,Theorem,timeout,na,2215,187,18,187,1,0,0,0,0,
prim_batch_16,NUM/NUM637^1.p,TH0,Theorem,timeout,na,2049,2648,195,2648,108,0,0,1,0,
prim_batch_16,NUM/NUM637^2.p,TH0,Theorem,timeout,na,2045,2785,168,2785,176,2,0,1,0,
prim_batch_16,NUM/NUM637^4.p,TH0,Theorem,timeout,na,2218,168,16,168,1,0,0,0,0,
prim_batch_16,NUM/NUM638^1.p,TH0,Theorem,timeout,na,2092,3871,90,3871,169,99,0,0,0,
prim_batch_16,NUM/NUM638^4.p,TH0,Theorem,timeout,na,2218,99,8,99,2,0,0,0,0,
prim_batch_16,NUM/NUM639^1.p,TH0,Theorem,thm,yes,1734,71,2,71,5,3,0,2,1,
prim_batch_16,NUM/NUM639^4.p,TH0,Theorem,timeout,na,2231,13,1,13,1,0,0,0,0,
prim_batch_16,NUM/NUM640^1.p,TH0,Theorem,timeout,na,2003,73,2,73,5,3,0,2,0,
prim_batch_16,NUM/NUM640^4.p,TH0,Theorem,timeout,na,2230,12,1,12,1,0,0,0,0,
prim_batch_16,NUM/NUM641^1.p,TH0,Theorem,timeout,na,2002,71,2,71,5,3,0,2,0,
prim_batch_16,NUM/NUM641^4.p,TH0,Theorem,timeout,na,2233,12,1,12,1,0,0,0,0,
prim_batch_16,NUM/NUM642^1.p,TH0,Theorem,timeout,na,2003,65,1,65,5,3,0,2,0,
prim_batch_16,NUM/NUM642^4.p,TH0,Theorem,timeout,na,2230,12,1,12,1,0,0,0,0,
prim_batch_16,NUM/NUM643^1.p,TH0,Theorem,timeout,na,2051,2262,138,2262,134,0,0,1,0,
prim_batch_16,NUM/NUM643^4.p,TH0,Theorem,timeout,na,2237,0,0,0,1,0,0,0,0,
prim_batch_16,NUM/NUM644^1.p,TH0,Theorem,timeout,na,2057,2203,129,2203,182,0,0,1,0,
prim_batch_16,NUM/NUM644^4.p,TH0,Theorem,timeout,na,2239,12,1,12,1,0,0,0,0,
prim_batch_16,NUM/NUM645^1.p,TH0,Theorem,timeout,na,2081,2358,105,2358,260,8,0,2,0,
prim_batch_16,NUM/NUM645^4.p,TH0,Theorem,timeout,na,2241,12,1,12,1,0,0,0,0,
prim_batch_16,NUM/NUM646^1.p,TH0,Theorem,timeout,na,2056,2638,176,2638,171,8,0,2,0,
prim_batch_16,NUM/NUM646^4.p,TH0,Theorem,timeout,na,2242,12,1,12,1,0,0,0,0,
prim_batch_16,NUM/NUM647^1.p,TH0,Theorem,timeout,na,2004,174,3,174,13,10,0,2,0,
prim_batch_16,NUM/NUM647^4.p,TH0,Theorem,timeout,na,2245,12,1,12,1,0,0,0,0,
prim_batch_16,NUM/NUM648^1.p,TH0,Theorem,timeout,na,2048,2477,104,2477,217,30,0,2,0,
prim_batch_16,NUM/NUM648^4.p,TH0,Theorem,timeout,na,2245,12,1,12,1,0,0,0,0,
prim_batch_16,NUM/NUM649^1.p,TH0,Theorem,timeout,na,2073,3121,215,3121,203,2,0,1,0,
prim_batch_16,NUM/NUM649^4.p,TH0,Theorem,timeout,na,2249,12,1,12,1,0,0,0,0,
prim_batch_16,NUM/NUM650^1.p,TH0,Theorem,timeout,na,2064,2192,122,2192,182,0,0,1,0,
prim_batch_16,NUM/NUM650^4.p,TH0,Theorem,timeout,na,2258,12,1,12,1,0,0,0,0,
prim_batch_16,NUM/NUM651^1.p,TH0,Theorem,timeout,na,2061,2478,104,2478,240,22,0,2,0,
prim_batch_16,NUM/NUM651^4.p,TH0,Theorem,timeout,na,2253,12,1,12,1,0,0,0,0,
prim_batch_16,NUM/NUM652^1.p,TH0,Theorem,timeout,na,2056,3849,230,3849,153,35,0,0,0,
prim_batch_16,NUM/NUM652^4.p,TH0,Theorem,timeout,na,2266,12,1,12,1,0,0,0,0,
prim_batch_16,NUM/NUM653^1.p,TH0,Theorem,timeout,na,2071,3947,203,3947,161,65,0,0,0,
prim_batch_16,NUM/NUM653^4.p,TH0,Theorem,timeout,na,2265,11,1,11,1,0,0,0,0,
prim_batch_16,NUM/NUM654^1.p,TH0,Theorem,timeout,na,2074,3538,132,3538,339,107,0,1,0,
prim_batch_16,NUM/NUM654^4.p,TH0,Theorem,timeout,na,2267,11,1,11,1,0,0,0,0,
prim_batch_16,NUM/NUM655^1.p,TH0,Theorem,timeout,na,2081,3513,104,3513,355,141,0,1,0,
prim_batch_16,NUM/NUM655^4.p,TH0,Theorem,timeout,na,2269,12,1,12,1,0,0,0,0,
prim_batch_16,NUM/NUM656^1.p,TH0,Theorem,timeout,na,2058,3839,203,3839,147,71,0,0,0,
prim_batch_16,NUM/NUM656^4.p,TH0,Theorem,timeout,na,2270,11,1,11,1,0,0,0,0,
prim_batch_16,NUM/NUM657^1.p,TH0,Theorem,timeout,na,2057,3570,171,3570,147,51,0,0,0,
prim_batch_16,NUM/NUM657^4.p,TH0,Theorem,timeout,na,2272,11,1,11,1,0,0,0,0,
prim_batch_16,NUM/NUM658^1.p,TH0,Theorem,timeout,na,2082,3631,133,3631,368,146,0,1,0,
prim_batch_16,NUM/NUM658^4.p,TH0,Theorem,timeout,na,2272,11,1,11,1,0,0,0,0,
prim_batch_16,NUM/NUM659^1.p,TH0,Theorem,timeout,na,2067,3515,141,3515,285,133,0,1,0,
prim_batch_16,NUM/NUM659^4.p,TH0,Theorem,timeout,na,2274,10,1,10,1,0,0,0,0,
prim_batch_16,NUM/NUM660^1.p,TH0,Theorem,timeout,na,2005,224,0,224,20,22,0,2,0,
prim_batch_16,NUM/NUM660^4.p,TH0,Theorem,timeout,na,2266,12,1,12,1,0,0,0,0,
prim_batch_16,NUM/NUM662^1.p,TH0,Theorem,timeout,na,2035,2398,147,2398,117,12,0,4,0,
prim_batch_16,NUM/NUM662^4.p,TH0,Theorem,timeout,na,2278,12,1,12,1,0,0,0,0,
prim_batch_16,NUM/NUM663^1.p,TH0,Theorem,thm,yes,22,23,0,23,3,1,0,3,1,
prim_batch_16,NUM/NUM663^4.p,TH0,Theorem,timeout,na,2282,7,0,7,1,0,0,0,0,
prim_batch_16,NUM/NUM664^1.p,TH0,Theorem,thm,yes,20,20,0,20,3,1,0,2,1,
prim_batch_16,NUM/NUM664^4.p,TH0,Theorem,timeout,na,2282,7,0,7,1,0,0,0,0,
prim_batch_16,NUM/NUM665^1.p,TH0,Theorem,timeout,na,2231,7428,46,7428,279,380,0,0,0,
prim_batch_16,NUM/NUM665^4.p,TH0,Theorem,timeout,na,2275,10,1,10,1,0,0,0,0,
prim_batch_16,NUM/NUM666^1.p,TH0,Theorem,timeout,na,2183,7008,93,7008,322,318,0,0,0,
prim_batch_16,NUM/NUM666^4.p,TH0,Theorem,timeout,na,2275,0,0,0,1,0,0,0,0,
prim_batch_16,NUM/NUM667^1.p,TH0,Theorem,timeout,na,2138,3937,114,3937,219,156,0,0,0,
prim_batch_16,NUM/NUM667^4.p,TH0,Theorem,timeout,na,2278,12,1,12,1,0,0,0,0,
prim_batch_16,NUM/NUM668^1.p,TH0,Theorem,thm,yes,12,13,0,13,2,1,0,1,1,
prim_batch_16,NUM/NUM668^4.p,TH0,Theorem,timeout,na,2285,0,0,0,1,0,0,0,0,
prim_batch_16,NUM/NUM669^1.p,TH0,Theorem,thm,yes,78,42,2,42,3,1,0,2,1,
prim_batch_16,NUM/NUM669^4.p,TH0,Theorem,timeout,na,2292,12,1,12,1,0,0,0,0,
prim_batch_16,NUM/NUM670^1.p,TH0,Theorem,timeout,na,2042,1933,102,1933,126,15,0,4,0,
prim_batch_16,NUM/NUM670^4.p,TH0,Theorem,timeout,na,2292,0,0,0,1,0,0,0,0,
prim_batch_16,NUM/NUM671^1.p,TH0,Theorem,thm,yes,5,3,0,3,1,1,0,0,0,
prim_batch_16,NUM/NUM671^4.p,TH0,Theorem,timeout,na,2290,12,1,12,1,0,0,0,0,
prim_batch_16,NUM/NUM672^1.p,TH0,Theorem,timeout,na,2142,6627,273,6627,1138,86,0,3,0,
prim_batch_16,NUM/NUM672^4.p,TH0,Theorem,timeout,na,2290,0,0,0,1,0,0,0,0,
prim_batch_16,NUM/NUM673^1.p,TH0,Theorem,timeout,na,2051,2221,76,2221,238,2,0,4,0,
prim_batch_16,NUM/NUM673^4.p,TH0,Theorem,timeout,na,2291,0,0,0,1,0,0,0,0,
prim_batch_16,NUM/NUM674^1.p,TH0,Theorem,thm,yes,5,3,0,3,1,1,0,0,0,
prim_batch_16,NUM/NUM674^4.p,TH0,Theorem,timeout,na,2295,12,1,12,1,0,0,0,0,
prim_batch_16,NUM/NUM676^1.p,TH0,Theorem,thm,yes,14,10,0,10,2,0,0,1,1,
prim_batch_16,NUM/NUM676^4.p,TH0,Theorem,timeout,na,2301,0,0,0,1,0,0,0,0,
prim_batch_16,NUM/NUM677^1.p,TH0,Theorem,timeout,na,2060,2007,57,2007,303,25,0,1,0,
prim_batch_16,NUM/NUM677^4.p,TH0,Theorem,timeout,na,2307,0,0,0,1,0,0,0,0,
prim_batch_16,NUM/NUM680^1.p,TH0,Theorem,timeout,na,2093,2788,86,2788,536,46,0,1,0,
prim_batch_16,NUM/NUM680^4.p,TH0,Theorem,timeout,na,2317,0,0,0,1,0,0,0,0,
prim_batch_16,NUM/NUM681^1.p,TH0,Theorem,timeout,na,2080,4006,175,4006,212,82,0,0,0,
prim_batch_16,NUM/NUM681^4.p,TH0,Theorem,timeout,na,2321,12,1,12,1,0,0,0,0,
prim_batch_16,NUM/NUM682^1.p,TH0,Theorem,timeout,na,2080,3032,121,3032,249,65,0,0,0,
prim_batch_16,NUM/NUM682^4.p,TH0,Theorem,timeout,na,2318,0,0,0,1,0,0,0,0,
prim_batch_16,NUM/NUM683^1.p,TH0,Theorem,timeout,na,2058,2023,49,2023,272,2,0,4,0,
prim_batch_16,NUM/NUM683^4.p,TH0,Theorem,timeout,na,2324,0,0,0,1,0,0,0,0,
prim_batch_16,NUM/NUM684^1.p,TH0,Theorem,timeout,na,2060,2149,65,2149,278,20,0,1,0,
prim_batch_16,NUM/NUM684^4.p,TH0,Theorem,timeout,na,2322,10,1,10,1,0,0,0,0,
prim_batch_16,NUM/NUM686^1.p,TH0,Theorem,timeout,na,2057,2304,170,2304,124,5,0,0,0,
prim_batch_16,NUM/NUM686^4.p,TH0,Theorem,timeout,na,2323,0,0,0,1,0,0,0,0,
prim_batch_16,NUM/NUM687^1.p,TH0,Theorem,timeout,na,2166,3155,61,3155,887,15,0,1,0,
prim_batch_16,NUM/NUM687^4.p,TH0,Theorem,timeout,na,2333,0,0,0,1,0,0,0,0,
prim_batch_16,NUM/NUM688^1.p,TH0,Theorem,timeout,na,2134,3453,102,3453,714,54,0,1,0,
prim_batch_16,NUM/NUM688^4.p,TH0,Theorem,timeout,na,2337,0,0,0,1,0,0,0,0,
prim_batch_16,NUM/NUM689^1.p,TH0,Theorem,timeout,na,2078,3738,130,3738,229,133,0,0,0,
prim_batch_16,NUM/NUM689^4.p,TH0,Theorem,timeout,na,2338,0,0,0,1,0,0,0,0,
prim_batch_16,NUM/NUM690^1.p,TH0,Theorem,timeout,na,2208,5906,32,5906,286,325,0,0,0,
prim_batch_16,NUM/NUM690^4.p,TH0,Theorem,timeout,na,2341,0,0,0,1,0,0,0,0,
prim_batch_16,NUM/NUM691^1.p,TH0,Theorem,timeout,na,2112,2496,50,2496,222,41,0,0,0,
prim_batch_16,NUM/NUM691^4.p,TH0,Theorem,timeout,na,2344,0,0,0,1,0,0,0,0,
prim_batch_16,NUM/NUM692^1.p,TH0,Theorem,timeout,na,2188,5774,126,5774,1585,46,0,3,0,
prim_batch_16,NUM/NUM692^4.p,TH0,Theorem,timeout,na,2341,0,0,0,1,0,0,0,0,
prim_batch_16,NUM/NUM693^1.p,TH0,Theorem,timeout,na,2052,2427,119,2427,209,20,0,1,0,
prim_batch_16,NUM/NUM693^4.p,TH0,Theorem,timeout,na,2348,0,0,0,1,0,0,0,0,
prim_batch_16,NUM/NUM694^1.p,TH0,Theorem,thm,yes,9,10,0,10,2,0,0,1,1,
prim_batch_16,NUM/NUM694^4.p,TH0,Theorem,timeout,na,2348,12,1,12,1,0,0,0,0,
prim_batch_16,NUM/NUM695^1.p,TH0,Theorem,timeout,na,2057,2503,76,2503,295,21,0,1,0,
prim_batch_16,NUM/NUM695^4.p,TH0,Theorem,timeout,na,2349,0,0,0,1,0,0,0,0,
prim_batch_16,NUM/NUM696^1.p,TH0,Theorem,timeout,na,2044,2609,148,2609,165,18,0,2,0,
prim_batch_16,NUM/NUM696^4.p,TH0,Theorem,timeout,na,2350,0,0,0,1,0,0,0,0,
prim_batch_16,NUM/NUM697^1.p,TH0,Theorem,timeout,na,2043,2786,154,2786,213,6,0,1,0,
prim_batch_16,NUM/NUM697^4.p,TH0,Theorem,timeout,na,2352,0,0,0,1,0,0,0,0,
prim_batch_16,NUM/NUM698^1.p,TH0,Theorem,thm,yes,219,910,24,910,85,67,0,1,1,
prim_batch_16,NUM/NUM698^4.p,TH0,Theorem,timeout,na,2350,0,0,0,1,0,0,0,0,
prim_batch_16,NUM/NUM699^1.p,TH0,Theorem,timeout,na,2045,2789,147,2789,220,6,0,1,0,
prim_batch_16,NUM/NUM699^4.p,TH0,Theorem,timeout,na,2353,0,0,0,1,0,0,0,0,
prim_batch_16,NUM/NUM700^1.p,TH0,Theorem,thm,yes,24,51,0,51,9,0,0,1,1,
prim_batch_16,NUM/NUM700^4.p,TH0,Theorem,timeout,na,2358,0,0,0,1,0,0,0,0,
prim_batch_16,NUM/NUM701^1.p,TH0,Theorem,timeout,na,2049,2500,105,2500,233,6,0,2,0,
prim_batch_16,NUM/NUM701^4.p,TH0,ContradictoryAxioms,timeout,na,2358,0,0,0,1,0,0,0,0,
prim_batch_16,NUM/NUM702^1.p,TH0,Theorem,timeout,na,2155,5876,186,5876,191,108,0,0,0,
prim_batch_16,NUM/NUM702^4.p,TH0,Theorem,timeout,na,2355,0,0,0,1,0,0,0,0,
prim_batch_16,NUM/NUM703^1.p,TH0,Theorem,timeout,na,2056,2756,82,2756,310,10,0,2,0,
prim_batch_16,NUM/NUM703^4.p,TH0,Theorem,timeout,na,2359,0,0,0,1,0,0,0,0,
prim_batch_16,NUM/NUM704^1.p,TH0,Theorem,timeout,na,2037,3427,282,3427,99,0,0,1,0,
prim_batch_16,NUM/NUM704^4.p,TH0,Theorem,timeout,na,2364,9,0,9,1,0,0,0,0,
prim_batch_16,NUM/NUM705^1.p,TH0,Theorem,timeout,na,2065,2037,65,2037,266,41,0,0,0,
prim_batch_16,NUM/NUM705^4.p,TH0,Theorem,timeout,na,2367,11,1,11,1,0,0,0,0,
prim_batch_16,NUM/NUM706^1.p,TH0,Theorem,timeout,na,2002,71,4,71,5,3,0,2,0,
prim_batch_16,NUM/NUM706^4.p,TH0,Theorem,timeout,na,2374,8,0,8,1,0,0,0,0,
prim_batch_16,NUM/NUM707^1.p,TH0,Theorem,timeout,na,2003,73,3,73,5,3,0,2,0,
prim_batch_16,NUM/NUM707^4.p,TH0,ContradictoryAxioms,timeout,na,2376,0,0,0,1,0,0,0,0,
prim_batch_16,NUM/NUM708^1.p,TH0,Theorem,timeout,na,2002,71,2,71,5,3,0,2,0,
prim_batch_16,NUM/NUM708^4.p,TH0,Theorem,timeout,na,2376,0,0,0,1,0,0,0,0,
prim_batch_16,NUM/NUM709^1.p,TH0,Theorem,timeout,na,2003,73,3,73,5,3,0,2,0,
prim_batch_16,NUM/NUM709^4.p,TH0,ContradictoryAxioms,timeout,na,2377,0,0,0,1,0,0,0,0,
prim_batch_16,NUM/NUM710^1.p,TH0,Theorem,timeout,na,2065,2261,109,2261,201,0,0,1,0,
prim_batch_16,NUM/NUM710^4.p,TH0,Theorem,timeout,na,2383,0,0,0,1,0,0,0,0,
prim_batch_16,NUM/NUM711^1.p,TH0,Theorem,timeout,na,2044,2537,184,2537,95,0,0,1,0,
prim_batch_16,NUM/NUM711^4.p,TH0,Theorem,timeout,na,2386,0,0,0,1,0,0,0,0,
prim_batch_16,NUM/NUM712^1.p,TH0,Theorem,timeout,na,2055,2393,177,2393,105,0,0,1,0,
prim_batch_16,NUM/NUM712^4.p,TH0,Theorem,timeout,na,2386,0,0,0,1,0,0,0,0,
prim_batch_16,NUM/NUM713^1.p,TH0,Theorem,timeout,na,2039,2010,108,2010,120,8,0,5,0,
prim_batch_16,NUM/NUM713^4.p,TH0,Theorem,timeout,na,2389,0,0,0,1,0,0,0,0,
prim_batch_16,NUM/NUM721^1.p,TH0,Theorem,timeout,na,2050,2361,129,2361,174,23,0,0,0,
prim_batch_16,NUM/NUM721^4.p,TH0,Theorem,timeout,na,2421,0,0,0,1,0,0,0,0,
prim_batch_16,NUM/NUM726^1.p,TH0,Theorem,thm,yes,7,3,0,3,1,1,0,0,0,
prim_batch_16,NUM/NUM726^4.p,TH0,Theorem,timeout,na,2474,0,0,0,1,0,0,0,0,
prim_batch_16,NUM/NUM727^1.p,TH0,Theorem,timeout,na,2060,1870,53,1870,168,70,0,1,0,
prim_batch_16,NUM/NUM727^4.p,TH0,Theorem,timeout,na,2473,0,0,0,1,0,0,0,0,
prim_batch_16,NUM/NUM728^1.p,TH0,Theorem,thm,yes,14,12,0,12,2,0,0,1,1,
prim_batch_16,NUM/NUM728^4.p,TH0,Theorem,timeout,na,2477,0,0,0,1,0,0,0,0,
prim_batch_16,NUM/NUM729^1.p,TH0,Theorem,thm,yes,15,12,0,12,2,0,0,1,1,
prim_batch_16,NUM/NUM729^4.p,TH0,Theorem,timeout,na,2483,0,0,0,1,0,0,0,0,
prim_batch_16,NUM/NUM730^1.p,TH0,Theorem,timeout,na,2216,5409,0,5154,171,653,0,0,0,
prim_batch_16,NUM/NUM730^4.p,TH0,Theorem,timeout,na,2490,0,0,0,1,0,0,0,0,
prim_batch_16,NUM/NUM736^1.p,TH0,Theorem,thm,yes,10,9,0,9,2,0,0,1,1,
prim_batch_16,NUM/NUM736^4.p,TH0,Theorem,timeout,na,2503,0,0,0,1,0,0,0,0,
prim_batch_16,NUM/NUM737^1.p,TH0,Theorem,timeout,na,2076,2293,87,2293,309,25,0,1,0,
prim_batch_16,NUM/NUM737^4.p,TH0,Theorem,timeout,na,2504,0,0,0,1,0,0,0,0,
prim_batch_16,NUM/NUM738^1.p,TH0,Theorem,timeout,na,2265,5991,155,5991,1818,16,0,3,0,
prim_batch_16,NUM/NUM738^4.p,TH0,Theorem,timeout,na,2483,0,0,0,1,0,0,0,0,
prim_batch_16,NUM/NUM739^1.p,TH0,Theorem,timeout,na,2305,6220,90,6220,2087,8,0,1,0,
prim_batch_16,NUM/NUM739^4.p,TH0,Theorem,timeout,na,2500,0,0,0,1,0,0,0,0,
prim_batch_16,NUM/NUM740^1.p,TH0,Theorem,thm,yes,28,102,1,102,17,0,0,1,1,
prim_batch_16,NUM/NUM740^4.p,TH0,Theorem,timeout,na,2530,0,0,0,1,0,0,0,0,
prim_batch_16,NUM/NUM741^1.p,TH0,Theorem,timeout,na,2115,2862,145,2862,406,36,0,2,0,
prim_batch_16,NUM/NUM741^4.p,TH0,Theorem,timeout,na,2516,0,0,0,1,0,0,0,0,
prim_batch_16,NUM/NUM742^1.p,TH0,Theorem,timeout,na,2265,5823,135,5823,1762,5,0,1,0,
prim_batch_16,NUM/NUM742^4.p,TH0,Theorem,timeout,na,2543,0,0,0,1,0,0,0,0,
prim_batch_16,NUM/NUM743^1.p,TH0,Theorem,timeout,na,2194,5188,141,5188,1360,107,0,2,0,
prim_batch_16,NUM/NUM743^4.p,TH0,Theorem,timeout,na,2547,0,0,0,1,0,0,0,0,
prim_batch_16,NUM/NUM746^1.p,TH0,Theorem,timeout,na,2157,3934,87,3934,1099,47,0,1,0,
prim_batch_16,NUM/NUM746^4.p,TH0,Theorem,timeout,na,2523,0,0,0,1,0,0,0,0,
prim_batch_16,NUM/NUM747^1.p,TH0,Theorem,thm,yes,16,12,0,12,2,0,0,1,1,
prim_batch_16,NUM/NUM747^4.p,TH0,Theorem,timeout,na,2571,0,0,0,1,0,0,0,0,
prim_batch_16,NUM/NUM748^1.p,TH0,Theorem,timeout,na,2032,2250,158,2250,88,4,0,4,0,
prim_batch_16,NUM/NUM748^4.p,TH0,Theorem,timeout,na,2572,0,0,0,1,0,0,0,0,
prim_batch_16,NUM/NUM749^1.p,TH0,Theorem,thm,yes,10,12,0,12,2,0,0,1,1,
prim_batch_16,NUM/NUM749^4.p,TH0,Theorem,timeout,na,2579,0,0,0,1,0,0,0,0,
prim_batch_16,NUM/NUM750^1.p,TH0,Theorem,thm,yes,23,16,0,16,3,0,0,2,1,
prim_batch_16,NUM/NUM750^4.p,TH0,Theorem,timeout,na,2574,0,0,0,1,0,0,0,0,
prim_batch_16,NUM/NUM751^1.p,TH0,Theorem,timeout,na,2238,3780,60,3780,1235,8,0,4,0,
prim_batch_16,NUM/NUM751^4.p,TH0,Theorem,timeout,na,2543,0,0,0,1,0,0,0,0,
prim_batch_16,NUM/NUM752^1.p,TH0,Theorem,thm,yes,29,22,0,22,3,0,0,2,1,
prim_batch_16,NUM/NUM752^4.p,TH0,Theorem,timeout,na,2591,0,0,0,1,0,0,0,0,
prim_batch_16,NUM/NUM753^1.p,TH0,Theorem,timeout,na,2252,3943,68,3943,1213,48,0,4,0,
prim_batch_16,NUM/NUM753^4.p,TH0,Theorem,timeout,na,2585,0,0,0,1,0,0,0,0,
prim_batch_16,NUM/NUM754^1.p,TH0,Theorem,timeout,na,2227,4119,89,4119,1287,2,0,4,0,
prim_batch_16,NUM/NUM754^4.p,TH0,Theorem,timeout,na,2585,0,0,0,1,0,0,0,0,
prim_batch_16,NUM/NUM755^1.p,TH0,Theorem,timeout,na,2168,5026,90,5026,1135,83,0,1,0,
prim_batch_16,NUM/NUM755^4.p,TH0,Theorem,timeout,na,2555,0,0,0,1,0,0,0,0,
prim_batch_16,NUM/NUM756^1.p,TH0,Theorem,timeout,na,2171,4966,16,4966,1278,8,0,4,0,
prim_batch_16,NUM/NUM756^4.p,TH0,Theorem,timeout,na,2590,0,0,0,1,0,0,0,0,
prim_batch_16,NUM/NUM757^1.p,TH0,Theorem,timeout,na,2202,5272,84,5272,1342,160,0,1,0,
prim_batch_16,NUM/NUM757^4.p,TH0,Theorem,timeout,na,2593,0,0,0,1,0,0,0,0,
prim_batch_16,NUM/NUM758^1.p,TH0,Theorem,timeout,na,2275,3948,61,3948,1379,4,0,4,0,
prim_batch_16,NUM/NUM758^4.p,TH0,Theorem,timeout,na,2599,0,0,0,1,0,0,0,0,
prim_batch_16,NUM/NUM759^1.p,TH0,Theorem,timeout,na,2277,4342,95,4342,1115,90,0,3,0,
prim_batch_16,NUM/NUM759^4.p,TH0,Theorem,timeout,na,2604,0,0,0,1,0,0,0,0,
prim_batch_16,NUM/NUM760^1.p,TH0,Theorem,timeout,na,2223,4852,97,4852,1326,0,0,2,0,
prim_batch_16,NUM/NUM760^4.p,TH0,Theorem,timeout,na,2604,0,0,0,1,0,0,0,0,
prim_batch_16,NUM/NUM761^1.p,TH0,Theorem,timeout,na,2311,4927,72,4927,1841,20,0,1,0,
prim_batch_16,NUM/NUM761^4.p,TH0,Theorem,timeout,na,2613,0,0,0,1,0,0,0,0,
prim_batch_16,NUM/NUM762^1.p,TH0,Theorem,timeout,na,2221,4346,132,4346,1063,0,0,2,0,
prim_batch_16,NUM/NUM762^4.p,TH0,Theorem,timeout,na,2618,0,0,0,1,0,0,0,0,
prim_batch_16,NUM/NUM765^1.p,TH0,Theorem,timeout,na,2136,2849,47,2849,758,37,0,1,0,
prim_batch_16,NUM/NUM765^4.p,TH0,Theorem,timeout,na,2596,0,0,0,1,0,0,0,0,
prim_batch_16,NUM/NUM766^1.p,TH0,Theorem,timeout,na,2052,1313,61,1313,129,12,0,1,0,
prim_batch_16,NUM/NUM766^4.p,TH0,Theorem,timeout,na,2640,0,0,0,1,0,0,0,0,
prim_batch_16,NUM/NUM767^1.p,TH0,Theorem,timeout,na,2360,6289,70,6289,2078,32,0,4,0,
prim_batch_16,NUM/NUM767^4.p,TH0,Theorem,timeout,na,2630,0,0,0,1,0,0,0,0,
prim_batch_16,NUM/NUM768^1.p,TH0,Theorem,timeout,na,2116,2084,63,2084,447,10,0,2,0,
prim_batch_16,NUM/NUM768^4.p,TH0,Theorem,timeout,na,2604,0,0,0,1,0,0,0,0,
prim_batch_16,NUM/NUM769^1.p,TH0,Theorem,thm,yes,17,23,0,23,4,0,0,1,1,
prim_batch_16,NUM/NUM769^4.p,TH0,Theorem,timeout,na,2609,0,0,0,1,0,0,0,0,
prim_batch_16,NUM/NUM770^1.p,TH0,Theorem,timeout,na,2167,4679,67,4679,1310,136,0,1,0,
prim_batch_16,NUM/NUM770^4.p,TH0,Theorem,timeout,na,2602,0,0,0,1,0,0,0,0,
prim_batch_16,NUM/NUM771^1.p,TH0,Theorem,timeout,na,2037,2362,133,2362,131,9,0,5,0,
prim_batch_16,NUM/NUM771^4.p,TH0,Theorem,timeout,na,2646,0,0,0,1,0,0,0,0,
prim_batch_16,NUM/NUM781^1.p,TH0,Theorem,thm,yes,4,3,0,3,1,1,0,0,0,
prim_batch_16,NUM/NUM781^2.p,TH0,Theorem,thm,yes,10,10,0,10,1,1,0,0,0,
prim_batch_16,NUM/NUM781^3.p,TH0,Theorem,thm,yes,9,8,0,8,1,1,0,0,0,
prim_batch_16,NUM/NUM781^4.p,TH0,Theorem,timeout,na,2730,0,0,0,1,0,0,0,0,
prim_batch_16,NUM/NUM782^1.p,TH0,Theorem,thm,yes,5,3,0,3,1,1,0,0,0,
prim_batch_16,NUM/NUM782^4.p,TH0,Theorem,timeout,na,2678,0,0,0,1,0,0,0,0,
prim_batch_16,NUM/NUM783^1.p,TH0,Theorem,timeout,na,2319,7539,1,7290,184,859,0,0,0,
prim_batch_16,NUM/NUM783^4.p,TH0,Theorem,timeout,na,2677,0,0,0,1,0,0,0,0,
prim_batch_16,NUM/NUM784^1.p,TH0,Theorem,thm,yes,46,54,1,54,7,2,0,1,1,
prim_batch_16,NUM/NUM784^4.p,TH0,Theorem,timeout,na,2756,0,0,0,1,0,0,0,0,
prim_batch_16,NUM/NUM785^1.p,TH0,Theorem,thm,yes,45,51,0,51,7,2,0,1,1,
prim_batch_16,NUM/NUM785^4.p,TH0,Theorem,timeout,na,2761,0,0,0,1,0,0,0,0,
prim_batch_16,NUM/NUM786^1.p,TH0,Theorem,thm,yes,14,16,0,16,3,0,0,1,1,
prim_batch_16,NUM/NUM786^4.p,TH0,Theorem,timeout,na,2758,0,0,0,1,0,0,0,0,
prim_batch_16,NUM/NUM787^1.p,TH0,Theorem,thm,yes,13,17,0,17,3,0,0,1,1,
prim_batch_16,NUM/NUM787^4.p,TH0,Theorem,timeout,na,2755,0,0,0,1,0,0,0,0,
prim_batch_16,NUM/NUM788^1.p,TH0,Theorem,thm,yes,31,36,0,36,5,2,0,1,1,
prim_batch_16,NUM/NUM788^4.p,TH0,Theorem,timeout,na,2714,0,0,0,1,0,0,0,0,
prim_batch_16,NUM/NUM789^1.p,TH0,Theorem,thm,yes,51,54,0,54,6,2,0,1,1,
prim_batch_16,NUM/NUM789^4.p,TH0,Theorem,timeout,na,2714,0,0,0,1,0,0,0,0,
prim_batch_16,NUM/NUM790^1.p,TH0,Theorem,thm,yes,14,17,0,17,3,0,0,1,1,
prim_batch_16,NUM/NUM790^4.p,TH0,Theorem,timeout,na,2764,0,0,0,1,0,0,0,0,
prim_batch_16,NUM/NUM791^1.p,TH0,Theorem,thm,yes,14,16,0,16,3,0,0,1,1,
prim_batch_16,NUM/NUM791^4.p,TH0,Theorem,timeout,na,2757,0,0,0,1,0,0,0,0,
prim_batch_16,NUM/NUM792^1.p,TH0,Theorem,timeout,na,2086,7747,551,7747,596,122,0,3,0,
prim_batch_16,NUM/NUM792^4.p,TH0,Theorem,timeout,na,2762,0,0,0,1,0,0,0,0,
prim_batch_16,NUM/NUM793^1.p,TH0,Theorem,timeout,na,2073,7193,532,7193,447,122,0,2,0,
prim_batch_16,NUM/NUM793^4.p,TH0,Theorem,timeout,na,2740,0,0,0,1,0,0,0,0,
prim_batch_16,NUM/NUM795^1.p,TH0,Theorem,timeout,na,2129,6821,406,6821,948,38,0,2,0,
prim_batch_16,NUM/NUM795^4.p,TH0,Theorem,timeout,na,2774,0,0,0,1,0,0,0,0,
prim_batch_16,NUM/NUM796^1.p,TH0,Theorem,timeout,na,2163,6869,305,6869,1330,23,0,2,0,
prim_batch_16,NUM/NUM796^4.p,TH0,Theorem,timeout,na,2805,0,0,0,1,0,0,0,0,
prim_batch_16,NUM/NUM797^1.p,TH0,Theorem,timeout,na,2049,2907,148,2907,231,0,0,1,0,
prim_batch_16,NUM/NUM797^4.p,TH0,Theorem,timeout,na,2225,14,1,14,1,0,0,0,0,
prim_batch_16,NUM/NUM798^1.p,TH0,Theorem,timeout,na,2025,17,0,17,2,0,0,0,0,
prim_batch_16,NUM/NUM799^1.p,TH0,Theorem,timeout,na,2027,17,0,17,2,0,0,0,0,
prim_batch_16,NUM/NUM800^1.p,TH0,Theorem,timeout,na,2033,76,2,76,6,1,0,0,0,
prim_batch_16,NUM/NUM801^1.p,TH0,Theorem,timeout,na,2035,19,1,19,2,0,0,0,0,
prim_batch_16,NUM/NUM802^5.p,TH0,Theorem,timeout,na,2108,3763,45,3763,517,22,0,2,0,
prim_batch_16,NUM/NUM803^5.p,TH0,CounterSatisfiable,csa,yes,11,7,0,7,2,0,1,0,0,C[1NI85R] (c_star C[1ZNWYN] c0)  ¬(C[1NI85R] c0)
prim_batch_16,NUM/NUM804^5.p,TH0,CounterSatisfiable,csa,yes,9,7,0,7,2,0,1,0,0,C[1Y556E] (c_plus C[1VXU2K] c0)  ¬(C[1Y556E] C[1VXU2K])
prim_batch_16,NUM/NUM805^5.p,TH0,CounterSatisfiable,csa,yes,13,11,0,11,2,0,1,0,0,C[W8W2V] (c_plus C[132UIU] (cS C[23A6ZI]))  ¬(C[W8W2V] (cS (c_plus C[132UIU] C[23A6ZI])))
prim_batch_16,NUM/NUM806^5.p,TH0,CounterSatisfiable,csa,yes,13,8,0,8,2,0,1,0,0,C[HHWEZ] (c_star C[R2M00] (cS C[O8MGF]))  ¬(C[HHWEZ] (c_plus (c_star C[R2M00] C[O8MGF]) C[R2M00]))
prim_batch_16,NUM/NUM807^5.p,TH0,CounterSatisfiable,timeout,na,2063,2441,93,2441,113,14,0,0,0,
prim_batch_16,NUM/NUM808^5.p,TH0,Theorem,timeout,na,2069,2160,60,2160,355,12,0,4,0,
prim_batch_16,NUM/NUM809^5.p,TH0,Theorem,timeout,na,2080,2543,104,2543,312,0,0,2,0,
prim_batch_16,NUM/NUM810^5.p,TH0,Theorem,timeout,na,2068,2458,97,2458,308,0,0,2,0,
prim_batch_16,NUM/NUM811^5.p,TH0,Theorem,timeout,na,2082,2337,97,2337,291,0,0,2,0,
prim_batch_16,NUM/NUM812^5.p,TH0,Theorem,timeout,na,2043,2629,146,2629,178,0,0,2,0,
prim_batch_16,NUM/NUM813^5.p,TH0,Theorem,timeout,na,2047,2399,140,2399,127,36,0,5,0,
prim_batch_16,NUM/NUM814^5.p,TH0,Theorem,timeout,na,2051,2706,153,2706,195,0,0,1,0,
prim_batch_16,NUM/NUM815^5.p,TH0,Theorem,timeout,na,2050,2624,158,2624,164,0,0,2,0,
prim_batch_16,NUM/NUM816^5.p,TH0,Theorem,timeout,na,2038,2659,165,2659,168,0,0,1,0,
prim_batch_16,NUM/NUM817^5.p,TH0,Theorem,timeout,na,2046,2718,165,2718,174,0,0,1,0,
prim_batch_16,NUM/NUM818^5.p,TH0,CounterSatisfiable,timeout,na,2027,368,11,368,52,4,0,1,0,
prim_batch_16,NUM/NUM819^5.p,TH0,Unknown,timeout,na,2067,2006,74,2006,244,36,0,5,0,
prim_batch_16,NUM/NUM821^5.p,TH0,Unknown,timeout,na,2051,2414,107,2414,165,60,0,5,0,
prim_batch_16,NUM/NUM822^5.p,TH0,Unknown,timeout,na,2125,3173,10,3173,705,104,0,2,0,
prim_batch_16,NUM/NUM823^5.p,TH0,Unknown,timeout,na,2062,2641,94,2641,268,63,0,4,0,
prim_batch_16,NUM/NUM824^5.p,TH0,Theorem,timeout,na,2023,814,54,814,37,29,0,4,0,
prim_batch_16,NUM/NUM825^5.p,TH0,Theorem,timeout,na,2022,848,48,848,44,38,0,1,0,
prim_batch_16,NUM/NUM826^5.p,TH0,Theorem,timeout,na,2034,537,30,537,33,7,0,2,0,
prim_batch_16,NUM/NUM827^5.p,TH0,Theorem,timeout,na,2069,2682,106,2682,268,55,0,1,0,
prim_batch_16,NUM/NUM828^5.p,TH0,Theorem,timeout,na,2071,2682,96,2682,284,50,0,1,0,
prim_batch_16,NUM/NUM829^5.p,TH0,Theorem,timeout,na,2059,2295,79,2295,206,67,0,1,0,
prim_batch_16,NUM/NUM830^5.p,TH0,Theorem,timeout,na,2037,1011,19,1011,135,12,0,3,0,
prim_batch_16,NUM/NUM831^5.p,TH0,Unknown,timeout,na,2044,1950,96,1950,159,0,0,1,0,
prim_batch_16,NUM/NUM832^5.p,TH0,Theorem,timeout,na,2070,1754,41,1754,305,0,0,1,0,
prim_batch_16,NUM/NUM833^5.p,TH0,Unknown,timeout,na,2042,1237,42,1237,126,1,0,1,0,
prim_batch_16,NUM/NUM834^5.p,TH0,Unknown,timeout,na,2035,395,15,395,41,0,0,1,0,
prim_batch_16,NUM/NUM863^1.p,TH0,Theorem,timeout,na,2163,2231,2,2231,287,38,0,0,0,
prim_batch_16,NUM/NUM923^1.p,TH0,Theorem,timeout,na,2163,2142,157,2142,87,0,0,1,0,
prim_batch_16,NUM/NUM923^2.p,TH1,Theorem,parser_error,na,0,,,,,,,,,cached: Failed to parse formula 'fact_81_split__paired__Ex': [byte:26352] Type Error: Cannot unify strict function types of different arities.
prim_batch_16,NUM/NUM923^3.p,TH1,Theorem,parser_error,na,0,,,,,,,,,cached: Failed to parse formula 'fact_125_split__paired__Ex': [byte:41018] Type Error: Cannot unify strict function types of different arities.
prim_batch_16,NUM/NUM923^4.p,TH1,Theorem,parser_error,na,0,,,,,,,,,cached: Failed to parse formula 'fact_158_split__paired__All': [byte:93412] Type Error: Cannot unify strict function types of different arities.
prim_batch_16,NUM/NUM924^1.p,TH0,ContradictoryAxioms,timeout,na,2800,4866,16,4866,515,0,0,0,0,
prim_batch_16,NUM/NUM924^2.p,TH0,Theorem,timeout,na,2727,627,62,627,1,0,0,0,0,
prim_batch_16,NUM/NUM924^3.p,TH0,ContradictoryAxioms,timeout,na,3352,578,57,578,1,0,0,0,0,
prim_batch_16,NUM/NUM924^4.p,TH1,Theorem,parser_error,na,0,,,,,,,,,cached: Failed to parse formula 'fact_2709_ex__nat': [byte:738104] Type Error: Cannot unify strict function types of different arities.
prim_batch_16,NUM/NUM925^1.p,TH0,Theorem,timeout,na,2745,6126,12,6126,245,0,0,0,0,
prim_batch_16,NUM/NUM925^2.p,TH0,Theorem,timeout,na,2586,759,75,759,1,0,0,0,0,
prim_batch_16,NUM/NUM925^3.p,TH0,Theorem,timeout,na,3222,558,55,558,1,0,0,0,0,
prim_batch_16,NUM/NUM925^4.p,TH1,Theorem,parser_error,na,0,,,,,,,,,cached: Failed to parse formula 'fact_2744_ex__nat': [byte:691477] Type Error: Cannot unify strict function types of different arities.
prim_batch_16,NUM/NUM926^1.p,TH0,Theorem,timeout,na,2223,1395,74,1395,141,2,0,1,0,
prim_batch_16,NUM/NUM926^2.p,TH0,Theorem,timeout,na,2705,620,62,620,1,0,0,0,0,
prim_batch_16,NUM/NUM926^3.p,TH0,Theorem,timeout,na,3336,578,57,578,1,0,0,0,0,
prim_batch_16,NUM/NUM926^4.p,TH1,Theorem,parser_error,na,0,,,,,,,,,cached: Failed to parse formula 'fact_2727_ex__nat': [byte:747317] Type Error: Cannot unify strict function types of different arities.
prim_batch_16,NUN/NUN021^1.p,TH0,Satisfiable,no_conjecture,na,18,,,,,,,,,
prim_batch_16,NUN/NUN022^1.p,TH0,Satisfiable,timeout,na,2006,1077,128,1077,1,0,0,0,0,
prim_batch_16,NUN/NUN023^1.p,TH0,Theorem,timeout,na,2060,2432,111,2432,225,12,0,2,0,
prim_batch_16,NUN/NUN023^2.p,TH0,Theorem,timeout,na,2059,2452,105,2452,226,14,0,2,0,
prim_batch_16,NUN/NUN024^1.p,TH0,Theorem,timeout,na,2065,2866,145,2866,249,28,0,1,0,
prim_batch_16,NUN/NUN024^2.p,TH0,Theorem,timeout,na,2066,2894,135,2894,233,42,0,1,0,
prim_batch_16,NUN/NUN025^1.p,TH0,Theorem,timeout,na,2052,2854,168,2854,187,16,0,1,0,
prim_batch_16,NUN/NUN025^2.p,TH0,Theorem,timeout,na,2069,2797,126,2797,222,34,0,1,0,
prim_batch_16,NUN/NUN025^3.p,TH0,Theorem,timeout,na,2059,2532,123,2532,208,22,0,1,0,
prim_batch_16,NUN/NUN026^1.p,TH1,Theorem,parse_timeout,na,0,,,,,,,,,cached: parse exceeded 5000ms
prim_batch_16,NUN/NUN027^1.p,TH1,Theorem,parse_timeout,na,0,,,,,,,,,cached: parse exceeded 5000ms
prim_batch_16,NUN/NUN028^1.p,TH1,Theorem,parse_timeout,na,0,,,,,,,,,cached: parse exceeded 5000ms
prim_batch_16,NUN/NUN029^1.p,TH1,Theorem,parse_timeout,na,0,,,,,,,,,cached: parse exceeded 5000ms
prim_batch_16,NUN/NUN030^1.p,TH1,Theorem,parse_timeout,na,0,,,,,,,,,cached: parse exceeded 5000ms
prim_batch_16,NUN/NUN031^1.p,TH1,Theorem,parse_timeout,na,0,,,,,,,,,cached: parse exceeded 5000ms
prim_batch_16,NUN/NUN032^1.p,TH1,Theorem,parse_timeout,na,0,,,,,,,,,cached: parse exceeded 5000ms
prim_batch_16,NUN/NUN033^1.p,TH1,Theorem,parse_timeout,na,0,,,,,,,,,cached: parse exceeded 5000ms
prim_batch_16,NUN/NUN034^1.p,TH1,Theorem,parse_timeout,na,0,,,,,,,,,cached: parse exceeded 5000ms
prim_batch_16,NUN/NUN035^1.p,TH1,Theorem,parse_timeout,na,0,,,,,,,,,cached: parse exceeded 5000ms
prim_batch_16,NUN/NUN036^1.p,TH1,Theorem,parse_timeout,na,0,,,,,,,,,cached: parse exceeded 5000ms
prim_batch_16,NUN/NUN037^1.p,TH1,Theorem,parse_timeout,na,0,,,,,,,,,cached: parse exceeded 5000ms
prim_batch_16,NUN/NUN038^1.p,TH1,Theorem,parse_timeout,na,0,,,,,,,,,cached: parse exceeded 5000ms
prim_batch_16,NUN/NUN039^1.p,TH1,Theorem,parse_timeout,na,0,,,,,,,,,cached: parse exceeded 5000ms
prim_batch_16,NUN/NUN040^1.p,TH1,Theorem,parse_timeout,na,0,,,,,,,,,cached: parse exceeded 5000ms
prim_batch_16,NUN/NUN041^1.p,TH1,Theorem,parse_timeout,na,0,,,,,,,,,cached: parse exceeded 5000ms
prim_batch_16,NUN/NUN042^1.p,TH1,Theorem,parse_timeout,na,0,,,,,,,,,cached: parse exceeded 5000ms
prim_batch_16,NUN/NUN043^1.p,TH1,Theorem,parse_timeout,na,0,,,,,,,,,cached: parse exceeded 5000ms
prim_batch_16,NUN/NUN044^1.p,TH1,Theorem,parse_timeout,na,0,,,,,,,,,cached: parse exceeded 5000ms
prim_batch_16,NUN/NUN045^1.p,TH1,Theorem,parse_timeout,na,0,,,,,,,,,cached: parse exceeded 5000ms
prim_batch_16,NUN/NUN046^1.p,TH1,ContradictoryAxioms,timeout,na,2075,2229,73,2229,125,55,0,0,0,
prim_batch_16,NUN/NUN047^1.p,TH1,ContradictoryAxioms,timeout,na,2047,1419,63,1419,135,19,0,1,0,
prim_batch_16,NUN/NUN048^1.p,TH1,Theorem,timeout,na,2139,4288,100,4288,208,45,0,0,0,
prim_batch_16,NUN/NUN049^1.p,TH1,Theorem,timeout,na,2065,953,13,930,108,64,0,0,0,
prim_batch_16,NUN/NUN050^1.p,TH1,Theorem,timeout,na,2052,977,47,956,48,36,0,0,0,
prim_batch_16,NUN/NUN051^1.p,TH1,Theorem,timeout,na,2047,1302,38,1302,147,35,0,1,0,
prim_batch_16,NUN/NUN052^1.p,TH1,CounterSatisfiable,timeout,na,2068,2175,119,2175,174,0,0,1,0,
prim_batch_16,NUN/NUN053^4.p,TH0,Satisfiable,no_conjecture,na,1798,,,,,,,,,
prim_batch_16,NUN/NUN093^1.p,TH0,Unknown,timeout,na,3599,0,0,0,1,0,0,0,0,
prim_batch_16,NUN/NUN094^1.p,TH0,Unknown,timeout,na,3652,0,0,0,1,0,0,0,0,
prim_batch_16,NUN/NUN095^1.p,TH0,Unknown,timeout,na,3569,0,0,0,1,0,0,0,0,
prim_batch_16,NUN/NUN096^1.p,TH0,Unknown,timeout,na,3571,0,0,0,1,0,0,0,0,
prim_batch_16,NUN/NUN097^1.p,TH0,Unknown,timeout,na,2879,0,0,0,1,0,0,0,0,
prim_batch_16,NUN/NUN098^1.p,TH0,Unknown,timeout,na,2878,0,0,0,1,0,0,0,0,
prim_batch_16,NUN/NUN099^1.p,TH0,Unknown,timeout,na,3277,0,0,0,1,0,0,0,0,
prim_batch_16,NUN/NUN100^1.p,TH0,Unknown,timeout,na,3317,0,0,0,1,0,0,0,0,
prim_batch_16,NUN/NUN101^1.p,TH0,Unknown,timeout,na,3193,0,0,0,1,0,0,0,0,
prim_batch_16,NUN/NUN102^1.p,TH0,Unknown,timeout,na,3227,0,0,0,1,0,0,0,0,
prim_batch_16,NUN/NUN103^1.p,TH0,Unknown,timeout,na,2828,0,0,0,1,0,0,0,0,
prim_batch_16,NUN/NUN104^1.p,TH0,Unknown,timeout,na,2839,0,0,0,1,0,0,0,0,
prim_batch_16,NUN/NUN105^1.p,TH0,Unknown,timeout,na,3243,0,0,0,1,0,0,0,0,
prim_batch_16,NUN/NUN106^1.p,TH0,Unknown,timeout,na,3244,0,0,0,1,0,0,0,0,
prim_batch_16,NUN/NUN107^1.p,TH0,Unknown,timeout,na,3247,0,0,0,1,0,0,0,0,
prim_batch_16,NUN/NUN108^1.p,TH0,Unknown,timeout,na,3244,0,0,0,1,0,0,0,0,
prim_batch_16,NUN/NUN109^1.p,TH0,Unknown,timeout,na,2585,0,0,0,1,0,0,0,0,
prim_batch_16,NUN/NUN110^1.p,TH0,Unknown,timeout,na,2579,0,0,0,1,0,0,0,0,
prim_batch_16,NUN/NUN111^1.p,TH0,Unknown,timeout,na,3511,0,0,0,1,0,0,0,0,
prim_batch_16,NUN/NUN112^1.p,TH0,Unknown,timeout,na,3543,0,0,0,1,0,0,0,0,
prim_batch_16,NUN/NUN113^1.p,TH0,Unknown,timeout,na,3158,0,0,0,1,0,0,0,0,
prim_batch_16,NUN/NUN114^1.p,TH0,Unknown,timeout,na,3170,0,0,0,1,0,0,0,0,
prim_batch_16,NUN/NUN115^1.p,TH0,Unknown,timeout,na,3947,0,0,0,1,0,0,0,0,
prim_batch_16,NUN/NUN116^1.p,TH0,Unknown,timeout,na,3937,0,0,0,1,0,0,0,0,
prim_batch_16,NUN/NUN117^1.p,TH0,Unknown,timeout,na,3591,0,0,0,1,0,0,0,0,
prim_batch_16,NUN/NUN118^1.p,TH0,Unknown,timeout,na,3637,0,0,0,1,0,0,0,0,
prim_batch_16,NUN/NUN119^1.p,TH0,Unknown,timeout,na,3296,0,0,0,1,0,0,0,0,
prim_batch_16,NUN/NUN120^1.p,TH0,Unknown,timeout,na,3271,0,0,0,1,0,0,0,0,
prim_batch_16,NUN/NUN121^1.p,TH0,Unknown,timeout,na,3222,0,0,0,1,0,0,0,0,
prim_batch_16,NUN/NUN122^1.p,TH0,Unknown,timeout,na,3214,0,0,0,1,0,0,0,0,
prim_batch_16,NUN/NUN123^1.p,TH0,Unknown,timeout,na,4276,0,0,0,1,0,0,0,0,
prim_batch_16,NUN/NUN124^1.p,TH0,Unknown,timeout,na,4217,0,0,0,1,0,0,0,0,
prim_batch_16,NUN/NUN125^1.p,TH0,Unknown,timeout,na,2957,0,0,0,1,0,0,0,0,
prim_batch_16,NUN/NUN126^1.p,TH0,Unknown,timeout,na,2948,0,0,0,1,0,0,0,0,
prim_batch_16,NUN/NUN127^1.p,TH0,Unknown,timeout,na,3330,0,0,0,1,0,0,0,0,
prim_batch_16,NUN/NUN128^1.p,TH0,Unknown,timeout,na,3320,0,0,0,1,0,0,0,0,
prim_batch_16,NUN/NUN129^1.p,TH0,Unknown,timeout,na,3485,0,0,0,1,0,0,0,0,
prim_batch_16,NUN/NUN130^1.p,TH0,Unknown,timeout,na,3536,0,0,0,1,0,0,0,0,
prim_batch_16,NUN/NUN131^1.p,TH0,Unknown,timeout,na,3694,0,0,0,1,0,0,0,0,
prim_batch_16,NUN/NUN132^1.p,TH0,Unknown,timeout,na,3640,0,0,0,1,0,0,0,0,
prim_batch_16,PHI/PHI001^1.p,TH0,Satisfiable,no_conjecture,na,42,,,,,,,,,
prim_batch_16,PHI/PHI002^1.p,TH0,Theorem,timeout,na,2055,314,13,314,28,0,0,1,0,
prim_batch_16,PHI/PHI002^2.p,TH0,Theorem,timeout,na,2061,388,17,388,36,7,0,1,0,
prim_batch_16,PHI/PHI002^8.p,unknown,Theorem,parser_error,na,0,,,,,,,,,cached: Lexer failed to parse entire string. Unparsed: {$box} @ ( ! [X: $i] : ( ( Phi @ X ) => ( Psi @ X ) ) ) ) ) => ( positive @ Psi ) ) ). %----T1: Positive properties are possibly exemplified. thf(t1 conj
prim_batch_16,PHI/PHI003^1.p,TH0,Theorem,timeout,na,2069,216,6,216,26,0,0,1,0,
prim_batch_16,PHI/PHI003^2.p,TH0,Theorem,timeout,na,2058,566,22,566,51,1,0,0,0,
prim_batch_16,PHI/PHI003^6.p,unknown,Theorem,parser_error,na,0,,,,,,,,,cached: Lexer failed to parse entire string. Unparsed: {$possible} @ ( ? [X: entity] : ( god_like @ X ) ) ) ). %------------------------------------------------------------------------------ 
prim_batch_16,PHI/PHI003^7.p,unknown,CounterSatisfiable,parser_error,na,0,,,,,,,,,cached: Lexer failed to parse entire string. Unparsed: {$possible} @ ( ? [X: entity] : ( god_like @ X ) ) ) ). %------------------------------------------------------------------------------ 
prim_batch_16,PHI/PHI003^8.p,unknown,Theorem,parser_error,na,0,,,,,,,,,cached: Lexer failed to parse entire string. Unparsed: {$box} @ ( ! [X: $i] : ( ( Phi @ X ) => ( Psi @ X ) ) ) ) ) => ( positive @ Psi ) ) ). %----D1: A God-like being possesses all positive properties. thf(d
prim_batch_16,PHI/PHI004^1.p,TH0,Theorem,timeout,na,2067,477,20,477,38,0,0,1,0,
prim_batch_16,PHI/PHI004^2.p,TH0,Theorem,timeout,na,2107,1248,30,1248,170,11,0,1,0,
prim_batch_16,PHI/PHI004^4.p,TH0,Theorem,timeout,na,2060,1360,51,1360,170,0,0,1,0,
prim_batch_16,PHI/PHI004^8.p,unknown,Theorem,parser_error,na,0,,,,,,,,,cached: Lexer failed to parse entire string. Unparsed: {$box} @ ( ! [X: $i] : ( ( Phi @ X ) => ( Psi @ X ) ) ) ) ) => ( positive @ Psi ) ) ). %----D1: A God-like being possesses all positive properties. thf(d
prim_batch_16,PHI/PHI005^1.p,TH0,Theorem,timeout,na,2092,740,21,740,108,8,0,1,0,
prim_batch_16,PHI/PHI005^10.p,unknown,Theorem,parser_error,na,0,,,,,,,,,cached: Lexer failed to parse entire string. Unparsed: {$necessary} @ ( ! [X: individual] : ( ( Phi @ X ) <=> ( ^ [Y: individual] : ( ( Phi @ Y ) & ~ ( Phi @ Y ) ) @ X ) ) ) ) => ( ( positive @ Phi ) <=> ( po
prim_batch_16,PHI/PHI005^2.p,TH0,Theorem,timeout,na,2139,2279,17,2277,158,39,0,0,0,
prim_batch_16,PHI/PHI005^3.p,TH0,CounterSatisfiable,timeout,na,2076,832,47,832,64,4,0,1,0,
prim_batch_16,PHI/PHI005^4.p,TH0,Theorem,timeout,na,2069,1585,76,1585,194,9,0,1,0,
prim_batch_16,PHI/PHI005^6.p,unknown,Theorem,parser_error,na,0,,,,,,,,,cached: Lexer failed to parse entire string. Unparsed: {$necessary} @ ( ? [X: entity] : ( god_like @ X ) ) ) ). %------------------------------------------------------------------------------ 
prim_batch_16,PHI/PHI005^8.p,unknown,Theorem,parser_error,na,0,,,,,,,,,cached: Lexer failed to parse entire string. Unparsed: {$box} @ ( ! [X: $i] : ( ( Phi @ X ) => ( Psi @ X ) ) ) ) ) => ( positive @ Psi ) ) ). %----D1: A God-like being possesses all positive properties. thf(d
prim_batch_16,PHI/PHI005^9.p,unknown,Theorem,parser_error,na,0,,,,,,,,,cached: Lexer failed to parse entire string. Unparsed: {$necessary} @ ( ! [X: individual] : ( ( Phi @ X ) <=> ( Psi @ X ) ) ) ) => ( ( positive @ Phi ) <=> ( positive @ Psi ) ) ) ). %----Contradictory propert
prim_batch_16,PHI/PHI006^4.p,TH0,ContradictoryAxioms,timeout,na,2074,1206,82,1206,70,0,0,1,0,
prim_batch_16,PHI/PHI006^5.p,TH0,ContradictoryAxioms,timeout,na,2067,613,34,613,56,1,0,1,0,
prim_batch_16,PHI/PHI007^4.p,TH0,ContradictoryAxioms,timeout,na,2065,550,39,550,42,0,0,1,0,
prim_batch_16,PHI/PHI007^5.p,TH0,ContradictoryAxioms,timeout,na,2046,957,56,957,89,0,0,2,0,
prim_batch_16,PHI/PHI008^4.p,TH0,Theorem,timeout,na,2069,1673,74,1673,191,12,0,1,0,
prim_batch_16,PHI/PHI043^1.p,TH0,Theorem,timeout,na,2062,352,15,352,39,4,0,2,0,
prim_batch_16,PHI/PHI043^2.p,TH0,Theorem,timeout,na,2064,343,10,343,44,5,0,1,0,
prim_batch_16,PHI/PHI045^10.p,unknown,Theorem,parser_error,na,0,,,,,,,,,cached: Lexer failed to parse entire string. Unparsed: {$necessary} @ ( ! [X: individual] : ( ( exists @ X ) => ( ( Phi @ X ) <=> ( ^ [Y: individual] : ( ( Phi @ Y ) & ~ ( Phi @ Y ) ) @ X ) ) ) ) ) => ( ( pos
prim_batch_16,PHI/PHI045^6.p,TH0,Theorem,thm,yes,1302,993,28,993,149,42,0,1,1,
prim_batch_16,PHI/PHI045^7.p,unknown,Theorem,parser_error,na,0,,,,,,,,,cached: Lexer failed to parse entire string. Unparsed: {$necessary} @ ( ! [X: individual] : ( ( Phi @ X ) <=> ( Psi @ X ) ) ) ) => ( ( positive @ Phi ) <=> ( positive @ Psi ) ) ) ). %----Contradictory propert
prim_batch_16,PHI/PHI045^8.p,unknown,Theorem,parser_error,na,0,,,,,,,,,cached: Lexer failed to parse entire string. Unparsed: {$necessary} @ ( ! [X: individual] : ( ( Phi @ X ) <=> ( ^ [Y: individual] : ( ( Phi @ Y ) & ~ ( Phi @ Y ) ) @ X ) ) ) ) => ( ( positive @ Phi ) <=> ( po
prim_batch_16,PHI/PHI045^9.p,unknown,Theorem,parser_error,na,0,,,,,,,,,cached: Lexer failed to parse entire string. Unparsed: {$necessary} @ ( ! [X: individual] : ( ( exists @ X ) => ( ( Phi @ X ) <=> ( Psi @ X ) ) ) ) ) => ( ( positive @ Phi ) <=> ( positive @ Psi ) ) ) ). %---
prim_batch_16,PHI/PHI046^10.p,unknown,Theorem,parser_error,na,0,,,,,,,,,cached: Lexer failed to parse entire string. Unparsed: {$necessary} @ ( ! [X: individual] : ( ( exists @ X ) => ( ( Phi @ X ) <=> ( ^ [Y: individual] : ( ( Phi @ Y ) & ~ ( Phi @ Y ) ) @ X ) ) ) ) ) => ( ( pos
prim_batch_16,PHI/PHI046^9.p,unknown,Theorem,parser_error,na,0,,,,,,,,,cached: Lexer failed to parse entire string. Unparsed: {$necessary} @ ( ! [X: individual] : ( ( exists @ X ) => ( ( Phi @ X ) <=> ( Psi @ X ) ) ) ) ) => ( ( positive @ Phi ) <=> ( positive @ Psi ) ) ) ). %---
prim_batch_16,PLA/PLA032^7.p,TH0,Theorem,timeout,na,2231,4088,85,4088,191,208,0,0,0,
prim_batch_16,PLA/PLA033^7.p,TH0,Theorem,timeout,na,2183,1811,38,1811,208,0,0,0,0,
prim_batch_16,PLA/PLA053^15.p,TH0,CounterSatisfiable,timeout,na,2118,2972,48,2972,208,56,0,0,0,
prim_batch_16,PLA/PLA053^18.p,TH0,Theorem,timeout,na,2155,3380,33,3380,192,172,0,0,0,
prim_batch_16,PLA/PLA053^2.p,TH0,Theorem,timeout,na,2144,3155,94,3155,193,20,0,0,0,
prim_batch_16,PLA/PLA053^4.p,TH0,Theorem,timeout,na,2116,3309,127,3309,192,24,0,0,0,
prim_batch_16,PLA/PLA053^5.p,TH0,Theorem,timeout,na,2185,3740,83,3740,190,28,0,0,0,
prim_batch_16,PLA/PLA054^4.p,TH0,Theorem,timeout,na,2114,2991,146,2991,235,0,0,0,0,
prim_batch_16,PRO/PRO019^1.p,TH1,Theorem,timeout,na,3032,99,9,99,1,0,0,0,0,
prim_batch_16,PRO/PRO020^1.p,TH1,Theorem,timeout,na,3474,57,5,57,1,0,0,0,0,
prim_batch_16,PRO/PRO021^1.p,TH1,Theorem,timeout,na,3890,31,3,31,1,0,0,0,0,
prim_batch_16,PRO/PRO022^1.p,TH1,Theorem,timeout,na,3201,45,4,45,1,0,0,0,0,
prim_batch_16,PRO/PRO023^1.p,TH1,Theorem,timeout,na,4087,0,0,0,1,0,0,0,0,
prim_batch_16,PRO/PRO024^1.p,TH1,Theorem,timeout,na,4569,0,0,0,1,0,0,0,0,
prim_batch_16,PRO/PRO025^1.p,TH1,Theorem,timeout,na,4656,0,0,0,1,0,0,0,0,
prim_batch_16,PRO/PRO026^1.p,TH1,Theorem,timeout,na,4590,0,0,0,1,0,0,0,0,
prim_batch_16,PRO/PRO027^1.p,TH1,Theorem,timeout,na,4484,0,0,0,1,0,0,0,0,
prim_batch_16,PRO/PRO028^1.p,TH1,Theorem,timeout,na,4511,0,0,0,1,0,0,0,0,
prim_batch_16,PRO/PRO029^16.p,TH0,Theorem,timeout,na,2097,2534,98,2534,240,54,0,0,0,
prim_batch_16,PUZ/PUZ031^5.p,TH0,Theorem,timeout,na,2209,1892,6,1892,110,0,0,0,0,
prim_batch_16,PUZ/PUZ047^5.p,TH0,Theorem,timeout,na,2350,5053,3,5054,295,0,0,0,0,
prim_batch_16,PUZ/PUZ081^1.p,TH0,Theorem,parser_error,na,0,,,,,,,,,cached: Failed to parse formula 'kk_6_6': [byte:2999] Type Error: Cannot unify strict function types of different arities.
prim_batch_16,PUZ/PUZ081^2.p,TH0,Theorem,timeout,na,2038,972,23,959,137,30,0,0,0,
prim_batch_16,PUZ/PUZ081^3.p,TH0,Theorem,timeout,na,2231,3559,15,2898,117,886,0,0,0,
prim_batch_16,PUZ/PUZ082^1.p,TH0,Theorem,unk,na,55,106,1,96,9,16,0,0,0,
prim_batch_16,PUZ/PUZ083^1.p,TH0,Theorem,unk,na,94,222,0,207,12,42,0,0,0,
prim_batch_16,PUZ/PUZ084^1.p,TH0,Theorem,thm,yes,121,30,2,30,2,0,0,1,1,
prim_batch_16,PUZ/PUZ085^1.p,TH0,Theorem,timeout,na,2091,2612,178,2612,184,43,0,6,0,
prim_batch_16,PUZ/PUZ086^1.p,TH0,Theorem,timeout,na,2133,1999,66,1999,194,0,0,0,0,
prim_batch_16,PUZ/PUZ087^1.p,TH0,Theorem,timeout,na,2622,3306,10,3306,307,0,0,0,0,
prim_batch_16,PUZ/PUZ087^2.p,TH0,Theorem,timeout,na,2568,3201,11,3201,327,0,0,0,0,
prim_batch_16,PUZ/PUZ088^5.p,TH0,Theorem,thm,yes,13,16,0,16,2,0,0,3,1,
prim_batch_16,PUZ/PUZ090^5.p,TH0,Theorem,thm,yes,193,1,0,1,1,1,0,0,0,
prim_batch_16,PUZ/PUZ091^5.p,TH0,Theorem,thm,yes,354,1,0,1,1,1,0,0,0,
prim_batch_16,PUZ/PUZ092^5.p,TH0,Theorem,thm,yes,1400,50,1,50,3,9,0,0,0,
prim_batch_16,PUZ/PUZ093^5.p,TH0,Theorem,timeout,na,2031,16,1,16,2,0,0,0,0,
prim_batch_16,PUZ/PUZ094^5.p,TH0,Theorem,timeout,na,2519,4921,5,4921,235,0,0,0,0,
prim_batch_16,PUZ/PUZ095^5.p,TH0,CounterSatisfiable,timeout,na,2036,433,18,433,38,0,0,2,0,
prim_batch_16,PUZ/PUZ096^5.p,TH0,CounterSatisfiable,timeout,na,2027,1,0,1,1,0,0,0,0,
prim_batch_16,PUZ/PUZ097^5.p,TH0,CounterSatisfiable,timeout,na,2020,1,0,1,1,0,0,0,0,
prim_batch_16,PUZ/PUZ098^5.p,TH0,Unknown,timeout,na,2025,2,0,2,1,0,0,0,0,
prim_batch_16,PUZ/PUZ099^5.p,TH0,CounterSatisfiable,timeout,na,2043,2693,167,2693,168,0,0,2,0,
prim_batch_16,PUZ/PUZ100^5.p,TH0,Theorem,thm,yes,9,4,0,4,1,1,0,0,0,
prim_batch_16,PUZ/PUZ101^5.p,TH0,CounterSatisfiable,timeout,na,2023,7,0,7,2,1,0,0,0,
prim_batch_16,PUZ/PUZ102^5.p,TH0,Theorem,thm,yes,13,12,0,12,2,0,0,1,1,
prim_batch_16,PUZ/PUZ103^5.p,TH0,Theorem,timeout,na,2101,3114,101,3114,466,36,0,2,0,
prim_batch_16,PUZ/PUZ104^5.p,TH0,Theorem,timeout,na,2047,2637,150,2637,193,3,0,2,0,
prim_batch_16,PUZ/PUZ105^5.p,TH0,CounterSatisfiable,timeout,na,2062,2340,127,2340,213,12,0,2,0,
prim_batch_16,PUZ/PUZ106^5.p,TH0,CounterSatisfiable,timeout,na,2079,1509,59,1509,255,10,0,1,0,
prim_batch_16,PUZ/PUZ107^5.p,TH0,Theorem,timeout,na,2107,2488,18,2488,280,84,0,0,0,
prim_batch_16,PUZ/PUZ108^5.p,TH0,Theorem,timeout,na,2050,2431,102,2431,219,16,0,2,0,
prim_batch_16,PUZ/PUZ109^5.p,TH0,Theorem,timeout,na,2039,1279,19,1279,195,0,0,2,0,
prim_batch_16,PUZ/PUZ110^5.p,TH0,Theorem,timeout,na,2048,1387,22,1387,217,0,0,2,0,
prim_batch_16,PUZ/PUZ111^5.p,TH0,CounterSatisfiable,timeout,na,2151,5951,49,5951,214,356,0,0,0,
prim_batch_16,PUZ/PUZ112^5.p,TH0,CounterSatisfiable,timeout,na,2209,9040,79,9040,299,554,0,0,0,
prim_batch_16,PUZ/PUZ113^5.p,TH0,Theorem,timeout,na,2027,1185,32,1185,151,0,0,2,0,
prim_batch_16,PUZ/PUZ114^5.p,TH0,Theorem,timeout,na,2054,1234,18,1234,207,0,0,2,0,
prim_batch_16,PUZ/PUZ115^5.p,TH0,CounterSatisfiable,timeout,na,2046,2756,165,2756,183,0,0,2,0,
prim_batch_16,PUZ/PUZ116^5.p,TH0,CounterSatisfiable,timeout,na,2034,1584,82,1584,119,0,0,2,0,
prim_batch_16,PUZ/PUZ117^5.p,TH0,CounterSatisfiable,timeout,na,2048,2700,160,2700,182,0,0,2,0,
prim_batch_16,PUZ/PUZ118^5.p,TH0,CounterSatisfiable,timeout,na,2036,683,7,683,137,28,0,4,0,
prim_batch_16,PUZ/PUZ119^5.p,TH0,CounterSatisfiable,timeout,na,2051,2838,170,2838,184,0,0,2,0,
prim_batch_16,PUZ/PUZ120^5.p,TH0,CounterSatisfiable,timeout,na,2054,2809,151,2809,211,0,0,2,0,
prim_batch_16,PUZ/PUZ121^5.p,TH0,CounterSatisfiable,timeout,na,2020,148,0,148,50,6,0,0,0,
prim_batch_16,PUZ/PUZ122^5.p,TH0,Unknown,timeout,na,2088,982,6,982,219,46,0,0,0,
prim_batch_16,PUZ/PUZ123^5.p,TH0,CounterSatisfiable,timeout,na,2044,1718,83,1718,161,18,0,1,0,
prim_batch_16,PUZ/PUZ124^5.p,TH0,CounterSatisfiable,timeout,na,2059,1299,17,1299,207,43,0,3,0,
prim_batch_16,PUZ/PUZ125^5.p,TH0,CounterSatisfiable,timeout,na,2042,476,1,476,141,34,0,3,0,
prim_batch_16,PUZ/PUZ126^5.p,TH0,CounterSatisfiable,timeout,na,2032,306,0,306,72,15,0,1,0,
prim_batch_16,PUZ/PUZ127^5.p,TH0,Theorem,timeout,na,2086,2081,117,2081,203,87,0,0,0,
prim_batch_16,PUZ/PUZ136^1.p,TH0,Theorem,timeout,na,2081,4356,310,4356,208,7,0,4,0,
prim_batch_16,PUZ/PUZ137^1.p,TH0,Theorem,unk,na,115,384,0,355,26,72,0,0,0,
prim_batch_16,PUZ/PUZ140^1.p,TH0,Theorem,thm,yes,40,49,0,49,6,1,0,1,1,
prim_batch_16,PUZ/PUZ140^2.p,TH0,Theorem,timeout,na,2053,2895,126,2895,273,15,0,1,0,
prim_batch_16,PUZ/PUZ141^1.p,TH0,Theorem,timeout,na,2080,2681,94,2681,302,53,0,1,0,
prim_batch_16,PUZ/PUZ142^1.p,TH0,Theorem,timeout,na,3037,9491,2,9491,454,2,0,0,0,
prim_batch_16,PUZ/PUZ143^1.p,TH0,CounterSatisfiable,timeout,na,2062,2080,68,2080,128,149,0,2,0,
prim_batch_16,PUZ/PUZ144^1.p,TH0,Theorem,timeout,na,3894,7154,7,7154,427,0,0,0,0,
prim_batch_16,PUZ/PUZ145^1.p,TH0,Theorem,timeout,na,4289,3053,31,3053,1034,0,0,0,0,
prim_batch_16,PUZ/PUZ146^1.p,TH0,Theorem,thm,yes,16,26,1,26,2,0,0,1,1,
prim_batch_16,PUZ/PUZ147^1.p,TH1,Theorem,parse_timeout,na,0,,,,,,,,,cached: parse exceeded 5000ms
prim_batch_16,PUZ/PUZ148^1.p,TH1,Theorem,parse_timeout,na,0,,,,,,,,,cached: parse exceeded 5000ms
prim_batch_16,PUZ/PUZ149^13.p,TH0,Theorem,timeout,na,2070,1915,52,1915,216,54,0,0,0,
prim_batch_16,PUZ/PUZ150^18.p,TH0,Theorem,timeout,na,2088,1638,49,1638,152,68,0,0,0,
prim_batch_16,PUZ/PUZ154^1.p,TH0,CounterSatisfiable,timeout,na,2039,2268,145,2268,109,2,0,2,0,
prim_batch_16,QUA/QUA001^1.p,TH0,Theorem,timeout,na,2057,1517,43,1517,136,39,0,1,0,
prim_batch_16,QUA/QUA002^1.p,TH0,Theorem,thm,yes,73,67,3,67,4,5,0,0,0,
prim_batch_16,QUA/QUA003^1.p,TH0,Theorem,timeout,na,2060,2158,94,2158,158,49,0,1,0,
prim_batch_16,QUA/QUA004^1.p,TH0,Theorem,timeout,na,2070,2417,90,2417,203,50,0,1,0,
prim_batch_16,QUA/QUA005^1.p,TH0,Theorem,timeout,na,2061,2430,120,2430,164,46,0,1,0,
prim_batch_16,QUA/QUA006^1.p,TH0,Theorem,timeout,na,2048,2229,156,2229,88,17,0,1,0,
prim_batch_16,QUA/QUA007^1.p,TH0,Theorem,timeout,na,2063,1577,33,1577,166,43,0,1,0,
prim_batch_16,QUA/QUA008^1.p,TH0,Theorem,timeout,na,2057,1545,48,1545,140,29,0,1,0,
prim_batch_16,QUA/QUA009^1.p,TH0,Theorem,timeout,na,2073,2588,126,2588,178,40,0,0,0,
prim_batch_16,QUA/QUA010^1.p,TH0,Theorem,timeout,na,2076,2317,76,2317,216,40,0,1,0,
prim_batch_16,QUA/QUA011^1.p,TH0,Theorem,timeout,na,2060,2320,100,2320,165,45,0,1,0,
prim_batch_16,QUA/QUA012^1.p,TH0,Theorem,timeout,na,2076,2376,73,2376,218,59,0,1,0,
prim_batch_16,QUA/QUA013^1.p,TH0,Theorem,timeout,na,2066,1630,39,1630,168,99,0,5,0,
prim_batch_16,QUA/QUA014^1.p,TH0,Theorem,timeout,na,2063,1650,50,1650,159,95,0,5,0,
prim_batch_16,QUA/QUA015^1.p,TH0,Theorem,timeout,na,2058,1346,32,1346,132,84,0,5,0,
prim_batch_16,QUA/QUA016^1.p,TH0,Theorem,timeout,na,2065,1429,36,1429,138,96,0,5,0,
prim_batch_16,QUA/QUA017^1.p,TH0,Theorem,timeout,na,2075,2823,162,2823,174,55,0,1,0,
prim_batch_16,QUA/QUA018^1.p,TH0,Theorem,timeout,na,2086,3215,156,3215,151,92,0,0,0,
prim_batch_16,QUA/QUA019^1.p,TH0,Theorem,timeout,na,2152,3766,72,3766,506,241,0,1,0,
prim_batch_16,QUA/QUA020^1.p,TH0,Theorem,timeout,na,2067,2171,82,2171,197,68,0,2,0,
prim_batch_16,QUA/QUA021^1.p,TH0,Satisfiable,no_conjecture,na,16,,,,,,,,,
prim_batch_16,RAL/RAL001^1.p,TH1,Theorem,parse_timeout,na,0,,,,,,,,,cached: parse exceeded 5000ms
prim_batch_16,RAL/RAL002^1.p,TH1,Theorem,parse_timeout,na,0,,,,,,,,,cached: parse exceeded 5000ms
prim_batch_16,RAL/RAL003^1.p,TH1,Theorem,parse_timeout,na,0,,,,,,,,,cached: parse exceeded 5000ms
prim_batch_16,RAL/RAL004^1.p,TH1,Theorem,parse_timeout,na,0,,,,,,,,,cached: parse exceeded 5000ms
prim_batch_16,RAL/RAL005^1.p,TH1,Theorem,parse_timeout,na,0,,,,,,,,,cached: parse exceeded 5000ms
prim_batch_16,RAL/RAL006^1.p,TH1,Theorem,parse_timeout,na,0,,,,,,,,,cached: parse exceeded 5000ms
prim_batch_16,RAL/RAL007^1.p,TH1,Theorem,parse_timeout,na,0,,,,,,,,,cached: parse exceeded 5000ms
prim_batch_16,RAL/RAL008^1.p,TH1,Theorem,parse_timeout,na,0,,,,,,,,,cached: parse exceeded 5000ms
prim_batch_16,RAL/RAL009^1.p,TH1,Theorem,parse_timeout,na,0,,,,,,,,,cached: parse exceeded 5000ms
prim_batch_16,RAL/RAL010^1.p,TH1,Theorem,parse_timeout,na,0,,,,,,,,,cached: parse exceeded 5000ms
prim_batch_16,RAL/RAL011^1.p,TH1,Theorem,parse_timeout,na,0,,,,,,,,,cached: parse exceeded 5000ms
prim_batch_16,RAL/RAL012^1.p,TH1,Theorem,parse_timeout,na,0,,,,,,,,,cached: parse exceeded 5000ms
prim_batch_16,RAL/RAL013^1.p,TH1,Theorem,parse_timeout,na,0,,,,,,,,,cached: parse exceeded 5000ms
prim_batch_16,RAL/RAL014^1.p,TH1,Theorem,parse_timeout,na,0,,,,,,,,,cached: parse exceeded 5000ms
prim_batch_16,RAL/RAL015^1.p,TH1,Theorem,parse_timeout,na,0,,,,,,,,,cached: parse exceeded 5000ms
prim_batch_16,RAL/RAL016^1.p,TH1,Theorem,parse_timeout,na,0,,,,,,,,,cached: parse exceeded 5000ms
prim_batch_16,RAL/RAL017^1.p,TH1,Theorem,parse_timeout,na,0,,,,,,,,,cached: parse exceeded 5000ms
prim_batch_16,RAL/RAL018^1.p,TH1,Theorem,parse_timeout,na,0,,,,,,,,,cached: parse exceeded 5000ms
prim_batch_16,RAL/RAL019^1.p,TH1,Theorem,parse_timeout,na,0,,,,,,,,,cached: parse exceeded 5000ms
prim_batch_16,RAL/RAL020^1.p,TH1,Theorem,parse_timeout,na,0,,,,,,,,,cached: parse exceeded 5000ms
prim_batch_16,RAL/RAL021^1.p,TH1,Theorem,parse_timeout,na,0,,,,,,,,,cached: parse exceeded 5000ms
prim_batch_16,RAL/RAL022^1.p,TH1,Theorem,parse_timeout,na,0,,,,,,,,,cached: parse exceeded 5000ms
prim_batch_16,RAL/RAL023^1.p,TH1,Theorem,parse_timeout,na,0,,,,,,,,,cached: parse exceeded 5000ms
prim_batch_16,RAL/RAL024^1.p,TH1,Theorem,parse_timeout,na,0,,,,,,,,,cached: parse exceeded 5000ms
prim_batch_16,RAL/RAL025^1.p,TH1,Theorem,parse_timeout,na,0,,,,,,,,,cached: parse exceeded 5000ms
prim_batch_16,RAL/RAL026^1.p,TH1,Theorem,parse_timeout,na,0,,,,,,,,,cached: parse exceeded 5000ms
prim_batch_16,RAL/RAL027^1.p,TH1,Theorem,parse_timeout,na,0,,,,,,,,,cached: parse exceeded 5000ms
prim_batch_16,RAL/RAL028^1.p,TH1,Theorem,parse_timeout,na,0,,,,,,,,,cached: parse exceeded 5000ms
prim_batch_16,RAL/RAL029^1.p,TH1,Theorem,parse_timeout,na,0,,,,,,,,,cached: parse exceeded 5000ms
prim_batch_16,RAL/RAL030^1.p,TH1,Theorem,parse_timeout,na,0,,,,,,,,,cached: parse exceeded 5000ms
prim_batch_16,RAL/RAL031^1.p,TH1,Theorem,parse_timeout,na,0,,,,,,,,,cached: parse exceeded 5000ms
prim_batch_16,RAL/RAL032^1.p,TH1,Theorem,parse_timeout,na,0,,,,,,,,,cached: parse exceeded 5000ms
prim_batch_16,RAL/RAL033^1.p,TH1,Theorem,parse_timeout,na,0,,,,,,,,,cached: parse exceeded 5000ms
prim_batch_16,RAL/RAL034^1.p,TH1,Theorem,parse_timeout,na,0,,,,,,,,,cached: parse exceeded 5000ms
prim_batch_16,RAL/RAL035^1.p,TH1,Theorem,parse_timeout,na,0,,,,,,,,,cached: parse exceeded 5000ms
prim_batch_16,RAL/RAL036^1.p,TH1,Theorem,parse_timeout,na,0,,,,,,,,,cached: parse exceeded 5000ms
prim_batch_16,RAL/RAL037^1.p,TH1,Theorem,parse_timeout,na,0,,,,,,,,,cached: parse exceeded 5000ms
prim_batch_16,RAL/RAL038^1.p,TH1,Theorem,parse_timeout,na,0,,,,,,,,,cached: parse exceeded 5000ms
prim_batch_16,RAL/RAL039^1.p,TH1,Theorem,parse_timeout,na,0,,,,,,,,,cached: parse exceeded 5000ms
prim_batch_16,RAL/RAL040^1.p,TH1,Theorem,parse_timeout,na,0,,,,,,,,,cached: parse exceeded 5000ms
prim_batch_16,RAL/RAL041^1.p,TH1,Theorem,parse_timeout,na,0,,,,,,,,,cached: parse exceeded 5000ms
prim_batch_16,RAL/RAL042^1.p,TH1,Theorem,parse_timeout,na,0,,,,,,,,,cached: parse exceeded 5000ms
prim_batch_16,RAL/RAL043^1.p,TH1,Theorem,parse_timeout,na,0,,,,,,,,,cached: parse exceeded 5000ms
prim_batch_16,RAL/RAL044^1.p,TH1,Theorem,parse_timeout,na,0,,,,,,,,,cached: parse exceeded 5000ms
prim_batch_16,RAL/RAL045^1.p,TH1,Theorem,parse_timeout,na,0,,,,,,,,,cached: parse exceeded 5000ms
prim_batch_16,RAL/RAL046^1.p,TH1,Theorem,parse_timeout,na,0,,,,,,,,,cached: parse exceeded 5000ms
prim_batch_16,RAL/RAL047^1.p,TH1,Theorem,parse_timeout,na,0,,,,,,,,,cached: parse exceeded 5000ms
prim_batch_16,RAL/RAL048^1.p,TH1,Theorem,parse_timeout,na,0,,,,,,,,,cached: parse exceeded 5000ms
prim_batch_16,RAL/RAL049^1.p,TH1,Theorem,parse_timeout,na,0,,,,,,,,,cached: parse exceeded 5000ms
prim_batch_16,RAL/RAL050^1.p,TH1,Theorem,parse_timeout,na,0,,,,,,,,,cached: parse exceeded 5000ms
prim_batch_16,RAL/RAL051^1.p,TH1,Theorem,parse_timeout,na,0,,,,,,,,,cached: parse exceeded 5000ms
prim_batch_16,RAL/RAL052^1.p,TH1,Theorem,parse_timeout,na,0,,,,,,,,,cached: parse exceeded 5000ms
prim_batch_16,RAL/RAL053^1.p,TH1,Theorem,parse_timeout,na,0,,,,,,,,,cached: parse exceeded 5000ms
prim_batch_16,RAL/RAL054^1.p,TH1,Theorem,parse_timeout,na,0,,,,,,,,,cached: parse exceeded 5000ms
prim_batch_16,RAL/RAL055^1.p,TH1,Theorem,parse_timeout,na,0,,,,,,,,,cached: parse exceeded 5000ms
prim_batch_16,RAL/RAL056^1.p,TH1,Theorem,parse_timeout,na,0,,,,,,,,,cached: parse exceeded 5000ms
prim_batch_16,RAL/RAL057^1.p,TH1,Theorem,parse_timeout,na,0,,,,,,,,,cached: parse exceeded 5000ms
prim_batch_16,RAL/RAL058^1.p,TH1,Theorem,parse_timeout,na,0,,,,,,,,,cached: parse exceeded 5000ms
prim_batch_16,RAL/RAL059^1.p,TH1,Theorem,parse_timeout,na,0,,,,,,,,,cached: parse exceeded 5000ms
prim_batch_16,RAL/RAL060^1.p,TH1,Theorem,parse_timeout,na,0,,,,,,,,,cached: parse exceeded 5000ms
prim_batch_16,RAL/RAL061^1.p,TH1,Theorem,parse_timeout,na,0,,,,,,,,,cached: parse exceeded 5000ms
prim_batch_16,RAL/RAL062^1.p,TH1,Theorem,parse_timeout,na,0,,,,,,,,,cached: parse exceeded 5000ms
prim_batch_16,RAL/RAL063^1.p,TH1,Theorem,parse_timeout,na,0,,,,,,,,,cached: parse exceeded 5000ms
prim_batch_16,RAL/RAL064^1.p,TH1,Theorem,parse_timeout,na,0,,,,,,,,,cached: parse exceeded 5000ms
prim_batch_16,RAL/RAL065^1.p,TH1,Theorem,parse_timeout,na,0,,,,,,,,,cached: parse exceeded 5000ms
prim_batch_16,RAL/RAL066^1.p,TH1,Theorem,parse_timeout,na,0,,,,,,,,,cached: parse exceeded 5000ms
prim_batch_16,RAL/RAL067^1.p,TH1,Theorem,parse_timeout,na,0,,,,,,,,,cached: parse exceeded 5000ms
prim_batch_16,RAL/RAL068^1.p,TH1,Theorem,parse_timeout,na,0,,,,,,,,,cached: parse exceeded 5000ms
prim_batch_16,RAL/RAL069^1.p,TH1,Theorem,parse_timeout,na,0,,,,,,,,,cached: parse exceeded 5000ms
prim_batch_16,RAL/RAL070^1.p,TH1,Theorem,parse_timeout,na,0,,,,,,,,,cached: parse exceeded 5000ms
prim_batch_16,SCT/SCT169^1.p,TH0,Theorem,timeout,na,2736,2273,18,2273,968,0,0,1,0,
prim_batch_16,SCT/SCT169^2.p,TH0,Theorem,timeout,na,2699,624,62,624,1,0,0,0,0,
prim_batch_16,SCT/SCT169^3.p,TH1,Theorem,parser_error,na,0,,,,,,,,,cached: Failed to parse formula 'fact_1119_Skolem__list__nth': Syntax Error: '$o' denotes a type and cannot be used as a term.
prim_batch_16,SCT/SCT170^1.p,TH0,Theorem,timeout,na,2721,343,33,343,2,0,0,0,0,
prim_batch_16,SCT/SCT170^2.p,TH0,Theorem,timeout,na,4192,176,17,176,2,0,0,0,0,
prim_batch_16,SCT/SCT170^3.p,TH0,Theorem,timeout,na,5619,178,17,178,2,0,0,0,0,
prim_batch_16,SCT/SCT171^1.p,TH0,Theorem,thm,yes,881,29,1,29,4,4,0,0,0,
prim_batch_16,SCT/SCT171^2.p,TH0,Theorem,thm,yes,2142,92,2,92,8,8,0,0,0,
prim_batch_16,SCT/SCT171^3.p,TH0,ContradictoryAxioms,thm,na,4745,92,2,92,8,8,0,0,0,
prim_batch_16,SET/SET002^3.p,TH0,Theorem,timeout,na,2378,3283,29,3283,1144,0,0,3,0,
prim_batch_16,SET/SET002^4.p,TH0,Theorem,timeout,na,2349,3674,35,3674,226,0,0,0,0,
prim_batch_16,SET/SET002^7.p,TH0,Theorem,timeout,na,2172,1697,48,1697,164,0,0,0,0,
prim_batch_16,SET/SET004^4.p,TH0,Theorem,timeout,na,2354,3601,37,3601,205,0,0,0,0,
prim_batch_16,SET/SET008^5.p,TH0,Theorem,thm,yes,7,3,0,3,1,1,0,0,0,
prim_batch_16,SET/SET009^5.p,TH0,Theorem,thm,yes,21,15,1,15,2,0,0,1,1,
prim_batch_16,SET/SET010^5.p,TH0,Theorem,thm,yes,15,4,0,4,1,1,0,0,0,
prim_batch_16,SET/SET011^5.p,TH0,Theorem,thm,yes,6,3,0,3,1,1,0,0,0,
prim_batch_16,SET/SET013^7.p,TH0,Theorem,timeout,na,2186,1576,109,1576,96,0,0,0,0,
prim_batch_16,SET/SET014^4.p,TH0,Theorem,thm,yes,49,54,0,54,8,4,0,1,1,
prim_batch_16,SET/SET014^5.p,TH0,Theorem,thm,yes,44,68,0,68,7,7,0,1,1,
prim_batch_16,SET/SET014^7.p,TH0,Theorem,timeout,na,2238,231,21,231,3,0,0,0,0,
prim_batch_16,SET/SET017^1.p,TH0,Theorem,timeout,na,2104,3962,200,3962,281,46,0,1,0,
prim_batch_16,SET/SET018^7.p,TH0,Theorem,timeout,na,2245,348,34,348,1,0,0,0,0,
prim_batch_16,SET/SET019^4.p,TH0,Theorem,timeout,na,2154,1920,115,1920,129,0,0,0,0,
prim_batch_16,SET/SET020^7.p,TH0,Theorem,timeout,na,2484,88,8,88,1,0,0,0,0,
prim_batch_16,SET/SET027^3.p,TH0,Theorem,timeout,na,2148,4174,54,4174,648,67,0,4,0,
prim_batch_16,SET/SET027^5.p,TH0,Theorem,thm,yes,25,21,1,21,3,0,0,1,1,
prim_batch_16,SET/SET027^7.p,TH0,Theorem,timeout,na,2138,2102,55,2102,224,8,0,0,0,
prim_batch_16,SET/SET043^5.p,TH0,Theorem,thm,yes,11,10,0,10,2,0,0,1,1,
prim_batch_16,SET/SET044^23.p,TH0,Theorem,timeout,na,2102,2588,31,2588,237,42,0,0,0,
prim_batch_16,SET/SET044^5.p,TH0,Theorem,thm,yes,28,33,0,33,5,1,0,1,1,
prim_batch_16,SET/SET045^5.p,TH0,Theorem,thm,yes,14,15,0,15,2,1,0,1,1,
prim_batch_16,SET/SET045^7.p,TH0,Theorem,timeout,na,2086,729,14,729,101,20,0,0,0,
prim_batch_16,SET/SET046^5.p,TH0,Theorem,timeout,na,2232,4871,18,4871,1236,231,0,3,0,
prim_batch_16,SET/SET047^1.p,TH0,Theorem,timeout,na,2113,3156,5,3156,630,39,0,3,0,
prim_batch_16,SET/SET055^12.p,TH0,Theorem,thm,yes,238,3,0,3,1,1,0,0,0,
prim_batch_16,SET/SET062^5.p,TH0,Theorem,thm,yes,2,3,0,3,1,1,0,0,0,
prim_batch_16,SET/SET062^6.p,TH0,Theorem,thm,yes,2,2,0,2,1,1,0,0,0,
prim_batch_16,SET/SET062^7.p,TH0,Theorem,timeout,na,2192,1607,102,1607,98,0,0,0,0,
prim_batch_16,SET/SET063^4.p,TH0,Theorem,timeout,na,2364,3430,35,3430,212,0,0,0,0,
prim_batch_16,SET/SET063^5.p,TH0,Theorem,thm,yes,7,8,0,8,1,0,0,1,1,
prim_batch_16,SET/SET066^1.p,TH0,Theorem,thm,yes,28,21,0,21,3,5,0,0,0,
prim_batch_16,SET/SET067^1.p,TH0,Theorem,thm,yes,20,5,0,5,1,1,0,0,0,
prim_batch_16,SET/SET076^1.p,TH0,Theorem,thm,yes,33,14,1,14,2,2,0,0,0,
prim_batch_16,SET/SET086^1.p,TH0,Theorem,thm,yes,22,16,0,16,2,1,0,1,1,
prim_batch_16,SET/SET096^1.p,TH0,Theorem,timeout,na,2077,4061,260,4061,186,31,0,2,0,
prim_batch_16,SET/SET143^3.p,TH0,Theorem,thm,yes,51,36,0,36,3,7,0,0,0,
prim_batch_16,SET/SET143^5.p,TH0,Theorem,thm,yes,9,4,0,4,1,1,0,0,0,
prim_batch_16,SET/SET144^5.p,TH0,Theorem,thm,yes,35,23,0,23,2,0,0,1,1,
prim_batch_16,SET/SET159^5.p,TH0,Theorem,thm,yes,12,4,0,4,1,1,0,0,0,
prim_batch_16,SET/SET162^5.p,TH0,Theorem,thm,yes,3,2,0,2,1,1,0,0,0,
prim_batch_16,SET/SET169^5.p,TH0,Theorem,thm,yes,15,4,0,4,1,1,0,0,0,
prim_batch_16,SET/SET171^3.p,TH0,Theorem,thm,yes,54,36,0,36,4,7,0,0,0,
prim_batch_16,SET/SET171^5.p,TH0,Theorem,thm,yes,15,4,0,4,1,1,0,0,0,
prim_batch_16,SET/SET173^5.p,TH0,Theorem,thm,yes,5,3,0,3,1,1,0,0,0,
prim_batch_16,SET/SET175^5.p,TH0,Theorem,thm,yes,5,3,0,3,1,1,0,0,0,
prim_batch_16,SET/SET183^5.p,TH0,Theorem,thm,yes,18,20,0,20,2,0,0,1,1,
prim_batch_16,SET/SET185^5.p,TH0,Theorem,thm,yes,5,3,0,3,1,1,0,0,0,
prim_batch_16,SET/SET194^5.p,TH0,Theorem,thm,yes,4,4,0,4,1,1,0,0,0,
prim_batch_16,SET/SET196^5.p,TH0,Theorem,thm,yes,4,4,0,4,1,1,0,0,0,
prim_batch_16,SET/SET199^5.p,TH0,Theorem,thm,yes,32,16,1,16,2,0,0,1,1,
prim_batch_16,SET/SET200^5.p,TH0,Theorem,thm,yes,61,82,0,82,8,8,0,1,1,
prim_batch_16,SET/SET201^5.p,TH0,Theorem,thm,yes,57,67,0,67,8,8,0,1,1,
prim_batch_16,SET/SET557^1.p,TH0,Theorem,thm,yes,114,25,0,25,3,1,0,1,1,
prim_batch_16,SET/SET557^6.p,TH0,Theorem,timeout,na,2041,1415,25,1415,214,14,0,1,0,
prim_batch_16,SET/SET574^20.p,TH0,Theorem,timeout,na,2104,2022,53,2022,220,4,0,0,0,
prim_batch_16,SET/SET575^7.p,TH0,Theorem,timeout,na,2091,944,60,944,70,0,0,0,0,
prim_batch_16,SET/SET576^7.p,TH0,Theorem,timeout,na,2261,2966,16,2966,217,220,0,0,0,
prim_batch_16,SET/SET579^3.p,TH0,Theorem,timeout,na,2360,3245,22,3245,1319,0,0,2,0,
prim_batch_16,SET/SET580^3.p,TH0,Theorem,thm,yes,62,46,0,46,4,10,0,0,0,
prim_batch_16,SET/SET580^5.p,TH0,Theorem,thm,yes,6,4,0,4,1,1,0,0,0,
prim_batch_16,SET/SET582^5.p,TH0,Theorem,thm,yes,104,144,0,144,18,14,0,1,1,
prim_batch_16,SET/SET583^7.p,TH0,Theorem,timeout,na,2148,1804,90,1804,158,0,0,0,0,
prim_batch_16,SET/SET584^5.p,TH0,Theorem,thm,yes,22,17,1,17,2,0,0,1,1,
prim_batch_16,SET/SET585^5.p,TH0,Theorem,thm,yes,5,5,0,5,1,1,0,0,0,
prim_batch_16,SET/SET586^5.p,TH0,Theorem,thm,yes,22,15,1,15,2,0,0,1,1,
prim_batch_16,SET/SET587^5.p,TH0,Theorem,thm,yes,28,42,0,42,5,3,0,1,1,
prim_batch_16,SET/SET588^5.p,TH0,Theorem,thm,yes,23,15,1,15,2,0,0,1,1,
prim_batch_16,SET/SET589^5.p,TH0,Theorem,thm,yes,61,73,1,73,9,8,0,1,1,
prim_batch_16,SET/SET590^5.p,TH0,Theorem,thm,yes,4,4,0,4,1,1,0,0,0,
prim_batch_16,SET/SET591^5.p,TH0,Theorem,thm,yes,11,9,0,9,1,0,0,1,1,
prim_batch_16,SET/SET592^5.p,TH0,Theorem,thm,yes,45,75,0,75,8,0,0,1,1,
prim_batch_16,SET/SET593^5.p,TH0,Theorem,thm,yes,10,4,0,4,1,1,0,0,0,
prim_batch_16,SET/SET594^5.p,TH0,Theorem,thm,yes,35,22,1,22,3,0,0,1,1,
prim_batch_16,SET/SET595^5.p,TH0,Theorem,thm,yes,18,20,0,20,2,0,0,1,1,
prim_batch_16,SET/SET596^5.p,TH0,Theorem,thm,yes,37,55,1,55,5,1,0,1,1,
prim_batch_16,SET/SET597^5.p,TH0,Theorem,timeout,na,2052,1365,13,1365,154,46,0,0,0,
prim_batch_16,SET/SET598^5.p,TH0,Theorem,timeout,na,2078,1884,33,1884,178,54,0,0,0,
prim_batch_16,SET/SET599^5.p,TH0,Theorem,thm,yes,8,4,0,4,1,1,0,0,0,
prim_batch_16,SET/SET600^5.p,TH0,Theorem,thm,yes,56,59,4,59,4,4,0,1,1,
prim_batch_16,SET/SET601^3.p,TH0,Theorem,thm,yes,92,78,0,78,8,18,0,0,0,
prim_batch_16,SET/SET601^5.p,TH0,Theorem,thm,yes,22,4,0,4,1,1,0,0,0,
prim_batch_16,SET/SET603^5.p,TH0,Theorem,thm,yes,3,2,0,2,1,1,0,0,0,
prim_batch_16,SET/SET604^5.p,TH0,Theorem,thm,yes,3,2,0,2,1,1,0,0,0,
prim_batch_16,SET/SET605^5.p,TH0,Theorem,thm,yes,5,3,0,3,1,1,0,0,0,
prim_batch_16,SET/SET606^3.p,TH0,Theorem,thm,yes,41,25,0,25,3,5,0,0,0,
prim_batch_16,SET/SET606^5.p,TH0,Theorem,thm,yes,7,3,0,3,1,1,0,0,0,
prim_batch_16,SET/SET607^3.p,TH0,Theorem,thm,yes,39,25,0,25,3,5,0,0,0,
prim_batch_16,SET/SET607^5.p,TH0,Theorem,thm,yes,6,3,0,3,1,1,0,0,0,
prim_batch_16,SET/SET608^5.p,TH0,Theorem,thm,yes,5,3,0,3,1,1,0,0,0,
prim_batch_16,SET/SET609^3.p,TH0,Theorem,thm,yes,56,38,0,38,4,7,0,0,0,
prim_batch_16,SET/SET609^5.p,TH0,Theorem,thm,yes,16,4,0,4,1,1,0,0,0,
prim_batch_16,SET/SET610^5.p,TH0,Theorem,thm,yes,7,3,0,3,1,1,0,0,0,
prim_batch_16,SET/SET611^3.p,TH0,Theorem,timeout,na,2261,6795,134,6795,137,512,0,0,0,
prim_batch_16,SET/SET611^5.p,TH0,Theorem,thm,yes,28,43,1,43,4,3,0,1,1,
prim_batch_16,SET/SET612^3.p,TH0,Theorem,thm,yes,54,36,0,36,3,7,0,0,0,
prim_batch_16,SET/SET612^5.p,TH0,Theorem,thm,yes,26,4,0,4,1,1,0,0,0,
prim_batch_16,SET/SET613^5.p,TH0,Theorem,thm,yes,18,3,0,3,1,1,0,0,0,
prim_batch_16,SET/SET614^3.p,TH0,Theorem,thm,yes,59,36,0,36,3,7,0,0,0,
prim_batch_16,SET/SET614^5.p,TH0,Theorem,thm,yes,12,4,0,4,1,1,0,0,0,
prim_batch_16,SET/SET615^3.p,TH0,Theorem,thm,yes,61,67,0,67,6,14,0,0,0,
prim_batch_16,SET/SET615^5.p,TH0,Theorem,thm,yes,14,4,0,4,1,1,0,0,0,
prim_batch_16,SET/SET616^5.p,TH0,Theorem,thm,yes,28,39,0,39,5,2,0,1,1,
prim_batch_16,SET/SET617^5.p,TH0,Theorem,thm,yes,6,2,0,2,1,1,0,0,0,
prim_batch_16,SET/SET618^5.p,TH0,Theorem,thm,yes,5,2,0,2,1,1,0,0,0,
prim_batch_16,SET/SET619^5.p,TH0,Theorem,thm,yes,9,3,0,3,1,1,0,0,0,
prim_batch_16,SET/SET620^5.p,TH0,Theorem,thm,yes,12,3,0,3,1,1,0,0,0,
prim_batch_16,SET/SET621^5.p,TH0,Theorem,thm,yes,22,4,0,4,1,1,0,0,0,
prim_batch_16,SET/SET622^5.p,TH0,Theorem,thm,yes,21,4,0,4,1,1,0,0,0,
prim_batch_16,SET/SET623^3.p,TH0,Theorem,thm,yes,79,122,0,122,7,28,0,0,0,
prim_batch_16,SET/SET623^5.p,TH0,Theorem,thm,yes,46,4,0,4,1,1,0,0,0,
prim_batch_16,SET/SET624^3.p,TH0,Theorem,thm,yes,129,407,1,407,54,35,0,1,1,
prim_batch_16,SET/SET624^5.p,TH0,Theorem,thm,yes,90,186,1,186,28,19,0,1,1,
prim_batch_16,SET/SET625^5.p,TH0,Theorem,thm,yes,34,29,1,29,5,2,0,1,1,
prim_batch_16,SET/SET626^5.p,TH0,Theorem,thm,yes,17,14,1,14,2,0,0,1,1,
prim_batch_16,SET/SET627^5.p,TH0,Theorem,thm,yes,3,3,0,3,1,1,0,0,0,
prim_batch_16,SET/SET628^5.p,TH0,Theorem,thm,yes,14,21,1,21,3,2,0,1,1,
prim_batch_16,SET/SET629^5.p,TH0,Theorem,thm,yes,5,4,0,4,1,1,0,0,0,
prim_batch_16,SET/SET630^3.p,TH0,Theorem,thm,yes,26,5,0,5,1,1,0,0,0,
prim_batch_16,SET/SET630^5.p,TH0,Theorem,thm,yes,6,4,0,4,1,1,0,0,0,
prim_batch_16,SET/SET631^5.p,TH0,Theorem,thm,yes,20,14,1,14,2,0,0,1,1,
prim_batch_16,SET/SET632^5.p,TH0,Theorem,thm,yes,42,89,2,89,8,0,0,1,1,
prim_batch_16,SET/SET633^5.p,TH0,Theorem,thm,yes,67,164,0,164,22,36,0,1,1,
prim_batch_16,SET/SET634^5.p,TH0,Theorem,thm,yes,14,4,0,4,1,1,0,0,0,
prim_batch_16,SET/SET635^5.p,TH0,Theorem,thm,yes,14,4,0,4,1,1,0,0,0,
prim_batch_16,SET/SET636^5.p,TH0,Theorem,thm,yes,27,42,0,42,5,3,0,1,1,
prim_batch_16,SET/SET638^5.p,TH0,Theorem,thm,yes,77,283,1,283,28,49,0,1,1,
prim_batch_16,SET/SET640^3.p,TH0,Theorem,thm,yes,222,507,10,507,29,35,0,1,1,
prim_batch_16,SET/SET646^3.p,TH0,Theorem,thm,yes,147,292,6,292,26,18,0,1,1,
prim_batch_16,SET/SET647^3.p,TH0,Theorem,thm,yes,87,34,0,34,4,3,0,1,1,
prim_batch_16,SET/SET648^3.p,TH0,Theorem,thm,yes,76,30,0,30,3,2,0,1,1,
prim_batch_16,SET/SET649^3.p,TH0,Theorem,thm,yes,93,50,1,50,6,1,0,1,1,
prim_batch_16,SET/SET651^3.p,TH0,Theorem,thm,yes,88,42,0,42,4,1,0,1,1,
prim_batch_16,SET/SET657^3.p,TH0,Theorem,thm,yes,59,4,0,4,1,1,0,0,0,
prim_batch_16,SET/SET669^3.p,TH0,Theorem,timeout,na,2193,4042,135,4042,126,98,0,0,0,
prim_batch_16,SET/SET670^3.p,TH0,Theorem,thm,yes,88,27,1,27,3,0,0,1,1,
prim_batch_16,SET/SET671^3.p,TH0,Theorem,timeout,na,2064,769,5,769,45,139,0,2,0,
prim_batch_16,SET/SET672^3.p,TH0,Theorem,thm,yes,84,24,1,24,3,0,0,1,1,
prim_batch_16,SET/SET673^3.p,TH0,Theorem,timeout,na,2095,1999,1,1999,136,407,0,3,0,
prim_batch_16,SET/SET680^3.p,TH0,Theorem,thm,yes,116,75,1,75,8,6,0,1,1,
prim_batch_16,SET/SET683^3.p,TH0,Theorem,thm,yes,97,42,1,42,5,0,0,1,1,
prim_batch_16,SET/SET684^3.p,TH0,Theorem,thm,yes,81,11,0,11,2,2,0,0,0,
prim_batch_16,SET/SET716^4.p,TH0,Theorem,timeout,na,2103,3042,76,3042,374,83,0,1,0,
prim_batch_16,SET/SET724^4.p,TH0,Theorem,timeout,na,2065,2039,50,2039,207,9,0,4,0,
prim_batch_16,SET/SET741^4.p,TH0,Theorem,timeout,na,2076,2724,123,2724,256,25,0,1,0,
prim_batch_16,SET/SET747^4.p,TH0,Theorem,thm,yes,179,441,8,441,85,0,0,2,1,
prim_batch_16,SET/SET752^4.p,TH0,Theorem,timeout,na,2124,4376,215,4376,166,126,0,0,0,
prim_batch_16,SET/SET753^4.p,TH0,Theorem,thm,yes,82,74,3,74,5,7,0,1,1,
prim_batch_16,SET/SET764^4.p,TH0,Theorem,thm,yes,40,14,0,14,2,2,0,0,0,
prim_batch_16,SET/SET907^7.p,TH0,Theorem,timeout,na,2164,2031,126,2031,137,0,0,0,0,
prim_batch_16,SET/SET908^7.p,TH0,Theorem,timeout,na,2171,508,37,508,25,0,0,0,0,
prim_batch_16,SET/SET914^7.p,TH0,Theorem,timeout,na,2178,1761,108,1761,115,0,0,0,0,
prim_batch_16,SET/SET916^7.p,TH0,Theorem,timeout,na,2198,444,24,444,34,0,0,0,0,
prim_batch_16,SET/SET924^1.p,TH0,Theorem,thm,yes,51,1,0,1,1,1,0,0,0,
prim_batch_16,SET/SET925^7.p,TH0,Theorem,thm,yes,108,1,0,1,1,1,0,0,0,
prim_batch_16,SET/SET926^11.p,TH0,Theorem,timeout,na,2120,2370,91,2370,161,0,0,0,0,
prim_batch_16,SET/SET926^12.p,TH0,Theorem,timeout,na,2121,2377,105,2377,151,0,0,0,0,
prim_batch_16,SET/SET926^20.p,TH0,Theorem,timeout,na,2131,2170,71,2170,158,0,0,0,0,
prim_batch_16,SET/SET926^7.p,TH0,Theorem,timeout,na,2162,2260,108,2260,138,0,0,0,0,
prim_batch_16,SET/SET926^8.p,TH0,Theorem,timeout,na,2165,2022,42,2022,169,0,0,0,0,
prim_batch_16,SEU/SEU452^1.p,TH0,Theorem,timeout,na,2030,1126,67,1126,69,9,0,0,0,
prim_batch_16,SEU/SEU453^1.p,TH0,Theorem,thm,yes,67,5,0,5,1,1,0,0,0,
prim_batch_16,SEU/SEU454^1.p,TH0,Theorem,thm,yes,57,3,0,3,1,1,0,0,0,
prim_batch_16,SEU/SEU455^1.p,TH0,Theorem,thm,yes,56,5,0,5,1,1,0,0,0,
prim_batch_16,SEU/SEU456^1.p,TH0,Theorem,thm,yes,75,16,1,16,2,0,0,1,1,
prim_batch_16,SEU/SEU457^1.p,TH0,Theorem,thm,yes,56,5,0,5,1,1,0,0,0,
prim_batch_16,SEU/SEU458^1.p,TH0,Theorem,thm,yes,57,3,0,3,1,1,0,0,0,
prim_batch_16,SEU/SEU459^1.p,TH0,Theorem,thm,yes,55,5,0,5,1,1,0,0,0,
prim_batch_16,SEU/SEU460^1.p,TH0,Theorem,thm,yes,95,41,0,41,4,1,0,1,1,
prim_batch_16,SEU/SEU461^1.p,TH0,Theorem,timeout,na,2092,715,29,715,68,0,0,1,0,
prim_batch_16,SEU/SEU462^1.p,TH0,Theorem,timeout,na,2101,1255,66,1255,97,0,0,1,0,
prim_batch_16,SEU/SEU463^1.p,TH0,Theorem,timeout,na,2087,828,40,828,76,0,0,1,0,
prim_batch_16,SEU/SEU464^1.p,TH0,Theorem,timeout,na,2107,1255,31,1255,167,0,0,1,0,
prim_batch_16,SEU/SEU465^1.p,TH0,Theorem,thm,yes,66,5,0,5,1,1,0,0,0,
prim_batch_16,SEU/SEU466^1.p,TH0,Theorem,timeout,na,2080,974,42,974,110,1,0,0,0,
prim_batch_16,SEU/SEU467^1.p,TH0,Theorem,thm,yes,112,21,1,21,3,0,0,1,1,
prim_batch_16,SEU/SEU468^1.p,TH0,Theorem,timeout,na,2096,971,50,971,95,0,0,1,0,
prim_batch_16,SEU/SEU469^1.p,TH0,Theorem,timeout,na,2102,917,34,917,148,4,0,1,0,
prim_batch_16,SEU/SEU470^1.p,TH0,CounterSatisfiable,timeout,na,2115,828,19,828,168,5,0,0,0,
prim_batch_16,SEU/SEU471^1.p,TH0,CounterSatisfiable,timeout,na,2090,1084,41,1084,123,9,0,0,0,
prim_batch_16,SEU/SEU472^1.p,TH0,Theorem,thm,yes,163,32,2,32,3,0,0,1,1,
prim_batch_16,SEU/SEU473^1.p,TH0,Theorem,timeout,na,2113,1576,51,1576,161,1,0,0,0,
prim_batch_16,SEU/SEU474^1.p,TH0,Theorem,thm,yes,93,37,0,37,3,8,0,0,0,
prim_batch_16,SEU/SEU475^1.p,TH0,Theorem,timeout,na,2076,447,18,447,44,3,0,0,0,
prim_batch_16,SEU/SEU476^1.p,TH0,Theorem,timeout,na,2108,1409,56,1409,163,24,0,0,0,
prim_batch_16,SEU/SEU477^1.p,TH0,Theorem,timeout,na,2140,2604,37,2604,345,54,0,1,0,
prim_batch_16,SEU/SEU478^1.p,TH0,Theorem,timeout,na,2123,1807,34,1807,299,0,0,4,0,
prim_batch_16,SEU/SEU479^1.p,TH0,Theorem,timeout,na,2187,2752,16,2752,551,0,0,3,0,
prim_batch_16,SEU/SEU480^1.p,TH0,Theorem,timeout,na,2136,2081,20,2081,378,0,0,3,0,
prim_batch_16,SEU/SEU481^1.p,TH0,Theorem,timeout,na,2073,819,48,819,49,0,0,2,0,
prim_batch_16,SEU/SEU482^1.p,TH0,Theorem,timeout,na,2091,1074,48,1074,75,23,0,1,0,
prim_batch_16,SEU/SEU483^1.p,TH0,Theorem,timeout,na,2129,2034,71,2034,260,0,0,2,0,
prim_batch_16,SEU/SEU484^1.p,TH0,Theorem,timeout,na,2150,1971,36,1971,324,0,0,2,0,
prim_batch_16,SEU/SEU485^1.p,TH0,Theorem,timeout,na,2118,878,32,878,141,6,0,0,0,
prim_batch_16,SEU/SEU486^1.p,TH0,Theorem,timeout,na,2139,1482,53,1482,270,21,0,0,0,
prim_batch_16,SEU/SEU487^1.p,TH0,Theorem,timeout,na,2088,250,8,250,43,5,0,0,0,
prim_batch_16,SEU/SEU488^1.p,TH0,Theorem,timeout,na,2114,1070,31,1070,171,17,0,0,0,
prim_batch_16,SEU/SEU489^1.p,TH0,CounterSatisfiable,timeout,na,2113,1178,48,1178,152,10,0,0,0,
prim_batch_16,SEU/SEU490^1.p,TH0,Theorem,timeout,na,2118,1228,28,1228,220,2,0,0,0,
prim_batch_16,SEU/SEU491^1.p,TH0,Theorem,timeout,na,2101,1697,87,1697,149,10,0,1,0,
prim_batch_16,SEU/SEU492^1.p,TH0,Theorem,timeout,na,2458,7091,143,7091,2065,120,0,1,0,
prim_batch_16,SEU/SEU493^1.p,TH0,Theorem,timeout,na,2278,4646,103,4646,1322,114,0,1,0,
prim_batch_16,SEU/SEU494^1.p,TH0,Theorem,timeout,na,2456,6837,154,6837,1906,305,0,2,0,
prim_batch_16,SEU/SEU495^1.p,TH0,Theorem,thm,yes,83,73,1,73,7,4,0,1,1,
prim_batch_16,SEU/SEU496^1.p,TH0,Theorem,timeout,na,2075,452,15,452,67,0,0,0,0,
prim_batch_16,SEU/SEU497^1.p,TH0,Theorem,timeout,na,2296,5119,84,5119,1235,169,0,1,0,
prim_batch_16,SEU/SEU498^1.p,TH0,Theorem,timeout,na,2252,4936,133,4936,219,89,0,0,0,
prim_batch_16,SEU/SEU499^1.p,TH0,Theorem,timeout,na,2147,2561,80,2561,276,3,0,1,0,
prim_batch_16,SEU/SEU499^2.p,TH0,Theorem,thm,yes,24,26,0,26,4,2,0,1,1,
prim_batch_16,SEU/SEU500^1.p,TH0,Theorem,timeout,na,2163,2355,44,2354,311,1,0,1,0,
prim_batch_16,SEU/SEU500^2.p,TH0,Theorem,thm,yes,26,17,0,16,2,1,0,1,1,
prim_batch_16,SEU/SEU501^1.p,TH0,Theorem,thm,yes,143,43,4,43,1,0,0,1,1,
prim_batch_16,SEU/SEU501^2.p,TH0,Theorem,thm,yes,7,9,0,9,1,0,0,1,1,
prim_batch_16,SEU/SEU502^1.p,TH0,Theorem,thm,yes,90,6,0,6,1,1,0,0,0,
prim_batch_16,SEU/SEU502^2.p,TH0,Theorem,thm,yes,6,9,0,9,2,1,0,1,1,
prim_batch_16,SEU/SEU503^1.p,TH0,Theorem,thm,yes,95,6,0,6,1,1,0,0,0,
prim_batch_16,SEU/SEU503^2.p,TH0,Theorem,thm,yes,6,9,0,9,2,1,0,1,1,
prim_batch_16,SEU/SEU504^1.p,TH0,Theorem,thm,yes,199,50,5,50,1,0,0,1,1,
prim_batch_16,SEU/SEU504^2.p,TH0,Theorem,thm,yes,14,12,1,12,1,0,0,1,1,
prim_batch_16,SEU/SEU505^1.p,TH0,Theorem,timeout,na,2088,1901,138,1901,90,0,0,1,0,
prim_batch_16,SEU/SEU505^2.p,TH0,Theorem,timeout,na,2172,5622,64,5622,288,190,0,0,0,
prim_batch_16,SEU/SEU506^1.p,TH0,Theorem,timeout,na,2085,1214,60,1214,62,16,0,1,0,
prim_batch_16,SEU/SEU506^2.p,TH0,Theorem,timeout,na,2225,6113,105,6113,243,228,0,0,0,
prim_batch_16,SEU/SEU507^1.p,TH0,Theorem,timeout,na,2127,1651,59,1651,168,16,0,1,0,
prim_batch_16,SEU/SEU508^1.p,TH0,Theorem,timeout,na,2105,1374,60,1374,86,32,0,2,0,
prim_batch_16,SEU/SEU508^2.p,TH0,Theorem,timeout,na,2089,1962,72,1962,309,39,0,1,0,
prim_batch_16,SEU/SEU509^1.p,TH0,Theorem,timeout,na,2095,1153,60,1153,61,16,0,1,0,
prim_batch_16,SEU/SEU509^2.p,TH0,Theorem,timeout,na,2194,5859,124,5859,243,113,0,0,0,
prim_batch_16,SEU/SEU510^1.p,TH0,Theorem,timeout,na,2085,1371,98,1371,55,2,0,2,0,
prim_batch_16,SEU/SEU510^2.p,TH0,Theorem,timeout,na,2048,2642,187,2642,108,3,0,2,0,
prim_batch_16,SEU/SEU511^1.p,TH0,Theorem,timeout,na,2093,1668,117,1668,56,13,0,2,0,
prim_batch_16,SEU/SEU511^2.p,TH0,Theorem,thm,yes,61,43,2,43,3,2,0,2,1,
prim_batch_16,SEU/SEU512^1.p,TH0,Theorem,timeout,na,2100,879,34,879,62,16,0,1,0,
prim_batch_16,SEU/SEU512^2.p,TH0,Theorem,timeout,na,2066,3083,110,3083,148,34,0,0,0,
prim_batch_16,SEU/SEU513^1.p,TH0,Theorem,thm,yes,701,113,11,113,1,0,0,1,1,
prim_batch_16,SEU/SEU513^2.p,TH0,Theorem,thm,yes,5,6,0,6,1,0,0,1,1,
prim_batch_16,SEU/SEU514^1.p,TH0,Theorem,timeout,na,2118,1265,57,1265,100,16,0,1,0,
prim_batch_16,SEU/SEU514^2.p,TH0,Theorem,thm,yes,88,48,1,48,4,2,0,1,1,
prim_batch_16,SEU/SEU515^1.p,TH0,Theorem,timeout,na,2105,1024,55,1024,51,15,0,1,0,
prim_batch_16,SEU/SEU515^2.p,TH0,Theorem,timeout,na,2111,2996,84,2996,479,110,0,1,0,
prim_batch_16,SEU/SEU516^1.p,TH0,Theorem,timeout,na,2105,1078,60,1078,50,16,0,1,0,
prim_batch_16,SEU/SEU516^2.p,TH0,Theorem,timeout,na,2108,3217,74,3217,172,172,0,0,0,
prim_batch_16,SEU/SEU517^1.p,TH0,Theorem,timeout,na,2098,692,35,692,36,14,0,1,0,
prim_batch_16,SEU/SEU517^2.p,TH0,Theorem,timeout,na,2072,2349,112,2349,212,0,0,0,0,
prim_batch_16,SEU/SEU518^1.p,TH0,Theorem,timeout,na,2102,1198,84,1198,55,0,0,1,0,
prim_batch_16,SEU/SEU518^2.p,TH0,Theorem,timeout,na,2172,5187,77,5187,1130,167,0,2,0,
prim_batch_16,SEU/SEU519^1.p,TH0,Theorem,timeout,na,2077,442,30,442,22,0,0,1,0,
prim_batch_16,SEU/SEU519^2.p,TH0,Theorem,thm,yes,30,26,0,26,3,1,0,1,1,
prim_batch_16,SEU/SEU520^1.p,TH0,Theorem,thm,yes,1786,75,7,75,1,1,0,0,0,
prim_batch_16,SEU/SEU521^1.p,TH0,Theorem,timeout,na,2105,923,52,923,40,16,0,2,0,
prim_batch_16,SEU/SEU521^2.p,TH0,Theorem,thm,yes,40,24,1,24,3,0,0,1,1,
prim_batch_16,SEU/SEU522^1.p,TH0,Theorem,timeout,na,2103,944,61,944,36,13,0,1,0,
prim_batch_16,SEU/SEU522^2.p,TH0,Theorem,thm,yes,52,35,2,35,3,1,0,1,1,
prim_batch_16,SEU/SEU523^1.p,TH0,Theorem,timeout,na,2112,887,52,887,34,15,0,1,0,
prim_batch_16,SEU/SEU523^2.p,TH0,Theorem,thm,yes,62,43,1,43,5,1,0,1,1,
prim_batch_16,SEU/SEU524^1.p,TH0,Theorem,timeout,na,2106,908,60,908,31,8,0,1,0,
prim_batch_16,SEU/SEU524^2.p,TH0,Theorem,thm,yes,55,69,1,69,8,0,0,3,1,
prim_batch_16,SEU/SEU525^1.p,TH0,Theorem,timeout,na,2133,996,64,996,65,1,0,1,0,
prim_batch_16,SEU/SEU525^2.p,TH0,Theorem,timeout,na,2100,3610,92,3610,460,111,0,1,0,
prim_batch_16,SEU/SEU526^1.p,TH0,Theorem,timeout,na,2102,741,51,741,28,3,0,1,0,
prim_batch_16,SEU/SEU526^2.p,TH0,Theorem,timeout,na,2187,6484,138,6484,202,120,0,0,0,
prim_batch_16,SEU/SEU527^1.p,TH0,Theorem,timeout,na,2105,739,43,739,29,15,0,2,0,
prim_batch_16,SEU/SEU527^2.p,TH0,Theorem,timeout,na,2235,4792,21,4792,237,5,0,0,0,
prim_batch_16,SEU/SEU528^1.p,TH0,Theorem,timeout,na,2101,639,46,639,26,0,0,1,0,
prim_batch_16,SEU/SEU528^2.p,TH0,Theorem,timeout,na,2054,2475,112,2475,195,33,0,1,0,
prim_batch_16,SEU/SEU529^1.p,TH0,Theorem,thm,yes,1723,164,16,164,1,0,0,1,1,
prim_batch_16,SEU/SEU529^2.p,TH0,Theorem,thm,yes,11,9,0,9,1,0,0,1,1,
prim_batch_16,SEU/SEU530^1.p,TH0,Theorem,timeout,na,2107,500,37,500,23,0,0,2,0,
prim_batch_16,SEU/SEU530^2.p,TH0,Theorem,timeout,na,2075,2684,47,2684,438,57,0,4,0,
prim_batch_16,SEU/SEU531^1.p,TH0,Theorem,timeout,na,2104,408,29,408,19,0,0,1,0,
prim_batch_16,SEU/SEU531^2.p,TH0,Theorem,timeout,na,2210,4836,42,4836,256,16,0,0,0,
prim_batch_16,SEU/SEU532^1.p,TH0,Theorem,timeout,na,2086,13,1,13,1,0,0,0,0,
prim_batch_16,SEU/SEU532^2.p,TH0,Theorem,thm,yes,8,9,0,9,1,0,0,1,1,
prim_batch_16,SEU/SEU533^1.p,TH0,Theorem,timeout,na,2093,10,1,10,1,0,0,0,0,
prim_batch_16,SEU/SEU533^2.p,TH0,Theorem,thm,yes,19,18,1,18,2,0,0,1,1,
prim_batch_16,SEU/SEU534^1.p,TH0,Theorem,timeout,na,2096,120,12,120,1,0,0,0,0,
prim_batch_16,SEU/SEU534^2.p,TH0,Theorem,thm,yes,55,39,1,39,3,1,0,3,1,
prim_batch_16,SEU/SEU535^1.p,TH0,Theorem,timeout,na,2100,86,8,86,1,0,0,0,0,
prim_batch_16,SEU/SEU535^2.p,TH0,Theorem,thm,yes,10,12,0,12,2,1,0,1,1,
prim_batch_16,SEU/SEU536^1.p,TH0,Theorem,timeout,na,2101,67,6,67,1,0,0,0,0,
prim_batch_16,SEU/SEU536^2.p,TH0,Theorem,thm,yes,15,12,0,12,2,0,0,1,1,
prim_batch_16,SEU/SEU537^1.p,TH0,Theorem,timeout,na,2102,59,5,59,1,0,0,0,0,
prim_batch_16,SEU/SEU537^2.p,TH0,Theorem,thm,yes,16,12,0,12,2,0,0,1,1,
prim_batch_16,SEU/SEU538^1.p,TH0,Theorem,timeout,na,2105,53,5,53,1,0,0,0,0,
prim_batch_16,SEU/SEU538^2.p,TH0,Theorem,thm,yes,15,11,0,11,2,0,0,1,1,
prim_batch_16,SEU/SEU539^1.p,TH0,Theorem,timeout,na,2107,51,5,51,1,0,0,0,0,
prim_batch_16,SEU/SEU539^2.p,TH0,Theorem,thm,yes,15,11,0,11,2,0,0,1,1,
prim_batch_16,SEU/SEU540^1.p,TH0,Theorem,timeout,na,2111,43,4,43,1,0,0,0,0,
prim_batch_16,SEU/SEU540^2.p,TH0,Theorem,timeout,na,2094,2474,121,2471,342,3,0,2,0,
prim_batch_16,SEU/SEU541^1.p,TH0,Theorem,timeout,na,2110,41,4,41,1,0,0,0,0,
prim_batch_16,SEU/SEU541^2.p,TH0,Theorem,thm,yes,8,12,0,11,2,2,0,0,0,
prim_batch_16,SEU/SEU542^1.p,TH0,Theorem,timeout,na,2116,41,4,41,1,0,0,0,0,
prim_batch_16,SEU/SEU543^1.p,TH0,Theorem,timeout,na,2115,39,3,39,1,0,0,0,0,
prim_batch_16,SEU/SEU544^1.p,TH0,Theorem,timeout,na,2118,36,3,36,1,0,0,0,0,
prim_batch_16,SEU/SEU544^2.p,TH0,Theorem,thm,yes,23,23,0,23,5,1,0,1,1,
prim_batch_16,SEU/SEU545^1.p,TH0,Theorem,timeout,na,2124,34,3,34,1,0,0,0,0,
prim_batch_16,SEU/SEU545^2.p,TH0,Theorem,timeout,na,2138,5040,118,5040,196,221,0,0,0,
prim_batch_16,SEU/SEU546^1.p,TH0,Theorem,timeout,na,2117,30,3,30,1,0,0,0,0,
prim_batch_16,SEU/SEU546^2.p,TH0,Theorem,timeout,na,2067,3852,191,3852,186,73,0,0,0,
prim_batch_16,SEU/SEU547^1.p,TH0,Theorem,thm,yes,1370,23,2,23,1,1,0,0,0,
prim_batch_16,SEU/SEU547^2.p,TH0,Theorem,thm,yes,20,9,0,9,1,1,0,0,0,
prim_batch_16,SEU/SEU548^1.p,TH0,Theorem,thm,yes,1633,35,1,35,2,2,0,0,0,
prim_batch_16,SEU/SEU548^2.p,TH0,Theorem,thm,yes,40,16,0,16,2,2,0,0,0,
prim_batch_16,SEU/SEU549^1.p,TH0,Theorem,timeout,na,2132,34,3,34,1,0,0,0,0,
prim_batch_16,SEU/SEU549^2.p,TH0,Theorem,timeout,na,2068,3726,231,3726,195,47,0,2,0,
prim_batch_16,SEU/SEU550^1.p,TH0,Theorem,timeout,na,2137,25,2,25,1,0,0,0,0,
prim_batch_16,SEU/SEU550^2.p,TH0,Theorem,timeout,na,2070,3644,171,3644,223,90,0,0,0,
prim_batch_16,SEU/SEU551^1.p,TH0,Theorem,timeout,na,2097,21,2,21,1,0,0,0,0,
prim_batch_16,SEU/SEU551^2.p,TH0,Theorem,thm,yes,1,1,0,1,1,1,0,0,0,
prim_batch_16,SEU/SEU551^3.p,TH0,Theorem,thm,yes,2,2,0,2,1,1,0,0,0,
prim_batch_16,SEU/SEU552^1.p,TH0,Theorem,timeout,na,2142,26,2,26,1,0,0,0,0,
prim_batch_16,SEU/SEU552^2.p,TH0,Theorem,thm,yes,26,17,1,17,1,1,0,0,0,
prim_batch_16,SEU/SEU553^1.p,TH0,Theorem,timeout,na,2144,21,2,21,1,0,0,0,0,
prim_batch_16,SEU/SEU553^2.p,TH0,Theorem,thm,yes,12,10,0,10,1,1,0,0,0,
prim_batch_16,SEU/SEU554^1.p,TH0,Theorem,timeout,na,2146,21,2,21,1,0,0,0,0,
prim_batch_16,SEU/SEU555^1.p,TH0,Theorem,timeout,na,2097,19,1,19,1,0,0,0,0,
prim_batch_16,SEU/SEU556^1.p,TH0,Theorem,timeout,na,2151,28,2,28,1,0,0,0,0,
prim_batch_16,SEU/SEU557^1.p,TH0,Theorem,timeout,na,2170,29,2,29,1,0,0,0,0,
prim_batch_16,SEU/SEU557^2.p,TH0,Theorem,timeout,na,2070,2310,105,2310,200,0,0,1,0,
prim_batch_16,SEU/SEU558^1.p,TH0,Theorem,timeout,na,2166,20,2,20,1,0,0,0,0,
prim_batch_16,SEU/SEU558^2.p,TH0,Theorem,timeout,na,2076,2198,112,2198,268,20,0,1,0,
prim_batch_16,SEU/SEU559^1.p,TH0,Theorem,timeout,na,2171,22,2,22,1,0,0,0,0,
prim_batch_16,SEU/SEU559^2.p,TH0,Theorem,thm,yes,19,12,0,12,2,0,0,1,1,
prim_batch_16,SEU/SEU560^1.p,TH0,Theorem,thm,yes,1367,13,1,13,1,1,0,0,0,
prim_batch_16,SEU/SEU560^2.p,TH0,Theorem,thm,yes,11,8,0,8,1,1,0,0,0,
prim_batch_16,SEU/SEU561^1.p,TH0,Theorem,thm,yes,1400,13,1,13,1,1,0,0,0,
prim_batch_16,SEU/SEU561^2.p,TH0,Theorem,thm,yes,11,8,0,8,1,1,0,0,0,
prim_batch_16,SEU/SEU562^1.p,TH0,Theorem,timeout,na,2183,19,1,19,1,0,0,0,0,
prim_batch_16,SEU/SEU562^2.p,TH0,Theorem,thm,yes,25,22,1,22,2,0,0,1,1,
prim_batch_16,SEU/SEU563^1.p,TH0,Theorem,timeout,na,2183,2,0,2,1,0,0,0,0,
prim_batch_16,SEU/SEU563^2.p,TH0,Theorem,thm,yes,11,12,1,12,1,0,0,1,1,
prim_batch_16,SEU/SEU564^1.p,TH0,Theorem,timeout,na,2191,19,1,19,1,0,0,0,0,
prim_batch_16,SEU/SEU564^2.p,TH0,Theorem,thm,yes,17,13,0,13,2,0,0,1,1,
prim_batch_16,SEU/SEU565^1.p,TH0,Theorem,timeout,na,2193,19,1,19,1,0,0,0,0,
prim_batch_16,SEU/SEU565^2.p,TH0,Theorem,thm,yes,28,20,1,20,3,0,0,1,1,
prim_batch_16,SEU/SEU566^1.p,TH0,Theorem,timeout,na,2200,19,1,19,1,0,0,0,0,
prim_batch_16,SEU/SEU566^2.p,TH0,Theorem,thm,yes,28,21,1,21,3,0,0,1,1,
prim_batch_16,SEU/SEU567^1.p,TH0,Theorem,timeout,na,2196,13,1,13,1,0,0,0,0,
prim_batch_16,SEU/SEU567^2.p,TH0,Theorem,thm,yes,20,18,0,18,3,0,0,1,1,
prim_batch_16,SEU/SEU568^1.p,TH0,Theorem,thm,yes,2020,15,1,15,1,1,0,0,0,
prim_batch_16,SEU/SEU568^2.p,TH0,Theorem,thm,yes,18,10,0,10,1,1,0,0,0,
prim_batch_16,SEU/SEU569^1.p,TH0,Theorem,timeout,na,2205,0,0,0,1,0,0,0,0,
prim_batch_16,SEU/SEU569^2.p,TH0,Theorem,thm,yes,18,17,0,17,3,0,0,1,1,
prim_batch_16,SEU/SEU570^1.p,TH0,Theorem,timeout,na,2207,17,1,17,1,0,0,0,0,
prim_batch_16,SEU/SEU570^2.p,TH0,Theorem,timeout,na,2226,5972,30,5972,1549,52,0,4,0,
prim_batch_16,SEU/SEU571^1.p,TH0,Theorem,timeout,na,2206,0,0,0,1,0,0,0,0,
prim_batch_16,SEU/SEU571^2.p,TH0,Theorem,thm,yes,52,82,1,82,10,0,0,3,1,
prim_batch_16,SEU/SEU572^1.p,TH0,Theorem,timeout,na,2229,13,1,13,1,0,0,0,0,
prim_batch_16,SEU/SEU572^2.p,TH0,Theorem,thm,yes,32,29,1,29,3,0,0,2,1,
prim_batch_16,SEU/SEU573^1.p,TH0,Theorem,timeout,na,2229,12,1,12,1,0,0,0,0,
prim_batch_16,SEU/SEU573^2.p,TH0,Theorem,timeout,na,2180,5375,91,5375,1129,46,0,4,0,
prim_batch_16,SEU/SEU574^1.p,TH0,Theorem,timeout,na,2213,13,1,13,1,0,0,0,0,
prim_batch_16,SEU/SEU574^2.p,TH0,Theorem,timeout,na,2220,5924,49,5924,228,132,0,0,0,
prim_batch_16,SEU/SEU575^1.p,TH0,Theorem,timeout,na,2217,10,1,10,1,0,0,0,0,
prim_batch_16,SEU/SEU575^2.p,TH0,Theorem,timeout,na,2079,4075,125,4075,179,70,0,0,0,
prim_batch_16,SEU/SEU576^1.p,TH0,Theorem,timeout,na,2266,12,1,12,1,0,0,0,0,
prim_batch_16,SEU/SEU576^2.p,TH0,Theorem,timeout,na,2206,5212,57,5212,1302,29,0,4,0,
prim_batch_16,SEU/SEU577^1.p,TH0,Theorem,timeout,na,2239,12,1,12,1,0,0,0,0,
prim_batch_16,SEU/SEU577^2.p,TH0,Theorem,timeout,na,2194,5017,83,5017,1141,20,0,4,0,
prim_batch_16,SEU/SEU578^1.p,TH0,Theorem,timeout,na,2240,0,0,0,1,0,0,0,0,
prim_batch_16,SEU/SEU578^2.p,TH0,Theorem,thm,yes,13,16,1,16,2,0,0,1,1,
prim_batch_16,SEU/SEU579^1.p,TH0,Theorem,timeout,na,2256,10,1,10,1,0,0,0,0,
prim_batch_16,SEU/SEU579^2.p,TH0,Theorem,timeout,na,2182,4760,95,4760,910,0,0,2,0,
prim_batch_16,SEU/SEU580^1.p,TH0,Theorem,timeout,na,2253,0,0,0,1,0,0,0,0,
prim_batch_16,SEU/SEU580^2.p,TH0,Theorem,timeout,na,2118,4437,128,4437,636,18,0,3,0,
prim_batch_16,SEU/SEU581^1.p,TH0,Theorem,timeout,na,2255,0,0,0,1,0,0,0,0,
prim_batch_16,SEU/SEU581^2.p,TH0,Theorem,thm,yes,21,18,1,18,2,0,0,1,1,
prim_batch_16,SEU/SEU582^1.p,TH0,Theorem,timeout,na,2270,8,0,8,1,0,0,0,0,
prim_batch_16,SEU/SEU582^2.p,TH0,Theorem,thm,yes,33,27,1,27,3,0,0,1,1,
prim_batch_16,SEU/SEU583^1.p,TH0,Theorem,timeout,na,2276,2,0,2,1,0,0,0,0,
prim_batch_16,SEU/SEU584^1.p,TH0,Theorem,timeout,na,2275,8,0,8,1,0,0,0,0,
prim_batch_16,SEU/SEU584^2.p,TH0,Theorem,thm,yes,32,29,1,29,3,0,0,1,1,
prim_batch_16,SEU/SEU585^1.p,TH0,Theorem,timeout,na,2286,8,0,8,1,0,0,0,0,
prim_batch_16,SEU/SEU585^2.p,TH0,Theorem,timeout,na,2149,3547,67,3547,245,22,0,0,0,
prim_batch_16,SEU/SEU586^1.p,TH0,Theorem,timeout,na,2281,8,0,8,1,0,0,0,0,
prim_batch_16,SEU/SEU586^2.p,TH0,Theorem,thm,yes,44,27,1,27,3,0,0,3,1,
prim_batch_16,SEU/SEU587^1.p,TH0,Theorem,timeout,na,2289,0,0,0,1,0,0,0,0,
prim_batch_16,SEU/SEU587^2.p,TH0,Theorem,thm,yes,37,42,1,42,5,0,0,3,1,
prim_batch_16,SEU/SEU588^1.p,TH0,Theorem,timeout,na,2296,0,0,0,1,0,0,0,0,
prim_batch_16,SEU/SEU588^2.p,TH0,Theorem,thm,yes,37,44,1,44,7,0,0,3,1,
prim_batch_16,SEU/SEU589^1.p,TH0,Theorem,timeout,na,2307,8,0,8,1,0,0,0,0,
prim_batch_16,SEU/SEU589^2.p,TH0,Theorem,thm,yes,47,26,1,26,3,0,0,3,1,
prim_batch_16,SEU/SEU590^1.p,TH0,Theorem,timeout,na,2314,8,0,8,1,0,0,0,0,
prim_batch_16,SEU/SEU590^2.p,TH0,Theorem,timeout,na,2242,4630,48,4630,1370,5,0,3,0,
prim_batch_16,SEU/SEU591^1.p,TH0,Theorem,timeout,na,2311,5,0,5,1,0,0,0,0,
prim_batch_16,SEU/SEU591^2.p,TH0,Theorem,thm,yes,27,17,1,17,2,0,0,1,1,
prim_batch_16,SEU/SEU592^1.p,TH0,Theorem,timeout,na,2324,0,0,0,1,0,0,0,0,
prim_batch_16,SEU/SEU592^2.p,TH0,Theorem,thm,yes,42,50,1,50,7,0,0,3,1,
prim_batch_16,SEU/SEU593^1.p,TH0,Theorem,timeout,na,2325,5,0,5,1,0,0,0,0,
prim_batch_16,SEU/SEU593^2.p,TH0,Theorem,timeout,na,2221,4787,60,4787,245,17,0,0,0,
prim_batch_16,SEU/SEU594^1.p,TH0,Theorem,timeout,na,2330,5,0,5,1,0,0,0,0,
prim_batch_16,SEU/SEU594^2.p,TH0,Theorem,timeout,na,2135,3771,46,3771,849,25,0,1,0,
prim_batch_16,SEU/SEU595^1.p,TH0,Theorem,timeout,na,2327,5,0,5,1,0,0,0,0,
prim_batch_16,SEU/SEU595^2.p,TH0,Theorem,thm,yes,37,16,1,16,2,0,0,1,1,
prim_batch_16,SEU/SEU596^1.p,TH0,Theorem,timeout,na,2353,5,0,5,1,0,0,0,0,
prim_batch_16,SEU/SEU596^2.p,TH0,Theorem,timeout,na,2178,6692,109,6692,212,102,0,0,0,
prim_batch_16,SEU/SEU597^1.p,TH0,Theorem,timeout,na,2344,0,0,0,1,0,0,0,0,
prim_batch_16,SEU/SEU597^2.p,TH0,Theorem,thm,yes,38,46,1,46,7,0,0,3,1,
prim_batch_16,SEU/SEU598^1.p,TH0,Theorem,timeout,na,2354,5,0,5,1,0,0,0,0,
prim_batch_16,SEU/SEU598^2.p,TH0,Theorem,timeout,na,2237,5755,80,5755,254,2,0,0,0,
prim_batch_16,SEU/SEU599^1.p,TH0,Theorem,timeout,na,2352,5,0,5,1,0,0,0,0,
prim_batch_16,SEU/SEU599^2.p,TH0,Theorem,timeout,na,2151,4231,53,4231,951,30,0,1,0,
prim_batch_16,SEU/SEU600^1.p,TH0,Theorem,timeout,na,2357,0,0,0,1,0,0,0,0,
prim_batch_16,SEU/SEU600^2.p,TH0,Theorem,timeout,na,2249,5565,162,5565,246,0,0,0,0,
prim_batch_16,SEU/SEU601^1.p,TH0,Theorem,timeout,na,2359,5,0,5,1,0,0,0,0,
prim_batch_16,SEU/SEU601^2.p,TH0,Theorem,thm,yes,53,28,1,28,3,0,0,4,1,
prim_batch_16,SEU/SEU602^1.p,TH0,Theorem,timeout,na,2384,5,0,5,1,0,0,0,0,
prim_batch_16,SEU/SEU602^2.p,TH0,Theorem,thm,yes,28,19,1,19,2,0,0,1,1,
prim_batch_16,SEU/SEU603^1.p,TH0,Theorem,timeout,na,2387,5,0,5,1,0,0,0,0,
prim_batch_16,SEU/SEU603^2.p,TH0,Theorem,thm,yes,35,17,1,17,2,0,0,1,1,
prim_batch_16,SEU/SEU604^1.p,TH0,Theorem,timeout,na,2396,5,0,5,1,0,0,0,0,
prim_batch_16,SEU/SEU604^2.p,TH0,Theorem,timeout,na,2202,5776,115,5776,280,1,0,0,0,
prim_batch_16,SEU/SEU605^1.p,TH0,Theorem,timeout,na,2400,2,0,2,1,0,0,0,0,
prim_batch_16,SEU/SEU605^2.p,TH0,Theorem,thm,yes,37,29,1,29,3,2,0,3,1,
prim_batch_16,SEU/SEU606^1.p,TH0,Theorem,timeout,na,2411,2,0,2,1,0,0,0,0,
prim_batch_16,SEU/SEU606^2.p,TH0,Theorem,thm,yes,32,20,1,20,3,0,0,2,1,
prim_batch_16,SEU/SEU607^1.p,TH0,Theorem,timeout,na,2414,2,0,2,1,0,0,0,0,
prim_batch_16,SEU/SEU607^2.p,TH0,Theorem,thm,yes,21,16,1,16,2,0,0,1,1,
prim_batch_16,SEU/SEU608^1.p,TH0,Theorem,timeout,na,2425,2,0,2,1,0,0,0,0,
prim_batch_16,SEU/SEU608^2.p,TH0,Theorem,thm,yes,24,14,1,14,2,0,0,1,1,
prim_batch_16,SEU/SEU609^1.p,TH0,Theorem,timeout,na,2429,0,0,0,1,0,0,0,0,
prim_batch_16,SEU/SEU609^2.p,TH0,Theorem,thm,yes,56,105,1,105,18,0,0,3,1,
prim_batch_16,SEU/SEU610^1.p,TH0,Theorem,timeout,na,2444,2,0,2,1,0,0,0,0,
prim_batch_16,SEU/SEU610^2.p,TH0,Theorem,timeout,na,2125,3986,114,3986,553,157,0,2,0,
prim_batch_16,SEU/SEU611^1.p,TH0,Theorem,timeout,na,2447,2,0,2,1,0,0,0,0,
prim_batch_16,SEU/SEU611^2.p,TH0,Theorem,timeout,na,2061,1491,76,1491,172,11,0,1,0,
prim_batch_16,SEU/SEU612^1.p,TH0,Theorem,timeout,na,2460,2,0,2,1,0,0,0,0,
prim_batch_16,SEU/SEU612^2.p,TH0,Theorem,timeout,na,2049,1469,80,1469,166,0,0,3,0,
prim_batch_16,SEU/SEU613^1.p,TH0,Theorem,timeout,na,2462,2,0,2,1,0,0,0,0,
prim_batch_16,SEU/SEU613^2.p,TH0,Theorem,timeout,na,2068,1338,46,1338,270,0,0,3,0,
prim_batch_16,SEU/SEU614^1.p,TH0,Theorem,timeout,na,2460,2,0,2,1,0,0,0,0,
prim_batch_16,SEU/SEU614^2.p,TH0,Theorem,thm,yes,52,26,1,26,4,0,0,1,1,
prim_batch_16,SEU/SEU615^1.p,TH0,Theorem,timeout,na,2468,2,0,2,1,0,0,0,0,
prim_batch_16,SEU/SEU615^2.p,TH0,Theorem,thm,yes,927,1026,24,1026,176,2,0,2,1,
prim_batch_16,SEU/SEU616^1.p,TH0,Theorem,timeout,na,2486,0,0,0,1,0,0,0,0,
prim_batch_16,SEU/SEU617^1.p,TH0,Theorem,timeout,na,2515,0,0,0,1,0,0,0,0,
prim_batch_16,SEU/SEU617^2.p,TH0,Theorem,timeout,na,2227,4325,63,4325,1471,21,0,4,0,
prim_batch_16,SEU/SEU618^1.p,TH0,Theorem,timeout,na,2494,0,0,0,1,0,0,0,0,
prim_batch_16,SEU/SEU618^2.p,TH0,Theorem,timeout,na,2198,4059,46,4059,1015,305,0,4,0,
prim_batch_16,SEU/SEU619^1.p,TH0,Theorem,timeout,na,2494,0,0,0,1,0,0,0,0,
prim_batch_16,SEU/SEU619^2.p,TH0,Theorem,timeout,na,2059,1236,23,1236,71,79,0,0,0,
prim_batch_16,SEU/SEU620^1.p,TH0,Theorem,timeout,na,2515,0,0,0,1,0,0,0,0,
prim_batch_16,SEU/SEU620^2.p,TH0,Theorem,timeout,na,2052,1100,9,1100,145,23,0,0,0,
prim_batch_16,SEU/SEU621^1.p,TH0,Theorem,timeout,na,2540,2,0,2,1,0,0,0,0,
prim_batch_16,SEU/SEU621^2.p,TH0,Theorem,timeout,na,2132,5011,94,5011,800,0,0,1,0,
prim_batch_16,SEU/SEU622^1.p,TH0,Theorem,timeout,na,2535,2,0,2,1,0,0,0,0,
prim_batch_16,SEU/SEU622^2.p,TH0,Theorem,thm,yes,24,23,1,23,4,0,0,1,1,
prim_batch_16,SEU/SEU623^1.p,TH0,Theorem,timeout,na,2572,2,0,2,1,0,0,0,0,
prim_batch_16,SEU/SEU623^2.p,TH0,Theorem,timeout,na,2204,5483,158,5483,1286,41,0,2,0,
prim_batch_16,SEU/SEU624^1.p,TH0,Theorem,timeout,na,2552,2,0,2,1,0,0,0,0,
prim_batch_16,SEU/SEU625^1.p,TH0,Theorem,timeout,na,2595,2,0,2,1,0,0,0,0,
prim_batch_16,SEU/SEU625^2.p,TH0,Theorem,timeout,na,2255,4894,43,4894,1273,114,0,3,0,
prim_batch_16,SEU/SEU626^1.p,TH0,Theorem,timeout,na,2591,2,0,2,1,0,0,0,0,
prim_batch_16,SEU/SEU626^2.p,TH0,Theorem,timeout,na,2201,4044,36,4044,1059,19,0,3,0,
prim_batch_16,SEU/SEU627^1.p,TH0,Theorem,timeout,na,2614,2,0,2,1,0,0,0,0,
prim_batch_16,SEU/SEU627^2.p,TH0,Theorem,timeout,na,2217,4218,53,4218,1106,0,0,3,0,
prim_batch_16,SEU/SEU628^1.p,TH0,Theorem,timeout,na,2618,2,0,2,1,0,0,0,0,
prim_batch_16,SEU/SEU628^2.p,TH0,Theorem,timeout,na,2111,3042,42,3042,577,40,0,3,0,
prim_batch_16,SEU/SEU629^1.p,TH0,Theorem,timeout,na,2618,2,0,2,1,0,0,0,0,
prim_batch_16,SEU/SEU629^2.p,TH0,Theorem,thm,yes,58,25,1,25,3,0,0,1,1,
prim_batch_16,SEU/SEU630^1.p,TH0,Theorem,timeout,na,2618,2,0,2,1,0,0,0,0,
prim_batch_16,SEU/SEU630^2.p,TH0,Theorem,timeout,na,2148,2059,24,2059,522,0,0,3,0,
prim_batch_16,SEU/SEU631^1.p,TH0,Theorem,timeout,na,2631,2,0,2,1,0,0,0,0,
prim_batch_16,SEU/SEU631^2.p,TH0,Theorem,timeout,na,2055,1493,54,1493,229,1,0,1,0,
prim_batch_16,SEU/SEU632^1.p,TH0,Theorem,timeout,na,2634,2,0,2,1,0,0,0,0,
prim_batch_16,SEU/SEU632^2.p,TH0,Theorem,timeout,na,2085,2380,96,2380,227,0,0,0,0,
prim_batch_16,SEU/SEU633^1.p,TH0,Theorem,timeout,na,2631,2,0,2,1,0,0,0,0,
prim_batch_16,SEU/SEU633^2.p,TH0,Theorem,timeout,na,2129,3935,60,3935,810,40,0,2,0,
prim_batch_16,SEU/SEU634^1.p,TH0,Theorem,timeout,na,2651,0,0,0,1,0,0,0,0,
prim_batch_16,SEU/SEU634^2.p,TH0,Theorem,timeout,na,2125,4885,125,4885,668,4,0,1,0,
prim_batch_16,SEU/SEU635^1.p,TH0,Theorem,timeout,na,2657,0,0,0,1,0,0,0,0,
prim_batch_16,SEU/SEU635^2.p,TH0,Theorem,timeout,na,2132,4393,118,4393,715,26,0,4,0,
prim_batch_16,SEU/SEU636^1.p,TH0,Theorem,timeout,na,2662,0,0,0,1,0,0,0,0,
prim_batch_16,SEU/SEU636^2.p,TH0,Theorem,timeout,na,2109,2633,28,2633,235,44,0,0,0,
prim_batch_16,SEU/SEU637^1.p,TH0,Theorem,timeout,na,2696,0,0,0,1,0,0,0,0,
prim_batch_16,SEU/SEU637^2.p,TH0,Theorem,timeout,na,2102,2465,107,2465,232,0,0,0,0,
prim_batch_16,SEU/SEU638^1.p,TH0,Theorem,timeout,na,2681,0,0,0,1,0,0,0,0,
prim_batch_16,SEU/SEU638^2.p,TH0,Theorem,timeout,na,2053,1873,98,1873,211,8,0,1,0,
prim_batch_16,SEU/SEU639^1.p,TH0,Theorem,timeout,na,2711,0,0,0,1,0,0,0,0,
prim_batch_16,SEU/SEU639^2.p,TH0,Theorem,timeout,na,2109,2424,99,2424,239,0,0,0,0,
prim_batch_16,SEU/SEU640^1.p,TH0,Theorem,timeout,na,2717,0,0,0,1,0,0,0,0,
prim_batch_16,SEU/SEU640^2.p,TH0,Theorem,timeout,na,2063,901,25,901,139,11,0,0,0,
prim_batch_16,SEU/SEU641^1.p,TH0,Theorem,timeout,na,2710,0,0,0,1,0,0,0,0,
prim_batch_16,SEU/SEU641^2.p,TH0,Theorem,timeout,na,2029,2218,168,2218,85,15,0,1,0,
prim_batch_16,SEU/SEU642^1.p,TH0,Theorem,timeout,na,2732,0,0,0,1,0,0,0,0,
prim_batch_16,SEU/SEU642^2.p,TH0,Theorem,timeout,na,2084,2886,94,2886,221,52,0,0,0,
prim_batch_16,SEU/SEU643^1.p,TH0,Theorem,timeout,na,2791,0,0,0,1,0,0,0,0,
prim_batch_16,SEU/SEU643^2.p,TH0,Theorem,timeout,na,2041,1149,61,1149,113,2,0,0,0,
prim_batch_16,SEU/SEU644^1.p,TH0,Theorem,timeout,na,2753,0,0,0,1,0,0,0,0,
prim_batch_16,SEU/SEU644^2.p,TH0,Theorem,timeout,na,2067,2710,81,2710,319,3,0,1,0,
prim_batch_16,SEU/SEU645^1.p,TH0,Theorem,timeout,na,2756,0,0,0,1,0,0,0,0,
prim_batch_16,SEU/SEU645^2.p,TH0,Theorem,timeout,na,2041,1184,63,1184,106,0,0,1,0,
prim_batch_16,SEU/SEU646^1.p,TH0,Theorem,timeout,na,2776,0,0,0,1,0,0,0,0,
prim_batch_16,SEU/SEU646^2.p,TH0,Theorem,timeout,na,2071,2328,86,2328,172,0,0,0,0,
prim_batch_16,SEU/SEU647^1.p,TH0,Theorem,timeout,na,2768,0,0,0,1,0,0,0,0,
prim_batch_16,SEU/SEU647^2.p,TH0,Theorem,timeout,na,2034,1234,55,1234,86,6,0,1,0,
prim_batch_16,SEU/SEU648^1.p,TH0,Theorem,timeout,na,2779,0,0,0,1,0,0,0,0,
prim_batch_16,SEU/SEU648^2.p,TH0,Theorem,timeout,na,2009,182,4,182,13,10,0,1,0,
prim_batch_16,SEU/SEU649^1.p,TH0,Theorem,timeout,na,2778,0,0,0,1,0,0,0,0,
prim_batch_16,SEU/SEU649^2.p,TH0,Theorem,timeout,na,2091,3285,136,3285,200,10,0,0,0,
prim_batch_16,SEU/SEU650^1.p,TH0,Theorem,timeout,na,2785,0,0,0,1,0,0,0,0,
prim_batch_16,SEU/SEU650^2.p,TH0,Theorem,timeout,na,2078,2117,37,2117,351,52,0,2,0,
prim_batch_16,SEU/SEU651^1.p,TH0,Theorem,timeout,na,2802,0,0,0,1,0,0,0,0,
prim_batch_16,SEU/SEU651^2.p,TH0,Theorem,timeout,na,2056,2775,157,2775,206,13,0,1,0,
prim_batch_16,SEU/SEU652^1.p,TH0,Theorem,timeout,na,2815,0,0,0,1,0,0,0,0,
prim_batch_16,SEU/SEU652^2.p,TH0,Theorem,timeout,na,2023,2030,157,2030,61,10,0,1,0,
prim_batch_16,SEU/SEU653^1.p,TH0,Theorem,timeout,na,2847,0,0,0,1,0,0,0,0,
prim_batch_16,SEU/SEU653^2.p,TH0,Theorem,timeout,na,2083,3006,113,3006,195,49,0,0,0,
prim_batch_16,SEU/SEU654^1.p,TH0,Theorem,timeout,na,2833,0,0,0,1,0,0,0,0,
prim_batch_16,SEU/SEU654^2.p,TH0,Theorem,timeout,na,2096,2490,35,2490,302,27,0,1,0,
prim_batch_16,SEU/SEU655^1.p,TH0,Theorem,timeout,na,2917,0,0,0,1,0,0,0,0,
prim_batch_16,SEU/SEU655^2.p,TH0,Theorem,timeout,na,2068,1132,37,1131,169,10,0,0,0,
prim_batch_16,SEU/SEU656^1.p,TH0,Theorem,timeout,na,2862,0,0,0,1,0,0,0,0,
prim_batch_16,SEU/SEU656^2.p,TH0,Theorem,timeout,na,2085,1906,116,1906,154,3,0,1,0,
prim_batch_16,SEU/SEU657^1.p,TH0,Theorem,timeout,na,2914,0,0,0,1,0,0,0,0,
prim_batch_16,SEU/SEU657^2.p,TH0,Theorem,timeout,na,2037,971,40,971,92,10,0,1,0,
prim_batch_16,SEU/SEU658^1.p,TH0,Theorem,timeout,na,2918,0,0,0,1,0,0,0,0,
prim_batch_16,SEU/SEU658^2.p,TH0,Theorem,timeout,na,2106,3102,92,3102,187,0,0,0,0,
prim_batch_16,SEU/SEU659^1.p,TH0,Theorem,timeout,na,2926,0,0,0,1,0,0,0,0,
prim_batch_16,SEU/SEU659^2.p,TH0,Theorem,timeout,na,2095,3110,103,3110,208,0,0,0,0,
prim_batch_16,SEU/SEU660^1.p,TH0,Theorem,timeout,na,2921,0,0,0,1,0,0,0,0,
prim_batch_16,SEU/SEU660^2.p,TH0,Theorem,timeout,na,2077,2663,107,2663,213,4,0,0,0,
prim_batch_16,SEU/SEU661^1.p,TH0,Theorem,timeout,na,2930,0,0,0,1,0,0,0,0,
prim_batch_16,SEU/SEU661^2.p,TH0,Theorem,thm,yes,17,8,0,8,1,1,0,0,0,
prim_batch_16,SEU/SEU662^1.p,TH0,Theorem,timeout,na,2966,0,0,0,1,0,0,0,0,
prim_batch_16,SEU/SEU662^2.p,TH0,Theorem,timeout,na,2293,6458,3,6458,163,662,0,0,0,
prim_batch_16,SEU/SEU663^1.p,TH0,Theorem,timeout,na,2958,0,0,0,1,0,0,0,0,
prim_batch_16,SEU/SEU663^2.p,TH0,Theorem,timeout,na,2334,6290,2,6290,176,464,0,0,0,
prim_batch_16,SEU/SEU664^1.p,TH0,Theorem,timeout,na,2999,0,0,0,1,0,0,0,0,
prim_batch_16,SEU/SEU664^2.p,TH0,Theorem,timeout,na,2101,3415,117,3415,206,0,0,0,0,
prim_batch_16,SEU/SEU665^1.p,TH0,Theorem,timeout,na,3008,0,0,0,1,0,0,0,0,
prim_batch_16,SEU/SEU665^2.p,TH0,Theorem,timeout,na,2169,2611,60,2611,602,0,0,2,0,
prim_batch_16,SEU/SEU666^1.p,TH0,Theorem,timeout,na,3025,0,0,0,1,0,0,0,0,
prim_batch_16,SEU/SEU666^2.p,TH0,Theorem,timeout,na,2128,3716,36,3716,713,0,0,3,0,
prim_batch_16,SEU/SEU667^1.p,TH0,Theorem,timeout,na,3031,0,0,0,1,0,0,0,0,
prim_batch_16,SEU/SEU667^2.p,TH0,Theorem,timeout,na,2014,144,10,138,3,7,0,0,0,
prim_batch_16,SEU/SEU668^1.p,TH0,Theorem,timeout,na,3067,0,0,0,1,0,0,0,0,
prim_batch_16,SEU/SEU668^2.p,TH0,Theorem,timeout,na,2056,1271,49,1264,135,30,0,1,0,
prim_batch_16,SEU/SEU669^1.p,TH0,Theorem,timeout,na,3076,0,0,0,1,0,0,0,0,
prim_batch_16,SEU/SEU669^2.p,TH0,Theorem,timeout,na,2084,1788,45,1789,327,32,0,1,0,
prim_batch_16,SEU/SEU670^1.p,TH0,Theorem,timeout,na,3083,0,0,0,1,0,0,0,0,
prim_batch_16,SEU/SEU670^2.p,TH0,Theorem,timeout,na,2085,1526,27,1526,358,3,0,1,0,
prim_batch_16,SEU/SEU671^1.p,TH0,Theorem,timeout,na,3110,0,0,0,1,0,0,0,0,
prim_batch_16,SEU/SEU671^2.p,TH0,Theorem,timeout,na,2064,1363,26,1363,202,4,0,1,0,
prim_batch_16,SEU/SEU672^1.p,TH0,Theorem,timeout,na,3156,0,0,0,1,0,0,0,0,
prim_batch_16,SEU/SEU672^2.p,TH0,Theorem,timeout,na,2034,1458,63,1458,106,7,0,2,0,
prim_batch_16,SEU/SEU673^1.p,TH0,Theorem,timeout,na,3145,0,0,0,1,0,0,0,0,
prim_batch_16,SEU/SEU673^2.p,TH0,Theorem,timeout,na,2194,3725,33,3725,911,68,0,1,0,
prim_batch_16,SEU/SEU674^1.p,TH0,Theorem,timeout,na,3164,0,0,0,1,0,0,0,0,
prim_batch_16,SEU/SEU674^2.p,TH0,Theorem,timeout,na,2104,1944,13,1944,494,4,0,1,0,
prim_batch_16,SEU/SEU675^1.p,TH0,Theorem,timeout,na,3141,0,0,0,1,0,0,0,0,
prim_batch_16,SEU/SEU675^2.p,TH0,Theorem,timeout,na,2048,1291,47,1291,167,15,0,1,0,
prim_batch_16,SEU/SEU676^1.p,TH0,Theorem,timeout,na,3164,0,0,0,1,0,0,0,0,
prim_batch_16,SEU/SEU676^2.p,TH0,Theorem,timeout,na,2071,1290,22,1290,208,2,0,1,0,
prim_batch_16,SEU/SEU677^1.p,TH0,Theorem,timeout,na,3158,0,0,0,1,0,0,0,0,
prim_batch_16,SEU/SEU677^2.p,TH0,Theorem,timeout,na,2061,1229,43,1229,225,2,0,1,0,
prim_batch_16,SEU/SEU678^1.p,TH0,Theorem,timeout,na,3198,0,0,0,1,0,0,0,0,
prim_batch_16,SEU/SEU678^2.p,TH0,Theorem,timeout,na,2042,504,29,504,26,3,0,0,0,
prim_batch_16,SEU/SEU679^1.p,TH0,Theorem,timeout,na,3220,0,0,0,1,0,0,0,0,
prim_batch_16,SEU/SEU679^2.p,TH0,Theorem,timeout,na,2034,371,3,372,75,0,0,0,0,
prim_batch_16,SEU/SEU680^1.p,TH0,Theorem,timeout,na,3230,0,0,0,1,0,0,0,0,
prim_batch_16,SEU/SEU680^2.p,TH0,Theorem,timeout,na,2063,754,8,754,160,0,0,1,0,
prim_batch_16,SEU/SEU681^1.p,TH0,Theorem,timeout,na,3247,0,0,0,1,0,0,0,0,
prim_batch_16,SEU/SEU681^2.p,TH0,Theorem,timeout,na,2125,3572,83,3572,255,17,0,0,0,
prim_batch_16,SEU/SEU682^1.p,TH0,Theorem,timeout,na,3250,0,0,0,1,0,0,0,0,
prim_batch_16,SEU/SEU682^2.p,TH0,Theorem,timeout,na,2064,1031,24,1031,162,0,0,0,0,
prim_batch_16,SEU/SEU683^1.p,TH0,Theorem,timeout,na,3272,0,0,0,1,0,0,0,0,
prim_batch_16,SEU/SEU683^2.p,TH0,Theorem,timeout,na,2077,2109,114,2109,267,6,0,1,0,
prim_batch_16,SEU/SEU684^1.p,TH0,Theorem,timeout,na,3338,0,0,0,1,0,0,0,0,
prim_batch_16,SEU/SEU684^2.p,TH0,Theorem,timeout,na,2069,1103,37,1103,127,29,0,1,0,
prim_batch_16,SEU/SEU685^1.p,TH0,Theorem,timeout,na,3326,0,0,0,1,0,0,0,0,
prim_batch_16,SEU/SEU685^2.p,TH0,Theorem,timeout,na,2069,1609,31,1609,256,2,0,1,0,
prim_batch_16,SEU/SEU686^1.p,TH0,Theorem,timeout,na,3344,0,0,0,1,0,0,0,0,
prim_batch_16,SEU/SEU686^2.p,TH0,Theorem,timeout,na,2052,808,31,808,75,12,0,0,0,
prim_batch_16,SEU/SEU687^1.p,TH0,Theorem,timeout,na,3383,0,0,0,1,0,0,0,0,
prim_batch_16,SEU/SEU687^2.p,TH0,Theorem,timeout,na,2087,2079,65,2079,176,56,0,0,0,
prim_batch_16,SEU/SEU688^1.p,TH0,Theorem,timeout,na,3369,0,0,0,1,0,0,0,0,
prim_batch_16,SEU/SEU688^2.p,TH0,Theorem,timeout,na,2066,1351,39,1351,170,2,0,0,0,
prim_batch_16,SEU/SEU689^1.p,TH0,Theorem,timeout,na,3390,0,0,0,1,0,0,0,0,
prim_batch_16,SEU/SEU689^2.p,TH0,Theorem,timeout,na,2094,1749,29,1749,295,0,0,2,0,
prim_batch_16,SEU/SEU690^1.p,TH0,Theorem,timeout,na,3397,0,0,0,1,0,0,0,0,
prim_batch_16,SEU/SEU690^2.p,TH0,Theorem,timeout,na,2119,2552,50,2552,254,0,0,0,0,
prim_batch_16,SEU/SEU691^1.p,TH0,Theorem,timeout,na,3415,0,0,0,1,0,0,0,0,
prim_batch_16,SEU/SEU691^2.p,TH0,Theorem,timeout,na,2080,1781,47,1781,200,0,0,0,0,
prim_batch_16,SEU/SEU692^1.p,TH0,Theorem,timeout,na,3437,0,0,0,1,0,0,0,0,
prim_batch_16,SEU/SEU692^2.p,TH0,Theorem,timeout,na,2120,2607,30,2607,270,1,0,0,0,
prim_batch_16,SEU/SEU693^1.p,TH0,Theorem,timeout,na,3437,0,0,0,1,0,0,0,0,
prim_batch_16,SEU/SEU693^2.p,TH0,Theorem,thm,yes,22,8,0,8,1,1,0,0,0,
prim_batch_16,SEU/SEU694^1.p,TH0,Theorem,timeout,na,3477,0,0,0,1,0,0,0,0,
prim_batch_16,SEU/SEU694^2.p,TH0,Theorem,thm,yes,24,8,0,8,1,1,0,0,0,
prim_batch_16,SEU/SEU695^1.p,TH0,Theorem,timeout,na,3498,0,0,0,1,0,0,0,0,
prim_batch_16,SEU/SEU695^2.p,TH0,Theorem,timeout,na,2056,605,23,605,79,12,0,0,0,
prim_batch_16,SEU/SEU696^1.p,TH0,Theorem,timeout,na,3537,0,0,0,1,0,0,0,0,
prim_batch_16,SEU/SEU696^2.p,TH0,Theorem,timeout,na,2111,866,6,866,196,0,0,0,0,
prim_batch_16,SEU/SEU697^1.p,TH0,Theorem,timeout,na,3497,0,0,0,1,0,0,0,0,
prim_batch_16,SEU/SEU697^2.p,TH0,Theorem,thm,yes,21,5,0,5,1,1,0,0,0,
prim_batch_16,SEU/SEU698^1.p,TH0,Theorem,timeout,na,3555,0,0,0,1,0,0,0,0,
prim_batch_16,SEU/SEU699^1.p,TH0,Theorem,timeout,na,3602,0,0,0,1,0,0,0,0,
prim_batch_16,SEU/SEU699^2.p,TH0,Theorem,timeout,na,2080,904,21,904,172,0,0,0,0,
prim_batch_16,SEU/SEU700^1.p,TH0,Theorem,timeout,na,3510,0,0,0,1,0,0,0,0,
prim_batch_16,SEU/SEU700^2.p,TH0,Theorem,timeout,na,2073,1224,52,1191,195,1,0,5,0,
prim_batch_16,SEU/SEU701^1.p,TH0,Theorem,timeout,na,3593,0,0,0,1,0,0,0,0,
prim_batch_16,SEU/SEU701^2.p,TH0,Theorem,timeout,na,2133,2657,52,2657,455,52,0,1,0,
prim_batch_16,SEU/SEU702^1.p,TH0,Theorem,timeout,na,3555,0,0,0,1,0,0,0,0,
prim_batch_16,SEU/SEU702^2.p,TH0,Theorem,timeout,na,2078,1193,53,1160,196,1,0,5,0,
prim_batch_16,SEU/SEU703^1.p,TH0,Theorem,timeout,na,3633,0,0,0,1,0,0,0,0,
prim_batch_16,SEU/SEU703^2.p,TH0,Theorem,timeout,na,2102,2142,48,2142,304,68,0,1,0,
prim_batch_16,SEU/SEU704^1.p,TH0,Theorem,timeout,na,3624,0,0,0,1,0,0,0,0,
prim_batch_16,SEU/SEU704^2.p,TH0,Theorem,timeout,na,2417,4419,26,4418,211,286,0,0,0,
prim_batch_16,SEU/SEU705^1.p,TH0,Theorem,timeout,na,3633,0,0,0,1,0,0,0,0,
prim_batch_16,SEU/SEU705^2.p,TH0,Theorem,timeout,na,2129,2835,20,2834,547,36,0,1,0,
prim_batch_16,SEU/SEU706^1.p,TH0,Theorem,timeout,na,3657,0,0,0,1,0,0,0,0,
prim_batch_16,SEU/SEU706^2.p,TH0,Theorem,timeout,na,2109,2839,99,2839,292,29,0,0,0,
prim_batch_16,SEU/SEU707^1.p,TH0,Theorem,timeout,na,3667,0,0,0,1,0,0,0,0,
prim_batch_16,SEU/SEU707^2.p,TH0,Theorem,timeout,na,2232,4235,49,4235,202,76,0,0,0,
prim_batch_16,SEU/SEU708^1.p,TH0,Theorem,timeout,na,3662,0,0,0,1,0,0,0,0,
prim_batch_16,SEU/SEU708^2.p,TH0,Theorem,timeout,na,2096,2785,148,2785,199,45,0,0,0,
prim_batch_16,SEU/SEU709^1.p,TH0,Theorem,timeout,na,3766,0,0,0,1,0,0,0,0,
prim_batch_16,SEU/SEU709^2.p,TH0,Theorem,timeout,na,2274,3771,68,3770,151,86,0,0,0,
prim_batch_16,SEU/SEU710^1.p,TH0,Theorem,timeout,na,3752,0,0,0,1,0,0,0,0,
prim_batch_16,SEU/SEU711^1.p,TH0,Theorem,timeout,na,3766,0,0,0,1,0,0,0,0,
prim_batch_16,SEU/SEU711^2.p,TH0,Theorem,timeout,na,2119,3791,161,3791,471,0,0,2,0,
prim_batch_16,SEU/SEU712^1.p,TH0,Theorem,timeout,na,3709,0,0,0,1,0,0,0,0,
prim_batch_16,SEU/SEU712^2.p,TH0,Theorem,timeout,na,2137,4198,118,4198,709,0,0,4,0,
prim_batch_16,SEU/SEU713^1.p,TH0,Theorem,timeout,na,3806,0,0,0,1,0,0,0,0,
prim_batch_16,SEU/SEU713^2.p,TH0,Theorem,timeout,na,2154,4387,158,4387,665,0,0,3,0,
prim_batch_16,SEU/SEU714^1.p,TH0,Theorem,timeout,na,3811,0,0,0,1,0,0,0,0,
prim_batch_16,SEU/SEU714^2.p,TH0,Theorem,thm,yes,59,88,1,88,9,0,0,2,1,
prim_batch_16,SEU/SEU715^1.p,TH0,Theorem,timeout,na,3820,0,0,0,1,0,0,0,0,
prim_batch_16,SEU/SEU715^2.p,TH0,Theorem,timeout,na,2144,4182,125,4182,288,34,0,0,0,
prim_batch_16,SEU/SEU716^1.p,TH0,Theorem,timeout,na,3855,0,0,0,1,0,0,0,0,
prim_batch_16,SEU/SEU716^2.p,TH0,Theorem,timeout,na,2170,4373,86,4373,976,0,0,1,0,
prim_batch_16,SEU/SEU717^1.p,TH0,Theorem,timeout,na,3855,0,0,0,1,0,0,0,0,
prim_batch_16,SEU/SEU717^2.p,TH0,Theorem,timeout,na,2093,2721,46,2721,241,0,0,0,0,
prim_batch_16,SEU/SEU718^1.p,TH0,Theorem,timeout,na,3897,0,0,0,1,0,0,0,0,
prim_batch_16,SEU/SEU718^2.p,TH0,Theorem,thm,yes,230,532,17,532,100,11,0,1,1,
prim_batch_16,SEU/SEU719^1.p,TH0,Theorem,timeout,na,3982,0,0,0,1,0,0,0,0,
prim_batch_16,SEU/SEU719^2.p,TH0,Theorem,thm,yes,42,19,1,19,2,0,0,1,1,
prim_batch_16,SEU/SEU720^1.p,TH0,Theorem,timeout,na,3939,0,0,0,1,0,0,0,0,
prim_batch_16,SEU/SEU720^2.p,TH0,Theorem,thm,yes,51,30,1,30,3,0,0,2,1,
prim_batch_16,SEU/SEU721^1.p,TH0,Theorem,timeout,na,4011,0,0,0,1,0,0,0,0,
prim_batch_16,SEU/SEU721^2.p,TH0,Theorem,thm,yes,56,23,1,23,2,0,0,1,1,
prim_batch_16,SEU/SEU722^1.p,TH0,Theorem,timeout,na,3995,0,0,0,1,0,0,0,0,
prim_batch_16,SEU/SEU722^2.p,TH0,Theorem,thm,yes,56,23,1,23,2,0,0,1,1,
prim_batch_16,SEU/SEU723^1.p,TH0,Theorem,timeout,na,4045,0,0,0,1,0,0,0,0,
prim_batch_16,SEU/SEU723^2.p,TH0,Theorem,timeout,na,2275,5658,101,5658,1578,227,0,1,0,
prim_batch_16,SEU/SEU724^1.p,TH0,Theorem,timeout,na,4022,0,0,0,1,0,0,0,0,
prim_batch_16,SEU/SEU724^2.p,TH0,Theorem,thm,yes,66,30,2,30,3,0,0,1,1,
prim_batch_16,SEU/SEU725^1.p,TH0,Theorem,timeout,na,4080,0,0,0,1,0,0,0,0,
prim_batch_16,SEU/SEU725^2.p,TH0,Theorem,timeout,na,2148,3003,56,3003,680,0,0,1,0,
prim_batch_16,SEU/SEU726^1.p,TH0,Theorem,timeout,na,4081,0,0,0,1,0,0,0,0,
prim_batch_16,SEU/SEU726^2.p,TH0,Theorem,timeout,na,2092,2857,92,2857,375,0,0,4,0,
prim_batch_16,SEU/SEU727^1.p,TH0,Theorem,timeout,na,4108,0,0,0,1,0,0,0,0,
prim_batch_16,SEU/SEU727^2.p,TH0,Theorem,timeout,na,2435,5710,28,5710,2279,0,0,3,0,
prim_batch_16,SEU/SEU728^1.p,TH0,Theorem,timeout,na,4081,0,0,0,1,0,0,0,0,
prim_batch_16,SEU/SEU728^2.p,TH0,Theorem,timeout,na,2337,5263,35,5263,1879,0,0,3,0,
prim_batch_16,SEU/SEU729^1.p,TH0,Theorem,timeout,na,4144,0,0,0,1,0,0,0,0,
prim_batch_16,SEU/SEU729^2.p,TH0,Theorem,timeout,na,2104,3021,60,3021,202,0,0,0,0,
prim_batch_16,SEU/SEU730^1.p,TH0,Theorem,timeout,na,4202,0,0,0,1,0,0,0,0,
prim_batch_16,SEU/SEU730^2.p,TH0,Theorem,timeout,na,2090,2864,60,2864,197,0,0,0,0,
prim_batch_16,SEU/SEU731^1.p,TH0,Theorem,timeout,na,4159,0,0,0,1,0,0,0,0,
prim_batch_16,SEU/SEU731^2.p,TH0,Theorem,timeout,na,2099,2595,62,2595,205,0,0,0,0,
prim_batch_16,SEU/SEU732^1.p,TH0,Theorem,timeout,na,4211,0,0,0,1,0,0,0,0,
prim_batch_16,SEU/SEU732^2.p,TH0,Theorem,timeout,na,2118,3185,105,3185,502,0,0,3,0,
prim_batch_16,SEU/SEU733^1.p,TH0,Theorem,timeout,na,4221,0,0,0,1,0,0,0,0,
prim_batch_16,SEU/SEU733^2.p,TH0,Theorem,timeout,na,2114,2865,107,2865,484,0,0,3,0,
prim_batch_16,SEU/SEU734^1.p,TH0,Theorem,timeout,na,4317,0,0,0,1,0,0,0,0,
prim_batch_16,SEU/SEU734^2.p,TH0,Theorem,timeout,na,2154,3477,69,3477,187,0,0,0,0,
prim_batch_16,SEU/SEU735^1.p,TH0,Theorem,timeout,na,4332,0,0,0,1,0,0,0,0,
prim_batch_16,SEU/SEU735^2.p,TH0,Theorem,timeout,na,2163,4341,35,4341,1137,38,0,3,0,
prim_batch_16,SEU/SEU736^1.p,TH0,Theorem,timeout,na,4315,0,0,0,1,0,0,0,0,
prim_batch_16,SEU/SEU736^2.p,TH0,Theorem,timeout,na,2137,2632,80,2632,559,20,0,3,0,
prim_batch_16,SEU/SEU737^1.p,TH0,Theorem,timeout,na,4385,0,0,0,1,0,0,0,0,
prim_batch_16,SEU/SEU737^2.p,TH0,Theorem,timeout,na,2094,2547,66,2547,194,0,0,0,0,
prim_batch_16,SEU/SEU738^1.p,TH0,Theorem,timeout,na,4338,0,0,0,1,0,0,0,0,
prim_batch_16,SEU/SEU738^2.p,TH0,Theorem,thm,yes,50,23,1,23,2,0,0,1,1,
prim_batch_16,SEU/SEU739^1.p,TH0,Theorem,timeout,na,4388,0,0,0,1,0,0,0,0,
prim_batch_16,SEU/SEU739^2.p,TH0,Theorem,thm,yes,50,21,1,21,2,0,0,1,1,
prim_batch_16,SEU/SEU740^1.p,TH0,Theorem,timeout,na,4423,0,0,0,1,0,0,0,0,
prim_batch_16,SEU/SEU740^2.p,TH0,Theorem,timeout,na,2427,5863,71,5863,1956,16,0,2,0,
prim_batch_16,SEU/SEU741^1.p,TH0,Theorem,timeout,na,4472,0,0,0,1,0,0,0,0,
prim_batch_16,SEU/SEU741^2.p,TH0,Theorem,timeout,na,2513,6212,14,6212,2369,0,0,3,0,
prim_batch_16,SEU/SEU742^1.p,TH0,Theorem,timeout,na,4493,0,0,0,1,0,0,0,0,
prim_batch_16,SEU/SEU742^2.p,TH0,Theorem,timeout,na,2054,1909,130,1909,106,0,0,2,0,
prim_batch_16,SEU/SEU743^1.p,TH0,Theorem,timeout,na,4541,0,0,0,1,0,0,0,0,
prim_batch_16,SEU/SEU743^2.p,TH0,Theorem,timeout,na,2193,3341,56,3341,813,0,0,3,0,
prim_batch_16,SEU/SEU744^1.p,TH0,Theorem,timeout,na,4565,0,0,0,1,0,0,0,0,
prim_batch_16,SEU/SEU744^2.p,TH0,Theorem,timeout,na,2152,3350,73,3350,767,0,0,3,0,
prim_batch_16,SEU/SEU745^1.p,TH0,Theorem,timeout,na,4552,0,0,0,1,0,0,0,0,
prim_batch_16,SEU/SEU745^2.p,TH0,Theorem,timeout,na,2115,2729,97,2729,456,4,0,3,0,
prim_batch_16,SEU/SEU746^1.p,TH0,Theorem,timeout,na,4540,0,0,0,1,0,0,0,0,
prim_batch_16,SEU/SEU746^2.p,TH0,Theorem,thm,yes,575,1051,7,1051,446,0,0,2,1,
prim_batch_16,SEU/SEU747^1.p,TH0,Theorem,timeout,na,4574,0,0,0,1,0,0,0,0,
prim_batch_16,SEU/SEU747^2.p,TH0,Theorem,thm,yes,78,37,2,37,3,0,0,2,1,
prim_batch_16,SEU/SEU748^1.p,TH0,Theorem,timeout,na,4620,0,0,0,1,0,0,0,0,
prim_batch_16,SEU/SEU749^1.p,TH0,Theorem,timeout,na,4677,0,0,0,1,0,0,0,0,
prim_batch_16,SEU/SEU749^2.p,TH0,Theorem,timeout,na,2128,3267,65,3267,546,0,0,3,0,
prim_batch_16,SEU/SEU750^1.p,TH0,Theorem,timeout,na,4657,0,0,0,1,0,0,0,0,
prim_batch_16,SEU/SEU750^2.p,TH0,Theorem,timeout,na,2106,3642,226,3642,307,0,0,3,0,
prim_batch_16,SEU/SEU751^1.p,TH0,Theorem,timeout,na,4739,0,0,0,1,0,0,0,0,
prim_batch_16,SEU/SEU751^2.p,TH0,Theorem,timeout,na,2227,3695,93,3695,758,0,0,1,0,
prim_batch_16,SEU/SEU752^1.p,TH0,Theorem,timeout,na,4830,0,0,0,1,0,0,0,0,
prim_batch_16,SEU/SEU752^2.p,TH0,Theorem,timeout,na,2148,3155,167,3155,420,0,0,2,0,
prim_batch_16,SEU/SEU753^1.p,TH0,Theorem,timeout,na,4823,0,0,0,1,0,0,0,0,
prim_batch_16,SEU/SEU753^2.p,TH0,Theorem,timeout,na,2152,2935,74,2935,171,0,0,0,0,
prim_batch_16,SEU/SEU754^1.p,TH0,Theorem,timeout,na,4841,0,0,0,1,0,0,0,0,
prim_batch_16,SEU/SEU754^2.p,TH0,Theorem,timeout,na,2088,3106,211,3106,217,0,0,2,0,
prim_batch_16,SEU/SEU755^1.p,TH0,Theorem,timeout,na,4815,0,0,0,1,0,0,0,0,
prim_batch_16,SEU/SEU755^2.p,TH0,Theorem,timeout,na,2088,3058,175,3058,283,0,0,3,0,
prim_batch_16,SEU/SEU756^1.p,TH0,Theorem,timeout,na,4932,0,0,0,1,0,0,0,0,
prim_batch_16,SEU/SEU756^2.p,TH0,Theorem,timeout,na,2069,3074,205,3074,182,0,0,3,0,
prim_batch_16,SEU/SEU757^1.p,TH0,Theorem,timeout,na,4937,0,0,0,1,0,0,0,0,
prim_batch_16,SEU/SEU757^2.p,TH0,Theorem,timeout,na,2107,2625,87,2625,182,0,0,0,0,
prim_batch_16,SEU/SEU758^1.p,TH0,Theorem,timeout,na,4882,0,0,0,1,0,0,0,0,
prim_batch_16,SEU/SEU758^2.p,TH0,Theorem,timeout,na,2326,6177,72,6177,1986,218,0,2,0,
prim_batch_16,SEU/SEU759^1.p,TH0,Theorem,timeout,na,4986,0,0,0,1,0,0,0,0,
prim_batch_16,SEU/SEU759^2.p,TH0,Theorem,timeout,na,2265,5391,68,5391,1453,0,0,4,0,
prim_batch_16,SEU/SEU760^1.p,TH0,Theorem,timeout,na,4970,0,0,0,1,0,0,0,0,
prim_batch_16,SEU/SEU760^2.p,TH0,Theorem,timeout,na,2235,5470,82,5470,1317,0,0,4,0,
prim_batch_16,SEU/SEU761^1.p,TH0,Theorem,timeout,na,5029,0,0,0,1,0,0,0,0,
prim_batch_16,SEU/SEU761^2.p,TH0,Theorem,timeout,na,2301,5133,26,5133,1562,240,0,4,0,
prim_batch_16,SEU/SEU762^1.p,TH0,Theorem,timeout,na,5061,0,0,0,1,0,0,0,0,
prim_batch_16,SEU/SEU762^2.p,TH0,Theorem,timeout,na,2143,2684,93,2684,181,0,0,0,0,
prim_batch_16,SEU/SEU763^1.p,TH0,Theorem,timeout,na,5093,0,0,0,1,0,0,0,0,
prim_batch_16,SEU/SEU764^1.p,TH0,Theorem,timeout,na,5171,0,0,0,1,0,0,0,0,
prim_batch_16,SEU/SEU764^2.p,TH0,Theorem,timeout,na,2135,3650,60,3650,190,0,0,0,0,
prim_batch_16,SEU/SEU765^1.p,TH0,Theorem,timeout,na,5150,0,0,0,1,0,0,0,0,
prim_batch_16,SEU/SEU766^1.p,TH0,Theorem,timeout,na,5131,0,0,0,1,0,0,0,0,
prim_batch_16,SEU/SEU767^1.p,TH0,Theorem,timeout,na,5175,0,0,0,1,0,0,0,0,
prim_batch_16,SEU/SEU768^1.p,TH0,Theorem,timeout,na,5180,0,0,0,1,0,0,0,0,
prim_batch_16,SEU/SEU768^2.p,TH0,Theorem,timeout,na,2064,1029,21,1029,182,0,0,0,0,
prim_batch_16,SEU/SEU769^1.p,TH0,Theorem,timeout,na,5206,0,0,0,1,0,0,0,0,
prim_batch_16,SEU/SEU769^2.p,TH0,Theorem,thm,yes,43,18,1,18,2,0,0,1,1,
prim_batch_16,SEU/SEU770^1.p,TH0,Theorem,timeout,na,5420,0,0,0,1,0,0,0,0,
prim_batch_16,SEU/SEU770^2.p,TH0,Theorem,timeout,na,2142,2026,61,2026,182,0,0,0,0,
prim_batch_16,SEU/SEU771^1.p,TH0,Theorem,timeout,na,5262,0,0,0,1,0,0,0,0,
prim_batch_16,SEU/SEU771^2.p,TH0,Theorem,thm,yes,23,11,1,11,1,0,0,1,1,
prim_batch_16,SEU/SEU772^1.p,TH0,Theorem,timeout,na,5263,0,0,0,1,0,0,0,0,
prim_batch_16,SEU/SEU773^1.p,TH0,Theorem,timeout,na,5388,0,0,0,1,0,0,0,0,
prim_batch_16,SEU/SEU773^2.p,TH0,Theorem,timeout,na,2065,1797,41,1797,213,0,0,0,0,
prim_batch_16,SEU/SEU774^1.p,TH0,Theorem,timeout,na,5375,0,0,0,1,0,0,0,0,
prim_batch_16,SEU/SEU774^2.p,TH0,Theorem,timeout,na,2064,1580,38,1580,207,1,0,0,0,
prim_batch_16,SEU/SEU775^1.p,TH0,Theorem,timeout,na,5365,0,0,0,1,0,0,0,0,
prim_batch_16,SEU/SEU775^2.p,TH0,Theorem,thm,yes,32,14,1,14,1,0,0,1,1,
prim_batch_16,SEU/SEU776^1.p,TH0,Theorem,timeout,na,5536,0,0,0,1,0,0,0,0,
prim_batch_16,SEU/SEU776^2.p,TH0,Theorem,timeout,na,2076,999,32,999,185,0,0,5,0,
prim_batch_16,SEU/SEU777^1.p,TH0,Theorem,timeout,na,5591,0,0,0,1,0,0,0,0,
prim_batch_16,SEU/SEU777^2.p,TH0,Theorem,thm,yes,121,30,2,30,2,0,0,1,1,
prim_batch_16,SEU/SEU778^1.p,TH0,Theorem,timeout,na,5538,0,0,0,1,0,0,0,0,
prim_batch_16,SEU/SEU778^2.p,TH0,Theorem,timeout,na,2015,363,28,351,3,12,0,0,0,
prim_batch_16,SEU/SEU779^1.p,TH0,Theorem,timeout,na,5632,0,0,0,1,0,0,0,0,
prim_batch_16,SEU/SEU779^2.p,TH0,Theorem,timeout,na,2065,741,41,741,90,0,0,3,0,
prim_batch_16,SEU/SEU780^1.p,TH0,Theorem,timeout,na,5603,0,0,0,1,0,0,0,0,
prim_batch_16,SEU/SEU780^2.p,TH0,Theorem,timeout,na,2057,1054,43,1054,117,39,0,1,0,
prim_batch_16,SEU/SEU781^1.p,TH0,Theorem,timeout,na,5697,0,0,0,1,0,0,0,0,
prim_batch_16,SEU/SEU781^2.p,TH0,Theorem,timeout,na,2054,1393,59,1393,139,13,0,0,0,
prim_batch_16,SEU/SEU782^1.p,TH0,Theorem,timeout,na,5547,0,0,0,1,0,0,0,0,
prim_batch_16,SEU/SEU782^2.p,TH0,Theorem,timeout,na,2216,4686,58,4686,1159,0,0,3,0,
prim_batch_16,SEU/SEU783^1.p,TH0,Theorem,timeout,na,5677,0,0,0,1,0,0,0,0,
prim_batch_16,SEU/SEU783^2.p,TH0,Theorem,thm,yes,72,25,2,25,2,0,0,1,1,
prim_batch_16,SEU/SEU784^1.p,TH0,Theorem,timeout,na,5740,0,0,0,1,0,0,0,0,
prim_batch_16,SEU/SEU784^2.p,TH0,Theorem,thm,yes,75,26,2,26,2,0,0,1,1,
prim_batch_16,SEU/SEU785^1.p,TH0,Theorem,timeout,na,5823,0,0,0,1,0,0,0,0,
prim_batch_16,SEU/SEU785^2.p,TH0,Theorem,timeout,na,2070,1904,86,1904,194,4,0,0,0,
prim_batch_16,SEU/SEU786^1.p,TH0,Theorem,timeout,na,5773,0,0,0,1,0,0,0,0,
prim_batch_16,SEU/SEU786^2.p,TH0,Theorem,thm,yes,149,72,6,72,3,0,0,3,1,
prim_batch_16,SEU/SEU787^1.p,TH0,Theorem,timeout,na,5858,0,0,0,1,0,0,0,0,
prim_batch_16,SEU/SEU787^2.p,TH0,Theorem,timeout,na,2056,1748,90,1748,153,0,0,0,0,
prim_batch_16,SEU/SEU788^1.p,TH0,Theorem,timeout,na,5728,0,0,0,1,0,0,0,0,
prim_batch_16,SEU/SEU788^2.p,TH0,Theorem,timeout,na,2082,1993,89,1993,195,0,0,0,0,
prim_batch_16,SEU/SEU789^1.p,TH0,Theorem,timeout,na,5768,0,0,0,1,0,0,0,0,
prim_batch_16,SEU/SEU789^2.p,TH0,Theorem,timeout,na,2084,2597,105,2597,245,0,0,0,0,
prim_batch_16,SEU/SEU790^1.p,TH0,Theorem,timeout,na,5843,0,0,0,1,0,0,0,0,
prim_batch_16,SEU/SEU790^2.p,TH0,Theorem,timeout,na,2092,1838,106,1838,215,0,0,0,0,
prim_batch_16,SEU/SEU791^1.p,TH0,Theorem,timeout,na,5857,0,0,0,1,0,0,0,0,
prim_batch_16,SEU/SEU791^2.p,TH0,Theorem,timeout,na,2106,1757,84,1757,185,0,0,0,0,
prim_batch_16,SEU/SEU792^1.p,TH0,Theorem,timeout,na,6027,0,0,0,1,0,0,0,0,
prim_batch_16,SEU/SEU792^2.p,TH0,Theorem,timeout,na,2182,4265,128,4265,198,0,0,0,0,
prim_batch_16,SEU/SEU793^1.p,TH0,Theorem,timeout,na,5849,0,0,0,1,0,0,0,0,
prim_batch_16,SEU/SEU793^2.p,TH0,Theorem,timeout,na,2030,520,13,520,65,14,0,0,0,
prim_batch_16,SEU/SEU794^1.p,TH0,Theorem,timeout,na,5882,0,0,0,1,0,0,0,0,
prim_batch_16,SEU/SEU794^2.p,TH0,Theorem,timeout,na,2121,3403,19,3403,275,77,0,0,0,
prim_batch_16,SEU/SEU795^1.p,TH0,Theorem,timeout,na,6052,0,0,0,1,0,0,0,0,
prim_batch_16,SEU/SEU795^2.p,TH0,Theorem,timeout,na,2073,1746,10,1747,188,1,0,0,0,
prim_batch_16,SEU/SEU796^1.p,TH0,Theorem,timeout,na,6084,0,0,0,1,0,0,0,0,
prim_batch_16,SEU/SEU796^2.p,TH0,Theorem,timeout,na,2051,1722,66,1722,197,32,0,1,0,
prim_batch_16,SEU/SEU797^1.p,TH0,Theorem,timeout,na,6078,0,0,0,1,0,0,0,0,
prim_batch_16,SEU/SEU797^2.p,TH0,Theorem,timeout,na,2118,3032,59,3032,545,109,0,2,0,
prim_batch_16,SEU/SEU798^1.p,TH0,Theorem,timeout,na,6148,0,0,0,1,0,0,0,0,
prim_batch_16,SEU/SEU798^2.p,TH0,Theorem,thm,yes,70,32,2,32,3,0,0,4,1,
prim_batch_16,SEU/SEU799^1.p,TH0,Theorem,timeout,na,6163,0,0,0,1,0,0,0,0,
prim_batch_16,SEU/SEU799^2.p,TH0,Theorem,thm,yes,32,19,1,19,2,0,0,1,1,
prim_batch_16,SEU/SEU800^1.p,TH0,Theorem,timeout,na,6214,0,0,0,1,0,0,0,0,
prim_batch_16,SEU/SEU800^2.p,TH0,Theorem,thm,yes,48,17,1,17,2,0,0,1,1,
prim_batch_16,SEU/SEU801^1.p,TH0,Theorem,timeout,na,6201,0,0,0,1,0,0,0,0,
prim_batch_16,SEU/SEU801^2.p,TH0,Theorem,timeout,na,2058,1537,10,1537,289,17,0,2,0,
prim_batch_16,SEU/SEU802^1.p,TH0,Theorem,timeout,na,6270,0,0,0,1,0,0,0,0,
prim_batch_16,SEU/SEU802^2.p,TH0,Theorem,timeout,na,2082,1624,41,1624,259,50,0,1,0,
prim_batch_16,SEU/SEU803^1.p,TH0,Theorem,timeout,na,6468,0,0,0,1,0,0,0,0,
prim_batch_16,SEU/SEU803^2.p,TH0,Theorem,thm,yes,89,97,1,97,11,9,0,1,1,
prim_batch_16,SEU/SEU804^1.p,TH0,Theorem,timeout,na,6479,0,0,0,1,0,0,0,0,
prim_batch_16,SEU/SEU804^2.p,TH0,Theorem,timeout,na,2130,2946,72,2946,511,0,0,1,0,
prim_batch_16,SEU/SEU805^1.p,TH0,Theorem,timeout,na,6410,0,0,0,1,0,0,0,0,
prim_batch_16,SEU/SEU805^2.p,TH0,Theorem,timeout,na,2213,6212,159,6212,150,57,0,0,0,
prim_batch_16,SEU/SEU806^1.p,TH0,Theorem,timeout,na,6320,0,0,0,1,0,0,0,0,
prim_batch_16,SEU/SEU806^2.p,TH0,Theorem,timeout,na,2062,4568,288,4568,121,26,0,0,0,
prim_batch_16,SEU/SEU807^1.p,TH0,Theorem,timeout,na,6380,0,0,0,1,0,0,0,0,
prim_batch_16,SEU/SEU807^2.p,TH0,Theorem,timeout,na,2055,3674,230,3674,152,42,0,1,0,
prim_batch_16,SEU/SEU808^1.p,TH0,Theorem,timeout,na,6434,0,0,0,1,0,0,0,0,
prim_batch_16,SEU/SEU808^2.p,TH0,Theorem,thm,yes,13,12,0,12,2,0,0,1,1,
prim_batch_16,SEU/SEU809^1.p,TH0,Theorem,timeout,na,6423,0,0,0,1,0,0,0,0,
prim_batch_16,SEU/SEU809^2.p,TH0,Theorem,thm,yes,12,11,0,11,2,0,0,1,1,
prim_batch_16,SEU/SEU810^1.p,TH0,Theorem,timeout,na,6464,0,0,0,1,0,0,0,0,
prim_batch_16,SEU/SEU810^2.p,TH0,Theorem,timeout,na,2119,2794,37,2794,555,97,0,2,0,
prim_batch_16,SEU/SEU811^1.p,TH0,Theorem,timeout,na,6496,0,0,0,1,0,0,0,0,
prim_batch_16,SEU/SEU811^2.p,TH0,Theorem,timeout,na,2200,4143,54,4143,1040,7,0,1,0,
prim_batch_16,SEU/SEU812^1.p,TH0,Theorem,timeout,na,6593,0,0,0,1,0,0,0,0,
prim_batch_16,SEU/SEU812^2.p,TH0,Theorem,thm,yes,15,12,0,12,2,0,0,1,1,
prim_batch_16,SEU/SEU813^1.p,TH0,Theorem,timeout,na,6551,0,0,0,1,0,0,0,0,
prim_batch_16,SEU/SEU813^2.p,TH0,Theorem,timeout,na,2189,5850,242,5850,1088,0,0,1,0,
prim_batch_16,SEU/SEU814^1.p,TH0,Theorem,timeout,na,6593,0,0,0,1,0,0,0,0,
prim_batch_16,SEU/SEU814^2.p,TH0,Theorem,timeout,na,2168,6916,316,6916,517,862,0,4,0,
prim_batch_16,SEU/SEU815^1.p,TH0,Theorem,timeout,na,6634,0,0,0,1,0,0,0,0,
prim_batch_16,SEU/SEU815^2.p,TH0,Theorem,timeout,na,2121,4454,164,4454,560,0,0,1,0,
prim_batch_16,SEU/SEU816^1.p,TH0,Theorem,timeout,na,6782,0,0,0,1,0,0,0,0,
prim_batch_16,SEU/SEU816^2.p,TH0,Theorem,timeout,na,2353,5358,37,5358,256,0,0,0,0,
prim_batch_16,SEU/SEU817^1.p,TH0,Theorem,timeout,na,6705,0,0,0,1,0,0,0,0,
prim_batch_16,SEU/SEU817^2.p,TH0,Theorem,timeout,na,2125,3690,89,3690,593,80,0,1,0,
prim_batch_16,SEU/SEU818^1.p,TH0,Theorem,timeout,na,6842,0,0,0,1,0,0,0,0,
prim_batch_16,SEU/SEU818^2.p,TH0,Theorem,thm,yes,67,15,1,15,1,1,0,0,0,
prim_batch_16,SEU/SEU819^1.p,TH0,Theorem,timeout,na,6933,0,0,0,1,0,0,0,0,
prim_batch_16,SEU/SEU819^2.p,TH0,Theorem,timeout,na,2133,3749,90,3749,742,13,0,1,0,
prim_batch_16,SEU/SEU820^1.p,TH0,Theorem,timeout,na,2690,0,0,0,1,0,0,0,0,
prim_batch_16,SEU/SEU820^2.p,TH0,Theorem,timeout,na,2108,5124,241,5124,237,10,0,0,0,
prim_batch_16,SEU/SEU821^1.p,TH0,Theorem,parse_timeout,na,0,,,,,,,,,cached: parse exceeded 5000ms
prim_batch_16,SEU/SEU821^2.p,TH0,Theorem,thm,yes,49,11,1,11,1,1,0,0,0,
prim_batch_16,SEU/SEU822^1.p,TH0,Theorem,timeout,na,6936,0,0,0,1,0,0,0,0,
prim_batch_16,SEU/SEU822^2.p,TH0,Theorem,thm,yes,118,47,1,47,6,0,0,1,1,
prim_batch_16,SEU/SEU823^1.p,TH0,Theorem,parse_timeout,na,0,,,,,,,,,cached: parse exceeded 5000ms
prim_batch_16,SEU/SEU823^2.p,TH0,Theorem,timeout,na,2088,2857,83,2857,227,45,0,0,0,
prim_batch_16,SEU/SEU824^1.p,TH0,Theorem,parse_timeout,na,0,,,,,,,,,cached: parse exceeded 5000ms
prim_batch_16,SEU/SEU824^2.p,TH0,Theorem,timeout,na,2099,2822,76,2822,231,17,0,0,0,
prim_batch_16,SEU/SEU824^3.p,TH0,CounterSatisfiable,timeout,na,2542,600,60,600,1,0,0,0,0,
prim_batch_16,SEU/SEU825^3.p,TH0,CounterSatisfiable,timeout,na,2096,4404,121,4404,581,34,0,1,0,
prim_batch_16,SEU/SEU826^1.p,TH0,Theorem,thm,yes,1503,2758,84,2758,195,198,0,1,1,
prim_batch_16,SEU/SEU827^1.p,TH0,Theorem,timeout,na,2253,8119,113,8120,340,238,0,0,0,
prim_batch_16,SEU/SEU828^1.p,TH0,Theorem,thm,yes,16,13,0,13,2,1,0,1,1,
prim_batch_16,SEU/SEU829^1.p,TH0,Theorem,thm,yes,15,23,0,23,2,2,0,1,1,
prim_batch_16,SEU/SEU831^5.p,TH0,Theorem,thm,yes,3,2,0,2,1,1,0,0,0,
prim_batch_16,SEU/SEU832^5.p,TH0,Theorem,thm,yes,3,2,0,2,1,1,0,0,0,
prim_batch_16,SEU/SEU833^5.p,TH0,Theorem,thm,yes,3,2,0,2,1,1,0,0,0,
prim_batch_16,SEU/SEU834^5.p,TH0,Theorem,thm,yes,3,4,0,4,1,1,0,0,0,
prim_batch_16,SEU/SEU836^5.p,TH0,Theorem,thm,yes,3,4,0,4,1,1,0,0,0,
prim_batch_16,SEU/SEU839^5.p,TH0,Theorem,thm,yes,5,3,0,3,1,1,0,0,0,
prim_batch_16,SEU/SEU841^5.p,TH0,Theorem,thm,yes,16,6,0,6,1,1,0,0,0,
prim_batch_16,SEU/SEU842^5.p,TH0,Theorem,thm,yes,6,3,0,3,1,1,0,0,0,
prim_batch_16,SEU/SEU843^5.p,TH0,Theorem,thm,yes,17,14,1,14,2,0,0,1,1,
prim_batch_16,SEU/SEU844^5.p,TH0,Theorem,timeout,na,2035,3484,291,3484,59,30,0,1,0,
prim_batch_16,SEU/SEU845^5.p,TH0,Theorem,thm,yes,21,24,0,24,3,2,0,1,1,
prim_batch_16,SEU/SEU846^5.p,TH0,Theorem,thm,yes,43,26,1,26,4,0,0,1,1,
prim_batch_16,SEU/SEU847^5.p,TH0,Theorem,thm,yes,3,2,0,2,1,1,0,0,0,
prim_batch_16,SEU/SEU848^5.p,TH0,Theorem,thm,yes,26,43,0,43,5,3,0,1,1,
prim_batch_16,SEU/SEU849^5.p,TH0,Theorem,thm,yes,29,42,0,42,5,3,0,1,1,
prim_batch_16,SEU/SEU850^5.p,TH0,Theorem,thm,yes,97,18,0,18,2,3,0,0,0,
prim_batch_16,SEU/SEU851^5.p,TH0,Theorem,thm,yes,11,3,0,3,1,1,0,0,0,
prim_batch_16,SEU/SEU852^5.p,TH0,Theorem,thm,yes,91,202,1,202,25,22,0,1,1,
prim_batch_16,SEU/SEU853^5.p,TH0,Theorem,timeout,na,2034,1819,10,1819,176,343,0,2,0,
prim_batch_16,SEU/SEU854^5.p,TH0,Theorem,thm,yes,203,535,0,535,41,63,0,1,1,
prim_batch_16,SEU/SEU855^5.p,TH0,Theorem,thm,yes,123,307,8,307,22,23,0,1,1,
prim_batch_16,SEU/SEU856^5.p,TH0,Theorem,thm,yes,46,47,0,47,5,4,0,1,1,
prim_batch_16,SEU/SEU857^5.p,TH0,Theorem,thm,yes,41,4,0,4,1,1,0,0,0,
prim_batch_16,SEU/SEU858^5.p,TH0,Theorem,thm,yes,6,2,0,2,1,1,0,0,0,
prim_batch_16,SEU/SEU859^5.p,TH0,Theorem,timeout,na,2028,1046,36,1046,86,24,0,2,0,
prim_batch_16,SEU/SEU860^5.p,TH0,Theorem,timeout,na,2038,1090,54,1090,110,2,0,2,0,
prim_batch_16,SEU/SEU861^5.p,TH0,Theorem,timeout,na,2028,647,45,647,37,0,0,1,0,
prim_batch_16,SEU/SEU862^5.p,TH0,Unknown,timeout,na,2034,433,13,433,51,3,0,1,0,
prim_batch_16,SEU/SEU863^5.p,TH0,Theorem,timeout,na,2044,418,7,418,68,0,0,3,0,
prim_batch_16,SEU/SEU864^5.p,TH0,Theorem,timeout,na,2069,2355,27,2355,386,42,0,6,0,
prim_batch_16,SEU/SEU865^5.p,TH0,Theorem,timeout,na,2039,1410,34,1410,202,0,0,2,0,
prim_batch_16,SEU/SEU866^5.p,TH0,Theorem,timeout,na,2045,1897,52,1897,230,4,0,2,0,
prim_batch_16,SEU/SEU867^5.p,TH0,Theorem,timeout,na,2032,1415,70,1415,137,0,0,1,0,
prim_batch_16,SEU/SEU868^5.p,TH0,Theorem,timeout,na,2046,1218,34,1218,176,0,0,2,0,
prim_batch_16,SEU/SEU869^5.p,TH0,Theorem,timeout,na,2045,831,13,831,136,10,0,2,0,
prim_batch_16,SEU/SEU871^5.p,TH0,Unknown,timeout,na,2033,495,22,495,50,0,0,1,0,
prim_batch_16,SEU/SEU872^5.p,TH0,Theorem,timeout,na,2044,848,20,848,105,0,0,1,0,
prim_batch_16,SEU/SEU873^5.p,TH0,Unknown,timeout,na,2035,502,30,502,38,0,0,1,0,
prim_batch_16,SEU/SEU874^5.p,TH0,Theorem,timeout,na,2034,793,13,793,118,15,0,1,0,
prim_batch_16,SEU/SEU875^5.p,TH0,Theorem,timeout,na,2024,684,26,684,47,23,0,1,0,
prim_batch_16,SEU/SEU876^5.p,TH0,Theorem,timeout,na,2052,889,18,889,107,10,0,1,0,
prim_batch_16,SEU/SEU877^5.p,TH0,Theorem,timeout,na,2057,1005,28,1005,152,31,0,0,0,
prim_batch_16,SEU/SEU878^5.p,TH0,Theorem,timeout,na,2041,375,14,375,27,11,0,0,0,
prim_batch_16,SEU/SEU879^5.p,TH0,Theorem,timeout,na,2108,307,4,307,56,1,0,0,0,
prim_batch_16,SEU/SEU880^5.p,TH0,CounterSatisfiable,timeout,na,2223,27,2,27,3,0,0,0,0,
prim_batch_16,SEU/SEU881^5.p,TH0,Theorem,timeout,na,2327,259,4,259,42,6,0,0,0,
prim_batch_16,SEU/SEU882^5.p,TH0,Theorem,thm,yes,24,16,0,16,2,0,0,1,1,
prim_batch_16,SEU/SEU883^5.p,TH0,Theorem,thm,yes,4,1,0,1,1,1,0,0,0,
prim_batch_16,SEU/SEU884^5.p,TH0,Theorem,timeout,na,2047,3026,155,3026,222,23,0,1,0,
prim_batch_16,SEU/SEU885^5.p,TH0,Theorem,timeout,na,2051,2635,201,2635,54,89,0,0,0,
prim_batch_16,SEU/SEU886^5.p,TH0,Theorem,thm,yes,46,70,2,70,5,7,0,1,1,
prim_batch_16,SEU/SEU887^5.p,TH0,Theorem,timeout,na,2051,3255,211,3255,197,33,0,1,0,
prim_batch_16,SEU/SEU888^5.p,TH0,Theorem,timeout,na,2054,3699,191,3699,263,44,0,1,0,
prim_batch_16,SEU/SEU889^5.p,TH0,Theorem,thm,yes,35,37,2,37,3,4,0,0,0,
prim_batch_16,SEU/SEU890^5.p,TH0,Theorem,timeout,na,2064,3292,188,3292,228,28,0,1,0,
prim_batch_16,SEU/SEU891^5.p,TH0,Theorem,timeout,na,2051,3816,247,3816,129,30,0,0,0,
prim_batch_16,SEU/SEU892^5.p,TH0,Theorem,timeout,na,2023,1305,72,1305,84,4,0,2,0,
prim_batch_16,SEU/SEU893^5.p,TH0,Theorem,timeout,na,2027,2943,201,2943,65,157,0,0,0,
prim_batch_16,SEU/SEU894^5.p,TH0,Theorem,timeout,na,2054,2203,90,2203,253,5,0,1,0,
prim_batch_16,SEU/SEU895^5.p,TH0,Theorem,timeout,na,2054,3571,220,3571,204,32,0,1,0,
prim_batch_16,SEU/SEU896^5.p,TH0,Theorem,timeout,na,2080,3872,125,3872,402,129,0,1,0,
prim_batch_16,SEU/SEU897^5.p,TH0,Theorem,timeout,na,2064,2757,98,2757,169,34,0,0,0,
prim_batch_16,SEU/SEU898^5.p,TH0,Theorem,timeout,na,2069,2482,65,2482,124,118,0,0,0,
prim_batch_16,SEU/SEU899^5.p,TH0,Theorem,timeout,na,2054,3579,216,3579,131,50,0,0,0,
prim_batch_16,SEU/SEU901^5.p,TH0,Theorem,timeout,na,2186,5147,112,5147,250,391,0,0,0,
prim_batch_16,SEU/SEU902^5.p,TH0,Theorem,timeout,na,2109,2322,29,2322,628,44,0,1,0,
prim_batch_16,SEU/SEU903^5.p,TH0,Theorem,timeout,na,2219,6715,202,6715,188,571,0,0,0,
prim_batch_16,SEU/SEU904^5.p,TH0,Theorem,timeout,na,2293,5866,30,5866,188,756,0,0,0,
prim_batch_16,SEU/SEU905^5.p,TH0,Theorem,timeout,na,2321,5814,33,5814,187,672,0,0,0,
prim_batch_16,SEU/SEU906^5.p,TH0,Theorem,timeout,na,2202,3840,22,3840,1245,57,0,4,0,
prim_batch_16,SEU/SEU907^5.p,TH0,Theorem,timeout,na,2039,1958,73,1958,195,24,0,2,0,
prim_batch_16,SEU/SEU908^5.p,TH0,Theorem,thm,yes,31,15,0,15,3,0,0,1,1,
prim_batch_16,SEU/SEU909^5.p,TH0,Theorem,timeout,na,2034,762,31,762,78,3,0,1,0,
prim_batch_16,SEU/SEU910^5.p,TH0,Theorem,timeout,na,2060,233,3,233,31,7,0,0,0,
prim_batch_16,SEU/SEU911^5.p,TH0,CounterSatisfiable,timeout,na,2084,309,9,309,35,0,0,0,0,
prim_batch_16,SEU/SEU912^5.p,TH0,Theorem,timeout,na,2081,498,14,498,69,6,0,0,0,
prim_batch_16,SEU/SEU913^5.p,TH0,Unknown,timeout,na,2136,131,5,131,13,0,0,0,0,
prim_batch_16,SEU/SEU914^5.p,TH0,Theorem,timeout,na,2133,209,7,209,19,4,0,0,0,
prim_batch_16,SEU/SEU915^5.p,TH0,Theorem,timeout,na,2144,203,9,203,17,2,0,0,0,
prim_batch_16,SEU/SEU916^5.p,TH0,Theorem,timeout,na,2156,69,2,69,9,0,0,0,0,
prim_batch_16,SEU/SEU917^5.p,TH0,Theorem,timeout,na,2037,1750,68,1750,144,4,0,4,0,
prim_batch_16,SEU/SEU918^5.p,TH0,Theorem,thm,yes,1474,77,4,77,5,3,0,2,1,
prim_batch_16,SEU/SEU919^5.p,TH0,Theorem,thm,yes,88,36,1,36,3,1,0,2,1,
prim_batch_16,SEU/SEU920^5.p,TH0,Theorem,timeout,na,2041,2697,152,2697,162,2,0,4,0,
prim_batch_16,SEU/SEU921^5.p,TH0,Theorem,timeout,na,2061,2820,100,2820,250,73,0,3,0,
prim_batch_16,SEU/SEU922^5.p,TH0,Theorem,timeout,na,2034,1633,65,1633,140,14,0,3,0,
prim_batch_16,SEU/SEU923^5.p,TH0,Theorem,thm,yes,6,1,0,1,1,1,0,0,0,
prim_batch_16,SEU/SEU924^5.p,TH0,Theorem,timeout,na,2005,74,3,74,5,4,0,4,0,
prim_batch_16,SEU/SEU925^5.p,TH0,Theorem,timeout,na,2074,3050,107,3050,348,47,0,1,0,
prim_batch_16,SEU/SEU926^5.p,TH0,Theorem,thm,yes,36,11,0,11,2,0,0,1,1,
prim_batch_16,SEU/SEU927^5.p,TH0,Theorem,thm,yes,35,22,0,22,3,3,0,3,1,
prim_batch_16,SEU/SEU928^5.p,TH0,Theorem,timeout,na,2005,174,4,174,13,10,0,2,0,
prim_batch_16,SEU/SEU929^5.p,TH0,Theorem,timeout,na,2006,101,4,101,7,3,0,4,0,
prim_batch_16,SEU/SEU930^5.p,TH0,Theorem,timeout,na,2054,2315,91,2315,213,24,0,1,0,
prim_batch_16,SEU/SEU931^5.p,TH0,Theorem,timeout,na,2056,2799,159,2799,216,25,0,1,0,
prim_batch_16,SEU/SEU932^5.p,TH0,Theorem,timeout,na,2057,2682,125,2682,237,30,0,1,0,
prim_batch_16,SEU/SEU933^5.p,TH0,Theorem,timeout,na,2012,229,9,229,17,8,0,3,0,
prim_batch_16,SEU/SEU934^5.p,TH0,Theorem,timeout,na,2063,2728,81,2728,301,29,0,1,0,
prim_batch_16,SEU/SEU935^5.p,TH0,Theorem,timeout,na,2057,2460,66,2460,268,14,0,4,0,
prim_batch_16,SEU/SEU936^5.p,TH0,Theorem,timeout,na,2007,175,2,175,13,10,0,2,0,
prim_batch_16,SEU/SEU937^5.p,TH0,Theorem,timeout,na,2118,3196,62,3196,432,88,0,1,0,
prim_batch_16,SEU/SEU938^5.p,TH0,Theorem,timeout,na,2047,1784,74,1784,229,0,0,1,0,
prim_batch_16,SEU/SEU939^5.p,TH0,Theorem,timeout,na,2024,353,21,353,20,0,0,2,0,
prim_batch_16,SEU/SEU940^5.p,TH0,Theorem,timeout,na,2024,515,21,515,51,1,0,2,0,
prim_batch_16,SEU/SEU941^5.p,TH0,Theorem,timeout,na,2071,2778,80,2778,313,49,0,1,0,
prim_batch_16,SEU/SEU942^5.p,TH0,Theorem,timeout,na,2042,1613,35,1613,213,11,0,1,0,
prim_batch_16,SEU/SEU943^5.p,TH0,Theorem,timeout,na,2052,1815,41,1815,283,11,0,3,0,
prim_batch_16,SEU/SEU944^5.p,TH0,Theorem,timeout,na,2072,2028,25,2028,395,7,0,3,0,
prim_batch_16,SEU/SEU945^5.p,TH0,Theorem,timeout,na,2007,266,11,266,16,7,0,4,0,
prim_batch_16,SEU/SEU946^5.p,TH0,Theorem,timeout,na,2050,1874,44,1874,250,8,0,1,0,
prim_batch_16,SEU/SEU947^5.p,TH0,Theorem,timeout,na,2045,1861,57,1861,196,7,0,1,0,
prim_batch_16,SEU/SEU948^5.p,TH0,Theorem,timeout,na,2020,649,33,649,48,7,0,2,0,
prim_batch_16,SEU/SEU949^5.p,TH0,Theorem,timeout,na,2012,309,15,309,19,8,0,1,0,
prim_batch_16,SEU/SEU950^5.p,TH0,Theorem,timeout,na,2035,783,35,783,71,17,0,2,0,
prim_batch_16,SEU/SEU951^5.p,TH0,Theorem,timeout,na,2041,826,36,826,84,10,0,3,0,
prim_batch_16,SEU/SEU953^5.p,TH0,Theorem,timeout,na,2048,1883,59,1883,179,8,0,3,0,
prim_batch_16,SEU/SEU954^5.p,TH0,Unknown,timeout,na,2063,2084,51,2084,264,9,0,3,0,
prim_batch_16,SEU/SEU955^5.p,TH0,Theorem,timeout,na,2063,2660,46,2660,325,2,0,4,0,
prim_batch_16,SEU/SEU956^5.p,TH0,Theorem,timeout,na,2088,3408,104,3408,377,63,0,2,0,
prim_batch_16,SEU/SEU957^5.p,TH0,Theorem,timeout,na,2046,2562,139,2562,169,4,0,4,0,
prim_batch_16,SEU/SEU958^5.p,TH0,Unknown,timeout,na,2069,2648,49,2648,315,3,0,4,0,
prim_batch_16,SEU/SEU959^5.p,TH0,Unknown,timeout,na,2042,1460,22,1460,181,12,0,3,0,
prim_batch_16,SEU/SEU960^5.p,TH0,Theorem,timeout,na,2048,1062,10,1062,191,0,0,1,0,
prim_batch_16,SEU/SEU961^5.p,TH0,Theorem,timeout,na,2056,1560,39,1560,236,3,0,2,0,
prim_batch_16,SEU/SEU963^5.p,TH0,Unknown,timeout,na,2030,914,29,914,77,38,0,2,0,
prim_batch_16,SEU/SEU965^5.p,TH0,Unknown,timeout,na,2030,753,26,753,62,26,0,2,0,
prim_batch_16,SEU/SEU966^5.p,TH0,CounterSatisfiable,timeout,na,2059,1911,65,1911,206,35,0,2,0,
prim_batch_16,SEU/SEU967^5.p,TH0,Theorem,thm,yes,43,4,0,4,1,0,0,1,1,
prim_batch_16,SEU/SEU968^5.p,TH0,Theorem,timeout,na,2033,575,18,575,57,12,0,2,0,
prim_batch_16,SEU/SEU969^5.p,TH0,Theorem,timeout,na,2048,1823,91,1823,188,9,0,1,0,
prim_batch_16,SEU/SEU970^5.p,TH0,Theorem,timeout,na,2070,2670,99,2670,337,14,0,2,0,
prim_batch_16,SEU/SEU971^5.p,TH0,Unknown,timeout,na,2045,589,16,589,91,14,0,0,0,
prim_batch_16,SEU/SEU972^5.p,TH0,Theorem,timeout,na,2046,872,19,872,147,10,0,1,0,
prim_batch_16,SEU/SEU973^5.p,TH0,Unknown,timeout,na,2045,1070,40,1070,129,4,0,1,0,
prim_batch_16,SEU/SEU974^5.p,TH0,Theorem,timeout,na,2073,1185,10,1185,206,50,0,1,0,
prim_batch_16,SEU/SEU975^5.p,TH0,Theorem,timeout,na,2064,1186,19,1186,170,56,0,1,0,
prim_batch_16,SEU/SEU976^5.p,TH0,Unknown,timeout,na,2047,765,19,765,109,0,0,3,0,
prim_batch_16,SEU/SEU977^5.p,TH0,Unknown,timeout,na,2049,725,31,725,91,0,0,2,0,
prim_batch_16,SEU/SEU978^5.p,TH0,Unknown,timeout,na,2084,853,5,853,198,34,0,0,0,
prim_batch_16,SEU/SEU979^5.p,TH0,Unknown,timeout,na,2057,845,28,845,107,3,0,1,0,
prim_batch_16,SEU/SEU980^6.p,TH0,Unknown,timeout,na,2064,536,8,536,107,2,0,0,0,
prim_batch_16,SEU/SEU982^5.p,TH0,Unknown,timeout,na,2064,792,34,792,93,3,0,0,0,
prim_batch_16,SEU/SEU983^5.p,TH0,Unknown,timeout,na,2068,863,36,863,85,0,0,0,0,
prim_batch_16,SEU/SEU984^5.p,TH0,Unknown,timeout,na,2074,1376,41,1376,171,10,0,2,0,
prim_batch_16,SEU/SEU985^5.p,TH0,Unknown,timeout,na,2030,620,21,620,72,0,0,2,0,
prim_batch_16,SEU/SEU986^5.p,TH0,Unknown,timeout,na,2032,754,32,754,82,0,0,2,0,
prim_batch_16,SEU/SEU987^5.p,TH0,Theorem,timeout,na,2075,1979,78,1979,286,53,0,4,0,
prim_batch_16,SEU/SEU988^5.p,TH0,Unknown,timeout,na,2035,398,13,398,34,21,0,1,0,
prim_batch_16,SEU/SEU989^5.p,TH0,Unknown,timeout,na,2048,1574,55,1574,163,0,0,1,0,
prim_batch_16,SEU/SEU990^5.p,TH0,Unknown,timeout,na,2045,2012,85,2012,162,10,0,2,0,
prim_batch_16,SEU/SEU991^5.p,TH0,Unknown,timeout,na,2039,1126,41,1126,109,9,0,1,0,
prim_batch_16,SEU/SEU992^5.p,TH0,Theorem,timeout,na,2037,1394,65,1394,108,0,0,1,0,
prim_batch_16,SEU/SEU993^5.p,TH0,Unknown,timeout,na,2047,1411,49,1411,149,8,0,1,0,
prim_batch_16,SEU/SEU994^5.p,TH0,CounterSatisfiable,csa,yes,37,19,0,19,4,1,1,0,0,cR C[13PPBD] C[1KP6PZ]  cR C[1KP6PZ] C[13PPBD]  C[1K288M] C[13PPBD]  ¬(C[1K288M] C[1KP6PZ])
prim_batch_16,SEU/SEU995^5.p,TH0,Theorem,timeout,na,2007,79,4,79,5,3,0,1,0,
prim_batch_16,SEU/SEU996^5.p,TH0,Theorem,timeout,na,2074,1737,83,1737,131,25,0,1,0,
prim_batch_16,SEU/SEU997^5.p,TH0,Theorem,timeout,na,2099,1653,62,1653,163,11,0,2,0,
prim_batch_16,SEU/SEU998^5.p,TH0,Theorem,timeout,na,2055,271,15,271,12,5,0,1,0,
prim_batch_16,SEU/SEU999^5.p,TH0,Theorem,timeout,na,2093,951,61,951,68,21,0,0,0,
prim_batch_16,SEV/SEV000^5.p,TH0,Theorem,timeout,na,2080,2478,135,2478,202,20,0,1,0,
prim_batch_16,SEV/SEV001^5.p,TH0,Theorem,timeout,na,2086,2337,108,2337,215,14,0,1,0,
prim_batch_16,SEV/SEV002^5.p,TH0,Theorem,timeout,na,2068,1219,39,1219,119,43,0,3,0,
prim_batch_16,SEV/SEV003^5.p,TH0,Theorem,timeout,na,2070,504,18,504,47,11,0,0,0,
prim_batch_16,SEV/SEV004^5.p,TH0,Theorem,timeout,na,2056,32,2,32,2,0,0,0,0,
prim_batch_16,SEV/SEV005^5.p,TH0,Theorem,timeout,na,2049,33,2,33,2,0,0,0,0,
prim_batch_16,SEV/SEV006^5.p,TH0,Theorem,timeout,na,2116,1714,39,1714,86,34,0,0,0,
prim_batch_16,SEV/SEV007^5.p,TH0,Unknown,timeout,na,2079,10,0,10,2,0,0,0,0,
prim_batch_16,SEV/SEV008^5.p,TH0,Theorem,timeout,na,2074,2415,103,2415,322,8,0,1,0,
prim_batch_16,SEV/SEV009^5.p,TH0,Theorem,timeout,na,2128,2506,54,2506,626,1,0,1,0,
prim_batch_16,SEV/SEV010^5.p,TH0,Theorem,timeout,na,2037,933,51,933,81,3,0,0,0,
prim_batch_16,SEV/SEV011^5.p,TH0,Theorem,timeout,na,2028,788,50,788,56,4,0,1,0,
prim_batch_16,SEV/SEV012^5.p,TH0,Theorem,thm,yes,13,12,0,12,2,3,0,0,0,
prim_batch_16,SEV/SEV013^5.p,TH0,Theorem,thm,yes,73,115,5,115,5,9,0,2,0,
prim_batch_16,SEV/SEV014^5.p,TH0,Theorem,thm,yes,12,2,0,2,1,1,0,0,0,
prim_batch_16,SEV/SEV015^5.p,TH0,Theorem,timeout,na,2112,6287,360,6287,697,172,0,4,0,
prim_batch_16,SEV/SEV016^5.p,TH0,Theorem,timeout,na,2061,2184,14,2184,370,18,0,3,0,
prim_batch_16,SEV/SEV017^5.p,TH0,Theorem,thm,yes,14,2,0,2,1,1,0,0,0,
prim_batch_16,SEV/SEV018^5.p,TH0,Theorem,timeout,na,2070,2118,11,2118,409,18,0,3,0,
prim_batch_16,SEV/SEV019^5.p,TH0,Theorem,timeout,na,2204,5139,65,5139,1268,148,0,1,0,
prim_batch_16,SEV/SEV020^5.p,TH0,CounterSatisfiable,timeout,na,2019,870,56,870,53,0,0,1,0,
prim_batch_16,SEV/SEV021^5.p,TH0,Theorem,timeout,na,2038,1640,130,1640,62,0,0,2,0,
prim_batch_16,SEV/SEV021^6.p,TH0,Theorem,timeout,na,2045,1654,99,1654,86,30,0,2,0,
prim_batch_16,SEV/SEV021^7.p,TH0,Theorem,timeout,na,2041,1735,113,1735,95,4,0,2,0,
prim_batch_16,SEV/SEV022^5.p,TH0,Unknown,timeout,na,2031,944,57,944,59,0,0,1,0,
prim_batch_16,SEV/SEV023^5.p,TH0,Theorem,timeout,na,2046,1608,81,1608,95,20,0,3,0,
prim_batch_16,SEV/SEV024^5.p,TH0,Theorem,timeout,na,2028,963,63,963,49,0,0,1,0,
prim_batch_16,SEV/SEV025^5.p,TH0,Theorem,timeout,na,2032,853,47,853,58,0,0,1,0,
prim_batch_16,SEV/SEV026^5.p,TH0,Unknown,timeout,na,2025,283,10,283,33,0,0,1,0,
prim_batch_16,SEV/SEV027^5.p,TH0,Theorem,timeout,na,2044,1149,73,1149,75,0,0,3,0,
prim_batch_16,SEV/SEV028^5.p,TH0,Theorem,timeout,na,2042,1471,67,1471,125,8,0,1,0,
prim_batch_16,SEV/SEV029^5.p,TH0,CounterSatisfiable,timeout,na,2080,1685,66,1685,192,23,0,0,0,
prim_batch_16,SEV/SEV030^5.p,TH0,Unknown,timeout,na,2035,875,57,875,48,0,0,1,0,
prim_batch_16,SEV/SEV031^5.p,TH0,Theorem,timeout,na,2104,2004,43,2004,194,45,0,0,0,
prim_batch_16,SEV/SEV032^5.p,TH0,Theorem,timeout,na,2093,3200,120,3200,369,12,0,1,0,
prim_batch_16,SEV/SEV033^5.p,TH0,Theorem,timeout,na,2037,1346,86,1346,65,15,0,3,0,
prim_batch_16,SEV/SEV034^5.p,TH0,Theorem,timeout,na,2115,3487,130,3487,210,88,0,0,0,
prim_batch_16,SEV/SEV035^5.p,TH0,Theorem,timeout,na,2087,1916,51,1916,212,25,0,0,0,
prim_batch_16,SEV/SEV037^5.p,TH0,Theorem,timeout,na,2087,1261,40,1261,169,25,0,0,0,
prim_batch_16,SEV/SEV038^5.p,TH0,Unknown,timeout,na,2046,210,11,210,19,0,0,0,0,
prim_batch_16,SEV/SEV039^5.p,TH0,Unknown,timeout,na,2054,286,15,286,28,0,0,0,0,
prim_batch_16,SEV/SEV040^5.p,TH0,Theorem,timeout,na,2184,5282,240,5282,952,46,0,1,0,
prim_batch_16,SEV/SEV041^5.p,TH0,Theorem,timeout,na,2068,1009,28,1009,141,4,0,0,0,
prim_batch_16,SEV/SEV042^5.p,TH0,Theorem,timeout,na,2024,340,19,340,23,0,0,1,0,
prim_batch_16,SEV/SEV043^5.p,TH0,Theorem,timeout,na,2101,6677,434,6677,582,189,0,3,0,
prim_batch_16,SEV/SEV044^5.p,TH0,Theorem,timeout,na,2107,2776,100,2776,486,43,0,1,0,
prim_batch_16,SEV/SEV045^5.p,TH0,Theorem,timeout,na,2148,5647,282,5647,214,8,0,0,0,
prim_batch_16,SEV/SEV046^5.p,TH0,Theorem,timeout,na,2151,2675,70,2675,210,54,0,0,0,
prim_batch_16,SEV/SEV047^5.p,TH0,Theorem,thm,yes,4,4,0,4,1,1,0,0,0,
prim_batch_16,SEV/SEV048^5.p,TH0,Theorem,thm,yes,50,6,0,6,1,0,0,1,1,
prim_batch_16,SEV/SEV049^5.p,TH0,Theorem,thm,yes,63,16,0,16,3,0,0,1,1,
prim_batch_16,SEV/SEV050^5.p,TH0,Theorem,timeout,na,2018,276,10,276,26,0,0,1,0,
prim_batch_16,SEV/SEV051^5.p,TH0,Theorem,thm,yes,24,11,0,11,2,2,0,0,0,
prim_batch_16,SEV/SEV052^5.p,TH0,Theorem,timeout,na,2023,419,9,419,59,0,0,2,0,
prim_batch_16,SEV/SEV053^5.p,TH0,Theorem,timeout,na,2209,6055,162,6055,1025,565,0,3,0,
prim_batch_16,SEV/SEV054^5.p,TH0,Theorem,timeout,na,2025,1305,110,1305,48,0,0,1,0,
prim_batch_16,SEV/SEV055^5.p,TH0,Theorem,thm,yes,93,25,1,25,3,0,0,1,1,
prim_batch_16,SEV/SEV056^5.p,TH0,Theorem,thm,yes,313,50,1,50,4,4,0,1,1,
prim_batch_16,SEV/SEV057^5.p,TH0,Theorem,timeout,na,2030,744,7,744,146,14,0,0,0,
prim_batch_16,SEV/SEV058^5.p,TH0,Theorem,timeout,na,2025,304,14,304,27,0,0,2,0,
prim_batch_16,SEV/SEV059^5.p,TH0,Theorem,timeout,na,2145,4167,107,4167,754,178,0,5,0,
prim_batch_16,SEV/SEV060^5.p,TH0,Theorem,timeout,na,2070,3367,156,3367,336,23,0,1,0,
prim_batch_16,SEV/SEV061^5.p,TH0,Theorem,thm,yes,15,5,0,5,1,1,0,0,0,
prim_batch_16,SEV/SEV062^5.p,TH0,Theorem,timeout,na,2022,465,21,465,46,0,0,1,0,
prim_batch_16,SEV/SEV063^5.p,TH0,Theorem,timeout,na,2039,972,54,972,79,0,0,1,0,
prim_batch_16,SEV/SEV064^5.p,TH0,Theorem,timeout,na,2029,367,17,367,25,5,0,1,0,
prim_batch_16,SEV/SEV065^5.p,TH0,Theorem,thm,yes,44,12,1,12,1,1,0,0,0,
prim_batch_16,SEV/SEV066^5.p,TH0,Theorem,timeout,na,2029,373,14,373,32,11,0,2,0,
prim_batch_16,SEV/SEV067^5.p,TH0,Theorem,timeout,na,2212,6468,283,6468,1025,276,0,5,0,
prim_batch_16,SEV/SEV068^5.p,TH0,Theorem,timeout,na,2020,265,11,265,19,0,0,0,0,
prim_batch_16,SEV/SEV069^6.p,TH0,Theorem,timeout,na,2025,294,10,294,30,0,0,1,0,
prim_batch_16,SEV/SEV070^5.p,TH0,Theorem,timeout,na,2050,2663,124,2663,204,28,0,2,0,
prim_batch_16,SEV/SEV071^5.p,TH0,Theorem,timeout,na,2016,155,4,155,12,0,0,1,0,
prim_batch_16,SEV/SEV072^5.p,TH0,Theorem,timeout,na,2082,2450,63,2450,365,26,0,1,0,
prim_batch_16,SEV/SEV074^5.p,TH0,Theorem,timeout,na,2061,892,24,892,111,10,0,1,0,
prim_batch_16,SEV/SEV075^5.p,TH0,Theorem,timeout,na,2077,1561,29,1561,340,13,0,1,0,
prim_batch_16,SEV/SEV076^5.p,TH0,Theorem,timeout,na,2021,1302,116,1302,28,1,0,1,0,
prim_batch_16,SEV/SEV079^5.p,TH0,Theorem,thm,yes,17,6,0,6,1,1,0,0,0,
prim_batch_16,SEV/SEV080^5.p,TH0,Theorem,timeout,na,2036,1082,24,1082,153,42,0,0,0,
prim_batch_16,SEV/SEV081^5.p,TH0,Theorem,timeout,na,2018,439,17,439,44,0,0,1,0,
prim_batch_16,SEV/SEV082^5.p,TH0,Theorem,timeout,na,2023,529,21,529,58,0,0,2,0,
prim_batch_16,SEV/SEV083^5.p,TH0,Theorem,timeout,na,2031,470,13,470,73,0,0,2,0,
prim_batch_16,SEV/SEV084^5.p,TH0,Theorem,timeout,na,2022,493,19,493,54,0,0,2,0,
prim_batch_16,SEV/SEV085^5.p,TH0,Theorem,timeout,na,2031,344,7,344,53,0,0,1,0,
prim_batch_16,SEV/SEV086^5.p,TH0,Theorem,timeout,na,2024,296,8,296,32,0,0,1,0,
prim_batch_16,SEV/SEV087^5.p,TH0,Theorem,timeout,na,2032,296,0,296,71,0,0,1,0,
prim_batch_16,SEV/SEV088^5.p,TH0,Theorem,thm,yes,225,23,0,23,3,0,0,1,1,
prim_batch_16,SEV/SEV089^5.p,TH0,Theorem,timeout,na,2086,2676,40,2676,245,122,0,0,0,
prim_batch_16,SEV/SEV090^5.p,TH0,Theorem,timeout,na,2032,540,19,540,54,0,0,2,0,
prim_batch_16,SEV/SEV091^5.p,TH0,Theorem,timeout,na,2274,7489,189,7489,1987,40,0,3,0,
prim_batch_16,SEV/SEV092^5.p,TH0,Unknown,timeout,na,2031,1263,69,1263,95,0,0,1,0,
prim_batch_16,SEV/SEV093^5.p,TH0,Theorem,timeout,na,2105,1429,63,1429,139,1,0,0,0,
prim_batch_16,SEV/SEV094^5.p,TH0,Theorem,timeout,na,2096,3125,49,3125,227,53,0,0,0,
prim_batch_16,SEV/SEV095^5.p,TH0,Theorem,timeout,na,2026,243,13,243,16,1,0,0,0,
prim_batch_16,SEV/SEV096^5.p,TH0,Theorem,thm,yes,141,108,5,108,4,6,0,3,0,
prim_batch_16,SEV/SEV097^5.p,TH0,Theorem,thm,yes,73,23,1,23,2,0,0,1,1,
prim_batch_16,SEV/SEV098^5.p,TH0,CounterSatisfiable,timeout,na,2057,1446,25,1446,206,24,0,1,0,
prim_batch_16,SEV/SEV099^5.p,TH0,Unknown,timeout,na,2039,523,23,523,48,4,0,1,0,
prim_batch_16,SEV/SEV100^5.p,TH0,Theorem,timeout,na,2044,303,9,303,34,2,0,1,0,
prim_batch_16,SEV/SEV101^5.p,TH0,Theorem,timeout,na,2040,340,12,340,35,4,0,1,0,
prim_batch_16,SEV/SEV102^5.p,TH0,Theorem,timeout,na,2088,3009,82,3009,273,45,0,0,0,
prim_batch_16,SEV/SEV103^5.p,TH0,Unknown,timeout,na,2036,1418,70,1418,106,2,0,1,0,
prim_batch_16,SEV/SEV104^5.p,TH0,Theorem,timeout,na,2245,5763,186,5763,1428,51,0,1,0,
prim_batch_16,SEV/SEV105^5.p,TH0,Unknown,timeout,na,2055,1022,4,1022,192,24,0,1,0,
prim_batch_16,SEV/SEV106^5.p,TH0,Theorem,timeout,na,2144,3643,19,3643,305,88,0,0,0,
prim_batch_16,SEV/SEV107^5.p,TH0,Theorem,timeout,na,2102,2311,53,2311,271,152,0,1,0,
prim_batch_16,SEV/SEV108^5.p,TH0,Theorem,timeout,na,2304,7698,2,7698,415,368,0,0,0,
prim_batch_16,SEV/SEV109^5.p,TH0,Theorem,timeout,na,2046,900,42,900,91,16,0,1,0,
prim_batch_16,SEV/SEV113^5.p,TH0,Theorem,timeout,na,2034,216,8,216,19,0,0,0,0,
prim_batch_16,SEV/SEV114^5.p,TH0,Unknown,timeout,na,2046,392,28,392,26,0,0,3,0,
prim_batch_16,SEV/SEV115^5.p,TH0,Unknown,timeout,na,2041,162,5,162,16,0,0,1,0,
prim_batch_16,SEV/SEV116^5.p,TH0,Theorem,timeout,na,2012,31,1,31,3,0,0,2,0,
prim_batch_16,SEV/SEV117^5.p,TH0,Unknown,timeout,na,2027,1057,51,1057,84,14,0,1,0,
prim_batch_16,SEV/SEV118^5.p,TH0,Unknown,timeout,na,2037,1199,60,1199,99,15,0,0,0,
prim_batch_16,SEV/SEV119^5.p,TH0,Theorem,timeout,na,2034,527,20,527,48,14,0,0,0,
prim_batch_16,SEV/SEV120^5.p,TH0,Theorem,timeout,na,2036,849,41,849,77,1,0,1,0,
prim_batch_16,SEV/SEV121^5.p,TH0,Theorem,timeout,na,2006,141,2,141,10,15,0,3,0,
prim_batch_16,SEV/SEV122^5.p,TH0,Theorem,thm,yes,22,3,0,3,1,1,0,0,0,
prim_batch_16,SEV/SEV123^5.p,TH0,Theorem,timeout,na,2028,542,22,542,52,0,0,1,0,
prim_batch_16,SEV/SEV124^5.p,TH0,Theorem,timeout,na,2033,293,9,293,34,0,0,2,0,
prim_batch_16,SEV/SEV125^5.p,TH0,Theorem,timeout,na,2044,326,11,326,41,1,0,1,0,
prim_batch_16,SEV/SEV126^5.p,TH0,Theorem,timeout,na,2091,1002,20,1002,185,8,0,1,0,
prim_batch_16,SEV/SEV127^5.p,TH0,Theorem,timeout,na,2043,685,21,685,76,5,0,1,0,
prim_batch_16,SEV/SEV128^5.p,TH0,Theorem,timeout,na,2034,334,19,334,22,0,0,1,0,
prim_batch_16,SEV/SEV129^5.p,TH0,Theorem,timeout,na,2040,268,7,268,25,0,0,1,0,
prim_batch_16,SEV/SEV130^5.p,TH0,Theorem,timeout,na,2055,509,18,509,46,5,0,0,0,
prim_batch_16,SEV/SEV131^5.p,TH0,Theorem,thm,yes,55,21,1,21,3,0,0,4,1,
prim_batch_16,SEV/SEV132^5.p,TH0,Unknown,timeout,na,2040,1621,65,1621,164,10,0,1,0,
prim_batch_16,SEV/SEV133^5.p,TH0,Unknown,timeout,na,2051,1157,28,1157,186,15,0,1,0,
prim_batch_16,SEV/SEV134^5.p,TH0,Theorem,thm,yes,10,4,0,4,1,1,0,0,0,
prim_batch_16,SEV/SEV135^5.p,TH0,Theorem,thm,yes,53,15,1,15,2,0,0,1,1,
prim_batch_16,SEV/SEV136^5.p,TH0,Theorem,timeout,na,2051,968,7,968,215,0,0,1,0,
prim_batch_16,SEV/SEV137^5.p,TH0,Theorem,timeout,na,2032,1715,109,1715,98,0,0,2,0,
prim_batch_16,SEV/SEV138^5.p,TH0,Theorem,timeout,na,2037,1293,86,1293,78,0,0,1,0,
prim_batch_16,SEV/SEV140^5.p,TH0,Theorem,timeout,na,2037,585,30,585,38,4,0,1,0,
prim_batch_16,SEV/SEV141^5.p,TH0,Theorem,timeout,na,2059,1075,34,1075,112,17,0,0,0,
prim_batch_16,SEV/SEV143^5.p,TH0,Theorem,timeout,na,2051,1020,33,1020,134,1,0,0,0,
prim_batch_16,SEV/SEV144^5.p,TH0,Theorem,timeout,na,2065,1575,57,1575,176,1,0,0,0,
prim_batch_16,SEV/SEV146^5.p,TH0,Theorem,timeout,na,2061,1775,65,1775,151,74,0,0,0,
prim_batch_16,SEV/SEV148^5.p,TH0,Theorem,timeout,na,2040,322,15,322,31,6,0,1,0,
prim_batch_16,SEV/SEV149^5.p,TH0,Theorem,timeout,na,2067,1398,50,1398,142,33,0,1,0,
prim_batch_16,SEV/SEV150^5.p,TH0,Theorem,timeout,na,2052,922,34,922,119,7,0,0,0,
prim_batch_16,SEV/SEV152^5.p,TH0,Theorem,timeout,na,2093,1225,21,1225,179,2,0,0,0,
prim_batch_16,SEV/SEV153^5.p,TH0,Theorem,timeout,na,2072,1081,34,1081,138,2,0,0,0,
prim_batch_16,SEV/SEV154^5.p,TH0,Theorem,timeout,na,2110,1427,27,1427,147,2,0,0,0,
prim_batch_16,SEV/SEV155^5.p,TH0,Theorem,timeout,na,2075,1018,44,1018,122,2,0,0,0,
prim_batch_16,SEV/SEV156^5.p,TH0,Theorem,timeout,na,2129,1339,26,1339,127,2,0,0,0,
prim_batch_16,SEV/SEV157^5.p,TH0,Theorem,timeout,na,2080,900,26,900,132,2,0,0,0,
prim_batch_16,SEV/SEV158^5.p,TH0,Theorem,timeout,na,2021,241,6,241,33,0,0,1,0,
prim_batch_16,SEV/SEV159^5.p,TH0,Theorem,thm,yes,4,3,0,3,1,1,0,0,0,
prim_batch_16,SEV/SEV160^5.p,TH0,Theorem,thm,yes,5,1,0,1,1,1,0,0,0,
prim_batch_16,SEV/SEV161^5.p,TH0,Theorem,thm,yes,5,4,0,4,1,1,0,0,0,
prim_batch_16,SEV/SEV162^5.p,TH0,Theorem,thm,yes,32,36,2,36,3,2,0,1,1,
prim_batch_16,SEV/SEV163^5.p,TH0,Theorem,timeout,na,2007,71,2,71,5,3,0,5,0,
prim_batch_16,SEV/SEV164^5.p,TH0,Theorem,thm,yes,25,25,0,25,3,1,0,1,1,
prim_batch_16,SEV/SEV165^5.p,TH0,Theorem,timeout,na,2009,15,0,15,3,0,0,0,0,
prim_batch_16,SEV/SEV166^5.p,TH0,Theorem,timeout,na,2079,2171,45,2171,313,32,0,1,0,
prim_batch_16,SEV/SEV167^5.p,TH0,Theorem,timeout,na,2051,760,29,760,63,19,0,1,0,
prim_batch_16,SEV/SEV168^5.p,TH0,Theorem,timeout,na,2010,91,5,91,5,3,0,1,0,
prim_batch_16,SEV/SEV169^5.p,TH0,Theorem,timeout,na,2037,1060,38,1060,106,11,0,4,0,
prim_batch_16,SEV/SEV170^5.p,TH0,Theorem,timeout,na,2110,959,13,959,188,54,0,0,0,
prim_batch_16,SEV/SEV171^5.p,TH0,Theorem,timeout,na,2033,382,11,382,40,8,0,0,0,
prim_batch_16,SEV/SEV172^5.p,TH0,CounterSatisfiable,timeout,na,2056,1751,56,1751,168,112,0,0,0,
prim_batch_16,SEV/SEV173^5.p,TH0,CounterSatisfiable,timeout,na,2062,2173,63,2173,201,116,0,0,0,
prim_batch_16,SEV/SEV174^5.p,TH0,Theorem,timeout,na,2029,1374,81,1374,77,28,0,1,0,
prim_batch_16,SEV/SEV175^5.p,TH0,Theorem,timeout,na,2023,447,0,447,85,22,0,5,0,
prim_batch_16,SEV/SEV176^5.p,TH0,Theorem,timeout,na,2122,4958,76,4958,698,108,0,2,0,
prim_batch_16,SEV/SEV177^5.p,TH0,Theorem,timeout,na,2031,1977,115,1977,111,8,0,1,0,
prim_batch_16,SEV/SEV179^5.p,TH0,Theorem,timeout,na,2031,692,1,692,117,61,0,5,0,
prim_batch_16,SEV/SEV180^5.p,TH0,CounterSatisfiable,timeout,na,2070,3304,44,3304,257,257,0,0,0,
prim_batch_16,SEV/SEV181^5.p,TH0,Theorem,timeout,na,2137,1906,40,1906,542,114,0,1,0,
prim_batch_16,SEV/SEV182^5.p,TH0,Unknown,timeout,na,2061,993,4,993,177,23,0,1,0,
prim_batch_16,SEV/SEV183^5.p,TH0,Theorem,timeout,na,2086,671,7,671,122,1,0,0,0,
prim_batch_16,SEV/SEV184^5.p,TH0,Unknown,timeout,na,2108,162,3,162,24,0,0,0,0,
prim_batch_16,SEV/SEV185^5.p,TH0,Theorem,timeout,na,2043,1365,62,1365,131,15,0,1,0,
prim_batch_16,SEV/SEV186^5.p,TH0,Theorem,timeout,na,2041,1124,57,1124,91,13,0,1,0,
prim_batch_16,SEV/SEV187^5.p,TH0,Theorem,thm,yes,7,2,0,2,1,1,0,0,0,
prim_batch_16,SEV/SEV188^5.p,TH0,Theorem,thm,yes,5,2,0,2,1,1,0,0,0,
prim_batch_16,SEV/SEV189^5.p,TH0,Theorem,timeout,na,2038,842,6,842,124,19,0,1,0,
prim_batch_16,SEV/SEV190^5.p,TH0,Theorem,timeout,na,2057,1533,78,1533,122,10,0,1,0,
prim_batch_16,SEV/SEV191^5.p,TH0,Theorem,timeout,na,2192,3492,112,3492,255,14,0,0,0,
prim_batch_16,SEV/SEV192^5.p,TH0,Theorem,timeout,na,2073,106,2,106,11,0,0,1,0,
prim_batch_16,SEV/SEV193^5.p,TH0,Unknown,timeout,na,2058,725,4,725,131,3,0,0,0,
prim_batch_16,SEV/SEV194^5.p,TH0,Theorem,timeout,na,2035,462,20,462,57,5,0,0,0,
prim_batch_16,SEV/SEV195^5.p,TH0,Theorem,timeout,na,2044,1917,81,1917,146,54,0,1,0,
prim_batch_16,SEV/SEV196^5.p,TH0,Theorem,timeout,na,2029,575,23,575,59,10,0,0,0,
prim_batch_16,SEV/SEV197^5.p,TH0,Theorem,thm,yes,25,1,0,1,1,1,0,0,0,
prim_batch_16,SEV/SEV198^5.p,TH0,Theorem,timeout,na,2032,256,8,256,38,7,0,1,0,
prim_batch_16,SEV/SEV199^5.p,TH0,Theorem,timeout,na,2066,1205,26,1205,127,64,0,1,0,
prim_batch_16,SEV/SEV200^5.p,TH0,Theorem,timeout,na,2056,1007,19,1007,127,37,0,1,0,
prim_batch_16,SEV/SEV203^5.p,TH0,Theorem,timeout,na,2055,924,22,924,104,37,0,1,0,
prim_batch_16,SEV/SEV204^5.p,TH0,Theorem,timeout,na,2067,1043,20,1043,163,45,0,1,0,
prim_batch_16,SEV/SEV205^5.p,TH0,Theorem,timeout,na,2074,2423,58,2423,253,96,0,1,0,
prim_batch_16,SEV/SEV206^5.p,TH0,Theorem,timeout,na,2051,344,11,344,37,5,0,2,0,
prim_batch_16,SEV/SEV207^5.p,TH0,Theorem,timeout,na,2043,342,14,342,34,2,0,2,0,
prim_batch_16,SEV/SEV208^5.p,TH0,Theorem,timeout,na,2045,188,10,188,14,0,0,5,0,
prim_batch_16,SEV/SEV209^5.p,TH0,Unknown,timeout,na,2056,78,1,78,9,2,0,0,0,
prim_batch_16,SEV/SEV210^5.p,TH0,Theorem,timeout,na,2057,178,7,178,15,0,0,2,0,
prim_batch_16,SEV/SEV211^5.p,TH0,Unknown,timeout,na,2057,295,14,295,31,4,0,2,0,
prim_batch_16,SEV/SEV212^5.p,TH0,Theorem,timeout,na,2059,181,6,181,15,0,0,0,0,
prim_batch_16,SEV/SEV213^5.p,TH0,Unknown,timeout,na,2081,470,13,470,52,13,0,1,0,
prim_batch_16,SEV/SEV214^5.p,TH0,Theorem,timeout,na,2057,1757,44,1757,220,46,0,1,0,
prim_batch_16,SEV/SEV215^5.p,TH0,Unknown,timeout,na,2104,602,16,602,112,0,0,0,0,
prim_batch_16,SEV/SEV216^5.p,TH0,Unknown,timeout,na,2102,70,5,70,5,0,0,0,0,
prim_batch_16,SEV/SEV217^5.p,TH0,Unknown,timeout,na,2158,54,4,54,2,0,0,0,0,
prim_batch_16,SEV/SEV218^5.p,TH0,Theorem,timeout,na,2192,4831,72,4831,1118,109,0,1,0,
prim_batch_16,SEV/SEV219^5.p,TH0,Unknown,timeout,na,2098,111,5,111,13,0,0,0,0,
prim_batch_16,SEV/SEV220^5.p,TH0,Theorem,timeout,na,2124,3634,59,3634,671,21,0,3,0,
prim_batch_16,SEV/SEV221^5.p,TH0,Theorem,timeout,na,2117,2045,16,2045,394,128,0,2,0,
prim_batch_16,SEV/SEV222^5.p,TH0,Theorem,timeout,na,2067,2639,75,2639,296,60,0,1,0,
prim_batch_16,SEV/SEV223^5.p,TH0,Theorem,timeout,na,2056,1771,70,1771,157,45,0,0,0,
prim_batch_16,SEV/SEV224^5.p,TH0,Theorem,timeout,na,2022,114,3,114,12,9,0,2,0,
prim_batch_16,SEV/SEV225^5.p,TH0,Theorem,thm,yes,13,8,0,8,1,0,0,1,1,
prim_batch_16,SEV/SEV226^5.p,TH0,CounterSatisfiable,timeout,na,2064,1248,41,1248,153,0,0,1,0,
prim_batch_16,SEV/SEV227^5.p,TH0,Theorem,timeout,na,2058,1476,13,1476,172,154,0,1,0,
prim_batch_16,SEV/SEV228^5.p,TH0,Theorem,timeout,na,2153,2290,16,2290,261,237,0,2,0,
prim_batch_16,SEV/SEV229^5.p,TH0,Theorem,thm,yes,122,417,0,417,44,56,0,1,1,
prim_batch_16,SEV/SEV230^5.p,TH0,Theorem,thm,yes,67,66,1,66,9,5,0,1,1,
prim_batch_16,SEV/SEV231^5.p,TH0,Theorem,timeout,na,2076,1951,29,1951,386,116,0,1,0,
prim_batch_16,SEV/SEV232^5.p,TH0,Theorem,thm,yes,17,1,0,1,1,1,0,0,0,
prim_batch_16,SEV/SEV233^5.p,TH0,Theorem,thm,yes,43,68,0,68,10,4,0,1,1,
prim_batch_16,SEV/SEV234^5.p,TH0,Theorem,timeout,na,2032,537,21,537,62,10,0,1,0,
prim_batch_16,SEV/SEV235^5.p,TH0,Theorem,thm,yes,469,341,0,341,25,46,0,1,1,
prim_batch_16,SEV/SEV236^5.p,TH0,Theorem,timeout,na,2021,692,39,692,37,6,0,1,0,
prim_batch_16,SEV/SEV237^5.p,TH0,Theorem,timeout,na,2024,605,26,603,71,5,0,0,0,
prim_batch_16,SEV/SEV238^5.p,TH0,Theorem,timeout,na,2041,239,2,239,26,16,0,1,0,
prim_batch_16,SEV/SEV239^5.p,TH0,Theorem,timeout,na,2075,3587,113,3587,413,88,0,1,0,
prim_batch_16,SEV/SEV240^5.p,TH0,Theorem,thm,yes,21,11,0,11,2,0,0,1,1,
prim_batch_16,SEV/SEV241^5.p,TH0,Theorem,thm,yes,26,12,0,12,2,2,0,0,0,
prim_batch_16,SEV/SEV242^5.p,TH0,Theorem,timeout,na,2035,872,13,872,128,26,0,1,0,
prim_batch_16,SEV/SEV243^5.p,TH0,Theorem,timeout,na,2028,1088,68,1088,67,7,0,1,0,
prim_batch_16,SEV/SEV244^6.p,TH0,Theorem,timeout,na,2033,870,48,870,64,5,0,1,0,
prim_batch_16,SEV/SEV245^5.p,TH0,Theorem,timeout,na,2048,770,42,770,56,4,0,1,0,
prim_batch_16,SEV/SEV245^6.p,TH0,Theorem,timeout,na,2028,1030,65,1030,58,6,0,1,0,
prim_batch_16,SEV/SEV246^5.p,TH0,Theorem,timeout,na,2026,895,62,895,43,0,0,5,0,
prim_batch_16,SEV/SEV246^6.p,TH0,Theorem,timeout,na,2026,1010,69,1010,51,0,0,5,0,
prim_batch_16,SEV/SEV248^5.p,TH0,Theorem,timeout,na,2046,1208,6,1208,192,90,0,0,0,
prim_batch_16,SEV/SEV249^5.p,TH0,Theorem,timeout,na,2024,426,8,426,63,5,0,1,0,
prim_batch_16,SEV/SEV250^5.p,TH0,Unknown,timeout,na,2041,489,16,489,64,0,0,0,0,
prim_batch_16,SEV/SEV251^5.p,TH0,CounterSatisfiable,timeout,na,2034,1065,37,1065,109,0,0,1,0,
prim_batch_16,SEV/SEV252^5.p,TH0,Theorem,timeout,na,2031,739,35,739,57,6,0,1,0,
prim_batch_16,SEV/SEV253^5.p,TH0,Theorem,timeout,na,2025,200,5,200,39,0,0,0,0,
prim_batch_16,SEV/SEV254^5.p,TH0,Theorem,timeout,na,2070,666,13,666,108,4,0,0,0,
prim_batch_16,SEV/SEV256^5.p,TH0,Theorem,timeout,na,2026,413,11,413,48,3,0,0,0,
prim_batch_16,SEV/SEV257^5.p,TH0,Theorem,timeout,na,2065,1745,40,1745,205,24,0,0,0,
prim_batch_16,SEV/SEV258^5.p,TH0,Theorem,thm,yes,22,13,0,13,2,3,0,0,0,
prim_batch_16,SEV/SEV259^5.p,TH0,Theorem,thm,yes,239,155,3,155,25,0,0,1,1,
prim_batch_16,SEV/SEV260^5.p,TH0,Theorem,timeout,na,2128,1411,63,1411,135,0,0,0,0,
prim_batch_16,SEV/SEV261^5.p,TH0,Theorem,timeout,na,2041,763,34,763,111,19,0,0,0,
prim_batch_16,SEV/SEV262^5.p,TH0,Theorem,timeout,na,2032,699,35,699,93,1,0,1,0,
prim_batch_16,SEV/SEV263^5.p,TH0,Theorem,timeout,na,2024,610,28,610,58,4,0,1,0,
prim_batch_16,SEV/SEV264^5.p,TH0,Unknown,timeout,na,2024,480,16,480,65,1,0,0,0,
prim_batch_16,SEV/SEV265^5.p,TH0,Unknown,timeout,na,2027,475,15,475,51,4,0,1,0,
prim_batch_16,SEV/SEV266^5.p,TH0,Theorem,timeout,na,2057,1399,74,1399,125,7,0,0,0,
prim_batch_16,SEV/SEV267^5.p,TH0,Theorem,timeout,na,2040,850,39,850,85,10,0,0,0,
prim_batch_16,SEV/SEV268^5.p,TH0,Unknown,timeout,na,2061,495,15,495,87,1,0,0,0,
prim_batch_16,SEV/SEV269^5.p,TH0,Unknown,timeout,na,2043,815,30,815,77,16,0,0,0,
prim_batch_16,SEV/SEV270^5.p,TH0,Unknown,timeout,na,2044,519,33,519,31,0,0,1,0,
prim_batch_16,SEV/SEV271^5.p,TH0,Unknown,timeout,na,2112,948,38,948,103,1,0,0,0,
prim_batch_16,SEV/SEV272^5.p,TH0,Theorem,thm,yes,26,1,0,1,1,1,0,0,0,
prim_batch_16,SEV/SEV273^5.p,TH0,Theorem,timeout,na,2027,911,31,911,63,35,0,2,0,
prim_batch_16,SEV/SEV274^5.p,TH0,Theorem,timeout,na,2047,1497,43,1497,181,0,0,2,0,
prim_batch_16,SEV/SEV275^5.p,TH0,Unknown,timeout,na,2036,1357,57,1357,121,0,0,2,0,
prim_batch_16,SEV/SEV276^5.p,TH0,Theorem,timeout,na,2049,1454,37,1454,190,0,0,2,0,
prim_batch_16,SEV/SEV277^5.p,TH0,Unknown,timeout,na,2052,1458,29,1458,207,0,0,2,0,
prim_batch_16,SEV/SEV278^5.p,TH0,Unknown,timeout,na,2027,564,22,564,39,9,0,2,0,
prim_batch_16,SEV/SEV279^5.p,TH0,Unknown,timeout,na,2025,751,49,751,35,0,0,2,0,
prim_batch_16,SEV/SEV280^5.p,TH0,Unknown,timeout,na,2081,1856,40,1856,391,34,0,1,0,
prim_batch_16,SEV/SEV281^5.p,TH0,Unknown,timeout,na,2028,661,41,661,45,0,0,3,0,
prim_batch_16,SEV/SEV282^5.p,TH0,Theorem,thm,yes,20,3,0,3,1,1,0,0,0,
prim_batch_16,SEV/SEV285^5.p,TH0,Theorem,timeout,na,2003,83,3,83,5,3,0,5,0,
prim_batch_16,SEV/SEV286^5.p,TH0,Theorem,thm,yes,13,11,1,11,1,1,0,0,0,
prim_batch_16,SEV/SEV288^5.p,TH0,Theorem,timeout,na,2002,79,2,79,5,4,0,4,0,
prim_batch_16,SEV/SEV289^5.p,TH0,Theorem,timeout,na,2016,120,4,120,17,0,0,1,0,
prim_batch_16,SEV/SEV290^5.p,TH0,Theorem,thm,yes,42,5,0,5,1,0,0,1,1,
prim_batch_16,SEV/SEV291^5.p,TH0,Theorem,timeout,na,2020,124,5,124,16,0,0,1,0,
prim_batch_16,SEV/SEV292^5.p,TH0,Theorem,timeout,na,2035,269,3,269,49,5,0,0,0,
prim_batch_16,SEV/SEV293^5.p,TH0,Theorem,timeout,na,2062,3446,192,3446,249,42,0,1,0,
prim_batch_16,SEV/SEV294^5.p,TH0,Theorem,timeout,na,2037,297,1,297,62,6,0,1,0,
prim_batch_16,SEV/SEV295^5.p,TH0,Theorem,timeout,na,2031,236,11,236,21,0,0,0,0,
prim_batch_16,SEV/SEV296^5.p,TH0,CounterSatisfiable,timeout,na,2037,158,2,158,14,4,0,2,0,
prim_batch_16,SEV/SEV297^5.p,TH0,Unknown,timeout,na,2036,346,9,346,47,0,0,1,0,
prim_batch_16,SEV/SEV298^5.p,TH0,CounterSatisfiable,timeout,na,2045,530,17,530,62,12,0,2,0,
prim_batch_16,SEV/SEV299^5.p,TH0,Theorem,timeout,na,2025,123,1,123,21,2,0,3,0,
prim_batch_16,SEV/SEV300^5.p,TH0,Theorem,timeout,na,2065,3306,169,3306,231,72,0,1,0,
prim_batch_16,SEV/SEV301^5.p,TH0,Unknown,timeout,na,2029,361,10,361,37,6,0,1,0,
prim_batch_16,SEV/SEV302^5.p,TH0,Theorem,timeout,na,2038,310,8,310,43,10,0,1,0,
prim_batch_16,SEV/SEV303^5.p,TH0,Theorem,timeout,na,2052,316,4,316,54,4,0,1,0,
prim_batch_16,SEV/SEV304^5.p,TH0,CounterSatisfiable,timeout,na,2045,910,66,910,46,4,0,0,0,
prim_batch_16,SEV/SEV305^5.p,TH0,Theorem,timeout,na,2075,789,32,789,142,1,0,3,0,
prim_batch_16,SEV/SEV305^6.p,TH0,Theorem,timeout,na,2044,1045,58,1045,152,1,0,4,0,
prim_batch_16,SEV/SEV306^5.p,TH0,Theorem,timeout,na,2022,908,57,908,42,17,0,3,0,
prim_batch_16,SEV/SEV308^5.p,TH0,Theorem,timeout,na,2030,449,18,449,36,8,0,2,0,
prim_batch_16,SEV/SEV309^5.p,TH0,Theorem,timeout,na,2038,902,58,902,51,5,0,1,0,
prim_batch_16,SEV/SEV310^5.p,TH0,Theorem,timeout,na,2025,1048,70,1048,52,0,0,5,0,
prim_batch_16,SEV/SEV311^5.p,TH0,Theorem,timeout,na,2031,1079,64,1079,68,5,0,1,0,
prim_batch_16,SEV/SEV312^5.p,TH0,Theorem,timeout,na,2060,761,18,761,159,30,0,4,0,
prim_batch_16,SEV/SEV313^5.p,TH0,Unknown,timeout,na,2039,771,32,771,107,0,0,0,0,
prim_batch_16,SEV/SEV314^5.p,TH0,Unknown,timeout,na,2035,289,1,289,55,0,0,0,0,
prim_batch_16,SEV/SEV315^5.p,TH0,Unknown,timeout,na,2054,273,8,273,36,0,0,0,0,
prim_batch_16,SEV/SEV316^5.p,TH0,CounterSatisfiable,timeout,na,2058,207,8,207,26,2,0,0,0,
prim_batch_16,SEV/SEV317^5.p,TH0,Theorem,timeout,na,2039,1335,108,1335,59,0,0,1,0,
prim_batch_16,SEV/SEV318^5.p,TH0,Theorem,timeout,na,2037,1293,92,1293,95,0,0,1,0,
prim_batch_16,SEV/SEV319^5.p,TH0,Theorem,timeout,na,2038,1256,85,1256,101,0,0,1,0,
prim_batch_16,SEV/SEV319^6.p,TH0,Theorem,timeout,na,2040,942,57,942,93,0,0,1,0,
prim_batch_16,SEV/SEV321^5.p,TH0,Theorem,timeout,na,2058,1278,93,1278,91,0,0,1,0,
prim_batch_16,SEV/SEV322^5.p,TH0,CounterSatisfiable,csa,yes,5,1,0,1,1,0,1,0,0,cGVB_IN z cGVB_ZERO
prim_batch_16,SEV/SEV323^5.p,TH0,CounterSatisfiable,csa,yes,7,7,0,7,2,0,1,0,0,cGVB_IN z cGVB_V  ¬(cGVB_M z)
prim_batch_16,SEV/SEV324^5.p,TH0,CounterSatisfiable,csa,yes,11,9,0,9,2,0,1,0,0,C[TZA1K] (cGVB_SING x)  ¬(C[TZA1K] (cGVB_NOP x x))
prim_batch_16,SEV/SEV325^5.p,TH0,CounterSatisfiable,csa,yes,4,3,0,3,1,0,1,0,0,cGVB_IN x y  ¬(cGVB_M x)
prim_batch_16,SEV/SEV326^5.p,TH0,CounterSatisfiable,csa,yes,10,9,0,9,2,0,1,0,0,C[AMA0U] (cGVB_SUCC x)  ¬(C[AMA0U] (cGVB_UNION x (cGVB_SING x)))
prim_batch_16,SEV/SEV327^5.p,TH0,CounterSatisfiable,csa,yes,6,8,0,8,3,0,1,0,0,¬(cGVB_RELATION z)  cGVB_FUNCTION z
prim_batch_16,SEV/SEV328^5.p,TH0,CounterSatisfiable,csa,yes,10,6,0,6,2,0,1,0,0,C[8Q98O] (cGVB_RESTRICT x y)  ¬(C[8Q98O] (cGVB_INTERSECT x (cGVB_CROSS y cGVB_V)))
prim_batch_16,SEV/SEV329^5.p,TH0,CounterSatisfiable,csa,yes,7,10,0,10,3,0,1,0,0,cGVB_ONE_ONE f  ¬(cGVB_FUNCTION f)
prim_batch_16,SEV/SEV330^5.p,TH0,CounterSatisfiable,csa,yes,11,6,0,6,2,0,1,0,0,C[P0ODY] (cGVB_UNION x y)  ¬(C[P0ODY] (cGVB_COMPLEMENT (cGVB_INTERSECT (cGVB_COMPLEMENT x) (cGVB_COMPLEMENT y))))
prim_batch_16,SEV/SEV331^5.p,TH0,CounterSatisfiable,csa,yes,11,6,0,6,2,0,1,0,0,C[24U7NR] (cGVB_OP x y)  ¬(C[24U7NR] (cGVB_NOP (cGVB_SING x) (cGVB_NOP x y)))
prim_batch_16,SEV/SEV332^5.p,TH0,CounterSatisfiable,csa,yes,12,6,0,6,2,0,1,0,0,C[22GZR1] (cGVB_APP2 f x y)  ¬(C[22GZR1] (cGVB_APPLY f (cGVB_OP x y)))
prim_batch_16,SEV/SEV333^5.p,TH0,CounterSatisfiable,csa,yes,8,8,0,8,3,0,1,0,0,cGVB_IN z (cGVB_POWERSET x)  ¬(cGVB_M z)
prim_batch_16,SEV/SEV334^5.p,TH0,CounterSatisfiable,csa,yes,8,8,0,8,3,0,1,0,0,cGVB_IN z (cGVB_COMPLEMENT x)  ¬(cGVB_M z)
prim_batch_16,SEV/SEV335^5.p,TH0,CounterSatisfiable,csa,yes,10,10,0,10,3,0,1,0,0,cGVB_PROP_SUBSET x y  ¬(cGVB_SUBSET x y)
prim_batch_16,SEV/SEV336^5.p,TH0,CounterSatisfiable,csa,yes,19,25,0,25,5,1,1,0,0,cGVB_M C[215HX1]  cGVB_IN C[215HX1] z  ¬(cGVB_OPP C[215HX1])  cGVB_RELATION z
prim_batch_16,SEV/SEV337^5.p,TH0,CounterSatisfiable,csa,yes,12,9,0,9,3,0,1,0,0,cGVB_IN z cGVB_ESTIN  ¬(cGVB_M z)
prim_batch_16,SEV/SEV338^5.p,TH0,CounterSatisfiable,csa,yes,12,9,0,9,3,0,1,0,0,cGVB_IN z cGVB_IDENT  ¬(cGVB_M z)
prim_batch_16,SEV/SEV339^5.p,TH0,CounterSatisfiable,csa,yes,13,9,0,9,3,0,1,0,0,cGVB_IN z (cGVB_INTERSECT x y)  ¬(cGVB_M z)
prim_batch_16,SEV/SEV340^5.p,TH0,CounterSatisfiable,csa,yes,18,19,0,19,4,1,1,0,0,cGVB_SUBSET x y  ¬(cGVB_M C[20HHJL])
prim_batch_16,SEV/SEV341^5.p,TH0,CounterSatisfiable,csa,yes,13,10,0,10,3,0,1,0,0,cGVB_CLOSED x f  ¬(cGVB_M x)
prim_batch_16,SEV/SEV342^5.p,TH0,CounterSatisfiable,csa,yes,13,9,0,9,3,0,1,0,0,¬(cGVB_M u)  cGVB_IN u (cGVB_NOP x y)
prim_batch_16,SEV/SEV343^5.p,TH0,CounterSatisfiable,timeout,na,2078,3808,73,3808,410,244,0,0,0,
prim_batch_16,SEV/SEV344^5.p,TH0,CounterSatisfiable,timeout,na,2100,3996,155,3996,502,3,0,0,0,
prim_batch_16,SEV/SEV345^5.p,TH0,CounterSatisfiable,csa,yes,12,9,0,9,3,0,1,0,0,cGVB_MAPS f x y  ¬(cGVB_FUNCTION f)
prim_batch_16,SEV/SEV346^5.p,TH0,CounterSatisfiable,csa,yes,20,36,0,36,8,1,1,0,0,cGVB_M C[A14C0]  cGVB_IN C[A14C0] x  cGVB_IN C[A14C0] y  cGVB_DISJOINT x y
prim_batch_16,SEV/SEV347^5.p,TH0,CounterSatisfiable,csa,yes,12,9,0,9,3,0,1,0,0,cGVB_IN z (cGVB_CONVERSE x)  ¬(cGVB_M z)
prim_batch_16,SEV/SEV348^5.p,TH0,CounterSatisfiable,timeout,na,2040,3251,210,3251,158,18,0,0,0,
prim_batch_16,SEV/SEV349^5.p,TH0,CounterSatisfiable,timeout,na,2148,6237,69,6237,235,358,0,0,0,
prim_batch_16,SEV/SEV350^5.p,TH0,CounterSatisfiable,csa,yes,19,24,1,24,4,0,1,0,0,cGVB_IN z (cGVB_SIGMA x)  ¬(cGVB_M z)  cGVB_IN z C[19FIC9]  cGVB_M C[19FIC9]  cGVB_IN C[19FIC9] x
prim_batch_16,SEV/SEV351^5.p,TH0,CounterSatisfiable,csa,yes,13,10,0,10,3,0,1,0,0,cGVB_IN z (cGVB_CROSS x y)  ¬(cGVB_M z)
prim_batch_16,SEV/SEV352^5.p,TH0,CounterSatisfiable,timeout,na,2077,4282,166,4282,265,96,0,0,0,
prim_batch_16,SEV/SEV354^5.p,TH0,CounterSatisfiable,timeout,na,2134,4348,42,4348,112,427,0,0,0,
prim_batch_16,SEV/SEV355^5.p,TH0,CounterSatisfiable,timeout,na,2076,3139,139,3139,183,188,0,0,0,
prim_batch_16,SEV/SEV356^5.p,TH0,CounterSatisfiable,timeout,na,2063,3311,156,3311,148,60,0,0,0,
prim_batch_16,SEV/SEV357^5.p,TH0,CounterSatisfiable,timeout,na,2131,4487,54,4487,289,142,0,0,0,
prim_batch_16,SEV/SEV358^5.p,TH0,CounterSatisfiable,timeout,na,2122,4751,84,4751,278,174,0,0,0,
prim_batch_16,SEV/SEV359^5.p,TH0,CounterSatisfiable,timeout,na,2157,4853,26,4853,187,382,0,0,0,
prim_batch_16,SEV/SEV360^5.p,TH0,CounterSatisfiable,timeout,na,2073,3356,130,3356,195,49,0,0,0,
prim_batch_16,SEV/SEV361^5.p,TH0,CounterSatisfiable,csa,yes,81,52,1,53,8,1,1,0,0,cGVB_SING_VAL x  cGVB_M C[253FSA]  cGVB_M C[1A8JUU]  cGVB_IN (cGVB_OP C[253FSA] C[1A8JUU]) x  cGVB_M C[BSLWH]  cGVB_IN (cGVB_OP C[253FSA] C[BSLWH]) x  C[1DA0D3] C[1A8JUU]  ¬(C[1DA0D3] C[BSLWH])
prim_batch_16,SEV/SEV362^5.p,TH0,CounterSatisfiable,timeout,na,2060,2555,113,2555,175,74,0,0,0,
prim_batch_16,SEV/SEV363^5.p,TH0,CounterSatisfiable,timeout,na,2051,2693,138,2693,192,65,0,0,0,
prim_batch_16,SEV/SEV364^5.p,TH0,CounterSatisfiable,timeout,na,2077,3163,115,3163,154,45,0,0,0,
prim_batch_16,SEV/SEV365^5.p,TH0,CounterSatisfiable,csa,yes,169,176,2,176,29,7,1,0,0,cGVB_HOMOM h s1 f1 s2 f2  cGVB_CLOSED s1 f1  cGVB_CLOSED s2 f2  cGVB_MAPS h s1 s2  cGVB_IN C[1M3TLU] s1  cGVB_IN C[N4PSX] s1  C[1NUPBR] (cGVB_APPLY h (cGVB_APP2 f1 C[1M3TLU] C[N4PSX]))  ¬(C[1NUPBR] (c
prim_batch_16,SEV/SEV366^5.p,TH0,CounterSatisfiable,csa,yes,2,1,0,1,1,0,1,0,0,¬(cGVB_M (cGVB_OP a b))
prim_batch_16,SEV/SEV368^5.p,TH0,CounterSatisfiable,csa,yes,4,3,0,3,1,0,1,0,0,cGVB_M u  ¬(cGVB_M (cGVB_POWERSET u))
prim_batch_16,SEV/SEV369^5.p,TH0,CounterSatisfiable,csa,yes,7,5,0,5,1,0,1,0,0,cGVB_M x  cGVB_FUNCTION f  ¬(cGVB_M (cGVB_IMAGE x f))
prim_batch_16,SEV/SEV370^5.p,TH0,CounterSatisfiable,csa,yes,14,7,0,7,1,0,1,0,0,cGVB_M C[1GEA1E]  cGVB_M C[1EUZDA]  ¬(cGVB_M (cGVB_COMPOSE C[1GEA1E] C[1EUZDA]))
prim_batch_16,SEV/SEV371^5.p,TH0,CounterSatisfiable,csa,yes,19,12,0,12,2,0,1,0,0,cGVB_M C[1X35D8]  cGVB_M C[8JKY2]  C[1QS89A] (cGVB_SECOND (cGVB_OP C[1X35D8] C[8JKY2]))  ¬(C[1QS89A] C[8JKY2])
prim_batch_16,SEV/SEV372^5.p,TH0,CounterSatisfiable,csa,yes,17,12,0,12,2,0,1,0,0,cGVB_M C[BFGSN]  cGVB_M C[5A1JG]  C[1KC2U5] (cGVB_FIRST (cGVB_OP C[BFGSN] C[5A1JG]))  ¬(C[1KC2U5] C[BFGSN])
prim_batch_16,SEV/SEV373^5.p,TH0,CounterSatisfiable,csa,yes,15,10,0,10,2,0,1,0,0,C[1O0XFI] (cGVB_COMPOSE C[16K6CI] (cGVB_COMPOSE C[25GMXI] C[152HHV]))  ¬(C[1O0XFI] (cGVB_COMPOSE (cGVB_COMPOSE C[16K6CI] C[25GMXI]) C[152HHV]))
prim_batch_16,SEV/SEV374^5.p,TH0,CounterSatisfiable,timeout,na,2059,2486,101,2486,114,7,0,0,0,
prim_batch_16,SEV/SEV375^5.p,TH0,CounterSatisfiable,timeout,na,2041,2666,137,2666,146,13,0,0,0,
prim_batch_16,SEV/SEV376^5.p,TH0,CounterSatisfiable,csa,yes,14,5,0,5,1,0,1,0,0,¬(cGVB_HOMOM (cGVB_COMPOSE h2 h1) s1 f1 s3 f3)  cGVB_HOMOM h1 s1 f1 s2 f2  cGVB_HOMOM h2 s2 f2 s3 f3
prim_batch_16,SEV/SEV377^5.p,TH0,CounterSatisfiable,csa,yes,28,13,0,13,2,0,1,0,0,cGVB_FUNCTION C[WSZLV]  cGVB_IN C[4WDS5] (cGVB_DOMAIN C[WSZLV])  C[Q44TU] (cGVB_APPLY C[1YK4Z4] (cGVB_APPLY C[WSZLV] C[4WDS5]))  ¬(C[Q44TU] (cGVB_APPLY (cGVB_COMPOSE C[1YK4Z4] C[WSZLV]) C[4WDS5]))
prim_batch_16,SEV/SEV378^5.p,TH0,CounterSatisfiable,timeout,na,2053,2384,137,2384,115,21,0,0,0,
prim_batch_16,SEV/SEV379^5.p,TH0,CounterSatisfiable,timeout,na,2008,822,78,822,5,3,0,0,0,
prim_batch_16,SEV/SEV380^5.p,TH0,CounterSatisfiable,timeout,na,2054,3320,221,3320,122,20,0,0,0,
prim_batch_16,SEV/SEV381^5.p,TH0,CounterSatisfiable,timeout,na,2051,2831,192,2831,97,16,0,0,0,
prim_batch_16,SEV/SEV382^5.p,TH0,Theorem,timeout,na,2085,2683,15,2683,413,56,0,1,0,
prim_batch_16,SEV/SEV383^5.p,TH0,Theorem,thm,yes,4,3,0,3,1,0,0,1,1,
prim_batch_16,SEV/SEV384^5.p,TH0,Theorem,timeout,na,2051,1517,71,1517,149,33,0,1,0,
prim_batch_16,SEV/SEV385^5.p,TH0,Theorem,timeout,na,2046,2575,134,2575,210,37,0,1,0,
prim_batch_16,SEV/SEV386^5.p,TH0,Theorem,timeout,na,2049,3612,205,3612,237,61,0,1,0,
prim_batch_16,SEV/SEV387^5.p,TH0,Theorem,thm,yes,24,4,0,4,1,1,0,0,0,
prim_batch_16,SEV/SEV388^5.p,TH0,Theorem,thm,yes,5,3,0,3,1,1,0,0,0,
prim_batch_16,SEV/SEV389^5.p,TH0,Theorem,thm,yes,10,11,0,11,2,0,0,1,1,
prim_batch_16,SEV/SEV390^5.p,TH0,Theorem,thm,yes,11,12,0,12,2,0,0,1,1,
prim_batch_16,SEV/SEV391^5.p,TH0,Theorem,thm,yes,45,23,0,23,3,2,0,3,1,
prim_batch_16,SEV/SEV392^5.p,TH0,Theorem,thm,yes,14,14,0,14,2,0,0,1,1,
prim_batch_16,SEV/SEV393^5.p,TH0,Theorem,thm,yes,15,16,0,16,2,0,0,1,1,
prim_batch_16,SEV/SEV394^5.p,TH0,Theorem,thm,yes,45,67,1,67,6,5,0,1,1,
prim_batch_16,SEV/SEV396^5.p,TH0,Theorem,thm,yes,21,37,1,38,5,3,0,1,1,
prim_batch_16,SEV/SEV397^5.p,TH0,Theorem,thm,yes,6,2,0,2,1,1,0,0,0,
prim_batch_16,SEV/SEV398^5.p,TH0,Theorem,timeout,na,2027,1167,82,1167,49,17,0,1,0,
prim_batch_16,SEV/SEV399^5.p,TH0,Theorem,timeout,na,2032,1041,67,1041,53,6,0,1,0,
prim_batch_16,SEV/SEV400^5.p,TH0,Theorem,timeout,na,2023,790,44,790,62,0,0,2,0,
prim_batch_16,SEV/SEV401^5.p,TH0,Theorem,timeout,na,2032,1147,77,1147,63,1,0,1,0,
prim_batch_16,SEV/SEV402^5.p,TH0,Theorem,timeout,na,2017,343,11,343,34,2,0,2,0,
prim_batch_16,SEV/SEV403^5.p,TH0,Theorem,timeout,na,2040,1089,67,1089,57,10,0,1,0,
prim_batch_16,SEV/SEV404^5.p,TH0,Theorem,timeout,na,2021,800,45,800,57,0,0,2,0,
prim_batch_16,SEV/SEV405^5.p,TH0,Theorem,thm,yes,17,10,0,10,2,0,0,1,1,
prim_batch_16,SEV/SEV406^5.p,TH0,Theorem,timeout,na,2330,9912,15,9912,259,364,0,0,0,
prim_batch_16,SEV/SEV408^5.p,TH0,Theorem,thm,yes,20,5,0,5,1,0,0,1,1,
prim_batch_16,SEV/SEV409^5.p,TH0,Theorem,thm,yes,49,7,0,7,1,0,0,1,1,
prim_batch_16,SEV/SEV410^5.p,TH0,Theorem,thm,yes,210,584,2,584,27,105,0,1,1,
prim_batch_16,SEV/SEV411^5.p,TH0,Theorem,thm,yes,4,1,0,1,1,1,0,0,0,
prim_batch_16,SEV/SEV412^5.p,TH0,Theorem,thm,yes,5,1,0,1,1,1,0,0,0,
prim_batch_16,SEV/SEV413^5.p,TH0,Theorem,thm,yes,5,1,0,1,1,1,0,0,0,
prim_batch_16,SEV/SEV414^5.p,TH0,Theorem,timeout,na,2018,956,60,956,60,0,0,1,0,
prim_batch_16,SEV/SEV416^5.p,TH0,Theorem,thm,yes,8,1,0,1,1,1,0,0,0,
prim_batch_16,SEV/SEV417^5.p,TH0,Theorem,thm,yes,107,98,5,98,8,1,0,1,1,
prim_batch_16,SEV/SEV418^5.p,TH0,Unknown,timeout,na,2038,1141,74,1141,60,17,0,1,0,
prim_batch_16,SEV/SEV419^5.p,TH0,Unknown,timeout,na,2040,1296,76,1296,86,3,0,1,0,
prim_batch_16,SEV/SEV420^1.p,TH0,Theorem,timeout,na,2166,3271,30,3271,300,136,0,0,0,
prim_batch_16,SEV/SEV427^1.p,TH0,Theorem,thm,yes,55,55,3,55,4,0,0,1,1,
prim_batch_16,SEV/SEV428^1.p,TH0,Theorem,timeout,na,2026,448,16,448,42,12,0,1,0,
prim_batch_16,SEV/SEV429^1.p,TH0,Theorem,timeout,na,2048,2315,76,2315,277,25,0,1,0,
prim_batch_16,SEV/SEV430^1.p,TH0,Theorem,timeout,na,2043,2202,81,2202,225,3,0,1,0,
prim_batch_16,SEV/SEV431^1.p,TH0,Theorem,timeout,na,2050,2472,76,2472,231,6,0,1,0,
prim_batch_16,SEV/SEV432^1.p,TH0,Theorem,timeout,na,2044,2189,99,2189,190,3,0,2,0,
prim_batch_16,SEV/SEV433^1.p,TH0,Theorem,timeout,na,2161,4363,111,4363,615,50,0,1,0,
prim_batch_16,SEV/SEV434^1.p,TH0,Theorem,timeout,na,2006,237,6,237,18,15,0,2,0,
prim_batch_16,SEV/SEV440^1.p,TH0,Satisfiable,no_conjecture,na,59,,,,,,,,,
prim_batch_16,SEV/SEV441^1.p,TH0,Satisfiable,no_conjecture,na,54,,,,,,,,,
prim_batch_16,SEV/SEV442^1.p,TH1,Theorem,parse_timeout,na,0,,,,,,,,,cached: parse exceeded 5000ms
prim_batch_16,SEV/SEV443^1.p,TH1,Theorem,parse_timeout,na,0,,,,,,,,,cached: parse exceeded 5000ms
prim_batch_16,SEV/SEV444^1.p,TH1,Theorem,timeout,na,2085,2663,31,2663,310,5,0,4,0,
prim_batch_16,SEV/SEV445^1.p,TH1,Theorem,timeout,na,2071,2179,48,2179,227,7,0,4,0,
prim_batch_16,SEV/SEV446^1.p,TH1,Theorem,timeout,na,2050,2266,81,2266,183,40,0,1,0,
prim_batch_16,SEV/SEV447^1.p,TH1,Theorem,timeout,na,2086,3108,101,3108,286,3,0,4,0,
prim_batch_16,SEV/SEV448^1.p,TH1,Theorem,timeout,na,2059,2459,121,2459,178,0,0,4,0,
prim_batch_16,SEV/SEV449^1.p,TH1,Theorem,timeout,na,2083,2900,70,2900,180,112,0,2,0,
prim_batch_16,SEV/SEV450^1.p,TH1,Theorem,timeout,na,2040,1316,60,1316,99,4,0,4,0,
prim_batch_16,SEV/SEV451^1.p,TH1,Theorem,timeout,na,2061,2036,75,2036,177,4,0,3,0,
prim_batch_16,SEV/SEV452^1.p,TH1,Theorem,timeout,na,2043,1913,97,1913,128,3,0,4,0,
prim_batch_16,SEV/SEV453^1.p,TH1,Theorem,timeout,na,2060,2012,92,2012,164,0,0,3,0,
prim_batch_16,SEV/SEV454^1.p,TH1,Theorem,timeout,na,2091,2902,130,2902,239,0,0,3,0,
prim_batch_16,SEV/SEV455^1.p,TH1,Theorem,timeout,na,2067,1964,85,1964,169,0,0,4,0,
prim_batch_16,SEV/SEV456^1.p,TH1,Theorem,timeout,na,2052,1707,102,1707,100,1,0,4,0,
prim_batch_16,SEV/SEV457^1.p,TH1,Theorem,timeout,na,2024,554,22,554,40,14,0,0,0,
prim_batch_16,SEV/SEV458^1.p,TH1,Theorem,timeout,na,2056,1675,73,1675,131,3,0,4,0,
prim_batch_16,SEV/SEV459^1.p,TH1,Theorem,timeout,na,2066,2069,56,2069,216,0,0,4,0,
prim_batch_16,SEV/SEV460^1.p,TH1,Theorem,timeout,na,2052,1882,97,1882,137,0,0,4,0,
prim_batch_16,SEV/SEV461^1.p,TH1,Theorem,timeout,na,2061,2098,105,2098,159,0,0,3,0,
prim_batch_16,SEV/SEV462^1.p,TH1,Theorem,timeout,na,2068,1596,63,1596,132,0,0,5,0,
prim_batch_16,SEV/SEV463^1.p,TH1,Theorem,timeout,na,2044,1391,66,1391,103,0,0,4,0,
prim_batch_16,SEV/SEV464^1.p,TH1,Theorem,timeout,na,2033,494,22,494,40,13,0,0,0,
prim_batch_16,SEV/SEV465^1.p,TH1,Theorem,timeout,na,2047,1641,87,1641,101,26,0,0,0,
prim_batch_16,SEV/SEV466^1.p,TH1,Theorem,timeout,na,2071,1888,56,1888,193,0,0,1,0,
prim_batch_16,SEV/SEV467^1.p,TH1,Theorem,timeout,na,2032,653,11,653,56,10,0,3,0,
prim_batch_16,SEV/SEV468^1.p,TH1,Theorem,timeout,na,2037,463,23,463,28,0,0,4,0,
prim_batch_16,SEV/SEV469^1.p,TH1,Theorem,timeout,na,2078,514,30,514,32,0,0,3,0,
prim_batch_16,SEV/SEV470^1.p,TH1,Theorem,timeout,na,2064,58,2,58,4,0,0,4,0,
prim_batch_16,SEV/SEV471^1.p,TH1,Theorem,timeout,na,2040,11,1,11,1,0,0,0,0,
prim_batch_16,SEV/SEV472^1.p,TH1,Theorem,timeout,na,2061,2342,111,2342,224,3,0,1,0,
prim_batch_16,SEV/SEV473^1.p,TH1,Theorem,timeout,na,2050,283,1,283,54,26,0,0,0,
prim_batch_16,SEV/SEV474^1.p,TH1,Theorem,timeout,na,2048,131,4,131,8,0,0,1,0,
prim_batch_16,SEV/SEV475^1.p,TH1,Theorem,timeout,na,2064,228,1,228,46,6,0,0,0,
prim_batch_16,SEV/SEV476^1.p,TH1,Theorem,timeout,na,2059,1360,39,1360,186,18,0,0,0,
prim_batch_16,SEV/SEV477^1.p,TH1,Theorem,timeout,na,2091,861,30,861,124,20,0,0,0,
prim_batch_16,SEV/SEV478^1.p,TH1,Theorem,timeout,na,2091,1750,46,1711,188,70,0,0,0,
prim_batch_16,SEV/SEV479^1.p,TH1,Theorem,timeout,na,2123,2928,73,2928,338,0,0,1,0,
prim_batch_16,SEV/SEV480^1.p,TH1,Theorem,timeout,na,2088,2085,111,2085,128,16,0,2,0,
prim_batch_16,SEV/SEV481^1.p,TH1,Theorem,timeout,na,2097,1516,4,1516,218,7,0,0,0,
prim_batch_16,SEV/SEV482^1.p,TH1,Theorem,timeout,na,2047,466,21,466,85,10,0,4,0,
prim_batch_16,SEV/SEV483^1.p,TH1,Theorem,timeout,na,2035,371,11,371,26,10,0,5,0,
prim_batch_16,SEV/SEV484^1.p,TH1,Theorem,timeout,na,2095,386,14,386,82,2,0,4,0,
prim_batch_16,SEV/SEV485^1.p,TH1,Theorem,timeout,na,2126,3123,25,3108,170,54,0,0,0,
prim_batch_16,SEV/SEV486^1.p,TH1,Theorem,timeout,na,2041,2398,133,2398,115,33,0,0,0,
prim_batch_16,SEV/SEV487^1.p,TH1,Theorem,timeout,na,2009,5,0,5,1,0,0,0,0,
prim_batch_16,SEV/SEV488^1.p,TH1,Theorem,timeout,na,2065,147,4,147,8,0,0,4,0,
prim_batch_16,SEV/SEV489^1.p,TH1,Theorem,timeout,na,2053,2441,139,2441,132,5,0,1,0,
prim_batch_16,SEV/SEV490^1.p,TH1,Theorem,timeout,na,2068,1722,109,1722,104,0,0,3,0,
prim_batch_16,SEV/SEV491^1.p,TH1,Theorem,timeout,na,2117,1652,5,1652,362,41,0,0,0,
prim_batch_16,SEV/SEV492^1.p,TH1,Theorem,timeout,na,2147,3821,29,3821,247,75,0,0,0,
prim_batch_16,SEV/SEV493^1.p,TH1,Theorem,timeout,na,2158,4284,42,4284,239,53,0,0,0,
prim_batch_16,SEV/SEV494^1.p,TH1,Theorem,timeout,na,2058,1935,34,1935,136,62,0,0,0,
prim_batch_16,SEV/SEV495^1.p,TH1,Theorem,timeout,na,2039,693,31,693,51,6,0,4,0,
prim_batch_16,SEV/SEV496^1.p,TH1,ContradictoryAxioms,timeout,na,2068,704,38,704,47,0,0,3,0,
prim_batch_16,SEV/SEV497^1.p,TH1,ContradictoryAxioms,timeout,na,2096,1272,31,1248,167,51,0,0,0,
prim_batch_16,SEV/SEV498^1.p,TH1,ContradictoryAxioms,timeout,na,2150,1393,22,1393,244,75,0,0,0,
prim_batch_16,SEV/SEV499^1.p,TH1,Theorem,timeout,na,2216,2152,2,2152,365,128,0,0,0,
prim_batch_16,SEV/SEV500^1.p,TH1,ContradictoryAxioms,timeout,na,2066,629,37,629,35,0,0,1,0,
prim_batch_16,SEV/SEV501^1.p,TH1,Theorem,timeout,na,2053,403,17,403,43,3,0,0,0,
prim_batch_16,SEV/SEV502^1.p,TH1,Theorem,timeout,na,2031,219,5,219,24,6,0,0,0,
prim_batch_16,SEV/SEV503^1.p,TH1,Theorem,timeout,na,2063,1364,29,1364,158,44,0,1,0,
prim_batch_16,SEV/SEV504^1.p,TH1,Theorem,timeout,na,2074,1358,36,1358,228,20,0,0,0,
prim_batch_16,SEV/SEV505^1.p,TH1,Theorem,timeout,na,2065,828,25,828,136,2,0,0,0,
prim_batch_16,SEV/SEV506^1.p,TH1,Theorem,timeout,na,2103,2941,85,2941,252,49,0,0,0,
prim_batch_16,SEV/SEV507^1.p,TH1,Theorem,timeout,na,2057,1215,41,1215,131,26,0,0,0,
prim_batch_16,SEV/SEV508^1.p,TH1,Theorem,timeout,na,2067,1397,40,1397,228,4,0,0,0,
prim_batch_16,SEV/SEV509^1.p,TH1,Theorem,timeout,na,2063,2009,69,2009,218,21,0,1,0,
prim_batch_16,SEV/SEV510^1.p,TH1,Theorem,timeout,na,2069,1475,47,1475,220,1,0,0,0,
prim_batch_16,SEV/SEV511^1.p,TH1,Theorem,timeout,na,2042,780,42,780,44,10,0,1,0,
prim_batch_16,SEV/SEV512^1.p,TH1,Theorem,timeout,na,2077,891,23,891,169,0,0,0,0,
prim_batch_16,SEV/SEV513^1.p,TH1,Theorem,timeout,na,2050,430,9,430,44,7,0,0,0,
prim_batch_16,SEV/SEV514^1.p,TH1,Theorem,timeout,na,2082,2170,60,2170,202,25,0,0,0,
prim_batch_16,SEV/SEV523^1.p,TH0,Theorem,timeout,na,2330,0,0,0,1,0,0,0,0,
prim_batch_16,SEV/SEV524^1.p,TH0,Theorem,timeout,na,2329,0,0,0,1,0,0,0,0,
prim_batch_16,SEV/SEV525^1.p,TH0,Unknown,timeout,na,2366,0,0,0,1,0,0,0,0,
prim_batch_16,SEV/SEV526^1.p,TH0,Theorem,timeout,na,2365,0,0,0,1,0,0,0,0,
prim_batch_16,SEV/SEV527^1.p,TH0,Theorem,timeout,na,2330,0,0,0,1,0,0,0,0,
prim_batch_16,SEV/SEV528^1.p,TH0,Unknown,timeout,na,2331,0,0,0,1,0,0,0,0,
prim_batch_16,SEV/SEV529^1.p,TH0,Theorem,timeout,na,2318,0,0,0,1,0,0,0,0,
prim_batch_16,SEV/SEV530^1.p,TH0,Theorem,timeout,na,2317,0,0,0,1,0,0,0,0,
prim_batch_16,SEV/SEV531^1.p,TH0,Unknown,timeout,na,2334,0,0,0,1,0,0,0,0,
prim_batch_16,SEV/SEV532^1.p,TH0,Unknown,timeout,na,2334,0,0,0,1,0,0,0,0,
prim_batch_16,SEV/SEV583^1.p,unknown,Theorem,parser_error,na,0,,,,,,,,,cached: Syntax Error: expected ' ' or ']' in !> binder  got [{:colon  ":"  2474}  {:atom  "nat"  2476}  {:rbracket  "]"  2479}  {:colon  ":"  2481}  {:lparen  "("  2483}  {:atom  "fin"  2485}  {:app  "@"  248
prim_batch_16,SEV/SEV584^1.p,unknown,Theorem,parser_error,na,0,,,,,,,,,cached: Syntax Error: expected ' ' or ']' in !> binder  got [{:colon  ":"  2472}  {:atom  "nat"  2474}  {:rbracket  "]"  2477}  {:colon  ":"  2479}  {:lparen  "("  2481}  {:atom  "fin"  2483}  {:app  "@"  248
prim_batch_16,SEV/SEV585^1.p,unknown,Theorem,parser_error,na,0,,,,,,,,,cached: Syntax Error: expected ' ' or ']' in !> binder  got [{:colon  ":"  2472}  {:atom  "nat"  2474}  {:rbracket  "]"  2477}  {:colon  ":"  2479}  {:lparen  "("  2481}  {:atom  "fin"  2483}  {:app  "@"  248
prim_batch_16,SEV/SEV586^1.p,unknown,Theorem,parser_error,na,0,,,,,,,,,cached: Syntax Error: expected ' ' or ']' in !> binder  got [{:colon  ":"  2472}  {:atom  "nat"  2474}  {:rbracket  "]"  2477}  {:colon  ":"  2479}  {:lparen  "("  2481}  {:atom  "fin"  2483}  {:app  "@"  248
prim_batch_16,SEV/SEV587^1.p,unknown,Theorem,parser_error,na,0,,,,,,,,,cached: Syntax Error: expected ' ' or ']' in !> binder  got [{:colon  ":"  2472}  {:atom  "nat"  2474}  {:rbracket  "]"  2477}  {:colon  ":"  2479}  {:lparen  "("  2481}  {:atom  "fin"  2483}  {:app  "@"  248
prim_batch_16,SEV/SEV588^1.p,unknown,Theorem,parser_error,na,0,,,,,,,,,cached: Syntax Error: expected ' ' or ']' in !> binder  got [{:colon  ":"  2472}  {:atom  "nat"  2474}  {:rbracket  "]"  2477}  {:colon  ":"  2479}  {:lparen  "("  2481}  {:atom  "fin"  2483}  {:app  "@"  248
prim_batch_16,SEV/SEV589^1.p,unknown,Theorem,parser_error,na,0,,,,,,,,,cached: Syntax Error: expected ' ' or ']' in !> binder  got [{:colon  ":"  2472}  {:atom  "nat"  2474}  {:rbracket  "]"  2477}  {:colon  ":"  2479}  {:lparen  "("  2481}  {:atom  "fin"  2483}  {:app  "@"  248
prim_batch_16,SEV/SEV590^1.p,unknown,Theorem,parser_error,na,0,,,,,,,,,cached: Syntax Error: expected ' ' or ']' in !> binder  got [{:colon  ":"  2472}  {:atom  "nat"  2474}  {:rbracket  "]"  2477}  {:colon  ":"  2479}  {:lparen  "("  2481}  {:atom  "fin"  2483}  {:app  "@"  248
prim_batch_16,SEV/SEV591^1.p,unknown,Theorem,parser_error,na,0,,,,,,,,,cached: Syntax Error: expected ' ' or ']' in !> binder  got [{:colon  ":"  2472}  {:atom  "nat"  2474}  {:rbracket  "]"  2477}  {:colon  ":"  2479}  {:lparen  "("  2481}  {:atom  "fin"  2483}  {:app  "@"  248
prim_batch_16,SEV/SEV592^1.p,unknown,Theorem,parser_error,na,0,,,,,,,,,cached: Syntax Error: expected ' ' or ']' in !> binder  got [{:colon  ":"  2472}  {:atom  "nat"  2474}  {:rbracket  "]"  2477}  {:colon  ":"  2479}  {:lparen  "("  2481}  {:atom  "fin"  2483}  {:app  "@"  248
prim_batch_16,SEV/SEV593^1.p,unknown,Theorem,parser_error,na,0,,,,,,,,,cached: Syntax Error: expected ' ' or ']' in !> binder  got [{:colon  ":"  2260}  {:atom  "nat"  2262}  {:rbracket  "]"  2265}  {:colon  ":"  2267}  {:lparen  "("  2269}  {:atom  "fin"  2271}  {:app  "@"  227
prim_batch_16,SEV/SEV594^1.p,unknown,Theorem,parser_error,na,0,,,,,,,,,cached: Syntax Error: expected ' ' or ']' in !> binder  got [{:colon  ":"  2260}  {:atom  "nat"  2262}  {:rbracket  "]"  2265}  {:colon  ":"  2267}  {:lparen  "("  2269}  {:atom  "fin"  2271}  {:app  "@"  227
prim_batch_16,SEV/SEV595^1.p,unknown,Theorem,parser_error,na,0,,,,,,,,,cached: Syntax Error: expected ' ' or ']' in !> binder  got [{:colon  ":"  2260}  {:atom  "nat"  2262}  {:rbracket  "]"  2265}  {:colon  ":"  2267}  {:lparen  "("  2269}  {:atom  "fin"  2271}  {:app  "@"  227
prim_batch_16,SEV/SEV596^1.p,unknown,Theorem,parser_error,na,0,,,,,,,,,cached: Syntax Error: expected ' ' or ']' in !> binder  got [{:colon  ":"  2260}  {:atom  "nat"  2262}  {:rbracket  "]"  2265}  {:colon  ":"  2267}  {:lparen  "("  2269}  {:atom  "fin"  2271}  {:app  "@"  227
prim_batch_16,SEV/SEV597^1.p,unknown,Theorem,parser_error,na,0,,,,,,,,,cached: Syntax Error: expected ' ' or ']' in !> binder  got [{:colon  ":"  2260}  {:atom  "nat"  2262}  {:rbracket  "]"  2265}  {:colon  ":"  2267}  {:lparen  "("  2269}  {:atom  "fin"  2271}  {:app  "@"  227
prim_batch_16,SEV/SEV598^1.p,unknown,Theorem,parser_error,na,0,,,,,,,,,cached: Syntax Error: expected ' ' or ']' in !> binder  got [{:colon  ":"  2260}  {:atom  "nat"  2262}  {:rbracket  "]"  2265}  {:colon  ":"  2267}  {:lparen  "("  2269}  {:atom  "fin"  2271}  {:app  "@"  227
prim_batch_16,SEV/SEV599^1.p,unknown,Theorem,parser_error,na,0,,,,,,,,,cached: Syntax Error: expected ' ' or ']' in !> binder  got [{:colon  ":"  2260}  {:atom  "nat"  2262}  {:rbracket  "]"  2265}  {:colon  ":"  2267}  {:lparen  "("  2269}  {:atom  "fin"  2271}  {:app  "@"  227
prim_batch_16,SEV/SEV600^1.p,unknown,CounterSatisfiable,parser_error,na,0,,,,,,,,,cached: Syntax Error: expected ' ' or ']' in !> binder  got [{:colon  ":"  2271}  {:atom  "nat"  2273}  {:rbracket  "]"  2276}  {:colon  ":"  2278}  {:lparen  "("  2280}  {:atom  "fin"  2282}  {:app  "@"  228
prim_batch_16,SEV/SEV601^1.p,unknown,CounterSatisfiable,parser_error,na,0,,,,,,,,,cached: Syntax Error: expected ' ' or ']' in !> binder  got [{:colon  ":"  2271}  {:atom  "nat"  2273}  {:rbracket  "]"  2276}  {:colon  ":"  2278}  {:lparen  "("  2280}  {:atom  "fin"  2282}  {:app  "@"  228
prim_batch_16,SEV/SEV602^1.p,unknown,CounterSatisfiable,parser_error,na,0,,,,,,,,,cached: Syntax Error: expected ' ' or ']' in !> binder  got [{:colon  ":"  2271}  {:atom  "nat"  2273}  {:rbracket  "]"  2276}  {:colon  ":"  2278}  {:lparen  "("  2280}  {:atom  "fin"  2282}  {:app  "@"  228
prim_batch_16,SWB/SWB109^15.p,TH0,CounterSatisfiable,timeout,na,2172,3287,18,3287,256,44,0,0,0,
prim_batch_16,SWB/SWB109^3.p,TH0,CounterSatisfiable,timeout,na,2140,3625,41,3625,248,96,0,0,0,
prim_batch_16,SWC/SWC425^7.p,TH0,CounterSatisfiable,timeout,na,2194,2922,92,2922,236,5,0,0,0,
prim_batch_16,SWV/SWV010^7.p,TH0,Satisfiable,no_conjecture,na,126,,,,,,,,,
prim_batch_16,SWV/SWV061^7.p,TH0,Theorem,timeout,na,2893,68,6,68,1,0,0,0,0,
prim_batch_16,SWV/SWV067^7.p,TH0,Theorem,timeout,na,2917,58,5,58,1,0,0,0,0,
prim_batch_16,SWV/SWV073^7.p,TH0,Theorem,timeout,na,2932,66,6,66,1,0,0,0,0,
prim_batch_16,SWV/SWV079^7.p,TH0,Theorem,timeout,na,2940,65,6,65,1,0,0,0,0,
prim_batch_16,SWV/SWV085^7.p,TH0,Theorem,timeout,na,2899,70,7,70,1,0,0,0,0,
prim_batch_16,SWV/SWV091^7.p,TH0,Theorem,timeout,na,3036,33,3,33,1,0,0,0,0,
prim_batch_16,SWV/SWV097^7.p,TH0,Theorem,timeout,na,3174,0,0,0,1,0,0,0,0,
prim_batch_16,SWV/SWV103^7.p,TH0,Theorem,timeout,na,2946,58,5,58,1,0,0,0,0,
prim_batch_16,SWV/SWV107^7.p,TH0,Theorem,timeout,na,2929,48,4,48,1,0,0,0,0,
prim_batch_16,SWV/SWV425^1.p,TH0,CounterSatisfiable,timeout,na,2200,5349,99,5349,241,237,0,0,0,
prim_batch_16,SWV/SWV425^2.p,TH0,Theorem,timeout,na,2039,913,71,908,29,5,0,2,0,
prim_batch_16,SWV/SWV426^1.p,TH0,CounterSatisfiable,timeout,na,2142,3062,44,3062,278,64,0,0,0,
prim_batch_16,SWV/SWV426^2.p,TH0,Theorem,timeout,na,2045,771,54,771,40,2,0,3,0,
prim_batch_16,SWV/SWV426^3.p,TH0,CounterSatisfiable,timeout,na,2131,3265,67,3265,283,83,0,0,0,
prim_batch_16,SWV/SWV426^4.p,TH0,Theorem,timeout,na,2053,1196,86,1196,45,15,0,3,0,
prim_batch_16,SWV/SWV427^1.p,TH0,CounterSatisfiable,timeout,na,2144,3719,146,3719,287,69,0,0,0,
prim_batch_16,SWV/SWV427^2.p,TH0,Theorem,timeout,na,2056,866,61,863,43,7,0,2,0,
prim_batch_16,SWV/SWV428^1.p,TH0,CounterSatisfiable,timeout,na,2137,2289,41,2289,225,57,0,0,0,
prim_batch_16,SWV/SWV428^2.p,TH0,Theorem,timeout,na,2045,1225,99,1225,36,4,0,3,0,
prim_batch_16,SWV/SWV429^1.p,TH0,Theorem,thm,yes,68,43,1,43,4,2,0,1,1,
prim_batch_16,SWV/SWV429^2.p,TH0,Theorem,timeout,na,2053,1067,73,1064,66,6,0,3,0,
prim_batch_16,SWV/SWV430^1.p,TH0,CounterSatisfiable,timeout,na,2149,3148,35,3148,248,98,0,0,0,
prim_batch_16,SWV/SWV430^2.p,TH0,Theorem,timeout,na,2072,1341,94,1341,47,27,0,3,0,
prim_batch_16,SWV/SWV431^1.p,TH0,CounterSatisfiable,timeout,na,2149,3805,19,3805,303,93,0,0,0,
prim_batch_16,SWV/SWV431^2.p,TH0,Theorem,timeout,na,2045,1241,96,1241,32,17,0,3,0,
prim_batch_16,SWV/SWV432^1.p,TH0,CounterSatisfiable,timeout,na,2157,3769,67,3769,272,112,0,0,0,
prim_batch_16,SWV/SWV432^2.p,TH0,Theorem,timeout,na,2064,1440,101,1440,68,11,0,3,0,
prim_batch_16,SWV/SWV433^1.p,TH0,CounterSatisfiable,timeout,na,2117,2546,47,2546,266,60,0,0,0,
prim_batch_16,SWV/SWV433^2.p,TH0,Theorem,timeout,na,2072,1143,72,1143,108,0,0,3,0,
prim_batch_16,SWV/SWV434^3.p,TH0,CounterSatisfiable,timeout,na,2220,7430,116,7430,258,171,0,0,0,
prim_batch_16,SWV/SWV434^4.p,TH0,Theorem,timeout,na,2041,971,80,971,26,4,0,3,0,
prim_batch_16,SWV/SWV435^3.p,TH0,Theorem,thm,yes,104,220,3,220,16,18,0,1,1,
prim_batch_16,SWV/SWV435^4.p,TH0,Theorem,timeout,na,2048,1097,92,1097,30,4,0,3,0,
prim_batch_16,SWV/SWV436^3.p,TH0,CounterSatisfiable,timeout,na,2132,2516,34,2516,291,66,0,0,0,
prim_batch_16,SWV/SWV436^4.p,TH0,Theorem,timeout,na,2045,1425,119,1425,46,6,0,3,0,
prim_batch_16,SWV/SWV437^1.p,TH0,Theorem,timeout,na,2336,19,1,19,1,0,0,0,0,
prim_batch_16,SWV/SWV438^1.p,TH0,Theorem,timeout,na,2334,20,2,20,1,0,0,0,0,
prim_batch_16,SWV/SWV439^1.p,TH0,CounterSatisfiable,timeout,na,2331,19,1,19,1,0,0,0,0,
prim_batch_16,SWV/SWV440^1.p,TH0,Theorem,timeout,na,2336,19,1,19,1,0,0,0,0,
prim_batch_16,SWV/SWV441^1.p,TH0,Theorem,timeout,na,2084,953,63,953,40,10,0,1,0,
prim_batch_16,SWV/SWV442^1.p,TH0,Theorem,thm,yes,72,6,0,6,1,1,0,0,0,
prim_batch_16,SWV/SWV443^1.p,TH0,Theorem,thm,yes,79,7,0,7,1,1,0,0,0,
prim_batch_16,SWV/SWV444^1.p,TH0,Theorem,timeout,na,2070,725,51,725,30,10,0,1,0,
prim_batch_16,SWV/SWV445^1.p,TH0,Theorem,timeout,na,2095,1102,77,1102,51,12,0,1,0,
prim_batch_16,SWV/SWV446^1.p,TH0,Theorem,timeout,na,2079,553,38,553,28,5,0,1,0,
prim_batch_16,SWV/SWV447^1.p,TH0,Theorem,timeout,na,2047,1319,37,1319,154,9,0,1,0,
prim_batch_16,SWW/SWW469^1.p,TH0,Theorem,timeout,na,2004,108,5,108,5,4,0,3,0,
prim_batch_16,SWW/SWW470^1.p,TH0,Theorem,timeout,na,2221,310,26,310,6,0,0,1,0,
prim_batch_16,SWW/SWW470^2.p,TH1,Theorem,parser_error,na,0,,,,,,,,,cached: Failed to parse formula 'fact_328_finite__nonempty__imp__fold1Set': [byte:116844] Type Error: Cannot unify strict function types of different arities.
prim_batch_16,SWW/SWW470^3.p,TH1,Theorem,parser_error,na,0,,,,,,,,,cached: Failed to parse formula 'fact_311_finite__nonempty__imp__fold1Set': [byte:104766] Type Error: Cannot unify strict function types of different arities.
prim_batch_16,SWW/SWW471^1.p,TH0,Theorem,timeout,na,2351,394,39,394,1,0,0,0,0,
prim_batch_16,SWW/SWW471^2.p,TH0,ContradictoryAxioms,timeout,na,3589,404,40,404,1,0,0,0,0,
prim_batch_16,SWW/SWW471^3.p,TH0,Theorem,timeout,na,4685,316,31,316,1,0,0,0,0,
prim_batch_16,SWW/SWW472^1.p,TH0,Theorem,timeout,na,2246,583,47,583,18,0,0,1,0,
prim_batch_16,SWW/SWW472^2.p,TH0,Theorem,timeout,na,2669,409,40,409,1,0,0,0,0,
prim_batch_16,SWW/SWW472^3.p,TH1,Theorem,parser_error,na,0,,,,,,,,,cached: Failed to parse formula 'fact_409_finite__nonempty__imp__fold1Set': [byte:126226] Type Error: Cannot unify strict function types of different arities.
prim_batch_16,SWW/SWW473^1.p,TH0,ContradictoryAxioms,timeout,na,2515,578,57,578,1,0,0,0,0,
prim_batch_16,SWW/SWW473^2.p,TH0,Theorem,timeout,na,3289,359,35,359,1,0,0,0,0,
prim_batch_16,SWW/SWW473^3.p,TH0,ContradictoryAxioms,timeout,na,4228,335,33,335,1,0,0,0,0,
prim_batch_16,SWW/SWW474^1.p,TH0,Theorem,timeout,na,2583,340,34,340,1,0,0,0,0,
prim_batch_16,SWW/SWW474^2.p,TH0,Theorem,timeout,na,3754,242,23,242,2,1,0,0,0,
prim_batch_16,SWW/SWW474^3.p,TH0,Theorem,timeout,na,5208,182,17,182,2,1,0,0,0,
prim_batch_16,SWW/SWW475^1.p,TH1,Theorem,parser_error,na,0,,,,,,,,,cached: Failed to parse formula 'fact_27_split__paired__All': [byte:22227] Type Error: Cannot unify strict function types of different arities.
prim_batch_16,SWW/SWW475^2.p,TH1,Theorem,parser_error,na,0,,,,,,,,,cached: Failed to parse formula 'fact_21_split__paired__All': [byte:33084] Type Error: Cannot unify strict function types of different arities.
prim_batch_16,SWW/SWW475^3.p,TH1,Theorem,parser_error,na,0,,,,,,,,,cached: Failed to parse formula 'fact_61_split__paired__All': [byte:69960] Type Error: Cannot unify strict function types of different arities.
prim_batch_16,SWW/SWW476^1.p,TH1,Theorem,parser_error,na,0,,,,,,,,,cached: Failed to parse formula 'fact_125_split__paired__All': [byte:65316] Type Error: Cannot unify strict function types of different arities.
prim_batch_16,SWW/SWW476^2.p,TH1,Theorem,parser_error,na,0,,,,,,,,,cached: Failed to parse formula 'fact_153_split__paired__All': [byte:91639] Type Error: Cannot unify strict function types of different arities.
prim_batch_16,SWW/SWW476^3.p,TH1,Theorem,parser_error,na,0,,,,,,,,,cached: Failed to parse formula 'fact_367_split__paired__All': [byte:201188] Type Error: Cannot unify strict function types of different arities.
prim_batch_16,SWW/SWW477^1.p,TH1,Theorem,parser_error,na,0,,,,,,,,,cached: Failed to parse formula 'fact_38_split__paired__All': [byte:21078] Type Error: Cannot unify strict function types of different arities.
prim_batch_16,SWW/SWW477^2.p,TH1,Theorem,parser_error,na,0,,,,,,,,,cached: Failed to parse formula 'fact_62_split__paired__All': [byte:49406] Type Error: Cannot unify strict function types of different arities.
prim_batch_16,SWW/SWW477^3.p,TH1,Theorem,parser_error,na,0,,,,,,,,,cached: Failed to parse formula 'fact_106_split__paired__All': [byte:93347] Type Error: Cannot unify strict function types of different arities.
prim_batch_16,SWW/SWW478^1.p,TH1,Theorem,parser_error,na,0,,,,,,,,,cached: Failed to parse formula 'fact_21_split__paired__All': [byte:17638] Type Error: Cannot unify strict function types of different arities.
prim_batch_16,SWW/SWW478^2.p,TH1,Theorem,parser_error,na,0,,,,,,,,,cached: Failed to parse formula 'fact_37_split__paired__All': [byte:63382] Type Error: Cannot unify strict function types of different arities.
prim_batch_16,SWW/SWW478^3.p,TH1,Theorem,parser_error,na,0,,,,,,,,,cached: Failed to parse formula 'fact_143_split__paired__All': [byte:112259] Type Error: Cannot unify strict function types of different arities.
prim_batch_16,SWW/SWW674^1.p,TH0,Satisfiable,no_conjecture,na,35,,,,,,,,,
prim_batch_16,SWW/SWW971^15.p,TH0,CounterSatisfiable,timeout,na,2110,2164,58,2164,257,80,0,0,0,
prim_batch_16,SWW/SWW971^5.p,TH0,CounterSatisfiable,timeout,na,2061,1342,48,1342,136,31,0,0,0,
prim_batch_16,SYN/SYN000^1.p,TH0,Theorem,thm,yes,37,8,0,8,1,0,0,1,1,
prim_batch_16,SYN/SYN000^2.p,TH0,Satisfiable,parser_error,na,0,,,,,,,,,cached: Type Error: product types (*) are not part of simple type theory.
prim_batch_16,SYN/SYN000^3.p,TH1,Satisfiable,parser_error,na,0,,,,,,,,,cached: Failed to parse formula 'can_prove_this': [byte:2329] Type Error: Cannot unify strict function types of different arities.
prim_batch_16,SYN/SYN000^6.p,unknown,Unknown,parser_error,na,0,,,,,,,,,cached: Lexer failed to parse entire string. Unparsed: {$necessary} @ ( ( newp @ ( newf @ newc @ a ) @ a ) & ( newp @ ( newf @ X @ a ) @ a ) ) ) ). thf(new_possible_axiom axiom  ( {$possible} @ ( ! [X: new] :
prim_batch_16,SYN/SYN000^7.p,unknown,Unknown,parser_error,na,0,,,,,,,,,cached: Lexer failed to parse entire string. Unparsed: {$necessary(agent)} @ ( ( newp @ ( newf @ newc @ a ) @ a ) & ( newp @ ( newf @ X @ a ) @ a ) ) ) ). thf(new_possible_index_axiom axiom  ( {$possible(agen
prim_batch_16,SYN/SYN036^5.p,TH0,Theorem,timeout,na,2090,4503,42,4503,107,523,0,0,0,
prim_batch_16,SYN/SYN036^7.p,TH0,Theorem,timeout,na,2161,295,13,295,29,0,0,0,0,
prim_batch_16,SYN/SYN040^4.p,TH0,CounterSatisfiable,timeout,na,2172,3791,76,3791,208,88,0,0,0,
prim_batch_16,SYN/SYN041^4.p,TH0,Theorem,timeout,na,2161,4327,67,4327,206,142,0,0,0,
prim_batch_16,SYN/SYN044^4.p,TH0,Theorem,timeout,na,2103,2583,69,2583,234,26,0,0,0,
prim_batch_16,SYN/SYN045^4.p,TH0,Theorem,timeout,na,2107,3097,108,3097,242,69,0,0,0,
prim_batch_16,SYN/SYN045^7.p,TH0,Theorem,timeout,na,2146,3176,58,3176,232,72,0,0,0,
prim_batch_16,SYN/SYN046^4.p,TH0,CounterSatisfiable,timeout,na,2129,4123,101,4123,240,121,0,0,0,
prim_batch_16,SYN/SYN047^4.p,TH0,CounterSatisfiable,timeout,na,2089,2303,38,2303,233,62,0,0,0,
prim_batch_16,SYN/SYN049^5.p,TH0,Theorem,thm,yes,72,32,1,32,2,1,0,1,1,
prim_batch_16,SYN/SYN051^5.p,TH0,Theorem,thm,yes,23,48,0,48,5,11,0,4,0,
prim_batch_16,SYN/SYN052^7.p,TH0,Theorem,timeout,na,2129,2102,68,2102,203,89,0,0,0,
prim_batch_16,SYN/SYN055^5.p,TH0,Theorem,thm,yes,80,235,0,235,32,15,0,1,1,
prim_batch_16,SYN/SYN056^5.p,TH0,Theorem,timeout,na,2093,2988,5,2988,171,815,0,2,0,
prim_batch_16,SYN/SYN057^5.p,TH0,Theorem,timeout,na,2030,1488,10,1488,114,254,0,2,0,
prim_batch_16,SYN/SYN058^5.p,TH0,Theorem,timeout,na,2009,295,2,295,38,41,0,2,0,
prim_batch_16,SYN/SYN059^5.p,TH0,Theorem,timeout,na,2106,4984,41,4984,378,864,0,1,0,
prim_batch_16,SYN/SYN064^5.p,TH0,Theorem,thm,yes,9,7,0,7,1,0,0,1,1,
prim_batch_16,SYN/SYN355^5.p,TH0,Theorem,thm,yes,14,17,0,17,3,0,0,1,1,
prim_batch_16,SYN/SYN356^5.p,TH0,Theorem,timeout,na,2033,2433,86,2433,192,163,0,2,0,
prim_batch_16,SYN/SYN357^5.p,TH0,Theorem,thm,yes,4,5,0,5,1,0,0,1,1,
prim_batch_16,SYN/SYN357^7.p,TH0,Theorem,timeout,na,2516,6022,57,6022,1849,288,0,1,0,
prim_batch_16,SYN/SYN358^5.p,TH0,Theorem,thm,yes,17,27,0,27,2,4,0,1,1,
prim_batch_16,SYN/SYN360^5.p,TH0,Theorem,thm,yes,14,20,0,20,2,0,0,1,1,
prim_batch_16,SYN/SYN361^5.p,TH0,Theorem,thm,yes,26,47,2,47,6,0,0,1,1,
prim_batch_16,SYN/SYN364^5.p,TH0,Theorem,timeout,na,2012,755,25,755,46,58,0,2,0,
prim_batch_16,SYN/SYN365^5.p,TH0,Theorem,timeout,na,2203,5876,45,5876,993,518,0,1,0,
prim_batch_16,SYN/SYN367^7.p,TH0,Theorem,timeout,na,2310,3171,31,3171,158,98,0,0,0,
prim_batch_16,SYN/SYN374^5.p,TH0,Theorem,thm,yes,105,170,0,170,10,26,0,2,1,
prim_batch_16,SYN/SYN375^5.p,TH0,Theorem,thm,yes,5,1,0,1,1,1,0,0,0,
prim_batch_16,SYN/SYN377^5.p,TH0,Theorem,thm,yes,41,66,0,66,6,5,0,1,1,
prim_batch_16,SYN/SYN377^7.p,TH0,Theorem,timeout,na,2125,2544,168,2544,157,12,0,0,0,
prim_batch_16,SYN/SYN381^5.p,TH0,Theorem,timeout,na,2153,7460,309,7460,987,248,0,4,0,
prim_batch_16,SYN/SYN382^5.p,TH0,Theorem,thm,yes,14,15,0,15,2,0,0,1,1,
prim_batch_16,SYN/SYN386^5.p,TH0,Theorem,timeout,na,2176,3748,94,3748,748,38,0,4,0,
prim_batch_16,SYN/SYN387^4.p,TH0,CounterSatisfiable,timeout,na,2194,4589,87,4589,227,112,0,0,0,
prim_batch_16,SYN/SYN387^7.p,TH0,CounterSatisfiable,timeout,na,2152,4058,119,4058,209,77,0,0,0,
prim_batch_16,SYN/SYN388^4.p,TH0,CounterSatisfiable,timeout,na,2252,7071,134,7071,222,205,0,0,0,
prim_batch_16,SYN/SYN389^4.p,TH0,CounterSatisfiable,timeout,na,2147,4200,77,4200,208,148,0,0,0,
prim_batch_16,SYN/SYN390^4.p,TH0,Theorem,timeout,na,2213,5239,65,5239,214,259,0,0,0,
prim_batch_16,SYN/SYN391^4.p,TH0,Theorem,timeout,na,2094,2310,60,2310,204,56,0,0,0,
prim_batch_16,SYN/SYN392^4.p,TH0,CounterSatisfiable,timeout,na,2123,3034,91,3034,219,60,0,0,0,
prim_batch_16,SYN/SYN397^7.p,TH0,Theorem,timeout,na,2373,4858,56,4858,219,78,0,0,0,
prim_batch_16,SYN/SYN407^7.p,TH0,CounterSatisfiable,timeout,na,2195,3595,143,3595,209,58,0,0,0,
prim_batch_16,SYN/SYN416^4.p,TH0,CounterSatisfiable,timeout,na,2189,5894,139,5894,230,169,0,0,0,
prim_batch_16,SYN/SYN416^7.p,TH0,CounterSatisfiable,timeout,na,2173,4443,91,4443,248,108,0,0,0,
prim_batch_16,SYN/SYN731^5.p,TH0,Theorem,thm,yes,20,20,2,20,1,0,0,1,1,
prim_batch_16,SYN/SYN732^5.p,TH0,Theorem,thm,yes,32,42,3,42,3,0,0,1,1,
prim_batch_16,SYN/SYN741^7.p,TH0,ContradictoryAxioms,timeout,na,2108,0,0,0,1,0,0,0,0,
prim_batch_16,SYN/SYN915^4.p,TH0,Theorem,thm,yes,25,3,0,3,1,1,0,0,0,
prim_batch_16,SYN/SYN916^4.p,TH0,CounterSatisfiable,timeout,na,2166,7029,372,7029,164,362,0,0,0,
prim_batch_16,SYN/SYN977^4.p,TH0,CounterSatisfiable,timeout,na,2169,4750,87,4750,242,106,0,0,0,
prim_batch_16,SYN/SYN978^4.p,TH0,Theorem,timeout,na,2139,3714,56,3714,217,83,0,0,0,
prim_batch_16,SYN/SYN983^1.p,TH0,Theorem,thm,yes,20,60,0,51,5,13,0,0,0,
prim_batch_16,SYN/SYN984^1.p,TH0,Theorem,timeout,na,2083,1475,32,1475,4,185,0,0,0,
prim_batch_16,SYN/SYN985^1.p,TH0,CounterSatisfiable,timeout,na,2046,2336,180,2336,88,0,0,3,0,
prim_batch_16,SYN/SYN987^1.p,TH0,CounterSatisfiable,csa,yes,3,2,0,2,1,0,1,0,0,¬C[12DAT4]
prim_batch_16,SYN/SYN987^2.p,TH0,Unsatisfiable,no_conjecture,na,0,,,,,,,,,
prim_batch_16,SYN/SYN988^1.p,TH0,CounterSatisfiable,csa,yes,2,2,0,2,1,0,1,0,0,C[15QXM]
prim_batch_16,SYN/SYN988^2.p,TH0,Unsatisfiable,no_conjecture,na,0,,,,,,,,,
prim_batch_16,SYN/SYN989^1.p,TH0,Theorem,thm,yes,2,2,0,2,1,1,0,0,0,
prim_batch_16,SYN/SYN989^2.p,TH0,Satisfiable,no_conjecture,na,0,,,,,,,,,
prim_batch_16,SYN/SYN989^3.p,TH0,Theorem,thm,yes,2,1,0,1,1,1,0,0,0,
prim_batch_16,SYN/SYN990^1.p,TH0,Satisfiable,no_conjecture,na,1,,,,,,,,,
prim_batch_16,SYN/SYN991^1.p,TH0,Unsatisfiable,no_conjecture,na,1,,,,,,,,,
prim_batch_16,SYN/SYN992^1.p,TH0,Theorem,thm,yes,7,4,0,4,1,0,0,1,1,
prim_batch_16,SYN/SYN993^1.p,TH0,CounterSatisfiable,timeout,na,2005,1022,112,1022,1,0,0,0,0,
prim_batch_16,SYN/SYN994^1.p,TH0,CounterSatisfiable,timeout,na,2004,992,111,992,1,0,0,0,0,
prim_batch_16,SYN/SYN995^1.p,TH0,CounterSatisfiable,timeout,na,2149,7088,119,7088,548,511,0,0,0,
prim_batch_16,SYN/SYN996^1.p,TH0,Theorem,thm,yes,85,9,0,9,1,0,0,1,1,
prim_batch_16,SYN/SYN997^1.p,TH0,Theorem,timeout,na,2003,124,14,124,1,0,0,0,0,
prim_batch_16,SYN/SYN998^1.p,TH0,Theorem,thm,yes,3,4,0,4,1,1,0,0,0,
prim_batch_16,SYN/SYN999^1.p,TH0,Theorem,thm,yes,18,14,1,14,2,0,0,1,1,
prim_batch_16,SYO/SYO001^1.p,TH0,Theorem,timeout,na,2103,2677,8,2677,601,0,0,2,0,
prim_batch_16,SYO/SYO002^1.p,TH0,Theorem,thm,yes,22,15,1,15,2,0,0,1,1,
prim_batch_16,SYO/SYO003^1.p,TH0,Theorem,thm,yes,20,20,1,20,2,0,0,1,1,
prim_batch_16,SYO/SYO004^1.p,TH0,Theorem,timeout,na,2003,69,2,69,5,2,0,4,0,
prim_batch_16,SYO/SYO005^1.p,TH0,Theorem,thm,yes,36,15,1,15,2,0,0,1,1,
prim_batch_16,SYO/SYO006^1.p,TH0,Theorem,thm,yes,24,34,0,30,3,7,0,0,0,
prim_batch_16,SYO/SYO007^1.p,TH0,Theorem,thm,yes,24,35,0,31,3,7,0,0,0,
prim_batch_16,SYO/SYO008^1.p,TH0,Theorem,timeout,na,2085,2435,76,2435,392,0,0,4,0,
prim_batch_16,SYO/SYO009^1.p,TH0,Theorem,thm,yes,3,1,0,1,1,1,0,0,0,
prim_batch_16,SYO/SYO010^1.p,TH0,Theorem,timeout,na,2074,2629,61,2629,414,0,0,4,0,
prim_batch_16,SYO/SYO011^1.p,TH0,Theorem,timeout,na,2093,2719,65,2719,560,0,0,4,0,
prim_batch_16,SYO/SYO012^1.p,TH0,Theorem,thm,yes,3,1,0,1,1,1,0,0,0,
prim_batch_16,SYO/SYO013^1.p,TH0,Theorem,thm,yes,7,12,0,10,2,3,0,0,0,
prim_batch_16,SYO/SYO015^1.p,TH0,Theorem,thm,yes,2,2,0,2,1,1,0,0,0,
prim_batch_16,SYO/SYO016^1.p,TH0,Theorem,timeout,na,2070,925,10,842,8,130,0,0,0,
prim_batch_16,SYO/SYO017^1.p,TH0,Theorem,prover_error,na,89,,,,,,,,,ShotTx.Proof.interior_event/2: unhandled trace entry {2462521220  {:instantiate  #Stream<[enum: [2462472004  2462472228]  funs: [#Function<49.48511117/1 in Stream.map/2>  #Function<49.48511117/1 in Stream.map/2>]]>  2}  []}
prim_batch_16,SYO/SYO018^1.p,TH0,Theorem,timeout,na,2034,1220,23,1220,156,12,0,2,0,
prim_batch_16,SYO/SYO019^1.p,TH0,Theorem,thm,yes,6,3,0,3,1,1,0,0,0,
prim_batch_16,SYO/SYO020^1.p,TH0,Theorem,parser_error,na,0,,,,,,,,,cached: Failed to parse formula 'conj': [byte:1833] Type Error: Cannot unify strict function types of different arities.
prim_batch_16,SYO/SYO021^1.p,TH0,Theorem,thm,yes,5,3,0,3,1,1,0,0,0,
prim_batch_16,SYO/SYO022^1.p,TH0,Theorem,timeout,na,2060,633,42,612,302,14,0,0,0,
prim_batch_16,SYO/SYO023^1.p,TH0,Theorem,thm,yes,5,1,0,1,1,1,0,0,0,
prim_batch_16,SYO/SYO024^1.p,TH0,Theorem,timeout,na,2055,550,36,534,229,12,0,0,0,
prim_batch_16,SYO/SYO025^1.p,TH0,Theorem,thm,yes,6,1,0,1,1,1,0,0,0,
prim_batch_16,SYO/SYO026^1.p,TH0,Theorem,thm,yes,19,14,0,13,4,4,0,0,0,
prim_batch_16,SYO/SYO027^1.p,TH0,Theorem,thm,yes,2,2,0,2,1,1,0,0,0,
prim_batch_16,SYO/SYO028^1.p,TH0,Theorem,thm,yes,2,2,0,2,1,1,0,0,0,
prim_batch_16,SYO/SYO029^1.p,TH0,Theorem,thm,yes,5,3,0,3,1,1,0,0,0,
prim_batch_16,SYO/SYO030^1.p,TH0,Theorem,thm,yes,29,92,0,77,13,16,0,0,0,
prim_batch_16,SYO/SYO031^1.p,TH0,Theorem,thm,yes,8,11,1,11,1,1,0,0,0,
prim_batch_16,SYO/SYO032^1.p,TH0,Theorem,thm,yes,44,20,1,20,1,1,0,0,0,
prim_batch_16,SYO/SYO033^1.p,TH0,Theorem,timeout,na,2005,33,2,33,3,1,0,4,0,
prim_batch_16,SYO/SYO034^1.p,TH0,Theorem,thm,yes,7,5,0,5,1,1,0,0,0,
prim_batch_16,SYO/SYO035^1.p,TH0,Theorem,timeout,na,2073,1780,32,1780,421,3,0,4,0,
prim_batch_16,SYO/SYO037^1.p,TH0,ContradictoryAxioms,timeout,na,2058,2215,111,2215,294,39,0,2,0,
prim_batch_16,SYO/SYO039^1.p,TH0,Unsatisfiable,parser_error,na,0,,,,,,,,,cached: Failed to parse formula '1': [byte:1601] Type Error: Cannot unify strict function types of different arities.
prim_batch_16,SYO/SYO039^2.p,TH0,Theorem,parser_error,na,0,,,,,,,,,cached: Failed to parse formula '1': [byte:1905] Type Error: Cannot unify strict function types of different arities.
prim_batch_16,SYO/SYO040^1.p,TH0,Unsatisfiable,no_conjecture,na,0,,,,,,,,,
prim_batch_16,SYO/SYO040^2.p,TH0,Theorem,csa,no,91,322,0,293,12,64,1,0,0,[C[1WCT8Q] <- ⊤  C[1F87GG] <- ⊤  C[TB99Y] <- ⊤  C[IU6BW] <- ⊥  C[HNOZG] <- ⊥]  Model: C[TB99Y]  ¬(C[271FHE] (h (f C[TB99Y])))  ¬(C[271FHE] (h (f (f C[IU6BW]))))  C[271FHE] (h C[HNOZG])  ¬C[IU6BW]  ¬C[
prim_batch_16,SYO/SYO041^1.p,TH0,Unsatisfiable,no_conjecture,na,2,,,,,,,,,
prim_batch_16,SYO/SYO041^2.p,TH0,Theorem,unk,na,215,587,0,532,19,126,0,0,0,
prim_batch_16,SYO/SYO042^1.p,TH0,Unsatisfiable,no_conjecture,na,2,,,,,,,,,
prim_batch_16,SYO/SYO042^2.p,TH0,Theorem,thm,yes,166,193,0,175,8,49,0,0,0,
prim_batch_16,SYO/SYO043^1.p,TH0,Unsatisfiable,no_conjecture,na,2,,,,,,,,,
prim_batch_16,SYO/SYO043^2.p,TH0,CounterSatisfiable,csa,yes,11,17,0,11,13,0,3,0,0,[f <- λ. ¬1  x <- ⊤]  Model: ¬(q (λ. f 1) x)  ¬(q (λ. ¬1) x)  ¬(q (λ. ¬1) ⊤)
prim_batch_16,SYO/SYO044^1.p,TH0,Theorem,thm,yes,49,5,0,5,1,1,0,0,0,
prim_batch_16,SYO/SYO045^1.p,TH0,Theorem,thm,yes,97,41,1,41,6,1,0,1,1,
prim_batch_16,SYO/SYO046^1.p,TH0,Theorem,thm,yes,105,52,1,52,9,4,0,1,1,
prim_batch_16,SYO/SYO047^1.p,TH0,Theorem,thm,yes,103,38,1,38,5,1,0,1,1,
prim_batch_16,SYO/SYO048^1.p,TH0,Theorem,timeout,na,2051,263,2,263,25,34,0,2,0,
prim_batch_16,SYO/SYO049^1.p,TH0,Theorem,timeout,na,2050,353,1,353,27,44,0,2,0,
prim_batch_16,SYO/SYO050^1.p,TH0,CounterSatisfiable,timeout,na,2123,3587,325,3587,350,10,0,0,0,
prim_batch_16,SYO/SYO050^2.p,TH0,Theorem,thm,yes,65,16,0,16,3,0,0,1,1,
prim_batch_16,SYO/SYO051^1.p,TH0,CounterSatisfiable,timeout,na,2047,91,1,91,8,9,0,6,0,
prim_batch_16,SYO/SYO051^2.p,TH0,CounterSatisfiable,timeout,na,2058,1228,93,1228,46,5,0,3,0,
prim_batch_16,SYO/SYO052^1.p,TH0,CounterSatisfiable,timeout,na,2182,4719,168,4719,373,0,0,0,0,
prim_batch_16,SYO/SYO052^2.p,TH0,Theorem,thm,yes,116,28,0,28,3,0,0,1,1,
prim_batch_16,SYO/SYO053^1.p,TH0,CounterSatisfiable,timeout,na,2049,1402,183,1402,1,0,0,0,0,
prim_batch_16,SYO/SYO053^2.p,TH0,Theorem,thm,yes,50,6,0,6,1,0,0,1,1,
prim_batch_16,SYO/SYO054^1.p,TH0,CounterSatisfiable,csa,yes,64,13,1,13,1,0,1,0,0,[mand <- λλλ. mnot (λ. mor (λ. mnot (λ. 6 1) 1) (λ. mnot (λ. 5 1) 1) 1) 1  mbox <- λλλ. ∀(λ. (¬(4 2 1)) ∨ (3 1))  mcountersatisfiable <- λ. ∃(λ. ¬(2 1))  mdia <- λλλ. mnot (λ. mbox (λλ. 6 2 1) (λ. mno
prim_batch_16,SYO/SYO054^2.p,TH0,CounterSatisfiable,timeout,na,2086,1893,132,1893,87,18,0,2,0,
prim_batch_16,SYO/SYO055^1.p,TH0,CounterSatisfiable,timeout,na,2213,7041,467,7041,345,32,0,0,0,
prim_batch_16,SYO/SYO055^2.p,TH0,CounterSatisfiable,timeout,na,2065,1156,79,1156,56,0,0,1,0,
prim_batch_16,SYO/SYO056^1.p,TH0,CounterSatisfiable,timeout,na,2054,89,1,89,7,12,0,6,0,
prim_batch_16,SYO/SYO056^2.p,TH0,CounterSatisfiable,timeout,na,2077,1353,88,1353,83,0,0,2,0,
prim_batch_16,SYO/SYO057^1.p,TH0,CounterSatisfiable,timeout,na,2389,7385,37,7385,187,399,0,0,0,
prim_batch_16,SYO/SYO057^2.p,TH0,Theorem,timeout,na,2064,1297,102,1297,49,0,0,2,0,
prim_batch_16,SYO/SYO058^4.p,TH0,Theorem,thm,yes,35,3,0,3,1,1,0,0,0,
prim_batch_16,SYO/SYO059^4.p,TH0,Theorem,timeout,na,2182,4693,91,4693,194,184,0,0,0,
prim_batch_16,SYO/SYO060^4.p,TH0,Theorem,timeout,na,2161,4737,111,4737,221,99,0,0,0,
prim_batch_16,SYO/SYO061^4.p,TH0,Theorem,timeout,na,2140,5091,138,5091,197,196,0,0,0,
prim_batch_16,SYO/SYO063^4.p,TH0,Theorem,timeout,na,2107,2575,73,2575,198,67,0,0,0,
prim_batch_16,SYO/SYO076^5.p,TH0,Theorem,thm,yes,2,1,0,1,1,1,0,0,0,
prim_batch_16,SYO/SYO077^5.p,TH0,Theorem,thm,yes,4,5,0,5,1,0,0,1,1,
prim_batch_16,SYO/SYO078^5.p,TH0,Theorem,thm,yes,4,1,0,1,1,1,0,0,0,
prim_batch_16,SYO/SYO079^5.p,TH0,Theorem,thm,yes,5,1,0,1,1,1,0,0,0,
prim_batch_16,SYO/SYO080^5.p,TH0,Theorem,thm,yes,2,1,0,1,1,1,0,0,0,
prim_batch_16,SYO/SYO081^5.p,TH0,Theorem,thm,yes,4,5,0,5,1,0,0,1,1,
prim_batch_16,SYO/SYO082^5.p,TH0,Theorem,thm,yes,11,10,1,10,1,0,0,1,1,
prim_batch_16,SYO/SYO083^5.p,TH0,Theorem,thm,yes,11,20,1,20,2,1,0,1,1,
prim_batch_16,SYO/SYO084^5.p,TH0,Theorem,thm,yes,44,23,0,23,3,2,0,3,1,
prim_batch_16,SYO/SYO085^5.p,TH0,Theorem,thm,yes,5,1,0,1,1,1,0,0,0,
prim_batch_16,SYO/SYO086^5.p,TH0,Theorem,thm,yes,6,1,0,1,1,1,0,0,0,
prim_batch_16,SYO/SYO087^5.p,TH0,Theorem,thm,yes,6,2,0,2,1,1,0,0,0,
prim_batch_16,SYO/SYO088^5.p,TH0,Theorem,thm,yes,10,1,0,1,1,1,0,0,0,
prim_batch_16,SYO/SYO089^5.p,TH0,Theorem,thm,yes,12,1,0,1,1,1,0,0,0,
prim_batch_16,SYO/SYO090^5.p,TH0,Theorem,thm,yes,15,1,0,1,1,1,0,0,0,
prim_batch_16,SYO/SYO091^5.p,TH0,Theorem,thm,yes,7,4,0,4,1,1,0,0,0,
prim_batch_16,SYO/SYO092^5.p,TH0,Theorem,timeout,na,2005,313,3,313,20,38,0,4,0,
prim_batch_16,SYO/SYO093^5.p,TH0,Theorem,timeout,na,2171,6202,174,6202,939,196,0,4,0,
prim_batch_16,SYO/SYO094^5.p,TH0,Theorem,thm,yes,12,16,0,16,2,0,0,1,1,
prim_batch_16,SYO/SYO095^5.p,TH0,Theorem,thm,yes,471,234,2,234,7,37,0,3,1,
prim_batch_16,SYO/SYO096^5.p,TH0,Theorem,timeout,na,2145,7580,199,7580,920,139,0,1,0,
prim_batch_16,SYO/SYO098^5.p,TH0,Theorem,thm,yes,24,23,0,23,3,1,0,1,1,
prim_batch_16,SYO/SYO099^5.p,TH0,Theorem,thm,yes,15,18,0,18,2,1,0,1,1,
prim_batch_16,SYO/SYO101^5.p,TH0,Theorem,thm,yes,33,54,2,54,3,1,0,5,1,
prim_batch_16,SYO/SYO102^5.p,TH0,Theorem,timeout,na,2201,6453,240,6453,940,510,0,3,0,
prim_batch_16,SYO/SYO103^5.p,TH0,Theorem,timeout,na,2025,3068,272,3068,33,43,0,3,0,
prim_batch_16,SYO/SYO104^5.p,TH0,Theorem,thm,yes,42,61,0,61,6,6,0,3,1,
prim_batch_16,SYO/SYO105^5.p,TH0,Theorem,thm,yes,82,79,1,79,6,3,0,1,1,
prim_batch_16,SYO/SYO107^5.p,TH0,Theorem,thm,yes,17,22,0,22,3,0,0,1,1,
prim_batch_16,SYO/SYO108^5.p,TH0,Theorem,thm,yes,21,24,0,24,4,0,0,1,1,
prim_batch_16,SYO/SYO109^5.p,TH0,Theorem,timeout,na,2117,3883,157,3883,774,129,0,4,0,
prim_batch_16,SYO/SYO111^5.p,TH0,Theorem,thm,yes,48,48,1,48,4,6,0,1,1,
prim_batch_16,SYO/SYO112^5.p,TH0,Theorem,thm,yes,30,54,0,54,6,4,0,1,1,
prim_batch_16,SYO/SYO113^5.p,TH0,Theorem,timeout,na,2191,6182,42,6182,1320,408,0,1,0,
prim_batch_16,SYO/SYO114^5.p,TH0,Theorem,timeout,na,2219,6501,23,6501,518,1168,0,1,0,
prim_batch_16,SYO/SYO118^5.p,TH0,Theorem,thm,yes,2,1,0,1,1,1,0,0,0,
prim_batch_16,SYO/SYO119^5.p,TH0,Theorem,thm,yes,3,5,0,5,1,0,0,1,1,
prim_batch_16,SYO/SYO120^5.p,TH0,Theorem,thm,yes,2,2,0,2,1,1,0,0,0,
prim_batch_16,SYO/SYO121^5.p,TH0,CounterSatisfiable,timeout,na,2005,1614,197,1614,1,0,0,0,0,
prim_batch_16,SYO/SYO122^5.p,TH0,CounterSatisfiable,csa,yes,3,4,0,4,1,0,1,0,0,¬(cEQ C[1VJTLS] C[1ROE0X])
prim_batch_16,SYO/SYO123^5.p,TH0,Theorem,thm,yes,5,11,0,11,2,1,0,2,1,
prim_batch_16,SYO/SYO124^5.p,TH0,Theorem,thm,yes,3,1,0,1,1,1,0,0,0,
prim_batch_16,SYO/SYO125^5.p,TH0,Theorem,thm,yes,4,1,0,1,1,1,0,0,0,
prim_batch_16,SYO/SYO126^5.p,TH0,CounterSatisfiable,unk,na,12,7,0,7,2,0,0,0,0,
prim_batch_16,SYO/SYO128^5.p,TH0,Theorem,thm,yes,3,1,0,1,1,1,0,0,0,
prim_batch_16,SYO/SYO129^5.p,TH0,Theorem,thm,yes,9,22,0,22,2,2,0,3,1,
prim_batch_16,SYO/SYO130^5.p,TH0,CounterSatisfiable,csa,yes,3,2,0,2,1,0,1,0,0,cP C[1K8W9V]
prim_batch_16,SYO/SYO131^5.p,TH0,Theorem,thm,yes,5,4,0,4,1,0,0,1,1,
prim_batch_16,SYO/SYO132^5.p,TH0,Theorem,thm,yes,14,9,0,9,2,2,0,0,0,
prim_batch_16,SYO/SYO133^5.p,TH0,Theorem,thm,yes,130,150,3,150,7,8,0,2,1,
prim_batch_16,SYO/SYO134^5.p,TH0,Theorem,thm,yes,16,21,1,21,2,2,0,1,1,
prim_batch_16,SYO/SYO135^5.p,TH0,Theorem,thm,yes,10,11,0,11,2,1,0,1,1,
prim_batch_16,SYO/SYO136^5.p,TH0,Theorem,thm,yes,13,20,1,20,2,1,0,1,1,
prim_batch_16,SYO/SYO137^5.p,TH0,CounterSatisfiable,csa,yes,66,172,0,172,11,25,1,0,0,¬(cM C[268AK0])  ¬(cN C[EH0CX])  cM C[SJR29]  ¬(cN C[SJR29])  ¬(cM C[1KUIH8])  ¬(cM C[1TUBB6])  ¬(cN C[LPL9N])  ¬(cM C[1CJ1RE])
prim_batch_16,SYO/SYO138^5.p,TH0,CounterSatisfiable,csa,yes,6,4,0,4,1,0,1,0,0,cP C[1D80QA]  ¬(cS C[1D80QA])
prim_batch_16,SYO/SYO139^5.p,TH0,Theorem,thm,yes,6,5,0,5,1,1,0,0,0,
prim_batch_16,SYO/SYO140^5.p,TH0,Theorem,thm,yes,10,13,0,13,2,0,0,1,1,
prim_batch_16,SYO/SYO141^5.p,TH0,Theorem,thm,yes,16,19,0,19,2,0,0,1,1,
prim_batch_16,SYO/SYO142^5.p,TH0,Theorem,thm,yes,57,45,1,45,5,2,0,1,1,
prim_batch_16,SYO/SYO143^5.p,TH0,Theorem,thm,yes,15,16,1,16,1,0,0,1,1,
prim_batch_16,SYO/SYO144^5.p,TH0,CounterSatisfiable,csa,yes,33,30,1,30,4,1,1,0,0,¬(cP C[277G4T])  ¬(cP C[1Z0NMC])  cR1 x  ¬cC
prim_batch_16,SYO/SYO145^5.p,TH0,Theorem,thm,yes,23,33,1,33,2,0,0,3,1,
prim_batch_16,SYO/SYO146^5.p,TH0,Theorem,thm,yes,18,34,0,34,5,3,0,1,1,
prim_batch_16,SYO/SYO147^5.p,TH0,Theorem,timeout,na,2048,1425,17,1425,150,102,0,1,0,
prim_batch_16,SYO/SYO148^5.p,TH0,Theorem,thm,yes,68,140,0,140,18,13,0,1,1,
prim_batch_16,SYO/SYO149^5.p,TH0,Theorem,thm,yes,39,105,0,105,12,16,0,3,1,
prim_batch_16,SYO/SYO150^5.p,TH0,CounterSatisfiable,csa,yes,49,30,1,30,4,1,1,0,0,cR1 x  ¬cC  ¬(cP C[5892E])  ¬(cP C[WGSD5])
prim_batch_16,SYO/SYO151^5.p,TH0,CounterSatisfiable,timeout,na,2007,3139,412,3139,3,0,0,0,0,
prim_batch_16,SYO/SYO152^5.p,TH0,CounterSatisfiable,timeout,na,2004,229,21,229,3,6,0,0,0,
prim_batch_16,SYO/SYO153^5.p,TH0,CounterSatisfiable,csa,yes,16,7,0,7,2,0,1,0,0,cReduct C[7HOLJ] C[1Y6IZ3]  ¬(cReduct (cAPP C[7HOLJ] C[CCFGR]) (cApp C[1Y6IZ3] C[CCFGR]))
prim_batch_16,SYO/SYO154^5.p,TH0,Theorem,thm,yes,16,19,0,19,3,0,0,1,1,
prim_batch_16,SYO/SYO155^5.p,TH0,CounterSatisfiable,csa,yes,6,4,0,4,1,0,1,0,0,cP C[LXSSK]  ¬(cS C[LXSSK])
prim_batch_16,SYO/SYO156^5.p,TH0,CounterSatisfiable,csa,yes,7,1,0,1,1,0,1,0,0,
prim_batch_16,SYO/SYO157^5.p,TH0,CounterSatisfiable,timeout,na,2058,3575,322,3575,512,1,0,0,0,
prim_batch_16,SYO/SYO158^5.p,TH0,CounterSatisfiable,csa,yes,65,15,1,15,2,0,1,0,0,cQ C[14HDLN] C[3JDB0] C[22YIEL]  cQ C[3JDB0] C[VVGX5] C[K0GBH]  cQ C[22YIEL] C[VVGX5] C[1IXOGF]  ¬(cQ C[14HDLN] C[K0GBH] C[1IXOGF])
prim_batch_16,SYO/SYO159^5.p,TH0,Theorem,thm,yes,20,24,0,24,3,2,0,1,1,
prim_batch_16,SYO/SYO160^5.p,TH0,Theorem,timeout,na,2017,1377,18,1377,105,195,0,1,0,
prim_batch_16,SYO/SYO161^5.p,TH0,Theorem,thm,yes,25,48,0,48,5,6,0,3,1,
prim_batch_16,SYO/SYO163^5.p,TH0,CounterSatisfiable,csa,yes,69,13,0,13,4,1,1,0,0,¬(cT C[1TH20J])  ¬(cT (i C[1TH20J] (i C[1YVQQ8] C[1TH20J])))
prim_batch_16,SYO/SYO164^5.p,TH0,CounterSatisfiable,timeout,na,2078,3680,317,3680,384,22,0,0,0,
prim_batch_16,SYO/SYO165^5.p,TH0,CounterSatisfiable,timeout,na,2095,4120,91,4120,410,145,0,1,0,
prim_batch_16,SYO/SYO166^5.p,TH0,CounterSatisfiable,timeout,na,2031,1150,43,1150,48,66,0,4,0,
prim_batch_16,SYO/SYO167^5.p,TH0,CounterSatisfiable,timeout,na,2038,974,49,974,118,6,0,4,0,
prim_batch_16,SYO/SYO168^5.p,TH0,CounterSatisfiable,timeout,na,2017,767,56,767,26,1,0,9,0,
prim_batch_16,SYO/SYO169^5.p,TH0,Theorem,timeout,na,2114,1406,41,1406,360,10,0,3,0,
prim_batch_16,SYO/SYO170^5.p,TH0,Theorem,timeout,na,2107,1335,42,1335,365,4,0,2,0,
prim_batch_16,SYO/SYO171^5.p,TH0,Theorem,timeout,na,2164,7439,290,7439,1239,161,0,2,0,
prim_batch_16,SYO/SYO173^5.p,TH0,Theorem,timeout,na,2057,3626,242,3626,130,117,0,3,0,
prim_batch_16,SYO/SYO174^5.p,TH0,Theorem,timeout,na,2008,0,0,0,1,0,0,0,0,
prim_batch_16,SYO/SYO175^5.p,TH0,Theorem,timeout,na,2177,6479,180,6479,952,220,0,1,0,
prim_batch_16,SYO/SYO176^5.p,TH0,CounterSatisfiable,csa,yes,849,10,0,10,4,0,1,0,0,cL  cP  ¬cM
prim_batch_16,SYO/SYO178^5.p,TH0,Theorem,thm,yes,91,1,0,1,1,1,0,0,0,
prim_batch_16,SYO/SYO179^5.p,TH0,Theorem,timeout,na,2017,0,0,0,1,0,0,0,0,
prim_batch_16,SYO/SYO180^5.p,TH0,Theorem,thm,yes,570,12,1,12,1,1,0,0,0,
prim_batch_16,SYO/SYO181^5.p,TH0,Theorem,timeout,na,4382,0,0,0,1,0,0,0,0,
prim_batch_16,SYO/SYO182^5.p,TH0,Theorem,timeout,na,5621,0,0,0,1,0,0,0,0,
prim_batch_16,SYO/SYO183^5.p,TH0,Theorem,thm,yes,2,2,0,2,1,1,0,0,0,
prim_batch_16,SYO/SYO183^6.p,TH0,Theorem,thm,yes,3,3,0,3,1,1,0,0,0,
prim_batch_16,SYO/SYO184^5.p,TH0,Theorem,thm,yes,2,3,0,3,1,1,0,0,0,
prim_batch_16,SYO/SYO185^5.p,TH0,Theorem,thm,yes,2,2,0,2,1,1,0,0,0,
prim_batch_16,SYO/SYO186^5.p,TH0,Theorem,thm,yes,2,3,0,3,1,1,0,0,0,
prim_batch_16,SYO/SYO187^5.p,TH0,Theorem,thm,yes,3,3,0,3,1,1,0,0,0,
prim_batch_16,SYO/SYO188^5.p,TH0,Theorem,thm,yes,54,3,0,3,1,1,0,0,0,
prim_batch_16,SYO/SYO189^5.p,TH0,Theorem,thm,yes,4,5,0,5,1,1,0,0,0,
prim_batch_16,SYO/SYO190^5.p,TH0,Theorem,thm,yes,3,3,0,3,1,1,0,0,0,
prim_batch_16,SYO/SYO191^5.p,TH0,Theorem,thm,yes,3,3,0,3,1,1,0,0,0,
prim_batch_16,SYO/SYO192^5.p,TH0,Theorem,thm,yes,3,3,0,3,1,1,0,0,0,
prim_batch_16,SYO/SYO193^5.p,TH0,Theorem,thm,yes,50,3,0,3,1,1,0,0,0,
prim_batch_16,SYO/SYO194^5.p,TH0,Theorem,thm,yes,14,14,0,14,2,1,0,1,1,
prim_batch_16,SYO/SYO195^5.p,TH0,Theorem,thm,yes,3,3,0,3,1,1,0,0,0,
prim_batch_16,SYO/SYO196^5.p,TH0,Theorem,thm,yes,3,2,0,2,1,1,0,0,0,
prim_batch_16,SYO/SYO197^5.p,TH0,Theorem,thm,yes,5,5,0,5,1,1,0,0,0,
prim_batch_16,SYO/SYO198^5.p,TH0,Theorem,thm,yes,8,15,0,15,3,4,0,0,0,
prim_batch_16,SYO/SYO199^5.p,TH0,Theorem,thm,yes,8,9,0,9,1,1,0,0,0,
prim_batch_16,SYO/SYO200^5.p,TH0,Theorem,thm,yes,7,8,0,8,1,1,0,0,0,
prim_batch_16,SYO/SYO202^5.p,TH0,Theorem,thm,yes,3,2,0,2,1,1,0,0,0,
prim_batch_16,SYO/SYO203^5.p,TH0,Theorem,thm,yes,3,1,0,1,1,1,0,0,0,
prim_batch_16,SYO/SYO204^5.p,TH0,Theorem,thm,yes,5,6,0,6,1,1,0,0,0,
prim_batch_16,SYO/SYO205^5.p,TH0,Theorem,thm,yes,5,3,0,3,1,1,0,0,0,
prim_batch_16,SYO/SYO206^5.p,TH0,Theorem,thm,yes,17,44,0,44,4,6,0,0,0,
prim_batch_16,SYO/SYO207^5.p,TH0,Theorem,thm,yes,13,28,0,28,4,6,0,0,0,
prim_batch_16,SYO/SYO208^5.p,TH0,Theorem,thm,yes,159,72,1,72,5,5,0,1,1,
prim_batch_16,SYO/SYO209^5.p,TH0,Theorem,timeout,na,2025,894,29,894,119,0,0,4,0,
prim_batch_16,SYO/SYO210^5.p,TH0,CounterSatisfiable,csa,yes,6,5,0,5,1,0,1,0,0,
prim_batch_16,SYO/SYO211^5.p,TH0,CounterSatisfiable,timeout,na,2178,7513,131,7513,539,511,0,0,0,
prim_batch_16,SYO/SYO212^5.p,TH0,Theorem,thm,yes,22,55,0,46,5,12,0,0,0,
prim_batch_16,SYO/SYO213^5.p,TH0,Theorem,thm,yes,86,33,0,33,3,3,0,1,1,
prim_batch_16,SYO/SYO214^5.p,TH0,Theorem,thm,yes,13,5,0,5,1,1,0,0,0,
prim_batch_16,SYO/SYO215^5.p,TH0,Theorem,timeout,na,2003,78,2,78,5,3,0,4,0,
prim_batch_16,SYO/SYO216^5.p,TH0,Theorem,thm,yes,5,4,0,4,1,1,0,0,0,
prim_batch_16,SYO/SYO217^5.p,TH0,Theorem,timeout,na,2015,1014,3,1014,68,166,0,4,0,
prim_batch_16,SYO/SYO218^5.p,TH0,Theorem,timeout,na,2057,2386,77,2386,246,25,0,2,0,
prim_batch_16,SYO/SYO219^5.p,TH0,Theorem,timeout,na,2038,1979,92,1979,164,3,0,1,0,
prim_batch_16,SYO/SYO220^5.p,TH0,Theorem,thm,yes,18,9,0,9,1,0,0,1,1,
prim_batch_16,SYO/SYO221^5.p,TH0,Theorem,timeout,na,2084,1308,32,1308,565,14,0,1,0,
prim_batch_16,SYO/SYO222^5.p,TH0,Theorem,timeout,na,2024,1055,55,1055,93,35,0,1,0,
prim_batch_16,SYO/SYO223^5.p,TH0,Theorem,timeout,na,2124,4506,24,4506,614,313,0,1,0,
prim_batch_16,SYO/SYO224^5.p,TH0,Theorem,timeout,na,2092,3655,49,3655,406,277,0,1,0,
prim_batch_16,SYO/SYO225^5.p,TH0,Theorem,timeout,na,2228,4552,80,4552,228,319,0,0,0,
prim_batch_16,SYO/SYO226^5.p,TH0,Theorem,timeout,na,2003,121,1,121,10,16,0,4,0,
prim_batch_16,SYO/SYO227^5.p,TH0,Theorem,timeout,na,2082,3777,85,3777,466,1,0,2,0,
prim_batch_16,SYO/SYO228^5.p,TH0,Theorem,timeout,na,2334,5559,35,5559,189,544,0,0,0,
prim_batch_16,SYO/SYO229^5.p,TH0,Theorem,timeout,na,2005,161,10,161,10,1,0,4,0,
prim_batch_16,SYO/SYO230^5.p,TH0,Theorem,timeout,na,2006,121,5,121,9,1,0,5,0,
prim_batch_16,SYO/SYO231^5.p,TH0,Theorem,timeout,na,2214,5280,19,5280,736,305,0,4,0,
prim_batch_16,SYO/SYO232^5.p,TH0,Theorem,thm,yes,12,11,0,11,2,1,0,1,1,
prim_batch_16,SYO/SYO233^5.p,TH0,Theorem,timeout,na,2003,97,5,97,5,2,0,4,0,
prim_batch_16,SYO/SYO234^5.p,TH0,Theorem,timeout,na,2005,119,4,119,9,1,0,4,0,
prim_batch_16,SYO/SYO235^5.p,TH0,Theorem,thm,yes,32,56,0,56,4,12,0,0,0,
prim_batch_16,SYO/SYO236^5.p,TH0,Theorem,timeout,na,2093,3042,63,3042,503,43,0,1,0,
prim_batch_16,SYO/SYO237^5.p,TH0,Theorem,timeout,na,2044,1849,63,1849,188,9,0,4,0,
prim_batch_16,SYO/SYO238^5.p,TH0,Theorem,timeout,na,2005,95,6,95,5,3,0,3,0,
prim_batch_16,SYO/SYO239^5.p,TH0,Theorem,timeout,na,2052,1789,110,1789,256,11,0,4,0,
prim_batch_16,SYO/SYO240^5.p,TH0,Unknown,timeout,na,2026,415,20,415,29,7,0,2,0,
prim_batch_16,SYO/SYO241^5.p,TH0,Theorem,timeout,na,2058,1470,72,1470,241,6,0,1,0,
prim_batch_16,SYO/SYO242^5.p,TH0,CounterSatisfiable,timeout,na,2025,1200,69,1200,66,4,0,2,0,
prim_batch_16,SYO/SYO243^5.p,TH0,Theorem,timeout,na,2065,2469,68,2469,261,15,0,3,0,
prim_batch_16,SYO/SYO244^5.p,TH0,Theorem,timeout,na,2040,470,7,470,45,25,0,2,0,
prim_batch_16,SYO/SYO245^5.p,TH0,ContradictoryAxioms,timeout,na,2167,2196,44,2196,660,49,0,2,0,
prim_batch_16,SYO/SYO246^5.p,TH0,Theorem,timeout,na,2027,193,6,193,14,12,0,1,0,
prim_batch_16,SYO/SYO247^5.p,TH0,CounterSatisfiable,timeout,na,2041,627,29,627,72,48,0,0,0,
prim_batch_16,SYO/SYO248^5.p,TH0,Theorem,timeout,na,2237,6485,0,6485,232,376,0,0,0,
prim_batch_16,SYO/SYO249^5.p,TH0,Theorem,timeout,na,2213,1988,5,1988,197,0,0,0,0,
prim_batch_16,SYO/SYO250^5.p,TH0,Theorem,timeout,na,2114,2,0,2,1,0,0,0,0,
prim_batch_16,SYO/SYO252^5.p,TH0,Theorem,thm,yes,3,3,0,3,1,1,0,0,0,
prim_batch_16,SYO/SYO253^5.p,TH0,Theorem,thm,yes,4,2,0,2,1,1,0,0,0,
prim_batch_16,SYO/SYO255^5.p,TH0,Theorem,timeout,na,2056,1551,40,1551,159,53,0,3,0,
prim_batch_16,SYO/SYO256^5.p,TH0,Theorem,thm,yes,54,85,0,81,6,18,0,0,0,
prim_batch_16,SYO/SYO257^5.p,TH0,Theorem,thm,yes,23,9,0,9,1,0,0,1,1,
prim_batch_16,SYO/SYO258^5.p,TH0,Theorem,thm,yes,259,52,3,52,3,2,0,2,1,
prim_batch_16,SYO/SYO259^5.p,TH0,Theorem,thm,yes,164,43,0,43,5,2,0,1,1,
prim_batch_16,SYO/SYO260^5.p,TH0,Theorem,thm,yes,301,68,0,68,5,7,0,1,1,
prim_batch_16,SYO/SYO261^5.p,TH0,Theorem,timeout,na,2043,2828,125,2828,265,8,0,3,0,
prim_batch_16,SYO/SYO262^5.p,TH0,Theorem,thm,yes,122,7,0,7,1,0,0,1,1,
prim_batch_16,SYO/SYO263^5.p,TH0,Theorem,timeout,na,2024,697,14,697,139,41,0,0,0,
prim_batch_16,SYO/SYO264^5.p,TH0,Theorem,timeout,na,2045,818,15,818,173,24,0,0,0,
prim_batch_16,SYO/SYO265^5.p,TH0,Theorem,thm,yes,56,69,1,69,5,6,0,3,1,
prim_batch_16,SYO/SYO266^5.p,TH0,Theorem,timeout,na,2061,1682,105,1682,356,17,0,1,0,
prim_batch_16,SYO/SYO267^5.p,TH0,Theorem,thm,yes,61,12,0,12,2,0,0,1,1,
prim_batch_16,SYO/SYO268^5.p,TH0,Theorem,thm,yes,88,54,1,54,3,2,0,1,1,
prim_batch_16,SYO/SYO269^5.p,TH0,Theorem,timeout,na,2022,322,19,322,17,0,0,0,0,
prim_batch_16,SYO/SYO270^5.p,TH0,Theorem,thm,yes,136,21,2,21,1,0,0,1,1,
prim_batch_16,SYO/SYO271^5.p,TH0,Theorem,timeout,na,2007,212,5,212,13,21,0,4,0,
prim_batch_16,SYO/SYO272^5.p,TH0,Theorem,timeout,na,2057,1765,56,1765,211,18,0,5,0,
prim_batch_16,SYO/SYO274^5.p,TH0,Theorem,timeout,na,2075,2266,56,2266,425,0,0,2,0,
prim_batch_16,SYO/SYO275^5.p,TH0,Theorem,timeout,na,2047,1582,79,1582,163,14,0,4,0,
prim_batch_16,SYO/SYO276^5.p,TH0,Theorem,timeout,na,2007,51,3,51,3,0,0,3,0,
prim_batch_16,SYO/SYO277^5.p,TH0,Theorem,timeout,na,2004,35,1,35,4,1,0,2,0,
prim_batch_16,SYO/SYO278^5.p,TH0,CounterSatisfiable,timeout,na,2003,210,20,210,1,0,0,0,0,
prim_batch_16,SYO/SYO279^5.p,TH0,CounterSatisfiable,csa,yes,5,3,0,3,1,0,1,0,0,¬(cReduct (cAPP (cLAM (λ. C[12B9LN] 1)) C[U2K0G]) (C[12B9LN] C[U2K0G]))
prim_batch_16,SYO/SYO280^5.p,TH0,CounterSatisfiable,timeout,na,2051,1899,120,1899,220,17,0,5,0,
prim_batch_16,SYO/SYO281^5.p,TH0,Theorem,thm,yes,53,7,0,7,1,0,0,1,1,
prim_batch_16,SYO/SYO282^5.p,TH0,Theorem,thm,yes,6,6,0,6,1,0,0,1,1,
prim_batch_16,SYO/SYO284^5.p,TH0,CounterSatisfiable,timeout,na,2004,1409,185,1409,1,0,0,0,0,
prim_batch_16,SYO/SYO285^5.p,TH0,Theorem,thm,yes,4,3,0,3,1,0,0,1,1,
prim_batch_16,SYO/SYO286^5.p,TH0,Theorem,thm,yes,7,8,0,8,1,0,0,1,1,
prim_batch_16,SYO/SYO287^5.p,TH0,Theorem,timeout,na,2075,658,13,658,400,4,0,1,0,
prim_batch_16,SYO/SYO288^5.p,TH0,Theorem,timeout,na,2132,1680,60,1680,824,1,0,4,0,
prim_batch_16,SYO/SYO289^5.p,TH0,Theorem,thm,yes,8,5,0,5,1,0,0,1,1,
prim_batch_16,SYO/SYO290^5.p,TH0,Theorem,thm,yes,4,1,0,1,1,1,0,0,0,
prim_batch_16,SYO/SYO291^5.p,TH0,Theorem,thm,yes,5,3,0,3,1,0,0,1,1,
prim_batch_16,SYO/SYO292^5.p,TH0,Theorem,thm,yes,125,12,0,12,2,0,0,2,1,
prim_batch_16,SYO/SYO293^5.p,TH0,Theorem,thm,yes,14,5,0,5,1,0,0,1,1,
prim_batch_16,SYO/SYO294^5.p,TH0,CounterSatisfiable,timeout,na,2027,286,0,286,88,4,0,4,0,
prim_batch_16,SYO/SYO295^5.p,TH0,Theorem,timeout,na,2055,3036,159,3036,231,23,0,2,0,
prim_batch_16,SYO/SYO296^5.p,TH0,Theorem,thm,yes,239,42,1,42,5,3,0,2,1,
prim_batch_16,SYO/SYO297^5.p,TH0,CounterSatisfiable,timeout,na,2123,5422,24,5422,501,786,0,6,0,
prim_batch_16,SYO/SYO298^5.p,TH0,Theorem,thm,yes,103,12,0,12,2,0,0,1,1,
prim_batch_16,SYO/SYO299^5.p,TH0,Theorem,thm,yes,46,31,0,31,4,4,0,0,0,
prim_batch_16,SYO/SYO300^5.p,TH0,Theorem,thm,yes,21,6,0,6,1,0,0,1,1,
prim_batch_16,SYO/SYO301^5.p,TH0,Theorem,timeout,na,2099,2187,21,2187,277,126,0,1,0,
prim_batch_16,SYO/SYO302^5.p,TH0,CounterSatisfiable,timeout,na,2079,1568,9,1568,657,0,0,3,0,
prim_batch_16,SYO/SYO303^5.p,TH0,Theorem,timeout,na,2109,2473,4,2473,436,8,0,1,0,
prim_batch_16,SYO/SYO304^5.p,TH0,Theorem,unk,na,11,4,0,4,1,0,0,0,0,
prim_batch_16,SYO/SYO305^5.p,TH0,Theorem,thm,yes,17,17,0,17,3,0,0,1,1,
prim_batch_16,SYO/SYO306^5.p,TH0,Theorem,thm,yes,5,1,0,1,1,1,0,0,0,
prim_batch_16,SYO/SYO307^5.p,TH0,Theorem,timeout,na,2005,112,3,112,9,7,0,2,0,
prim_batch_16,SYO/SYO308^5.p,TH0,Theorem,thm,yes,22,29,0,29,4,2,0,1,1,
prim_batch_16,SYO/SYO309^5.p,TH0,Theorem,timeout,na,2052,1290,80,1290,277,3,0,4,0,
prim_batch_16,SYO/SYO310^5.p,TH0,Theorem,thm,yes,19,10,0,10,2,2,0,0,0,
prim_batch_16,SYO/SYO311^5.p,TH0,Theorem,thm,yes,17,7,0,7,2,2,0,0,0,
prim_batch_16,SYO/SYO312^5.p,TH0,Theorem,timeout,na,2020,1165,76,1165,58,8,0,2,0,
prim_batch_16,SYO/SYO313^5.p,TH0,CounterSatisfiable,timeout,na,2181,6201,76,6202,937,300,0,1,0,
prim_batch_16,SYO/SYO314^5.p,TH0,Theorem,thm,yes,11,1,0,1,1,1,0,0,0,
prim_batch_16,SYO/SYO315^5.p,TH0,Theorem,thm,yes,9,1,0,1,1,1,0,0,0,
prim_batch_16,SYO/SYO316^5.p,TH0,CounterSatisfiable,timeout,na,2040,1758,41,1758,218,0,0,1,0,
prim_batch_16,SYO/SYO317^5.p,TH0,Theorem,timeout,na,2062,2902,139,2902,196,20,0,2,0,
prim_batch_16,SYO/SYO318^5.p,TH0,CounterSatisfiable,timeout,na,2030,717,9,717,64,47,0,1,0,
prim_batch_16,SYO/SYO323^5.p,TH0,CounterSatisfiable,csa,yes,28,8,0,8,2,0,1,0,0,cHALF C[QA8RS] C[1KHORO]  ¬(cHALF (cS (cS C[QA8RS])) (cS C[1KHORO]))
prim_batch_16,SYO/SYO324^5.p,TH0,Theorem,timeout,na,2032,763,52,763,38,2,0,2,0,
prim_batch_16,SYO/SYO325^5.p,TH0,Theorem,timeout,na,2037,587,27,587,33,20,0,2,0,
prim_batch_16,SYO/SYO326^5.p,TH0,Theorem,timeout,na,2018,233,9,233,19,0,0,1,0,
prim_batch_16,SYO/SYO327^5.p,TH0,Theorem,timeout,na,2038,1247,90,1247,51,0,0,4,0,
prim_batch_16,SYO/SYO328^5.p,TH0,CounterSatisfiable,timeout,na,2011,6,0,6,3,0,0,0,0,
prim_batch_16,SYO/SYO329^5.p,TH0,Theorem,timeout,na,2064,1587,41,1587,289,0,0,4,0,
prim_batch_16,SYO/SYO330^5.p,TH0,Theorem,timeout,na,2027,1194,78,1194,50,32,0,3,0,
prim_batch_16,SYO/SYO331^5.p,TH0,Theorem,timeout,na,2033,968,36,968,101,8,0,1,0,
prim_batch_16,SYO/SYO332^5.p,TH0,Theorem,timeout,na,2024,1322,110,1322,35,5,0,1,0,
prim_batch_16,SYO/SYO333^5.p,TH0,CounterSatisfiable,timeout,na,2034,1193,67,1193,98,0,0,1,0,
prim_batch_16,SYO/SYO334^5.p,TH0,Theorem,timeout,na,2084,2230,49,2230,339,0,0,2,0,
prim_batch_16,SYO/SYO335^5.p,TH0,Theorem,timeout,na,2073,1585,25,1585,342,0,0,5,0,
prim_batch_16,SYO/SYO336^5.p,TH0,Unknown,timeout,na,2025,351,27,351,17,0,0,4,0,
prim_batch_16,SYO/SYO337^5.p,TH0,Theorem,timeout,na,2030,397,22,397,30,3,0,2,0,
prim_batch_16,SYO/SYO338^5.p,TH0,Theorem,timeout,na,2037,1658,139,1658,58,0,0,1,0,
prim_batch_16,SYO/SYO339^5.p,TH0,CounterSatisfiable,timeout,na,2087,1299,32,1299,159,60,0,0,0,
prim_batch_16,SYO/SYO340^5.p,TH0,CounterSatisfiable,timeout,na,2044,424,11,424,57,6,0,1,0,
prim_batch_16,SYO/SYO341^5.p,TH0,CounterSatisfiable,timeout,na,2046,500,10,500,78,10,0,0,0,
prim_batch_16,SYO/SYO344^5.p,TH0,Theorem,thm,yes,6,3,0,3,1,1,0,0,0,
prim_batch_16,SYO/SYO345^5.p,TH0,Theorem,thm,yes,21,33,0,29,5,10,0,0,0,
prim_batch_16,SYO/SYO346^5.p,TH0,Theorem,thm,yes,5,4,0,4,1,1,0,0,0,
prim_batch_16,SYO/SYO347^5.p,TH0,Theorem,thm,yes,7,3,0,3,1,1,0,0,0,
prim_batch_16,SYO/SYO348^5.p,TH0,Theorem,thm,yes,12,24,0,20,3,6,0,0,0,
prim_batch_16,SYO/SYO349^5.p,TH0,Theorem,thm,yes,9,12,0,10,2,3,0,0,0,
prim_batch_16,SYO/SYO350^5.p,TH0,Theorem,timeout,na,2049,1798,26,1798,252,29,0,3,0,
prim_batch_16,SYO/SYO351^5.p,TH0,Theorem,thm,yes,12,13,0,13,2,1,0,1,1,
prim_batch_16,SYO/SYO352^5.p,TH0,Theorem,timeout,na,2150,1988,36,1988,398,0,0,4,0,
prim_batch_16,SYO/SYO353^5.p,TH0,Theorem,thm,yes,28,12,0,12,2,0,0,1,1,
prim_batch_16,SYO/SYO354^5.p,TH0,Theorem,timeout,na,2063,2175,58,2175,382,0,0,4,0,
prim_batch_16,SYO/SYO355^5.p,TH0,Theorem,timeout,na,2004,94,5,94,5,3,0,4,0,
prim_batch_16,SYO/SYO356^5.p,TH0,Theorem,timeout,na,2084,1959,8,1959,396,8,0,4,0,
prim_batch_16,SYO/SYO357^5.p,TH0,Theorem,thm,yes,6,1,0,1,1,1,0,0,0,
prim_batch_16,SYO/SYO358^5.p,TH0,Theorem,thm,yes,5,1,0,1,1,1,0,0,0,
prim_batch_16,SYO/SYO359^5.p,TH0,Theorem,timeout,na,2064,4219,170,4219,402,2,0,3,0,
prim_batch_16,SYO/SYO360^5.p,TH0,Theorem,timeout,na,2053,2198,55,2198,235,5,0,4,0,
prim_batch_16,SYO/SYO361^5.p,TH0,Theorem,timeout,na,2004,127,1,127,8,15,0,4,0,
prim_batch_16,SYO/SYO362^5.p,TH0,Theorem,timeout,na,2043,1885,68,1885,151,58,0,2,0,
prim_batch_16,SYO/SYO363^5.p,TH0,Theorem,timeout,na,2036,985,15,985,130,3,0,2,0,
prim_batch_16,SYO/SYO364^5.p,TH0,Theorem,timeout,na,2045,895,11,895,204,0,0,2,0,
prim_batch_16,SYO/SYO365^5.p,TH0,Theorem,parser_error,na,0,,,,,,,,,cached: Failed to parse formula 'cEXT2_def': [byte:1966] Type Error: Cannot unify strict function types of different arities.
prim_batch_16,SYO/SYO366^5.p,TH0,Theorem,thm,yes,3,1,0,1,1,1,0,0,0,
prim_batch_16,SYO/SYO367^5.p,TH0,Theorem,parser_error,na,0,,,,,,,,,cached: Failed to parse formula 'cEXT2': [byte:1793] Type Error: Cannot unify strict function types of different arities.
prim_batch_16,SYO/SYO368^5.p,TH0,Theorem,thm,yes,17,27,0,23,3,7,0,0,0,
prim_batch_16,SYO/SYO369^5.p,TH0,Theorem,thm,yes,3,1,0,1,1,1,0,0,0,
prim_batch_16,SYO/SYO370^5.p,TH0,Theorem,timeout,na,2067,3304,59,3304,263,257,0,0,0,
prim_batch_16,SYO/SYO371^5.p,TH0,Theorem,thm,yes,8,17,0,17,3,5,0,0,0,
prim_batch_16,SYO/SYO372^5.p,TH0,Theorem,timeout,na,2055,3044,57,3044,279,255,0,0,0,
prim_batch_16,SYO/SYO373^5.p,TH0,Theorem,timeout,na,2054,3034,57,3034,257,255,0,0,0,
prim_batch_16,SYO/SYO374^5.p,TH0,Theorem,timeout,na,2005,73,2,73,5,3,0,2,0,
prim_batch_16,SYO/SYO375^5.p,TH0,Theorem,thm,yes,4,3,0,3,1,1,0,0,0,
prim_batch_16,SYO/SYO376^5.p,TH0,Theorem,thm,yes,880,2544,3,2489,282,483,0,0,0,
prim_batch_16,SYO/SYO377^5.p,TH0,Theorem,thm,yes,33,67,0,58,5,13,0,0,0,
prim_batch_16,SYO/SYO378^5.p,TH0,Theorem,timeout,na,2047,782,22,782,83,13,0,2,0,
prim_batch_16,SYO/SYO379^5.p,TH0,Theorem,timeout,na,2126,3384,52,3384,420,83,0,4,0,
prim_batch_16,SYO/SYO380^5.p,TH0,Theorem,thm,yes,8,5,0,5,1,0,0,1,1,
prim_batch_16,SYO/SYO381^5.p,TH0,Theorem,thm,yes,15,14,0,14,2,0,0,1,1,
prim_batch_16,SYO/SYO382^5.p,TH0,Theorem,thm,yes,14,1,0,1,1,1,0,0,0,
prim_batch_16,SYO/SYO383^5.p,TH0,Theorem,timeout,na,2193,4088,124,4088,205,33,0,0,0,
prim_batch_16,SYO/SYO384^5.p,TH0,Theorem,thm,yes,27,1,0,1,1,1,0,0,0,
prim_batch_16,SYO/SYO385^5.p,TH0,Theorem,timeout,na,2461,5742,21,5742,208,0,0,0,0,
prim_batch_16,SYO/SYO386^5.p,TH0,Theorem,timeout,na,2385,3809,18,3809,208,0,0,0,0,
prim_batch_16,SYO/SYO387^5.p,TH0,Theorem,timeout,na,2055,156,12,156,8,0,0,0,0,
prim_batch_16,SYO/SYO388^5.p,TH0,Theorem,timeout,na,2085,13,1,13,1,0,0,0,0,
prim_batch_16,SYO/SYO389^5.p,TH0,Theorem,thm,yes,2,1,0,1,1,1,0,0,0,
prim_batch_16,SYO/SYO390^5.p,TH0,Theorem,thm,yes,16,25,0,25,3,5,0,0,0,
prim_batch_16,SYO/SYO391^5.p,TH0,Theorem,timeout,na,2103,9,0,9,1,0,0,0,0,
prim_batch_16,SYO/SYO392^1.p,TH0,Theorem,timeout,na,2251,6224,94,6224,272,169,0,0,0,
prim_batch_16,SYO/SYO393^1.p,TH0,Theorem,timeout,na,2185,4926,118,4926,266,167,0,0,0,
prim_batch_16,SYO/SYO394^1.p,TH0,Theorem,timeout,na,2158,4303,116,4303,413,290,0,1,0,
prim_batch_16,SYO/SYO395^1.p,TH0,Theorem,timeout,na,2213,5996,120,5996,213,342,0,0,0,
prim_batch_16,SYO/SYO396^1.p,TH0,Theorem,timeout,na,2186,4991,60,4991,206,325,0,0,0,
prim_batch_16,SYO/SYO397^1.p,TH0,Theorem,timeout,na,2272,6288,120,6289,871,363,0,1,0,
prim_batch_16,SYO/SYO398^1.p,TH0,Theorem,thm,yes,99,49,1,49,5,0,0,1,1,
prim_batch_16,SYO/SYO399^1.p,TH0,Theorem,timeout,na,2197,4499,56,4499,258,200,0,0,0,
prim_batch_16,SYO/SYO400^1.p,TH0,Theorem,timeout,na,2118,2776,25,2776,198,141,0,0,0,
prim_batch_16,SYO/SYO401^1.p,TH0,Theorem,timeout,na,2267,6672,50,6672,270,324,0,0,0,
prim_batch_16,SYO/SYO402^1.p,TH0,Theorem,timeout,na,2205,4279,13,4279,264,222,0,0,0,
prim_batch_16,SYO/SYO403^1.p,TH0,Theorem,timeout,na,2179,4099,15,4099,294,203,0,0,0,
prim_batch_16,SYO/SYO404^1.p,TH0,Theorem,timeout,na,2232,6191,64,6191,301,172,0,0,0,
prim_batch_16,SYO/SYO405^1.p,TH0,Theorem,timeout,na,2223,6192,154,6192,277,144,0,0,0,
prim_batch_16,SYO/SYO406^1.p,TH0,Theorem,timeout,na,2206,5781,98,5781,270,164,0,0,0,
prim_batch_16,SYO/SYO407^1.p,TH0,Theorem,timeout,na,2169,4138,103,4138,327,62,0,0,0,
prim_batch_16,SYO/SYO408^1.p,TH0,Theorem,timeout,na,2215,5247,21,5247,294,229,0,0,0,
prim_batch_16,SYO/SYO409^1.p,TH0,Theorem,timeout,na,2244,5494,6,5494,264,166,0,0,0,
prim_batch_16,SYO/SYO410^1.p,TH0,Theorem,timeout,na,2235,6366,97,6366,248,334,0,0,0,
prim_batch_16,SYO/SYO411^1.p,TH0,Theorem,timeout,na,2202,5721,155,5721,292,161,0,0,0,
prim_batch_16,SYO/SYO412^1.p,TH0,Theorem,timeout,na,2289,8138,89,8138,277,245,0,0,0,
prim_batch_16,SYO/SYO413^1.p,TH0,Theorem,timeout,na,2180,5358,135,5358,247,321,0,0,0,
prim_batch_16,SYO/SYO414^1.p,TH0,Theorem,timeout,na,2206,4623,43,4623,298,115,0,0,0,
prim_batch_16,SYO/SYO415^1.p,TH0,Theorem,timeout,na,2185,5093,110,5093,258,143,0,0,0,
prim_batch_16,SYO/SYO416^1.p,TH0,Theorem,timeout,na,2204,4808,79,4808,246,83,0,0,0,
prim_batch_16,SYO/SYO417^1.p,TH0,Theorem,timeout,na,2345,8157,124,8157,281,224,0,0,0,
prim_batch_16,SYO/SYO418^1.p,TH0,Theorem,timeout,na,2144,3362,120,3362,369,164,0,2,0,
prim_batch_16,SYO/SYO419^1.p,TH0,Theorem,timeout,na,2065,868,14,868,68,82,0,2,0,
prim_batch_16,SYO/SYO420^1.p,TH0,Theorem,timeout,na,2205,5109,58,5109,277,228,0,0,0,
prim_batch_16,SYO/SYO421^1.p,TH0,Theorem,timeout,na,2088,2241,59,2241,170,194,0,2,0,
prim_batch_16,SYO/SYO422^1.p,TH0,Theorem,timeout,na,2085,1455,29,1455,129,105,0,2,0,
prim_batch_16,SYO/SYO423^1.p,TH0,Theorem,timeout,na,2251,6467,85,6467,269,175,0,0,0,
prim_batch_16,SYO/SYO424^1.p,TH0,Theorem,timeout,na,2194,4653,77,4653,274,152,0,0,0,
prim_batch_16,SYO/SYO425^1.p,TH0,Theorem,timeout,na,2218,5734,133,5734,741,188,0,1,0,
prim_batch_16,SYO/SYO426^1.p,TH0,Theorem,timeout,na,2206,5893,143,5893,245,200,0,0,0,
prim_batch_16,SYO/SYO427^1.p,TH0,Theorem,timeout,na,2150,3766,78,3766,237,140,0,0,0,
prim_batch_16,SYO/SYO428^1.p,TH0,Theorem,timeout,na,2166,4031,52,4031,266,104,0,0,0,
prim_batch_16,SYO/SYO429^1.p,TH0,Theorem,timeout,na,2212,5833,94,5833,226,85,0,0,0,
prim_batch_16,SYO/SYO430^1.p,TH0,Theorem,timeout,na,2323,7760,135,7760,229,103,0,0,0,
prim_batch_16,SYO/SYO431^1.p,TH0,Theorem,timeout,na,2224,5841,97,5841,229,114,0,0,0,
prim_batch_16,SYO/SYO432^1.p,TH0,Theorem,timeout,na,2171,3972,51,3973,239,53,0,0,0,
prim_batch_16,SYO/SYO433^1.p,TH0,Theorem,timeout,na,2187,4239,86,4239,231,58,0,0,0,
prim_batch_16,SYO/SYO434^1.p,TH0,Theorem,timeout,na,2189,4493,81,4493,204,120,0,0,0,
prim_batch_16,SYO/SYO435^1.p,TH0,Theorem,timeout,na,2190,4281,88,4281,226,39,0,0,0,
prim_batch_16,SYO/SYO436^1.p,TH0,Theorem,timeout,na,2140,3760,72,3760,221,82,0,0,0,
prim_batch_16,SYO/SYO437^1.p,TH0,Theorem,timeout,na,2136,3265,77,3265,267,56,0,0,0,
prim_batch_16,SYO/SYO438^1.p,TH0,Theorem,timeout,na,2158,3990,110,3990,233,41,0,0,0,
prim_batch_16,SYO/SYO439^1.p,TH0,Theorem,timeout,na,2165,4172,98,4172,213,65,0,0,0,
prim_batch_16,SYO/SYO440^1.p,TH0,Theorem,timeout,na,2169,4273,114,4273,225,65,0,0,0,
prim_batch_16,SYO/SYO441^1.p,TH0,Theorem,timeout,na,2196,5700,193,5700,210,101,0,0,0,
prim_batch_16,SYO/SYO442^1.p,TH0,Theorem,timeout,na,2218,5843,152,5843,218,86,0,0,0,
prim_batch_16,SYO/SYO443^1.p,TH0,Theorem,timeout,na,2224,6132,124,6132,223,93,0,0,0,
prim_batch_16,SYO/SYO444^1.p,TH0,Theorem,timeout,na,2223,5721,133,5721,236,107,0,0,0,
prim_batch_16,SYO/SYO445^1.p,TH0,Theorem,timeout,na,2216,4624,98,4624,204,76,0,0,0,
prim_batch_16,SYO/SYO446^1.p,TH0,Theorem,timeout,na,2216,4845,99,4845,219,65,0,0,0,
prim_batch_16,SYO/SYO447^1.p,TH0,Theorem,timeout,na,2331,6872,107,6872,195,73,0,0,0,
prim_batch_16,SYO/SYO448^1.p,TH0,Theorem,timeout,na,2215,5636,124,5636,216,67,0,0,0,
prim_batch_16,SYO/SYO449^1.p,TH0,Theorem,timeout,na,2219,5354,127,5354,214,47,0,0,0,
prim_batch_16,SYO/SYO450^1.p,TH0,CounterSatisfiable,timeout,na,2209,5215,56,5215,299,146,0,0,0,
prim_batch_16,SYO/SYO450^2.p,TH0,CounterSatisfiable,timeout,na,2158,3761,36,3761,265,177,0,0,0,
prim_batch_16,SYO/SYO450^3.p,TH0,Theorem,timeout,na,2197,4414,35,4414,279,115,0,0,0,
prim_batch_16,SYO/SYO450^4.p,TH0,Theorem,timeout,na,2306,8077,103,8077,264,166,0,0,0,
prim_batch_16,SYO/SYO450^5.p,TH0,Theorem,timeout,na,2185,4373,72,4373,257,94,0,0,0,
prim_batch_16,SYO/SYO450^6.p,TH0,Theorem,timeout,na,2220,5073,42,5073,232,96,0,0,0,
prim_batch_16,SYO/SYO451^1.p,TH0,CounterSatisfiable,timeout,na,2217,5673,56,5673,258,184,0,0,0,
prim_batch_16,SYO/SYO451^2.p,TH0,CounterSatisfiable,timeout,na,2193,4923,66,4923,271,144,0,0,0,
prim_batch_16,SYO/SYO451^3.p,TH0,CounterSatisfiable,timeout,na,2276,7960,145,7960,261,179,0,0,0,
prim_batch_16,SYO/SYO451^4.p,TH0,CounterSatisfiable,timeout,na,2213,5774,80,5774,239,105,0,0,0,
prim_batch_16,SYO/SYO451^5.p,TH0,Theorem,timeout,na,2152,3824,96,3824,200,103,0,0,0,
prim_batch_16,SYO/SYO451^6.p,TH0,Theorem,timeout,na,2221,5538,96,5538,232,116,0,0,0,
prim_batch_16,SYO/SYO452^1.p,TH0,CounterSatisfiable,timeout,na,2197,4905,99,4905,280,132,0,0,0,
prim_batch_16,SYO/SYO452^2.p,TH0,CounterSatisfiable,timeout,na,2193,5072,127,5072,277,95,0,0,0,
prim_batch_16,SYO/SYO452^3.p,TH0,CounterSatisfiable,timeout,na,2174,4401,120,4401,268,85,0,0,0,
prim_batch_16,SYO/SYO452^4.p,TH0,CounterSatisfiable,timeout,na,2200,5502,96,5502,234,127,0,0,0,
prim_batch_16,SYO/SYO452^5.p,TH0,CounterSatisfiable,timeout,na,2165,3900,112,3900,233,56,0,0,0,
prim_batch_16,SYO/SYO452^6.p,TH0,CounterSatisfiable,timeout,na,2219,5176,112,5176,238,81,0,0,0,
prim_batch_16,SYO/SYO453^1.p,TH0,CounterSatisfiable,timeout,na,2130,3374,70,3374,276,106,0,0,0,
prim_batch_16,SYO/SYO453^2.p,TH0,CounterSatisfiable,timeout,na,2176,3668,79,3668,298,89,0,0,0,
prim_batch_16,SYO/SYO453^3.p,TH0,CounterSatisfiable,timeout,na,2190,4706,68,4706,271,126,0,0,0,
prim_batch_16,SYO/SYO453^4.p,TH0,CounterSatisfiable,timeout,na,2323,7344,60,7344,214,140,0,0,0,
prim_batch_16,SYO/SYO453^5.p,TH0,CounterSatisfiable,timeout,na,2173,4420,91,4420,236,115,0,0,0,
prim_batch_16,SYO/SYO453^6.p,TH0,CounterSatisfiable,timeout,na,2237,5308,92,5308,207,131,0,0,0,
prim_batch_16,SYO/SYO454^1.p,TH0,CounterSatisfiable,timeout,na,2163,4452,67,4452,275,155,0,0,0,
prim_batch_16,SYO/SYO454^2.p,TH0,CounterSatisfiable,timeout,na,2243,6332,76,6332,286,159,0,0,0,
prim_batch_16,SYO/SYO454^3.p,TH0,CounterSatisfiable,timeout,na,2215,5447,94,5447,254,167,0,0,0,
prim_batch_16,SYO/SYO454^4.p,TH0,CounterSatisfiable,timeout,na,2225,5890,70,5890,251,125,0,0,0,
prim_batch_16,SYO/SYO454^5.p,TH0,CounterSatisfiable,timeout,na,2193,5085,96,5085,254,113,0,0,0,
prim_batch_16,SYO/SYO454^6.p,TH0,Theorem,timeout,na,2152,3871,127,3871,222,66,0,0,0,
prim_batch_16,SYO/SYO455^1.p,TH0,CounterSatisfiable,timeout,na,2250,6790,122,6790,263,225,0,0,0,
prim_batch_16,SYO/SYO455^2.p,TH0,Theorem,timeout,na,2243,6648,106,6648,256,176,0,0,0,
prim_batch_16,SYO/SYO455^3.p,TH0,Theorem,timeout,na,2227,5968,70,5968,263,166,0,0,0,
prim_batch_16,SYO/SYO455^4.p,TH0,Theorem,timeout,na,2179,4567,98,4567,249,99,0,0,0,
prim_batch_16,SYO/SYO455^5.p,TH0,Theorem,timeout,na,2173,3890,59,3890,247,91,0,0,0,
prim_batch_16,SYO/SYO455^6.p,TH0,Theorem,timeout,na,2209,5332,128,5332,221,79,0,0,0,
prim_batch_16,SYO/SYO456^1.p,TH0,CounterSatisfiable,timeout,na,2236,6192,121,6192,258,113,0,0,0,
prim_batch_16,SYO/SYO456^2.p,TH0,CounterSatisfiable,timeout,na,2167,4143,78,4143,255,45,0,0,0,
prim_batch_16,SYO/SYO456^3.p,TH0,CounterSatisfiable,timeout,na,2300,7789,125,7789,232,156,0,0,0,
prim_batch_16,SYO/SYO456^4.p,TH0,Theorem,timeout,na,2181,4022,56,4022,224,74,0,0,0,
prim_batch_16,SYO/SYO456^6.p,TH0,Theorem,timeout,na,2254,6732,150,6732,207,72,0,0,0,
prim_batch_16,SYO/SYO457^1.p,TH0,CounterSatisfiable,timeout,na,2249,6357,95,6357,252,325,0,0,0,
prim_batch_16,SYO/SYO457^2.p,TH0,CounterSatisfiable,timeout,na,2339,8083,95,8083,278,277,0,0,0,
prim_batch_16,SYO/SYO457^3.p,TH0,Theorem,timeout,na,2198,5556,125,5556,246,217,0,0,0,
prim_batch_16,SYO/SYO457^4.p,TH0,Theorem,timeout,na,2249,7586,144,7586,243,123,0,0,0,
prim_batch_16,SYO/SYO457^5.p,TH0,Theorem,timeout,na,2190,4429,75,4429,255,84,0,0,0,
prim_batch_16,SYO/SYO457^6.p,TH0,Theorem,timeout,na,2253,6713,118,6713,204,107,0,0,0,
prim_batch_16,SYO/SYO458^2.p,TH0,Theorem,timeout,na,2147,3178,11,3178,249,145,0,0,0,
prim_batch_16,SYO/SYO458^3.p,TH0,Theorem,timeout,na,2151,3473,28,3473,247,122,0,0,0,
prim_batch_16,SYO/SYO458^4.p,TH0,Theorem,timeout,na,2234,5811,41,5811,256,162,0,0,0,
prim_batch_16,SYO/SYO458^5.p,TH0,Theorem,timeout,na,2179,4321,52,4321,249,105,0,0,0,
prim_batch_16,SYO/SYO458^6.p,TH0,Theorem,timeout,na,2210,5508,114,5508,216,69,0,0,0,
prim_batch_16,SYO/SYO459^1.p,TH0,CounterSatisfiable,timeout,na,2229,6250,113,6250,246,181,0,0,0,
prim_batch_16,SYO/SYO459^2.p,TH0,CounterSatisfiable,timeout,na,2204,5278,116,5278,249,94,0,0,0,
prim_batch_16,SYO/SYO459^3.p,TH0,CounterSatisfiable,timeout,na,2164,3637,61,3637,241,94,0,0,0,
prim_batch_16,SYO/SYO459^4.p,TH0,Theorem,timeout,na,2228,5870,88,5870,222,100,0,0,0,
prim_batch_16,SYO/SYO459^6.p,TH0,Theorem,timeout,na,2247,6528,136,6528,236,92,0,0,0,
prim_batch_16,SYO/SYO460^1.p,TH0,Theorem,timeout,na,2171,4404,80,4404,260,185,0,0,0,
prim_batch_16,SYO/SYO460^2.p,TH0,Theorem,timeout,na,2236,5615,80,5616,265,248,0,0,0,
prim_batch_16,SYO/SYO460^3.p,TH0,Theorem,timeout,na,2230,6044,99,6044,282,193,0,0,0,
prim_batch_16,SYO/SYO460^4.p,TH0,Theorem,timeout,na,2213,5524,91,5524,248,153,0,0,0,
prim_batch_16,SYO/SYO460^5.p,TH0,Theorem,timeout,na,2199,4880,83,4880,266,119,0,0,0,
prim_batch_16,SYO/SYO460^6.p,TH0,Theorem,timeout,na,2187,4624,119,4624,221,132,0,0,0,
prim_batch_16,SYO/SYO461^1.p,TH0,CounterSatisfiable,timeout,na,2254,8250,122,8250,231,660,0,0,0,
prim_batch_16,SYO/SYO461^2.p,TH0,CounterSatisfiable,timeout,na,2211,6350,68,6350,222,502,0,0,0,
prim_batch_16,SYO/SYO461^3.p,TH0,CounterSatisfiable,timeout,na,2208,5254,141,5254,163,313,0,0,0,
prim_batch_16,SYO/SYO461^4.p,TH0,CounterSatisfiable,timeout,na,2208,5375,74,5375,229,294,0,0,0,
prim_batch_16,SYO/SYO461^5.p,TH0,CounterSatisfiable,timeout,na,2187,4717,73,4717,228,270,0,0,0,
prim_batch_16,SYO/SYO461^6.p,TH0,CounterSatisfiable,timeout,na,2262,7436,164,7436,248,181,0,0,0,
prim_batch_16,SYO/SYO462^2.p,TH0,Theorem,timeout,na,2159,3811,47,3811,275,72,0,0,0,
prim_batch_16,SYO/SYO462^3.p,TH0,Theorem,timeout,na,2209,5484,36,5483,259,245,0,0,0,
prim_batch_16,SYO/SYO462^4.p,TH0,Theorem,timeout,na,2141,3239,51,3239,271,88,0,0,0,
prim_batch_16,SYO/SYO462^5.p,TH0,Theorem,timeout,na,2139,3155,53,3155,238,111,0,0,0,
prim_batch_16,SYO/SYO462^6.p,TH0,Theorem,timeout,na,2192,4792,89,4792,224,86,0,0,0,
prim_batch_16,SYO/SYO463^1.p,TH0,CounterSatisfiable,timeout,na,2159,3649,20,3649,280,154,0,0,0,
prim_batch_16,SYO/SYO463^2.p,TH0,CounterSatisfiable,timeout,na,2163,3254,61,3254,276,74,0,0,0,
prim_batch_16,SYO/SYO463^3.p,TH0,CounterSatisfiable,timeout,na,2186,4196,12,4196,302,116,0,0,0,
prim_batch_16,SYO/SYO463^4.p,TH0,CounterSatisfiable,timeout,na,2224,6021,34,6021,261,172,0,0,0,
prim_batch_16,SYO/SYO463^5.p,TH0,Theorem,timeout,na,2159,3768,98,3768,169,168,0,0,0,
prim_batch_16,SYO/SYO463^6.p,TH0,Theorem,timeout,na,2192,4585,84,4585,207,106,0,0,0,
prim_batch_16,SYO/SYO464^1.p,TH0,CounterSatisfiable,timeout,na,2231,6438,120,6438,302,152,0,0,0,
prim_batch_16,SYO/SYO464^2.p,TH0,CounterSatisfiable,timeout,na,2168,3896,20,3896,298,162,0,0,0,
prim_batch_16,SYO/SYO464^3.p,TH0,CounterSatisfiable,timeout,na,2238,5921,93,5921,268,139,0,0,0,
prim_batch_16,SYO/SYO464^4.p,TH0,Theorem,timeout,na,2179,4433,83,4433,251,55,0,0,0,
prim_batch_16,SYO/SYO464^5.p,TH0,Theorem,timeout,na,2146,3526,114,3526,250,84,0,0,0,
prim_batch_16,SYO/SYO464^6.p,TH0,Theorem,timeout,na,2205,4604,89,4604,217,102,0,0,0,
prim_batch_16,SYO/SYO465^1.p,TH0,CounterSatisfiable,timeout,na,2235,5349,91,5349,239,210,0,0,0,
prim_batch_16,SYO/SYO465^2.p,TH0,CounterSatisfiable,timeout,na,2233,6081,96,6081,241,124,0,0,0,
prim_batch_16,SYO/SYO465^3.p,TH0,CounterSatisfiable,timeout,na,2278,7963,151,7963,237,182,0,0,0,
prim_batch_16,SYO/SYO465^4.p,TH0,CounterSatisfiable,timeout,na,2219,6259,152,6259,242,97,0,0,0,
prim_batch_16,SYO/SYO465^5.p,TH0,CounterSatisfiable,timeout,na,2206,4694,94,4694,222,99,0,0,0,
prim_batch_16,SYO/SYO465^6.p,TH0,CounterSatisfiable,timeout,na,2223,5406,134,5406,236,86,0,0,0,
prim_batch_16,SYO/SYO467^1.p,TH0,CounterSatisfiable,timeout,na,2249,6102,56,6102,257,151,0,0,0,
prim_batch_16,SYO/SYO467^2.p,TH0,CounterSatisfiable,timeout,na,2334,7916,106,7916,258,139,0,0,0,
prim_batch_16,SYO/SYO467^3.p,TH0,CounterSatisfiable,timeout,na,2236,5799,68,5799,232,191,0,0,0,
prim_batch_16,SYO/SYO467^4.p,TH0,CounterSatisfiable,timeout,na,2202,5868,103,5868,229,122,0,0,0,
prim_batch_16,SYO/SYO467^5.p,TH0,CounterSatisfiable,timeout,na,2184,4880,86,4880,180,193,0,0,0,
prim_batch_16,SYO/SYO467^6.p,TH0,CounterSatisfiable,timeout,na,2222,5648,124,5648,203,73,0,0,0,
prim_batch_16,SYO/SYO468^1.p,TH0,CounterSatisfiable,timeout,na,2185,4972,77,4972,295,124,0,0,0,
prim_batch_16,SYO/SYO468^2.p,TH0,CounterSatisfiable,timeout,na,2194,4816,84,4816,266,110,0,0,0,
prim_batch_16,SYO/SYO468^3.p,TH0,CounterSatisfiable,timeout,na,2269,8292,89,8292,289,210,0,0,0,
prim_batch_16,SYO/SYO468^4.p,TH0,CounterSatisfiable,timeout,na,2170,4727,121,4727,229,49,0,0,0,
prim_batch_16,SYO/SYO468^5.p,TH0,CounterSatisfiable,timeout,na,2207,5394,72,5394,229,111,0,0,0,
prim_batch_16,SYO/SYO468^6.p,TH0,Theorem,timeout,na,2293,6863,101,6863,224,141,0,0,0,
prim_batch_16,SYO/SYO469^1.p,TH0,CounterSatisfiable,timeout,na,2172,4514,59,4514,280,79,0,0,0,
prim_batch_16,SYO/SYO469^2.p,TH0,CounterSatisfiable,timeout,na,2142,3463,85,3463,275,70,0,0,0,
prim_batch_16,SYO/SYO469^3.p,TH0,CounterSatisfiable,timeout,na,2238,6353,69,6353,278,123,0,0,0,
prim_batch_16,SYO/SYO469^4.p,TH0,CounterSatisfiable,timeout,na,2201,5169,69,5169,250,99,0,0,0,
prim_batch_16,SYO/SYO469^5.p,TH0,Theorem,timeout,na,2177,4209,64,4209,255,72,0,0,0,
prim_batch_16,SYO/SYO469^6.p,TH0,Theorem,timeout,na,2216,5758,117,5758,221,88,0,0,0,
prim_batch_16,SYO/SYO470^1.p,TH0,CounterSatisfiable,timeout,na,2299,7907,61,7907,250,232,0,0,0,
prim_batch_16,SYO/SYO470^2.p,TH0,CounterSatisfiable,timeout,na,2328,7618,66,7618,278,173,0,0,0,
prim_batch_16,SYO/SYO470^3.p,TH0,CounterSatisfiable,timeout,na,2222,6041,106,6041,246,186,0,0,0,
prim_batch_16,SYO/SYO470^4.p,TH0,CounterSatisfiable,timeout,na,2294,7596,145,7596,200,112,0,0,0,
prim_batch_16,SYO/SYO470^5.p,TH0,CounterSatisfiable,timeout,na,2205,4640,81,4640,220,67,0,0,0,
prim_batch_16,SYO/SYO470^6.p,TH0,Theorem,timeout,na,2286,6462,128,6462,222,85,0,0,0,
prim_batch_16,SYO/SYO471^1.p,TH0,CounterSatisfiable,timeout,na,2220,5999,162,5999,254,151,0,0,0,
prim_batch_16,SYO/SYO471^2.p,TH0,CounterSatisfiable,timeout,na,2226,5910,136,5910,223,151,0,0,0,
prim_batch_16,SYO/SYO471^3.p,TH0,CounterSatisfiable,timeout,na,2214,5960,131,5960,223,128,0,0,0,
prim_batch_16,SYO/SYO471^4.p,TH0,CounterSatisfiable,timeout,na,2232,6275,155,6275,244,132,0,0,0,
prim_batch_16,SYO/SYO471^5.p,TH0,CounterSatisfiable,timeout,na,2172,3776,107,3776,199,97,0,0,0,
prim_batch_16,SYO/SYO471^6.p,TH0,Theorem,timeout,na,2243,6639,137,6639,217,92,0,0,0,
prim_batch_16,SYO/SYO472^1.p,TH0,CounterSatisfiable,timeout,na,2147,3578,81,3578,275,90,0,0,0,
prim_batch_16,SYO/SYO472^2.p,TH0,CounterSatisfiable,timeout,na,2177,4059,48,4059,280,93,0,0,0,
prim_batch_16,SYO/SYO472^3.p,TH0,CounterSatisfiable,timeout,na,2274,8113,97,8113,278,218,0,0,0,
prim_batch_16,SYO/SYO472^4.p,TH0,CounterSatisfiable,timeout,na,2226,6243,37,6243,279,159,0,0,0,
prim_batch_16,SYO/SYO472^5.p,TH0,CounterSatisfiable,timeout,na,2141,3724,87,3724,252,82,0,0,0,
prim_batch_16,SYO/SYO472^6.p,TH0,CounterSatisfiable,timeout,na,2212,5319,83,5319,243,117,0,0,0,
prim_batch_16,SYO/SYO473^1.p,TH0,CounterSatisfiable,timeout,na,2181,3898,16,3898,283,200,0,0,0,
prim_batch_16,SYO/SYO473^2.p,TH0,CounterSatisfiable,timeout,na,2149,3317,49,3317,274,76,0,0,0,
prim_batch_16,SYO/SYO473^3.p,TH0,CounterSatisfiable,timeout,na,2182,4850,92,4850,261,136,0,0,0,
prim_batch_16,SYO/SYO473^4.p,TH0,CounterSatisfiable,timeout,na,2194,4385,33,4385,265,109,0,0,0,
prim_batch_16,SYO/SYO473^5.p,TH0,CounterSatisfiable,timeout,na,2181,3935,39,3935,269,99,0,0,0,
prim_batch_16,SYO/SYO473^6.p,TH0,CounterSatisfiable,timeout,na,2263,6811,95,6811,245,150,0,0,0,
prim_batch_16,SYO/SYO474^1.p,TH0,CounterSatisfiable,timeout,na,2160,3940,53,3940,265,118,0,0,0,
prim_batch_16,SYO/SYO474^2.p,TH0,CounterSatisfiable,timeout,na,2184,4431,28,4431,265,140,0,0,0,
prim_batch_16,SYO/SYO474^3.p,TH0,CounterSatisfiable,timeout,na,2221,5564,93,5564,240,119,0,0,0,
prim_batch_16,SYO/SYO474^4.p,TH0,CounterSatisfiable,timeout,na,2209,6126,123,6126,248,105,0,0,0,
prim_batch_16,SYO/SYO474^5.p,TH0,CounterSatisfiable,timeout,na,2152,3039,66,3039,232,41,0,0,0,
prim_batch_16,SYO/SYO474^6.p,TH0,Theorem,timeout,na,2186,4891,85,4891,216,92,0,0,0,
prim_batch_16,SYO/SYO475^6.p,TH0,Theorem,thm,yes,74,36,2,36,4,0,0,1,1,
prim_batch_16,SYO/SYO476^6.p,TH0,Theorem,thm,yes,72,26,1,26,3,0,0,1,1,
prim_batch_16,SYO/SYO477^6.p,TH0,CounterSatisfiable,timeout,na,2150,7422,524,7422,147,143,0,0,0,
prim_batch_16,SYO/SYO478^6.p,TH0,Theorem,thm,yes,75,27,2,27,3,0,0,1,1,
prim_batch_16,SYO/SYO479^6.p,TH0,CounterSatisfiable,timeout,na,2171,7348,460,7348,172,221,0,0,0,
prim_batch_16,SYO/SYO480^6.p,TH0,Theorem,thm,yes,73,25,2,25,2,0,0,1,1,
prim_batch_16,SYO/SYO481^6.p,TH0,Theorem,thm,yes,64,11,1,11,1,1,0,0,0,
prim_batch_16,SYO/SYO482^6.p,TH0,Theorem,timeout,na,2250,8087,285,8087,154,332,0,0,0,
prim_batch_16,SYO/SYO483^6.p,TH0,Theorem,timeout,na,2197,7699,309,7699,147,364,0,0,0,
prim_batch_16,SYO/SYO484^6.p,TH0,CounterSatisfiable,timeout,na,2205,8208,331,8208,165,329,0,0,0,
prim_batch_16,SYO/SYO485^6.p,TH0,Theorem,timeout,na,2116,4418,229,4418,134,71,0,0,0,
prim_batch_16,SYO/SYO486^6.p,TH0,CounterSatisfiable,timeout,na,2251,6519,158,6519,174,188,0,0,0,
prim_batch_16,SYO/SYO487^6.p,TH0,Theorem,thm,yes,77,33,2,33,4,0,0,1,1,
prim_batch_16,SYO/SYO488^6.p,TH0,Theorem,thm,yes,77,27,2,27,3,0,0,1,1,
prim_batch_16,SYO/SYO489^6.p,TH0,CounterSatisfiable,timeout,na,2221,5467,142,5467,227,147,0,0,0,
prim_batch_16,SYO/SYO490^6.p,TH0,CounterSatisfiable,timeout,na,2362,6243,150,6243,161,100,0,0,0,
prim_batch_16,SYO/SYO491^6.p,TH0,CounterSatisfiable,timeout,na,2391,7103,195,7103,1963,48,0,1,0,
prim_batch_16,SYO/SYO492^6.p,TH0,CounterSatisfiable,timeout,na,2396,7609,235,7609,1978,46,0,1,0,
prim_batch_16,SYO/SYO493^6.p,TH0,CounterSatisfiable,timeout,na,2250,7865,418,7865,201,290,0,0,0,
prim_batch_16,SYO/SYO494^6.p,TH0,CounterSatisfiable,timeout,na,2310,6719,122,6719,206,90,0,0,0,
prim_batch_16,SYO/SYO495^6.p,TH0,Theorem,timeout,na,2231,7216,280,7216,1010,388,0,1,0,
prim_batch_16,SYO/SYO496^6.p,TH0,CounterSatisfiable,timeout,na,2294,7609,337,7609,1335,95,0,1,0,
prim_batch_16,SYO/SYO497^6.p,TH0,Theorem,timeout,na,2237,5424,162,5424,155,66,0,0,0,
prim_batch_16,SYO/SYO498^6.p,TH0,CounterSatisfiable,timeout,na,2127,3748,193,3748,204,92,0,0,0,
prim_batch_16,SYO/SYO499^1.p,TH0,Theorem,timeout,na,2056,2251,61,2251,225,60,0,2,0,
prim_batch_16,SYO/SYO500^1.p,TH0,Theorem,prover_error,na,45,,,,,,,,,ShotTx.Proof.interior_event/2: unhandled trace entry {2749016935  {:instantiate  #Stream<[enum: [2749017735  2749017767]  funs: [#Function<49.48511117/1 in Stream.map/2>]]>  2}  []}
prim_batch_16,SYO/SYO501^1.p,TH0,Theorem,parser_error,na,0,,,,,,,,,cached: Failed to parse formula 'claim': [byte:1943] Type Error: Cannot unify strict function types of different arities.
prim_batch_16,SYO/SYO502^1.p,TH0,Theorem,thm,yes,7,3,0,3,1,1,0,0,0,
prim_batch_16,SYO/SYO503^1.p,TH0,Theorem,thm,yes,39,62,0,50,5,23,0,0,0,
prim_batch_16,SYO/SYO504^1.p,TH0,Theorem,timeout,na,2006,7,0,7,2,0,0,0,0,
prim_batch_16,SYO/SYO505^1.p,TH0,ContradictoryAxioms,timeout,na,2065,2813,119,2813,186,58,0,4,0,
prim_batch_16,SYO/SYO506^1.p,TH0,Theorem,timeout,na,2078,2396,82,2365,103,106,0,0,0,
prim_batch_16,SYO/SYO507^1.p,TH0,Theorem,timeout,na,2064,3266,62,3266,263,255,0,0,0,
prim_batch_16,SYO/SYO509^1.p,TH0,Theorem,timeout,na,2005,41,4,41,1,0,0,0,0,
prim_batch_16,SYO/SYO511^1.p,TH0,CounterSatisfiable,timeout,na,2070,2412,7,2412,497,1,0,3,0,
prim_batch_16,SYO/SYO512^1.p,TH0,Theorem,thm,yes,145,139,5,139,10,2,0,1,1,
prim_batch_16,SYO/SYO513^1.p,TH0,Theorem,timeout,na,2666,10654,5,10654,501,0,0,0,0,
prim_batch_16,SYO/SYO514^1.p,TH0,Theorem,timeout,na,2004,0,0,0,1,0,0,0,0,
prim_batch_16,SYO/SYO515^1.p,TH0,Theorem,thm,yes,338,108,0,103,55,76,0,0,0,
prim_batch_16,SYO/SYO516^1.p,TH0,Theorem,thm,yes,171,199,5,199,18,8,0,1,1,
prim_batch_16,SYO/SYO517^1.p,TH0,Theorem,timeout,na,2038,1393,41,1393,158,9,0,2,0,
prim_batch_16,SYO/SYO518^1.p,TH0,Theorem,timeout,na,2024,392,3,392,80,4,0,1,0,
prim_batch_16,SYO/SYO520^1.p,TH0,Unsatisfiable,no_conjecture,na,2,,,,,,,,,
prim_batch_16,SYO/SYO526^1.p,TH0,Theorem,thm,yes,26,52,0,52,4,7,0,1,1,
prim_batch_16,SYO/SYO527^1.p,TH0,Theorem,thm,yes,76,8,0,8,1,0,0,1,1,
prim_batch_16,SYO/SYO528^1.p,TH0,Satisfiable,no_conjecture,na,5,,,,,,,,,
prim_batch_16,SYO/SYO529^1.p,TH0,Unsatisfiable,no_conjecture,na,7,,,,,,,,,
prim_batch_16,SYO/SYO530^1.p,TH0,Theorem,timeout,na,2017,342,8,342,26,16,0,3,0,
prim_batch_16,SYO/SYO531^1.p,TH0,Theorem,timeout,na,2032,873,29,873,90,0,0,2,0,
prim_batch_16,SYO/SYO532^1.p,TH0,Theorem,timeout,na,2036,838,5,838,128,0,0,2,0,
prim_batch_16,SYO/SYO533^1.p,TH0,Theorem,timeout,na,2007,41,4,41,1,0,0,0,0,
prim_batch_16,SYO/SYO534^1.p,TH0,Theorem,timeout,na,2084,1005,2,1005,471,1,0,2,0,
prim_batch_16,SYO/SYO535^1.p,TH0,Theorem,timeout,na,2019,322,10,322,23,11,0,2,0,
prim_batch_16,SYO/SYO536^1.p,TH0,Theorem,timeout,na,2021,168,6,168,10,3,0,3,0,
prim_batch_16,SYO/SYO537^1.p,TH0,Theorem,timeout,na,2019,17,0,17,2,0,0,2,0,
prim_batch_16,SYO/SYO538^1.p,TH0,Theorem,timeout,na,2061,2127,45,2127,327,28,0,2,0,
prim_batch_16,SYO/SYO539^1.p,TH0,Theorem,timeout,na,2102,2645,62,2548,409,92,0,4,0,
prim_batch_16,SYO/SYO540^1.p,TH0,Theorem,timeout,na,2010,298,2,294,22,33,0,4,0,
prim_batch_16,SYO/SYO541^1.p,TH0,Theorem,timeout,na,2024,499,8,499,61,11,0,2,0,
prim_batch_16,SYO/SYO542^1.p,TH0,Theorem,timeout,na,2044,392,3,372,53,25,0,3,0,
prim_batch_16,SYO/SYO543^1.p,TH0,Theorem,timeout,na,2014,200,3,196,14,17,0,3,0,
prim_batch_16,SYO/SYO544^1.p,TH0,Theorem,timeout,na,2087,1270,34,1252,95,75,0,1,0,
prim_batch_16,SYO/SYO545^1.p,TH0,Theorem,timeout,na,2040,589,3,567,60,47,0,4,0,
prim_batch_16,SYO/SYO546^1.p,TH0,Theorem,timeout,na,2108,1092,3,1057,145,73,0,4,0,
prim_batch_16,SYO/SYO547^1.p,TH0,Theorem,thm,yes,37,14,0,14,2,0,0,1,1,
prim_batch_16,SYO/SYO548^1.p,TH0,Theorem,timeout,na,2004,124,13,124,1,0,0,0,0,
prim_batch_16,SYO/SYO549^1.p,TH0,Theorem,parser_error,na,0,,,,,,,,,cached: Failed to parse formula 'pfg': [byte:1759] Type Error: Cannot unify strict function types of different arities.
prim_batch_16,SYO/SYO550^1.p,TH0,Theorem,thm,yes,273,24,0,24,3,1,0,1,1,
prim_batch_16,SYO/SYO551^1.p,TH0,Theorem,timeout,na,2007,12,0,12,2,0,0,0,0,
prim_batch_16,SYO/SYO552^1.p,TH0,Theorem,thm,yes,876,15,0,15,3,1,0,1,1,
prim_batch_16,SYO/SYO553^1.p,TH0,Theorem,thm,yes,970,26,1,26,3,1,0,1,1,
prim_batch_16,SYO/SYO554^1.p,TH0,Unsatisfiable,no_conjecture,na,1,,,,,,,,,
prim_batch_16,SYO/SYO555^1.p,TH0,Theorem,timeout,na,2082,2890,8,2890,514,0,0,3,0,
prim_batch_16,SYO/SYO556^1.p,TH0,Theorem,timeout,na,2013,453,15,445,30,37,0,4,0,
prim_batch_16,SYO/SYO557^1.p,TH1,Theorem,parser_error,na,0,,,,,,,,,cached: Failed to parse formula 'conj': Syntax Error: '$i' denotes a type and cannot be used as a term.
prim_batch_16,SYO/SYO558^1.p,TH1,Theorem,parser_error,na,0,,,,,,,,,cached: Failed to parse formula 'conj': Syntax Error: '$i' denotes a type and cannot be used as a term.
prim_batch_16,SYO/SYO559^1.p,TH0,Theorem,timeout,na,2022,267,0,267,35,32,0,0,0,
prim_batch_16,SYO/SYO560^1.p,TH0,Theorem,timeout,na,2015,269,0,269,36,34,0,0,0,
prim_batch_16,SYO/SYO565^7.p,TH0,CounterSatisfiable,timeout,na,2308,5619,105,5619,249,65,0,0,0,
prim_batch_16,SYO/SYO566^7.p,TH0,Theorem,timeout,na,2363,6545,231,6545,185,115,0,0,0,
prim_batch_16,SYO/SYO567^7.p,TH0,CounterSatisfiable,timeout,na,2448,6565,112,6565,2124,85,0,1,0,
prim_batch_16,SYO/SYO568^7.p,TH0,Theorem,timeout,na,2188,4573,181,4573,245,78,0,0,0,
prim_batch_16,SYO/SYO569^7.p,TH0,CounterSatisfiable,timeout,na,2343,4997,87,4997,202,92,0,0,0,
prim_batch_16,SYO/SYO570^7.p,TH0,Theorem,timeout,na,2477,5513,52,5513,189,67,0,0,0,
prim_batch_16,SYO/SYO571^7.p,TH0,CounterSatisfiable,timeout,na,2247,5533,99,5533,222,30,0,0,0,
prim_batch_16,SYO/SYO572^7.p,TH0,Theorem,timeout,na,2439,6123,61,6123,2058,74,0,1,0,
prim_batch_16,SYO/SYO573^7.p,TH0,CounterSatisfiable,timeout,na,2152,4661,193,4661,260,97,0,0,0,
prim_batch_16,SYO/SYO574^7.p,TH0,Theorem,timeout,na,2168,4125,88,4125,239,73,0,0,0,
prim_batch_16,SYO/SYO575^7.p,TH0,CounterSatisfiable,timeout,na,2149,4267,168,4267,222,82,0,0,0,
prim_batch_16,SYO/SYO576^7.p,TH0,Theorem,timeout,na,2190,5532,148,5532,235,137,0,0,0,
prim_batch_16,SYO/SYO577^7.p,TH0,CounterSatisfiable,timeout,na,2208,5616,95,5616,238,116,0,0,0,
prim_batch_16,SYO/SYO842^1.p,TH0,Unknown,timeout,na,2559,0,0,0,1,0,0,0,0,
prim_batch_16,SYO/SYO843^1.p,TH0,Unknown,timeout,na,2563,0,0,0,1,0,0,0,0,
prim_batch_16,SYO/SYO844^1.p,TH0,Unknown,timeout,na,2695,0,0,0,1,0,0,0,0,
prim_batch_16,SYO/SYO845^1.p,TH0,Unknown,timeout,na,2680,0,0,0,1,0,0,0,0,
prim_batch_16,SYO/SYO846^1.p,TH0,Unknown,timeout,na,2637,0,0,0,1,0,0,0,0,
prim_batch_16,SYO/SYO847^1.p,TH0,Unknown,timeout,na,2662,0,0,0,1,0,0,0,0,
prim_batch_16,SYO/SYO848^1.p,TH0,Unknown,timeout,na,2678,0,0,0,1,0,0,0,0,
prim_batch_16,SYO/SYO849^1.p,TH0,Unknown,timeout,na,2677,0,0,0,1,0,0,0,0,
prim_batch_16,SYO/SYO850^1.p,TH0,Unknown,timeout,na,2599,0,0,0,1,0,0,0,0,
prim_batch_16,SYO/SYO851^1.p,TH0,Unknown,timeout,na,2611,0,0,0,1,0,0,0,0,
prim_batch_16,SYO/SYO852^1.p,TH0,Theorem,timeout,na,2354,0,0,0,1,0,0,0,0,
prim_batch_16,SYO/SYO853^1.p,TH0,Unknown,timeout,na,2354,0,0,0,1,0,0,0,0,
prim_batch_16,SYO/SYO854^1.p,TH0,Theorem,timeout,na,2442,0,0,0,1,0,0,0,0,
prim_batch_16,SYO/SYO855^1.p,TH0,Unknown,timeout,na,2459,0,0,0,1,0,0,0,0,
prim_batch_16,SYO/SYO856^1.p,TH0,Theorem,timeout,na,2455,0,0,0,1,0,0,0,0,
prim_batch_16,SYO/SYO857^1.p,TH0,Unknown,timeout,na,2456,0,0,0,1,0,0,0,0,
prim_batch_16,SYO/SYO858^1.p,TH0,Theorem,timeout,na,2322,0,0,0,1,0,0,0,0,
prim_batch_16,SYO/SYO859^1.p,TH0,Unknown,timeout,na,2322,0,0,0,1,0,0,0,0,
prim_batch_16,SYO/SYO860^1.p,TH0,Unknown,timeout,na,2534,0,0,0,1,0,0,0,0,
prim_batch_16,SYO/SYO861^1.p,TH0,Unknown,timeout,na,2523,0,0,0,1,0,0,0,0,
prim_batch_16,SYO/SYO862^1.p,TH0,Unknown,timeout,na,2286,0,0,0,1,0,0,0,0,
prim_batch_16,SYO/SYO863^1.p,TH0,Unknown,timeout,na,2287,0,0,0,1,0,0,0,0,
prim_batch_16,SYO/SYO864^1.p,TH0,Unknown,timeout,na,2276,0,0,0,1,0,0,0,0,
prim_batch_16,SYO/SYO865^1.p,TH0,Unknown,timeout,na,2275,0,0,0,1,0,0,0,0,
prim_batch_16,SYO/SYO866^1.p,TH0,Unknown,timeout,na,2280,0,0,0,1,0,0,0,0,
prim_batch_16,SYO/SYO867^1.p,TH0,Unknown,timeout,na,2280,0,0,0,1,0,0,0,0,
prim_batch_16,SYO/SYO868^1.p,TH0,Theorem,timeout,na,2274,0,0,0,1,0,0,0,0,
prim_batch_16,SYO/SYO869^1.p,TH0,Unknown,timeout,na,2275,0,0,0,1,0,0,0,0,
prim_batch_16,SYO/SYO870^1.p,TH0,Unknown,timeout,na,2272,0,0,0,1,0,0,0,0,
prim_batch_16,SYO/SYO871^1.p,TH0,Unknown,timeout,na,2271,0,0,0,1,0,0,0,0,
prim_batch_16,SYO/SYO872^1.p,TH0,Unknown,timeout,na,2275,0,0,0,1,0,0,0,0,
prim_batch_16,SYO/SYO873^1.p,TH0,Theorem,timeout,na,2276,0,0,0,1,0,0,0,0,
prim_batch_16,SYO/SYO874^1.p,TH0,Unknown,timeout,na,2272,0,0,0,1,0,0,0,0,
prim_batch_16,SYO/SYO875^1.p,TH0,Theorem,timeout,na,2272,0,0,0,1,0,0,0,0,
prim_batch_16,SYO/SYO876^1.p,TH0,Unknown,timeout,na,2301,0,0,0,1,0,0,0,0,
prim_batch_16,SYO/SYO877^1.p,TH0,Theorem,timeout,na,2302,0,0,0,1,0,0,0,0,
prim_batch_16,SYO/SYO878^1.p,TH0,Theorem,timeout,na,2284,0,0,0,1,0,0,0,0,
prim_batch_16,SYO/SYO879^1.p,TH0,Theorem,timeout,na,2283,0,0,0,1,0,0,0,0,
prim_batch_16,SYO/SYO880^1.p,TH0,Unknown,timeout,na,2282,0,0,0,1,0,0,0,0,
prim_batch_16,SYO/SYO881^1.p,TH0,Theorem,timeout,na,2283,0,0,0,1,0,0,0,0,
prim_batch_16,SYO/SYO882^1.p,TH0,Unsatisfiable,no_conjecture,na,1,,,,,,,,,
prim_batch_16,SYO/SYO883^1.p,TH0,Unsatisfiable,no_conjecture,na,6,,,,,,,,,
prim_batch_16,SYO/SYO884^1.p,TH0,Unsatisfiable,no_conjecture,na,9,,,,,,,,,
prim_batch_16,SYO/SYO886^10.p,TH0,Theorem,thm,yes,64,14,1,14,2,0,0,1,1,
prim_batch_16,SYO/SYO886^6.p,TH0,Theorem,thm,yes,29,18,1,18,2,0,0,1,1,
prim_batch_16,SYO/SYO886^7.p,TH0,CounterSatisfiable,timeout,na,2398,6372,130,6372,1728,109,0,1,0,
prim_batch_16,SYO/SYO886^8.p,TH0,Theorem,thm,yes,46,16,1,16,2,0,0,1,1,
prim_batch_16,SYO/SYO886^9.p,TH0,Theorem,timeout,na,2058,1077,75,1077,31,19,0,1,0,
prim_batch_16,SYO/SYO887^22.p,TH0,Theorem,timeout,na,2251,6208,139,6208,1411,66,0,1,0,
prim_batch_16,SYO/SYO888^10.p,TH0,Theorem,timeout,na,2228,6422,181,6422,1199,320,0,1,0,
prim_batch_16,SYO/SYO889^16.p,TH0,Theorem,timeout,na,2293,5261,60,5261,156,200,0,0,0,
prim_batch_16,SYO/SYO890^16.p,TH0,Theorem,timeout,na,2154,6522,327,6522,923,106,0,2,0,
prim_batch_16,SYO/SYO891^16.p,TH0,Theorem,timeout,na,2189,3337,60,3337,218,0,0,0,0,
prim_batch_16,SYO/SYO892^15.p,TH0,Theorem,timeout,na,2250,6626,242,6626,1433,90,0,2,0,
prim_batch_16,SYO/SYO893^11.p,TH0,Theorem,timeout,na,2133,4287,101,4287,217,58,0,0,0,
prim_batch_16,SYO/SYO894^8.p,TH0,Theorem,timeout,na,2162,5380,61,5380,218,270,0,0,0,
prim_batch_16,SYO/SYO895^9.p,TH0,Theorem,timeout,na,2102,4193,137,4193,220,160,0,0,0,
prim_batch_16,SYO/SYO896^7.p,TH0,Theorem,timeout,na,2137,4366,59,4366,304,51,0,0,0,
prim_batch_16,SYO/SYO897^6.p,TH0,Theorem,thm,yes,123,263,4,263,32,5,0,1,1,
prim_batch_16,SYO/SYO898^9.p,TH0,Theorem,timeout,na,2043,1226,32,1226,121,86,0,2,0,
prim_batch_16,SYO/SYO899^8.p,TH0,Theorem,timeout,na,2109,3674,83,3674,237,125,0,0,0,
prim_batch_16,SYO/SYO900^11.p,TH0,Theorem,timeout,na,2111,3780,87,3780,229,76,0,0,0,
prim_batch_16,SYO/SYO901^11.p,TH0,Theorem,timeout,na,2160,5015,74,5015,263,135,0,0,0,
prim_batch_16,SYO/SYO902^8.p,TH0,Theorem,timeout,na,2126,4210,100,4210,234,75,0,0,0,
prim_batch_16,SYO/SYO903^10.p,TH0,ContradictoryAxioms,timeout,na,2109,0,0,0,1,0,0,0,0,
prim_batch_16,SYO/SYO904^12.p,TH0,ContradictoryAxioms,timeout,na,2637,0,0,0,1,0,0,0,0,
prim_batch_16,SYO/SYO905^6.p,TH0,ContradictoryAxioms,timeout,na,2665,0,0,0,1,0,0,0,0,
prim_batch_16,SYO/SYO906^7.p,TH0,CounterSatisfiable,timeout,na,2248,6333,67,6333,273,165,0,0,0,
prim_batch_16,SYO/SYO907^15.p,TH0,CounterSatisfiable,timeout,na,2337,6595,123,6595,272,97,0,0,0,
prim_batch_16,SYO/SYO908^13.p,TH0,CounterSatisfiable,timeout,na,2300,6275,123,6275,1791,172,0,1,0,
prim_batch_16,SYO/SYO909^8.p,TH0,CounterSatisfiable,timeout,na,2138,4666,132,4666,269,139,0,0,0,
prim_batch_16,SYO/SYO910^13.p,TH0,CounterSatisfiable,timeout,na,2124,3717,78,3717,261,95,0,0,0,
prim_batch_16,SYO/SYO911^15.p,TH0,CounterSatisfiable,timeout,na,2145,4816,109,4816,274,165,0,0,0,
prim_batch_16,SYO/SYO912^9.p,TH0,CounterSatisfiable,timeout,na,2138,5106,120,5106,288,99,0,0,0,
prim_batch_16,SYO/SYO913^15.p,TH0,CounterSatisfiable,timeout,na,2065,254,4,254,76,0,0,0,0,
prim_batch_16,SYO/SYO914^12.p,TH0,CounterSatisfiable,timeout,na,2104,0,0,0,1,0,0,0,0,
prim_batch_16,SYO/SYO915^14.p,TH0,CounterSatisfiable,timeout,na,2114,0,0,0,1,0,0,0,0,
prim_batch_16,SYO/SYO926^1.p,unknown,Theorem,parser_error,na,0,,,,,,,,,cached: Lexer failed to parse entire string. Unparsed: <.> A ) ). %------------------------------------------------------------------------------ 
prim_batch_16,SYO/SYO927^1.p,unknown,Theorem,parser_error,na,0,,,,,,,,,cached: Lexer failed to parse entire string. Unparsed: <.> [.] ( P @ ( F @ X ) ) => [.] ( P @ ( G @ X ) ) ) ). %------------------------------------------------------------------------------ 
prim_batch_16,SYO/SYO928^1.p,unknown,Theorem,parser_error,na,0,,,,,,,,,cached: Failed to parse formula 'spec': Syntax Error: tuples ([...]) and sequents (-->) have no counterpart in simple type theory and are not supported.
prim_batch_16,SYO/SYO929^1.p,unknown,Theorem,parser_error,na,0,,,,,,,,,cached: Failed to parse formula 'spec': Syntax Error: tuples ([...]) and sequents (-->) have no counterpart in simple type theory and are not supported.
prim_batch_16,SYO/SYO930^1.p,unknown,Theorem,parser_error,na,0,,,,,,,,,cached: Failed to parse formula 'spec': Syntax Error: tuples ([...]) and sequents (-->) have no counterpart in simple type theory and are not supported.
prim_batch_16,SYO/SYO931^1.p,unknown,Theorem,parser_error,na,0,,,,,,,,,cached: Failed to parse formula 'spec': Syntax Error: tuples ([...]) and sequents (-->) have no counterpart in simple type theory and are not supported.
prim_batch_16,SYO/SYO932^10.p,TH0,Theorem,thm,yes,64,14,0,14,2,0,0,1,1,
prim_batch_16,SYO/SYO932^8.p,TH0,Theorem,thm,yes,48,17,1,17,2,0,0,1,1,
prim_batch_16,SYO/SYO932^9.p,TH0,Theorem,timeout,na,2062,512,33,512,26,6,0,1,0,
prim_batch_16,SYO/SYO997^1.p,unknown,Theorem,parser_error,na,0,,,,,,,,,cached: Syntax Error: expected ' ' or ']' in !> binder  got [{:colon  ":"  1919}  {:atom  "nat"  1921}  {:rbracket  "]"  1924}  {:colon  ":"  1926}  {:lparen  "("  1928}  {:atom  "fin"  1930}  {:app  "@"  193
prim_batch_16,SYO/SYO998^1.p,unknown,Theorem,parser_error,na,0,,,,,,,,,cached: Syntax Error: expected ' ' or ']' in !> binder  got [{:colon  ":"  1920}  {:atom  "nat"  1922}  {:rbracket  "]"  1925}  {:colon  ":"  1927}  {:lparen  "("  1929}  {:atom  "fin"  1931}  {:app  "@"  193
prim_batch_16,SYO/SYO999^1.p,unknown,Theorem,parser_error,na,0,,,,,,,,,cached: Syntax Error: expected ' ' or ']' in !> binder  got [{:colon  ":"  1835}  {:atom  "a"  1837}  {:rbracket  "]"  1838}  {:colon  ":"  1840}  {:lparen  "("  1842}  {:lparen  "("  1844}  {:atom  "b"  1846
prim_batch_16,SYP/SYP000^1.p,unknown,Theorem,parser_error,na,0,,,,,,,,,cached: Syntax Error: expected ' ' or ']' in !> binder  got [{:colon  ":"  1899}  {:atom  "nat"  1901}  {:rbracket  "]"  1904}  {:colon  ":"  1906}  {:lparen  "("  1908}  {:atom  "fin"  1910}  {:app  "@"  191
prim_batch_16,SYP/SYP001^1.p,unknown,Theorem,parser_error,na,0,,,,,,,,,cached: Syntax Error: expected ' ' or ']' in !> binder  got [{:colon  ":"  1899}  {:atom  "nat"  1901}  {:rbracket  "]"  1904}  {:colon  ":"  1906}  {:lparen  "("  1908}  {:atom  "fin"  1910}  {:app  "@"  191
prim_batch_16,SYP/SYP002^1.p,unknown,Theorem,parser_error,na,0,,,,,,,,,cached: Syntax Error: expected ' ' or ']' in !> binder  got [{:colon  ":"  1830}  {:atom  "nat"  1832}  {:rbracket  "]"  1835}  {:colon  ":"  1837}  {:lparen  "("  1839}  {:atom  "fin"  1841}  {:app  "@"  184
prim_batch_16,SYP/SYP003^1.p,unknown,Theorem,parser_error,na,0,,,,,,,,,cached: Syntax Error: expected ' ' or ']' in !> binder  got [{:colon  ":"  1640}  {:atom  "a"  1642}  {:rbracket  "]"  1643}  {:colon  ":"  1645}  {:lparen  "("  1647}  {:lparen  "("  1649}  {:atom  "b"  1651
prim_batch_16,SYP/SYP004^1.p,unknown,Theorem,parser_error,na,0,,,,,,,,,cached: Syntax Error: expected ' ' or ']' in !> binder  got [{:colon  ":"  2279}  {:atom  "nat"  2281}  {:rbracket  "]"  2284}  {:colon  ":"  2286}  {:lparen  "("  2288}  {:atom  "fin"  2290}  {:app  "@"  229
prim_batch_16,SYP/SYP005^1.p,unknown,Theorem,parser_error,na,0,,,,,,,,,cached: Syntax Error: expected ' ' or ']' in !> binder  got [{:colon  ":"  1915}  {:atom  "nat"  1917}  {:rbracket  "]"  1920}  {:colon  ":"  1922}  {:lparen  "("  1924}  {:atom  "fin"  1926}  {:app  "@"  193
prim_batch_16,SYP/SYP006^1.p,unknown,Theorem,parser_error,na,0,,,,,,,,,cached: Syntax Error: expected ' ' or ']' in !> binder  got [{:colon  ":"  2039}  {:atom  "nat"  2041}  {:rbracket  "]"  2044}  {:colon  ":"  2046}  {:lparen  "("  2048}  {:atom  "fin"  2050}  {:app  "@"  205
prim_batch_16,SYP/SYP007^1.p,unknown,Theorem,parser_error,na,0,,,,,,,,,cached: Syntax Error: expected ' ' or ']' in !> binder  got [{:colon  ":"  1662}  {:atom  "nat"  1664}  {:rbracket  "]"  1667}  {:colon  ":"  1669}  {:lparen  "("  1671}  {:lparen  "("  1673}  {:atom  "fin"  
