run_label,problem,language,expected_szs,result,correct,time_ms,steps,worker_yields,rules_total,active_branches_max,branches_closed,branches_saturated,csp_calls,csp_succeeded,details
serial,AGT/AGT027^1.p,TH0,Theorem,timeout,na,2105,268,18,268,16,0,0,1,0,
serial,AGT/AGT027^2.p,TH0,Theorem,timeout,na,2065,190,12,190,11,0,0,0,0,
serial,AGT/AGT028^1.p,TH0,Theorem,timeout,na,2202,446,32,446,40,0,0,0,0,
serial,AGT/AGT028^2.p,TH0,Theorem,timeout,na,2177,1016,8,1016,313,0,0,0,0,
serial,AGT/AGT029^1.p,TH0,Theorem,timeout,na,2203,458,31,458,40,0,0,1,0,
serial,AGT/AGT030^1.p,TH0,Theorem,timeout,na,2229,520,31,520,72,0,0,0,0,
serial,AGT/AGT031^1.p,TH0,Theorem,timeout,na,2284,1333,14,1333,453,0,0,0,0,
serial,AGT/AGT031^2.p,TH0,Theorem,timeout,na,2182,1010,7,1010,420,0,0,0,0,
serial,AGT/AGT032^1.p,TH0,Theorem,timeout,na,2227,1073,15,1073,326,0,0,4,0,
serial,AGT/AGT032^2.p,TH0,Theorem,timeout,na,2188,1069,7,1069,450,0,0,0,0,
serial,AGT/AGT033^1.p,TH0,Theorem,timeout,na,2263,1222,14,1222,414,0,0,0,0,
serial,AGT/AGT033^2.p,TH0,Theorem,timeout,na,2177,928,7,928,379,0,0,0,0,
serial,AGT/AGT034^1.p,TH0,Theorem,timeout,na,2240,1086,14,1086,360,0,0,0,0,
serial,AGT/AGT034^2.p,TH0,Theorem,timeout,na,2130,1042,7,1042,223,0,0,0,0,
serial,AGT/AGT035^1.p,TH0,Theorem,timeout,na,2234,1071,14,1071,353,0,0,4,0,
serial,AGT/AGT035^2.p,TH0,Theorem,timeout,na,2151,808,7,808,319,0,0,5,0,
serial,AGT/AGT036^1.p,TH0,Theorem,timeout,na,2245,1082,14,1082,360,0,0,0,0,
serial,AGT/AGT037^1.p,TH0,Theorem,timeout,na,2251,1136,14,1136,380,0,0,0,0,
serial,AGT/AGT037^2.p,TH0,Theorem,timeout,na,2139,936,7,936,300,0,0,0,0,
serial,AGT/AGT038^1.p,TH0,Theorem,timeout,na,2262,1241,14,1241,422,0,0,0,0,
serial,AGT/AGT039^1.p,TH0,Theorem,timeout,na,2262,1236,14,1236,420,0,0,0,0,
serial,AGT/AGT040^1.p,TH0,Theorem,timeout,na,2248,1129,14,1129,377,0,0,0,0,
serial,AGT/AGT041^1.p,TH0,Theorem,timeout,na,2274,1293,14,1293,439,0,0,0,0,
serial,ALG/ALG001^5.p,TH0,Theorem,timeout,na,2017,450,24,450,39,7,0,1,0,
serial,ALG/ALG014^7.p,TH0,Theorem,timeout,na,2859,0,0,0,1,0,0,0,0,
serial,ALG/ALG015^7.p,TH0,Theorem,timeout,na,6816,0,0,0,1,0,0,0,0,
serial,ALG/ALG016^7.p,TH0,Theorem,timeout,na,4105,0,0,0,1,0,0,0,0,
serial,ALG/ALG017^7.p,TH0,Theorem,timeout,na,2897,0,0,0,1,0,0,0,0,
serial,ALG/ALG018^7.p,TH0,Theorem,timeout,na,2145,249,16,249,18,0,0,0,0,
serial,ALG/ALG020^7.p,TH0,Theorem,timeout,na,2397,0,0,0,1,0,0,0,0,
serial,ALG/ALG021^7.p,TH0,Theorem,timeout,na,3240,0,0,0,1,0,0,0,0,
serial,ALG/ALG022^7.p,TH0,Theorem,timeout,na,3238,0,0,0,1,0,0,0,0,
serial,ALG/ALG023^7.p,TH0,Unsatisfiable,no_conjecture,na,898,,,,,,,,,
serial,ALG/ALG247^2.p,TH0,Theorem,thm,yes,450,25,1,25,2,1,0,1,1,
serial,ALG/ALG248^1.p,TH0,Theorem,timeout,na,2264,212,13,212,15,0,0,1,0,
serial,ALG/ALG248^2.p,TH0,CounterSatisfiable,timeout,na,2269,489,15,489,42,21,0,2,0,
serial,ALG/ALG248^3.p,TH0,Theorem,timeout,na,2271,715,33,715,44,8,0,1,0,
serial,ALG/ALG249^3.p,TH0,Theorem,timeout,na,2268,582,33,582,26,20,0,5,0,
serial,ALG/ALG250^3.p,TH0,Theorem,thm,yes,321,39,1,39,7,0,0,1,1,
serial,ALG/ALG251^1.p,TH0,Theorem,timeout,na,2270,246,14,246,18,0,0,1,0,
serial,ALG/ALG251^2.p,TH0,Theorem,timeout,na,2265,413,28,413,21,3,0,2,0,
serial,ALG/ALG251^3.p,TH0,Theorem,timeout,na,2273,482,14,482,53,19,0,2,0,
serial,ALG/ALG252^1.p,TH0,Theorem,timeout,na,2263,183,11,183,13,0,0,1,0,
serial,ALG/ALG252^2.p,TH0,Theorem,timeout,na,2268,399,17,399,37,0,0,2,0,
serial,ALG/ALG253^1.p,TH0,Theorem,timeout,na,2254,106,8,106,4,0,0,1,0,
serial,ALG/ALG253^2.p,TH0,Theorem,timeout,na,2267,392,13,392,40,8,0,1,0,
serial,ALG/ALG254^1.p,TH0,Theorem,thm,yes,472,2,0,2,1,1,0,0,0,
serial,ALG/ALG254^2.p,TH0,Theorem,thm,yes,261,2,0,2,1,1,0,0,0,
serial,ALG/ALG255^1.p,TH0,Theorem,thm,yes,556,2,0,2,1,1,0,0,0,
serial,ALG/ALG256^1.p,TH0,Theorem,timeout,na,2259,20,2,20,1,0,0,0,0,
serial,ALG/ALG256^2.p,TH0,Theorem,timeout,na,2270,739,30,739,55,11,0,2,0,
serial,ALG/ALG257^1.p,TH0,Theorem,timeout,na,2260,17,1,17,1,0,0,0,0,
serial,ALG/ALG257^2.p,TH0,Theorem,timeout,na,2262,182,5,182,15,10,0,2,0,
serial,ALG/ALG258^1.p,TH0,Theorem,timeout,na,2261,17,1,17,1,0,0,0,0,
serial,ALG/ALG258^2.p,TH0,Theorem,timeout,na,2272,684,29,684,53,11,0,1,0,
serial,ALG/ALG259^1.p,TH0,Theorem,timeout,na,2253,13,1,13,1,0,0,0,0,
serial,ALG/ALG259^2.p,TH0,Theorem,timeout,na,2267,493,21,493,38,3,0,3,0,
serial,ALG/ALG260^1.p,TH0,Theorem,timeout,na,2257,10,1,10,1,0,0,0,0,
serial,ALG/ALG260^2.p,TH0,Theorem,thm,yes,778,168,11,168,7,2,0,1,1,
serial,ALG/ALG261^1.p,TH0,Theorem,timeout,na,2257,6,0,6,1,0,0,0,0,
serial,ALG/ALG261^2.p,TH0,Theorem,thm,yes,354,35,3,35,2,0,0,1,1,
serial,ALG/ALG262^2.p,TH0,Theorem,thm,yes,382,22,1,22,2,1,0,1,1,
serial,ALG/ALG263^1.p,TH0,Theorem,timeout,na,2260,14,1,14,1,0,0,0,0,
serial,ALG/ALG263^3.p,TH0,Theorem,timeout,na,2260,11,1,11,1,0,0,0,0,
serial,ALG/ALG264^1.p,TH0,Theorem,timeout,na,2259,14,1,14,1,0,0,0,0,
serial,ALG/ALG264^3.p,TH0,Theorem,timeout,na,2258,11,1,11,1,0,0,0,0,
serial,ALG/ALG265^2.p,TH0,Theorem,timeout,na,2263,267,9,267,30,10,0,1,0,
serial,ALG/ALG266^1.p,TH0,Theorem,timeout,na,2262,7,0,7,1,0,0,0,0,
serial,ALG/ALG266^2.p,TH0,Theorem,timeout,na,2262,158,6,158,23,0,0,1,0,
serial,ALG/ALG267^1.p,TH0,Theorem,timeout,na,2260,5,0,5,1,0,0,0,0,
serial,ALG/ALG267^2.p,TH0,Theorem,thm,yes,290,17,0,17,3,2,0,1,1,
serial,ALG/ALG268^1.p,TH0,Theorem,timeout,na,2259,7,0,7,1,0,0,0,0,
serial,ALG/ALG268^2.p,TH0,Theorem,timeout,na,2265,169,6,169,29,0,0,0,0,
serial,ALG/ALG268^3.p,TH0,Theorem,timeout,na,2271,339,10,339,31,23,0,0,0,
serial,ALG/ALG268^4.p,TH0,Theorem,thm,yes,547,21,0,21,3,2,0,1,1,
serial,ALG/ALG268^5.p,TH0,Theorem,timeout,na,2259,9,0,9,1,0,0,0,0,
serial,ALG/ALG268^6.p,TH0,Theorem,timeout,na,2276,308,4,308,73,8,0,0,0,
serial,ALG/ALG269^1.p,TH0,Theorem,timeout,na,2256,7,0,7,1,0,0,0,0,
serial,ALG/ALG269^2.p,TH0,Theorem,timeout,na,2259,167,7,167,15,0,0,2,0,
serial,ALG/ALG269^3.p,TH0,Theorem,timeout,na,2267,234,8,234,28,0,0,2,0,
serial,ALG/ALG269^4.p,TH0,CounterSatisfiable,timeout,na,2265,230,7,230,30,0,0,2,0,
serial,ALG/ALG270^5.p,TH0,Theorem,timeout,na,2012,471,18,471,35,19,0,1,0,
serial,ALG/ALG271^5.p,TH0,Theorem,timeout,na,2033,916,49,916,80,15,0,1,0,
serial,ALG/ALG272^5.p,TH0,Theorem,timeout,na,2033,918,46,918,79,15,0,1,0,
serial,ALG/ALG273^5.p,TH0,Theorem,timeout,na,2028,826,38,826,71,15,0,1,0,
serial,ALG/ALG274^5.p,TH0,Theorem,timeout,na,2027,790,39,790,69,15,0,1,0,
serial,ALG/ALG275^5.p,TH0,CounterSatisfiable,timeout,na,2024,828,39,828,78,10,0,0,0,
serial,ALG/ALG276^5.p,TH0,Theorem,timeout,na,2028,870,42,870,75,16,0,1,0,
serial,ALG/ALG277^5.p,TH0,Theorem,timeout,na,2020,642,34,642,53,9,0,1,0,
serial,ALG/ALG278^5.p,TH0,Theorem,timeout,na,2021,658,30,658,53,9,0,1,0,
serial,ALG/ALG279^5.p,TH0,Theorem,timeout,na,2018,665,30,665,54,9,0,1,0,
serial,ALG/ALG280^5.p,TH0,Theorem,timeout,na,2015,659,29,659,54,9,0,1,0,
serial,ALG/ALG281^5.p,TH0,Theorem,timeout,na,2014,647,29,647,52,9,0,1,0,
serial,ALG/ALG282^5.p,TH0,Theorem,timeout,na,2015,651,35,651,57,6,0,3,0,
serial,ALG/ALG283^5.p,TH0,Theorem,timeout,na,2016,665,31,665,56,5,0,3,0,
serial,ALG/ALG284^5.p,TH0,Theorem,timeout,na,2015,549,23,549,46,8,0,1,0,
serial,ALG/ALG285^5.p,TH0,Theorem,timeout,na,2018,708,34,708,61,9,0,1,0,
serial,ALG/ALG286^5.p,TH0,Theorem,timeout,na,2020,725,40,725,63,9,0,1,0,
serial,ALG/ALG287^5.p,TH0,Theorem,timeout,na,2019,855,40,855,71,15,0,1,0,
serial,ALG/ALG288^5.p,TH0,Unknown,timeout,na,2023,590,19,590,70,5,0,1,0,
serial,ALG/ALG289^5.p,TH0,Unknown,timeout,na,2024,655,23,655,68,1,0,0,0,
serial,ALG/ALG290^5.p,TH0,Theorem,timeout,na,2025,485,12,485,53,13,0,4,0,
serial,ALG/ALG291^5.p,TH0,Unknown,timeout,na,2041,531,21,531,68,1,0,2,0,
serial,ALG/ALG292^5.p,TH0,Theorem,timeout,na,2043,662,17,662,70,24,0,1,0,
serial,ALG/ALG293^5.p,TH0,Unknown,timeout,na,2039,535,9,535,75,1,0,1,0,
serial,ALG/ALG294^5.p,TH0,Theorem,timeout,na,2042,314,10,314,34,0,0,4,0,
serial,ALG/ALG295^5.p,TH0,Unknown,timeout,na,2027,433,8,433,62,13,0,1,0,
serial,ALG/ALG296^5.p,TH0,Unknown,timeout,na,2031,397,12,397,55,2,0,5,0,
serial,ALG/ALG297^5.p,TH0,Unknown,timeout,na,2031,474,15,474,65,0,0,1,0,
serial,ALG/ALG298^5.p,TH0,Theorem,timeout,na,2019,590,27,590,48,8,0,1,0,
serial,ALG/ALG444^1.p,TH0,Satisfiable,no_conjecture,na,255,,,,,,,,,
serial,ANA/ANA046^1.p,TH1,Theorem,parse_timeout,na,0,,,,,,,,,cached: parse exceeded 5000ms
serial,ANA/ANA047^1.p,TH1,Theorem,parse_timeout,na,0,,,,,,,,,cached: parse exceeded 5000ms
serial,ANA/ANA048^1.p,TH1,Theorem,parse_timeout,na,0,,,,,,,,,cached: parse exceeded 5000ms
serial,ANA/ANA049^1.p,TH1,Theorem,parse_timeout,na,0,,,,,,,,,cached: parse exceeded 5000ms
serial,ANA/ANA050^1.p,TH1,Theorem,parse_timeout,na,0,,,,,,,,,cached: parse exceeded 5000ms
serial,ANA/ANA051^1.p,TH1,Theorem,parse_timeout,na,0,,,,,,,,,cached: parse exceeded 5000ms
serial,ANA/ANA052^1.p,TH1,Theorem,parse_timeout,na,0,,,,,,,,,cached: parse exceeded 5000ms
serial,ANA/ANA053^1.p,TH1,Theorem,parse_timeout,na,0,,,,,,,,,cached: parse exceeded 5000ms
serial,ANA/ANA054^1.p,TH1,Theorem,parse_timeout,na,0,,,,,,,,,cached: parse exceeded 5000ms
serial,ANA/ANA055^1.p,TH1,Theorem,parse_timeout,na,0,,,,,,,,,cached: parse exceeded 5000ms
serial,ANA/ANA056^1.p,TH1,Theorem,parse_timeout,na,0,,,,,,,,,cached: parse exceeded 5000ms
serial,ANA/ANA057^1.p,TH1,Theorem,parse_timeout,na,0,,,,,,,,,cached: parse exceeded 5000ms
serial,ANA/ANA058^1.p,TH1,Theorem,parse_timeout,na,0,,,,,,,,,cached: parse exceeded 5000ms
serial,ANA/ANA059^1.p,TH1,Theorem,parse_timeout,na,0,,,,,,,,,cached: parse exceeded 5000ms
serial,ANA/ANA060^1.p,TH1,Theorem,parse_timeout,na,0,,,,,,,,,cached: parse exceeded 5000ms
serial,ANA/ANA061^1.p,TH1,Theorem,parse_timeout,na,0,,,,,,,,,cached: parse exceeded 5000ms
serial,ANA/ANA062^1.p,TH1,Theorem,parse_timeout,na,0,,,,,,,,,cached: parse exceeded 5000ms
serial,ANA/ANA063^1.p,TH1,Theorem,parse_timeout,na,0,,,,,,,,,cached: parse exceeded 5000ms
serial,ANA/ANA064^1.p,TH1,Theorem,parse_timeout,na,0,,,,,,,,,cached: parse exceeded 5000ms
serial,ANA/ANA065^1.p,TH1,Theorem,parse_timeout,na,0,,,,,,,,,cached: parse exceeded 5000ms
serial,ANA/ANA066^1.p,TH1,Theorem,parse_timeout,na,0,,,,,,,,,cached: parse exceeded 5000ms
serial,ANA/ANA067^1.p,TH1,Theorem,parse_timeout,na,0,,,,,,,,,cached: parse exceeded 5000ms
serial,ANA/ANA068^1.p,TH1,Theorem,timeout,na,2032,1101,3,1101,148,51,0,0,0,
serial,ANA/ANA069^1.p,TH1,Theorem,timeout,na,2048,1131,5,1131,332,11,0,0,0,
serial,ANA/ANA070^1.p,TH1,Theorem,timeout,na,2057,1189,2,1189,404,16,0,0,0,
serial,ANA/ANA071^1.p,TH1,Theorem,timeout,na,2042,1107,1,1107,317,13,0,0,0,
serial,ANA/ANA072^1.p,TH1,Theorem,timeout,na,2047,1129,3,1129,334,30,0,0,0,
serial,ANA/ANA073^1.p,TH1,ContradictoryAxioms,timeout,na,2056,1801,2,1801,364,18,0,0,0,
serial,ANA/ANA074^1.p,TH1,Theorem,timeout,na,2039,1041,2,1041,292,14,0,0,0,
serial,ANA/ANA075^1.p,TH1,Theorem,timeout,na,2027,639,32,639,46,4,0,2,0,
serial,ANA/ANA076^1.p,TH1,Theorem,timeout,na,2037,989,4,989,168,18,0,0,0,
serial,ANA/ANA077^1.p,TH1,Theorem,timeout,na,2035,932,1,932,117,101,0,0,0,
serial,ANA/ANA078^1.p,TH1,Theorem,timeout,na,2013,440,18,440,37,4,0,0,0,
serial,ANA/ANA079^1.p,TH1,Theorem,timeout,na,2035,1015,7,1015,160,17,0,1,0,
serial,ANA/ANA080^1.p,TH1,Theorem,timeout,na,2040,1225,12,1225,192,44,0,0,0,
serial,ANA/ANA081^1.p,TH1,Theorem,timeout,na,2057,1217,3,1217,418,14,0,0,0,
serial,ANA/ANA082^1.p,TH1,Theorem,timeout,na,2050,1157,2,1157,354,10,0,0,0,
serial,ANA/ANA083^1.p,TH1,Theorem,timeout,na,2054,1150,2,1150,381,31,0,0,0,
serial,ANA/ANA084^1.p,TH1,Theorem,timeout,na,2042,1102,2,1102,296,30,0,0,0,
serial,ANA/ANA085^1.p,TH1,ContradictoryAxioms,timeout,na,2054,1627,19,1627,335,57,0,0,0,
serial,ANA/ANA086^1.p,TH1,Theorem,timeout,na,2040,1052,3,1052,292,16,0,0,0,
serial,ANA/ANA087^1.p,TH1,Theorem,timeout,na,2030,668,26,668,43,16,0,2,0,
serial,ANA/ANA088^1.p,TH1,Theorem,timeout,na,2036,1034,3,1034,183,18,0,0,0,
serial,ANA/ANA089^1.p,TH1,Theorem,timeout,na,2029,895,1,895,104,69,0,0,0,
serial,ANA/ANA090^1.p,TH1,Theorem,timeout,na,2045,1014,47,1014,79,0,0,2,0,
serial,ANA/ANA091^1.p,TH1,Theorem,timeout,na,2041,1088,7,1088,177,33,0,1,0,
serial,ANA/ANA092^1.p,TH1,Theorem,timeout,na,2042,1047,9,1047,196,62,0,0,0,
serial,ANA/ANA093^1.p,TH1,ContradictoryAxioms,timeout,na,2012,440,20,440,37,6,0,1,0,
serial,ANA/ANA094^1.p,TH1,ContradictoryAxioms,timeout,na,2013,418,17,418,35,6,0,1,0,
serial,ANA/ANA095^1.p,TH1,Theorem,timeout,na,2022,138,4,138,23,0,0,0,0,
serial,ANA/ANA096^1.p,TH1,Theorem,timeout,na,2029,434,16,434,53,4,0,0,0,
serial,ANA/ANA097^1.p,TH1,Theorem,timeout,na,2026,320,11,320,41,4,0,0,0,
serial,ANA/ANA098^1.p,TH1,Theorem,timeout,na,2023,177,8,177,14,6,0,1,0,
serial,ANA/ANA099^1.p,TH1,Theorem,timeout,na,2017,159,5,159,23,0,0,0,0,
serial,ANA/ANA100^1.p,TH1,Theorem,timeout,na,2013,420,20,420,30,12,0,1,0,
serial,ANA/ANA101^1.p,TH1,Theorem,timeout,na,2018,418,21,418,31,7,0,1,0,
serial,ANA/ANA102^1.p,TH1,Theorem,timeout,na,2046,1002,24,1002,117,19,0,0,0,
serial,ANA/ANA103^1.p,TH1,Theorem,timeout,na,2026,83,1,83,24,0,0,0,0,
serial,ANA/ANA104^1.p,TH1,ContradictoryAxioms,timeout,na,2027,95,4,95,12,0,0,0,0,
serial,ANA/ANA105^1.p,TH1,Theorem,timeout,na,2015,345,12,345,29,6,0,0,0,
serial,ANA/ANA106^1.p,TH1,Theorem,timeout,na,2016,360,16,360,29,4,0,0,0,
serial,ANA/ANA107^1.p,TH1,Theorem,timeout,na,2024,886,18,886,100,0,0,0,0,
serial,ANA/ANA108^1.p,TH1,Theorem,timeout,na,2039,1222,20,1222,190,5,0,0,0,
serial,ANA/ANA109^1.p,TH1,Theorem,timeout,na,2010,412,19,412,32,7,0,1,0,
serial,ANA/ANA110^1.p,TH1,Theorem,timeout,na,2034,496,10,481,48,32,0,0,0,
serial,ANA/ANA111^1.p,TH1,Theorem,timeout,na,2028,307,6,293,24,20,0,0,0,
serial,ANA/ANA112^1.p,TH1,Theorem,timeout,na,2018,335,15,335,26,5,0,0,0,
serial,ANA/ANA113^1.p,TH1,Theorem,timeout,na,2017,480,23,480,46,10,0,0,0,
serial,ANA/ANA114^1.p,TH1,CounterSatisfiable,timeout,na,2028,625,26,625,58,12,0,1,0,
serial,ANA/ANA115^1.p,TH1,Theorem,timeout,na,2013,443,19,443,36,4,0,0,0,
serial,ANA/ANA116^1.p,TH1,Theorem,timeout,na,2028,211,5,207,21,8,0,1,0,
serial,ANA/ANA117^1.p,TH1,Theorem,timeout,na,2027,452,15,444,49,13,0,0,0,
serial,ANA/ANA118^1.p,TH1,Theorem,timeout,na,2017,414,16,414,30,10,0,1,0,
serial,ANA/ANA119^1.p,TH1,Theorem,timeout,na,2019,499,24,499,35,11,0,1,0,
serial,ANA/ANA120^1.p,TH1,Theorem,timeout,na,2035,266,10,266,25,2,0,1,0,
serial,ANA/ANA121^1.p,TH1,Theorem,timeout,na,2037,255,12,255,25,0,0,1,0,
serial,ANA/ANA122^1.p,TH1,Theorem,timeout,na,2016,574,30,574,37,7,0,1,0,
serial,ANA/ANA123^1.p,TH1,Theorem,thm,yes,5,3,0,3,1,1,0,0,0,
serial,ANA/ANA124^1.p,TH1,Theorem,timeout,na,2013,232,11,232,13,8,0,9,0,
serial,ANA/ANA125^1.p,TH0,Theorem,timeout,na,2015,603,29,603,43,5,0,3,0,
serial,ANA/ANA126^1.p,TH0,Theorem,timeout,na,2012,555,28,555,40,8,0,2,0,
serial,ANA/ANA127^1.p,TH0,Theorem,timeout,na,2020,711,37,711,59,17,0,2,0,
serial,ANA/ANA128^1.p,TH1,Theorem,timeout,na,2024,72,4,72,5,0,0,2,0,
serial,ANA/ANA129^1.p,TH0,Theorem,timeout,na,2020,533,24,533,50,0,0,1,0,
serial,ANA/ANA130^1.p,TH1,Theorem,timeout,na,2047,558,32,558,54,4,0,1,0,
serial,ANA/ANA131^1.p,TH1,Theorem,timeout,na,2018,169,8,169,18,0,0,1,0,
serial,ANA/ANA132^1.p,TH1,Theorem,timeout,na,2033,155,7,155,13,0,0,1,0,
serial,CAT/CAT038^1.p,TH0,Theorem,timeout,na,2012,815,29,815,66,10,0,2,0,
serial,CAT/CAT038^2.p,TH0,Theorem,timeout,na,2015,829,29,829,67,10,0,2,0,
serial,CAT/CAT039^1.p,unknown,Theorem,parser_error,na,0,,,,,,,,,cached: Syntax Error: expected ' ' or ']' in !> binder  got [{:colon  ":"  1679}  {:atom  "obj"  1681}  {:rbracket  "]"  1684}  {:colon  ":"  1686}  {:lparen  "("  1688}  {:atom  "mor"  1690}  {:app  "@"  169
serial,CAT/CAT040^1.p,unknown,Theorem,parser_error,na,0,,,,,,,,,cached: Syntax Error: expected ' ' or ']' in !> binder  got [{:colon  ":"  1679}  {:atom  "obj"  1681}  {:rbracket  "]"  1684}  {:colon  ":"  1686}  {:lparen  "("  1688}  {:atom  "mor"  1690}  {:app  "@"  169
serial,CAT/CAT041^1.p,unknown,Theorem,parser_error,na,0,,,,,,,,,cached: Syntax Error: expected ' ' or ']' in !> binder  got [{:colon  ":"  1679}  {:atom  "obj"  1681}  {:rbracket  "]"  1684}  {:colon  ":"  1686}  {:lparen  "("  1688}  {:atom  "mor"  1690}  {:app  "@"  169
serial,CAT/CAT042^1.p,unknown,Theorem,parser_error,na,0,,,,,,,,,cached: Syntax Error: expected ' ' or ']' in !> binder  got [{:colon  ":"  1679}  {:atom  "obj"  1681}  {:rbracket  "]"  1684}  {:colon  ":"  1686}  {:lparen  "("  1688}  {:atom  "mor"  1690}  {:app  "@"  169
serial,CAT/CAT043^1.p,unknown,Theorem,parser_error,na,0,,,,,,,,,cached: Syntax Error: expected ' ' or ']' in !> binder  got [{:colon  ":"  1679}  {:atom  "obj"  1681}  {:rbracket  "]"  1684}  {:colon  ":"  1686}  {:lparen  "("  1688}  {:atom  "mor"  1690}  {:app  "@"  169
serial,COL/COL125^1.p,TH0,Unknown,timeout,na,2472,0,0,0,1,0,0,0,0,
serial,COL/COL126^1.p,TH0,Unknown,timeout,na,2470,0,0,0,1,0,0,0,0,
serial,COM/COM024^5.p,TH0,Theorem,timeout,na,2008,440,18,440,35,2,0,3,0,
serial,COM/COM152^1.p,TH1,Theorem,timeout,na,3154,50,5,50,1,0,0,0,0,
serial,COM/COM153^1.p,TH1,Theorem,timeout,na,3020,0,0,0,1,0,0,0,0,
serial,COM/COM154^1.p,TH1,Theorem,timeout,na,2348,63,6,63,2,0,0,0,0,
serial,COM/COM155^1.p,TH1,Theorem,timeout,na,2841,0,0,0,1,0,0,0,0,
serial,COM/COM156^1.p,TH1,Theorem,timeout,na,2912,0,0,0,1,0,0,0,0,
serial,COM/COM157^1.p,TH1,Theorem,timeout,na,3105,0,0,0,1,0,0,0,0,
serial,COM/COM158^1.p,TH1,Theorem,timeout,na,2274,87,7,87,4,0,0,0,0,
serial,COM/COM159^1.p,TH1,Theorem,timeout,na,2981,0,0,0,1,0,0,0,0,
serial,COM/COM160^1.p,TH1,Theorem,timeout,na,3017,0,0,0,1,0,0,0,0,
serial,COM/COM161^1.p,TH1,Theorem,timeout,na,2770,0,0,0,1,0,0,0,0,
serial,COM/COM162^1.p,TH1,Theorem,timeout,na,2333,146,14,146,1,0,0,0,0,
serial,COM/COM163^1.p,TH1,Theorem,thm,yes,559,2,0,2,1,1,0,0,0,
serial,COM/COM164^1.p,TH1,Theorem,timeout,na,2425,90,9,90,1,0,0,0,0,
serial,COM/COM165^1.p,TH1,Theorem,timeout,na,2407,63,6,63,2,0,0,0,0,
serial,COM/COM166^1.p,TH1,Theorem,timeout,na,2411,63,6,63,2,0,0,0,0,
serial,COM/COM167^1.p,TH1,Theorem,timeout,na,2528,76,6,76,4,0,0,0,0,
serial,COM/COM168^1.p,TH1,Theorem,timeout,na,2467,147,13,147,5,0,0,0,0,
serial,COM/COM169^1.p,TH1,Theorem,timeout,na,2466,132,10,132,8,0,0,0,0,
serial,COM/COM170^1.p,TH1,Theorem,timeout,na,2471,138,9,138,8,0,0,0,0,
serial,COM/COM171^1.p,TH1,Theorem,timeout,na,2667,79,7,79,1,0,0,0,0,
serial,COM/COM172^1.p,TH1,Theorem,timeout,na,2736,173,15,173,5,0,0,0,0,
serial,COM/COM173^1.p,TH1,Theorem,timeout,na,2758,0,0,0,1,0,0,0,0,
serial,COM/COM174^1.p,TH1,Theorem,timeout,na,2726,181,16,181,3,0,0,0,0,
serial,COM/COM175^1.p,TH1,Theorem,timeout,na,2789,0,0,0,1,0,0,0,0,
serial,COM/COM176^1.p,TH1,Theorem,timeout,na,2508,81,6,81,4,0,0,0,0,
serial,COM/COM177^1.p,TH1,Theorem,timeout,na,2600,243,19,243,25,0,0,0,0,
serial,COM/COM178^1.p,TH1,Theorem,timeout,na,2893,0,0,0,1,0,0,0,0,
serial,COM/COM179^1.p,TH1,Theorem,timeout,na,2600,183,14,183,20,0,0,0,0,
serial,COM/COM180^1.p,TH1,Theorem,timeout,na,2724,0,0,0,1,0,0,0,0,
serial,COM/COM181^1.p,TH1,Theorem,timeout,na,2639,99,7,99,16,0,0,0,0,
serial,COM/COM182^1.p,TH1,Theorem,timeout,na,2778,0,0,0,1,0,0,0,0,
serial,COM/COM183^1.p,TH1,Theorem,timeout,na,2397,150,13,150,4,0,0,0,0,
serial,COM/COM184^1.p,TH1,Theorem,timeout,na,2821,0,0,0,1,0,0,0,0,
serial,COM/COM185^1.p,TH1,Theorem,timeout,na,2820,0,0,0,1,0,0,0,0,
serial,COM/COM186^1.p,TH1,Theorem,timeout,na,2711,0,0,0,1,0,0,0,0,
serial,COM/COM187^1.p,TH1,Theorem,timeout,na,3022,0,0,0,1,0,0,0,0,
serial,COM/COM188^1.p,TH1,Theorem,timeout,na,2709,0,0,0,1,0,0,0,0,
serial,COM/COM189^1.p,TH1,Theorem,timeout,na,2753,0,0,0,1,0,0,0,0,
serial,COM/COM190^1.p,TH1,Theorem,thm,yes,718,1,0,1,1,1,0,0,0,
serial,COM/COM191^1.p,TH1,Theorem,timeout,na,2716,0,0,0,1,0,0,0,0,
serial,COM/COM192^1.p,TH1,Theorem,timeout,na,2913,0,0,0,1,0,0,0,0,
serial,COM/COM193^1.p,TH1,Theorem,timeout,na,2420,62,2,62,8,0,0,0,0,
serial,COM/COM194^1.p,TH1,Theorem,timeout,na,2725,0,0,0,1,0,0,0,0,
serial,COM/COM195^1.p,TH1,Theorem,thm,yes,1035,16,1,16,1,1,0,0,0,
serial,COM/COM196^1.p,TH1,Theorem,timeout,na,2446,99,7,99,6,0,0,0,0,
serial,COM/COM197^1.p,TH1,Theorem,timeout,na,2953,50,5,50,1,0,0,0,0,
serial,COM/COM198^1.p,TH1,Theorem,timeout,na,3046,7,0,7,1,0,0,0,0,
serial,COM/COM199^1.p,TH1,Theorem,timeout,na,3103,15,1,15,1,0,0,0,0,
serial,COM/COM200^1.p,TH1,Theorem,timeout,na,2367,326,23,326,23,0,0,0,0,
serial,COM/COM201^1.p,TH1,Theorem,timeout,na,2387,100,10,100,1,0,0,0,0,
serial,COM/COM202^1.p,TH1,Theorem,timeout,na,2810,95,9,95,1,0,0,0,0,
serial,COM/COM203^1.p,TH1,Theorem,timeout,na,2827,38,2,38,16,0,0,0,0,
serial,COM/COM204^1.p,TH1,Theorem,timeout,na,2908,0,0,0,1,0,0,0,0,
serial,COM/COM205^1.p,TH1,Theorem,timeout,na,2744,43,2,43,16,0,0,0,0,
serial,COM/COM206^1.p,TH1,Theorem,timeout,na,2879,44,4,44,1,0,0,0,0,
serial,COM/COM207^1.p,TH1,Theorem,timeout,na,2876,45,4,45,1,0,0,0,0,
serial,COM/COM208^1.p,TH1,Theorem,timeout,na,2900,59,5,59,1,0,0,0,0,
serial,COM/COM209^1.p,TH1,Theorem,timeout,na,2912,44,4,44,1,0,0,0,0,
serial,COM/COM210^1.p,TH1,Theorem,timeout,na,2658,73,7,73,1,0,0,0,0,
serial,COM/COM211^1.p,TH1,Theorem,timeout,na,2834,44,4,44,1,0,0,0,0,
serial,CSR/CSR119^1.p,TH0,Theorem,prover_error,na,2052,,,,,,,,,{{%RuntimeError{message: "ShotTx.Proof.interior_event/2: unhandled trace entry {560324834  {:instantiate  #Stream<[enum: [560263138  560263170]  funs: [#Function<49.48511117/1 in Stream.map/2>]]>  2}  []}"}  [{ShotTx.Proof  :interior_event  2  [file: ~c"lib/shot_tx/proof.ex"  line: 474  error_info: %{module: Exception}]}  {Enum  :"-reduce/3-lists^foldl/2-0-"  3  [file: ~c"lib/enum.ex"  line: 2622]}  {ShotTx.Proof  :linearize  2  [file: ~c"lib/shot_tx/proof.ex"  line: 367]}  {Enum  :"-map/2-fun-0-"  3  [file: ~c"lib/enum.ex"  line: 1733]}  {:maps  :fold_1  4  [file: ~c"maps.erl"  line: 894]}  {Enum  :map  2  [file: ~c"lib/enum.ex"  line: 2634]}  {ShotTx.Proof  :from_refutation  4  [file: ~c"lib/shot_tx/proof.ex"  line: 117]}  {ShotTx.Prover.Manager  :finish_with_timeout  1  [file: ~c"lib/shot_tx/prover/manager.ex"  line: 221]}]}  {GenServer  :call  [{:via  Registry  {ShotTx.Prover.ProcessRegistry  {"#Reference<0.1991749849.610533377.144504>"  :manager}}}  :start_proof  :infinity]}}
serial,CSR/CSR119^2.p,TH0,Theorem,timeout,na,2090,516,45,516,17,2,0,0,0,
serial,CSR/CSR119^3.p,TH0,Theorem,timeout,na,5350,257,25,257,1,0,0,0,0,
serial,CSR/CSR120^1.p,TH0,Theorem,timeout,na,2066,2836,1,2816,222,179,0,0,0,
serial,CSR/CSR120^2.p,TH0,Theorem,timeout,na,2086,493,42,493,15,3,0,0,0,
serial,CSR/CSR120^3.p,TH0,Theorem,timeout,na,5340,254,25,254,1,0,0,0,0,
serial,CSR/CSR121^1.p,TH0,Theorem,prover_error,na,2046,,,,,,,,,{{%RuntimeError{message: "ShotTx.Proof.interior_event/2: unhandled trace entry {218406915  {:instantiate  #Stream<[enum: [218174371  218174403]  funs: [#Function<49.48511117/1 in Stream.map/2>  #Function<49.48511117/1 in Stream.map/2>]]>  2}  []}"}  [{ShotTx.Proof  :interior_event  2  [file: ~c"lib/shot_tx/proof.ex"  line: 474  error_info: %{module: Exception}]}  {Enum  :"-reduce/3-lists^foldl/2-0-"  3  [file: ~c"lib/enum.ex"  line: 2622]}  {ShotTx.Proof  :linearize  2  [file: ~c"lib/shot_tx/proof.ex"  line: 367]}  {Enum  :"-map/2-fun-0-"  3  [file: ~c"lib/enum.ex"  line: 1733]}  {:maps  :fold_1  4  [file: ~c"maps.erl"  line: 894]}  {Enum  :map  2  [file: ~c"lib/enum.ex"  line: 2634]}  {ShotTx.Proof  :from_refutation  4  [file: ~c"lib/shot_tx/proof.ex"  line: 117]}  {ShotTx.Prover.Manager  :finish_with_timeout  1  [file: ~c"lib/shot_tx/prover/manager.ex"  line: 221]}]}  {GenServer  :call  [{:via  Registry  {ShotTx.Prover.ProcessRegistry  {"#Reference<0.1991749849.606076930.55896>"  :manager}}}  :start_proof  :infinity]}}
serial,CSR/CSR121^2.p,TH0,Theorem,timeout,na,2094,496,37,496,17,8,0,0,0,
serial,CSR/CSR122^1.p,TH0,Theorem,timeout,na,2074,322,0,252,5,80,0,0,0,
serial,CSR/CSR122^2.p,TH0,Theorem,timeout,na,2080,280,24,280,5,2,0,0,0,
serial,CSR/CSR123^1.p,TH0,Theorem,timeout,na,2004,66,2,65,9,0,0,1,0,
serial,CSR/CSR123^2.p,TH0,Theorem,timeout,na,2084,387,35,387,4,0,0,0,0,
serial,CSR/CSR124^1.p,TH0,Theorem,prover_error,na,76,,,,,,,,,ShotTx.Proof.interior_event/2: unhandled trace entry {588475362  {:instantiate  #Stream<[enum: [588443330  588443362]  funs: [#Function<49.48511117/1 in Stream.map/2>  #Function<49.48511117/1 in Stream.map/2>]]>  2}  []}
serial,CSR/CSR124^2.p,TH0,Theorem,timeout,na,2086,417,33,413,7,9,0,0,0,
serial,CSR/CSR125^1.p,TH0,Theorem,thm,yes,28,47,0,46,5,7,0,1,1,
serial,CSR/CSR125^2.p,TH0,Theorem,timeout,na,2137,487,41,487,11,3,0,0,0,
serial,CSR/CSR126^1.p,TH0,Theorem,timeout,na,2066,2496,0,2439,91,378,0,0,0,
serial,CSR/CSR126^2.p,TH0,Theorem,timeout,na,2089,688,59,688,24,0,0,0,0,
serial,CSR/CSR127^1.p,TH0,Theorem,timeout,na,2058,1804,0,1731,95,254,0,0,0,
serial,CSR/CSR127^2.p,TH0,Theorem,timeout,na,2092,670,52,670,17,12,0,0,0,
serial,CSR/CSR128^1.p,TH0,Theorem,timeout,na,2062,2485,2,2469,193,234,0,0,0,
serial,CSR/CSR128^2.p,TH0,Theorem,timeout,na,2093,657,50,657,28,0,0,0,0,
serial,CSR/CSR129^1.p,TH0,Theorem,timeout,na,2058,2532,0,2532,405,0,0,0,0,
serial,CSR/CSR129^2.p,TH0,Theorem,timeout,na,2071,1400,4,1400,164,28,0,0,0,
serial,CSR/CSR130^1.p,TH0,Theorem,timeout,na,2041,1400,0,1400,319,0,0,0,0,
serial,CSR/CSR130^2.p,TH0,Theorem,timeout,na,2071,1427,4,1427,159,28,0,0,0,
serial,CSR/CSR131^1.p,TH0,Theorem,timeout,na,2092,2658,0,2658,623,0,0,0,0,
serial,CSR/CSR131^2.p,TH0,Theorem,timeout,na,2076,1499,4,1499,134,62,0,0,0,
serial,CSR/CSR132^1.p,TH0,Theorem,timeout,na,2076,2721,0,2721,528,0,0,0,0,
serial,CSR/CSR132^2.p,TH0,Theorem,timeout,na,2134,656,15,656,35,28,0,0,0,
serial,CSR/CSR133^1.p,TH0,Theorem,timeout,na,2094,2723,0,2723,649,0,0,0,0,
serial,CSR/CSR133^2.p,TH0,Theorem,timeout,na,2078,1565,4,1565,129,94,0,0,0,
serial,CSR/CSR134^1.p,TH0,Theorem,timeout,na,2092,2575,0,2575,641,0,0,0,0,
serial,CSR/CSR134^2.p,TH0,Theorem,timeout,na,2075,1382,4,1382,129,70,0,0,0,
serial,CSR/CSR135^1.p,TH0,Theorem,thm,yes,43,13,0,13,2,0,0,1,1,
serial,CSR/CSR135^2.p,TH0,Theorem,thm,yes,48,13,0,13,2,0,0,1,1,
serial,CSR/CSR136^1.p,TH0,Theorem,thm,yes,853,156,4,156,6,24,0,2,1,
serial,CSR/CSR136^2.p,TH0,Theorem,thm,yes,557,130,4,130,5,17,0,2,1,
serial,CSR/CSR137^1.p,TH0,Theorem,timeout,na,2021,384,16,384,8,58,0,2,0,
serial,CSR/CSR137^2.p,TH0,Theorem,timeout,na,2041,391,24,391,39,10,0,0,0,
serial,CSR/CSR138^1.p,TH0,Theorem,timeout,na,2063,455,16,455,172,37,0,1,0,
serial,CSR/CSR138^2.p,TH0,Theorem,timeout,na,2123,360,30,360,16,0,0,0,0,
serial,CSR/CSR139^1.p,TH0,Theorem,timeout,na,2015,363,21,363,31,8,0,1,0,
serial,CSR/CSR139^2.p,TH0,Theorem,timeout,na,2063,624,30,624,146,10,0,0,0,
serial,CSR/CSR140^1.p,TH0,Theorem,thm,yes,62,19,1,19,2,0,0,1,1,
serial,CSR/CSR140^2.p,TH0,Theorem,timeout,na,2037,448,25,448,50,10,0,0,0,
serial,CSR/CSR141^1.p,TH0,Theorem,timeout,na,2050,844,0,747,65,151,0,0,0,
serial,CSR/CSR141^2.p,TH0,Theorem,timeout,na,2101,620,37,618,39,5,0,0,0,
serial,CSR/CSR141^3.p,TH0,CounterSatisfiable,unk,na,44,42,0,37,5,7,0,0,0,
serial,CSR/CSR142^1.p,TH0,Theorem,thm,yes,1215,73,4,73,7,0,0,1,1,
serial,CSR/CSR142^2.p,TH0,Theorem,timeout,na,2116,299,28,299,3,0,0,0,0,
serial,CSR/CSR142^3.p,TH0,CounterSatisfiable,timeout,na,2003,1469,195,1469,1,0,0,0,0,
serial,CSR/CSR143^1.p,TH0,Theorem,timeout,na,2007,210,10,206,15,6,0,0,0,
serial,CSR/CSR143^2.p,TH0,Theorem,timeout,na,2141,414,37,414,5,2,0,0,0,
serial,CSR/CSR143^3.p,TH0,CounterSatisfiable,timeout,na,2049,2913,55,2909,184,135,0,0,0,
serial,CSR/CSR144^1.p,TH0,Theorem,timeout,na,2013,316,11,316,47,4,0,0,0,
serial,CSR/CSR144^2.p,TH0,Theorem,timeout,na,2153,344,34,344,2,0,0,0,0,
serial,CSR/CSR144^3.p,TH0,CounterSatisfiable,timeout,na,2064,2748,22,2748,250,203,0,0,0,
serial,CSR/CSR145^1.p,TH0,Theorem,timeout,na,2007,105,4,105,14,0,0,2,0,
serial,CSR/CSR145^2.p,TH0,Theorem,timeout,na,2153,388,38,388,1,0,0,0,0,
serial,CSR/CSR145^3.p,TH0,CounterSatisfiable,timeout,na,2004,159,11,159,9,8,0,2,0,
serial,CSR/CSR146^1.p,TH0,Theorem,timeout,na,2009,179,6,175,20,7,0,0,0,
serial,CSR/CSR146^2.p,TH0,Theorem,timeout,na,2160,304,30,304,1,0,0,0,0,
serial,CSR/CSR146^3.p,TH0,Theorem,timeout,na,2009,179,6,175,20,7,0,0,0,
serial,CSR/CSR148^1.p,TH0,Theorem,timeout,na,2044,686,6,545,102,114,0,0,0,
serial,CSR/CSR148^2.p,TH0,Theorem,timeout,na,2094,502,42,494,17,8,0,0,0,
serial,CSR/CSR148^3.p,TH0,ContradictoryAxioms,timeout,na,5334,256,25,256,1,0,0,0,0,
serial,CSR/CSR149^1.p,TH0,Theorem,timeout,na,2069,2481,8,2458,51,297,0,0,0,
serial,CSR/CSR149^2.p,TH0,Theorem,timeout,na,2092,502,42,494,13,12,0,0,0,
serial,CSR/CSR149^3.p,TH0,ContradictoryAxioms,timeout,na,5311,256,25,256,1,0,0,0,0,
serial,CSR/CSR150^1.p,TH0,Theorem,timeout,na,2030,1099,18,1099,148,15,0,0,0,
serial,CSR/CSR150^2.p,TH0,Theorem,timeout,na,2126,382,32,382,17,0,0,0,0,
serial,CSR/CSR150^3.p,TH0,Theorem,timeout,na,5333,250,25,250,1,0,0,0,0,
serial,CSR/CSR151^1.p,TH0,Theorem,unk,na,152,133,0,117,9,29,0,0,0,
serial,CSR/CSR151^2.p,TH0,Theorem,timeout,na,2088,419,35,419,13,6,0,0,0,
serial,CSR/CSR151^3.p,TH0,Theorem,timeout,na,5309,256,25,256,1,0,0,0,0,
serial,CSR/CSR152^1.p,TH0,Theorem,unk,na,71,77,0,67,9,15,0,0,0,
serial,CSR/CSR152^2.p,TH0,Theorem,timeout,na,2127,875,16,844,192,68,0,0,0,
serial,CSR/CSR152^3.p,TH0,ContradictoryAxioms,timeout,na,5268,258,25,258,1,0,0,0,0,
serial,CSR/CSR153^1.p,TH0,Theorem,timeout,na,2038,1306,31,1306,130,78,0,1,0,
serial,CSR/CSR153^2.p,TH0,Theorem,timeout,na,2065,375,34,375,7,0,0,1,0,
serial,CSR/CSR153^3.p,TH0,ContradictoryAxioms,timeout,na,5312,250,25,250,1,0,0,0,0,
serial,DAT/DAT002^1.p,TH0,Theorem,timeout,na,2030,983,46,983,145,53,0,0,0,
serial,DAT/DAT056^1.p,TH0,Theorem,timeout,na,2018,650,22,650,55,17,0,0,0,
serial,DAT/DAT056^2.p,TH0,Theorem,timeout,na,2017,702,9,702,97,0,0,4,0,
serial,DAT/DAT113^1.p,TH1,Theorem,timeout,na,2426,85,7,85,2,0,0,0,0,
serial,DAT/DAT114^1.p,TH1,Theorem,timeout,na,2685,197,16,197,9,0,0,0,0,
serial,DAT/DAT115^1.p,TH1,Theorem,timeout,na,2781,270,22,270,12,0,0,0,0,
serial,DAT/DAT117^1.p,TH1,Theorem,timeout,na,2682,255,22,255,10,0,0,0,0,
serial,DAT/DAT118^1.p,TH1,Theorem,timeout,na,2760,272,21,272,15,0,0,0,0,
serial,DAT/DAT119^1.p,TH1,Theorem,timeout,na,2390,0,0,0,1,0,0,0,0,
serial,DAT/DAT120^1.p,TH1,Theorem,timeout,na,2554,0,0,0,1,0,0,0,0,
serial,DAT/DAT121^1.p,TH1,Theorem,timeout,na,2338,409,34,409,13,2,0,0,0,
serial,DAT/DAT122^1.p,TH1,Theorem,timeout,na,2741,0,0,0,1,0,0,0,0,
serial,DAT/DAT123^1.p,TH1,Theorem,timeout,na,2438,642,16,642,74,0,0,0,0,
serial,DAT/DAT124^1.p,TH1,Theorem,timeout,na,2493,546,30,546,41,0,0,0,0,
serial,DAT/DAT125^1.p,TH1,Theorem,timeout,na,2796,106,9,106,3,0,0,0,0,
serial,DAT/DAT126^1.p,TH1,Theorem,timeout,na,2490,10,1,10,1,0,0,0,0,
serial,DAT/DAT127^1.p,TH1,Theorem,timeout,na,2436,295,18,295,19,0,0,0,0,
serial,DAT/DAT128^1.p,TH1,Theorem,timeout,na,2455,352,32,352,6,0,0,0,0,
serial,DAT/DAT129^1.p,TH1,Theorem,timeout,na,2364,1268,45,1268,80,50,0,0,0,
serial,DAT/DAT130^1.p,TH1,Theorem,timeout,na,2670,0,0,0,1,0,0,0,0,
serial,DAT/DAT131^1.p,TH1,Theorem,timeout,na,2774,0,0,0,1,0,0,0,0,
serial,DAT/DAT132^1.p,TH1,Theorem,timeout,na,2723,0,0,0,1,0,0,0,0,
serial,DAT/DAT133^1.p,TH1,Theorem,timeout,na,2478,109,9,109,4,0,0,0,0,
serial,DAT/DAT134^1.p,TH1,Theorem,timeout,na,2883,0,0,0,1,0,0,0,0,
serial,DAT/DAT135^1.p,TH1,Theorem,timeout,na,2447,328,26,328,22,0,0,0,0,
serial,DAT/DAT136^1.p,TH1,Theorem,timeout,na,2351,371,21,371,23,2,0,0,0,
serial,DAT/DAT137^1.p,TH1,Theorem,timeout,na,2420,348,26,348,14,0,0,0,0,
serial,DAT/DAT138^1.p,TH1,Theorem,timeout,na,2760,0,0,0,1,0,0,0,0,
serial,DAT/DAT139^1.p,TH1,Theorem,timeout,na,2011,395,34,395,32,0,0,0,0,
serial,DAT/DAT140^1.p,TH1,Theorem,timeout,na,2488,244,20,244,7,0,0,0,0,
serial,DAT/DAT141^1.p,TH1,Theorem,timeout,na,2962,0,0,0,1,0,0,0,0,
serial,DAT/DAT142^1.p,TH1,Theorem,timeout,na,2365,148,13,148,3,0,0,0,0,
serial,DAT/DAT143^1.p,TH1,Theorem,timeout,na,2011,392,34,392,32,0,0,0,0,
serial,DAT/DAT144^1.p,TH1,Theorem,timeout,na,2425,19,1,19,1,0,0,0,0,
serial,DAT/DAT145^1.p,TH1,Theorem,timeout,na,3162,0,0,0,1,0,0,0,0,
serial,DAT/DAT146^1.p,TH1,Theorem,timeout,na,2912,0,0,0,1,0,0,0,0,
serial,DAT/DAT147^1.p,TH1,Theorem,timeout,na,2572,149,12,149,5,0,0,0,0,
serial,DAT/DAT148^1.p,TH1,Theorem,timeout,na,3332,0,0,0,1,0,0,0,0,
serial,DAT/DAT149^1.p,TH1,Theorem,timeout,na,2646,0,0,0,1,0,0,0,0,
serial,DAT/DAT150^1.p,TH1,Theorem,timeout,na,2566,124,12,124,1,0,0,0,0,
serial,DAT/DAT151^1.p,TH1,Theorem,timeout,na,2388,127,11,127,4,0,0,0,0,
serial,DAT/DAT152^1.p,TH1,Theorem,timeout,na,2453,227,15,227,9,6,0,0,0,
serial,DAT/DAT153^1.p,TH1,Theorem,timeout,na,2371,143,4,143,10,4,0,0,0,
serial,DAT/DAT154^1.p,TH1,Theorem,timeout,na,2843,0,0,0,1,0,0,0,0,
serial,DAT/DAT155^1.p,TH1,Theorem,timeout,na,3121,0,0,0,1,0,0,0,0,
serial,DAT/DAT156^1.p,TH1,Theorem,timeout,na,2997,0,0,0,1,0,0,0,0,
serial,DAT/DAT157^1.p,TH1,Theorem,timeout,na,2445,336,31,336,5,0,0,0,0,
serial,DAT/DAT158^1.p,TH1,Theorem,timeout,na,2573,360,30,360,11,0,0,0,0,
serial,DAT/DAT159^1.p,TH1,Theorem,timeout,na,2377,553,39,553,19,11,0,0,0,
serial,DAT/DAT160^1.p,TH1,Theorem,timeout,na,2312,171,11,171,8,7,0,11,0,
serial,DAT/DAT161^1.p,TH1,Theorem,timeout,na,2360,654,19,654,64,4,0,12,0,
serial,DAT/DAT162^1.p,TH1,Theorem,timeout,na,2387,551,47,551,14,2,0,0,0,
serial,DAT/DAT163^1.p,TH1,Theorem,timeout,na,2463,276,19,276,12,0,0,0,0,
serial,DAT/DAT164^1.p,TH1,Theorem,timeout,na,2534,285,23,285,6,0,0,0,0,
serial,DAT/DAT165^1.p,TH1,Theorem,timeout,na,2419,117,11,117,2,0,0,0,0,
serial,DAT/DAT166^1.p,TH1,Theorem,timeout,na,2568,241,17,241,12,2,0,0,0,
serial,DAT/DAT167^1.p,TH1,Theorem,timeout,na,2502,63,5,63,3,0,0,0,0,
serial,DAT/DAT168^1.p,TH1,Theorem,timeout,na,2575,225,18,225,11,0,0,0,0,
serial,DAT/DAT169^1.p,TH1,Theorem,timeout,na,2570,206,13,206,13,1,0,0,0,
serial,DAT/DAT170^1.p,TH1,Theorem,timeout,na,2458,254,21,254,7,2,0,0,0,
serial,DAT/DAT171^1.p,TH1,Theorem,timeout,na,2516,262,21,262,7,2,0,0,0,
serial,DAT/DAT172^1.p,TH1,Theorem,timeout,na,2442,197,16,197,5,2,0,2,0,
serial,DAT/DAT173^1.p,TH1,Theorem,timeout,na,2690,228,22,228,3,0,0,0,0,
serial,DAT/DAT174^1.p,TH1,Theorem,timeout,na,2457,67,3,67,8,0,0,0,0,
serial,DAT/DAT175^1.p,TH1,Theorem,timeout,na,2945,12,1,12,1,0,0,0,0,
serial,DAT/DAT176^1.p,TH1,Theorem,timeout,na,2496,150,9,150,13,0,0,0,0,
serial,DAT/DAT177^1.p,TH1,Theorem,timeout,na,2585,133,11,133,5,0,0,0,0,
serial,DAT/DAT178^1.p,TH1,Theorem,timeout,na,2656,191,10,191,11,0,0,0,0,
serial,DAT/DAT179^1.p,TH1,Theorem,timeout,na,2388,415,36,415,7,0,0,0,0,
serial,DAT/DAT180^1.p,TH1,Theorem,timeout,na,2492,375,22,375,19,0,0,0,0,
serial,DAT/DAT181^1.p,TH1,Theorem,timeout,na,2661,223,17,223,7,0,0,0,0,
serial,DAT/DAT182^1.p,TH1,Theorem,timeout,na,2560,450,36,450,11,0,0,0,0,
serial,DAT/DAT183^1.p,TH1,Theorem,timeout,na,2613,457,35,457,16,0,0,0,0,
serial,DAT/DAT184^1.p,TH1,Theorem,timeout,na,2624,397,35,397,13,0,0,0,0,
serial,DAT/DAT185^1.p,TH1,Theorem,timeout,na,2640,452,40,452,16,0,0,0,0,
serial,DAT/DAT186^1.p,TH1,Theorem,timeout,na,2786,0,0,0,1,0,0,0,0,
serial,DAT/DAT187^1.p,TH1,Theorem,timeout,na,2809,0,0,0,1,0,0,0,0,
serial,DAT/DAT188^1.p,TH1,Theorem,timeout,na,2799,0,0,0,1,0,0,0,0,
serial,DAT/DAT189^1.p,TH1,Theorem,timeout,na,2744,0,0,0,1,0,0,0,0,
serial,DAT/DAT190^1.p,TH1,Theorem,timeout,na,2905,0,0,0,1,0,0,0,0,
serial,DAT/DAT191^1.p,TH1,Theorem,timeout,na,2611,273,23,273,7,0,0,0,0,
serial,DAT/DAT192^1.p,TH1,Theorem,timeout,na,2618,231,19,231,7,0,0,0,0,
serial,DAT/DAT193^1.p,TH1,Theorem,timeout,na,2724,0,0,0,1,0,0,0,0,
serial,DAT/DAT194^1.p,TH1,Theorem,timeout,na,2638,375,29,375,19,0,0,0,0,
serial,DAT/DAT195^1.p,TH1,Theorem,timeout,na,2581,251,21,251,7,0,0,0,0,
serial,DAT/DAT196^1.p,TH1,Theorem,timeout,na,2639,230,18,230,7,0,0,0,0,
serial,DAT/DAT197^1.p,TH1,Theorem,timeout,na,3067,72,7,72,1,0,0,0,0,
serial,DAT/DAT198^1.p,TH1,Theorem,timeout,na,3362,0,0,0,1,0,0,0,0,
serial,DAT/DAT199^1.p,TH1,Theorem,timeout,na,2679,97,9,97,3,0,0,0,0,
serial,DAT/DAT200^1.p,TH1,Theorem,timeout,na,2766,128,12,128,2,0,0,0,0,
serial,DAT/DAT201^1.p,TH1,Theorem,timeout,na,2475,154,14,154,4,0,0,0,0,
serial,DAT/DAT202^1.p,TH1,Theorem,timeout,na,2802,251,23,251,4,0,0,0,0,
serial,DAT/DAT203^1.p,TH1,Theorem,timeout,na,2621,195,18,195,5,0,0,0,0,
serial,DAT/DAT204^1.p,TH1,Theorem,timeout,na,2750,148,14,148,3,0,0,0,0,
serial,DAT/DAT205^1.p,TH1,Theorem,timeout,na,2791,155,15,155,4,0,0,0,0,
serial,DAT/DAT206^1.p,TH1,Theorem,timeout,na,2615,207,18,207,5,0,0,0,0,
serial,DAT/DAT207^1.p,TH1,Theorem,timeout,na,2973,0,0,0,1,0,0,0,0,
serial,DAT/DAT208^1.p,TH1,Theorem,timeout,na,2483,313,23,313,13,0,0,1,0,
serial,DAT/DAT209^1.p,TH1,Theorem,timeout,na,2327,220,16,220,8,0,0,0,0,
serial,DAT/DAT210^1.p,TH1,Theorem,timeout,na,2736,116,9,116,4,0,0,0,0,
serial,DAT/DAT211^1.p,TH1,Theorem,timeout,na,2367,139,11,139,6,2,0,0,0,
serial,DAT/DAT212^1.p,TH1,Theorem,timeout,na,2739,262,24,262,5,0,0,0,0,
serial,DAT/DAT213^1.p,TH1,Theorem,timeout,na,2710,299,27,299,6,0,0,0,0,
serial,DAT/DAT214^1.p,TH1,Theorem,timeout,na,2522,299,11,299,39,2,0,0,0,
serial,DAT/DAT215^1.p,TH1,Theorem,timeout,na,3095,112,11,112,1,0,0,0,0,
serial,DAT/DAT216^1.p,TH1,ContradictoryAxioms,timeout,na,2311,723,59,723,21,6,0,1,0,
serial,DAT/DAT217^1.p,TH1,Theorem,timeout,na,2371,586,42,586,33,3,0,1,0,
serial,DAT/DAT218^1.p,TH1,Theorem,timeout,na,2304,265,24,265,8,3,0,0,0,
serial,DAT/DAT219^1.p,TH1,Theorem,timeout,na,2846,23,2,23,1,0,0,0,0,
serial,DAT/DAT220^1.p,TH1,Theorem,timeout,na,3292,0,0,0,1,0,0,0,0,
serial,DAT/DAT221^1.p,TH1,Theorem,timeout,na,3626,0,0,0,1,0,0,0,0,
serial,DAT/DAT222^1.p,TH1,Theorem,timeout,na,3054,0,0,0,1,0,0,0,0,
serial,DAT/DAT223^1.p,TH1,Theorem,timeout,na,3866,0,0,0,1,0,0,0,0,
serial,DAT/DAT224^1.p,TH1,Theorem,timeout,na,3114,0,0,0,1,0,0,0,0,
serial,DAT/DAT225^1.p,TH1,Theorem,timeout,na,2833,34,3,34,1,0,0,0,0,
serial,DAT/DAT226^1.p,TH1,Theorem,timeout,na,2483,55,5,55,1,0,0,0,0,
serial,DAT/DAT227^1.p,TH1,Theorem,timeout,na,3347,0,0,0,1,0,0,0,0,
serial,DAT/DAT228^1.p,TH1,Theorem,timeout,na,2520,47,4,47,1,0,0,0,0,
serial,DAT/DAT229^1.p,TH1,Theorem,timeout,na,2941,83,8,83,2,0,0,0,0,
serial,DAT/DAT230^1.p,TH1,Theorem,timeout,na,2913,0,0,0,1,0,0,0,0,
serial,DAT/DAT231^1.p,TH1,Theorem,timeout,na,2722,263,25,263,3,0,0,1,0,
serial,DAT/DAT232^1.p,TH1,Theorem,timeout,na,3083,0,0,0,1,0,0,0,0,
serial,DAT/DAT233^1.p,TH1,Theorem,timeout,na,3656,94,9,94,1,0,0,0,0,
serial,DAT/DAT234^1.p,TH1,Theorem,timeout,na,4253,0,0,0,1,0,0,0,0,
serial,DAT/DAT235^1.p,TH1,Theorem,timeout,na,4015,0,0,0,1,0,0,0,0,
serial,DAT/DAT236^1.p,TH1,Theorem,timeout,na,4196,62,6,62,2,0,0,0,0,
serial,DAT/DAT237^1.p,TH1,Theorem,timeout,na,4356,0,0,0,1,0,0,0,0,
serial,DAT/DAT238^1.p,TH1,Theorem,timeout,na,2375,310,13,310,22,6,0,0,0,
serial,DAT/DAT239^1.p,TH1,Theorem,timeout,na,2330,878,47,878,47,30,0,1,0,
serial,DAT/DAT240^1.p,TH1,Theorem,timeout,na,2762,110,11,110,1,0,0,0,0,
serial,DAT/DAT241^1.p,TH1,Theorem,timeout,na,3984,31,3,31,1,0,0,0,0,
serial,DAT/DAT242^1.p,TH1,Theorem,timeout,na,4516,143,14,143,1,0,0,0,0,
serial,DAT/DAT243^1.p,TH1,Theorem,timeout,na,4623,0,0,0,1,0,0,0,0,
serial,DAT/DAT244^1.p,TH1,Theorem,timeout,na,2633,59,5,59,2,0,0,0,0,
serial,DAT/DAT245^1.p,TH1,Theorem,timeout,na,2536,98,9,98,3,0,0,0,0,
serial,DAT/DAT246^1.p,TH1,Theorem,timeout,na,2482,509,32,509,45,6,0,0,0,
serial,DAT/DAT247^1.p,TH1,Theorem,timeout,na,2644,77,7,77,1,0,0,0,0,
serial,DAT/DAT248^1.p,TH1,Theorem,timeout,na,2507,126,11,126,3,0,0,1,0,
serial,DAT/DAT249^1.p,TH1,Theorem,timeout,na,2874,0,0,0,1,0,0,0,0,
serial,DAT/DAT250^1.p,TH1,Theorem,timeout,na,2724,169,16,169,3,0,0,0,0,
serial,DAT/DAT251^1.p,TH1,Theorem,timeout,na,2956,0,0,0,1,0,0,0,0,
serial,DAT/DAT252^1.p,TH1,Theorem,timeout,na,2741,107,8,107,7,0,0,0,0,
serial,DAT/DAT253^1.p,TH1,Theorem,timeout,na,2335,279,26,279,5,0,0,0,0,
serial,DAT/DAT254^1.p,TH1,Theorem,timeout,na,3688,47,4,47,1,0,0,0,0,
serial,DAT/DAT255^1.p,TH1,Theorem,timeout,na,3089,52,5,52,1,0,0,0,0,
serial,DAT/DAT256^1.p,TH1,Theorem,timeout,na,3561,0,0,0,1,0,0,0,0,
serial,DAT/DAT257^1.p,TH1,Theorem,timeout,na,3418,0,0,0,1,0,0,0,0,
serial,DAT/DAT258^1.p,TH1,Theorem,timeout,na,3135,58,5,58,1,0,0,0,0,
serial,DAT/DAT259^1.p,TH1,Theorem,timeout,na,2009,273,13,273,20,6,0,1,0,
serial,DAT/DAT260^1.p,TH1,Theorem,timeout,na,2013,300,12,300,28,5,0,3,0,
serial,DAT/DAT261^1.p,TH1,Theorem,timeout,na,2013,313,12,313,29,5,0,3,0,
serial,DAT/DAT262^1.p,TH1,Theorem,timeout,na,2012,309,16,309,23,6,0,1,0,
serial,DAT/DAT263^1.p,TH1,Theorem,timeout,na,2014,298,12,298,28,5,0,3,0,
serial,DAT/DAT264^1.p,TH1,Theorem,timeout,na,2019,334,9,328,27,15,0,0,0,
serial,DAT/DAT265^1.p,TH1,Theorem,timeout,na,2018,280,11,278,35,3,0,3,0,
serial,DAT/DAT266^1.p,TH1,Theorem,timeout,na,2013,379,17,379,38,5,0,3,0,
serial,DAT/DAT267^1.p,TH1,Theorem,timeout,na,2015,255,13,255,25,3,0,2,0,
serial,DAT/DAT268^1.p,TH1,Theorem,timeout,na,2013,300,13,300,22,7,0,1,0,
serial,DAT/DAT269^1.p,TH1,Theorem,timeout,na,2016,306,14,306,28,6,0,1,0,
serial,DAT/DAT270^1.p,TH1,Theorem,timeout,na,2015,213,10,213,19,5,0,1,0,
serial,DAT/DAT271^1.p,TH1,Theorem,timeout,na,2016,320,11,320,27,6,0,1,0,
serial,DAT/DAT272^1.p,TH1,Theorem,timeout,na,2030,417,7,390,23,47,0,0,0,
serial,DAT/DAT273^1.p,TH1,Theorem,timeout,na,2014,101,0,101,17,0,0,0,0,
serial,DAT/DAT274^1.p,TH1,Theorem,timeout,na,2046,460,2,460,75,0,0,0,0,
serial,DAT/DAT275^1.p,TH1,Theorem,timeout,na,2018,245,11,245,25,4,0,3,0,
serial,DAT/DAT276^1.p,TH1,Theorem,timeout,na,2024,200,9,200,17,5,0,2,0,
serial,DAT/DAT277^1.p,TH1,Theorem,timeout,na,2009,327,15,327,24,6,0,1,0,
serial,DAT/DAT278^1.p,TH1,Theorem,timeout,na,2019,241,11,241,25,4,0,3,0,
serial,DAT/DAT279^1.p,TH1,Theorem,timeout,na,2014,255,12,255,20,6,0,1,0,
serial,DAT/DAT280^1.p,TH1,Theorem,timeout,na,2009,69,3,69,6,3,0,2,0,
serial,DAT/DAT281^1.p,TH1,Theorem,timeout,na,2014,276,12,276,27,5,0,3,0,
serial,DAT/DAT282^1.p,TH1,Theorem,timeout,na,2007,67,2,67,6,3,0,1,0,
serial,DAT/DAT283^1.p,TH1,Theorem,timeout,na,2011,256,12,256,23,3,0,2,0,
serial,DAT/DAT284^1.p,TH1,Theorem,timeout,na,2030,942,60,942,45,18,0,1,0,
serial,DAT/DAT285^1.p,TH1,Theorem,timeout,na,2014,251,10,251,22,4,0,1,0,
serial,DAT/DAT286^1.p,TH1,Theorem,timeout,na,2023,437,17,437,49,0,0,1,0,
serial,DAT/DAT287^1.p,TH1,Theorem,timeout,na,2028,452,18,452,52,0,0,1,0,
serial,DAT/DAT288^1.p,TH1,Theorem,timeout,na,2023,472,11,472,61,3,0,1,0,
serial,DAT/DAT289^1.p,TH1,Theorem,timeout,na,2031,466,18,466,53,0,0,1,0,
serial,DAT/DAT290^1.p,TH1,Theorem,timeout,na,2022,471,11,471,54,4,0,1,0,
serial,DAT/DAT291^1.p,TH1,Theorem,timeout,na,2027,455,18,455,51,0,0,1,0,
serial,DAT/DAT292^1.p,TH1,Theorem,timeout,na,2023,303,9,303,28,4,0,2,0,
serial,DAT/DAT293^1.p,TH1,Theorem,timeout,na,2020,254,10,254,23,0,0,2,0,
serial,DAT/DAT294^1.p,TH1,Theorem,timeout,na,2012,192,9,192,17,1,0,2,0,
serial,DAT/DAT295^1.p,TH1,Theorem,timeout,na,2030,205,11,205,16,0,0,2,0,
serial,DAT/DAT296^1.p,TH1,Theorem,timeout,na,2030,166,9,166,11,0,0,2,0,
serial,DAT/DAT297^1.p,TH1,Theorem,timeout,na,2024,244,11,244,21,4,0,1,0,
serial,DAT/DAT298^1.p,TH1,Theorem,timeout,na,2019,333,9,333,35,2,0,3,0,
serial,DAT/DAT299^1.p,TH1,Theorem,timeout,na,2019,221,10,221,19,0,0,2,0,
serial,DAT/DAT300^1.p,TH1,Theorem,timeout,na,2031,334,12,334,38,0,0,3,0,
serial,DAT/DAT301^1.p,TH1,Theorem,timeout,na,2019,363,14,363,37,0,0,3,0,
serial,DAT/DAT302^1.p,TH1,Theorem,timeout,na,2026,276,7,276,33,6,0,0,0,
serial,DAT/DAT303^1.p,TH1,Theorem,timeout,na,2036,458,18,458,52,0,0,1,0,
serial,DAT/DAT304^1.p,TH1,Theorem,timeout,na,2017,229,9,229,22,0,0,2,0,
serial,DAT/DAT305^1.p,TH1,Theorem,timeout,na,2042,498,12,498,55,4,0,1,0,
serial,DAT/DAT306^1.p,TH1,Theorem,timeout,na,2020,216,7,216,22,0,0,3,0,
serial,DAT/DAT307^1.p,TH1,Theorem,timeout,na,2048,646,10,646,112,2,0,5,0,
serial,DAT/DAT308^1.p,TH1,Theorem,timeout,na,2033,130,8,130,9,0,0,1,0,
serial,DAT/DAT309^1.p,TH1,Theorem,timeout,na,2025,233,12,233,17,0,0,2,0,
serial,DAT/DAT310^1.p,TH1,Theorem,timeout,na,2035,480,13,480,56,2,0,1,0,
serial,DAT/DAT311^1.p,TH1,Theorem,timeout,na,2038,579,7,579,101,12,0,0,0,
serial,DAT/DAT312^1.p,TH1,Theorem,timeout,na,2019,442,17,442,51,0,0,1,0,
serial,DAT/DAT313^1.p,TH1,Theorem,timeout,na,2032,459,18,459,52,0,0,1,0,
serial,DAT/DAT314^1.p,TH1,Theorem,timeout,na,2024,442,18,442,49,0,0,1,0,
serial,DAT/DAT315^1.p,TH1,Theorem,timeout,na,2010,349,14,349,25,8,0,1,0,
serial,DAT/DAT316^1.p,TH1,Theorem,timeout,na,2030,476,13,476,56,2,0,1,0,
serial,DAT/DAT317^1.p,TH1,Theorem,timeout,na,2022,441,17,441,49,0,0,1,0,
serial,DAT/DAT318^1.p,TH1,Theorem,timeout,na,2035,453,18,453,51,0,0,1,0,
serial,DAT/DAT319^1.p,TH1,Theorem,timeout,na,2012,263,11,263,20,6,0,1,0,
serial,DAT/DAT320^1.p,TH1,Theorem,timeout,na,2027,526,21,526,55,22,0,0,0,
serial,DAT/DAT321^1.p,TH1,Theorem,timeout,na,2027,207,1,207,33,0,0,0,0,
serial,DAT/DAT322^1.p,TH1,Theorem,timeout,na,2011,322,16,322,22,6,0,1,0,
serial,DAT/DAT323^1.p,TH1,Theorem,timeout,na,2025,69,1,69,15,0,0,0,0,
serial,DAT/DAT324^1.p,TH1,Theorem,timeout,na,2024,554,3,554,93,27,0,0,0,
serial,DAT/DAT325^1.p,TH1,Theorem,timeout,na,2017,301,10,301,33,0,0,1,0,
serial,DAT/DAT326^1.p,TH1,Theorem,timeout,na,2032,542,10,542,79,37,0,0,0,
serial,DAT/DAT327^1.p,TH1,Theorem,timeout,na,2021,444,11,444,52,4,0,1,0,
serial,DAT/DAT328^1.p,TH1,Theorem,timeout,na,2048,438,9,438,70,0,0,0,0,
serial,DAT/DAT333^3.p,TH0,Theorem,timeout,na,2058,1885,26,1885,223,61,0,0,0,
serial,DAT/DAT333^6.p,TH0,Theorem,thm,yes,828,819,21,819,90,33,0,1,1,
serial,DAT/DAT334^12.p,TH0,Theorem,timeout,na,2034,730,16,730,128,36,0,0,0,
serial,DAT/DAT334^19.p,TH0,Theorem,timeout,na,2068,1796,37,1796,316,49,0,0,0,
serial,DAT/DAT334^21.p,TH0,Theorem,timeout,na,2055,1468,30,1468,235,46,0,0,0,
serial,DAT/DAT334^23.p,TH0,Theorem,timeout,na,2061,1695,42,1695,242,65,0,0,0,
serial,DAT/DAT334^8.p,TH0,Theorem,timeout,na,2066,2180,29,2180,241,94,0,0,0,
serial,DAT/DAT335^12.p,TH0,CounterSatisfiable,timeout,na,2034,816,17,816,147,15,0,0,0,
serial,DAT/DAT335^18.p,TH0,CounterSatisfiable,timeout,na,2050,1214,7,1214,248,20,0,0,0,
serial,DAT/DAT335^2.p,TH0,CounterSatisfiable,timeout,na,2041,1444,31,1444,187,64,0,0,0,
serial,DAT/DAT338^1.p,unknown,Theorem,parser_error,na,0,,,,,,,,,cached: Syntax Error: expected ' ' or ']' in !> binder  got [{:colon  ":"  2358}  {:atom  "nat"  2360}  {:rbracket  "]"  2363}  {:colon  ":"  2365}  {:lparen  "("  2367}  {:atom  "elem"  2369}  {:arrow  ">"  
serial,DAT/DAT339^1.p,unknown,Theorem,parser_error,na,0,,,,,,,,,cached: Syntax Error: expected ' ' or ']' in !> binder  got [{:colon  ":"  2370}  {:atom  "nat"  2372}  {:rbracket  "]"  2375}  {:colon  ":"  2377}  {:lparen  "("  2379}  {:atom  "elem"  2381}  {:arrow  ">"  
serial,DAT/DAT340^1.p,unknown,Theorem,parser_error,na,0,,,,,,,,,cached: Syntax Error: expected ' ' or ']' in !> binder  got [{:colon  ":"  2361}  {:atom  "nat"  2363}  {:rbracket  "]"  2366}  {:colon  ":"  2368}  {:lparen  "("  2370}  {:atom  "elem"  2372}  {:arrow  ">"  
serial,DAT/DAT341^1.p,unknown,Theorem,parser_error,na,0,,,,,,,,,cached: Syntax Error: expected ' ' or ']' in !> binder  got [{:colon  ":"  2342}  {:atom  "nat"  2344}  {:rbracket  "]"  2347}  {:colon  ":"  2349}  {:lparen  "("  2351}  {:atom  "elem"  2353}  {:arrow  ">"  
serial,DAT/DAT342^1.p,unknown,Theorem,parser_error,na,0,,,,,,,,,cached: Syntax Error: expected ' ' or ']' in !> binder  got [{:colon  ":"  2413}  {:atom  "nat"  2415}  {:rbracket  "]"  2418}  {:colon  ":"  2420}  {:lparen  "("  2422}  {:var  "A"  2424}  {:arrow  ">"  2426
serial,DAT/DAT343^1.p,unknown,Theorem,parser_error,na,0,,,,,,,,,cached: Syntax Error: expected ' ' or ']' in !> binder  got [{:colon  ":"  2420}  {:atom  "nat"  2422}  {:rbracket  "]"  2425}  {:colon  ":"  2427}  {:lparen  "("  2429}  {:var  "A"  2431}  {:arrow  ">"  2433
serial,DAT/DAT344^1.p,unknown,Theorem,parser_error,na,0,,,,,,,,,cached: Syntax Error: expected ' ' or ']' in !> binder  got [{:colon  ":"  2416}  {:atom  "nat"  2418}  {:rbracket  "]"  2421}  {:colon  ":"  2423}  {:lparen  "("  2425}  {:var  "A"  2427}  {:arrow  ">"  2429
serial,DAT/DAT345^1.p,unknown,Theorem,parser_error,na,0,,,,,,,,,cached: Syntax Error: expected ' ' or ']' in !> binder  got [{:colon  ":"  2397}  {:atom  "nat"  2399}  {:rbracket  "]"  2402}  {:colon  ":"  2404}  {:lparen  "("  2406}  {:var  "A"  2408}  {:arrow  ">"  2410
serial,DAT/DAT346^1.p,unknown,Theorem,parser_error,na,0,,,,,,,,,cached: Syntax Error: expected ' ' or ']' in !> binder  got [{:colon  ":"  1895}  {:atom  "nat"  1897}  {:rbracket  "]"  1900}  {:colon  ":"  1902}  {:lparen  "("  1904}  {:atom  "nat"  1906}  {:arrow  ">"  1
serial,DAT/DAT347^1.p,unknown,Theorem,parser_error,na,0,,,,,,,,,cached: Syntax Error: expected ' ' or ']' in !> binder  got [{:colon  ":"  1949}  {:atom  "nat"  1951}  {:rbracket  "]"  1954}  {:colon  ":"  1956}  {:lparen  "("  1958}  {:atom  "nat"  1960}  {:arrow  ">"  1
serial,DAT/DAT348^1.p,unknown,Theorem,parser_error,na,0,,,,,,,,,cached: Syntax Error: expected ' ' or ']' in !> binder  got [{:colon  ":"  1908}  {:atom  "nat"  1910}  {:rbracket  "]"  1913}  {:colon  ":"  1915}  {:lparen  "("  1917}  {:atom  "nat"  1919}  {:arrow  ">"  1
serial,DAT/DAT349^1.p,unknown,Theorem,parser_error,na,0,,,,,,,,,cached: Syntax Error: expected ' ' or ']' in !> binder  got [{:colon  ":"  2083}  {:atom  "nat"  2085}  {:rbracket  "]"  2088}  {:colon  ":"  2090}  {:lparen  "("  2092}  {:atom  "elem"  2094}  {:arrow  ">"  
serial,DAT/DAT350^1.p,unknown,Theorem,parser_error,na,0,,,,,,,,,cached: Syntax Error: expected ' ' or ']' in !> binder  got [{:colon  ":"  2083}  {:atom  "nat"  2085}  {:rbracket  "]"  2088}  {:colon  ":"  2090}  {:lparen  "("  2092}  {:atom  "elem"  2094}  {:arrow  ">"  
serial,DAT/DAT351^1.p,unknown,Theorem,parser_error,na,0,,,,,,,,,cached: Syntax Error: expected ' ' or ']' in !> binder  got [{:colon  ":"  2082}  {:atom  "nat"  2084}  {:rbracket  "]"  2087}  {:colon  ":"  2089}  {:lparen  "("  2091}  {:atom  "elem"  2093}  {:arrow  ">"  
serial,DAT/DAT352^1.p,unknown,Theorem,parser_error,na,0,,,,,,,,,cached: Syntax Error: expected ' ' or ']' in !> binder  got [{:colon  ":"  2082}  {:atom  "nat"  2084}  {:rbracket  "]"  2087}  {:colon  ":"  2089}  {:lparen  "("  2091}  {:atom  "elem"  2093}  {:arrow  ">"  
serial,DAT/DAT353^1.p,unknown,Theorem,parser_error,na,0,,,,,,,,,cached: Syntax Error: expected ' ' or ']' in !> binder  got [{:colon  ":"  2082}  {:atom  "nat"  2084}  {:rbracket  "]"  2087}  {:colon  ":"  2089}  {:lparen  "("  2091}  {:atom  "elem"  2093}  {:arrow  ">"  
serial,DAT/DAT354^1.p,unknown,Theorem,parser_error,na,0,,,,,,,,,cached: Syntax Error: expected ' ' or ']' in !> binder  got [{:colon  ":"  1886}  {:atom  "nat"  1888}  {:rbracket  "]"  1891}  {:colon  ":"  1893}  {:lparen  "("  1895}  {:atom  "elem"  1897}  {:arrow  ">"  
serial,DAT/DAT355^1.p,unknown,Theorem,parser_error,na,0,,,,,,,,,cached: Syntax Error: expected ' ' or ']' in !> binder  got [{:colon  ":"  1890}  {:atom  "nat"  1892}  {:rbracket  "]"  1895}  {:colon  ":"  1897}  {:lparen  "("  1899}  {:atom  "elem"  1901}  {:arrow  ">"  
serial,DAT/DAT356^1.p,unknown,Theorem,parser_error,na,0,,,,,,,,,cached: Syntax Error: expected ' ' or ']' in !> binder  got [{:colon  ":"  1890}  {:atom  "nat"  1892}  {:rbracket  "]"  1895}  {:colon  ":"  1897}  {:lparen  "("  1899}  {:atom  "elem"  1901}  {:arrow  ">"  
serial,DAT/DAT357^1.p,unknown,Theorem,parser_error,na,0,,,,,,,,,cached: Syntax Error: expected ' ' or ']' in !> binder  got [{:colon  ":"  1890}  {:atom  "nat"  1892}  {:rbracket  "]"  1895}  {:colon  ":"  1897}  {:lparen  "("  1899}  {:atom  "elem"  1901}  {:arrow  ">"  
serial,DAT/DAT358^1.p,unknown,Theorem,parser_error,na,0,,,,,,,,,cached: Syntax Error: expected ' ' or ']' in !> binder  got [{:colon  ":"  1890}  {:atom  "nat"  1892}  {:rbracket  "]"  1895}  {:colon  ":"  1897}  {:lparen  "("  1899}  {:atom  "elem"  1901}  {:arrow  ">"  
serial,DAT/DAT359^1.p,unknown,Theorem,parser_error,na,0,,,,,,,,,cached: Syntax Error: expected ' ' or ']' in !> binder  got [{:colon  ":"  1890}  {:atom  "nat"  1892}  {:rbracket  "]"  1895}  {:colon  ":"  1897}  {:lparen  "("  1899}  {:atom  "elem"  1901}  {:arrow  ">"  
serial,DAT/DAT360^1.p,unknown,Theorem,parser_error,na,0,,,,,,,,,cached: Syntax Error: expected ' ' or ']' in !> binder  got [{:colon  ":"  2325}  {:atom  "nat"  2327}  {:rbracket  "]"  2330}  {:colon  ":"  2332}  {:lparen  "("  2334}  {:atom  "elem"  2336}  {:arrow  ">"  
serial,DAT/DAT361^1.p,unknown,Theorem,parser_error,na,0,,,,,,,,,cached: Syntax Error: expected ' ' or ']' in !> binder  got [{:colon  ":"  2337}  {:atom  "nat"  2339}  {:rbracket  "]"  2342}  {:colon  ":"  2344}  {:lparen  "("  2346}  {:atom  "elem"  2348}  {:arrow  ">"  
serial,DAT/DAT362^1.p,unknown,Theorem,parser_error,na,0,,,,,,,,,cached: Syntax Error: expected ' ' or ']' in !> binder  got [{:colon  ":"  2309}  {:atom  "nat"  2311}  {:rbracket  "]"  2314}  {:colon  ":"  2316}  {:lparen  "("  2318}  {:atom  "elem"  2320}  {:arrow  ">"  
serial,DAT/DAT363^1.p,unknown,Theorem,parser_error,na,0,,,,,,,,,cached: Syntax Error: expected ' ' or ']' in !> binder  got [{:colon  ":"  1923}  {:atom  "nat"  1925}  {:rbracket  "]"  1928}  {:colon  ":"  1930}  {:lparen  "("  1932}  {:var  "A"  1934}  {:arrow  ">"  1936
serial,DAT/DAT364^1.p,unknown,Theorem,parser_error,na,0,,,,,,,,,cached: Syntax Error: expected ' ' or ']' in !> binder  got [{:colon  ":"  1934}  {:atom  "nat"  1936}  {:rbracket  "]"  1939}  {:colon  ":"  1941}  {:lparen  "("  1943}  {:var  "A"  1945}  {:arrow  ">"  1947
serial,DAT/DAT365^1.p,unknown,Theorem,parser_error,na,0,,,,,,,,,cached: Syntax Error: expected ' ' or ']' in !> binder  got [{:colon  ":"  1911}  {:atom  "nat"  1913}  {:rbracket  "]"  1916}  {:colon  ":"  1918}  {:lparen  "("  1920}  {:var  "A"  1922}  {:arrow  ">"  1924
serial,DAT/DAT366^1.p,unknown,Theorem,parser_error,na,0,,,,,,,,,cached: Syntax Error: expected ' ' or ']' in !> binder  got [{:colon  ":"  1934}  {:atom  "nat"  1936}  {:rbracket  "]"  1939}  {:colon  ":"  1941}  {:lparen  "("  1943}  {:var  "A"  1945}  {:arrow  ">"  1947
serial,DAT/DAT367^1.p,unknown,Theorem,parser_error,na,0,,,,,,,,,cached: Syntax Error: expected ' ' or ']' in !> binder  got [{:colon  ":"  1911}  {:atom  "nat"  1913}  {:rbracket  "]"  1916}  {:colon  ":"  1918}  {:lparen  "("  1920}  {:var  "A"  1922}  {:arrow  ">"  1924
serial,DAT/DAT368^1.p,unknown,Theorem,parser_error,na,0,,,,,,,,,cached: Syntax Error: expected ' ' or ']' in !> binder  got [{:colon  ":"  1934}  {:atom  "nat"  1936}  {:rbracket  "]"  1939}  {:colon  ":"  1941}  {:lparen  "("  1943}  {:var  "A"  1945}  {:arrow  ">"  1947
serial,DAT/DAT369^1.p,unknown,Theorem,parser_error,na,0,,,,,,,,,cached: Syntax Error: expected ' ' or ']' in !> binder  got [{:colon  ":"  1911}  {:atom  "nat"  1913}  {:rbracket  "]"  1916}  {:colon  ":"  1918}  {:lparen  "("  1920}  {:var  "A"  1922}  {:arrow  ">"  1924
serial,DAT/DAT370^1.p,unknown,Theorem,parser_error,na,0,,,,,,,,,cached: Syntax Error: expected ' ' or ']' in !> binder  got [{:colon  ":"  1934}  {:atom  "nat"  1936}  {:rbracket  "]"  1939}  {:colon  ":"  1941}  {:lparen  "("  1943}  {:var  "A"  1945}  {:arrow  ">"  1947
serial,DAT/DAT371^1.p,unknown,Theorem,parser_error,na,0,,,,,,,,,cached: Syntax Error: expected ' ' or ']' in !> binder  got [{:colon  ":"  1911}  {:atom  "nat"  1913}  {:rbracket  "]"  1916}  {:colon  ":"  1918}  {:lparen  "("  1920}  {:var  "A"  1922}  {:arrow  ">"  1924
serial,DAT/DAT372^1.p,unknown,Theorem,parser_error,na,0,,,,,,,,,cached: Syntax Error: expected ' ' or ']' in !> binder  got [{:colon  ":"  1939}  {:atom  "nat"  1941}  {:rbracket  "]"  1944}  {:colon  ":"  1946}  {:lparen  "("  1948}  {:var  "A"  1950}  {:arrow  ">"  1952
serial,DAT/DAT373^1.p,unknown,Theorem,parser_error,na,0,,,,,,,,,cached: Syntax Error: expected ' ' or ']' in !> binder  got [{:colon  ":"  1934}  {:atom  "nat"  1936}  {:rbracket  "]"  1939}  {:colon  ":"  1941}  {:lparen  "("  1943}  {:var  "A"  1945}  {:arrow  ">"  1947
serial,DAT/DAT374^1.p,unknown,Theorem,parser_error,na,0,,,,,,,,,cached: Syntax Error: expected ' ' or ']' in !> binder  got [{:colon  ":"  1925}  {:atom  "nat"  1927}  {:rbracket  "]"  1930}  {:colon  ":"  1932}  {:lparen  "("  1934}  {:var  "A"  1936}  {:arrow  ">"  1938
serial,DAT/DAT375^1.p,unknown,Theorem,parser_error,na,0,,,,,,,,,cached: Syntax Error: expected ' ' or ']' in !> binder  got [{:colon  ":"  1923}  {:atom  "nat"  1925}  {:rbracket  "]"  1928}  {:colon  ":"  1930}  {:lparen  "("  1932}  {:var  "A"  1934}  {:arrow  ">"  1936
serial,DAT/DAT376^1.p,unknown,Theorem,parser_error,na,0,,,,,,,,,cached: Syntax Error: expected ' ' or ']' in !> binder  got [{:colon  ":"  1911}  {:atom  "nat"  1913}  {:rbracket  "]"  1916}  {:colon  ":"  1918}  {:lparen  "("  1920}  {:var  "A"  1922}  {:arrow  ">"  1924
serial,DAT/DAT377^1.p,unknown,Theorem,parser_error,na,0,,,,,,,,,cached: Syntax Error: expected ' ' or ']' in !> binder  got [{:colon  ":"  2346}  {:atom  "nat"  2348}  {:rbracket  "]"  2351}  {:colon  ":"  2353}  {:lparen  "("  2355}  {:var  "A"  2357}  {:arrow  ">"  2359
serial,DAT/DAT378^1.p,unknown,Theorem,parser_error,na,0,,,,,,,,,cached: Syntax Error: expected ' ' or ']' in !> binder  got [{:colon  ":"  1932}  {:atom  "nat"  1934}  {:rbracket  "]"  1937}  {:colon  ":"  1939}  {:lparen  "("  1941}  {:var  "A"  1943}  {:arrow  ">"  1945
serial,DAT/DAT379^1.p,unknown,Theorem,parser_error,na,0,,,,,,,,,cached: Syntax Error: expected ' ' or ']' in !> binder  got [{:colon  ":"  2409}  {:atom  "nat"  2411}  {:rbracket  "]"  2414}  {:colon  ":"  2416}  {:lparen  "("  2418}  {:var  "A"  2420}  {:arrow  ">"  2422
serial,DAT/DAT380^1.p,unknown,Theorem,parser_error,na,0,,,,,,,,,cached: Syntax Error: expected ' ' or ']' in !> binder  got [{:colon  ":"  2381}  {:atom  "nat"  2383}  {:rbracket  "]"  2386}  {:colon  ":"  2388}  {:lparen  "("  2390}  {:var  "A"  2392}  {:arrow  ">"  2394
serial,DAT/DAT381^1.p,unknown,Theorem,parser_error,na,0,,,,,,,,,cached: Syntax Error: expected ' ' or ']' in !> binder  got [{:colon  ":"  2020}  {:atom  "nat"  2022}  {:rbracket  "]"  2025}  {:colon  ":"  2027}  {:lparen  "("  2029}  {:atom  "nat"  2031}  {:arrow  ">"  2
serial,DAT/DAT382^1.p,unknown,Theorem,parser_error,na,0,,,,,,,,,cached: Syntax Error: expected ' ' or ']' in !> binder  got [{:colon  ":"  2454}  {:atom  "nat"  2456}  {:rbracket  "]"  2459}  {:colon  ":"  2461}  {:lparen  "("  2463}  {:atom  "elem"  2465}  {:arrow  ">"  
serial,DAT/DAT383^1.p,unknown,Theorem,parser_error,na,0,,,,,,,,,cached: Syntax Error: expected ' ' or ']' in !> binder  got [{:colon  ":"  2462}  {:atom  "nat"  2464}  {:rbracket  "]"  2467}  {:colon  ":"  2469}  {:lparen  "("  2471}  {:atom  "elem"  2473}  {:arrow  ">"  
serial,DAT/DAT384^1.p,unknown,Theorem,parser_error,na,0,,,,,,,,,cached: Syntax Error: expected ' ' or ']' in !> binder  got [{:colon  ":"  2438}  {:atom  "nat"  2440}  {:rbracket  "]"  2443}  {:colon  ":"  2445}  {:lparen  "("  2447}  {:atom  "elem"  2449}  {:arrow  ">"  
serial,DAT/DAT385^1.p,unknown,Theorem,parser_error,na,0,,,,,,,,,cached: Syntax Error: expected ' ' or ']' in !> binder  got [{:colon  ":"  2462}  {:atom  "nat"  2464}  {:rbracket  "]"  2467}  {:colon  ":"  2469}  {:lparen  "("  2471}  {:atom  "elem"  2473}  {:arrow  ">"  
serial,DAT/DAT386^1.p,unknown,Theorem,parser_error,na,0,,,,,,,,,cached: Syntax Error: expected ' ' or ']' in !> binder  got [{:colon  ":"  2462}  {:atom  "nat"  2464}  {:rbracket  "]"  2467}  {:colon  ":"  2469}  {:lparen  "("  2471}  {:atom  "elem"  2473}  {:arrow  ">"  
serial,DAT/DAT387^1.p,unknown,Theorem,parser_error,na,0,,,,,,,,,cached: Syntax Error: expected ' ' or ']' in !> binder  got [{:colon  ":"  2462}  {:atom  "nat"  2464}  {:rbracket  "]"  2467}  {:colon  ":"  2469}  {:lparen  "("  2471}  {:atom  "elem"  2473}  {:arrow  ">"  
serial,DAT/DAT388^1.p,unknown,Theorem,parser_error,na,0,,,,,,,,,cached: Syntax Error: expected ' ' or ']' in !> binder  got [{:colon  ":"  2465}  {:atom  "nat"  2467}  {:rbracket  "]"  2470}  {:colon  ":"  2472}  {:lparen  "("  2474}  {:atom  "elem"  2476}  {:arrow  ">"  
serial,DAT/DAT389^1.p,unknown,Theorem,parser_error,na,0,,,,,,,,,cached: Syntax Error: expected ' ' or ']' in !> binder  got [{:colon  ":"  2465}  {:atom  "nat"  2467}  {:rbracket  "]"  2470}  {:colon  ":"  2472}  {:lparen  "("  2474}  {:atom  "elem"  2476}  {:arrow  ">"  
serial,DAT/DAT390^1.p,unknown,Theorem,parser_error,na,0,,,,,,,,,cached: Syntax Error: expected ' ' or ']' in !> binder  got [{:colon  ":"  2465}  {:atom  "nat"  2467}  {:rbracket  "]"  2470}  {:colon  ":"  2472}  {:lparen  "("  2474}  {:atom  "elem"  2476}  {:arrow  ">"  
serial,DAT/DAT391^1.p,unknown,Theorem,parser_error,na,0,,,,,,,,,cached: Syntax Error: expected ' ' or ']' in !> binder  got [{:colon  ":"  2465}  {:atom  "nat"  2467}  {:rbracket  "]"  2470}  {:colon  ":"  2472}  {:lparen  "("  2474}  {:atom  "elem"  2476}  {:arrow  ">"  
serial,DAT/DAT392^1.p,unknown,Theorem,parser_error,na,0,,,,,,,,,cached: Syntax Error: expected ' ' or ']' in !> binder  got [{:colon  ":"  2465}  {:atom  "nat"  2467}  {:rbracket  "]"  2470}  {:colon  ":"  2472}  {:lparen  "("  2474}  {:atom  "elem"  2476}  {:arrow  ">"  
serial,DAT/DAT393^1.p,unknown,Theorem,parser_error,na,0,,,,,,,,,cached: Syntax Error: expected ' ' or ']' in !> binder  got [{:colon  ":"  2465}  {:atom  "nat"  2467}  {:rbracket  "]"  2470}  {:colon  ":"  2472}  {:lparen  "("  2474}  {:atom  "elem"  2476}  {:arrow  ">"  
serial,DAT/DAT394^1.p,unknown,Theorem,parser_error,na,0,,,,,,,,,cached: Syntax Error: expected ' ' or ']' in !> binder  got [{:colon  ":"  2465}  {:atom  "nat"  2467}  {:rbracket  "]"  2470}  {:colon  ":"  2472}  {:lparen  "("  2474}  {:atom  "elem"  2476}  {:arrow  ">"  
serial,DAT/DAT395^1.p,unknown,Theorem,parser_error,na,0,,,,,,,,,cached: Syntax Error: expected ' ' or ']' in !> binder  got [{:colon  ":"  2462}  {:atom  "nat"  2464}  {:rbracket  "]"  2467}  {:colon  ":"  2469}  {:lparen  "("  2471}  {:atom  "elem"  2473}  {:arrow  ">"  
serial,DAT/DAT396^1.p,unknown,Theorem,parser_error,na,0,,,,,,,,,cached: Syntax Error: expected ' ' or ']' in !> binder  got [{:colon  ":"  2055}  {:atom  "nat"  2057}  {:rbracket  "]"  2060}  {:colon  ":"  2062}  {:lparen  "("  2064}  {:atom  "elem"  2066}  {:arrow  ">"  
serial,DAT/DAT397^1.p,unknown,Theorem,parser_error,na,0,,,,,,,,,cached: Syntax Error: expected ' ' or ']' in !> binder  got [{:colon  ":"  2055}  {:atom  "nat"  2057}  {:rbracket  "]"  2060}  {:colon  ":"  2062}  {:lparen  "("  2064}  {:atom  "elem"  2066}  {:arrow  ">"  
serial,DAT/DAT398^1.p,unknown,Theorem,parser_error,na,0,,,,,,,,,cached: Syntax Error: expected ' ' or ']' in !> binder  got [{:colon  ":"  2055}  {:atom  "nat"  2057}  {:rbracket  "]"  2060}  {:colon  ":"  2062}  {:lparen  "("  2064}  {:atom  "elem"  2066}  {:arrow  ">"  
serial,DAT/DAT399^1.p,unknown,Theorem,parser_error,na,0,,,,,,,,,cached: Syntax Error: expected ' ' or ']' in !> binder  got [{:colon  ":"  2055}  {:atom  "nat"  2057}  {:rbracket  "]"  2060}  {:colon  ":"  2062}  {:lparen  "("  2064}  {:atom  "elem"  2066}  {:arrow  ">"  
serial,DAT/DAT400^1.p,unknown,Theorem,parser_error,na,0,,,,,,,,,cached: Syntax Error: expected ' ' or ']' in !> binder  got [{:colon  ":"  2055}  {:atom  "nat"  2057}  {:rbracket  "]"  2060}  {:colon  ":"  2062}  {:lparen  "("  2064}  {:atom  "elem"  2066}  {:arrow  ">"  
serial,DAT/DAT401^1.p,unknown,Theorem,parser_error,na,0,,,,,,,,,cached: Syntax Error: expected ' ' or ']' in !> binder  got [{:colon  ":"  2041}  {:atom  "nat"  2043}  {:rbracket  "]"  2046}  {:colon  ":"  2048}  {:lparen  "("  2050}  {:atom  "elem"  2052}  {:arrow  ">"  
serial,DAT/DAT402^1.p,unknown,Theorem,parser_error,na,0,,,,,,,,,cached: Syntax Error: expected ' ' or ']' in !> binder  got [{:colon  ":"  2146}  {:atom  "nat"  2148}  {:rbracket  "]"  2151}  {:colon  ":"  2153}  {:lparen  "("  2155}  {:var  "A"  2157}  {:arrow  ">"  2159
serial,DAT/DAT403^1.p,unknown,Theorem,parser_error,na,0,,,,,,,,,cached: Syntax Error: expected ' ' or ']' in !> binder  got [{:colon  ":"  2111}  {:atom  "nat"  2113}  {:rbracket  "]"  2116}  {:colon  ":"  2118}  {:lparen  "("  2120}  {:var  "A"  2122}  {:arrow  ">"  2124
serial,DAT/DAT404^1.p,unknown,Theorem,parser_error,na,0,,,,,,,,,cached: Syntax Error: expected ' ' or ']' in !> binder  got [{:colon  ":"  2146}  {:atom  "nat"  2148}  {:rbracket  "]"  2151}  {:colon  ":"  2153}  {:lparen  "("  2155}  {:var  "A"  2157}  {:arrow  ">"  2159
serial,DAT/DAT405^1.p,unknown,Theorem,parser_error,na,0,,,,,,,,,cached: Syntax Error: expected ' ' or ']' in !> binder  got [{:colon  ":"  2112}  {:atom  "nat"  2114}  {:rbracket  "]"  2117}  {:colon  ":"  2119}  {:lparen  "("  2121}  {:var  "A"  2123}  {:arrow  ">"  2125
serial,DAT/DAT406^1.p,unknown,Theorem,parser_error,na,0,,,,,,,,,cached: Syntax Error: expected ' ' or ']' in !> binder  got [{:colon  ":"  2111}  {:atom  "nat"  2113}  {:rbracket  "]"  2116}  {:colon  ":"  2118}  {:lparen  "("  2120}  {:var  "A"  2122}  {:arrow  ">"  2124
serial,DAT/DAT407^1.p,unknown,Theorem,parser_error,na,0,,,,,,,,,cached: Syntax Error: expected ' ' or ']' in !> binder  got [{:colon  ":"  2146}  {:atom  "nat"  2148}  {:rbracket  "]"  2151}  {:colon  ":"  2153}  {:lparen  "("  2155}  {:var  "A"  2157}  {:arrow  ">"  2159
serial,DAT/DAT408^1.p,unknown,Theorem,parser_error,na,0,,,,,,,,,cached: Syntax Error: expected ' ' or ']' in !> binder  got [{:colon  ":"  2146}  {:atom  "nat"  2148}  {:rbracket  "]"  2151}  {:colon  ":"  2153}  {:lparen  "("  2155}  {:var  "A"  2157}  {:arrow  ">"  2159
serial,DAT/DAT409^1.p,unknown,Theorem,parser_error,na,0,,,,,,,,,cached: Syntax Error: expected ' ' or ']' in !> binder  got [{:colon  ":"  2111}  {:atom  "nat"  2113}  {:rbracket  "]"  2116}  {:colon  ":"  2118}  {:lparen  "("  2120}  {:var  "A"  2122}  {:arrow  ">"  2124
serial,DAT/DAT410^1.p,unknown,Theorem,parser_error,na,0,,,,,,,,,cached: Syntax Error: expected ' ' or ']' in !> binder  got [{:colon  ":"  2147}  {:atom  "nat"  2149}  {:rbracket  "]"  2152}  {:colon  ":"  2154}  {:lparen  "("  2156}  {:var  "A"  2158}  {:arrow  ">"  2160
serial,DAT/DAT411^1.p,unknown,Theorem,parser_error,na,0,,,,,,,,,cached: Syntax Error: expected ' ' or ']' in !> binder  got [{:colon  ":"  2152}  {:atom  "nat"  2154}  {:rbracket  "]"  2157}  {:colon  ":"  2159}  {:lparen  "("  2161}  {:var  "A"  2163}  {:arrow  ">"  2165
serial,DAT/DAT412^1.p,unknown,Theorem,parser_error,na,0,,,,,,,,,cached: Syntax Error: expected ' ' or ']' in !> binder  got [{:colon  ":"  2112}  {:atom  "nat"  2114}  {:rbracket  "]"  2117}  {:colon  ":"  2119}  {:lparen  "("  2121}  {:var  "A"  2123}  {:arrow  ">"  2125
serial,DAT/DAT413^1.p,unknown,Theorem,parser_error,na,0,,,,,,,,,cached: Syntax Error: expected ' ' or ']' in !> binder  got [{:colon  ":"  2134}  {:atom  "nat"  2136}  {:rbracket  "]"  2139}  {:colon  ":"  2141}  {:lparen  "("  2143}  {:var  "A"  2145}  {:arrow  ">"  2147
serial,DAT/DAT414^1.p,unknown,Theorem,parser_error,na,0,,,,,,,,,cached: Syntax Error: expected ' ' or ']' in !> binder  got [{:colon  ":"  2117}  {:atom  "nat"  2119}  {:rbracket  "]"  2122}  {:colon  ":"  2124}  {:lparen  "("  2126}  {:var  "A"  2128}  {:arrow  ">"  2130
serial,DAT/DAT415^1.p,unknown,Theorem,parser_error,na,0,,,,,,,,,cached: Syntax Error: expected ' ' or ']' in !> binder  got [{:colon  ":"  1820}  {:atom  "nat"  1822}  {:rbracket  "]"  1825}  {:colon  ":"  1827}  {:lparen  "("  1829}  {:atom  "nat"  1831}  {:arrow  ">"  1
serial,DAT/DAT416^1.p,unknown,Theorem,parser_error,na,0,,,,,,,,,cached: Syntax Error: expected ' ' or ']' in !> binder  got [{:colon  ":"  1818}  {:atom  "nat"  1820}  {:rbracket  "]"  1823}  {:colon  ":"  1825}  {:lparen  "("  1827}  {:atom  "nat"  1829}  {:arrow  ">"  1
serial,DAT/DAT417^1.p,unknown,Theorem,parser_error,na,0,,,,,,,,,cached: Syntax Error: expected ' ' or ']' in !> binder  got [{:colon  ":"  1824}  {:atom  "nat"  1826}  {:rbracket  "]"  1829}  {:colon  ":"  1831}  {:lparen  "("  1833}  {:atom  "nat"  1835}  {:arrow  ">"  1
serial,DAT/DAT418^1.p,unknown,Theorem,parser_error,na,0,,,,,,,,,cached: Syntax Error: expected ' ' or ']' in !> binder  got [{:colon  ":"  1822}  {:atom  "nat"  1824}  {:rbracket  "]"  1827}  {:colon  ":"  1829}  {:lparen  "("  1831}  {:atom  "nat"  1833}  {:arrow  ">"  1
serial,DAT/DAT419^1.p,unknown,Theorem,parser_error,na,0,,,,,,,,,cached: Syntax Error: expected ' ' or ']' in !> binder  got [{:colon  ":"  2524}  {:atom  "nat"  2526}  {:rbracket  "]"  2529}  {:colon  ":"  2531}  {:lparen  "("  2533}  {:lparen  "("  2535}  {:atom  "tree" 
serial,DAT/DAT420^1.p,unknown,Theorem,parser_error,na,0,,,,,,,,,cached: Syntax Error: expected ' ' or ']' in !> binder  got [{:colon  ":"  2512}  {:atom  "nat"  2514}  {:rbracket  "]"  2517}  {:colon  ":"  2519}  {:lparen  "("  2521}  {:lparen  "("  2523}  {:atom  "tree" 
serial,DAT/DAT421^1.p,unknown,Theorem,parser_error,na,0,,,,,,,,,cached: Syntax Error: expected ' ' or ']' in !> binder  got [{:colon  ":"  2005}  {:atom  "nat"  2007}  {:rbracket  "]"  2010}  {:colon  ":"  2012}  {:lparen  "("  2014}  {:lparen  "("  2016}  {:atom  "tree" 
serial,DAT/DAT422^1.p,unknown,Theorem,parser_error,na,0,,,,,,,,,cached: Syntax Error: expected ' ' or ']' in !> binder  got [{:colon  ":"  2005}  {:atom  "nat"  2007}  {:rbracket  "]"  2010}  {:colon  ":"  2012}  {:lparen  "("  2014}  {:lparen  "("  2016}  {:atom  "tree" 
serial,DAT/DAT423^1.p,unknown,Theorem,parser_error,na,0,,,,,,,,,cached: Syntax Error: expected ' ' or ']' in !> binder  got [{:colon  ":"  2005}  {:atom  "nat"  2007}  {:rbracket  "]"  2010}  {:colon  ":"  2012}  {:lparen  "("  2014}  {:lparen  "("  2016}  {:atom  "tree" 
serial,DAT/DAT424^1.p,unknown,Theorem,parser_error,na,0,,,,,,,,,cached: Syntax Error: expected ' ' or ']' in !> binder  got [{:colon  ":"  2527}  {:atom  "nat"  2529}  {:rbracket  "]"  2532}  {:colon  ":"  2534}  {:lparen  "("  2536}  {:lparen  "("  2538}  {:atom  "tree" 
serial,DAT/DAT425^1.p,unknown,Theorem,parser_error,na,0,,,,,,,,,cached: Syntax Error: expected ' ' or ']' in !> binder  got [{:colon  ":"  2517}  {:atom  "nat"  2519}  {:rbracket  "]"  2522}  {:colon  ":"  2524}  {:lparen  "("  2526}  {:lparen  "("  2528}  {:atom  "tree" 
serial,DAT/DAT426^1.p,unknown,Theorem,parser_error,na,0,,,,,,,,,cached: Syntax Error: expected ' ' or ']' in !> binder  got [{:colon  ":"  2004}  {:atom  "nat"  2006}  {:rbracket  "]"  2009}  {:colon  ":"  2011}  {:lparen  "("  2013}  {:lparen  "("  2015}  {:atom  "tree" 
serial,DAT/DAT427^1.p,unknown,Theorem,parser_error,na,0,,,,,,,,,cached: Syntax Error: expected ' ' or ']' in !> binder  got [{:colon  ":"  1996}  {:atom  "nat"  1998}  {:rbracket  "]"  2001}  {:colon  ":"  2003}  {:lparen  "("  2005}  {:lparen  "("  2007}  {:atom  "tree" 
serial,DAT/DAT428^1.p,unknown,Theorem,parser_error,na,0,,,,,,,,,cached: Syntax Error: expected ' ' or ']' in !> binder  got [{:colon  ":"  1980}  {:atom  "nat"  1982}  {:rbracket  "]"  1985}  {:colon  ":"  1987}  {:lparen  "("  1989}  {:lparen  "("  1991}  {:atom  "tree" 
serial,DAT/DAT429^1.p,unknown,Theorem,parser_error,na,0,,,,,,,,,cached: Syntax Error: expected ' ' or ']' in !> binder  got [{:colon  ":"  1985}  {:atom  "nat"  1987}  {:rbracket  "]"  1990}  {:colon  ":"  1992}  {:lparen  "("  1994}  {:lparen  "("  1996}  {:atom  "tree" 
serial,GEG/GEG002^1.p,TH0,Theorem,timeout,na,2039,1129,27,1129,150,0,0,2,0,
serial,GEG/GEG003^1.p,TH0,Theorem,timeout,na,2072,884,23,884,111,8,0,0,0,
serial,GEG/GEG004^1.p,TH0,CounterSatisfiable,timeout,na,2061,185,10,185,16,0,0,1,0,
serial,GEG/GEG005^1.p,TH0,Theorem,timeout,na,2068,186,9,186,15,0,0,1,0,
serial,GEG/GEG006^1.p,TH0,Theorem,timeout,na,2075,426,14,426,51,1,0,1,0,
serial,GEG/GEG007^1.p,TH0,Theorem,timeout,na,2062,183,10,183,16,0,0,1,0,
serial,GEG/GEG008^1.p,TH0,Theorem,timeout,na,2073,389,17,389,46,0,0,5,0,
serial,GEG/GEG009^1.p,TH0,Theorem,timeout,na,2064,186,10,186,16,0,0,1,0,
serial,GEG/GEG010^1.p,TH0,Theorem,timeout,na,2067,178,8,178,15,0,0,1,0,
serial,GEG/GEG011^1.p,TH0,Theorem,timeout,na,2068,177,9,177,15,0,0,1,0,
serial,GEG/GEG012^1.p,TH0,Theorem,timeout,na,2069,182,9,182,15,0,0,1,0,
serial,GEG/GEG013^1.p,TH0,Theorem,timeout,na,2067,186,10,186,15,0,0,1,0,
serial,GEG/GEG014^1.p,TH0,Theorem,timeout,na,2070,284,13,284,27,0,0,1,0,
serial,GEG/GEG015^1.p,TH0,Theorem,timeout,na,2065,178,9,178,15,0,0,1,0,
serial,GEG/GEG016^1.p,TH0,Theorem,timeout,na,2080,504,22,504,75,0,0,1,0,
serial,GEG/GEG018^1.p,TH0,Theorem,timeout,na,2062,26,1,26,2,0,0,0,0,
serial,GEG/GEG019^1.p,TH0,Theorem,timeout,na,2126,1111,13,1111,303,0,0,1,0,
serial,GEG/GEG020^1.p,TH0,Theorem,timeout,na,2087,704,17,704,102,1,0,1,0,
serial,GEO/GEO356^1.p,TH1,Theorem,parse_timeout,na,0,,,,,,,,,cached: parse exceeded 5000ms
serial,GEO/GEO357^1.p,TH1,Theorem,parse_timeout,na,0,,,,,,,,,cached: parse exceeded 5000ms
serial,GEO/GEO358^1.p,TH1,Theorem,parse_timeout,na,0,,,,,,,,,cached: parse exceeded 5000ms
serial,GEO/GEO359^1.p,TH1,Theorem,parse_timeout,na,0,,,,,,,,,cached: parse exceeded 5000ms
serial,GEO/GEO360^1.p,TH1,Theorem,parse_timeout,na,0,,,,,,,,,cached: parse exceeded 5000ms
serial,GEO/GEO361^1.p,TH1,Theorem,parse_timeout,na,0,,,,,,,,,cached: parse exceeded 5000ms
serial,GEO/GEO362^1.p,TH1,Theorem,parse_timeout,na,0,,,,,,,,,cached: parse exceeded 5000ms
serial,GEO/GEO363^1.p,TH1,Theorem,parse_timeout,na,0,,,,,,,,,cached: parse exceeded 5000ms
serial,GEO/GEO364^1.p,TH1,Theorem,parse_timeout,na,0,,,,,,,,,cached: parse exceeded 5000ms
serial,GEO/GEO365^1.p,TH1,Theorem,parse_timeout,na,0,,,,,,,,,cached: parse exceeded 5000ms
serial,GEO/GEO366^1.p,TH1,Theorem,parse_timeout,na,0,,,,,,,,,cached: parse exceeded 5000ms
serial,GEO/GEO367^1.p,TH1,Theorem,parse_timeout,na,0,,,,,,,,,cached: parse exceeded 5000ms
serial,GEO/GEO368^1.p,TH1,Theorem,parse_timeout,na,0,,,,,,,,,cached: parse exceeded 5000ms
serial,GEO/GEO369^1.p,TH1,Theorem,parse_timeout,na,0,,,,,,,,,cached: parse exceeded 5000ms
serial,GEO/GEO370^1.p,TH1,Theorem,parse_timeout,na,0,,,,,,,,,cached: parse exceeded 5000ms
serial,GEO/GEO371^1.p,TH1,Theorem,parse_timeout,na,0,,,,,,,,,cached: parse exceeded 5000ms
serial,GEO/GEO372^1.p,TH1,Theorem,parse_timeout,na,0,,,,,,,,,cached: parse exceeded 5000ms
serial,GEO/GEO373^1.p,TH1,Theorem,parse_timeout,na,0,,,,,,,,,cached: parse exceeded 5000ms
serial,GEO/GEO374^1.p,TH1,Theorem,parse_timeout,na,0,,,,,,,,,cached: parse exceeded 5000ms
serial,GEO/GEO375^1.p,TH1,Theorem,parse_timeout,na,0,,,,,,,,,cached: parse exceeded 5000ms
serial,GEO/GEO376^1.p,TH1,Theorem,parse_timeout,na,0,,,,,,,,,cached: parse exceeded 5000ms
serial,GEO/GEO377^1.p,TH1,Theorem,parse_timeout,na,0,,,,,,,,,cached: parse exceeded 5000ms
serial,GEO/GEO378^1.p,TH1,Theorem,parse_timeout,na,0,,,,,,,,,cached: parse exceeded 5000ms
serial,GEO/GEO379^1.p,TH1,Theorem,parse_timeout,na,0,,,,,,,,,cached: parse exceeded 5000ms
serial,GEO/GEO380^1.p,TH1,Theorem,parse_timeout,na,0,,,,,,,,,cached: parse exceeded 5000ms
serial,GEO/GEO381^1.p,TH1,Theorem,parse_timeout,na,0,,,,,,,,,cached: parse exceeded 5000ms
serial,GEO/GEO382^1.p,TH1,Theorem,parse_timeout,na,0,,,,,,,,,cached: parse exceeded 5000ms
serial,GEO/GEO383^1.p,TH1,Theorem,parse_timeout,na,0,,,,,,,,,cached: parse exceeded 5000ms
serial,GEO/GEO384^1.p,TH1,Theorem,parse_timeout,na,0,,,,,,,,,cached: parse exceeded 5000ms
serial,GEO/GEO385^1.p,TH1,Theorem,parse_timeout,na,0,,,,,,,,,cached: parse exceeded 5000ms
serial,GEO/GEO386^1.p,TH1,Theorem,parse_timeout,na,0,,,,,,,,,cached: parse exceeded 5000ms
serial,GEO/GEO387^1.p,TH1,Theorem,parse_timeout,na,0,,,,,,,,,cached: parse exceeded 5000ms
serial,GEO/GEO388^1.p,TH1,Theorem,parse_timeout,na,0,,,,,,,,,cached: parse exceeded 5000ms
serial,GEO/GEO389^1.p,TH1,Theorem,parse_timeout,na,0,,,,,,,,,cached: parse exceeded 5000ms
serial,GEO/GEO390^1.p,TH1,Theorem,parse_timeout,na,0,,,,,,,,,cached: parse exceeded 5000ms
serial,GEO/GEO391^1.p,TH1,Theorem,parse_timeout,na,0,,,,,,,,,cached: parse exceeded 5000ms
serial,GEO/GEO392^1.p,TH1,Theorem,parse_timeout,na,0,,,,,,,,,cached: parse exceeded 5000ms
serial,GEO/GEO393^1.p,TH1,Theorem,parse_timeout,na,0,,,,,,,,,cached: parse exceeded 5000ms
serial,GEO/GEO394^1.p,TH1,Theorem,parse_timeout,na,0,,,,,,,,,cached: parse exceeded 5000ms
serial,GEO/GEO395^1.p,TH1,Theorem,parse_timeout,na,0,,,,,,,,,cached: parse exceeded 5000ms
serial,GEO/GEO396^1.p,TH1,Theorem,parse_timeout,na,0,,,,,,,,,cached: parse exceeded 5000ms
serial,GEO/GEO397^1.p,TH1,Theorem,parse_timeout,na,0,,,,,,,,,cached: parse exceeded 5000ms
serial,GEO/GEO398^1.p,TH1,Theorem,parse_timeout,na,0,,,,,,,,,cached: parse exceeded 5000ms
serial,GEO/GEO399^1.p,TH1,Theorem,parse_timeout,na,0,,,,,,,,,cached: parse exceeded 5000ms
serial,GEO/GEO400^1.p,TH1,Theorem,parse_timeout,na,0,,,,,,,,,cached: parse exceeded 5000ms
serial,GEO/GEO401^1.p,TH1,Theorem,parse_timeout,na,0,,,,,,,,,cached: parse exceeded 5000ms
serial,GEO/GEO402^1.p,TH1,Theorem,parse_timeout,na,0,,,,,,,,,cached: parse exceeded 5000ms
serial,GEO/GEO403^1.p,TH1,Theorem,parse_timeout,na,0,,,,,,,,,cached: parse exceeded 5000ms
serial,GEO/GEO404^1.p,TH1,Theorem,parse_timeout,na,0,,,,,,,,,cached: parse exceeded 5000ms
serial,GEO/GEO405^1.p,TH1,Theorem,parse_timeout,na,0,,,,,,,,,cached: parse exceeded 5000ms
serial,GEO/GEO406^1.p,TH1,Theorem,parse_timeout,na,0,,,,,,,,,cached: parse exceeded 5000ms
serial,GEO/GEO407^1.p,TH1,Theorem,parse_timeout,na,0,,,,,,,,,cached: parse exceeded 5000ms
serial,GEO/GEO408^1.p,TH1,Theorem,parse_timeout,na,0,,,,,,,,,cached: parse exceeded 5000ms
serial,GEO/GEO409^1.p,TH1,Theorem,parse_timeout,na,0,,,,,,,,,cached: parse exceeded 5000ms
serial,GEO/GEO410^1.p,TH1,Theorem,parse_timeout,na,0,,,,,,,,,cached: parse exceeded 5000ms
serial,GEO/GEO411^1.p,TH1,Theorem,parse_timeout,na,0,,,,,,,,,cached: parse exceeded 5000ms
serial,GEO/GEO412^1.p,TH1,Theorem,parse_timeout,na,0,,,,,,,,,cached: parse exceeded 5000ms
serial,GEO/GEO413^1.p,TH1,Theorem,parse_timeout,na,0,,,,,,,,,cached: parse exceeded 5000ms
serial,GEO/GEO414^1.p,TH1,Theorem,parse_timeout,na,0,,,,,,,,,cached: parse exceeded 5000ms
serial,GEO/GEO415^1.p,TH1,Theorem,parse_timeout,na,0,,,,,,,,,cached: parse exceeded 5000ms
serial,GEO/GEO416^1.p,TH1,Theorem,parse_timeout,na,0,,,,,,,,,cached: parse exceeded 5000ms
serial,GEO/GEO417^1.p,TH1,Theorem,parse_timeout,na,0,,,,,,,,,cached: parse exceeded 5000ms
serial,GEO/GEO418^1.p,TH1,Theorem,parse_timeout,na,0,,,,,,,,,cached: parse exceeded 5000ms
serial,GEO/GEO419^1.p,TH1,Theorem,parse_timeout,na,0,,,,,,,,,cached: parse exceeded 5000ms
serial,GEO/GEO420^1.p,TH1,Theorem,parse_timeout,na,0,,,,,,,,,cached: parse exceeded 5000ms
serial,GEO/GEO421^1.p,TH1,Theorem,parse_timeout,na,0,,,,,,,,,cached: parse exceeded 5000ms
serial,GEO/GEO422^1.p,TH1,Theorem,parse_timeout,na,0,,,,,,,,,cached: parse exceeded 5000ms
serial,GEO/GEO423^1.p,TH1,Theorem,parse_timeout,na,0,,,,,,,,,cached: parse exceeded 5000ms
serial,GEO/GEO424^1.p,TH1,Theorem,parse_timeout,na,0,,,,,,,,,cached: parse exceeded 5000ms
serial,GEO/GEO425^1.p,TH1,Theorem,parse_timeout,na,0,,,,,,,,,cached: parse exceeded 5000ms
serial,GEO/GEO426^1.p,TH1,Theorem,parse_timeout,na,0,,,,,,,,,cached: parse exceeded 5000ms
serial,GEO/GEO427^1.p,TH1,Theorem,parse_timeout,na,0,,,,,,,,,cached: parse exceeded 5000ms
serial,GEO/GEO428^1.p,TH1,Theorem,parse_timeout,na,0,,,,,,,,,cached: parse exceeded 5000ms
serial,GEO/GEO429^1.p,TH1,Theorem,parse_timeout,na,0,,,,,,,,,cached: parse exceeded 5000ms
serial,GEO/GEO430^1.p,TH1,Theorem,parse_timeout,na,0,,,,,,,,,cached: parse exceeded 5000ms
serial,GEO/GEO431^1.p,TH1,Theorem,parse_timeout,na,0,,,,,,,,,cached: parse exceeded 5000ms
serial,GEO/GEO432^1.p,TH1,Theorem,parse_timeout,na,0,,,,,,,,,cached: parse exceeded 5000ms
serial,GEO/GEO433^1.p,TH1,Theorem,parse_timeout,na,0,,,,,,,,,cached: parse exceeded 5000ms
serial,GEO/GEO434^1.p,TH1,Theorem,parse_timeout,na,0,,,,,,,,,cached: parse exceeded 5000ms
serial,GEO/GEO435^1.p,TH1,Theorem,parse_timeout,na,0,,,,,,,,,cached: parse exceeded 5000ms
serial,GEO/GEO436^1.p,TH1,Theorem,parse_timeout,na,0,,,,,,,,,cached: parse exceeded 5000ms
serial,GEO/GEO437^1.p,TH1,Theorem,parse_timeout,na,0,,,,,,,,,cached: parse exceeded 5000ms
serial,GEO/GEO438^1.p,TH1,Theorem,parse_timeout,na,0,,,,,,,,,cached: parse exceeded 5000ms
serial,GEO/GEO439^1.p,TH1,Theorem,parse_timeout,na,0,,,,,,,,,cached: parse exceeded 5000ms
serial,GRA/GRA027^1.p,TH0,Theorem,timeout,na,2022,0,0,0,1,0,0,0,0,
serial,GRA/GRA028^1.p,TH0,Theorem,timeout,na,2029,66,6,66,1,0,0,0,0,
serial,GRA/GRA029^1.p,TH0,Theorem,timeout,na,2052,0,0,0,1,0,0,0,0,
serial,GRA/GRA029^2.p,TH0,Theorem,timeout,na,2050,0,0,0,1,0,0,0,0,
serial,GRA/GRA030^1.p,TH0,Theorem,timeout,na,2041,0,0,0,1,0,0,0,0,
serial,GRA/GRA031^1.p,TH0,CounterSatisfiable,timeout,na,2074,12,1,12,1,0,0,0,0,
serial,GRA/GRA031^2.p,TH0,Theorem,timeout,na,2073,11,1,11,1,0,0,0,0,
serial,GRA/GRA032^1.p,TH0,Theorem,timeout,na,2097,0,0,0,1,0,0,0,0,
serial,GRA/GRA032^2.p,TH0,Theorem,timeout,na,2095,0,0,0,1,0,0,0,0,
serial,GRA/GRA033^1.p,TH0,CounterSatisfiable,timeout,na,2279,3,0,3,1,0,0,0,0,
serial,GRA/GRA033^2.p,TH0,CounterSatisfiable,timeout,na,2274,3,0,3,1,0,0,0,0,
serial,GRA/GRA034^1.p,TH0,Theorem,timeout,na,2289,0,0,0,1,0,0,0,0,
serial,GRA/GRA034^2.p,TH0,Theorem,timeout,na,2279,0,0,0,1,0,0,0,0,
serial,GRA/GRA035^1.p,TH0,CounterSatisfiable,timeout,na,2418,1,0,1,1,0,0,0,0,
serial,GRA/GRA035^2.p,TH0,CounterSatisfiable,timeout,na,2398,1,0,1,1,0,0,0,0,
serial,GRA/GRA036^1.p,TH0,Theorem,timeout,na,2363,0,0,0,1,0,0,0,0,
serial,GRA/GRA036^2.p,TH0,Theorem,timeout,na,2346,0,0,0,1,0,0,0,0,
serial,GRA/GRA037^1.p,TH0,CounterSatisfiable,timeout,na,2522,1,0,1,1,0,0,0,0,
serial,GRA/GRA037^2.p,TH0,CounterSatisfiable,timeout,na,2496,1,0,1,1,0,0,0,0,
serial,GRA/GRA038^1.p,TH0,CounterSatisfiable,timeout,na,2524,1,0,1,1,0,0,0,0,
serial,GRA/GRA038^2.p,TH0,CounterSatisfiable,timeout,na,2516,1,0,1,1,0,0,0,0,
serial,GRA/GRA039^1.p,TH0,Theorem,timeout,na,2396,0,0,0,1,0,0,0,0,
serial,GRA/GRA039^2.p,TH0,Theorem,timeout,na,2392,0,0,0,1,0,0,0,0,
serial,GRA/GRA040^1.p,TH0,CounterSatisfiable,timeout,na,2593,0,0,0,1,0,0,0,0,
serial,GRA/GRA040^2.p,TH0,CounterSatisfiable,timeout,na,2586,0,0,0,1,0,0,0,0,
serial,GRA/GRA041^1.p,TH0,Theorem,timeout,na,2511,0,0,0,1,0,0,0,0,
serial,GRA/GRA041^2.p,TH0,Theorem,timeout,na,2470,0,0,0,1,0,0,0,0,
serial,GRA/GRA042^1.p,TH0,CounterSatisfiable,timeout,na,2698,0,0,0,1,0,0,0,0,
serial,GRA/GRA042^2.p,TH0,CounterSatisfiable,timeout,na,2709,0,0,0,1,0,0,0,0,
serial,GRA/GRA043^1.p,TH0,Theorem,timeout,na,2587,0,0,0,1,0,0,0,0,
serial,GRA/GRA043^2.p,TH0,Theorem,timeout,na,2576,0,0,0,1,0,0,0,0,
serial,GRA/GRA044^1.p,TH0,Theorem,timeout,na,2517,0,0,0,1,0,0,0,0,
serial,GRA/GRA044^2.p,TH0,Theorem,timeout,na,2507,0,0,0,1,0,0,0,0,
serial,GRA/GRA045^1.p,TH0,CounterSatisfiable,timeout,na,2816,0,0,0,1,0,0,0,0,
serial,GRA/GRA045^2.p,TH0,CounterSatisfiable,timeout,na,2822,0,0,0,1,0,0,0,0,
serial,GRA/GRA046^1.p,TH0,Theorem,timeout,na,2577,0,0,0,1,0,0,0,0,
serial,GRA/GRA046^2.p,TH0,Theorem,timeout,na,2552,0,0,0,1,0,0,0,0,
serial,GRA/GRA047^1.p,TH0,CounterSatisfiable,timeout,na,2887,0,0,0,1,0,0,0,0,
serial,GRA/GRA047^2.p,TH0,CounterSatisfiable,timeout,na,2890,0,0,0,1,0,0,0,0,
serial,GRA/GRA048^1.p,TH0,Theorem,timeout,na,2665,0,0,0,1,0,0,0,0,
serial,GRA/GRA048^2.p,TH0,Theorem,timeout,na,2622,0,0,0,1,0,0,0,0,
serial,GRA/GRA049^1.p,TH0,CounterSatisfiable,timeout,na,2999,0,0,0,1,0,0,0,0,
serial,GRA/GRA049^2.p,TH0,CounterSatisfiable,timeout,na,2999,0,0,0,1,0,0,0,0,
serial,GRA/GRA050^1.p,TH0,Theorem,timeout,na,2748,0,0,0,1,0,0,0,0,
serial,GRA/GRA050^2.p,TH0,Theorem,timeout,na,2752,0,0,0,1,0,0,0,0,
serial,GRA/GRA051^1.p,TH0,CounterSatisfiable,timeout,na,3276,0,0,0,1,0,0,0,0,
serial,GRA/GRA051^2.p,TH0,CounterSatisfiable,timeout,na,3243,0,0,0,1,0,0,0,0,
serial,GRA/GRA052^1.p,TH0,Theorem,timeout,na,2807,0,0,0,1,0,0,0,0,
serial,GRA/GRA052^2.p,TH0,Theorem,timeout,na,2812,0,0,0,1,0,0,0,0,
serial,GRA/GRA053^1.p,TH0,CounterSatisfiable,timeout,na,3321,0,0,0,1,0,0,0,0,
serial,GRA/GRA053^2.p,TH0,CounterSatisfiable,timeout,na,3301,0,0,0,1,0,0,0,0,
serial,GRA/GRA054^1.p,TH0,Theorem,timeout,na,2874,0,0,0,1,0,0,0,0,
serial,GRA/GRA054^2.p,TH0,Theorem,timeout,na,2865,0,0,0,1,0,0,0,0,
serial,GRA/GRA055^1.p,TH0,Theorem,timeout,na,3075,0,0,0,1,0,0,0,0,
serial,GRA/GRA055^2.p,TH0,Theorem,timeout,na,3060,0,0,0,1,0,0,0,0,
serial,GRA/GRA056^1.p,TH0,CounterSatisfiable,timeout,na,3831,0,0,0,1,0,0,0,0,
serial,GRA/GRA056^2.p,TH0,CounterSatisfiable,timeout,na,3840,0,0,0,1,0,0,0,0,
serial,GRA/GRA057^1.p,TH0,Open,timeout,na,3139,0,0,0,1,0,0,0,0,
serial,GRA/GRA057^2.p,TH0,Open,timeout,na,3131,0,0,0,1,0,0,0,0,
serial,GRA/GRA058^1.p,TH0,CounterSatisfiable,timeout,na,3891,0,0,0,1,0,0,0,0,
serial,GRA/GRA058^2.p,TH0,CounterSatisfiable,timeout,na,3928,0,0,0,1,0,0,0,0,
serial,GRA/GRA059^1.p,TH0,CounterSatisfiable,timeout,na,4600,0,0,0,1,0,0,0,0,
serial,GRA/GRA059^2.p,TH0,CounterSatisfiable,timeout,na,4600,0,0,0,1,0,0,0,0,
serial,GRA/GRA060^1.p,TH0,Open,timeout,na,3534,0,0,0,1,0,0,0,0,
serial,GRA/GRA060^2.p,TH0,Open,timeout,na,3510,0,0,0,1,0,0,0,0,
serial,GRA/GRA061^1.p,TH0,CounterSatisfiable,timeout,na,4629,0,0,0,1,0,0,0,0,
serial,GRA/GRA061^2.p,TH0,CounterSatisfiable,timeout,na,4675,0,0,0,1,0,0,0,0,
serial,GRA/GRA062^1.p,TH0,Theorem,timeout,na,3577,0,0,0,1,0,0,0,0,
serial,GRA/GRA062^2.p,TH0,Theorem,timeout,na,3579,0,0,0,1,0,0,0,0,
serial,GRA/GRA063^1.p,TH0,Open,timeout,na,4067,0,0,0,1,0,0,0,0,
serial,GRA/GRA063^2.p,TH0,Theorem,timeout,na,4069,0,0,0,1,0,0,0,0,
serial,GRA/GRA064^1.p,TH0,CounterSatisfiable,timeout,na,5597,0,0,0,1,0,0,0,0,
serial,GRA/GRA064^2.p,TH0,CounterSatisfiable,timeout,na,5653,0,0,0,1,0,0,0,0,
serial,GRA/GRA065^1.p,TH0,Open,timeout,na,4103,0,0,0,1,0,0,0,0,
serial,GRA/GRA065^2.p,TH0,Theorem,timeout,na,4099,0,0,0,1,0,0,0,0,
serial,GRA/GRA066^1.p,TH0,CounterSatisfiable,timeout,na,5665,0,0,0,1,0,0,0,0,
serial,GRA/GRA066^2.p,TH0,CounterSatisfiable,timeout,na,5724,0,0,0,1,0,0,0,0,
serial,GRA/GRA067^1.p,TH0,Open,timeout,na,4844,0,0,0,1,0,0,0,0,
serial,GRA/GRA067^2.p,TH0,Theorem,timeout,na,4805,0,0,0,1,0,0,0,0,
serial,GRA/GRA068^1.p,TH0,CounterSatisfiable,parse_timeout,na,0,,,,,,,,,cached: parse exceeded 5000ms
serial,GRA/GRA068^2.p,TH0,CounterSatisfiable,parse_timeout,na,0,,,,,,,,,cached: parse exceeded 5000ms
serial,GRA/GRA069^1.p,TH0,Open,timeout,na,4853,0,0,0,1,0,0,0,0,
serial,GRA/GRA069^2.p,TH0,Theorem,timeout,na,4840,0,0,0,1,0,0,0,0,
serial,GRA/GRA070^1.p,TH0,CounterSatisfiable,parse_timeout,na,0,,,,,,,,,cached: parse exceeded 5000ms
serial,GRA/GRA070^2.p,TH0,CounterSatisfiable,parse_timeout,na,0,,,,,,,,,cached: parse exceeded 5000ms
serial,GRA/GRA071^1.p,TH0,CounterSatisfiable,parse_timeout,na,0,,,,,,,,,cached: parse exceeded 5000ms
serial,GRA/GRA071^2.p,TH0,CounterSatisfiable,parse_timeout,na,0,,,,,,,,,cached: parse exceeded 5000ms
serial,GRA/GRA072^1.p,TH0,Open,timeout,na,5787,0,0,0,1,0,0,0,0,
serial,GRA/GRA072^2.p,TH0,Theorem,timeout,na,5786,0,0,0,1,0,0,0,0,
serial,GRA/GRA073^1.p,TH0,CounterSatisfiable,parse_timeout,na,0,,,,,,,,,cached: parse exceeded 5000ms
serial,GRA/GRA073^2.p,TH0,CounterSatisfiable,parse_timeout,na,0,,,,,,,,,cached: parse exceeded 5000ms
serial,GRA/GRA074^1.p,TH0,Theorem,timeout,na,5790,0,0,0,1,0,0,0,0,
serial,GRA/GRA074^2.p,TH0,Theorem,timeout,na,5778,0,0,0,1,0,0,0,0,
serial,GRA/GRA081^1.p,TH0,Unsatisfiable,no_conjecture,na,6,,,,,,,,,
serial,GRA/GRA082^1.p,TH0,Unsatisfiable,no_conjecture,na,9,,,,,,,,,
serial,GRA/GRA083^1.p,TH0,Unsatisfiable,no_conjecture,na,8,,,,,,,,,
serial,GRA/GRA084^1.p,TH0,Unsatisfiable,no_conjecture,na,11,,,,,,,,,
serial,GRA/GRA085^1.p,TH0,Unsatisfiable,no_conjecture,na,10,,,,,,,,,
serial,GRA/GRA086^1.p,TH0,Unsatisfiable,no_conjecture,na,9,,,,,,,,,
serial,GRA/GRA087^1.p,TH0,Unsatisfiable,no_conjecture,na,8,,,,,,,,,
serial,GRA/GRA088^1.p,TH0,Unsatisfiable,no_conjecture,na,8,,,,,,,,,
serial,GRA/GRA089^1.p,TH0,Unsatisfiable,no_conjecture,na,9,,,,,,,,,
serial,GRA/GRA090^1.p,TH0,Unsatisfiable,no_conjecture,na,9,,,,,,,,,
serial,GRA/GRA091^1.p,TH0,Unsatisfiable,no_conjecture,na,9,,,,,,,,,
serial,GRA/GRA092^1.p,TH0,Unsatisfiable,no_conjecture,na,9,,,,,,,,,
serial,GRA/GRA093^1.p,TH0,Unsatisfiable,no_conjecture,na,9,,,,,,,,,
serial,GRA/GRA094^1.p,TH0,Unsatisfiable,no_conjecture,na,12,,,,,,,,,
serial,GRA/GRA095^1.p,TH0,Unsatisfiable,no_conjecture,na,11,,,,,,,,,
serial,GRA/GRA096^1.p,TH0,Unsatisfiable,no_conjecture,na,10,,,,,,,,,
serial,GRA/GRA097^1.p,TH0,Unsatisfiable,no_conjecture,na,9,,,,,,,,,
serial,GRA/GRA098^1.p,TH0,Unsatisfiable,no_conjecture,na,10,,,,,,,,,
serial,GRA/GRA099^1.p,TH0,Unsatisfiable,no_conjecture,na,10,,,,,,,,,
serial,GRA/GRA100^1.p,TH0,Unsatisfiable,no_conjecture,na,10,,,,,,,,,
serial,GRA/GRA101^1.p,TH0,Unsatisfiable,no_conjecture,na,11,,,,,,,,,
serial,GRA/GRA102^1.p,TH0,Unsatisfiable,no_conjecture,na,10,,,,,,,,,
serial,GRA/GRA103^1.p,TH0,Unsatisfiable,no_conjecture,na,12,,,,,,,,,
serial,GRA/GRA104^1.p,TH0,Unsatisfiable,no_conjecture,na,12,,,,,,,,,
serial,GRA/GRA105^1.p,TH0,Unsatisfiable,no_conjecture,na,9,,,,,,,,,
serial,GRA/GRA106^1.p,TH0,Unsatisfiable,no_conjecture,na,9,,,,,,,,,
serial,GRA/GRA107^1.p,TH0,Unsatisfiable,no_conjecture,na,10,,,,,,,,,
serial,GRA/GRA108^1.p,TH0,Unsatisfiable,no_conjecture,na,10,,,,,,,,,
serial,GRA/GRA109^1.p,TH0,Unsatisfiable,no_conjecture,na,10,,,,,,,,,
serial,GRA/GRA110^1.p,TH0,Unsatisfiable,no_conjecture,na,10,,,,,,,,,
serial,GRA/GRA111^1.p,TH0,Unsatisfiable,no_conjecture,na,9,,,,,,,,,
serial,GRA/GRA112^1.p,TH0,Unsatisfiable,no_conjecture,na,10,,,,,,,,,
serial,GRA/GRA113^1.p,TH0,Unsatisfiable,no_conjecture,na,9,,,,,,,,,
serial,GRA/GRA114^1.p,TH0,Unsatisfiable,no_conjecture,na,10,,,,,,,,,
serial,GRA/GRA115^1.p,TH0,Unsatisfiable,no_conjecture,na,11,,,,,,,,,
serial,GRA/GRA116^1.p,TH0,Unsatisfiable,no_conjecture,na,10,,,,,,,,,
serial,GRP/GRP001^5.p,TH0,Theorem,timeout,na,2015,649,30,649,51,9,0,1,0,
serial,GRP/GRP782^1.p,TH0,Unknown,timeout,na,2655,0,0,0,1,0,0,0,0,
serial,GRP/GRP783^1.p,TH0,Unknown,timeout,na,2679,0,0,0,1,0,0,0,0,
serial,GRP/GRP784^1.p,TH0,Unknown,timeout,na,2628,0,0,0,1,0,0,0,0,
serial,GRP/GRP785^1.p,TH0,Unknown,timeout,na,2656,0,0,0,1,0,0,0,0,
serial,GRP/GRP786^1.p,TH0,Unknown,timeout,na,2640,0,0,0,1,0,0,0,0,
serial,GRP/GRP787^1.p,TH0,Unknown,timeout,na,2671,0,0,0,1,0,0,0,0,
serial,GRP/GRP788^1.p,TH0,Unknown,timeout,na,2626,0,0,0,1,0,0,0,0,
serial,GRP/GRP789^1.p,TH0,Unknown,timeout,na,2626,0,0,0,1,0,0,0,0,
serial,GRP/GRP790^1.p,TH0,Unknown,timeout,na,2650,0,0,0,1,0,0,0,0,
serial,GRP/GRP791^1.p,TH0,Unknown,timeout,na,2654,0,0,0,1,0,0,0,0,
serial,GRP/GRP792^1.p,TH0,Theorem,timeout,na,2688,0,0,0,1,0,0,0,0,
serial,GRP/GRP793^1.p,TH0,Unknown,timeout,na,2661,0,0,0,1,0,0,0,0,
serial,GRP/GRP794^1.p,TH0,Theorem,timeout,na,2616,0,0,0,1,0,0,0,0,
serial,GRP/GRP795^1.p,TH0,Unknown,timeout,na,2642,0,0,0,1,0,0,0,0,
serial,GRP/GRP796^1.p,TH0,Unknown,timeout,na,2605,0,0,0,1,0,0,0,0,
serial,GRP/GRP797^1.p,TH0,Unknown,timeout,na,2637,0,0,0,1,0,0,0,0,
serial,GRP/GRP798^1.p,TH0,Unknown,timeout,na,2644,0,0,0,1,0,0,0,0,
serial,GRP/GRP799^1.p,TH0,Unknown,timeout,na,2675,0,0,0,1,0,0,0,0,
serial,GRP/GRP800^1.p,TH0,Unknown,timeout,na,2642,0,0,0,1,0,0,0,0,
serial,GRP/GRP801^1.p,TH0,Unknown,timeout,na,2658,0,0,0,1,0,0,0,0,
serial,GRP/GRP802^1.p,TH0,Theorem,timeout,na,2689,0,0,0,1,0,0,0,0,
serial,GRP/GRP803^1.p,TH0,Unknown,timeout,na,2652,0,0,0,1,0,0,0,0,
serial,GRP/GRP804^1.p,TH0,Theorem,timeout,na,2614,0,0,0,1,0,0,0,0,
serial,GRP/GRP805^1.p,TH0,Unknown,timeout,na,2646,0,0,0,1,0,0,0,0,
serial,GRP/GRP806^1.p,TH0,Unknown,timeout,na,2661,0,0,0,1,0,0,0,0,
serial,GRP/GRP807^1.p,TH0,Unknown,timeout,na,2660,0,0,0,1,0,0,0,0,
serial,GRP/GRP808^1.p,TH0,Theorem,timeout,na,2647,0,0,0,1,0,0,0,0,
serial,GRP/GRP809^1.p,TH0,Unknown,timeout,na,2646,0,0,0,1,0,0,0,0,
serial,GRP/GRP810^1.p,TH0,Unknown,timeout,na,2644,0,0,0,1,0,0,0,0,
serial,GRP/GRP811^1.p,TH0,Unknown,timeout,na,2622,0,0,0,1,0,0,0,0,
serial,GRP/GRP812^1.p,TH0,Unknown,timeout,na,2647,0,0,0,1,0,0,0,0,
serial,GRP/GRP813^1.p,TH0,Unknown,timeout,na,2650,0,0,0,1,0,0,0,0,
serial,GRP/GRP814^1.p,TH0,Unknown,timeout,na,2646,0,0,0,1,0,0,0,0,
serial,GRP/GRP815^1.p,TH0,Unknown,timeout,na,2645,0,0,0,1,0,0,0,0,
serial,GRP/GRP816^1.p,TH0,Unknown,timeout,na,2667,0,0,0,1,0,0,0,0,
serial,GRP/GRP817^1.p,TH0,Unknown,timeout,na,2699,0,0,0,1,0,0,0,0,
serial,GRP/GRP818^1.p,TH0,Unknown,timeout,na,2657,0,0,0,1,0,0,0,0,
serial,GRP/GRP819^1.p,TH0,Unknown,timeout,na,2660,0,0,0,1,0,0,0,0,
serial,GRP/GRP820^1.p,TH0,Unknown,timeout,na,2639,0,0,0,1,0,0,0,0,
serial,GRP/GRP821^1.p,TH0,Unknown,timeout,na,2677,0,0,0,1,0,0,0,0,
serial,ITP/ITP001^1.p,TH0,Theorem,thm,yes,57,7,0,7,2,2,0,0,0,
serial,ITP/ITP001^2.p,TH0,Theorem,thm,yes,17,1,0,1,1,1,0,0,0,
serial,ITP/ITP001^3.p,TH1,Theorem,thm,yes,9,6,0,6,2,2,0,0,0,
serial,ITP/ITP001^4.p,TH0,Theorem,thm,yes,321,31,0,31,4,4,0,0,0,
serial,ITP/ITP001^5.p,TH0,Theorem,thm,yes,118,1,0,1,1,1,0,0,0,
serial,ITP/ITP001^7.p,TH1,Theorem,thm,yes,431,25,0,25,4,4,0,0,0,
serial,ITP/ITP002^1.p,TH0,Theorem,timeout,na,2136,410,27,410,22,0,0,0,0,
serial,ITP/ITP002^2.p,TH0,Theorem,timeout,na,2072,480,23,480,68,1,0,0,0,
serial,ITP/ITP002^3.p,TH1,Theorem,timeout,na,2039,692,33,692,27,18,0,1,0,
serial,ITP/ITP002^4.p,TH0,Theorem,parse_timeout,na,0,,,,,,,,,cached: parse exceeded 5000ms
serial,ITP/ITP002^5.p,TH0,Theorem,timeout,na,4576,187,17,187,2,0,0,0,0,
serial,ITP/ITP002^7.p,TH1,Theorem,timeout,na,3373,57,1,57,16,0,0,0,0,
serial,ITP/ITP003^1.p,TH0,Theorem,timeout,na,2192,31,3,31,1,0,0,0,0,
serial,ITP/ITP003^2.p,TH0,Theorem,timeout,na,2179,463,15,463,76,0,0,1,0,
serial,ITP/ITP003^3.p,TH1,Theorem,timeout,na,2100,999,57,999,55,20,0,1,0,
serial,ITP/ITP003^4.p,TH0,Theorem,parse_timeout,na,0,,,,,,,,,cached: parse exceeded 5000ms
serial,ITP/ITP003^5.p,TH0,Theorem,parse_timeout,na,0,,,,,,,,,cached: parse exceeded 5000ms
serial,ITP/ITP003^7.p,TH1,Theorem,timeout,na,4445,33,1,33,6,0,0,0,0,
serial,ITP/ITP004^1.p,TH0,Theorem,timeout,na,2077,368,30,368,16,0,0,0,0,
serial,ITP/ITP004^2.p,TH0,Theorem,timeout,na,2055,468,10,468,94,0,0,0,0,
serial,ITP/ITP004^3.p,TH1,Theorem,timeout,na,2023,615,34,615,47,0,0,1,0,
serial,ITP/ITP004^4.p,TH0,Theorem,parse_timeout,na,0,,,,,,,,,cached: parse exceeded 5000ms
serial,ITP/ITP004^5.p,TH0,Theorem,parse_timeout,na,0,,,,,,,,,cached: parse exceeded 5000ms
serial,ITP/ITP004^7.p,TH1,Theorem,timeout,na,6192,0,0,0,1,0,0,0,0,
serial,ITP/ITP005^1.p,TH0,Theorem,timeout,na,2157,381,35,381,7,0,0,0,0,
serial,ITP/ITP005^2.p,TH0,Theorem,timeout,na,2113,548,11,548,76,18,0,1,0,
serial,ITP/ITP005^3.p,TH1,Theorem,timeout,na,2066,703,40,703,69,4,0,1,0,
serial,ITP/ITP005^4.p,TH0,Theorem,parse_timeout,na,0,,,,,,,,,cached: parse exceeded 5000ms
serial,ITP/ITP005^5.p,TH0,Theorem,parse_timeout,na,0,,,,,,,,,cached: parse exceeded 5000ms
serial,ITP/ITP005^7.p,TH1,Theorem,parse_timeout,na,0,,,,,,,,,cached: parse exceeded 5000ms
serial,ITP/ITP006^1.p,TH0,Theorem,timeout,na,2138,299,26,299,6,0,0,0,0,
serial,ITP/ITP006^2.p,TH0,Theorem,timeout,na,2105,207,10,207,19,0,0,0,0,
serial,ITP/ITP006^3.p,TH1,Theorem,timeout,na,2067,567,33,567,49,1,0,1,0,
serial,ITP/ITP006^4.p,TH0,Theorem,parse_timeout,na,0,,,,,,,,,cached: parse exceeded 5000ms
serial,ITP/ITP006^5.p,TH0,Theorem,parse_timeout,na,0,,,,,,,,,cached: parse exceeded 5000ms
serial,ITP/ITP006^7.p,TH1,Theorem,parse_timeout,na,0,,,,,,,,,cached: parse exceeded 5000ms
serial,ITP/ITP007^1.p,TH0,Theorem,timeout,na,2438,174,15,174,4,0,0,0,0,
serial,ITP/ITP007^2.p,TH0,Theorem,timeout,na,2210,355,17,355,40,0,0,0,0,
serial,ITP/ITP007^3.p,TH1,Theorem,timeout,na,2110,659,42,659,23,13,0,1,0,
serial,ITP/ITP007^4.p,TH0,Theorem,parse_timeout,na,0,,,,,,,,,cached: parse exceeded 5000ms
serial,ITP/ITP007^5.p,TH0,Theorem,parse_timeout,na,0,,,,,,,,,cached: parse exceeded 5000ms
serial,ITP/ITP007^7.p,TH1,Theorem,parse_timeout,na,0,,,,,,,,,cached: parse exceeded 5000ms
serial,ITP/ITP008^1.p,TH0,Theorem,timeout,na,2117,389,14,389,34,0,0,0,0,
serial,ITP/ITP008^2.p,TH0,Theorem,timeout,na,2066,637,22,637,101,0,0,0,0,
serial,ITP/ITP008^3.p,TH1,Theorem,timeout,na,2017,120,8,120,8,0,0,1,0,
serial,ITP/ITP008^4.p,TH0,Theorem,parse_timeout,na,0,,,,,,,,,cached: parse exceeded 5000ms
serial,ITP/ITP008^5.p,TH0,Theorem,parse_timeout,na,0,,,,,,,,,cached: parse exceeded 5000ms
serial,ITP/ITP008^7.p,TH1,Theorem,parse_timeout,na,0,,,,,,,,,cached: parse exceeded 5000ms
serial,ITP/ITP009^1.p,TH0,Theorem,timeout,na,2202,281,24,281,8,0,0,0,0,
serial,ITP/ITP009^2.p,TH0,Theorem,timeout,na,2103,269,17,269,20,1,0,0,0,
serial,ITP/ITP009^3.p,TH1,Theorem,timeout,na,2056,179,11,179,12,1,0,1,0,
serial,ITP/ITP009^4.p,TH0,Theorem,parse_timeout,na,0,,,,,,,,,cached: parse exceeded 5000ms
serial,ITP/ITP009^5.p,TH0,Theorem,parse_timeout,na,0,,,,,,,,,cached: parse exceeded 5000ms
serial,ITP/ITP009^7.p,TH1,Theorem,parse_timeout,na,0,,,,,,,,,cached: parse exceeded 5000ms
serial,ITP/ITP010^1.p,TH0,Theorem,thm,yes,96,7,0,7,1,1,0,0,0,
serial,ITP/ITP010^2.p,TH0,Theorem,thm,yes,68,15,1,15,1,1,0,0,0,
serial,ITP/ITP010^3.p,TH1,Theorem,thm,yes,29,5,0,5,1,1,0,0,0,
serial,ITP/ITP010^4.p,TH0,Theorem,parse_timeout,na,0,,,,,,,,,cached: parse exceeded 5000ms
serial,ITP/ITP010^5.p,TH0,Theorem,parse_timeout,na,0,,,,,,,,,cached: parse exceeded 5000ms
serial,ITP/ITP010^7.p,TH1,Theorem,parse_timeout,na,0,,,,,,,,,cached: parse exceeded 5000ms
serial,ITP/ITP011^1.p,TH0,Theorem,timeout,na,2200,258,15,258,17,0,0,0,0,
serial,ITP/ITP011^2.p,TH0,Theorem,timeout,na,2135,147,13,147,3,0,0,0,0,
serial,ITP/ITP011^3.p,TH1,Theorem,timeout,na,2076,78,6,78,3,0,0,0,0,
serial,ITP/ITP011^4.p,TH0,Theorem,parse_timeout,na,0,,,,,,,,,cached: parse exceeded 5000ms
serial,ITP/ITP011^5.p,TH0,Theorem,parse_timeout,na,0,,,,,,,,,cached: parse exceeded 5000ms
serial,ITP/ITP011^7.p,TH1,Theorem,parse_timeout,na,0,,,,,,,,,cached: parse exceeded 5000ms
serial,ITP/ITP012^1.p,TH0,Theorem,timeout,na,2112,420,36,420,17,2,0,0,0,
serial,ITP/ITP012^2.p,TH0,Theorem,timeout,na,2108,442,10,442,94,0,0,0,0,
serial,ITP/ITP012^3.p,TH1,Theorem,timeout,na,2044,729,54,729,31,9,0,2,0,
serial,ITP/ITP012^4.p,TH0,Theorem,parse_timeout,na,0,,,,,,,,,cached: parse exceeded 5000ms
serial,ITP/ITP012^5.p,TH0,Theorem,parse_timeout,na,0,,,,,,,,,cached: parse exceeded 5000ms
serial,ITP/ITP012^7.p,TH1,Theorem,parse_timeout,na,0,,,,,,,,,cached: parse exceeded 5000ms
serial,ITP/ITP013^1.p,TH0,Theorem,timeout,na,2142,274,24,274,5,0,0,0,0,
serial,ITP/ITP013^2.p,TH0,Theorem,timeout,na,2096,481,9,481,89,5,0,1,0,
serial,ITP/ITP013^3.p,TH1,Theorem,timeout,na,2092,1050,25,1046,40,166,0,1,0,
serial,ITP/ITP013^4.p,TH0,Theorem,parse_timeout,na,0,,,,,,,,,cached: parse exceeded 5000ms
serial,ITP/ITP013^5.p,TH0,Theorem,parse_timeout,na,0,,,,,,,,,cached: parse exceeded 5000ms
serial,ITP/ITP013^7.p,TH1,Theorem,parse_timeout,na,0,,,,,,,,,cached: parse exceeded 5000ms
serial,ITP/ITP014^1.p,TH0,Theorem,timeout,na,2403,13,1,13,1,0,0,0,0,
serial,ITP/ITP014^2.p,TH0,Theorem,timeout,na,2372,39,3,39,1,0,0,0,0,
serial,ITP/ITP014^3.p,TH1,Theorem,timeout,na,2178,14,1,14,1,0,0,0,0,
serial,ITP/ITP014^4.p,TH0,Theorem,parse_timeout,na,0,,,,,,,,,cached: parse exceeded 5000ms
serial,ITP/ITP014^5.p,TH0,Theorem,parse_timeout,na,0,,,,,,,,,cached: parse exceeded 5000ms
serial,ITP/ITP014^7.p,TH1,Theorem,parse_timeout,na,0,,,,,,,,,cached: parse exceeded 5000ms
serial,ITP/ITP015^1.p,TH0,Theorem,timeout,na,2147,281,26,281,5,0,0,0,0,
serial,ITP/ITP015^2.p,TH0,Theorem,timeout,na,2097,437,10,437,84,0,0,0,0,
serial,ITP/ITP015^3.p,TH1,Theorem,timeout,na,2058,626,29,626,80,4,0,1,0,
serial,ITP/ITP015^4.p,TH0,Theorem,parse_timeout,na,0,,,,,,,,,cached: parse exceeded 5000ms
serial,ITP/ITP015^5.p,TH0,Theorem,parse_timeout,na,0,,,,,,,,,cached: parse exceeded 5000ms
serial,ITP/ITP015^7.p,TH1,Theorem,parse_timeout,na,0,,,,,,,,,cached: parse exceeded 5000ms
serial,ITP/ITP016^1.p,TH0,Theorem,timeout,na,2176,445,40,445,6,0,0,0,0,
serial,ITP/ITP016^2.p,TH0,Theorem,timeout,na,2196,516,21,516,79,0,0,1,0,
serial,ITP/ITP016^3.p,TH1,Theorem,timeout,na,2117,1142,56,1142,85,9,0,1,0,
serial,ITP/ITP016^4.p,TH0,Theorem,parse_timeout,na,0,,,,,,,,,cached: parse exceeded 5000ms
serial,ITP/ITP016^5.p,TH0,Theorem,parse_timeout,na,0,,,,,,,,,cached: parse exceeded 5000ms
serial,ITP/ITP016^7.p,TH1,Theorem,parse_timeout,na,0,,,,,,,,,cached: parse exceeded 5000ms
serial,ITP/ITP017^1.p,TH0,Theorem,timeout,na,2379,20,2,20,1,0,0,0,0,
serial,ITP/ITP017^2.p,TH0,Theorem,timeout,na,2349,57,5,57,1,0,0,0,0,
serial,ITP/ITP017^3.p,TH1,Theorem,timeout,na,2163,20,2,20,1,0,0,0,0,
serial,ITP/ITP017^4.p,TH0,Theorem,parse_timeout,na,0,,,,,,,,,cached: parse exceeded 5000ms
serial,ITP/ITP017^5.p,TH0,Theorem,parse_timeout,na,0,,,,,,,,,cached: parse exceeded 5000ms
serial,ITP/ITP017^7.p,TH1,Theorem,parse_timeout,na,0,,,,,,,,,cached: parse exceeded 5000ms
serial,ITP/ITP018^1.p,TH0,Theorem,timeout,na,2078,301,26,301,6,0,0,0,0,
serial,ITP/ITP018^2.p,TH0,Theorem,timeout,na,2053,638,16,638,72,18,0,0,0,
serial,ITP/ITP018^3.p,TH1,Theorem,timeout,na,2028,913,25,913,33,54,0,1,0,
serial,ITP/ITP018^4.p,TH0,Theorem,parse_timeout,na,0,,,,,,,,,cached: parse exceeded 5000ms
serial,ITP/ITP018^5.p,TH0,Theorem,parse_timeout,na,0,,,,,,,,,cached: parse exceeded 5000ms
serial,ITP/ITP018^7.p,TH1,Theorem,parse_timeout,na,0,,,,,,,,,cached: parse exceeded 5000ms
serial,ITP/ITP019^1.p,TH0,Theorem,timeout,na,2066,278,24,278,7,0,0,0,0,
serial,ITP/ITP019^2.p,TH0,Theorem,timeout,na,2093,710,6,710,279,0,0,1,0,
serial,ITP/ITP019^3.p,TH1,Theorem,timeout,na,2026,903,19,903,33,65,0,1,0,
serial,ITP/ITP019^4.p,TH0,Theorem,parse_timeout,na,0,,,,,,,,,cached: parse exceeded 5000ms
serial,ITP/ITP019^5.p,TH0,Theorem,parse_timeout,na,0,,,,,,,,,cached: parse exceeded 5000ms
serial,ITP/ITP019^7.p,TH1,Theorem,parse_timeout,na,0,,,,,,,,,cached: parse exceeded 5000ms
serial,ITP/ITP020^1.p,TH0,ContradictoryAxioms,timeout,na,2248,271,25,271,4,0,0,0,0,
serial,ITP/ITP020^2.p,TH0,Theorem,timeout,na,2131,397,11,397,70,0,0,0,0,
serial,ITP/ITP020^3.p,TH1,Theorem,timeout,na,2053,390,28,390,16,1,0,1,0,
serial,ITP/ITP020^4.p,TH0,Theorem,parse_timeout,na,0,,,,,,,,,cached: parse exceeded 5000ms
serial,ITP/ITP020^5.p,TH0,Theorem,parse_timeout,na,0,,,,,,,,,cached: parse exceeded 5000ms
serial,ITP/ITP020^7.p,TH1,Theorem,parse_timeout,na,0,,,,,,,,,cached: parse exceeded 5000ms
serial,ITP/ITP021^1.p,TH0,Theorem,timeout,na,2124,425,37,425,9,0,0,0,0,
serial,ITP/ITP021^2.p,TH0,Theorem,timeout,na,2105,501,16,501,90,1,0,0,0,
serial,ITP/ITP021^3.p,TH1,Theorem,timeout,na,2046,853,63,853,31,3,0,1,0,
serial,ITP/ITP021^4.p,TH0,Theorem,parse_timeout,na,0,,,,,,,,,cached: parse exceeded 5000ms
serial,ITP/ITP021^5.p,TH0,Theorem,parse_timeout,na,0,,,,,,,,,cached: parse exceeded 5000ms
serial,ITP/ITP021^7.p,TH1,Theorem,parse_timeout,na,0,,,,,,,,,cached: parse exceeded 5000ms
serial,ITP/ITP022^1.p,TH0,Theorem,timeout,na,2315,17,1,17,1,0,0,0,0,
serial,ITP/ITP022^2.p,TH0,Theorem,timeout,na,2282,44,4,44,1,0,0,0,0,
serial,ITP/ITP022^3.p,TH1,Theorem,timeout,na,2136,13,1,13,1,0,0,0,0,
serial,ITP/ITP022^4.p,TH0,Theorem,parse_timeout,na,0,,,,,,,,,cached: parse exceeded 5000ms
serial,ITP/ITP022^5.p,TH0,Theorem,parse_timeout,na,0,,,,,,,,,cached: parse exceeded 5000ms
serial,ITP/ITP022^7.p,TH1,Theorem,parse_timeout,na,0,,,,,,,,,cached: parse exceeded 5000ms
serial,ITP/ITP023^1.p,TH0,Theorem,timeout,na,2127,318,28,318,6,0,0,0,0,
serial,ITP/ITP023^2.p,TH0,Theorem,timeout,na,2106,452,10,452,97,0,0,0,0,
serial,ITP/ITP023^3.p,TH1,Theorem,timeout,na,2038,377,30,377,11,1,0,1,0,
serial,ITP/ITP023^4.p,TH0,Theorem,parse_timeout,na,0,,,,,,,,,cached: parse exceeded 5000ms
serial,ITP/ITP023^5.p,TH0,Theorem,parse_timeout,na,0,,,,,,,,,cached: parse exceeded 5000ms
serial,ITP/ITP023^7.p,TH1,Theorem,parse_timeout,na,0,,,,,,,,,cached: parse exceeded 5000ms
serial,ITP/ITP024^1.p,TH0,Theorem,timeout,na,3407,19,1,19,1,0,0,0,0,
serial,ITP/ITP024^2.p,TH0,Theorem,timeout,na,2497,57,5,57,1,0,0,0,0,
serial,ITP/ITP024^3.p,TH1,Theorem,timeout,na,2241,20,2,20,1,0,0,0,0,
serial,ITP/ITP024^4.p,TH0,Theorem,parse_timeout,na,0,,,,,,,,,cached: parse exceeded 5000ms
serial,ITP/ITP024^5.p,TH0,Theorem,parse_timeout,na,0,,,,,,,,,cached: parse exceeded 5000ms
serial,ITP/ITP024^7.p,TH1,Theorem,parse_timeout,na,0,,,,,,,,,cached: parse exceeded 5000ms
serial,ITP/ITP025^1.p,TH0,Theorem,timeout,na,2444,314,26,314,8,3,0,0,0,
serial,ITP/ITP025^2.p,TH0,Theorem,timeout,na,2249,404,23,404,60,0,0,0,0,
serial,ITP/ITP025^3.p,TH1,Theorem,timeout,na,2107,238,20,238,5,6,0,1,0,
serial,ITP/ITP025^4.p,TH0,Theorem,parse_timeout,na,0,,,,,,,,,cached: parse exceeded 5000ms
serial,ITP/ITP025^5.p,TH0,Theorem,parse_timeout,na,0,,,,,,,,,cached: parse exceeded 5000ms
serial,ITP/ITP025^7.p,TH1,Theorem,parse_timeout,na,0,,,,,,,,,cached: parse exceeded 5000ms
serial,ITP/ITP026^1.p,TH0,Theorem,timeout,na,2694,361,29,361,15,1,0,1,0,
serial,ITP/ITP026^2.p,TH1,Theorem,timeout,na,3166,210,14,210,12,1,0,1,0,
serial,ITP/ITP027^1.p,TH0,Theorem,timeout,na,3362,251,25,251,1,0,0,0,0,
serial,ITP/ITP027^2.p,TH1,Theorem,timeout,na,4220,71,7,71,1,0,0,0,0,
serial,ITP/ITP028^1.p,TH0,Theorem,timeout,na,2530,385,36,385,4,0,0,0,0,
serial,ITP/ITP028^2.p,TH1,Theorem,timeout,na,2818,9,0,9,1,0,0,0,0,
serial,ITP/ITP029^1.p,TH0,ContradictoryAxioms,timeout,na,2484,189,14,189,8,3,0,0,0,
serial,ITP/ITP029^2.p,TH1,ContradictoryAxioms,timeout,na,2496,59,4,59,4,0,0,0,0,
serial,ITP/ITP030^1.p,TH0,ContradictoryAxioms,thm,na,634,1,0,1,1,1,0,0,0,
serial,ITP/ITP030^2.p,TH1,ContradictoryAxioms,thm,na,814,1,0,1,1,1,0,0,0,
serial,ITP/ITP031^1.p,TH0,Theorem,timeout,na,2425,172,11,172,15,0,0,0,0,
serial,ITP/ITP031^2.p,TH1,Theorem,timeout,na,2488,48,4,48,1,0,0,0,0,
serial,ITP/ITP032^1.p,TH0,Theorem,timeout,na,2471,271,19,271,9,7,0,0,0,
serial,ITP/ITP032^2.p,TH1,Theorem,timeout,na,2509,70,5,70,4,0,0,0,0,
serial,ITP/ITP033^1.p,TH0,Theorem,timeout,na,2573,179,8,179,23,0,0,0,0,
serial,ITP/ITP033^2.p,TH1,Theorem,timeout,na,2540,79,3,79,8,0,0,0,0,
serial,ITP/ITP034^1.p,TH0,Theorem,thm,yes,681,2,0,2,1,1,0,0,0,
serial,ITP/ITP034^2.p,TH1,Theorem,timeout,na,2479,96,6,96,8,0,0,0,0,
serial,ITP/ITP035^1.p,TH0,Theorem,timeout,na,2481,65,1,65,11,0,0,0,0,
serial,ITP/ITP035^2.p,TH1,Theorem,timeout,na,2484,82,7,82,2,0,0,0,0,
serial,ITP/ITP036^1.p,TH0,Theorem,timeout,na,2394,0,0,0,1,0,0,0,0,
serial,ITP/ITP036^2.p,TH1,Theorem,timeout,na,3278,113,11,113,1,0,0,0,0,
serial,ITP/ITP037^1.p,TH0,Theorem,thm,yes,754,9,0,9,1,0,0,1,1,
serial,ITP/ITP037^2.p,TH1,Theorem,timeout,na,3177,0,0,0,1,0,0,0,0,
serial,ITP/ITP038^1.p,TH0,Theorem,timeout,na,2484,202,20,202,1,0,0,0,0,
serial,ITP/ITP038^2.p,TH1,Theorem,timeout,na,3723,40,4,40,1,0,0,0,0,
serial,ITP/ITP039^1.p,TH0,Theorem,thm,yes,1121,1,0,1,1,1,0,0,0,
serial,ITP/ITP039^2.p,TH1,Theorem,thm,yes,3059,1,0,1,1,1,0,0,0,
serial,ITP/ITP040^1.p,TH0,ContradictoryAxioms,timeout,na,2578,13,1,13,1,0,0,0,0,
serial,ITP/ITP040^2.p,TH1,ContradictoryAxioms,timeout,na,3459,39,3,39,9,0,0,0,0,
serial,ITP/ITP041^1.p,TH0,Theorem,thm,yes,871,21,2,21,1,1,0,0,0,
serial,ITP/ITP041^2.p,TH1,Theorem,timeout,na,3042,70,7,70,1,0,0,0,0,
serial,ITP/ITP042^1.p,TH0,Theorem,timeout,na,2351,119,11,119,1,0,0,0,0,
serial,ITP/ITP042^2.p,TH1,Theorem,timeout,na,2713,48,4,48,1,0,0,0,0,
serial,ITP/ITP043^1.p,TH0,Theorem,timeout,na,2427,652,51,652,24,10,0,0,0,
serial,ITP/ITP043^2.p,TH1,Theorem,timeout,na,2606,355,15,355,36,3,0,0,0,
serial,ITP/ITP044^1.p,TH0,Theorem,timeout,na,2372,1064,20,1064,115,0,0,0,0,
serial,ITP/ITP044^2.p,TH1,Theorem,timeout,na,2486,289,19,289,22,0,0,0,0,
serial,ITP/ITP045^1.p,TH0,Theorem,timeout,na,3476,80,4,80,10,0,0,0,0,
serial,ITP/ITP045^2.p,TH1,Theorem,parse_timeout,na,0,,,,,,,,,cached: parse exceeded 5000ms
serial,ITP/ITP046^1.p,TH0,Theorem,timeout,na,3728,163,2,163,136,0,0,0,0,
serial,ITP/ITP046^2.p,TH1,Theorem,parse_timeout,na,0,,,,,,,,,cached: parse exceeded 5000ms
serial,ITP/ITP047^1.p,TH0,Theorem,timeout,na,3432,134,2,134,108,0,0,0,0,
serial,ITP/ITP047^2.p,TH1,Theorem,parse_timeout,na,0,,,,,,,,,cached: parse exceeded 5000ms
serial,ITP/ITP048^1.p,TH0,Theorem,timeout,na,2386,219,21,219,2,0,0,0,0,
serial,ITP/ITP048^2.p,TH1,Theorem,timeout,na,2540,494,38,494,23,0,0,0,0,
serial,ITP/ITP049^1.p,TH0,Theorem,timeout,na,2572,305,30,305,1,0,0,0,0,
serial,ITP/ITP049^2.p,TH1,Theorem,timeout,na,3011,129,12,129,1,0,0,0,0,
serial,ITP/ITP050^1.p,TH0,Theorem,timeout,na,2431,329,31,329,3,0,0,1,0,
serial,ITP/ITP050^2.p,TH1,Theorem,timeout,na,2669,199,17,199,5,0,0,0,0,
serial,ITP/ITP051^1.p,TH0,ContradictoryAxioms,timeout,na,2383,101,8,101,5,0,0,0,0,
serial,ITP/ITP051^2.p,TH1,ContradictoryAxioms,timeout,na,2510,583,48,583,13,5,0,0,0,
serial,ITP/ITP052^1.p,TH0,Theorem,timeout,na,2440,118,7,118,7,2,0,0,0,
serial,ITP/ITP052^2.p,TH1,Theorem,timeout,na,2998,185,10,185,13,5,0,0,0,
serial,ITP/ITP053^1.p,TH0,Theorem,timeout,na,2389,635,53,635,17,0,0,0,0,
serial,ITP/ITP053^2.p,TH1,Theorem,timeout,na,2750,131,13,131,1,0,0,0,0,
serial,ITP/ITP054^1.p,TH0,Theorem,timeout,na,2276,218,8,218,20,0,0,1,0,
serial,ITP/ITP054^2.p,TH1,Theorem,timeout,na,2551,277,10,277,19,6,0,1,0,
serial,ITP/ITP055^1.p,TH0,Theorem,timeout,na,2693,891,3,891,207,0,0,0,0,
serial,ITP/ITP055^2.p,TH1,Theorem,timeout,na,3233,160,11,160,17,0,0,0,0,
serial,ITP/ITP056^1.p,TH0,Theorem,timeout,na,2287,846,70,846,67,0,0,0,0,
serial,ITP/ITP056^2.p,TH1,Theorem,timeout,na,2392,405,33,405,23,0,0,0,0,
serial,ITP/ITP057^1.p,TH0,Theorem,parser_error,na,0,,,,,,,,,cached: Failed to parse formula 'fact_200_SilentDecisionValueNotInverting': [byte:61243] Type Error: Cannot unify strict function types of different arities.
serial,ITP/ITP057^2.p,TH1,Theorem,parser_error,na,0,,,,,,,,,cached: Failed to parse formula 'fact_125_SilentDecisionValueNotInverting': [byte:52024] Type Error: Cannot unify strict function types of different arities.
serial,ITP/ITP058^1.p,TH0,Theorem,timeout,na,2939,0,0,0,1,0,0,0,0,
serial,ITP/ITP058^2.p,TH1,Theorem,timeout,na,3505,0,0,0,1,0,0,0,0,
serial,ITP/ITP059^1.p,TH0,Theorem,timeout,na,2269,565,21,565,48,26,0,5,0,
serial,ITP/ITP059^2.p,TH1,Theorem,timeout,na,2544,408,32,408,15,4,0,1,0,
serial,ITP/ITP060^1.p,TH0,Theorem,timeout,na,2278,541,16,541,36,30,0,3,0,
serial,ITP/ITP060^2.p,TH1,Theorem,timeout,na,2627,405,9,405,29,11,0,1,0,
serial,ITP/ITP061^1.p,TH0,Theorem,timeout,na,2260,525,37,525,29,0,0,1,0,
serial,ITP/ITP061^2.p,TH1,Theorem,timeout,na,2395,484,34,484,29,0,0,1,0,
serial,ITP/ITP062^1.p,TH0,Theorem,timeout,na,2428,345,23,345,37,0,0,0,0,
serial,ITP/ITP062^2.p,TH1,Theorem,timeout,na,2368,293,22,293,9,3,0,11,0,
serial,ITP/ITP063^1.p,TH0,Theorem,timeout,na,2356,1119,30,1119,159,3,0,8,0,
serial,ITP/ITP063^2.p,TH1,Theorem,timeout,na,2343,1037,77,1037,60,2,0,0,0,
serial,ITP/ITP064^1.p,TH0,Theorem,timeout,na,2377,455,36,455,17,1,0,0,0,
serial,ITP/ITP064^2.p,TH1,Theorem,timeout,na,2408,973,75,973,82,3,0,0,0,
serial,ITP/ITP065^1.p,TH0,Theorem,timeout,na,2024,361,23,361,23,0,0,2,0,
serial,ITP/ITP065^2.p,TH1,Theorem,timeout,na,3613,103,9,103,2,0,0,0,0,
serial,ITP/ITP066^1.p,TH0,Theorem,timeout,na,2697,0,0,0,1,0,0,0,0,
serial,ITP/ITP066^2.p,TH1,Theorem,timeout,na,3144,60,6,60,1,0,0,0,0,
serial,ITP/ITP067^1.p,TH0,Theorem,timeout,na,2321,636,53,636,16,2,0,0,0,
serial,ITP/ITP067^2.p,TH1,Theorem,timeout,na,2813,180,9,180,17,0,0,0,0,
serial,ITP/ITP068^1.p,TH0,Theorem,timeout,na,2365,367,33,367,6,0,0,0,0,
serial,ITP/ITP068^2.p,TH1,Theorem,timeout,na,3197,86,8,86,1,0,0,0,0,
serial,ITP/ITP069^1.p,TH0,Theorem,timeout,na,2321,448,31,448,108,0,0,1,0,
serial,ITP/ITP069^2.p,TH1,Theorem,timeout,na,3210,67,6,67,1,0,0,0,0,
serial,ITP/ITP070^1.p,TH0,Theorem,timeout,na,2542,0,0,0,1,0,0,0,0,
serial,ITP/ITP070^2.p,TH1,Theorem,timeout,na,3227,71,7,71,1,0,0,0,0,
serial,ITP/ITP071^1.p,TH0,Theorem,timeout,na,2696,0,0,0,1,0,0,0,0,
serial,ITP/ITP071^2.p,TH1,Theorem,timeout,na,3199,25,2,25,1,0,0,0,0,
serial,ITP/ITP072^1.p,TH0,Theorem,timeout,na,2439,420,9,420,42,12,0,0,0,
serial,ITP/ITP072^2.p,TH1,Theorem,timeout,na,2519,75,3,75,8,0,0,0,0,
serial,ITP/ITP073^1.p,TH0,Theorem,timeout,na,2472,216,21,216,1,0,0,0,0,
serial,ITP/ITP073^2.p,TH1,Theorem,timeout,na,2488,95,9,95,2,0,0,0,0,
serial,ITP/ITP074^1.p,TH0,Theorem,timeout,na,2315,305,25,305,8,0,0,0,0,
serial,ITP/ITP074^2.p,TH1,Theorem,timeout,na,2316,476,34,476,21,6,0,0,0,
serial,ITP/ITP075^1.p,TH0,Theorem,timeout,na,2326,31,3,31,1,0,0,0,0,
serial,ITP/ITP075^2.p,TH1,Theorem,timeout,na,2324,55,5,55,1,0,0,0,0,
serial,ITP/ITP076^1.p,TH0,Theorem,timeout,na,2364,415,36,415,7,2,0,0,0,
serial,ITP/ITP076^2.p,TH1,Theorem,timeout,na,2405,314,29,314,6,0,0,0,0,
serial,ITP/ITP077^1.p,TH0,Theorem,timeout,na,2528,67,6,67,1,0,0,0,0,
serial,ITP/ITP077^2.p,TH1,Theorem,timeout,na,2587,182,16,182,4,0,0,0,0,
serial,ITP/ITP078^1.p,TH0,Theorem,timeout,na,2433,307,18,307,22,3,0,0,0,
serial,ITP/ITP078^2.p,TH1,Theorem,timeout,na,2422,81,7,81,4,0,0,0,0,
serial,ITP/ITP079^1.p,TH0,Theorem,timeout,na,2507,231,23,231,1,0,0,0,0,
serial,ITP/ITP079^2.p,TH1,Theorem,timeout,na,2420,203,16,203,7,0,0,0,0,
serial,ITP/ITP080^1.p,TH0,Theorem,timeout,na,2970,557,43,557,22,2,0,0,0,
serial,ITP/ITP080^2.p,TH1,Theorem,timeout,na,3220,0,0,0,1,0,0,0,0,
serial,ITP/ITP081^1.p,TH0,Theorem,timeout,na,2820,456,37,456,17,0,0,0,0,
serial,ITP/ITP081^2.p,TH1,Theorem,timeout,na,3184,0,0,0,1,0,0,0,0,
serial,ITP/ITP082^1.p,TH0,Theorem,timeout,na,2799,669,33,669,71,0,0,0,0,
serial,ITP/ITP082^2.p,TH1,Theorem,timeout,na,3113,0,0,0,1,0,0,0,0,
serial,ITP/ITP083^1.p,TH0,Theorem,timeout,na,2682,83,7,83,2,0,0,0,0,
serial,ITP/ITP083^2.p,TH1,Theorem,timeout,na,3106,0,0,0,1,0,0,0,0,
serial,ITP/ITP084^1.p,TH0,Theorem,timeout,na,2594,0,0,0,1,0,0,0,0,
serial,ITP/ITP084^2.p,TH1,Theorem,timeout,na,2864,0,0,0,1,0,0,0,0,
serial,ITP/ITP085^1.p,TH0,Theorem,timeout,na,2620,0,0,0,1,0,0,0,0,
serial,ITP/ITP085^2.p,TH1,Theorem,timeout,na,2774,0,0,0,1,0,0,0,0,
serial,ITP/ITP086^1.p,TH0,Theorem,timeout,na,2476,153,5,153,17,1,0,0,0,
serial,ITP/ITP086^2.p,TH1,Theorem,timeout,na,2592,63,3,63,8,0,0,0,0,
serial,ITP/ITP087^1.p,TH0,Theorem,timeout,na,2565,223,4,223,19,9,0,0,0,
serial,ITP/ITP087^2.p,TH1,Theorem,timeout,na,2681,70,3,70,8,0,0,0,0,
serial,ITP/ITP088^1.p,TH0,Theorem,timeout,na,2567,166,11,166,12,0,0,0,0,
serial,ITP/ITP088^2.p,TH1,Theorem,timeout,na,2696,90,7,90,4,0,0,0,0,
serial,ITP/ITP089^1.p,TH0,Theorem,timeout,na,2571,191,5,191,15,7,0,0,0,
serial,ITP/ITP089^2.p,TH1,Theorem,timeout,na,2692,76,4,76,8,0,0,0,0,
serial,ITP/ITP090^1.p,TH0,Theorem,timeout,na,2581,136,10,136,10,0,0,0,0,
serial,ITP/ITP090^2.p,TH1,Theorem,timeout,na,2699,64,4,64,4,0,0,0,0,
serial,ITP/ITP091^1.p,TH0,Theorem,timeout,na,2571,146,10,146,11,0,0,0,0,
serial,ITP/ITP091^2.p,TH1,Theorem,timeout,na,2689,69,5,69,4,0,0,0,0,
serial,ITP/ITP092^1.p,TH0,Theorem,timeout,na,2889,449,44,449,2,0,0,0,0,
serial,ITP/ITP092^2.p,TH1,Theorem,timeout,na,3987,38,3,38,1,0,0,0,0,
serial,ITP/ITP093^1.p,TH0,Theorem,timeout,na,2476,207,20,207,1,0,0,0,0,
serial,ITP/ITP093^2.p,TH1,Theorem,timeout,na,2751,100,8,100,5,0,0,0,0,
serial,ITP/ITP094^1.p,TH0,Theorem,timeout,na,2291,227,12,227,17,0,0,0,0,
serial,ITP/ITP094^2.p,TH1,Theorem,timeout,na,2357,683,29,683,62,19,0,1,0,
serial,ITP/ITP095^1.p,TH0,Theorem,timeout,na,2352,1227,24,1227,110,54,0,0,0,
serial,ITP/ITP095^2.p,TH1,Theorem,timeout,na,2337,462,35,462,11,6,0,3,0,
serial,ITP/ITP096^1.p,TH0,ContradictoryAxioms,timeout,na,2311,1151,27,1151,82,97,0,5,0,
serial,ITP/ITP096^2.p,TH1,ContradictoryAxioms,timeout,na,2356,1028,45,1028,74,26,0,0,0,
serial,ITP/ITP097^1.p,TH0,Theorem,timeout,na,2297,622,10,622,125,0,0,0,0,
serial,ITP/ITP097^2.p,TH1,Theorem,timeout,na,2280,916,52,916,58,17,0,12,0,
serial,ITP/ITP098^1.p,TH0,Theorem,timeout,na,2700,161,16,161,1,0,0,0,0,
serial,ITP/ITP098^2.p,TH1,Theorem,timeout,na,2588,188,16,188,4,0,0,0,0,
serial,ITP/ITP099^1.p,TH0,Theorem,timeout,na,2324,328,31,328,5,0,0,0,0,
serial,ITP/ITP099^2.p,TH1,Theorem,timeout,na,2462,302,27,302,7,0,0,0,0,
serial,ITP/ITP100^1.p,TH0,Theorem,timeout,na,2724,0,0,0,1,0,0,0,0,
serial,ITP/ITP100^2.p,TH1,Theorem,timeout,na,3042,0,0,0,1,0,0,0,0,
serial,ITP/ITP101^1.p,TH0,Theorem,timeout,na,2351,257,23,257,5,0,0,0,0,
serial,ITP/ITP101^2.p,TH1,Theorem,timeout,na,2493,262,20,262,18,0,0,0,0,
serial,ITP/ITP102^1.p,TH0,Theorem,timeout,na,2293,288,27,288,4,0,0,0,0,
serial,ITP/ITP102^2.p,TH1,Theorem,timeout,na,2457,617,30,617,66,8,0,1,0,
serial,ITP/ITP103^1.p,TH0,Theorem,timeout,na,2194,1080,63,1080,36,49,0,2,0,
serial,ITP/ITP103^2.p,TH1,Theorem,timeout,na,2377,1016,50,1016,52,42,0,1,0,
serial,ITP/ITP104^1.p,TH0,Theorem,timeout,na,2488,330,29,330,7,0,0,0,0,
serial,ITP/ITP104^2.p,TH1,Theorem,timeout,na,2471,288,21,288,19,0,0,0,0,
serial,ITP/ITP105^1.p,TH0,Theorem,timeout,na,2291,149,6,149,11,7,0,0,0,
serial,ITP/ITP105^2.p,TH1,Theorem,timeout,na,2298,157,3,157,18,0,0,0,0,
serial,ITP/ITP106^1.p,TH0,Theorem,timeout,na,2436,355,33,355,4,0,0,1,0,
serial,ITP/ITP106^2.p,TH1,Theorem,timeout,na,3566,0,0,0,1,0,0,0,0,
serial,ITP/ITP107^1.p,TH0,Theorem,timeout,na,2526,871,51,871,74,2,0,0,0,
serial,ITP/ITP107^2.p,TH1,Theorem,timeout,na,3324,98,9,98,4,0,0,0,0,
serial,ITP/ITP108^1.p,TH0,Theorem,timeout,na,2370,243,19,243,8,0,0,0,0,
serial,ITP/ITP108^2.p,TH1,Theorem,timeout,na,3438,0,0,0,1,0,0,0,0,
serial,ITP/ITP109^1.p,TH0,Theorem,timeout,na,2604,384,26,384,28,0,0,0,0,
serial,ITP/ITP109^2.p,TH1,Theorem,timeout,na,2540,77,6,77,4,0,0,0,0,
serial,ITP/ITP110^1.p,TH0,Theorem,timeout,na,2381,697,63,697,12,0,0,0,0,
serial,ITP/ITP110^2.p,TH1,Theorem,timeout,na,2399,545,40,545,28,7,0,0,0,
serial,ITP/ITP111^1.p,TH0,Theorem,timeout,na,2150,903,40,903,43,43,0,1,0,
serial,ITP/ITP111^2.p,TH1,Theorem,timeout,na,2374,739,21,739,58,43,0,1,0,
serial,ITP/ITP112^1.p,TH0,Theorem,timeout,na,2697,31,3,31,1,0,0,0,0,
serial,ITP/ITP112^2.p,TH1,Theorem,timeout,na,2519,129,8,129,9,0,0,0,0,
serial,ITP/ITP113^1.p,TH0,Theorem,timeout,na,2391,414,24,414,22,9,0,0,0,
serial,ITP/ITP113^2.p,TH1,Theorem,timeout,na,2518,70,7,70,1,0,0,0,0,
serial,ITP/ITP114^1.p,TH0,Theorem,thm,yes,857,4,0,4,1,0,0,1,1,
serial,ITP/ITP114^2.p,TH1,Theorem,thm,yes,362,26,2,26,1,0,0,1,1,
serial,ITP/ITP115^1.p,TH0,Theorem,timeout,na,2349,279,14,279,33,2,0,0,0,
serial,ITP/ITP115^2.p,TH1,Theorem,timeout,na,2493,136,9,136,10,0,0,0,0,
serial,ITP/ITP116^1.p,TH0,Theorem,timeout,na,2639,241,24,241,1,0,0,0,0,
serial,ITP/ITP116^2.p,TH1,Theorem,timeout,na,2705,67,6,67,1,0,0,0,0,
serial,ITP/ITP117^1.p,TH0,Theorem,timeout,na,2504,206,17,206,5,0,0,0,0,
serial,ITP/ITP117^2.p,TH1,Theorem,timeout,na,2621,65,6,65,1,0,0,0,0,
serial,ITP/ITP118^1.p,TH0,Theorem,timeout,na,2333,306,22,306,18,0,0,0,0,
serial,ITP/ITP118^2.p,TH1,Theorem,timeout,na,2385,135,12,135,3,0,0,1,0,
serial,ITP/ITP119^1.p,TH0,ContradictoryAxioms,timeout,na,2671,0,0,0,1,0,0,0,0,
serial,ITP/ITP119^2.p,TH1,ContradictoryAxioms,timeout,na,2748,0,0,0,1,0,0,0,0,
serial,ITP/ITP120^1.p,TH0,Theorem,timeout,na,2292,209,15,209,9,0,0,0,0,
serial,ITP/ITP120^2.p,TH1,Theorem,timeout,na,2367,362,34,362,7,0,0,0,0,
serial,ITP/ITP121^1.p,TH0,Theorem,timeout,na,2356,277,19,277,15,2,0,0,0,
serial,ITP/ITP121^2.p,TH1,Theorem,timeout,na,2429,412,23,412,28,7,0,0,0,
serial,ITP/ITP122^1.p,TH0,Theorem,timeout,na,2349,274,19,274,15,2,0,0,0,
serial,ITP/ITP122^2.p,TH1,Theorem,timeout,na,2423,472,33,472,21,7,0,0,0,
serial,ITP/ITP123^1.p,TH0,Theorem,timeout,na,2339,321,30,321,8,0,0,0,0,
serial,ITP/ITP123^2.p,TH1,Theorem,timeout,na,2393,222,20,222,4,0,0,0,0,
serial,ITP/ITP124^1.p,TH0,Theorem,timeout,na,2306,266,18,266,15,2,0,0,0,
serial,ITP/ITP124^2.p,TH1,Theorem,timeout,na,2390,388,22,388,23,7,0,0,0,
serial,ITP/ITP125^1.p,TH0,Theorem,timeout,na,2339,442,40,442,7,0,0,0,0,
serial,ITP/ITP125^2.p,TH1,Theorem,timeout,na,2565,0,0,0,1,0,0,0,0,
serial,ITP/ITP126^1.p,TH0,Theorem,timeout,na,2328,979,22,979,104,3,0,0,0,
serial,ITP/ITP126^2.p,TH1,Theorem,timeout,na,2360,97,3,97,11,0,0,0,0,
serial,ITP/ITP127^1.p,TH0,Theorem,timeout,na,2638,101,10,101,1,0,0,0,0,
serial,ITP/ITP127^2.p,TH1,Theorem,timeout,na,2580,77,6,77,2,0,0,0,0,
serial,ITP/ITP128^1.p,TH0,Theorem,thm,yes,4434,1,0,1,1,1,0,0,0,
serial,ITP/ITP128^2.p,TH1,Theorem,timeout,na,3107,0,0,0,1,0,0,0,0,
serial,ITP/ITP129^1.p,TH0,Theorem,timeout,na,2296,894,58,894,80,0,0,0,0,
serial,ITP/ITP129^2.p,TH1,Theorem,timeout,na,2363,496,14,496,84,0,0,0,0,
serial,ITP/ITP130^1.p,TH0,Theorem,timeout,na,2304,672,19,672,81,0,0,0,0,
serial,ITP/ITP130^2.p,TH1,Theorem,timeout,na,2277,406,17,406,42,7,0,1,0,
serial,ITP/ITP131^1.p,TH0,ContradictoryAxioms,timeout,na,2221,1246,78,1246,69,25,0,1,0,
serial,ITP/ITP131^2.p,TH1,ContradictoryAxioms,timeout,na,2328,1057,59,1057,43,30,0,1,0,
serial,ITP/ITP132^1.p,TH0,Theorem,timeout,na,2278,211,17,211,7,3,0,7,0,
serial,ITP/ITP132^2.p,TH1,Theorem,timeout,na,2434,453,22,453,36,10,0,0,0,
serial,ITP/ITP133^1.p,TH0,Theorem,timeout,na,2279,185,16,185,4,2,0,4,0,
serial,ITP/ITP133^2.p,TH1,Theorem,timeout,na,2435,621,33,621,39,21,0,1,0,
serial,ITP/ITP134^1.p,TH0,Theorem,timeout,na,2577,200,16,200,6,0,0,0,0,
serial,ITP/ITP134^2.p,TH1,Theorem,timeout,na,2360,325,27,325,13,2,0,0,0,
serial,ITP/ITP135^1.p,TH0,Theorem,timeout,na,2547,130,10,130,7,0,0,0,0,
serial,ITP/ITP135^2.p,TH1,Theorem,timeout,na,2740,99,9,99,2,0,0,0,0,
serial,ITP/ITP136^1.p,TH0,Theorem,timeout,na,2549,201,9,201,17,0,0,0,0,
serial,ITP/ITP136^2.p,TH1,Theorem,timeout,na,2809,93,8,93,2,0,0,0,0,
serial,ITP/ITP137^1.p,TH0,Theorem,timeout,na,2614,95,9,95,1,0,0,0,0,
serial,ITP/ITP137^2.p,TH1,Theorem,timeout,na,2942,0,0,0,1,0,0,0,0,
serial,ITP/ITP138^1.p,TH0,Theorem,timeout,na,2511,408,32,408,15,0,0,0,0,
serial,ITP/ITP138^2.p,TH1,Theorem,timeout,na,2672,241,22,241,4,0,0,0,0,
serial,ITP/ITP139^1.p,TH0,Theorem,timeout,na,2565,118,6,118,11,0,0,0,0,
serial,ITP/ITP139^2.p,TH1,Theorem,timeout,na,2499,447,35,447,19,0,0,0,0,
serial,ITP/ITP140^1.p,TH0,Theorem,timeout,na,2564,127,10,127,7,0,0,0,0,
serial,ITP/ITP140^2.p,TH1,Theorem,timeout,na,2944,97,8,97,2,0,0,0,0,
serial,ITP/ITP141^1.p,TH0,Theorem,timeout,na,2517,91,5,91,7,0,0,0,0,
serial,ITP/ITP141^2.p,TH1,Theorem,timeout,na,2985,0,0,0,1,0,0,0,0,
serial,ITP/ITP142^1.p,TH0,Theorem,timeout,na,2935,407,40,407,3,0,0,0,0,
serial,ITP/ITP142^2.p,TH1,Theorem,timeout,na,3637,0,0,0,1,0,0,0,0,
serial,ITP/ITP143^1.p,TH0,Theorem,timeout,na,2879,501,47,501,4,0,0,0,0,
serial,ITP/ITP143^2.p,TH1,Theorem,timeout,na,3468,0,0,0,1,0,0,0,0,
serial,ITP/ITP144^1.p,TH0,Theorem,timeout,na,2121,246,11,246,20,14,0,1,0,
serial,ITP/ITP144^2.p,TH1,Theorem,timeout,na,2568,20,2,20,1,0,0,0,0,
serial,ITP/ITP145^1.p,TH0,Theorem,timeout,na,2873,432,41,432,4,0,0,0,0,
serial,ITP/ITP145^2.p,TH1,Theorem,timeout,na,3681,0,0,0,1,0,0,0,0,
serial,ITP/ITP146^1.p,TH0,Theorem,timeout,na,2420,54,4,54,3,0,0,0,0,
serial,ITP/ITP146^2.p,TH1,Theorem,timeout,na,2469,68,6,68,2,0,0,0,0,
serial,ITP/ITP147^1.p,TH0,Theorem,timeout,na,2375,64,2,64,8,0,0,0,0,
serial,ITP/ITP147^2.p,TH1,Theorem,timeout,na,2421,95,8,95,2,0,0,0,0,
serial,ITP/ITP148^1.p,TH0,Theorem,timeout,na,2759,106,10,106,1,0,0,0,0,
serial,ITP/ITP148^2.p,TH1,Theorem,timeout,na,2665,113,9,113,4,0,0,0,0,
serial,ITP/ITP149^1.p,TH0,Theorem,timeout,na,2380,104,2,104,16,0,0,0,0,
serial,ITP/ITP149^2.p,TH1,Theorem,timeout,na,2405,131,8,131,7,0,0,0,0,
serial,ITP/ITP150^1.p,TH0,Theorem,timeout,na,2393,972,78,972,34,0,0,0,0,
serial,ITP/ITP150^2.p,TH1,Theorem,timeout,na,2527,175,17,175,3,0,0,0,0,
serial,ITP/ITP151^1.p,TH0,Theorem,timeout,na,2379,775,24,775,85,21,0,5,0,
serial,ITP/ITP151^2.p,TH1,Theorem,timeout,na,2333,1056,54,1056,61,52,0,2,0,
serial,ITP/ITP152^1.p,TH0,Theorem,timeout,na,2582,130,13,130,1,0,0,0,0,
serial,ITP/ITP152^2.p,TH1,Theorem,timeout,na,3067,26,2,26,1,0,0,0,0,
serial,ITP/ITP153^1.p,TH0,Theorem,timeout,na,2497,242,20,242,8,0,0,0,0,
serial,ITP/ITP153^2.p,TH1,Theorem,timeout,na,2777,75,7,75,1,0,0,0,0,
serial,ITP/ITP154^1.p,TH0,Theorem,timeout,na,2516,305,19,305,12,8,0,0,0,
serial,ITP/ITP154^2.p,TH1,Theorem,timeout,na,2884,96,6,96,6,0,0,0,0,
serial,ITP/ITP155^1.p,TH0,Theorem,timeout,na,2548,210,15,210,12,2,0,0,0,
serial,ITP/ITP155^2.p,TH1,Theorem,timeout,na,2788,107,8,107,6,0,0,0,0,
serial,ITP/ITP156^1.p,TH0,Theorem,timeout,na,2401,156,11,156,7,0,0,0,0,
serial,ITP/ITP156^2.p,TH1,Theorem,timeout,na,2567,74,7,74,1,0,0,0,0,
serial,ITP/ITP157^1.p,TH0,Theorem,timeout,na,2566,183,18,183,1,0,0,0,0,
serial,ITP/ITP157^2.p,TH1,Theorem,timeout,na,2868,34,3,34,1,0,0,0,0,
serial,ITP/ITP158^1.p,TH0,Theorem,timeout,na,2782,271,24,271,6,0,0,0,0,
serial,ITP/ITP158^2.p,TH1,Theorem,timeout,na,3349,183,16,183,4,0,0,0,0,
serial,ITP/ITP159^1.p,TH0,Theorem,timeout,na,2450,861,65,861,31,10,0,0,0,
serial,ITP/ITP159^2.p,TH1,Theorem,timeout,na,2715,335,30,335,6,0,0,0,0,
serial,ITP/ITP160^1.p,TH0,Theorem,timeout,na,3511,0,0,0,1,0,0,0,0,
serial,ITP/ITP160^2.p,TH1,Theorem,timeout,na,4620,9,0,9,1,0,0,0,0,
serial,ITP/ITP161^1.p,TH0,Theorem,timeout,na,2527,502,34,502,22,14,0,0,0,
serial,ITP/ITP161^2.p,TH1,Theorem,timeout,na,2800,123,12,123,1,0,0,0,0,
serial,ITP/ITP162^1.p,TH0,Theorem,timeout,na,2514,314,27,314,7,2,0,0,0,
serial,ITP/ITP162^2.p,TH1,Theorem,timeout,na,2495,170,16,170,3,0,0,0,0,
serial,ITP/ITP163^1.p,TH0,Theorem,timeout,na,2370,247,23,247,6,0,0,0,0,
serial,ITP/ITP163^2.p,TH1,Theorem,timeout,na,2704,95,9,95,1,0,0,0,0,
serial,ITP/ITP164^1.p,TH0,Theorem,timeout,na,2452,148,5,148,16,3,0,0,0,
serial,ITP/ITP164^2.p,TH1,Theorem,timeout,na,2637,286,22,286,16,0,0,0,0,
serial,ITP/ITP165^1.p,TH0,Theorem,timeout,na,2456,302,25,302,9,2,0,0,0,
serial,ITP/ITP165^2.p,TH1,Theorem,timeout,na,2439,126,9,126,8,0,0,0,0,
serial,ITP/ITP166^1.p,TH0,Theorem,timeout,na,2712,0,0,0,1,0,0,0,0,
serial,ITP/ITP166^2.p,TH1,Theorem,timeout,na,3129,10,1,10,1,0,0,0,0,
serial,ITP/ITP167^1.p,TH0,Theorem,timeout,na,3019,0,0,0,1,0,0,0,0,
serial,ITP/ITP167^2.p,TH1,Theorem,timeout,na,3240,3,0,3,1,0,0,0,0,
serial,ITP/ITP168^1.p,TH0,Theorem,timeout,na,2660,29,2,29,1,0,0,0,0,
serial,ITP/ITP168^2.p,TH1,Theorem,timeout,na,2550,144,14,144,1,0,0,0,0,
serial,ITP/ITP169^1.p,TH0,Theorem,timeout,na,2848,752,41,752,51,0,0,0,0,
serial,ITP/ITP169^2.p,TH1,Theorem,timeout,na,3039,475,29,475,36,3,0,0,0,
serial,ITP/ITP170^1.p,TH0,Theorem,timeout,na,2446,406,29,406,13,0,0,0,0,
serial,ITP/ITP170^2.p,TH1,Theorem,timeout,na,2565,320,31,320,3,0,0,0,0,
serial,ITP/ITP171^1.p,TH0,Theorem,timeout,na,3061,58,5,58,1,0,0,0,0,
serial,ITP/ITP171^2.p,TH1,Theorem,parse_timeout,na,0,,,,,,,,,cached: parse exceeded 5000ms
serial,ITP/ITP172^1.p,TH0,Theorem,timeout,na,2627,717,48,717,48,0,0,0,0,
serial,ITP/ITP172^2.p,TH1,Theorem,timeout,na,3562,63,6,63,1,0,0,0,0,
serial,ITP/ITP173^1.p,TH0,Theorem,timeout,na,3194,169,15,169,2,0,0,0,0,
serial,ITP/ITP173^2.p,TH1,Theorem,parse_timeout,na,0,,,,,,,,,cached: parse exceeded 5000ms
serial,ITP/ITP174^1.p,TH0,Theorem,timeout,na,3200,143,13,143,2,0,0,0,0,
serial,ITP/ITP174^2.p,TH1,Theorem,parse_timeout,na,0,,,,,,,,,cached: parse exceeded 5000ms
serial,ITP/ITP175^1.p,TH0,Theorem,timeout,na,2517,302,23,302,9,3,0,0,0,
serial,ITP/ITP175^2.p,TH1,Theorem,timeout,na,3175,50,5,50,1,0,0,0,0,
serial,ITP/ITP176^1.p,TH0,Theorem,timeout,na,2435,161,9,161,22,0,0,0,0,
serial,ITP/ITP176^2.p,TH1,Theorem,timeout,na,2866,22,2,22,1,0,0,0,0,
serial,ITP/ITP177^1.p,TH0,Theorem,timeout,na,2554,453,38,453,9,5,0,5,0,
serial,ITP/ITP177^2.p,TH1,Theorem,timeout,na,3363,24,2,24,2,0,0,0,0,
serial,ITP/ITP178^1.p,TH0,Theorem,timeout,na,2513,155,7,155,16,0,0,0,0,
serial,ITP/ITP178^2.p,TH1,Theorem,timeout,na,3644,0,0,0,1,0,0,0,0,
serial,ITP/ITP179^1.p,TH0,Theorem,timeout,na,2391,1013,80,1013,43,0,0,0,0,
serial,ITP/ITP179^2.p,TH1,Theorem,timeout,na,3047,26,2,26,1,0,0,0,0,
serial,ITP/ITP180^1.p,TH0,Theorem,timeout,na,2473,310,23,310,16,1,0,0,0,
serial,ITP/ITP180^2.p,TH1,Theorem,timeout,na,3076,53,5,53,2,0,0,0,0,
serial,ITP/ITP181^1.p,TH0,Theorem,timeout,na,2711,497,49,497,2,0,0,0,0,
serial,ITP/ITP181^2.p,TH1,Theorem,timeout,na,2711,57,5,57,1,0,0,0,0,
serial,ITP/ITP182^1.p,TH0,Theorem,timeout,na,2579,793,74,793,8,0,0,0,0,
serial,ITP/ITP182^2.p,TH1,Theorem,parser_error,na,0,,,,,,,,,cached: Failed to parse formula 'fact_105_neg__eqvt': [byte:41884] Type Error: Cannot unify strict function types of different arities.
serial,ITP/ITP183^1.p,TH0,Theorem,timeout,na,2654,424,41,424,3,0,0,1,0,
serial,ITP/ITP183^2.p,TH1,Theorem,timeout,na,2712,206,20,206,1,0,0,0,0,
serial,ITP/ITP184^1.p,TH0,Theorem,timeout,na,2896,455,40,455,11,0,0,0,0,
serial,ITP/ITP184^2.p,TH1,Theorem,timeout,na,2784,82,8,82,1,0,0,0,0,
serial,ITP/ITP185^1.p,TH0,Theorem,timeout,na,3300,181,18,181,1,0,0,0,0,
serial,ITP/ITP185^2.p,TH1,Theorem,timeout,na,2676,264,26,264,2,0,0,0,0,
serial,ITP/ITP186^1.p,TH0,Theorem,timeout,na,3460,206,20,206,1,0,0,0,0,
serial,ITP/ITP186^2.p,TH1,Theorem,timeout,na,2695,270,25,270,4,0,0,0,0,
serial,ITP/ITP187^1.p,TH0,Theorem,timeout,na,2870,401,39,401,2,0,0,0,0,
serial,ITP/ITP187^2.p,TH1,Theorem,timeout,na,2724,69,6,69,1,0,0,0,0,
serial,ITP/ITP188^1.p,TH0,Theorem,timeout,na,2861,428,42,428,2,0,0,0,0,
serial,ITP/ITP188^2.p,TH1,Theorem,timeout,na,2755,61,6,61,1,0,0,0,0,
serial,ITP/ITP189^1.p,TH0,Theorem,timeout,na,2681,427,41,427,3,0,0,1,0,
serial,ITP/ITP189^2.p,TH1,Theorem,timeout,na,2741,150,15,150,1,0,0,0,0,
serial,ITP/ITP190^1.p,TH0,Theorem,timeout,na,2639,494,47,494,4,0,0,0,0,
serial,ITP/ITP190^2.p,TH1,Theorem,parser_error,na,0,,,,,,,,,cached: Failed to parse formula 'fact_91_neg__eqvt': [byte:28038] Type Error: Cannot unify strict function types of different arities.
serial,ITP/ITP191^1.p,TH0,ContradictoryAxioms,timeout,na,2745,490,48,490,3,0,0,1,0,
serial,ITP/ITP191^2.p,TH1,ContradictoryAxioms,parser_error,na,0,,,,,,,,,cached: Failed to parse formula 'fact_154_neg__eqvt': [byte:53412] Type Error: Cannot unify strict function types of different arities.
serial,ITP/ITP192^1.p,TH0,Theorem,timeout,na,2883,398,37,398,4,0,0,0,0,
serial,ITP/ITP192^2.p,TH1,Theorem,timeout,na,2778,109,10,109,1,0,0,0,0,
serial,ITP/ITP193^1.p,TH0,Theorem,timeout,na,2456,161,3,161,30,0,0,0,0,
serial,ITP/ITP193^2.p,TH1,Theorem,timeout,na,2468,313,23,313,9,3,0,0,0,
serial,ITP/ITP194^1.p,TH0,Theorem,timeout,na,2364,200,2,200,25,3,0,0,0,
serial,ITP/ITP194^2.p,TH1,Theorem,timeout,na,2418,1149,55,1149,81,19,0,0,0,
serial,ITP/ITP195^1.p,TH0,Theorem,timeout,na,2412,849,2,849,118,4,0,0,0,
serial,ITP/ITP195^2.p,TH1,Theorem,timeout,na,2402,799,30,799,82,12,0,1,0,
serial,ITP/ITP196^1.p,TH0,Theorem,timeout,na,2747,0,0,0,1,0,0,0,0,
serial,ITP/ITP196^2.p,TH1,Theorem,timeout,na,3206,0,0,0,1,0,0,0,0,
serial,ITP/ITP197^1.p,TH0,Theorem,timeout,na,2496,96,7,96,7,0,0,0,0,
serial,ITP/ITP197^2.p,TH1,Theorem,timeout,na,2519,93,6,93,7,0,0,0,0,
serial,ITP/ITP198^1.p,TH0,Theorem,timeout,na,2953,80,8,80,1,0,0,0,0,
serial,ITP/ITP198^2.p,TH1,Theorem,timeout,na,3006,0,0,0,1,0,0,0,0,
serial,ITP/ITP199^1.p,TH0,Theorem,timeout,na,2454,122,4,122,16,3,0,0,0,
serial,ITP/ITP199^2.p,TH1,Theorem,timeout,na,2602,48,3,48,4,0,0,0,0,
serial,ITP/ITP200^1.p,TH0,Theorem,timeout,na,2644,125,12,125,3,0,0,0,0,
serial,ITP/ITP200^2.p,TH1,Theorem,timeout,na,3035,161,12,161,9,0,0,0,0,
serial,ITP/ITP201^1.p,TH0,Theorem,timeout,na,2397,108,9,108,3,0,0,0,0,
serial,ITP/ITP201^2.p,TH1,Theorem,timeout,na,2851,52,4,52,2,0,0,0,0,
serial,ITP/ITP202^1.p,TH0,Theorem,timeout,na,2838,0,0,0,1,0,0,0,0,
serial,ITP/ITP202^2.p,TH1,Theorem,timeout,na,4291,0,0,0,1,0,0,0,0,
serial,ITP/ITP203^1.p,TH0,Theorem,timeout,na,2752,0,0,0,1,0,0,0,0,
serial,ITP/ITP203^2.p,TH1,Theorem,timeout,na,4297,0,0,0,1,0,0,0,0,
serial,ITP/ITP204^1.p,TH0,Theorem,timeout,na,2583,0,0,0,1,0,0,0,0,
serial,ITP/ITP204^2.p,TH1,Theorem,timeout,na,3142,0,0,0,1,0,0,0,0,
serial,ITP/ITP205^1.p,TH0,Theorem,timeout,na,2437,116,11,116,1,0,0,0,0,
serial,ITP/ITP205^2.p,TH1,Theorem,timeout,na,3000,78,7,78,1,0,0,0,0,
serial,ITP/ITP206^1.p,TH0,Theorem,parse_timeout,na,0,,,,,,,,,cached: parse exceeded 5000ms
serial,ITP/ITP206^2.p,TH1,Theorem,parse_timeout,na,0,,,,,,,,,cached: parse exceeded 5000ms
serial,ITP/ITP206^3.p,TH0,Theorem,parse_timeout,na,0,,,,,,,,,cached: parse exceeded 5000ms
serial,ITP/ITP206^4.p,TH1,Theorem,parse_timeout,na,0,,,,,,,,,cached: parse exceeded 5000ms
serial,ITP/ITP207^1.p,TH0,Theorem,parser_error,na,0,,,,,,,,,cached: Failed to parse formula 'fact_1254_of__bool__not__iff': [byte:596062] Type Error: Cannot unify strict function types of different arities.
serial,ITP/ITP207^2.p,TH1,Theorem,parser_error,na,0,,,,,,,,,cached: Failed to parse formula 'fact_484_of__bool__not__iff': [byte:260957] Type Error: Cannot unify strict function types of different arities.
serial,ITP/ITP207^3.p,TH0,Theorem,parser_error,na,0,,,,,,,,,cached: Failed to parse formula 'fact_1254_of__bool__not__iff': [byte:596062] Type Error: Cannot unify strict function types of different arities.
serial,ITP/ITP207^4.p,TH1,Theorem,parser_error,na,0,,,,,,,,,cached: Failed to parse formula 'fact_484_of__bool__not__iff': [byte:260957] Type Error: Cannot unify strict function types of different arities.
serial,ITP/ITP208^1.p,TH0,Theorem,parse_timeout,na,0,,,,,,,,,cached: parse exceeded 5000ms
serial,ITP/ITP208^2.p,TH1,Theorem,parser_error,na,0,,,,,,,,,cached: Failed to parse formula 'fact_1166_modulo__int__unfold': [byte:432712] Type Error: Cannot unify strict function types of different arities.
serial,ITP/ITP208^3.p,TH0,Theorem,parse_timeout,na,0,,,,,,,,,cached: parse exceeded 5000ms
serial,ITP/ITP208^4.p,TH1,Theorem,parser_error,na,0,,,,,,,,,cached: Failed to parse formula 'fact_1166_modulo__int__unfold': [byte:432712] Type Error: Cannot unify strict function types of different arities.
serial,ITP/ITP209^1.p,TH0,Theorem,timeout,na,2038,593,13,593,99,48,0,0,0,
serial,ITP/ITP209^2.p,TH1,Theorem,timeout,na,2030,273,18,273,35,0,0,0,0,
serial,ITP/ITP209^3.p,TH0,Theorem,timeout,na,2036,592,13,592,99,48,0,0,0,
serial,ITP/ITP209^4.p,TH1,Theorem,timeout,na,2031,277,18,277,35,0,0,0,0,
serial,ITP/ITP210^1.p,TH0,Theorem,parse_timeout,na,0,,,,,,,,,cached: parse exceeded 5000ms
serial,ITP/ITP210^2.p,TH1,Theorem,parse_timeout,na,0,,,,,,,,,cached: parse exceeded 5000ms
serial,ITP/ITP210^3.p,TH0,Theorem,parse_timeout,na,0,,,,,,,,,cached: parse exceeded 5000ms
serial,ITP/ITP210^4.p,TH1,Theorem,parse_timeout,na,0,,,,,,,,,cached: parse exceeded 5000ms
serial,ITP/ITP211^1.p,TH0,Theorem,parse_timeout,na,0,,,,,,,,,cached: parse exceeded 5000ms
serial,ITP/ITP211^2.p,TH1,Theorem,parse_timeout,na,0,,,,,,,,,cached: parse exceeded 5000ms
serial,ITP/ITP211^3.p,TH0,Theorem,parse_timeout,na,0,,,,,,,,,cached: parse exceeded 5000ms
serial,ITP/ITP211^4.p,TH1,Theorem,parse_timeout,na,0,,,,,,,,,cached: parse exceeded 5000ms
serial,ITP/ITP212^1.p,TH0,Theorem,parse_timeout,na,0,,,,,,,,,cached: parse exceeded 5000ms
serial,ITP/ITP212^2.p,TH1,Theorem,parse_timeout,na,0,,,,,,,,,cached: parse exceeded 5000ms
serial,ITP/ITP212^3.p,TH0,Theorem,parse_timeout,na,0,,,,,,,,,cached: parse exceeded 5000ms
serial,ITP/ITP212^4.p,TH1,Theorem,parse_timeout,na,0,,,,,,,,,cached: parse exceeded 5000ms
serial,ITP/ITP213^1.p,TH0,Theorem,parse_timeout,na,0,,,,,,,,,cached: parse exceeded 5000ms
serial,ITP/ITP213^2.p,TH1,Theorem,parse_timeout,na,0,,,,,,,,,cached: parse exceeded 5000ms
serial,ITP/ITP213^3.p,TH0,Theorem,parse_timeout,na,0,,,,,,,,,cached: parse exceeded 5000ms
serial,ITP/ITP213^4.p,TH1,Theorem,parse_timeout,na,0,,,,,,,,,cached: parse exceeded 5000ms
serial,ITP/ITP214^1.p,TH0,Theorem,parse_timeout,na,0,,,,,,,,,cached: parse exceeded 5000ms
serial,ITP/ITP214^2.p,TH1,Theorem,parse_timeout,na,0,,,,,,,,,cached: parse exceeded 5000ms
serial,ITP/ITP214^3.p,TH0,Theorem,parse_timeout,na,0,,,,,,,,,cached: parse exceeded 5000ms
serial,ITP/ITP214^4.p,TH1,Theorem,parse_timeout,na,0,,,,,,,,,cached: parse exceeded 5000ms
serial,ITP/ITP215^1.p,TH0,Theorem,parse_timeout,na,0,,,,,,,,,cached: parse exceeded 5000ms
serial,ITP/ITP215^2.p,TH1,Theorem,parse_timeout,na,0,,,,,,,,,cached: parse exceeded 5000ms
serial,ITP/ITP215^3.p,TH0,Theorem,parse_timeout,na,0,,,,,,,,,cached: parse exceeded 5000ms
serial,ITP/ITP215^4.p,TH1,Theorem,parse_timeout,na,0,,,,,,,,,cached: parse exceeded 5000ms
serial,ITP/ITP216^1.p,TH0,Theorem,parse_timeout,na,0,,,,,,,,,cached: parse exceeded 5000ms
serial,ITP/ITP216^2.p,TH1,Theorem,parse_timeout,na,0,,,,,,,,,cached: parse exceeded 5000ms
serial,ITP/ITP216^3.p,TH0,Theorem,parse_timeout,na,0,,,,,,,,,cached: parse exceeded 5000ms
serial,ITP/ITP216^4.p,TH1,Theorem,parse_timeout,na,0,,,,,,,,,cached: parse exceeded 5000ms
serial,ITP/ITP217^1.p,TH0,Theorem,parse_timeout,na,0,,,,,,,,,cached: parse exceeded 5000ms
serial,ITP/ITP217^2.p,TH1,Theorem,parse_timeout,na,0,,,,,,,,,cached: parse exceeded 5000ms
serial,ITP/ITP217^3.p,TH0,Theorem,parse_timeout,na,0,,,,,,,,,cached: parse exceeded 5000ms
serial,ITP/ITP217^4.p,TH1,Theorem,parse_timeout,na,0,,,,,,,,,cached: parse exceeded 5000ms
serial,ITP/ITP218^1.p,TH0,Theorem,parse_timeout,na,0,,,,,,,,,cached: parse exceeded 5000ms
serial,ITP/ITP218^2.p,TH1,Theorem,parse_timeout,na,0,,,,,,,,,cached: parse exceeded 5000ms
serial,ITP/ITP218^3.p,TH0,Theorem,parse_timeout,na,0,,,,,,,,,cached: parse exceeded 5000ms
serial,ITP/ITP218^4.p,TH1,Theorem,parse_timeout,na,0,,,,,,,,,cached: parse exceeded 5000ms
serial,ITP/ITP219^1.p,TH0,Theorem,parse_timeout,na,0,,,,,,,,,cached: parse exceeded 5000ms
serial,ITP/ITP219^2.p,TH1,Theorem,parse_timeout,na,0,,,,,,,,,cached: parse exceeded 5000ms
serial,ITP/ITP219^3.p,TH0,Theorem,parse_timeout,na,0,,,,,,,,,cached: parse exceeded 5000ms
serial,ITP/ITP219^4.p,TH1,Theorem,parse_timeout,na,0,,,,,,,,,cached: parse exceeded 5000ms
serial,ITP/ITP220^1.p,TH0,Theorem,parser_error,na,0,,,,,,,,,cached: Failed to parse formula 'fact_1819_of__bool__not__iff': [byte:567961] Type Error: Cannot unify strict function types of different arities.
serial,ITP/ITP220^2.p,TH1,Theorem,parser_error,na,0,,,,,,,,,cached: Failed to parse formula 'fact_672_of__bool__not__iff': [byte:271370] Type Error: Cannot unify strict function types of different arities.
serial,ITP/ITP220^3.p,TH0,Theorem,parser_error,na,0,,,,,,,,,cached: Failed to parse formula 'fact_1819_of__bool__not__iff': [byte:567961] Type Error: Cannot unify strict function types of different arities.
serial,ITP/ITP220^4.p,TH1,Theorem,parser_error,na,0,,,,,,,,,cached: Failed to parse formula 'fact_672_of__bool__not__iff': [byte:271370] Type Error: Cannot unify strict function types of different arities.
serial,ITP/ITP221^1.p,TH0,Theorem,parse_timeout,na,0,,,,,,,,,cached: parse exceeded 5000ms
serial,ITP/ITP221^2.p,TH1,Theorem,parser_error,na,0,,,,,,,,,cached: Failed to parse formula 'fact_1110_of__bool__odd__eq__mod__2': [byte:414489] Type Error: Cannot unify strict function types of different arities.
serial,ITP/ITP221^3.p,TH0,Theorem,parse_timeout,na,0,,,,,,,,,cached: parse exceeded 5000ms
serial,ITP/ITP221^4.p,TH1,Theorem,parser_error,na,0,,,,,,,,,cached: Failed to parse formula 'fact_1110_of__bool__odd__eq__mod__2': [byte:414489] Type Error: Cannot unify strict function types of different arities.
serial,ITP/ITP222^1.p,TH0,Theorem,parse_timeout,na,0,,,,,,,,,cached: parse exceeded 5000ms
serial,ITP/ITP222^2.p,TH1,Theorem,parse_timeout,na,0,,,,,,,,,cached: parse exceeded 5000ms
serial,ITP/ITP222^3.p,TH0,Theorem,parse_timeout,na,0,,,,,,,,,cached: parse exceeded 5000ms
serial,ITP/ITP222^4.p,TH1,Theorem,parse_timeout,na,0,,,,,,,,,cached: parse exceeded 5000ms
serial,ITP/ITP223^1.p,TH0,Theorem,parse_timeout,na,0,,,,,,,,,cached: parse exceeded 5000ms
serial,ITP/ITP223^2.p,TH1,Theorem,parse_timeout,na,0,,,,,,,,,cached: parse exceeded 5000ms
serial,ITP/ITP223^3.p,TH0,Theorem,parse_timeout,na,0,,,,,,,,,cached: parse exceeded 5000ms
serial,ITP/ITP223^4.p,TH1,Theorem,parse_timeout,na,0,,,,,,,,,cached: parse exceeded 5000ms
serial,ITP/ITP224^1.p,TH0,ContradictoryAxioms,parse_timeout,na,0,,,,,,,,,cached: parse exceeded 5000ms
serial,ITP/ITP224^2.p,TH1,ContradictoryAxioms,parser_error,na,0,,,,,,,,,cached: Failed to parse formula 'fact_1485_of__bool__not__iff': [byte:533452] Type Error: Cannot unify strict function types of different arities.
serial,ITP/ITP224^3.p,TH0,ContradictoryAxioms,parse_timeout,na,0,,,,,,,,,cached: parse exceeded 5000ms
serial,ITP/ITP224^4.p,TH1,ContradictoryAxioms,parser_error,na,0,,,,,,,,,cached: Failed to parse formula 'fact_1485_of__bool__not__iff': [byte:533452] Type Error: Cannot unify strict function types of different arities.
serial,ITP/ITP225^1.p,TH0,Theorem,parse_timeout,na,0,,,,,,,,,cached: parse exceeded 5000ms
serial,ITP/ITP225^2.p,TH1,Theorem,parse_timeout,na,0,,,,,,,,,cached: parse exceeded 5000ms
serial,ITP/ITP225^3.p,TH0,Theorem,parse_timeout,na,0,,,,,,,,,cached: parse exceeded 5000ms
serial,ITP/ITP225^4.p,TH1,Theorem,parse_timeout,na,0,,,,,,,,,cached: parse exceeded 5000ms
serial,ITP/ITP226^1.p,TH0,Theorem,parse_timeout,na,0,,,,,,,,,cached: parse exceeded 5000ms
serial,ITP/ITP226^2.p,TH1,Theorem,parse_timeout,na,0,,,,,,,,,cached: parse exceeded 5000ms
serial,ITP/ITP226^3.p,TH0,Theorem,parse_timeout,na,0,,,,,,,,,cached: parse exceeded 5000ms
serial,ITP/ITP226^4.p,TH1,Theorem,parse_timeout,na,0,,,,,,,,,cached: parse exceeded 5000ms
serial,ITP/ITP227^1.p,TH0,Theorem,parse_timeout,na,0,,,,,,,,,cached: parse exceeded 5000ms
serial,ITP/ITP227^2.p,TH1,Theorem,parse_timeout,na,0,,,,,,,,,cached: parse exceeded 5000ms
serial,ITP/ITP227^3.p,TH0,Theorem,parse_timeout,na,0,,,,,,,,,cached: parse exceeded 5000ms
serial,ITP/ITP227^4.p,TH1,Theorem,parse_timeout,na,0,,,,,,,,,cached: parse exceeded 5000ms
serial,ITP/ITP228^1.p,TH0,Theorem,parse_timeout,na,0,,,,,,,,,cached: parse exceeded 5000ms
serial,ITP/ITP228^2.p,TH1,Theorem,parse_timeout,na,0,,,,,,,,,cached: parse exceeded 5000ms
serial,ITP/ITP228^3.p,TH0,Theorem,parse_timeout,na,0,,,,,,,,,cached: parse exceeded 5000ms
serial,ITP/ITP228^4.p,TH1,Theorem,parse_timeout,na,0,,,,,,,,,cached: parse exceeded 5000ms
serial,ITP/ITP229^1.p,TH0,Theorem,parse_timeout,na,0,,,,,,,,,cached: parse exceeded 5000ms
serial,ITP/ITP229^2.p,TH1,Theorem,parse_timeout,na,0,,,,,,,,,cached: parse exceeded 5000ms
serial,ITP/ITP229^3.p,TH0,Theorem,parse_timeout,na,0,,,,,,,,,cached: parse exceeded 5000ms
serial,ITP/ITP229^4.p,TH1,Theorem,parse_timeout,na,0,,,,,,,,,cached: parse exceeded 5000ms
serial,ITP/ITP230^1.p,TH0,Theorem,parse_timeout,na,0,,,,,,,,,cached: parse exceeded 5000ms
serial,ITP/ITP230^2.p,TH1,Theorem,parse_timeout,na,0,,,,,,,,,cached: parse exceeded 5000ms
serial,ITP/ITP230^3.p,TH0,Theorem,parse_timeout,na,0,,,,,,,,,cached: parse exceeded 5000ms
serial,ITP/ITP230^4.p,TH1,Theorem,parse_timeout,na,0,,,,,,,,,cached: parse exceeded 5000ms
serial,ITP/ITP231^1.p,TH0,Theorem,parser_error,na,0,,,,,,,,,cached: Failed to parse formula 'fact_2020_modulo__int__unfold': [byte:753287] Type Error: Cannot unify strict function types of different arities.
serial,ITP/ITP231^2.p,TH1,Theorem,parse_timeout,na,0,,,,,,,,,cached: parse exceeded 5000ms
serial,ITP/ITP231^3.p,TH0,Theorem,parser_error,na,0,,,,,,,,,cached: Failed to parse formula 'fact_2020_modulo__int__unfold': [byte:753287] Type Error: Cannot unify strict function types of different arities.
serial,ITP/ITP231^4.p,TH1,Theorem,parse_timeout,na,0,,,,,,,,,cached: parse exceeded 5000ms
serial,ITP/ITP232^1.p,TH0,Theorem,parse_timeout,na,0,,,,,,,,,cached: parse exceeded 5000ms
serial,ITP/ITP232^2.p,TH1,Theorem,parse_timeout,na,0,,,,,,,,,cached: parse exceeded 5000ms
serial,ITP/ITP232^3.p,TH0,Theorem,parse_timeout,na,0,,,,,,,,,cached: parse exceeded 5000ms
serial,ITP/ITP232^4.p,TH1,Theorem,parse_timeout,na,0,,,,,,,,,cached: parse exceeded 5000ms
serial,ITP/ITP233^1.p,TH0,Theorem,parse_timeout,na,0,,,,,,,,,cached: parse exceeded 5000ms
serial,ITP/ITP233^2.p,TH1,Theorem,parse_timeout,na,0,,,,,,,,,cached: parse exceeded 5000ms
serial,ITP/ITP233^3.p,TH0,Theorem,parse_timeout,na,0,,,,,,,,,cached: parse exceeded 5000ms
serial,ITP/ITP233^4.p,TH1,Theorem,parse_timeout,na,0,,,,,,,,,cached: parse exceeded 5000ms
serial,ITP/ITP234^1.p,TH0,Theorem,parse_timeout,na,0,,,,,,,,,cached: parse exceeded 5000ms
serial,ITP/ITP234^2.p,TH1,Theorem,parse_timeout,na,0,,,,,,,,,cached: parse exceeded 5000ms
serial,ITP/ITP234^3.p,TH0,Theorem,parse_timeout,na,0,,,,,,,,,cached: parse exceeded 5000ms
serial,ITP/ITP234^4.p,TH1,Theorem,parse_timeout,na,0,,,,,,,,,cached: parse exceeded 5000ms
serial,ITP/ITP235^1.p,TH0,Theorem,parse_timeout,na,0,,,,,,,,,cached: parse exceeded 5000ms
serial,ITP/ITP235^2.p,TH1,Theorem,parse_timeout,na,0,,,,,,,,,cached: parse exceeded 5000ms
serial,ITP/ITP235^3.p,TH0,Theorem,parse_timeout,na,0,,,,,,,,,cached: parse exceeded 5000ms
serial,ITP/ITP235^4.p,TH1,Theorem,parse_timeout,na,0,,,,,,,,,cached: parse exceeded 5000ms
serial,ITP/ITP236^1.p,TH0,Theorem,parse_timeout,na,0,,,,,,,,,cached: parse exceeded 5000ms
serial,ITP/ITP236^2.p,TH1,Theorem,parse_timeout,na,0,,,,,,,,,cached: parse exceeded 5000ms
serial,ITP/ITP236^3.p,TH0,Theorem,parse_timeout,na,0,,,,,,,,,cached: parse exceeded 5000ms
serial,ITP/ITP236^4.p,TH1,Theorem,parse_timeout,na,0,,,,,,,,,cached: parse exceeded 5000ms
serial,ITP/ITP237^1.p,TH0,Theorem,parse_timeout,na,0,,,,,,,,,cached: parse exceeded 5000ms
serial,ITP/ITP237^2.p,TH1,Theorem,parse_timeout,na,0,,,,,,,,,cached: parse exceeded 5000ms
serial,ITP/ITP237^3.p,TH0,Theorem,parse_timeout,na,0,,,,,,,,,cached: parse exceeded 5000ms
serial,ITP/ITP237^4.p,TH1,Theorem,parse_timeout,na,0,,,,,,,,,cached: parse exceeded 5000ms
serial,ITP/ITP238^1.p,TH0,Theorem,parse_timeout,na,0,,,,,,,,,cached: parse exceeded 5000ms
serial,ITP/ITP238^2.p,TH1,Theorem,parse_timeout,na,0,,,,,,,,,cached: parse exceeded 5000ms
serial,ITP/ITP238^3.p,TH0,Theorem,parse_timeout,na,0,,,,,,,,,cached: parse exceeded 5000ms
serial,ITP/ITP238^4.p,TH1,Theorem,parse_timeout,na,0,,,,,,,,,cached: parse exceeded 5000ms
serial,ITP/ITP239^1.p,TH0,Theorem,parse_timeout,na,0,,,,,,,,,cached: parse exceeded 5000ms
serial,ITP/ITP239^2.p,TH1,Theorem,parse_timeout,na,0,,,,,,,,,cached: parse exceeded 5000ms
serial,ITP/ITP239^3.p,TH0,Theorem,parse_timeout,na,0,,,,,,,,,cached: parse exceeded 5000ms
serial,ITP/ITP239^4.p,TH1,Theorem,parse_timeout,na,0,,,,,,,,,cached: parse exceeded 5000ms
serial,ITP/ITP240^1.p,TH0,Theorem,parse_timeout,na,0,,,,,,,,,cached: parse exceeded 5000ms
serial,ITP/ITP240^2.p,TH1,Theorem,parse_timeout,na,0,,,,,,,,,cached: parse exceeded 5000ms
serial,ITP/ITP240^3.p,TH0,Theorem,parse_timeout,na,0,,,,,,,,,cached: parse exceeded 5000ms
serial,ITP/ITP240^4.p,TH1,Theorem,parse_timeout,na,0,,,,,,,,,cached: parse exceeded 5000ms
serial,ITP/ITP241^1.p,TH0,Theorem,parse_timeout,na,0,,,,,,,,,cached: parse exceeded 5000ms
serial,ITP/ITP241^2.p,TH1,Theorem,parse_timeout,na,0,,,,,,,,,cached: parse exceeded 5000ms
serial,ITP/ITP241^3.p,TH0,Theorem,parse_timeout,na,0,,,,,,,,,cached: parse exceeded 5000ms
serial,ITP/ITP241^4.p,TH1,Theorem,parse_timeout,na,0,,,,,,,,,cached: parse exceeded 5000ms
serial,ITP/ITP242^1.p,TH0,Theorem,parse_timeout,na,0,,,,,,,,,cached: parse exceeded 5000ms
serial,ITP/ITP242^2.p,TH1,Theorem,parse_timeout,na,0,,,,,,,,,cached: parse exceeded 5000ms
serial,ITP/ITP242^3.p,TH0,Theorem,parse_timeout,na,0,,,,,,,,,cached: parse exceeded 5000ms
serial,ITP/ITP242^4.p,TH1,Theorem,parse_timeout,na,0,,,,,,,,,cached: parse exceeded 5000ms
serial,ITP/ITP243^1.p,TH0,Theorem,parse_timeout,na,0,,,,,,,,,cached: parse exceeded 5000ms
serial,ITP/ITP243^2.p,TH1,Theorem,parse_timeout,na,0,,,,,,,,,cached: parse exceeded 5000ms
serial,ITP/ITP243^3.p,TH0,Theorem,parse_timeout,na,0,,,,,,,,,cached: parse exceeded 5000ms
serial,ITP/ITP243^4.p,TH1,Theorem,parse_timeout,na,0,,,,,,,,,cached: parse exceeded 5000ms
serial,ITP/ITP244^1.p,TH0,Theorem,parse_timeout,na,0,,,,,,,,,cached: parse exceeded 5000ms
serial,ITP/ITP244^2.p,TH1,Theorem,parse_timeout,na,0,,,,,,,,,cached: parse exceeded 5000ms
serial,ITP/ITP244^3.p,TH0,Theorem,parse_timeout,na,0,,,,,,,,,cached: parse exceeded 5000ms
serial,ITP/ITP244^4.p,TH1,Theorem,parse_timeout,na,0,,,,,,,,,cached: parse exceeded 5000ms
serial,ITP/ITP245^1.p,TH0,Theorem,parse_timeout,na,0,,,,,,,,,cached: parse exceeded 5000ms
serial,ITP/ITP245^2.p,TH1,Theorem,parse_timeout,na,0,,,,,,,,,cached: parse exceeded 5000ms
serial,ITP/ITP245^3.p,TH0,Theorem,parse_timeout,na,0,,,,,,,,,cached: parse exceeded 5000ms
serial,ITP/ITP245^4.p,TH1,Theorem,parse_timeout,na,0,,,,,,,,,cached: parse exceeded 5000ms
serial,ITP/ITP246^1.p,TH0,Theorem,parse_timeout,na,0,,,,,,,,,cached: parse exceeded 5000ms
serial,ITP/ITP246^2.p,TH1,Theorem,parse_timeout,na,0,,,,,,,,,cached: parse exceeded 5000ms
serial,ITP/ITP246^3.p,TH0,Theorem,parse_timeout,na,0,,,,,,,,,cached: parse exceeded 5000ms
serial,ITP/ITP246^4.p,TH1,Theorem,parse_timeout,na,0,,,,,,,,,cached: parse exceeded 5000ms
serial,ITP/ITP247^1.p,TH0,Theorem,parse_timeout,na,0,,,,,,,,,cached: parse exceeded 5000ms
serial,ITP/ITP247^2.p,TH1,Theorem,parse_timeout,na,0,,,,,,,,,cached: parse exceeded 5000ms
serial,ITP/ITP247^3.p,TH0,Theorem,parse_timeout,na,0,,,,,,,,,cached: parse exceeded 5000ms
serial,ITP/ITP247^4.p,TH1,Theorem,parse_timeout,na,0,,,,,,,,,cached: parse exceeded 5000ms
serial,ITP/ITP248^1.p,TH0,Theorem,parse_timeout,na,0,,,,,,,,,cached: parse exceeded 5000ms
serial,ITP/ITP248^2.p,TH1,Theorem,parse_timeout,na,0,,,,,,,,,cached: parse exceeded 5000ms
serial,ITP/ITP248^3.p,TH0,Theorem,parse_timeout,na,0,,,,,,,,,cached: parse exceeded 5000ms
serial,ITP/ITP248^4.p,TH1,Theorem,parse_timeout,na,0,,,,,,,,,cached: parse exceeded 5000ms
serial,ITP/ITP249^1.p,TH0,Theorem,parse_timeout,na,0,,,,,,,,,cached: parse exceeded 5000ms
serial,ITP/ITP249^2.p,TH1,Theorem,parse_timeout,na,0,,,,,,,,,cached: parse exceeded 5000ms
serial,ITP/ITP249^3.p,TH0,Theorem,parse_timeout,na,0,,,,,,,,,cached: parse exceeded 5000ms
serial,ITP/ITP249^4.p,TH1,Theorem,parse_timeout,na,0,,,,,,,,,cached: parse exceeded 5000ms
serial,ITP/ITP250^1.p,TH0,Theorem,parse_timeout,na,0,,,,,,,,,cached: parse exceeded 5000ms
serial,ITP/ITP250^2.p,TH1,Theorem,parse_timeout,na,0,,,,,,,,,cached: parse exceeded 5000ms
serial,ITP/ITP250^3.p,TH0,Theorem,parse_timeout,na,0,,,,,,,,,cached: parse exceeded 5000ms
serial,ITP/ITP250^4.p,TH1,Theorem,parse_timeout,na,0,,,,,,,,,cached: parse exceeded 5000ms
serial,ITP/ITP251^1.p,TH0,Theorem,parse_timeout,na,0,,,,,,,,,cached: parse exceeded 5000ms
serial,ITP/ITP251^2.p,TH1,Theorem,parse_timeout,na,0,,,,,,,,,cached: parse exceeded 5000ms
serial,ITP/ITP251^3.p,TH0,Theorem,parse_timeout,na,0,,,,,,,,,cached: parse exceeded 5000ms
serial,ITP/ITP251^4.p,TH1,Theorem,parse_timeout,na,0,,,,,,,,,cached: parse exceeded 5000ms
serial,ITP/ITP252^1.p,TH0,Theorem,parse_timeout,na,0,,,,,,,,,cached: parse exceeded 5000ms
serial,ITP/ITP252^2.p,TH1,Theorem,parse_timeout,na,0,,,,,,,,,cached: parse exceeded 5000ms
serial,ITP/ITP252^3.p,TH0,Theorem,parse_timeout,na,0,,,,,,,,,cached: parse exceeded 5000ms
serial,ITP/ITP252^4.p,TH1,Theorem,parse_timeout,na,0,,,,,,,,,cached: parse exceeded 5000ms
serial,ITP/ITP253^1.p,TH0,Theorem,parse_timeout,na,0,,,,,,,,,cached: parse exceeded 5000ms
serial,ITP/ITP253^2.p,TH1,Theorem,parse_timeout,na,0,,,,,,,,,cached: parse exceeded 5000ms
serial,ITP/ITP253^3.p,TH0,Theorem,parse_timeout,na,0,,,,,,,,,cached: parse exceeded 5000ms
serial,ITP/ITP253^4.p,TH1,Theorem,parse_timeout,na,0,,,,,,,,,cached: parse exceeded 5000ms
serial,ITP/ITP254^1.p,TH0,Theorem,parse_timeout,na,0,,,,,,,,,cached: parse exceeded 5000ms
serial,ITP/ITP254^2.p,TH1,Theorem,parse_timeout,na,0,,,,,,,,,cached: parse exceeded 5000ms
serial,ITP/ITP254^3.p,TH0,Theorem,parse_timeout,na,0,,,,,,,,,cached: parse exceeded 5000ms
serial,ITP/ITP254^4.p,TH1,Theorem,parse_timeout,na,0,,,,,,,,,cached: parse exceeded 5000ms
serial,ITP/ITP255^1.p,TH0,Theorem,parse_timeout,na,0,,,,,,,,,cached: parse exceeded 5000ms
serial,ITP/ITP255^2.p,TH1,Theorem,parse_timeout,na,0,,,,,,,,,cached: parse exceeded 5000ms
serial,ITP/ITP255^3.p,TH0,Theorem,parse_timeout,na,0,,,,,,,,,cached: parse exceeded 5000ms
serial,ITP/ITP255^4.p,TH1,Theorem,parse_timeout,na,0,,,,,,,,,cached: parse exceeded 5000ms
serial,ITP/ITP256^1.p,TH0,Theorem,parse_timeout,na,0,,,,,,,,,cached: parse exceeded 5000ms
serial,ITP/ITP256^2.p,TH1,Theorem,parse_timeout,na,0,,,,,,,,,cached: parse exceeded 5000ms
serial,ITP/ITP256^3.p,TH0,Theorem,parse_timeout,na,0,,,,,,,,,cached: parse exceeded 5000ms
serial,ITP/ITP256^4.p,TH1,Theorem,parse_timeout,na,0,,,,,,,,,cached: parse exceeded 5000ms
serial,ITP/ITP257^1.p,TH0,Theorem,parse_timeout,na,0,,,,,,,,,cached: parse exceeded 5000ms
serial,ITP/ITP257^2.p,TH1,Theorem,parse_timeout,na,0,,,,,,,,,cached: parse exceeded 5000ms
serial,ITP/ITP257^3.p,TH0,Theorem,parse_timeout,na,0,,,,,,,,,cached: parse exceeded 5000ms
serial,ITP/ITP257^4.p,TH1,Theorem,parse_timeout,na,0,,,,,,,,,cached: parse exceeded 5000ms
serial,ITP/ITP258^1.p,TH0,Theorem,parse_timeout,na,0,,,,,,,,,cached: parse exceeded 5000ms
serial,ITP/ITP258^2.p,TH1,Theorem,parse_timeout,na,0,,,,,,,,,cached: parse exceeded 5000ms
serial,ITP/ITP258^3.p,TH0,Theorem,parse_timeout,na,0,,,,,,,,,cached: parse exceeded 5000ms
serial,ITP/ITP258^4.p,TH1,Theorem,parse_timeout,na,0,,,,,,,,,cached: parse exceeded 5000ms
serial,ITP/ITP259^1.p,TH0,Theorem,parse_timeout,na,0,,,,,,,,,cached: parse exceeded 5000ms
serial,ITP/ITP259^2.p,TH1,Theorem,parse_timeout,na,0,,,,,,,,,cached: parse exceeded 5000ms
serial,ITP/ITP259^3.p,TH0,Theorem,parse_timeout,na,0,,,,,,,,,cached: parse exceeded 5000ms
serial,ITP/ITP259^4.p,TH1,Theorem,parse_timeout,na,0,,,,,,,,,cached: parse exceeded 5000ms
serial,ITP/ITP260^1.p,TH0,Theorem,parse_timeout,na,0,,,,,,,,,cached: parse exceeded 5000ms
serial,ITP/ITP260^2.p,TH1,Theorem,parse_timeout,na,0,,,,,,,,,cached: parse exceeded 5000ms
serial,ITP/ITP260^3.p,TH0,Theorem,parse_timeout,na,0,,,,,,,,,cached: parse exceeded 5000ms
serial,ITP/ITP260^4.p,TH1,Theorem,parse_timeout,na,0,,,,,,,,,cached: parse exceeded 5000ms
serial,ITP/ITP261^1.p,TH0,Theorem,parse_timeout,na,0,,,,,,,,,cached: parse exceeded 5000ms
serial,ITP/ITP261^2.p,TH1,Theorem,parse_timeout,na,0,,,,,,,,,cached: parse exceeded 5000ms
serial,ITP/ITP261^3.p,TH0,Theorem,parse_timeout,na,0,,,,,,,,,cached: parse exceeded 5000ms
serial,ITP/ITP261^4.p,TH1,Theorem,parse_timeout,na,0,,,,,,,,,cached: parse exceeded 5000ms
serial,ITP/ITP262^1.p,TH0,Theorem,parse_timeout,na,0,,,,,,,,,cached: parse exceeded 5000ms
serial,ITP/ITP262^2.p,TH1,Theorem,parse_timeout,na,0,,,,,,,,,cached: parse exceeded 5000ms
serial,ITP/ITP262^3.p,TH0,Theorem,parse_timeout,na,0,,,,,,,,,cached: parse exceeded 5000ms
serial,ITP/ITP262^4.p,TH1,Theorem,parse_timeout,na,0,,,,,,,,,cached: parse exceeded 5000ms
serial,ITP/ITP263^1.p,TH0,Theorem,parse_timeout,na,0,,,,,,,,,cached: parse exceeded 5000ms
serial,ITP/ITP263^2.p,TH1,Theorem,parse_timeout,na,0,,,,,,,,,cached: parse exceeded 5000ms
serial,ITP/ITP263^3.p,TH0,Theorem,parse_timeout,na,0,,,,,,,,,cached: parse exceeded 5000ms
serial,ITP/ITP263^4.p,TH1,Theorem,parse_timeout,na,0,,,,,,,,,cached: parse exceeded 5000ms
serial,ITP/ITP264^1.p,TH0,Theorem,parse_timeout,na,0,,,,,,,,,cached: parse exceeded 5000ms
serial,ITP/ITP264^2.p,TH1,Theorem,parse_timeout,na,0,,,,,,,,,cached: parse exceeded 5000ms
serial,ITP/ITP264^3.p,TH0,Theorem,parse_timeout,na,0,,,,,,,,,cached: parse exceeded 5000ms
serial,ITP/ITP264^4.p,TH1,Theorem,parse_timeout,na,0,,,,,,,,,cached: parse exceeded 5000ms
serial,ITP/ITP265^1.p,TH0,Theorem,parse_timeout,na,0,,,,,,,,,cached: parse exceeded 5000ms
serial,ITP/ITP265^2.p,TH1,Theorem,parse_timeout,na,0,,,,,,,,,cached: parse exceeded 5000ms
serial,ITP/ITP265^3.p,TH0,Theorem,parse_timeout,na,0,,,,,,,,,cached: parse exceeded 5000ms
serial,ITP/ITP265^4.p,TH1,Theorem,parse_timeout,na,0,,,,,,,,,cached: parse exceeded 5000ms
serial,ITP/ITP266^1.p,TH0,Theorem,parse_timeout,na,0,,,,,,,,,cached: parse exceeded 5000ms
serial,ITP/ITP266^2.p,TH1,Theorem,parse_timeout,na,0,,,,,,,,,cached: parse exceeded 5000ms
serial,ITP/ITP266^3.p,TH0,Theorem,parse_timeout,na,0,,,,,,,,,cached: parse exceeded 5000ms
serial,ITP/ITP266^4.p,TH1,Theorem,parse_timeout,na,0,,,,,,,,,cached: parse exceeded 5000ms
serial,ITP/ITP267^1.p,TH0,Theorem,parse_timeout,na,0,,,,,,,,,cached: parse exceeded 5000ms
serial,ITP/ITP267^2.p,TH1,Theorem,parse_timeout,na,0,,,,,,,,,cached: parse exceeded 5000ms
serial,ITP/ITP267^3.p,TH0,Theorem,parse_timeout,na,0,,,,,,,,,cached: parse exceeded 5000ms
serial,ITP/ITP267^4.p,TH1,Theorem,parse_timeout,na,0,,,,,,,,,cached: parse exceeded 5000ms
serial,ITP/ITP268^1.p,TH0,Theorem,parse_timeout,na,0,,,,,,,,,cached: parse exceeded 5000ms
serial,ITP/ITP268^2.p,TH1,Theorem,parse_timeout,na,0,,,,,,,,,cached: parse exceeded 5000ms
serial,ITP/ITP268^3.p,TH0,Theorem,parse_timeout,na,0,,,,,,,,,cached: parse exceeded 5000ms
serial,ITP/ITP268^4.p,TH1,Theorem,parse_timeout,na,0,,,,,,,,,cached: parse exceeded 5000ms
serial,ITP/ITP269^1.p,TH0,Theorem,parse_timeout,na,0,,,,,,,,,cached: parse exceeded 5000ms
serial,ITP/ITP269^2.p,TH1,Theorem,parse_timeout,na,0,,,,,,,,,cached: parse exceeded 5000ms
serial,ITP/ITP269^3.p,TH0,Theorem,parse_timeout,na,0,,,,,,,,,cached: parse exceeded 5000ms
serial,ITP/ITP269^4.p,TH1,Theorem,parse_timeout,na,0,,,,,,,,,cached: parse exceeded 5000ms
serial,ITP/ITP270^1.p,TH0,Theorem,parse_timeout,na,0,,,,,,,,,cached: parse exceeded 5000ms
serial,ITP/ITP270^2.p,TH1,Theorem,parse_timeout,na,0,,,,,,,,,cached: parse exceeded 5000ms
serial,ITP/ITP270^3.p,TH0,Theorem,parse_timeout,na,0,,,,,,,,,cached: parse exceeded 5000ms
serial,ITP/ITP270^4.p,TH1,Theorem,parse_timeout,na,0,,,,,,,,,cached: parse exceeded 5000ms
serial,ITP/ITP271^1.p,TH0,Theorem,parse_timeout,na,0,,,,,,,,,cached: parse exceeded 5000ms
serial,ITP/ITP271^2.p,TH1,Theorem,parse_timeout,na,0,,,,,,,,,cached: parse exceeded 5000ms
serial,ITP/ITP271^3.p,TH0,Theorem,parse_timeout,na,0,,,,,,,,,cached: parse exceeded 5000ms
serial,ITP/ITP271^4.p,TH1,Theorem,parse_timeout,na,0,,,,,,,,,cached: parse exceeded 5000ms
serial,ITP/ITP272^1.p,TH0,Theorem,parse_timeout,na,0,,,,,,,,,cached: parse exceeded 5000ms
serial,ITP/ITP272^2.p,TH1,Theorem,parse_timeout,na,0,,,,,,,,,cached: parse exceeded 5000ms
serial,ITP/ITP272^3.p,TH0,Theorem,parse_timeout,na,0,,,,,,,,,cached: parse exceeded 5000ms
serial,ITP/ITP272^4.p,TH1,Theorem,parse_timeout,na,0,,,,,,,,,cached: parse exceeded 5000ms
serial,ITP/ITP273^1.p,TH0,Theorem,parse_timeout,na,0,,,,,,,,,cached: parse exceeded 5000ms
serial,ITP/ITP273^2.p,TH1,Theorem,parse_timeout,na,0,,,,,,,,,cached: parse exceeded 5000ms
serial,ITP/ITP273^3.p,TH0,Theorem,parse_timeout,na,0,,,,,,,,,cached: parse exceeded 5000ms
serial,ITP/ITP273^4.p,TH1,Theorem,parse_timeout,na,0,,,,,,,,,cached: parse exceeded 5000ms
serial,ITP/ITP274^1.p,TH0,Theorem,parse_timeout,na,0,,,,,,,,,cached: parse exceeded 5000ms
serial,ITP/ITP274^2.p,TH1,Theorem,parse_timeout,na,0,,,,,,,,,cached: parse exceeded 5000ms
serial,ITP/ITP274^3.p,TH0,Theorem,parse_timeout,na,0,,,,,,,,,cached: parse exceeded 5000ms
serial,ITP/ITP274^4.p,TH1,Theorem,parse_timeout,na,0,,,,,,,,,cached: parse exceeded 5000ms
serial,ITP/ITP275^1.p,TH0,Theorem,parse_timeout,na,0,,,,,,,,,cached: parse exceeded 5000ms
serial,ITP/ITP275^2.p,TH1,Theorem,parser_error,na,0,,,,,,,,,cached: Failed to parse formula 'fact_1029_of__bool__odd__eq__mod__2': [byte:364945] Type Error: Cannot unify strict function types of different arities.
serial,ITP/ITP275^3.p,TH0,Theorem,parse_timeout,na,0,,,,,,,,,cached: parse exceeded 5000ms
serial,ITP/ITP275^4.p,TH1,Theorem,parser_error,na,0,,,,,,,,,cached: Failed to parse formula 'fact_1029_of__bool__odd__eq__mod__2': [byte:364945] Type Error: Cannot unify strict function types of different arities.
serial,ITP/ITP276^1.p,TH0,ContradictoryAxioms,parse_timeout,na,0,,,,,,,,,cached: parse exceeded 5000ms
serial,ITP/ITP276^2.p,TH1,ContradictoryAxioms,parse_timeout,na,0,,,,,,,,,cached: parse exceeded 5000ms
serial,ITP/ITP276^3.p,TH0,ContradictoryAxioms,parse_timeout,na,0,,,,,,,,,cached: parse exceeded 5000ms
serial,ITP/ITP276^4.p,TH1,ContradictoryAxioms,parse_timeout,na,0,,,,,,,,,cached: parse exceeded 5000ms
serial,ITP/ITP277^1.p,TH0,Theorem,parse_timeout,na,0,,,,,,,,,cached: parse exceeded 5000ms
serial,ITP/ITP277^2.p,TH1,Theorem,parse_timeout,na,0,,,,,,,,,cached: parse exceeded 5000ms
serial,ITP/ITP277^3.p,TH0,Theorem,parse_timeout,na,0,,,,,,,,,cached: parse exceeded 5000ms
serial,ITP/ITP277^4.p,TH1,Theorem,parse_timeout,na,0,,,,,,,,,cached: parse exceeded 5000ms
serial,ITP/ITP278^1.p,TH0,Theorem,parse_timeout,na,0,,,,,,,,,cached: parse exceeded 5000ms
serial,ITP/ITP278^2.p,TH1,Theorem,parse_timeout,na,0,,,,,,,,,cached: parse exceeded 5000ms
serial,ITP/ITP278^3.p,TH0,Theorem,parse_timeout,na,0,,,,,,,,,cached: parse exceeded 5000ms
serial,ITP/ITP278^4.p,TH1,Theorem,parse_timeout,na,0,,,,,,,,,cached: parse exceeded 5000ms
serial,ITP/ITP279^1.p,TH0,Theorem,parse_timeout,na,0,,,,,,,,,cached: parse exceeded 5000ms
serial,ITP/ITP279^2.p,TH1,Theorem,parse_timeout,na,0,,,,,,,,,cached: parse exceeded 5000ms
serial,ITP/ITP279^3.p,TH0,Theorem,parse_timeout,na,0,,,,,,,,,cached: parse exceeded 5000ms
serial,ITP/ITP279^4.p,TH1,Theorem,parse_timeout,na,0,,,,,,,,,cached: parse exceeded 5000ms
serial,ITP/ITP280^1.p,TH0,Theorem,parse_timeout,na,0,,,,,,,,,cached: parse exceeded 5000ms
serial,ITP/ITP280^2.p,TH1,Theorem,parser_error,na,0,,,,,,,,,cached: Failed to parse formula 'fact_1609_of__bool__not__iff': [byte:557970] Type Error: Cannot unify strict function types of different arities.
serial,ITP/ITP280^3.p,TH0,Theorem,parse_timeout,na,0,,,,,,,,,cached: parse exceeded 5000ms
serial,ITP/ITP280^4.p,TH1,Theorem,parser_error,na,0,,,,,,,,,cached: Failed to parse formula 'fact_1609_of__bool__not__iff': [byte:557970] Type Error: Cannot unify strict function types of different arities.
serial,ITP/ITP281^1.p,TH0,Theorem,parse_timeout,na,0,,,,,,,,,cached: parse exceeded 5000ms
serial,ITP/ITP281^2.p,TH1,Theorem,parse_timeout,na,0,,,,,,,,,cached: parse exceeded 5000ms
serial,ITP/ITP281^3.p,TH0,Theorem,parse_timeout,na,0,,,,,,,,,cached: parse exceeded 5000ms
serial,ITP/ITP281^4.p,TH1,Theorem,parse_timeout,na,0,,,,,,,,,cached: parse exceeded 5000ms
serial,ITP/ITP282^1.p,TH0,Theorem,parse_timeout,na,0,,,,,,,,,cached: parse exceeded 5000ms
serial,ITP/ITP282^2.p,TH1,Theorem,parser_error,na,0,,,,,,,,,cached: Failed to parse formula 'fact_923_of__bool__odd__eq__mod__2': [byte:350737] Type Error: Cannot unify strict function types of different arities.
serial,ITP/ITP282^3.p,TH0,Theorem,parse_timeout,na,0,,,,,,,,,cached: parse exceeded 5000ms
serial,ITP/ITP282^4.p,TH1,Theorem,parser_error,na,0,,,,,,,,,cached: Failed to parse formula 'fact_923_of__bool__odd__eq__mod__2': [byte:350737] Type Error: Cannot unify strict function types of different arities.
serial,ITP/ITP283^1.p,TH0,Theorem,parse_timeout,na,0,,,,,,,,,cached: parse exceeded 5000ms
serial,ITP/ITP283^2.p,TH1,Theorem,parse_timeout,na,0,,,,,,,,,cached: parse exceeded 5000ms
serial,ITP/ITP283^3.p,TH0,Theorem,parse_timeout,na,0,,,,,,,,,cached: parse exceeded 5000ms
serial,ITP/ITP283^4.p,TH1,Theorem,parse_timeout,na,0,,,,,,,,,cached: parse exceeded 5000ms
serial,ITP/ITP284^1.p,TH0,Theorem,parse_timeout,na,0,,,,,,,,,cached: parse exceeded 5000ms
serial,ITP/ITP284^2.p,TH1,Theorem,parser_error,na,0,,,,,,,,,cached: Failed to parse formula 'fact_1267_of__bool__odd__eq__mod__2': [byte:465803] Type Error: Cannot unify strict function types of different arities.
serial,ITP/ITP284^3.p,TH0,Theorem,parse_timeout,na,0,,,,,,,,,cached: parse exceeded 5000ms
serial,ITP/ITP284^4.p,TH1,Theorem,parser_error,na,0,,,,,,,,,cached: Failed to parse formula 'fact_1267_of__bool__odd__eq__mod__2': [byte:465803] Type Error: Cannot unify strict function types of different arities.
serial,ITP/ITP285^1.p,TH0,ContradictoryAxioms,parse_timeout,na,0,,,,,,,,,cached: parse exceeded 5000ms
serial,ITP/ITP285^2.p,TH1,Theorem,parse_timeout,na,0,,,,,,,,,cached: parse exceeded 5000ms
serial,ITP/ITP285^3.p,TH0,ContradictoryAxioms,parse_timeout,na,0,,,,,,,,,cached: parse exceeded 5000ms
serial,ITP/ITP285^4.p,TH1,Theorem,parse_timeout,na,0,,,,,,,,,cached: parse exceeded 5000ms
serial,ITP/ITP286^1.p,TH0,Theorem,parse_timeout,na,0,,,,,,,,,cached: parse exceeded 5000ms
serial,ITP/ITP286^2.p,TH1,Theorem,parse_timeout,na,0,,,,,,,,,cached: parse exceeded 5000ms
serial,ITP/ITP286^3.p,TH0,Theorem,parse_timeout,na,0,,,,,,,,,cached: parse exceeded 5000ms
serial,ITP/ITP286^4.p,TH1,Theorem,parse_timeout,na,0,,,,,,,,,cached: parse exceeded 5000ms
serial,ITP/ITP287^1.p,TH0,Theorem,parse_timeout,na,0,,,,,,,,,cached: parse exceeded 5000ms
serial,ITP/ITP287^2.p,TH1,Theorem,parse_timeout,na,0,,,,,,,,,cached: parse exceeded 5000ms
serial,ITP/ITP287^3.p,TH0,Theorem,parse_timeout,na,0,,,,,,,,,cached: parse exceeded 5000ms
serial,ITP/ITP287^4.p,TH1,Theorem,parse_timeout,na,0,,,,,,,,,cached: parse exceeded 5000ms
serial,ITP/ITP288^1.p,TH0,Theorem,parse_timeout,na,0,,,,,,,,,cached: parse exceeded 5000ms
serial,ITP/ITP288^2.p,TH1,Theorem,parse_timeout,na,0,,,,,,,,,cached: parse exceeded 5000ms
serial,ITP/ITP288^3.p,TH0,Theorem,parse_timeout,na,0,,,,,,,,,cached: parse exceeded 5000ms
serial,ITP/ITP288^4.p,TH1,Theorem,parse_timeout,na,0,,,,,,,,,cached: parse exceeded 5000ms
serial,ITP/ITP289^1.p,TH0,Theorem,parse_timeout,na,0,,,,,,,,,cached: parse exceeded 5000ms
serial,ITP/ITP289^2.p,TH1,Theorem,parse_timeout,na,0,,,,,,,,,cached: parse exceeded 5000ms
serial,ITP/ITP289^3.p,TH0,Theorem,parse_timeout,na,0,,,,,,,,,cached: parse exceeded 5000ms
serial,ITP/ITP289^4.p,TH1,Theorem,parse_timeout,na,0,,,,,,,,,cached: parse exceeded 5000ms
serial,ITP/ITP290^1.p,TH0,Theorem,parse_timeout,na,0,,,,,,,,,cached: parse exceeded 5000ms
serial,ITP/ITP290^2.p,TH1,Theorem,parse_timeout,na,0,,,,,,,,,cached: parse exceeded 5000ms
serial,ITP/ITP290^3.p,TH0,Theorem,parse_timeout,na,0,,,,,,,,,cached: parse exceeded 5000ms
serial,ITP/ITP290^4.p,TH1,Theorem,parse_timeout,na,0,,,,,,,,,cached: parse exceeded 5000ms
serial,ITP/ITP291^1.p,TH0,Theorem,parse_timeout,na,0,,,,,,,,,cached: parse exceeded 5000ms
serial,ITP/ITP291^2.p,TH1,Theorem,parse_timeout,na,0,,,,,,,,,cached: parse exceeded 5000ms
serial,ITP/ITP291^3.p,TH0,Theorem,parse_timeout,na,0,,,,,,,,,cached: parse exceeded 5000ms
serial,ITP/ITP291^4.p,TH1,Theorem,parse_timeout,na,0,,,,,,,,,cached: parse exceeded 5000ms
serial,ITP/ITP292^1.p,TH0,Theorem,parse_timeout,na,0,,,,,,,,,cached: parse exceeded 5000ms
serial,ITP/ITP292^2.p,TH1,Theorem,parse_timeout,na,0,,,,,,,,,cached: parse exceeded 5000ms
serial,ITP/ITP292^3.p,TH0,Theorem,parse_timeout,na,0,,,,,,,,,cached: parse exceeded 5000ms
serial,ITP/ITP292^4.p,TH1,Theorem,parse_timeout,na,0,,,,,,,,,cached: parse exceeded 5000ms
serial,ITP/ITP293^1.p,TH0,Theorem,parse_timeout,na,0,,,,,,,,,cached: parse exceeded 5000ms
serial,ITP/ITP293^2.p,TH1,Theorem,parse_timeout,na,0,,,,,,,,,cached: parse exceeded 5000ms
serial,ITP/ITP293^3.p,TH0,Theorem,parse_timeout,na,0,,,,,,,,,cached: parse exceeded 5000ms
serial,ITP/ITP293^4.p,TH1,Theorem,parse_timeout,na,0,,,,,,,,,cached: parse exceeded 5000ms
serial,ITP/ITP294^1.p,TH0,Theorem,parser_error,na,0,,,,,,,,,cached: Failed to parse formula 'fact_2079_Suc__0__xor__eq': [byte:706302] Type Error: Cannot unify strict function types of different arities.
serial,ITP/ITP294^2.p,TH1,Theorem,parse_timeout,na,0,,,,,,,,,cached: parse exceeded 5000ms
serial,ITP/ITP294^3.p,TH0,Theorem,parser_error,na,0,,,,,,,,,cached: Failed to parse formula 'fact_2079_Suc__0__xor__eq': [byte:706302] Type Error: Cannot unify strict function types of different arities.
serial,ITP/ITP294^4.p,TH1,Theorem,parse_timeout,na,0,,,,,,,,,cached: parse exceeded 5000ms
serial,ITP/ITP415^1.p,unknown,Theorem,parser_error,na,0,,,,,,,,,cached: Syntax Error: expected ' ' or ']' in !> binder  got [{:colon  ":"  1957}  {:atom  "nat"  1959}  {:rbracket  "]"  1962}  {:colon  ":"  1964}  {:lparen  "("  1966}  {:atom  "fin"  1968}  {:app  "@"  197
serial,ITP/ITP416^1.p,unknown,Theorem,parser_error,na,0,,,,,,,,,cached: Syntax Error: expected ' ' or ']' in !> binder  got [{:colon  ":"  1958}  {:atom  "nat"  1960}  {:rbracket  "]"  1963}  {:colon  ":"  1965}  {:lparen  "("  1967}  {:atom  "fin"  1969}  {:app  "@"  197
serial,ITP/ITP417^1.p,unknown,Theorem,parser_error,na,0,,,,,,,,,cached: Syntax Error: expected ' ' or ']' in !> binder  got [{:colon  ":"  1964}  {:atom  "nat"  1966}  {:rbracket  "]"  1969}  {:colon  ":"  1971}  {:lparen  "("  1973}  {:atom  "fin"  1975}  {:app  "@"  197
serial,KRS/KRS272^7.p,TH0,Theorem,timeout,na,2081,315,14,315,39,0,0,0,0,
serial,KRS/KRS273^7.p,TH0,CounterSatisfiable,timeout,na,2077,471,8,471,109,12,0,0,0,
serial,KRS/KRS274^7.p,TH0,CounterSatisfiable,timeout,na,2080,467,12,467,108,0,0,0,0,
serial,KRS/KRS275^7.p,TH0,Theorem,timeout,na,2086,860,12,860,165,12,0,0,0,
serial,KRS/KRS276^7.p,TH0,Theorem,timeout,na,2093,1105,24,1105,196,34,0,0,0,
serial,KRS/KRS277^7.p,TH0,CounterSatisfiable,timeout,na,2077,701,10,701,161,17,0,0,0,
serial,LCL/LCL181^4.p,TH0,CounterSatisfiable,timeout,na,2049,1113,24,1113,148,58,0,0,0,
serial,LCL/LCL230^4.p,TH0,CounterSatisfiable,timeout,na,2046,933,25,933,135,26,0,0,0,
serial,LCL/LCL414^7.p,TH0,Theorem,timeout,na,2077,358,20,358,32,0,0,0,0,
serial,LCL/LCL449^7.p,TH0,Theorem,timeout,na,2328,55,5,55,1,0,0,0,0,
serial,LCL/LCL450^7.p,TH0,Theorem,timeout,na,2322,40,4,40,1,0,0,0,0,
serial,LCL/LCL452^7.p,TH0,Theorem,timeout,na,2307,43,4,43,1,0,0,0,0,
serial,LCL/LCL454^7.p,TH0,Theorem,timeout,na,2299,46,4,46,1,0,0,0,0,
serial,LCL/LCL456^7.p,TH0,Theorem,timeout,na,2300,44,4,44,1,0,0,0,0,
serial,LCL/LCL460^7.p,TH0,Theorem,timeout,na,2302,46,4,46,1,0,0,0,0,
serial,LCL/LCL462^7.p,TH0,Theorem,timeout,na,2299,76,7,76,1,0,0,0,0,
serial,LCL/LCL464^7.p,TH0,Theorem,timeout,na,2298,54,5,54,1,0,0,0,0,
serial,LCL/LCL466^7.p,TH0,Theorem,timeout,na,2296,73,7,73,1,0,0,0,0,
serial,LCL/LCL467^7.p,TH0,Theorem,timeout,na,2296,44,4,44,1,0,0,0,0,
serial,LCL/LCL579^1.p,TH0,Theorem,thm,yes,24,12,0,12,2,0,0,1,1,
serial,LCL/LCL579^2.p,TH0,Theorem,thm,yes,20,10,0,10,2,0,0,1,1,
serial,LCL/LCL580^1.p,TH0,Theorem,thm,yes,19,4,0,4,1,1,0,0,0,
serial,LCL/LCL581^1.p,TH0,Theorem,thm,yes,22,3,0,3,1,1,0,0,0,
serial,LCL/LCL582^1.p,TH0,CounterSatisfiable,timeout,na,2079,2481,192,2481,463,9,0,0,0,
serial,LCL/LCL583^1.p,TH0,Theorem,thm,yes,23,4,0,4,1,1,0,0,0,
serial,LCL/LCL584^1.p,TH0,Theorem,timeout,na,2034,1004,42,1004,98,71,0,2,0,
serial,LCL/LCL585^1.p,TH0,Theorem,thm,yes,112,109,1,109,15,5,0,1,1,
serial,LCL/LCL586^1.p,TH0,Theorem,thm,yes,55,35,0,35,5,0,0,1,1,
serial,LCL/LCL587^1.p,TH0,Theorem,thm,yes,49,19,1,19,2,0,0,1,1,
serial,LCL/LCL588^1.p,TH0,Theorem,timeout,na,2022,287,3,287,31,33,0,2,0,
serial,LCL/LCL589^1.p,TH0,Theorem,thm,yes,48,21,1,21,5,0,0,1,1,
serial,LCL/LCL590^1.p,TH0,Theorem,thm,yes,53,30,1,30,7,0,0,1,1,
serial,LCL/LCL591^1.p,TH0,Theorem,thm,yes,29,12,1,12,1,0,0,1,1,
serial,LCL/LCL592^1.p,TH0,Theorem,thm,yes,71,35,2,35,7,0,0,1,1,
serial,LCL/LCL593^1.p,TH0,CounterSatisfiable,timeout,na,2081,2514,197,2514,468,9,0,0,0,
serial,LCL/LCL594^1.p,TH0,Theorem,thm,yes,102,12,0,12,2,0,0,1,1,
serial,LCL/LCL595^1.p,TH0,Theorem,timeout,na,2053,486,31,484,18,15,0,1,0,
serial,LCL/LCL596^1.p,TH0,CounterSatisfiable,timeout,na,2021,88,4,88,9,6,0,11,0,
serial,LCL/LCL597^1.p,TH0,Theorem,thm,yes,49,8,0,8,1,0,0,1,1,
serial,LCL/LCL598^1.p,TH0,CounterSatisfiable,timeout,na,2051,105,4,105,11,3,0,1,0,
serial,LCL/LCL599^1.p,TH0,CounterSatisfiable,timeout,na,2058,315,16,315,29,7,0,1,0,
serial,LCL/LCL600^1.p,TH0,Theorem,timeout,na,2059,316,15,316,28,9,0,1,0,
serial,LCL/LCL601^1.p,TH0,Theorem,timeout,na,2062,563,38,563,36,5,0,1,0,
serial,LCL/LCL602^1.p,TH0,Theorem,timeout,na,2058,278,14,278,30,2,0,0,0,
serial,LCL/LCL603^1.p,TH0,Theorem,timeout,na,2056,223,17,223,12,1,0,0,0,
serial,LCL/LCL604^1.p,TH0,Theorem,timeout,na,2094,1442,41,1442,261,20,0,1,0,
serial,LCL/LCL607^1.p,TH0,Theorem,thm,yes,60,33,0,33,6,3,0,1,1,
serial,LCL/LCL608^1.p,TH0,Theorem,thm,yes,33,19,1,19,2,0,0,1,1,
serial,LCL/LCL609^1.p,TH0,Theorem,thm,yes,25,12,1,12,1,0,0,1,1,
serial,LCL/LCL612^1.p,TH0,Theorem,thm,yes,35,19,1,19,2,0,0,1,1,
serial,LCL/LCL613^1.p,TH0,Theorem,thm,yes,50,18,1,18,3,0,0,1,1,
serial,LCL/LCL614^1.p,TH0,Theorem,thm,yes,38,8,0,8,1,1,0,0,0,
serial,LCL/LCL615^1.p,TH0,CounterSatisfiable,timeout,na,2082,2366,176,2366,432,9,0,0,0,
serial,LCL/LCL617^1.p,TH0,CounterSatisfiable,timeout,na,2088,2003,24,2003,385,107,0,0,0,
serial,LCL/LCL618^1.p,TH0,Theorem,timeout,na,2023,229,14,229,12,7,0,8,0,
serial,LCL/LCL619^1.p,TH0,Theorem,timeout,na,2030,511,43,511,19,1,0,0,0,
serial,LCL/LCL620^1.p,TH0,Theorem,thm,yes,37,6,0,6,1,1,0,0,0,
serial,LCL/LCL621^1.p,TH0,Theorem,timeout,na,2031,487,39,487,23,0,0,0,0,
serial,LCL/LCL623^1.p,TH0,Theorem,thm,yes,23,1,0,1,1,1,0,0,0,
serial,LCL/LCL624^1.p,TH0,Theorem,timeout,na,2094,2033,19,2033,428,108,0,0,0,
serial,LCL/LCL625^1.p,TH0,Theorem,timeout,na,2058,534,32,534,39,0,0,1,0,
serial,LCL/LCL626^1.p,TH0,Theorem,timeout,na,2062,338,14,338,27,14,0,4,0,
serial,LCL/LCL629^1.p,TH0,Theorem,timeout,na,2041,370,25,370,27,0,0,1,0,
serial,LCL/LCL630^1.p,TH0,CounterSatisfiable,timeout,na,2047,211,16,211,12,0,0,2,0,
serial,LCL/LCL631^1.p,TH0,CounterSatisfiable,timeout,na,2047,200,15,200,10,0,0,2,0,
serial,LCL/LCL632^1.p,TH0,Theorem,timeout,na,2052,218,16,218,12,0,0,2,0,
serial,LCL/LCL633^1.p,TH0,CounterSatisfiable,timeout,na,2036,420,14,420,33,18,0,1,0,
serial,LCL/LCL634^1.p,TH0,CounterSatisfiable,timeout,na,2037,769,16,769,75,24,0,1,0,
serial,LCL/LCL690^1.p,TH0,Theorem,timeout,na,2046,348,25,348,16,0,0,1,0,
serial,LCL/LCL691^1.p,TH0,Theorem,timeout,na,2044,351,26,351,15,0,0,1,0,
serial,LCL/LCL692^1.p,TH0,Theorem,timeout,na,2042,375,29,375,15,1,0,1,0,
serial,LCL/LCL695^1.p,TH0,Satisfiable,no_conjecture,na,22,,,,,,,,,
serial,LCL/LCL696^1.p,TH0,Satisfiable,no_conjecture,na,20,,,,,,,,,
serial,LCL/LCL697^1.p,TH0,Satisfiable,no_conjecture,na,19,,,,,,,,,
serial,LCL/LCL698^1.p,TH0,Satisfiable,no_conjecture,na,40,,,,,,,,,
serial,LCL/LCL699^1.p,TH0,Theorem,thm,yes,63,17,1,17,2,0,0,1,1,
serial,LCL/LCL700^1.p,TH0,Theorem,thm,yes,93,38,1,38,7,0,0,1,1,
serial,LCL/LCL701^1.p,TH0,Theorem,thm,yes,90,46,1,46,7,0,0,1,1,
serial,LCL/LCL702^1.p,TH0,Theorem,timeout,na,2089,1565,82,1565,214,50,0,5,0,
serial,LCL/LCL703^1.p,TH0,Theorem,timeout,na,2095,1574,57,1574,267,76,0,2,0,
serial,LCL/LCL704^1.p,TH0,Theorem,timeout,na,2072,1314,43,1314,122,152,0,0,0,
serial,LCL/LCL705^1.p,TH0,Theorem,timeout,na,2104,1573,23,1573,398,42,0,0,0,
serial,LCL/LCL706^1.p,TH0,Theorem,timeout,na,2083,1347,25,1347,199,21,0,1,0,
serial,LCL/LCL707^1.p,TH0,Theorem,timeout,na,2094,978,15,978,227,91,0,5,0,
serial,LCL/LCL708^1.p,TH0,Theorem,timeout,na,2086,1291,11,1291,282,9,0,1,0,
serial,LCL/LCL709^1.p,TH0,Theorem,thm,yes,247,28,0,28,4,0,0,1,1,
serial,LCL/LCL710^1.p,TH0,Theorem,thm,yes,1951,302,12,302,33,4,0,1,1,
serial,LCL/LCL711^1.p,TH0,Theorem,thm,yes,204,27,1,27,2,0,0,1,1,
serial,LCL/LCL712^1.p,TH0,Theorem,timeout,na,2052,215,6,215,13,14,0,1,0,
serial,LCL/LCL713^1.p,TH0,Theorem,timeout,na,2055,404,17,404,37,6,0,1,0,
serial,LCL/LCL714^1.p,TH0,Theorem,timeout,na,2053,148,3,148,13,6,0,1,0,
serial,LCL/LCL715^1.p,TH0,Theorem,timeout,na,2055,433,15,433,27,11,0,1,0,
serial,LCL/LCL716^1.p,TH0,Theorem,timeout,na,2050,249,7,249,20,8,0,7,0,
serial,LCL/LCL717^1.p,TH0,Theorem,timeout,na,2054,117,5,117,13,0,0,1,0,
serial,LCL/LCL718^1.p,TH0,Theorem,timeout,na,2053,282,8,282,37,0,0,1,0,
serial,LCL/LCL719^1.p,TH0,Theorem,thm,yes,63,26,1,26,3,0,0,1,1,
serial,LCL/LCL720^1.p,TH0,Theorem,timeout,na,2081,1375,24,1375,192,46,0,0,0,
serial,LCL/LCL721^1.p,TH0,Theorem,timeout,na,2067,991,4,991,82,90,0,2,0,
serial,LCL/LCL722^1.p,TH0,Theorem,thm,yes,110,82,1,82,11,1,0,1,1,
serial,LCL/LCL723^1.p,TH0,Theorem,timeout,na,2099,2213,22,2213,289,72,0,0,0,
serial,LCL/LCL724^1.p,TH0,Theorem,timeout,na,2080,1716,18,1716,209,67,0,0,0,
serial,LCL/LCL725^1.p,TH0,Theorem,timeout,na,2085,1607,36,1607,237,40,0,0,0,
serial,LCL/LCL726^5.p,TH0,Theorem,timeout,na,2007,20,0,20,3,0,0,0,0,
serial,LCL/LCL727^5.p,TH0,Theorem,timeout,na,2010,313,23,313,14,4,0,2,0,
serial,LCL/LCL728^5.p,TH0,Theorem,timeout,na,2008,20,0,20,3,0,0,0,0,
serial,LCL/LCL729^5.p,TH0,Theorem,timeout,na,2007,34,1,34,5,0,0,0,0,
serial,LCL/LCL730^5.p,TH0,Theorem,timeout,na,2006,86,4,86,3,2,0,2,0,
serial,LCL/LCL731^5.p,TH0,Theorem,timeout,na,2006,31,1,31,5,0,0,0,0,
serial,LCL/LCL732^5.p,TH0,Theorem,thm,yes,11,10,0,10,1,1,0,0,0,
serial,LCL/LCL733^5.p,TH0,Theorem,thm,yes,131,16,0,16,2,1,0,1,1,
serial,LCL/LCL734^5.p,TH0,Theorem,timeout,na,2009,191,9,191,12,4,0,1,0,
serial,LCL/LCL735^5.p,TH0,Theorem,timeout,na,2013,159,6,159,12,2,0,0,0,
serial,LCL/LCL736^5.p,TH0,Theorem,timeout,na,2011,156,8,156,9,2,0,0,0,
serial,LCL/LCL738^5.p,TH0,Theorem,timeout,na,2017,391,20,391,34,0,0,0,0,
serial,LCL/LCL739^5.p,TH0,Theorem,timeout,na,2011,117,8,117,6,1,0,1,0,
serial,LCL/LCL740^5.p,TH0,Theorem,timeout,na,2012,117,8,117,6,1,0,1,0,
serial,LCL/LCL741^5.p,TH0,Theorem,timeout,na,2013,181,11,181,12,2,0,0,0,
serial,LCL/LCL742^5.p,TH0,Theorem,timeout,na,2015,706,24,706,71,5,0,4,0,
serial,LCL/LCL743^5.p,TH0,CounterSatisfiable,timeout,na,2017,1015,45,1015,74,3,0,8,0,
serial,LCL/LCL859^1.p,TH0,Theorem,timeout,na,2105,1762,49,1762,254,217,0,4,0,
serial,LCL/LCL860^1.p,TH0,Theorem,timeout,na,2098,1781,64,1781,377,41,0,1,0,
serial,LCL/LCL861^1.p,TH0,Theorem,timeout,na,2135,1771,11,1771,485,186,0,3,0,
serial,LCL/LCL862^1.p,TH0,Theorem,timeout,na,2107,1604,33,1604,397,38,0,1,0,
serial,LCL/LCL863^1.p,TH0,Theorem,timeout,na,2097,1618,29,1618,379,17,0,1,0,
serial,LCL/LCL864^1.p,TH0,Theorem,timeout,na,2108,1604,43,1604,405,5,0,1,0,
serial,LCL/LCL865^1.p,TH0,Theorem,timeout,na,2094,1726,63,1726,334,37,0,1,0,
serial,LCL/LCL866^1.p,TH0,Theorem,timeout,na,2110,1628,56,1628,404,40,0,3,0,
serial,LCL/LCL867^1.p,TH0,Theorem,timeout,na,2114,1563,28,1563,443,12,0,1,0,
serial,LCL/LCL868^1.p,TH0,Theorem,timeout,na,2122,1137,15,1137,386,22,0,3,0,
serial,LCL/LCL869^1.p,TH0,CounterSatisfiable,timeout,na,2098,1260,30,1260,283,77,0,4,0,
serial,LCL/LCL872^1.p,TH0,Theorem,timeout,na,2068,272,9,272,36,1,0,0,0,
serial,LCL/LCL873^1.p,TH0,Theorem,timeout,na,2118,700,11,700,196,0,0,0,0,
serial,LCL/LCL874^1.p,TH0,Theorem,timeout,na,2069,158,8,158,11,0,0,8,0,
serial,LCL/LCL877^1.p,TH0,Theorem,timeout,na,2068,298,10,298,37,6,0,0,0,
serial,LCL/LCL877^2.p,TH0,Theorem,timeout,na,2074,325,8,325,53,6,0,1,0,
serial,LCL/LCL878^1.p,TH0,Theorem,timeout,na,2066,362,11,362,36,21,0,1,0,
serial,LCL/LCL879^1.p,TH0,Theorem,timeout,na,2068,229,8,229,28,5,0,1,0,
serial,LCL/LCL880^1.p,TH0,Theorem,timeout,na,2063,431,11,431,74,6,0,1,0,
serial,LCL/LCL881^1.p,TH0,Theorem,timeout,na,2125,243,13,243,15,1,0,2,0,
serial,LCL/LCL916^1.p,TH0,Satisfiable,no_conjecture,na,15,,,,,,,,,
serial,LCL/LCL917^1.p,TH0,Satisfiable,no_conjecture,na,32,,,,,,,,,
serial,LCL/LCL918^1.p,TH0,Satisfiable,no_conjecture,na,41,,,,,,,,,
serial,LCL/LCL919^1.p,TH0,Satisfiable,no_conjecture,na,41,,,,,,,,,
serial,LCL/LCL920^1.p,TH0,Satisfiable,no_conjecture,na,42,,,,,,,,,
serial,LCL/LCL921^1.p,TH0,Satisfiable,no_conjecture,na,42,,,,,,,,,
serial,LCL/LCL922^1.p,TH0,Satisfiable,no_conjecture,na,43,,,,,,,,,
serial,LCL/LCL923^1.p,TH0,Satisfiable,no_conjecture,na,44,,,,,,,,,
serial,LCL/LCL924^1.p,TH0,Satisfiable,no_conjecture,na,49,,,,,,,,,
serial,LCL/LCL925^1.p,TH0,Satisfiable,no_conjecture,na,53,,,,,,,,,
serial,LCL/LCL930^1.p,TH0,Satisfiable,no_conjecture,na,27,,,,,,,,,
serial,LCL/LCL931^1.p,TH0,Unknown,timeout,na,2828,0,0,0,1,0,0,0,0,
serial,LCL/LCL932^1.p,TH0,Unknown,timeout,na,2821,0,0,0,1,0,0,0,0,
serial,LCL/LCL933^1.p,TH0,Unknown,timeout,na,2771,0,0,0,1,0,0,0,0,
serial,LCL/LCL934^1.p,TH0,Unknown,timeout,na,2772,0,0,0,1,0,0,0,0,
serial,LCL/LCL935^1.p,TH0,Unknown,timeout,na,2884,0,0,0,1,0,0,0,0,
serial,LCL/LCL936^1.p,TH0,Unknown,timeout,na,2781,0,0,0,1,0,0,0,0,
serial,LCL/LCL937^1.p,TH0,Unknown,timeout,na,2833,0,0,0,1,0,0,0,0,
serial,LCL/LCL938^1.p,TH0,Unknown,timeout,na,2839,0,0,0,1,0,0,0,0,
serial,LCL/LCL939^1.p,TH0,Unknown,timeout,na,2832,0,0,0,1,0,0,0,0,
serial,LCL/LCL940^1.p,TH0,Unknown,timeout,na,2863,0,0,0,1,0,0,0,0,
serial,LCL/LCL941^3.p,TH0,CounterSatisfiable,timeout,na,2906,0,0,0,1,0,0,0,0,
serial,LCL/LCL941^5.p,TH0,Theorem,timeout,na,2882,0,0,0,1,0,0,0,0,
serial,LCL/LCL942^2.p,TH0,Theorem,timeout,na,2876,0,0,0,1,0,0,0,0,
serial,LCL/LCL943^24.p,TH0,Theorem,timeout,na,2032,781,9,781,127,8,0,0,0,
serial,LCL/LCL944^8.p,TH0,Theorem,timeout,na,2270,68,6,68,1,0,0,0,0,
serial,LCL/LCL945^9.p,TH0,Theorem,timeout,na,2137,58,4,58,3,0,0,0,0,
serial,LCL/LCL946^10.p,TH0,Theorem,timeout,na,2585,62,6,62,2,0,0,0,0,
serial,LCL/LCL947^10.p,TH0,Theorem,timeout,na,2119,281,20,281,19,0,0,0,0,
serial,LCL/LCL948^10.p,TH0,CounterSatisfiable,timeout,na,2207,233,17,233,13,0,0,0,0,
serial,LCL/LCL949^4.p,TH0,Theorem,timeout,na,2432,171,17,171,1,0,0,0,0,
serial,LCL/LCL950^17.p,TH0,Theorem,timeout,na,2054,439,16,439,90,0,0,0,0,
serial,LCL/LCL951^24.p,TH0,Theorem,thm,yes,85,1,0,1,1,1,0,0,0,
serial,LCL/LCL952^12.p,TH0,Theorem,thm,yes,77,1,0,1,1,1,0,0,0,
serial,LCL/LCL953^8.p,TH0,Theorem,thm,yes,34,1,0,1,1,1,0,0,0,
serial,LCL/LCL954^19.p,TH0,Theorem,timeout,na,2856,71,7,71,1,0,0,0,0,
serial,LCL/LCL955^24.p,TH0,Theorem,timeout,na,2886,69,6,69,1,0,0,0,0,
serial,LCL/LCL956^18.p,TH0,Theorem,timeout,na,2084,1517,7,1517,436,7,0,0,0,
serial,LCL/LCL957^6.p,TH0,Theorem,timeout,na,2022,725,55,725,26,4,0,1,0,
serial,LCL/LCL958^18.p,TH0,Theorem,timeout,na,2033,739,40,739,69,2,0,1,0,
serial,LCL/LCL959^24.p,TH0,Theorem,timeout,na,2052,1128,23,1128,202,0,0,0,0,
serial,LCL/LCL960^12.p,TH0,Theorem,timeout,na,2029,147,2,147,21,0,0,0,0,
serial,LCL/LCL961^1.p,TH0,CounterSatisfiable,timeout,na,2045,1677,15,1677,233,47,0,0,0,
serial,LCL/LCL961^11.p,TH0,Theorem,timeout,na,2039,1224,12,1224,158,43,0,0,0,
serial,LCL/LCL962^16.p,TH0,Theorem,timeout,na,2047,1360,15,1360,172,55,0,0,0,
serial,LCL/LCL963^3.p,TH0,CounterSatisfiable,timeout,na,2268,85,8,85,1,0,0,0,0,
serial,LCL/LCL964^3.p,TH0,CounterSatisfiable,timeout,na,2264,96,9,96,1,0,0,0,0,
serial,LCL/LCL965^15.p,TH0,CounterSatisfiable,timeout,na,2048,375,11,375,66,0,0,0,0,
serial,LCL/LCL966^9.p,TH0,CounterSatisfiable,timeout,na,2092,307,24,307,17,0,0,0,0,
serial,LCL/LCL967^3.p,TH0,CounterSatisfiable,timeout,na,2862,71,7,71,1,0,0,0,0,
serial,LCL/LCL968^3.p,TH0,CounterSatisfiable,timeout,na,2880,64,6,64,1,0,0,0,0,
serial,LCL/LCL969^9.p,TH0,CounterSatisfiable,timeout,na,2038,981,5,981,139,33,0,0,0,
serial,LCL/LCL970^15.p,TH0,CounterSatisfiable,timeout,na,2034,668,35,668,72,4,0,0,0,
serial,LIN/LIN001^1.p,TH1,Theorem,parse_timeout,na,0,,,,,,,,,cached: parse exceeded 5000ms
serial,LIN/LIN002^1.p,TH1,Theorem,parse_timeout,na,0,,,,,,,,,cached: parse exceeded 5000ms
serial,LIN/LIN003^1.p,TH1,Theorem,parse_timeout,na,0,,,,,,,,,cached: parse exceeded 5000ms
serial,LIN/LIN004^1.p,TH1,Theorem,parse_timeout,na,0,,,,,,,,,cached: parse exceeded 5000ms
serial,LIN/LIN005^1.p,TH1,Theorem,parse_timeout,na,0,,,,,,,,,cached: parse exceeded 5000ms
serial,LIN/LIN006^1.p,TH1,Theorem,parse_timeout,na,0,,,,,,,,,cached: parse exceeded 5000ms
serial,LIN/LIN007^1.p,TH1,Theorem,parse_timeout,na,0,,,,,,,,,cached: parse exceeded 5000ms
serial,LIN/LIN008^1.p,TH1,Theorem,parse_timeout,na,0,,,,,,,,,cached: parse exceeded 5000ms
serial,LIN/LIN009^1.p,TH1,Theorem,parse_timeout,na,0,,,,,,,,,cached: parse exceeded 5000ms
serial,LIN/LIN010^1.p,TH1,Theorem,parse_timeout,na,0,,,,,,,,,cached: parse exceeded 5000ms
serial,LIN/LIN011^1.p,TH1,Theorem,parse_timeout,na,0,,,,,,,,,cached: parse exceeded 5000ms
serial,LIN/LIN012^1.p,TH1,Theorem,parse_timeout,na,0,,,,,,,,,cached: parse exceeded 5000ms
serial,LIN/LIN013^1.p,TH1,Theorem,parse_timeout,na,0,,,,,,,,,cached: parse exceeded 5000ms
serial,LIN/LIN014^1.p,TH1,Theorem,parse_timeout,na,0,,,,,,,,,cached: parse exceeded 5000ms
serial,LIN/LIN015^1.p,TH1,Theorem,parse_timeout,na,0,,,,,,,,,cached: parse exceeded 5000ms
serial,MSC/MSC020^5.p,TH0,Theorem,timeout,na,2012,348,22,348,30,0,0,4,0,
serial,MSC/MSC021^5.p,TH0,Theorem,timeout,na,2013,270,16,270,22,0,0,4,0,
serial,MSC/MSC025^1.p,TH0,Theorem,parser_error,na,0,,,,,,,,,cached: Failed to parse formula 'goal': [byte:1641] Type Error: Cannot unify strict function types of different arities.
serial,MSC/MSC025^2.p,TH0,Theorem,parser_error,na,0,,,,,,,,,cached: Failed to parse formula 'goal': [byte:2175] Type Error: Cannot unify strict function types of different arities.
serial,MSC/MSC029^1.p,TH1,Theorem,parse_timeout,na,0,,,,,,,,,cached: parse exceeded 5000ms
serial,MSC/MSC030^1.p,TH1,Theorem,parse_timeout,na,0,,,,,,,,,cached: parse exceeded 5000ms
serial,MSC/MSC031^1.p,TH1,Theorem,parse_timeout,na,0,,,,,,,,,cached: parse exceeded 5000ms
serial,MSC/MSC032^1.p,TH1,Theorem,parse_timeout,na,0,,,,,,,,,cached: parse exceeded 5000ms
serial,MSC/MSC033^1.p,TH1,Theorem,parse_timeout,na,0,,,,,,,,,cached: parse exceeded 5000ms
serial,NLP/NLP001^17.p,TH0,Theorem,timeout,na,2110,174,13,174,19,0,0,0,0,
serial,NLP/NLP001^3.p,TH0,Theorem,timeout,na,2104,185,11,185,14,7,0,0,0,
serial,NLP/NLP001^7.p,TH0,Theorem,timeout,na,2138,105,9,105,3,0,0,0,0,
serial,NLP/NLP002^7.p,TH0,CounterSatisfiable,timeout,na,2217,374,33,374,11,0,0,0,0,
serial,NLP/NLP003^7.p,TH0,CounterSatisfiable,timeout,na,2211,351,31,351,9,0,0,0,0,
serial,NLP/NLP004^12.p,TH0,Theorem,timeout,na,2518,62,5,62,2,0,0,0,0,
serial,NLP/NLP004^13.p,TH0,Theorem,timeout,na,2521,62,5,62,2,0,0,0,0,
serial,NLP/NLP004^7.p,TH0,Theorem,timeout,na,2545,0,0,0,1,0,0,0,0,
serial,NLP/NLP004^8.p,TH0,Theorem,timeout,na,2516,61,5,61,2,0,0,0,0,
serial,NLP/NLP005^7.p,TH0,CounterSatisfiable,timeout,na,2513,0,0,0,1,0,0,0,0,
serial,NLP/NLP006^7.p,TH0,CounterSatisfiable,timeout,na,2684,0,0,0,1,0,0,0,0,
serial,NLP/NLP007^7.p,TH0,Theorem,timeout,na,2725,0,0,0,1,0,0,0,0,
serial,NLP/NLP008^7.p,TH0,CounterSatisfiable,timeout,na,2670,0,0,0,1,0,0,0,0,
serial,NLP/NLP009^7.p,TH0,Theorem,timeout,na,2603,0,0,0,1,0,0,0,0,
serial,NLP/NLP011^7.p,TH0,Theorem,timeout,na,2720,0,0,0,1,0,0,0,0,
serial,NLP/NLP264^7.p,TH0,Theorem,timeout,na,2072,729,32,729,90,12,0,0,0,
serial,NLP/NLP265^17.p,TH0,ContradictoryAxioms,timeout,na,2063,561,3,561,238,0,0,0,0,
serial,NLP/NLP265^18.p,TH0,Theorem,timeout,na,2039,649,11,649,83,25,0,0,0,
serial,NLP/NLP266^12.p,TH0,CounterSatisfiable,timeout,na,2046,394,9,394,64,0,0,0,0,
serial,NLP/NLP266^23.p,TH0,Theorem,timeout,na,2065,542,9,542,147,0,0,0,0,
serial,NLP/NLP266^3.p,TH0,CounterSatisfiable,timeout,na,2055,780,4,780,156,0,0,0,0,
serial,NLP/NLP266^4.p,TH0,Theorem,timeout,na,2059,823,13,823,158,0,0,0,0,
serial,NLP/NLP267^1.p,TH0,Theorem,timeout,na,2023,627,23,627,50,37,0,0,0,
serial,NLP/NLP267^17.p,TH0,Theorem,timeout,na,2040,655,20,655,89,20,0,0,0,
serial,NLP/NLP267^18.p,TH0,Theorem,timeout,na,2033,526,12,526,48,25,0,0,0,
serial,NLP/NLP267^2.p,TH0,Theorem,timeout,na,2028,562,13,562,60,22,0,0,0,
serial,NLP/NLP267^3.p,TH0,Theorem,timeout,na,2032,659,22,659,124,10,0,0,0,
serial,NLP/NLP267^4.p,TH0,Theorem,timeout,na,2030,671,23,671,74,50,0,0,0,
serial,NLP/NLP267^5.p,TH0,Theorem,timeout,na,2036,873,24,873,103,80,0,0,0,
serial,NUM/NUM016^5.p,TH0,Theorem,timeout,na,2105,1854,5,1854,570,128,0,1,0,
serial,NUM/NUM020^1.p,TH0,Theorem,timeout,na,2020,13,0,13,2,0,0,0,0,
serial,NUM/NUM021^1.p,TH0,Theorem,timeout,na,2027,28,1,28,4,0,0,0,0,
serial,NUM/NUM415^1.p,TH0,Theorem,thm,yes,117,13,0,13,2,2,0,0,0,
serial,NUM/NUM416^1.p,TH0,Theorem,timeout,na,2024,6,0,6,2,0,0,0,0,
serial,NUM/NUM417^1.p,TH0,Theorem,timeout,na,2025,6,0,6,2,0,0,0,0,
serial,NUM/NUM418^1.p,TH0,Theorem,timeout,na,2020,13,0,13,2,0,0,0,0,
serial,NUM/NUM419^1.p,TH0,Theorem,timeout,na,2024,13,0,13,2,0,0,0,0,
serial,NUM/NUM635^1.p,TH0,Theorem,timeout,na,2012,753,28,753,64,10,0,3,0,
serial,NUM/NUM635^2.p,TH0,Theorem,timeout,na,2022,774,30,774,98,0,0,1,0,
serial,NUM/NUM635^4.p,TH0,Theorem,timeout,na,2217,188,18,188,1,0,0,0,0,
serial,NUM/NUM636^1.p,TH0,Theorem,timeout,na,2022,680,45,680,74,0,0,1,0,
serial,NUM/NUM636^2.p,TH0,Theorem,timeout,na,2018,750,27,750,85,2,0,1,0,
serial,NUM/NUM636^3.p,TH0,Theorem,timeout,na,2022,802,30,802,102,0,0,1,0,
serial,NUM/NUM636^4.p,TH0,Theorem,timeout,na,2217,186,18,186,1,0,0,0,0,
serial,NUM/NUM637^1.p,TH0,Theorem,timeout,na,2018,744,50,744,45,0,0,1,0,
serial,NUM/NUM637^2.p,TH0,Theorem,timeout,na,2021,819,32,819,102,0,0,1,0,
serial,NUM/NUM637^4.p,TH0,Theorem,timeout,na,2217,167,16,167,1,0,0,0,0,
serial,NUM/NUM638^1.p,TH0,Theorem,timeout,na,2018,974,29,974,114,14,0,0,0,
serial,NUM/NUM638^4.p,TH0,Theorem,timeout,na,2216,94,8,94,2,0,0,0,0,
serial,NUM/NUM639^1.p,TH0,Theorem,timeout,na,2003,71,4,71,6,3,0,2,0,
serial,NUM/NUM639^4.p,TH0,Theorem,timeout,na,2236,13,1,13,1,0,0,0,0,
serial,NUM/NUM640^1.p,TH0,Theorem,timeout,na,2003,73,4,73,6,3,0,2,0,
serial,NUM/NUM640^4.p,TH0,Theorem,timeout,na,2246,7,0,7,1,0,0,0,0,
serial,NUM/NUM641^1.p,TH0,Theorem,timeout,na,2004,71,4,71,6,3,0,2,0,
serial,NUM/NUM641^4.p,TH0,Theorem,timeout,na,2252,14,1,14,1,0,0,0,0,
serial,NUM/NUM642^1.p,TH0,Theorem,timeout,na,2004,73,4,73,6,3,0,1,0,
serial,NUM/NUM642^4.p,TH0,Theorem,timeout,na,2277,0,0,0,1,0,0,0,0,
serial,NUM/NUM643^1.p,TH0,Theorem,timeout,na,2018,604,42,604,39,0,0,1,0,
serial,NUM/NUM643^4.p,TH0,Theorem,timeout,na,2256,0,0,0,1,0,0,0,0,
serial,NUM/NUM644^1.p,TH0,Theorem,timeout,na,2020,700,49,700,46,0,0,1,0,
serial,NUM/NUM644^4.p,TH0,Theorem,timeout,na,2248,12,1,12,1,0,0,0,0,
serial,NUM/NUM645^1.p,TH0,Theorem,timeout,na,2022,720,45,720,72,0,0,1,0,
serial,NUM/NUM645^4.p,TH0,Theorem,timeout,na,2244,12,1,12,1,0,0,0,0,
serial,NUM/NUM646^1.p,TH0,Theorem,timeout,na,2023,694,44,694,71,0,0,1,0,
serial,NUM/NUM646^4.p,TH0,Theorem,timeout,na,2253,12,1,12,1,0,0,0,0,
serial,NUM/NUM647^1.p,TH0,Theorem,timeout,na,2007,174,4,174,15,10,0,2,0,
serial,NUM/NUM647^4.p,TH0,Theorem,timeout,na,2247,12,1,12,1,0,0,0,0,
serial,NUM/NUM648^1.p,TH0,Theorem,timeout,na,2013,656,26,656,67,8,0,1,0,
serial,NUM/NUM648^4.p,TH0,Theorem,timeout,na,2249,12,1,12,1,0,0,0,0,
serial,NUM/NUM649^1.p,TH0,Theorem,timeout,na,2032,814,47,814,73,2,0,1,0,
serial,NUM/NUM649^4.p,TH0,Theorem,timeout,na,2268,12,1,12,1,0,0,0,0,
serial,NUM/NUM650^1.p,TH0,Theorem,timeout,na,2022,668,44,668,46,0,0,1,0,
serial,NUM/NUM650^4.p,TH0,Theorem,timeout,na,2267,12,1,12,1,0,0,0,0,
serial,NUM/NUM651^1.p,TH0,Theorem,timeout,na,2019,725,37,725,54,10,0,1,0,
serial,NUM/NUM651^4.p,TH0,Theorem,timeout,na,2254,12,1,12,1,0,0,0,0,
serial,NUM/NUM652^1.p,TH0,Theorem,timeout,na,2019,1050,40,1050,100,30,0,0,0,
serial,NUM/NUM652^4.p,TH0,Theorem,timeout,na,2270,10,1,10,1,0,0,0,0,
serial,NUM/NUM653^1.p,TH0,Theorem,timeout,na,2020,1108,42,1108,103,30,0,0,0,
serial,NUM/NUM653^4.p,TH0,Theorem,timeout,na,2267,8,0,8,1,0,0,0,0,
serial,NUM/NUM654^1.p,TH0,Theorem,timeout,na,2020,1055,40,1055,96,28,0,1,0,
serial,NUM/NUM654^4.p,TH0,Theorem,timeout,na,2278,11,1,11,1,0,0,0,0,
serial,NUM/NUM655^1.p,TH0,Theorem,timeout,na,2016,996,37,996,92,28,0,1,0,
serial,NUM/NUM655^4.p,TH0,Theorem,timeout,na,2268,11,1,11,1,0,0,0,0,
serial,NUM/NUM656^1.p,TH0,Theorem,timeout,na,2019,1054,41,1054,93,36,0,0,0,
serial,NUM/NUM656^4.p,TH0,Theorem,timeout,na,2267,11,1,11,1,0,0,0,0,
serial,NUM/NUM657^1.p,TH0,Theorem,timeout,na,2018,1113,39,1113,101,36,0,0,0,
serial,NUM/NUM657^4.p,TH0,Theorem,timeout,na,2271,10,1,10,1,0,0,0,0,
serial,NUM/NUM658^1.p,TH0,Theorem,timeout,na,2018,1063,40,1063,99,28,0,1,0,
serial,NUM/NUM658^4.p,TH0,Theorem,timeout,na,2272,10,1,10,1,0,0,0,0,
serial,NUM/NUM659^1.p,TH0,Theorem,timeout,na,2018,1067,40,1067,99,28,0,1,0,
serial,NUM/NUM659^4.p,TH0,Theorem,timeout,na,2273,11,1,11,1,0,0,0,0,
serial,NUM/NUM660^1.p,TH0,Theorem,timeout,na,2004,212,1,212,24,23,0,2,0,
serial,NUM/NUM660^4.p,TH0,Theorem,timeout,na,2265,12,1,12,1,0,0,0,0,
serial,NUM/NUM662^1.p,TH0,Theorem,timeout,na,2014,673,43,673,52,9,0,3,0,
serial,NUM/NUM662^4.p,TH0,Theorem,timeout,na,2277,12,1,12,1,0,0,0,0,
serial,NUM/NUM663^1.p,TH0,Theorem,thm,yes,466,393,1,393,99,57,0,3,1,
serial,NUM/NUM663^4.p,TH0,Theorem,timeout,na,2278,6,0,6,1,0,0,0,0,
serial,NUM/NUM664^1.p,TH0,Theorem,thm,yes,62,43,1,43,6,1,0,3,1,
serial,NUM/NUM664^4.p,TH0,Theorem,timeout,na,2285,8,0,8,1,0,0,0,0,
serial,NUM/NUM665^1.p,TH0,Theorem,timeout,na,2049,2339,34,2339,258,126,0,0,0,
serial,NUM/NUM665^4.p,TH0,Theorem,timeout,na,2278,10,1,10,1,0,0,0,0,
serial,NUM/NUM666^1.p,TH0,Theorem,timeout,na,2031,1634,80,1634,165,56,0,0,0,
serial,NUM/NUM666^4.p,TH0,Theorem,timeout,na,2279,2,0,2,1,0,0,0,0,
serial,NUM/NUM667^1.p,TH0,Theorem,timeout,na,2043,1092,12,1092,281,43,0,0,0,
serial,NUM/NUM667^4.p,TH0,Theorem,timeout,na,2289,12,1,12,1,0,0,0,0,
serial,NUM/NUM668^1.p,TH0,Theorem,thm,yes,13,11,0,11,2,0,0,1,1,
serial,NUM/NUM668^4.p,TH0,Theorem,timeout,na,2285,0,0,0,1,0,0,0,0,
serial,NUM/NUM669^1.p,TH0,Theorem,thm,yes,66,27,2,27,2,0,0,1,1,
serial,NUM/NUM669^4.p,TH0,Theorem,timeout,na,2289,12,1,12,1,0,0,0,0,
serial,NUM/NUM670^1.p,TH0,Theorem,timeout,na,2012,586,31,586,39,4,0,3,0,
serial,NUM/NUM670^4.p,TH0,Theorem,timeout,na,2292,0,0,0,1,0,0,0,0,
serial,NUM/NUM671^1.p,TH0,Theorem,thm,yes,4,3,0,3,1,1,0,0,0,
serial,NUM/NUM671^4.p,TH0,Theorem,timeout,na,2292,12,1,12,1,0,0,0,0,
serial,NUM/NUM672^1.p,TH0,Theorem,timeout,na,2056,1665,14,1665,486,10,0,3,0,
serial,NUM/NUM672^4.p,TH0,Theorem,timeout,na,2292,0,0,0,1,0,0,0,0,
serial,NUM/NUM673^1.p,TH0,Theorem,timeout,na,2009,588,33,588,39,3,0,6,0,
serial,NUM/NUM673^4.p,TH0,Theorem,timeout,na,2292,0,0,0,1,0,0,0,0,
serial,NUM/NUM674^1.p,TH0,Theorem,thm,yes,4,3,0,3,1,1,0,0,0,
serial,NUM/NUM674^4.p,TH0,Theorem,timeout,na,2294,12,1,12,1,0,0,0,0,
serial,NUM/NUM676^1.p,TH0,Theorem,thm,yes,20,16,1,16,2,0,0,1,1,
serial,NUM/NUM676^4.p,TH0,Theorem,timeout,na,2304,0,0,0,1,0,0,0,0,
serial,NUM/NUM677^1.p,TH0,Theorem,timeout,na,2012,720,32,720,55,7,0,1,0,
serial,NUM/NUM677^4.p,TH0,Theorem,timeout,na,2302,0,0,0,1,0,0,0,0,
serial,NUM/NUM680^1.p,TH0,Theorem,timeout,na,2024,758,30,758,112,15,0,1,0,
serial,NUM/NUM680^4.p,TH0,Theorem,timeout,na,2319,0,0,0,1,0,0,0,0,
serial,NUM/NUM681^1.p,TH0,Theorem,timeout,na,2029,1119,39,1119,161,17,0,0,0,
serial,NUM/NUM681^4.p,TH0,Theorem,timeout,na,2317,10,1,10,1,0,0,0,0,
serial,NUM/NUM682^1.p,TH0,Theorem,timeout,na,2022,835,33,835,119,15,0,0,0,
serial,NUM/NUM682^4.p,TH0,Theorem,timeout,na,2324,0,0,0,1,0,0,0,0,
serial,NUM/NUM683^1.p,TH0,Theorem,timeout,na,2010,602,37,602,36,6,0,6,0,
serial,NUM/NUM683^4.p,TH0,Theorem,timeout,na,2324,0,0,0,1,0,0,0,0,
serial,NUM/NUM684^1.p,TH0,Theorem,timeout,na,2011,686,27,686,50,11,0,1,0,
serial,NUM/NUM684^4.p,TH0,Theorem,timeout,na,2349,7,0,7,1,0,0,0,0,
serial,NUM/NUM686^1.p,TH0,Theorem,timeout,na,2017,745,41,745,56,9,0,0,0,
serial,NUM/NUM686^4.p,TH0,Theorem,timeout,na,2332,0,0,0,1,0,0,0,0,
serial,NUM/NUM687^1.p,TH0,Theorem,timeout,na,2021,766,30,766,88,3,0,1,0,
serial,NUM/NUM687^4.p,TH0,Theorem,timeout,na,2332,0,0,0,1,0,0,0,0,
serial,NUM/NUM688^1.p,TH0,Theorem,timeout,na,2020,776,31,776,101,9,0,1,0,
serial,NUM/NUM688^4.p,TH0,Theorem,timeout,na,2340,0,0,0,1,0,0,0,0,
serial,NUM/NUM689^1.p,TH0,Theorem,timeout,na,2027,1426,34,1426,176,35,0,0,0,
serial,NUM/NUM689^4.p,TH0,Theorem,timeout,na,2340,0,0,0,1,0,0,0,0,
serial,NUM/NUM690^1.p,TH0,Theorem,timeout,na,2027,1293,56,1293,146,66,0,0,0,
serial,NUM/NUM690^4.p,TH0,Theorem,timeout,na,2340,0,0,0,1,0,0,0,0,
serial,NUM/NUM691^1.p,TH0,Theorem,timeout,na,2023,619,12,619,128,14,0,0,0,
serial,NUM/NUM691^4.p,TH0,Theorem,timeout,na,2348,0,0,0,1,0,0,0,0,
serial,NUM/NUM692^1.p,TH0,Theorem,timeout,na,2032,1240,42,1240,240,13,0,2,0,
serial,NUM/NUM692^4.p,TH0,Theorem,timeout,na,2348,0,0,0,1,0,0,0,0,
serial,NUM/NUM693^1.p,TH0,Theorem,timeout,na,2010,743,37,743,51,7,0,1,0,
serial,NUM/NUM693^4.p,TH0,Theorem,timeout,na,2351,12,1,12,1,0,0,0,0,
serial,NUM/NUM694^1.p,TH0,Theorem,thm,yes,10,12,0,12,2,0,0,1,1,
serial,NUM/NUM694^4.p,TH0,Theorem,timeout,na,2353,0,0,0,1,0,0,0,0,
serial,NUM/NUM695^1.p,TH0,Theorem,timeout,na,2013,754,33,754,55,10,0,1,0,
serial,NUM/NUM695^4.p,TH0,Theorem,timeout,na,2350,0,0,0,1,0,0,0,0,
serial,NUM/NUM696^1.p,TH0,Theorem,timeout,na,2020,770,33,770,68,9,0,1,0,
serial,NUM/NUM696^4.p,TH0,Theorem,timeout,na,2353,0,0,0,1,0,0,0,0,
serial,NUM/NUM697^1.p,TH0,Theorem,timeout,na,2009,726,36,726,52,5,0,1,0,
serial,NUM/NUM697^4.p,TH0,Theorem,timeout,na,2352,0,0,0,1,0,0,0,0,
serial,NUM/NUM698^1.p,TH0,Theorem,timeout,na,2048,2154,31,2154,324,112,0,0,0,
serial,NUM/NUM698^4.p,TH0,Theorem,timeout,na,2357,0,0,0,1,0,0,0,0,
serial,NUM/NUM699^1.p,TH0,Theorem,timeout,na,2009,707,35,707,52,5,0,1,0,
serial,NUM/NUM699^4.p,TH0,Theorem,timeout,na,2357,0,0,0,1,0,0,0,0,
serial,NUM/NUM700^1.p,TH0,Theorem,thm,yes,47,51,0,51,11,0,0,1,1,
serial,NUM/NUM700^4.p,TH0,Theorem,timeout,na,2357,0,0,0,1,0,0,0,0,
serial,NUM/NUM701^1.p,TH0,Theorem,thm,yes,339,122,5,122,11,2,0,1,1,
serial,NUM/NUM701^4.p,TH0,ContradictoryAxioms,timeout,na,2359,0,0,0,1,0,0,0,0,
serial,NUM/NUM702^1.p,TH0,Theorem,timeout,na,2052,1794,12,1794,334,82,0,0,0,
serial,NUM/NUM702^4.p,TH0,Theorem,timeout,na,2363,0,0,0,1,0,0,0,0,
serial,NUM/NUM703^1.p,TH0,Theorem,thm,yes,400,140,5,140,14,2,0,1,1,
serial,NUM/NUM703^4.p,TH0,Theorem,timeout,na,2369,0,0,0,1,0,0,0,0,
serial,NUM/NUM704^1.p,TH0,Theorem,timeout,na,2022,865,62,865,66,0,0,1,0,
serial,NUM/NUM704^4.p,TH0,Theorem,timeout,na,2366,11,1,11,1,0,0,0,0,
serial,NUM/NUM705^1.p,TH0,Theorem,timeout,na,2022,617,1,617,139,8,0,0,0,
serial,NUM/NUM705^4.p,TH0,Theorem,timeout,na,2366,11,1,11,1,0,0,0,0,
serial,NUM/NUM706^1.p,TH0,Theorem,timeout,na,2004,71,4,71,6,3,0,2,0,
serial,NUM/NUM706^4.p,TH0,Theorem,timeout,na,2384,12,1,12,1,0,0,0,0,
serial,NUM/NUM707^1.p,TH0,Theorem,timeout,na,2003,73,4,73,6,3,0,1,0,
serial,NUM/NUM707^4.p,TH0,ContradictoryAxioms,timeout,na,2384,0,0,0,1,0,0,0,0,
serial,NUM/NUM708^1.p,TH0,Theorem,timeout,na,2002,71,4,71,6,3,0,2,0,
serial,NUM/NUM708^4.p,TH0,Theorem,timeout,na,2380,11,1,11,1,0,0,0,0,
serial,NUM/NUM709^1.p,TH0,Theorem,timeout,na,2004,73,4,73,6,3,0,1,0,
serial,NUM/NUM709^4.p,TH0,ContradictoryAxioms,timeout,na,2381,0,0,0,1,0,0,0,0,
serial,NUM/NUM710^1.p,TH0,Theorem,timeout,na,2019,739,51,739,48,0,0,1,0,
serial,NUM/NUM710^4.p,TH0,Theorem,timeout,na,2385,0,0,0,1,0,0,0,0,
serial,NUM/NUM711^1.p,TH0,Theorem,timeout,na,2025,892,56,892,60,2,0,1,0,
serial,NUM/NUM711^4.p,TH0,Theorem,timeout,na,2380,0,0,0,1,0,0,0,0,
serial,NUM/NUM712^1.p,TH0,Theorem,timeout,na,2019,720,50,720,44,0,0,1,0,
serial,NUM/NUM712^4.p,TH0,Theorem,timeout,na,2391,0,0,0,1,0,0,0,0,
serial,NUM/NUM713^1.p,TH0,Theorem,timeout,na,2011,570,30,570,38,4,0,3,0,
serial,NUM/NUM713^4.p,TH0,Theorem,timeout,na,2384,0,0,0,1,0,0,0,0,
serial,NUM/NUM721^1.p,TH0,Theorem,timeout,na,2053,1735,0,1735,251,117,0,0,0,
serial,NUM/NUM721^4.p,TH0,Theorem,timeout,na,2426,0,0,0,1,0,0,0,0,
serial,NUM/NUM726^1.p,TH0,Theorem,thm,yes,6,3,0,3,1,1,0,0,0,
serial,NUM/NUM726^4.p,TH0,Theorem,timeout,na,2470,0,0,0,1,0,0,0,0,
serial,NUM/NUM727^1.p,TH0,Theorem,timeout,na,2016,599,27,599,48,10,0,1,0,
serial,NUM/NUM727^4.p,TH0,Theorem,timeout,na,2473,0,0,0,1,0,0,0,0,
serial,NUM/NUM728^1.p,TH0,Theorem,thm,yes,15,14,0,14,2,0,0,1,1,
serial,NUM/NUM728^4.p,TH0,Theorem,timeout,na,2478,0,0,0,1,0,0,0,0,
serial,NUM/NUM729^1.p,TH0,Theorem,thm,yes,18,16,0,16,2,0,0,1,1,
serial,NUM/NUM729^4.p,TH0,Theorem,timeout,na,2502,0,0,0,1,0,0,0,0,
serial,NUM/NUM730^1.p,TH0,Theorem,timeout,na,2052,1658,0,1617,189,155,0,0,0,
serial,NUM/NUM730^4.p,TH0,Theorem,timeout,na,2496,0,0,0,1,0,0,0,0,
serial,NUM/NUM736^1.p,TH0,Theorem,thm,yes,11,10,0,10,2,0,0,1,1,
serial,NUM/NUM736^4.p,TH0,Theorem,timeout,na,2502,0,0,0,1,0,0,0,0,
serial,NUM/NUM737^1.p,TH0,Theorem,timeout,na,2021,603,29,603,61,3,0,2,0,
serial,NUM/NUM737^4.p,TH0,Theorem,timeout,na,2506,0,0,0,1,0,0,0,0,
serial,NUM/NUM738^1.p,TH0,Theorem,timeout,na,2036,1310,39,1310,302,13,0,3,0,
serial,NUM/NUM738^4.p,TH0,Theorem,timeout,na,2509,0,0,0,1,0,0,0,0,
serial,NUM/NUM739^1.p,TH0,Theorem,timeout,na,2058,1372,16,1372,423,6,0,1,0,
serial,NUM/NUM739^4.p,TH0,Theorem,timeout,na,2509,0,0,0,1,0,0,0,0,
serial,NUM/NUM740^1.p,TH0,Theorem,thm,yes,101,132,1,132,37,0,0,1,1,
serial,NUM/NUM740^4.p,TH0,Theorem,timeout,na,2521,0,0,0,1,0,0,0,0,
serial,NUM/NUM741^1.p,TH0,Theorem,timeout,na,2045,866,17,866,174,24,0,4,0,
serial,NUM/NUM741^4.p,TH0,Theorem,timeout,na,2518,0,0,0,1,0,0,0,0,
serial,NUM/NUM742^1.p,TH0,Theorem,timeout,na,2033,1305,66,1305,221,5,0,1,0,
serial,NUM/NUM742^4.p,TH0,Theorem,timeout,na,2545,0,0,0,1,0,0,0,0,
serial,NUM/NUM743^1.p,TH0,Theorem,timeout,na,2048,1248,29,1248,362,8,0,2,0,
serial,NUM/NUM743^4.p,TH0,Theorem,timeout,na,2545,0,0,0,1,0,0,0,0,
serial,NUM/NUM746^1.p,TH0,Theorem,timeout,na,2043,1098,21,1098,313,15,0,1,0,
serial,NUM/NUM746^4.p,TH0,Theorem,timeout,na,2527,0,0,0,1,0,0,0,0,
serial,NUM/NUM747^1.p,TH0,Theorem,thm,yes,19,16,0,16,2,0,0,1,1,
serial,NUM/NUM747^4.p,TH0,Theorem,timeout,na,2576,0,0,0,1,0,0,0,0,
serial,NUM/NUM748^1.p,TH0,Theorem,timeout,na,2011,545,29,545,33,5,0,2,0,
serial,NUM/NUM748^4.p,TH0,Theorem,timeout,na,2578,0,0,0,1,0,0,0,0,
serial,NUM/NUM749^1.p,TH0,Theorem,thm,yes,11,14,0,14,2,0,0,1,1,
serial,NUM/NUM749^4.p,TH0,Theorem,timeout,na,2576,0,0,0,1,0,0,0,0,
serial,NUM/NUM750^1.p,TH0,Theorem,thm,yes,655,281,5,281,66,8,0,3,1,
serial,NUM/NUM750^4.p,TH0,Theorem,timeout,na,2606,0,0,0,1,0,0,0,0,
serial,NUM/NUM751^1.p,TH0,Theorem,timeout,na,2036,687,14,687,161,0,0,5,0,
serial,NUM/NUM751^4.p,TH0,Theorem,timeout,na,2678,0,0,0,1,0,0,0,0,
serial,NUM/NUM752^1.p,TH0,Theorem,thm,yes,135,53,3,53,5,0,0,3,1,
serial,NUM/NUM752^4.p,TH0,Theorem,timeout,na,2677,0,0,0,1,0,0,0,0,
serial,NUM/NUM753^1.p,TH0,Theorem,timeout,na,2048,814,12,814,203,0,0,5,0,
serial,NUM/NUM753^4.p,TH0,Theorem,timeout,na,2586,0,0,0,1,0,0,0,0,
serial,NUM/NUM754^1.p,TH0,Theorem,timeout,na,2054,879,24,879,214,14,0,4,0,
serial,NUM/NUM754^4.p,TH0,Theorem,timeout,na,2790,0,0,0,1,0,0,0,0,
serial,NUM/NUM755^1.p,TH0,Theorem,timeout,na,2037,1061,11,1061,212,10,0,1,0,
serial,NUM/NUM755^4.p,TH0,Theorem,timeout,na,2570,0,0,0,1,0,0,0,0,
serial,NUM/NUM756^1.p,TH0,Theorem,timeout,na,2046,1061,8,1061,241,8,0,5,0,
serial,NUM/NUM756^4.p,TH0,Theorem,timeout,na,2640,0,0,0,1,0,0,0,0,
serial,NUM/NUM757^1.p,TH0,Theorem,timeout,na,2042,944,9,944,198,19,0,0,0,
serial,NUM/NUM757^4.p,TH0,Theorem,timeout,na,2833,0,0,0,1,0,0,0,0,
serial,NUM/NUM758^1.p,TH0,Theorem,timeout,na,2036,670,11,670,162,0,0,4,0,
serial,NUM/NUM758^4.p,TH0,Theorem,timeout,na,2674,0,0,0,1,0,0,0,0,
serial,NUM/NUM759^1.p,TH0,Theorem,timeout,na,2051,1145,26,1145,242,69,0,4,0,
serial,NUM/NUM759^4.p,TH0,Theorem,timeout,na,2615,0,0,0,1,0,0,0,0,
serial,NUM/NUM760^1.p,TH0,Theorem,timeout,na,2047,1282,49,1282,260,3,0,2,0,
serial,NUM/NUM760^4.p,TH0,Theorem,timeout,na,2658,0,0,0,1,0,0,0,0,
serial,NUM/NUM761^1.p,TH0,Theorem,timeout,na,2037,965,33,965,205,0,0,1,0,
serial,NUM/NUM761^4.p,TH0,Theorem,timeout,na,2621,0,0,0,1,0,0,0,0,
serial,NUM/NUM762^1.p,TH0,Theorem,timeout,na,2047,1015,32,1015,236,0,0,2,0,
serial,NUM/NUM762^4.p,TH0,Theorem,timeout,na,2622,0,0,0,1,0,0,0,0,
serial,NUM/NUM765^1.p,TH0,Theorem,timeout,na,2030,624,11,624,136,2,0,1,0,
serial,NUM/NUM765^4.p,TH0,Theorem,timeout,na,2600,0,0,0,1,0,0,0,0,
serial,NUM/NUM766^1.p,TH0,Theorem,timeout,na,2021,469,22,469,41,4,0,1,0,
serial,NUM/NUM766^4.p,TH0,Theorem,timeout,na,2645,0,0,0,1,0,0,0,0,
serial,NUM/NUM767^1.p,TH0,Theorem,timeout,na,2055,1351,10,1351,365,7,0,3,0,
serial,NUM/NUM767^4.p,TH0,Theorem,timeout,na,2633,0,0,0,1,0,0,0,0,
serial,NUM/NUM768^1.p,TH0,Theorem,timeout,na,2036,604,15,604,96,14,0,1,0,
serial,NUM/NUM768^4.p,TH0,Theorem,timeout,na,2613,0,0,0,1,0,0,0,0,
serial,NUM/NUM769^1.p,TH0,Theorem,thm,yes,28,25,0,25,5,0,0,1,1,
serial,NUM/NUM769^4.p,TH0,Theorem,timeout,na,2616,0,0,0,1,0,0,0,0,
serial,NUM/NUM770^1.p,TH0,Theorem,timeout,na,2034,1088,22,1088,247,33,0,1,0,
serial,NUM/NUM770^4.p,TH0,Theorem,timeout,na,2613,0,0,0,1,0,0,0,0,
serial,NUM/NUM771^1.p,TH0,Theorem,timeout,na,2010,551,24,551,44,1,0,4,0,
serial,NUM/NUM771^4.p,TH0,Theorem,timeout,na,2658,0,0,0,1,0,0,0,0,
serial,NUM/NUM781^1.p,TH0,Theorem,thm,yes,3,3,0,3,1,1,0,0,0,
serial,NUM/NUM781^2.p,TH0,Theorem,thm,yes,10,10,0,10,1,1,0,0,0,
serial,NUM/NUM781^3.p,TH0,Theorem,thm,yes,8,8,0,8,1,1,0,0,0,
serial,NUM/NUM781^4.p,TH0,Theorem,timeout,na,2733,0,0,0,1,0,0,0,0,
serial,NUM/NUM782^1.p,TH0,Theorem,thm,yes,4,3,0,3,1,1,0,0,0,
serial,NUM/NUM782^4.p,TH0,Theorem,timeout,na,2688,0,0,0,1,0,0,0,0,
serial,NUM/NUM783^1.p,TH0,Theorem,timeout,na,2074,2205,0,2131,131,293,0,0,0,
serial,NUM/NUM783^4.p,TH0,Theorem,timeout,na,2704,0,0,0,1,0,0,0,0,
serial,NUM/NUM784^1.p,TH0,Theorem,thm,yes,71,42,2,42,7,2,0,1,1,
serial,NUM/NUM784^4.p,TH0,Theorem,timeout,na,2755,0,0,0,1,0,0,0,0,
serial,NUM/NUM785^1.p,TH0,Theorem,thm,yes,71,42,2,42,7,2,0,1,1,
serial,NUM/NUM785^4.p,TH0,Theorem,timeout,na,2760,0,0,0,1,0,0,0,0,
serial,NUM/NUM786^1.p,TH0,Theorem,thm,yes,22,21,0,21,4,0,0,1,1,
serial,NUM/NUM786^4.p,TH0,Theorem,timeout,na,2761,0,0,0,1,0,0,0,0,
serial,NUM/NUM787^1.p,TH0,Theorem,thm,yes,21,21,0,21,4,0,0,1,1,
serial,NUM/NUM787^4.p,TH0,Theorem,timeout,na,2751,0,0,0,1,0,0,0,0,
serial,NUM/NUM788^1.p,TH0,Theorem,thm,yes,95,49,2,49,7,2,0,1,1,
serial,NUM/NUM788^4.p,TH0,Theorem,timeout,na,2719,0,0,0,1,0,0,0,0,
serial,NUM/NUM789^1.p,TH0,Theorem,thm,yes,96,49,2,49,7,2,0,1,1,
serial,NUM/NUM789^4.p,TH0,Theorem,timeout,na,2761,0,0,0,1,0,0,0,0,
serial,NUM/NUM790^1.p,TH0,Theorem,thm,yes,21,21,0,21,4,0,0,1,1,
serial,NUM/NUM790^4.p,TH0,Theorem,timeout,na,2765,0,0,0,1,0,0,0,0,
serial,NUM/NUM791^1.p,TH0,Theorem,thm,yes,21,21,0,21,4,0,0,1,1,
serial,NUM/NUM791^4.p,TH0,Theorem,timeout,na,2762,0,0,0,1,0,0,0,0,
serial,NUM/NUM792^1.p,TH0,Theorem,timeout,na,2055,1952,65,1952,465,4,0,3,0,
serial,NUM/NUM792^4.p,TH0,Theorem,timeout,na,2766,0,0,0,1,0,0,0,0,
serial,NUM/NUM793^1.p,TH0,Theorem,timeout,na,2044,1904,92,1904,355,10,0,1,0,
serial,NUM/NUM793^4.p,TH0,Theorem,timeout,na,2776,0,0,0,1,0,0,0,0,
serial,NUM/NUM795^1.p,TH0,Theorem,timeout,na,2043,1644,75,1644,325,5,0,1,0,
serial,NUM/NUM795^4.p,TH0,Theorem,timeout,na,2811,0,0,0,1,0,0,0,0,
serial,NUM/NUM796^1.p,TH0,Theorem,timeout,na,2046,1512,48,1512,361,5,0,3,0,
serial,NUM/NUM796^4.p,TH0,Theorem,timeout,na,2827,0,0,0,1,0,0,0,0,
serial,NUM/NUM797^1.p,TH0,Theorem,timeout,na,2021,769,23,769,107,2,0,1,0,
serial,NUM/NUM797^4.p,TH0,Theorem,timeout,na,2228,14,1,14,1,0,0,0,0,
serial,NUM/NUM798^1.p,TH0,Theorem,timeout,na,2022,13,0,13,2,0,0,0,0,
serial,NUM/NUM799^1.p,TH0,Theorem,timeout,na,2025,13,0,13,2,0,0,0,0,
serial,NUM/NUM800^1.p,TH0,Theorem,timeout,na,2029,28,1,28,4,0,0,0,0,
serial,NUM/NUM801^1.p,TH0,Theorem,timeout,na,2029,15,1,15,2,0,0,0,0,
serial,NUM/NUM802^5.p,TH0,Theorem,timeout,na,2021,1150,41,1150,119,10,0,2,0,
serial,NUM/NUM803^5.p,TH0,CounterSatisfiable,csa,yes,9,7,0,7,2,0,1,0,0,C[1IZY5H] (c_star C[EI7LN] c0)  ¬(C[1IZY5H] c0)
serial,NUM/NUM804^5.p,TH0,CounterSatisfiable,csa,yes,9,7,0,7,2,0,1,0,0,C[1P5NRO] (c_plus C[1NXP90] c0)  ¬(C[1P5NRO] C[1NXP90])
serial,NUM/NUM805^5.p,TH0,CounterSatisfiable,csa,yes,12,8,0,8,2,0,1,0,0,C[2401DM] (c_plus C[15GPSC] (cS C[1E4L1V]))  ¬(C[2401DM] (cS (c_plus C[15GPSC] C[1E4L1V])))
serial,NUM/NUM806^5.p,TH0,CounterSatisfiable,csa,yes,15,8,0,8,2,0,1,0,0,C[XMCMY] (c_star C[234OH8] (cS C[269OFD]))  ¬(C[XMCMY] (c_plus (c_star C[234OH8] C[269OFD]) C[234OH8]))
serial,NUM/NUM807^5.p,TH0,CounterSatisfiable,timeout,na,2019,765,26,765,66,10,0,0,0,
serial,NUM/NUM808^5.p,TH0,Theorem,timeout,na,2013,582,29,582,51,4,0,6,0,
serial,NUM/NUM809^5.p,TH0,Theorem,timeout,na,2015,621,35,621,57,0,0,1,0,
serial,NUM/NUM810^5.p,TH0,Theorem,timeout,na,2015,608,33,608,57,0,0,1,0,
serial,NUM/NUM811^5.p,TH0,Theorem,timeout,na,2019,600,32,600,53,0,0,1,0,
serial,NUM/NUM812^5.p,TH0,Theorem,timeout,na,2016,760,30,760,81,0,0,1,0,
serial,NUM/NUM813^5.p,TH0,Theorem,timeout,na,2022,630,31,630,55,16,0,6,0,
serial,NUM/NUM814^5.p,TH0,Theorem,timeout,na,2019,677,18,677,84,0,0,1,0,
serial,NUM/NUM815^5.p,TH0,Theorem,timeout,na,2024,759,31,759,82,0,0,1,0,
serial,NUM/NUM816^5.p,TH0,Theorem,timeout,na,2016,713,20,713,91,0,0,1,0,
serial,NUM/NUM817^5.p,TH0,Theorem,timeout,na,2019,744,21,744,95,0,0,1,0,
serial,NUM/NUM818^5.p,TH0,CounterSatisfiable,timeout,na,2010,109,1,109,23,0,0,1,0,
serial,NUM/NUM819^5.p,TH0,Unknown,timeout,na,2016,570,28,570,56,2,0,1,0,
serial,NUM/NUM821^5.p,TH0,Unknown,timeout,na,2021,631,31,631,55,16,0,6,0,
serial,NUM/NUM822^5.p,TH0,Unknown,timeout,na,2015,736,19,736,64,24,0,2,0,
serial,NUM/NUM823^5.p,TH0,Unknown,timeout,na,2017,650,17,650,65,20,0,4,0,
serial,NUM/NUM824^5.p,TH0,Theorem,timeout,na,2012,245,10,245,26,6,0,1,0,
serial,NUM/NUM825^5.p,TH0,Theorem,timeout,na,2012,247,14,247,27,0,0,0,0,
serial,NUM/NUM826^5.p,TH0,Theorem,timeout,na,2017,172,10,172,17,0,0,1,0,
serial,NUM/NUM827^5.p,TH0,Theorem,timeout,na,2024,905,29,905,93,15,0,0,0,
serial,NUM/NUM828^5.p,TH0,Theorem,timeout,na,2021,913,29,913,93,15,0,0,0,
serial,NUM/NUM829^5.p,TH0,Theorem,timeout,na,2021,876,28,876,90,14,0,0,0,
serial,NUM/NUM830^5.p,TH0,Theorem,timeout,na,2012,426,20,426,33,6,0,1,0,
serial,NUM/NUM831^5.p,TH0,Unknown,timeout,na,2020,416,6,416,64,0,0,1,0,
serial,NUM/NUM832^5.p,TH0,Theorem,timeout,na,2018,546,33,546,44,0,0,1,0,
serial,NUM/NUM833^5.p,TH0,Unknown,timeout,na,2021,297,5,297,47,0,0,1,0,
serial,NUM/NUM834^5.p,TH0,Unknown,timeout,na,2018,11,0,11,2,0,0,0,0,
serial,NUM/NUM863^1.p,TH0,Theorem,timeout,na,2053,520,2,520,117,0,0,0,0,
serial,NUM/NUM923^1.p,TH0,Theorem,timeout,na,2114,704,53,704,32,0,0,1,0,
serial,NUM/NUM923^2.p,TH1,Theorem,parser_error,na,0,,,,,,,,,cached: Failed to parse formula 'fact_81_split__paired__Ex': [byte:26352] Type Error: Cannot unify strict function types of different arities.
serial,NUM/NUM923^3.p,TH1,Theorem,parser_error,na,0,,,,,,,,,cached: Failed to parse formula 'fact_125_split__paired__Ex': [byte:41018] Type Error: Cannot unify strict function types of different arities.
serial,NUM/NUM923^4.p,TH1,Theorem,parser_error,na,0,,,,,,,,,cached: Failed to parse formula 'fact_158_split__paired__All': [byte:93412] Type Error: Cannot unify strict function types of different arities.
serial,NUM/NUM924^1.p,TH0,ContradictoryAxioms,timeout,na,2249,1374,16,1374,316,0,0,0,0,
serial,NUM/NUM924^2.p,TH0,Theorem,timeout,na,2734,634,63,634,1,0,0,0,0,
serial,NUM/NUM924^3.p,TH0,ContradictoryAxioms,timeout,na,3347,575,57,575,1,0,0,0,0,
serial,NUM/NUM924^4.p,TH1,Theorem,parser_error,na,0,,,,,,,,,cached: Failed to parse formula 'fact_2709_ex__nat': [byte:738104] Type Error: Cannot unify strict function types of different arities.
serial,NUM/NUM925^1.p,TH0,Theorem,timeout,na,2214,1552,12,1552,363,0,0,1,0,
serial,NUM/NUM925^2.p,TH0,Theorem,timeout,na,2582,754,75,754,1,0,0,0,0,
serial,NUM/NUM925^3.p,TH0,Theorem,timeout,na,3266,554,55,554,1,0,0,0,0,
serial,NUM/NUM925^4.p,TH1,Theorem,parser_error,na,0,,,,,,,,,cached: Failed to parse formula 'fact_2744_ex__nat': [byte:691477] Type Error: Cannot unify strict function types of different arities.
serial,NUM/NUM926^1.p,TH0,Theorem,timeout,na,2197,865,30,865,130,2,0,1,0,
serial,NUM/NUM926^2.p,TH0,Theorem,timeout,na,2693,624,62,624,1,0,0,0,0,
serial,NUM/NUM926^3.p,TH0,Theorem,timeout,na,3358,578,57,578,1,0,0,0,0,
serial,NUM/NUM926^4.p,TH1,Theorem,parser_error,na,0,,,,,,,,,cached: Failed to parse formula 'fact_2727_ex__nat': [byte:747317] Type Error: Cannot unify strict function types of different arities.
serial,NUN/NUN021^1.p,TH0,Satisfiable,no_conjecture,na,16,,,,,,,,,
serial,NUN/NUN022^1.p,TH0,Satisfiable,timeout,na,2005,1113,133,1113,1,0,0,0,0,
serial,NUN/NUN023^1.p,TH0,Theorem,timeout,na,2017,728,39,728,57,9,0,1,0,
serial,NUN/NUN023^2.p,TH0,Theorem,timeout,na,2020,722,37,722,58,8,0,1,0,
serial,NUN/NUN024^1.p,TH0,Theorem,timeout,na,2019,864,47,864,60,13,0,1,0,
serial,NUN/NUN024^2.p,TH0,Theorem,timeout,na,2020,850,45,850,60,13,0,1,0,
serial,NUN/NUN025^1.p,TH0,Theorem,timeout,na,2017,795,41,795,58,11,0,1,0,
serial,NUN/NUN025^2.p,TH0,Theorem,timeout,na,2021,796,41,796,59,11,0,1,0,
serial,NUN/NUN025^3.p,TH0,Theorem,timeout,na,2022,834,44,834,59,13,0,1,0,
serial,NUN/NUN026^1.p,TH1,Theorem,parse_timeout,na,0,,,,,,,,,cached: parse exceeded 5000ms
serial,NUN/NUN027^1.p,TH1,Theorem,parse_timeout,na,0,,,,,,,,,cached: parse exceeded 5000ms
serial,NUN/NUN028^1.p,TH1,Theorem,parse_timeout,na,0,,,,,,,,,cached: parse exceeded 5000ms
serial,NUN/NUN029^1.p,TH1,Theorem,parse_timeout,na,0,,,,,,,,,cached: parse exceeded 5000ms
serial,NUN/NUN030^1.p,TH1,Theorem,parse_timeout,na,0,,,,,,,,,cached: parse exceeded 5000ms
serial,NUN/NUN031^1.p,TH1,Theorem,parse_timeout,na,0,,,,,,,,,cached: parse exceeded 5000ms
serial,NUN/NUN032^1.p,TH1,Theorem,parse_timeout,na,0,,,,,,,,,cached: parse exceeded 5000ms
serial,NUN/NUN033^1.p,TH1,Theorem,parse_timeout,na,0,,,,,,,,,cached: parse exceeded 5000ms
serial,NUN/NUN034^1.p,TH1,Theorem,parse_timeout,na,0,,,,,,,,,cached: parse exceeded 5000ms
serial,NUN/NUN035^1.p,TH1,Theorem,parse_timeout,na,0,,,,,,,,,cached: parse exceeded 5000ms
serial,NUN/NUN036^1.p,TH1,Theorem,parse_timeout,na,0,,,,,,,,,cached: parse exceeded 5000ms
serial,NUN/NUN037^1.p,TH1,Theorem,parse_timeout,na,0,,,,,,,,,cached: parse exceeded 5000ms
serial,NUN/NUN038^1.p,TH1,Theorem,parse_timeout,na,0,,,,,,,,,cached: parse exceeded 5000ms
serial,NUN/NUN039^1.p,TH1,Theorem,parse_timeout,na,0,,,,,,,,,cached: parse exceeded 5000ms
serial,NUN/NUN040^1.p,TH1,Theorem,parse_timeout,na,0,,,,,,,,,cached: parse exceeded 5000ms
serial,NUN/NUN041^1.p,TH1,Theorem,parse_timeout,na,0,,,,,,,,,cached: parse exceeded 5000ms
serial,NUN/NUN042^1.p,TH1,Theorem,parse_timeout,na,0,,,,,,,,,cached: parse exceeded 5000ms
serial,NUN/NUN043^1.p,TH1,Theorem,parse_timeout,na,0,,,,,,,,,cached: parse exceeded 5000ms
serial,NUN/NUN044^1.p,TH1,Theorem,parse_timeout,na,0,,,,,,,,,cached: parse exceeded 5000ms
serial,NUN/NUN045^1.p,TH1,Theorem,parse_timeout,na,0,,,,,,,,,cached: parse exceeded 5000ms
serial,NUN/NUN046^1.p,TH1,ContradictoryAxioms,timeout,na,2028,721,34,721,63,8,0,0,0,
serial,NUN/NUN047^1.p,TH1,ContradictoryAxioms,timeout,na,2012,478,23,478,39,7,0,1,0,
serial,NUN/NUN048^1.p,TH1,Theorem,timeout,na,2040,1239,25,1239,192,5,0,0,0,
serial,NUN/NUN049^1.p,TH1,Theorem,timeout,na,2029,442,5,428,46,32,0,0,0,
serial,NUN/NUN050^1.p,TH1,Theorem,timeout,na,2026,293,7,285,21,15,0,0,0,
serial,NUN/NUN051^1.p,TH1,Theorem,timeout,na,2016,478,23,478,45,10,0,0,0,
serial,NUN/NUN052^1.p,TH1,CounterSatisfiable,timeout,na,2029,643,28,643,60,12,0,1,0,
serial,NUN/NUN053^4.p,TH0,Satisfiable,no_conjecture,na,1773,,,,,,,,,
serial,NUN/NUN093^1.p,TH0,Unknown,timeout,na,3626,0,0,0,1,0,0,0,0,
serial,NUN/NUN094^1.p,TH0,Unknown,timeout,na,3644,0,0,0,1,0,0,0,0,
serial,NUN/NUN095^1.p,TH0,Unknown,timeout,na,3481,0,0,0,1,0,0,0,0,
serial,NUN/NUN096^1.p,TH0,Unknown,timeout,na,3482,0,0,0,1,0,0,0,0,
serial,NUN/NUN097^1.p,TH0,Unknown,timeout,na,2860,0,0,0,1,0,0,0,0,
serial,NUN/NUN098^1.p,TH0,Unknown,timeout,na,2869,0,0,0,1,0,0,0,0,
serial,NUN/NUN099^1.p,TH0,Unknown,timeout,na,3291,0,0,0,1,0,0,0,0,
serial,NUN/NUN100^1.p,TH0,Unknown,timeout,na,3300,0,0,0,1,0,0,0,0,
serial,NUN/NUN101^1.p,TH0,Unknown,timeout,na,3163,0,0,0,1,0,0,0,0,
serial,NUN/NUN102^1.p,TH0,Unknown,timeout,na,3184,0,0,0,1,0,0,0,0,
serial,NUN/NUN103^1.p,TH0,Unknown,timeout,na,2825,0,0,0,1,0,0,0,0,
serial,NUN/NUN104^1.p,TH0,Unknown,timeout,na,2822,0,0,0,1,0,0,0,0,
serial,NUN/NUN105^1.p,TH0,Unknown,timeout,na,3227,0,0,0,1,0,0,0,0,
serial,NUN/NUN106^1.p,TH0,Unknown,timeout,na,3268,0,0,0,1,0,0,0,0,
serial,NUN/NUN107^1.p,TH0,Unknown,timeout,na,3240,0,0,0,1,0,0,0,0,
serial,NUN/NUN108^1.p,TH0,Unknown,timeout,na,3222,0,0,0,1,0,0,0,0,
serial,NUN/NUN109^1.p,TH0,Unknown,timeout,na,2568,0,0,0,1,0,0,0,0,
serial,NUN/NUN110^1.p,TH0,Unknown,timeout,na,2583,0,0,0,1,0,0,0,0,
serial,NUN/NUN111^1.p,TH0,Unknown,timeout,na,3487,0,0,0,1,0,0,0,0,
serial,NUN/NUN112^1.p,TH0,Unknown,timeout,na,3492,0,0,0,1,0,0,0,0,
serial,NUN/NUN113^1.p,TH0,Unknown,timeout,na,3149,0,0,0,1,0,0,0,0,
serial,NUN/NUN114^1.p,TH0,Unknown,timeout,na,3146,0,0,0,1,0,0,0,0,
serial,NUN/NUN115^1.p,TH0,Unknown,timeout,na,3999,0,0,0,1,0,0,0,0,
serial,NUN/NUN116^1.p,TH0,Unknown,timeout,na,3972,0,0,0,1,0,0,0,0,
serial,NUN/NUN117^1.p,TH0,Unknown,timeout,na,3626,0,0,0,1,0,0,0,0,
serial,NUN/NUN118^1.p,TH0,Unknown,timeout,na,3601,0,0,0,1,0,0,0,0,
serial,NUN/NUN119^1.p,TH0,Unknown,timeout,na,3278,0,0,0,1,0,0,0,0,
serial,NUN/NUN120^1.p,TH0,Unknown,timeout,na,3267,0,0,0,1,0,0,0,0,
serial,NUN/NUN121^1.p,TH0,Unknown,timeout,na,3183,0,0,0,1,0,0,0,0,
serial,NUN/NUN122^1.p,TH0,Unknown,timeout,na,3203,0,0,0,1,0,0,0,0,
serial,NUN/NUN123^1.p,TH0,Unknown,timeout,na,4230,0,0,0,1,0,0,0,0,
serial,NUN/NUN124^1.p,TH0,Unknown,timeout,na,4202,0,0,0,1,0,0,0,0,
serial,NUN/NUN125^1.p,TH0,Unknown,timeout,na,2937,0,0,0,1,0,0,0,0,
serial,NUN/NUN126^1.p,TH0,Unknown,timeout,na,2949,0,0,0,1,0,0,0,0,
serial,NUN/NUN127^1.p,TH0,Unknown,timeout,na,3305,0,0,0,1,0,0,0,0,
serial,NUN/NUN128^1.p,TH0,Unknown,timeout,na,3316,0,0,0,1,0,0,0,0,
serial,NUN/NUN129^1.p,TH0,Unknown,timeout,na,3515,0,0,0,1,0,0,0,0,
serial,NUN/NUN130^1.p,TH0,Unknown,timeout,na,3505,0,0,0,1,0,0,0,0,
serial,NUN/NUN131^1.p,TH0,Unknown,timeout,na,3658,0,0,0,1,0,0,0,0,
serial,NUN/NUN132^1.p,TH0,Unknown,timeout,na,3654,0,0,0,1,0,0,0,0,
serial,PHI/PHI001^1.p,TH0,Satisfiable,no_conjecture,na,42,,,,,,,,,
serial,PHI/PHI002^1.p,TH0,Theorem,timeout,na,2047,107,4,107,16,0,0,0,0,
serial,PHI/PHI002^2.p,TH0,Theorem,timeout,na,2041,183,7,183,26,4,0,1,0,
serial,PHI/PHI002^8.p,unknown,Theorem,parser_error,na,0,,,,,,,,,cached: Lexer failed to parse entire string. Unparsed: {$box} @ ( ! [X: $i] : ( ( Phi @ X ) => ( Psi @ X ) ) ) ) ) => ( positive @ Psi ) ) ). %----T1: Positive properties are possibly exemplified. thf(t1 conj
serial,PHI/PHI003^1.p,TH0,Theorem,timeout,na,2051,103,3,103,16,0,0,0,0,
serial,PHI/PHI003^2.p,TH0,Theorem,timeout,na,2032,136,4,136,14,1,0,0,0,
serial,PHI/PHI003^6.p,unknown,Theorem,parser_error,na,0,,,,,,,,,cached: Lexer failed to parse entire string. Unparsed: {$possible} @ ( ? [X: entity] : ( god_like @ X ) ) ) ). %------------------------------------------------------------------------------ 
serial,PHI/PHI003^7.p,unknown,CounterSatisfiable,parser_error,na,0,,,,,,,,,cached: Lexer failed to parse entire string. Unparsed: {$possible} @ ( ? [X: entity] : ( god_like @ X ) ) ) ). %------------------------------------------------------------------------------ 
serial,PHI/PHI003^8.p,unknown,Theorem,parser_error,na,0,,,,,,,,,cached: Lexer failed to parse entire string. Unparsed: {$box} @ ( ! [X: $i] : ( ( Phi @ X ) => ( Psi @ X ) ) ) ) ) => ( positive @ Psi ) ) ). %----D1: A God-like being possesses all positive properties. thf(d
serial,PHI/PHI004^1.p,TH0,Theorem,timeout,na,2046,152,6,152,15,0,0,1,0,
serial,PHI/PHI004^2.p,TH0,Theorem,timeout,na,2052,586,19,586,48,24,0,1,0,
serial,PHI/PHI004^4.p,TH0,Theorem,timeout,na,2026,424,14,424,39,12,0,1,0,
serial,PHI/PHI004^8.p,unknown,Theorem,parser_error,na,0,,,,,,,,,cached: Lexer failed to parse entire string. Unparsed: {$box} @ ( ! [X: $i] : ( ( Phi @ X ) => ( Psi @ X ) ) ) ) ) => ( positive @ Psi ) ) ). %----D1: A God-like being possesses all positive properties. thf(d
serial,PHI/PHI005^1.p,TH0,Theorem,timeout,na,2048,136,4,136,16,0,0,1,0,
serial,PHI/PHI005^10.p,unknown,Theorem,parser_error,na,0,,,,,,,,,cached: Lexer failed to parse entire string. Unparsed: {$necessary} @ ( ! [X: individual] : ( ( Phi @ X ) <=> ( ^ [Y: individual] : ( ( Phi @ Y ) & ~ ( Phi @ Y ) ) @ X ) ) ) ) => ( ( positive @ Phi ) <=> ( po
serial,PHI/PHI005^2.p,TH0,Theorem,timeout,na,2058,800,8,800,127,0,0,0,0,
serial,PHI/PHI005^3.p,TH0,CounterSatisfiable,timeout,na,2045,80,3,80,8,0,0,0,0,
serial,PHI/PHI005^4.p,TH0,Theorem,timeout,na,2026,428,13,428,40,12,0,1,0,
serial,PHI/PHI005^6.p,unknown,Theorem,parser_error,na,0,,,,,,,,,cached: Lexer failed to parse entire string. Unparsed: {$necessary} @ ( ? [X: entity] : ( god_like @ X ) ) ) ). %------------------------------------------------------------------------------ 
serial,PHI/PHI005^8.p,unknown,Theorem,parser_error,na,0,,,,,,,,,cached: Lexer failed to parse entire string. Unparsed: {$box} @ ( ! [X: $i] : ( ( Phi @ X ) => ( Psi @ X ) ) ) ) ) => ( positive @ Psi ) ) ). %----D1: A God-like being possesses all positive properties. thf(d
serial,PHI/PHI005^9.p,unknown,Theorem,parser_error,na,0,,,,,,,,,cached: Lexer failed to parse entire string. Unparsed: {$necessary} @ ( ! [X: individual] : ( ( Phi @ X ) <=> ( Psi @ X ) ) ) ) => ( ( positive @ Phi ) <=> ( positive @ Psi ) ) ) ). %----Contradictory propert
serial,PHI/PHI006^4.p,TH0,ContradictoryAxioms,timeout,na,2047,137,6,137,16,0,0,2,0,
serial,PHI/PHI006^5.p,TH0,ContradictoryAxioms,timeout,na,2045,163,5,163,20,0,0,2,0,
serial,PHI/PHI007^4.p,TH0,ContradictoryAxioms,timeout,na,2047,191,14,191,20,0,0,1,0,
serial,PHI/PHI007^5.p,TH0,ContradictoryAxioms,timeout,na,2022,143,6,143,18,0,0,2,0,
serial,PHI/PHI008^4.p,TH0,Theorem,timeout,na,2032,423,11,423,59,0,0,1,0,
serial,PHI/PHI043^1.p,TH0,Theorem,timeout,na,2035,104,4,104,12,0,0,0,0,
serial,PHI/PHI043^2.p,TH0,Theorem,timeout,na,2036,58,2,58,9,0,0,0,0,
serial,PHI/PHI045^10.p,unknown,Theorem,parser_error,na,0,,,,,,,,,cached: Lexer failed to parse entire string. Unparsed: {$necessary} @ ( ! [X: individual] : ( ( exists @ X ) => ( ( Phi @ X ) <=> ( ^ [Y: individual] : ( ( Phi @ Y ) & ~ ( Phi @ Y ) ) @ X ) ) ) ) ) => ( ( pos
serial,PHI/PHI045^6.p,TH0,Theorem,timeout,na,2013,443,24,443,31,10,0,1,0,
serial,PHI/PHI045^7.p,unknown,Theorem,parser_error,na,0,,,,,,,,,cached: Lexer failed to parse entire string. Unparsed: {$necessary} @ ( ! [X: individual] : ( ( Phi @ X ) <=> ( Psi @ X ) ) ) ) => ( ( positive @ Phi ) <=> ( positive @ Psi ) ) ) ). %----Contradictory propert
serial,PHI/PHI045^8.p,unknown,Theorem,parser_error,na,0,,,,,,,,,cached: Lexer failed to parse entire string. Unparsed: {$necessary} @ ( ! [X: individual] : ( ( Phi @ X ) <=> ( ^ [Y: individual] : ( ( Phi @ Y ) & ~ ( Phi @ Y ) ) @ X ) ) ) ) => ( ( positive @ Phi ) <=> ( po
serial,PHI/PHI045^9.p,unknown,Theorem,parser_error,na,0,,,,,,,,,cached: Lexer failed to parse entire string. Unparsed: {$necessary} @ ( ! [X: individual] : ( ( exists @ X ) => ( ( Phi @ X ) <=> ( Psi @ X ) ) ) ) ) => ( ( positive @ Phi ) <=> ( positive @ Psi ) ) ) ). %---
serial,PHI/PHI046^10.p,unknown,Theorem,parser_error,na,0,,,,,,,,,cached: Lexer failed to parse entire string. Unparsed: {$necessary} @ ( ! [X: individual] : ( ( exists @ X ) => ( ( Phi @ X ) <=> ( ^ [Y: individual] : ( ( Phi @ Y ) & ~ ( Phi @ Y ) ) @ X ) ) ) ) ) => ( ( pos
serial,PHI/PHI046^9.p,unknown,Theorem,parser_error,na,0,,,,,,,,,cached: Lexer failed to parse entire string. Unparsed: {$necessary} @ ( ! [X: individual] : ( ( exists @ X ) => ( ( Phi @ X ) <=> ( Psi @ X ) ) ) ) ) => ( ( positive @ Phi ) <=> ( positive @ Psi ) ) ) ). %---
serial,PLA/PLA032^7.p,TH0,Theorem,timeout,na,2105,1039,12,1039,203,64,0,0,0,
serial,PLA/PLA033^7.p,TH0,Theorem,timeout,na,2088,564,11,564,119,0,0,0,0,
serial,PLA/PLA053^15.p,TH0,CounterSatisfiable,timeout,na,2048,806,8,806,168,0,0,0,0,
serial,PLA/PLA053^18.p,TH0,Theorem,timeout,na,2048,912,11,912,141,32,0,0,0,
serial,PLA/PLA053^2.p,TH0,Theorem,timeout,na,2054,945,15,945,181,16,0,0,0,
serial,PLA/PLA053^4.p,TH0,Theorem,timeout,na,2059,1073,15,1073,201,32,0,0,0,
serial,PLA/PLA053^5.p,TH0,Theorem,timeout,na,2057,1075,16,1075,193,32,0,0,0,
serial,PLA/PLA054^4.p,TH0,Theorem,timeout,na,2060,650,6,650,193,0,0,0,0,
serial,PRO/PRO019^1.p,TH1,Theorem,timeout,na,3020,99,9,99,1,0,0,0,0,
serial,PRO/PRO020^1.p,TH1,Theorem,timeout,na,3465,58,5,58,1,0,0,0,0,
serial,PRO/PRO021^1.p,TH1,Theorem,timeout,na,3875,32,3,32,1,0,0,0,0,
serial,PRO/PRO022^1.p,TH1,Theorem,timeout,na,3195,46,4,46,1,0,0,0,0,
serial,PRO/PRO023^1.p,TH1,Theorem,timeout,na,4110,0,0,0,1,0,0,0,0,
serial,PRO/PRO024^1.p,TH1,Theorem,timeout,na,4587,0,0,0,1,0,0,0,0,
serial,PRO/PRO025^1.p,TH1,Theorem,timeout,na,4656,0,0,0,1,0,0,0,0,
serial,PRO/PRO026^1.p,TH1,Theorem,timeout,na,4636,0,0,0,1,0,0,0,0,
serial,PRO/PRO027^1.p,TH1,Theorem,timeout,na,4478,0,0,0,1,0,0,0,0,
serial,PRO/PRO028^1.p,TH1,Theorem,timeout,na,4501,0,0,0,1,0,0,0,0,
serial,PRO/PRO029^16.p,TH0,Theorem,timeout,na,2040,686,26,686,103,14,0,0,0,
serial,PUZ/PUZ031^5.p,TH0,Theorem,timeout,na,2084,533,6,533,181,0,0,0,0,
serial,PUZ/PUZ047^5.p,TH0,Theorem,timeout,na,2106,1247,3,1247,471,0,0,0,0,
serial,PUZ/PUZ081^1.p,TH0,Theorem,parser_error,na,0,,,,,,,,,cached: Failed to parse formula 'kk_6_6': [byte:2999] Type Error: Cannot unify strict function types of different arities.
serial,PUZ/PUZ081^2.p,TH0,Theorem,timeout,na,2014,403,7,395,49,30,0,0,0,
serial,PUZ/PUZ081^3.p,TH0,Theorem,timeout,na,2066,1880,0,1723,129,339,0,0,0,
serial,PUZ/PUZ082^1.p,TH0,Theorem,unk,na,198,214,0,199,17,43,0,0,0,
serial,PUZ/PUZ083^1.p,TH0,Theorem,unk,na,206,138,1,126,17,23,0,0,0,
serial,PUZ/PUZ084^1.p,TH0,Theorem,thm,yes,134,31,2,31,3,0,0,1,1,
serial,PUZ/PUZ085^1.p,TH0,Theorem,timeout,na,2058,667,25,667,58,56,0,5,0,
serial,PUZ/PUZ086^1.p,TH0,Theorem,timeout,na,2068,357,15,357,38,0,0,0,0,
serial,PUZ/PUZ087^1.p,TH0,Theorem,timeout,na,2206,928,10,928,256,0,0,0,0,
serial,PUZ/PUZ087^2.p,TH0,Theorem,timeout,na,2242,886,11,886,375,0,0,0,0,
serial,PUZ/PUZ088^5.p,TH0,Theorem,thm,yes,18,23,1,23,2,0,0,3,1,
serial,PUZ/PUZ090^5.p,TH0,Theorem,thm,yes,194,1,0,1,1,1,0,0,0,
serial,PUZ/PUZ091^5.p,TH0,Theorem,thm,yes,353,1,0,1,1,1,0,0,0,
serial,PUZ/PUZ092^5.p,TH0,Theorem,timeout,na,2029,451,14,451,31,17,0,0,0,
serial,PUZ/PUZ093^5.p,TH0,Theorem,timeout,na,2031,17,1,17,2,0,0,0,0,
serial,PUZ/PUZ094^5.p,TH0,Theorem,timeout,na,2127,1246,5,1246,487,0,0,0,0,
serial,PUZ/PUZ095^5.p,TH0,CounterSatisfiable,timeout,na,2021,173,3,173,23,1,0,1,0,
serial,PUZ/PUZ096^5.p,TH0,CounterSatisfiable,timeout,na,2021,1,0,1,1,0,0,0,0,
serial,PUZ/PUZ097^5.p,TH0,CounterSatisfiable,timeout,na,2023,1,0,1,1,0,0,0,0,
serial,PUZ/PUZ098^5.p,TH0,Unknown,timeout,na,2025,2,0,2,1,0,0,0,0,
serial,PUZ/PUZ099^5.p,TH0,CounterSatisfiable,timeout,na,2014,721,22,721,79,0,0,1,0,
serial,PUZ/PUZ100^5.p,TH0,Theorem,thm,yes,6,4,0,4,1,1,0,0,0,
serial,PUZ/PUZ101^5.p,TH0,CounterSatisfiable,timeout,na,2022,5,0,5,2,0,0,0,0,
serial,PUZ/PUZ102^5.p,TH0,Theorem,thm,yes,14,13,0,13,2,0,0,1,1,
serial,PUZ/PUZ103^5.p,TH0,Theorem,timeout,na,2014,719,22,719,83,13,0,2,0,
serial,PUZ/PUZ104^5.p,TH0,Theorem,timeout,na,2015,758,19,758,80,12,0,2,0,
serial,PUZ/PUZ105^5.p,TH0,CounterSatisfiable,timeout,na,2017,645,32,645,72,0,0,1,0,
serial,PUZ/PUZ106^5.p,TH0,CounterSatisfiable,timeout,na,2014,394,17,394,44,0,0,1,0,
serial,PUZ/PUZ107^5.p,TH0,Theorem,timeout,na,2042,591,2,591,164,23,0,0,0,
serial,PUZ/PUZ108^5.p,TH0,Theorem,timeout,na,2013,699,14,699,82,10,0,2,0,
serial,PUZ/PUZ109^5.p,TH0,Theorem,timeout,na,2011,393,16,393,39,0,0,2,0,
serial,PUZ/PUZ110^5.p,TH0,Theorem,timeout,na,2011,380,14,380,39,0,0,2,0,
serial,PUZ/PUZ111^5.p,TH0,CounterSatisfiable,timeout,na,2030,1429,16,1429,175,82,0,0,0,
serial,PUZ/PUZ112^5.p,TH0,CounterSatisfiable,timeout,na,2043,2277,20,2277,238,166,0,0,0,
serial,PUZ/PUZ113^5.p,TH0,Theorem,timeout,na,2011,379,13,379,41,0,0,3,0,
serial,PUZ/PUZ114^5.p,TH0,Theorem,timeout,na,2010,381,13,381,41,0,0,2,0,
serial,PUZ/PUZ115^5.p,TH0,CounterSatisfiable,timeout,na,2016,736,23,736,80,0,0,1,0,
serial,PUZ/PUZ116^5.p,TH0,CounterSatisfiable,timeout,na,2012,400,10,400,49,0,0,1,0,
serial,PUZ/PUZ117^5.p,TH0,CounterSatisfiable,timeout,na,2017,718,21,718,76,0,0,1,0,
serial,PUZ/PUZ118^5.p,TH0,CounterSatisfiable,timeout,na,2017,53,0,53,16,2,0,1,0,
serial,PUZ/PUZ119^5.p,TH0,CounterSatisfiable,timeout,na,2017,713,20,713,76,0,0,1,0,
serial,PUZ/PUZ120^5.p,TH0,CounterSatisfiable,timeout,na,2015,729,22,729,77,0,0,1,0,
serial,PUZ/PUZ121^5.p,TH0,CounterSatisfiable,timeout,na,2008,55,0,55,20,1,0,0,0,
serial,PUZ/PUZ122^5.p,TH0,Unknown,timeout,na,2026,206,3,206,42,0,0,0,0,
serial,PUZ/PUZ123^5.p,TH0,CounterSatisfiable,timeout,na,2013,553,21,553,51,14,0,1,0,
serial,PUZ/PUZ124^5.p,TH0,CounterSatisfiable,timeout,na,2019,65,0,65,10,6,0,0,0,
serial,PUZ/PUZ125^5.p,TH0,CounterSatisfiable,timeout,na,2017,56,1,56,16,2,0,1,0,
serial,PUZ/PUZ126^5.p,TH0,CounterSatisfiable,timeout,na,2018,41,0,41,11,0,0,0,0,
serial,PUZ/PUZ127^5.p,TH0,Theorem,timeout,na,2040,463,14,463,109,41,0,0,0,
serial,PUZ/PUZ136^1.p,TH0,Theorem,timeout,na,2023,1060,65,1060,68,11,0,4,0,
serial,PUZ/PUZ137^1.p,TH0,Theorem,unk,na,349,363,0,335,31,72,0,0,0,
serial,PUZ/PUZ140^1.p,TH0,Theorem,thm,yes,48,31,0,31,5,1,0,1,1,
serial,PUZ/PUZ140^2.p,TH0,Theorem,timeout,na,2013,835,38,835,65,15,0,1,0,
serial,PUZ/PUZ141^1.p,TH0,Theorem,timeout,na,2022,717,32,717,58,15,0,1,0,
serial,PUZ/PUZ142^1.p,TH0,Theorem,timeout,na,2239,1925,2,1925,1335,2,0,0,0,
serial,PUZ/PUZ143^1.p,TH0,CounterSatisfiable,timeout,na,2026,1402,36,1402,129,136,0,1,0,
serial,PUZ/PUZ144^1.p,TH0,Theorem,timeout,na,2448,1792,7,1792,1335,0,0,0,0,
serial,PUZ/PUZ145^1.p,TH0,Theorem,timeout,na,2896,1273,31,1273,956,0,0,0,0,
serial,PUZ/PUZ146^1.p,TH0,Theorem,thm,yes,20,28,1,28,3,0,0,1,1,
serial,PUZ/PUZ147^1.p,TH1,Theorem,parse_timeout,na,0,,,,,,,,,cached: parse exceeded 5000ms
serial,PUZ/PUZ148^1.p,TH1,Theorem,parse_timeout,na,0,,,,,,,,,cached: parse exceeded 5000ms
serial,PUZ/PUZ149^13.p,TH0,Theorem,timeout,na,2027,432,10,432,41,15,0,0,0,
serial,PUZ/PUZ150^18.p,TH0,Theorem,timeout,na,2037,375,14,375,29,10,0,0,0,
serial,PUZ/PUZ154^1.p,TH0,CounterSatisfiable,timeout,na,2011,659,48,659,29,2,0,2,0,
serial,QUA/QUA001^1.p,TH0,Theorem,timeout,na,2028,478,23,478,35,7,0,1,0,
serial,QUA/QUA002^1.p,TH0,Theorem,thm,yes,97,67,3,67,4,5,0,0,0,
serial,QUA/QUA003^1.p,TH0,Theorem,timeout,na,2023,600,28,600,40,8,0,1,0,
serial,QUA/QUA004^1.p,TH0,Theorem,timeout,na,2025,637,33,637,41,8,0,1,0,
serial,QUA/QUA005^1.p,TH0,Theorem,timeout,na,2028,661,32,661,41,8,0,1,0,
serial,QUA/QUA006^1.p,TH0,Theorem,timeout,na,2028,685,34,685,44,9,0,1,0,
serial,QUA/QUA007^1.p,TH0,Theorem,timeout,na,2025,491,25,491,34,8,0,1,0,
serial,QUA/QUA008^1.p,TH0,Theorem,timeout,na,2025,463,23,463,32,8,0,1,0,
serial,QUA/QUA009^1.p,TH0,Theorem,timeout,na,2034,972,41,972,103,27,0,0,0,
serial,QUA/QUA010^1.p,TH0,Theorem,timeout,na,2025,632,35,632,42,11,0,0,0,
serial,QUA/QUA011^1.p,TH0,Theorem,timeout,na,2024,623,30,623,41,8,0,1,0,
serial,QUA/QUA012^1.p,TH0,Theorem,timeout,na,2024,635,31,635,41,8,0,1,0,
serial,QUA/QUA013^1.p,TH0,Theorem,timeout,na,2033,531,16,531,71,25,0,4,0,
serial,QUA/QUA014^1.p,TH0,Theorem,timeout,na,2034,533,17,533,71,25,0,4,0,
serial,QUA/QUA015^1.p,TH0,Theorem,timeout,na,2031,494,13,494,73,24,0,4,0,
serial,QUA/QUA016^1.p,TH0,Theorem,timeout,na,2033,500,13,500,71,25,0,4,0,
serial,QUA/QUA017^1.p,TH0,Theorem,timeout,na,2038,1069,47,1069,95,28,0,0,0,
serial,QUA/QUA018^1.p,TH0,Theorem,timeout,na,2034,1044,50,1044,86,32,0,0,0,
serial,QUA/QUA019^1.p,TH0,Theorem,timeout,na,2059,1075,7,1075,239,38,0,1,0,
serial,QUA/QUA020^1.p,TH0,Theorem,timeout,na,2029,769,24,769,85,54,0,1,0,
serial,QUA/QUA021^1.p,TH0,Satisfiable,no_conjecture,na,14,,,,,,,,,
serial,RAL/RAL001^1.p,TH1,Theorem,parse_timeout,na,0,,,,,,,,,cached: parse exceeded 5000ms
serial,RAL/RAL002^1.p,TH1,Theorem,parse_timeout,na,0,,,,,,,,,cached: parse exceeded 5000ms
serial,RAL/RAL003^1.p,TH1,Theorem,parse_timeout,na,0,,,,,,,,,cached: parse exceeded 5000ms
serial,RAL/RAL004^1.p,TH1,Theorem,parse_timeout,na,0,,,,,,,,,cached: parse exceeded 5000ms
serial,RAL/RAL005^1.p,TH1,Theorem,parse_timeout,na,0,,,,,,,,,cached: parse exceeded 5000ms
serial,RAL/RAL006^1.p,TH1,Theorem,parse_timeout,na,0,,,,,,,,,cached: parse exceeded 5000ms
serial,RAL/RAL007^1.p,TH1,Theorem,parse_timeout,na,0,,,,,,,,,cached: parse exceeded 5000ms
serial,RAL/RAL008^1.p,TH1,Theorem,parse_timeout,na,0,,,,,,,,,cached: parse exceeded 5000ms
serial,RAL/RAL009^1.p,TH1,Theorem,parse_timeout,na,0,,,,,,,,,cached: parse exceeded 5000ms
serial,RAL/RAL010^1.p,TH1,Theorem,parse_timeout,na,0,,,,,,,,,cached: parse exceeded 5000ms
serial,RAL/RAL011^1.p,TH1,Theorem,parse_timeout,na,0,,,,,,,,,cached: parse exceeded 5000ms
serial,RAL/RAL012^1.p,TH1,Theorem,parse_timeout,na,0,,,,,,,,,cached: parse exceeded 5000ms
serial,RAL/RAL013^1.p,TH1,Theorem,parse_timeout,na,0,,,,,,,,,cached: parse exceeded 5000ms
serial,RAL/RAL014^1.p,TH1,Theorem,parse_timeout,na,0,,,,,,,,,cached: parse exceeded 5000ms
serial,RAL/RAL015^1.p,TH1,Theorem,parse_timeout,na,0,,,,,,,,,cached: parse exceeded 5000ms
serial,RAL/RAL016^1.p,TH1,Theorem,parse_timeout,na,0,,,,,,,,,cached: parse exceeded 5000ms
serial,RAL/RAL017^1.p,TH1,Theorem,parse_timeout,na,0,,,,,,,,,cached: parse exceeded 5000ms
serial,RAL/RAL018^1.p,TH1,Theorem,parse_timeout,na,0,,,,,,,,,cached: parse exceeded 5000ms
serial,RAL/RAL019^1.p,TH1,Theorem,parse_timeout,na,0,,,,,,,,,cached: parse exceeded 5000ms
serial,RAL/RAL020^1.p,TH1,Theorem,parse_timeout,na,0,,,,,,,,,cached: parse exceeded 5000ms
serial,RAL/RAL021^1.p,TH1,Theorem,parse_timeout,na,0,,,,,,,,,cached: parse exceeded 5000ms
serial,RAL/RAL022^1.p,TH1,Theorem,parse_timeout,na,0,,,,,,,,,cached: parse exceeded 5000ms
serial,RAL/RAL023^1.p,TH1,Theorem,parse_timeout,na,0,,,,,,,,,cached: parse exceeded 5000ms
serial,RAL/RAL024^1.p,TH1,Theorem,parse_timeout,na,0,,,,,,,,,cached: parse exceeded 5000ms
serial,RAL/RAL025^1.p,TH1,Theorem,parse_timeout,na,0,,,,,,,,,cached: parse exceeded 5000ms
serial,RAL/RAL026^1.p,TH1,Theorem,parse_timeout,na,0,,,,,,,,,cached: parse exceeded 5000ms
serial,RAL/RAL027^1.p,TH1,Theorem,parse_timeout,na,0,,,,,,,,,cached: parse exceeded 5000ms
serial,RAL/RAL028^1.p,TH1,Theorem,parse_timeout,na,0,,,,,,,,,cached: parse exceeded 5000ms
serial,RAL/RAL029^1.p,TH1,Theorem,parse_timeout,na,0,,,,,,,,,cached: parse exceeded 5000ms
serial,RAL/RAL030^1.p,TH1,Theorem,parse_timeout,na,0,,,,,,,,,cached: parse exceeded 5000ms
serial,RAL/RAL031^1.p,TH1,Theorem,parse_timeout,na,0,,,,,,,,,cached: parse exceeded 5000ms
serial,RAL/RAL032^1.p,TH1,Theorem,parse_timeout,na,0,,,,,,,,,cached: parse exceeded 5000ms
serial,RAL/RAL033^1.p,TH1,Theorem,parse_timeout,na,0,,,,,,,,,cached: parse exceeded 5000ms
serial,RAL/RAL034^1.p,TH1,Theorem,parse_timeout,na,0,,,,,,,,,cached: parse exceeded 5000ms
serial,RAL/RAL035^1.p,TH1,Theorem,parse_timeout,na,0,,,,,,,,,cached: parse exceeded 5000ms
serial,RAL/RAL036^1.p,TH1,Theorem,parse_timeout,na,0,,,,,,,,,cached: parse exceeded 5000ms
serial,RAL/RAL037^1.p,TH1,Theorem,parse_timeout,na,0,,,,,,,,,cached: parse exceeded 5000ms
serial,RAL/RAL038^1.p,TH1,Theorem,parse_timeout,na,0,,,,,,,,,cached: parse exceeded 5000ms
serial,RAL/RAL039^1.p,TH1,Theorem,parse_timeout,na,0,,,,,,,,,cached: parse exceeded 5000ms
serial,RAL/RAL040^1.p,TH1,Theorem,parse_timeout,na,0,,,,,,,,,cached: parse exceeded 5000ms
serial,RAL/RAL041^1.p,TH1,Theorem,parse_timeout,na,0,,,,,,,,,cached: parse exceeded 5000ms
serial,RAL/RAL042^1.p,TH1,Theorem,parse_timeout,na,0,,,,,,,,,cached: parse exceeded 5000ms
serial,RAL/RAL043^1.p,TH1,Theorem,parse_timeout,na,0,,,,,,,,,cached: parse exceeded 5000ms
serial,RAL/RAL044^1.p,TH1,Theorem,parse_timeout,na,0,,,,,,,,,cached: parse exceeded 5000ms
serial,RAL/RAL045^1.p,TH1,Theorem,parse_timeout,na,0,,,,,,,,,cached: parse exceeded 5000ms
serial,RAL/RAL046^1.p,TH1,Theorem,parse_timeout,na,0,,,,,,,,,cached: parse exceeded 5000ms
serial,RAL/RAL047^1.p,TH1,Theorem,parse_timeout,na,0,,,,,,,,,cached: parse exceeded 5000ms
serial,RAL/RAL048^1.p,TH1,Theorem,parse_timeout,na,0,,,,,,,,,cached: parse exceeded 5000ms
serial,RAL/RAL049^1.p,TH1,Theorem,parse_timeout,na,0,,,,,,,,,cached: parse exceeded 5000ms
serial,RAL/RAL050^1.p,TH1,Theorem,parse_timeout,na,0,,,,,,,,,cached: parse exceeded 5000ms
serial,RAL/RAL051^1.p,TH1,Theorem,parse_timeout,na,0,,,,,,,,,cached: parse exceeded 5000ms
serial,RAL/RAL052^1.p,TH1,Theorem,parse_timeout,na,0,,,,,,,,,cached: parse exceeded 5000ms
serial,RAL/RAL053^1.p,TH1,Theorem,parse_timeout,na,0,,,,,,,,,cached: parse exceeded 5000ms
serial,RAL/RAL054^1.p,TH1,Theorem,parse_timeout,na,0,,,,,,,,,cached: parse exceeded 5000ms
serial,RAL/RAL055^1.p,TH1,Theorem,parse_timeout,na,0,,,,,,,,,cached: parse exceeded 5000ms
serial,RAL/RAL056^1.p,TH1,Theorem,parse_timeout,na,0,,,,,,,,,cached: parse exceeded 5000ms
serial,RAL/RAL057^1.p,TH1,Theorem,parse_timeout,na,0,,,,,,,,,cached: parse exceeded 5000ms
serial,RAL/RAL058^1.p,TH1,Theorem,parse_timeout,na,0,,,,,,,,,cached: parse exceeded 5000ms
serial,RAL/RAL059^1.p,TH1,Theorem,parse_timeout,na,0,,,,,,,,,cached: parse exceeded 5000ms
serial,RAL/RAL060^1.p,TH1,Theorem,parse_timeout,na,0,,,,,,,,,cached: parse exceeded 5000ms
serial,RAL/RAL061^1.p,TH1,Theorem,parse_timeout,na,0,,,,,,,,,cached: parse exceeded 5000ms
serial,RAL/RAL062^1.p,TH1,Theorem,parse_timeout,na,0,,,,,,,,,cached: parse exceeded 5000ms
serial,RAL/RAL063^1.p,TH1,Theorem,parse_timeout,na,0,,,,,,,,,cached: parse exceeded 5000ms
serial,RAL/RAL064^1.p,TH1,Theorem,parse_timeout,na,0,,,,,,,,,cached: parse exceeded 5000ms
serial,RAL/RAL065^1.p,TH1,Theorem,parse_timeout,na,0,,,,,,,,,cached: parse exceeded 5000ms
serial,RAL/RAL066^1.p,TH1,Theorem,parse_timeout,na,0,,,,,,,,,cached: parse exceeded 5000ms
serial,RAL/RAL067^1.p,TH1,Theorem,parse_timeout,na,0,,,,,,,,,cached: parse exceeded 5000ms
serial,RAL/RAL068^1.p,TH1,Theorem,parse_timeout,na,0,,,,,,,,,cached: parse exceeded 5000ms
serial,RAL/RAL069^1.p,TH1,Theorem,parse_timeout,na,0,,,,,,,,,cached: parse exceeded 5000ms
serial,RAL/RAL070^1.p,TH1,Theorem,parse_timeout,na,0,,,,,,,,,cached: parse exceeded 5000ms
serial,SCT/SCT169^1.p,TH0,Theorem,timeout,na,2212,816,18,816,184,0,0,1,0,
serial,SCT/SCT169^2.p,TH0,Theorem,timeout,na,2704,647,64,647,1,0,0,0,0,
serial,SCT/SCT169^3.p,TH1,Theorem,parser_error,na,0,,,,,,,,,cached: Failed to parse formula 'fact_1119_Skolem__list__nth': Syntax Error: '$o' denotes a type and cannot be used as a term.
serial,SCT/SCT170^1.p,TH0,Theorem,timeout,na,2723,213,20,213,2,0,0,0,0,
serial,SCT/SCT170^2.p,TH0,Theorem,timeout,na,4053,119,11,119,2,0,0,0,0,
serial,SCT/SCT170^3.p,TH0,Theorem,timeout,na,5581,102,9,102,2,0,0,0,0,
serial,SCT/SCT171^1.p,TH0,Theorem,thm,yes,843,29,1,29,4,4,0,0,0,
serial,SCT/SCT171^2.p,TH0,Theorem,thm,yes,2717,92,2,92,8,8,0,0,0,
serial,SCT/SCT171^3.p,TH0,ContradictoryAxioms,thm,na,5302,92,2,92,8,8,0,0,0,
serial,SET/SET002^3.p,TH0,Theorem,timeout,na,2077,649,11,649,131,0,0,3,0,
serial,SET/SET002^4.p,TH0,Theorem,timeout,na,2144,1018,17,1018,151,0,0,0,0,
serial,SET/SET002^7.p,TH0,Theorem,timeout,na,2095,668,36,668,60,0,0,0,0,
serial,SET/SET004^4.p,TH0,Theorem,timeout,na,2174,1357,17,1357,226,0,0,0,0,
serial,SET/SET008^5.p,TH0,Theorem,thm,yes,4,3,0,3,1,1,0,0,0,
serial,SET/SET009^5.p,TH0,Theorem,thm,yes,22,16,1,16,2,0,0,1,1,
serial,SET/SET010^5.p,TH0,Theorem,thm,yes,17,4,0,4,1,1,0,0,0,
serial,SET/SET011^5.p,TH0,Theorem,thm,yes,7,3,0,3,1,1,0,0,0,
serial,SET/SET013^7.p,TH0,Theorem,timeout,na,2146,565,36,565,43,0,0,0,0,
serial,SET/SET014^4.p,TH0,Theorem,thm,yes,62,64,0,64,12,9,0,1,1,
serial,SET/SET014^5.p,TH0,Theorem,thm,yes,49,48,0,48,11,1,0,1,1,
serial,SET/SET014^7.p,TH0,Theorem,timeout,na,2234,137,13,137,2,0,0,0,0,
serial,SET/SET017^1.p,TH0,Theorem,timeout,na,2035,1146,37,1146,97,28,0,1,0,
serial,SET/SET018^7.p,TH0,Theorem,timeout,na,2247,423,40,423,5,0,0,0,0,
serial,SET/SET019^4.p,TH0,Theorem,timeout,na,2126,591,13,591,119,0,0,0,0,
serial,SET/SET020^7.p,TH0,Theorem,timeout,na,2483,87,8,87,1,0,0,0,0,
serial,SET/SET027^3.p,TH0,Theorem,timeout,na,2045,897,5,897,143,17,0,5,0,
serial,SET/SET027^5.p,TH0,Theorem,thm,yes,29,22,1,22,5,0,0,1,1,
serial,SET/SET027^7.p,TH0,Theorem,timeout,na,2079,608,11,608,145,8,0,0,0,
serial,SET/SET043^5.p,TH0,Theorem,thm,yes,12,10,0,10,2,0,0,1,1,
serial,SET/SET044^23.p,TH0,Theorem,timeout,na,2043,830,4,830,162,16,0,0,0,
serial,SET/SET044^5.p,TH0,Theorem,thm,yes,83,65,1,65,10,3,0,1,1,
serial,SET/SET045^5.p,TH0,Theorem,thm,yes,17,12,0,12,2,0,0,1,1,
serial,SET/SET045^7.p,TH0,Theorem,timeout,na,2069,285,4,285,55,0,0,0,0,
serial,SET/SET046^5.p,TH0,Theorem,timeout,na,2036,1580,4,1580,205,79,0,0,0,
serial,SET/SET047^1.p,TH0,Theorem,timeout,na,2028,586,2,586,101,10,0,1,0,
serial,SET/SET055^12.p,TH0,Theorem,thm,yes,243,3,0,3,1,1,0,0,0,
serial,SET/SET062^5.p,TH0,Theorem,thm,yes,2,3,0,3,1,1,0,0,0,
serial,SET/SET062^6.p,TH0,Theorem,thm,yes,1,2,0,2,1,1,0,0,0,
serial,SET/SET062^7.p,TH0,Theorem,timeout,na,2144,534,34,534,37,0,0,0,0,
serial,SET/SET063^4.p,TH0,Theorem,timeout,na,2162,1179,16,1179,188,0,0,0,0,
serial,SET/SET063^5.p,TH0,Theorem,thm,yes,7,8,0,8,1,0,0,1,1,
serial,SET/SET066^1.p,TH0,Theorem,thm,yes,32,21,0,21,4,5,0,0,0,
serial,SET/SET067^1.p,TH0,Theorem,thm,yes,21,5,0,5,1,1,0,0,0,
serial,SET/SET076^1.p,TH0,Theorem,thm,yes,36,14,1,14,2,2,0,0,0,
serial,SET/SET086^1.p,TH0,Theorem,thm,yes,24,14,0,14,2,0,0,1,1,
serial,SET/SET096^1.p,TH0,Theorem,thm,yes,70,87,0,87,9,10,0,1,1,
serial,SET/SET143^3.p,TH0,Theorem,thm,yes,55,36,0,36,5,7,0,0,0,
serial,SET/SET143^5.p,TH0,Theorem,thm,yes,9,4,0,4,1,1,0,0,0,
serial,SET/SET144^5.p,TH0,Theorem,thm,yes,50,30,1,30,3,2,0,1,1,
serial,SET/SET159^5.p,TH0,Theorem,thm,yes,9,4,0,4,1,1,0,0,0,
serial,SET/SET162^5.p,TH0,Theorem,thm,yes,3,2,0,2,1,1,0,0,0,
serial,SET/SET169^5.p,TH0,Theorem,thm,yes,14,4,0,4,1,1,0,0,0,
serial,SET/SET171^3.p,TH0,Theorem,thm,yes,63,36,0,36,4,7,0,0,0,
serial,SET/SET171^5.p,TH0,Theorem,thm,yes,13,4,0,4,1,1,0,0,0,
serial,SET/SET173^5.p,TH0,Theorem,thm,yes,5,3,0,3,1,1,0,0,0,
serial,SET/SET175^5.p,TH0,Theorem,thm,yes,4,3,0,3,1,1,0,0,0,
serial,SET/SET183^5.p,TH0,Theorem,thm,yes,24,29,1,29,3,2,0,1,1,
serial,SET/SET185^5.p,TH0,Theorem,thm,yes,4,3,0,3,1,1,0,0,0,
serial,SET/SET194^5.p,TH0,Theorem,thm,yes,3,4,0,4,1,1,0,0,0,
serial,SET/SET196^5.p,TH0,Theorem,thm,yes,3,4,0,4,1,1,0,0,0,
serial,SET/SET199^5.p,TH0,Theorem,thm,yes,31,19,1,19,3,0,0,1,1,
serial,SET/SET200^5.p,TH0,Theorem,thm,yes,73,53,0,53,11,1,0,1,1,
serial,SET/SET201^5.p,TH0,Theorem,thm,yes,72,74,0,74,12,9,0,1,1,
serial,SET/SET557^1.p,TH0,Theorem,thm,yes,138,30,2,30,3,0,0,1,1,
serial,SET/SET557^6.p,TH0,Theorem,timeout,na,2009,496,24,496,42,0,0,0,0,
serial,SET/SET574^20.p,TH0,Theorem,timeout,na,2043,614,11,614,134,4,0,0,0,
serial,SET/SET575^7.p,TH0,Theorem,timeout,na,2070,269,12,269,27,0,0,0,0,
serial,SET/SET576^7.p,TH0,Theorem,timeout,na,2122,1138,7,1138,320,48,0,0,0,
serial,SET/SET579^3.p,TH0,Theorem,timeout,na,2106,912,11,912,259,0,0,2,0,
serial,SET/SET580^3.p,TH0,Theorem,thm,yes,78,46,0,46,7,10,0,0,0,
serial,SET/SET580^5.p,TH0,Theorem,thm,yes,5,4,0,4,1,1,0,0,0,
serial,SET/SET582^5.p,TH0,Theorem,thm,yes,321,232,0,232,26,38,0,1,1,
serial,SET/SET583^7.p,TH0,Theorem,timeout,na,2087,516,14,516,90,0,0,0,0,
serial,SET/SET584^5.p,TH0,Theorem,thm,yes,21,16,1,16,2,0,0,1,1,
serial,SET/SET585^5.p,TH0,Theorem,thm,yes,4,5,0,5,1,1,0,0,0,
serial,SET/SET586^5.p,TH0,Theorem,thm,yes,23,16,1,16,2,0,0,1,1,
serial,SET/SET587^5.p,TH0,Theorem,thm,yes,59,78,1,78,6,9,0,1,1,
serial,SET/SET588^5.p,TH0,Theorem,thm,yes,21,16,1,16,2,0,0,1,1,
serial,SET/SET589^5.p,TH0,Theorem,thm,yes,67,47,1,47,10,0,0,1,1,
serial,SET/SET590^5.p,TH0,Theorem,thm,yes,4,4,0,4,1,1,0,0,0,
serial,SET/SET591^5.p,TH0,Theorem,thm,yes,9,9,0,9,1,0,0,1,1,
serial,SET/SET592^5.p,TH0,Theorem,thm,yes,73,86,3,86,10,0,0,1,1,
serial,SET/SET593^5.p,TH0,Theorem,thm,yes,9,4,0,4,1,1,0,0,0,
serial,SET/SET594^5.p,TH0,Theorem,thm,yes,39,27,1,27,4,1,0,1,1,
serial,SET/SET595^5.p,TH0,Theorem,thm,yes,21,24,1,24,3,1,0,1,1,
serial,SET/SET596^5.p,TH0,Theorem,thm,yes,49,55,3,55,5,1,0,1,1,
serial,SET/SET597^5.p,TH0,Theorem,timeout,na,2014,475,8,475,67,22,0,0,0,
serial,SET/SET598^5.p,TH0,Theorem,timeout,na,2016,714,13,714,77,32,0,0,0,
serial,SET/SET599^5.p,TH0,Theorem,thm,yes,5,4,0,4,1,1,0,0,0,
serial,SET/SET600^5.p,TH0,Theorem,thm,yes,72,59,3,59,6,4,0,1,1,
serial,SET/SET601^3.p,TH0,Theorem,thm,yes,127,78,0,78,9,18,0,0,0,
serial,SET/SET601^5.p,TH0,Theorem,thm,yes,19,4,0,4,1,1,0,0,0,
serial,SET/SET603^5.p,TH0,Theorem,thm,yes,3,2,0,2,1,1,0,0,0,
serial,SET/SET604^5.p,TH0,Theorem,thm,yes,2,2,0,2,1,1,0,0,0,
serial,SET/SET605^5.p,TH0,Theorem,thm,yes,4,3,0,3,1,1,0,0,0,
serial,SET/SET606^3.p,TH0,Theorem,thm,yes,44,25,0,25,4,5,0,0,0,
serial,SET/SET606^5.p,TH0,Theorem,thm,yes,7,3,0,3,1,1,0,0,0,
serial,SET/SET607^3.p,TH0,Theorem,thm,yes,42,25,0,25,4,5,0,0,0,
serial,SET/SET607^5.p,TH0,Theorem,thm,yes,6,3,0,3,1,1,0,0,0,
serial,SET/SET608^5.p,TH0,Theorem,thm,yes,5,3,0,3,1,1,0,0,0,
serial,SET/SET609^3.p,TH0,Theorem,thm,yes,63,38,0,38,5,7,0,0,0,
serial,SET/SET609^5.p,TH0,Theorem,thm,yes,15,4,0,4,1,1,0,0,0,
serial,SET/SET610^5.p,TH0,Theorem,thm,yes,7,3,0,3,1,1,0,0,0,
serial,SET/SET611^3.p,TH0,Theorem,timeout,na,2080,2065,118,2065,150,217,0,0,0,
serial,SET/SET611^5.p,TH0,Theorem,thm,yes,50,54,2,54,6,3,0,1,1,
serial,SET/SET612^3.p,TH0,Theorem,thm,yes,62,36,0,36,5,7,0,0,0,
serial,SET/SET612^5.p,TH0,Theorem,thm,yes,12,4,0,4,1,1,0,0,0,
serial,SET/SET613^5.p,TH0,Theorem,thm,yes,11,3,0,3,1,1,0,0,0,
serial,SET/SET614^3.p,TH0,Theorem,thm,yes,58,36,0,36,5,7,0,0,0,
serial,SET/SET614^5.p,TH0,Theorem,thm,yes,11,4,0,4,1,1,0,0,0,
serial,SET/SET615^3.p,TH0,Theorem,thm,yes,80,67,0,67,7,14,0,0,0,
serial,SET/SET615^5.p,TH0,Theorem,thm,yes,11,4,0,4,1,1,0,0,0,
serial,SET/SET616^5.p,TH0,Theorem,thm,yes,45,59,0,59,7,9,0,1,1,
serial,SET/SET617^5.p,TH0,Theorem,thm,yes,5,2,0,2,1,1,0,0,0,
serial,SET/SET618^5.p,TH0,Theorem,thm,yes,3,2,0,2,1,1,0,0,0,
serial,SET/SET619^5.p,TH0,Theorem,thm,yes,8,3,0,3,1,1,0,0,0,
serial,SET/SET620^5.p,TH0,Theorem,thm,yes,11,3,0,3,1,1,0,0,0,
serial,SET/SET621^5.p,TH0,Theorem,thm,yes,21,4,0,4,1,1,0,0,0,
serial,SET/SET622^5.p,TH0,Theorem,thm,yes,21,4,0,4,1,1,0,0,0,
serial,SET/SET623^3.p,TH0,Theorem,thm,yes,147,122,0,122,11,28,0,0,0,
serial,SET/SET623^5.p,TH0,Theorem,thm,yes,36,4,0,4,1,1,0,0,0,
serial,SET/SET624^3.p,TH0,Theorem,timeout,na,2019,217,4,217,25,32,0,2,0,
serial,SET/SET624^5.p,TH0,Theorem,thm,yes,122,137,0,137,17,15,0,1,1,
serial,SET/SET625^5.p,TH0,Theorem,thm,yes,32,31,1,31,7,0,0,1,1,
serial,SET/SET626^5.p,TH0,Theorem,thm,yes,15,15,1,15,2,0,0,1,1,
serial,SET/SET627^5.p,TH0,Theorem,thm,yes,3,3,0,3,1,1,0,0,0,
serial,SET/SET628^5.p,TH0,Theorem,thm,yes,13,14,0,14,2,2,0,1,1,
serial,SET/SET629^5.p,TH0,Theorem,thm,yes,4,4,0,4,1,1,0,0,0,
serial,SET/SET630^3.p,TH0,Theorem,thm,yes,24,5,0,5,1,1,0,0,0,
serial,SET/SET630^5.p,TH0,Theorem,thm,yes,6,4,0,4,1,1,0,0,0,
serial,SET/SET631^5.p,TH0,Theorem,thm,yes,21,16,1,16,2,0,0,1,1,
serial,SET/SET632^5.p,TH0,Theorem,thm,yes,60,74,4,74,10,0,0,1,1,
serial,SET/SET633^5.p,TH0,Theorem,thm,yes,99,107,0,107,28,7,0,1,1,
serial,SET/SET634^5.p,TH0,Theorem,thm,yes,11,4,0,4,1,1,0,0,0,
serial,SET/SET635^5.p,TH0,Theorem,thm,yes,13,4,0,4,1,1,0,0,0,
serial,SET/SET636^5.p,TH0,Theorem,thm,yes,41,50,1,50,6,5,0,1,1,
serial,SET/SET638^5.p,TH0,Theorem,thm,yes,67,83,1,83,8,12,0,1,1,
serial,SET/SET640^3.p,TH0,Theorem,thm,yes,479,470,20,470,45,24,0,1,1,
serial,SET/SET646^3.p,TH0,Theorem,thm,yes,161,84,6,84,4,6,0,0,0,
serial,SET/SET647^3.p,TH0,Theorem,thm,yes,82,37,0,37,4,4,0,1,1,
serial,SET/SET648^3.p,TH0,Theorem,thm,yes,80,29,0,29,4,0,0,1,1,
serial,SET/SET649^3.p,TH0,Theorem,thm,yes,112,62,1,62,12,1,0,1,1,
serial,SET/SET651^3.p,TH0,Theorem,thm,yes,220,188,7,188,17,9,0,1,1,
serial,SET/SET657^3.p,TH0,Theorem,thm,yes,79,32,2,32,2,1,0,1,1,
serial,SET/SET669^3.p,TH0,Theorem,timeout,na,2081,1555,62,1555,122,73,0,0,0,
serial,SET/SET670^3.p,TH0,Theorem,thm,yes,95,31,1,31,5,0,0,1,1,
serial,SET/SET671^3.p,TH0,Theorem,timeout,na,2054,264,2,264,17,35,0,2,0,
serial,SET/SET672^3.p,TH0,Theorem,thm,yes,84,23,1,23,3,0,0,1,1,
serial,SET/SET673^3.p,TH0,Theorem,timeout,na,2055,305,3,305,25,38,0,2,0,
serial,SET/SET680^3.p,TH0,Theorem,thm,yes,155,76,1,76,9,3,0,1,1,
serial,SET/SET683^3.p,TH0,Theorem,thm,yes,112,48,1,48,7,0,0,1,1,
serial,SET/SET684^3.p,TH0,Theorem,thm,yes,80,11,0,11,2,2,0,0,0,
serial,SET/SET716^4.p,TH0,Theorem,timeout,na,2028,1012,40,1012,84,21,0,1,0,
serial,SET/SET724^4.p,TH0,Theorem,timeout,na,2027,559,23,559,49,6,0,2,0,
serial,SET/SET741^4.p,TH0,Theorem,timeout,na,2034,851,30,851,82,14,0,1,0,
serial,SET/SET747^4.p,TH0,Theorem,timeout,na,2070,1702,40,1702,405,8,0,4,0,
serial,SET/SET752^4.p,TH0,Theorem,timeout,na,2050,1302,31,1302,104,79,0,1,0,
serial,SET/SET753^4.p,TH0,Theorem,thm,yes,83,49,2,49,7,6,0,1,1,
serial,SET/SET764^4.p,TH0,Theorem,thm,yes,36,14,0,14,2,2,0,0,0,
serial,SET/SET907^7.p,TH0,Theorem,timeout,na,2113,629,37,629,52,0,0,0,0,
serial,SET/SET908^7.p,TH0,Theorem,timeout,na,2162,254,18,254,17,0,0,0,0,
serial,SET/SET914^7.p,TH0,Theorem,timeout,na,2118,634,37,634,51,0,0,0,0,
serial,SET/SET916^7.p,TH0,Theorem,timeout,na,2186,246,14,246,17,0,0,0,0,
serial,SET/SET924^1.p,TH0,Theorem,thm,yes,45,1,0,1,1,1,0,0,0,
serial,SET/SET925^7.p,TH0,Theorem,thm,yes,109,1,0,1,1,1,0,0,0,
serial,SET/SET926^11.p,TH0,Theorem,timeout,na,2068,720,19,720,107,0,0,0,0,
serial,SET/SET926^12.p,TH0,Theorem,timeout,na,2063,658,18,658,99,0,0,0,0,
serial,SET/SET926^20.p,TH0,Theorem,timeout,na,2063,673,19,673,100,0,0,0,0,
serial,SET/SET926^7.p,TH0,Theorem,timeout,na,2088,653,37,653,57,0,0,0,0,
serial,SET/SET926^8.p,TH0,Theorem,timeout,na,2061,657,18,657,99,0,0,0,0,
serial,SEU/SEU452^1.p,TH0,Theorem,timeout,na,2013,311,15,311,35,1,0,0,0,
serial,SEU/SEU453^1.p,TH0,Theorem,thm,yes,56,5,0,5,1,1,0,0,0,
serial,SEU/SEU454^1.p,TH0,Theorem,thm,yes,57,3,0,3,1,1,0,0,0,
serial,SEU/SEU455^1.p,TH0,Theorem,thm,yes,55,5,0,5,1,1,0,0,0,
serial,SEU/SEU456^1.p,TH0,Theorem,thm,yes,79,21,1,21,3,0,0,1,1,
serial,SEU/SEU457^1.p,TH0,Theorem,thm,yes,57,5,0,5,1,1,0,0,0,
serial,SEU/SEU458^1.p,TH0,Theorem,thm,yes,58,3,0,3,1,1,0,0,0,
serial,SEU/SEU459^1.p,TH0,Theorem,thm,yes,55,5,0,5,1,1,0,0,0,
serial,SEU/SEU460^1.p,TH0,Theorem,thm,yes,680,359,2,359,52,57,0,1,1,
serial,SEU/SEU461^1.p,TH0,Theorem,timeout,na,2060,321,14,321,35,4,0,0,0,
serial,SEU/SEU462^1.p,TH0,Theorem,timeout,na,2061,227,9,227,29,0,0,1,0,
serial,SEU/SEU463^1.p,TH0,Theorem,timeout,na,2069,240,9,240,33,0,0,1,0,
serial,SEU/SEU464^1.p,TH0,Theorem,timeout,na,2072,269,13,269,27,0,0,1,0,
serial,SEU/SEU465^1.p,TH0,Theorem,thm,yes,67,5,0,5,1,1,0,0,0,
serial,SEU/SEU466^1.p,TH0,Theorem,timeout,na,2059,303,12,303,34,3,0,0,0,
serial,SEU/SEU467^1.p,TH0,Theorem,thm,yes,106,20,1,20,3,0,0,1,1,
serial,SEU/SEU468^1.p,TH0,Theorem,timeout,na,2060,403,15,403,41,8,0,1,0,
serial,SEU/SEU469^1.p,TH0,Theorem,timeout,na,2062,300,15,300,33,5,0,0,0,
serial,SEU/SEU470^1.p,TH0,CounterSatisfiable,timeout,na,2059,126,7,126,8,3,0,0,0,
serial,SEU/SEU471^1.p,TH0,CounterSatisfiable,timeout,na,2061,230,12,230,23,1,0,0,0,
serial,SEU/SEU472^1.p,TH0,Theorem,thm,yes,159,32,2,32,3,0,0,1,1,
serial,SEU/SEU473^1.p,TH0,Theorem,timeout,na,2065,442,23,442,55,1,0,0,0,
serial,SEU/SEU474^1.p,TH0,Theorem,thm,yes,101,37,0,37,5,8,0,0,0,
serial,SEU/SEU475^1.p,TH0,Theorem,timeout,na,2058,99,6,99,11,1,0,0,0,
serial,SEU/SEU476^1.p,TH0,Theorem,timeout,na,2066,375,14,375,58,5,0,0,0,
serial,SEU/SEU477^1.p,TH0,Theorem,timeout,na,2063,455,17,455,46,1,0,1,0,
serial,SEU/SEU478^1.p,TH0,Theorem,timeout,na,2066,557,24,557,48,0,0,4,0,
serial,SEU/SEU479^1.p,TH0,Theorem,timeout,na,2066,537,26,537,49,0,0,3,0,
serial,SEU/SEU480^1.p,TH0,Theorem,timeout,na,2064,533,24,533,46,0,0,2,0,
serial,SEU/SEU481^1.p,TH0,Theorem,timeout,na,2058,226,11,226,24,0,0,3,0,
serial,SEU/SEU482^1.p,TH0,Theorem,timeout,na,2058,96,1,96,15,0,0,2,0,
serial,SEU/SEU483^1.p,TH0,Theorem,timeout,na,2069,586,26,586,56,0,0,2,0,
serial,SEU/SEU484^1.p,TH0,Theorem,thm,yes,267,34,0,34,5,0,0,2,1,
serial,SEU/SEU485^1.p,TH0,Theorem,timeout,na,2063,156,6,156,16,3,0,0,0,
serial,SEU/SEU486^1.p,TH0,Theorem,timeout,na,2067,345,15,345,69,3,0,0,0,
serial,SEU/SEU487^1.p,TH0,Theorem,timeout,na,2058,36,2,36,4,0,0,0,0,
serial,SEU/SEU488^1.p,TH0,Theorem,timeout,na,2065,240,9,240,57,1,0,0,0,
serial,SEU/SEU489^1.p,TH0,CounterSatisfiable,timeout,na,2064,194,11,194,20,1,0,0,0,
serial,SEU/SEU490^1.p,TH0,Theorem,timeout,na,2065,296,11,296,42,2,0,0,0,
serial,SEU/SEU491^1.p,TH0,Theorem,timeout,na,2061,288,10,288,40,10,0,1,0,
serial,SEU/SEU492^1.p,TH0,Theorem,timeout,na,2107,1653,53,1653,315,56,0,1,0,
serial,SEU/SEU493^1.p,TH0,Theorem,timeout,na,2091,1271,37,1271,214,39,0,1,0,
serial,SEU/SEU494^1.p,TH0,Theorem,timeout,na,2123,1680,61,1680,405,23,0,3,0,
serial,SEU/SEU495^1.p,TH0,Theorem,thm,yes,235,120,4,120,9,8,0,1,1,
serial,SEU/SEU496^1.p,TH0,Theorem,timeout,na,2059,254,9,254,33,0,0,0,0,
serial,SEU/SEU497^1.p,TH0,Theorem,timeout,na,2087,935,10,935,194,16,0,1,0,
serial,SEU/SEU498^1.p,TH0,Theorem,timeout,na,2100,1315,31,1315,305,27,0,0,0,
serial,SEU/SEU499^1.p,TH0,Theorem,thm,yes,336,91,7,91,4,2,0,1,1,
serial,SEU/SEU499^2.p,TH0,Theorem,thm,yes,27,24,0,24,4,2,0,1,1,
serial,SEU/SEU500^1.p,TH0,Theorem,timeout,na,2062,592,30,591,69,1,0,1,0,
serial,SEU/SEU500^2.p,TH0,Theorem,thm,yes,28,20,0,19,2,1,0,1,1,
serial,SEU/SEU501^1.p,TH0,Theorem,thm,yes,149,43,4,43,1,0,0,1,1,
serial,SEU/SEU501^2.p,TH0,Theorem,thm,yes,7,12,1,12,1,1,0,1,1,
serial,SEU/SEU502^1.p,TH0,Theorem,thm,yes,88,6,0,6,1,1,0,0,0,
serial,SEU/SEU502^2.p,TH0,Theorem,thm,yes,6,11,0,11,2,1,0,1,1,
serial,SEU/SEU503^1.p,TH0,Theorem,thm,yes,97,6,0,6,1,1,0,0,0,
serial,SEU/SEU503^2.p,TH0,Theorem,thm,yes,6,11,0,11,2,1,0,1,1,
serial,SEU/SEU504^1.p,TH0,Theorem,thm,yes,203,52,5,52,1,0,0,1,1,
serial,SEU/SEU504^2.p,TH0,Theorem,thm,yes,15,13,1,13,1,0,0,1,1,
serial,SEU/SEU505^1.p,TH0,Theorem,timeout,na,2068,783,42,783,73,0,0,1,0,
serial,SEU/SEU505^2.p,TH0,Theorem,timeout,na,2040,1528,16,1528,318,32,0,0,0,
serial,SEU/SEU506^1.p,TH0,Theorem,timeout,na,2056,510,36,510,31,0,0,1,0,
serial,SEU/SEU506^2.p,TH0,Theorem,timeout,na,2057,1644,9,1644,345,61,0,0,0,
serial,SEU/SEU507^1.p,TH0,Theorem,timeout,na,2053,513,37,513,30,0,0,1,0,
serial,SEU/SEU508^1.p,TH0,Theorem,timeout,na,2069,568,34,568,45,0,0,1,0,
serial,SEU/SEU508^2.p,TH0,Theorem,timeout,na,2016,622,31,622,53,5,0,1,0,
serial,SEU/SEU509^1.p,TH0,Theorem,timeout,na,2063,520,37,520,29,0,0,1,0,
serial,SEU/SEU509^2.p,TH0,Theorem,timeout,na,2055,1750,10,1750,302,58,0,0,0,
serial,SEU/SEU510^1.p,TH0,Theorem,timeout,na,2062,565,36,565,31,0,0,1,0,
serial,SEU/SEU510^2.p,TH0,Theorem,timeout,na,2014,692,37,692,48,3,0,2,0,
serial,SEU/SEU511^1.p,TH0,Theorem,thm,yes,1553,471,30,471,28,0,0,1,1,
serial,SEU/SEU511^2.p,TH0,Theorem,thm,yes,47,27,2,27,2,1,0,1,1,
serial,SEU/SEU512^1.p,TH0,Theorem,timeout,na,2068,390,27,390,24,0,0,2,0,
serial,SEU/SEU512^2.p,TH0,Theorem,timeout,na,2016,856,26,856,99,10,0,0,0,
serial,SEU/SEU513^1.p,TH0,Theorem,thm,yes,701,113,11,113,1,0,0,1,1,
serial,SEU/SEU513^2.p,TH0,Theorem,thm,yes,6,8,0,8,1,0,0,1,1,
serial,SEU/SEU514^1.p,TH0,Theorem,timeout,na,2069,498,37,498,27,0,0,1,0,
serial,SEU/SEU514^2.p,TH0,Theorem,thm,yes,248,82,3,82,9,2,0,1,1,
serial,SEU/SEU515^1.p,TH0,Theorem,timeout,na,2072,470,35,470,25,0,0,1,0,
serial,SEU/SEU515^2.p,TH0,Theorem,timeout,na,2022,842,36,842,67,12,0,1,0,
serial,SEU/SEU516^1.p,TH0,Theorem,timeout,na,2072,480,36,480,24,0,0,1,0,
serial,SEU/SEU516^2.p,TH0,Theorem,timeout,na,2017,845,36,845,63,11,0,1,0,
serial,SEU/SEU517^1.p,TH0,Theorem,timeout,na,2073,341,24,341,19,0,0,1,0,
serial,SEU/SEU517^2.p,TH0,Theorem,timeout,na,2028,790,28,790,127,0,0,0,0,
serial,SEU/SEU518^1.p,TH0,Theorem,timeout,na,2087,527,35,527,39,0,0,1,0,
serial,SEU/SEU518^2.p,TH0,Theorem,timeout,na,2025,1203,13,1203,179,14,0,2,0,
serial,SEU/SEU519^1.p,TH0,Theorem,timeout,na,2071,268,20,268,15,0,0,1,0,
serial,SEU/SEU519^2.p,TH0,Theorem,thm,yes,30,25,0,25,3,1,0,1,1,
serial,SEU/SEU520^1.p,TH0,Theorem,thm,yes,1768,75,7,75,1,1,0,0,0,
serial,SEU/SEU521^1.p,TH0,Theorem,timeout,na,2076,453,34,453,20,0,0,1,0,
serial,SEU/SEU521^2.p,TH0,Theorem,thm,yes,54,31,1,31,5,0,0,1,1,
serial,SEU/SEU522^1.p,TH0,Theorem,timeout,na,2081,416,31,416,20,0,0,1,0,
serial,SEU/SEU522^2.p,TH0,Theorem,timeout,na,2026,1053,17,1053,123,22,0,1,0,
serial,SEU/SEU523^1.p,TH0,Theorem,timeout,na,2087,415,30,415,20,1,0,1,0,
serial,SEU/SEU523^2.p,TH0,Theorem,thm,yes,62,33,1,33,5,1,0,1,1,
serial,SEU/SEU524^1.p,TH0,Theorem,timeout,na,2084,393,29,393,20,0,0,1,0,
serial,SEU/SEU524^2.p,TH0,Theorem,timeout,na,2033,1170,28,1170,162,0,0,5,0,
serial,SEU/SEU525^1.p,TH0,Theorem,timeout,na,2095,492,33,492,36,1,0,1,0,
serial,SEU/SEU525^2.p,TH0,Theorem,timeout,na,2018,932,46,932,63,23,0,1,0,
serial,SEU/SEU526^1.p,TH0,Theorem,timeout,na,2090,405,29,405,19,0,0,1,0,
serial,SEU/SEU526^2.p,TH0,Theorem,timeout,na,2058,1733,10,1733,304,50,0,0,0,
serial,SEU/SEU527^1.p,TH0,Theorem,timeout,na,2085,392,29,392,18,0,0,1,0,
serial,SEU/SEU527^2.p,TH0,Theorem,timeout,na,2049,1299,5,1299,320,2,0,0,0,
serial,SEU/SEU528^1.p,TH0,Theorem,timeout,na,2092,373,28,373,17,0,0,1,0,
serial,SEU/SEU528^2.p,TH0,Theorem,thm,yes,112,119,0,119,21,12,0,1,1,
serial,SEU/SEU529^1.p,TH0,Theorem,thm,yes,1727,164,16,164,1,0,0,1,1,
serial,SEU/SEU529^2.p,TH0,Theorem,thm,yes,12,10,1,10,1,0,0,1,1,
serial,SEU/SEU530^1.p,TH0,Theorem,timeout,na,2098,340,26,340,17,0,0,1,0,
serial,SEU/SEU530^2.p,TH0,Theorem,timeout,na,2025,874,32,874,137,6,0,4,0,
serial,SEU/SEU531^1.p,TH0,Theorem,timeout,na,2094,256,22,256,8,0,0,1,0,
serial,SEU/SEU531^2.p,TH0,Theorem,timeout,na,2043,1249,6,1249,257,0,0,0,0,
serial,SEU/SEU532^1.p,TH0,Theorem,timeout,na,2088,13,1,13,1,0,0,0,0,
serial,SEU/SEU532^2.p,TH0,Theorem,thm,yes,8,10,1,10,1,0,0,1,1,
serial,SEU/SEU533^1.p,TH0,Theorem,timeout,na,2092,10,1,10,1,0,0,0,0,
serial,SEU/SEU533^2.p,TH0,Theorem,thm,yes,22,21,1,21,2,0,0,1,1,
serial,SEU/SEU534^1.p,TH0,Theorem,timeout,na,2096,120,12,120,1,0,0,0,0,
serial,SEU/SEU534^2.p,TH0,Theorem,timeout,na,2015,559,35,559,41,1,0,5,0,
serial,SEU/SEU535^1.p,TH0,Theorem,timeout,na,2096,90,9,90,1,0,0,0,0,
serial,SEU/SEU535^2.p,TH0,Theorem,thm,yes,10,14,0,14,2,1,0,1,1,
serial,SEU/SEU536^1.p,TH0,Theorem,timeout,na,2100,70,7,70,1,0,0,0,0,
serial,SEU/SEU536^2.p,TH0,Theorem,thm,yes,17,13,0,13,2,0,0,1,1,
serial,SEU/SEU537^1.p,TH0,Theorem,timeout,na,2106,61,6,61,1,0,0,0,0,
serial,SEU/SEU537^2.p,TH0,Theorem,thm,yes,17,13,0,13,2,0,0,1,1,
serial,SEU/SEU538^1.p,TH0,Theorem,timeout,na,2105,55,5,55,1,0,0,0,0,
serial,SEU/SEU538^2.p,TH0,Theorem,thm,yes,17,13,0,13,2,0,0,1,1,
serial,SEU/SEU539^1.p,TH0,Theorem,timeout,na,2107,51,5,51,1,0,0,0,0,
serial,SEU/SEU539^2.p,TH0,Theorem,thm,yes,16,13,0,13,2,0,0,1,1,
serial,SEU/SEU540^1.p,TH0,Theorem,timeout,na,2109,43,4,43,1,0,0,0,0,
serial,SEU/SEU540^2.p,TH0,Theorem,timeout,na,2025,709,22,708,93,1,0,1,0,
serial,SEU/SEU541^1.p,TH0,Theorem,timeout,na,2111,41,4,41,1,0,0,0,0,
serial,SEU/SEU541^2.p,TH0,Theorem,thm,yes,8,12,0,11,2,2,0,0,0,
serial,SEU/SEU542^1.p,TH0,Theorem,timeout,na,2114,41,4,41,1,0,0,0,0,
serial,SEU/SEU543^1.p,TH0,Theorem,timeout,na,2115,39,3,39,1,0,0,0,0,
serial,SEU/SEU544^1.p,TH0,Theorem,timeout,na,2113,36,3,36,1,0,0,0,0,
serial,SEU/SEU544^2.p,TH0,Theorem,thm,yes,21,15,0,15,3,1,0,1,1,
serial,SEU/SEU545^1.p,TH0,Theorem,timeout,na,2122,34,3,34,1,0,0,0,0,
serial,SEU/SEU545^2.p,TH0,Theorem,timeout,na,2058,1756,7,1756,296,133,0,0,0,
serial,SEU/SEU546^1.p,TH0,Theorem,timeout,na,2119,30,3,30,1,0,0,0,0,
serial,SEU/SEU546^2.p,TH0,Theorem,timeout,na,2030,1430,34,1430,175,52,0,0,0,
serial,SEU/SEU547^1.p,TH0,Theorem,thm,yes,1356,23,2,23,1,1,0,0,0,
serial,SEU/SEU547^2.p,TH0,Theorem,thm,yes,19,9,0,9,1,1,0,0,0,
serial,SEU/SEU548^1.p,TH0,Theorem,thm,yes,1853,35,1,35,2,2,0,0,0,
serial,SEU/SEU548^2.p,TH0,Theorem,thm,yes,40,16,0,16,2,2,0,0,0,
serial,SEU/SEU549^1.p,TH0,Theorem,timeout,na,2132,34,3,34,1,0,0,0,0,
serial,SEU/SEU549^2.p,TH0,Theorem,thm,yes,52,66,1,66,7,11,0,1,1,
serial,SEU/SEU550^1.p,TH0,Theorem,timeout,na,2134,23,2,23,1,0,0,0,0,
serial,SEU/SEU550^2.p,TH0,Theorem,timeout,na,2041,1503,5,1503,278,101,0,0,0,
serial,SEU/SEU551^1.p,TH0,Theorem,timeout,na,2093,21,2,21,1,0,0,0,0,
serial,SEU/SEU551^2.p,TH0,Theorem,thm,yes,1,1,0,1,1,1,0,0,0,
serial,SEU/SEU551^3.p,TH0,Theorem,thm,yes,1,2,0,2,1,1,0,0,0,
serial,SEU/SEU552^1.p,TH0,Theorem,timeout,na,2142,26,2,26,1,0,0,0,0,
serial,SEU/SEU552^2.p,TH0,Theorem,thm,yes,27,17,1,17,1,1,0,0,0,
serial,SEU/SEU553^1.p,TH0,Theorem,timeout,na,2139,23,2,23,1,0,0,0,0,
serial,SEU/SEU553^2.p,TH0,Theorem,thm,yes,11,10,0,10,1,1,0,0,0,
serial,SEU/SEU554^1.p,TH0,Theorem,timeout,na,2144,21,2,21,1,0,0,0,0,
serial,SEU/SEU555^1.p,TH0,Theorem,timeout,na,2096,19,1,19,1,0,0,0,0,
serial,SEU/SEU556^1.p,TH0,Theorem,timeout,na,2151,28,2,28,1,0,0,0,0,
serial,SEU/SEU557^1.p,TH0,Theorem,timeout,na,2167,29,2,29,1,0,0,0,0,
serial,SEU/SEU557^2.p,TH0,Theorem,timeout,na,2026,698,20,698,81,0,0,1,0,
serial,SEU/SEU558^1.p,TH0,Theorem,timeout,na,2165,20,2,20,1,0,0,0,0,
serial,SEU/SEU558^2.p,TH0,Theorem,timeout,na,2032,788,30,788,97,0,0,1,0,
serial,SEU/SEU559^1.p,TH0,Theorem,timeout,na,2170,22,2,22,1,0,0,0,0,
serial,SEU/SEU559^2.p,TH0,Theorem,thm,yes,18,14,0,14,2,0,0,1,1,
serial,SEU/SEU560^1.p,TH0,Theorem,thm,yes,1354,13,1,13,1,1,0,0,0,
serial,SEU/SEU560^2.p,TH0,Theorem,thm,yes,10,8,0,8,1,1,0,0,0,
serial,SEU/SEU561^1.p,TH0,Theorem,thm,yes,1396,13,1,13,1,1,0,0,0,
serial,SEU/SEU561^2.p,TH0,Theorem,thm,yes,10,8,0,8,1,1,0,0,0,
serial,SEU/SEU562^1.p,TH0,Theorem,timeout,na,2183,19,1,19,1,0,0,0,0,
serial,SEU/SEU562^2.p,TH0,Theorem,thm,yes,26,21,1,21,2,0,0,1,1,
serial,SEU/SEU563^1.p,TH0,Theorem,timeout,na,2184,2,0,2,1,0,0,0,0,
serial,SEU/SEU563^2.p,TH0,Theorem,thm,yes,13,12,1,12,1,0,0,1,1,
serial,SEU/SEU564^1.p,TH0,Theorem,timeout,na,2187,19,1,19,1,0,0,0,0,
serial,SEU/SEU564^2.p,TH0,Theorem,thm,yes,16,13,0,13,2,0,0,1,1,
serial,SEU/SEU565^1.p,TH0,Theorem,timeout,na,2190,19,1,19,1,0,0,0,0,
serial,SEU/SEU565^2.p,TH0,Theorem,thm,yes,34,22,1,22,2,1,0,1,1,
serial,SEU/SEU566^1.p,TH0,Theorem,timeout,na,2192,19,1,19,1,0,0,0,0,
serial,SEU/SEU566^2.p,TH0,Theorem,thm,yes,33,22,1,22,2,1,0,1,1,
serial,SEU/SEU567^1.p,TH0,Theorem,timeout,na,2195,13,1,13,1,0,0,0,0,
serial,SEU/SEU567^2.p,TH0,Theorem,thm,yes,27,17,0,17,3,0,0,1,1,
serial,SEU/SEU568^1.p,TH0,Theorem,thm,yes,1995,15,1,15,1,1,0,0,0,
serial,SEU/SEU568^2.p,TH0,Theorem,thm,yes,17,10,0,10,1,1,0,0,0,
serial,SEU/SEU569^1.p,TH0,Theorem,timeout,na,2200,0,0,0,1,0,0,0,0,
serial,SEU/SEU569^2.p,TH0,Theorem,thm,yes,21,15,0,15,3,0,0,1,1,
serial,SEU/SEU570^1.p,TH0,Theorem,timeout,na,2203,17,1,17,1,0,0,0,0,
serial,SEU/SEU570^2.p,TH0,Theorem,timeout,na,2052,1461,8,1461,340,19,0,4,0,
serial,SEU/SEU571^1.p,TH0,Theorem,timeout,na,2208,0,0,0,1,0,0,0,0,
serial,SEU/SEU571^2.p,TH0,Theorem,thm,yes,824,630,5,630,113,0,0,4,1,
serial,SEU/SEU572^1.p,TH0,Theorem,timeout,na,2215,13,1,13,1,0,0,0,0,
serial,SEU/SEU572^2.p,TH0,Theorem,thm,yes,502,394,3,394,81,34,0,3,1,
serial,SEU/SEU573^1.p,TH0,Theorem,timeout,na,2224,12,1,12,1,0,0,0,0,
serial,SEU/SEU573^2.p,TH0,Theorem,timeout,na,2042,1332,15,1332,275,1,0,5,0,
serial,SEU/SEU574^1.p,TH0,Theorem,timeout,na,2215,13,1,13,1,0,0,0,0,
serial,SEU/SEU574^2.p,TH0,Theorem,timeout,na,2037,1333,40,1333,239,42,0,0,0,
serial,SEU/SEU575^1.p,TH0,Theorem,timeout,na,2226,10,1,10,1,0,0,0,0,
serial,SEU/SEU575^2.p,TH0,Theorem,timeout,na,2039,1660,20,1660,349,51,0,0,0,
serial,SEU/SEU576^1.p,TH0,Theorem,timeout,na,2234,12,1,12,1,0,0,0,0,
serial,SEU/SEU576^2.p,TH0,Theorem,timeout,na,2044,1341,12,1341,274,0,0,5,0,
serial,SEU/SEU577^1.p,TH0,Theorem,timeout,na,2237,12,1,12,1,0,0,0,0,
serial,SEU/SEU577^2.p,TH0,Theorem,timeout,na,2040,1241,9,1241,232,11,0,4,0,
serial,SEU/SEU578^1.p,TH0,Theorem,timeout,na,2241,0,0,0,1,0,0,0,0,
serial,SEU/SEU578^2.p,TH0,Theorem,thm,yes,16,16,1,16,2,0,0,1,1,
serial,SEU/SEU579^1.p,TH0,Theorem,timeout,na,2243,12,1,12,1,0,0,0,0,
serial,SEU/SEU579^2.p,TH0,Theorem,timeout,na,2041,1186,13,1186,190,2,0,2,0,
serial,SEU/SEU580^1.p,TH0,Theorem,timeout,na,2259,0,0,0,1,0,0,0,0,
serial,SEU/SEU580^2.p,TH0,Theorem,timeout,na,2034,1246,18,1246,222,0,0,4,0,
serial,SEU/SEU581^1.p,TH0,Theorem,timeout,na,2254,0,0,0,1,0,0,0,0,
serial,SEU/SEU581^2.p,TH0,Theorem,thm,yes,24,20,1,20,2,0,0,1,1,
serial,SEU/SEU582^1.p,TH0,Theorem,timeout,na,2265,8,0,8,1,0,0,0,0,
serial,SEU/SEU582^2.p,TH0,Theorem,thm,yes,51,36,2,36,4,0,0,1,1,
serial,SEU/SEU583^1.p,TH0,Theorem,timeout,na,2267,2,0,2,1,0,0,0,0,
serial,SEU/SEU584^1.p,TH0,Theorem,timeout,na,2284,8,0,8,1,0,0,0,0,
serial,SEU/SEU584^2.p,TH0,Theorem,thm,yes,53,36,2,36,4,0,0,1,1,
serial,SEU/SEU585^1.p,TH0,Theorem,timeout,na,2282,8,0,8,1,0,0,0,0,
serial,SEU/SEU585^2.p,TH0,Theorem,timeout,na,2047,1030,18,1030,191,11,0,0,0,
serial,SEU/SEU586^1.p,TH0,Theorem,timeout,na,2281,8,0,8,1,0,0,0,0,
serial,SEU/SEU586^2.p,TH0,Theorem,timeout,na,2058,1261,17,1261,354,25,0,4,0,
serial,SEU/SEU587^1.p,TH0,Theorem,timeout,na,2285,0,0,0,1,0,0,0,0,
serial,SEU/SEU587^2.p,TH0,Theorem,thm,yes,948,701,3,701,153,0,0,4,1,
serial,SEU/SEU588^1.p,TH0,Theorem,timeout,na,2299,0,0,0,1,0,0,0,0,
serial,SEU/SEU588^2.p,TH0,Theorem,thm,yes,963,751,3,751,154,0,0,4,1,
serial,SEU/SEU589^1.p,TH0,Theorem,timeout,na,2301,8,0,8,1,0,0,0,0,
serial,SEU/SEU589^2.p,TH0,Theorem,thm,yes,537,198,9,198,21,0,0,4,1,
serial,SEU/SEU590^1.p,TH0,Theorem,timeout,na,2311,5,0,5,1,0,0,0,0,
serial,SEU/SEU590^2.p,TH0,Theorem,timeout,na,2041,1174,19,1174,254,7,0,4,0,
serial,SEU/SEU591^1.p,TH0,Theorem,timeout,na,2310,5,0,5,1,0,0,0,0,
serial,SEU/SEU591^2.p,TH0,Theorem,thm,yes,29,19,1,19,2,0,0,1,1,
serial,SEU/SEU592^1.p,TH0,Theorem,timeout,na,2314,0,0,0,1,0,0,0,0,
serial,SEU/SEU592^2.p,TH0,Theorem,thm,yes,295,195,1,195,35,0,0,4,1,
serial,SEU/SEU593^1.p,TH0,Theorem,timeout,na,2324,5,0,5,1,0,0,0,0,
serial,SEU/SEU593^2.p,TH0,Theorem,timeout,na,2082,1358,15,1358,447,1,0,0,0,
serial,SEU/SEU594^1.p,TH0,Theorem,timeout,na,2324,5,0,5,1,0,0,0,0,
serial,SEU/SEU594^2.p,TH0,Theorem,timeout,na,2043,1066,2,1066,247,10,0,1,0,
serial,SEU/SEU595^1.p,TH0,Theorem,timeout,na,2332,5,0,5,1,0,0,0,0,
serial,SEU/SEU595^2.p,TH0,Theorem,thm,yes,39,18,1,18,2,0,0,1,1,
serial,SEU/SEU596^1.p,TH0,Theorem,timeout,na,2345,5,0,5,1,0,0,0,0,
serial,SEU/SEU596^2.p,TH0,Theorem,timeout,na,2050,1993,35,1993,328,13,0,0,0,
serial,SEU/SEU597^1.p,TH0,Theorem,timeout,na,2345,0,0,0,1,0,0,0,0,
serial,SEU/SEU597^2.p,TH0,Theorem,thm,yes,533,410,2,410,83,0,0,4,1,
serial,SEU/SEU598^1.p,TH0,Theorem,timeout,na,2351,5,0,5,1,0,0,0,0,
serial,SEU/SEU598^2.p,TH0,Theorem,timeout,na,2084,1514,14,1514,487,2,0,0,0,
serial,SEU/SEU599^1.p,TH0,Theorem,timeout,na,2355,5,0,5,1,0,0,0,0,
serial,SEU/SEU599^2.p,TH0,Theorem,timeout,na,2043,1176,3,1176,264,10,0,1,0,
serial,SEU/SEU600^1.p,TH0,Theorem,timeout,na,2364,0,0,0,1,0,0,0,0,
serial,SEU/SEU600^2.p,TH0,Theorem,timeout,na,2106,1641,9,1641,419,0,0,0,0,
serial,SEU/SEU601^1.p,TH0,Theorem,timeout,na,2364,5,0,5,1,0,0,0,0,
serial,SEU/SEU601^2.p,TH0,Theorem,thm,yes,839,251,9,251,27,0,0,4,1,
serial,SEU/SEU602^1.p,TH0,Theorem,timeout,na,2382,5,0,5,1,0,0,0,0,
serial,SEU/SEU602^2.p,TH0,Theorem,thm,yes,30,20,1,20,2,0,0,1,1,
serial,SEU/SEU603^1.p,TH0,Theorem,timeout,na,2382,5,0,5,1,0,0,0,0,
serial,SEU/SEU603^2.p,TH0,Theorem,thm,yes,41,18,1,18,2,0,0,1,1,
serial,SEU/SEU604^1.p,TH0,Theorem,timeout,na,2399,5,0,5,1,0,0,0,0,
serial,SEU/SEU604^2.p,TH0,Theorem,timeout,na,2063,1632,14,1632,401,0,0,0,0,
serial,SEU/SEU605^1.p,TH0,Theorem,timeout,na,2393,5,0,5,1,0,0,0,0,
serial,SEU/SEU605^2.p,TH0,Theorem,thm,yes,34,22,1,22,2,1,0,2,1,
serial,SEU/SEU606^1.p,TH0,Theorem,timeout,na,2400,5,0,5,1,0,0,0,0,
serial,SEU/SEU606^2.p,TH0,Theorem,thm,yes,34,22,1,22,2,1,0,2,1,
serial,SEU/SEU607^1.p,TH0,Theorem,timeout,na,2422,2,0,2,1,0,0,0,0,
serial,SEU/SEU607^2.p,TH0,Theorem,thm,yes,23,18,1,18,2,0,0,1,1,
serial,SEU/SEU608^1.p,TH0,Theorem,timeout,na,2414,2,0,2,1,0,0,0,0,
serial,SEU/SEU608^2.p,TH0,Theorem,thm,yes,28,18,1,18,2,0,0,1,1,
serial,SEU/SEU609^1.p,TH0,Theorem,timeout,na,2429,0,0,0,1,0,0,0,0,
serial,SEU/SEU609^2.p,TH0,Theorem,thm,yes,543,409,2,409,81,0,0,4,1,
serial,SEU/SEU610^1.p,TH0,Theorem,timeout,na,2434,2,0,2,1,0,0,0,0,
serial,SEU/SEU610^2.p,TH0,Theorem,timeout,na,2040,1085,10,1085,167,39,0,2,0,
serial,SEU/SEU611^1.p,TH0,Theorem,timeout,na,2441,2,0,2,1,0,0,0,0,
serial,SEU/SEU611^2.p,TH0,Theorem,timeout,na,2022,630,39,630,53,1,0,1,0,
serial,SEU/SEU612^1.p,TH0,Theorem,timeout,na,2460,2,0,2,1,0,0,0,0,
serial,SEU/SEU612^2.p,TH0,Theorem,timeout,na,2025,582,19,582,87,1,0,4,0,
serial,SEU/SEU613^1.p,TH0,Theorem,timeout,na,2462,2,0,2,1,0,0,0,0,
serial,SEU/SEU613^2.p,TH0,Theorem,timeout,na,2023,682,21,682,106,1,0,4,0,
serial,SEU/SEU614^1.p,TH0,Theorem,timeout,na,2463,2,0,2,1,0,0,0,0,
serial,SEU/SEU614^2.p,TH0,Theorem,thm,yes,90,33,1,33,5,0,0,1,1,
serial,SEU/SEU615^1.p,TH0,Theorem,timeout,na,2478,2,0,2,1,0,0,0,0,
serial,SEU/SEU615^2.p,TH0,Theorem,timeout,na,2020,610,8,610,101,5,0,2,0,
serial,SEU/SEU616^1.p,TH0,Theorem,timeout,na,2490,0,0,0,1,0,0,0,0,
serial,SEU/SEU617^1.p,TH0,Theorem,timeout,na,2508,0,0,0,1,0,0,0,0,
serial,SEU/SEU617^2.p,TH0,Theorem,timeout,na,2038,1048,17,1048,186,83,0,3,0,
serial,SEU/SEU618^1.p,TH0,Theorem,timeout,na,2508,0,0,0,1,0,0,0,0,
serial,SEU/SEU618^2.p,TH0,Theorem,timeout,na,2036,1020,16,1020,185,83,0,3,0,
serial,SEU/SEU619^1.p,TH0,Theorem,timeout,na,2499,0,0,0,1,0,0,0,0,
serial,SEU/SEU619^2.p,TH0,Theorem,thm,yes,374,209,5,209,21,41,0,1,1,
serial,SEU/SEU620^1.p,TH0,Theorem,timeout,na,2504,0,0,0,1,0,0,0,0,
serial,SEU/SEU620^2.p,TH0,Theorem,timeout,na,2014,327,11,327,36,4,0,0,0,
serial,SEU/SEU621^1.p,TH0,Theorem,timeout,na,2537,2,0,2,1,0,0,0,0,
serial,SEU/SEU621^2.p,TH0,Theorem,timeout,na,2033,1322,8,1322,220,0,0,2,0,
serial,SEU/SEU622^1.p,TH0,Theorem,timeout,na,2551,2,0,2,1,0,0,0,0,
serial,SEU/SEU622^2.p,TH0,Theorem,thm,yes,30,26,1,26,5,0,0,1,1,
serial,SEU/SEU623^1.p,TH0,Theorem,timeout,na,2569,2,0,2,1,0,0,0,0,
serial,SEU/SEU623^2.p,TH0,Theorem,timeout,na,2062,1519,39,1519,370,13,0,2,0,
serial,SEU/SEU624^1.p,TH0,Theorem,timeout,na,2560,2,0,2,1,0,0,0,0,
serial,SEU/SEU625^1.p,TH0,Theorem,timeout,na,2589,2,0,2,1,0,0,0,0,
serial,SEU/SEU625^2.p,TH0,Theorem,timeout,na,2047,1142,25,1142,211,0,0,4,0,
serial,SEU/SEU626^1.p,TH0,Theorem,timeout,na,2597,2,0,2,1,0,0,0,0,
serial,SEU/SEU626^2.p,TH0,Theorem,timeout,na,2035,939,19,939,205,6,0,3,0,
serial,SEU/SEU627^1.p,TH0,Theorem,timeout,na,2620,2,0,2,1,0,0,0,0,
serial,SEU/SEU627^2.p,TH0,Theorem,timeout,na,2045,1114,15,1114,235,0,0,4,0,
serial,SEU/SEU628^1.p,TH0,Theorem,timeout,na,2623,2,0,2,1,0,0,0,0,
serial,SEU/SEU628^2.p,TH0,Theorem,timeout,na,2030,713,18,713,137,6,0,3,0,
serial,SEU/SEU629^1.p,TH0,Theorem,timeout,na,2628,2,0,2,1,0,0,0,0,
serial,SEU/SEU629^2.p,TH0,Theorem,timeout,na,2025,648,16,648,152,0,0,4,0,
serial,SEU/SEU630^1.p,TH0,Theorem,timeout,na,2627,2,0,2,1,0,0,0,0,
serial,SEU/SEU630^2.p,TH0,Theorem,timeout,na,2028,662,16,662,108,0,0,4,0,
serial,SEU/SEU631^1.p,TH0,Theorem,timeout,na,2637,2,0,2,1,0,0,0,0,
serial,SEU/SEU631^2.p,TH0,Theorem,timeout,na,2020,498,29,498,43,0,0,1,0,
serial,SEU/SEU632^1.p,TH0,Theorem,timeout,na,2631,2,0,2,1,0,0,0,0,
serial,SEU/SEU632^2.p,TH0,Theorem,timeout,na,2024,763,22,763,106,0,0,0,0,
serial,SEU/SEU633^1.p,TH0,Theorem,timeout,na,2629,2,0,2,1,0,0,0,0,
serial,SEU/SEU633^2.p,TH0,Theorem,timeout,na,2027,944,10,944,175,25,0,2,0,
serial,SEU/SEU634^1.p,TH0,Theorem,timeout,na,2648,0,0,0,1,0,0,0,0,
serial,SEU/SEU634^2.p,TH0,Theorem,timeout,na,2031,1241,17,1241,175,0,0,2,0,
serial,SEU/SEU635^1.p,TH0,Theorem,timeout,na,2666,0,0,0,1,0,0,0,0,
serial,SEU/SEU635^2.p,TH0,Theorem,timeout,na,2031,1162,14,1162,179,0,0,4,0,
serial,SEU/SEU636^1.p,TH0,Theorem,timeout,na,2661,0,0,0,1,0,0,0,0,
serial,SEU/SEU636^2.p,TH0,Theorem,timeout,na,2045,1288,2,1288,364,11,0,0,0,
serial,SEU/SEU637^1.p,TH0,Theorem,timeout,na,2698,0,0,0,1,0,0,0,0,
serial,SEU/SEU637^2.p,TH0,Theorem,timeout,na,2065,1092,33,1092,271,0,0,0,0,
serial,SEU/SEU638^1.p,TH0,Theorem,timeout,na,2689,0,0,0,1,0,0,0,0,
serial,SEU/SEU638^2.p,TH0,Theorem,timeout,na,2023,826,34,826,81,2,0,1,0,
serial,SEU/SEU639^1.p,TH0,Theorem,timeout,na,2699,0,0,0,1,0,0,0,0,
serial,SEU/SEU639^2.p,TH0,Theorem,timeout,na,2062,1102,37,1102,270,0,0,0,0,
serial,SEU/SEU640^1.p,TH0,Theorem,timeout,na,2710,0,0,0,1,0,0,0,0,
serial,SEU/SEU640^2.p,TH0,Theorem,timeout,na,2016,316,11,316,31,10,0,0,0,
serial,SEU/SEU641^1.p,TH0,Theorem,timeout,na,2708,0,0,0,1,0,0,0,0,
serial,SEU/SEU641^2.p,TH0,Theorem,timeout,na,2016,799,35,799,60,4,0,1,0,
serial,SEU/SEU642^1.p,TH0,Theorem,timeout,na,2738,0,0,0,1,0,0,0,0,
serial,SEU/SEU642^2.p,TH0,Theorem,timeout,na,2024,891,50,891,88,12,0,0,0,
serial,SEU/SEU643^1.p,TH0,Theorem,timeout,na,2801,0,0,0,1,0,0,0,0,
serial,SEU/SEU643^2.p,TH0,Theorem,timeout,na,2021,351,14,351,44,0,0,0,0,
serial,SEU/SEU644^1.p,TH0,Theorem,timeout,na,2740,0,0,0,1,0,0,0,0,
serial,SEU/SEU644^2.p,TH0,Theorem,thm,yes,978,269,10,269,24,3,0,1,1,
serial,SEU/SEU645^1.p,TH0,Theorem,timeout,na,2735,0,0,0,1,0,0,0,0,
serial,SEU/SEU645^2.p,TH0,Theorem,timeout,na,2029,657,30,657,67,0,0,1,0,
serial,SEU/SEU646^1.p,TH0,Theorem,timeout,na,2775,0,0,0,1,0,0,0,0,
serial,SEU/SEU646^2.p,TH0,Theorem,timeout,na,2022,691,17,691,100,4,0,0,0,
serial,SEU/SEU647^1.p,TH0,Theorem,timeout,na,2767,0,0,0,1,0,0,0,0,
serial,SEU/SEU647^2.p,TH0,Theorem,timeout,na,2016,501,27,501,32,6,0,1,0,
serial,SEU/SEU648^1.p,TH0,Theorem,timeout,na,2773,0,0,0,1,0,0,0,0,
serial,SEU/SEU648^2.p,TH0,Theorem,timeout,na,2011,182,5,182,15,10,0,2,0,
serial,SEU/SEU649^1.p,TH0,Theorem,timeout,na,2779,0,0,0,1,0,0,0,0,
serial,SEU/SEU649^2.p,TH0,Theorem,timeout,na,2030,910,29,910,153,3,0,0,0,
serial,SEU/SEU650^1.p,TH0,Theorem,timeout,na,2786,0,0,0,1,0,0,0,0,
serial,SEU/SEU650^2.p,TH0,Theorem,timeout,na,2015,605,23,605,59,7,0,1,0,
serial,SEU/SEU651^1.p,TH0,Theorem,timeout,na,2808,0,0,0,1,0,0,0,0,
serial,SEU/SEU651^2.p,TH0,Theorem,timeout,na,2018,800,34,800,59,9,0,1,0,
serial,SEU/SEU652^1.p,TH0,Theorem,timeout,na,2820,0,0,0,1,0,0,0,0,
serial,SEU/SEU652^2.p,TH0,Theorem,timeout,na,2018,746,37,746,53,4,0,1,0,
serial,SEU/SEU653^1.p,TH0,Theorem,timeout,na,2831,0,0,0,1,0,0,0,0,
serial,SEU/SEU653^2.p,TH0,Theorem,timeout,na,2033,1020,34,1020,121,4,0,0,0,
serial,SEU/SEU654^1.p,TH0,Theorem,timeout,na,2832,0,0,0,1,0,0,0,0,
serial,SEU/SEU654^2.p,TH0,Theorem,timeout,na,2011,182,5,182,15,10,0,2,0,
serial,SEU/SEU655^1.p,TH0,Theorem,timeout,na,2919,0,0,0,1,0,0,0,0,
serial,SEU/SEU655^2.p,TH0,Theorem,timeout,na,2023,313,10,313,58,2,0,0,0,
serial,SEU/SEU656^1.p,TH0,Theorem,timeout,na,2878,0,0,0,1,0,0,0,0,
serial,SEU/SEU656^2.p,TH0,Theorem,timeout,na,2028,532,26,532,59,0,0,1,0,
serial,SEU/SEU657^1.p,TH0,Theorem,timeout,na,2907,0,0,0,1,0,0,0,0,
serial,SEU/SEU657^2.p,TH0,Theorem,timeout,na,2013,439,26,439,25,6,0,1,0,
serial,SEU/SEU658^1.p,TH0,Theorem,timeout,na,2903,0,0,0,1,0,0,0,0,
serial,SEU/SEU658^2.p,TH0,Theorem,timeout,na,2025,808,30,808,97,0,0,0,0,
serial,SEU/SEU659^1.p,TH0,Theorem,timeout,na,2920,0,0,0,1,0,0,0,0,
serial,SEU/SEU659^2.p,TH0,Theorem,timeout,na,2028,882,23,882,117,0,0,0,0,
serial,SEU/SEU660^1.p,TH0,Theorem,timeout,na,2942,0,0,0,1,0,0,0,0,
serial,SEU/SEU660^2.p,TH0,Theorem,timeout,na,2028,881,24,881,117,0,0,0,0,
serial,SEU/SEU661^1.p,TH0,Theorem,timeout,na,2920,0,0,0,1,0,0,0,0,
serial,SEU/SEU661^2.p,TH0,Theorem,thm,yes,19,8,0,8,1,1,0,0,0,
serial,SEU/SEU662^1.p,TH0,Theorem,timeout,na,2969,0,0,0,1,0,0,0,0,
serial,SEU/SEU662^2.p,TH0,Theorem,timeout,na,2091,1581,3,1581,419,33,0,0,0,
serial,SEU/SEU663^1.p,TH0,Theorem,timeout,na,2968,0,0,0,1,0,0,0,0,
serial,SEU/SEU663^2.p,TH0,Theorem,timeout,na,2093,1590,3,1590,419,33,0,0,0,
serial,SEU/SEU664^1.p,TH0,Theorem,timeout,na,3006,0,0,0,1,0,0,0,0,
serial,SEU/SEU664^2.p,TH0,Theorem,timeout,na,2034,941,26,941,137,0,0,0,0,
serial,SEU/SEU665^1.p,TH0,Theorem,timeout,na,3018,0,0,0,1,0,0,0,0,
serial,SEU/SEU665^2.p,TH0,Theorem,timeout,na,2036,661,21,661,113,0,0,1,0,
serial,SEU/SEU666^1.p,TH0,Theorem,timeout,na,3026,0,0,0,1,0,0,0,0,
serial,SEU/SEU666^2.p,TH0,Theorem,timeout,na,2044,1343,4,1343,289,0,0,4,0,
serial,SEU/SEU667^1.p,TH0,Theorem,timeout,na,3018,0,0,0,1,0,0,0,0,
serial,SEU/SEU667^2.p,TH0,Theorem,timeout,na,2011,80,7,78,4,0,0,0,0,
serial,SEU/SEU668^1.p,TH0,Theorem,timeout,na,3073,0,0,0,1,0,0,0,0,
serial,SEU/SEU668^2.p,TH0,Theorem,timeout,na,2028,571,28,571,55,8,0,1,0,
serial,SEU/SEU669^1.p,TH0,Theorem,timeout,na,3079,0,0,0,1,0,0,0,0,
serial,SEU/SEU669^2.p,TH0,Theorem,timeout,na,2027,462,13,462,90,2,0,4,0,
serial,SEU/SEU670^1.p,TH0,Theorem,timeout,na,3122,0,0,0,1,0,0,0,0,
serial,SEU/SEU670^2.p,TH0,Theorem,timeout,na,2026,479,14,479,99,6,0,4,0,
serial,SEU/SEU671^1.p,TH0,Theorem,timeout,na,3111,0,0,0,1,0,0,0,0,
serial,SEU/SEU671^2.p,TH0,Theorem,timeout,na,2020,422,19,422,44,4,0,2,0,
serial,SEU/SEU672^1.p,TH0,Theorem,timeout,na,3149,0,0,0,1,0,0,0,0,
serial,SEU/SEU672^2.p,TH0,Theorem,thm,yes,97,41,1,41,8,8,0,0,0,
serial,SEU/SEU673^1.p,TH0,Theorem,timeout,na,3173,0,0,0,1,0,0,0,0,
serial,SEU/SEU673^2.p,TH0,Theorem,timeout,na,2038,929,20,929,122,22,0,1,0,
serial,SEU/SEU674^1.p,TH0,Theorem,timeout,na,3163,0,0,0,1,0,0,0,0,
serial,SEU/SEU674^2.p,TH0,Theorem,timeout,na,2031,520,4,520,85,5,0,1,0,
serial,SEU/SEU675^1.p,TH0,Theorem,timeout,na,3158,0,0,0,1,0,0,0,0,
serial,SEU/SEU675^2.p,TH0,Theorem,timeout,na,2017,345,16,345,37,0,0,1,0,
serial,SEU/SEU676^1.p,TH0,Theorem,timeout,na,3164,0,0,0,1,0,0,0,0,
serial,SEU/SEU676^2.p,TH0,Theorem,timeout,na,2027,343,9,343,54,2,0,1,0,
serial,SEU/SEU677^1.p,TH0,Theorem,timeout,na,3160,0,0,0,1,0,0,0,0,
serial,SEU/SEU677^2.p,TH0,Theorem,timeout,na,2023,512,24,512,74,0,0,1,0,
serial,SEU/SEU678^1.p,TH0,Theorem,timeout,na,3207,0,0,0,1,0,0,0,0,
serial,SEU/SEU678^2.p,TH0,Theorem,timeout,na,2031,183,10,183,19,0,0,0,0,
serial,SEU/SEU679^1.p,TH0,Theorem,timeout,na,3219,0,0,0,1,0,0,0,0,
serial,SEU/SEU679^2.p,TH0,Theorem,timeout,na,2021,70,2,70,12,0,0,0,0,
serial,SEU/SEU680^1.p,TH0,Theorem,timeout,na,3226,0,0,0,1,0,0,0,0,
serial,SEU/SEU680^2.p,TH0,Theorem,timeout,na,2021,90,2,90,12,0,0,0,0,
serial,SEU/SEU681^1.p,TH0,Theorem,timeout,na,3243,0,0,0,1,0,0,0,0,
serial,SEU/SEU681^2.p,TH0,Theorem,timeout,na,2043,964,13,964,204,4,0,0,0,
serial,SEU/SEU682^1.p,TH0,Theorem,timeout,na,3244,0,0,0,1,0,0,0,0,
serial,SEU/SEU682^2.p,TH0,Theorem,timeout,na,2023,240,7,240,35,0,0,0,0,
serial,SEU/SEU683^1.p,TH0,Theorem,timeout,na,3243,0,0,0,1,0,0,0,0,
serial,SEU/SEU683^2.p,TH0,Theorem,timeout,na,2027,726,29,726,93,1,0,1,0,
serial,SEU/SEU684^1.p,TH0,Theorem,timeout,na,3332,0,0,0,1,0,0,0,0,
serial,SEU/SEU684^2.p,TH0,Theorem,timeout,na,2029,589,21,589,55,6,0,1,0,
serial,SEU/SEU685^1.p,TH0,Theorem,timeout,na,3334,0,0,0,1,0,0,0,0,
serial,SEU/SEU685^2.p,TH0,Theorem,timeout,na,2027,397,6,397,73,2,0,1,0,
serial,SEU/SEU686^1.p,TH0,Theorem,timeout,na,3351,0,0,0,1,0,0,0,0,
serial,SEU/SEU686^2.p,TH0,Theorem,timeout,na,2028,391,10,391,37,16,0,0,0,
serial,SEU/SEU687^1.p,TH0,Theorem,timeout,na,3386,0,0,0,1,0,0,0,0,
serial,SEU/SEU687^2.p,TH0,Theorem,timeout,na,2042,697,8,697,73,60,0,0,0,
serial,SEU/SEU688^1.p,TH0,Theorem,timeout,na,3382,0,0,0,1,0,0,0,0,
serial,SEU/SEU688^2.p,TH0,Theorem,timeout,na,2029,393,8,393,68,2,0,0,0,
serial,SEU/SEU689^1.p,TH0,Theorem,timeout,na,3397,0,0,0,1,0,0,0,0,
serial,SEU/SEU689^2.p,TH0,Theorem,timeout,na,2037,640,7,640,128,0,0,2,0,
serial,SEU/SEU690^1.p,TH0,Theorem,timeout,na,3402,0,0,0,1,0,0,0,0,
serial,SEU/SEU690^2.p,TH0,Theorem,timeout,na,2043,732,10,732,211,0,0,0,0,
serial,SEU/SEU691^1.p,TH0,Theorem,timeout,na,3444,0,0,0,1,0,0,0,0,
serial,SEU/SEU691^2.p,TH0,Theorem,timeout,na,2039,432,7,432,77,0,0,0,0,
serial,SEU/SEU692^1.p,TH0,Theorem,timeout,na,3445,0,0,0,1,0,0,0,0,
serial,SEU/SEU692^2.p,TH0,Theorem,timeout,na,2039,829,5,829,224,0,0,0,0,
serial,SEU/SEU693^1.p,TH0,Theorem,timeout,na,3439,0,0,0,1,0,0,0,0,
serial,SEU/SEU693^2.p,TH0,Theorem,thm,yes,22,8,0,8,1,1,0,0,0,
serial,SEU/SEU694^1.p,TH0,Theorem,timeout,na,3486,0,0,0,1,0,0,0,0,
serial,SEU/SEU694^2.p,TH0,Theorem,thm,yes,24,8,0,8,1,1,0,0,0,
serial,SEU/SEU695^1.p,TH0,Theorem,timeout,na,3503,0,0,0,1,0,0,0,0,
serial,SEU/SEU695^2.p,TH0,Theorem,timeout,na,2025,110,4,110,17,0,0,0,0,
serial,SEU/SEU696^1.p,TH0,Theorem,timeout,na,3529,0,0,0,1,0,0,0,0,
serial,SEU/SEU696^2.p,TH0,Theorem,timeout,na,2028,89,3,89,16,0,0,0,0,
serial,SEU/SEU697^1.p,TH0,Theorem,timeout,na,3498,0,0,0,1,0,0,0,0,
serial,SEU/SEU697^2.p,TH0,Theorem,thm,yes,22,5,0,5,1,1,0,0,0,
serial,SEU/SEU698^1.p,TH0,Theorem,timeout,na,3583,0,0,0,1,0,0,0,0,
serial,SEU/SEU699^1.p,TH0,Theorem,timeout,na,3595,0,0,0,1,0,0,0,0,
serial,SEU/SEU699^2.p,TH0,Theorem,timeout,na,2023,107,4,107,16,0,0,0,0,
serial,SEU/SEU700^1.p,TH0,Theorem,timeout,na,3543,0,0,0,1,0,0,0,0,
serial,SEU/SEU700^2.p,TH0,Theorem,timeout,na,2023,581,19,580,66,1,0,4,0,
serial,SEU/SEU701^1.p,TH0,Theorem,timeout,na,3612,0,0,0,1,0,0,0,0,
serial,SEU/SEU701^2.p,TH0,Theorem,timeout,na,2033,642,28,642,69,6,0,1,0,
serial,SEU/SEU702^1.p,TH0,Theorem,timeout,na,3560,0,0,0,1,0,0,0,0,
serial,SEU/SEU702^2.p,TH0,Theorem,timeout,na,2029,505,16,488,85,1,0,4,0,
serial,SEU/SEU703^1.p,TH0,Theorem,timeout,na,3637,0,0,0,1,0,0,0,0,
serial,SEU/SEU703^2.p,TH0,Theorem,timeout,na,2033,618,29,618,75,0,0,1,0,
serial,SEU/SEU704^1.p,TH0,Theorem,timeout,na,3630,0,0,0,1,0,0,0,0,
serial,SEU/SEU704^2.p,TH0,Theorem,timeout,na,2076,849,6,848,189,54,0,0,0,
serial,SEU/SEU705^1.p,TH0,Theorem,timeout,na,3635,0,0,0,1,0,0,0,0,
serial,SEU/SEU705^2.p,TH0,Theorem,timeout,na,2052,815,4,814,210,0,0,1,0,
serial,SEU/SEU706^1.p,TH0,Theorem,timeout,na,3666,0,0,0,1,0,0,0,0,
serial,SEU/SEU706^2.p,TH0,Theorem,timeout,na,2030,842,23,842,143,9,0,0,0,
serial,SEU/SEU707^1.p,TH0,Theorem,timeout,na,3686,0,0,0,1,0,0,0,0,
serial,SEU/SEU707^2.p,TH0,Theorem,timeout,na,2081,1251,7,1251,312,52,0,0,0,
serial,SEU/SEU708^1.p,TH0,Theorem,timeout,na,3707,0,0,0,1,0,0,0,0,
serial,SEU/SEU708^2.p,TH0,Theorem,timeout,na,2062,1120,15,1120,213,82,0,0,0,
serial,SEU/SEU709^1.p,TH0,Theorem,timeout,na,3768,0,0,0,1,0,0,0,0,
serial,SEU/SEU709^2.p,TH0,Theorem,timeout,na,2042,879,22,878,108,32,0,0,0,
serial,SEU/SEU710^1.p,TH0,Theorem,timeout,na,3751,0,0,0,1,0,0,0,0,
serial,SEU/SEU711^1.p,TH0,Theorem,timeout,na,3757,0,0,0,1,0,0,0,0,
serial,SEU/SEU711^2.p,TH0,Theorem,timeout,na,2028,997,31,997,129,1,0,4,0,
serial,SEU/SEU712^1.p,TH0,Theorem,timeout,na,3745,0,0,0,1,0,0,0,0,
serial,SEU/SEU712^2.p,TH0,Theorem,timeout,na,2023,1088,31,1088,120,1,0,4,0,
serial,SEU/SEU713^1.p,TH0,Theorem,timeout,na,3811,0,0,0,1,0,0,0,0,
serial,SEU/SEU713^2.p,TH0,Theorem,timeout,na,2032,1207,29,1207,172,0,0,4,0,
serial,SEU/SEU714^1.p,TH0,Theorem,timeout,na,3814,0,0,0,1,0,0,0,0,
serial,SEU/SEU714^2.p,TH0,Theorem,timeout,na,2036,1398,14,1398,275,0,0,4,0,
serial,SEU/SEU715^1.p,TH0,Theorem,timeout,na,3844,0,0,0,1,0,0,0,0,
serial,SEU/SEU715^2.p,TH0,Theorem,timeout,na,2036,1177,36,1177,226,10,0,0,0,
serial,SEU/SEU716^1.p,TH0,Theorem,timeout,na,3851,0,0,0,1,0,0,0,0,
serial,SEU/SEU716^2.p,TH0,Theorem,timeout,na,2037,1218,14,1218,220,0,0,2,0,
serial,SEU/SEU717^1.p,TH0,Theorem,timeout,na,3867,0,0,0,1,0,0,0,0,
serial,SEU/SEU717^2.p,TH0,Theorem,timeout,na,2032,849,7,849,203,0,0,1,0,
serial,SEU/SEU718^1.p,TH0,Theorem,timeout,na,3911,0,0,0,1,0,0,0,0,
serial,SEU/SEU718^2.p,TH0,Theorem,timeout,na,2039,1682,103,1682,196,45,0,1,0,
serial,SEU/SEU719^1.p,TH0,Theorem,timeout,na,3913,0,0,0,1,0,0,0,0,
serial,SEU/SEU719^2.p,TH0,Theorem,thm,yes,41,22,1,22,2,0,0,1,1,
serial,SEU/SEU720^1.p,TH0,Theorem,timeout,na,3938,0,0,0,1,0,0,0,0,
serial,SEU/SEU720^2.p,TH0,Theorem,timeout,na,2084,1388,3,1388,629,0,0,3,0,
serial,SEU/SEU721^1.p,TH0,Theorem,timeout,na,3960,0,0,0,1,0,0,0,0,
serial,SEU/SEU721^2.p,TH0,Theorem,thm,yes,55,25,1,25,2,0,0,1,1,
serial,SEU/SEU722^1.p,TH0,Theorem,timeout,na,3992,0,0,0,1,0,0,0,0,
serial,SEU/SEU722^2.p,TH0,Theorem,thm,yes,54,25,1,25,2,0,0,1,1,
serial,SEU/SEU723^1.p,TH0,Theorem,timeout,na,4045,0,0,0,1,0,0,0,0,
serial,SEU/SEU723^2.p,TH0,Theorem,timeout,na,2051,1389,40,1389,270,56,0,1,0,
serial,SEU/SEU724^1.p,TH0,Theorem,timeout,na,4021,0,0,0,1,0,0,0,0,
serial,SEU/SEU724^2.p,TH0,Theorem,thm,yes,86,38,3,38,4,0,0,1,1,
serial,SEU/SEU725^1.p,TH0,Theorem,timeout,na,4081,0,0,0,1,0,0,0,0,
serial,SEU/SEU725^2.p,TH0,Theorem,timeout,na,2077,1217,8,1217,399,0,0,1,0,
serial,SEU/SEU726^1.p,TH0,Theorem,timeout,na,4119,0,0,0,1,0,0,0,0,
serial,SEU/SEU726^2.p,TH0,Theorem,timeout,na,2047,866,6,866,242,0,0,3,0,
serial,SEU/SEU727^1.p,TH0,Theorem,timeout,na,4071,0,0,0,1,0,0,0,0,
serial,SEU/SEU727^2.p,TH0,Theorem,timeout,na,2048,1294,45,1294,299,6,0,3,0,
serial,SEU/SEU728^1.p,TH0,Theorem,timeout,na,4102,0,0,0,1,0,0,0,0,
serial,SEU/SEU728^2.p,TH0,Theorem,timeout,na,2076,1351,12,1351,471,5,0,3,0,
serial,SEU/SEU729^1.p,TH0,Theorem,timeout,na,4160,0,0,0,1,0,0,0,0,
serial,SEU/SEU729^2.p,TH0,Theorem,timeout,na,2038,896,8,896,221,0,0,0,0,
serial,SEU/SEU730^1.p,TH0,Theorem,timeout,na,4198,0,0,0,1,0,0,0,0,
serial,SEU/SEU730^2.p,TH0,Theorem,timeout,na,2038,895,7,895,216,0,0,0,0,
serial,SEU/SEU731^1.p,TH0,Theorem,timeout,na,4206,0,0,0,1,0,0,0,0,
serial,SEU/SEU731^2.p,TH0,Theorem,timeout,na,2037,726,6,726,183,0,0,0,0,
serial,SEU/SEU732^1.p,TH0,Theorem,timeout,na,4209,0,0,0,1,0,0,0,0,
serial,SEU/SEU732^2.p,TH0,Theorem,timeout,na,2039,945,19,945,194,8,0,2,0,
serial,SEU/SEU733^1.p,TH0,Theorem,timeout,na,4248,0,0,0,1,0,0,0,0,
serial,SEU/SEU733^2.p,TH0,Theorem,timeout,na,2032,706,21,706,131,0,0,2,0,
serial,SEU/SEU734^1.p,TH0,Theorem,timeout,na,4315,0,0,0,1,0,0,0,0,
serial,SEU/SEU734^2.p,TH0,Theorem,timeout,na,2059,1019,7,1019,331,0,0,0,0,
serial,SEU/SEU735^1.p,TH0,Theorem,timeout,na,4291,0,0,0,1,0,0,0,0,
serial,SEU/SEU735^2.p,TH0,Theorem,timeout,na,2036,1023,10,1023,267,3,0,2,0,
serial,SEU/SEU736^1.p,TH0,Theorem,timeout,na,4358,0,0,0,1,0,0,0,0,
serial,SEU/SEU736^2.p,TH0,Theorem,timeout,na,2034,713,19,713,148,0,0,2,0,
serial,SEU/SEU737^1.p,TH0,Theorem,timeout,na,4378,0,0,0,1,0,0,0,0,
serial,SEU/SEU737^2.p,TH0,Theorem,timeout,na,2039,794,7,794,198,0,0,0,0,
serial,SEU/SEU738^1.p,TH0,Theorem,timeout,na,4360,0,0,0,1,0,0,0,0,
serial,SEU/SEU738^2.p,TH0,Theorem,thm,yes,52,25,1,25,2,0,0,1,1,
serial,SEU/SEU739^1.p,TH0,Theorem,timeout,na,4369,0,0,0,1,0,0,0,0,
serial,SEU/SEU739^2.p,TH0,Theorem,thm,yes,58,25,1,25,2,0,0,1,1,
serial,SEU/SEU740^1.p,TH0,Theorem,timeout,na,4429,0,0,0,1,0,0,0,0,
serial,SEU/SEU740^2.p,TH0,Theorem,timeout,na,2094,1571,8,1571,547,0,0,3,0,
serial,SEU/SEU741^1.p,TH0,Theorem,timeout,na,4473,0,0,0,1,0,0,0,0,
serial,SEU/SEU741^2.p,TH0,Theorem,timeout,na,2081,1515,19,1515,403,48,0,3,0,
serial,SEU/SEU742^1.p,TH0,Theorem,timeout,na,4463,0,0,0,1,0,0,0,0,
serial,SEU/SEU742^2.p,TH0,Theorem,timeout,na,2028,512,29,512,40,0,0,1,0,
serial,SEU/SEU743^1.p,TH0,Theorem,timeout,na,4532,0,0,0,1,0,0,0,0,
serial,SEU/SEU743^2.p,TH0,Theorem,timeout,na,2056,813,9,813,233,0,0,3,0,
serial,SEU/SEU744^1.p,TH0,Theorem,timeout,na,4567,0,0,0,1,0,0,0,0,
serial,SEU/SEU744^2.p,TH0,Theorem,timeout,na,2029,815,21,815,153,0,0,2,0,
serial,SEU/SEU745^1.p,TH0,Theorem,timeout,na,4556,0,0,0,1,0,0,0,0,
serial,SEU/SEU745^2.p,TH0,Theorem,timeout,na,2038,795,21,795,190,0,0,2,0,
serial,SEU/SEU746^1.p,TH0,Theorem,timeout,na,4523,0,0,0,1,0,0,0,0,
serial,SEU/SEU746^2.p,TH0,Theorem,timeout,na,2104,1421,5,1421,659,0,0,3,0,
serial,SEU/SEU747^1.p,TH0,Theorem,timeout,na,4557,0,0,0,1,0,0,0,0,
serial,SEU/SEU747^2.p,TH0,Theorem,timeout,na,2106,1517,5,1517,709,0,0,3,0,
serial,SEU/SEU748^1.p,TH0,Theorem,timeout,na,4617,0,0,0,1,0,0,0,0,
serial,SEU/SEU749^1.p,TH0,Theorem,timeout,na,4660,0,0,0,1,0,0,0,0,
serial,SEU/SEU749^2.p,TH0,Theorem,timeout,na,2055,876,6,876,259,0,0,4,0,
serial,SEU/SEU750^1.p,TH0,Theorem,timeout,na,4687,0,0,0,1,0,0,0,0,
serial,SEU/SEU750^2.p,TH0,Theorem,timeout,na,2043,859,25,859,193,0,0,2,0,
serial,SEU/SEU751^1.p,TH0,Theorem,timeout,na,4765,0,0,0,1,0,0,0,0,
serial,SEU/SEU751^2.p,TH0,Theorem,timeout,na,2072,1152,20,1152,291,0,0,1,0,
serial,SEU/SEU752^1.p,TH0,Theorem,timeout,na,4775,0,0,0,1,0,0,0,0,
serial,SEU/SEU752^2.p,TH0,Theorem,timeout,na,2047,788,20,788,161,0,0,1,0,
serial,SEU/SEU753^1.p,TH0,Theorem,timeout,na,4818,0,0,0,1,0,0,0,0,
serial,SEU/SEU753^2.p,TH0,Theorem,timeout,na,2063,837,9,837,265,0,0,0,0,
serial,SEU/SEU754^1.p,TH0,Theorem,timeout,na,4846,0,0,0,1,0,0,0,0,
serial,SEU/SEU754^2.p,TH0,Theorem,timeout,na,2050,791,20,791,161,0,0,1,0,
serial,SEU/SEU755^1.p,TH0,Theorem,timeout,na,4839,0,0,0,1,0,0,0,0,
serial,SEU/SEU755^2.p,TH0,Theorem,timeout,na,2033,730,27,730,132,0,0,2,0,
serial,SEU/SEU756^1.p,TH0,Theorem,timeout,na,4893,0,0,0,1,0,0,0,0,
serial,SEU/SEU756^2.p,TH0,Theorem,timeout,na,2027,740,43,740,66,0,0,2,0,
serial,SEU/SEU757^1.p,TH0,Theorem,timeout,na,4942,0,0,0,1,0,0,0,0,
serial,SEU/SEU757^2.p,TH0,Theorem,timeout,na,2066,845,9,845,268,0,0,0,0,
serial,SEU/SEU758^1.p,TH0,Theorem,timeout,na,4882,0,0,0,1,0,0,0,0,
serial,SEU/SEU758^2.p,TH0,Theorem,timeout,na,2059,1465,31,1465,358,65,0,1,0,
serial,SEU/SEU759^1.p,TH0,Theorem,timeout,na,4932,0,0,0,1,0,0,0,0,
serial,SEU/SEU759^2.p,TH0,Theorem,timeout,na,2041,1392,16,1392,236,1,0,4,0,
serial,SEU/SEU760^1.p,TH0,Theorem,timeout,na,4945,0,0,0,1,0,0,0,0,
serial,SEU/SEU760^2.p,TH0,Theorem,timeout,na,2047,1348,17,1348,261,7,0,4,0,
serial,SEU/SEU761^1.p,TH0,Theorem,timeout,na,5060,0,0,0,1,0,0,0,0,
serial,SEU/SEU761^2.p,TH0,Theorem,timeout,na,2048,1200,19,1200,247,5,0,4,0,
serial,SEU/SEU762^1.p,TH0,Theorem,timeout,na,5031,0,0,0,1,0,0,0,0,
serial,SEU/SEU762^2.p,TH0,Theorem,timeout,na,2076,967,11,967,314,0,0,0,0,
serial,SEU/SEU763^1.p,TH0,Theorem,timeout,na,5063,0,0,0,1,0,0,0,0,
serial,SEU/SEU764^1.p,TH0,Theorem,timeout,na,5140,0,0,0,1,0,0,0,0,
serial,SEU/SEU764^2.p,TH0,Theorem,timeout,na,2076,1237,3,1237,402,0,0,0,0,
serial,SEU/SEU765^1.p,TH0,Theorem,timeout,na,5115,0,0,0,1,0,0,0,0,
serial,SEU/SEU766^1.p,TH0,Theorem,timeout,na,5129,0,0,0,1,0,0,0,0,
serial,SEU/SEU767^1.p,TH0,Theorem,timeout,na,5241,0,0,0,1,0,0,0,0,
serial,SEU/SEU768^1.p,TH0,Theorem,timeout,na,5185,0,0,0,1,0,0,0,0,
serial,SEU/SEU768^2.p,TH0,Theorem,timeout,na,2020,242,6,242,43,0,0,0,0,
serial,SEU/SEU769^1.p,TH0,Theorem,timeout,na,5173,0,0,0,1,0,0,0,0,
serial,SEU/SEU769^2.p,TH0,Theorem,thm,yes,49,18,1,18,2,0,0,1,1,
serial,SEU/SEU770^1.p,TH0,Theorem,timeout,na,5393,0,0,0,1,0,0,0,0,
serial,SEU/SEU770^2.p,TH0,Theorem,timeout,na,2096,1152,10,1152,258,0,0,0,0,
serial,SEU/SEU771^1.p,TH0,Theorem,timeout,na,5268,0,0,0,1,0,0,0,0,
serial,SEU/SEU771^2.p,TH0,Theorem,thm,yes,24,11,1,11,1,0,0,1,1,
serial,SEU/SEU772^1.p,TH0,Theorem,timeout,na,5316,0,0,0,1,0,0,0,0,
serial,SEU/SEU773^1.p,TH0,Theorem,timeout,na,5445,0,0,0,1,0,0,0,0,
serial,SEU/SEU773^2.p,TH0,Theorem,timeout,na,2024,461,6,461,88,0,0,0,0,
serial,SEU/SEU774^1.p,TH0,Theorem,timeout,na,5441,0,0,0,1,0,0,0,0,
serial,SEU/SEU774^2.p,TH0,Theorem,timeout,na,2028,393,8,393,82,0,0,0,0,
serial,SEU/SEU775^1.p,TH0,Theorem,timeout,na,5335,0,0,0,1,0,0,0,0,
serial,SEU/SEU775^2.p,TH0,Theorem,thm,yes,29,14,1,14,1,0,0,1,1,
serial,SEU/SEU776^1.p,TH0,Theorem,timeout,na,5457,0,0,0,1,0,0,0,0,
serial,SEU/SEU776^2.p,TH0,Theorem,timeout,na,2014,137,11,137,9,0,0,1,0,
serial,SEU/SEU777^1.p,TH0,Theorem,timeout,na,5509,0,0,0,1,0,0,0,0,
serial,SEU/SEU777^2.p,TH0,Theorem,thm,yes,139,30,2,30,2,0,0,1,1,
serial,SEU/SEU778^1.p,TH0,Theorem,timeout,na,5431,0,0,0,1,0,0,0,0,
serial,SEU/SEU778^2.p,TH0,Theorem,timeout,na,2017,254,17,238,5,17,0,0,0,
serial,SEU/SEU779^1.p,TH0,Theorem,timeout,na,5565,0,0,0,1,0,0,0,0,
serial,SEU/SEU779^2.p,TH0,Theorem,timeout,na,2019,141,10,141,9,0,0,1,0,
serial,SEU/SEU780^1.p,TH0,Theorem,timeout,na,5595,0,0,0,1,0,0,0,0,
serial,SEU/SEU780^2.p,TH0,Theorem,timeout,na,2024,399,19,399,32,14,0,1,0,
serial,SEU/SEU781^1.p,TH0,Theorem,timeout,na,5644,0,0,0,1,0,0,0,0,
serial,SEU/SEU781^2.p,TH0,Theorem,timeout,na,2029,401,17,401,40,5,0,0,0,
serial,SEU/SEU782^1.p,TH0,Theorem,timeout,na,5543,0,0,0,1,0,0,0,0,
serial,SEU/SEU782^2.p,TH0,Theorem,timeout,na,2036,1120,12,1120,194,9,0,4,0,
serial,SEU/SEU783^1.p,TH0,Theorem,timeout,na,5669,0,0,0,1,0,0,0,0,
serial,SEU/SEU783^2.p,TH0,Theorem,thm,yes,77,28,2,28,2,0,0,1,1,
serial,SEU/SEU784^1.p,TH0,Theorem,timeout,na,5748,0,0,0,1,0,0,0,0,
serial,SEU/SEU784^2.p,TH0,Theorem,thm,yes,87,27,2,27,2,0,0,1,1,
serial,SEU/SEU785^1.p,TH0,Theorem,timeout,na,5724,0,0,0,1,0,0,0,0,
serial,SEU/SEU785^2.p,TH0,Theorem,timeout,na,2025,554,26,554,59,4,0,0,0,
serial,SEU/SEU786^1.p,TH0,Theorem,timeout,na,5753,0,0,0,1,0,0,0,0,
serial,SEU/SEU786^2.p,TH0,Theorem,timeout,na,2107,1442,4,1442,661,0,0,3,0,
serial,SEU/SEU787^1.p,TH0,Theorem,timeout,na,5804,0,0,0,1,0,0,0,0,
serial,SEU/SEU787^2.p,TH0,Theorem,timeout,na,2020,468,22,468,50,0,0,1,0,
serial,SEU/SEU788^1.p,TH0,Theorem,timeout,na,5787,0,0,0,1,0,0,0,0,
serial,SEU/SEU788^2.p,TH0,Theorem,timeout,na,2041,586,14,586,130,0,0,0,0,
serial,SEU/SEU789^1.p,TH0,Theorem,timeout,na,5796,0,0,0,1,0,0,0,0,
serial,SEU/SEU789^2.p,TH0,Theorem,timeout,na,2045,820,11,820,235,0,0,0,0,
serial,SEU/SEU790^1.p,TH0,Theorem,timeout,na,5844,0,0,0,1,0,0,0,0,
serial,SEU/SEU790^2.p,TH0,Theorem,timeout,na,2059,584,15,584,138,0,0,0,0,
serial,SEU/SEU791^1.p,TH0,Theorem,timeout,na,5909,0,0,0,1,0,0,0,0,
serial,SEU/SEU791^2.p,TH0,Theorem,timeout,na,2064,509,15,509,91,0,0,0,0,
serial,SEU/SEU792^1.p,TH0,Theorem,timeout,na,5962,0,0,0,1,0,0,0,0,
serial,SEU/SEU792^2.p,TH0,Theorem,timeout,na,2052,1064,27,1064,178,0,0,0,0,
serial,SEU/SEU793^1.p,TH0,Theorem,timeout,na,5846,0,0,0,1,0,0,0,0,
serial,SEU/SEU793^2.p,TH0,Theorem,timeout,na,2011,181,7,181,20,2,0,0,0,
serial,SEU/SEU794^1.p,TH0,Theorem,timeout,na,5930,0,0,0,1,0,0,0,0,
serial,SEU/SEU794^2.p,TH0,Theorem,timeout,na,2035,1053,4,1053,210,20,0,0,0,
serial,SEU/SEU795^1.p,TH0,Theorem,timeout,na,5954,0,0,0,1,0,0,0,0,
serial,SEU/SEU795^2.p,TH0,Theorem,timeout,na,2027,634,13,634,96,1,0,0,0,
serial,SEU/SEU796^1.p,TH0,Theorem,timeout,na,5942,0,0,0,1,0,0,0,0,
serial,SEU/SEU796^2.p,TH0,Theorem,timeout,na,2018,747,19,747,112,8,0,0,0,
serial,SEU/SEU797^1.p,TH0,Theorem,timeout,na,5988,0,0,0,1,0,0,0,0,
serial,SEU/SEU797^2.p,TH0,Theorem,timeout,na,2024,769,10,769,103,31,0,1,0,
serial,SEU/SEU798^1.p,TH0,Theorem,timeout,na,6157,0,0,0,1,0,0,0,0,
serial,SEU/SEU798^2.p,TH0,Theorem,thm,yes,254,67,4,67,5,0,0,4,1,
serial,SEU/SEU799^1.p,TH0,Theorem,timeout,na,6171,0,0,0,1,0,0,0,0,
serial,SEU/SEU799^2.p,TH0,Theorem,thm,yes,38,19,1,19,2,0,0,1,1,
serial,SEU/SEU800^1.p,TH0,Theorem,timeout,na,6164,0,0,0,1,0,0,0,0,
serial,SEU/SEU800^2.p,TH0,Theorem,thm,yes,54,18,1,18,2,0,0,1,1,
serial,SEU/SEU801^1.p,TH0,Theorem,timeout,na,6222,0,0,0,1,0,0,0,0,
serial,SEU/SEU801^2.p,TH0,Theorem,timeout,na,2019,412,19,412,39,16,0,4,0,
serial,SEU/SEU802^1.p,TH0,Theorem,timeout,na,6361,0,0,0,1,0,0,0,0,
serial,SEU/SEU802^2.p,TH0,Theorem,timeout,na,2015,465,28,465,34,4,0,1,0,
serial,SEU/SEU803^1.p,TH0,Theorem,timeout,na,6422,0,0,0,1,0,0,0,0,
serial,SEU/SEU803^2.p,TH0,Theorem,timeout,na,2020,732,30,732,48,29,0,1,0,
serial,SEU/SEU804^1.p,TH0,Theorem,timeout,na,6412,0,0,0,1,0,0,0,0,
serial,SEU/SEU804^2.p,TH0,Theorem,timeout,na,2024,735,46,735,59,0,0,1,0,
serial,SEU/SEU805^1.p,TH0,Theorem,timeout,na,6336,0,0,0,1,0,0,0,0,
serial,SEU/SEU805^2.p,TH0,Theorem,timeout,na,2049,1937,21,1937,317,56,0,1,0,
serial,SEU/SEU806^1.p,TH0,Theorem,timeout,na,6246,0,0,0,1,0,0,0,0,
serial,SEU/SEU806^2.p,TH0,Theorem,timeout,na,2026,1350,50,1350,112,13,0,0,0,
serial,SEU/SEU807^1.p,TH0,Theorem,timeout,na,6319,0,0,0,1,0,0,0,0,
serial,SEU/SEU807^2.p,TH0,Theorem,timeout,na,2032,1520,57,1520,98,28,0,0,0,
serial,SEU/SEU808^1.p,TH0,Theorem,timeout,na,6384,0,0,0,1,0,0,0,0,
serial,SEU/SEU808^2.p,TH0,Theorem,thm,yes,14,13,0,13,2,0,0,1,1,
serial,SEU/SEU809^1.p,TH0,Theorem,timeout,na,6493,0,0,0,1,0,0,0,0,
serial,SEU/SEU809^2.p,TH0,Theorem,thm,yes,16,12,0,12,2,0,0,1,1,
serial,SEU/SEU810^1.p,TH0,Theorem,timeout,na,6609,0,0,0,1,0,0,0,0,
serial,SEU/SEU810^2.p,TH0,Theorem,timeout,na,2025,812,13,812,111,44,0,2,0,
serial,SEU/SEU811^1.p,TH0,Theorem,timeout,na,6587,0,0,0,1,0,0,0,0,
serial,SEU/SEU811^2.p,TH0,Theorem,timeout,na,2047,1080,13,1080,254,7,0,1,0,
serial,SEU/SEU812^1.p,TH0,Theorem,timeout,na,6596,0,0,0,1,0,0,0,0,
serial,SEU/SEU812^2.p,TH0,Theorem,thm,yes,16,13,0,13,2,0,0,1,1,
serial,SEU/SEU813^1.p,TH0,Theorem,timeout,na,6650,0,0,0,1,0,0,0,0,
serial,SEU/SEU813^2.p,TH0,Theorem,timeout,na,2051,1500,58,1500,278,1,0,1,0,
serial,SEU/SEU814^1.p,TH0,Theorem,timeout,na,6572,0,0,0,1,0,0,0,0,
serial,SEU/SEU814^2.p,TH0,Theorem,timeout,na,2030,1568,90,1568,109,118,0,5,0,
serial,SEU/SEU815^1.p,TH0,Theorem,timeout,na,6685,0,0,0,1,0,0,0,0,
serial,SEU/SEU815^2.p,TH0,Theorem,timeout,na,2037,1026,19,1026,184,0,0,1,0,
serial,SEU/SEU816^1.p,TH0,Theorem,timeout,na,6800,0,0,0,1,0,0,0,0,
serial,SEU/SEU816^2.p,TH0,Theorem,timeout,na,2083,1330,8,1330,478,0,0,0,0,
serial,SEU/SEU817^1.p,TH0,Theorem,timeout,na,6754,0,0,0,1,0,0,0,0,
serial,SEU/SEU817^2.p,TH0,Theorem,timeout,na,2058,1022,4,1022,322,32,0,1,0,
serial,SEU/SEU818^1.p,TH0,Theorem,timeout,na,6803,0,0,0,1,0,0,0,0,
serial,SEU/SEU818^2.p,TH0,Theorem,thm,yes,68,15,1,15,1,1,0,0,0,
serial,SEU/SEU819^1.p,TH0,Theorem,timeout,na,6994,0,0,0,1,0,0,0,0,
serial,SEU/SEU819^2.p,TH0,Theorem,timeout,na,2031,837,19,837,160,2,0,1,0,
serial,SEU/SEU820^1.p,TH0,Theorem,timeout,na,2697,0,0,0,1,0,0,0,0,
serial,SEU/SEU820^2.p,TH0,Theorem,timeout,na,2043,1489,37,1489,222,13,0,0,0,
serial,SEU/SEU821^1.p,TH0,Theorem,parse_timeout,na,0,,,,,,,,,cached: parse exceeded 5000ms
serial,SEU/SEU821^2.p,TH0,Theorem,thm,yes,47,11,1,11,1,1,0,0,0,
serial,SEU/SEU822^1.p,TH0,Theorem,timeout,na,6929,0,0,0,1,0,0,0,0,
serial,SEU/SEU822^2.p,TH0,Theorem,thm,yes,208,84,3,84,13,0,0,1,1,
serial,SEU/SEU823^1.p,TH0,Theorem,parse_timeout,na,0,,,,,,,,,cached: parse exceeded 5000ms
serial,SEU/SEU823^2.p,TH0,Theorem,timeout,na,2027,703,12,703,121,0,0,0,0,
serial,SEU/SEU824^1.p,TH0,Theorem,parse_timeout,na,0,,,,,,,,,cached: parse exceeded 5000ms
serial,SEU/SEU824^2.p,TH0,Theorem,timeout,na,2027,730,11,730,116,4,0,0,0,
serial,SEU/SEU824^3.p,TH0,CounterSatisfiable,timeout,na,2543,602,60,602,1,0,0,0,0,
serial,SEU/SEU825^3.p,TH0,CounterSatisfiable,timeout,na,2030,1147,21,1147,191,17,0,1,0,
serial,SEU/SEU826^1.p,TH0,Theorem,timeout,na,2036,1487,3,1487,187,80,0,0,0,
serial,SEU/SEU827^1.p,TH0,Theorem,timeout,na,2031,1376,28,1376,181,40,0,0,0,
serial,SEU/SEU828^1.p,TH0,Theorem,thm,yes,23,22,1,22,3,1,0,1,1,
serial,SEU/SEU829^1.p,TH0,Theorem,thm,yes,20,23,0,23,3,2,0,1,1,
serial,SEU/SEU831^5.p,TH0,Theorem,thm,yes,3,2,0,2,1,1,0,0,0,
serial,SEU/SEU832^5.p,TH0,Theorem,thm,yes,3,2,0,2,1,1,0,0,0,
serial,SEU/SEU833^5.p,TH0,Theorem,thm,yes,3,2,0,2,1,1,0,0,0,
serial,SEU/SEU834^5.p,TH0,Theorem,thm,yes,4,4,0,4,1,1,0,0,0,
serial,SEU/SEU836^5.p,TH0,Theorem,thm,yes,4,4,0,4,1,1,0,0,0,
serial,SEU/SEU839^5.p,TH0,Theorem,thm,yes,6,3,0,3,1,1,0,0,0,
serial,SEU/SEU841^5.p,TH0,Theorem,thm,yes,18,6,0,6,1,1,0,0,0,
serial,SEU/SEU842^5.p,TH0,Theorem,thm,yes,6,3,0,3,1,1,0,0,0,
serial,SEU/SEU843^5.p,TH0,Theorem,thm,yes,18,15,1,15,2,0,0,1,1,
serial,SEU/SEU844^5.p,TH0,Theorem,timeout,na,2015,1170,83,1170,33,21,0,1,0,
serial,SEU/SEU845^5.p,TH0,Theorem,thm,yes,25,29,1,29,3,2,0,1,1,
serial,SEU/SEU846^5.p,TH0,Theorem,thm,yes,46,26,1,26,5,0,0,1,1,
serial,SEU/SEU847^5.p,TH0,Theorem,thm,yes,3,2,0,2,1,1,0,0,0,
serial,SEU/SEU848^5.p,TH0,Theorem,thm,yes,56,78,1,78,6,9,0,1,1,
serial,SEU/SEU849^5.p,TH0,Theorem,thm,yes,56,78,1,78,6,9,0,1,1,
serial,SEU/SEU850^5.p,TH0,Theorem,thm,yes,101,19,0,19,3,3,0,0,0,
serial,SEU/SEU851^5.p,TH0,Theorem,thm,yes,10,3,0,3,1,1,0,0,0,
serial,SEU/SEU852^5.p,TH0,Theorem,thm,yes,199,259,2,259,24,45,0,1,1,
serial,SEU/SEU853^5.p,TH0,Theorem,thm,yes,199,259,2,259,24,45,0,1,1,
serial,SEU/SEU854^5.p,TH0,Theorem,thm,yes,535,480,0,480,53,52,0,1,1,
serial,SEU/SEU855^5.p,TH0,Theorem,thm,yes,277,332,9,332,22,36,0,1,1,
serial,SEU/SEU856^5.p,TH0,Theorem,thm,yes,68,53,1,53,6,5,0,1,1,
serial,SEU/SEU857^5.p,TH0,Theorem,thm,yes,37,4,0,4,1,1,0,0,0,
serial,SEU/SEU858^5.p,TH0,Theorem,thm,yes,6,2,0,2,1,1,0,0,0,
serial,SEU/SEU859^5.p,TH0,Theorem,timeout,na,2010,254,10,254,27,0,0,2,0,
serial,SEU/SEU860^5.p,TH0,Theorem,timeout,na,2014,288,10,288,27,0,0,2,0,
serial,SEU/SEU861^5.p,TH0,Theorem,timeout,na,2017,283,10,283,32,0,0,1,0,
serial,SEU/SEU862^5.p,TH0,Unknown,timeout,na,2017,195,8,195,24,0,0,1,0,
serial,SEU/SEU863^5.p,TH0,Theorem,timeout,na,2016,220,8,220,23,0,0,3,0,
serial,SEU/SEU864^5.p,TH0,Theorem,timeout,na,2017,579,10,579,96,25,0,8,0,
serial,SEU/SEU865^5.p,TH0,Theorem,timeout,na,2009,309,13,309,31,0,0,2,0,
serial,SEU/SEU866^5.p,TH0,Theorem,timeout,na,2014,434,17,434,47,0,0,2,0,
serial,SEU/SEU867^5.p,TH0,Theorem,timeout,na,2015,450,19,450,43,0,0,1,0,
serial,SEU/SEU868^5.p,TH0,Theorem,timeout,na,2017,380,18,380,44,0,0,1,0,
serial,SEU/SEU869^5.p,TH0,Theorem,timeout,na,2013,319,18,319,37,0,0,1,0,
serial,SEU/SEU871^5.p,TH0,Unknown,timeout,na,2016,333,12,333,34,0,0,1,0,
serial,SEU/SEU872^5.p,TH0,Theorem,timeout,na,2018,227,10,227,25,0,0,1,0,
serial,SEU/SEU873^5.p,TH0,Unknown,timeout,na,2019,261,9,261,29,0,0,1,0,
serial,SEU/SEU874^5.p,TH0,Theorem,timeout,na,2012,248,11,248,25,1,0,1,0,
serial,SEU/SEU875^5.p,TH0,Theorem,timeout,na,2013,232,3,232,19,11,0,0,0,
serial,SEU/SEU876^5.p,TH0,Theorem,timeout,na,2016,304,5,304,36,1,0,1,0,
serial,SEU/SEU877^5.p,TH0,Theorem,timeout,na,2028,257,5,257,45,3,0,0,0,
serial,SEU/SEU878^5.p,TH0,Theorem,timeout,na,2037,36,1,36,6,1,0,0,0,
serial,SEU/SEU879^5.p,TH0,Theorem,timeout,na,2087,54,1,54,10,0,0,0,0,
serial,SEU/SEU880^5.p,TH0,CounterSatisfiable,timeout,na,2211,6,0,6,4,0,0,0,0,
serial,SEU/SEU881^5.p,TH0,Theorem,timeout,na,2314,46,1,46,9,0,0,0,0,
serial,SEU/SEU882^5.p,TH0,Theorem,thm,yes,18,14,0,14,2,0,0,1,1,
serial,SEU/SEU883^5.p,TH0,Theorem,thm,yes,3,1,0,1,1,1,0,0,0,
serial,SEU/SEU884^5.p,TH0,Theorem,timeout,na,2015,860,40,860,63,8,0,1,0,
serial,SEU/SEU885^5.p,TH0,Theorem,thm,yes,115,162,1,162,14,31,0,1,1,
serial,SEU/SEU886^5.p,TH0,Theorem,thm,yes,46,45,1,45,7,6,0,1,1,
serial,SEU/SEU887^5.p,TH0,Theorem,timeout,na,2016,876,32,876,70,9,0,1,0,
serial,SEU/SEU888^5.p,TH0,Theorem,timeout,na,2015,1010,32,1010,86,14,0,2,0,
serial,SEU/SEU889^5.p,TH0,Theorem,thm,yes,33,28,1,28,4,4,0,0,0,
serial,SEU/SEU890^5.p,TH0,Theorem,timeout,na,2018,924,39,924,79,14,0,1,0,
serial,SEU/SEU891^5.p,TH0,Theorem,timeout,na,2026,1335,33,1335,125,66,0,0,0,
serial,SEU/SEU892^5.p,TH0,Theorem,timeout,na,2007,277,11,277,28,0,0,1,0,
serial,SEU/SEU893^5.p,TH0,Theorem,thm,yes,80,96,1,96,16,18,0,1,1,
serial,SEU/SEU894^5.p,TH0,Theorem,timeout,na,2016,579,14,579,71,1,0,1,0,
serial,SEU/SEU895^5.p,TH0,Theorem,timeout,na,2021,1320,44,1320,105,58,0,0,0,
serial,SEU/SEU896^5.p,TH0,Theorem,timeout,na,2017,1220,32,1220,73,53,0,1,0,
serial,SEU/SEU897^5.p,TH0,Theorem,timeout,na,2013,818,31,818,64,23,0,0,0,
serial,SEU/SEU898^5.p,TH0,Theorem,timeout,na,2020,983,39,983,69,70,0,1,0,
serial,SEU/SEU899^5.p,TH0,Theorem,timeout,na,2020,1167,38,1167,89,62,0,1,0,
serial,SEU/SEU901^5.p,TH0,Theorem,timeout,na,2086,2205,36,2205,338,261,0,0,0,
serial,SEU/SEU902^5.p,TH0,Theorem,timeout,na,2008,288,11,288,22,7,0,1,0,
serial,SEU/SEU903^5.p,TH0,Theorem,timeout,na,2101,1805,1,1805,532,32,0,0,0,
serial,SEU/SEU904^5.p,TH0,Theorem,timeout,na,2080,1089,6,1089,322,32,0,0,0,
serial,SEU/SEU905^5.p,TH0,Theorem,timeout,na,2082,1102,6,1102,324,32,0,0,0,
serial,SEU/SEU906^5.p,TH0,Theorem,timeout,na,2015,719,27,719,84,26,0,3,0,
serial,SEU/SEU907^5.p,TH0,Theorem,timeout,na,2013,527,22,527,53,8,0,1,0,
serial,SEU/SEU908^5.p,TH0,Theorem,thm,yes,32,15,0,15,3,0,0,1,1,
serial,SEU/SEU909^5.p,TH0,Theorem,timeout,na,2021,285,10,285,35,3,0,0,0,
serial,SEU/SEU910^5.p,TH0,Theorem,timeout,na,2049,81,3,81,10,2,0,0,0,
serial,SEU/SEU911^5.p,TH0,CounterSatisfiable,timeout,na,2056,95,2,95,14,0,0,0,0,
serial,SEU/SEU912^5.p,TH0,Theorem,timeout,na,2057,149,2,149,24,4,0,0,0,
serial,SEU/SEU913^5.p,TH0,Unknown,timeout,na,2124,42,1,42,9,0,0,0,0,
serial,SEU/SEU914^5.p,TH0,Theorem,timeout,na,2125,58,2,58,7,2,0,0,0,
serial,SEU/SEU915^5.p,TH0,Theorem,timeout,na,2122,47,1,47,8,0,0,0,0,
serial,SEU/SEU916^5.p,TH0,Theorem,timeout,na,2142,21,1,21,3,0,0,0,0,
serial,SEU/SEU917^5.p,TH0,Theorem,timeout,na,2008,478,21,478,39,3,0,1,0,
serial,SEU/SEU918^5.p,TH0,Theorem,timeout,na,2004,77,5,77,6,3,0,2,0,
serial,SEU/SEU919^5.p,TH0,Theorem,thm,yes,45,17,0,17,2,0,0,1,1,
serial,SEU/SEU920^5.p,TH0,Theorem,timeout,na,2014,716,28,716,58,2,0,3,0,
serial,SEU/SEU921^5.p,TH0,Theorem,timeout,na,2014,741,29,741,62,14,0,2,0,
serial,SEU/SEU922^5.p,TH0,Theorem,timeout,na,2008,468,24,468,37,5,0,3,0,
serial,SEU/SEU923^5.p,TH0,Theorem,thm,yes,4,1,0,1,1,1,0,0,0,
serial,SEU/SEU924^5.p,TH0,Theorem,timeout,na,2005,74,2,74,5,4,0,5,0,
serial,SEU/SEU925^5.p,TH0,Theorem,timeout,na,2020,926,38,926,90,16,0,0,0,
serial,SEU/SEU926^5.p,TH0,Theorem,thm,yes,42,12,0,12,3,0,0,1,1,
serial,SEU/SEU927^5.p,TH0,Theorem,thm,yes,34,24,0,24,4,4,0,5,1,
serial,SEU/SEU928^5.p,TH0,Theorem,timeout,na,2005,174,4,174,15,10,0,2,0,
serial,SEU/SEU929^5.p,TH0,Theorem,timeout,na,2005,107,6,107,8,3,0,5,0,
serial,SEU/SEU930^5.p,TH0,Theorem,timeout,na,2015,814,48,814,58,17,0,1,0,
serial,SEU/SEU931^5.p,TH0,Theorem,timeout,na,2014,829,43,829,58,11,0,1,0,
serial,SEU/SEU932^5.p,TH0,Theorem,timeout,na,2015,842,42,842,58,11,0,1,0,
serial,SEU/SEU933^5.p,TH0,Theorem,timeout,na,2009,231,7,231,22,8,0,3,0,
serial,SEU/SEU934^5.p,TH0,Theorem,timeout,na,2018,979,40,979,92,16,0,0,0,
serial,SEU/SEU935^5.p,TH0,Theorem,timeout,na,2014,661,35,661,60,5,0,3,0,
serial,SEU/SEU936^5.p,TH0,Theorem,timeout,na,2019,772,26,772,64,10,0,1,0,
serial,SEU/SEU937^5.p,TH0,Theorem,timeout,na,2022,1018,40,1018,84,21,0,1,0,
serial,SEU/SEU938^5.p,TH0,Theorem,timeout,na,2021,706,28,706,75,6,0,1,0,
serial,SEU/SEU939^5.p,TH0,Theorem,timeout,na,2011,143,8,143,11,0,0,1,0,
serial,SEU/SEU940^5.p,TH0,Theorem,timeout,na,2007,83,1,83,12,1,0,1,0,
serial,SEU/SEU941^5.p,TH0,Theorem,timeout,na,2020,993,40,993,84,21,0,1,0,
serial,SEU/SEU942^5.p,TH0,Theorem,timeout,na,2013,542,17,542,55,3,0,1,0,
serial,SEU/SEU943^5.p,TH0,Theorem,timeout,na,2016,588,17,588,65,6,0,4,0,
serial,SEU/SEU944^5.p,TH0,Theorem,timeout,na,2017,563,15,563,66,4,0,4,0,
serial,SEU/SEU945^5.p,TH0,Theorem,timeout,na,2005,41,2,41,4,0,0,1,0,
serial,SEU/SEU946^5.p,TH0,Theorem,timeout,na,2014,548,19,548,57,3,0,1,0,
serial,SEU/SEU947^5.p,TH0,Theorem,timeout,na,2018,482,16,482,52,3,0,1,0,
serial,SEU/SEU948^5.p,TH0,Theorem,timeout,na,2014,184,6,184,22,0,0,1,0,
serial,SEU/SEU949^5.p,TH0,Theorem,timeout,na,2007,127,4,127,12,3,0,0,0,
serial,SEU/SEU950^5.p,TH0,Theorem,timeout,na,2005,120,7,120,10,1,0,1,0,
serial,SEU/SEU951^5.p,TH0,Theorem,timeout,na,2006,120,7,120,10,1,0,1,0,
serial,SEU/SEU953^5.p,TH0,Theorem,timeout,na,2010,389,16,389,33,8,0,3,0,
serial,SEU/SEU954^5.p,TH0,Unknown,timeout,na,2010,535,22,535,43,8,0,2,0,
serial,SEU/SEU955^5.p,TH0,Theorem,timeout,na,2016,612,27,612,60,3,0,4,0,
serial,SEU/SEU956^5.p,TH0,Theorem,timeout,na,2024,952,28,952,127,10,0,2,0,
serial,SEU/SEU957^5.p,TH0,Theorem,timeout,na,2014,620,21,620,64,3,0,4,0,
serial,SEU/SEU958^5.p,TH0,Unknown,timeout,na,2021,808,30,808,87,2,0,4,0,
serial,SEU/SEU959^5.p,TH0,Unknown,timeout,na,2016,650,17,650,57,18,0,3,0,
serial,SEU/SEU960^5.p,TH0,Theorem,timeout,na,2017,393,17,393,38,0,0,1,0,
serial,SEU/SEU961^5.p,TH0,Theorem,timeout,na,2017,455,15,455,47,5,0,2,0,
serial,SEU/SEU963^5.p,TH0,Unknown,timeout,na,2013,293,11,293,28,2,0,1,0,
serial,SEU/SEU965^5.p,TH0,Unknown,timeout,na,2015,128,5,128,16,0,0,1,0,
serial,SEU/SEU966^5.p,TH0,CounterSatisfiable,timeout,na,2020,717,27,717,60,18,0,1,0,
serial,SEU/SEU967^5.p,TH0,Theorem,thm,yes,38,4,0,4,1,0,0,1,1,
serial,SEU/SEU968^5.p,TH0,Theorem,timeout,na,2013,132,5,132,16,0,0,1,0,
serial,SEU/SEU969^5.p,TH0,Theorem,timeout,na,2015,527,23,527,49,3,0,1,0,
serial,SEU/SEU970^5.p,TH0,Theorem,timeout,na,2014,744,37,744,61,0,0,2,0,
serial,SEU/SEU971^5.p,TH0,Unknown,timeout,na,2031,215,3,215,56,2,0,0,0,
serial,SEU/SEU972^5.p,TH0,Theorem,timeout,na,2021,331,5,331,61,2,0,0,0,
serial,SEU/SEU973^5.p,TH0,Unknown,timeout,na,2020,253,4,253,39,0,0,1,0,
serial,SEU/SEU974^5.p,TH0,Theorem,timeout,na,2028,309,3,309,65,3,0,0,0,
serial,SEU/SEU975^5.p,TH0,Theorem,timeout,na,2026,298,7,298,71,4,0,0,0,
serial,SEU/SEU976^5.p,TH0,Unknown,timeout,na,2025,213,5,213,29,0,0,5,0,
serial,SEU/SEU977^5.p,TH0,Unknown,timeout,na,2027,203,4,203,31,0,0,2,0,
serial,SEU/SEU978^5.p,TH0,Unknown,timeout,na,2032,217,2,217,55,0,0,0,0,
serial,SEU/SEU979^5.p,TH0,Unknown,timeout,na,2033,72,5,72,7,3,0,0,0,
serial,SEU/SEU980^6.p,TH0,Unknown,timeout,na,2036,125,7,125,15,2,0,0,0,
serial,SEU/SEU982^5.p,TH0,Unknown,timeout,na,2036,69,5,69,6,2,0,0,0,
serial,SEU/SEU983^5.p,TH0,Unknown,timeout,na,2043,227,7,227,32,0,0,1,0,
serial,SEU/SEU984^5.p,TH0,Unknown,timeout,na,2033,439,13,439,45,0,0,2,0,
serial,SEU/SEU985^5.p,TH0,Unknown,timeout,na,2015,170,5,170,22,0,0,2,0,
serial,SEU/SEU986^5.p,TH0,Unknown,timeout,na,2018,285,14,285,29,0,0,2,0,
serial,SEU/SEU987^5.p,TH0,Theorem,timeout,na,2013,502,27,502,47,9,0,3,0,
serial,SEU/SEU988^5.p,TH0,Unknown,timeout,na,2017,176,5,176,20,9,0,1,0,
serial,SEU/SEU989^5.p,TH0,Unknown,timeout,na,2018,459,17,459,53,0,0,1,0,
serial,SEU/SEU990^5.p,TH0,Unknown,timeout,na,2023,738,13,738,57,50,0,1,0,
serial,SEU/SEU991^5.p,TH0,Unknown,timeout,na,2018,506,7,506,39,29,0,1,0,
serial,SEU/SEU992^5.p,TH0,Theorem,timeout,na,2014,392,21,392,25,4,0,1,0,
serial,SEU/SEU993^5.p,TH0,Unknown,timeout,na,2020,407,15,407,49,0,0,0,0,
serial,SEU/SEU994^5.p,TH0,CounterSatisfiable,csa,yes,41,16,0,16,4,0,1,0,0,cR C[10ZU14] C[137VZD]  cR C[137VZD] C[10ZU14]  C[1SXW38] C[137VZD]  ¬(C[1SXW38] C[10ZU14])
serial,SEU/SEU995^5.p,TH0,Theorem,timeout,na,2006,79,5,79,6,3,0,1,0,
serial,SEU/SEU996^5.p,TH0,Theorem,timeout,na,2035,558,27,558,42,8,0,1,0,
serial,SEU/SEU997^5.p,TH0,Theorem,timeout,na,2052,608,31,608,43,8,0,1,0,
serial,SEU/SEU998^5.p,TH0,Theorem,timeout,na,2052,268,19,268,17,4,0,0,0,
serial,SEU/SEU999^5.p,TH0,Theorem,timeout,na,2050,184,11,184,11,2,0,1,0,
serial,SEV/SEV000^5.p,TH0,Theorem,timeout,na,2035,757,42,757,57,10,0,1,0,
serial,SEV/SEV001^5.p,TH0,Theorem,timeout,na,2034,743,38,743,67,9,0,1,0,
serial,SEV/SEV002^5.p,TH0,Theorem,timeout,na,2031,556,34,556,31,11,0,1,0,
serial,SEV/SEV003^5.p,TH0,Theorem,timeout,na,2049,80,5,80,6,0,0,0,0,
serial,SEV/SEV004^5.p,TH0,Theorem,timeout,na,2046,13,1,13,2,0,0,0,0,
serial,SEV/SEV005^5.p,TH0,Theorem,timeout,na,2046,14,1,14,2,0,0,0,0,
serial,SEV/SEV006^5.p,TH0,Theorem,timeout,na,2051,413,18,413,44,6,0,0,0,
serial,SEV/SEV007^5.p,TH0,Unknown,timeout,na,2076,10,0,10,2,0,0,0,0,
serial,SEV/SEV008^5.p,TH0,Theorem,timeout,na,2024,650,37,650,61,2,0,1,0,
serial,SEV/SEV009^5.p,TH0,Theorem,timeout,na,2027,701,29,701,79,9,0,1,0,
serial,SEV/SEV010^5.p,TH0,Theorem,timeout,na,2017,233,5,233,26,3,0,0,0,
serial,SEV/SEV011^5.p,TH0,Theorem,timeout,na,2016,284,8,284,32,0,0,1,0,
serial,SEV/SEV012^5.p,TH0,Theorem,thm,yes,9,12,0,12,2,3,0,0,0,
serial,SEV/SEV013^5.p,TH0,Theorem,thm,yes,102,81,3,81,4,5,0,1,1,
serial,SEV/SEV014^5.p,TH0,Theorem,thm,yes,9,2,0,2,1,1,0,0,0,
serial,SEV/SEV015^5.p,TH0,Theorem,timeout,na,2054,1663,47,1663,386,53,0,3,0,
serial,SEV/SEV016^5.p,TH0,Theorem,timeout,na,2017,627,18,627,63,20,0,2,0,
serial,SEV/SEV017^5.p,TH0,Theorem,thm,yes,15,2,0,2,1,1,0,0,0,
serial,SEV/SEV018^5.p,TH0,Theorem,timeout,na,2020,830,25,830,78,11,0,2,0,
serial,SEV/SEV019^5.p,TH0,Theorem,timeout,na,2041,1235,19,1235,250,41,0,1,0,
serial,SEV/SEV020^5.p,TH0,CounterSatisfiable,timeout,na,2013,211,9,211,25,0,0,1,0,
serial,SEV/SEV021^5.p,TH0,Theorem,timeout,na,2023,673,27,673,65,6,0,3,0,
serial,SEV/SEV021^6.p,TH0,Theorem,timeout,na,2023,660,28,660,65,5,0,3,0,
serial,SEV/SEV021^7.p,TH0,Theorem,timeout,na,2026,654,27,654,64,4,0,3,0,
serial,SEV/SEV022^5.p,TH0,Unknown,timeout,na,2017,292,13,292,28,0,0,0,0,
serial,SEV/SEV023^5.p,TH0,Theorem,timeout,na,2025,700,24,700,61,10,0,2,0,
serial,SEV/SEV024^5.p,TH0,Theorem,timeout,na,2015,279,12,279,25,2,0,1,0,
serial,SEV/SEV025^5.p,TH0,Theorem,timeout,na,2020,312,12,312,32,0,0,1,0,
serial,SEV/SEV026^5.p,TH0,Unknown,timeout,na,2016,68,3,68,8,0,0,1,0,
serial,SEV/SEV027^5.p,TH0,Theorem,timeout,na,2020,314,13,314,30,0,0,2,0,
serial,SEV/SEV028^5.p,TH0,Theorem,timeout,na,2021,394,13,394,41,5,0,1,0,
serial,SEV/SEV029^5.p,TH0,CounterSatisfiable,timeout,na,2030,839,31,839,119,15,0,0,0,
serial,SEV/SEV030^5.p,TH0,Unknown,timeout,na,2020,290,11,290,29,0,0,1,0,
serial,SEV/SEV031^5.p,TH0,Theorem,timeout,na,2033,576,18,576,75,24,0,0,0,
serial,SEV/SEV032^5.p,TH0,Theorem,timeout,na,2026,877,50,877,56,4,0,1,0,
serial,SEV/SEV033^5.p,TH0,Theorem,timeout,na,2021,307,15,307,28,0,0,2,0,
serial,SEV/SEV034^5.p,TH0,Theorem,timeout,na,2055,852,6,852,244,2,0,0,0,
serial,SEV/SEV035^5.p,TH0,Theorem,timeout,na,2030,523,17,523,97,1,0,0,0,
serial,SEV/SEV037^5.p,TH0,Theorem,timeout,na,2039,372,10,372,56,2,0,0,0,
serial,SEV/SEV038^5.p,TH0,Unknown,timeout,na,2034,22,1,22,5,0,0,0,0,
serial,SEV/SEV039^5.p,TH0,Unknown,timeout,na,2034,20,1,20,4,0,0,0,0,
serial,SEV/SEV040^5.p,TH0,Theorem,timeout,na,2079,1208,25,1208,304,18,0,2,0,
serial,SEV/SEV041^5.p,TH0,Theorem,timeout,na,2040,274,8,274,33,5,0,0,0,
serial,SEV/SEV042^5.p,TH0,Theorem,timeout,na,2012,68,2,68,8,0,0,0,0,
serial,SEV/SEV043^5.p,TH0,Theorem,timeout,na,2052,1773,53,1773,395,59,0,3,0,
serial,SEV/SEV044^5.p,TH0,Theorem,timeout,na,2029,755,9,755,112,26,0,0,0,
serial,SEV/SEV045^5.p,TH0,Theorem,timeout,na,2058,1377,37,1377,359,0,0,1,0,
serial,SEV/SEV046^5.p,TH0,Theorem,timeout,na,2041,630,17,630,118,1,0,0,0,
serial,SEV/SEV047^5.p,TH0,Theorem,thm,yes,4,4,0,4,1,1,0,0,0,
serial,SEV/SEV048^5.p,TH0,Theorem,thm,yes,47,6,0,6,1,0,0,1,1,
serial,SEV/SEV049^5.p,TH0,Theorem,thm,yes,205,14,0,14,3,0,0,1,1,
serial,SEV/SEV050^5.p,TH0,Theorem,timeout,na,2007,61,2,61,7,0,0,1,0,
serial,SEV/SEV051^5.p,TH0,Theorem,thm,yes,23,23,0,23,3,4,0,0,0,
serial,SEV/SEV052^5.p,TH0,Theorem,timeout,na,2008,161,6,161,16,0,0,1,0,
serial,SEV/SEV053^5.p,TH0,Theorem,timeout,na,2068,1380,6,1380,453,80,0,4,0,
serial,SEV/SEV054^5.p,TH0,Theorem,thm,yes,266,57,3,57,3,1,0,1,1,
serial,SEV/SEV055^5.p,TH0,Theorem,thm,yes,193,25,1,25,3,0,0,1,1,
serial,SEV/SEV056^5.p,TH0,Theorem,thm,yes,343,21,1,21,2,0,0,2,1,
serial,SEV/SEV057^5.p,TH0,Theorem,timeout,na,2008,145,1,145,25,1,0,0,0,
serial,SEV/SEV058^5.p,TH0,Theorem,timeout,na,2008,61,2,61,6,0,0,0,0,
serial,SEV/SEV059^5.p,TH0,Theorem,timeout,na,2066,1219,7,1219,395,64,0,4,0,
serial,SEV/SEV060^5.p,TH0,Theorem,timeout,na,2019,818,32,818,82,18,0,1,0,
serial,SEV/SEV061^5.p,TH0,Theorem,thm,yes,12,5,0,5,1,1,0,0,0,
serial,SEV/SEV062^5.p,TH0,Theorem,timeout,na,2011,137,4,137,16,2,0,0,0,
serial,SEV/SEV063^5.p,TH0,Theorem,timeout,na,2018,277,9,277,33,4,0,1,0,
serial,SEV/SEV064^5.p,TH0,Theorem,timeout,na,2018,102,6,102,9,0,0,0,0,
serial,SEV/SEV065^5.p,TH0,Theorem,thm,yes,35,12,1,12,1,1,0,0,0,
serial,SEV/SEV066^5.p,TH0,Theorem,timeout,na,2016,92,4,92,8,2,0,1,0,
serial,SEV/SEV067^5.p,TH0,Theorem,timeout,na,2052,1488,59,1488,214,132,0,3,0,
serial,SEV/SEV068^5.p,TH0,Theorem,timeout,na,2010,50,1,50,6,0,0,0,0,
serial,SEV/SEV069^6.p,TH0,Theorem,timeout,na,2010,63,2,63,7,0,0,1,0,
serial,SEV/SEV070^5.p,TH0,Theorem,timeout,na,2016,755,41,755,59,0,0,1,0,
serial,SEV/SEV071^5.p,TH0,Theorem,timeout,na,2008,59,2,59,7,0,0,1,0,
serial,SEV/SEV072^5.p,TH0,Theorem,timeout,na,2024,912,44,912,104,25,0,1,0,
serial,SEV/SEV074^5.p,TH0,Theorem,timeout,na,2019,713,18,713,91,28,0,1,0,
serial,SEV/SEV075^5.p,TH0,Theorem,timeout,na,2013,262,11,262,35,3,0,0,0,
serial,SEV/SEV076^5.p,TH0,Theorem,thm,yes,716,140,11,140,6,1,0,1,1,
serial,SEV/SEV079^5.p,TH0,Theorem,thm,yes,11,6,0,6,1,1,0,0,0,
serial,SEV/SEV080^5.p,TH0,Theorem,timeout,na,2009,308,5,308,42,3,0,0,0,
serial,SEV/SEV081^5.p,TH0,Theorem,timeout,na,2010,169,8,169,17,0,0,1,0,
serial,SEV/SEV082^5.p,TH0,Theorem,timeout,na,2010,147,8,147,16,0,0,1,0,
serial,SEV/SEV083^5.p,TH0,Theorem,timeout,na,2009,148,8,148,16,0,0,1,0,
serial,SEV/SEV084^5.p,TH0,Theorem,timeout,na,2009,157,8,157,16,0,0,1,0,
serial,SEV/SEV085^5.p,TH0,Theorem,timeout,na,2011,153,6,153,16,0,0,1,0,
serial,SEV/SEV086^5.p,TH0,Theorem,timeout,na,2011,120,4,120,12,0,0,1,0,
serial,SEV/SEV087^5.p,TH0,Theorem,timeout,na,2013,153,6,153,16,0,0,1,0,
serial,SEV/SEV088^5.p,TH0,Theorem,thm,yes,376,26,1,26,3,0,0,1,1,
serial,SEV/SEV089^5.p,TH0,Theorem,timeout,na,2031,880,10,880,153,44,0,0,0,
serial,SEV/SEV090^5.p,TH0,Theorem,timeout,na,2011,163,7,163,16,0,0,1,0,
serial,SEV/SEV091^5.p,TH0,Theorem,timeout,na,2059,1837,62,1837,424,11,0,2,0,
serial,SEV/SEV092^5.p,TH0,Unknown,timeout,na,2013,330,17,330,30,5,0,1,0,
serial,SEV/SEV093^5.p,TH0,Theorem,timeout,na,2017,360,15,360,40,5,0,0,0,
serial,SEV/SEV094^5.p,TH0,Theorem,timeout,na,2024,642,15,642,109,4,0,0,0,
serial,SEV/SEV095^5.p,TH0,Theorem,timeout,na,2018,114,7,114,10,0,0,0,0,
serial,SEV/SEV096^5.p,TH0,Theorem,thm,yes,152,77,3,77,6,2,0,1,1,
serial,SEV/SEV097^5.p,TH0,Theorem,thm,yes,93,34,2,34,3,0,0,1,1,
serial,SEV/SEV098^5.p,TH0,CounterSatisfiable,timeout,na,2015,314,11,314,39,1,0,1,0,
serial,SEV/SEV099^5.p,TH0,Unknown,timeout,na,2017,329,12,329,35,14,0,1,0,
serial,SEV/SEV100^5.p,TH0,Theorem,timeout,na,2018,120,7,120,11,0,0,0,0,
serial,SEV/SEV101^5.p,TH0,Theorem,timeout,na,2017,120,7,120,11,0,0,0,0,
serial,SEV/SEV102^5.p,TH0,Theorem,timeout,na,2031,800,13,800,159,14,0,0,0,
serial,SEV/SEV103^5.p,TH0,Unknown,timeout,na,2019,450,17,450,48,4,0,0,0,
serial,SEV/SEV104^5.p,TH0,Theorem,timeout,na,2082,1604,34,1604,450,45,0,1,0,
serial,SEV/SEV105^5.p,TH0,Unknown,timeout,na,2016,335,14,335,47,0,0,1,0,
serial,SEV/SEV106^5.p,TH0,Theorem,timeout,na,2055,1130,1,1130,325,16,0,0,0,
serial,SEV/SEV107^5.p,TH0,Theorem,timeout,na,2036,720,18,720,122,21,0,1,0,
serial,SEV/SEV108^5.p,TH0,Theorem,timeout,na,2070,1570,2,1570,258,63,0,0,0,
serial,SEV/SEV109^5.p,TH0,Theorem,timeout,na,2024,221,10,221,28,0,0,0,0,
serial,SEV/SEV113^5.p,TH0,Theorem,timeout,na,2021,71,1,71,9,0,0,0,0,
serial,SEV/SEV114^5.p,TH0,Unknown,timeout,na,2022,159,13,159,7,0,0,3,0,
serial,SEV/SEV115^5.p,TH0,Unknown,timeout,na,2028,52,1,52,6,0,0,0,0,
serial,SEV/SEV116^5.p,TH0,Theorem,timeout,na,2007,59,3,59,5,4,0,2,0,
serial,SEV/SEV117^5.p,TH0,Unknown,timeout,na,2014,333,9,333,37,6,0,1,0,
serial,SEV/SEV118^5.p,TH0,Unknown,timeout,na,2021,387,8,387,67,1,0,0,0,
serial,SEV/SEV119^5.p,TH0,Theorem,timeout,na,2018,167,2,167,21,1,0,0,0,
serial,SEV/SEV120^5.p,TH0,Theorem,timeout,na,2021,336,15,336,34,2,0,1,0,
serial,SEV/SEV121^5.p,TH0,Theorem,timeout,na,2005,188,4,188,18,27,0,4,0,
serial,SEV/SEV122^5.p,TH0,Theorem,thm,yes,22,3,0,3,1,1,0,0,0,
serial,SEV/SEV123^5.p,TH0,Theorem,timeout,na,2017,22,1,22,2,0,0,0,0,
serial,SEV/SEV124^5.p,TH0,Theorem,timeout,na,2018,45,1,45,5,0,0,0,0,
serial,SEV/SEV125^5.p,TH0,Theorem,timeout,na,2017,83,1,83,8,1,0,0,0,
serial,SEV/SEV126^5.p,TH0,Theorem,timeout,na,2019,158,5,158,19,1,0,1,0,
serial,SEV/SEV127^5.p,TH0,Theorem,timeout,na,2021,130,4,130,16,0,0,1,0,
serial,SEV/SEV128^5.p,TH0,Theorem,timeout,na,2023,142,5,142,16,0,0,0,0,
serial,SEV/SEV129^5.p,TH0,Theorem,timeout,na,2021,69,3,69,7,0,0,0,0,
serial,SEV/SEV130^5.p,TH0,Theorem,timeout,na,2020,37,2,37,4,0,0,0,0,
serial,SEV/SEV131^5.p,TH0,Theorem,thm,yes,113,94,1,94,9,22,0,4,1,
serial,SEV/SEV132^5.p,TH0,Unknown,timeout,na,2013,410,15,410,36,10,0,1,0,
serial,SEV/SEV133^5.p,TH0,Unknown,timeout,na,2019,414,17,414,46,4,0,1,0,
serial,SEV/SEV134^5.p,TH0,Theorem,thm,yes,7,4,0,4,1,1,0,0,0,
serial,SEV/SEV135^5.p,TH0,Theorem,thm,yes,51,17,1,17,3,0,0,1,1,
serial,SEV/SEV136^5.p,TH0,Theorem,timeout,na,2015,283,13,283,28,0,0,1,0,
serial,SEV/SEV137^5.p,TH0,Theorem,timeout,na,2017,505,29,505,41,0,0,1,0,
serial,SEV/SEV138^5.p,TH0,Theorem,timeout,na,2020,440,19,440,46,4,0,0,0,
serial,SEV/SEV140^5.p,TH0,Theorem,timeout,na,2025,202,6,202,26,0,0,0,0,
serial,SEV/SEV141^5.p,TH0,Theorem,timeout,na,2023,211,6,211,28,1,0,0,0,
serial,SEV/SEV143^5.p,TH0,Theorem,timeout,na,2017,392,14,392,45,5,0,0,0,
serial,SEV/SEV144^5.p,TH0,Theorem,timeout,na,2017,441,20,441,50,5,0,0,0,
serial,SEV/SEV146^5.p,TH0,Theorem,timeout,na,2024,507,15,507,60,10,0,0,0,
serial,SEV/SEV148^5.p,TH0,Theorem,timeout,na,2027,128,3,128,18,0,0,0,0,
serial,SEV/SEV149^5.p,TH0,Theorem,timeout,na,2030,354,11,354,41,4,0,0,0,
serial,SEV/SEV150^5.p,TH0,Theorem,timeout,na,2027,232,9,232,26,1,0,0,0,
serial,SEV/SEV152^5.p,TH0,Theorem,timeout,na,2038,278,11,278,30,2,0,0,0,
serial,SEV/SEV153^5.p,TH0,Theorem,timeout,na,2041,281,11,281,30,2,0,0,0,
serial,SEV/SEV154^5.p,TH0,Theorem,timeout,na,2039,278,11,278,30,2,0,0,0,
serial,SEV/SEV155^5.p,TH0,Theorem,timeout,na,2044,173,7,173,17,0,0,0,0,
serial,SEV/SEV156^5.p,TH0,Theorem,timeout,na,2043,178,7,178,17,0,0,0,0,
serial,SEV/SEV157^5.p,TH0,Theorem,timeout,na,2040,176,7,176,17,0,0,0,0,
serial,SEV/SEV158^5.p,TH0,Theorem,timeout,na,2010,114,5,114,11,0,0,1,0,
serial,SEV/SEV159^5.p,TH0,Theorem,thm,yes,2,3,0,3,1,1,0,0,0,
serial,SEV/SEV160^5.p,TH0,Theorem,thm,yes,2,1,0,1,1,1,0,0,0,
serial,SEV/SEV161^5.p,TH0,Theorem,thm,yes,3,4,0,4,1,1,0,0,0,
serial,SEV/SEV162^5.p,TH0,Theorem,thm,yes,30,19,1,19,3,0,0,1,1,
serial,SEV/SEV163^5.p,TH0,Theorem,timeout,na,2006,77,2,77,6,3,0,3,0,
serial,SEV/SEV164^5.p,TH0,Theorem,thm,yes,27,17,1,17,3,0,0,1,1,
serial,SEV/SEV165^5.p,TH0,Theorem,timeout,na,2005,11,0,11,3,0,0,0,0,
serial,SEV/SEV166^5.p,TH0,Theorem,timeout,na,2005,164,8,164,11,9,0,2,0,
serial,SEV/SEV167^5.p,TH0,Theorem,timeout,na,2020,638,19,638,70,17,0,0,0,
serial,SEV/SEV168^5.p,TH0,Theorem,timeout,na,2005,91,6,91,6,3,0,1,0,
serial,SEV/SEV169^5.p,TH0,Theorem,timeout,na,2013,307,13,307,27,5,0,3,0,
serial,SEV/SEV170^5.p,TH0,Theorem,timeout,na,2019,395,17,395,40,10,0,0,0,
serial,SEV/SEV171^5.p,TH0,Theorem,timeout,na,2010,248,9,248,28,2,0,0,0,
serial,SEV/SEV172^5.p,TH0,CounterSatisfiable,timeout,na,2014,434,8,434,60,41,0,0,0,
serial,SEV/SEV173^5.p,TH0,CounterSatisfiable,timeout,na,2013,380,5,380,59,30,0,0,0,
serial,SEV/SEV174^5.p,TH0,Theorem,timeout,na,2014,379,12,379,33,10,0,1,0,
serial,SEV/SEV175^5.p,TH0,Theorem,timeout,na,2008,195,0,195,26,21,0,6,0,
serial,SEV/SEV176^5.p,TH0,Theorem,timeout,na,2036,1546,4,1546,206,63,0,0,0,
serial,SEV/SEV177^5.p,TH0,Theorem,timeout,na,2012,551,21,551,49,5,0,1,0,
serial,SEV/SEV179^5.p,TH0,Theorem,timeout,na,2008,191,0,191,26,20,0,4,0,
serial,SEV/SEV180^5.p,TH0,CounterSatisfiable,timeout,na,2048,2160,0,2160,213,144,0,0,0,
serial,SEV/SEV181^5.p,TH0,Theorem,timeout,na,2009,92,3,92,10,3,0,1,0,
serial,SEV/SEV182^5.p,TH0,Unknown,timeout,na,2016,453,8,453,58,9,0,0,0,
serial,SEV/SEV183^5.p,TH0,Theorem,timeout,na,2049,78,1,78,12,1,0,0,0,
serial,SEV/SEV184^5.p,TH0,Unknown,timeout,na,2095,43,3,43,4,0,0,0,0,
serial,SEV/SEV185^5.p,TH0,Theorem,timeout,na,2015,414,11,414,41,6,0,0,0,
serial,SEV/SEV186^5.p,TH0,Theorem,timeout,na,2017,407,14,407,33,15,0,0,0,
serial,SEV/SEV187^5.p,TH0,Theorem,thm,yes,4,2,0,2,1,1,0,0,0,
serial,SEV/SEV188^5.p,TH0,Theorem,thm,yes,4,2,0,2,1,1,0,0,0,
serial,SEV/SEV189^5.p,TH0,Theorem,timeout,na,2011,45,0,45,9,0,0,0,0,
serial,SEV/SEV190^5.p,TH0,Theorem,timeout,na,2026,498,24,498,43,10,0,1,0,
serial,SEV/SEV191^5.p,TH0,Theorem,timeout,na,2051,838,32,838,128,16,0,0,0,
serial,SEV/SEV192^5.p,TH0,Theorem,timeout,na,2066,35,0,35,6,0,0,0,0,
serial,SEV/SEV193^5.p,TH0,Unknown,timeout,na,2009,153,2,149,7,16,0,0,0,
serial,SEV/SEV194^5.p,TH0,Theorem,timeout,na,2016,191,5,191,28,12,0,0,0,
serial,SEV/SEV195^5.p,TH0,Theorem,timeout,na,2021,671,19,671,67,32,0,1,0,
serial,SEV/SEV196^5.p,TH0,Theorem,timeout,na,2018,130,5,130,21,2,0,0,0,
serial,SEV/SEV197^5.p,TH0,Theorem,thm,yes,17,1,0,1,1,1,0,0,0,
serial,SEV/SEV198^5.p,TH0,Theorem,timeout,na,2017,91,3,91,18,0,0,0,0,
serial,SEV/SEV199^5.p,TH0,Theorem,timeout,na,2024,321,10,321,30,16,0,1,0,
serial,SEV/SEV200^5.p,TH0,Theorem,timeout,na,2027,332,8,332,37,14,0,1,0,
serial,SEV/SEV203^5.p,TH0,Theorem,timeout,na,2025,333,7,333,37,12,0,1,0,
serial,SEV/SEV204^5.p,TH0,Theorem,timeout,na,2025,327,7,327,37,12,0,1,0,
serial,SEV/SEV205^5.p,TH0,Theorem,timeout,na,2034,776,19,776,101,13,0,1,0,
serial,SEV/SEV206^5.p,TH0,Theorem,timeout,na,2030,91,4,91,8,0,0,1,0,
serial,SEV/SEV207^5.p,TH0,Theorem,timeout,na,2031,88,3,88,8,0,0,1,0,
serial,SEV/SEV208^5.p,TH0,Theorem,timeout,na,2035,43,2,43,6,0,0,4,0,
serial,SEV/SEV209^5.p,TH0,Unknown,timeout,na,2044,25,1,25,7,1,0,0,0,
serial,SEV/SEV210^5.p,TH0,Theorem,timeout,na,2038,76,3,76,9,0,0,1,0,
serial,SEV/SEV211^5.p,TH0,Unknown,timeout,na,2041,84,2,84,10,0,0,1,0,
serial,SEV/SEV212^5.p,TH0,Theorem,timeout,na,2044,74,2,74,7,0,0,0,0,
serial,SEV/SEV213^5.p,TH0,Unknown,timeout,na,2062,108,3,108,17,2,0,0,0,
serial,SEV/SEV214^5.p,TH0,Theorem,timeout,na,2024,760,23,760,93,40,0,1,0,
serial,SEV/SEV215^5.p,TH0,Unknown,timeout,na,2081,81,1,81,10,0,0,0,0,
serial,SEV/SEV216^5.p,TH0,Unknown,timeout,na,2091,11,1,11,2,0,0,0,0,
serial,SEV/SEV217^5.p,TH0,Unknown,timeout,na,2147,8,0,8,2,0,0,0,0,
serial,SEV/SEV218^5.p,TH0,Theorem,timeout,na,2039,1209,22,1209,223,26,0,1,0,
serial,SEV/SEV219^5.p,TH0,Unknown,timeout,na,2096,29,1,29,4,0,0,0,0,
serial,SEV/SEV220^5.p,TH0,Theorem,timeout,na,2034,1309,17,1309,183,22,0,3,0,
serial,SEV/SEV221^5.p,TH0,Theorem,timeout,na,2026,1113,18,1113,144,43,0,1,0,
serial,SEV/SEV222^5.p,TH0,Theorem,timeout,na,2022,828,11,828,71,61,0,1,0,
serial,SEV/SEV223^5.p,TH0,Theorem,timeout,na,2013,472,10,472,45,33,0,0,0,
serial,SEV/SEV224^5.p,TH0,Theorem,timeout,na,2007,19,0,19,3,0,0,1,0,
serial,SEV/SEV225^5.p,TH0,Theorem,thm,yes,10,9,0,9,1,0,0,1,1,
serial,SEV/SEV226^5.p,TH0,CounterSatisfiable,timeout,na,2033,338,9,338,40,0,0,1,0,
serial,SEV/SEV227^5.p,TH0,Theorem,timeout,na,2016,666,14,666,69,49,0,1,0,
serial,SEV/SEV228^5.p,TH0,Theorem,thm,yes,61,15,1,15,2,0,0,1,1,
serial,SEV/SEV229^5.p,TH0,Theorem,timeout,na,2006,282,2,282,36,45,0,2,0,
serial,SEV/SEV230^5.p,TH0,Theorem,thm,yes,1161,434,5,434,85,15,0,1,1,
serial,SEV/SEV231^5.p,TH0,Theorem,timeout,na,2021,748,1,748,116,39,0,1,0,
serial,SEV/SEV232^5.p,TH0,Theorem,thm,yes,14,1,0,1,1,1,0,0,0,
serial,SEV/SEV233^5.p,TH0,Theorem,thm,yes,85,76,0,76,17,3,0,1,1,
serial,SEV/SEV234^5.p,TH0,Theorem,timeout,na,2010,140,1,140,21,2,0,0,0,
serial,SEV/SEV235^5.p,TH0,Theorem,timeout,na,2006,366,5,366,43,54,0,2,0,
serial,SEV/SEV236^5.p,TH0,Theorem,timeout,na,2009,237,6,237,18,18,0,1,0,
serial,SEV/SEV237^5.p,TH0,Theorem,timeout,na,2013,302,6,297,21,22,0,0,0,
serial,SEV/SEV238^5.p,TH0,Theorem,timeout,na,2027,159,3,159,19,2,0,0,0,
serial,SEV/SEV239^5.p,TH0,Theorem,timeout,na,2018,796,12,796,99,37,0,0,0,
serial,SEV/SEV240^5.p,TH0,Theorem,thm,yes,22,11,0,11,2,0,0,1,1,
serial,SEV/SEV241^5.p,TH0,Theorem,thm,yes,27,12,0,12,2,2,0,0,0,
serial,SEV/SEV242^5.p,TH0,Theorem,timeout,na,2011,242,4,242,40,5,0,1,0,
serial,SEV/SEV243^5.p,TH0,Theorem,timeout,na,2011,300,13,300,26,7,0,1,0,
serial,SEV/SEV244^6.p,TH0,Theorem,timeout,na,2011,214,8,214,21,4,0,0,0,
serial,SEV/SEV245^5.p,TH0,Theorem,timeout,na,2010,196,7,196,16,5,0,1,0,
serial,SEV/SEV245^6.p,TH0,Theorem,timeout,na,2012,287,12,287,23,9,0,1,0,
serial,SEV/SEV246^5.p,TH0,Theorem,timeout,na,2010,167,9,167,15,0,0,4,0,
serial,SEV/SEV246^6.p,TH0,Theorem,timeout,na,2011,264,10,264,26,2,0,4,0,
serial,SEV/SEV248^5.p,TH0,Theorem,timeout,na,2018,359,0,359,65,20,0,0,0,
serial,SEV/SEV249^5.p,TH0,Theorem,timeout,na,2012,172,6,172,23,0,0,1,0,
serial,SEV/SEV250^5.p,TH0,Unknown,timeout,na,2010,127,5,127,16,0,0,0,0,
serial,SEV/SEV251^5.p,TH0,CounterSatisfiable,timeout,na,2015,312,10,312,35,0,0,1,0,
serial,SEV/SEV252^5.p,TH0,Theorem,timeout,na,2014,224,7,224,21,6,0,0,0,
serial,SEV/SEV253^5.p,TH0,Theorem,timeout,na,2017,113,3,113,20,0,0,0,0,
serial,SEV/SEV254^5.p,TH0,Theorem,timeout,na,2025,314,2,314,54,4,0,0,0,
serial,SEV/SEV256^5.p,TH0,Theorem,timeout,na,2006,75,3,75,7,4,0,0,0,
serial,SEV/SEV257^5.p,TH0,Theorem,timeout,na,2012,388,12,380,19,36,0,0,0,
serial,SEV/SEV258^5.p,TH0,Theorem,thm,yes,18,13,0,13,2,3,0,0,0,
serial,SEV/SEV259^5.p,TH0,Theorem,thm,yes,274,69,2,69,9,0,0,1,1,
serial,SEV/SEV260^5.p,TH0,Theorem,timeout,na,2042,475,20,475,60,0,0,0,0,
serial,SEV/SEV261^5.p,TH0,Theorem,timeout,na,2019,322,10,322,49,17,0,0,0,
serial,SEV/SEV262^5.p,TH0,Theorem,timeout,na,2012,118,4,118,20,1,0,0,0,
serial,SEV/SEV263^5.p,TH0,Theorem,timeout,na,2009,110,4,110,12,2,0,1,0,
serial,SEV/SEV264^5.p,TH0,Unknown,timeout,na,2012,122,2,122,19,2,0,0,0,
serial,SEV/SEV265^5.p,TH0,Unknown,timeout,na,2010,191,5,191,17,12,0,1,0,
serial,SEV/SEV266^5.p,TH0,Theorem,timeout,na,2013,291,18,291,31,0,0,0,0,
serial,SEV/SEV267^5.p,TH0,Theorem,timeout,na,2014,210,3,210,34,5,0,0,0,
serial,SEV/SEV268^5.p,TH0,Unknown,timeout,na,2018,251,7,251,28,1,0,0,0,
serial,SEV/SEV269^5.p,TH0,Unknown,timeout,na,2019,79,2,79,10,0,0,0,0,
serial,SEV/SEV270^5.p,TH0,Unknown,timeout,na,2023,273,12,273,33,0,0,1,0,
serial,SEV/SEV271^5.p,TH0,Unknown,timeout,na,2049,469,15,469,55,1,0,0,0,
serial,SEV/SEV272^5.p,TH0,Theorem,thm,yes,16,1,0,1,1,1,0,0,0,
serial,SEV/SEV273^5.p,TH0,Theorem,timeout,na,2009,298,15,298,32,0,0,3,0,
serial,SEV/SEV274^5.p,TH0,Theorem,timeout,na,2010,202,5,202,23,0,0,2,0,
serial,SEV/SEV275^5.p,TH0,Unknown,timeout,na,2008,75,3,75,6,0,0,2,0,
serial,SEV/SEV276^5.p,TH0,Theorem,timeout,na,2010,202,5,202,23,0,0,2,0,
serial,SEV/SEV277^5.p,TH0,Unknown,timeout,na,2010,222,9,222,22,0,0,2,0,
serial,SEV/SEV278^5.p,TH0,Unknown,timeout,na,2010,110,5,110,9,0,0,2,0,
serial,SEV/SEV279^5.p,TH0,Unknown,timeout,na,2012,147,8,147,13,0,0,2,0,
serial,SEV/SEV280^5.p,TH0,Unknown,timeout,na,2015,374,8,374,37,10,0,1,0,
serial,SEV/SEV281^5.p,TH0,Unknown,timeout,na,2020,280,12,280,27,0,0,3,0,
serial,SEV/SEV282^5.p,TH0,Theorem,thm,yes,15,3,0,3,1,1,0,0,0,
serial,SEV/SEV285^5.p,TH0,Theorem,timeout,na,2004,77,2,77,6,3,0,3,0,
serial,SEV/SEV286^5.p,TH0,Theorem,thm,yes,13,11,1,11,1,1,0,0,0,
serial,SEV/SEV288^5.p,TH0,Theorem,timeout,na,2003,86,3,86,6,4,0,5,0,
serial,SEV/SEV289^5.p,TH0,Theorem,timeout,na,2010,88,2,88,12,1,0,1,0,
serial,SEV/SEV290^5.p,TH0,Theorem,thm,yes,31,5,0,5,1,0,0,1,1,
serial,SEV/SEV291^5.p,TH0,Theorem,timeout,na,2016,111,3,111,15,0,0,1,0,
serial,SEV/SEV292^5.p,TH0,Theorem,timeout,na,2015,73,2,73,9,1,0,0,0,
serial,SEV/SEV293^5.p,TH0,Theorem,timeout,na,2019,1092,56,1092,80,29,0,1,0,
serial,SEV/SEV294^5.p,TH0,Theorem,timeout,na,2016,161,4,161,19,2,0,1,0,
serial,SEV/SEV295^5.p,TH0,Theorem,timeout,na,2019,105,5,105,11,0,0,1,0,
serial,SEV/SEV296^5.p,TH0,CounterSatisfiable,timeout,na,2021,72,3,72,7,1,0,0,0,
serial,SEV/SEV297^5.p,TH0,Unknown,timeout,na,2013,140,7,140,19,0,0,1,0,
serial,SEV/SEV298^5.p,TH0,CounterSatisfiable,timeout,na,2016,219,6,219,30,4,0,2,0,
serial,SEV/SEV299^5.p,TH0,Theorem,timeout,na,2014,89,3,89,10,4,0,3,0,
serial,SEV/SEV300^5.p,TH0,Theorem,timeout,na,2028,1175,39,1175,122,36,0,0,0,
serial,SEV/SEV301^5.p,TH0,Unknown,timeout,na,2017,158,5,158,18,2,0,1,0,
serial,SEV/SEV302^5.p,TH0,Theorem,timeout,na,2021,126,3,126,12,2,0,0,0,
serial,SEV/SEV303^5.p,TH0,Theorem,timeout,na,2032,150,4,150,16,4,0,0,0,
serial,SEV/SEV304^5.p,TH0,CounterSatisfiable,timeout,na,2022,186,14,186,8,0,0,0,0,
serial,SEV/SEV305^5.p,TH0,Theorem,timeout,na,2009,261,12,261,30,7,0,5,0,
serial,SEV/SEV305^6.p,TH0,Theorem,timeout,na,2011,382,23,382,27,7,0,5,0,
serial,SEV/SEV306^5.p,TH0,Theorem,timeout,na,2010,300,10,300,23,21,0,1,0,
serial,SEV/SEV308^5.p,TH0,Theorem,timeout,na,2008,109,3,109,11,0,0,1,0,
serial,SEV/SEV309^5.p,TH0,Theorem,timeout,na,2009,176,8,176,20,0,0,1,0,
serial,SEV/SEV310^5.p,TH0,Theorem,timeout,na,2009,241,10,241,23,2,0,5,0,
serial,SEV/SEV311^5.p,TH0,Theorem,timeout,na,2013,292,12,292,23,11,0,1,0,
serial,SEV/SEV312^5.p,TH0,Theorem,timeout,na,2012,240,9,240,37,11,0,5,0,
serial,SEV/SEV313^5.p,TH0,Unknown,timeout,na,2013,87,1,87,11,0,0,0,0,
serial,SEV/SEV314^5.p,TH0,Unknown,timeout,na,2018,62,0,62,9,0,0,0,0,
serial,SEV/SEV315^5.p,TH0,Unknown,timeout,na,2024,18,0,18,2,0,0,0,0,
serial,SEV/SEV316^5.p,TH0,CounterSatisfiable,timeout,na,2043,88,1,88,14,1,0,0,0,
serial,SEV/SEV317^5.p,TH0,Theorem,timeout,na,2018,398,29,398,22,0,0,1,0,
serial,SEV/SEV318^5.p,TH0,Theorem,timeout,na,2017,399,29,399,23,0,0,1,0,
serial,SEV/SEV319^5.p,TH0,Theorem,timeout,na,2015,403,29,403,23,0,0,1,0,
serial,SEV/SEV319^6.p,TH0,Theorem,timeout,na,2014,406,29,406,23,0,0,1,0,
serial,SEV/SEV321^5.p,TH0,Theorem,timeout,na,2014,394,28,394,21,0,0,1,0,
serial,SEV/SEV322^5.p,TH0,CounterSatisfiable,csa,yes,2,1,0,1,1,0,1,0,0,cGVB_IN z cGVB_ZERO
serial,SEV/SEV323^5.p,TH0,CounterSatisfiable,csa,yes,5,4,0,4,2,0,1,0,0,cGVB_IN z cGVB_V  ¬(cGVB_M z)
serial,SEV/SEV324^5.p,TH0,CounterSatisfiable,csa,yes,10,6,0,6,2,0,1,0,0,C[SG0XH] (cGVB_SING x)  ¬(C[SG0XH] (cGVB_NOP x x))
serial,SEV/SEV325^5.p,TH0,CounterSatisfiable,csa,yes,3,3,0,3,1,0,1,0,0,cGVB_IN x y  ¬(cGVB_M x)
serial,SEV/SEV326^5.p,TH0,CounterSatisfiable,csa,yes,10,6,0,6,2,0,1,0,0,C[6UCKD] (cGVB_SUCC x)  ¬(C[6UCKD] (cGVB_UNION x (cGVB_SING x)))
serial,SEV/SEV327^5.p,TH0,CounterSatisfiable,csa,yes,10,11,0,11,4,0,1,0,0,cGVB_FUNCTION z  ¬(cGVB_RELATION z)
serial,SEV/SEV328^5.p,TH0,CounterSatisfiable,csa,yes,10,6,0,6,2,0,1,0,0,C[1BCXMX] (cGVB_RESTRICT x y)  ¬(C[1BCXMX] (cGVB_INTERSECT x (cGVB_CROSS y cGVB_V)))
serial,SEV/SEV329^5.p,TH0,CounterSatisfiable,csa,yes,10,11,0,11,4,0,1,0,0,cGVB_ONE_ONE f  ¬(cGVB_FUNCTION f)
serial,SEV/SEV330^5.p,TH0,CounterSatisfiable,csa,yes,11,6,0,6,2,0,1,0,0,C[17HIWR] (cGVB_UNION x y)  ¬(C[17HIWR] (cGVB_COMPLEMENT (cGVB_INTERSECT (cGVB_COMPLEMENT x) (cGVB_COMPLEMENT y))))
serial,SEV/SEV331^5.p,TH0,CounterSatisfiable,csa,yes,11,6,0,6,2,0,1,0,0,C[1GDD43] (cGVB_OP x y)  ¬(C[1GDD43] (cGVB_NOP (cGVB_SING x) (cGVB_NOP x y)))
serial,SEV/SEV332^5.p,TH0,CounterSatisfiable,csa,yes,11,6,0,6,2,0,1,0,0,C[1WETHM] (cGVB_APP2 f x y)  ¬(C[1WETHM] (cGVB_APPLY f (cGVB_OP x y)))
serial,SEV/SEV333^5.p,TH0,CounterSatisfiable,csa,yes,12,11,0,11,4,0,1,0,0,cGVB_IN z (cGVB_POWERSET x)  ¬(cGVB_M z)
serial,SEV/SEV334^5.p,TH0,CounterSatisfiable,csa,yes,11,12,0,12,4,0,1,0,0,cGVB_IN z (cGVB_COMPLEMENT x)  ¬(cGVB_M z)
serial,SEV/SEV335^5.p,TH0,CounterSatisfiable,csa,yes,13,10,0,10,4,0,1,0,0,cGVB_PROP_SUBSET x y  ¬(cGVB_SUBSET x y)
serial,SEV/SEV336^5.p,TH0,CounterSatisfiable,csa,yes,23,18,0,18,5,0,1,0,0,cGVB_RELATION z  cGVB_M C[1TBACT]  cGVB_IN C[1TBACT] z  ¬(cGVB_OPP C[1TBACT])
serial,SEV/SEV337^5.p,TH0,CounterSatisfiable,csa,yes,16,14,0,14,4,0,1,0,0,cGVB_IN z cGVB_ESTIN  ¬(cGVB_M z)
serial,SEV/SEV338^5.p,TH0,CounterSatisfiable,csa,yes,17,13,0,13,4,0,1,0,0,cGVB_IN z cGVB_IDENT  ¬(cGVB_M z)
serial,SEV/SEV339^5.p,TH0,CounterSatisfiable,csa,yes,18,13,0,13,4,0,1,0,0,cGVB_IN z (cGVB_INTERSECT x y)  ¬(cGVB_M z)
serial,SEV/SEV340^5.p,TH0,CounterSatisfiable,csa,yes,25,19,0,19,5,1,1,0,0,cGVB_SUBSET x y  ¬(cGVB_M C[K60XP])
serial,SEV/SEV341^5.p,TH0,CounterSatisfiable,csa,yes,17,13,0,13,4,0,1,0,0,cGVB_CLOSED x f  ¬(cGVB_M x)
serial,SEV/SEV342^5.p,TH0,CounterSatisfiable,csa,yes,16,10,0,10,4,0,1,0,0,cGVB_IN u (cGVB_NOP x y)  ¬(cGVB_M u)
serial,SEV/SEV343^5.p,TH0,CounterSatisfiable,timeout,na,2029,1492,0,1492,221,83,0,0,0,
serial,SEV/SEV344^5.p,TH0,CounterSatisfiable,timeout,na,2044,2087,119,2087,434,3,0,0,0,
serial,SEV/SEV345^5.p,TH0,CounterSatisfiable,csa,yes,20,13,0,13,4,0,1,0,0,cGVB_MAPS f x y  ¬(cGVB_FUNCTION f)
serial,SEV/SEV346^5.p,TH0,CounterSatisfiable,csa,yes,26,19,0,19,5,1,1,0,0,cGVB_DISJOINT x y  cGVB_M C[1SBITE]  cGVB_IN C[1SBITE] x  cGVB_IN C[1SBITE] y
serial,SEV/SEV347^5.p,TH0,CounterSatisfiable,csa,yes,18,13,0,13,4,0,1,0,0,cGVB_IN z (cGVB_CONVERSE x)  ¬(cGVB_M z)
serial,SEV/SEV348^5.p,TH0,CounterSatisfiable,timeout,na,2013,956,39,956,92,32,0,0,0,
serial,SEV/SEV349^5.p,TH0,CounterSatisfiable,timeout,na,2026,1325,40,1325,164,69,0,0,0,
serial,SEV/SEV350^5.p,TH0,CounterSatisfiable,csa,yes,27,16,1,16,4,0,1,0,0,cGVB_IN z (cGVB_SIGMA x)  ¬(cGVB_M z)  cGVB_IN z C[YMJAI]  cGVB_M C[YMJAI]  cGVB_IN C[YMJAI] x
serial,SEV/SEV351^5.p,TH0,CounterSatisfiable,csa,yes,24,16,0,16,4,0,1,0,0,cGVB_IN z (cGVB_CROSS x y)  ¬(cGVB_M z)
serial,SEV/SEV352^5.p,TH0,CounterSatisfiable,timeout,na,2013,1022,41,1022,108,28,0,0,0,
serial,SEV/SEV354^5.p,TH0,CounterSatisfiable,timeout,na,2032,1454,14,1454,177,136,0,0,0,
serial,SEV/SEV355^5.p,TH0,CounterSatisfiable,timeout,na,2049,1962,4,1962,222,189,0,0,0,
serial,SEV/SEV356^5.p,TH0,CounterSatisfiable,timeout,na,2039,1821,6,1821,163,212,0,0,0,
serial,SEV/SEV357^5.p,TH0,CounterSatisfiable,timeout,na,2017,1105,29,1105,153,39,0,0,0,
serial,SEV/SEV358^5.p,TH0,CounterSatisfiable,timeout,na,2010,786,46,786,62,19,0,0,0,
serial,SEV/SEV359^5.p,TH0,CounterSatisfiable,timeout,na,2041,1408,24,1408,310,61,0,0,0,
serial,SEV/SEV360^5.p,TH0,CounterSatisfiable,timeout,na,2015,998,47,998,88,21,0,0,0,
serial,SEV/SEV361^5.p,TH0,CounterSatisfiable,csa,yes,130,42,1,42,6,1,1,0,0,cGVB_SING_VAL x  cGVB_M C[Q5DT3]  cGVB_M C[1RTPUG]  cGVB_IN (cGVB_OP C[Q5DT3] C[1RTPUG]) x  cGVB_M C[1NQOOA]  cGVB_IN (cGVB_OP C[Q5DT3] C[1NQOOA]) x  C[1T6PH2] C[1RTPUG]  ¬(C[1T6PH2] C[1NQOOA])
serial,SEV/SEV362^5.p,TH0,CounterSatisfiable,timeout,na,2016,853,36,853,81,38,0,0,0,
serial,SEV/SEV363^5.p,TH0,CounterSatisfiable,timeout,na,2016,805,35,805,78,38,0,0,0,
serial,SEV/SEV364^5.p,TH0,CounterSatisfiable,timeout,na,2020,816,35,816,85,35,0,0,0,
serial,SEV/SEV365^5.p,TH0,CounterSatisfiable,csa,yes,593,193,4,193,26,6,1,0,0,cGVB_HOMOM h s1 f1 s2 f2  cGVB_CLOSED s1 f1  cGVB_CLOSED s2 f2  cGVB_MAPS h s1 s2  cGVB_IN C[6JBMJ] s1  cGVB_IN C[11D7CS] s1  C[1DZLXS] (cGVB_APPLY h (cGVB_APP2 f1 C[6JBMJ] C[11D7CS]))  ¬(C[1DZLXS] (c
serial,SEV/SEV366^5.p,TH0,CounterSatisfiable,csa,yes,1,1,0,1,1,0,1,0,0,¬(cGVB_M (cGVB_OP a b))
serial,SEV/SEV368^5.p,TH0,CounterSatisfiable,csa,yes,2,3,0,3,1,0,1,0,0,cGVB_M u  ¬(cGVB_M (cGVB_POWERSET u))
serial,SEV/SEV369^5.p,TH0,CounterSatisfiable,csa,yes,4,5,0,5,1,0,1,0,0,cGVB_M x  cGVB_FUNCTION f  ¬(cGVB_M (cGVB_IMAGE x f))
serial,SEV/SEV370^5.p,TH0,CounterSatisfiable,csa,yes,8,7,0,7,1,0,1,0,0,cGVB_M C[26U36J]  cGVB_M C[15KBXL]  ¬(cGVB_M (cGVB_COMPOSE C[26U36J] C[15KBXL]))
serial,SEV/SEV371^5.p,TH0,CounterSatisfiable,csa,yes,16,12,0,12,2,0,1,0,0,cGVB_M C[198IZR]  cGVB_M C[3DIDK]  C[P9DUJ] (cGVB_SECOND (cGVB_OP C[198IZR] C[3DIDK]))  ¬(C[P9DUJ] C[3DIDK])
serial,SEV/SEV372^5.p,TH0,CounterSatisfiable,csa,yes,16,12,0,12,2,0,1,0,0,cGVB_M C[1E2H58]  cGVB_M C[8NTR5]  C[TDYAM] (cGVB_FIRST (cGVB_OP C[1E2H58] C[8NTR5]))  ¬(C[TDYAM] C[1E2H58])
serial,SEV/SEV373^5.p,TH0,CounterSatisfiable,csa,yes,15,9,0,9,2,0,1,0,0,C[23VDQB] (cGVB_COMPOSE C[1D4W1E] (cGVB_COMPOSE C[1QBSZ2] C[5WJDH]))  ¬(C[23VDQB] (cGVB_COMPOSE (cGVB_COMPOSE C[1D4W1E] C[1QBSZ2]) C[5WJDH]))
serial,SEV/SEV374^5.p,TH0,CounterSatisfiable,timeout,na,2013,733,29,733,59,3,0,0,0,
serial,SEV/SEV375^5.p,TH0,CounterSatisfiable,timeout,na,2012,743,29,743,61,3,0,0,0,
serial,SEV/SEV376^5.p,TH0,CounterSatisfiable,csa,yes,10,5,0,5,1,0,1,0,0,cGVB_HOMOM h1 s1 f1 s2 f2  cGVB_HOMOM h2 s2 f2 s3 f3  ¬(cGVB_HOMOM (cGVB_COMPOSE h2 h1) s1 f1 s3 f3)
serial,SEV/SEV377^5.p,TH0,CounterSatisfiable,csa,yes,27,13,0,13,2,0,1,0,0,cGVB_FUNCTION C[242VX2]  cGVB_IN C[661T6] (cGVB_DOMAIN C[242VX2])  C[10TM4J] (cGVB_APPLY C[TWFTZ] (cGVB_APPLY C[242VX2] C[661T6]))  ¬(C[10TM4J] (cGVB_APPLY (cGVB_COMPOSE C[TWFTZ] C[242VX2]) C[661T6]))
serial,SEV/SEV378^5.p,TH0,CounterSatisfiable,timeout,na,2016,856,31,856,69,5,0,0,0,
serial,SEV/SEV379^5.p,TH0,CounterSatisfiable,timeout,na,2007,547,52,547,6,3,0,0,0,
serial,SEV/SEV380^5.p,TH0,CounterSatisfiable,timeout,na,2024,1134,45,1134,91,18,0,0,0,
serial,SEV/SEV381^5.p,TH0,CounterSatisfiable,timeout,na,2020,788,40,788,57,7,0,0,0,
serial,SEV/SEV382^5.p,TH0,Theorem,timeout,na,2010,474,17,474,41,5,0,1,0,
serial,SEV/SEV383^5.p,TH0,Theorem,thm,yes,3,3,0,3,1,0,0,1,1,
serial,SEV/SEV384^5.p,TH0,Theorem,timeout,na,2012,510,30,510,34,4,0,1,0,
serial,SEV/SEV385^5.p,TH0,Theorem,timeout,na,2018,850,28,850,78,20,0,0,0,
serial,SEV/SEV386^5.p,TH0,Theorem,timeout,na,2017,1226,44,1226,131,26,0,0,0,
serial,SEV/SEV387^5.p,TH0,Theorem,thm,yes,21,4,0,4,1,1,0,0,0,
serial,SEV/SEV388^5.p,TH0,Theorem,thm,yes,5,3,0,3,1,1,0,0,0,
serial,SEV/SEV389^5.p,TH0,Theorem,thm,yes,11,13,0,13,2,0,0,1,1,
serial,SEV/SEV390^5.p,TH0,Theorem,thm,yes,11,13,0,13,2,0,0,1,1,
serial,SEV/SEV391^5.p,TH0,Theorem,thm,yes,68,27,1,27,3,2,0,4,1,
serial,SEV/SEV392^5.p,TH0,Theorem,thm,yes,15,16,0,16,2,0,0,1,1,
serial,SEV/SEV393^5.p,TH0,Theorem,thm,yes,16,16,0,16,2,0,0,1,1,
serial,SEV/SEV394^5.p,TH0,Theorem,thm,yes,70,83,1,83,8,12,0,1,1,
serial,SEV/SEV396^5.p,TH0,Theorem,thm,yes,34,44,1,44,6,3,0,1,1,
serial,SEV/SEV397^5.p,TH0,Theorem,thm,yes,5,2,0,2,1,1,0,0,0,
serial,SEV/SEV398^5.p,TH0,Theorem,timeout,na,2012,273,19,273,21,1,0,1,0,
serial,SEV/SEV399^5.p,TH0,Theorem,timeout,na,2013,190,10,190,19,0,0,1,0,
serial,SEV/SEV400^5.p,TH0,Theorem,timeout,na,2007,189,6,189,22,0,0,1,0,
serial,SEV/SEV401^5.p,TH0,Theorem,timeout,na,2013,388,27,388,24,2,0,1,0,
serial,SEV/SEV402^5.p,TH0,Theorem,timeout,na,2008,107,3,107,11,0,0,1,0,
serial,SEV/SEV403^5.p,TH0,Theorem,timeout,na,2014,194,10,194,19,0,0,1,0,
serial,SEV/SEV404^5.p,TH0,Theorem,timeout,na,2008,159,3,159,21,0,0,1,0,
serial,SEV/SEV405^5.p,TH0,Theorem,thm,yes,23,16,1,16,2,1,0,2,1,
serial,SEV/SEV406^5.p,TH0,Theorem,thm,yes,8,3,0,3,1,1,0,0,0,
serial,SEV/SEV408^5.p,TH0,Theorem,thm,yes,22,4,0,4,1,0,0,1,1,
serial,SEV/SEV409^5.p,TH0,Theorem,thm,yes,52,7,0,7,1,0,0,1,1,
serial,SEV/SEV410^5.p,TH0,Theorem,timeout,na,2037,1287,5,1287,200,47,0,3,0,
serial,SEV/SEV411^5.p,TH0,Theorem,thm,yes,3,1,0,1,1,1,0,0,0,
serial,SEV/SEV412^5.p,TH0,Theorem,thm,yes,4,1,0,1,1,1,0,0,0,
serial,SEV/SEV413^5.p,TH0,Theorem,thm,yes,4,1,0,1,1,1,0,0,0,
serial,SEV/SEV414^5.p,TH0,Theorem,timeout,na,2007,159,5,159,20,0,0,1,0,
serial,SEV/SEV416^5.p,TH0,Theorem,thm,yes,6,1,0,1,1,1,0,0,0,
serial,SEV/SEV417^5.p,TH0,Theorem,thm,yes,137,105,7,105,10,1,0,1,1,
serial,SEV/SEV418^5.p,TH0,Unknown,timeout,na,2012,322,19,322,23,0,0,1,0,
serial,SEV/SEV419^5.p,TH0,Unknown,timeout,na,2019,360,15,360,39,0,0,1,0,
serial,SEV/SEV420^1.p,TH0,Theorem,timeout,na,2057,800,19,800,135,12,0,0,0,
serial,SEV/SEV427^1.p,TH0,Theorem,timeout,na,2019,1234,45,1234,121,13,0,2,0,
serial,SEV/SEV428^1.p,TH0,Theorem,timeout,na,2010,101,5,101,12,0,0,1,0,
serial,SEV/SEV429^1.p,TH0,Theorem,timeout,na,2008,533,23,533,41,5,0,1,0,
serial,SEV/SEV430^1.p,TH0,Theorem,timeout,na,2012,630,26,630,51,3,0,1,0,
serial,SEV/SEV431^1.p,TH0,Theorem,timeout,na,2014,621,26,621,49,5,0,1,0,
serial,SEV/SEV432^1.p,TH0,Theorem,timeout,na,2015,630,26,630,51,3,0,1,0,
serial,SEV/SEV433^1.p,TH0,Theorem,timeout,na,2019,1294,57,1294,87,41,0,0,0,
serial,SEV/SEV434^1.p,TH0,Theorem,timeout,na,2006,445,25,445,20,15,0,2,0,
serial,SEV/SEV440^1.p,TH0,Satisfiable,no_conjecture,na,53,,,,,,,,,
serial,SEV/SEV441^1.p,TH0,Satisfiable,no_conjecture,na,52,,,,,,,,,
serial,SEV/SEV442^1.p,TH1,Theorem,parse_timeout,na,0,,,,,,,,,cached: parse exceeded 5000ms
serial,SEV/SEV443^1.p,TH1,Theorem,parse_timeout,na,0,,,,,,,,,cached: parse exceeded 5000ms
serial,SEV/SEV444^1.p,TH1,Theorem,timeout,na,2017,772,35,772,65,1,0,4,0,
serial,SEV/SEV445^1.p,TH1,Theorem,timeout,na,2018,697,30,697,60,3,0,3,0,
serial,SEV/SEV446^1.p,TH1,Theorem,timeout,na,2016,713,27,713,63,12,0,0,0,
serial,SEV/SEV447^1.p,TH1,Theorem,timeout,na,2021,795,37,795,65,1,0,4,0,
serial,SEV/SEV448^1.p,TH1,Theorem,timeout,na,2021,825,45,825,59,0,0,4,0,
serial,SEV/SEV449^1.p,TH1,Theorem,timeout,na,2024,780,27,780,55,16,0,2,0,
serial,SEV/SEV450^1.p,TH1,Theorem,timeout,na,2021,756,41,756,55,0,0,5,0,
serial,SEV/SEV451^1.p,TH1,Theorem,timeout,na,2017,477,25,477,41,0,0,2,0,
serial,SEV/SEV452^1.p,TH1,Theorem,timeout,na,2019,689,38,689,48,0,0,4,0,
serial,SEV/SEV453^1.p,TH1,Theorem,timeout,na,2019,657,33,657,51,0,0,2,0,
serial,SEV/SEV454^1.p,TH1,Theorem,timeout,na,2030,722,35,722,60,0,0,2,0,
serial,SEV/SEV455^1.p,TH1,Theorem,timeout,na,2024,686,37,686,47,0,0,4,0,
serial,SEV/SEV456^1.p,TH1,Theorem,timeout,na,2027,707,40,707,45,0,0,5,0,
serial,SEV/SEV457^1.p,TH1,Theorem,timeout,na,2011,255,9,255,25,7,0,0,0,
serial,SEV/SEV458^1.p,TH1,Theorem,timeout,na,2023,748,43,748,53,0,0,5,0,
serial,SEV/SEV459^1.p,TH1,Theorem,timeout,na,2019,732,40,732,51,0,0,4,0,
serial,SEV/SEV460^1.p,TH1,Theorem,timeout,na,2025,899,54,899,55,0,0,4,0,
serial,SEV/SEV461^1.p,TH1,Theorem,timeout,na,2019,616,36,616,41,0,0,2,0,
serial,SEV/SEV462^1.p,TH1,Theorem,timeout,na,2027,470,27,470,32,0,0,5,0,
serial,SEV/SEV463^1.p,TH1,Theorem,timeout,na,2019,462,26,462,29,0,0,4,0,
serial,SEV/SEV464^1.p,TH1,Theorem,timeout,na,2018,178,7,178,19,5,0,0,0,
serial,SEV/SEV465^1.p,TH1,Theorem,timeout,na,2016,509,22,509,37,15,0,0,0,
serial,SEV/SEV466^1.p,TH1,Theorem,timeout,na,2025,587,27,587,51,0,0,1,0,
serial,SEV/SEV467^1.p,TH1,Theorem,timeout,na,2014,195,11,195,17,0,0,3,0,
serial,SEV/SEV468^1.p,TH1,Theorem,timeout,na,2024,180,9,180,17,0,0,5,0,
serial,SEV/SEV469^1.p,TH1,Theorem,timeout,na,2040,438,24,438,28,0,0,3,0,
serial,SEV/SEV470^1.p,TH1,Theorem,timeout,na,2038,33,1,33,4,0,0,2,0,
serial,SEV/SEV471^1.p,TH1,Theorem,timeout,na,2025,11,1,11,1,0,0,0,0,
serial,SEV/SEV472^1.p,TH1,Theorem,timeout,na,2012,284,14,284,22,3,0,1,0,
serial,SEV/SEV473^1.p,TH1,Theorem,timeout,na,2022,121,2,121,21,0,0,0,0,
serial,SEV/SEV474^1.p,TH1,Theorem,timeout,na,2022,89,3,89,8,0,0,1,0,
serial,SEV/SEV475^1.p,TH1,Theorem,timeout,na,2025,108,0,108,20,4,0,0,0,
serial,SEV/SEV476^1.p,TH1,Theorem,timeout,na,2036,912,26,912,57,182,0,0,0,
serial,SEV/SEV477^1.p,TH1,Theorem,timeout,na,2046,194,7,194,22,0,0,0,0,
serial,SEV/SEV478^1.p,TH1,Theorem,timeout,na,2035,531,21,515,83,4,0,0,0,
serial,SEV/SEV479^1.p,TH1,Theorem,timeout,na,2047,930,23,930,109,0,0,1,0,
serial,SEV/SEV480^1.p,TH1,Theorem,timeout,na,2042,541,25,541,43,0,0,2,0,
serial,SEV/SEV481^1.p,TH1,Theorem,timeout,na,2030,375,6,375,80,2,0,0,0,
serial,SEV/SEV482^1.p,TH1,Theorem,timeout,na,2024,191,7,191,30,3,0,3,0,
serial,SEV/SEV483^1.p,TH1,Theorem,timeout,na,2024,127,2,127,11,3,0,3,0,
serial,SEV/SEV484^1.p,TH1,Theorem,timeout,na,2044,151,8,151,14,2,0,2,0,
serial,SEV/SEV485^1.p,TH1,Theorem,timeout,na,2015,582,41,567,78,2,0,0,0,
serial,SEV/SEV486^1.p,TH1,Theorem,timeout,na,2015,670,25,670,52,6,0,0,0,
serial,SEV/SEV487^1.p,TH1,Theorem,timeout,na,2007,6,0,6,1,0,0,0,0,
serial,SEV/SEV488^1.p,TH1,Theorem,timeout,na,2024,82,4,82,8,0,0,4,0,
serial,SEV/SEV489^1.p,TH1,Theorem,timeout,na,2014,561,22,561,45,5,0,1,0,
serial,SEV/SEV490^1.p,TH1,Theorem,timeout,na,2040,588,38,588,38,0,0,3,0,
serial,SEV/SEV491^1.p,TH1,Theorem,timeout,na,2049,614,1,614,152,17,0,0,0,
serial,SEV/SEV492^1.p,TH1,Theorem,timeout,na,2048,1184,8,1184,235,29,0,0,0,
serial,SEV/SEV493^1.p,TH1,Theorem,timeout,na,2034,982,2,982,202,17,0,0,0,
serial,SEV/SEV494^1.p,TH1,Theorem,timeout,na,2017,634,16,634,69,20,0,0,0,
serial,SEV/SEV495^1.p,TH1,Theorem,timeout,na,2020,156,7,156,13,2,0,5,0,
serial,SEV/SEV496^1.p,TH1,ContradictoryAxioms,timeout,na,2045,212,11,212,18,0,0,2,0,
serial,SEV/SEV497^1.p,TH1,ContradictoryAxioms,timeout,na,2044,373,12,369,63,12,0,0,0,
serial,SEV/SEV498^1.p,TH1,ContradictoryAxioms,timeout,na,2070,623,5,623,144,36,0,0,0,
serial,SEV/SEV499^1.p,TH1,Theorem,timeout,na,2071,547,2,547,142,0,0,0,0,
serial,SEV/SEV500^1.p,TH1,ContradictoryAxioms,timeout,na,2058,241,14,241,20,0,0,1,0,
serial,SEV/SEV501^1.p,TH1,Theorem,timeout,na,2034,93,3,93,14,0,0,0,0,
serial,SEV/SEV502^1.p,TH1,Theorem,timeout,na,2018,138,2,138,23,0,0,0,0,
serial,SEV/SEV503^1.p,TH1,Theorem,timeout,na,2021,459,13,459,53,12,0,0,0,
serial,SEV/SEV504^1.p,TH1,Theorem,timeout,na,2037,486,9,486,105,16,0,0,0,
serial,SEV/SEV505^1.p,TH1,Theorem,timeout,na,2031,263,8,263,49,1,0,0,0,
serial,SEV/SEV506^1.p,TH1,Theorem,timeout,na,2032,660,16,660,122,25,0,0,0,
serial,SEV/SEV507^1.p,TH1,Theorem,timeout,na,2023,468,16,468,53,4,0,0,0,
serial,SEV/SEV508^1.p,TH1,Theorem,timeout,na,2034,571,6,571,144,3,0,0,0,
serial,SEV/SEV509^1.p,TH1,Theorem,timeout,na,2016,414,24,414,26,7,0,1,0,
serial,SEV/SEV510^1.p,TH1,Theorem,timeout,na,2023,488,19,488,58,0,0,0,0,
serial,SEV/SEV511^1.p,TH1,Theorem,timeout,na,2026,176,7,176,16,3,0,0,0,
serial,SEV/SEV512^1.p,TH1,Theorem,timeout,na,2037,259,7,259,56,0,0,0,0,
serial,SEV/SEV513^1.p,TH1,Theorem,timeout,na,2032,203,2,203,27,2,0,0,0,
serial,SEV/SEV514^1.p,TH1,Theorem,timeout,na,2030,747,8,747,119,2,0,0,0,
serial,SEV/SEV523^1.p,TH0,Theorem,timeout,na,2317,0,0,0,1,0,0,0,0,
serial,SEV/SEV524^1.p,TH0,Theorem,timeout,na,2323,0,0,0,1,0,0,0,0,
serial,SEV/SEV525^1.p,TH0,Unknown,timeout,na,2360,0,0,0,1,0,0,0,0,
serial,SEV/SEV526^1.p,TH0,Theorem,timeout,na,2364,0,0,0,1,0,0,0,0,
serial,SEV/SEV527^1.p,TH0,Theorem,timeout,na,2325,0,0,0,1,0,0,0,0,
serial,SEV/SEV528^1.p,TH0,Unknown,timeout,na,2327,0,0,0,1,0,0,0,0,
serial,SEV/SEV529^1.p,TH0,Theorem,timeout,na,2315,0,0,0,1,0,0,0,0,
serial,SEV/SEV530^1.p,TH0,Theorem,timeout,na,2313,0,0,0,1,0,0,0,0,
serial,SEV/SEV531^1.p,TH0,Unknown,timeout,na,2335,0,0,0,1,0,0,0,0,
serial,SEV/SEV532^1.p,TH0,Unknown,timeout,na,2335,0,0,0,1,0,0,0,0,
serial,SEV/SEV583^1.p,unknown,Theorem,parser_error,na,0,,,,,,,,,cached: Syntax Error: expected ' ' or ']' in !> binder  got [{:colon  ":"  2474}  {:atom  "nat"  2476}  {:rbracket  "]"  2479}  {:colon  ":"  2481}  {:lparen  "("  2483}  {:atom  "fin"  2485}  {:app  "@"  248
serial,SEV/SEV584^1.p,unknown,Theorem,parser_error,na,0,,,,,,,,,cached: Syntax Error: expected ' ' or ']' in !> binder  got [{:colon  ":"  2472}  {:atom  "nat"  2474}  {:rbracket  "]"  2477}  {:colon  ":"  2479}  {:lparen  "("  2481}  {:atom  "fin"  2483}  {:app  "@"  248
serial,SEV/SEV585^1.p,unknown,Theorem,parser_error,na,0,,,,,,,,,cached: Syntax Error: expected ' ' or ']' in !> binder  got [{:colon  ":"  2472}  {:atom  "nat"  2474}  {:rbracket  "]"  2477}  {:colon  ":"  2479}  {:lparen  "("  2481}  {:atom  "fin"  2483}  {:app  "@"  248
serial,SEV/SEV586^1.p,unknown,Theorem,parser_error,na,0,,,,,,,,,cached: Syntax Error: expected ' ' or ']' in !> binder  got [{:colon  ":"  2472}  {:atom  "nat"  2474}  {:rbracket  "]"  2477}  {:colon  ":"  2479}  {:lparen  "("  2481}  {:atom  "fin"  2483}  {:app  "@"  248
serial,SEV/SEV587^1.p,unknown,Theorem,parser_error,na,0,,,,,,,,,cached: Syntax Error: expected ' ' or ']' in !> binder  got [{:colon  ":"  2472}  {:atom  "nat"  2474}  {:rbracket  "]"  2477}  {:colon  ":"  2479}  {:lparen  "("  2481}  {:atom  "fin"  2483}  {:app  "@"  248
serial,SEV/SEV588^1.p,unknown,Theorem,parser_error,na,0,,,,,,,,,cached: Syntax Error: expected ' ' or ']' in !> binder  got [{:colon  ":"  2472}  {:atom  "nat"  2474}  {:rbracket  "]"  2477}  {:colon  ":"  2479}  {:lparen  "("  2481}  {:atom  "fin"  2483}  {:app  "@"  248
serial,SEV/SEV589^1.p,unknown,Theorem,parser_error,na,0,,,,,,,,,cached: Syntax Error: expected ' ' or ']' in !> binder  got [{:colon  ":"  2472}  {:atom  "nat"  2474}  {:rbracket  "]"  2477}  {:colon  ":"  2479}  {:lparen  "("  2481}  {:atom  "fin"  2483}  {:app  "@"  248
serial,SEV/SEV590^1.p,unknown,Theorem,parser_error,na,0,,,,,,,,,cached: Syntax Error: expected ' ' or ']' in !> binder  got [{:colon  ":"  2472}  {:atom  "nat"  2474}  {:rbracket  "]"  2477}  {:colon  ":"  2479}  {:lparen  "("  2481}  {:atom  "fin"  2483}  {:app  "@"  248
serial,SEV/SEV591^1.p,unknown,Theorem,parser_error,na,0,,,,,,,,,cached: Syntax Error: expected ' ' or ']' in !> binder  got [{:colon  ":"  2472}  {:atom  "nat"  2474}  {:rbracket  "]"  2477}  {:colon  ":"  2479}  {:lparen  "("  2481}  {:atom  "fin"  2483}  {:app  "@"  248
serial,SEV/SEV592^1.p,unknown,Theorem,parser_error,na,0,,,,,,,,,cached: Syntax Error: expected ' ' or ']' in !> binder  got [{:colon  ":"  2472}  {:atom  "nat"  2474}  {:rbracket  "]"  2477}  {:colon  ":"  2479}  {:lparen  "("  2481}  {:atom  "fin"  2483}  {:app  "@"  248
serial,SEV/SEV593^1.p,unknown,Theorem,parser_error,na,0,,,,,,,,,cached: Syntax Error: expected ' ' or ']' in !> binder  got [{:colon  ":"  2260}  {:atom  "nat"  2262}  {:rbracket  "]"  2265}  {:colon  ":"  2267}  {:lparen  "("  2269}  {:atom  "fin"  2271}  {:app  "@"  227
serial,SEV/SEV594^1.p,unknown,Theorem,parser_error,na,0,,,,,,,,,cached: Syntax Error: expected ' ' or ']' in !> binder  got [{:colon  ":"  2260}  {:atom  "nat"  2262}  {:rbracket  "]"  2265}  {:colon  ":"  2267}  {:lparen  "("  2269}  {:atom  "fin"  2271}  {:app  "@"  227
serial,SEV/SEV595^1.p,unknown,Theorem,parser_error,na,0,,,,,,,,,cached: Syntax Error: expected ' ' or ']' in !> binder  got [{:colon  ":"  2260}  {:atom  "nat"  2262}  {:rbracket  "]"  2265}  {:colon  ":"  2267}  {:lparen  "("  2269}  {:atom  "fin"  2271}  {:app  "@"  227
serial,SEV/SEV596^1.p,unknown,Theorem,parser_error,na,0,,,,,,,,,cached: Syntax Error: expected ' ' or ']' in !> binder  got [{:colon  ":"  2260}  {:atom  "nat"  2262}  {:rbracket  "]"  2265}  {:colon  ":"  2267}  {:lparen  "("  2269}  {:atom  "fin"  2271}  {:app  "@"  227
serial,SEV/SEV597^1.p,unknown,Theorem,parser_error,na,0,,,,,,,,,cached: Syntax Error: expected ' ' or ']' in !> binder  got [{:colon  ":"  2260}  {:atom  "nat"  2262}  {:rbracket  "]"  2265}  {:colon  ":"  2267}  {:lparen  "("  2269}  {:atom  "fin"  2271}  {:app  "@"  227
serial,SEV/SEV598^1.p,unknown,Theorem,parser_error,na,0,,,,,,,,,cached: Syntax Error: expected ' ' or ']' in !> binder  got [{:colon  ":"  2260}  {:atom  "nat"  2262}  {:rbracket  "]"  2265}  {:colon  ":"  2267}  {:lparen  "("  2269}  {:atom  "fin"  2271}  {:app  "@"  227
serial,SEV/SEV599^1.p,unknown,Theorem,parser_error,na,0,,,,,,,,,cached: Syntax Error: expected ' ' or ']' in !> binder  got [{:colon  ":"  2260}  {:atom  "nat"  2262}  {:rbracket  "]"  2265}  {:colon  ":"  2267}  {:lparen  "("  2269}  {:atom  "fin"  2271}  {:app  "@"  227
serial,SEV/SEV600^1.p,unknown,CounterSatisfiable,parser_error,na,0,,,,,,,,,cached: Syntax Error: expected ' ' or ']' in !> binder  got [{:colon  ":"  2271}  {:atom  "nat"  2273}  {:rbracket  "]"  2276}  {:colon  ":"  2278}  {:lparen  "("  2280}  {:atom  "fin"  2282}  {:app  "@"  228
serial,SEV/SEV601^1.p,unknown,CounterSatisfiable,parser_error,na,0,,,,,,,,,cached: Syntax Error: expected ' ' or ']' in !> binder  got [{:colon  ":"  2271}  {:atom  "nat"  2273}  {:rbracket  "]"  2276}  {:colon  ":"  2278}  {:lparen  "("  2280}  {:atom  "fin"  2282}  {:app  "@"  228
serial,SEV/SEV602^1.p,unknown,CounterSatisfiable,parser_error,na,0,,,,,,,,,cached: Syntax Error: expected ' ' or ']' in !> binder  got [{:colon  ":"  2271}  {:atom  "nat"  2273}  {:rbracket  "]"  2276}  {:colon  ":"  2278}  {:lparen  "("  2280}  {:atom  "fin"  2282}  {:app  "@"  228
serial,SWB/SWB109^15.p,TH0,CounterSatisfiable,timeout,na,2053,654,3,654,182,0,0,0,0,
serial,SWB/SWB109^3.p,TH0,CounterSatisfiable,timeout,na,2048,809,6,809,186,19,0,0,0,
serial,SWC/SWC425^7.p,TH0,CounterSatisfiable,timeout,na,2088,494,5,494,202,0,0,0,0,
serial,SWV/SWV010^7.p,TH0,Satisfiable,no_conjecture,na,129,,,,,,,,,
serial,SWV/SWV061^7.p,TH0,Theorem,timeout,na,2892,68,6,68,1,0,0,0,0,
serial,SWV/SWV067^7.p,TH0,Theorem,timeout,na,2918,58,5,58,1,0,0,0,0,
serial,SWV/SWV073^7.p,TH0,Theorem,timeout,na,2894,68,6,68,1,0,0,0,0,
serial,SWV/SWV079^7.p,TH0,Theorem,timeout,na,2928,67,6,67,1,0,0,0,0,
serial,SWV/SWV085^7.p,TH0,Theorem,timeout,na,2891,69,6,69,1,0,0,0,0,
serial,SWV/SWV091^7.p,TH0,Theorem,timeout,na,3021,20,2,20,1,0,0,0,0,
serial,SWV/SWV097^7.p,TH0,Theorem,timeout,na,3169,0,0,0,1,0,0,0,0,
serial,SWV/SWV103^7.p,TH0,Theorem,timeout,na,2960,53,5,53,1,0,0,0,0,
serial,SWV/SWV107^7.p,TH0,Theorem,timeout,na,2944,47,4,47,1,0,0,0,0,
serial,SWV/SWV425^1.p,TH0,CounterSatisfiable,timeout,na,2080,2157,37,2157,295,54,0,0,0,
serial,SWV/SWV425^2.p,TH0,Theorem,timeout,na,2033,256,19,256,15,1,0,2,0,
serial,SWV/SWV426^1.p,TH0,CounterSatisfiable,timeout,na,2046,744,11,744,121,19,0,0,0,
serial,SWV/SWV426^2.p,TH0,Theorem,timeout,na,2033,146,9,146,9,0,0,2,0,
serial,SWV/SWV426^3.p,TH0,CounterSatisfiable,timeout,na,2055,947,11,947,132,16,0,0,0,
serial,SWV/SWV426^4.p,TH0,Theorem,timeout,na,2036,265,18,265,17,0,0,2,0,
serial,SWV/SWV427^1.p,TH0,CounterSatisfiable,timeout,na,2053,1146,36,1146,149,25,0,0,0,
serial,SWV/SWV427^2.p,TH0,Theorem,timeout,na,2033,272,19,272,17,0,0,3,0,
serial,SWV/SWV428^1.p,TH0,CounterSatisfiable,timeout,na,2072,1452,19,1452,197,50,0,0,0,
serial,SWV/SWV428^2.p,TH0,Theorem,timeout,na,2034,381,26,381,21,0,0,2,0,
serial,SWV/SWV429^1.p,TH0,Theorem,timeout,na,2102,1966,18,1966,106,244,0,0,0,
serial,SWV/SWV429^2.p,TH0,Theorem,timeout,na,2034,142,9,142,9,0,0,3,0,
serial,SWV/SWV430^1.p,TH0,CounterSatisfiable,timeout,na,2057,1036,14,1036,115,32,0,0,0,
serial,SWV/SWV430^2.p,TH0,Theorem,timeout,na,2035,268,19,268,17,0,0,3,0,
serial,SWV/SWV431^1.p,TH0,CounterSatisfiable,timeout,na,2068,1217,2,1217,177,32,0,0,0,
serial,SWV/SWV431^2.p,TH0,Theorem,timeout,na,2036,265,18,265,17,0,0,2,0,
serial,SWV/SWV432^1.p,TH0,CounterSatisfiable,timeout,na,2052,1040,9,1040,141,26,0,0,0,
serial,SWV/SWV432^2.p,TH0,Theorem,timeout,na,2034,143,12,143,7,0,0,2,0,
serial,SWV/SWV433^1.p,TH0,CounterSatisfiable,timeout,na,2061,889,16,889,125,32,0,0,0,
serial,SWV/SWV433^2.p,TH0,Theorem,timeout,na,2040,328,22,328,20,0,0,3,0,
serial,SWV/SWV434^3.p,TH0,CounterSatisfiable,timeout,na,2086,2316,13,2316,345,61,0,0,0,
serial,SWV/SWV434^4.p,TH0,Theorem,timeout,na,2034,256,18,256,15,1,0,2,0,
serial,SWV/SWV435^3.p,TH0,Theorem,thm,yes,107,68,2,68,4,5,0,1,1,
serial,SWV/SWV435^4.p,TH0,Theorem,timeout,na,2032,266,18,266,17,0,0,3,0,
serial,SWV/SWV436^3.p,TH0,CounterSatisfiable,timeout,na,2051,724,16,724,126,19,0,0,0,
serial,SWV/SWV436^4.p,TH0,Theorem,timeout,na,2036,355,22,355,20,0,0,2,0,
serial,SWV/SWV437^1.p,TH0,Theorem,timeout,na,2327,19,1,19,1,0,0,0,0,
serial,SWV/SWV438^1.p,TH0,Theorem,timeout,na,2327,20,2,20,1,0,0,0,0,
serial,SWV/SWV439^1.p,TH0,CounterSatisfiable,timeout,na,2327,19,1,19,1,0,0,0,0,
serial,SWV/SWV440^1.p,TH0,Theorem,timeout,na,2327,22,2,22,1,0,0,0,0,
serial,SWV/SWV441^1.p,TH0,Theorem,timeout,na,2055,400,31,400,24,0,0,1,0,
serial,SWV/SWV442^1.p,TH0,Theorem,thm,yes,63,6,0,6,1,1,0,0,0,
serial,SWV/SWV443^1.p,TH0,Theorem,thm,yes,79,7,0,7,1,1,0,0,0,
serial,SWV/SWV444^1.p,TH0,Theorem,timeout,na,2052,364,29,364,16,0,0,1,0,
serial,SWV/SWV445^1.p,TH0,Theorem,timeout,na,2056,369,30,369,15,0,0,1,0,
serial,SWV/SWV446^1.p,TH0,Theorem,timeout,na,2058,331,25,331,16,0,0,1,0,
serial,SWV/SWV447^1.p,TH0,Theorem,timeout,na,2011,441,21,441,35,7,0,1,0,
serial,SWW/SWW469^1.p,TH0,Theorem,timeout,na,2004,94,4,94,6,4,0,2,0,
serial,SWW/SWW470^1.p,TH0,Theorem,timeout,na,2224,330,28,330,8,0,0,1,0,
serial,SWW/SWW470^2.p,TH1,Theorem,parser_error,na,0,,,,,,,,,cached: Failed to parse formula 'fact_328_finite__nonempty__imp__fold1Set': [byte:116844] Type Error: Cannot unify strict function types of different arities.
serial,SWW/SWW470^3.p,TH1,Theorem,parser_error,na,0,,,,,,,,,cached: Failed to parse formula 'fact_311_finite__nonempty__imp__fold1Set': [byte:104766] Type Error: Cannot unify strict function types of different arities.
serial,SWW/SWW471^1.p,TH0,Theorem,timeout,na,2345,402,40,402,2,0,0,0,0,
serial,SWW/SWW471^2.p,TH0,ContradictoryAxioms,timeout,na,3650,379,37,379,1,0,0,0,0,
serial,SWW/SWW471^3.p,TH0,Theorem,timeout,na,4709,320,32,320,1,0,0,0,0,
serial,SWW/SWW472^1.p,TH0,Theorem,timeout,na,2234,318,29,318,7,0,0,1,0,
serial,SWW/SWW472^2.p,TH0,Theorem,timeout,na,2672,343,34,343,1,0,0,0,0,
serial,SWW/SWW472^3.p,TH1,Theorem,parser_error,na,0,,,,,,,,,cached: Failed to parse formula 'fact_409_finite__nonempty__imp__fold1Set': [byte:126226] Type Error: Cannot unify strict function types of different arities.
serial,SWW/SWW473^1.p,TH0,ContradictoryAxioms,timeout,na,2512,493,49,493,1,0,0,0,0,
serial,SWW/SWW473^2.p,TH0,Theorem,timeout,na,3246,385,38,385,1,0,0,0,0,
serial,SWW/SWW473^3.p,TH0,ContradictoryAxioms,timeout,na,4225,357,35,357,1,0,0,0,0,
serial,SWW/SWW474^1.p,TH0,Theorem,timeout,na,2577,288,28,288,1,0,0,0,0,
serial,SWW/SWW474^2.p,TH0,Theorem,timeout,na,3742,247,24,247,2,0,0,0,0,
serial,SWW/SWW474^3.p,TH0,Theorem,timeout,na,5151,178,17,178,2,0,0,0,0,
serial,SWW/SWW475^1.p,TH1,Theorem,parser_error,na,0,,,,,,,,,cached: Failed to parse formula 'fact_27_split__paired__All': [byte:22227] Type Error: Cannot unify strict function types of different arities.
serial,SWW/SWW475^2.p,TH1,Theorem,parser_error,na,0,,,,,,,,,cached: Failed to parse formula 'fact_21_split__paired__All': [byte:33084] Type Error: Cannot unify strict function types of different arities.
serial,SWW/SWW475^3.p,TH1,Theorem,parser_error,na,0,,,,,,,,,cached: Failed to parse formula 'fact_61_split__paired__All': [byte:69960] Type Error: Cannot unify strict function types of different arities.
serial,SWW/SWW476^1.p,TH1,Theorem,parser_error,na,0,,,,,,,,,cached: Failed to parse formula 'fact_125_split__paired__All': [byte:65316] Type Error: Cannot unify strict function types of different arities.
serial,SWW/SWW476^2.p,TH1,Theorem,parser_error,na,0,,,,,,,,,cached: Failed to parse formula 'fact_153_split__paired__All': [byte:91639] Type Error: Cannot unify strict function types of different arities.
serial,SWW/SWW476^3.p,TH1,Theorem,parser_error,na,0,,,,,,,,,cached: Failed to parse formula 'fact_367_split__paired__All': [byte:201188] Type Error: Cannot unify strict function types of different arities.
serial,SWW/SWW477^1.p,TH1,Theorem,parser_error,na,0,,,,,,,,,cached: Failed to parse formula 'fact_38_split__paired__All': [byte:21078] Type Error: Cannot unify strict function types of different arities.
serial,SWW/SWW477^2.p,TH1,Theorem,parser_error,na,0,,,,,,,,,cached: Failed to parse formula 'fact_62_split__paired__All': [byte:49406] Type Error: Cannot unify strict function types of different arities.
serial,SWW/SWW477^3.p,TH1,Theorem,parser_error,na,0,,,,,,,,,cached: Failed to parse formula 'fact_106_split__paired__All': [byte:93347] Type Error: Cannot unify strict function types of different arities.
serial,SWW/SWW478^1.p,TH1,Theorem,parser_error,na,0,,,,,,,,,cached: Failed to parse formula 'fact_21_split__paired__All': [byte:17638] Type Error: Cannot unify strict function types of different arities.
serial,SWW/SWW478^2.p,TH1,Theorem,parser_error,na,0,,,,,,,,,cached: Failed to parse formula 'fact_37_split__paired__All': [byte:63382] Type Error: Cannot unify strict function types of different arities.
serial,SWW/SWW478^3.p,TH1,Theorem,parser_error,na,0,,,,,,,,,cached: Failed to parse formula 'fact_143_split__paired__All': [byte:112259] Type Error: Cannot unify strict function types of different arities.
serial,SWW/SWW674^1.p,TH0,Satisfiable,no_conjecture,na,28,,,,,,,,,
serial,SWW/SWW971^15.p,TH0,CounterSatisfiable,timeout,na,2042,544,14,544,122,5,0,0,0,
serial,SWW/SWW971^5.p,TH0,CounterSatisfiable,timeout,na,2032,413,12,413,51,11,0,0,0,
serial,SYN/SYN000^1.p,TH0,Theorem,thm,yes,31,8,0,8,1,0,0,1,1,
serial,SYN/SYN000^2.p,TH0,Satisfiable,parser_error,na,0,,,,,,,,,cached: Type Error: product types (*) are not part of simple type theory.
serial,SYN/SYN000^3.p,TH1,Satisfiable,parser_error,na,0,,,,,,,,,cached: Failed to parse formula 'can_prove_this': [byte:2329] Type Error: Cannot unify strict function types of different arities.
serial,SYN/SYN000^6.p,unknown,Unknown,parser_error,na,0,,,,,,,,,cached: Lexer failed to parse entire string. Unparsed: {$necessary} @ ( ( newp @ ( newf @ newc @ a ) @ a ) & ( newp @ ( newf @ X @ a ) @ a ) ) ) ). thf(new_possible_axiom axiom  ( {$possible} @ ( ! [X: new] :
serial,SYN/SYN000^7.p,unknown,Unknown,parser_error,na,0,,,,,,,,,cached: Lexer failed to parse entire string. Unparsed: {$necessary(agent)} @ ( ( newp @ ( newf @ newc @ a ) @ a ) & ( newp @ ( newf @ X @ a ) @ a ) ) ) ). thf(new_possible_index_axiom axiom  ( {$possible(agen
serial,SYN/SYN036^5.p,TH0,Theorem,timeout,na,2006,220,0,220,37,14,0,0,0,
serial,SYN/SYN036^7.p,TH0,Theorem,timeout,na,2155,39,2,39,5,0,0,0,0,
serial,SYN/SYN040^4.p,TH0,CounterSatisfiable,timeout,na,2056,1402,26,1402,164,44,0,0,0,
serial,SYN/SYN041^4.p,TH0,Theorem,timeout,na,2053,1225,16,1225,173,42,0,0,0,
serial,SYN/SYN044^4.p,TH0,Theorem,timeout,na,2048,717,6,717,165,1,0,0,0,
serial,SYN/SYN045^4.p,TH0,Theorem,timeout,na,2043,886,20,886,96,22,0,0,0,
serial,SYN/SYN045^7.p,TH0,Theorem,timeout,na,2067,826,33,826,111,7,0,0,0,
serial,SYN/SYN046^4.p,TH0,CounterSatisfiable,timeout,na,2052,1331,37,1331,163,49,0,0,0,
serial,SYN/SYN047^4.p,TH0,CounterSatisfiable,timeout,na,2047,743,16,743,109,19,0,0,0,
serial,SYN/SYN049^5.p,TH0,Theorem,thm,yes,61,29,1,29,4,0,0,1,1,
serial,SYN/SYN051^5.p,TH0,Theorem,thm,yes,35,48,0,48,6,11,0,5,0,
serial,SYN/SYN052^7.p,TH0,Theorem,timeout,na,2075,596,17,596,116,8,0,0,0,
serial,SYN/SYN055^5.p,TH0,Theorem,timeout,na,2018,1252,0,1252,143,198,0,2,0,
serial,SYN/SYN056^5.p,TH0,Theorem,timeout,na,2031,1126,24,1126,131,170,0,1,0,
serial,SYN/SYN057^5.p,TH0,Theorem,timeout,na,2011,530,5,530,40,82,0,2,0,
serial,SYN/SYN058^5.p,TH0,Theorem,thm,yes,141,152,1,152,26,4,0,1,1,
serial,SYN/SYN059^5.p,TH0,Theorem,timeout,na,2013,684,10,684,50,111,0,2,0,
serial,SYN/SYN064^5.p,TH0,Theorem,thm,yes,8,7,0,7,1,0,0,1,1,
serial,SYN/SYN355^5.p,TH0,Theorem,thm,yes,16,19,0,19,5,0,0,1,1,
serial,SYN/SYN356^5.p,TH0,Theorem,timeout,na,2033,1813,54,1813,161,134,0,1,0,
serial,SYN/SYN357^5.p,TH0,Theorem,thm,yes,5,6,0,6,1,0,0,1,1,
serial,SYN/SYN357^7.p,TH0,Theorem,timeout,na,2083,1338,37,1338,173,69,0,1,0,
serial,SYN/SYN358^5.p,TH0,Theorem,thm,yes,20,26,1,26,4,3,0,1,1,
serial,SYN/SYN360^5.p,TH0,Theorem,thm,yes,17,20,1,20,2,0,0,1,1,
serial,SYN/SYN361^5.p,TH0,Theorem,thm,yes,34,36,2,36,5,0,0,1,1,
serial,SYN/SYN364^5.p,TH0,Theorem,timeout,na,2015,946,36,946,65,74,0,2,0,
serial,SYN/SYN365^5.p,TH0,Theorem,timeout,na,2039,1504,8,1504,171,179,0,1,0,
serial,SYN/SYN367^7.p,TH0,Theorem,timeout,na,2071,560,18,560,90,19,0,0,0,
serial,SYN/SYN374^5.p,TH0,Theorem,timeout,na,2004,168,1,168,14,24,0,2,0,
serial,SYN/SYN375^5.p,TH0,Theorem,thm,yes,5,1,0,1,1,1,0,0,0,
serial,SYN/SYN377^5.p,TH0,Theorem,thm,yes,78,64,0,64,8,5,0,1,1,
serial,SYN/SYN377^7.p,TH0,Theorem,timeout,na,2075,454,21,454,53,0,0,0,0,
serial,SYN/SYN381^5.p,TH0,Theorem,timeout,na,2044,2000,47,2000,334,67,0,4,0,
serial,SYN/SYN382^5.p,TH0,Theorem,thm,yes,15,16,0,16,2,0,0,1,1,
serial,SYN/SYN386^5.p,TH0,Theorem,timeout,na,2043,1002,12,1002,173,34,0,6,0,
serial,SYN/SYN387^4.p,TH0,CounterSatisfiable,timeout,na,2049,1500,32,1500,152,65,0,0,0,
serial,SYN/SYN387^7.p,TH0,CounterSatisfiable,timeout,na,2076,1437,33,1437,183,42,0,0,0,
serial,SYN/SYN388^4.p,TH0,CounterSatisfiable,timeout,na,2046,1278,41,1278,149,22,0,0,0,
serial,SYN/SYN389^4.p,TH0,CounterSatisfiable,timeout,na,2047,1101,17,1101,140,26,0,0,0,
serial,SYN/SYN390^4.p,TH0,Theorem,thm,yes,184,106,6,106,9,7,0,1,1,
serial,SYN/SYN391^4.p,TH0,Theorem,timeout,na,2038,629,21,629,65,14,0,0,0,
serial,SYN/SYN392^4.p,TH0,CounterSatisfiable,timeout,na,2039,866,23,866,84,51,0,0,0,
serial,SYN/SYN397^7.p,TH0,Theorem,timeout,na,2124,1331,15,1331,370,4,0,0,0,
serial,SYN/SYN407^7.p,TH0,CounterSatisfiable,timeout,na,2091,900,15,900,189,16,0,0,0,
serial,SYN/SYN416^4.p,TH0,CounterSatisfiable,timeout,na,2043,1037,26,1037,117,34,0,0,0,
serial,SYN/SYN416^7.p,TH0,CounterSatisfiable,timeout,na,2077,1435,30,1435,201,36,0,0,0,
serial,SYN/SYN731^5.p,TH0,Theorem,thm,yes,19,21,2,21,1,0,0,1,1,
serial,SYN/SYN732^5.p,TH0,Theorem,thm,yes,120,124,11,124,4,1,0,1,1,
serial,SYN/SYN741^7.p,TH0,ContradictoryAxioms,timeout,na,2105,0,0,0,1,0,0,0,0,
serial,SYN/SYN915^4.p,TH0,Theorem,thm,yes,24,3,0,3,1,1,0,0,0,
serial,SYN/SYN916^4.p,TH0,CounterSatisfiable,timeout,na,2090,1739,20,1739,302,102,0,0,0,
serial,SYN/SYN977^4.p,TH0,CounterSatisfiable,timeout,na,2042,1157,29,1157,134,30,0,0,0,
serial,SYN/SYN978^4.p,TH0,Theorem,timeout,na,2041,825,27,825,111,26,0,0,0,
serial,SYN/SYN983^1.p,TH0,Theorem,thm,yes,38,54,0,45,9,12,0,0,0,
serial,SYN/SYN984^1.p,TH0,Theorem,timeout,na,2111,1924,1,1924,7,308,0,0,0,
serial,SYN/SYN985^1.p,TH0,CounterSatisfiable,timeout,na,2013,544,32,544,47,0,0,2,0,
serial,SYN/SYN987^1.p,TH0,CounterSatisfiable,csa,yes,2,2,0,2,1,0,1,0,0,¬C[EN0Y4]
serial,SYN/SYN987^2.p,TH0,Unsatisfiable,no_conjecture,na,0,,,,,,,,,
serial,SYN/SYN988^1.p,TH0,CounterSatisfiable,csa,yes,2,2,0,2,1,0,1,0,0,C[GR3J9]
serial,SYN/SYN988^2.p,TH0,Unsatisfiable,no_conjecture,na,0,,,,,,,,,
serial,SYN/SYN989^1.p,TH0,Theorem,thm,yes,2,2,0,2,1,1,0,0,0,
serial,SYN/SYN989^2.p,TH0,Satisfiable,no_conjecture,na,0,,,,,,,,,
serial,SYN/SYN989^3.p,TH0,Theorem,thm,yes,1,1,0,1,1,1,0,0,0,
serial,SYN/SYN990^1.p,TH0,Satisfiable,no_conjecture,na,1,,,,,,,,,
serial,SYN/SYN991^1.p,TH0,Unsatisfiable,no_conjecture,na,1,,,,,,,,,
serial,SYN/SYN992^1.p,TH0,Theorem,thm,yes,8,5,0,5,1,0,0,1,1,
serial,SYN/SYN993^1.p,TH0,CounterSatisfiable,timeout,na,2005,1038,116,1038,1,0,0,0,0,
serial,SYN/SYN994^1.p,TH0,CounterSatisfiable,timeout,na,2005,992,113,992,1,0,0,0,0,
serial,SYN/SYN995^1.p,TH0,CounterSatisfiable,timeout,na,2051,2647,0,2647,244,155,0,0,0,
serial,SYN/SYN996^1.p,TH0,Theorem,thm,yes,84,9,0,9,1,0,0,1,1,
serial,SYN/SYN997^1.p,TH0,Theorem,timeout,na,2003,124,14,124,1,0,0,0,0,
serial,SYN/SYN998^1.p,TH0,Theorem,thm,yes,3,4,0,4,1,1,0,0,0,
serial,SYN/SYN999^1.p,TH0,Theorem,thm,yes,22,14,1,14,2,0,0,1,1,
serial,SYO/SYO001^1.p,TH0,Theorem,timeout,na,2019,1062,22,1062,139,0,0,2,0,
serial,SYO/SYO002^1.p,TH0,Theorem,thm,yes,26,15,1,15,2,0,0,1,1,
serial,SYO/SYO003^1.p,TH0,Theorem,thm,yes,20,13,0,13,2,0,0,1,1,
serial,SYO/SYO004^1.p,TH0,Theorem,timeout,na,2004,92,3,92,10,2,0,5,0,
serial,SYO/SYO005^1.p,TH0,Theorem,thm,yes,46,15,1,15,2,0,0,1,1,
serial,SYO/SYO006^1.p,TH0,Theorem,thm,yes,29,34,0,30,5,7,0,0,0,
serial,SYO/SYO007^1.p,TH0,Theorem,thm,yes,27,35,0,31,5,7,0,0,0,
serial,SYO/SYO008^1.p,TH0,Theorem,timeout,na,2017,840,31,840,91,0,0,4,0,
serial,SYO/SYO009^1.p,TH0,Theorem,thm,yes,2,1,0,1,1,1,0,0,0,
serial,SYO/SYO010^1.p,TH0,Theorem,timeout,na,2014,911,30,911,101,0,0,4,0,
serial,SYO/SYO011^1.p,TH0,Theorem,timeout,na,2017,928,32,928,101,0,0,4,0,
serial,SYO/SYO012^1.p,TH0,Theorem,thm,yes,2,1,0,1,1,1,0,0,0,
serial,SYO/SYO013^1.p,TH0,Theorem,thm,yes,7,12,0,10,3,3,0,0,0,
serial,SYO/SYO015^1.p,TH0,Theorem,thm,yes,2,2,0,2,1,1,0,0,0,
serial,SYO/SYO016^1.p,TH0,Theorem,timeout,na,2010,340,5,320,19,36,0,0,0,
serial,SYO/SYO017^1.p,TH0,Theorem,csa,no,126,167,0,151,11,28,1,0,0,[C[229402] <- ⊥  C[1S9E5D] <- ⊤  C[6I207] <- ⊤]  Model: C[6I207]  ¬(h (⊥ = C[6I207]))  ¬(h C[6I207])
serial,SYO/SYO018^1.p,TH0,Theorem,timeout,na,2010,374,21,374,38,3,0,2,0,
serial,SYO/SYO019^1.p,TH0,Theorem,thm,yes,4,3,0,3,1,1,0,0,0,
serial,SYO/SYO020^1.p,TH0,Theorem,parser_error,na,0,,,,,,,,,cached: Failed to parse formula 'conj': [byte:1833] Type Error: Cannot unify strict function types of different arities.
serial,SYO/SYO021^1.p,TH0,Theorem,thm,yes,4,3,0,3,1,1,0,0,0,
serial,SYO/SYO022^1.p,TH0,Theorem,thm,yes,156,49,0,48,16,16,0,0,0,
serial,SYO/SYO023^1.p,TH0,Theorem,thm,yes,3,1,0,1,1,1,0,0,0,
serial,SYO/SYO024^1.p,TH0,Theorem,timeout,na,2017,346,20,339,104,11,0,0,0,
serial,SYO/SYO025^1.p,TH0,Theorem,thm,yes,3,1,0,1,1,1,0,0,0,
serial,SYO/SYO026^1.p,TH0,Theorem,thm,yes,14,14,0,13,4,4,0,0,0,
serial,SYO/SYO027^1.p,TH0,Theorem,thm,yes,1,2,0,2,1,1,0,0,0,
serial,SYO/SYO028^1.p,TH0,Theorem,thm,yes,1,2,0,2,1,1,0,0,0,
serial,SYO/SYO029^1.p,TH0,Theorem,thm,yes,5,3,0,3,1,1,0,0,0,
serial,SYO/SYO030^1.p,TH0,Theorem,thm,yes,67,92,0,77,16,16,0,0,0,
serial,SYO/SYO031^1.p,TH0,Theorem,thm,yes,4,10,0,10,1,1,0,0,0,
serial,SYO/SYO032^1.p,TH0,Theorem,thm,yes,42,20,1,20,1,1,0,0,0,
serial,SYO/SYO033^1.p,TH0,Theorem,timeout,na,2004,14,1,14,2,0,0,1,0,
serial,SYO/SYO034^1.p,TH0,Theorem,thm,yes,6,5,0,5,1,1,0,0,0,
serial,SYO/SYO035^1.p,TH0,Theorem,timeout,na,2015,449,12,449,66,0,0,4,0,
serial,SYO/SYO037^1.p,TH0,ContradictoryAxioms,timeout,na,2004,69,2,69,10,3,0,1,0,
serial,SYO/SYO039^1.p,TH0,Unsatisfiable,parser_error,na,0,,,,,,,,,cached: Failed to parse formula '1': [byte:1601] Type Error: Cannot unify strict function types of different arities.
serial,SYO/SYO039^2.p,TH0,Theorem,parser_error,na,0,,,,,,,,,cached: Failed to parse formula '1': [byte:1905] Type Error: Cannot unify strict function types of different arities.
serial,SYO/SYO040^1.p,TH0,Unsatisfiable,no_conjecture,na,0,,,,,,,,,
serial,SYO/SYO040^2.p,TH0,Theorem,csa,no,372,396,0,355,17,82,1,0,0,[C[KUV38] <- ⊥  C[FFCMU] <- ⊥  C[3ZY8I] <- ⊤  C[XIRI3] <- ⊤  C[I5LK5] <- ⊤]  Model: ¬(C[QSNDT] (h (f (f C[KUV38]))))  C[QSNDT] (h C[FFCMU])  ¬C[KUV38]  ¬C[FFCMU]  C[3ZY8I]  f C[3ZY8I]  ¬(C[QSNDT] (h (
serial,SYO/SYO041^1.p,TH0,Unsatisfiable,no_conjecture,na,1,,,,,,,,,
serial,SYO/SYO041^2.p,TH0,Theorem,prover_error,na,771,,,,,,,,,ShotTx.Proof.interior_event/2: unhandled trace entry {7162716386  {:instantiate  #Stream<[enum: [7162635906  7162635938]  funs: [#Function<49.48511117/1 in Stream.map/2>  #Function<49.48511117/1 in Stream.map/2>]]>  2}  []}
serial,SYO/SYO042^1.p,TH0,Unsatisfiable,no_conjecture,na,1,,,,,,,,,
serial,SYO/SYO042^2.p,TH0,Theorem,thm,yes,399,261,0,234,9,69,0,0,0,
serial,SYO/SYO043^1.p,TH0,Unsatisfiable,no_conjecture,na,1,,,,,,,,,
serial,SYO/SYO043^2.p,TH0,CounterSatisfiable,csa,yes,36,40,0,34,24,0,1,0,0,[f <- λ. ¬1  x <- ⊤]  Model: ¬(q (λ. f 1) x)  ¬(q (λ. ¬1) x)  ¬(q (λ. ¬1) ⊤)
serial,SYO/SYO044^1.p,TH0,Theorem,thm,yes,44,5,0,5,1,1,0,0,0,
serial,SYO/SYO045^1.p,TH0,Theorem,thm,yes,117,63,1,63,10,6,0,1,1,
serial,SYO/SYO046^1.p,TH0,Theorem,thm,yes,112,43,1,43,10,0,0,1,1,
serial,SYO/SYO047^1.p,TH0,Theorem,thm,yes,125,65,1,65,11,7,0,1,1,
serial,SYO/SYO048^1.p,TH0,Theorem,timeout,na,2051,484,1,484,43,63,0,2,0,
serial,SYO/SYO049^1.p,TH0,Theorem,timeout,na,2053,484,1,484,43,64,0,1,0,
serial,SYO/SYO050^1.p,TH0,CounterSatisfiable,timeout,na,2087,2029,174,2029,338,2,0,0,0,
serial,SYO/SYO050^2.p,TH0,Theorem,thm,yes,72,15,0,15,3,0,0,1,1,
serial,SYO/SYO051^1.p,TH0,CounterSatisfiable,timeout,na,2046,88,4,88,9,6,0,11,0,
serial,SYO/SYO051^2.p,TH0,CounterSatisfiable,timeout,na,2048,329,18,329,23,5,0,1,0,
serial,SYO/SYO052^1.p,TH0,CounterSatisfiable,timeout,na,2111,2305,80,2305,503,0,0,0,0,
serial,SYO/SYO052^2.p,TH0,Theorem,thm,yes,203,32,1,32,3,1,0,1,1,
serial,SYO/SYO053^1.p,TH0,CounterSatisfiable,timeout,na,2043,1444,192,1444,1,0,0,0,0,
serial,SYO/SYO053^2.p,TH0,Theorem,thm,yes,48,5,0,5,1,0,0,1,1,
serial,SYO/SYO054^1.p,TH0,CounterSatisfiable,csa,yes,63,13,1,13,1,0,1,0,0,[mand <- λλλ. mnot (λ. mor (λ. mnot (λ. 6 1) 1) (λ. mnot (λ. 5 1) 1) 1) 1  mbox <- λλλ. ∀(λ. (¬(4 2 1)) ∨ (3 1))  mcountersatisfiable <- λ. ∃(λ. ¬(2 1))  mdia <- λλλ. mnot (λ. mbox (λλ. 6 2 1) (λ. mno
serial,SYO/SYO054^2.p,TH0,CounterSatisfiable,timeout,na,2054,618,31,618,51,6,0,2,0,
serial,SYO/SYO055^1.p,TH0,CounterSatisfiable,timeout,na,2116,2455,150,2455,474,10,0,0,0,
serial,SYO/SYO055^2.p,TH0,CounterSatisfiable,timeout,na,2051,297,14,297,29,0,0,1,0,
serial,SYO/SYO056^1.p,TH0,CounterSatisfiable,timeout,na,2050,111,2,111,9,16,0,7,0,
serial,SYO/SYO056^2.p,TH0,CounterSatisfiable,timeout,na,2052,414,18,414,40,0,0,2,0,
serial,SYO/SYO057^1.p,TH0,CounterSatisfiable,timeout,na,2118,2024,25,2024,333,184,0,0,0,
serial,SYO/SYO057^2.p,TH0,Theorem,timeout,na,2048,346,22,346,23,1,0,1,0,
serial,SYO/SYO058^4.p,TH0,Theorem,thm,yes,176,213,4,213,17,15,0,1,1,
serial,SYO/SYO059^4.p,TH0,Theorem,timeout,na,2051,1410,35,1410,187,21,0,0,0,
serial,SYO/SYO060^4.p,TH0,Theorem,timeout,na,2042,1124,39,1124,122,24,0,0,0,
serial,SYO/SYO061^4.p,TH0,Theorem,timeout,na,2051,1276,30,1276,147,54,0,0,0,
serial,SYO/SYO063^4.p,TH0,Theorem,timeout,na,2041,771,40,771,91,12,0,0,0,
serial,SYO/SYO076^5.p,TH0,Theorem,thm,yes,2,1,0,1,1,1,0,0,0,
serial,SYO/SYO077^5.p,TH0,Theorem,thm,yes,4,5,0,5,1,0,0,1,1,
serial,SYO/SYO078^5.p,TH0,Theorem,thm,yes,4,1,0,1,1,1,0,0,0,
serial,SYO/SYO079^5.p,TH0,Theorem,thm,yes,5,1,0,1,1,1,0,0,0,
serial,SYO/SYO080^5.p,TH0,Theorem,thm,yes,2,1,0,1,1,1,0,0,0,
serial,SYO/SYO081^5.p,TH0,Theorem,thm,yes,5,7,0,7,1,0,0,1,1,
serial,SYO/SYO082^5.p,TH0,Theorem,thm,yes,12,11,1,11,1,0,0,1,1,
serial,SYO/SYO083^5.p,TH0,Theorem,thm,yes,13,16,1,16,2,0,0,1,1,
serial,SYO/SYO084^5.p,TH0,Theorem,thm,yes,67,27,1,27,3,2,0,4,1,
serial,SYO/SYO085^5.p,TH0,Theorem,thm,yes,5,1,0,1,1,1,0,0,0,
serial,SYO/SYO086^5.p,TH0,Theorem,thm,yes,5,1,0,1,1,1,0,0,0,
serial,SYO/SYO087^5.p,TH0,Theorem,thm,yes,6,2,0,2,1,1,0,0,0,
serial,SYO/SYO088^5.p,TH0,Theorem,thm,yes,9,1,0,1,1,1,0,0,0,
serial,SYO/SYO089^5.p,TH0,Theorem,thm,yes,11,1,0,1,1,1,0,0,0,
serial,SYO/SYO090^5.p,TH0,Theorem,thm,yes,15,1,0,1,1,1,0,0,0,
serial,SYO/SYO091^5.p,TH0,Theorem,thm,yes,7,4,0,4,1,1,0,0,0,
serial,SYO/SYO092^5.p,TH0,Theorem,timeout,na,2026,1759,2,1759,104,230,0,5,0,
serial,SYO/SYO093^5.p,TH0,Theorem,timeout,na,2003,86,4,86,6,6,0,4,0,
serial,SYO/SYO094^5.p,TH0,Theorem,thm,yes,13,15,0,15,2,0,0,1,1,
serial,SYO/SYO095^5.p,TH0,Theorem,thm,yes,588,239,3,239,9,39,0,3,1,
serial,SYO/SYO096^5.p,TH0,Theorem,timeout,na,2036,2276,50,2276,230,63,0,2,0,
serial,SYO/SYO098^5.p,TH0,Theorem,thm,yes,38,28,1,28,4,1,0,1,1,
serial,SYO/SYO099^5.p,TH0,Theorem,thm,yes,16,18,0,18,2,0,0,1,1,
serial,SYO/SYO101^5.p,TH0,Theorem,thm,yes,47,50,3,50,3,1,0,5,1,
serial,SYO/SYO102^5.p,TH0,Theorem,timeout,na,2061,1621,24,1621,350,160,0,3,0,
serial,SYO/SYO103^5.p,TH0,Theorem,timeout,na,2031,951,24,951,115,59,0,3,0,
serial,SYO/SYO104^5.p,TH0,Theorem,thm,yes,30,37,1,37,4,2,0,1,1,
serial,SYO/SYO105^5.p,TH0,Theorem,thm,yes,415,205,4,205,11,22,0,1,1,
serial,SYO/SYO107^5.p,TH0,Theorem,thm,yes,24,25,0,25,4,0,0,1,1,
serial,SYO/SYO108^5.p,TH0,Theorem,thm,yes,21,22,0,22,5,0,0,1,1,
serial,SYO/SYO109^5.p,TH0,Theorem,timeout,na,2022,820,28,820,105,40,0,2,0,
serial,SYO/SYO111^5.p,TH0,Theorem,thm,yes,64,44,1,44,5,4,0,1,1,
serial,SYO/SYO112^5.p,TH0,Theorem,thm,yes,69,55,0,55,8,4,0,1,1,
serial,SYO/SYO113^5.p,TH0,Theorem,timeout,na,2033,1289,13,1289,156,113,0,1,0,
serial,SYO/SYO114^5.p,TH0,Theorem,timeout,na,2043,1561,19,1561,147,258,0,1,0,
serial,SYO/SYO118^5.p,TH0,Theorem,thm,yes,1,1,0,1,1,1,0,0,0,
serial,SYO/SYO119^5.p,TH0,Theorem,thm,yes,3,5,0,5,1,0,0,1,1,
serial,SYO/SYO120^5.p,TH0,Theorem,thm,yes,2,2,0,2,1,1,0,0,0,
serial,SYO/SYO121^5.p,TH0,CounterSatisfiable,timeout,na,2004,1658,207,1658,1,0,0,0,0,
serial,SYO/SYO122^5.p,TH0,CounterSatisfiable,csa,yes,3,4,0,4,1,0,1,0,0,¬(cEQ C[237Y55] C[FAQ95])
serial,SYO/SYO123^5.p,TH0,Theorem,thm,yes,7,16,1,16,2,1,0,3,1,
serial,SYO/SYO124^5.p,TH0,Theorem,thm,yes,3,1,0,1,1,1,0,0,0,
serial,SYO/SYO125^5.p,TH0,Theorem,thm,yes,4,1,0,1,1,1,0,0,0,
serial,SYO/SYO126^5.p,TH0,CounterSatisfiable,timeout,na,2006,162,2,162,36,2,0,0,0,
serial,SYO/SYO128^5.p,TH0,Theorem,thm,yes,2,1,0,1,1,1,0,0,0,
serial,SYO/SYO129^5.p,TH0,Theorem,thm,yes,13,29,2,29,3,1,0,4,1,
serial,SYO/SYO130^5.p,TH0,CounterSatisfiable,csa,yes,3,2,0,2,1,0,1,0,0,cP C[1DCV3P]
serial,SYO/SYO131^5.p,TH0,Theorem,thm,yes,5,5,0,5,1,0,0,1,1,
serial,SYO/SYO132^5.p,TH0,Theorem,thm,yes,13,9,0,9,2,2,0,0,0,
serial,SYO/SYO133^5.p,TH0,Theorem,thm,yes,178,111,2,111,8,13,0,1,0,
serial,SYO/SYO134^5.p,TH0,Theorem,thm,yes,15,19,1,19,2,1,0,1,1,
serial,SYO/SYO135^5.p,TH0,Theorem,thm,yes,9,14,0,14,2,1,0,2,1,
serial,SYO/SYO136^5.p,TH0,Theorem,thm,yes,15,18,1,18,2,0,0,1,1,
serial,SYO/SYO137^5.p,TH0,CounterSatisfiable,csa,yes,155,143,2,143,14,20,1,0,0,¬(cM C[1FV5LM])  ¬(cN C[OUVCI])  cM C[23BUV]  ¬(cN C[23BUV])  ¬(cM C[1LA0WI])  ¬(cM C[IR21Z])  ¬(cM C[D57N5])  ¬(cN C[8LLRP])
serial,SYO/SYO138^5.p,TH0,CounterSatisfiable,csa,yes,4,4,0,4,1,0,1,0,0,cP C[25GF3I]  ¬(cS C[25GF3I])
serial,SYO/SYO139^5.p,TH0,Theorem,thm,yes,4,5,0,5,1,1,0,0,0,
serial,SYO/SYO140^5.p,TH0,Theorem,thm,yes,10,13,0,13,2,0,0,1,1,
serial,SYO/SYO141^5.p,TH0,Theorem,thm,yes,19,22,1,22,2,1,0,1,1,
serial,SYO/SYO142^5.p,TH0,Theorem,thm,yes,114,51,1,51,6,5,0,3,1,
serial,SYO/SYO143^5.p,TH0,Theorem,thm,yes,14,18,1,18,1,0,0,1,1,
serial,SYO/SYO144^5.p,TH0,CounterSatisfiable,csa,yes,51,29,0,29,6,2,1,0,0,cR1 x  ¬cC  ¬(cP C[1EYOYQ])  ¬(cP C[UFRXI])
serial,SYO/SYO145^5.p,TH0,Theorem,timeout,na,2004,141,2,141,10,21,0,5,0,
serial,SYO/SYO146^5.p,TH0,Theorem,thm,yes,24,27,0,27,6,0,0,1,1,
serial,SYO/SYO147^5.p,TH0,Theorem,timeout,na,2008,567,7,567,28,71,0,1,0,
serial,SYO/SYO148^5.p,TH0,Theorem,thm,yes,306,229,0,229,26,38,0,1,1,
serial,SYO/SYO149^5.p,TH0,Theorem,thm,yes,44,70,0,70,9,15,0,4,1,
serial,SYO/SYO150^5.p,TH0,CounterSatisfiable,csa,yes,79,29,0,29,6,2,1,0,0,cR1 x  ¬cC  ¬(cP C[FSNAG])  ¬(cP C[1Y2CDT])
serial,SYO/SYO151^5.p,TH0,CounterSatisfiable,timeout,na,2006,2121,281,2121,3,0,0,0,0,
serial,SYO/SYO152^5.p,TH0,CounterSatisfiable,timeout,na,2003,232,22,232,4,6,0,0,0,
serial,SYO/SYO153^5.p,TH0,CounterSatisfiable,csa,yes,16,7,0,7,2,0,1,0,0,cReduct C[1KFMNX] C[UW32O]  ¬(cReduct (cAPP C[1KFMNX] C[3QGGZ]) (cApp C[UW32O] C[3QGGZ]))
serial,SYO/SYO154^5.p,TH0,Theorem,thm,yes,19,22,0,22,4,0,0,1,1,
serial,SYO/SYO155^5.p,TH0,CounterSatisfiable,csa,yes,5,4,0,4,1,0,1,0,0,cP C[DGCQX]  ¬(cS C[DGCQX])
serial,SYO/SYO156^5.p,TH0,CounterSatisfiable,csa,yes,6,1,0,1,1,0,1,0,0,
serial,SYO/SYO157^5.p,TH0,CounterSatisfiable,timeout,na,2049,2895,260,2895,467,1,0,0,0,
serial,SYO/SYO158^5.p,TH0,CounterSatisfiable,csa,yes,65,14,1,14,2,0,1,0,0,cQ C[1OQKCW] C[384G7] C[1OFH59]  cQ C[384G7] C[119PXY] C[VIHF2]  cQ C[1OFH59] C[119PXY] C[UQKRV]  ¬(cQ C[1OQKCW] C[VIHF2] C[UQKRV])
serial,SYO/SYO159^5.p,TH0,Theorem,thm,yes,24,20,0,20,5,0,0,1,1,
serial,SYO/SYO160^5.p,TH0,Theorem,timeout,na,2010,563,18,563,55,64,0,2,0,
serial,SYO/SYO161^5.p,TH0,Theorem,thm,yes,64,56,0,56,8,8,0,4,1,
serial,SYO/SYO163^5.p,TH0,CounterSatisfiable,csa,yes,91,18,0,18,7,1,1,0,0,cT C[1HFLCX]  cT C[2DQZO]  ¬(cT (i C[1HFLCX] (i C[2DQZO] C[1HFLCX])))
serial,SYO/SYO164^5.p,TH0,CounterSatisfiable,timeout,na,2051,2283,189,2283,385,20,0,0,0,
serial,SYO/SYO165^5.p,TH0,CounterSatisfiable,timeout,na,2029,1157,11,1157,136,74,0,1,0,
serial,SYO/SYO166^5.p,TH0,CounterSatisfiable,timeout,na,2010,238,4,238,21,10,0,2,0,
serial,SYO/SYO167^5.p,TH0,CounterSatisfiable,timeout,na,2009,253,5,253,22,10,0,2,0,
serial,SYO/SYO168^5.p,TH0,CounterSatisfiable,timeout,na,2008,261,14,261,9,12,0,5,0,
serial,SYO/SYO169^5.p,TH0,Theorem,timeout,na,2027,380,14,380,74,5,0,3,0,
serial,SYO/SYO170^5.p,TH0,Theorem,timeout,na,2022,351,13,351,63,6,0,3,0,
serial,SYO/SYO171^5.p,TH0,Theorem,timeout,na,2044,2111,71,2111,390,56,0,2,0,
serial,SYO/SYO173^5.p,TH0,Theorem,timeout,na,2040,1058,20,1058,101,192,0,3,0,
serial,SYO/SYO174^5.p,TH0,Theorem,timeout,na,2006,0,0,0,1,0,0,0,0,
serial,SYO/SYO175^5.p,TH0,Theorem,timeout,na,2047,1801,51,1801,159,112,0,1,0,
serial,SYO/SYO176^5.p,TH0,CounterSatisfiable,csa,yes,1572,17,0,17,7,1,1,0,0,cL  cP  ¬cM
serial,SYO/SYO178^5.p,TH0,Theorem,thm,yes,81,1,0,1,1,1,0,0,0,
serial,SYO/SYO179^5.p,TH0,Theorem,timeout,na,2017,0,0,0,1,0,0,0,0,
serial,SYO/SYO180^5.p,TH0,Theorem,thm,yes,574,12,1,12,1,1,0,0,0,
serial,SYO/SYO181^5.p,TH0,Theorem,timeout,na,4366,0,0,0,1,0,0,0,0,
serial,SYO/SYO182^5.p,TH0,Theorem,timeout,na,5624,0,0,0,1,0,0,0,0,
serial,SYO/SYO183^5.p,TH0,Theorem,thm,yes,2,2,0,2,1,1,0,0,0,
serial,SYO/SYO183^6.p,TH0,Theorem,thm,yes,2,3,0,3,1,1,0,0,0,
serial,SYO/SYO184^5.p,TH0,Theorem,thm,yes,2,3,0,3,1,1,0,0,0,
serial,SYO/SYO185^5.p,TH0,Theorem,thm,yes,2,2,0,2,1,1,0,0,0,
serial,SYO/SYO186^5.p,TH0,Theorem,thm,yes,2,3,0,3,1,1,0,0,0,
serial,SYO/SYO187^5.p,TH0,Theorem,thm,yes,2,3,0,3,1,1,0,0,0,
serial,SYO/SYO188^5.p,TH0,Theorem,thm,yes,51,3,0,3,1,1,0,0,0,
serial,SYO/SYO189^5.p,TH0,Theorem,thm,yes,4,5,0,5,1,1,0,0,0,
serial,SYO/SYO190^5.p,TH0,Theorem,thm,yes,3,3,0,3,1,1,0,0,0,
serial,SYO/SYO191^5.p,TH0,Theorem,thm,yes,2,3,0,3,1,1,0,0,0,
serial,SYO/SYO192^5.p,TH0,Theorem,thm,yes,3,3,0,3,1,1,0,0,0,
serial,SYO/SYO193^5.p,TH0,Theorem,thm,yes,47,3,0,3,1,1,0,0,0,
serial,SYO/SYO194^5.p,TH0,Theorem,thm,yes,14,12,0,12,2,0,0,1,1,
serial,SYO/SYO195^5.p,TH0,Theorem,thm,yes,2,3,0,3,1,1,0,0,0,
serial,SYO/SYO196^5.p,TH0,Theorem,thm,yes,2,2,0,2,1,1,0,0,0,
serial,SYO/SYO197^5.p,TH0,Theorem,thm,yes,5,5,0,5,1,1,0,0,0,
serial,SYO/SYO198^5.p,TH0,Theorem,thm,yes,8,15,0,15,4,4,0,0,0,
serial,SYO/SYO199^5.p,TH0,Theorem,thm,yes,8,9,0,9,1,1,0,0,0,
serial,SYO/SYO200^5.p,TH0,Theorem,thm,yes,7,8,0,8,1,1,0,0,0,
serial,SYO/SYO202^5.p,TH0,Theorem,thm,yes,3,2,0,2,1,1,0,0,0,
serial,SYO/SYO203^5.p,TH0,Theorem,thm,yes,3,1,0,1,1,1,0,0,0,
serial,SYO/SYO204^5.p,TH0,Theorem,thm,yes,5,6,0,6,1,1,0,0,0,
serial,SYO/SYO205^5.p,TH0,Theorem,thm,yes,4,3,0,3,1,1,0,0,0,
serial,SYO/SYO206^5.p,TH0,Theorem,thm,yes,24,46,0,46,4,6,0,0,0,
serial,SYO/SYO207^5.p,TH0,Theorem,thm,yes,16,28,0,28,4,6,0,0,0,
serial,SYO/SYO208^5.p,TH0,Theorem,thm,yes,147,54,2,54,10,2,0,1,1,
serial,SYO/SYO209^5.p,TH0,Theorem,timeout,na,2007,251,6,251,33,0,0,4,0,
serial,SYO/SYO210^5.p,TH0,CounterSatisfiable,csa,yes,4,5,0,5,1,0,1,0,0,
serial,SYO/SYO211^5.p,TH0,CounterSatisfiable,timeout,na,2063,2855,0,2855,252,156,0,0,0,
serial,SYO/SYO212^5.p,TH0,Theorem,thm,yes,39,61,0,52,9,13,0,0,0,
serial,SYO/SYO213^5.p,TH0,Theorem,thm,yes,149,38,2,38,3,2,0,1,1,
serial,SYO/SYO214^5.p,TH0,Theorem,thm,yes,11,5,0,5,1,1,0,0,0,
serial,SYO/SYO215^5.p,TH0,Theorem,timeout,na,2003,78,3,78,6,3,0,3,0,
serial,SYO/SYO216^5.p,TH0,Theorem,thm,yes,5,4,0,4,1,1,0,0,0,
serial,SYO/SYO217^5.p,TH0,Theorem,timeout,na,2047,1983,0,1983,203,180,0,0,0,
serial,SYO/SYO218^5.p,TH0,Theorem,timeout,na,2013,680,26,680,57,12,0,1,0,
serial,SYO/SYO219^5.p,TH0,Theorem,timeout,na,2010,570,25,570,46,3,0,1,0,
serial,SYO/SYO220^5.p,TH0,Theorem,thm,yes,15,12,1,12,1,1,0,1,1,
serial,SYO/SYO221^5.p,TH0,Theorem,timeout,na,2012,330,10,330,55,0,0,1,0,
serial,SYO/SYO222^5.p,TH0,Theorem,timeout,na,2006,273,8,273,25,27,0,2,0,
serial,SYO/SYO223^5.p,TH0,Theorem,timeout,na,2031,1272,5,1272,175,101,0,1,0,
serial,SYO/SYO224^5.p,TH0,Theorem,timeout,na,2021,713,12,713,102,38,0,1,0,
serial,SYO/SYO225^5.p,TH0,Theorem,timeout,na,2091,1112,5,1112,354,16,0,0,0,
serial,SYO/SYO226^5.p,TH0,Theorem,timeout,na,2005,145,5,145,18,17,0,4,0,
serial,SYO/SYO227^5.p,TH0,Theorem,timeout,na,2017,1000,20,1000,127,1,0,2,0,
serial,SYO/SYO228^5.p,TH0,Theorem,timeout,na,2084,1106,6,1106,325,32,0,0,0,
serial,SYO/SYO229^5.p,TH0,Theorem,timeout,na,2029,1341,23,1341,114,72,0,5,0,
serial,SYO/SYO230^5.p,TH0,Theorem,timeout,na,2032,1383,21,1383,140,53,0,4,0,
serial,SYO/SYO231^5.p,TH0,Theorem,timeout,na,2038,1324,12,1324,180,63,0,5,0,
serial,SYO/SYO232^5.p,TH0,Theorem,thm,yes,10,12,1,12,2,1,0,1,1,
serial,SYO/SYO233^5.p,TH0,Theorem,timeout,na,2004,73,3,73,6,2,0,4,0,
serial,SYO/SYO234^5.p,TH0,Theorem,timeout,na,2013,447,23,447,38,7,0,4,0,
serial,SYO/SYO235^5.p,TH0,Theorem,thm,yes,47,56,0,56,9,12,0,0,0,
serial,SYO/SYO236^5.p,TH0,Theorem,timeout,na,2005,178,9,178,10,6,0,2,0,
serial,SYO/SYO237^5.p,TH0,Theorem,timeout,na,2009,520,28,520,42,6,0,3,0,
serial,SYO/SYO238^5.p,TH0,Theorem,timeout,na,2004,83,3,83,6,3,0,2,0,
serial,SYO/SYO239^5.p,TH0,Theorem,timeout,na,2014,522,30,522,68,5,0,2,0,
serial,SYO/SYO240^5.p,TH0,Unknown,timeout,na,2009,167,5,167,13,10,0,2,0,
serial,SYO/SYO241^5.p,TH0,Theorem,timeout,na,2009,91,3,91,10,3,0,1,0,
serial,SYO/SYO242^5.p,TH0,CounterSatisfiable,timeout,na,2008,86,2,86,11,0,0,1,0,
serial,SYO/SYO243^5.p,TH0,Theorem,timeout,na,2021,758,17,758,71,18,0,3,0,
serial,SYO/SYO244^5.p,TH0,Theorem,timeout,na,2013,121,4,121,9,7,0,2,0,
serial,SYO/SYO245^5.p,TH0,ContradictoryAxioms,timeout,na,2009,74,2,74,10,3,0,1,0,
serial,SYO/SYO246^5.p,TH0,Theorem,timeout,na,2014,13,0,13,2,0,0,0,0,
serial,SYO/SYO247^5.p,TH0,CounterSatisfiable,timeout,na,2019,444,18,444,34,23,0,0,0,
serial,SYO/SYO248^5.p,TH0,Theorem,timeout,na,2064,1536,2,1536,212,60,0,0,0,
serial,SYO/SYO249^5.p,TH0,Theorem,timeout,na,2090,758,5,758,271,0,0,0,0,
serial,SYO/SYO250^5.p,TH0,Theorem,timeout,na,2115,2,0,2,1,0,0,0,0,
serial,SYO/SYO252^5.p,TH0,Theorem,thm,yes,3,3,0,3,1,1,0,0,0,
serial,SYO/SYO253^5.p,TH0,Theorem,thm,yes,4,2,0,2,1,1,0,0,0,
serial,SYO/SYO255^5.p,TH0,Theorem,thm,yes,112,20,1,20,2,0,0,2,1,
serial,SYO/SYO256^5.p,TH0,Theorem,thm,yes,81,85,0,81,9,18,0,0,0,
serial,SYO/SYO257^5.p,TH0,Theorem,thm,yes,19,9,0,9,1,0,0,1,1,
serial,SYO/SYO258^5.p,TH0,Theorem,thm,yes,188,26,1,26,2,1,0,1,1,
serial,SYO/SYO259^5.p,TH0,Theorem,timeout,na,2009,247,2,247,19,22,0,1,0,
serial,SYO/SYO260^5.p,TH0,Theorem,thm,yes,463,65,2,65,7,4,0,1,1,
serial,SYO/SYO261^5.p,TH0,Theorem,timeout,na,2014,785,26,785,72,22,0,5,0,
serial,SYO/SYO262^5.p,TH0,Theorem,thm,yes,123,7,0,7,1,0,0,1,1,
serial,SYO/SYO263^5.p,TH0,Theorem,timeout,na,2007,186,3,186,24,9,0,1,0,
serial,SYO/SYO264^5.p,TH0,Theorem,timeout,na,2008,178,3,178,33,3,0,1,0,
serial,SYO/SYO265^5.p,TH0,Theorem,thm,yes,48,42,0,42,6,3,0,1,1,
serial,SYO/SYO266^5.p,TH0,Theorem,timeout,na,2029,1209,74,1209,185,14,0,0,0,
serial,SYO/SYO267^5.p,TH0,Theorem,thm,yes,101,21,0,21,3,0,0,1,1,
serial,SYO/SYO268^5.p,TH0,Theorem,thm,yes,102,34,1,34,4,0,0,1,1,
serial,SYO/SYO269^5.p,TH0,Theorem,timeout,na,2016,164,9,164,13,0,0,0,0,
serial,SYO/SYO270^5.p,TH0,Theorem,thm,yes,125,21,2,21,1,0,0,1,1,
serial,SYO/SYO271^5.p,TH0,Theorem,timeout,na,2007,194,6,194,15,24,0,5,0,
serial,SYO/SYO272^5.p,TH0,Theorem,timeout,na,2016,433,12,433,66,1,0,4,0,
serial,SYO/SYO274^5.p,TH0,Theorem,timeout,na,2023,959,43,959,97,0,0,2,0,
serial,SYO/SYO275^5.p,TH0,Theorem,timeout,na,2015,394,16,394,34,2,0,3,0,
serial,SYO/SYO276^5.p,TH0,Theorem,timeout,na,2005,39,2,39,3,0,0,3,0,
serial,SYO/SYO277^5.p,TH0,Theorem,timeout,na,2029,1586,54,1586,157,5,0,1,0,
serial,SYO/SYO278^5.p,TH0,CounterSatisfiable,timeout,na,2004,214,21,214,1,0,0,0,0,
serial,SYO/SYO279^5.p,TH0,CounterSatisfiable,csa,yes,5,3,0,3,1,0,1,0,0,¬(cReduct (cAPP (cLAM (λ. C[278IAO] 1)) C[1TLYPK]) (C[278IAO] C[1TLYPK]))
serial,SYO/SYO280^5.p,TH0,CounterSatisfiable,timeout,na,2013,538,30,538,113,2,0,5,0,
serial,SYO/SYO281^5.p,TH0,Theorem,thm,yes,46,7,0,7,1,0,0,1,1,
serial,SYO/SYO282^5.p,TH0,Theorem,thm,yes,6,7,0,7,1,0,0,1,1,
serial,SYO/SYO284^5.p,TH0,CounterSatisfiable,timeout,na,2004,1478,196,1478,1,0,0,0,0,
serial,SYO/SYO285^5.p,TH0,Theorem,thm,yes,5,3,0,3,1,0,0,1,1,
serial,SYO/SYO286^5.p,TH0,Theorem,thm,yes,7,8,0,8,1,0,0,1,1,
serial,SYO/SYO287^5.p,TH0,Theorem,timeout,na,2022,360,4,360,130,36,0,1,0,
serial,SYO/SYO288^5.p,TH0,Theorem,timeout,na,2013,347,10,347,62,17,0,1,0,
serial,SYO/SYO289^5.p,TH0,Theorem,thm,yes,9,6,0,6,1,0,0,1,1,
serial,SYO/SYO290^5.p,TH0,Theorem,thm,yes,4,1,0,1,1,1,0,0,0,
serial,SYO/SYO291^5.p,TH0,Theorem,thm,yes,6,3,0,3,1,0,0,1,1,
serial,SYO/SYO292^5.p,TH0,Theorem,thm,yes,122,14,1,14,2,0,0,2,1,
serial,SYO/SYO293^5.p,TH0,Theorem,thm,yes,13,5,0,5,1,0,0,1,1,
serial,SYO/SYO294^5.p,TH0,CounterSatisfiable,timeout,na,2008,124,0,124,33,3,0,5,0,
serial,SYO/SYO295^5.p,TH0,Theorem,timeout,na,2013,852,29,852,69,15,0,1,0,
serial,SYO/SYO296^5.p,TH0,Theorem,timeout,na,2004,163,8,163,12,9,0,2,0,
serial,SYO/SYO297^5.p,TH0,CounterSatisfiable,timeout,na,2004,170,0,170,14,23,0,9,0,
serial,SYO/SYO298^5.p,TH0,Theorem,thm,yes,239,15,1,15,2,0,0,1,1,
serial,SYO/SYO299^5.p,TH0,Theorem,thm,yes,54,31,0,31,4,4,0,0,0,
serial,SYO/SYO300^5.p,TH0,Theorem,thm,yes,19,6,0,6,1,0,0,1,1,
serial,SYO/SYO301^5.p,TH0,Theorem,thm,yes,63,17,1,17,3,0,0,1,1,
serial,SYO/SYO302^5.p,TH0,CounterSatisfiable,timeout,na,2005,205,3,205,35,0,0,4,0,
serial,SYO/SYO303^5.p,TH0,Theorem,timeout,na,2005,125,4,125,8,15,0,2,0,
serial,SYO/SYO304^5.p,TH0,Theorem,unk,na,8,4,0,4,1,0,0,0,0,
serial,SYO/SYO305^5.p,TH0,Theorem,thm,yes,19,20,0,20,5,0,0,1,1,
serial,SYO/SYO306^5.p,TH0,Theorem,thm,yes,4,1,0,1,1,1,0,0,0,
serial,SYO/SYO307^5.p,TH0,Theorem,timeout,na,2006,123,4,123,14,5,0,0,0,
serial,SYO/SYO308^5.p,TH0,Theorem,thm,yes,27,27,0,27,5,0,0,1,1,
serial,SYO/SYO309^5.p,TH0,Theorem,timeout,na,2013,353,13,353,91,2,0,3,0,
serial,SYO/SYO310^5.p,TH0,Theorem,thm,yes,19,10,0,10,2,2,0,0,0,
serial,SYO/SYO311^5.p,TH0,Theorem,thm,yes,16,7,0,7,2,2,0,0,0,
serial,SYO/SYO312^5.p,TH0,Theorem,timeout,na,2008,220,11,220,18,3,0,1,0,
serial,SYO/SYO313^5.p,TH0,CounterSatisfiable,timeout,na,2058,2011,23,2011,340,151,0,1,0,
serial,SYO/SYO314^5.p,TH0,Theorem,thm,yes,9,1,0,1,1,1,0,0,0,
serial,SYO/SYO315^5.p,TH0,Theorem,thm,yes,9,1,0,1,1,1,0,0,0,
serial,SYO/SYO316^5.p,TH0,CounterSatisfiable,timeout,na,2012,506,17,506,54,0,0,1,0,
serial,SYO/SYO317^5.p,TH0,Theorem,timeout,na,2019,972,25,972,83,22,0,2,0,
serial,SYO/SYO318^5.p,TH0,CounterSatisfiable,timeout,na,2008,191,2,191,19,10,0,1,0,
serial,SYO/SYO323^5.p,TH0,CounterSatisfiable,csa,yes,24,6,0,6,2,0,1,0,0,cHALF C[15ID2F] C[96SQU]  ¬(cHALF (cS (cS C[15ID2F])) (cS C[96SQU]))
serial,SYO/SYO324^5.p,TH0,Theorem,timeout,na,2011,125,6,125,11,0,0,2,0,
serial,SYO/SYO325^5.p,TH0,Theorem,timeout,na,2010,122,3,122,12,12,0,3,0,
serial,SYO/SYO326^5.p,TH0,Theorem,timeout,na,2010,58,2,58,8,0,0,1,0,
serial,SYO/SYO327^5.p,TH0,Theorem,timeout,na,2014,337,20,337,30,0,0,4,0,
serial,SYO/SYO328^5.p,TH0,CounterSatisfiable,timeout,na,2007,1,0,1,2,0,0,0,0,
serial,SYO/SYO329^5.p,TH0,Theorem,timeout,na,2017,433,8,433,71,0,0,2,0,
serial,SYO/SYO330^5.p,TH0,Theorem,timeout,na,2011,294,18,294,31,0,0,5,0,
serial,SYO/SYO331^5.p,TH0,Theorem,timeout,na,2012,226,4,226,21,12,0,1,0,
serial,SYO/SYO332^5.p,TH0,Theorem,timeout,na,2012,33,1,33,5,0,0,0,0,
serial,SYO/SYO333^5.p,TH0,CounterSatisfiable,timeout,na,2013,298,17,298,23,0,0,1,0,
serial,SYO/SYO334^5.p,TH0,Theorem,timeout,na,2028,750,40,750,69,0,0,2,0,
serial,SYO/SYO335^5.p,TH0,Theorem,timeout,na,2021,415,7,415,68,0,0,2,0,
serial,SYO/SYO336^5.p,TH0,Unknown,timeout,na,2018,128,8,128,10,0,0,5,0,
serial,SYO/SYO337^5.p,TH0,Theorem,timeout,na,2021,117,7,117,12,1,0,1,0,
serial,SYO/SYO338^5.p,TH0,Theorem,timeout,na,2020,364,25,364,21,0,0,1,0,
serial,SYO/SYO339^5.p,TH0,CounterSatisfiable,timeout,na,2036,648,9,648,97,16,0,0,0,
serial,SYO/SYO340^5.p,TH0,CounterSatisfiable,timeout,na,2023,157,2,157,28,2,0,0,0,
serial,SYO/SYO341^5.p,TH0,CounterSatisfiable,timeout,na,2022,152,2,152,26,2,0,0,0,
serial,SYO/SYO344^5.p,TH0,Theorem,thm,yes,5,3,0,3,1,1,0,0,0,
serial,SYO/SYO345^5.p,TH0,Theorem,thm,yes,26,33,0,29,9,10,0,0,0,
serial,SYO/SYO346^5.p,TH0,Theorem,thm,yes,4,4,0,4,1,1,0,0,0,
serial,SYO/SYO347^5.p,TH0,Theorem,thm,yes,6,3,0,3,1,1,0,0,0,
serial,SYO/SYO348^5.p,TH0,Theorem,thm,yes,12,24,0,20,5,6,0,0,0,
serial,SYO/SYO349^5.p,TH0,Theorem,thm,yes,7,12,0,10,3,3,0,0,0,
serial,SYO/SYO350^5.p,TH0,Theorem,timeout,na,2010,540,26,540,43,6,0,3,0,
serial,SYO/SYO351^5.p,TH0,Theorem,thm,yes,18,22,1,22,3,1,0,1,1,
serial,SYO/SYO352^5.p,TH0,Theorem,timeout,na,2016,813,29,813,89,0,0,4,0,
serial,SYO/SYO353^5.p,TH0,Theorem,thm,yes,26,12,0,13,2,0,0,1,1,
serial,SYO/SYO354^5.p,TH0,Theorem,timeout,na,2015,820,27,820,89,0,0,4,0,
serial,SYO/SYO355^5.p,TH0,Theorem,timeout,na,2003,79,3,79,6,3,0,3,0,
serial,SYO/SYO356^5.p,TH0,Theorem,timeout,na,2013,460,7,460,99,10,0,5,0,
serial,SYO/SYO357^5.p,TH0,Theorem,thm,yes,5,1,0,1,1,1,0,0,0,
serial,SYO/SYO358^5.p,TH0,Theorem,thm,yes,5,1,0,1,1,1,0,0,0,
serial,SYO/SYO359^5.p,TH0,Theorem,timeout,na,2021,1185,36,1185,140,2,0,3,0,
serial,SYO/SYO360^5.p,TH0,Theorem,timeout,na,2013,540,23,540,51,5,0,3,0,
serial,SYO/SYO361^5.p,TH0,Theorem,timeout,na,2005,156,5,156,17,17,0,3,0,
serial,SYO/SYO362^5.p,TH0,Theorem,timeout,na,2015,482,7,482,63,8,0,1,0,
serial,SYO/SYO363^5.p,TH0,Theorem,timeout,na,2013,353,15,353,30,3,0,1,0,
serial,SYO/SYO364^5.p,TH0,Theorem,timeout,na,2013,450,9,450,49,0,0,2,0,
serial,SYO/SYO365^5.p,TH0,Theorem,parser_error,na,0,,,,,,,,,cached: Failed to parse formula 'cEXT2_def': [byte:1966] Type Error: Cannot unify strict function types of different arities.
serial,SYO/SYO366^5.p,TH0,Theorem,thm,yes,2,1,0,1,1,1,0,0,0,
serial,SYO/SYO367^5.p,TH0,Theorem,parser_error,na,0,,,,,,,,,cached: Failed to parse formula 'cEXT2': [byte:1793] Type Error: Cannot unify strict function types of different arities.
serial,SYO/SYO368^5.p,TH0,Theorem,thm,yes,17,27,0,23,5,7,0,0,0,
serial,SYO/SYO369^5.p,TH0,Theorem,thm,yes,2,1,0,1,1,1,0,0,0,
serial,SYO/SYO370^5.p,TH0,Theorem,timeout,na,2058,3180,0,3180,262,226,0,0,0,
serial,SYO/SYO371^5.p,TH0,Theorem,thm,yes,9,17,0,17,5,5,0,0,0,
serial,SYO/SYO372^5.p,TH0,Theorem,timeout,na,2040,2182,0,2182,236,154,0,0,0,
serial,SYO/SYO373^5.p,TH0,Theorem,timeout,na,2040,2121,0,2121,221,150,0,0,0,
serial,SYO/SYO374^5.p,TH0,Theorem,timeout,na,2004,73,4,73,6,3,0,2,0,
serial,SYO/SYO375^5.p,TH0,Theorem,thm,yes,4,3,0,3,1,1,0,0,0,
serial,SYO/SYO376^5.p,TH0,Theorem,timeout,na,2038,904,3,852,264,105,0,0,0,
serial,SYO/SYO377^5.p,TH0,Theorem,thm,yes,59,61,0,52,9,12,0,0,0,
serial,SYO/SYO378^5.p,TH0,Theorem,timeout,na,2005,68,3,68,8,0,0,2,0,
serial,SYO/SYO379^5.p,TH0,Theorem,timeout,na,2009,325,6,325,25,29,0,4,0,
serial,SYO/SYO380^5.p,TH0,Theorem,thm,yes,6,5,0,5,1,0,0,1,1,
serial,SYO/SYO381^5.p,TH0,Theorem,thm,yes,27,23,1,23,3,1,0,1,1,
serial,SYO/SYO382^5.p,TH0,Theorem,thm,yes,12,1,0,1,1,1,0,0,0,
serial,SYO/SYO383^5.p,TH0,Theorem,timeout,na,2049,910,24,910,226,1,0,0,0,
serial,SYO/SYO384^5.p,TH0,Theorem,thm,yes,27,1,0,1,1,1,0,0,0,
serial,SYO/SYO385^5.p,TH0,Theorem,timeout,na,2071,993,23,993,264,0,0,0,0,
serial,SYO/SYO386^5.p,TH0,Theorem,timeout,na,2094,774,14,774,258,0,0,0,0,
serial,SYO/SYO387^5.p,TH0,Theorem,timeout,na,2054,116,10,116,6,0,0,0,0,
serial,SYO/SYO388^5.p,TH0,Theorem,timeout,na,2078,13,1,13,1,0,0,0,0,
serial,SYO/SYO389^5.p,TH0,Theorem,thm,yes,1,1,0,1,1,1,0,0,0,
serial,SYO/SYO390^5.p,TH0,Theorem,thm,yes,18,25,0,25,4,5,0,0,0,
serial,SYO/SYO391^5.p,TH0,Theorem,timeout,na,2103,7,0,7,1,0,0,0,0,
serial,SYO/SYO392^1.p,TH0,Theorem,timeout,na,2108,2377,15,2377,358,67,0,0,0,
serial,SYO/SYO393^1.p,TH0,Theorem,timeout,na,2086,1804,28,1804,225,72,0,0,0,
serial,SYO/SYO394^1.p,TH0,Theorem,timeout,na,2097,2092,35,2092,275,84,0,0,0,
serial,SYO/SYO395^1.p,TH0,Theorem,timeout,na,2071,1283,31,1283,140,59,0,1,0,
serial,SYO/SYO396^1.p,TH0,Theorem,timeout,na,2071,1150,10,1150,131,63,0,0,0,
serial,SYO/SYO397^1.p,TH0,Theorem,timeout,na,2082,1591,15,1591,193,89,0,0,0,
serial,SYO/SYO398^1.p,TH0,Theorem,timeout,na,2074,1495,30,1495,98,141,0,1,0,
serial,SYO/SYO399^1.p,TH0,Theorem,timeout,na,2065,1113,28,1113,132,38,0,0,0,
serial,SYO/SYO400^1.p,TH0,Theorem,timeout,na,2075,1441,28,1441,175,35,0,0,0,
serial,SYO/SYO401^1.p,TH0,Theorem,timeout,na,2072,1238,10,1238,149,65,0,0,0,
serial,SYO/SYO402^1.p,TH0,Theorem,timeout,na,2085,1301,1,1301,250,55,0,0,0,
serial,SYO/SYO403^1.p,TH0,Theorem,timeout,na,2100,2397,14,2397,311,83,0,0,0,
serial,SYO/SYO404^1.p,TH0,Theorem,timeout,na,2066,1162,20,1162,148,25,0,0,0,
serial,SYO/SYO405^1.p,TH0,Theorem,timeout,na,2072,1093,14,1093,168,36,0,0,0,
serial,SYO/SYO406^1.p,TH0,Theorem,timeout,na,2074,1140,15,1140,152,51,0,0,0,
serial,SYO/SYO407^1.p,TH0,Theorem,timeout,na,2087,1819,34,1819,250,66,0,0,0,
serial,SYO/SYO408^1.p,TH0,Theorem,thm,yes,558,207,5,207,21,15,0,1,1,
serial,SYO/SYO409^1.p,TH0,Theorem,timeout,na,2085,1446,5,1446,214,67,0,0,0,
serial,SYO/SYO410^1.p,TH0,Theorem,timeout,na,2075,1495,30,1495,167,78,0,0,0,
serial,SYO/SYO411^1.p,TH0,Theorem,timeout,na,2086,1563,34,1563,220,57,0,0,0,
serial,SYO/SYO412^1.p,TH0,Theorem,timeout,na,2074,1521,34,1521,201,37,0,0,0,
serial,SYO/SYO413^1.p,TH0,Theorem,timeout,na,2075,1222,31,1222,148,66,0,1,0,
serial,SYO/SYO414^1.p,TH0,Theorem,timeout,na,2089,1597,23,1597,223,52,0,0,0,
serial,SYO/SYO415^1.p,TH0,Theorem,timeout,na,2074,1294,27,1294,182,35,0,0,0,
serial,SYO/SYO416^1.p,TH0,Theorem,timeout,na,2074,1383,23,1383,212,37,0,0,0,
serial,SYO/SYO417^1.p,TH0,Theorem,timeout,na,2080,1245,29,1245,204,29,0,0,0,
serial,SYO/SYO418^1.p,TH0,Theorem,timeout,na,2096,1709,32,1709,223,100,0,0,0,
serial,SYO/SYO419^1.p,TH0,Theorem,thm,yes,562,485,13,485,38,35,0,1,1,
serial,SYO/SYO420^1.p,TH0,Theorem,timeout,na,2072,938,9,938,117,49,0,0,0,
serial,SYO/SYO421^1.p,TH0,Theorem,timeout,na,2061,750,18,750,72,76,0,2,0,
serial,SYO/SYO422^1.p,TH0,Theorem,timeout,na,2053,436,9,436,32,50,0,2,0,
serial,SYO/SYO423^1.p,TH0,Theorem,timeout,na,2073,1080,6,1080,154,31,0,0,0,
serial,SYO/SYO424^1.p,TH0,Theorem,timeout,na,2074,1295,22,1295,148,56,0,0,0,
serial,SYO/SYO425^1.p,TH0,Theorem,timeout,na,2099,2206,36,2206,289,62,0,0,0,
serial,SYO/SYO426^1.p,TH0,Theorem,timeout,na,2076,1256,18,1256,143,60,0,1,0,
serial,SYO/SYO427^1.p,TH0,Theorem,timeout,na,2080,1260,28,1260,173,28,0,0,0,
serial,SYO/SYO428^1.p,TH0,Theorem,timeout,na,2075,1202,23,1202,173,25,0,0,0,
serial,SYO/SYO429^1.p,TH0,Theorem,timeout,na,2090,1739,27,1739,268,32,0,0,0,
serial,SYO/SYO430^1.p,TH0,Theorem,timeout,na,2106,2223,22,2223,364,45,0,0,0,
serial,SYO/SYO431^1.p,TH0,Theorem,timeout,na,2100,2147,16,2147,344,46,0,0,0,
serial,SYO/SYO432^1.p,TH0,Theorem,timeout,na,2078,1215,20,1215,180,17,0,0,0,
serial,SYO/SYO433^1.p,TH0,Theorem,timeout,na,2072,1164,39,1164,142,26,0,0,0,
serial,SYO/SYO434^1.p,TH0,Theorem,timeout,na,2086,1593,28,1593,233,41,0,0,0,
serial,SYO/SYO435^1.p,TH0,Theorem,timeout,na,2076,1307,42,1307,179,15,0,0,0,
serial,SYO/SYO436^1.p,TH0,Theorem,timeout,na,2079,1469,28,1469,197,38,0,0,0,
serial,SYO/SYO437^1.p,TH0,Theorem,timeout,na,2073,986,14,986,149,33,0,0,0,
serial,SYO/SYO438^1.p,TH0,Theorem,timeout,na,2075,1250,27,1250,191,21,0,0,0,
serial,SYO/SYO439^1.p,TH0,Theorem,timeout,na,2066,1109,23,1109,134,22,0,0,0,
serial,SYO/SYO440^1.p,TH0,Theorem,timeout,na,2069,1086,16,1086,157,24,0,0,0,
serial,SYO/SYO441^1.p,TH0,Theorem,timeout,na,2091,1942,48,1942,263,46,0,0,0,
serial,SYO/SYO442^1.p,TH0,Theorem,timeout,na,2079,1652,41,1652,227,33,0,0,0,
serial,SYO/SYO443^1.p,TH0,Theorem,timeout,na,2092,1715,25,1715,251,38,0,0,0,
serial,SYO/SYO444^1.p,TH0,Theorem,timeout,na,2082,1526,42,1526,206,23,0,0,0,
serial,SYO/SYO445^1.p,TH0,Theorem,timeout,na,2075,1328,30,1328,210,20,0,0,0,
serial,SYO/SYO446^1.p,TH0,Theorem,timeout,na,2098,1993,56,1993,288,41,0,0,0,
serial,SYO/SYO447^1.p,TH0,Theorem,timeout,na,2093,1651,24,1651,284,39,0,0,0,
serial,SYO/SYO448^1.p,TH0,Theorem,timeout,na,2088,1540,26,1540,261,28,0,0,0,
serial,SYO/SYO449^1.p,TH0,Theorem,timeout,na,2088,1287,25,1287,271,28,0,0,0,
serial,SYO/SYO450^1.p,TH0,CounterSatisfiable,timeout,na,2083,1654,36,1654,206,38,0,0,0,
serial,SYO/SYO450^2.p,TH0,CounterSatisfiable,timeout,na,2106,2187,15,2187,327,60,0,0,0,
serial,SYO/SYO450^3.p,TH0,Theorem,timeout,na,2061,857,30,857,103,20,0,0,0,
serial,SYO/SYO450^4.p,TH0,Theorem,timeout,na,2084,1541,16,1541,229,28,0,0,0,
serial,SYO/SYO450^5.p,TH0,Theorem,timeout,na,2067,1102,30,1102,135,32,0,0,0,
serial,SYO/SYO450^6.p,TH0,Theorem,timeout,na,2108,2010,29,2010,333,57,0,0,0,
serial,SYO/SYO451^1.p,TH0,CounterSatisfiable,timeout,na,2076,1334,29,1334,163,48,0,0,0,
serial,SYO/SYO451^2.p,TH0,CounterSatisfiable,timeout,na,2080,1516,19,1516,215,26,0,0,0,
serial,SYO/SYO451^3.p,TH0,CounterSatisfiable,timeout,na,2071,1310,25,1310,167,31,0,0,0,
serial,SYO/SYO451^4.p,TH0,CounterSatisfiable,timeout,na,2069,1061,23,1061,135,18,0,0,0,
serial,SYO/SYO451^5.p,TH0,Theorem,timeout,na,2075,1223,21,1223,173,33,0,0,0,
serial,SYO/SYO451^6.p,TH0,Theorem,timeout,na,2103,2041,25,2041,333,36,0,0,0,
serial,SYO/SYO452^1.p,TH0,CounterSatisfiable,timeout,na,2079,1379,33,1379,171,35,0,0,0,
serial,SYO/SYO452^2.p,TH0,CounterSatisfiable,timeout,na,2087,1721,32,1721,230,53,0,0,0,
serial,SYO/SYO452^3.p,TH0,CounterSatisfiable,timeout,na,2083,1709,36,1709,222,52,0,0,0,
serial,SYO/SYO452^4.p,TH0,CounterSatisfiable,timeout,na,2072,1097,23,1097,146,24,0,0,0,
serial,SYO/SYO452^5.p,TH0,CounterSatisfiable,timeout,na,2068,995,34,995,126,13,0,0,0,
serial,SYO/SYO452^6.p,TH0,CounterSatisfiable,timeout,na,2096,1968,52,1968,284,41,0,0,0,
serial,SYO/SYO453^1.p,TH0,CounterSatisfiable,timeout,na,2069,1048,10,1048,148,35,0,0,0,
serial,SYO/SYO453^2.p,TH0,CounterSatisfiable,timeout,na,2069,968,14,968,144,25,0,0,0,
serial,SYO/SYO453^3.p,TH0,CounterSatisfiable,timeout,na,2085,1524,20,1524,223,42,0,0,0,
serial,SYO/SYO453^4.p,TH0,CounterSatisfiable,timeout,na,2068,1107,12,1107,155,21,0,0,0,
serial,SYO/SYO453^5.p,TH0,CounterSatisfiable,timeout,na,2069,999,25,999,150,14,0,0,0,
serial,SYO/SYO453^6.p,TH0,CounterSatisfiable,timeout,na,2090,1520,33,1520,249,27,0,0,0,
serial,SYO/SYO454^1.p,TH0,CounterSatisfiable,timeout,na,2068,1071,24,1071,122,28,0,0,0,
serial,SYO/SYO454^2.p,TH0,CounterSatisfiable,timeout,na,2069,1061,26,1061,136,22,0,0,0,
serial,SYO/SYO454^3.p,TH0,CounterSatisfiable,timeout,na,2080,1306,17,1306,186,36,0,0,0,
serial,SYO/SYO454^4.p,TH0,CounterSatisfiable,timeout,na,2101,2261,22,2261,317,53,0,0,0,
serial,SYO/SYO454^5.p,TH0,CounterSatisfiable,timeout,na,2060,907,34,907,110,11,0,0,0,
serial,SYO/SYO454^6.p,TH0,Theorem,timeout,na,2078,1306,29,1306,189,32,0,0,0,
serial,SYO/SYO455^1.p,TH0,CounterSatisfiable,timeout,na,2067,986,5,986,146,30,0,0,0,
serial,SYO/SYO455^2.p,TH0,Theorem,timeout,na,2085,1591,32,1591,234,49,0,0,0,
serial,SYO/SYO455^3.p,TH0,Theorem,timeout,na,2063,914,23,914,102,26,0,0,0,
serial,SYO/SYO455^4.p,TH0,Theorem,timeout,na,2080,1333,15,1333,203,25,0,0,0,
serial,SYO/SYO455^5.p,TH0,Theorem,timeout,na,2074,1307,25,1307,165,19,0,0,0,
serial,SYO/SYO455^6.p,TH0,Theorem,timeout,na,2100,2138,19,2138,313,47,0,0,0,
serial,SYO/SYO456^1.p,TH0,CounterSatisfiable,timeout,na,2083,1655,20,1655,253,53,0,0,0,
serial,SYO/SYO456^2.p,TH0,CounterSatisfiable,timeout,na,2104,2303,33,2303,339,70,0,0,0,
serial,SYO/SYO456^3.p,TH0,CounterSatisfiable,timeout,na,2076,1397,33,1397,198,24,0,0,0,
serial,SYO/SYO456^4.p,TH0,Theorem,timeout,na,2088,1775,22,1775,265,29,0,0,0,
serial,SYO/SYO456^6.p,TH0,Theorem,timeout,na,2088,1926,51,1926,255,41,0,0,0,
serial,SYO/SYO457^1.p,TH0,CounterSatisfiable,timeout,na,2099,2251,32,2251,309,78,0,0,0,
serial,SYO/SYO457^2.p,TH0,CounterSatisfiable,timeout,na,2101,2227,34,2227,306,61,0,0,0,
serial,SYO/SYO457^3.p,TH0,Theorem,timeout,na,2078,1593,34,1593,195,54,0,0,0,
serial,SYO/SYO457^4.p,TH0,Theorem,timeout,na,2082,1323,6,1323,241,25,0,0,0,
serial,SYO/SYO457^5.p,TH0,Theorem,timeout,na,2065,1174,34,1174,138,26,0,0,0,
serial,SYO/SYO457^6.p,TH0,Theorem,timeout,na,2091,2044,39,2044,287,45,0,0,0,
serial,SYO/SYO458^2.p,TH0,Theorem,timeout,na,2071,1114,13,1114,180,24,0,0,0,
serial,SYO/SYO458^3.p,TH0,Theorem,timeout,na,2096,1949,22,1949,294,64,0,0,0,
serial,SYO/SYO458^4.p,TH0,Theorem,timeout,na,2083,1521,7,1521,236,54,0,0,0,
serial,SYO/SYO458^5.p,TH0,Theorem,timeout,na,2081,1498,16,1498,205,59,0,0,0,
serial,SYO/SYO458^6.p,TH0,Theorem,timeout,na,2091,1572,28,1572,261,43,0,0,0,
serial,SYO/SYO459^1.p,TH0,CounterSatisfiable,timeout,na,2075,1282,8,1282,197,26,0,0,0,
serial,SYO/SYO459^2.p,TH0,CounterSatisfiable,timeout,na,2083,1375,15,1375,248,25,0,0,0,
serial,SYO/SYO459^3.p,TH0,CounterSatisfiable,timeout,na,2067,1139,20,1139,154,27,0,0,0,
serial,SYO/SYO459^4.p,TH0,Theorem,timeout,na,2107,2223,22,2223,363,45,0,0,0,
serial,SYO/SYO459^6.p,TH0,Theorem,timeout,na,2089,1945,52,1945,257,42,0,0,0,
serial,SYO/SYO460^1.p,TH0,Theorem,timeout,na,2080,1501,29,1501,195,61,0,0,0,
serial,SYO/SYO460^2.p,TH0,Theorem,timeout,na,2086,1544,26,1544,201,54,0,0,0,
serial,SYO/SYO460^3.p,TH0,Theorem,timeout,na,2076,1244,20,1244,176,31,0,0,0,
serial,SYO/SYO460^4.p,TH0,Theorem,timeout,na,2084,1558,34,1558,214,37,0,0,0,
serial,SYO/SYO460^5.p,TH0,Theorem,timeout,na,2074,1173,30,1173,160,20,0,0,0,
serial,SYO/SYO460^6.p,TH0,Theorem,timeout,na,2074,1412,45,1412,165,39,0,0,0,
serial,SYO/SYO461^1.p,TH0,CounterSatisfiable,timeout,na,2074,1277,19,1277,116,102,0,0,0,
serial,SYO/SYO461^2.p,TH0,CounterSatisfiable,timeout,na,2087,1646,17,1646,215,74,0,0,0,
serial,SYO/SYO461^3.p,TH0,CounterSatisfiable,timeout,na,2067,1049,15,1049,88,74,0,0,0,
serial,SYO/SYO461^4.p,TH0,CounterSatisfiable,timeout,na,2067,1079,26,1079,130,44,0,0,0,
serial,SYO/SYO461^5.p,TH0,CounterSatisfiable,timeout,na,2073,1254,32,1254,160,30,0,0,0,
serial,SYO/SYO461^6.p,TH0,CounterSatisfiable,timeout,na,2069,1346,29,1346,143,33,0,0,0,
serial,SYO/SYO462^2.p,TH0,Theorem,timeout,na,2077,1244,10,1244,208,23,0,0,0,
serial,SYO/SYO462^3.p,TH0,Theorem,timeout,na,2084,1667,6,1667,251,63,0,0,0,
serial,SYO/SYO462^4.p,TH0,Theorem,timeout,na,2100,1994,12,1994,343,53,0,0,0,
serial,SYO/SYO462^5.p,TH0,Theorem,timeout,na,2066,940,18,940,141,16,0,0,0,
serial,SYO/SYO462^6.p,TH0,Theorem,timeout,na,2096,1920,19,1920,303,47,0,0,0,
serial,SYO/SYO463^1.p,TH0,CounterSatisfiable,timeout,na,2071,861,11,861,154,27,0,0,0,
serial,SYO/SYO463^2.p,TH0,CounterSatisfiable,timeout,na,2077,1177,5,1177,206,23,0,0,0,
serial,SYO/SYO463^3.p,TH0,CounterSatisfiable,timeout,na,2084,1659,10,1659,249,63,0,0,0,
serial,SYO/SYO463^4.p,TH0,CounterSatisfiable,timeout,na,2068,1089,15,1089,169,26,0,0,0,
serial,SYO/SYO463^5.p,TH0,Theorem,timeout,na,2081,1549,6,1549,240,61,0,0,0,
serial,SYO/SYO463^6.p,TH0,Theorem,timeout,na,2074,1305,20,1305,201,31,0,0,0,
serial,SYO/SYO464^1.p,TH0,CounterSatisfiable,timeout,na,2071,1161,31,1161,171,28,0,0,0,
serial,SYO/SYO464^2.p,TH0,CounterSatisfiable,timeout,na,2082,1292,23,1292,169,42,0,0,0,
serial,SYO/SYO464^3.p,TH0,CounterSatisfiable,timeout,na,2082,1478,27,1478,198,34,0,0,0,
serial,SYO/SYO464^4.p,TH0,Theorem,timeout,na,2092,1750,21,1750,263,38,0,0,0,
serial,SYO/SYO464^5.p,TH0,Theorem,timeout,na,2073,1191,26,1191,170,23,0,0,0,
serial,SYO/SYO464^6.p,TH0,Theorem,timeout,na,2103,1986,45,1985,284,47,0,0,0,
serial,SYO/SYO465^1.p,TH0,CounterSatisfiable,timeout,na,2086,1711,22,1711,212,81,0,0,0,
serial,SYO/SYO465^2.p,TH0,CounterSatisfiable,timeout,na,2091,1743,21,1743,277,48,0,0,0,
serial,SYO/SYO465^3.p,TH0,CounterSatisfiable,timeout,na,2064,1052,8,1052,134,58,0,0,0,
serial,SYO/SYO465^4.p,TH0,CounterSatisfiable,timeout,na,2085,1671,19,1671,251,41,0,0,0,
serial,SYO/SYO465^5.p,TH0,CounterSatisfiable,timeout,na,2074,1310,22,1310,188,44,0,0,0,
serial,SYO/SYO465^6.p,TH0,CounterSatisfiable,timeout,na,2101,1913,26,1913,336,49,0,0,0,
serial,SYO/SYO467^1.p,TH0,CounterSatisfiable,timeout,na,2074,1283,20,1283,198,40,0,0,0,
serial,SYO/SYO467^2.p,TH0,CounterSatisfiable,timeout,na,2100,2213,29,2213,314,56,0,0,0,
serial,SYO/SYO467^3.p,TH0,CounterSatisfiable,timeout,na,2070,1187,24,1187,153,34,0,0,0,
serial,SYO/SYO467^4.p,TH0,CounterSatisfiable,timeout,na,2089,1742,27,1742,267,33,0,0,0,
serial,SYO/SYO467^5.p,TH0,CounterSatisfiable,timeout,na,2081,1220,17,1220,220,17,0,0,0,
serial,SYO/SYO467^6.p,TH0,CounterSatisfiable,timeout,na,2079,1647,44,1647,235,37,0,0,0,
serial,SYO/SYO468^1.p,TH0,CounterSatisfiable,timeout,na,2077,1458,8,1458,216,33,0,0,0,
serial,SYO/SYO468^2.p,TH0,CounterSatisfiable,timeout,na,2061,809,22,809,100,20,0,0,0,
serial,SYO/SYO468^3.p,TH0,CounterSatisfiable,timeout,na,2087,1707,9,1707,252,32,0,0,0,
serial,SYO/SYO468^4.p,TH0,CounterSatisfiable,timeout,na,2091,1831,11,1831,277,34,0,0,0,
serial,SYO/SYO468^5.p,TH0,CounterSatisfiable,timeout,na,2081,1626,16,1626,228,37,0,0,0,
serial,SYO/SYO468^6.p,TH0,Theorem,timeout,na,2074,1106,27,1106,190,17,0,0,0,
serial,SYO/SYO469^1.p,TH0,CounterSatisfiable,timeout,na,2084,1487,2,1487,224,47,0,0,0,
serial,SYO/SYO469^2.p,TH0,CounterSatisfiable,timeout,na,2081,1336,6,1336,229,23,0,0,0,
serial,SYO/SYO469^3.p,TH0,CounterSatisfiable,timeout,na,2089,1800,20,1800,248,48,0,0,0,
serial,SYO/SYO469^4.p,TH0,CounterSatisfiable,timeout,na,2076,1441,11,1441,215,16,0,0,0,
serial,SYO/SYO469^5.p,TH0,Theorem,timeout,na,2084,1186,14,1186,245,51,0,0,0,
serial,SYO/SYO469^6.p,TH0,Theorem,timeout,na,2085,1404,16,1404,201,38,0,0,0,
serial,SYO/SYO470^1.p,TH0,CounterSatisfiable,timeout,na,2076,1714,29,1714,213,61,0,0,0,
serial,SYO/SYO470^2.p,TH0,CounterSatisfiable,timeout,na,2074,1489,27,1489,201,36,0,0,0,
serial,SYO/SYO470^3.p,TH0,CounterSatisfiable,timeout,na,2091,1760,30,1760,261,39,0,0,0,
serial,SYO/SYO470^4.p,TH0,CounterSatisfiable,timeout,na,2080,1478,22,1478,251,13,0,0,0,
serial,SYO/SYO470^5.p,TH0,CounterSatisfiable,timeout,na,2075,1243,25,1243,181,30,0,0,0,
serial,SYO/SYO470^6.p,TH0,Theorem,timeout,na,2079,1527,37,1527,230,21,0,0,0,
serial,SYO/SYO471^1.p,TH0,CounterSatisfiable,timeout,na,2087,1641,35,1641,219,73,0,0,0,
serial,SYO/SYO471^2.p,TH0,CounterSatisfiable,timeout,na,2081,1526,26,1526,206,40,0,0,0,
serial,SYO/SYO471^3.p,TH0,CounterSatisfiable,timeout,na,2102,2150,35,2150,305,67,0,0,0,
serial,SYO/SYO471^4.p,TH0,CounterSatisfiable,timeout,na,2099,2127,33,2127,332,25,0,0,0,
serial,SYO/SYO471^5.p,TH0,CounterSatisfiable,timeout,na,2074,1255,43,1255,171,44,0,0,0,
serial,SYO/SYO471^6.p,TH0,Theorem,timeout,na,2082,1483,36,1483,236,31,0,0,0,
serial,SYO/SYO472^1.p,TH0,CounterSatisfiable,timeout,na,2074,1425,12,1425,192,41,0,0,0,
serial,SYO/SYO472^2.p,TH0,CounterSatisfiable,timeout,na,2069,1039,11,1039,145,24,0,0,0,
serial,SYO/SYO472^3.p,TH0,CounterSatisfiable,timeout,na,2076,1326,18,1326,176,41,0,0,0,
serial,SYO/SYO472^4.p,TH0,CounterSatisfiable,timeout,na,2092,1624,10,1624,267,45,0,0,0,
serial,SYO/SYO472^5.p,TH0,CounterSatisfiable,timeout,na,2076,1196,13,1196,182,33,0,0,0,
serial,SYO/SYO472^6.p,TH0,CounterSatisfiable,timeout,na,2068,1045,30,1045,149,20,0,0,0,
serial,SYO/SYO473^1.p,TH0,CounterSatisfiable,timeout,na,2081,1370,5,1370,216,57,0,0,0,
serial,SYO/SYO473^2.p,TH0,CounterSatisfiable,timeout,na,2086,1290,6,1290,203,69,0,0,0,
serial,SYO/SYO473^3.p,TH0,CounterSatisfiable,timeout,na,2082,1604,18,1604,222,46,0,0,0,
serial,SYO/SYO473^4.p,TH0,CounterSatisfiable,timeout,na,2072,1175,16,1175,158,53,0,0,0,
serial,SYO/SYO473^5.p,TH0,CounterSatisfiable,timeout,na,2068,867,18,867,139,14,0,0,0,
serial,SYO/SYO473^6.p,TH0,CounterSatisfiable,timeout,na,2070,1018,23,1018,133,30,0,0,0,
serial,SYO/SYO474^1.p,TH0,CounterSatisfiable,timeout,na,2071,964,7,964,159,30,0,0,0,
serial,SYO/SYO474^2.p,TH0,CounterSatisfiable,timeout,na,2073,1034,10,1034,150,28,0,0,0,
serial,SYO/SYO474^3.p,TH0,CounterSatisfiable,timeout,na,2087,1746,18,1746,228,61,0,0,0,
serial,SYO/SYO474^4.p,TH0,CounterSatisfiable,timeout,na,2098,2186,20,2186,313,51,0,0,0,
serial,SYO/SYO474^5.p,TH0,CounterSatisfiable,timeout,na,2073,1162,26,1162,156,23,0,0,0,
serial,SYO/SYO474^6.p,TH0,Theorem,timeout,na,2085,1449,32,1449,240,26,0,0,0,
serial,SYO/SYO475^6.p,TH0,Theorem,thm,yes,98,55,2,55,7,0,0,1,1,
serial,SYO/SYO476^6.p,TH0,Theorem,thm,yes,74,26,1,26,3,0,0,1,1,
serial,SYO/SYO477^6.p,TH0,CounterSatisfiable,timeout,na,2110,1637,69,1637,316,33,0,0,0,
serial,SYO/SYO478^6.p,TH0,Theorem,thm,yes,76,25,2,25,3,0,0,1,1,
serial,SYO/SYO479^6.p,TH0,CounterSatisfiable,timeout,na,2109,1667,72,1667,313,28,0,0,0,
serial,SYO/SYO480^6.p,TH0,Theorem,thm,yes,76,25,2,25,3,0,0,1,1,
serial,SYO/SYO481^6.p,TH0,Theorem,thm,yes,64,11,1,11,1,1,0,0,0,
serial,SYO/SYO482^6.p,TH0,Theorem,timeout,na,2116,1912,33,1912,353,65,0,0,0,
serial,SYO/SYO483^6.p,TH0,Theorem,timeout,na,2108,1779,35,1779,337,49,0,0,0,
serial,SYO/SYO484^6.p,TH0,CounterSatisfiable,timeout,na,2122,1862,35,1862,344,63,0,0,0,
serial,SYO/SYO485^6.p,TH0,Theorem,timeout,na,2069,1252,43,1252,137,29,0,0,0,
serial,SYO/SYO486^6.p,TH0,CounterSatisfiable,timeout,na,2073,1996,144,1996,159,24,0,0,0,
serial,SYO/SYO487^6.p,TH0,Theorem,thm,yes,101,53,2,53,7,0,0,1,1,
serial,SYO/SYO488^6.p,TH0,Theorem,thm,yes,80,25,2,25,3,0,0,1,1,
serial,SYO/SYO489^6.p,TH0,CounterSatisfiable,timeout,na,2083,1501,33,1501,198,50,0,0,0,
serial,SYO/SYO490^6.p,TH0,CounterSatisfiable,timeout,na,2101,1716,47,1716,270,37,0,0,0,
serial,SYO/SYO491^6.p,TH0,CounterSatisfiable,timeout,na,2119,1735,40,1735,458,25,0,1,0,
serial,SYO/SYO492^6.p,TH0,CounterSatisfiable,timeout,na,2119,1857,48,1857,404,54,0,1,0,
serial,SYO/SYO493^6.p,TH0,CounterSatisfiable,timeout,na,2131,1885,65,1885,347,34,0,0,0,
serial,SYO/SYO494^6.p,TH0,CounterSatisfiable,timeout,na,2095,1733,17,1733,341,28,0,0,0,
serial,SYO/SYO495^6.p,TH0,Theorem,thm,yes,211,159,3,159,32,0,0,1,1,
serial,SYO/SYO496^6.p,TH0,CounterSatisfiable,timeout,na,2140,1792,22,1792,547,55,0,1,0,
serial,SYO/SYO497^6.p,TH0,Theorem,timeout,na,2103,1509,22,1509,347,53,0,1,0,
serial,SYO/SYO498^6.p,TH0,CounterSatisfiable,timeout,na,2078,1462,68,1462,163,68,0,0,0,
serial,SYO/SYO499^1.p,TH0,Theorem,timeout,na,2014,726,31,726,56,13,0,1,0,
serial,SYO/SYO500^1.p,TH0,Theorem,prover_error,na,86,,,,,,,,,ShotTx.Proof.interior_event/2: unhandled trace entry {3067622243  {:instantiate  #Stream<[enum: [3067623043  3067623075]  funs: [#Function<49.48511117/1 in Stream.map/2>]]>  2}  []}
serial,SYO/SYO501^1.p,TH0,Theorem,parser_error,na,0,,,,,,,,,cached: Failed to parse formula 'claim': [byte:1943] Type Error: Cannot unify strict function types of different arities.
serial,SYO/SYO502^1.p,TH0,Theorem,thm,yes,6,3,0,3,1,1,0,0,0,
serial,SYO/SYO503^1.p,TH0,Theorem,thm,yes,48,62,0,50,9,23,0,0,0,
serial,SYO/SYO504^1.p,TH0,Theorem,timeout,na,2004,6,0,6,2,0,0,0,0,
serial,SYO/SYO505^1.p,TH0,ContradictoryAxioms,timeout,na,2020,770,36,770,55,16,0,3,0,
serial,SYO/SYO506^1.p,TH0,Theorem,timeout,na,2021,771,33,756,58,29,0,0,0,
serial,SYO/SYO507^1.p,TH0,Theorem,timeout,na,2058,3176,0,3176,262,226,0,0,0,
serial,SYO/SYO509^1.p,TH0,Theorem,timeout,na,2005,41,4,41,1,0,0,0,0,
serial,SYO/SYO511^1.p,TH0,CounterSatisfiable,timeout,na,2019,987,22,987,120,0,0,3,0,
serial,SYO/SYO512^1.p,TH0,Theorem,thm,yes,33,14,0,14,2,0,0,1,1,
serial,SYO/SYO513^1.p,TH0,Theorem,timeout,na,2143,2725,5,2725,510,0,0,0,0,
serial,SYO/SYO514^1.p,TH0,Theorem,timeout,na,2003,0,0,0,1,0,0,0,0,
serial,SYO/SYO515^1.p,TH0,Theorem,thm,yes,913,108,0,103,64,76,0,0,0,
serial,SYO/SYO516^1.p,TH0,Theorem,timeout,na,2012,704,36,704,50,9,0,1,0,
serial,SYO/SYO517^1.p,TH0,Theorem,timeout,na,2006,238,13,238,12,10,0,2,0,
serial,SYO/SYO518^1.p,TH0,Theorem,timeout,na,2007,53,0,53,8,4,0,1,0,
serial,SYO/SYO520^1.p,TH0,Unsatisfiable,no_conjecture,na,1,,,,,,,,,
serial,SYO/SYO526^1.p,TH0,Theorem,thm,yes,38,51,0,51,5,6,0,1,1,
serial,SYO/SYO527^1.p,TH0,Theorem,thm,yes,69,8,0,8,1,0,0,1,1,
serial,SYO/SYO528^1.p,TH0,Satisfiable,no_conjecture,na,5,,,,,,,,,
serial,SYO/SYO529^1.p,TH0,Unsatisfiable,no_conjecture,na,8,,,,,,,,,
serial,SYO/SYO530^1.p,TH0,Theorem,timeout,na,2009,173,3,173,14,8,0,2,0,
serial,SYO/SYO531^1.p,TH0,Theorem,timeout,na,2009,193,8,193,20,0,0,2,0,
serial,SYO/SYO532^1.p,TH0,Theorem,timeout,na,2012,227,10,227,23,0,0,2,0,
serial,SYO/SYO533^1.p,TH0,Theorem,timeout,na,2006,41,4,41,1,0,0,0,0,
serial,SYO/SYO534^1.p,TH0,Theorem,timeout,na,2014,184,4,184,29,2,0,5,0,
serial,SYO/SYO535^1.p,TH0,Theorem,timeout,na,2012,142,4,142,8,6,0,2,0,
serial,SYO/SYO536^1.p,TH0,Theorem,timeout,na,2012,96,3,96,7,3,0,3,0,
serial,SYO/SYO537^1.p,TH0,Theorem,timeout,na,2013,56,1,56,5,4,0,2,0,
serial,SYO/SYO538^1.p,TH0,Theorem,timeout,na,2016,821,26,821,82,22,0,1,0,
serial,SYO/SYO539^1.p,TH0,Theorem,timeout,na,2033,864,2,831,130,60,0,4,0,
serial,SYO/SYO540^1.p,TH0,Theorem,timeout,na,2008,310,5,306,26,35,0,4,0,
serial,SYO/SYO541^1.p,TH0,Theorem,timeout,na,2014,405,8,405,40,11,0,1,0,
serial,SYO/SYO542^1.p,TH0,Theorem,timeout,na,2011,76,2,72,9,2,0,5,0,
serial,SYO/SYO543^1.p,TH0,Theorem,timeout,na,2010,78,3,74,9,2,0,4,0,
serial,SYO/SYO544^1.p,TH0,Theorem,timeout,na,2034,422,8,408,41,36,0,1,0,
serial,SYO/SYO545^1.p,TH0,Theorem,timeout,na,2019,221,3,221,29,11,0,4,0,
serial,SYO/SYO546^1.p,TH0,Theorem,timeout,na,2036,892,6,875,139,55,0,4,0,
serial,SYO/SYO547^1.p,TH0,Theorem,thm,yes,30,14,0,14,2,0,0,1,1,
serial,SYO/SYO548^1.p,TH0,Theorem,timeout,na,2003,124,14,124,1,0,0,0,0,
serial,SYO/SYO549^1.p,TH0,Theorem,parser_error,na,0,,,,,,,,,cached: Failed to parse formula 'pfg': [byte:1759] Type Error: Cannot unify strict function types of different arities.
serial,SYO/SYO550^1.p,TH0,Theorem,thm,yes,352,17,0,17,3,2,0,1,1,
serial,SYO/SYO551^1.p,TH0,Theorem,timeout,na,2003,10,0,10,2,0,0,0,0,
serial,SYO/SYO552^1.p,TH0,Theorem,thm,yes,1270,19,0,19,3,2,0,1,1,
serial,SYO/SYO553^1.p,TH0,Theorem,thm,yes,1265,19,0,19,3,2,0,1,1,
serial,SYO/SYO554^1.p,TH0,Unsatisfiable,no_conjecture,na,1,,,,,,,,,
serial,SYO/SYO555^1.p,TH0,Theorem,timeout,na,2021,1004,23,1004,121,0,0,3,0,
serial,SYO/SYO556^1.p,TH0,Theorem,timeout,na,2020,712,22,693,53,50,0,4,0,
serial,SYO/SYO557^1.p,TH1,Theorem,parser_error,na,0,,,,,,,,,cached: Failed to parse formula 'conj': Syntax Error: '$i' denotes a type and cannot be used as a term.
serial,SYO/SYO558^1.p,TH1,Theorem,parser_error,na,0,,,,,,,,,cached: Failed to parse formula 'conj': Syntax Error: '$i' denotes a type and cannot be used as a term.
serial,SYO/SYO559^1.p,TH0,Theorem,timeout,na,2007,70,0,70,23,2,0,0,0,
serial,SYO/SYO560^1.p,TH0,Theorem,timeout,na,2006,73,0,73,23,2,0,0,0,
serial,SYO/SYO565^7.p,TH0,CounterSatisfiable,timeout,na,2092,1410,17,1410,249,21,0,1,0,
serial,SYO/SYO566^7.p,TH0,Theorem,timeout,na,2120,1641,30,1641,385,64,0,0,0,
serial,SYO/SYO567^7.p,TH0,CounterSatisfiable,timeout,na,2107,1586,35,1586,416,4,0,1,0,
serial,SYO/SYO568^7.p,TH0,Theorem,timeout,na,2095,1844,56,1844,321,13,0,0,0,
serial,SYO/SYO569^7.p,TH0,CounterSatisfiable,timeout,na,2095,1303,17,1303,236,57,0,0,0,
serial,SYO/SYO570^7.p,TH0,Theorem,timeout,na,2114,1475,27,1475,264,113,0,0,0,
serial,SYO/SYO571^7.p,TH0,CounterSatisfiable,timeout,na,2106,1630,43,1630,315,60,0,0,0,
serial,SYO/SYO572^7.p,TH0,Theorem,timeout,na,2116,1563,32,1563,445,21,0,1,0,
serial,SYO/SYO573^7.p,TH0,CounterSatisfiable,timeout,na,2070,1525,55,1525,186,9,0,0,0,
serial,SYO/SYO574^7.p,TH0,Theorem,timeout,na,2075,1348,33,1348,199,17,0,0,0,
serial,SYO/SYO575^7.p,TH0,CounterSatisfiable,timeout,na,2068,1180,39,1180,138,10,0,0,0,
serial,SYO/SYO576^7.p,TH0,Theorem,timeout,na,2074,1418,32,1418,204,26,0,0,0,
serial,SYO/SYO577^7.p,TH0,CounterSatisfiable,timeout,na,2071,1191,42,1191,139,8,0,0,0,
serial,SYO/SYO842^1.p,TH0,Unknown,timeout,na,2550,0,0,0,1,0,0,0,0,
serial,SYO/SYO843^1.p,TH0,Unknown,timeout,na,2541,0,0,0,1,0,0,0,0,
serial,SYO/SYO844^1.p,TH0,Unknown,timeout,na,2690,0,0,0,1,0,0,0,0,
serial,SYO/SYO845^1.p,TH0,Unknown,timeout,na,2674,0,0,0,1,0,0,0,0,
serial,SYO/SYO846^1.p,TH0,Unknown,timeout,na,2633,0,0,0,1,0,0,0,0,
serial,SYO/SYO847^1.p,TH0,Unknown,timeout,na,2635,0,0,0,1,0,0,0,0,
serial,SYO/SYO848^1.p,TH0,Unknown,timeout,na,2681,0,0,0,1,0,0,0,0,
serial,SYO/SYO849^1.p,TH0,Unknown,timeout,na,2681,0,0,0,1,0,0,0,0,
serial,SYO/SYO850^1.p,TH0,Unknown,timeout,na,2605,0,0,0,1,0,0,0,0,
serial,SYO/SYO851^1.p,TH0,Unknown,timeout,na,2606,0,0,0,1,0,0,0,0,
serial,SYO/SYO852^1.p,TH0,Theorem,timeout,na,2349,0,0,0,1,0,0,0,0,
serial,SYO/SYO853^1.p,TH0,Unknown,timeout,na,2350,0,0,0,1,0,0,0,0,
serial,SYO/SYO854^1.p,TH0,Theorem,timeout,na,2438,0,0,0,1,0,0,0,0,
serial,SYO/SYO855^1.p,TH0,Unknown,timeout,na,2453,0,0,0,1,0,0,0,0,
serial,SYO/SYO856^1.p,TH0,Theorem,timeout,na,2454,0,0,0,1,0,0,0,0,
serial,SYO/SYO857^1.p,TH0,Unknown,timeout,na,2458,0,0,0,1,0,0,0,0,
serial,SYO/SYO858^1.p,TH0,Theorem,timeout,na,2320,0,0,0,1,0,0,0,0,
serial,SYO/SYO859^1.p,TH0,Unknown,timeout,na,2322,0,0,0,1,0,0,0,0,
serial,SYO/SYO860^1.p,TH0,Unknown,timeout,na,2529,0,0,0,1,0,0,0,0,
serial,SYO/SYO861^1.p,TH0,Unknown,timeout,na,2523,0,0,0,1,0,0,0,0,
serial,SYO/SYO862^1.p,TH0,Unknown,timeout,na,2287,0,0,0,1,0,0,0,0,
serial,SYO/SYO863^1.p,TH0,Unknown,timeout,na,2288,0,0,0,1,0,0,0,0,
serial,SYO/SYO864^1.p,TH0,Unknown,timeout,na,2278,0,0,0,1,0,0,0,0,
serial,SYO/SYO865^1.p,TH0,Unknown,timeout,na,2276,0,0,0,1,0,0,0,0,
serial,SYO/SYO866^1.p,TH0,Unknown,timeout,na,2281,0,0,0,1,0,0,0,0,
serial,SYO/SYO867^1.p,TH0,Unknown,timeout,na,2281,0,0,0,1,0,0,0,0,
serial,SYO/SYO868^1.p,TH0,Theorem,timeout,na,2277,0,0,0,1,0,0,0,0,
serial,SYO/SYO869^1.p,TH0,Unknown,timeout,na,2273,0,0,0,1,0,0,0,0,
serial,SYO/SYO870^1.p,TH0,Unknown,timeout,na,2277,0,0,0,1,0,0,0,0,
serial,SYO/SYO871^1.p,TH0,Unknown,timeout,na,2271,0,0,0,1,0,0,0,0,
serial,SYO/SYO872^1.p,TH0,Unknown,timeout,na,2275,0,0,0,1,0,0,0,0,
serial,SYO/SYO873^1.p,TH0,Theorem,timeout,na,2276,0,0,0,1,0,0,0,0,
serial,SYO/SYO874^1.p,TH0,Unknown,timeout,na,2274,0,0,0,1,0,0,0,0,
serial,SYO/SYO875^1.p,TH0,Theorem,timeout,na,2273,0,0,0,1,0,0,0,0,
serial,SYO/SYO876^1.p,TH0,Unknown,timeout,na,2300,0,0,0,1,0,0,0,0,
serial,SYO/SYO877^1.p,TH0,Theorem,timeout,na,2297,0,0,0,1,0,0,0,0,
serial,SYO/SYO878^1.p,TH0,Theorem,timeout,na,2284,0,0,0,1,0,0,0,0,
serial,SYO/SYO879^1.p,TH0,Theorem,timeout,na,2280,0,0,0,1,0,0,0,0,
serial,SYO/SYO880^1.p,TH0,Unknown,timeout,na,2279,0,0,0,1,0,0,0,0,
serial,SYO/SYO881^1.p,TH0,Theorem,timeout,na,2278,0,0,0,1,0,0,0,0,
serial,SYO/SYO882^1.p,TH0,Unsatisfiable,no_conjecture,na,1,,,,,,,,,
serial,SYO/SYO883^1.p,TH0,Unsatisfiable,no_conjecture,na,6,,,,,,,,,
serial,SYO/SYO884^1.p,TH0,Unsatisfiable,no_conjecture,na,9,,,,,,,,,
serial,SYO/SYO886^10.p,TH0,Theorem,thm,yes,65,16,1,16,2,0,0,1,1,
serial,SYO/SYO886^6.p,TH0,Theorem,thm,yes,29,18,1,18,2,0,0,1,1,
serial,SYO/SYO886^7.p,TH0,CounterSatisfiable,timeout,na,2102,1526,23,1526,307,36,0,1,0,
serial,SYO/SYO886^8.p,TH0,Theorem,thm,yes,50,18,1,18,2,0,0,1,1,
serial,SYO/SYO886^9.p,TH0,Theorem,timeout,na,2040,326,26,326,14,0,0,1,0,
serial,SYO/SYO887^22.p,TH0,Theorem,timeout,na,2069,1626,9,1626,378,4,0,1,0,
serial,SYO/SYO888^10.p,TH0,Theorem,timeout,na,2069,1541,34,1541,290,116,0,1,0,
serial,SYO/SYO889^16.p,TH0,Theorem,timeout,na,2063,1395,13,1395,192,111,0,0,0,
serial,SYO/SYO890^16.p,TH0,Theorem,timeout,na,2058,1662,79,1662,272,25,0,1,0,
serial,SYO/SYO891^16.p,TH0,Theorem,timeout,na,2070,943,7,943,244,0,0,0,0,
serial,SYO/SYO892^15.p,TH0,Theorem,timeout,na,2055,1691,88,1691,280,25,0,1,0,
serial,SYO/SYO893^11.p,TH0,Theorem,timeout,na,2039,1204,13,1204,193,37,0,0,0,
serial,SYO/SYO894^8.p,TH0,Theorem,timeout,na,2068,2336,17,2336,281,129,0,0,0,
serial,SYO/SYO895^9.p,TH0,Theorem,timeout,na,2042,1697,34,1697,194,53,0,0,0,
serial,SYO/SYO896^7.p,TH0,Theorem,timeout,na,2036,1177,22,1177,157,28,0,0,0,
serial,SYO/SYO897^6.p,TH0,Theorem,thm,yes,1827,1468,57,1468,139,51,0,1,1,
serial,SYO/SYO898^9.p,TH0,Theorem,timeout,na,2047,1576,30,1576,174,92,0,0,0,
serial,SYO/SYO899^8.p,TH0,Theorem,timeout,na,2031,959,10,959,135,26,0,0,0,
serial,SYO/SYO900^11.p,TH0,Theorem,timeout,na,2038,1242,10,1242,159,43,0,0,0,
serial,SYO/SYO901^11.p,TH0,Theorem,timeout,na,2042,1293,18,1293,197,45,0,0,0,
serial,SYO/SYO902^8.p,TH0,Theorem,timeout,na,2037,1152,25,1152,145,40,0,0,0,
serial,SYO/SYO903^10.p,TH0,ContradictoryAxioms,timeout,na,2105,0,0,0,1,0,0,0,0,
serial,SYO/SYO904^12.p,TH0,ContradictoryAxioms,timeout,na,2628,0,0,0,1,0,0,0,0,
serial,SYO/SYO905^6.p,TH0,ContradictoryAxioms,timeout,na,2657,0,0,0,1,0,0,0,0,
serial,SYO/SYO906^7.p,TH0,CounterSatisfiable,timeout,na,2057,2013,71,2013,236,146,0,0,0,
serial,SYO/SYO907^15.p,TH0,CounterSatisfiable,timeout,na,2087,1599,16,1599,409,123,0,0,0,
serial,SYO/SYO908^13.p,TH0,CounterSatisfiable,timeout,na,2074,1603,30,1603,381,115,0,1,0,
serial,SYO/SYO909^8.p,TH0,CounterSatisfiable,timeout,na,2049,1838,35,1838,218,74,0,0,0,
serial,SYO/SYO910^13.p,TH0,CounterSatisfiable,timeout,na,2044,1787,28,1787,251,55,0,0,0,
serial,SYO/SYO911^15.p,TH0,CounterSatisfiable,timeout,na,2036,1176,20,1176,154,45,0,0,0,
serial,SYO/SYO912^9.p,TH0,CounterSatisfiable,timeout,na,2045,1727,44,1727,248,29,0,0,0,
serial,SYO/SYO913^15.p,TH0,CounterSatisfiable,timeout,na,2056,147,4,147,45,0,0,0,0,
serial,SYO/SYO914^12.p,TH0,CounterSatisfiable,timeout,na,2089,0,0,0,1,0,0,0,0,
serial,SYO/SYO915^14.p,TH0,CounterSatisfiable,timeout,na,2114,0,0,0,1,0,0,0,0,
serial,SYO/SYO926^1.p,unknown,Theorem,parser_error,na,0,,,,,,,,,cached: Lexer failed to parse entire string. Unparsed: <.> A ) ). %------------------------------------------------------------------------------ 
serial,SYO/SYO927^1.p,unknown,Theorem,parser_error,na,0,,,,,,,,,cached: Lexer failed to parse entire string. Unparsed: <.> [.] ( P @ ( F @ X ) ) => [.] ( P @ ( G @ X ) ) ) ). %------------------------------------------------------------------------------ 
serial,SYO/SYO928^1.p,unknown,Theorem,parser_error,na,0,,,,,,,,,cached: Failed to parse formula 'spec': Syntax Error: tuples ([...]) and sequents (-->) have no counterpart in simple type theory and are not supported.
serial,SYO/SYO929^1.p,unknown,Theorem,parser_error,na,0,,,,,,,,,cached: Failed to parse formula 'spec': Syntax Error: tuples ([...]) and sequents (-->) have no counterpart in simple type theory and are not supported.
serial,SYO/SYO930^1.p,unknown,Theorem,parser_error,na,0,,,,,,,,,cached: Failed to parse formula 'spec': Syntax Error: tuples ([...]) and sequents (-->) have no counterpart in simple type theory and are not supported.
serial,SYO/SYO931^1.p,unknown,Theorem,parser_error,na,0,,,,,,,,,cached: Failed to parse formula 'spec': Syntax Error: tuples ([...]) and sequents (-->) have no counterpart in simple type theory and are not supported.
serial,SYO/SYO932^10.p,TH0,Theorem,thm,yes,64,17,0,17,2,0,0,1,1,
serial,SYO/SYO932^8.p,TH0,Theorem,thm,yes,48,19,1,19,2,0,0,1,1,
serial,SYO/SYO932^9.p,TH0,Theorem,timeout,na,2042,345,27,345,14,0,0,1,0,
serial,SYO/SYO997^1.p,unknown,Theorem,parser_error,na,0,,,,,,,,,cached: Syntax Error: expected ' ' or ']' in !> binder  got [{:colon  ":"  1919}  {:atom  "nat"  1921}  {:rbracket  "]"  1924}  {:colon  ":"  1926}  {:lparen  "("  1928}  {:atom  "fin"  1930}  {:app  "@"  193
serial,SYO/SYO998^1.p,unknown,Theorem,parser_error,na,0,,,,,,,,,cached: Syntax Error: expected ' ' or ']' in !> binder  got [{:colon  ":"  1920}  {:atom  "nat"  1922}  {:rbracket  "]"  1925}  {:colon  ":"  1927}  {:lparen  "("  1929}  {:atom  "fin"  1931}  {:app  "@"  193
serial,SYO/SYO999^1.p,unknown,Theorem,parser_error,na,0,,,,,,,,,cached: Syntax Error: expected ' ' or ']' in !> binder  got [{:colon  ":"  1835}  {:atom  "a"  1837}  {:rbracket  "]"  1838}  {:colon  ":"  1840}  {:lparen  "("  1842}  {:lparen  "("  1844}  {:atom  "b"  1846
serial,SYP/SYP000^1.p,unknown,Theorem,parser_error,na,0,,,,,,,,,cached: Syntax Error: expected ' ' or ']' in !> binder  got [{:colon  ":"  1899}  {:atom  "nat"  1901}  {:rbracket  "]"  1904}  {:colon  ":"  1906}  {:lparen  "("  1908}  {:atom  "fin"  1910}  {:app  "@"  191
serial,SYP/SYP001^1.p,unknown,Theorem,parser_error,na,0,,,,,,,,,cached: Syntax Error: expected ' ' or ']' in !> binder  got [{:colon  ":"  1899}  {:atom  "nat"  1901}  {:rbracket  "]"  1904}  {:colon  ":"  1906}  {:lparen  "("  1908}  {:atom  "fin"  1910}  {:app  "@"  191
serial,SYP/SYP002^1.p,unknown,Theorem,parser_error,na,0,,,,,,,,,cached: Syntax Error: expected ' ' or ']' in !> binder  got [{:colon  ":"  1830}  {:atom  "nat"  1832}  {:rbracket  "]"  1835}  {:colon  ":"  1837}  {:lparen  "("  1839}  {:atom  "fin"  1841}  {:app  "@"  184
serial,SYP/SYP003^1.p,unknown,Theorem,parser_error,na,0,,,,,,,,,cached: Syntax Error: expected ' ' or ']' in !> binder  got [{:colon  ":"  1640}  {:atom  "a"  1642}  {:rbracket  "]"  1643}  {:colon  ":"  1645}  {:lparen  "("  1647}  {:lparen  "("  1649}  {:atom  "b"  1651
serial,SYP/SYP004^1.p,unknown,Theorem,parser_error,na,0,,,,,,,,,cached: Syntax Error: expected ' ' or ']' in !> binder  got [{:colon  ":"  2279}  {:atom  "nat"  2281}  {:rbracket  "]"  2284}  {:colon  ":"  2286}  {:lparen  "("  2288}  {:atom  "fin"  2290}  {:app  "@"  229
serial,SYP/SYP005^1.p,unknown,Theorem,parser_error,na,0,,,,,,,,,cached: Syntax Error: expected ' ' or ']' in !> binder  got [{:colon  ":"  1915}  {:atom  "nat"  1917}  {:rbracket  "]"  1920}  {:colon  ":"  1922}  {:lparen  "("  1924}  {:atom  "fin"  1926}  {:app  "@"  193
serial,SYP/SYP006^1.p,unknown,Theorem,parser_error,na,0,,,,,,,,,cached: Syntax Error: expected ' ' or ']' in !> binder  got [{:colon  ":"  2039}  {:atom  "nat"  2041}  {:rbracket  "]"  2044}  {:colon  ":"  2046}  {:lparen  "("  2048}  {:atom  "fin"  2050}  {:app  "@"  205
serial,SYP/SYP007^1.p,unknown,Theorem,parser_error,na,0,,,,,,,,,cached: Syntax Error: expected ' ' or ']' in !> binder  got [{:colon  ":"  1662}  {:atom  "nat"  1664}  {:rbracket  "]"  1667}  {:colon  ":"  1669}  {:lparen  "("  1671}  {:lparen  "("  1673}  {:atom  "fin"  
